horse_id,source_race_id,source_date,source_class_score,next_starts_available,wins_within_1,wins_within_2,wins_within_3,same_or_higher_class_win_within_1,same_or_higher_class_win_within_2,same_or_higher_class_win_within_3
2017104238,2025-0928-09-04-09-01,2025-09-28,0.7959884405136108,3,0,0,0,0,0,0
2017105439,2025-1026-05-04-09-04,2025-10-26,0.7959884405136108,3,0,0,0,0,0,0
2018100297,2026-0214-10-01-07-08,2026-02-14,0.8595409989356995,1,0,0,0,0,0,0
2018102576,2025-0915-09-04-05-01,2025-09-15,0.7959884405136108,3,0,1,1,0,1,1
2018102917,2025-1101-08-03-10-04,2025-11-01,0.7959884405136108,3,0,0,0,0,0,0
2018102917,2026-0419-09-02-08-04,2026-04-19,0.7959884405136108,2,0,0,0,0,0,0
2018103005,2025-1220-09-05-05-04,2025-12-20,0.8225498199462891,2,1,1,1,1,1,1
2018103005,2026-0124-10-01-01-04,2026-01-24,0.8225498199462891,1,0,0,0,0,0,0
2018103308,2025-0920-09-04-06-04,2025-09-20,0.8595409989356995,3,1,1,1,1,1,1
2018103308,2026-0214-10-01-07-08,2026-02-14,0.8595409989356995,1,0,0,0,0,0,0
2018103677,2025-0920-09-04-06-04,2025-09-20,0.8595409989356995,3,0,0,0,0,0,0
2018104261,2025-1005-05-04-02-04,2025-10-05,0.7959884405136108,1,1,1,1,1,1,1
2018104261,2025-1115-05-05-03-08,2025-11-15,0.8326317071914673,0,0,0,0,0,0,0
2018105213,2026-0509-04-01-03-04,2026-05-09,0.8225498199462891,0,0,0,0,0,0,0
2018106474,2026-0124-10-01-01-04,2026-01-24,0.8225498199462891,0,0,0,0,0,0,0
2018106815,2025-1012-08-03-04-04,2025-10-12,0.7959884405136108,2,0,0,0,0,0,0
2019100553,2026-0112-06-01-05-10,2026-01-12,0.835942804813385,3,0,0,0,0,0,0
2019100641,2026-0531-08-03-12-04,2026-05-31,0.8225498199462891,1,0,0,0,0,0,0
2019100641,2026-0718-10-02-07-04,2026-07-18,0.8326317071914673,0,0,0,0,0,0,0
2019101399,2025-1018-04-04-01-10,2025-10-18,0.8265727758407593,3,0,0,0,0,0,0
2019101507,2025-1011-08-03-03-04,2025-10-11,0.8225498199462891,3,0,0,1,0,0,1
2019101612,2026-0118-06-01-07-04,2026-01-18,0.7959884405136108,1,0,0,0,0,0,0
2019101614,2025-1227-06-05-07-10,2025-12-27,0.9018421769142151,2,0,1,1,0,1,1
2019101614,2026-0418-06-03-07-11,2026-04-18,0.9018421769142151,0,0,0,0,0,0,0
2019101825,2025-1214-06-05-04-04,2025-12-14,0.7959884405136108,0,0,0,0,0,0,0
2019102986,2026-0314-09-01-07-06,2026-03-14,0.7947853207588196,3,0,0,0,0,0,0
2019103920,2026-0131-10-01-03-05,2026-01-31,0.7959884405136108,1,0,0,0,0,0,0
2019104092,2026-0201-08-02-02-10,2026-02-01,0.835942804813385,1,0,0,0,0,0,0
2019104112,2025-1101-08-03-10-04,2025-11-01,0.7959884405136108,3,0,0,0,0,0,0
2019104116,2025-0921-09-04-07-01,2025-09-21,0.7959884405136108,3,1,1,1,1,1,1
2019104116,2025-1025-08-03-08-04,2025-10-25,0.8225498199462891,2,0,0,0,0,0,0
2019104632,2026-0221-10-01-09-11,2026-02-21,0.835942804813385,0,0,0,0,0,0,0
2019104767,2026-0517-04-01-06-04,2026-05-17,0.7959884405136108,1,0,0,0,0,0,0
2019104983,2026-0111-08-01-04-04,2026-01-11,0.7959884405136108,2,0,0,0,0,0,0
2019105095,2025-0915-09-04-05-01,2025-09-15,0.7959884405136108,3,0,0,0,0,0,0
2019105095,2025-1025-08-03-08-04,2025-10-25,0.8225498199462891,2,0,0,0,0,0,0
2019105292,2026-0718-10-02-07-04,2026-07-18,0.8326317071914673,0,0,0,0,0,0,0
2019105366,2025-0914-06-04-04-01,2025-09-14,0.7959884405136108,2,0,0,0,0,0,0
2019105578,2025-0927-06-04-08-01,2025-09-27,0.7959884405136108,3,0,0,0,0,0,0
2019105654,2026-0110-08-01-03-08,2026-01-10,0.8326317071914673,2,0,1,1,0,1,1
2019105654,2026-0516-08-03-07-08,2026-05-16,0.8797837495803833,0,0,0,0,0,0,0
2019106330,2026-0307-06-02-03-04,2026-03-07,0.8225498199462891,1,0,0,0,0,0,0
2019106698,2026-0322-06-02-08-04,2026-03-22,0.7959884405136108,3,0,0,0,0,0,0
2020100052,2026-0125-10-01-02-04,2026-01-25,0.7959884405136108,1,1,1,1,1,1,1
2020100061,2025-1123-08-04-06-08,2025-11-23,0.8112345337867737,3,1,1,1,1,1,1
2020100061,2026-0112-08-01-05-10,2026-01-12,0.835942804813385,3,0,0,0,0,0,0
2020100061,2026-0418-09-02-07-11,2026-04-18,0.871342658996582,2,0,0,0,0,0,0
2020100116,2026-0329-06-03-02-11,2026-03-29,0.871342658996582,2,0,0,0,0,0,0
2020100233,2026-0718-10-02-07-01,2026-07-18,0.7959884405136108,0,0,0,0,0,0,0
2020100593,2026-0105-08-01-02-11,2026-01-05,0.8484005928039551,1,0,0,0,0,0,0
2020100631,2025-1101-08-03-10-08,2025-11-01,0.8112345337867737,0,0,0,0,0,0,0
2020100684,2025-1122-03-03-05-04,2025-11-22,0.7959884405136108,1,0,0,0,0,0,0
2020100771,2025-1025-08-03-08-09,2025-10-25,0.8265727758407593,3,0,0,0,0,0,0
2020100795,2026-0502-04-01-01-12,2026-05-02,0.7947853207588196,2,0,0,0,0,0,0
2020100850,2026-0412-06-03-06-04,2026-04-12,0.7959884405136108,1,0,0,0,0,0,0
2020100948,2025-1116-03-03-04-04,2025-11-16,0.7959884405136108,3,0,0,0,0,0,0
2020101020,2026-0621-09-03-06-10,2026-06-21,0.835942804813385,0,0,0,0,0,0,0
2020101268,2026-0322-06-02-08-04,2026-03-22,0.7959884405136108,1,0,0,0,0,0,0
2020101579,2026-0221-05-01-07-10,2026-02-21,0.835942804813385,3,0,0,0,0,0,0
2020101872,2026-0131-10-01-03-11,2026-01-31,0.835942804813385,2,0,0,0,0,0,0
2020101918,2025-0907-06-04-02-01,2025-09-07,0.7959884405136108,3,0,0,0,0,0,0
2020102140,2025-1227-06-05-07-09,2025-12-27,0.8265727758407593,3,0,0,0,0,0,0
2020102468,2025-0907-01-02-06-09,2025-09-07,0.8265727758407593,3,0,0,0,0,0,0
2020102607,2025-0906-06-04-01-08,2025-09-06,0.793552577495575,3,0,0,0,0,0,0
2020102648,2026-0510-04-01-04-04,2026-05-10,0.7959884405136108,1,0,0,0,0,0,0
2020102736,2026-0705-10-02-04-08,2026-07-05,0.7947853207588196,1,0,0,0,0,0,0
2020102864,2026-0524-04-01-08-04,2026-05-24,0.7959884405136108,1,0,0,0,0,0,0
2020102904,2025-1004-05-04-01-11,2025-10-04,0.8484005928039551,3,0,0,0,0,0,0
2020102976,2026-0524-04-01-08-04,2026-05-24,0.7959884405136108,1,0,0,0,0,0,0
2020103005,2025-1108-05-05-01-10,2025-11-08,0.8351354002952576,3,0,0,0,0,0,0
2020103043,2026-0503-04-01-02-04,2026-05-03,0.7959884405136108,1,1,1,1,1,1,1
2020103043,2026-0523-04-01-07-04,2026-05-23,0.8225498199462891,0,0,0,0,0,0,0
2020103063,2026-0801-07-02-03-09,2026-08-01,0.7959884405136108,0,0,0,0,0,0,0
2020103193,2026-0405-06-03-04-04,2026-04-05,0.7959884405136108,2,0,1,1,0,1,1
2020103193,2026-0711-03-02-05-01,2026-07-11,0.8225498199462891,0,0,0,0,0,0,0
2020103246,2026-0419-09-02-08-12,2026-04-19,0.8133775591850281,2,0,0,0,0,0,0
2020103331,2025-1101-05-04-10-11,2025-11-01,0.8440565466880798,3,0,0,0,0,0,0
2020103387,2026-0802-07-02-04-07,2026-08-02,0.8484005928039551,0,0,0,0,0,0,0
2020103398,2025-0906-09-04-01-11,2025-09-06,0.8484005928039551,3,0,0,0,0,0,0
2020103398,2026-0517-04-01-06-01,2026-05-17,0.7959884405136108,1,0,0,0,0,0,0
2020103433,2025-1221-09-05-06-07,2025-12-21,0.793552577495575,2,0,1,1,0,1,1
2020103474,2026-0214-10-01-07-07,2026-02-14,0.7947853207588196,1,0,0,0,0,0,0
2020103939,2025-0928-09-04-09-01,2025-09-28,0.7959884405136108,3,1,1,1,1,1,1
2020103939,2025-1018-08-03-06-04,2025-10-18,0.7959884405136108,2,0,0,0,0,0,0
2020104136,2026-0329-06-03-02-11,2026-03-29,0.871342658996582,1,0,0,0,0,0,0
2020104174,2026-0502-04-01-01-12,2026-05-02,0.7947853207588196,1,0,0,0,0,0,0
2020104491,2025-0906-09-04-01-08,2025-09-06,0.793552577495575,3,0,0,0,0,0,0
2020104725,2025-1214-07-05-04-09,2025-12-14,0.8099031448364258,3,0,0,0,0,0,0
2020104748,2026-0516-04-01-05-08,2026-05-16,0.7947853207588196,0,0,0,0,0,0,0
2020105147,2026-0704-03-02-03-10,2026-07-04,0.8275298476219177,1,0,0,0,0,0,0
2020105415,2025-0927-09-04-08-12,2025-09-27,0.8112345337867737,3,0,0,0,0,0,0
2020105749,2026-0712-03-02-06-11,2026-07-12,0.8775140643119812,0,0,0,0,0,0,0
2020106565,2025-1214-06-05-04-10,2025-12-14,0.8484005928039551,3,0,0,0,0,0,0
2020106654,2026-0221-10-01-09-05,2026-02-21,0.8225498199462891,2,0,1,1,0,1,1
2020106654,2026-0613-05-03-03-04,2026-06-13,0.8595409989356995,0,0,0,0,0,0,0
2020106884,2025-1013-05-04-05-04,2025-10-13,0.7959884405136108,2,1,1,1,1,1,1
2020106884,2025-1207-06-05-02-04,2025-12-07,0.7959884405136108,1,0,0,0,0,0,0
2020106930,2026-0208-10-01-06-03,2026-02-08,0.7947853207588196,3,0,0,0,0,0,0
2020109148,2025-0927-06-04-08-01,2025-09-27,0.7959884405136108,3,0,0,0,0,0,0
2020110020,2025-1213-09-05-03-04,2025-12-13,0.7959884405136108,3,1,1,1,1,1,1
2020110020,2026-0117-06-01-06-04,2026-01-17,0.7959884405136108,3,0,0,0,0,0,0
2020110024,2026-0718-02-01-11-11,2026-07-18,0.8440565466880798,1,0,0,0,0,0,0
2020110081,2025-1101-08-03-10-10,2025-11-01,0.8351354002952576,3,0,1,1,0,1,1
2021100148,2026-0607-09-03-02-01,2026-06-07,0.7959884405136108,0,0,0,0,0,0,0
2021100158,2026-0125-08-01-09-06,2026-01-25,0.7947853207588196,3,0,0,0,0,0,0
2021100165,2026-0411-03-01-01-09,2026-04-11,0.8112345337867737,3,0,0,0,0,0,0
2021100169,2026-0523-08-03-09-11,2026-05-23,0.8739034533500671,0,0,0,0,0,0,0
2021100255,2025-1101-08-03-10-08,2025-11-01,0.8112345337867737,1,0,0,0,0,0,0
2021100329,2025-1228-06-05-08-08,2025-12-28,0.8265727758407593,2,1,1,1,1,1,1
2021100329,2026-0124-06-01-08-10,2026-01-24,0.8275298476219177,1,0,0,0,0,0,0
2021100338,2026-0524-04-01-08-10,2026-05-24,0.8275298476219177,1,0,0,0,0,0,0
2021100604,2025-1026-08-03-09-07,2025-10-26,0.793552577495575,3,0,0,0,0,0,0
2021100623,2025-1206-07-05-01-02,2025-12-06,0.793552577495575,3,1,1,1,1,1,1
2021100660,2026-0405-06-03-04-09,2026-04-05,0.8275298476219177,0,0,0,0,0,0,0
2021100768,2025-0914-06-04-04-11,2025-09-14,0.8440565466880798,3,0,0,0,0,0,0
2021100906,2026-0301-09-01-04-07,2026-03-01,0.7947853207588196,1,0,0,0,0,0,0
2021100980,2026-0105-06-01-02-09,2026-01-05,0.8275298476219177,2,0,1,1,0,1,1
2021100980,2026-0221-10-01-09-11,2026-02-21,0.835942804813385,0,0,0,0,0,0,0
2021101015,2026-0517-04-01-06-12,2026-05-17,0.7947853207588196,1,0,0,0,0,0,0
2021101045,2025-1115-03-03-03-10,2025-11-15,0.8265727758407593,3,0,0,1,0,0,1
2021101053,2026-0124-06-01-08-08,2026-01-24,0.7947853207588196,3,0,0,1,0,0,1
2021101053,2026-0425-05-02-01-12,2026-04-25,0.8133775591850281,2,1,1,1,1,1,1
2021101057,2025-1013-08-03-05-12,2025-10-13,0.793552577495575,3,0,0,0,0,0,0
2021101226,2026-0524-08-03-10-08,2026-05-24,0.8133775591850281,2,0,0,0,0,0,0
2021101391,2026-0802-07-02-04-05,2026-08-02,0.7947853207588196,0,0,0,0,0,0,0
2021101397,2025-1018-08-03-06-09,2025-10-18,0.8112345337867737,3,0,0,0,0,0,0
2021101454,2026-0621-09-03-06-09,2026-06-21,0.8275298476219177,0,0,0,0,0,0,0
2021101485,2026-0613-02-01-01-10,2026-06-13,0.8275298476219177,2,1,1,1,1,1,1
2021101654,2026-0131-10-01-03-11,2026-01-31,0.835942804813385,3,0,0,0,0,0,0
2021101660,2025-1011-05-04-03-12,2025-10-11,0.793552577495575,3,1,1,1,1,1,1
2021101660,2025-1102-05-04-11-06,2025-11-02,0.793552577495575,3,0,0,0,0,0,0
2021101779,2026-0405-06-03-04-04,2026-04-05,0.7959884405136108,1,0,0,0,0,0,0
2021101905,2025-1214-07-05-04-08,2025-12-14,0.793552577495575,3,0,0,0,0,0,0
2021101930,2026-0613-05-03-03-08,2026-06-13,0.7947853207588196,0,0,0,0,0,0,0
2021102009,2026-0411-03-01-01-11,2026-04-11,0.8440565466880798,2,0,0,0,0,0,0
2021102013,2025-1018-04-04-01-11,2025-10-18,0.8351354002952576,3,1,1,1,1,1,1
2021102236,2026-0530-05-02-11-11,2026-05-30,0.8440565466880798,1,0,0,0,0,0,0
2021102259,2026-0712-03-02-06-12,2026-07-12,0.8275298476219177,0,0,0,0,0,0,0
2021102276,2026-0308-06-02-04-06,2026-03-08,0.7947853207588196,2,0,0,0,0,0,0
2021102371,2026-0315-06-02-06-12,2026-03-15,0.7947853207588196,2,0,0,0,0,0,0
2021102482,2025-0921-09-04-07-01,2025-09-21,0.7959884405136108,3,0,0,1,0,0,1
2021102482,2025-1116-03-03-04-04,2025-11-16,0.7959884405136108,3,1,1,1,1,1,1
2021102482,2025-1214-06-05-04-04,2025-12-14,0.7959884405136108,3,0,0,0,0,0,0
2021102676,2026-0425-05-02-01-12,2026-04-25,0.8133775591850281,0,0,0,0,0,0,0
2021102845,2026-0607-09-03-02-01,2026-06-07,0.7959884405136108,1,0,0,0,0,0,0
2021102980,2026-0207-10-01-05-04,2026-02-07,0.7959884405136108,3,0,1,1,0,1,1
2021102980,2026-0307-06-02-03-04,2026-03-07,0.8225498199462891,2,1,1,1,1,1,1
2021102993,2025-1213-09-05-03-10,2025-12-13,0.8265727758407593,3,0,0,0,0,0,0
2021103017,2026-0425-03-01-05-08,2026-04-25,0.7947853207588196,0,0,0,0,0,0,0
2021103020,2025-0920-06-04-06-11,2025-09-20,0.8440565466880798,3,1,1,1,1,1,1
2021103020,2026-0418-09-02-07-11,2026-04-18,0.871342658996582,0,0,0,0,0,0,0
2021103129,2026-0228-06-02-01-07,2026-02-28,0.7947853207588196,3,0,1,1,0,1,1
2021103267,2026-0509-04-01-03-01,2026-05-09,0.7959884405136108,1,0,0,0,0,0,0
2021103376,2026-0315-06-02-06-06,2026-03-15,0.7947853207588196,1,0,0,0,0,0,0
2021103480,2026-0627-03-02-01-04,2026-06-27,0.8225498199462891,0,0,0,0,0,0,0
2021103504,2026-0207-10-01-05-04,2026-02-07,0.7959884405136108,3,0,1,1,0,1,1
2021103504,2026-0426-08-03-02-04,2026-04-26,0.7959884405136108,2,0,0,0,0,0,0
2021103520,2026-0711-02-01-09-09,2026-07-11,0.8112345337867737,2,0,0,0,0,0,0
2021103555,2026-0118-06-01-07-04,2026-01-18,0.7959884405136108,3,0,0,0,0,0,0
2021103555,2026-0802-07-02-04-09,2026-08-02,0.7959884405136108,0,0,0,0,0,0,0
2021103595,2025-0921-06-04-07-06,2025-09-21,0.793552577495575,3,0,0,1,0,0,1
2021103716,2025-1004-08-03-01-10,2025-10-04,0.8351354002952576,3,0,1,1,0,1,1
2021103723,2026-0711-10-02-05-08,2026-07-11,0.7947853207588196,0,0,0,0,0,0,0
2021103727,2025-0913-09-04-03-12,2025-09-13,0.793552577495575,2,0,1,1,0,1,1
2021103727,2026-0111-08-01-04-09,2026-01-11,0.8275298476219177,0,0,0,0,0,0,0
2021103812,2025-1012-05-04-04-10,2025-10-12,0.8351354002952576,3,0,0,0,0,0,0
2021103878,2025-1019-04-04-02-09,2025-10-19,0.8099031448364258,3,0,0,0,0,0,0
2021104039,2025-0907-01-02-06-12,2025-09-07,0.793552577495575,3,0,0,0,0,0,0
2021104320,2026-0207-10-01-05-08,2026-02-07,0.7947853207588196,2,0,0,0,0,0,0
2021104416,2026-0112-08-01-05-10,2026-01-12,0.835942804813385,3,0,1,1,0,1,1
2021104416,2026-0705-02-01-08-11,2026-07-05,0.8484005928039551,0,0,0,0,0,0,0
2021104503,2026-0621-09-03-06-10,2026-06-21,0.835942804813385,0,0,0,0,0,0,0
2021104768,2026-0111-08-01-04-04,2026-01-11,0.7959884405136108,0,0,0,0,0,0,0
2021104786,2025-1130-05-05-08-10,2025-11-30,0.8265727758407593,2,0,0,0,0,0,0
2021104872,2026-0523-08-03-09-07,2026-05-23,0.7947853207588196,1,0,0,0,0,0,0
2021104906,2025-1109-08-04-02-09,2025-11-09,0.8265727758407593,2,0,0,0,0,0,0
2021104922,2026-0104-06-01-01-07,2026-01-04,0.7947853207588196,1,0,0,0,0,0,0
2021104924,2026-0531-08-03-12-04,2026-05-31,0.8225498199462891,1,0,0,0,0,0,0
2021104943,2025-1013-05-04-05-04,2025-10-13,0.7959884405136108,3,0,0,0,0,0,0
2021104945,2026-0705-02-01-08-08,2026-07-05,0.7947853207588196,1,0,0,0,0,0,0
2021104948,2025-1115-08-04-03-08,2025-11-15,0.8112345337867737,3,0,0,0,0,0,0
2021105004,2025-1116-03-03-04-05,2025-11-16,0.7959884405136108,3,1,1,1,1,1,1
2021105004,2026-0131-10-01-03-04,2026-01-31,0.8225498199462891,2,0,1,1,0,1,1
2021105004,2026-0425-08-03-01-04,2026-04-25,0.8225498199462891,0,0,0,0,0,0,0
2021105007,2026-0621-05-03-06-01,2026-06-21,0.7959884405136108,0,0,0,0,0,0,0
2021105077,2025-0914-06-04-04-12,2025-09-14,0.793552577495575,3,1,1,1,1,1,1
2021105094,2026-0111-08-01-04-09,2026-01-11,0.8275298476219177,2,0,0,0,0,0,0
2021105117,2026-0111-08-01-04-10,2026-01-11,0.835942804813385,2,1,1,1,1,1,1
2021105155,2025-0906-06-04-01-10,2025-09-06,0.8265727758407593,3,0,0,0,0,0,0
2021105182,2026-0712-03-02-06-10,2026-07-12,0.835942804813385,0,0,0,0,0,0,0
2021105262,2026-0308-06-02-04-08,2026-03-08,0.8133775591850281,2,0,0,0,0,0,0
2021105335,2026-0517-04-01-06-01,2026-05-17,0.7959884405136108,3,0,1,1,0,1,1
2021105369,2026-0322-09-01-10-11,2026-03-22,0.8996553421020508,1,0,0,0,0,0,0
2021105379,2026-0321-07-01-03-10,2026-03-21,0.835942804813385,2,0,0,0,0,0,0
2021105418,2026-0322-09-01-10-07,2026-03-22,0.7947853207588196,3,0,0,0,0,0,0
2021105433,2026-0105-08-01-02-11,2026-01-05,0.8484005928039551,2,0,0,0,0,0,0
2021105459,2026-0207-08-02-03-08,2026-02-07,0.8133775591850281,3,0,1,1,0,1,1
2021105503,2026-0307-09-01-05-09,2026-03-07,0.8275298476219177,2,0,0,0,0,0,0
2021105562,2025-0914-09-04-04-08,2025-09-14,0.793552577495575,2,1,1,1,1,1,1
2021105562,2025-1011-05-04-03-10,2025-10-11,0.8265727758407593,1,0,0,0,0,0,0
2021105575,2026-0531-05-02-12-06,2026-05-31,0.7947853207588196,1,0,0,0,0,0,0
2021105583,2025-1109-03-03-02-03,2025-11-09,0.793552577495575,3,1,1,1,1,1,1
2021105583,2025-1206-07-05-01-07,2025-12-06,0.793552577495575,2,0,0,0,0,0,0
2021105584,2026-0201-05-01-02-06,2026-02-01,0.7947853207588196,3,0,0,0,0,0,0
2021105585,2025-1227-09-05-07-12,2025-12-27,0.8112345337867737,3,0,0,0,0,0,0
2021105623,2026-0228-10-01-11-04,2026-02-28,0.7959884405136108,2,1,1,1,1,1,1
2021105623,2026-0328-09-02-01-08,2026-03-28,0.8326317071914673,1,0,0,0,0,0,0
2021105654,2025-1221-06-05-06-04,2025-12-21,0.7959884405136108,2,0,0,0,0,0,0
2021105654,2026-0221-10-01-09-05,2026-02-21,0.8225498199462891,1,0,0,0,0,0,0
2021105694,2026-0228-10-01-11-08,2026-02-28,0.7947853207588196,3,0,0,0,0,0,0
2021105796,2025-0928-09-04-09-09,2025-09-28,0.8265727758407593,3,1,1,1,0,0,0
2021105885,2026-0523-04-01-07-01,2026-05-23,0.7959884405136108,1,1,1,1,1,1,1
2021105885,2026-0726-04-02-02-09,2026-07-26,0.7959884405136108,0,0,0,0,0,0,0
2021105887,2025-1019-04-04-02-08,2025-10-19,0.793552577495575,0,0,0,0,0,0,0
2021105896,2026-0516-05-02-07-12,2026-05-16,0.7947853207588196,1,0,0,0,0,0,0
2021105951,2026-0308-06-02-04-08,2026-03-08,0.8133775591850281,1,0,0,0,0,0,0
2021105973,2025-1018-08-03-06-09,2025-10-18,0.8112345337867737,3,0,0,0,0,0,0
2021105973,2025-1206-07-05-01-10,2025-12-06,0.8265727758407593,3,0,0,0,0,0,0
2021105976,2026-0509-08-03-05-08,2026-05-09,0.7947853207588196,1,0,0,0,0,0,0
2021106054,2025-1019-04-04-02-06,2025-10-19,0.793552577495575,3,0,0,0,0,0,0
2021106100,2025-1213-07-05-03-07,2025-12-13,0.793552577495575,2,0,0,0,0,0,0
2021106119,2025-1206-06-05-01-07,2025-12-06,0.793552577495575,3,0,0,0,0,0,0
2021106180,2026-0530-08-03-11-06,2026-05-30,0.7947853207588196,2,0,0,0,0,0,0
2021106237,2026-0110-08-01-03-12,2026-01-10,0.7947853207588196,1,0,0,0,0,0,0
2021106359,2026-0308-09-01-06-08,2026-03-08,0.8133775591850281,3,0,0,1,0,0,1
2021106359,2026-0606-09-03-01-10,2026-06-06,0.8275298476219177,0,0,0,0,0,0,0
2021106544,2025-1220-07-05-05-06,2025-12-20,0.793552577495575,3,0,0,0,0,0,0
2021106554,2026-0411-03-01-01-11,2026-04-11,0.8440565466880798,1,1,1,1,1,1,1
2021106587,2026-0117-08-01-06-11,2026-01-17,0.835942804813385,1,0,0,0,0,0,0
2021106595,2026-0301-06-02-02-09,2026-03-01,0.8275298476219177,1,0,0,0,0,0,0
2021106621,2026-0301-10-01-12-04,2026-03-01,0.7959884405136108,2,0,0,0,0,0,0
2021106623,2026-0110-06-01-03-08,2026-01-10,0.8133775591850281,3,0,0,1,0,0,1
2021106623,2026-0628-03-02-02-10,2026-06-28,0.835942804813385,0,0,0,0,0,0,0
2021106658,2026-0214-05-01-05-10,2026-02-14,0.835942804813385,3,0,0,1,0,0,1
2021106694,2026-0621-09-03-06-12,2026-06-21,0.8133775591850281,1,0,0,0,0,0,0
2021106694,2026-0801-07-02-03-08,2026-08-01,0.8275298476219177,0,0,0,0,0,0,0
2021106707,2026-0509-04-01-03-08,2026-05-09,0.7947853207588196,2,0,0,0,0,0,0
2021106724,2025-1228-06-05-08-07,2025-12-28,0.793552577495575,3,0,0,0,0,0,0
2021106766,2025-1026-04-04-04-10,2025-10-26,0.8265727758407593,3,0,1,1,0,1,1
2021106811,2026-0711-03-02-05-07,2026-07-11,0.7947853207588196,0,0,0,0,0,0,0
2021106954,2026-0712-03-02-06-11,2026-07-12,0.8775140643119812,0,0,0,0,0,0,0
2021106965,2026-0517-04-01-06-04,2026-05-17,0.7959884405136108,1,0,0,0,0,0,0
2021107058,2026-0802-04-02-04-07,2026-08-02,0.8751362562179565,0,0,0,0,0,0,0
2021107097,2026-0509-08-03-05-08,2026-05-09,0.7947853207588196,1,0,0,0,0,0,0
2021109027,2025-1115-03-03-03-10,2025-11-15,0.8265727758407593,3,0,0,0,0,0,0
2021110008,2025-1004-08-03-01-10,2025-10-04,0.8351354002952576,3,0,0,1,0,0,1
2021110030,2026-0726-04-02-02-07,2026-07-26,0.8751362562179565,0,0,0,0,0,0,0
2021110061,2026-0801-07-02-03-09,2026-08-01,0.7959884405136108,0,0,0,0,0,0,0
2021110104,2025-0920-06-04-06-12,2025-09-20,0.8112345337867737,3,0,0,1,0,0,1
2021110122,2026-0627-03-02-01-09,2026-06-27,0.8275298476219177,0,0,0,0,0,0,0
2021110126,2025-0906-09-04-01-11,2025-09-06,0.8484005928039551,3,1,1,1,0,0,0
2021110133,2025-0920-06-04-06-11,2025-09-20,0.8440565466880798,0,0,0,0,0,0,0
2021110146,2025-0914-06-04-04-01,2025-09-14,0.7959884405136108,3,0,0,0,0,0,0
2021110160,2026-0221-09-01-01-11,2026-02-21,0.8775140643119812,0,0,0,0,0,0,0
2022100061,2025-0913-09-04-03-12,2025-09-13,0.793552577495575,3,1,1,1,1,1,1
2022100065,2025-0915-06-04-05-12,2025-09-15,0.793552577495575,1,0,0,0,0,0,0
2022100071,2025-0915-06-04-05-12,2025-09-15,0.793552577495575,3,1,1,1,1,1,1
2022100099,2026-0412-03-01-02-06,2026-04-12,0.7947853207588196,2,0,0,0,0,0,0
2022100159,2026-0228-09-01-03-08,2026-02-28,0.8133775591850281,3,0,1,1,0,1,1
2022100159,2026-0502-04-01-01-11,2026-05-02,0.835942804813385,1,0,0,0,0,0,0
2022100161,2025-1025-04-04-03-10,2025-10-25,0.8265727758407593,1,1,1,1,1,1,1
2022100194,2026-0215-10-01-08-03,2026-02-15,0.7947853207588196,2,1,1,1,1,1,1
2022100321,2025-0906-09-04-01-12,2025-09-06,0.793552577495575,3,0,0,0,0,0,0
2022100333,2026-0221-09-01-01-07,2026-02-21,0.7947853207588196,3,0,1,1,0,1,1
2022100394,2025-0921-06-04-07-07,2025-09-21,0.793552577495575,3,0,1,1,0,1,1
2022100439,2026-0523-04-01-07-08,2026-05-23,0.7947853207588196,2,0,0,0,0,0,0
2022100476,2026-0221-09-01-01-07,2026-02-21,0.7947853207588196,2,0,0,0,0,0,0
2022100529,2025-1013-08-03-05-08,2025-10-13,0.793552577495575,3,0,0,0,0,0,0
2022100574,2026-0308-06-02-04-06,2026-03-08,0.7947853207588196,3,1,1,1,1,1,1
2022100574,2026-0329-06-03-02-08,2026-03-29,0.7947853207588196,2,0,0,0,0,0,0
2022100619,2026-0621-09-03-06-09,2026-06-21,0.8275298476219177,0,0,0,0,0,0,0
2022100622,2026-0705-10-02-04-10,2026-07-05,0.8275298476219177,0,0,0,0,0,0,0
2022100623,2025-0921-09-04-07-12,2025-09-21,0.8112345337867737,3,0,1,1,0,1,1
2022100623,2025-1116-05-05-04-09,2025-11-16,0.8351354002952576,3,1,1,1,1,1,1
2022100626,2025-0907-09-04-02-04,2025-09-07,0.7757456302642822,3,0,0,0,0,0,0
2022100654,2025-1206-07-05-01-02,2025-12-06,0.793552577495575,3,0,0,0,0,0,0
2022100654,2026-0524-04-01-08-10,2026-05-24,0.8275298476219177,1,0,0,0,0,0,0
2022100658,2025-1214-07-05-04-10,2025-12-14,0.8265727758407593,1,1,1,1,1,1,1
2022100658,2026-0301-09-01-04-09,2026-03-01,0.8275298476219177,0,0,0,0,0,0,0
2022100660,2025-1013-08-03-05-12,2025-10-13,0.793552577495575,3,0,0,0,0,0,0
2022100660,2026-0125-08-01-09-06,2026-01-25,0.7947853207588196,3,0,0,0,0,0,0
2022100749,2025-1214-06-05-04-08,2025-12-14,0.793552577495575,3,1,1,1,1,1,1
2022100749,2026-0105-06-01-02-04,2026-01-05,0.7947853207588196,3,0,0,0,0,0,0
2022100785,2025-1130-08-04-08-05,2025-11-30,0.7959884405136108,0,0,0,0,0,0,0
2022100905,2025-1025-05-04-08-07,2025-10-25,0.793552577495575,2,1,1,1,1,1,1
2022100905,2026-0606-05-03-01-11,2026-06-06,0.835942804813385,0,0,0,0,0,0,0
2022101043,2025-1214-07-05-04-08,2025-12-14,0.793552577495575,3,1,1,1,1,1,1
2022101117,2026-0125-10-01-02-03,2026-01-25,0.7947853207588196,3,0,0,0,0,0,0
2022101139,2026-0426-08-03-02-04,2026-04-26,0.7959884405136108,2,0,0,0,0,0,0
2022101193,2026-0214-08-02-05-10,2026-02-14,0.835942804813385,3,1,1,1,1,1,1
2022101230,2025-0928-06-04-09-07,2025-09-28,0.793552577495575,3,0,0,0,0,0,0
2022101230,2026-0222-10-01-10-09,2026-02-22,0.8112345337867737,3,1,1,1,1,1,1
2022101234,2026-0315-06-02-06-09,2026-03-15,0.8275298476219177,2,0,0,0,0,0,0
2022101272,2025-0906-06-04-01-07,2025-09-06,0.7757456302642822,3,0,0,1,0,0,1
2022101389,2026-0111-06-01-04-07,2026-01-11,0.7947853207588196,3,1,1,1,1,1,1
2022101411,2026-0801-01-01-03-09,2026-08-01,0.8275298476219177,0,0,0,0,0,0,0
2022101417,2025-0914-09-04-04-03,2025-09-14,0.7757456302642822,3,0,1,1,0,1,1
2022101417,2026-0314-09-01-07-12,2026-03-14,0.7947853207588196,2,0,0,0,0,0,0
2022101443,2026-0503-08-03-04-10,2026-05-03,0.835942804813385,2,0,0,0,0,0,0
2022101448,2025-0920-09-04-06-10,2025-09-20,0.8265727758407593,3,0,0,0,0,0,0
2022101572,2026-0606-09-03-01-10,2026-06-06,0.8275298476219177,2,0,1,1,0,1,1
2022101605,2025-1221-09-05-06-07,2025-12-21,0.793552577495575,3,0,0,0,0,0,0
2022101622,2026-0301-10-01-12-12,2026-03-01,0.7947853207588196,3,0,0,0,0,0,0
2022101634,2026-0315-06-02-06-09,2026-03-15,0.8275298476219177,2,0,0,0,0,0,0
2022101675,2025-1019-04-04-02-12,2025-10-19,0.793552577495575,3,0,0,1,0,0,1
2022101677,2026-0222-10-01-10-07,2026-02-22,0.7947853207588196,2,1,1,1,1,1,1
2022101683,2026-0418-03-01-03-12,2026-04-18,0.7947853207588196,1,1,1,1,1,1,1
2022101818,2025-1228-06-05-08-08,2025-12-28,0.8265727758407593,3,0,0,0,0,0,0
2022101821,2025-1122-03-03-05-06,2025-11-22,0.793552577495575,3,0,1,1,0,1,1
2022101821,2026-0215-08-02-06-07,2026-02-15,0.7947853207588196,3,1,1,1,1,1,1
2022101863,2025-1108-05-05-01-07,2025-11-08,0.793552577495575,3,0,0,0,0,0,0
2022101863,2025-1130-05-05-08-10,2025-11-30,0.8265727758407593,3,0,0,0,0,0,0
2022102020,2025-1018-04-04-01-11,2025-10-18,0.8351354002952576,3,0,1,1,0,1,1
2022102039,2026-0124-06-01-08-10,2026-01-24,0.8275298476219177,3,0,1,1,0,1,1
2022102123,2025-0907-09-04-02-07,2025-09-07,0.793552577495575,3,0,0,1,0,0,1
2022102123,2026-0110-08-01-03-09,2026-01-10,0.8275298476219177,3,0,0,0,0,0,0
2022102127,2026-0117-08-01-06-07,2026-01-17,0.7947853207588196,3,0,1,1,0,1,1
2022102131,2025-1025-04-04-03-05,2025-10-25,0.793552577495575,3,0,0,1,0,0,1
2022102133,2025-0914-09-04-04-03,2025-09-14,0.7757456302642822,2,0,0,0,0,0,0
2022102135,2026-0531-05-02-12-06,2026-05-31,0.7947853207588196,3,0,0,0,0,0,0
2022102138,2025-1013-08-03-05-04,2025-10-13,0.793552577495575,3,0,0,1,0,0,1
2022102223,2026-0524-08-03-10-08,2026-05-24,0.8133775591850281,1,0,0,0,0,0,0
2022102228,2025-1026-04-04-04-08,2025-10-26,0.793552577495575,3,0,0,0,0,0,0
2022102228,2025-1108-05-05-01-09,2025-11-08,0.8265727758407593,3,0,0,1,0,0,1
2022102263,2025-0907-01-02-06-03,2025-09-07,0.7757456302642822,3,0,0,0,0,0,0
2022102280,2025-0907-01-02-06-09,2025-09-07,0.8265727758407593,3,1,1,1,0,0,1
2022102280,2026-0117-06-01-06-10,2026-01-17,0.835942804813385,3,0,0,0,0,0,0
2022102303,2025-0907-09-04-02-04,2025-09-07,0.7757456302642822,3,1,1,1,1,1,1
2022102303,2025-0915-09-04-05-06,2025-09-15,0.7757456302642822,3,0,0,0,0,0,0
2022102308,2026-0314-09-01-07-06,2026-03-14,0.7947853207588196,3,1,1,1,1,1,1
2022102315,2025-0920-06-04-06-12,2025-09-20,0.8112345337867737,3,0,1,1,0,1,1
2022102315,2025-1213-06-05-03-12,2025-12-13,0.8112345337867737,2,0,0,0,0,0,0
2022102347,2026-0516-04-01-05-07,2026-05-16,0.7947853207588196,1,0,0,0,0,0,0
2022102388,2025-0907-09-04-02-06,2025-09-07,0.793552577495575,3,0,0,0,0,0,0
2022102395,2026-0110-08-01-03-12,2026-01-10,0.7947853207588196,3,1,1,1,1,1,1
2022102435,2025-0906-01-02-05-08,2025-09-06,0.793552577495575,3,1,1,1,1,1,1
2022102435,2025-1012-08-03-04-08,2025-10-12,0.8112345337867737,3,0,0,0,0,0,0
2022102500,2026-0215-10-01-08-09,2026-02-15,0.8275298476219177,3,0,0,0,0,0,0
2022102514,2025-1019-04-04-02-10,2025-10-19,0.8265727758407593,3,0,0,0,0,0,0
2022102624,2026-0621-09-03-06-07,2026-06-21,0.7947853207588196,0,0,0,0,0,0,0
2022102709,2026-0510-04-01-04-04,2026-05-10,0.7959884405136108,0,0,0,0,0,0,0
2022102710,2025-0907-09-04-02-07,2025-09-07,0.793552577495575,3,0,0,0,0,0,0
2022102716,2026-0613-09-03-03-10,2026-06-13,0.8275298476219177,2,0,1,1,0,1,1
2022102722,2025-1102-08-03-11-06,2025-11-02,0.793552577495575,3,1,1,1,1,1,1
2022102785,2025-1207-07-05-02-07,2025-12-07,0.793552577495575,3,0,0,0,0,0,0
2022102821,2025-1213-09-05-03-04,2025-12-13,0.7959884405136108,3,0,0,0,0,0,0
2022102821,2026-0131-10-01-03-04,2026-01-31,0.8225498199462891,3,0,0,1,0,0,1
2022102885,2025-1109-03-03-02-03,2025-11-09,0.793552577495575,3,1,1,1,1,1,1
2022102916,2025-0906-09-04-01-03,2025-09-06,0.7757456302642822,3,0,0,0,0,0,0
2022102956,2025-1213-07-05-03-03,2025-12-13,0.793552577495575,3,0,0,1,0,0,1
2022102993,2026-0411-03-01-01-08,2026-04-11,0.7947853207588196,2,0,0,0,0,0,0
2022103058,2026-0712-10-02-06-12,2026-07-12,0.7947853207588196,0,0,0,0,0,0,0
2022103070,2026-0802-01-01-04-04,2026-08-02,0.7947853207588196,0,0,0,0,0,0,0
2022103078,2026-0726-01-01-02-07,2026-07-26,0.7947853207588196,0,0,0,0,0,0,0
2022103115,2025-0914-06-04-04-08,2025-09-14,0.793552577495575,3,0,1,1,0,1,1
2022103115,2025-1108-05-05-01-09,2025-11-08,0.8265727758407593,3,1,1,1,1,1,1
2022103115,2025-1124-05-05-06-10,2025-11-24,0.8351354002952576,3,0,0,0,0,0,0
2022103149,2025-1123-05-05-05-07,2025-11-23,0.793552577495575,3,0,0,0,0,0,0
2022103181,2026-0725-04-02-01-09,2026-07-25,0.8225498199462891,0,0,0,0,0,0,0
2022103195,2026-0510-04-01-04-08,2026-05-10,0.7947853207588196,1,1,1,1,1,1,1
2022103207,2025-1227-09-05-07-12,2025-12-27,0.8112345337867737,3,0,0,0,0,0,0
2022103232,2026-0111-06-01-04-07,2026-01-11,0.7947853207588196,3,0,1,1,0,1,1
2022103232,2026-0322-06-02-08-08,2026-03-22,0.7947853207588196,2,0,0,0,0,0,0
2022103245,2026-0111-08-01-04-10,2026-01-11,0.835942804813385,3,0,0,0,0,0,0
2022103264,2026-0214-05-01-05-10,2026-02-14,0.835942804813385,3,0,1,1,0,1,1
2022103264,2026-0425-05-02-01-10,2026-04-25,0.835942804813385,2,1,1,1,1,1,1
2022103267,2025-1213-07-05-03-03,2025-12-13,0.793552577495575,3,1,1,1,1,1,1
2022103290,2026-0502-08-03-03-08,2026-05-02,0.7947853207588196,1,0,0,0,0,0,0
2022103308,2025-0906-06-04-01-07,2025-09-06,0.7757456302642822,3,0,0,0,0,0,0
2022103353,2025-0914-06-04-04-07,2025-09-14,0.7757456302642822,3,0,0,0,0,0,0
2022103355,2025-1207-07-05-02-09,2025-12-07,0.8265727758407593,2,0,0,0,0,0,0
2022103510,2025-0915-06-04-05-08,2025-09-15,0.793552577495575,3,0,0,0,0,0,0
2022103510,2026-0426-03-01-06-06,2026-04-26,0.7947853207588196,2,1,1,1,1,1,1
2022103510,2026-0510-04-01-04-09,2026-05-10,0.8112345337867737,1,0,0,0,0,0,0
2022103538,2025-1102-08-03-11-06,2025-11-02,0.793552577495575,3,1,1,1,1,1,1
2022103551,2026-0802-07-02-04-09,2026-08-02,0.7959884405136108,0,0,0,0,0,0,0
2022103592,2026-0110-08-01-03-10,2026-01-10,0.8275298476219177,3,1,1,1,0,0,1
2022103592,2026-0503-08-03-04-10,2026-05-03,0.835942804813385,2,0,0,0,0,0,0
2022103619,2026-0214-10-01-07-07,2026-02-14,0.7947853207588196,3,0,0,0,0,0,0
2022103680,2025-1213-09-05-03-08,2025-12-13,0.793552577495575,3,1,1,1,1,1,1
2022103684,2026-0322-09-01-10-12,2026-03-22,0.8133775591850281,3,0,0,1,0,0,1
2022103684,2026-0704-03-02-03-11,2026-07-04,0.835942804813385,0,0,0,0,0,0,0
2022103686,2026-0315-09-01-08-10,2026-03-15,0.835942804813385,1,1,1,1,1,1,1
2022103686,2026-0510-08-03-06-11,2026-05-10,0.8440565466880798,0,0,0,0,0,0,0
2022103775,2026-0329-09-02-02-09,2026-03-29,0.7947853207588196,2,0,0,0,0,0,0
2022103778,2026-0621-02-01-04-10,2026-06-21,0.8275298476219177,2,0,0,0,0,0,0
2022103785,2026-0328-06-03-01-07,2026-03-28,0.7947853207588196,3,0,0,0,0,0,0
2022103787,2025-1018-08-03-06-10,2025-10-18,0.8265727758407593,1,0,0,0,0,0,0
2022103857,2026-0208-10-01-06-03,2026-02-08,0.7947853207588196,3,0,0,0,0,0,0
2022103859,2025-1228-06-05-08-07,2025-12-28,0.793552577495575,3,0,0,0,0,0,0
2022103932,2025-0907-06-04-02-07,2025-09-07,0.7757456302642822,1,0,0,0,0,0,0
2022104000,2026-0627-03-02-01-01,2026-06-27,0.7959884405136108,0,0,0,0,0,0,0
2022104009,2025-1011-05-04-03-12,2025-10-11,0.793552577495575,3,0,0,0,0,0,0
2022104120,2026-0718-10-02-07-10,2026-07-18,0.8275298476219177,0,0,0,0,0,0,0
2022104126,2026-0105-08-01-02-07,2026-01-05,0.7947853207588196,3,1,1,1,1,1,1
2022104126,2026-0210-08-02-04-04,2026-02-10,0.7947853207588196,2,1,1,1,1,1,1
2022104126,2026-0308-09-01-06-08,2026-03-08,0.8133775591850281,1,0,0,0,0,0,0
2022104130,2026-0523-04-01-07-01,2026-05-23,0.7959884405136108,0,0,0,0,0,0,0
2022104207,2026-0124-10-01-01-10,2026-01-24,0.8275298476219177,3,0,0,0,0,0,0
2022104214,2026-0426-08-03-02-08,2026-04-26,0.7947853207588196,2,0,0,0,0,0,0
2022104214,2026-0531-08-03-12-09,2026-05-31,0.8275298476219177,0,0,0,0,0,0,0
2022104219,2026-0425-05-02-01-10,2026-04-25,0.835942804813385,1,0,0,0,0,0,0
2022104293,2026-0125-10-01-02-04,2026-01-25,0.7959884405136108,3,0,0,0,0,0,0
2022104313,2026-0201-10-01-04-09,2026-02-01,0.8112345337867737,2,0,1,1,0,1,1
2022104317,2026-0627-02-01-05-08,2026-06-27,0.7947853207588196,0,0,0,0,0,0,0
2022104378,2025-1214-06-05-04-08,2025-12-14,0.793552577495575,3,1,1,1,1,1,1
2022104413,2026-0530-08-03-11-06,2026-05-30,0.7947853207588196,2,0,0,0,0,0,0
2022104413,2026-0726-07-02-02-08,2026-07-26,0.8275298476219177,0,0,0,0,0,0,0
2022104432,2025-0915-09-04-05-07,2025-09-15,0.793552577495575,3,0,0,0,0,0,0
2022104432,2026-0503-04-01-02-09,2026-05-03,0.8275298476219177,1,1,1,1,1,1,1
2022104512,2026-0328-06-03-01-07,2026-03-28,0.7947853207588196,3,0,0,0,0,0,0
2022104550,2025-0920-09-04-06-12,2025-09-20,0.8112345337867737,3,0,0,0,0,0,0
2022104590,2026-0425-08-03-01-12,2026-04-25,0.8133775591850281,3,0,0,0,0,0,0
2022104592,2026-0530-05-02-11-08,2026-05-30,0.7947853207588196,0,0,0,0,0,0,0
2022104601,2025-1207-06-05-02-12,2025-12-07,0.793552577495575,2,1,1,1,1,1,1
2022104601,2026-0104-06-01-01-07,2026-01-04,0.7947853207588196,1,0,0,0,0,0,0
2022104608,2026-0228-06-02-01-07,2026-02-28,0.7947853207588196,2,0,0,0,0,0,0
2022104617,2026-0712-02-01-10-11,2026-07-12,0.8484005928039551,1,0,0,0,0,0,0
2022104624,2026-0321-09-01-09-07,2026-03-21,0.7947853207588196,2,0,0,0,0,0,0
2022104645,2025-0928-09-04-09-09,2025-09-28,0.8265727758407593,3,1,1,1,1,1,1
2022104692,2026-0228-10-01-11-09,2026-02-28,0.8112345337867737,2,0,0,0,0,0,0
2022104722,2025-1220-06-05-05-08,2025-12-20,0.793552577495575,3,0,0,0,0,0,0
2022104723,2026-0509-04-01-03-12,2026-05-09,0.7947853207588196,2,0,1,1,0,1,1
2022104724,2026-0711-02-01-09-09,2026-07-11,0.8112345337867737,0,0,0,0,0,0,0
2022104732,2026-0718-02-01-11-10,2026-07-18,0.8275298476219177,0,0,0,0,0,0,0
2022104740,2026-0418-06-03-07-08,2026-04-18,0.7947853207588196,1,0,0,0,0,0,0
2022104745,2025-0928-09-04-09-12,2025-09-28,0.8112345337867737,3,0,0,0,0,0,0
2022104748,2025-0920-09-04-06-10,2025-09-20,0.8265727758407593,3,0,0,0,0,0,0
2022104793,2026-0503-08-03-04-07,2026-05-03,0.7947853207588196,2,0,0,0,0,0,0
2022104801,2026-0621-09-03-06-07,2026-06-21,0.7947853207588196,0,0,0,0,0,0,0
2022104818,2026-0808-04-02-05-06,2026-08-08,0.8275298476219177,0,0,0,0,0,0,0
2022104844,2026-0712-03-02-06-09,2026-07-12,0.8112345337867737,0,0,0,0,0,0,0
2022104850,2026-0322-09-01-10-07,2026-03-22,0.7947853207588196,0,0,0,0,0,0,0
2022104859,2025-0920-06-04-06-06,2025-09-20,0.793552577495575,3,0,1,1,0,1,1
2022104865,2026-0524-05-02-10-08,2026-05-24,0.8275298476219177,1,1,1,1,1,1,1
2022104887,2025-1018-08-03-06-10,2025-10-18,0.8265727758407593,3,1,1,1,1,1,1
2022104898,2025-1018-05-04-06-07,2025-10-18,0.793552577495575,1,0,0,0,0,0,0
2022104902,2025-0920-06-04-06-10,2025-09-20,0.8265727758407593,3,0,0,1,0,0,1
2022104902,2026-0308-06-02-04-09,2026-03-08,0.835942804813385,1,1,1,1,1,1,1
2022104903,2026-0301-10-01-12-12,2026-03-01,0.7947853207588196,3,0,0,1,0,0,1
2022104928,2025-0906-09-04-01-09,2025-09-06,0.8265727758407593,3,1,1,1,1,1,1
2022104956,2026-0613-05-03-03-08,2026-06-13,0.7947853207588196,0,0,0,0,0,0,0
2022104963,2026-0228-10-01-11-08,2026-02-28,0.7947853207588196,1,0,0,0,0,0,0
2022104980,2026-0201-10-01-04-09,2026-02-01,0.8112345337867737,2,0,1,1,0,0,0
2022105002,2025-1011-05-04-03-07,2025-10-11,0.793552577495575,3,0,0,0,0,0,0
2022105006,2025-0915-09-04-05-04,2025-09-15,0.7757456302642822,0,0,0,0,0,0,0
2022105021,2025-1025-04-04-03-05,2025-10-25,0.793552577495575,3,1,1,1,1,1,1
2022105021,2025-1122-03-03-05-06,2025-11-22,0.793552577495575,3,0,0,1,0,0,1
2022105021,2026-0405-09-02-04-07,2026-04-05,0.8133775591850281,1,0,0,0,0,0,0
2022105028,2026-0131-08-02-01-11,2026-01-31,0.835942804813385,1,0,0,0,0,0,0
2022105038,2025-0914-06-04-04-07,2025-09-14,0.7757456302642822,3,0,1,1,0,1,1
2022105053,2025-1220-07-05-05-03,2025-12-20,0.793552577495575,3,0,0,0,0,0,0
2022105055,2025-1214-07-05-04-09,2025-12-14,0.8099031448364258,3,0,0,0,0,0,0
2022105058,2025-1013-08-03-05-04,2025-10-13,0.793552577495575,3,1,1,1,1,1,1
2022105058,2025-1122-08-04-05-07,2025-11-22,0.793552577495575,3,0,0,0,0,0,0
2022105064,2026-0627-03-02-01-11,2026-06-27,0.835942804813385,0,0,0,0,0,0,0
2022105073,2025-1101-08-03-10-09,2025-11-01,0.8265727758407593,3,1,1,1,1,1,1
2022105094,2026-0314-09-01-07-07,2026-03-14,0.7947853207588196,2,1,1,1,1,1,1
2022105109,2026-0214-08-02-05-10,2026-02-14,0.835942804813385,2,0,1,1,0,1,1
2022105118,2026-0502-05-02-03-06,2026-05-02,0.7947853207588196,1,0,0,0,0,0,0
2022105140,2026-0215-08-02-06-09,2026-02-15,0.8275298476219177,2,0,1,1,0,1,1
2022105144,2025-0928-06-04-09-07,2025-09-28,0.793552577495575,2,0,1,1,0,1,1
2022105158,2025-0921-06-04-07-06,2025-09-21,0.793552577495575,2,0,0,0,0,0,0
2022105171,2026-0503-08-03-04-07,2026-05-03,0.7947853207588196,1,0,0,0,0,0,0
2022105175,2025-1207-06-05-02-07,2025-12-07,0.8112345337867737,3,0,1,1,0,1,1
2022105198,2025-1018-05-04-06-06,2025-10-18,0.793552577495575,3,0,0,0,0,0,0
2022105201,2025-1206-07-05-01-07,2025-12-06,0.793552577495575,3,1,1,1,1,1,1
2022105201,2026-0124-10-01-01-12,2026-01-24,0.7947853207588196,3,0,0,0,0,0,0
2022105212,2026-0802-01-01-04-08,2026-08-02,0.7947853207588196,0,0,0,0,0,0,0
2022105225,2026-0118-06-01-07-08,2026-01-18,0.8133775591850281,1,0,0,0,0,0,0
2022105233,2026-0523-05-02-09-07,2026-05-23,0.7947853207588196,1,0,0,0,0,0,0
2022105241,2025-1018-05-04-06-06,2025-10-18,0.793552577495575,3,0,0,0,0,0,0
2022105244,2025-0914-06-04-04-11,2025-09-14,0.8440565466880798,3,0,1,1,0,1,1
2022105257,2026-0614-05-03-04-08,2026-06-14,0.7947853207588196,0,0,0,0,0,0,0
2022105258,2026-0307-06-02-03-08,2026-03-07,0.7947853207588196,2,0,0,0,0,0,0
2022105276,2025-1207-06-05-02-12,2025-12-07,0.793552577495575,3,0,0,0,0,0,0
2022105280,2026-0301-09-01-04-09,2026-03-01,0.8275298476219177,1,0,0,0,0,0,0
2022105338,2026-0502-05-02-03-06,2026-05-02,0.7947853207588196,1,0,0,0,0,0,0
2022105367,2026-0725-04-02-01-08,2026-07-25,0.8112345337867737,0,0,0,0,0,0,0
2022105385,2025-1026-08-03-09-07,2025-10-26,0.793552577495575,3,0,0,0,0,0,0
2022105390,2025-1026-04-04-04-10,2025-10-26,0.8265727758407593,3,0,0,0,0,0,0
2022105421,2026-0607-05-03-02-09,2026-06-07,0.8275298476219177,1,0,0,0,0,0,0
2022105429,2026-0516-05-02-07-12,2026-05-16,0.7947853207588196,2,1,1,1,1,1,1
2022105439,2026-0117-08-01-06-08,2026-01-17,0.7947853207588196,3,1,1,1,1,1,1
2022105439,2026-0201-08-02-02-07,2026-02-01,0.7947853207588196,3,0,1,1,0,1,1
2022105442,2025-0906-06-04-01-10,2025-09-06,0.8265727758407593,3,0,1,1,0,1,1
2022105456,2026-0405-06-03-04-09,2026-04-05,0.8275298476219177,1,0,0,0,0,0,0
2022105495,2026-0809-04-02-06-09,2026-08-09,0.8133775591850281,0,0,0,0,0,0,0
2022105549,2026-0215-10-01-08-09,2026-02-15,0.8275298476219177,3,0,0,0,0,0,0
2022105556,2026-0503-04-01-02-06,2026-05-03,0.7947853207588196,1,0,0,0,0,0,0
2022105611,2026-0718-10-02-07-10,2026-07-18,0.8275298476219177,0,0,0,0,0,0,0
2022105702,2025-0915-06-04-05-09,2025-09-15,0.8265727758407593,2,1,1,1,1,1,1
2022105722,2025-1123-08-04-06-08,2025-11-23,0.8112345337867737,3,1,1,1,1,1,1
2022105722,2026-0104-08-01-01-09,2026-01-04,0.8275298476219177,3,1,1,1,1,1,1
2022105722,2026-0510-08-03-06-11,2026-05-10,0.8440565466880798,1,1,1,1,1,1,1
2022105769,2026-0207-08-02-03-08,2026-02-07,0.8133775591850281,2,0,0,0,0,0,0
2022105774,2025-1026-04-04-04-06,2025-10-26,0.793552577495575,3,0,0,0,0,0,0
2022105775,2025-1108-05-05-01-10,2025-11-08,0.8351354002952576,3,0,0,0,0,0,0
2022105787,2025-1207-07-05-02-09,2025-12-07,0.8265727758407593,3,0,0,0,0,0,0
2022105795,2025-0915-09-04-05-04,2025-09-15,0.7757456302642822,1,0,0,0,0,0,0
2022105803,2026-0301-06-02-02-06,2026-03-01,0.7947853207588196,2,0,0,0,0,0,0
2022105823,2026-0328-06-03-01-12,2026-03-28,0.8133775591850281,2,0,0,0,0,0,0
2022105839,2026-0426-03-01-06-06,2026-04-26,0.7947853207588196,3,0,0,0,0,0,0
2022105847,2025-0915-06-04-05-03,2025-09-15,0.7757456302642822,3,1,1,1,1,1,1
2022105847,2025-1109-05-05-02-07,2025-11-09,0.793552577495575,3,0,0,0,0,0,0
2022105847,2026-0704-03-02-03-10,2026-07-04,0.8275298476219177,0,0,0,0,0,0,0
2022105863,2025-0914-06-04-04-08,2025-09-14,0.793552577495575,3,0,0,0,0,0,0
2022105903,2025-0915-06-04-05-03,2025-09-15,0.7757456302642822,3,0,0,0,0,0,0
2022105909,2026-0329-06-03-02-08,2026-03-29,0.7947853207588196,3,0,0,0,0,0,0
2022105925,2025-0906-06-04-01-08,2025-09-06,0.793552577495575,3,0,0,1,0,0,1
2022105925,2026-0112-06-01-05-07,2026-01-12,0.7947853207588196,3,0,0,0,0,0,0
2022105963,2025-0907-09-04-02-06,2025-09-07,0.793552577495575,3,0,0,0,0,0,0
2022105965,2026-0329-09-02-02-12,2026-03-29,0.8133775591850281,3,0,0,0,0,0,0
2022106120,2025-1207-06-05-02-07,2025-12-07,0.8112345337867737,3,1,1,1,1,1,1
2022106186,2025-1213-09-05-03-10,2025-12-13,0.8265727758407593,3,0,0,1,0,0,1
2022106186,2026-0531-08-03-12-09,2026-05-31,0.8275298476219177,0,0,0,0,0,0,0
2022106231,2026-0801-01-01-03-09,2026-08-01,0.8275298476219177,0,0,0,0,0,0,0
2022106243,2026-0419-06-03-08-07,2026-04-19,0.7947853207588196,1,0,0,0,0,0,0
2022106304,2025-1228-09-05-08-05,2025-12-28,0.7959884405136108,2,0,0,0,0,0,0
2022106322,2025-1109-08-04-02-09,2025-11-09,0.8265727758407593,3,0,0,0,0,0,0
2022106322,2026-0425-08-03-01-12,2026-04-25,0.8133775591850281,0,0,0,0,0,0,0
2022106328,2026-0718-03-02-07-10,2026-07-18,0.8275298476219177,0,0,0,0,0,0,0
2022106344,2025-1011-05-04-03-07,2025-10-11,0.793552577495575,3,0,0,0,0,0,0
2022106453,2026-0329-09-02-02-12,2026-03-29,0.8133775591850281,1,0,0,0,0,0,0
2022106471,2025-0907-06-04-02-07,2025-09-07,0.7757456302642822,3,1,1,1,1,1,1
2022106568,2025-0906-06-04-01-12,2025-09-06,0.793552577495575,3,0,0,0,0,0,0
2022106582,2026-0411-03-01-01-08,2026-04-11,0.7947853207588196,2,0,0,0,0,0,0
2022106618,2026-0712-03-02-06-09,2026-07-12,0.8112345337867737,1,0,0,0,0,0,0
2022106631,2026-0321-09-01-09-07,2026-03-21,0.7947853207588196,3,0,0,0,0,0,0
2022106633,2025-1214-07-05-04-10,2025-12-14,0.8265727758407593,3,0,1,1,0,1,1
2022106644,2026-0117-08-01-06-08,2026-01-17,0.7947853207588196,3,1,1,1,1,1,1
2022106656,2026-0510-04-01-04-08,2026-05-10,0.7947853207588196,1,0,0,0,0,0,0
2022106658,2026-0620-09-03-05-11,2026-06-20,0.8440565466880798,1,0,0,0,0,0,0
2022106667,2025-0906-09-04-01-08,2025-09-06,0.793552577495575,3,0,0,0,0,0,0
2022106691,2025-0914-06-04-04-12,2025-09-14,0.793552577495575,3,0,1,1,0,1,1
2022106765,2025-0906-09-04-01-03,2025-09-06,0.7757456302642822,1,0,0,0,0,0,0
2022106825,2026-0412-03-01-02-06,2026-04-12,0.7947853207588196,3,0,0,0,0,0,0
2022106828,2026-0718-02-01-11-08,2026-07-18,0.7947853207588196,0,0,0,0,0,0,0
2022106832,2026-0411-03-01-01-09,2026-04-11,0.8112345337867737,1,0,0,0,0,0,0
2022106920,2025-1228-09-05-08-07,2025-12-28,0.793552577495575,3,0,1,1,0,1,1
2022106920,2026-0308-09-01-06-12,2026-03-08,0.8133775591850281,3,0,0,0,0,0,0
2022106924,2026-0105-08-01-02-07,2026-01-05,0.7947853207588196,3,0,0,0,0,0,0
2022106924,2026-0509-04-01-03-12,2026-05-09,0.7947853207588196,2,0,0,0,0,0,0
2022106924,2026-0627-03-02-01-10,2026-06-27,0.8275298476219177,1,0,0,0,0,0,0
2022106942,2026-0523-05-02-09-11,2026-05-23,0.8440565466880798,1,0,0,0,0,0,0
2022106951,2025-0914-06-04-04-06,2025-09-14,0.7757456302642822,3,0,0,0,0,0,0
2022106951,2026-0802-04-02-04-09,2026-08-02,0.7947853207588196,0,0,0,0,0,0,0
2022106998,2026-0628-10-02-02-12,2026-06-28,0.7947853207588196,0,0,0,0,0,0,0
2022107047,2026-0404-06-03-03-12,2026-04-04,0.8133775591850281,0,0,0,0,0,0,0
2022107134,2025-1025-08-03-08-09,2025-10-25,0.8265727758407593,3,0,0,0,0,0,0
2022107163,2025-0913-06-04-03-08,2025-09-13,0.793552577495575,2,1,1,1,1,1,1
2022107167,2025-0906-06-04-01-12,2025-09-06,0.793552577495575,3,0,0,0,0,0,0
2022107278,2025-0914-09-04-04-12,2025-09-14,0.793552577495575,3,1,1,1,1,1,1
2022107278,2025-1206-07-05-01-10,2025-12-06,0.8265727758407593,2,0,1,1,0,1,1
2022107282,2026-0201-08-02-02-10,2026-02-01,0.835942804813385,2,1,1,1,1,1,1
2022107306,2026-0426-08-03-02-12,2026-04-26,0.8133775591850281,2,0,0,0,0,0,0
2022107342,2026-0516-04-01-05-08,2026-05-16,0.7947853207588196,2,0,0,0,0,0,0
2022110007,2026-0221-05-01-07-07,2026-02-21,0.7947853207588196,3,1,1,1,1,1,1
2022110007,2026-0606-05-03-01-11,2026-06-06,0.835942804813385,1,1,1,1,1,1,1
2022110038,2025-1018-05-04-06-07,2025-10-18,0.793552577495575,3,0,0,0,0,0,0
2022110040,2026-0207-10-01-05-09,2026-02-07,0.8112345337867737,3,1,1,1,1,1,1
2022110063,2025-0906-09-04-01-12,2025-09-06,0.793552577495575,3,0,0,0,0,0,0
2022110077,2026-0704-03-02-03-11,2026-07-04,0.835942804813385,0,0,0,0,0,0,0
2022110081,2025-0907-09-04-02-10,2025-09-07,0.8351354002952576,1,1,1,1,1,1,1
2022110081,2025-1214-06-05-04-11,2025-12-14,0.871342658996582,0,0,0,0,0,0,0
2022110083,2025-1115-05-05-03-11,2025-11-15,0.8739034533500671,3,0,0,1,0,0,0
2022110087,2026-0125-10-01-02-03,2026-01-25,0.7947853207588196,3,0,0,0,0,0,0
2022110088,2025-1026-04-04-04-12,2025-10-26,0.793552577495575,3,0,0,0,0,0,0
2022110102,2026-0215-08-02-06-08,2026-02-15,0.7947853207588196,0,0,0,0,0,0,0
2022110107,2025-1102-05-04-11-10,2025-11-02,0.8351354002952576,3,0,0,0,0,0,0
2022110112,2026-0110-08-01-03-10,2026-01-10,0.8275298476219177,1,1,1,1,1,1,1
2022110112,2026-0214-10-01-07-11,2026-02-14,0.835942804813385,0,0,0,0,0,0,0
2022110121,2025-1018-04-04-01-06,2025-10-18,0.793552577495575,3,1,1,1,1,1,1
2022110132,2025-1206-06-05-01-07,2025-12-06,0.793552577495575,3,0,0,1,0,0,1
2022110132,2026-0509-04-01-03-07,2026-05-09,0.7947853207588196,3,0,0,0,0,0,0
2022110137,2025-1102-05-04-11-10,2025-11-02,0.8351354002952576,3,0,1,1,0,1,1
2022110137,2026-0112-06-01-05-10,2026-01-12,0.835942804813385,1,1,1,1,1,1,1
2022110138,2025-1214-07-05-04-03,2025-12-14,0.793552577495575,3,1,1,1,1,1,1
2022110138,2026-0321-07-01-03-10,2026-03-21,0.835942804813385,1,0,0,0,0,0,0
2022110142,2025-1018-04-04-01-10,2025-10-18,0.8265727758407593,3,0,1,1,0,1,1
2022110142,2025-1206-09-05-01-10,2025-12-06,0.8351354002952576,3,0,0,0,0,0,0
2022110151,2025-1206-09-05-01-10,2025-12-06,0.8351354002952576,3,1,1,1,1,1,1
2022110152,2026-0117-08-01-06-07,2026-01-17,0.7947853207588196,3,0,0,0,0,0,0
2023100002,2026-0322-06-02-08-01,2026-03-22,0.7783510088920593,1,0,0,0,0,0,0
2023100014,2025-1116-08-04-04-02,2025-11-16,0.7757456302642822,3,0,0,1,0,0,1
2023100021,2026-0418-03-01-03-09,2026-04-18,0.8112345337867737,3,0,0,0,0,0,0
2023100063,2026-0606-09-03-01-03,2026-06-06,0.7774975895881653,0,0,0,0,0,0,0
2023100095,2025-0914-06-04-04-03,2025-09-14,0.7757456302642822,3,0,0,1,0,0,1
2023100095,2025-1206-06-05-01-01,2025-12-06,0.7757456302642822,3,0,0,0,0,0,0
2023100095,2026-0613-02-01-01-08,2026-06-13,0.7947853207588196,1,1,1,1,1,1,1
2023100126,2025-0913-09-04-03-02,2025-09-13,0.7757456302642822,3,0,1,1,0,1,1
2023100133,2025-1228-09-05-08-04,2025-12-28,0.7903305292129517,3,0,0,0,0,0,0
2023100230,2026-0321-09-01-09-03,2026-03-21,0.7783510088920593,2,1,1,1,1,1,1
2023100230,2026-0418-09-02-07-03,2026-04-18,0.7783510088920593,1,0,0,0,0,0,0
2023100240,2026-0726-04-02-02-03,2026-07-26,0.7774975895881653,0,0,0,0,0,0,0
2023100267,2026-0222-09-01-02-04,2026-02-22,0.7831861972808838,2,0,0,0,0,0,0
2023100282,2025-1206-06-05-01-06,2025-12-06,0.7903305292129517,3,0,0,0,0,0,0
2023100291,2026-0628-03-02-02-02,2026-06-28,0.7774975895881653,0,0,0,0,0,0,0
2023100297,2026-0125-10-01-02-06,2026-01-25,0.7783510088920593,3,0,0,0,0,0,0
2023100307,2026-0531-05-02-12-02,2026-05-31,0.7783510088920593,1,1,1,1,0,0,0
2023100307,2026-0613-05-03-03-03,2026-06-13,0.7774975895881653,0,0,0,0,0,0,0
2023100359,2026-0307-06-02-03-03,2026-03-07,0.7783510088920593,3,1,1,1,1,1,1
2023100371,2025-1130-08-04-08-06,2025-11-30,0.7903305292129517,3,0,0,0,0,0,0
2023100371,2026-0620-09-03-05-04,2026-06-20,0.7774975895881653,1,0,0,0,0,0,0
2023100398,2026-0726-01-01-02-07,2026-07-26,0.7947853207588196,1,1,1,1,1,1,1
2023100433,2025-1018-05-04-06-01,2025-10-18,0.7757456302642822,3,0,0,0,0,0,0
2023100453,2026-0222-05-01-08-03,2026-02-22,0.7831861972808838,2,0,0,0,0,0,0
2023100471,2026-0726-01-01-02-02,2026-07-26,0.7774975895881653,1,0,0,0,0,0,0
2023100475,2025-1115-08-04-03-01,2025-11-15,0.7757456302642822,3,0,1,1,0,1,1
2023100503,2026-0222-10-01-10-06,2026-02-22,0.7783510088920593,2,0,0,0,0,0,0
2023100514,2026-0613-05-03-03-07,2026-06-13,0.7774975895881653,1,1,1,1,1,1,1
2023100514,2026-0725-04-02-01-08,2026-07-25,0.8112345337867737,0,0,0,0,0,0,0
2023100533,2026-0412-06-03-06-03,2026-04-12,0.7783510088920593,3,0,0,0,0,0,0
2023100538,2026-0105-06-01-02-01,2026-01-05,0.7783510088920593,3,0,0,0,0,0,0
2023100547,2026-0425-05-02-01-06,2026-04-25,0.7947853207588196,2,0,1,1,0,1,1
2023100547,2026-0530-08-03-11-09,2026-05-30,0.8392981886863708,1,1,1,1,0,0,0
2023100547,2026-0801-07-02-03-08,2026-08-01,0.8275298476219177,0,0,0,0,0,0,0
2023100553,2026-0711-10-02-05-07,2026-07-11,0.7947853207588196,1,0,0,0,0,0,0
2023100581,2026-0308-06-02-04-03,2026-03-08,0.7783510088920593,2,0,0,0,0,0,0
2023100583,2025-1221-06-05-06-01,2025-12-21,0.7757456302642822,3,1,1,1,1,1,1
2023100583,2026-0104-06-01-01-01,2026-01-04,0.7783510088920593,2,0,0,0,0,0,0
2023100596,2026-0719-02-01-12-02,2026-07-19,0.7774975895881653,1,0,0,0,0,0,0
2023100598,2026-0509-04-01-03-03,2026-05-09,0.7783510088920593,2,0,0,0,0,0,0
2023100609,2026-0614-02-01-02-02,2026-06-14,0.7774975895881653,2,0,0,0,0,0,0
2023100613,2026-0221-05-01-07-02,2026-02-21,0.7947853207588196,1,0,0,0,0,0,0
2023100627,2025-1026-08-03-09-05,2025-10-26,0.7903305292129517,3,0,0,1,0,0,1
2023100633,2026-0523-04-01-07-03,2026-05-23,0.7783510088920593,1,0,0,0,0,0,0
2023100652,2026-0314-09-01-07-01,2026-03-14,0.7783510088920593,3,0,0,0,0,0,0
2023100655,2026-0315-07-01-02-01,2026-03-15,0.7783510088920593,3,0,0,0,0,0,0
2023100666,2026-0307-09-01-05-03,2026-03-07,0.7783510088920593,0,0,0,0,0,0,0
2023100670,2025-1124-03-03-06-01,2025-11-24,0.7757456302642822,3,1,1,1,1,1,1
2023100715,2026-0523-04-01-07-06,2026-05-23,0.7783510088920593,3,0,1,1,0,0,0
2023100715,2026-0704-10-02-03-06,2026-07-04,0.7774975895881653,2,0,0,0,0,0,0
2023100724,2025-1206-06-05-01-09,2025-12-06,0.8099031448364258,3,0,0,0,0,0,0
2023100803,2025-1018-04-04-01-05,2025-10-18,0.7903305292129517,3,0,0,1,0,0,0
2023100803,2026-0215-05-01-06-01,2026-02-15,0.7783510088920593,1,0,0,0,0,0,0
2023100840,2026-0801-01-01-03-04,2026-08-01,0.7947853207588196,0,0,0,0,0,0,0
2023100858,2025-1220-06-05-05-07,2025-12-20,0.7757456302642822,3,0,0,0,0,0,0
2023100858,2026-0802-04-02-04-09,2026-08-02,0.7947853207588196,0,0,0,0,0,0,0
2023100900,2026-0419-09-02-08-01,2026-04-19,0.7783510088920593,0,0,0,0,0,0,0
2023100922,2026-0221-10-01-09-01,2026-02-21,0.7783510088920593,2,0,1,1,0,1,1
2023100924,2025-1213-06-05-03-01,2025-12-13,0.7757456302642822,3,0,0,0,0,0,0
2023100925,2026-0802-01-01-04-08,2026-08-02,0.7947853207588196,0,0,0,0,0,0,0
2023100928,2026-0207-05-01-03-03,2026-02-07,0.7783510088920593,3,0,0,0,0,0,0
2023100930,2026-0125-10-01-02-01,2026-01-25,0.7783510088920593,1,0,0,0,0,0,0
2023100936,2025-1109-05-05-02-09,2025-11-09,0.8099031448364258,1,1,1,1,1,1,1
2023100940,2025-1011-05-04-03-03,2025-10-11,0.7757456302642822,3,0,1,1,0,1,1
2023100941,2026-0329-06-03-02-01,2026-03-29,0.7783510088920593,2,0,0,0,0,0,0
2023100946,2025-0913-09-04-03-03,2025-09-13,0.7757456302642822,3,1,1,1,1,1,1
2023100947,2025-1116-08-04-04-05,2025-11-16,0.7903305292129517,2,0,0,0,0,0,0
2023100953,2025-1102-05-04-11-01,2025-11-02,0.7757456302642822,3,0,0,0,0,0,0
2023100954,2025-1108-03-03-01-02,2025-11-08,0.7757456302642822,3,1,1,1,1,1,1
2023100955,2026-0419-06-03-08-02,2026-04-19,0.7783510088920593,3,0,0,0,0,0,0
2023100956,2025-1130-08-04-08-03,2025-11-30,0.7903305292129517,2,0,0,0,0,0,0
2023100964,2025-1214-07-05-04-01,2025-12-14,0.7757456302642822,3,0,0,0,0,0,0
2023100964,2026-0125-10-01-02-01,2026-01-25,0.7783510088920593,3,0,0,1,0,0,1
2023100964,2026-0719-03-02-08-12,2026-07-19,0.7947853207588196,0,0,0,0,0,0,0
2023100966,2026-0627-02-01-05-02,2026-06-27,0.7774975895881653,1,0,0,0,0,0,0
2023100974,2026-0321-09-01-09-04,2026-03-21,0.7783510088920593,3,0,0,1,0,0,0
2023100989,2026-0704-10-02-03-04,2026-07-04,0.7774975895881653,1,1,1,1,1,1,1
2023100989,2026-0802-07-02-04-05,2026-08-02,0.7947853207588196,0,0,0,0,0,0,0
2023100997,2025-1130-08-04-08-03,2025-11-30,0.7903305292129517,3,1,1,1,0,0,0
2023100997,2026-0201-10-01-04-02,2026-02-01,0.7783510088920593,3,0,0,0,0,0,0
2023100998,2025-1227-09-05-07-05,2025-12-27,0.7903305292129517,3,0,0,0,0,0,0
2023101039,2025-1213-06-05-03-01,2025-12-13,0.7757456302642822,3,0,0,0,0,0,0
2023101047,2025-1122-08-04-05-01,2025-11-22,0.7757456302642822,3,0,0,0,0,0,0
2023101050,2026-0613-02-01-01-04,2026-06-13,0.7774975895881653,1,0,0,0,0,0,0
2023101050,2026-0802-01-01-04-04,2026-08-02,0.7947853207588196,0,0,0,0,0,0,0
2023101065,2025-1116-08-04-04-02,2025-11-16,0.7757456302642822,3,0,1,1,0,1,1
2023101084,2025-1227-06-05-07-06,2025-12-27,0.7903305292129517,1,0,0,0,0,0,0
2023101085,2026-0131-05-01-01-04,2026-01-31,0.7831861972808838,3,0,0,1,0,0,0
2023101085,2026-0517-05-02-08-02,2026-05-17,0.7783510088920593,1,0,0,0,0,0,0
2023101087,2026-0509-04-01-03-02,2026-05-09,0.7783510088920593,0,0,0,0,0,0,0
2023101094,2025-1005-08-03-02-04,2025-10-05,0.7903305292129517,3,0,0,0,0,0,0
2023101097,2026-0718-10-02-07-07,2026-07-18,0.7774975895881653,1,0,0,0,0,0,0
2023101100,2026-0809-04-02-06-03,2026-08-09,0.7774975895881653,0,0,0,0,0,0,0
2023101102,2025-1220-06-05-05-03,2025-12-20,0.7757456302642822,1,0,0,0,0,0,0
2023101106,2025-0914-06-04-04-03,2025-09-14,0.7757456302642822,3,0,0,0,0,0,0
2023101107,2026-0112-06-01-05-02,2026-01-12,0.7783510088920593,3,0,1,1,0,1,1
2023101107,2026-0503-05-02-04-01,2026-05-03,0.7783510088920593,2,0,0,0,0,0,0
2023101114,2025-1220-06-05-05-07,2025-12-20,0.7757456302642822,3,1,1,1,1,1,1
2023101114,2026-0111-06-01-04-03,2026-01-11,0.7783510088920593,2,0,0,0,0,0,0
2023101117,2026-0620-05-03-05-06,2026-06-20,0.7774975895881653,1,1,1,1,1,1,1
2023101117,2026-0712-02-01-10-03,2026-07-12,0.7774975895881653,0,0,0,0,0,0,0
2023101122,2026-0207-10-01-05-02,2026-02-07,0.7783510088920593,3,0,0,0,0,0,0
2023101132,2026-0322-09-01-10-06,2026-03-22,0.7947853207588196,2,0,0,0,0,0,0
2023101134,2025-1005-08-03-02-03,2025-10-05,0.7903305292129517,2,1,1,1,1,1,1
2023101143,2026-0614-02-01-02-03,2026-06-14,0.7774975895881653,1,0,0,0,0,0,0
2023101146,2026-0111-06-01-04-01,2026-01-11,0.7783510088920593,3,1,1,1,1,1,1
2023101148,2025-1019-05-04-07-04,2025-10-19,0.7903305292129517,3,0,1,1,0,1,1
2023101157,2026-0411-09-02-05-02,2026-04-11,0.7783510088920593,2,1,1,1,1,1,1
2023101161,2025-1123-08-04-06-01,2025-11-23,0.7757456302642822,1,0,0,0,0,0,0
2023101162,2026-0613-09-03-03-01,2026-06-13,0.7774975895881653,1,0,0,0,0,0,0
2023101165,2026-0111-06-01-04-02,2026-01-11,0.7783510088920593,3,1,1,1,1,1,1
2023101165,2026-0125-06-01-09-02,2026-01-25,0.7783510088920593,2,0,0,0,0,0,0
2023101166,2025-0914-09-04-04-01,2025-09-14,0.7757456302642822,2,0,1,1,0,1,1
2023101171,2026-0322-06-02-08-05,2026-03-22,0.7783510088920593,1,1,1,1,1,1,1
2023101174,2026-0627-10-02-01-08,2026-06-27,0.7947853207588196,1,0,0,0,0,0,0
2023101200,2026-0503-08-03-04-04,2026-05-03,0.7783510088920593,2,1,1,1,1,1,1
2023101200,2026-0530-08-03-11-04,2026-05-30,0.7783510088920593,1,0,0,0,0,0,0
2023101207,2026-0530-08-03-11-05,2026-05-30,0.7783510088920593,1,1,1,1,0,0,0
2023101269,2025-0907-06-04-02-03,2025-09-07,0.7757456302642822,3,0,0,0,0,0,0
2023101269,2026-0314-07-01-01-06,2026-03-14,0.7947853207588196,3,0,1,1,0,1,1
2023101269,2026-0509-05-02-05-10,2026-05-09,0.8367373943328857,1,0,0,0,0,0,0
2023101301,2026-0322-06-02-08-02,2026-03-22,0.7783510088920593,3,0,0,1,0,0,1
2023101301,2026-0523-05-02-09-03,2026-05-23,0.7783510088920593,0,0,0,0,0,0,0
2023101323,2026-0405-06-03-04-02,2026-04-05,0.7783510088920593,2,0,1,1,0,1,1
2023101362,2026-0118-06-01-07-02,2026-01-18,0.7783510088920593,3,0,0,0,0,0,0
2023101375,2026-0221-09-01-01-06,2026-02-21,0.7783510088920593,3,0,1,1,0,0,0
2023101382,2026-0628-02-01-06-09,2026-06-28,0.8112345337867737,1,1,1,1,1,1,1
2023101383,2025-1213-06-05-03-04,2025-12-13,0.7757456302642822,3,0,0,0,0,0,0
2023101397,2025-1011-05-04-03-04,2025-10-11,0.7903305292129517,3,0,0,0,0,0,0
2023101423,2025-0928-06-04-09-04,2025-09-28,0.7903305292129517,0,0,0,0,0,0,0
2023101449,2025-1130-08-04-08-02,2025-11-30,0.7757456302642822,3,0,0,0,0,0,0
2023101452,2025-1005-08-03-02-01,2025-10-05,0.7757456302642822,3,1,1,1,1,1,1
2023101452,2025-1115-08-04-03-02,2025-11-15,0.7757456302642822,3,0,1,1,0,1,1
2023101459,2026-0110-06-01-03-07,2026-01-10,0.7783510088920593,3,0,0,0,0,0,0
2023101459,2026-0125-06-01-09-12,2026-01-25,0.7783510088920593,2,0,0,0,0,0,0
2023101477,2025-1101-05-04-10-04,2025-11-01,0.7903305292129517,3,0,0,0,0,0,0
2023101484,2026-0718-02-01-11-03,2026-07-18,0.7774975895881653,0,0,0,0,0,0,0
2023101500,2026-0118-08-01-07-01,2026-01-18,0.7783510088920593,3,0,0,0,0,0,0
2023101545,2025-1115-03-03-03-01,2025-11-15,0.7757456302642822,3,0,0,0,0,0,0
2023101566,2025-1019-05-04-07-02,2025-10-19,0.7757456302642822,3,0,0,0,0,0,0
2023101573,2025-1214-07-05-04-01,2025-12-14,0.7757456302642822,2,0,0,0,0,0,0
2023101610,2026-0321-09-01-09-02,2026-03-21,0.7783510088920593,3,0,0,0,0,0,0
2023101616,2026-0621-05-03-06-07,2026-06-21,0.7947853207588196,0,0,0,0,0,0,0
2023101644,2026-0201-05-01-02-02,2026-02-01,0.7783510088920593,3,0,0,0,0,0,0
2023101660,2026-0627-02-01-05-02,2026-06-27,0.7774975895881653,2,0,1,1,0,1,1
2023101660,2026-0809-01-01-06-02,2026-08-09,0.7774975895881653,0,0,0,0,0,0,0
2023101676,2025-1124-03-03-06-01,2025-11-24,0.7757456302642822,3,0,0,0,0,0,0
2023101676,2026-0131-10-01-03-01,2026-01-31,0.7783510088920593,3,0,0,1,0,0,1
2023101676,2026-0301-10-01-12-03,2026-03-01,0.7783510088920593,1,0,0,0,0,0,0
2023101694,2026-0502-08-03-03-02,2026-05-02,0.7783510088920593,3,0,0,0,0,0,0
2023101702,2026-0704-10-02-03-04,2026-07-04,0.7774975895881653,0,0,0,0,0,0,0
2023101704,2026-0228-10-01-11-07,2026-02-28,0.7947853207588196,3,0,1,1,0,1,1
2023101704,2026-0627-02-01-05-12,2026-06-27,0.7947853207588196,1,0,0,0,0,0,0
2023101713,2026-0208-10-01-06-01,2026-02-08,0.7783510088920593,3,0,0,0,0,0,0
2023101721,2026-0510-04-01-04-03,2026-05-10,0.7783510088920593,3,0,0,0,0,0,0
2023101724,2026-0301-06-02-02-03,2026-03-01,0.7783510088920593,2,0,1,1,0,1,1
2023101724,2026-0523-05-02-09-02,2026-05-23,0.7783510088920593,0,0,0,0,0,0,0
2023101758,2025-0914-06-04-04-04,2025-09-14,0.7757456302642822,2,0,0,0,0,0,0
2023101758,2025-1220-09-05-05-09,2025-12-20,0.8281578421592712,0,0,0,0,0,0,0
2023101793,2026-0530-05-02-11-06,2026-05-30,0.7947853207588196,1,1,1,1,1,1,1
2023101813,2026-0405-06-03-04-03,2026-04-05,0.7783510088920593,1,0,0,0,0,0,0
2023101865,2025-1019-04-04-02-05,2025-10-19,0.7903305292129517,3,1,1,1,0,0,0
2023101865,2026-0207-10-01-05-02,2026-02-07,0.7783510088920593,3,0,0,0,0,0,0
2023101900,2026-0328-09-02-01-03,2026-03-28,0.7783510088920593,1,1,1,1,1,1,1
2023101933,2026-0613-09-03-03-01,2026-06-13,0.7774975895881653,0,0,0,0,0,0,0
2023101938,2026-0222-10-01-10-06,2026-02-22,0.7783510088920593,3,0,0,0,0,0,0
2023101939,2026-0621-09-03-06-01,2026-06-21,0.7774975895881653,0,0,0,0,0,0,0
2023101951,2026-0214-08-02-05-02,2026-02-14,0.7783510088920593,2,1,1,1,1,1,1
2023102007,2026-0111-06-01-04-01,2026-01-11,0.7783510088920593,3,0,0,0,0,0,0
2023102025,2026-0425-03-01-05-02,2026-04-25,0.7783510088920593,3,0,0,0,0,0,0
2023102033,2025-1228-06-05-08-02,2025-12-28,0.7757456302642822,3,0,0,0,0,0,0
2023102036,2025-1115-08-04-03-02,2025-11-15,0.7757456302642822,3,0,0,1,0,0,1
2023102045,2026-0404-09-02-03-02,2026-04-04,0.7783510088920593,2,0,0,0,0,0,0
2023102057,2026-0214-05-01-05-01,2026-02-14,0.7783510088920593,0,0,0,0,0,0,0
2023102075,2025-1221-09-05-06-01,2025-12-21,0.7757456302642822,3,0,1,1,0,1,1
2023102082,2026-0621-09-03-06-03,2026-06-21,0.7774975895881653,0,0,0,0,0,0,0
2023102083,2025-1214-06-05-04-05,2025-12-14,0.7903305292129517,3,0,0,0,0,0,0
2023102084,2026-0425-05-02-01-03,2026-04-25,0.7783510088920593,1,0,0,0,0,0,0
2023102131,2026-0112-08-01-05-01,2026-01-12,0.7783510088920593,3,0,0,1,0,0,1
2023102131,2026-0321-09-01-09-02,2026-03-21,0.7783510088920593,2,0,0,0,0,0,0
2023102132,2026-0117-08-01-06-03,2026-01-17,0.7783510088920593,3,0,0,0,0,0,0
2023102160,2026-0412-06-03-06-02,2026-04-12,0.7783510088920593,2,0,0,0,0,0,0
2023102171,2026-0412-06-03-06-01,2026-04-12,0.7783510088920593,1,0,0,0,0,0,0
2023102173,2025-1102-08-03-11-03,2025-11-02,0.7903305292129517,3,0,1,1,0,1,1
2023102173,2026-0222-09-01-02-06,2026-02-22,0.7947853207588196,1,0,0,0,0,0,0
2023102181,2026-0131-05-01-01-03,2026-01-31,0.7783510088920593,3,0,0,0,0,0,0
2023102213,2025-1108-05-05-01-01,2025-11-08,0.7757456302642822,3,0,0,0,0,0,0
2023102213,2026-0801-07-02-03-10,2026-08-01,0.7947853207588196,0,0,0,0,0,0,0
2023102215,2026-0124-10-01-01-01,2026-01-24,0.7783510088920593,2,0,0,0,0,0,0
2023102230,2025-1005-08-03-02-03,2025-10-05,0.7903305292129517,3,1,1,1,0,0,0
2023102235,2025-1206-06-05-01-06,2025-12-06,0.7903305292129517,3,0,0,0,0,0,0
2023102238,2026-0726-01-01-02-06,2026-07-26,0.7774975895881653,0,0,0,0,0,0,0
2023102243,2026-0510-08-03-06-07,2026-05-10,0.7947853207588196,1,1,1,1,1,1,1
2023102243,2026-0614-09-03-04-08,2026-06-14,0.8275298476219177,0,0,0,0,0,0,0
2023102263,2026-0210-05-01-04-04,2026-02-10,0.7831861972808838,3,0,0,0,0,0,0
2023102313,2026-0404-06-03-03-02,2026-04-04,0.7783510088920593,2,0,1,1,0,1,1
2023102313,2026-0705-02-01-08-08,2026-07-05,0.7947853207588196,0,0,0,0,0,0,0
2023102317,2026-0718-02-01-11-05,2026-07-18,0.7774975895881653,2,0,1,1,0,1,1
2023102352,2025-1228-06-05-08-02,2025-12-28,0.7757456302642822,3,0,0,0,0,0,0
2023102357,2026-0628-10-02-02-02,2026-06-28,0.7774975895881653,2,0,0,0,0,0,0
2023102362,2025-1214-09-05-04-03,2025-12-14,0.7757456302642822,3,0,0,0,0,0,0
2023102383,2026-0104-06-01-01-01,2026-01-04,0.7783510088920593,3,0,0,0,0,0,0
2023102390,2026-0328-06-03-01-01,2026-03-28,0.7783510088920593,3,0,0,0,0,0,0
2023102396,2026-0613-05-03-03-01,2026-06-13,0.7774975895881653,3,0,0,0,0,0,0
2023102398,2025-1213-06-05-03-06,2025-12-13,0.7903305292129517,3,0,0,0,0,0,0
2023102400,2026-0718-02-01-11-05,2026-07-18,0.7774975895881653,0,0,0,0,0,0,0
2023102418,2026-0712-03-02-06-02,2026-07-12,0.7774975895881653,0,0,0,0,0,0,0
2023102427,2026-0613-02-01-01-03,2026-06-13,0.7774975895881653,2,1,1,1,1,1,1
2023102427,2026-0628-02-01-06-03,2026-06-28,0.7774975895881653,1,0,0,0,0,0,0
2023102440,2025-1221-06-05-06-01,2025-12-21,0.7757456302642822,3,0,0,1,0,0,1
2023102455,2026-0613-02-01-01-06,2026-06-13,0.7774975895881653,1,1,1,1,1,1,1
2023102455,2026-0725-01-01-01-08,2026-07-25,0.7947853207588196,0,0,0,0,0,0,0
2023102467,2025-1012-08-03-04-06,2025-10-12,0.7903305292129517,0,0,0,0,0,0,0
2023102545,2026-0314-06-02-05-03,2026-03-14,0.7783510088920593,2,0,0,0,0,0,0
2023102553,2025-0921-09-04-07-06,2025-09-21,0.7903305292129517,3,0,0,0,0,0,0
2023102553,2026-0524-08-03-10-06,2026-05-24,0.7947853207588196,2,0,0,0,0,0,0
2023102576,2025-1101-08-03-10-06,2025-11-01,0.7903305292129517,2,0,1,1,0,1,1
2023102576,2026-0105-08-01-02-04,2026-01-05,0.7947853207588196,0,0,0,0,0,0,0
2023102580,2026-0726-07-02-02-04,2026-07-26,0.7774975895881653,0,0,0,0,0,0,0
2023102581,2026-0118-06-01-07-02,2026-01-18,0.7783510088920593,3,0,0,0,0,0,0
2023102581,2026-0301-06-02-02-01,2026-03-01,0.7783510088920593,3,0,0,1,0,0,0
2023102581,2026-0329-06-03-02-01,2026-03-29,0.7783510088920593,2,0,1,1,0,0,0
2023102581,2026-0711-02-01-09-02,2026-07-11,0.7774975895881653,0,0,0,0,0,0,0
2023102583,2025-1013-05-04-05-08,2025-10-13,0.8099031448364258,1,0,0,0,0,0,0
2023102590,2026-0503-05-02-04-02,2026-05-03,0.7783510088920593,2,0,1,1,0,0,0
2023102590,2026-0725-04-02-01-04,2026-07-25,0.7774975895881653,0,0,0,0,0,0,0
2023102608,2026-0531-05-02-12-01,2026-05-31,0.7783510088920593,1,0,0,0,0,0,0
2023102630,2026-0329-09-02-02-02,2026-03-29,0.7783510088920593,3,0,0,0,0,0,0
2023102641,2026-0419-03-01-04-02,2026-04-19,0.7783510088920593,1,0,0,0,0,0,0
2023102646,2026-0131-05-01-01-04,2026-01-31,0.7831861972808838,2,0,0,0,0,0,0
2023102661,2026-0627-10-02-01-12,2026-06-27,0.7947853207588196,1,0,0,0,0,0,0
2023102674,2026-0705-03-02-04-04,2026-07-05,0.7774975895881653,0,0,0,0,0,0,0
2023102706,2025-1207-07-05-02-01,2025-12-07,0.7757456302642822,3,0,0,0,0,0,0
2023102707,2025-1213-09-05-03-07,2025-12-13,0.7757456302642822,3,0,0,0,0,0,0
2023102737,2026-0627-03-02-01-07,2026-06-27,0.7774975895881653,2,0,0,0,0,0,0
2023102739,2026-0719-10-02-08-03,2026-07-19,0.7774975895881653,0,0,0,0,0,0,0
2023102743,2025-1013-05-04-05-08,2025-10-13,0.8099031448364258,3,0,0,0,0,0,0
2023102743,2026-0516-05-02-07-07,2026-05-16,0.7947853207588196,0,0,0,0,0,0,0
2023102748,2026-0801-01-01-03-01,2026-08-01,0.7774975895881653,0,0,0,0,0,0,0
2023102750,2026-0802-01-01-04-03,2026-08-02,0.7774975895881653,0,0,0,0,0,0,0
2023102752,2026-0412-09-02-06-02,2026-04-12,0.7783510088920593,2,0,0,0,0,0,0
2023102769,2025-1025-05-04-08-01,2025-10-25,0.7757456302642822,3,1,1,1,1,1,1
2023102806,2025-1115-08-04-03-04,2025-11-15,0.7757456302642822,3,1,1,1,1,1,1
2023102813,2025-0927-06-04-08-04,2025-09-27,0.7903305292129517,3,0,0,1,0,0,0
2023102813,2025-1109-05-05-02-02,2025-11-09,0.7757456302642822,2,0,1,1,0,1,1
2023102813,2026-0104-06-01-01-02,2026-01-04,0.7783510088920593,0,0,0,0,0,0,0
2023102833,2026-0328-06-03-01-04,2026-03-28,0.7783510088920593,0,0,0,0,0,0,0
2023102841,2026-0509-05-02-05-01,2026-05-09,0.7783510088920593,1,1,1,1,1,1,1
2023102891,2026-0531-08-03-12-01,2026-05-31,0.7783510088920593,1,0,0,0,0,0,0
2023102902,2025-0906-09-04-01-01,2025-09-06,0.7757456302642822,3,0,0,0,0,0,0
2023102915,2026-0725-01-01-01-06,2026-07-25,0.7774975895881653,0,0,0,0,0,0,0
2023102919,2026-0207-08-02-03-02,2026-02-07,0.7783510088920593,3,0,0,0,0,0,0
2023102942,2026-0808-01-01-05-03,2026-08-08,0.7774975895881653,0,0,0,0,0,0,0
2023102948,2025-1123-08-04-06-04,2025-11-23,0.7903305292129517,3,0,0,0,0,0,0
2023102967,2026-0712-03-02-06-02,2026-07-12,0.7774975895881653,1,0,0,0,0,0,0
2023102979,2025-0928-09-04-09-04,2025-09-28,0.7903305292129517,3,0,1,1,0,1,1
2023102979,2026-0412-09-02-06-09,2026-04-12,0.8417340517044067,1,1,1,1,1,1,1
2023102984,2026-0208-10-01-06-05,2026-02-08,0.7831861972808838,3,0,0,0,0,0,0
2023102991,2025-1018-08-03-06-08,2025-10-18,0.8099031448364258,3,0,0,0,0,0,0
2023102993,2026-0530-08-03-11-01,2026-05-30,0.7783510088920593,0,0,0,0,0,0,0
2023102998,2026-0104-08-01-01-04,2026-01-04,0.7831861972808838,2,0,0,0,0,0,0
2023103037,2025-0927-06-04-08-03,2025-09-27,0.7757456302642822,3,0,0,0,0,0,0
2023103068,2025-1108-05-05-01-04,2025-11-08,0.7903305292129517,3,0,1,1,0,0,0
2023103068,2026-0307-06-02-03-01,2026-03-07,0.7783510088920593,3,0,0,0,0,0,0
2023103069,2026-0111-06-01-04-02,2026-01-11,0.7783510088920593,3,0,0,0,0,0,0
2023103075,2026-0802-04-02-04-11,2026-08-02,0.7774975895881653,0,0,0,0,0,0,0
2023103087,2025-1013-08-03-05-01,2025-10-13,0.7757456302642822,3,0,1,1,0,1,1
2023103092,2026-0321-07-01-03-03,2026-03-21,0.7783510088920593,3,0,0,0,0,0,0
2023103101,2025-1025-08-03-08-05,2025-10-25,0.7903305292129517,3,0,1,1,0,0,0
2023103101,2026-0517-05-02-08-07,2026-05-17,0.7947853207588196,1,1,1,1,1,1,1
2023103103,2026-0725-04-02-01-11,2026-07-25,0.7774975895881653,1,0,0,0,0,0,0
2023103142,2025-1213-06-05-03-02,2025-12-13,0.7757456302642822,3,0,0,1,0,0,1
2023103142,2026-0419-06-03-08-06,2026-04-19,0.7947853207588196,1,1,1,1,1,1,1
2023103142,2026-0530-08-03-11-09,2026-05-30,0.8392981886863708,0,0,0,0,0,0,0
2023103151,2025-1207-09-05-02-02,2025-12-07,0.7757456302642822,3,1,1,1,1,1,1
2023103160,2025-1207-09-05-02-03,2025-12-07,0.7757456302642822,3,0,0,0,0,0,0
2023103163,2026-0718-10-02-07-06,2026-07-18,0.7774975895881653,0,0,0,0,0,0,0
2023103173,2026-0523-04-01-07-02,2026-05-23,0.7783510088920593,0,0,0,0,0,0,0
2023103178,2025-1012-05-04-04-02,2025-10-12,0.7757456302642822,3,0,0,0,0,0,0
2023103216,2025-1206-06-05-01-01,2025-12-06,0.7757456302642822,3,1,1,1,1,1,1
2023103216,2026-0502-04-01-01-03,2026-05-02,0.7783510088920593,3,0,0,0,0,0,0
2023103227,2026-0426-03-01-06-03,2026-04-26,0.7783510088920593,1,0,0,0,0,0,0
2023103231,2026-0719-02-01-12-02,2026-07-19,0.7774975895881653,0,0,0,0,0,0,0
2023103245,2026-0404-09-02-03-03,2026-04-04,0.7783510088920593,1,0,0,0,0,0,0
2023103246,2026-0214-08-02-05-06,2026-02-14,0.7783510088920593,3,0,0,0,0,0,0
2023103250,2026-0523-04-01-07-03,2026-05-23,0.7783510088920593,2,0,0,0,0,0,0
2023103256,2026-0607-05-03-02-01,2026-06-07,0.7774975895881653,2,0,0,0,0,0,0
2023103263,2025-1214-07-05-04-02,2025-12-14,0.7757456302642822,3,1,1,1,1,1,1
2023103263,2025-1227-06-05-07-03,2025-12-27,0.7757456302642822,3,0,0,0,0,0,0
2023103268,2026-0215-08-02-06-06,2026-02-15,0.7783510088920593,3,1,1,1,1,1,1
2023103274,2025-1227-06-05-07-06,2025-12-27,0.7903305292129517,2,1,1,1,0,0,0
2023103284,2025-1214-09-05-04-01,2025-12-14,0.7757456302642822,1,0,0,0,0,0,0
2023103287,2026-0607-09-03-02-06,2026-06-07,0.7774975895881653,1,0,0,0,0,0,0
2023103292,2026-0222-09-01-02-01,2026-02-22,0.7783510088920593,1,0,0,0,0,0,0
2023103297,2026-0215-08-02-06-05,2026-02-15,0.7783510088920593,0,0,0,0,0,0,0
2023103315,2026-0516-08-03-07-02,2026-05-16,0.7783510088920593,0,0,0,0,0,0,0
2023103320,2025-1013-05-04-05-02,2025-10-13,0.7757456302642822,3,1,1,1,1,1,1
2023103325,2026-0425-08-03-01-02,2026-04-25,0.7783510088920593,2,0,0,0,0,0,0
2023103326,2026-0110-06-01-03-07,2026-01-10,0.7783510088920593,3,1,1,1,1,1,1
2023103329,2025-1026-08-03-09-01,2025-10-26,0.7757456302642822,3,0,0,0,0,0,0
2023103329,2026-0214-08-02-05-01,2026-02-14,0.7783510088920593,3,0,0,0,0,0,0
2023103329,2026-0531-08-03-12-01,2026-05-31,0.7783510088920593,2,0,1,1,0,0,0
2023103341,2026-0104-06-01-01-03,2026-01-04,0.7831861972808838,3,0,0,0,0,0,0
2023103355,2026-0208-10-01-06-09,2026-02-08,0.8112345337867737,3,0,0,1,0,0,1
2023103365,2025-1005-05-04-02-01,2025-10-05,0.7757456302642822,3,1,1,1,1,1,1
2023103365,2025-1102-05-04-11-02,2025-11-02,0.7757456302642822,3,0,0,0,0,0,0
2023103365,2026-0725-07-02-01-06,2026-07-25,0.8275298476219177,0,0,0,0,0,0,0
2023103370,2025-0928-06-04-09-03,2025-09-28,0.7757456302642822,2,1,1,1,1,1,1
2023103370,2026-0321-06-02-07-05,2026-03-21,0.7783510088920593,1,0,0,0,0,0,0
2023103378,2026-0503-08-03-04-03,2026-05-03,0.7783510088920593,2,0,0,0,0,0,0
2023103389,2025-1116-03-03-04-06,2025-11-16,0.7903305292129517,3,0,1,1,0,1,1
2023103389,2026-0614-05-03-04-12,2026-06-14,0.8133775591850281,0,0,0,0,0,0,0
2023103399,2026-0118-08-01-07-01,2026-01-18,0.7783510088920593,1,0,0,0,0,0,0
2023103417,2025-1004-08-03-01-02,2025-10-04,0.7757456302642822,3,0,0,0,0,0,0
2023103434,2025-1221-06-05-06-07,2025-12-21,0.7757456302642822,2,0,0,0,0,0,0
2023103441,2026-0516-08-03-07-02,2026-05-16,0.7783510088920593,2,0,1,1,0,0,0
2023103447,2025-1005-05-04-02-02,2025-10-05,0.7757456302642822,3,0,0,0,0,0,0
2023103451,2026-0620-05-03-05-06,2026-06-20,0.7774975895881653,1,0,0,0,0,0,0
2023103471,2026-0502-04-01-01-06,2026-05-02,0.7783510088920593,0,0,0,0,0,0,0
2023103472,2026-0228-06-02-01-06,2026-02-28,0.7947853207588196,3,0,0,1,0,0,1
2023103472,2026-0711-03-02-05-07,2026-07-11,0.7947853207588196,0,0,0,0,0,0,0
2023103480,2025-1122-08-04-05-05,2025-11-22,0.7903305292129517,3,0,1,1,0,1,1
2023103480,2026-0328-09-02-01-11,2026-03-28,0.8751362562179565,2,0,0,0,0,0,0
2023103481,2026-0809-01-01-06-07,2026-08-09,0.7774975895881653,0,0,0,0,0,0,0
2023103487,2025-1123-05-05-05-03,2025-11-23,0.7757456302642822,3,0,0,0,0,0,0
2023103488,2026-0718-10-02-07-07,2026-07-18,0.7774975895881653,0,0,0,0,0,0,0
2023103492,2026-0502-08-03-03-09,2026-05-02,0.8112345337867737,1,0,0,0,0,0,0
2023103499,2025-1019-05-04-07-03,2025-10-19,0.7757456302642822,3,0,0,0,0,0,0
2023103503,2025-1005-08-03-02-02,2025-10-05,0.7757456302642822,3,0,1,1,0,1,1
2023103517,2026-0201-08-02-02-02,2026-02-01,0.7783510088920593,3,0,0,1,0,0,0
2023103528,2026-0412-03-01-02-02,2026-04-12,0.7783510088920593,3,0,0,0,0,0,0
2023103531,2026-0503-08-03-04-04,2026-05-03,0.7783510088920593,1,1,1,1,1,1,1
2023103547,2025-1122-03-03-05-03,2025-11-22,0.7757456302642822,2,0,0,0,0,0,0
2023103550,2025-1102-05-04-11-04,2025-11-02,0.7903305292129517,3,0,0,0,0,0,0
2023103552,2025-1101-05-04-10-04,2025-11-01,0.7903305292129517,3,0,0,0,0,0,0
2023103558,2026-0516-04-01-05-05,2026-05-16,0.7783510088920593,1,0,0,0,0,0,0
2023103577,2025-1221-07-05-06-01,2025-12-21,0.7757456302642822,3,0,0,0,0,0,0
2023103590,2026-0214-08-02-05-01,2026-02-14,0.7783510088920593,1,0,0,0,0,0,0
2023103620,2026-0105-06-01-02-02,2026-01-05,0.7783510088920593,0,0,0,0,0,0,0
2023103625,2026-0221-10-01-09-03,2026-02-21,0.7783510088920593,3,1,1,1,1,1,1
2023103628,2025-1220-06-05-05-02,2025-12-20,0.7757456302642822,3,0,0,0,0,0,0
2023103636,2025-1214-07-05-04-05,2025-12-14,0.7903305292129517,2,0,0,0,0,0,0
2023103648,2025-1124-03-03-06-05,2025-11-24,0.7903305292129517,3,0,0,0,0,0,0
2023103674,2025-1019-08-03-07-01,2025-10-19,0.7757456302642822,3,0,0,0,0,0,0
2023103677,2025-1012-08-03-04-02,2025-10-12,0.7757456302642822,3,0,0,1,0,0,1
2023103677,2026-0131-08-02-01-04,2026-01-31,0.7783510088920593,3,0,0,0,0,0,0
2023103686,2026-0802-04-02-04-11,2026-08-02,0.7774975895881653,0,0,0,0,0,0,0
2023103687,2025-0914-06-04-04-05,2025-09-14,0.7903305292129517,3,0,0,0,0,0,0
2023103689,2025-1207-09-05-02-01,2025-12-07,0.7757456302642822,3,0,0,0,0,0,0
2023103701,2025-1221-07-05-06-01,2025-12-21,0.7757456302642822,3,0,0,1,0,0,1
2023103709,2026-0117-06-01-06-02,2026-01-17,0.7783510088920593,2,0,0,0,0,0,0
2023103717,2026-0110-06-01-03-03,2026-01-10,0.7783510088920593,3,0,1,1,0,1,1
2023103720,2026-0104-08-01-01-02,2026-01-04,0.7783510088920593,1,1,1,1,1,1,1
2023103720,2026-0117-08-01-06-01,2026-01-17,0.7783510088920593,0,0,0,0,0,0,0
2023103730,2026-0719-02-01-12-04,2026-07-19,0.7774975895881653,0,0,0,0,0,0,0
2023103731,2026-0523-05-02-09-03,2026-05-23,0.7783510088920593,1,1,1,1,0,0,0
2023103731,2026-0614-05-03-04-02,2026-06-14,0.7774975895881653,0,0,0,0,0,0,0
2023103734,2026-0328-07-01-05-04,2026-03-28,0.7783510088920593,3,0,0,0,0,0,0
2023103747,2025-0913-06-04-03-01,2025-09-13,0.7757456302642822,0,0,0,0,0,0,0
2023103748,2026-0502-05-02-03-02,2026-05-02,0.7783510088920593,0,0,0,0,0,0,0
2023103750,2026-0411-06-03-05-03,2026-04-11,0.7783510088920593,2,0,0,0,0,0,0
2023103750,2026-0704-02-01-07-12,2026-07-04,0.7947853207588196,0,0,0,0,0,0,0
2023103753,2026-0613-05-03-03-07,2026-06-13,0.7774975895881653,2,0,0,0,0,0,0
2023103778,2026-0411-06-03-05-03,2026-04-11,0.7783510088920593,1,0,0,0,0,0,0
2023103783,2025-1206-09-05-01-02,2025-12-06,0.7757456302642822,3,0,0,0,0,0,0
2023103801,2026-0726-04-02-02-10,2026-07-26,0.7774975895881653,0,0,0,0,0,0,0
2023103802,2026-0315-06-02-06-01,2026-03-15,0.7783510088920593,2,0,0,0,0,0,0
2023103806,2026-0329-06-03-02-03,2026-03-29,0.7783510088920593,2,0,0,0,0,0,0
2023103807,2026-0208-10-01-06-05,2026-02-08,0.7831861972808838,2,1,1,1,1,1,1
2023103808,2026-0502-08-03-03-01,2026-05-02,0.7783510088920593,0,0,0,0,0,0,0
2023103815,2026-0228-10-01-11-01,2026-02-28,0.7783510088920593,0,0,0,0,0,0,0
2023103817,2025-1012-08-03-04-03,2025-10-12,0.7757456302642822,2,0,1,1,0,1,1
2023103818,2026-0308-06-02-04-05,2026-03-08,0.7783510088920593,3,0,1,1,0,1,1
2023103818,2026-0808-04-02-05-06,2026-08-08,0.8275298476219177,0,0,0,0,0,0,0
2023103822,2025-1004-08-03-01-01,2025-10-04,0.7757456302642822,2,0,0,0,0,0,0
2023103824,2025-0927-06-04-08-04,2025-09-27,0.7903305292129517,3,0,0,1,0,0,1
2023103828,2025-1227-09-05-07-05,2025-12-27,0.7903305292129517,1,1,1,1,1,1,1
2023103846,2026-0125-06-01-09-04,2026-01-25,0.7831861972808838,2,0,0,0,0,0,0
2023103852,2026-0719-10-02-08-06,2026-07-19,0.7774975895881653,0,0,0,0,0,0,0
2023103860,2026-0607-05-03-02-06,2026-06-07,0.7774975895881653,1,1,1,1,1,1,1
2023103876,2026-0503-08-03-04-01,2026-05-03,0.7783510088920593,1,1,1,1,1,1,1
2023103884,2026-0112-08-01-05-04,2026-01-12,0.7831861972808838,3,1,1,1,0,0,0
2023103889,2025-1011-08-03-03-05,2025-10-11,0.7903305292129517,2,1,1,1,1,1,1
2023103889,2025-1130-08-04-08-09,2025-11-30,0.8099031448364258,1,0,0,0,0,0,0
2023103893,2026-0214-08-02-05-05,2026-02-14,0.7831861972808838,3,0,0,1,0,0,1
2023103893,2026-0808-07-02-05-08,2026-08-08,0.8112345337867737,0,0,0,0,0,0,0
2023103894,2026-0104-06-01-01-04,2026-01-04,0.7783510088920593,2,0,0,0,0,0,0
2023103895,2026-0411-09-02-05-05,2026-04-11,0.7947853207588196,1,0,0,0,0,0,0
2023103899,2026-0308-09-01-06-09,2026-03-08,0.8112345337867737,3,0,0,1,0,0,1
2023103901,2026-0628-02-01-06-04,2026-06-28,0.7774975895881653,1,0,0,0,0,0,0
2023103906,2026-0502-08-03-03-09,2026-05-02,0.8112345337867737,2,0,1,1,0,0,0
2023103907,2025-1123-08-04-06-05,2025-11-23,0.7903305292129517,3,0,1,1,0,1,1
2023103916,2026-0704-10-02-03-02,2026-07-04,0.7774975895881653,1,0,0,0,0,0,0
2023103919,2026-0221-10-01-09-01,2026-02-21,0.7783510088920593,3,1,1,1,1,1,1
2023103919,2026-0315-07-01-02-02,2026-03-15,0.7783510088920593,3,0,1,1,0,1,1
2023103919,2026-0712-10-02-06-07,2026-07-12,0.7947853207588196,1,0,0,0,0,0,0
2023103925,2026-0426-05-02-02-01,2026-04-26,0.7783510088920593,0,0,0,0,0,0,0
2023103929,2025-1116-03-03-04-01,2025-11-16,0.7757456302642822,3,0,1,1,0,1,1
2023103929,2026-0131-10-01-03-01,2026-01-31,0.7783510088920593,1,1,1,1,1,1,1
2023103962,2025-1129-05-05-07-04,2025-11-29,0.7903305292129517,3,0,0,0,0,0,0
2023103986,2025-1026-08-03-09-03,2025-10-26,0.7757456302642822,3,0,0,0,0,0,0
2023104008,2026-0510-08-03-06-05,2026-05-10,0.7783510088920593,1,0,0,0,0,0,0
2023104015,2026-0222-10-01-10-02,2026-02-22,0.7783510088920593,3,0,1,1,0,1,1
2023104031,2025-1213-06-05-03-06,2025-12-13,0.7903305292129517,3,0,0,0,0,0,0
2023104044,2025-1019-04-04-02-02,2025-10-19,0.7757456302642822,3,0,0,0,0,0,0
2023104044,2025-1214-09-05-04-06,2025-12-14,0.793552577495575,3,0,0,0,0,0,0
2023104046,2026-0516-08-03-07-01,2026-05-16,0.7783510088920593,2,1,1,1,0,1,1
2023104046,2026-0719-02-01-12-07,2026-07-19,0.7947853207588196,0,0,0,0,0,0,0
2023104050,2026-0222-09-01-02-02,2026-02-22,0.7783510088920593,1,0,0,0,0,0,0
2023104070,2026-0620-09-03-05-04,2026-06-20,0.7774975895881653,0,0,0,0,0,0,0
2023104079,2026-0627-10-02-01-08,2026-06-27,0.7947853207588196,1,0,0,0,0,0,0
2023104103,2026-0104-06-01-01-04,2026-01-04,0.7783510088920593,3,0,0,1,0,0,1
2023104103,2026-0228-06-02-01-02,2026-02-28,0.7783510088920593,3,0,0,1,0,0,1
2023104105,2026-0627-03-02-01-02,2026-06-27,0.7774975895881653,1,0,0,0,0,0,0
2023104150,2025-1018-05-04-06-02,2025-10-18,0.7757456302642822,3,1,1,1,1,1,1
2023104150,2025-1115-05-05-03-01,2025-11-15,0.7757456302642822,2,0,0,0,0,0,0
2023104151,2025-0906-06-04-01-03,2025-09-06,0.7757456302642822,3,0,0,0,0,0,0
2023104170,2026-0607-05-03-02-01,2026-06-07,0.7774975895881653,1,0,0,0,0,0,0
2023104172,2026-0719-10-02-08-06,2026-07-19,0.7774975895881653,1,0,0,0,0,0,0
2023104174,2025-1025-05-04-08-06,2025-10-25,0.7903305292129517,3,0,0,0,0,0,0
2023104193,2026-0524-04-01-08-06,2026-05-24,0.7783510088920593,2,0,1,1,0,0,0
2023104193,2026-0613-02-01-01-06,2026-06-13,0.7774975895881653,1,1,1,1,1,1,1
2023104193,2026-0627-02-01-05-03,2026-06-27,0.7774975895881653,0,0,0,0,0,0,0
2023104303,2026-0131-05-01-01-06,2026-01-31,0.7783510088920593,3,0,0,0,0,0,0
2023104313,2025-1122-08-04-05-09,2025-11-22,0.8099031448364258,3,0,0,1,0,0,1
2023104322,2025-1123-08-04-06-04,2025-11-23,0.7903305292129517,3,0,0,0,0,0,0
2023104322,2026-0711-02-01-09-02,2026-07-11,0.7774975895881653,1,0,0,0,0,0,0
2023104324,2026-0104-08-01-01-02,2026-01-04,0.7783510088920593,3,0,0,0,0,0,0
2023104324,2026-0322-09-01-10-06,2026-03-22,0.7947853207588196,3,0,1,1,0,1,1
2023104324,2026-0411-09-02-05-05,2026-04-11,0.7947853207588196,3,1,1,1,1,1,1
2023104324,2026-0502-04-01-01-09,2026-05-02,0.8112345337867737,2,0,0,0,0,0,0
2023104324,2026-0719-02-01-12-10,2026-07-19,0.8275298476219177,1,0,0,0,0,0,0
2023104329,2026-0523-04-01-07-02,2026-05-23,0.7783510088920593,1,0,0,0,0,0,0
2023104352,2026-0711-10-02-05-08,2026-07-11,0.7947853207588196,0,0,0,0,0,0,0
2023104362,2026-0404-09-02-03-01,2026-04-04,0.7783510088920593,3,0,0,0,0,0,0
2023104384,2026-0802-01-01-04-01,2026-08-02,0.7774975895881653,0,0,0,0,0,0,0
2023104386,2026-0628-02-01-06-09,2026-06-28,0.8112345337867737,0,0,0,0,0,0,0
2023104387,2026-0221-09-01-01-02,2026-02-21,0.7783510088920593,3,0,0,0,0,0,0
2023104387,2026-0607-09-03-02-12,2026-06-07,0.7947853207588196,1,1,1,1,1,1,1
2023104398,2026-0404-06-03-03-06,2026-04-04,0.7783510088920593,0,0,0,0,0,0,0
2023104402,2026-0208-10-01-06-06,2026-02-08,0.7783510088920593,2,0,0,0,0,0,0
2023104408,2026-0321-07-01-03-01,2026-03-21,0.7783510088920593,3,0,0,1,0,0,0
2023104411,2026-0321-07-01-03-01,2026-03-21,0.7783510088920593,1,0,0,0,0,0,0
2023104412,2025-0927-06-04-08-05,2025-09-27,0.7903305292129517,3,0,0,0,0,0,0
2023104412,2025-1026-05-04-09-03,2025-10-26,0.7757456302642822,3,0,1,1,0,1,1
2023104414,2025-0915-09-04-05-03,2025-09-15,0.7757456302642822,3,1,1,1,1,1,1
2023104414,2025-0927-09-04-08-02,2025-09-27,0.7757456302642822,3,0,0,0,0,0,0
2023104414,2026-0704-02-01-07-12,2026-07-04,0.7947853207588196,2,1,1,1,1,1,1
2023104414,2026-0719-02-01-12-10,2026-07-19,0.8275298476219177,1,0,0,0,0,0,0
2023104439,2025-0913-09-04-03-06,2025-09-13,0.7903305292129517,0,0,0,0,0,0,0
2023104443,2025-0921-06-04-07-05,2025-09-21,0.7903305292129517,2,0,1,1,0,1,1
2023104443,2026-0228-06-02-01-06,2026-02-28,0.7947853207588196,0,0,0,0,0,0,0
2023104485,2026-0808-04-02-05-12,2026-08-08,0.7774975895881653,0,0,0,0,0,0,0
2023104486,2026-0726-01-01-02-06,2026-07-26,0.7774975895881653,1,0,0,0,0,0,0
2023104486,2026-0808-01-01-05-06,2026-08-08,0.7774975895881653,0,0,0,0,0,0,0
2023104487,2026-0801-01-01-03-04,2026-08-01,0.7947853207588196,0,0,0,0,0,0,0
2023104504,2026-0228-06-02-01-04,2026-02-28,0.7783510088920593,3,0,0,0,0,0,0
2023104539,2026-0509-04-01-03-03,2026-05-09,0.7783510088920593,3,0,0,1,0,0,1
2023104540,2025-1013-05-04-05-02,2025-10-13,0.7757456302642822,1,0,0,0,0,0,0
2023104545,2026-0307-06-02-03-03,2026-03-07,0.7783510088920593,2,0,1,1,0,1,1
2023104545,2026-0531-05-02-12-05,2026-05-31,0.7947853207588196,0,0,0,0,0,0,0
2023104552,2026-0425-08-03-01-05,2026-04-25,0.7783510088920593,2,0,1,1,0,1,1
2023104562,2025-1214-09-05-04-06,2025-12-14,0.793552577495575,3,0,0,1,0,0,1
2023104562,2026-0613-09-03-03-10,2026-06-13,0.8275298476219177,0,0,0,0,0,0,0
2023104603,2026-0628-03-02-02-02,2026-06-28,0.7774975895881653,1,1,1,1,1,1,1
2023104603,2026-0719-03-02-08-07,2026-07-19,0.7774975895881653,0,0,0,0,0,0,0
2023104626,2025-1122-08-04-05-06,2025-11-22,0.7903305292129517,1,1,1,1,1,1,1
2023104628,2025-1108-03-03-01-02,2025-11-08,0.7757456302642822,3,0,0,0,0,0,0
2023104658,2025-1227-06-05-07-03,2025-12-27,0.7757456302642822,3,1,1,1,1,1,1
2023104658,2026-0110-06-01-03-01,2026-01-10,0.7783510088920593,3,0,0,0,0,0,0
2023104658,2026-0307-06-02-03-07,2026-03-07,0.7947853207588196,3,0,0,1,0,0,1
2023104700,2025-1214-09-05-04-02,2025-12-14,0.7757456302642822,3,0,1,1,0,1,1
2023104703,2026-0704-10-02-03-02,2026-07-04,0.7774975895881653,1,0,0,0,0,0,0
2023104733,2025-0921-09-04-07-03,2025-09-21,0.7757456302642822,3,0,0,1,0,0,1
2023104733,2026-0621-09-03-06-12,2026-06-21,0.8133775591850281,1,0,0,0,0,0,0
2023104752,2025-0927-09-04-08-01,2025-09-27,0.7757456302642822,3,0,0,0,0,0,0
2023104752,2025-1018-08-03-06-08,2025-10-18,0.8099031448364258,3,0,0,0,0,0,0
2023104766,2026-0314-07-01-01-01,2026-03-14,0.7783510088920593,3,0,0,0,0,0,0
2023104780,2025-1214-07-05-04-02,2025-12-14,0.7757456302642822,1,0,0,0,0,0,0
2023104830,2026-0228-09-01-03-05,2026-02-28,0.7783510088920593,3,0,0,0,0,0,0
2023104848,2026-0726-07-02-02-08,2026-07-26,0.8275298476219177,0,0,0,0,0,0,0
2023104849,2026-0124-06-01-08-01,2026-01-24,0.7783510088920593,3,0,0,0,0,0,0
2023104852,2025-0927-06-04-08-03,2025-09-27,0.7757456302642822,3,1,1,1,1,1,1
2023104852,2025-1025-04-04-03-02,2025-10-25,0.7757456302642822,3,0,0,0,0,0,0
2023104876,2026-0726-07-02-02-05,2026-07-26,0.7774975895881653,1,0,0,0,0,0,0
2023104887,2025-1207-09-05-02-06,2025-12-07,0.7903305292129517,3,0,0,0,0,0,0
2023104920,2026-0418-03-01-03-06,2026-04-18,0.7783510088920593,1,0,0,0,0,0,0
2023104927,2025-1004-05-04-01-01,2025-10-04,0.7757456302642822,3,0,0,0,0,0,0
2023104927,2026-0110-06-01-03-09,2026-01-10,0.8112345337867737,3,0,1,1,0,0,0
2023104939,2026-0228-09-01-03-02,2026-02-28,0.7783510088920593,1,0,0,0,0,0,0
2023104991,2025-1019-04-04-02-05,2025-10-19,0.7903305292129517,3,0,0,0,0,0,0
2023104996,2025-0907-09-04-02-05,2025-09-07,0.7903305292129517,3,0,0,0,0,0,0
2023105000,2025-1012-05-04-04-05,2025-10-12,0.7903305292129517,3,0,0,0,0,0,0
2023105005,2026-0418-03-01-03-05,2026-04-18,0.7783510088920593,0,0,0,0,0,0,0
2023105008,2025-1025-08-03-08-02,2025-10-25,0.7757456302642822,3,0,0,0,0,0,0
2023105011,2025-1026-04-04-04-05,2025-10-26,0.7903305292129517,3,0,0,0,0,0,0
2023105013,2025-1012-05-04-04-01,2025-10-12,0.7757456302642822,3,0,0,1,0,0,1
2023105021,2026-0201-08-02-02-05,2026-02-01,0.7783510088920593,3,0,0,0,0,0,0
2023105032,2025-1004-08-03-01-01,2025-10-04,0.7757456302642822,3,0,1,1,0,1,1
2023105037,2025-1213-09-05-03-06,2025-12-13,0.7903305292129517,2,0,0,0,0,0,0
2023105041,2026-0509-08-03-05-02,2026-05-09,0.7783510088920593,2,0,0,0,0,0,0
2023105046,2026-0628-10-02-02-09,2026-06-28,0.8275298476219177,0,0,0,0,0,0,0
2023105059,2026-0405-09-02-04-03,2026-04-05,0.7783510088920593,3,0,0,0,0,0,0
2023105059,2026-0502-08-03-03-01,2026-05-02,0.7783510088920593,3,0,1,1,0,0,0
2023105059,2026-0705-02-01-08-02,2026-07-05,0.7774975895881653,2,0,0,0,0,0,0
2023105077,2026-0328-06-03-01-04,2026-03-28,0.7783510088920593,2,0,1,1,0,1,1
2023105081,2026-0125-06-01-09-04,2026-01-25,0.7831861972808838,3,0,0,0,0,0,0
2023105081,2026-0606-05-03-01-03,2026-06-06,0.7774975895881653,1,0,0,0,0,0,0
2023105092,2025-1011-05-04-03-02,2025-10-11,0.7757456302642822,3,0,0,1,0,0,1
2023105092,2026-0207-05-01-03-07,2026-02-07,0.7947853207588196,3,0,0,0,0,0,0
2023105097,2026-0711-03-02-05-02,2026-07-11,0.7774975895881653,1,0,0,0,0,0,0
2023105106,2025-0906-06-04-01-06,2025-09-06,0.7903305292129517,3,0,0,1,0,0,1
2023105116,2026-0502-04-01-01-03,2026-05-02,0.7783510088920593,3,0,0,0,0,0,0
2023105137,2025-1207-06-05-02-03,2025-12-07,0.7903305292129517,3,0,0,0,0,0,0
2023105140,2025-0906-09-04-01-01,2025-09-06,0.7757456302642822,3,1,1,1,1,1,1
2023105140,2025-1005-08-03-02-01,2025-10-05,0.7757456302642822,3,0,0,0,0,0,0
2023105141,2026-0112-08-01-05-05,2026-01-12,0.7831861972808838,3,0,0,0,0,0,0
2023105164,2026-0214-05-01-05-04,2026-02-14,0.7831861972808838,1,0,0,0,0,0,0
2023105177,2026-0210-05-01-04-02,2026-02-10,0.7783510088920593,3,0,1,1,0,1,1
2023105177,2026-0315-06-02-06-02,2026-03-15,0.7783510088920593,3,0,0,0,0,0,0
2023105190,2026-0112-08-01-05-01,2026-01-12,0.7783510088920593,3,0,0,0,0,0,0
2023105203,2025-1005-08-03-02-04,2025-10-05,0.7903305292129517,3,0,1,1,0,1,1
2023105208,2026-0503-05-02-04-02,2026-05-03,0.7783510088920593,1,0,0,0,0,0,0
2023105223,2026-0404-09-02-03-09,2026-04-04,0.8112345337867737,2,0,0,0,0,0,0
2023105224,2025-1101-05-04-10-01,2025-11-01,0.7757456302642822,3,0,1,1,0,1,1
2023105224,2026-0214-05-01-05-03,2026-02-14,0.7783510088920593,2,0,0,0,0,0,0
2023105238,2025-1108-05-05-01-05,2025-11-08,0.7903305292129517,1,0,0,0,0,0,0
2023105241,2025-1214-09-05-04-03,2025-12-14,0.7757456302642822,3,0,0,1,0,0,1
2023105247,2026-0228-09-01-03-05,2026-02-28,0.7783510088920593,1,1,1,1,1,1,1
2023105247,2026-0530-08-03-11-05,2026-05-30,0.7783510088920593,0,0,0,0,0,0,0
2023105249,2026-0322-09-01-10-01,2026-03-22,0.7783510088920593,2,0,0,0,0,0,0
2023105257,2025-1124-03-03-06-05,2025-11-24,0.7903305292129517,3,0,0,0,0,0,0
2023105257,2026-0425-03-01-05-05,2026-04-25,0.7783510088920593,2,0,0,0,0,0,0
2023105263,2026-0328-06-03-01-01,2026-03-28,0.7783510088920593,3,1,1,1,1,1,1
2023105263,2026-0524-05-02-10-03,2026-05-24,0.7783510088920593,2,0,0,0,0,0,0
2023105272,2025-0907-06-04-02-06,2025-09-07,0.7903305292129517,3,0,1,1,0,0,0
2023105272,2025-1108-08-04-01-01,2025-11-08,0.7757456302642822,3,0,0,0,0,0,0
2023105272,2026-0117-08-01-06-06,2026-01-17,0.7947853207588196,3,0,0,0,0,0,0
2023105274,2026-0719-10-02-08-12,2026-07-19,0.8112345337867737,0,0,0,0,0,0,0
2023105283,2025-1124-05-05-06-06,2025-11-24,0.7903305292129517,1,0,0,0,0,0,0
2023105286,2026-0221-09-01-01-06,2026-02-21,0.7783510088920593,2,0,1,1,0,1,1
2023105288,2026-0215-08-02-06-05,2026-02-15,0.7783510088920593,3,0,0,0,0,0,0
2023105288,2026-0412-09-02-06-09,2026-04-12,0.8417340517044067,2,0,0,0,0,0,0
2023105291,2025-1026-08-03-09-01,2025-10-26,0.7757456302642822,3,0,0,0,0,0,0
2023105292,2026-0628-10-02-02-02,2026-06-28,0.7774975895881653,1,0,0,0,0,0,0
2023105294,2026-0117-08-01-06-03,2026-01-17,0.7783510088920593,3,0,0,0,0,0,0
2023105295,2026-0419-03-01-04-02,2026-04-19,0.7783510088920593,2,1,1,1,0,0,0
2023105295,2026-0620-05-03-05-01,2026-06-20,0.7774975895881653,1,0,0,0,0,0,0
2023105303,2026-0105-08-01-02-04,2026-01-05,0.7947853207588196,3,1,1,1,1,1,1
2023105303,2026-0301-09-01-04-04,2026-03-01,0.7947853207588196,2,0,0,0,0,0,0
2023105303,2026-0502-08-03-03-11,2026-05-02,0.8700112700462341,1,0,0,0,0,0,0
2023105311,2025-1115-08-04-03-11,2025-11-15,0.871342658996582,3,0,0,0,0,0,0
2023105312,2025-0906-01-02-05-05,2025-09-06,0.7903305292129517,3,1,1,1,1,1,1
2023105312,2025-1019-08-03-07-09,2025-10-19,0.8281578421592712,2,1,1,1,1,1,1
2023105312,2026-0117-08-01-06-10,2026-01-17,0.8417340517044067,1,0,0,0,0,0,0
2023105317,2025-0920-06-04-06-01,2025-09-20,0.7757456302642822,3,0,0,1,0,0,1
2023105325,2025-0920-06-04-06-04,2025-09-20,0.7903305292129517,3,0,0,0,0,0,0
2023105329,2026-0517-05-02-08-03,2026-05-17,0.7783510088920593,1,0,0,0,0,0,0
2023105346,2025-1005-08-03-02-02,2025-10-05,0.7757456302642822,3,0,0,0,0,0,0
2023105351,2026-0301-06-02-02-04,2026-03-01,0.7947853207588196,3,0,1,1,0,1,1
2023105351,2026-0621-02-01-04-10,2026-06-21,0.8275298476219177,1,0,0,0,0,0,0
2023105367,2025-1220-09-05-05-01,2025-12-20,0.7757456302642822,3,0,0,1,0,0,1
2023105367,2026-0628-10-02-02-07,2026-06-28,0.7947853207588196,1,0,0,0,0,0,0
2023105380,2026-0705-10-02-04-08,2026-07-05,0.7947853207588196,1,0,0,0,0,0,0
2023105381,2025-0928-06-04-09-01,2025-09-28,0.7757456302642822,3,0,0,0,0,0,0
2023105387,2026-0523-04-01-07-06,2026-05-23,0.7783510088920593,0,0,0,0,0,0,0
2023105390,2025-1018-04-04-01-02,2025-10-18,0.7757456302642822,1,0,0,0,0,0,0
2023105405,2026-0207-05-01-03-03,2026-02-07,0.7783510088920593,2,0,0,0,0,0,0
2023105420,2026-0125-06-01-09-12,2026-01-25,0.7783510088920593,3,0,0,0,0,0,0
2023105429,2026-0207-05-01-03-01,2026-02-07,0.7783510088920593,3,0,0,0,0,0,0
2023105435,2026-0214-08-02-05-04,2026-02-14,0.7783510088920593,2,0,0,0,0,0,0
2023105438,2026-0516-04-01-05-06,2026-05-16,0.7783510088920593,1,0,0,0,0,0,0
2023105447,2025-1207-09-05-02-01,2025-12-07,0.7757456302642822,3,1,1,1,1,1,1
2023105449,2026-0322-06-02-08-06,2026-03-22,0.7783510088920593,3,0,0,0,0,0,0
2023105449,2026-0726-04-02-02-12,2026-07-26,0.7774975895881653,0,0,0,0,0,0,0
2023105456,2025-1108-05-05-01-03,2025-11-08,0.7757456302642822,3,1,1,1,1,1,1
2023105466,2025-1228-09-05-08-04,2025-12-28,0.7903305292129517,3,0,0,0,0,0,0
2023105466,2026-0328-09-02-01-01,2026-03-28,0.7783510088920593,3,0,0,0,0,0,0
2023105474,2026-0531-05-02-12-02,2026-05-31,0.7783510088920593,0,0,0,0,0,0,0
2023105484,2026-0321-07-01-03-05,2026-03-21,0.7783510088920593,3,0,0,0,0,0,0
2023105508,2026-0418-09-02-07-03,2026-04-18,0.7783510088920593,1,1,1,1,0,0,0
2023105508,2026-0809-07-02-06-04,2026-08-09,0.7774975895881653,0,0,0,0,0,0,0
2023105513,2026-0711-10-02-05-07,2026-07-11,0.7947853207588196,1,0,0,0,0,0,0
2023105516,2025-1116-08-04-04-03,2025-11-16,0.7757456302642822,3,0,0,0,0,0,0
2023105534,2026-0222-10-01-10-05,2026-02-22,0.7783510088920593,2,0,0,0,0,0,0
2023105558,2026-0404-06-03-03-01,2026-04-04,0.7783510088920593,3,0,0,0,0,0,0
2023105560,2025-1214-06-05-04-03,2025-12-14,0.7757456302642822,3,0,1,1,0,1,1
2023105571,2026-0704-10-02-03-03,2026-07-04,0.7774975895881653,1,0,0,0,0,0,0
2023105591,2025-1011-08-03-03-06,2025-10-11,0.7903305292129517,3,0,0,0,0,0,0
2023105591,2026-0627-02-01-05-08,2026-06-27,0.7947853207588196,1,0,0,0,0,0,0
2023105593,2026-0321-09-01-09-04,2026-03-21,0.7783510088920593,2,0,1,1,0,1,1
2023105616,2025-1122-08-04-05-01,2025-11-22,0.7757456302642822,3,0,0,0,0,0,0
2023105630,2026-0614-02-01-02-03,2026-06-14,0.7774975895881653,3,0,1,1,0,1,1
2023105638,2026-0419-09-02-08-01,2026-04-19,0.7783510088920593,1,0,0,0,0,0,0
2023105645,2025-1227-09-05-07-06,2025-12-27,0.7903305292129517,3,1,1,1,0,0,0
2023105645,2026-0112-08-01-05-02,2026-01-12,0.7783510088920593,3,0,0,1,0,0,1
2023105645,2026-0726-07-02-02-06,2026-07-26,0.8275298476219177,0,0,0,0,0,0,0
2023105654,2026-0307-06-02-03-02,2026-03-07,0.7783510088920593,1,0,0,0,0,0,0
2023105664,2025-0920-06-04-06-01,2025-09-20,0.7757456302642822,3,0,0,0,0,0,0
2023105672,2026-0328-09-02-01-01,2026-03-28,0.7783510088920593,3,0,0,0,0,0,0
2023105675,2026-0523-08-03-09-02,2026-05-23,0.7783510088920593,2,0,0,0,0,0,0
2023105683,2026-0321-07-01-03-05,2026-03-21,0.7783510088920593,3,0,0,0,0,0,0
2023105685,2025-0914-09-04-04-02,2025-09-14,0.7757456302642822,3,0,1,1,0,1,1
2023105685,2025-1019-08-03-07-09,2025-10-19,0.8281578421592712,3,1,1,1,1,1,1
2023105708,2025-1026-04-04-04-03,2025-10-26,0.7757456302642822,3,0,0,0,0,0,0
2023105727,2026-0614-09-03-04-02,2026-06-14,0.7774975895881653,0,0,0,0,0,0,0
2023105729,2026-0426-03-01-06-01,2026-04-26,0.7783510088920593,0,0,0,0,0,0,0
2023105738,2026-0425-08-03-01-02,2026-04-25,0.7783510088920593,1,0,0,0,0,0,0
2023105748,2025-1019-05-04-07-01,2025-10-19,0.7757456302642822,3,0,0,0,0,0,0
2023105748,2026-0627-03-02-01-10,2026-06-27,0.8275298476219177,1,0,0,0,0,0,0
2023105783,2026-0112-06-01-05-02,2026-01-12,0.7783510088920593,2,0,0,0,0,0,0
2023105786,2026-0125-10-01-02-06,2026-01-25,0.7783510088920593,3,0,0,1,0,0,1
2023105786,2026-0328-09-02-01-02,2026-03-28,0.7783510088920593,3,0,0,0,0,0,0
2023105789,2026-0530-08-03-11-04,2026-05-30,0.7783510088920593,1,1,1,1,0,0,0
2023105800,2026-0503-05-02-04-01,2026-05-03,0.7783510088920593,1,1,1,1,1,1,1
2023105800,2026-0531-05-02-12-01,2026-05-31,0.7783510088920593,0,0,0,0,0,0,0
2023105804,2026-0725-07-02-01-05,2026-07-25,0.7774975895881653,0,0,0,0,0,0,0
2023105810,2026-0208-10-01-06-06,2026-02-08,0.7783510088920593,3,0,0,1,0,0,1
2023105812,2025-0906-01-02-05-02,2025-09-06,0.7757456302642822,2,0,0,0,0,0,0
2023105814,2026-0620-05-03-05-07,2026-06-20,0.7774975895881653,0,0,0,0,0,0,0
2023105818,2026-0725-07-02-01-08,2026-07-25,0.8112345337867737,0,0,0,0,0,0,0
2023105821,2026-0607-09-03-02-03,2026-06-07,0.7774975895881653,1,0,0,0,0,0,0
2023105825,2025-0913-09-04-03-03,2025-09-13,0.7757456302642822,3,0,0,0,0,0,0
2023105830,2026-0719-02-01-12-07,2026-07-19,0.7947853207588196,1,0,0,0,0,0,0
2023105834,2026-0405-09-02-04-03,2026-04-05,0.7783510088920593,0,0,0,0,0,0,0
2023105841,2026-0322-07-01-04-02,2026-03-22,0.7783510088920593,2,0,0,0,0,0,0
2023105847,2026-0215-08-02-06-06,2026-02-15,0.7783510088920593,2,1,1,1,1,1,1
2023105847,2026-0620-09-03-05-09,2026-06-20,0.8275298476219177,0,0,0,0,0,0,0
2023105857,2026-0719-02-01-12-04,2026-07-19,0.7774975895881653,1,1,1,1,1,1,1
2023105857,2026-0808-01-01-05-06,2026-08-08,0.7774975895881653,0,0,0,0,0,0,0
2023105858,2026-0621-05-03-06-06,2026-06-21,0.7774975895881653,2,0,0,0,0,0,0
2023105862,2026-0418-03-01-03-05,2026-04-18,0.7783510088920593,2,0,1,1,0,0,0
2023105870,2026-0718-02-01-11-03,2026-07-18,0.7774975895881653,0,0,0,0,0,0,0
2023105879,2026-0802-01-01-04-07,2026-08-02,0.7774975895881653,0,0,0,0,0,0,0
2023105899,2026-0131-08-02-01-01,2026-01-31,0.7783510088920593,3,0,1,1,0,1,1
2023105943,2026-0329-06-03-02-04,2026-03-29,0.7783510088920593,2,0,0,0,0,0,0
2023105971,2026-0516-08-03-07-05,2026-05-16,0.7783510088920593,1,1,1,1,1,1,1
2023106001,2026-0502-04-01-01-02,2026-05-02,0.7783510088920593,3,0,0,0,0,0,0
2023106023,2026-0307-06-02-03-02,2026-03-07,0.7783510088920593,1,0,0,0,0,0,0
2023106046,2026-0517-05-02-08-03,2026-05-17,0.7783510088920593,2,0,0,0,0,0,0
2023106052,2026-0210-05-01-04-02,2026-02-10,0.7783510088920593,3,0,0,0,0,0,0
2023106052,2026-0719-03-02-08-12,2026-07-19,0.7947853207588196,0,0,0,0,0,0,0
2023106079,2026-0628-02-01-06-04,2026-06-28,0.7774975895881653,1,0,0,0,0,0,0
2023106113,2026-0517-05-02-08-01,2026-05-17,0.7783510088920593,1,0,0,0,0,0,0
2023106127,2025-1206-07-05-01-01,2025-12-06,0.7757456302642822,3,0,0,0,0,0,0
2023106129,2026-0808-07-02-05-08,2026-08-08,0.8112345337867737,0,0,0,0,0,0,0
2023106162,2026-0411-06-03-05-02,2026-04-11,0.7783510088920593,2,0,0,0,0,0,0
2023106167,2026-0214-05-01-05-04,2026-02-14,0.7831861972808838,3,0,0,0,0,0,0
2023106172,2025-1123-08-04-06-02,2025-11-23,0.7757456302642822,3,0,0,0,0,0,0
2023106175,2026-0207-08-02-03-04,2026-02-07,0.7831861972808838,2,0,0,0,0,0,0
2023106184,2026-0208-10-01-06-09,2026-02-08,0.8112345337867737,3,0,0,0,0,0,0
2023106217,2026-0510-08-03-06-01,2026-05-10,0.7783510088920593,1,0,0,0,0,0,0
2023106219,2026-0307-06-02-03-06,2026-03-07,0.7783510088920593,2,0,1,1,0,1,1
2023106275,2026-0620-05-03-05-07,2026-06-20,0.7774975895881653,0,0,0,0,0,0,0
2023106288,2025-1102-05-04-11-08,2025-11-02,0.8099031448364258,3,0,0,0,0,0,0
2023106289,2026-0329-09-02-02-03,2026-03-29,0.7783510088920593,1,0,0,0,0,0,0
2023106312,2025-1018-04-04-01-05,2025-10-18,0.7903305292129517,3,0,0,0,0,0,0
2023106313,2026-0112-06-01-05-03,2026-01-12,0.7783510088920593,3,0,0,0,0,0,0
2023106313,2026-0502-04-01-01-09,2026-05-02,0.8112345337867737,1,0,0,0,0,0,0
2023106321,2026-0215-08-02-06-03,2026-02-15,0.7783510088920593,3,1,1,1,1,1,1
2023106362,2026-0510-04-01-04-05,2026-05-10,0.7783510088920593,1,1,1,1,1,1,1
2023106380,2026-0712-02-01-10-02,2026-07-12,0.7774975895881653,0,0,0,0,0,0,0
2023106388,2026-0222-09-01-02-06,2026-02-22,0.7947853207588196,1,0,0,0,0,0,0
2023106392,2025-1130-08-04-08-06,2025-11-30,0.7903305292129517,3,0,0,0,0,0,0
2023106397,2026-0614-02-01-02-02,2026-06-14,0.7774975895881653,2,0,0,0,0,0,0
2023106399,2026-0210-08-02-04-05,2026-02-10,0.7831861972808838,2,0,0,0,0,0,0
2023106403,2026-0201-08-02-02-03,2026-02-01,0.7783510088920593,3,0,0,0,0,0,0
2023106433,2025-1130-05-05-08-04,2025-11-30,0.7757456302642822,2,1,1,1,1,1,1
2023106438,2026-0516-04-01-05-05,2026-05-16,0.7783510088920593,3,0,0,0,0,0,0
2023106438,2026-0809-01-01-06-07,2026-08-09,0.7774975895881653,0,0,0,0,0,0,0
2023106443,2026-0405-06-03-04-05,2026-04-05,0.7783510088920593,3,0,0,0,0,0,0
2023106474,2026-0308-06-02-04-03,2026-03-08,0.7783510088920593,3,0,0,0,0,0,0
2023106494,2025-1213-06-05-03-04,2025-12-13,0.7757456302642822,3,0,0,1,0,0,1
2023106494,2026-0222-05-01-08-02,2026-02-22,0.7783510088920593,3,1,1,1,1,1,1
2023106494,2026-0321-06-02-07-04,2026-03-21,0.7783510088920593,2,1,1,1,1,1,1
2023106494,2026-0510-05-02-06-05,2026-05-10,0.7947853207588196,1,0,0,0,0,0,0
2023106516,2026-0329-09-02-02-02,2026-03-29,0.7783510088920593,2,0,0,0,0,0,0
2023106546,2025-1214-09-05-04-01,2025-12-14,0.7757456302642822,3,1,1,1,1,1,1
2023106546,2026-0228-10-01-11-07,2026-02-28,0.7947853207588196,3,0,0,0,0,0,0
2023106573,2026-0419-03-01-04-04,2026-04-19,0.7783510088920593,2,0,1,1,0,1,1
2023106573,2026-0510-04-01-04-03,2026-05-10,0.7783510088920593,1,1,1,1,1,1,1
2023106573,2026-0524-04-01-08-03,2026-05-24,0.7783510088920593,0,0,0,0,0,0,0
2023106587,2026-0613-05-03-03-01,2026-06-13,0.7774975895881653,0,0,0,0,0,0,0
2023106605,2026-0411-06-03-05-02,2026-04-11,0.7783510088920593,3,0,0,0,0,0,0
2023106605,2026-0509-05-02-05-01,2026-05-09,0.7783510088920593,2,0,0,0,0,0,0
2023106607,2026-0425-03-01-05-05,2026-04-25,0.7783510088920593,3,0,0,0,0,0,0
2023106612,2026-0726-04-02-02-12,2026-07-26,0.7774975895881653,0,0,0,0,0,0,0
2023106619,2026-0111-06-01-04-04,2026-01-11,0.7947853207588196,3,1,1,1,1,1,1
2023106619,2026-0307-06-02-03-07,2026-03-07,0.7947853207588196,2,0,0,0,0,0,0
2023106623,2026-0726-01-01-02-02,2026-07-26,0.7774975895881653,1,1,1,1,1,1,1
2023106623,2026-0808-01-01-05-01,2026-08-08,0.7774975895881653,0,0,0,0,0,0,0
2023106682,2026-0523-08-03-09-02,2026-05-23,0.7783510088920593,0,0,0,0,0,0,0
2023106718,2025-0928-06-04-09-03,2025-09-28,0.7757456302642822,3,0,0,0,0,0,0
2023106749,2026-0301-06-02-02-02,2026-03-01,0.7783510088920593,0,0,0,0,0,0,0
2023106786,2026-0321-07-01-03-02,2026-03-21,0.7783510088920593,1,0,0,0,0,0,0
2023106816,2025-1220-09-05-05-09,2025-12-20,0.8281578421592712,0,0,0,0,0,0,0
2023106821,2025-1124-05-05-06-04,2025-11-24,0.7757456302642822,3,1,1,1,1,1,1
2023106821,2026-0110-06-01-03-09,2026-01-10,0.8112345337867737,3,0,1,1,0,1,1
2023106830,2026-0621-05-03-06-06,2026-06-21,0.7774975895881653,0,0,0,0,0,0,0
2023106837,2026-0606-09-03-01-01,2026-06-06,0.7774975895881653,0,0,0,0,0,0,0
2023106846,2025-1221-06-05-06-05,2025-12-21,0.7903305292129517,2,1,1,1,0,1,1
2023106846,2026-0322-06-02-08-05,2026-03-22,0.7783510088920593,1,1,1,1,1,1,1
2023106846,2026-0502-05-02-03-10,2026-05-02,0.8417340517044067,0,0,0,0,0,0,0
2023106847,2025-0907-06-04-02-06,2025-09-07,0.7903305292129517,3,0,0,0,0,0,0
2023106855,2025-1206-09-05-01-02,2025-12-06,0.7757456302642822,3,0,1,1,0,1,1
2023106855,2026-0411-09-02-05-03,2026-04-11,0.7783510088920593,2,0,0,0,0,0,0
2023106857,2026-0110-08-01-03-01,2026-01-10,0.7783510088920593,3,0,0,0,0,0,0
2023106859,2026-0719-02-01-12-09,2026-07-19,0.8275298476219177,0,0,0,0,0,0,0
2023106866,2025-1012-08-03-04-02,2025-10-12,0.7757456302642822,3,0,0,0,0,0,0
2023106867,2025-1227-09-05-07-06,2025-12-27,0.7903305292129517,2,0,0,0,0,0,0
2023106874,2025-0914-09-04-04-05,2025-09-14,0.7903305292129517,3,0,1,1,0,0,0
2023106874,2025-1004-08-03-01-02,2025-10-04,0.7757456302642822,3,1,1,1,1,1,1
2023106888,2026-0801-07-02-03-05,2026-08-01,0.7774975895881653,0,0,0,0,0,0,0
2023106895,2025-0906-06-04-01-06,2025-09-06,0.7903305292129517,2,1,1,1,0,0,0
2023106895,2025-1018-05-04-06-02,2025-10-18,0.7757456302642822,1,0,0,0,0,0,0
2023106913,2026-0510-04-01-04-05,2026-05-10,0.7783510088920593,2,0,1,1,0,0,0
2023106916,2025-1026-05-04-09-03,2025-10-26,0.7757456302642822,3,0,1,1,0,1,1
2023106921,2025-0914-09-04-04-05,2025-09-14,0.7903305292129517,3,0,0,0,0,0,0
2023106932,2026-0105-06-01-02-01,2026-01-05,0.7783510088920593,3,1,1,1,1,1,1
2023106932,2026-0125-06-01-09-03,2026-01-25,0.7783510088920593,2,0,0,0,0,0,0
2023106936,2026-0705-03-02-04-01,2026-07-05,0.7774975895881653,0,0,0,0,0,0,0
2023106939,2026-0627-03-02-01-07,2026-06-27,0.7774975895881653,0,0,0,0,0,0,0
2023106940,2025-1018-08-03-06-06,2025-10-18,0.7903305292129517,3,0,1,1,0,1,1
2023106940,2026-0725-07-02-01-06,2026-07-25,0.8275298476219177,0,0,0,0,0,0,0
2023106948,2026-0315-07-01-02-02,2026-03-15,0.7783510088920593,2,0,0,0,0,0,0
2023106948,2026-0328-07-01-05-04,2026-03-28,0.7783510088920593,1,0,0,0,0,0,0
2023106954,2026-0322-06-02-08-02,2026-03-22,0.7783510088920593,2,0,0,0,0,0,0
2023106955,2025-0913-06-04-03-01,2025-09-13,0.7757456302642822,3,0,0,0,0,0,0
2023106963,2026-0301-09-01-04-06,2026-03-01,0.7947853207588196,2,1,1,1,1,1,1
2023106968,2025-1206-09-05-01-01,2025-12-06,0.7757456302642822,3,0,0,0,0,0,0
2023106969,2025-1026-05-04-09-02,2025-10-26,0.7757456302642822,1,0,0,0,0,0,0
2023106974,2026-0802-04-02-04-04,2026-08-02,0.7774975895881653,0,0,0,0,0,0,0
2023106976,2026-0531-05-02-12-03,2026-05-31,0.7783510088920593,2,0,1,1,0,0,0
2023106978,2025-1206-07-05-01-05,2025-12-06,0.7757456302642822,3,0,0,0,0,0,0
2023106978,2026-0705-10-02-04-09,2026-07-05,0.8112345337867737,0,0,0,0,0,0,0
2023106981,2025-1101-05-04-10-03,2025-11-01,0.7757456302642822,3,0,0,1,0,0,1
2023106991,2026-0412-03-01-02-02,2026-04-12,0.7783510088920593,1,1,1,1,0,0,0
2023106995,2025-1206-07-05-01-05,2025-12-06,0.7757456302642822,3,1,1,1,1,1,1
2023106995,2026-0222-09-01-02-05,2026-02-22,0.7783510088920593,3,0,0,0,0,0,0
2023107005,2026-0704-02-01-07-08,2026-07-04,0.7947853207588196,0,0,0,0,0,0,0
2023107024,2026-0214-05-01-05-06,2026-02-14,0.7783510088920593,2,1,1,1,1,1,1
2023107028,2026-0808-04-02-05-12,2026-08-08,0.7774975895881653,0,0,0,0,0,0,0
2023107030,2025-1012-05-04-04-05,2025-10-12,0.7903305292129517,2,0,1,1,0,1,1
2023107036,2026-0201-08-02-02-05,2026-02-01,0.7783510088920593,3,1,1,1,1,1,1
2023107036,2026-0620-09-03-05-08,2026-06-20,0.7947853207588196,2,1,1,1,1,1,1
2023107036,2026-0712-10-02-06-09,2026-07-12,0.8275298476219177,1,0,0,0,0,0,0
2023107041,2026-0214-08-02-05-06,2026-02-14,0.7783510088920593,3,1,1,1,1,1,1
2023107043,2025-1018-08-03-06-02,2025-10-18,0.7757456302642822,3,0,0,0,0,0,0
2023107043,2026-0502-08-03-03-11,2026-05-02,0.8700112700462341,0,0,0,0,0,0,0
2023107045,2026-0517-05-02-08-05,2026-05-17,0.7783510088920593,0,0,0,0,0,0,0
2023107046,2025-0920-09-04-06-08,2025-09-20,0.8281578421592712,3,0,0,0,0,0,0
2023107050,2026-0210-08-02-04-02,2026-02-10,0.7783510088920593,3,0,0,0,0,0,0
2023107050,2026-0718-02-01-11-08,2026-07-18,0.7947853207588196,1,0,0,0,0,0,0
2023107052,2025-1011-08-03-03-05,2025-10-11,0.7903305292129517,3,0,0,0,0,0,0
2023107056,2026-0222-05-01-08-05,2026-02-22,0.7947853207588196,2,0,1,1,0,1,1
2023107056,2026-0607-05-03-02-09,2026-06-07,0.8275298476219177,0,0,0,0,0,0,0
2023107069,2026-0314-06-02-05-11,2026-03-14,0.8417340517044067,1,0,0,0,0,0,0
2023107071,2025-1025-08-03-08-05,2025-10-25,0.7903305292129517,3,0,0,0,0,0,0
2023107071,2026-0621-09-03-06-08,2026-06-21,0.7947853207588196,0,0,0,0,0,0,0
2023107075,2026-0222-10-01-10-01,2026-02-22,0.7783510088920593,3,0,0,1,0,0,1
2023107075,2026-0725-01-01-01-09,2026-07-25,0.7947853207588196,0,0,0,0,0,0,0
2023107080,2025-1228-06-05-08-05,2025-12-28,0.7903305292129517,1,1,1,1,1,1,1
2023107082,2025-1207-07-05-02-01,2025-12-07,0.7757456302642822,3,1,1,1,1,1,1
2023107086,2026-0419-03-01-04-04,2026-04-19,0.7783510088920593,1,0,0,0,0,0,0
2023107087,2025-1101-05-04-10-03,2025-11-01,0.7757456302642822,1,0,0,0,0,0,0
2023107089,2025-1109-08-04-02-05,2025-11-09,0.7903305292129517,3,1,1,1,1,1,1
2023107090,2026-0228-06-02-01-04,2026-02-28,0.7783510088920593,1,0,0,0,0,0,0
2023107091,2026-0530-05-02-11-06,2026-05-30,0.7947853207588196,1,0,0,0,0,0,0
2023107094,2026-0425-08-03-01-05,2026-04-25,0.7783510088920593,1,0,0,0,0,0,0
2023107105,2026-0516-08-03-07-01,2026-05-16,0.7783510088920593,2,0,0,0,0,0,0
2023107113,2025-0907-09-04-02-05,2025-09-07,0.7903305292129517,3,0,0,0,0,0,0
2023107113,2025-1116-08-04-04-03,2025-11-16,0.7757456302642822,2,0,1,1,0,1,1
2023107113,2025-1130-08-04-08-02,2025-11-30,0.7757456302642822,1,1,1,1,1,1,1
2023107116,2025-1124-05-05-06-01,2025-11-24,0.7757456302642822,0,0,0,0,0,0,0
2023107127,2025-1026-08-03-09-05,2025-10-26,0.7903305292129517,3,1,1,1,0,0,0
2023107131,2025-1227-09-05-07-02,2025-12-27,0.7757456302642822,1,1,1,1,1,1,1
2023107131,2026-0117-08-01-06-06,2026-01-17,0.7947853207588196,0,0,0,0,0,0,0
2023107141,2026-0404-09-02-03-01,2026-04-04,0.7783510088920593,2,0,0,0,0,0,0
2023107153,2025-1115-08-04-03-11,2025-11-15,0.871342658996582,3,1,1,1,1,1,1
2023107154,2025-1005-05-04-02-02,2025-10-05,0.7757456302642822,3,0,0,1,0,0,1
2023107158,2025-1004-05-04-01-01,2025-10-04,0.7757456302642822,3,0,0,0,0,0,0
2023107158,2025-1025-05-04-08-01,2025-10-25,0.7757456302642822,3,0,0,1,0,0,1
2023107158,2025-1124-05-05-06-01,2025-11-24,0.7757456302642822,3,0,1,1,0,1,1
2023107158,2026-0214-05-01-05-03,2026-02-14,0.7783510088920593,2,1,1,1,1,1,1
2023107158,2026-0314-06-02-05-04,2026-03-14,0.7783510088920593,1,0,0,0,0,0,0
2023107162,2025-1109-05-05-02-02,2025-11-09,0.7757456302642822,1,0,0,0,0,0,0
2023107163,2025-1026-05-04-09-02,2025-10-26,0.7757456302642822,3,0,0,1,0,0,1
2023107166,2025-1221-06-05-06-05,2025-12-21,0.7903305292129517,3,1,1,1,1,1,1
2023107166,2026-0301-06-02-02-07,2026-03-01,0.7947853207588196,2,0,1,1,0,1,1
2023107168,2026-0404-09-02-03-09,2026-04-04,0.8112345337867737,1,0,0,0,0,0,0
2023107171,2026-0301-06-02-02-01,2026-03-01,0.7783510088920593,1,0,0,0,0,0,0
2023107172,2025-1123-05-05-05-03,2025-11-23,0.7757456302642822,3,1,1,1,1,1,1
2023107178,2025-1124-05-05-06-06,2025-11-24,0.7903305292129517,3,0,1,1,0,1,1
2023107179,2026-0214-05-01-05-06,2026-02-14,0.7783510088920593,2,0,0,0,0,0,0
2023107181,2025-1115-08-04-03-01,2025-11-15,0.7757456302642822,3,0,0,1,0,0,1
2023107183,2025-1101-08-03-10-03,2025-11-01,0.7757456302642822,3,0,0,0,0,0,0
2023107184,2026-0627-03-02-01-02,2026-06-27,0.7774975895881653,0,0,0,0,0,0,0
2023107187,2025-0927-06-04-08-05,2025-09-27,0.7903305292129517,3,0,1,1,0,1,1
2023107192,2026-0718-02-01-11-04,2026-07-18,0.7774975895881653,0,0,0,0,0,0,0
2023107196,2026-0201-05-01-02-03,2026-02-01,0.7783510088920593,2,0,1,1,0,1,1
2023107196,2026-0517-05-02-08-06,2026-05-17,0.7947853207588196,0,0,0,0,0,0,0
2023107199,2026-0328-09-02-01-11,2026-03-28,0.8751362562179565,2,0,0,0,0,0,0
2023107210,2026-0322-06-02-08-07,2026-03-22,0.7947853207588196,0,0,0,0,0,0,0
2023107211,2025-1207-09-05-02-02,2025-12-07,0.7757456302642822,3,0,0,0,0,0,0
2023107213,2026-0725-04-02-01-11,2026-07-25,0.7774975895881653,0,0,0,0,0,0,0
2023107218,2026-0301-09-01-04-01,2026-03-01,0.7783510088920593,0,0,0,0,0,0,0
2023107226,2026-0405-09-02-04-04,2026-04-05,0.7783510088920593,0,0,0,0,0,0,0
2023107227,2026-0726-07-02-02-06,2026-07-26,0.8275298476219177,0,0,0,0,0,0,0
2023107229,2025-1213-09-05-03-02,2025-12-13,0.7757456302642822,3,0,0,0,0,0,0
2023107237,2025-1108-05-05-01-02,2025-11-08,0.7757456302642822,2,0,0,0,0,0,0
2023107241,2025-1013-08-03-05-06,2025-10-13,0.7903305292129517,3,0,0,0,0,0,0
2023107242,2026-0809-04-02-06-03,2026-08-09,0.7774975895881653,0,0,0,0,0,0,0
2023107250,2026-0322-06-02-08-07,2026-03-22,0.7947853207588196,1,0,0,0,0,0,0
2023107254,2026-0405-06-03-04-05,2026-04-05,0.7783510088920593,2,0,1,1,0,0,0
2023107258,2026-0712-02-01-10-08,2026-07-12,0.7947853207588196,0,0,0,0,0,0,0
2023107260,2025-1123-05-05-05-04,2025-11-23,0.7903305292129517,2,0,0,0,0,0,0
2023107269,2026-0201-10-01-04-02,2026-02-01,0.7783510088920593,3,1,1,1,1,1,1
2023107277,2025-1102-05-04-11-04,2025-11-02,0.7903305292129517,3,0,0,0,0,0,0
2023107277,2026-0502-05-02-03-10,2026-05-02,0.8417340517044067,2,0,1,1,0,0,0
2023107278,2025-0906-09-04-01-02,2025-09-06,0.7757456302642822,3,1,1,1,1,1,1
2023107280,2025-1012-05-04-04-01,2025-10-12,0.7757456302642822,3,0,1,1,0,1,1
2023107280,2025-1108-05-05-01-02,2025-11-08,0.7757456302642822,3,1,1,1,1,1,1
2023107280,2025-1130-05-05-08-03,2025-11-30,0.7757456302642822,3,0,0,0,0,0,0
2023107280,2026-0517-05-02-08-06,2026-05-17,0.7947853207588196,3,0,0,1,0,0,1
2023107280,2026-0621-05-03-06-07,2026-06-21,0.7947853207588196,1,1,1,1,1,1,1
2023107280,2026-0705-03-02-04-07,2026-07-05,0.7947853207588196,0,0,0,0,0,0,0
2023107295,2025-0907-09-04-02-01,2025-09-07,0.7757456302642822,3,0,0,0,0,0,0
2023107295,2026-0314-07-01-01-06,2026-03-14,0.7947853207588196,3,0,0,0,0,0,0
2023107300,2025-0920-09-04-06-01,2025-09-20,0.7757456302642822,3,0,0,0,0,0,0
2023107317,2026-0322-06-02-08-06,2026-03-22,0.7783510088920593,1,0,0,0,0,0,0
2023107320,2025-1011-05-04-03-03,2025-10-11,0.7757456302642822,3,1,1,1,1,1,1
2023107320,2025-1123-05-05-05-02,2025-11-23,0.7757456302642822,3,0,0,0,0,0,0
2023107331,2026-0531-05-02-12-03,2026-05-31,0.7783510088920593,1,0,0,0,0,0,0
2023107340,2026-0321-06-02-07-05,2026-03-21,0.7783510088920593,2,0,0,0,0,0,0
2023107343,2026-0222-05-01-08-02,2026-02-22,0.7783510088920593,1,1,1,1,1,1,1
2023107343,2026-0614-05-03-04-08,2026-06-14,0.7947853207588196,0,0,0,0,0,0,0
2023107345,2025-1102-05-04-11-08,2025-11-02,0.8099031448364258,3,0,0,0,0,0,0
2023107351,2026-0321-09-01-09-03,2026-03-21,0.7783510088920593,1,0,0,0,0,0,0
2023107353,2025-1012-05-04-04-02,2025-10-12,0.7757456302642822,3,0,0,0,0,0,0
2023107355,2026-0517-05-02-08-02,2026-05-17,0.7783510088920593,1,0,0,0,0,0,0
2023107362,2025-1129-08-04-07-06,2025-11-29,0.7903305292129517,2,0,1,1,0,1,1
2023107362,2026-0718-10-02-07-12,2026-07-18,0.7947853207588196,0,0,0,0,0,0,0
2023107364,2026-0621-05-03-06-02,2026-06-21,0.7774975895881653,0,0,0,0,0,0,0
2023107368,2025-0915-09-04-05-03,2025-09-15,0.7757456302642822,3,1,1,1,1,1,1
2023107371,2025-1207-09-05-02-06,2025-12-07,0.7903305292129517,3,0,0,0,0,0,0
2023107374,2026-0613-02-01-01-03,2026-06-13,0.7774975895881653,2,1,1,1,1,1,1
2023107374,2026-0620-02-01-03-08,2026-06-20,0.7947853207588196,1,1,1,1,1,1,1
2023107382,2026-0201-05-01-02-01,2026-02-01,0.7783510088920593,3,1,1,1,1,1,1
2023107384,2026-0314-09-01-07-01,2026-03-14,0.7783510088920593,2,0,0,0,0,0,0
2023107394,2026-0412-03-01-02-03,2026-04-12,0.7783510088920593,2,0,0,0,0,0,0
2023107406,2026-0517-05-02-08-05,2026-05-17,0.7783510088920593,3,0,0,0,0,0,0
2023107408,2026-0502-04-01-01-02,2026-05-02,0.7783510088920593,1,0,0,0,0,0,0
2023107477,2026-0524-08-03-10-01,2026-05-24,0.7783510088920593,1,0,0,0,0,0,0
2023107516,2026-0524-08-03-10-04,2026-05-24,0.7783510088920593,1,0,0,0,0,0,0
2023107517,2026-0201-08-02-02-02,2026-02-01,0.7783510088920593,1,0,0,0,0,0,0
2023107520,2025-1115-08-04-03-06,2025-11-15,0.7903305292129517,3,0,0,0,0,0,0
2023107523,2026-0613-02-01-01-08,2026-06-13,0.7947853207588196,2,0,0,0,0,0,0
2023107532,2026-0110-06-01-03-03,2026-01-10,0.7783510088920593,3,0,0,0,0,0,0
2023107534,2025-1013-08-03-05-01,2025-10-13,0.7757456302642822,3,0,1,1,0,1,1
2023107534,2026-0124-10-01-01-03,2026-01-24,0.7783510088920593,3,0,0,0,0,0,0
2023107536,2026-0308-09-01-06-04,2026-03-08,0.7783510088920593,2,0,0,0,0,0,0
2023107545,2026-0328-09-02-01-03,2026-03-28,0.7783510088920593,3,1,1,1,1,1,1
2023107545,2026-0418-09-02-07-02,2026-04-18,0.7783510088920593,3,0,0,0,0,0,0
2023109067,2026-0411-06-03-05-01,2026-04-11,0.7783510088920593,1,0,0,0,0,0,0
2023110006,2026-0516-05-02-07-05,2026-05-16,0.7783510088920593,1,1,1,1,1,1,1
2023110007,2026-0711-03-02-05-12,2026-07-11,0.7947853207588196,0,0,0,0,0,0,0
2023110008,2026-0301-06-02-02-03,2026-03-01,0.7783510088920593,3,0,0,1,0,0,1
2023110013,2026-0425-05-02-01-06,2026-04-25,0.7947853207588196,1,1,1,1,1,1,1
2023110013,2026-0606-05-03-01-12,2026-06-06,0.7947853207588196,0,0,0,0,0,0,0
2023110029,2026-0419-06-03-08-03,2026-04-19,0.7783510088920593,2,0,0,0,0,0,0
2023110038,2025-1026-08-03-09-04,2025-10-26,0.7903305292129517,2,1,1,1,1,1,1
2023110038,2026-0215-08-02-06-04,2026-02-15,0.7947853207588196,1,1,1,1,1,1,1
2023110038,2026-0328-06-03-01-10,2026-03-28,0.8367373943328857,0,0,0,0,0,0,0
2023110043,2026-0201-10-01-04-01,2026-02-01,0.7783510088920593,3,0,0,0,0,0,0
2023110043,2026-0712-10-02-06-07,2026-07-12,0.7947853207588196,1,0,0,0,0,0,0
2023110051,2025-1116-03-03-04-01,2025-11-16,0.7757456302642822,2,0,0,0,0,0,0
2023110061,2025-1101-05-04-10-01,2025-11-01,0.7757456302642822,2,0,0,0,0,0,0
2023110062,2025-1108-05-05-01-04,2025-11-08,0.7903305292129517,3,0,0,0,0,0,0
2023110063,2026-0412-06-03-06-03,2026-04-12,0.7783510088920593,2,1,1,1,1,1,1
2023110070,2025-1115-08-04-03-03,2025-11-15,0.7757456302642822,3,0,0,0,0,0,0
2023110071,2025-0914-09-04-04-06,2025-09-14,0.7903305292129517,1,0,0,0,0,0,0
2023110079,2026-0112-08-01-05-04,2026-01-12,0.7831861972808838,3,0,0,0,0,0,0
2023110081,2026-0530-08-03-11-02,2026-05-30,0.7783510088920593,1,0,0,0,0,0,0
2023110084,2026-0726-07-02-02-04,2026-07-26,0.7774975895881653,0,0,0,0,0,0,0
2023110085,2026-0215-08-02-06-03,2026-02-15,0.7783510088920593,3,0,0,0,0,0,0
2023110090,2025-0907-09-04-02-01,2025-09-07,0.7757456302642822,3,1,1,1,1,1,1
2023110090,2025-0920-09-04-06-01,2025-09-20,0.7757456302642822,3,0,1,1,0,1,1
2023110090,2026-0322-06-02-08-03,2026-03-22,0.7947853207588196,1,1,1,1,1,1,1
2023110091,2025-0913-09-04-03-02,2025-09-13,0.7757456302642822,3,0,0,0,0,0,0
2023110093,2026-0621-05-03-06-02,2026-06-21,0.7774975895881653,0,0,0,0,0,0,0
2023110094,2025-1123-05-05-05-04,2025-11-23,0.7903305292129517,3,0,0,0,0,0,0
2023110100,2025-1004-08-03-01-03,2025-10-04,0.7903305292129517,3,0,0,0,0,0,0
2023110101,2025-0906-09-04-01-06,2025-09-06,0.7903305292129517,1,0,0,0,0,0,0
2023110103,2026-0221-05-01-07-02,2026-02-21,0.7947853207588196,3,0,1,1,0,1,1
2023110103,2026-0322-06-02-08-03,2026-03-22,0.7947853207588196,2,1,1,1,1,1,1
2023110103,2026-0411-06-03-05-07,2026-04-11,0.7947853207588196,1,0,0,0,0,0,0
2023110104,2025-1005-05-04-02-01,2025-10-05,0.7757456302642822,3,0,0,1,0,0,1
2023110104,2026-0111-06-01-04-04,2026-01-11,0.7947853207588196,2,0,0,0,0,0,0
2023110104,2026-0627-03-02-01-09,2026-06-27,0.8275298476219177,0,0,0,0,0,0,0
2023110105,2026-0524-04-01-08-06,2026-05-24,0.7783510088920593,0,0,0,0,0,0,0
2023110106,2026-0228-09-01-03-03,2026-02-28,0.7783510088920593,2,0,1,1,0,1,1
2024100037,2026-0719-03-02-08-05,2026-07-19,0.792288601398468,0,0,0,0,0,0,0
2024100445,2026-0613-09-03-03-05,2026-06-13,0.792288601398468,1,0,0,0,0,0,0
2024100482,2026-0628-03-02-02-03,2026-06-28,0.7783510088920593,0,0,0,0,0,0,0
2024100560,2026-0809-01-01-06-01,2026-08-09,0.7783510088920593,0,0,0,0,0,0,0
2024100671,2026-0711-02-01-09-05,2026-07-11,0.792288601398468,0,0,0,0,0,0,0
2024100725,2026-0613-09-03-03-06,2026-06-13,0.792288601398468,0,0,0,0,0,0,0
2024100768,2026-0620-02-01-03-06,2026-06-20,0.792288601398468,1,0,0,0,0,0,0
2024100944,2026-0725-07-02-01-02,2026-07-25,0.792288601398468,0,0,0,0,0,0,0
2024101292,2026-0711-02-01-09-01,2026-07-11,0.7783510088920593,1,0,0,0,0,0,0
2024101333,2026-0614-05-03-04-05,2026-06-14,0.792288601398468,0,0,0,0,0,0,0
2024101341,2026-0719-03-02-08-01,2026-07-19,0.7783510088920593,0,0,0,0,0,0,0
2024101344,2026-0719-03-02-08-06,2026-07-19,0.792288601398468,1,1,1,1,0,0,0
2024101716,2026-0808-04-02-05-02,2026-08-08,0.792288601398468,0,0,0,0,0,0,0
2024102305,2026-0719-10-02-08-05,2026-07-19,0.792288601398468,1,0,0,0,0,0,0
2024102930,2026-0628-10-02-02-05,2026-06-28,0.792288601398468,1,0,0,0,0,0,0
2024103097,2026-0613-09-03-03-06,2026-06-13,0.792288601398468,1,0,0,0,0,0,0
2024103288,2026-0628-02-01-06-01,2026-06-28,0.7783510088920593,1,0,0,0,0,0,0
2024103455,2026-0705-10-02-04-05,2026-07-05,0.792288601398468,0,0,0,0,0,0,0
2024103576,2026-0808-04-02-05-03,2026-08-08,0.792288601398468,0,0,0,0,0,0,0
2024104113,2026-0704-02-01-07-05,2026-07-04,0.792288601398468,1,0,0,0,0,0,0
2024104218,2026-0704-02-01-07-05,2026-07-04,0.792288601398468,1,0,0,0,0,0,0
2024104312,2026-0627-03-02-01-06,2026-06-27,0.792288601398468,0,0,0,0,0,0,0
2024104442,2026-0712-02-01-10-05,2026-07-12,0.792288601398468,1,0,0,0,0,0,0
2024104442,2026-0718-02-01-11-01,2026-07-18,0.7783510088920593,0,0,0,0,0,0,0
2024104668,2026-0607-05-03-02-05,2026-06-07,0.792288601398468,1,1,1,1,0,0,0
2024104976,2026-0628-02-01-06-01,2026-06-28,0.7783510088920593,2,0,1,1,0,1,1
2024105166,2026-0614-02-01-02-05,2026-06-14,0.792288601398468,1,0,0,0,0,0,0
2024105568,2026-0621-02-01-04-05,2026-06-21,0.792288601398468,1,1,1,1,1,1,1
2024105790,2026-0801-04-02-03-03,2026-08-01,0.792288601398468,0,0,0,0,0,0,0
2024105872,2026-0725-07-02-01-02,2026-07-25,0.792288601398468,0,0,0,0,0,0,0
2024105911,2026-0809-04-02-06-01,2026-08-09,0.7783510088920593,0,0,0,0,0,0,0
2024106002,2026-0719-10-02-08-05,2026-07-19,0.792288601398468,0,0,0,0,0,0,0
2024106025,2026-0613-05-03-03-05,2026-06-13,0.792288601398468,0,0,0,0,0,0,0
2024106055,2026-0802-04-02-04-02,2026-08-02,0.792288601398468,0,0,0,0,0,0,0
2024106083,2026-0725-07-02-01-01,2026-07-25,0.7783510088920593,0,0,0,0,0,0,0
2024106106,2026-0606-05-03-01-05,2026-06-06,0.792288601398468,1,0,0,0,0,0,0
2024106161,2026-0607-05-03-02-05,2026-06-07,0.792288601398468,0,0,0,0,0,0,0
2024106180,2026-0705-02-01-08-05,2026-07-05,0.792288601398468,0,0,0,0,0,0,0
2024106195,2026-0726-07-02-02-02,2026-07-26,0.792288601398468,0,0,0,0,0,0,0
2024106276,2026-0627-03-02-01-06,2026-06-27,0.792288601398468,1,1,1,1,0,0,0
2024106276,2026-0719-03-02-08-01,2026-07-19,0.7783510088920593,0,0,0,0,0,0,0
2024106301,2026-0712-03-02-06-05,2026-07-12,0.792288601398468,0,0,0,0,0,0,0
2024106378,2026-0620-02-01-03-05,2026-06-20,0.792288601398468,1,0,0,0,0,0,0
2024106399,2026-0712-02-01-10-05,2026-07-12,0.792288601398468,0,0,0,0,0,0,0
2024106406,2026-0809-01-01-06-01,2026-08-09,0.7783510088920593,0,0,0,0,0,0,0
2024106429,2026-0620-02-01-03-05,2026-06-20,0.792288601398468,0,0,0,0,0,0,0
2024106438,2026-0705-02-01-08-05,2026-07-05,0.792288601398468,0,0,0,0,0,0,0
2024106455,2026-0726-01-01-02-05,2026-07-26,0.792288601398468,0,0,0,0,0,0,0
2024106471,2026-0808-04-02-05-03,2026-08-08,0.792288601398468,0,0,0,0,0,0,0
2024106482,2026-0627-03-02-01-05,2026-06-27,0.792288601398468,1,0,0,0,0,0,0
2024106533,2026-0606-09-03-01-05,2026-06-06,0.792288601398468,1,1,1,1,0,0,0
2024106533,2026-0718-02-01-11-01,2026-07-18,0.7783510088920593,0,0,0,0,0,0,0
2024106538,2026-0606-05-03-01-05,2026-06-06,0.792288601398468,0,0,0,0,0,0,0
2024106603,2026-0627-10-02-01-01,2026-06-27,0.7783510088920593,0,0,0,0,0,0,0
2024106609,2026-0719-03-02-08-06,2026-07-19,0.792288601398468,0,0,0,0,0,0,0
2024106614,2026-0606-09-03-01-05,2026-06-06,0.792288601398468,0,0,0,0,0,0,0
2024106629,2026-0621-05-03-06-04,2026-06-21,0.792288601398468,1,0,0,0,0,0,0
2024106649,2026-0809-07-02-06-03,2026-08-09,0.792288601398468,0,0,0,0,0,0,0
2024106657,2026-0621-05-03-06-04,2026-06-21,0.792288601398468,0,0,0,0,0,0,0
2024106670,2026-0809-04-02-06-01,2026-08-09,0.7783510088920593,0,0,0,0,0,0,0
2024106677,2026-0613-05-03-03-05,2026-06-13,0.792288601398468,1,1,1,1,0,0,0
2024106687,2026-0620-05-03-05-05,2026-06-20,0.792288601398468,0,0,0,0,0,0,0
2024106729,2026-0725-07-02-01-01,2026-07-25,0.7783510088920593,0,0,0,0,0,0,0
2024106872,2026-0725-01-01-01-05,2026-07-25,0.792288601398468,0,0,0,0,0,0,0
2024106983,2026-0719-03-02-08-05,2026-07-19,0.792288601398468,0,0,0,0,0,0,0
2024107009,2026-0809-07-02-06-03,2026-08-09,0.792288601398468,0,0,0,0,0,0,0
2024107032,2026-0801-01-01-03-05,2026-08-01,0.792288601398468,0,0,0,0,0,0,0
2024107041,2026-0802-07-02-04-02,2026-08-02,0.792288601398468,0,0,0,0,0,0,0
2024107165,2026-0628-03-02-02-04,2026-06-28,0.792288601398468,0,0,0,0,0,0,0
2024107239,2026-0628-10-02-02-05,2026-06-28,0.792288601398468,0,0,0,0,0,0,0
2024107264,2026-0614-02-01-02-05,2026-06-14,0.792288601398468,1,0,0,0,0,0,0
2024108115,2026-0628-10-02-02-06,2026-06-28,0.792288601398468,2,0,0,0,0,0,0
2024108117,2026-0628-10-02-02-06,2026-06-28,0.792288601398468,2,0,0,0,0,0,0
2024108118,2026-0705-10-02-04-02,2026-07-05,0.7783510088920593,1,0,0,0,0,0,0
2024108137,2026-0711-02-01-09-01,2026-07-11,0.7783510088920593,1,1,1,1,1,1,1
2024108137,2026-0726-01-01-02-01,2026-07-26,0.7783510088920593,0,0,0,0,0,0,0
2024108226,2026-0628-02-01-06-05,2026-06-28,0.792288601398468,1,0,0,0,0,0,0
2024108230,2026-0802-07-02-04-02,2026-08-02,0.792288601398468,0,0,0,0,0,0,0
2024108321,2026-0802-04-02-04-02,2026-08-02,0.792288601398468,0,0,0,0,0,0,0
2024108325,2026-0808-04-02-05-02,2026-08-08,0.792288601398468,0,0,0,0,0,0,0
2024109104,2026-0627-10-02-01-05,2026-06-27,0.792288601398468,1,1,1,1,1,1,1
2024109107,2026-0627-10-02-01-05,2026-06-27,0.792288601398468,2,1,1,1,0,0,0
2024109107,2026-0705-10-02-04-02,2026-07-05,0.7783510088920593,1,0,0,0,0,0,0
