race_id,gap_rank_upper,gap_rank_lower,upper_horse,lower_horse,upper_score,lower_score,raw_gap,gap_ratio,cluster_above_size,gap_percentile,gap_strength,is_major_gap
2026-0704-02-01-07-01,1,2,アルテクィーン,ヌーンベルク,0.31459380829944483,0.23996415765607934,0.07462965064336549,1.3110033238810854,1,95.5719557195572,95.5719557195572,1
2026-0704-02-01-07-01,2,3,ヌーンベルク,ショウナンカノア,0.23996415765607934,0.10395282153511279,0.13601133612096655,2.308394847897661,2,99.06778015148574,99.06778015148574,1
2026-0704-02-01-07-01,3,4,ショウナンカノア,テイクケア,0.10395282153511279,0.09508996233644836,0.008862859198664433,1.0932049922083864,3,58.90464167799573,58.90464167799573,0
2026-0704-02-01-07-01,4,5,テイクケア,トーセンルルド,0.09508996233644836,0.09508996233644836,0.0,1.0,4,9.671780928335599,9.671780928335599,0
2026-0704-02-01-07-01,5,6,トーセンルルド,アズライトティアラ,0.09508996233644836,0.07838327055159275,0.016706691784855607,1.2131410397561693,5,74.0920567100408,74.0920567100408,0
2026-0704-02-01-07-01,6,7,アズライトティアラ,ゴートゥービッツン,0.07838327055159275,0.04891797205182834,0.02946529849976441,1.6023409651680998,6,84.832006214799,84.832006214799,0
2026-0704-02-01-07-01,7,8,ゴートゥービッツン,アイシテルヨナオミ,0.04891797205182834,0.045921948375582555,0.002996023676245782,1.0652416498477406,7,33.73470576811031,33.73470576811031,0
2026-0704-02-01-07-01,8,9,アイシテルヨナオミ,イチゴワタアメ,0.045921948375582555,0.024493951758264715,0.02142799661731784,1.8748280730196032,8,79.37463585162168,79.37463585162168,0
2026-0704-02-01-07-02,1,2,トリニタリオ,ニシノマルガリート,0.2829702918501295,0.15457990241319733,0.12839038943693218,1.8305762096662495,1,98.77646144882502,98.77646144882502,1
2026-0704-02-01-07-02,2,3,ニシノマルガリート,ユマハム,0.15457990241319733,0.14985603879892204,0.004723863614275292,1.031522677712133,2,43.23169547484949,43.23169547484949,0
2026-0704-02-01-07-02,3,4,ユマハム,メイショウローゼ,0.14985603879892204,0.12526681988271743,0.024589218916204608,1.196294748595251,3,81.78287046028355,81.78287046028355,0
2026-0704-02-01-07-02,4,5,メイショウローゼ,ヒメヒオウギ,0.12526681988271743,0.09356146832409559,0.031705351558621836,1.338871889534642,4,85.99728102544184,85.99728102544184,0
2026-0704-02-01-07-02,5,6,ヒメヒオウギ,コワンニシタガウ,0.09356146832409559,0.07352548590252021,0.02003598242157538,1.2725039103874676,5,78.09283355991454,78.09283355991454,0
2026-0704-02-01-07-02,6,7,コワンニシタガウ,ボーントゥラブユー,0.07352548590252021,0.07292778170362856,0.0005977041988916576,1.0081958368255417,6,15.944843658962906,15.944843658962906,0
2026-0704-02-01-07-02,7,8,ボーントゥラブユー,タイセイルビー,0.07292778170362856,0.06610604554577836,0.0068217361578502,1.103193831994173,7,52.165469023111285,52.165469023111285,0
2026-0704-02-01-07-02,8,9,タイセイルビー,ワダツミ,0.06610604554577836,0.04984771728939306,0.016258328256385297,1.3261599355091203,8,73.31520683627889,73.31520683627889,0
2026-0704-02-01-07-02,9,10,ワダツミ,エイシンリーガル,0.04984771728939306,0.042749866871410636,0.007097850417982422,1.1660321057684784,9,53.272480093221986,53.272480093221986,0
2026-0704-02-01-07-02,10,11,エイシンリーガル,デイズインザサン,0.042749866871410636,0.036226256074906774,0.006523610796503862,1.1800796301725103,10,50.92250922509225,50.92250922509225,0
2026-0704-02-01-07-02,11,12,デイズインザサン,スワトウ,0.036226256074906774,0.035440225620427104,0.0007860304544796692,1.022179047698461,11,17.731598368615266,17.731598368615266,0
2026-0704-02-01-07-02,12,13,スワトウ,マイネルディザイア,0.035440225620427104,0.02431236494987508,0.011127860670552023,1.4577037525347447,12,64.42027578170519,64.42027578170519,0
2026-0704-02-01-07-02,13,14,マイネルディザイア,アウェイクネス,0.02431236494987508,0.02065817159087121,0.003654193359003872,1.1768885180825321,13,37.444163915323365,37.444163915323365,0
2026-0704-02-01-07-02,14,15,アウェイクネス,ヴァールザーゲン,0.02065817159087121,0.019483032506445053,0.0011751390844261557,1.0603160254461115,14,20.703049135754515,20.703049135754515,0
2026-0704-02-01-07-02,15,16,ヴァールザーゲン,ホウショウリュウ,0.019483032506445053,0.015739265866979057,0.0037437666394659966,1.2378615795111771,15,37.89085259273645,37.89085259273645,0
2026-0704-02-01-07-03,1,2,ギンケイ,ペガサスウィンド,0.3095101650857338,0.2937679921915026,0.015742172894231188,1.0535870935999356,1,72.51893571567295,72.51893571567295,0
2026-0704-02-01-07-03,2,3,ペガサスウィンド,ラショナルポイント,0.2937679921915026,0.2934418608744041,0.0003261313170985214,1.001111400112195,2,13.38123907554865,13.38123907554865,0
2026-0704-02-01-07-03,3,4,ラショナルポイント,ウォータースパウト,0.2934418608744041,0.11108431270001046,0.18235754817439365,2.641613867359117,3,99.80578753155953,99.80578753155953,1
2026-0704-02-01-07-03,4,5,ウォータースパウト,ブリスフルイヤー,0.11108431270001046,0.08734802753465173,0.023736285165358723,1.271743802754359,4,81.18081180811808,81.18081180811808,0
2026-0704-02-01-07-03,5,6,ブリスフルイヤー,ルージュリヴィエラ,0.08734802753465173,0.0737612669659575,0.013586760568694234,1.1841991214029015,5,69.33385123324918,69.33385123324918,0
2026-0704-02-01-07-03,6,7,ルージュリヴィエラ,マスカルポーネ,0.0737612669659575,0.04910280422549116,0.02465846274046634,1.5021803363251742,6,81.86055544765975,81.86055544765975,0
2026-0704-02-01-07-03,7,8,マスカルポーネ,ルージュボニート,0.04910280422549116,0.028521167364833473,0.020581636860657688,1.7216267341860205,7,78.63662847154788,78.63662847154788,0
2026-0704-02-01-07-03,8,9,ルージュボニート,ハヤブサブロー,0.028521167364833473,0.027291717289024013,0.0012294500758094594,1.0450484688372434,8,21.246844047387842,21.246844047387842,0
2026-0704-02-01-07-03,9,10,ハヤブサブロー,ハスカップジャム,0.027291717289024013,0.021793961335242012,0.005497755953782001,1.252260516994303,9,46.727519906778014,46.727519906778014,0
2026-0704-02-01-07-03,10,11,ハスカップジャム,テリオスリコ,0.021793961335242012,0.01853767933572708,0.0032562819995149324,1.1756574779691653,10,35.23014177510196,35.23014177510196,0
2026-0704-02-01-07-04,1,2,スッサンエア,フルムーン,0.18848617017537342,0.1866210644477368,0.0018651057276366234,1.0099940793562399,1,25.694309574674694,25.694309574674694,0
2026-0704-02-01-07-04,2,3,フルムーン,ブラックジャック,0.1866210644477368,0.09699347172498873,0.08962759272274806,1.9240579920355303,2,96.89260050495243,96.89260050495243,1
2026-0704-02-01-07-04,3,4,ブラックジャック,ゲレイロ,0.09699347172498873,0.06608672736257042,0.030906744362418317,1.4676694639886645,3,85.58943484171684,85.58943484171684,0
2026-0704-02-01-07-04,4,5,ゲレイロ,ソチミルコ,0.06608672736257042,0.05123697741295917,0.014849749949611246,1.2898248628119768,4,70.9846572149932,70.9846572149932,0
2026-0704-02-01-07-04,5,6,ソチミルコ,フクノアンタレス,0.05123697741295917,0.04446456334677802,0.006772414066181148,1.152310369346557,5,51.97125655467081,51.97125655467081,0
2026-0704-02-01-07-04,6,7,フクノアンタレス,ホウオウザロイヤル,0.04446456334677802,0.04429187889062969,0.00017268445614833372,1.0038987837155147,6,11.769275587492716,11.769275587492716,0
2026-0704-02-01-07-04,7,8,ホウオウザロイヤル,ルージュフィーリア,0.04429187889062969,0.04429187889062969,0.0,1.0,7,9.671780928335599,9.671780928335599,0
2026-0704-02-01-07-04,8,9,ルージュフィーリア,スカイプレリュード,0.04429187889062969,0.04165806638400142,0.0026338125066282664,1.0632245501351394,8,31.714896096329387,31.714896096329387,0
2026-0704-02-01-07-04,9,10,スカイプレリュード,ディサイドオンミー,0.04165806638400142,0.03884296157305762,0.002815104810943804,1.0724740003578004,9,32.685958438531756,32.685958438531756,0
2026-0704-02-01-07-04,10,11,ディサイドオンミー,ロードクラシコ,0.03884296157305762,0.03517385539280564,0.0036691061802519784,1.1043134492729634,10,37.5412701495436,37.5412701495436,0
2026-0704-02-01-07-04,11,12,ロードクラシコ,ヤジロベエバランス,0.03517385539280564,0.025227168059150252,0.009946687333655387,1.3942847374042677,11,61.52651000194213,61.52651000194213,0
2026-0704-02-01-07-04,12,13,ヤジロベエバランス,グローリアスダンス,0.025227168059150252,0.02495389459656157,0.0002732734625886836,1.0109511347630016,12,12.818022917071275,12.818022917071275,0
2026-0704-02-01-07-04,13,14,グローリアスダンス,オリヒメボシ,0.02495389459656157,0.02310191938103882,0.0018519752155227477,1.0801654262997202,13,25.597203340454456,25.597203340454456,0
2026-0704-02-01-07-04,14,15,オリヒメボシ,チェリーブルーム,0.02310191938103882,0.01844243719399961,0.00465948218703921,1.2526500233144462,14,42.979219265876864,42.979219265876864,0
2026-0704-02-01-07-04,15,16,チェリーブルーム,カテドラルクォーツ,0.01844243719399961,0.014020242506852208,0.004422194687147402,1.3154149926426817,15,41.60031073994951,41.60031073994951,0
2026-0704-02-01-07-05,1,2,リキサンステラ,リアルクウカイ,0.12868497496060682,0.12868497496060682,0.0,1.0,1,9.671780928335599,9.671780928335599,0
2026-0704-02-01-07-05,2,3,リアルクウカイ,ダマスク,0.12868497496060682,0.12868497496060682,0.0,1.0,2,9.671780928335599,9.671780928335599,0
2026-0704-02-01-07-05,3,4,ダマスク,ロゼハイスクール,0.12868497496060682,0.12868497496060682,0.0,1.0,3,9.671780928335599,9.671780928335599,0
2026-0704-02-01-07-05,4,5,ロゼハイスクール,ヴァイタリズム,0.12868497496060682,0.12868497496060682,0.0,1.0,4,9.671780928335599,9.671780928335599,0
2026-0704-02-01-07-06,1,2,レッドフロイデ,ブレイズランナー,0.2854593083356183,0.1563658241173895,0.12909348421822878,1.8255863130380308,1,98.83472518935716,98.83472518935716,1
2026-0704-02-01-07-06,2,3,ブレイズランナー,メイショウセンドウ,0.1563658241173895,0.10765668172730261,0.04870914239008689,1.4524488550879593,2,91.61002136337153,91.61002136337153,1
2026-0704-02-01-07-06,3,4,メイショウセンドウ,ストリートクイーン,0.10765668172730261,0.08573744906314536,0.021919232664157254,1.2556552930331972,3,79.74363954165857,79.74363954165857,0
2026-0704-02-01-07-06,4,5,ストリートクイーン,シュヴェスター,0.08573744906314536,0.08072155723041592,0.0050158918327294355,1.0621381946140087,4,44.68828898815304,44.68828898815304,0
2026-0704-02-01-07-06,5,6,シュヴェスター,ララニューディー,0.08072155723041592,0.0745612745169186,0.00616028271349732,1.0826204052091344,5,49.44649446494465,49.44649446494465,0
2026-0704-02-01-07-06,6,7,ララニューディー,クラン,0.0745612745169186,0.07198651992823264,0.0025747545886859596,1.0357671768443992,6,31.28762866576034,31.28762866576034,0
2026-0704-02-01-07-06,7,8,クラン,チャーチルデュース,0.07198651992823264,0.049282216886295374,0.022704303041937268,1.4606997102894328,7,80.40396193435619,80.40396193435619,0
2026-0704-02-01-07-06,8,9,チャーチルデュース,トルークマクト,0.049282216886295374,0.048663649591873685,0.0006185672944216888,1.0127110748907946,8,16.236162361623617,16.236162361623617,0
2026-0704-02-01-07-06,9,10,トルークマクト,フェンリル,0.048663649591873685,0.02091624762437242,0.027747401967501265,2.3265955952428543,9,83.78325888522043,83.78325888522043,0
2026-0704-02-01-07-06,10,11,フェンリル,ブリリアンス,0.02091624762437242,0.020425126504675973,0.0004911211196964478,1.0240449487342962,10,14.798990095164111,14.798990095164111,0
2026-0704-02-01-07-06,11,12,ブリリアンス,ステキサプライズ,0.020425126504675973,0.017209390331273562,0.0032157361734024108,1.1868593896414013,11,35.01650805981744,35.01650805981744,0
2026-0704-02-01-07-06,12,13,ステキサプライズ,ライヴマルガリータ,0.017209390331273562,0.01276392722690147,0.004445463104372093,1.3482833320298755,12,41.85278694892212,41.85278694892212,0
2026-0704-02-01-07-07,1,2,デルマリシリ,メイショウハッケイ,0.41498549568149495,0.2494502075659503,0.16553528811554466,1.6636005226485129,1,99.61157506311905,99.61157506311905,1
2026-0704-02-01-07-07,2,3,メイショウハッケイ,ツルノマイハシ,0.2494502075659503,0.22940777441642732,0.020042433149522976,1.0873659717963238,2,78.1122548067586,78.1122548067586,0
2026-0704-02-01-07-07,3,4,ツルノマイハシ,ルージュナリッシュ,0.22940777441642732,0.0900889372664574,0.1393188371499699,2.5464588813819002,3,99.18430763255,99.18430763255,1
2026-0704-02-01-07-07,4,5,ルージュナリッシュ,ライトニングロッド,0.0900889372664574,0.08658384308167344,0.003505094184783966,1.0404820814141693,4,36.78384152262576,36.78384152262576,0
2026-0704-02-01-07-07,5,6,ライトニングロッド,ストレイトアスク,0.08658384308167344,0.08589333025440378,0.0006905128272696598,1.0080391902982975,5,16.85764226063313,16.85764226063313,0
2026-0704-02-01-07-07,6,7,ストレイトアスク,ジュジュドール,0.08589333025440378,0.031879592002197935,0.054013738252205845,2.6943045647661323,6,92.67818993979414,92.67818993979414,1
2026-0704-02-01-07-07,7,8,ジュジュドール,キミノナハオリョウ,0.031879592002197935,0.02956993553928986,0.002309656462908073,1.0781082684417491,7,29.170712759759176,29.170712759759176,0
2026-0704-02-01-07-07,8,9,キミノナハオリョウ,アルバニー,0.02956993553928986,0.028658638661903307,0.0009112968773865547,1.0317983309722931,8,18.586133229753347,18.586133229753347,0
2026-0704-02-01-07-07,9,10,アルバニー,ココソラーレ,0.028658638661903307,0.014605978852209487,0.01405265980969382,1.9621169489484804,9,70.09127986016702,70.09127986016702,0
2026-0704-02-01-07-08,1,2,バズアップビート,ダノンヒストリー,0.2275963531659418,0.22285710850417412,0.004739244661767672,1.0212658447090948,1,43.309380462225676,43.309380462225676,0
2026-0704-02-01-07-08,2,3,ダノンヒストリー,グランアルト,0.22285710850417412,0.09481247346678265,0.12804463503739147,2.3505041093802035,2,98.75704020198097,98.75704020198097,1
2026-0704-02-01-07-08,3,4,グランアルト,アスクファイアモア,0.09481247346678265,0.0853354286906666,0.00947704477611605,1.1110563914838876,3,60.458341425519514,60.458341425519514,0
2026-0704-02-01-07-08,4,5,アスクファイアモア,ペリプルス,0.0853354286906666,0.0786702551074348,0.006665173583231793,1.0847229181363351,4,51.50514663041367,51.50514663041367,0
2026-0704-02-01-07-08,5,6,ペリプルス,ニューアライブ,0.0786702551074348,0.07049614758085948,0.008174107526575325,1.1159511236723905,5,56.690619537774324,56.690619537774324,0
2026-0704-02-01-07-08,6,7,ニューアライブ,サイモンイロハニー,0.07049614758085948,0.028297526825636916,0.042198620755222564,2.4912476632760563,6,89.93979413478345,89.93979413478345,0
2026-0704-02-01-07-09,1,2,グレーヌドジョワ,タイキルッジェーロ,0.1411037860358177,0.1321148067371487,0.008988979298668986,1.068039151104033,1,59.25422412118858,59.25422412118858,0
2026-0704-02-01-07-09,2,3,タイキルッジェーロ,ゴーゴータカシ,0.1321148067371487,0.11888528331199287,0.013229523425155834,1.1112797400704117,2,68.71237133423966,68.71237133423966,0
2026-0704-02-01-07-09,3,4,ゴーゴータカシ,グランセゾン,0.11888528331199287,0.11301622844180906,0.0058690548701838124,1.0519310806164952,3,48.26179840745775,48.26179840745775,0
2026-0704-02-01-07-09,4,5,グランセゾン,ウインベラーノ,0.11301622844180906,0.10262942808040937,0.01038680036139969,1.1012068424785697,4,62.38104486308021,62.38104486308021,0
2026-0704-02-01-07-09,5,6,ウインベラーノ,アルディスティーノ,0.10262942808040937,0.06610106747356777,0.0365283606068416,1.5526137777040956,5,87.88114196931443,87.88114196931443,0
2026-0704-02-01-07-09,6,7,アルディスティーノ,マイバラード,0.06610106747356777,0.0545537733929043,0.011547294080663469,1.2116681095090922,6,65.25538939599922,65.25538939599922,0
2026-0704-02-01-07-09,7,8,マイバラード,スタードメイソン,0.0545537733929043,0.016817717248261803,0.037736056144642496,3.24382748191005,7,88.40551563410371,88.40551563410371,0
2026-0704-02-01-07-09,8,9,スタードメイソン,キセキノエンジェル,0.016817717248261803,0.010748644414183231,0.006069072834078572,1.564636115980375,8,49.019227034375604,49.019227034375604,0
2026-0704-02-01-07-10,1,2,ディアウス,ケイアイアギト,0.31668931894272695,0.2877568461792279,0.02893247276349903,1.100544863302674,1,84.44358127791804,84.44358127791804,0
2026-0704-02-01-07-10,2,3,ケイアイアギト,セボンサデッセ,0.2877568461792279,0.23096869168342465,0.05678815449580327,1.2458694902841614,2,93.12487861720723,93.12487861720723,1
2026-0704-02-01-07-10,3,4,セボンサデッセ,エアニゲラ,0.23096869168342465,0.15938303634234266,0.071585655341082,1.4491422486601488,3,95.08642454845601,95.08642454845601,1
2026-0704-02-01-07-10,4,5,エアニゲラ,ストラーダ,0.15938303634234266,0.12271627283647034,0.03666676350587232,1.2987930015991753,4,87.93940570984657,87.93940570984657,0
2026-0704-02-01-07-10,5,6,ストラーダ,ギマール,0.12271627283647034,0.10679673457918662,0.01591953825728372,1.1490639046222884,5,72.8296756651777,72.8296756651777,0
2026-0704-02-01-07-10,6,7,ギマール,バタール,0.10679673457918662,0.10584031844096704,0.0009564161382195763,1.0090364064687978,6,19.013400660322393,19.013400660322393,0
2026-0704-02-01-07-10,7,8,バタール,ライフゲート,0.10584031844096704,0.0783445225115578,0.027495795929409247,1.350960029469232,7,83.62788891046804,83.62788891046804,0
2026-0704-02-01-07-10,8,9,ライフゲート,レッドライトニング,0.0783445225115578,0.06779339719269567,0.010551125318862126,1.1556364742848282,8,62.80831229364925,62.80831229364925,0
2026-0704-02-01-07-10,9,10,レッドライトニング,メイショウタイピン,0.06779339719269567,0.06005271841850449,0.007740678774191177,1.1288980578738628,9,55.38939599922315,55.38939599922315,0
2026-0704-02-01-07-10,10,11,メイショウタイピン,モレポブラーノ,0.06005271841850449,0.041690148384309254,0.01836257003419524,1.4404534583308484,10,76.22839386288601,76.22839386288601,0
2026-0704-02-01-07-10,11,12,モレポブラーノ,オセアバトルプラン,0.041690148384309254,0.026144567089186794,0.01554558129512246,1.5946008301492207,11,72.22761701301224,72.22761701301224,0
2026-0704-02-01-07-10,12,13,オセアバトルプラン,エンプレスフレーム,0.026144567089186794,0.015511562739029032,0.010633004350157762,1.685488917464376,12,63.00252476208973,63.00252476208973,0
2026-0704-02-01-07-10,13,14,エンプレスフレーム,マッスルバック,0.015511562739029032,0.014216236304262032,0.0012953264347669996,1.0911159892846365,13,21.751796465333072,21.751796465333072,0
2026-0704-02-01-07-11,1,2,サウスバンク,マーブルパレス,0.25651022816914615,0.17168169031810104,0.0848285378510451,1.4941035802587348,1,96.48475432122743,96.48475432122743,1
2026-0704-02-01-07-11,2,3,マーブルパレス,アンジュプロミス,0.17168169031810104,0.16828204438997024,0.003399645928130801,1.0202020717091633,2,36.162361623616235,36.162361623616235,0
2026-0704-02-01-07-11,3,4,アンジュプロミス,エヴァンスウィート,0.16828204438997024,0.060249455196342915,0.10803258919362732,2.7930882336042235,3,97.96076908137502,97.96076908137502,1
2026-0704-02-01-07-11,4,5,エヴァンスウィート,ドゥアムール,0.060249455196342915,0.05792021320083005,0.0023292419955128624,1.0402146654301245,4,29.26781899397941,29.26781899397941,0
2026-0704-02-01-07-11,5,6,ドゥアムール,パクスロマーナ,0.05792021320083005,0.052281446011980696,0.005638767188849356,1.107854078625851,5,47.348999805787535,47.348999805787535,0
2026-0704-02-01-07-11,6,7,パクスロマーナ,シカゴスティング,0.052281446011980696,0.048838931575472824,0.003442514436507872,1.0704870955497463,6,36.337152845212664,36.337152845212664,0
2026-0704-02-01-07-11,7,8,シカゴスティング,エコロジーク,0.048838931575472824,0.04442475784962108,0.004414173725851747,1.099362921477115,7,41.542046999417366,41.542046999417366,0
2026-0704-02-01-07-11,8,9,エコロジーク,ポエットリー,0.04442475784962108,0.039964729247633154,0.004460028601987923,1.1115991196725563,8,41.969314429986404,41.969314429986404,0
2026-0704-02-01-07-11,9,10,ポエットリー,ルーフ,0.039964729247633154,0.037229613012765464,0.0027351162348676905,1.073466147336258,9,32.41406098271509,32.41406098271509,0
2026-0704-02-01-07-11,10,11,ルーフ,ウィルオレオール,0.037229613012765464,0.03545759502652612,0.001772017986239341,1.0499756958957223,10,24.97572344144494,24.97572344144494,0
2026-0704-02-01-07-11,11,12,ウィルオレオール,サムハンター,0.03545759502652612,0.03373149706772523,0.0017260979588008957,1.0511716973407756,11,24.66498349194018,24.66498349194018,0
2026-0704-02-01-07-11,12,13,サムハンター,メルトユアハート,0.03373149706772523,0.031376343682918084,0.002355153384807143,1.0750614350928767,12,29.578558943484172,29.578558943484172,0
2026-0704-02-01-07-11,13,14,メルトユアハート,ハッピーロンドン,0.031376343682918084,0.027233331376365074,0.00414301230655301,1.1521302057870377,13,40.085453486113806,40.085453486113806,0
2026-0704-02-01-07-11,14,15,ハッピーロンドン,ロードマイライフ,0.027233331376365074,0.016415165982010385,0.010818165394354689,1.6590347856494703,14,63.58516216741115,63.58516216741115,0
2026-0704-02-01-07-11,15,16,ロードマイライフ,ゴールドサーベル,0.016415165982010385,0.015572928234404794,0.0008422377476055912,1.0540834539868271,15,18.158865799184305,18.158865799184305,0
2026-0704-02-01-07-12,1,2,シーズザスローン,ゴールドブレイズ,0.33235969983175,0.29459247947557365,0.037767220356176356,1.1282015767116955,1,88.42493688094775,88.42493688094775,0
2026-0704-02-01-07-12,2,3,ゴールドブレイズ,アチーヴァー,0.29459247947557365,0.09902194700708315,0.1955705324684905,2.9750220873207143,2,99.82520877840358,99.82520877840358,1
2026-0704-02-01-07-12,3,4,アチーヴァー,イサギ,0.09902194700708315,0.06996077869859522,0.029061168308487928,1.4153922933546688,3,84.56010875898232,84.56010875898232,0
2026-0704-02-01-07-12,4,5,イサギ,シュヴァルノワール,0.06996077869859522,0.06326348299929452,0.0066972956993007066,1.1058635310891023,4,51.67993785201009,51.67993785201009,0
2026-0704-02-01-07-12,5,6,シュヴァルノワール,カーフキック,0.06326348299929452,0.05345903067925316,0.00980445232004136,1.1834012363386595,5,61.17692755874927,61.17692755874927,0
2026-0704-02-01-07-12,6,7,カーフキック,ブレイジングスター,0.05345903067925316,0.05250329514946071,0.0009557355297924452,1.0182033437534113,6,18.9745581666343,18.9745581666343,0
2026-0704-03-02-03-01,1,2,ウィンターブリーズ,コスモハナミズキ,0.3043754526315014,0.21681503227431023,0.08756042035719117,1.4038484759968644,1,96.71780928335599,96.71780928335599,1
2026-0704-03-02-03-01,2,3,コスモハナミズキ,レゾルーティオ,0.21681503227431023,0.14261526946966688,0.07419976280464335,1.5202792315336546,2,95.51369197902505,95.51369197902505,1
2026-0704-03-02-03-01,3,4,レゾルーティオ,ニューロファイター,0.14261526946966688,0.11901345552588287,0.02360181394378401,1.1983121474752165,3,81.10312682074189,81.10312682074189,0
2026-0704-03-02-03-01,4,5,ニューロファイター,エムアイブレイズ,0.11901345552588287,0.10500181342002476,0.014011642105858105,1.1334419059012744,4,69.99417362594679,69.99417362594679,0
2026-0704-03-02-03-01,5,6,エムアイブレイズ,シーズザチャンス,0.10500181342002476,0.08674663259296733,0.018255180827057432,1.2104425299448154,5,76.03418139444553,76.03418139444553,0
2026-0704-03-02-03-01,6,7,シーズザチャンス,ユイノヘラクレス,0.08674663259296733,0.05069319583683197,0.036053436756135364,1.711208598333036,6,87.68692950087396,87.68692950087396,0
2026-0704-03-02-03-01,7,8,ユイノヘラクレス,ウスズミザクラ,0.05069319583683197,0.042444314801964644,0.008248881034867324,1.1943459583068945,7,57.020780734123136,57.020780734123136,0
2026-0704-03-02-03-02,1,2,ベルトラッキ,ファランギーナ,0.2145143698002709,0.19561331007487165,0.01890105972539924,1.0966246096350232,1,76.81103126820742,76.81103126820742,0
2026-0704-03-02-03-02,2,3,ファランギーナ,ドナディクオーレ,0.19561331007487165,0.16027258339765083,0.035340726677220824,1.2205038811256774,2,87.3373470576811,87.3373470576811,0
2026-0704-03-02-03-02,3,4,ドナディクオーレ,オープンザパンドラ,0.16027258339765083,0.1446195830795604,0.015653000318090415,1.10823568969549,3,72.36356574092056,72.36356574092056,0
2026-0704-03-02-03-02,4,5,オープンザパンドラ,ミサダメキメル,0.1446195830795604,0.0688836112177974,0.07573597186176301,2.099477372379617,4,95.66906195377743,95.66906195377743,1
2026-0704-03-02-03-02,5,6,ミサダメキメル,クイーンズレイン,0.0688836112177974,0.06615109426418046,0.0027325169536169397,1.0413072071446676,5,32.394639735871046,32.394639735871046,0
2026-0704-03-02-03-02,6,7,クイーンズレイン,ボンボンベイビー,0.06615109426418046,0.06414131253115402,0.0020097817330264472,1.0313336546091145,6,26.937269372693727,26.937269372693727,0
2026-0704-03-02-03-02,7,8,ボンボンベイビー,アイスアイスベイビ,0.06414131253115402,0.06225149362219077,0.0018898189089632464,1.0303578082870222,7,25.92736453680326,25.92736453680326,0
2026-0704-03-02-03-02,8,9,アイスアイスベイビ,クライングナウ,0.06225149362219077,0.0492456650712476,0.01300582855094317,1.2641009829418814,8,68.4016313847349,68.4016313847349,0
2026-0704-03-02-03-02,9,10,クライングナウ,シンショク,0.0492456650712476,0.04825595458034864,0.0009897104908989582,1.0205096034159067,9,19.207613128762866,19.207613128762866,0
2026-0704-03-02-03-02,10,11,シンショク,トップオブザキング,0.04825595458034864,0.02241887731192229,0.02583707726842635,2.1524697204478778,10,82.83161778986211,82.83161778986211,0
2026-0704-03-02-03-02,11,12,トップオブザキング,オーケーグリット,0.02241887731192229,0.019427977852049902,0.0029908994598723884,1.1539480579321748,11,33.65702078073412,33.65702078073412,0
2026-0704-03-02-03-02,12,13,オーケーグリット,レディホークダイヤ,0.019427977852049902,0.013004861135873437,0.006423116716176465,1.493901215020169,12,50.45639930083511,50.45639930083511,0
2026-0704-03-02-03-02,13,14,レディホークダイヤ,ヨーゼフ,0.013004861135873437,0.012927537603090223,7.732353278321405e-05,1.0059813040315373,13,10.642843270537968,10.642843270537968,0
2026-0704-03-02-03-02,14,15,ヨーゼフ,リバーブレーション,0.012927537603090223,0.010409414203976803,0.00251812339911342,1.2419082716634908,14,30.821518741503205,30.821518741503205,0
2026-0704-03-02-03-02,15,16,リバーブレーション,ホグホグナナハン,0.010409414203976803,0.007769050841952643,0.0026403633620241604,1.3398566202921824,15,31.773159836861524,31.773159836861524,0
2026-0704-03-02-03-03,1,2,ワンダーブリッツ,イントゥザウインド,0.32524367959948147,0.2709546082320223,0.054289071367459196,1.2003622367661329,1,92.73645368032628,92.73645368032628,1
2026-0704-03-02-03-03,2,3,イントゥザウインド,キタノドンカルロ,0.2709546082320223,0.1873399315917357,0.08361467664028657,1.4463259697484332,2,96.38764808700718,96.38764808700718,1
2026-0704-03-02-03-03,3,4,キタノドンカルロ,ショウナンタヅナ,0.1873399315917357,0.09004227356206274,0.09729765802967297,2.0805775352019444,3,97.3781316760536,97.3781316760536,1
2026-0704-03-02-03-03,4,5,ショウナンタヅナ,ザンシュトーム,0.09004227356206274,0.04942600539561507,0.040616268166447665,1.8217590687604106,4,89.43484171683822,89.43484171683822,0
2026-0704-03-02-03-03,5,6,ザンシュトーム,セイクリッドシチー,0.04942600539561507,0.029178205688258164,0.020247799707356906,1.6939357383276308,5,78.28704602835502,78.28704602835502,0
2026-0704-03-02-03-03,6,7,セイクリッドシチー,ハッピーカーン,0.029178205688258164,0.025596649886731937,0.0035815558015262275,1.1399228343308603,6,37.07516022528646,37.07516022528646,0
2026-0704-03-02-03-03,7,8,ハッピーカーン,パワポケグッド,0.025596649886731937,0.015880847207780456,0.009715802678951481,1.6117937256012038,7,61.02155758399689,61.02155758399689,0
2026-0704-03-02-03-03,8,9,パワポケグッド,ワイルドカイザー,0.015880847207780456,0.014871704145298799,0.0010091430624816575,1.0678565854069026,8,19.42124684404739,19.42124684404739,0
2026-0704-03-02-03-03,9,10,ワイルドカイザー,レインボーワールド,0.014871704145298799,0.01394365809003276,0.0009280460552660384,1.0665568568358275,9,18.74150320450573,18.74150320450573,0
2026-0704-03-02-03-03,10,11,レインボーワールド,アンコンケラブル,0.01394365809003276,0.011558910997815652,0.0023847470922171085,1.2063124365840143,10,29.772771411924648,29.772771411924648,0
2026-0704-03-02-03-03,11,12,アンコンケラブル,ナックキャンドル,0.011558910997815652,0.010281245822209783,0.0012776651756058691,1.1242714353591106,11,21.5575839968926,21.5575839968926,0
2026-0704-03-02-03-03,12,13,ナックキャンドル,マンモスホームラン,0.010281245822209783,0.009647378610969683,0.0006338672112400998,1.065703569518807,12,16.37211108953195,16.37211108953195,0
2026-0704-03-02-03-03,13,14,マンモスホームラン,オリジナルアポジー,0.009647378610969683,0.009377563685823022,0.00026981492514666083,1.0287723905895265,13,12.740337929695086,12.740337929695086,0
2026-0704-03-02-03-03,14,15,オリジナルアポジー,モータリゼーション,0.009377563685823022,0.005972573931939572,0.00340498975388345,1.570104245286034,14,36.18178287046028,36.18178287046028,0
2026-0704-03-02-03-04,1,2,グレイシエーション,リーデレクオーレ,0.1824734630989354,0.129319557382746,0.05315390571618939,1.4110275877210918,1,92.5810837055739,92.5810837055739,1
2026-0704-03-02-03-04,2,3,リーデレクオーレ,アーリマックス,0.129319557382746,0.069607178472957,0.059712378909789005,1.8578480010217306,2,93.55214604777626,93.55214604777626,1
2026-0704-03-02-03-04,3,4,アーリマックス,ロジスカヤ,0.069607178472957,0.06687755758654665,0.00272962088641035,1.0408151999701534,3,32.375218489027,32.375218489027,0
2026-0704-03-02-03-04,4,5,ロジスカヤ,ミスティユニバンス,0.06687755758654665,0.06004937933759426,0.006828178248952391,1.113709389243888,4,52.20431151679937,52.20431151679937,0
2026-0704-03-02-03-04,5,6,ミスティユニバンス,カラーオブサクセス,0.06004937933759426,0.053319933445810444,0.006729445891783814,1.126208820170847,5,51.79646533307438,51.79646533307438,0
2026-0704-03-02-03-04,6,7,カラーオブサクセス,ナディア,0.053319933445810444,0.04576069807829539,0.007559235367515051,1.1651905605675288,6,54.84560108758983,54.84560108758983,0
2026-0704-03-02-03-04,7,8,ナディア,ハーティーチアーズ,0.04576069807829539,0.04388574504538141,0.0018749530329139827,1.0427235092163782,7,25.77199456205088,25.77199456205088,0
2026-0704-03-02-03-04,8,9,ハーティーチアーズ,ラウンドヒル,0.04388574504538141,0.03821618847891976,0.005669556566461648,1.1483548410273567,8,47.52379102738396,47.52379102738396,0
2026-0704-03-02-03-04,9,10,ラウンドヒル,アルファリラエ,0.03821618847891976,0.022326898139864007,0.015889290339055756,1.7116658229691972,9,72.75199067780152,72.75199067780152,0
2026-0704-03-02-03-04,10,11,アルファリラエ,ホウオウミステリー,0.022326898139864007,0.015563073050406119,0.006763825089457888,1.4346072955868692,10,51.932414060982715,51.932414060982715,0
2026-0704-03-02-03-04,11,12,ホウオウミステリー,シエラモレーナ,0.015563073050406119,0.013359598110299792,0.0022034749401063265,1.1649357205144908,11,28.296756651777045,28.296756651777045,0
2026-0704-03-02-03-04,12,13,シエラモレーナ,ロッタリーランド,0.013359598110299792,0.011625268610332001,0.0017343294999677909,1.1491861872702365,12,24.703825985628278,24.703825985628278,0
2026-0704-03-02-03-04,13,14,ロッタリーランド,タイセイスタナー,0.011625268610332001,0.00962136639541391,0.002003902214918092,1.2082762606227393,13,26.859584385317536,26.859584385317536,0
2026-0704-03-02-03-04,14,15,タイセイスタナー,トゥレイス,0.00962136639541391,0.009222599486093443,0.0003987669093204662,1.0432380165615733,14,14.041561468246261,14.041561468246261,0
2026-0704-03-02-03-04,15,16,トゥレイス,フレンドリーエール,0.009222599486093443,0.006063205657323346,0.0031593938287700967,1.5210764746127443,15,34.56981938240435,34.56981938240435,0
2026-0704-03-02-03-05,1,2,スタースポット,コスモバルムンク,0.06597899293189796,0.06597899293189796,0.0,1.0,1,9.671780928335599,9.671780928335599,0
2026-0704-03-02-03-05,2,3,コスモバルムンク,サノノファイター,0.06597899293189796,0.06597899293189796,0.0,1.0,2,9.671780928335599,9.671780928335599,0
2026-0704-03-02-03-05,3,4,サノノファイター,マジックファイト,0.06597899293189796,0.06597899293189796,0.0,1.0,3,9.671780928335599,9.671780928335599,0
2026-0704-03-02-03-05,4,5,マジックファイト,コルサロ,0.06597899293189796,0.06597899293189796,0.0,1.0,4,9.671780928335599,9.671780928335599,0
2026-0704-03-02-03-05,5,6,コルサロ,ハンデンブレイズ,0.06597899293189796,0.06597899293189796,0.0,1.0,5,9.671780928335599,9.671780928335599,0
2026-0704-03-02-03-05,6,7,ハンデンブレイズ,フェリスセンダ,0.06597899293189796,0.06597899293189796,0.0,1.0,6,9.671780928335599,9.671780928335599,0
2026-0704-03-02-03-05,7,8,フェリスセンダ,リベラリズモ,0.06597899293189796,0.06597899293189796,0.0,1.0,7,9.671780928335599,9.671780928335599,0
2026-0704-03-02-03-05,8,9,リベラリズモ,ブックオブケルズ,0.06597899293189796,0.06597899293189796,0.0,1.0,8,9.671780928335599,9.671780928335599,0
2026-0704-03-02-03-05,9,10,ブックオブケルズ,グルドロッティン,0.06597899293189796,0.06597899293189796,0.0,1.0,9,9.671780928335599,9.671780928335599,0
2026-0704-03-02-03-05,10,11,グルドロッティン,グラスクラージュ,0.06597899293189796,0.06597899293189796,0.0,1.0,10,9.671780928335599,9.671780928335599,0
2026-0704-03-02-03-05,11,12,グラスクラージュ,レディレックス,0.06597899293189796,0.06597899293189796,0.0,1.0,11,9.671780928335599,9.671780928335599,0
2026-0704-03-02-03-05,12,13,レディレックス,ノーブルグランツ,0.06597899293189796,0.06597899293189796,0.0,1.0,12,9.671780928335599,9.671780928335599,0
2026-0704-03-02-03-05,13,14,ノーブルグランツ,ロードムーブオン,0.06597899293189796,0.06597899293189796,0.0,1.0,13,9.671780928335599,9.671780928335599,0
2026-0704-03-02-03-06,1,2,キタノバトゥーキ,ミュークゼウス,0.05870065534207089,0.05870065534207089,0.0,1.0,1,9.671780928335599,9.671780928335599,0
2026-0704-03-02-03-06,2,3,ミュークゼウス,メイクアマーク,0.05870065534207089,0.05870065534207089,0.0,1.0,2,9.671780928335599,9.671780928335599,0
2026-0704-03-02-03-06,3,4,メイクアマーク,コンテミュール,0.05870065534207089,0.05870065534207089,0.0,1.0,3,9.671780928335599,9.671780928335599,0
2026-0704-03-02-03-06,4,5,コンテミュール,ヤマタケゲンジ,0.05870065534207089,0.05870065534207089,0.0,1.0,4,9.671780928335599,9.671780928335599,0
2026-0704-03-02-03-06,5,6,ヤマタケゲンジ,メジャーシンガー,0.05870065534207089,0.05870065534207089,0.0,1.0,5,9.671780928335599,9.671780928335599,0
2026-0704-03-02-03-06,6,7,メジャーシンガー,ベルグラース,0.05870065534207089,0.05870065534207089,0.0,1.0,6,9.671780928335599,9.671780928335599,0
2026-0704-03-02-03-06,7,8,ベルグラース,ポッドレーヴ,0.05870065534207089,0.05870065534207089,0.0,1.0,7,9.671780928335599,9.671780928335599,0
2026-0704-03-02-03-06,8,9,ポッドレーヴ,モーモーワン,0.05870065534207089,0.05870065534207089,0.0,1.0,8,9.671780928335599,9.671780928335599,0
2026-0704-03-02-03-06,9,10,モーモーワン,クロダテ,0.05870065534207089,0.05870065534207089,0.0,1.0,9,9.671780928335599,9.671780928335599,0
2026-0704-03-02-03-06,10,11,クロダテ,ユイノリュウギ,0.05870065534207089,0.05870065534207089,0.0,1.0,10,9.671780928335599,9.671780928335599,0
2026-0704-03-02-03-06,11,12,ユイノリュウギ,ダブルブロッサム,0.05870065534207089,0.05870065534207089,0.0,1.0,11,9.671780928335599,9.671780928335599,0
2026-0704-03-02-03-06,12,13,ダブルブロッサム,ファルコシニョーラ,0.05870065534207089,0.05870065534207089,0.0,1.0,12,9.671780928335599,9.671780928335599,0
2026-0704-03-02-03-06,13,14,ファルコシニョーラ,スードランダム,0.05870065534207089,0.05870065534207089,0.0,1.0,13,9.671780928335599,9.671780928335599,0
2026-0704-03-02-03-06,14,15,スードランダム,オーケーエース,0.05870065534207089,0.05870065534207089,0.0,1.0,14,9.671780928335599,9.671780928335599,0
2026-0704-03-02-03-07,1,2,アールグレイ,ピースフルマインド,0.20360008231164814,0.1379690235687837,0.06563105874286443,1.4756941597846738,1,94.32899592153817,94.32899592153817,1
2026-0704-03-02-03-07,2,3,ピースフルマインド,フレキシブル,0.1379690235687837,0.12514521417864954,0.012823809390134167,1.102471432681618,2,68.1103126820742,68.1103126820742,0
2026-0704-03-02-03-07,3,4,フレキシブル,ダイヤモンドパレス,0.12514521417864954,0.0798472299887154,0.04529798418993414,1.567308148276853,3,90.7749077490775,90.7749077490775,1
2026-0704-03-02-03-07,4,5,ダイヤモンドパレス,アルティマローネ,0.0798472299887154,0.06251805568233972,0.01732917430637569,1.2771867121784288,4,75.00485531171101,75.00485531171101,0
2026-0704-03-02-03-07,5,6,アルティマローネ,アンヴデット,0.06251805568233972,0.05664900130339361,0.005869054378946102,1.1036038455031776,5,48.242377160613714,48.242377160613714,0
2026-0704-03-02-03-07,6,7,アンヴデット,フロンテアムーン,0.05664900130339361,0.05284027892613824,0.0038087223772553733,1.0720799067427202,6,38.2404350359293,38.2404350359293,0
2026-0704-03-02-03-07,7,8,フロンテアムーン,ホウオウライラック,0.05284027892613824,0.05189331113565873,0.0009469677904795082,1.0182483593695526,7,18.95513691979025,18.95513691979025,0
2026-0704-03-02-03-07,8,9,ホウオウライラック,アドマイヤフク,0.05189331113565873,0.047603089100554476,0.004290222035104256,1.0901248661834066,8,41.037094581472125,41.037094581472125,0
2026-0704-03-02-03-07,9,10,アドマイヤフク,ミセスジョーンズ,0.047603089100554476,0.04378448711250822,0.0038186019880462538,1.0872135827064506,9,38.33754127014954,38.33754127014954,0
2026-0704-03-02-03-07,10,11,ミセスジョーンズ,キタノアヤカ,0.04378448711250822,0.03496424207215183,0.00882024504035639,1.2522647286949629,10,58.7686929500874,58.7686929500874,0
2026-0704-03-02-03-07,11,12,キタノアヤカ,ギャニミード,0.03496424207215183,0.023231299677094,0.011732942395057833,1.5050489020477182,11,65.70207807341232,65.70207807341232,0
2026-0704-03-02-03-07,12,13,ギャニミード,スターリットフレア,0.023231299677094,0.01746202304349406,0.00576927663359994,1.3303899335850113,12,47.834530976888715,47.834530976888715,0
2026-0704-03-02-03-07,13,14,スターリットフレア,ジーナグレイス,0.01746202304349406,0.014745235825601275,0.0027167872178927837,1.1842484752380689,13,32.23926976111866,32.23926976111866,0
2026-0704-03-02-03-07,14,15,ジーナグレイス,ノーブルスアーク,0.014745235825601275,0.0072918272422936425,0.007453408583307633,2.0221592387813025,14,54.515439891241016,54.515439891241016,0
2026-0704-03-02-03-07,15,16,ノーブルスアーク,アズサ,0.0072918272422936425,0.007247065651614338,4.476159067930488e-05,1.0061765123749546,15,10.215575839968926,10.215575839968926,0
2026-0704-03-02-03-08,1,2,ルシャルムール,ベルチュガダン,0.2192909215466224,0.18424725146209128,0.03504367008453113,1.1901991471050049,1,87.18197708292873,87.18197708292873,0
2026-0704-03-02-03-08,2,3,ベルチュガダン,ゴーゴーパンチ,0.18424725146209128,0.15883904096123977,0.025408210500851514,1.1599619989335725,2,82.4626140998252,82.4626140998252,0
2026-0704-03-02-03-08,3,4,ゴーゴーパンチ,コスモシェルベット,0.15883904096123977,0.11313802143244141,0.04570101952879836,1.4039404167597893,3,90.89143523014177,90.89143523014177,1
2026-0704-03-02-03-08,4,5,コスモシェルベット,ヤングアメリカンズ,0.11313802143244141,0.10106088183925822,0.012077139593183184,1.1195036039007893,4,66.57603418139445,66.57603418139445,0
2026-0704-03-02-03-08,5,6,ヤングアメリカンズ,エアトベーレ,0.10106088183925822,0.09850690473475954,0.0025539771044986864,1.0259268841242708,5,31.01573120994368,31.01573120994368,0
2026-0704-03-02-03-08,6,7,エアトベーレ,ユキノグラス,0.09850690473475954,0.06013275967350722,0.038374145061252314,1.638157058974276,6,88.59972810254419,88.59972810254419,0
2026-0704-03-02-03-08,7,8,ユキノグラス,エスシーレイジュ,0.06013275967350722,0.05431856890763418,0.005814190765873042,1.1070387324776498,7,48.009322198485144,48.009322198485144,0
2026-0704-03-02-03-08,8,9,エスシーレイジュ,エコロストーム,0.05431856890763418,0.05240266381335713,0.001915905094277054,1.0365612156874495,8,26.102155758399686,26.102155758399686,0
2026-0704-03-02-03-08,9,10,エコロストーム,ブリスキー,0.05240266381335713,0.052100150270913616,0.00030251354244351103,1.0058063852190537,9,13.206447853952225,13.206447853952225,0
2026-0704-03-02-03-08,10,11,ブリスキー,シューティングガイ,0.052100150270913616,0.04180361051774445,0.010296539753169166,1.2463074271730328,10,62.128568654107596,62.128568654107596,0
2026-0704-03-02-03-08,11,12,シューティングガイ,エウテルペ,0.04180361051774445,0.03982594200860477,0.0019776685091396767,1.0496577961348004,11,26.607108176344923,26.607108176344923,0
2026-0704-03-02-03-08,12,13,エウテルペ,カフェロワドール,0.03982594200860477,0.01980728594317816,0.02001865606542661,2.010671331895486,12,78.05399106622644,78.05399106622644,0
2026-0704-03-02-03-08,13,14,カフェロワドール,レッドルイナール,0.01980728594317816,0.009601090438246106,0.010206195504932056,2.0630246189823924,13,61.89551369197902,61.89551369197902,0
2026-0704-03-02-03-08,14,15,レッドルイナール,パッカパッカブー,0.009601090438246106,0.00937776086486058,0.0002233295733855261,1.0238148078847227,14,12.27422800543795,12.27422800543795,0
2026-0704-03-02-03-09,1,2,アローメタル,コスモアチーブ,0.22989171912361617,0.11922712211269847,0.1106645970109177,1.928183076551264,1,98.13556030297144,98.13556030297144,1
2026-0704-03-02-03-09,2,3,コスモアチーブ,トレベルオール,0.11922712211269847,0.11778535495235064,0.0014417671603478288,1.0122406317910329,2,22.625752573315207,22.625752573315207,0
2026-0704-03-02-03-09,3,4,トレベルオール,ミッドセンチュリー,0.11778535495235064,0.11168335278221324,0.006102002170137399,1.0546366313163658,3,49.13575451543989,49.13575451543989,0
2026-0704-03-02-03-09,4,5,ミッドセンチュリー,マイネルボス,0.11168335278221324,0.06260966351468286,0.049073689267530377,1.7838037534896174,4,91.70712759759176,91.70712759759176,1
2026-0704-03-02-03-09,5,6,マイネルボス,コスモエルヴァル,0.06260966351468286,0.06015724107449284,0.002452422440190019,1.0407668702285262,5,30.31656632355797,30.31656632355797,0
2026-0704-03-02-03-09,6,7,コスモエルヴァル,ムーンストラック,0.06015724107449284,0.04994810354657555,0.010209137527917293,1.204394897964394,6,61.91493493882307,61.91493493882307,0
2026-0704-03-02-03-09,7,8,ムーンストラック,ニシノイストワール,0.04994810354657555,0.028468030374797074,0.021480073171778476,1.7545331689260428,7,79.43289959215382,79.43289959215382,0
2026-0704-03-02-03-09,8,9,ニシノイストワール,アレクレア,0.028468030374797074,0.022115903625785933,0.006352126749011141,1.2872198602640368,8,50.184501845018445,50.184501845018445,0
2026-0704-03-02-03-09,9,10,アレクレア,メアヴィア,0.022115903625785933,0.020292442365700113,0.0018234612600858194,1.0898591321450777,9,25.422412118858027,25.422412118858027,0
2026-0704-03-02-03-10,1,2,ディーズゴールド,エリーナストーム,0.1574793422022728,0.08518217215138711,0.07229717005088569,1.848735929419574,1,95.14468828898815,95.14468828898815,1
2026-0704-03-02-03-10,2,3,エリーナストーム,レッドベルダンス,0.08518217215138711,0.08152297650811884,0.003659195643268276,1.044885451930277,2,37.46358516216741,37.46358516216741,0
2026-0704-03-02-03-10,3,4,レッドベルダンス,トゥーザムーン,0.08152297650811884,0.057822921128739165,0.02370005537937967,1.4098730212299888,3,81.14196931442999,81.14196931442999,0
2026-0704-03-02-03-10,4,5,トゥーザムーン,キングツェッペリン,0.057822921128739165,0.05177312280126671,0.006049798327472454,1.1168521039515977,4,48.92212080015537,48.92212080015537,0
2026-0704-03-02-03-10,5,6,キングツェッペリン,マンダリンボレロ,0.05177312280126671,0.027847995505616143,0.023925127295650567,1.8591328338452782,5,81.27791804233831,81.27791804233831,0
2026-0704-03-02-03-10,6,7,マンダリンボレロ,ダディーズトリップ,0.027847995505616143,0.022107720505300067,0.005740275000316077,1.259650242952,6,47.776267236356574,47.776267236356574,0
2026-0704-03-02-03-10,7,8,ダディーズトリップ,ユイノマチブセ,0.022107720505300067,0.021307777900855012,0.0007999426044450544,1.0375422818919544,7,17.77044086230336,17.77044086230336,0
2026-0704-03-02-03-10,8,9,ユイノマチブセ,クロドラバール,0.021307777900855012,0.019274526331836697,0.002033251569018315,1.10548905503633,8,27.131481841134203,27.131481841134203,0
2026-0704-03-02-03-10,9,10,クロドラバール,ウインアルドーレ,0.019274526331836697,0.01512941569851295,0.004145110633323746,1.2739769146359805,9,40.143717226645954,40.143717226645954,0
2026-0704-03-02-03-11,1,2,ゲイルライダー,テセラリアン,0.2765675951151294,0.0967233092223344,0.179844285892795,2.8593686189891767,1,99.74752379102738,99.74752379102738,1
2026-0704-03-02-03-11,2,3,テセラリアン,イリフィ,0.0967233092223344,0.09563057674360678,0.0010927324787276121,1.0114266013647215,2,19.94562050883667,19.94562050883667,0
2026-0704-03-02-03-11,3,4,イリフィ,カネショウレジェン,0.09563057674360678,0.08232283637563466,0.013307740367972123,1.161653083808357,3,68.88716255583608,68.88716255583608,0
2026-0704-03-02-03-11,4,5,カネショウレジェン,ラストシャリナ,0.08232283637563466,0.06029522217124416,0.0220276142043905,1.3653293480174926,4,79.8407457758788,79.8407457758788,0
2026-0704-03-02-03-11,5,6,ラストシャリナ,ピックアップライン,0.06029522217124416,0.042577544180261565,0.017717677990982596,1.4161272880364082,5,75.43212274228004,75.43212274228004,0
2026-0704-03-02-03-11,6,7,ピックアップライン,ボディブロー,0.042577544180261565,0.04050911948540688,0.002068424694854687,1.051060717219485,6,27.422800543794914,27.422800543794914,0
2026-0704-03-02-03-11,7,8,ボディブロー,アイアムユウシュン,0.04050911948540688,0.03984325690466034,0.0006658625807465374,1.0167120519876138,7,16.605166051660518,16.605166051660518,0
2026-0704-03-02-03-11,8,9,アイアムユウシュン,メイショウコバト,0.03984325690466034,0.026683983536848945,0.013159273367811395,1.493152506620282,8,68.61526510001941,68.61526510001941,0
2026-0704-03-02-03-11,9,10,メイショウコバト,ゲキザル,0.026683983536848945,0.015944764044046433,0.010739219492802512,1.6735263979533392,9,63.255000971062344,63.255000971062344,0
2026-0704-03-02-03-12,1,2,トワニ,ブラックティンカー,0.2068681000412878,0.15659040916150396,0.05027769087978384,1.3210777157362716,1,92.01786754709651,92.01786754709651,1
2026-0704-03-02-03-12,2,3,ブラックティンカー,リラベガ,0.15659040916150396,0.08657431542449794,0.07001609373700603,1.8087397907069511,2,94.77568459895124,94.77568459895124,1
2026-0704-03-02-03-12,3,4,リラベガ,ルパヴィヨン,0.08657431542449794,0.07725313825288846,0.009321177171609477,1.1206575859882426,3,59.87570402019809,59.87570402019809,0
2026-0704-03-02-03-12,4,5,ルパヴィヨン,ルージュブリッツ,0.07725313825288846,0.07514766182361692,0.002105476429271544,1.028017856819197,4,27.67527675276753,27.67527675276753,0
2026-0704-03-02-03-12,5,6,ルージュブリッツ,ラヴノー,0.07514766182361692,0.06670667298687497,0.00844098883674195,1.1265388972165165,5,57.681103126820744,57.681103126820744,0
2026-0704-03-02-03-12,6,7,ラヴノー,カガラプンツェル,0.06670667298687497,0.05157087953107674,0.015135793455798227,1.29349496447268,6,71.52845212662653,71.52845212662653,0
2026-0704-03-02-03-12,7,8,カガラプンツェル,プリュノワール,0.05157087953107674,0.04259981383649216,0.008971065694584578,1.210589316869261,7,59.195960380656444,59.195960380656444,0
2026-0704-03-02-03-12,8,9,プリュノワール,ロンドンアームズ,0.04259981383649216,0.03850018973854437,0.004099624097947792,1.1064832180253767,8,39.7941347834531,39.7941347834531,0
2026-0704-03-02-03-12,9,10,ロンドンアームズ,アルマロクザン,0.03850018973854437,0.03633383478410531,0.002166354954439058,1.0596236253979654,9,28.044280442804425,28.044280442804425,0
2026-0704-03-02-03-12,10,11,アルマロクザン,カシノリアーナ,0.03633383478410531,0.03287173553360413,0.0034620992505011786,1.1053214621711087,10,36.511944066809086,36.511944066809086,0
2026-0704-03-02-03-12,11,12,カシノリアーナ,アテンスマイル,0.03287173553360413,0.029015054918173754,0.003856680615430378,1.1329199833088968,11,38.53175373859002,38.53175373859002,0
2026-0704-03-02-03-12,12,13,アテンスマイル,パッションディーバ,0.029015054918173754,0.023189274455704813,0.005825780462468941,1.2512273712399715,12,48.08700718586133,48.08700718586133,0
2026-0704-03-02-03-12,13,14,パッションディーバ,レッドカメリア,0.023189274455704813,0.01983532187982471,0.0033539525758801043,1.169089899130477,13,35.94872790833171,35.94872790833171,0
2026-0704-03-02-03-12,14,15,レッドカメリア,ピクラリーダ,0.01983532187982471,0.007850376010424157,0.011984945869400552,2.5266715700606297,14,66.30413672557778,66.30413672557778,0
2026-0704-03-02-03-12,15,16,ピクラリーダ,ミセスリリー,0.007850376010424157,0.007748927743242174,0.00010144826718198365,1.013091910331782,15,10.739949504758206,10.739949504758206,0
2026-0704-10-02-03-01,1,2,アバットゥータ,テイエムリステット,0.2679443352276334,0.08602092544921597,0.18192340977841742,3.114873896419764,1,99.76694503787144,99.76694503787144,1
2026-0704-10-02-03-01,2,3,テイエムリステット,ゴーツウキリシマ,0.08602092544921597,0.08253830053875727,0.003482624910458698,1.0421940467361983,2,36.628471547873374,36.628471547873374,0
2026-0704-10-02-03-01,3,4,ゴーツウキリシマ,ゴールデンルーキー,0.08253830053875727,0.06022075809095853,0.02231754244779874,1.3705955081815795,3,80.09322198485143,80.09322198485143,0
2026-0704-10-02-03-01,4,5,ゴールデンルーキー,メイショウソウセキ,0.06022075809095853,0.04644371011980649,0.013777047971152041,1.296639694279649,4,69.64459118275393,69.64459118275393,0
2026-0704-10-02-03-01,5,6,メイショウソウセキ,シークレットキー,0.04644371011980649,0.040922507659781705,0.005521202460024785,1.1349184782596051,5,46.824626140998255,46.824626140998255,0
2026-0704-10-02-03-01,6,7,シークレットキー,アニージョ,0.040922507659781705,0.036861258052027154,0.004061249607754551,1.1101766413404115,6,39.58050106816858,39.58050106816858,0
2026-0704-10-02-03-01,7,8,アニージョ,アクロスザリバー,0.036861258052027154,0.0353468141961375,0.001514443855889655,1.0428452716413448,7,23.072441250728296,23.072441250728296,0
2026-0704-10-02-03-01,8,9,アクロスザリバー,アドアプローズ,0.0353468141961375,0.01670864141393439,0.01863817278220311,2.1154810448358514,8,76.53913381239076,76.53913381239076,0
2026-0704-10-02-03-01,9,10,アドアプローズ,パーセルペーパー,0.01670864141393439,0.015392802572744974,0.0013158388411894165,1.0854840328764617,9,21.9265876869295,21.9265876869295,0
2026-0704-10-02-03-01,10,11,パーセルペーパー,シュエットアムール,0.015392802572744974,0.015183656020640347,0.00020914655210462624,1.0137744527286654,10,12.177121771217712,12.177121771217712,0
2026-0704-10-02-03-01,11,12,シュエットアムール,キムタックフェイス,0.015183656020640347,0.008777965414145078,0.006405690606495269,1.7297466217140645,11,50.39813556030297,50.39813556030297,0
2026-0704-10-02-03-02,1,2,ランスオブラヴ,アイルトン,0.1137277223647123,0.06364307600850864,0.05008464635620366,1.7869614339430684,1,91.95960380656439,91.95960380656439,1
2026-0704-10-02-03-02,2,3,アイルトン,マルモリキャスター,0.06364307600850864,0.04705447316449122,0.016588602844017426,1.3525404011224953,2,73.9755292289765,73.9755292289765,0
2026-0704-10-02-03-02,3,4,マルモリキャスター,ルージュルガーノ,0.04705447316449122,0.04168886388351594,0.005365609280975278,1.128706056753369,3,46.20314624198873,46.20314624198873,0
2026-0704-10-02-03-02,4,5,ルージュルガーノ,ロングジーニアス,0.04168886388351594,0.02972299305216821,0.01196587083134773,1.4025796059752755,4,66.2264517382016,66.2264517382016,0
2026-0704-10-02-03-02,5,6,ロングジーニアス,ナデシコザクラ,0.02972299305216821,0.02893849286082893,0.0007845001913392817,1.027109227668217,5,17.712177121771216,17.712177121771216,0
2026-0704-10-02-03-02,6,7,ナデシコザクラ,リフルフォース,0.02893849286082893,0.024599749664518014,0.0043387431963109145,1.1763734694653822,6,41.270149543600695,41.270149543600695,0
2026-0704-10-02-03-02,7,8,リフルフォース,アンコ,0.024599749664518014,0.021127663115552513,0.0034720865489655008,1.164338409315587,7,36.58962905418528,36.58962905418528,0
2026-0704-10-02-03-02,8,9,アンコ,シャンデリュイーズ,0.021127663115552513,0.02087297651919461,0.0002546865963579045,1.0122017382678363,8,12.584967954942709,12.584967954942709,0
2026-0704-10-02-03-02,9,10,シャンデリュイーズ,パープルウインド,0.02087297651919461,0.018823567089201777,0.0020494094299928316,1.1088746580433464,9,27.248009322198484,27.248009322198484,0
2026-0704-10-02-03-02,10,11,パープルウインド,ミヤノラングリー,0.018823567089201777,0.01879720492958584,2.6362159615937047e-05,1.00140245104071,10,10.021363371528452,10.021363371528452,0
2026-0704-10-02-03-02,11,12,ミヤノラングリー,マリノムーンリーフ,0.01879720492958584,0.015128132520023046,0.003669072409562794,1.2425330690821583,11,37.52184890269955,37.52184890269955,0
2026-0704-10-02-03-02,12,13,マリノムーンリーフ,サラサキングスター,0.015128132520023046,0.014956987691047273,0.00017114482897577325,1.011442466391693,12,11.730433093804622,11.730433093804622,0
2026-0704-10-02-03-02,13,14,サラサキングスター,デュードロップ,0.014956987691047273,0.011797237446822675,0.0031597502442245982,1.2678381492673616,13,34.60866187609245,34.60866187609245,0
2026-0704-10-02-03-02,14,15,デュードロップ,ニシノトリビュート,0.011797237446822675,0.010830598418922503,0.0009666390279001718,1.089250749636449,14,19.11050689454263,19.11050689454263,0
2026-0704-10-02-03-02,15,16,ニシノトリビュート,メドウセージ,0.010830598418922503,0.008249828536631672,0.002580769882290831,1.3128270934155117,15,31.404156146824626,31.404156146824626,0
2026-0704-10-02-03-02,16,17,メドウセージ,レイノルズナンバー,0.008249828536631672,0.008087993150352938,0.00016183538627873376,1.02000933770223,16,11.555641872208195,11.555641872208195,0
2026-0704-10-02-03-02,17,18,レイノルズナンバー,ヒャクギマル,0.008087993150352938,0.00639645185374407,0.001691541296608868,1.2644499380728942,17,24.31540104874733,24.31540104874733,0
2026-0704-10-02-03-03,1,2,シャンドラファール,ドリームプレミア,0.22520450581830306,0.1970410127193613,0.028163493098941755,1.1429321373771766,1,83.95805010681686,83.95805010681686,0
2026-0704-10-02-03-03,2,3,ドリームプレミア,シャリキモン,0.1970410127193613,0.1232145512049553,0.07382646151440601,1.5991699908203452,2,95.47484948533696,95.47484948533696,1
2026-0704-10-02-03-03,3,4,シャリキモン,テイエムプレミラン,0.1232145512049553,0.04937647683811183,0.07383807436684346,2.495409942044521,3,95.49427073218101,95.49427073218101,1
2026-0704-10-02-03-03,4,5,テイエムプレミラン,カパルア,0.04937647683811183,0.04504100658510968,0.004335470253002155,1.0962560693400543,4,41.21188580306856,41.21188580306856,0
2026-0704-10-02-03-03,5,6,カパルア,サトノトリニティ,0.04504100658510968,0.04046651928740433,0.0045744872977053486,1.1130437551402947,5,42.590794328995926,42.590794328995926,0
2026-0704-10-02-03-03,6,7,サトノトリニティ,スピーチバルーン,0.04046651928740433,0.026607547300005623,0.013858971987398706,1.520866197516664,6,69.81938240435036,69.81938240435036,0
2026-0704-10-02-03-03,7,8,スピーチバルーン,レイワノキセキ,0.026607547300005623,0.023152152806761975,0.003455394493243648,1.1492472221518182,7,36.41483783258885,36.41483783258885,0
2026-0704-10-02-03-03,8,9,レイワノキセキ,マイネルホウセン,0.023152152806761975,0.023032108240258767,0.00012004456650320863,1.0052120528981094,8,11.011846960574868,11.011846960574868,0
2026-0704-10-02-03-03,9,10,マイネルホウセン,レットミーテイク,0.023032108240258767,0.018107696409491843,0.004924411830766924,1.2719513139277951,9,44.33870654496019,44.33870654496019,0
2026-0704-10-02-03-03,10,11,レットミーテイク,リアライズパリオ,0.018107696409491843,0.0179473309566005,0.0001603654528913416,1.008935337141725,10,11.516799378520101,11.516799378520101,0
2026-0704-10-02-03-03,11,12,リアライズパリオ,ブライトココナッツ,0.0179473309566005,0.017333679830921215,0.0006136511256792862,1.035402241858916,11,16.197319867935523,16.197319867935523,0
2026-0704-10-02-03-03,12,13,ブライトココナッツ,メイショウシュハリ,0.017333679830921215,0.011850431413646027,0.005483248417275188,1.4627045401031653,12,46.68867741308992,46.68867741308992,0
2026-0704-10-02-03-03,13,14,メイショウシュハリ,ビースペシフィック,0.011850431413646027,0.009178239116460762,0.0026721922971852646,1.2911443320748537,13,31.967372305302,31.967372305302,0
2026-0704-10-02-03-03,14,15,ビースペシフィック,ベルドゥニュイ,0.009178239116460762,0.008178084666454163,0.0010001544500065993,1.1222969057912975,14,19.32414060982715,19.32414060982715,0
2026-0704-10-02-03-03,15,16,ベルドゥニュイ,ミスティックレイン,0.008178084666454163,0.007239717298465799,0.0009383673679883645,1.1296138135376113,15,18.85803068557001,18.85803068557001,0
2026-0704-10-02-03-04,1,2,マーゴットガイア,アキノビューティー,0.3025634238769909,0.2378374671969127,0.06472595668007822,1.2721436510526312,1,94.21246844047387,94.21246844047387,1
2026-0704-10-02-03-04,2,3,アキノビューティー,アンティスマ,0.2378374671969127,0.18153841387640934,0.05629905332050336,1.3101219853051682,2,93.00835113614295,93.00835113614295,1
2026-0704-10-02-03-04,3,4,アンティスマ,ダノンロワール,0.18153841387640934,0.1206661239810879,0.06087228989532144,1.504468759640129,3,93.74635851621674,93.74635851621674,1
2026-0704-10-02-03-04,4,5,ダノンロワール,セントピュアベース,0.1206661239810879,0.05748617618518672,0.06317994779590119,2.099045927013348,4,94.07651971256554,94.07651971256554,1
2026-0704-10-02-03-04,5,6,セントピュアベース,モンテパステル,0.05748617618518672,0.04516263387322501,0.012323542311961713,1.2728703190020947,5,67.19751408040396,67.19751408040396,0
2026-0704-10-02-03-04,6,7,モンテパステル,イットガール,0.04516263387322501,0.04516263387322501,0.0,1.0,6,9.671780928335599,9.671780928335599,0
2026-0704-10-02-03-04,7,8,イットガール,デルマトカチ,0.04516263387322501,0.04516263387322501,0.0,1.0,7,9.671780928335599,9.671780928335599,0
2026-0704-10-02-03-04,8,9,デルマトカチ,オーケーキュート,0.04516263387322501,0.032252282340382174,0.012910351532842833,1.400292648953967,8,68.28510390367062,68.28510390367062,0
2026-0704-10-02-03-04,9,10,オーケーキュート,エンジェルグラース,0.032252282340382174,0.02561091050634848,0.006641371834033693,1.2593180680705365,9,51.38861914934939,51.38861914934939,0
2026-0704-10-02-03-04,10,11,エンジェルグラース,ショルタメンテ,0.02561091050634848,0.018075599973791465,0.007535310532557016,1.4168774781187217,10,54.72907360652554,54.72907360652554,0
2026-0704-10-02-03-04,11,12,ショルタメンテ,ヴォメロ,0.018075599973791465,0.018049459371946245,2.614060184522038e-05,1.0014482761675316,11,10.001942124684405,10.001942124684405,0
2026-0704-10-02-03-04,12,13,ヴォメロ,ヴェロシオン,0.018049459371946245,0.013034921583676059,0.0050145377882701864,1.3847002650595162,12,44.66886774130899,44.66886774130899,0
2026-0704-10-02-03-04,13,14,ヴェロシオン,ヒデガミティアラ,0.013034921583676059,0.012740756658339417,0.0002941649253366419,1.0230884972710077,13,13.070499126043892,13.070499126043892,0
2026-0704-10-02-03-04,14,15,ヒデガミティアラ,ダンツカレン,0.012740756658339417,0.012550747821693927,0.0001900088366454892,1.0151392442382643,14,11.982909302777237,11.982909302777237,0
2026-0704-10-02-03-04,15,16,ダンツカレン,カワキタベレッタ,0.012550747821693927,0.009281744368592824,0.003269003453101103,1.3521971003815425,15,35.385511749854345,35.385511749854345,0
2026-0704-10-02-03-05,1,2,ココモフィーバー,プリンキピッサ,0.07289728340424038,0.07289728340424038,0.0,1.0,1,9.671780928335599,9.671780928335599,0
2026-0704-10-02-03-05,2,3,プリンキピッサ,ブルーチップ,0.07289728340424038,0.07289728340424038,0.0,1.0,2,9.671780928335599,9.671780928335599,0
2026-0704-10-02-03-05,3,4,ブルーチップ,ワイドアイリー,0.07289728340424038,0.07289728340424038,0.0,1.0,3,9.671780928335599,9.671780928335599,0
2026-0704-10-02-03-05,4,5,ワイドアイリー,チョウチャンピオン,0.07289728340424038,0.07289728340424038,0.0,1.0,4,9.671780928335599,9.671780928335599,0
2026-0704-10-02-03-05,5,6,チョウチャンピオン,シャローフォレスト,0.07289728340424038,0.07289728340424038,0.0,1.0,5,9.671780928335599,9.671780928335599,0
2026-0704-10-02-03-05,6,7,シャローフォレスト,ナミオトノヒビキ,0.07289728340424038,0.07289728340424038,0.0,1.0,6,9.671780928335599,9.671780928335599,0
2026-0704-10-02-03-05,7,8,ナミオトノヒビキ,カシノスワッグ,0.07289728340424038,0.07289728340424038,0.0,1.0,7,9.671780928335599,9.671780928335599,0
2026-0704-10-02-03-05,8,9,カシノスワッグ,テーオージャスミン,0.07289728340424038,0.07289728340424038,0.0,1.0,8,9.671780928335599,9.671780928335599,0
2026-0704-10-02-03-05,9,10,テーオージャスミン,ディーエスシン,0.07289728340424038,0.07289728340424038,0.0,1.0,9,9.671780928335599,9.671780928335599,0
2026-0704-10-02-03-05,10,11,ディーエスシン,マルモリマイベスト,0.07289728340424038,0.07289728340424038,0.0,1.0,10,9.671780928335599,9.671780928335599,0
2026-0704-10-02-03-05,11,12,マルモリマイベスト,ルマンサルト,0.07289728340424038,0.07289728340424038,0.0,1.0,11,9.671780928335599,9.671780928335599,0
2026-0704-10-02-03-05,12,13,ルマンサルト,ゴールドショーマン,0.07289728340424038,0.07289728340424038,0.0,1.0,12,9.671780928335599,9.671780928335599,0
2026-0704-10-02-03-06,1,2,ピコオーバル,キングズテイル,0.21085707566540746,0.16481872484786578,0.04603835081754168,1.2793271872479106,1,91.00796271120606,91.00796271120606,1
2026-0704-10-02-03-06,2,3,キングズテイル,キープシャイニング,0.16481872484786578,0.16269157828395045,0.0021271465639153275,1.0130747183496047,2,27.752961740143718,27.752961740143718,0
2026-0704-10-02-03-06,3,4,キープシャイニング,ピエナオルカ,0.16269157828395045,0.1537664396442676,0.008925138639682861,1.0580434759387731,3,59.098854146436196,59.098854146436196,0
2026-0704-10-02-03-06,4,5,ピエナオルカ,マーチンゲール,0.1537664396442676,0.1455638896086469,0.008202550035620676,1.0563501707578267,4,56.80714701883861,56.80714701883861,0
2026-0704-10-02-03-06,5,6,マーチンゲール,ジャスティンゴッホ,0.1455638896086469,0.13949341133932505,0.006070478269321861,1.0435180286368875,5,49.03864828121966,49.03864828121966,0
2026-0704-10-02-03-06,6,7,ジャスティンゴッホ,ラッキーストーン,0.13949341133932505,0.09940835757562146,0.040085053763703596,1.403236254388473,6,89.22120800155369,89.22120800155369,0
2026-0704-10-02-03-06,7,8,ラッキーストーン,ロンバルドシチー,0.09940835757562146,0.06377872249741592,0.03562963507820553,1.558644539793802,7,87.4150320450573,87.4150320450573,0
2026-0704-10-02-03-06,8,9,ロンバルドシチー,ブクブクー,0.06377872249741592,0.056001085741823775,0.007777636755592149,1.1388836779245426,8,55.56418722081957,55.56418722081957,0
2026-0704-10-02-03-06,9,10,ブクブクー,ベルアズーロ,0.056001085741823775,0.0378412871529077,0.018159798588916073,1.4798937867926272,9,75.95649640706932,75.95649640706932,0
2026-0704-10-02-03-06,10,11,ベルアズーロ,バチラ,0.0378412871529077,0.023003046545070238,0.014838240607837463,1.6450554529272747,10,70.94581472130511,70.94581472130511,0
2026-0704-10-02-03-06,11,12,バチラ,クロワール,0.023003046545070238,0.016744242120988854,0.006258804424081384,1.3737884568830974,11,49.776655661293454,49.776655661293454,0
2026-0704-10-02-03-06,12,13,クロワール,フルドフォルク,0.016744242120988854,0.016631778669657638,0.0001124634513312156,1.0067619617579682,12,10.875898232666536,10.875898232666536,0
2026-0704-10-02-03-06,13,14,フルドフォルク,カミノトップワン,0.016631778669657638,0.014387976075829981,0.002243802593827657,1.1559498418680976,13,28.70460283550204,28.70460283550204,0
2026-0704-10-02-03-06,14,15,カミノトップワン,ハギノクリーガー,0.014387976075829981,0.012759354442252078,0.001628621633577904,1.1276413819326776,14,23.829869877646146,23.829869877646146,0
2026-0704-10-02-03-06,15,16,ハギノクリーガー,エクスマウス,0.012759354442252078,0.005190780855540527,0.00756857358671155,2.4580799685721693,15,54.88444358127792,54.88444358127792,0
2026-0704-10-02-03-07,1,2,ホワイトフレイムス,ララディアーブル,0.2720287378956029,0.21371254062603934,0.05831619726956355,1.2728721351528314,1,93.41619731986793,93.41619731986793,1
2026-0704-10-02-03-07,2,3,ララディアーブル,ホウオウモチーヴ,0.21371254062603934,0.18765664269787352,0.026055897928165817,1.1388487908212006,2,82.90930277723831,82.90930277723831,0
2026-0704-10-02-03-07,3,4,ホウオウモチーヴ,ベンティガオルサ,0.18765664269787352,0.16663060959950868,0.021026033098364844,1.1261834974312357,3,79.04447465527286,79.04447465527286,0
2026-0704-10-02-03-07,4,5,ベンティガオルサ,フェブリノ,0.16663060959950868,0.09532103097264095,0.07130957862686772,1.7480991120137486,4,94.98931831423577,94.98931831423577,1
2026-0704-10-02-03-07,5,6,フェブリノ,シュプリームレルム,0.09532103097264095,0.07526034129487581,0.020060689677765142,1.2665506073001425,5,78.13167605360263,78.13167605360263,0
2026-0704-10-02-03-07,6,7,シュプリームレルム,ジージージェット,0.07526034129487581,0.0694402235167951,0.005820117778080711,1.0838147903811548,6,48.04816469217324,48.04816469217324,0
2026-0704-10-02-03-07,7,8,ジージージェット,バックドラフト,0.0694402235167951,0.06321143955295147,0.0062287839638436315,1.098538872202489,7,49.67954942707322,49.67954942707322,0
2026-0704-10-02-03-07,8,9,バックドラフト,プリティウーマン,0.06321143955295147,0.037930305226243084,0.025281134326708386,1.666515446577977,8,82.40435035929306,82.40435035929306,0
2026-0704-10-02-03-07,9,10,プリティウーマン,ステラネージュ,0.037930305226243084,0.02217211259600149,0.015758192630241596,1.7107212973960553,9,72.5771994562051,72.5771994562051,0
2026-0704-10-02-03-07,10,11,ステラネージュ,ワンダーリュクス,0.02217211259600149,0.014588935846887797,0.007583176749113692,1.5197895740100456,10,54.923286074966015,54.923286074966015,0
2026-0704-10-02-03-07,11,12,ワンダーリュクス,プロスト,0.014588935846887797,0.014049486865889593,0.0005394489809982042,1.0383963475782108,11,15.148572538356964,15.148572538356964,0
2026-0704-10-02-03-07,12,13,プロスト,サンライズレマ,0.014049486865889593,0.011401221632186999,0.002648265233702594,1.232279076675979,12,31.792581083705574,31.792581083705574,0
2026-0704-10-02-03-07,13,14,サンライズレマ,シンゼンイセ,0.011401221632186999,0.00852215133454787,0.002879070297639128,1.3378337446282713,13,32.99669838803651,32.99669838803651,0
2026-0704-10-02-03-07,14,15,シンゼンイセ,ワルツプリンセス,0.00852215133454787,0.007352274719298353,0.0011698766152495174,1.1591176418066655,14,20.644785395222375,20.644785395222375,0
2026-0704-10-02-03-07,15,16,ワルツプリンセス,テイエムローズダン,0.007352274719298353,0.006329116190850249,0.0010231585284481044,1.161658989595932,15,19.518353078267626,19.518353078267626,0
2026-0704-10-02-03-08,1,2,ブルーマッキンジー,エルル,0.30741870071478866,0.15914669937601597,0.1482720013387727,1.9316687177309935,1,99.35909885414644,99.35909885414644,1
2026-0704-10-02-03-08,2,3,エルル,カネコメファミリー,0.15914669937601597,0.1479656470203935,0.011181052355622473,1.0755651908451522,2,64.57564575645756,64.57564575645756,0
2026-0704-10-02-03-08,3,4,カネコメファミリー,ミヤフロント,0.1479656470203935,0.11667821029715295,0.03128743672324055,1.2681514966981284,3,85.74480481646923,85.74480481646923,0
2026-0704-10-02-03-08,4,5,ミヤフロント,ベラジオリン,0.11667821029715295,0.11432810371441451,0.0023501065827384315,1.0205558082954727,4,29.50087395610798,29.50087395610798,0
2026-0704-10-02-03-08,5,6,ベラジオリン,アイファーモービル,0.11432810371441451,0.07464090373038235,0.03968719998403217,1.5317084601144455,5,89.08525927364536,89.08525927364536,0
2026-0704-10-02-03-08,6,7,アイファーモービル,プルミエールパス,0.07464090373038235,0.06875003209282943,0.005890871637552919,1.0856853656387941,6,48.475432122742276,48.475432122742276,0
2026-0704-10-02-03-08,7,8,プルミエールパス,ミヤラティーニ,0.06875003209282943,0.049829378883382354,0.018920653209447073,1.3797087909469596,7,76.84987376189551,76.84987376189551,0
2026-0704-10-02-03-08,8,9,ミヤラティーニ,イチトゼロノアイダ,0.049829378883382354,0.04635717921739746,0.0034721996659848944,1.074901012628521,8,36.60905030102933,36.60905030102933,0
2026-0704-10-02-03-08,9,10,イチトゼロノアイダ,アメリカンビヨンド,0.04635717921739746,0.041326494196279054,0.005030685021118406,1.121730263332411,9,44.80481646921732,44.80481646921732,0
2026-0704-10-02-03-08,10,11,アメリカンビヨンド,アスコットアイ,0.041326494196279054,0.02461612847904729,0.016710365717231765,1.6788380931410585,10,74.11147795688483,74.11147795688483,0
2026-0704-10-02-03-08,11,12,アスコットアイ,ピオニエーレ,0.02461612847904729,0.017543795432681784,0.007072333046365505,1.4031244592142633,11,53.09768887162556,53.09768887162556,0
2026-0704-10-02-03-08,12,13,ピオニエーレ,ナムラトロム,0.017543795432681784,0.015955977679996323,0.0015878177526854609,1.0995124074832516,12,23.48028743445329,23.48028743445329,0
2026-0704-10-02-03-09,1,2,グッドピース,フィオラーノ,0.15689552514867364,0.07528408433236441,0.08161144081630922,2.0840464029025147,1,96.25169935909885,96.25169935909885,1
2026-0704-10-02-03-09,2,3,フィオラーノ,キョラムン,0.07528408433236441,0.06087551366107968,0.014408570671284732,1.236689102148747,2,70.38259856282774,70.38259856282774,0
2026-0704-10-02-03-09,3,4,キョラムン,ミライハーモニー,0.06087551366107968,0.060301411957436435,0.0005741017036432483,1.0095205350091716,3,15.634103709458147,15.634103709458147,0
2026-0704-10-02-03-09,4,5,ミライハーモニー,ネフェルアスティ,0.060301411957436435,0.05982283621203873,0.0004785757453977038,1.007999883918934,4,14.760147601476014,14.760147601476014,0
2026-0704-10-02-03-09,5,6,ネフェルアスティ,スピリットライズ,0.05982283621203873,0.05317211585991994,0.006650720352118791,1.125079099158662,5,51.42746164303749,51.42746164303749,0
2026-0704-10-02-03-09,6,7,スピリットライズ,マウンテンバローズ,0.05317211585991994,0.05079957627626142,0.0023725395836585172,1.0467039246696868,6,29.675665177704406,29.675665177704406,0
2026-0704-10-02-03-09,7,8,マウンテンバローズ,ケイアイクビラ,0.05079957627626142,0.03571997841353443,0.015079597862726994,1.4221614494876984,7,71.3925033987182,71.3925033987182,0
2026-0704-10-02-03-09,8,9,ケイアイクビラ,リアルアルバ,0.03571997841353443,0.023520142559069254,0.012199835854465175,1.518697360095761,8,66.88677413089921,66.88677413089921,0
2026-0704-10-02-03-09,9,10,リアルアルバ,ラブアイミー,0.023520142559069254,0.014301474708194453,0.009218667850874801,1.6445956126183752,9,59.720334045445725,59.720334045445725,0
2026-0704-10-02-03-09,10,11,ラブアイミー,ギザキズラヴ,0.014301474708194453,0.011709454376628148,0.0025920203315663044,1.221361324635239,10,31.520683627888914,31.520683627888914,0
2026-0704-10-02-03-09,11,12,ギザキズラヴ,ソリスディエス,0.011709454376628148,0.007269196470458296,0.004440257906169852,1.6108320120683037,11,41.794523208389975,41.794523208389975,0
2026-0704-10-02-03-10,1,2,ゴールデンバランス,パールフロント,0.10898333675257937,0.08946111725796652,0.019522219494612858,1.2182201619315727,1,77.45193241406099,77.45193241406099,0
2026-0704-10-02-03-10,2,3,パールフロント,ローズカリス,0.08946111725796652,0.08585416196812393,0.0036069552898425894,1.0420125851462132,2,37.211108953194795,37.211108953194795,0
2026-0704-10-02-03-10,3,4,ローズカリス,セールヴォラン,0.08585416196812393,0.07203793376858918,0.01381622819953475,1.1917910117177606,3,69.72227617013013,69.72227617013013,0
2026-0704-10-02-03-10,4,5,セールヴォラン,リクエイ,0.07203793376858918,0.0658614493472,0.006176484421389183,1.093779965102632,4,49.52417945232084,49.52417945232084,0
2026-0704-10-02-03-10,5,6,リクエイ,ザウリ,0.0658614493472,0.046287252147812145,0.019574197199387848,1.4228852716700544,5,77.51019615459313,77.51019615459313,0
2026-0704-10-02-03-10,6,7,ザウリ,アストラカ,0.046287252147812145,0.03893768448688616,0.007349567660925989,1.1887520472205082,6,54.282384929112446,54.282384929112446,0
2026-0704-10-02-03-10,7,8,アストラカ,ジャスパーソレイユ,0.03893768448688616,0.03832942960889797,0.0006082548779881847,1.0158691346100017,7,16.11963488055933,16.11963488055933,0
2026-0704-10-02-03-10,8,9,ジャスパーソレイユ,パルプフィクション,0.03832942960889797,0.02974114738744743,0.008588282221450541,1.2887676830207069,8,58.32200427267431,58.32200427267431,0
2026-0704-10-02-03-10,9,10,パルプフィクション,ディーエスショウマ,0.02974114738744743,0.029210693691905237,0.0005304536955421935,1.0181595720093835,9,15.051466304136726,15.051466304136726,0
2026-0704-10-02-03-10,10,11,ディーエスショウマ,ペイシャヴァルツー,0.029210693691905237,0.028110142127352154,0.001100551564553083,1.0391514051962836,10,20.062147989900954,20.062147989900954,0
2026-0704-10-02-03-10,11,12,ペイシャヴァルツー,ブルーノート,0.028110142127352154,0.01676911573140872,0.011341026395943435,1.6763043786919294,11,64.90580695280637,64.90580695280637,0
2026-0704-10-02-03-11,1,2,ネブラディスク,サウンドムーブ,0.2852463612572963,0.23604799668233456,0.04919836457496174,1.2084252578562285,1,91.72654884443581,91.72654884443581,1
2026-0704-10-02-03-11,2,3,サウンドムーブ,ヴィスマール,0.23604799668233456,0.1080277097735214,0.12802028690881317,2.1850689714445113,2,98.73761895513692,98.73761895513692,1
2026-0704-10-02-03-11,3,4,ヴィスマール,ナヴォーナ,0.1080277097735214,0.0890794171212139,0.018948292652307505,1.2127123556109916,3,76.92755874927171,76.92755874927171,0
2026-0704-10-02-03-11,4,5,ナヴォーナ,アラタマフェーヴル,0.0890794171212139,0.07643819931111828,0.012641217810095612,1.1653782784526805,4,67.81899397941348,67.81899397941348,0
2026-0704-10-02-03-11,5,6,アラタマフェーヴル,マトラコーニッシュ,0.07643819931111828,0.0705438544885381,0.00589434482258018,1.0835557521674393,5,48.51427461643038,48.51427461643038,0
2026-0704-10-02-03-11,6,7,マトラコーニッシュ,レディーミコノス,0.0705438544885381,0.06738838212529547,0.003155472363242637,1.0468251687267942,6,34.5503981355603,34.5503981355603,0
2026-0704-10-02-03-11,7,8,レディーミコノス,モアリジット,0.06738838212529547,0.0672073139608963,0.0001810681643991674,1.0026941735017787,7,11.885803068557001,11.885803068557001,0
2026-0704-10-02-03-11,8,9,モアリジット,ウォーターガーベラ,0.0672073139608963,0.05953113300691457,0.007676180953981725,1.128943975467259,8,55.07865604971839,55.07865604971839,0
2026-0704-10-02-03-11,9,10,ウォーターガーベラ,アルトゥーム,0.05953113300691457,0.022622870902762257,0.036908262104152316,2.631457928694886,9,87.97824820353468,87.97824820353468,0
2026-0704-10-02-03-11,10,11,アルトゥーム,ハギノアルデバラン,0.022622870902762257,0.0208231482636905,0.0017997226390717574,1.0864289403447196,10,25.228199650417555,25.228199650417555,0
2026-0704-10-02-03-11,11,12,ハギノアルデバラン,ドットクルー,0.0208231482636905,0.020677233504832845,0.00014591475885765426,1.0070567834339903,11,11.342008156923674,11.342008156923674,0
2026-0704-10-02-03-11,12,13,ドットクルー,トーアライデン,0.020677233504832845,0.018934884411736713,0.0017423490930961322,1.0920179418690374,12,24.74266847931637,24.74266847931637,0
2026-0704-10-02-03-11,13,14,トーアライデン,スリリングチェイス,0.018934884411736713,0.018519681940729418,0.0004152024710072956,1.0224195249322376,13,14.158088949310546,14.158088949310546,0
2026-0704-10-02-03-12,1,2,ムーンリットアイル,ジャンヌローサ,0.23549360833821162,0.18651879114121306,0.04897481719699856,1.262573099993554,1,91.66828510390367,91.66828510390367,1
2026-0704-10-02-03-12,2,3,ジャンヌローサ,エピッククイーン,0.18651879114121306,0.11635937682910437,0.07015941431210869,1.6029545381215902,2,94.7951058457953,94.7951058457953,1
2026-0704-10-02-03-12,3,4,エピッククイーン,ミトノリン,0.11635937682910437,0.11257755326633183,0.0037818235627725405,1.033593051661246,3,38.12390755486502,38.12390755486502,0
2026-0704-10-02-03-12,4,5,ミトノリン,ペンテリコン,0.11257755326633183,0.09574505841174044,0.016832494854591387,1.17580536409728,4,74.26684793163722,74.26684793163722,0
2026-0704-10-02-03-12,5,6,ペンテリコン,アカウフリューゲル,0.09574505841174044,0.07547126672824239,0.02027379168349805,1.2686292752512038,5,78.34530976888716,78.34530976888716,0
2026-0704-10-02-03-12,6,7,アカウフリューゲル,ユメシバイ,0.07547126672824239,0.055680719860718875,0.019790546867523517,1.3554290770131578,6,77.78209361040979,77.78209361040979,0
2026-0704-10-02-03-12,7,8,ユメシバイ,ヒットザグラウンド,0.055680719860718875,0.04318679629589647,0.012493923564822408,1.2892996155403535,7,67.41114779568849,67.41114779568849,0
2026-0704-10-02-03-12,8,9,ヒットザグラウンド,ラブカムーン,0.04318679629589647,0.024789165934020724,0.018397630361875743,1.7421641539228547,8,76.28665760341813,76.28665760341813,0
2026-0704-10-02-03-12,9,10,ラブカムーン,ペガサスノース,0.024789165934020724,0.02062679881701745,0.004162367117003275,1.2017941394555733,9,40.260244707710235,40.260244707710235,0
2026-0704-10-02-03-12,10,11,ペガサスノース,ピリカサンライズ,0.02062679881701745,0.0175561870812037,0.0030706117358137476,1.1749019716873066,10,34.161973198679355,34.161973198679355,0
2026-0704-10-02-03-12,11,12,ピリカサンライズ,コヒロ,0.0175561870812037,0.012754787961937823,0.004801399119265878,1.3764389603021205,11,43.658962905418534,43.658962905418534,0
2026-0705-02-01-08-01,1,2,コックニー,チカバリエンテ,0.2650584359799389,0.2467970641258931,0.018261371854045777,1.0739934728102378,1,76.05360264128957,76.05360264128957,0
2026-0705-02-01-08-01,2,3,チカバリエンテ,キチロクタワー,0.2467970641258931,0.18229171459052465,0.06450534953536846,1.3538578244231478,2,94.19304719362984,94.19304719362984,1
2026-0705-02-01-08-01,3,4,キチロクタワー,ライーリーアース,0.18229171459052465,0.12882170993000644,0.05347000466051821,1.4150698254942464,3,92.65876869295009,92.65876869295009,1
2026-0705-02-01-08-01,4,5,ライーリーアース,マナベラ,0.12882170993000644,0.11519255053602563,0.013629159393980808,1.1183163262776996,4,69.45037871431346,69.45037871431346,0
2026-0705-02-01-08-01,5,6,マナベラ,クリアストライク,0.11519255053602563,0.11116981288485758,0.0040227376511680485,1.0361855214718634,5,39.386288599728104,39.386288599728104,0
2026-0705-02-01-08-01,6,7,クリアストライク,レインボースター,0.11116981288485758,0.07188660675366085,0.039283206131196735,1.5464607095145193,6,88.8910468052049,88.8910468052049,0
2026-0705-02-01-08-01,7,8,レインボースター,アイルドフルール,0.07188660675366085,0.05377024421904769,0.018116362534613156,1.3369217082372034,7,75.83996892600506,75.83996892600506,0
2026-0705-02-01-08-01,8,9,アイルドフルール,リアルジャパン,0.05377024421904769,0.03424070731683916,0.01952953690220853,1.570360206683118,8,77.47135366090502,77.47135366090502,0
2026-0705-02-01-08-02,1,2,グレイトソン,カッサンドラ,0.25492977038786846,0.12464652934915817,0.1302832410387103,2.0452215694972353,1,98.8541464362012,98.8541464362012,1
2026-0705-02-01-08-02,2,3,カッサンドラ,マーマレードスカイ,0.12464652934915817,0.09362064465135943,0.03102588469779874,1.3314000326887112,2,85.64769858224898,85.64769858224898,0
2026-0705-02-01-08-02,3,4,マーマレードスカイ,カフェオドヴィー,0.09362064465135943,0.07028198079844898,0.023338663852910446,1.3320717997382552,3,80.88949310545736,80.88949310545736,0
2026-0705-02-01-08-02,4,5,カフェオドヴィー,ジェッディンデデン,0.07028198079844898,0.050096903407359554,0.020185077391089427,1.4029206601245559,4,78.24820353466693,78.24820353466693,0
2026-0705-02-01-08-02,5,6,ジェッディンデデン,カプリースカラー,0.050096903407359554,0.03916950782004793,0.010927395587311622,1.2789770971214172,5,63.81821712953971,63.81821712953971,0
2026-0705-02-01-08-02,6,7,カプリースカラー,アクロスメモリア,0.03916950782004793,0.037785907997568896,0.0013835998224790355,1.0366168208149995,6,22.31501262381045,22.31501262381045,0
2026-0705-02-01-08-02,7,8,アクロスメモリア,ロードベルファスト,0.037785907997568896,0.027774291684841235,0.01001161631272766,1.3604634251822105,7,61.66245872985046,61.66245872985046,0
2026-0705-02-01-08-02,8,9,ロードベルファスト,ジャストキュート,0.027774291684841235,0.025057510479295046,0.002716781205546189,1.1084218325595856,8,32.21984851427462,32.21984851427462,0
2026-0705-02-01-08-02,9,10,ジャストキュート,デルマハルナ,0.025057510479295046,0.01597241998478165,0.009085090494513396,1.5687986230746231,9,59.48727908331715,59.48727908331715,0
2026-0705-02-01-08-02,10,11,デルマハルナ,ペイシャクロス,0.01597241998478165,0.01338682067583734,0.0025855993089443103,1.1931451366649894,10,31.44299864051272,31.44299864051272,0
2026-0705-02-01-08-02,11,12,ペイシャクロス,ミスマラッカ,0.01338682067583734,0.012426814646660974,0.0009600060291763655,1.0772527841182788,11,19.052243154010487,19.052243154010487,0
2026-0705-02-01-08-03,1,2,ゴンフィンガー,ジャストグレース,0.17053022717322888,0.1376974697219936,0.03283275745123529,1.238441254712403,1,86.32744222179063,86.32744222179063,0
2026-0705-02-01-08-03,2,3,ジャストグレース,ニシノモリミチ,0.1376974697219936,0.0864465999394016,0.051250869782591996,1.592861602636986,2,92.1732375218489,92.1732375218489,1
2026-0705-02-01-08-03,3,4,ニシノモリミチ,キャピタル,0.0864465999394016,0.05688785201842518,0.029558747920976416,1.5195968360943344,3,84.87084870848709,84.87084870848709,0
2026-0705-02-01-08-03,4,5,キャピタル,ガーディアンテイル,0.05688785201842518,0.054546499642179024,0.002341352376246157,1.0429239711366496,4,29.3843464750437,29.3843464750437,0
2026-0705-02-01-08-03,5,6,ガーディアンテイル,クッカユフラ,0.054546499642179024,0.04631560974707313,0.00823088989510589,1.1777130850711952,5,56.9236744999029,56.9236744999029,0
2026-0705-02-01-08-03,6,7,クッカユフラ,ミリオングローリー,0.04631560974707313,0.045293393369433686,0.001022216377639447,1.0225687744193017,6,19.498931831423576,19.498931831423576,0
2026-0705-02-01-08-03,7,8,ミリオングローリー,ヘイマー,0.045293393369433686,0.029304197145660668,0.015989196223773018,1.5456281959985612,7,72.9073606525539,72.9073606525539,0
2026-0705-02-01-08-03,8,9,ヘイマー,レースクイーン,0.029304197145660668,0.027203253425581775,0.0021009437200788933,1.077231340208123,8,27.59759176539134,27.59759176539134,0
2026-0705-02-01-08-03,9,10,レースクイーン,ルナノーヴァ,0.027203253425581775,0.014381070268024857,0.012822183157556918,1.891601453757305,9,68.09089143523013,68.09089143523013,0
2026-0705-02-01-08-03,10,11,ルナノーヴァ,ガダニーニ,0.014381070268024857,0.012163930075427773,0.0022171401925970835,1.1822716982791528,10,28.39386288599728,28.39386288599728,0
2026-0705-02-01-08-03,11,12,ガダニーニ,カンフージョン,0.012163930075427773,0.011623877132936918,0.0005400529424908554,1.0464606547638553,11,15.187415032045056,15.187415032045056,0
2026-0705-02-01-08-03,12,13,カンフージョン,マツリダシリウス,0.011623877132936918,0.008405177502496981,0.0032186996304399366,1.3829424934195305,12,35.05535055350554,35.05535055350554,0
2026-0705-02-01-08-03,13,14,マツリダシリウス,オーキーベルセルク,0.008405177502496981,0.00819106651574522,0.0002141109867517619,1.0261395736855743,13,12.215964264905807,12.215964264905807,0
2026-0705-02-01-08-04,1,2,ハルヒメ,ブルーエ,0.26920007488379816,0.24786324593816178,0.021336828945636377,1.0860830691733925,1,79.31637211108952,79.31637211108952,0
2026-0705-02-01-08-04,2,3,ブルーエ,バレンタインビスタ,0.24786324593816178,0.19498965479624708,0.0528735911419147,1.2711610069629824,2,92.52281996504176,92.52281996504176,1
2026-0705-02-01-08-04,3,4,バレンタインビスタ,ジュディーイメル,0.19498965479624708,0.18573914637073496,0.009250508425512116,1.049803762999148,3,59.798019032821905,59.798019032821905,0
2026-0705-02-01-08-04,4,5,ジュディーイメル,マメーアップル,0.18573914637073496,0.16517995611792485,0.02055919025281011,1.1244654057065648,4,78.59778597785979,78.59778597785979,0
2026-0705-02-01-08-04,5,6,マメーアップル,コスモファーブロス,0.16517995611792485,0.16407490844501255,0.001105047672912307,1.0067350192871365,5,20.120411730433094,20.120411730433094,0
2026-0705-02-01-08-04,6,7,コスモファーブロス,チャーミングアイ,0.16407490844501255,0.08642658088685191,0.07764832755816063,1.8984310933208892,6,95.8632744222179,95.8632744222179,1
2026-0705-02-01-08-04,7,8,チャーミングアイ,プリュスエクラ,0.08642658088685191,0.06742981042095132,0.018996770465900592,1.2817265886898896,7,76.98582248980385,76.98582248980385,0
2026-0705-02-01-08-04,8,9,プリュスエクラ,ルージュフローラ,0.06742981042095132,0.06685056280368779,0.0005792476172635369,1.008664812874718,8,15.750631190522432,15.750631190522432,0
2026-0705-02-01-08-04,9,10,ルージュフローラ,ルーチェコメット,0.06685056280368779,0.054295443653828816,0.012555119149858969,1.2312370671452024,9,67.56651777044085,67.56651777044085,0
2026-0705-02-01-08-04,10,11,ルーチェコメット,レオダーム,0.054295443653828816,0.045434412275174606,0.00886103137865421,1.1950290745478815,10,58.88522043115167,58.88522043115167,0
2026-0705-02-01-08-04,11,12,レオダーム,ラストシャイニー,0.045434412275174606,0.03069049965024108,0.014743912624933526,1.4804064056616852,11,70.86812973392892,70.86812973392892,0
2026-0705-02-01-08-04,12,13,ラストシャイニー,パトリシア,0.03069049965024108,0.02235087593526713,0.008339623714973949,1.3731229030632743,12,57.33152068362789,57.33152068362789,0
2026-0705-02-01-08-04,13,14,パトリシア,アルマフレイヤ,0.02235087593526713,0.019182442173222753,0.0031684337620443773,1.165173638133901,13,34.64750436978054,34.64750436978054,0
2026-0705-02-01-08-04,14,15,アルマフレイヤ,ブライティアロード,0.019182442173222753,0.010259749954977821,0.008922692218244932,1.8696793057725374,14,59.0600116527481,59.0600116527481,0
2026-0705-02-01-08-04,15,16,ブライティアロード,ヘリオドール,0.010259749954977821,0.00888240354796589,0.0013773464070119309,1.155064606057822,15,22.179063895902118,22.179063895902118,0
2026-0705-02-01-08-05,1,2,ショウナンガレオン,ダノンキューブ,0.1284814814768075,0.1284814814768075,0.0,1.0,1,9.671780928335599,9.671780928335599,0
2026-0705-02-01-08-05,2,3,ダノンキューブ,スーパーユタカ,0.1284814814768075,0.1284814814768075,0.0,1.0,2,9.671780928335599,9.671780928335599,0
2026-0705-02-01-08-05,3,4,スーパーユタカ,サトノパラディ,0.1284814814768075,0.1284814814768075,0.0,1.0,3,9.671780928335599,9.671780928335599,0
2026-0705-02-01-08-05,4,5,サトノパラディ,アートオブブライト,0.1284814814768075,0.1284814814768075,0.0,1.0,4,9.671780928335599,9.671780928335599,0
2026-0705-02-01-08-06,1,2,ショウナンマルチ,ギオンバヤシ,0.307706399473949,0.24941671613923153,0.058289683334717485,1.2337039964160963,1,93.37735482617984,93.37735482617984,1
2026-0705-02-01-08-06,2,3,ギオンバヤシ,ルナティックブルー,0.24941671613923153,0.12752103465741105,0.12189568148182048,1.9558868606210478,2,98.5239852398524,98.5239852398524,1
2026-0705-02-01-08-06,3,4,ルナティックブルー,マコトアディントン,0.12752103465741105,0.11930168355260908,0.008219351104801972,1.0688955164759049,3,56.86541075937075,56.86541075937075,0
2026-0705-02-01-08-06,4,5,マコトアディントン,エイシンインアウト,0.11930168355260908,0.11550186028272798,0.0037998232698810974,1.0328983728970236,4,38.22101378908526,38.22101378908526,0
2026-0705-02-01-08-06,5,6,エイシンインアウト,パンキー,0.11550186028272798,0.11248040372241991,0.0030214565603080695,1.0268620707280216,5,33.89007574286269,33.89007574286269,0
2026-0705-02-01-08-06,6,7,パンキー,ゴコウコイコイ,0.11248040372241991,0.09586558015615178,0.01661482356626813,1.1733137538958704,6,73.99495047582054,73.99495047582054,0
2026-0705-02-01-08-06,7,8,ゴコウコイコイ,ウインカトリーヌ,0.09586558015615178,0.03866345602750571,0.057202124128646066,2.479488126668027,7,93.29966983880365,93.29966983880365,1
2026-0705-02-01-08-06,8,9,ウインカトリーヌ,ファーザーアウェイ,0.03866345602750571,0.03453302848019398,0.00413042754731173,1.1196080311832681,8,40.04661099242571,40.04661099242571,0
2026-0705-02-01-08-06,9,10,ファーザーアウェイ,テンレディーゴー,0.03453302848019398,0.01938381452721264,0.015149213952981341,1.7815393575765797,9,71.54787337347057,71.54787337347057,0
2026-0705-02-01-08-06,10,11,テンレディーゴー,ヤクジョ,0.01938381452721264,0.018809193340514802,0.0005746211866978386,1.030550017552327,10,15.653524956302196,15.653524956302196,0
2026-0705-02-01-08-06,11,12,ヤクジョ,アルタティール,0.018809193340514802,0.016938078047063126,0.0018711152934516757,1.1104679815651284,11,25.713730821518745,25.713730821518745,0
2026-0705-02-01-08-06,12,13,アルタティール,リトルコリンズ,0.016938078047063126,0.01681954398277743,0.00011853406428569482,1.007047400595823,12,10.973004466886774,10.973004466886774,0
2026-0705-02-01-08-06,13,14,リトルコリンズ,タイセイネクサス,0.01681954398277743,0.01519232205578475,0.0016272219269926821,1.1071081774739686,13,23.810448630802096,23.810448630802096,0
2026-0705-02-01-08-06,14,15,タイセイネクサス,デルマノリクラ,0.01519232205578475,0.013571013863835277,0.001621308191949472,1.1194684647895037,14,23.71334239658186,23.71334239658186,0
2026-0705-02-01-08-06,15,16,デルマノリクラ,ティラユール,0.013571013863835277,0.012895548512942686,0.0006754653508925911,1.0523797301227362,15,16.702272285880753,16.702272285880753,0
2026-0705-02-01-08-07,1,2,ムーンブランシュ,キャンドルマス,0.2418583158837516,0.12422496063721393,0.11763335524653766,1.9469381567370638,1,98.40745775878813,98.40745775878813,1
2026-0705-02-01-08-07,2,3,キャンドルマス,クイーンレグナント,0.12422496063721393,0.12155120979860612,0.0026737508386078107,1.0219969084885117,2,31.986793552146047,31.986793552146047,0
2026-0705-02-01-08-07,3,4,クイーンレグナント,アルヘンティニータ,0.12155120979860612,0.09446893832563139,0.027082271472974734,1.2866791132935465,3,83.43367644202758,83.43367644202758,0
2026-0705-02-01-08-07,4,5,アルヘンティニータ,キャリーグレイス,0.09446893832563139,0.05846185400245971,0.03600708432317168,1.6159073285916783,4,87.64808700718586,87.64808700718586,0
2026-0705-02-01-08-07,5,6,キャリーグレイス,ジェイエルライナー,0.05846185400245971,0.02530249961951617,0.03315935438294354,2.310516940285507,5,86.44396970285493,86.44396970285493,0
2026-0705-02-01-08-07,6,7,ジェイエルライナー,マインセーラ,0.02530249961951617,0.016394353237340127,0.008908146382176043,1.5433667466604697,6,58.98232666537192,58.98232666537192,0
2026-0705-02-01-08-07,7,8,マインセーラ,パーティーガール,0.016394353237340127,0.013842828226092046,0.0025515250112480813,1.184321077280925,7,30.996309963099634,30.996309963099634,0
2026-0705-02-01-08-07,8,9,パーティーガール,カップッチョ,0.013842828226092046,0.009607465026684928,0.004235363199407118,1.4408408656855176,8,40.72635463196737,40.72635463196737,0
2026-0705-02-01-08-08,1,2,ナクライト,アオハルブルース,0.2663828364588526,0.16325124243195063,0.10313159402690195,1.631735431170707,1,97.82482035346669,97.82482035346669,1
2026-0705-02-01-08-08,2,3,アオハルブルース,ポンピエ,0.16325124243195063,0.1537406141536056,0.009510628278345035,1.0618615213078488,2,60.555447659739755,60.555447659739755,0
2026-0705-02-01-08-08,3,4,ポンピエ,ゴールドドレッサ,0.1537406141536056,0.14121628871695127,0.012524325436654327,1.0886889575589798,3,67.50825402990873,67.50825402990873,0
2026-0705-02-01-08-08,4,5,ゴールドドレッサ,ファンタイムギフト,0.14121628871695127,0.08023967376331406,0.06097661495363721,1.759930992908847,4,93.76577976306079,93.76577976306079,1
2026-0705-02-01-08-08,5,6,ファンタイムギフト,ブリスフル,0.08023967376331406,0.0673332746202107,0.012906399143103361,1.191679362334613,5,68.26568265682657,68.26568265682657,0
2026-0705-02-01-08-08,6,7,ブリスフル,スタンピー,0.0673332746202107,0.03162385754843743,0.03570941707177327,2.1291923199779816,6,87.51213827927754,87.51213827927754,0
2026-0705-02-01-08-08,7,8,スタンピー,マジカルシャイン,0.03162385754843743,0.022899605829244964,0.008724251719192468,1.380978248457481,7,58.574480481646916,58.574480481646916,0
2026-0705-02-01-08-09,1,2,マナボニート,サンタアニタ,0.18039450790868,0.17981517687105902,0.0005793310376209782,1.0032218139074902,1,15.77005243736648,15.77005243736648,0
2026-0705-02-01-08-09,2,3,サンタアニタ,セイプリーズ,0.17981517687105902,0.07907570517788721,0.10073947169317181,2.2739623562831364,2,97.59176539133813,97.59176539133813,1
2026-0705-02-01-08-09,3,4,セイプリーズ,ハリウッドメモリー,0.07907570517788721,0.07698365880583344,0.002092046372053777,1.0271752006140717,3,27.539328024859195,27.539328024859195,0
2026-0705-02-01-08-09,4,5,ハリウッドメモリー,ショウナンカリス,0.07698365880583344,0.07443384245386617,0.002549816351967271,1.0342561430111261,4,30.976888716255583,30.976888716255583,0
2026-0705-02-01-08-09,5,6,ショウナンカリス,ベルビースタローン,0.07443384245386617,0.06999698290438981,0.004436859549476355,1.0633864398917985,5,41.75568071470188,41.75568071470188,0
2026-0705-02-01-08-09,6,7,ベルビースタローン,ベビーズブレス,0.06999698290438981,0.0630442809682211,0.006952701936168718,1.1102828334210582,6,52.689842687900565,52.689842687900565,0
2026-0705-02-01-08-09,7,8,ベビーズブレス,ミニョンマルーン,0.0630442809682211,0.056216932448966715,0.0068273485192543795,1.1214464792338534,7,52.18489026995533,52.18489026995533,0
2026-0705-02-01-08-09,8,9,ミニョンマルーン,ラスティングスノー,0.056216932448966715,0.049869922502864095,0.0063470099461026205,1.1272713015693598,8,50.165080598174406,50.165080598174406,0
2026-0705-02-01-08-09,9,10,ラスティングスノー,リリーフィールド,0.049869922502864095,0.04767092946776089,0.0021989930351032014,1.046128595763805,9,28.2384929112449,28.2384929112449,0
2026-0705-02-01-08-09,10,11,リリーフィールド,モズアンタレス,0.04767092946776089,0.04039709001587837,0.007273839451882522,1.1800585004767294,10,53.991066226451736,53.991066226451736,0
2026-0705-02-01-08-09,11,12,モズアンタレス,マジカルフェアリー,0.04039709001587837,0.03479064867015471,0.005606441345723662,1.1611479394614785,11,47.13536609050301,47.13536609050301,0
2026-0705-02-01-08-09,12,13,マジカルフェアリー,ヒラボクミニー,0.03479064867015471,0.021618206948827018,0.013172441721327692,1.609321658938158,12,68.63468634686348,68.63468634686348,0
2026-0705-02-01-08-09,13,14,ヒラボクミニー,スイミーユニバンス,0.021618206948827018,0.01712318210412574,0.004495024844701278,1.2625110693425508,13,42.144105651582834,42.144105651582834,0
2026-0705-02-01-08-09,14,15,スイミーユニバンス,ゴキゲンサン,0.01712318210412574,0.012931680789429663,0.004191501314696077,1.324126568150538,14,40.45445717615071,40.45445717615071,0
2026-0705-02-01-08-09,15,16,ゴキゲンサン,マルプリ,0.012931680789429663,0.009335470333079224,0.003596210456350439,1.3852200615546555,15,37.152845212662655,37.152845212662655,0
2026-0705-02-01-08-10,1,2,ラーシャローム,アルマデオロ,0.2078123395310901,0.18307019888158077,0.02474214064950933,1.135151110342726,1,81.93824043503592,81.93824043503592,0
2026-0705-02-01-08-10,2,3,アルマデオロ,ゴールデンパゴーダ,0.18307019888158077,0.17121049337015717,0.011859705511423596,1.0692697350376936,2,65.97397552922898,65.97397552922898,0
2026-0705-02-01-08-10,3,4,ゴールデンパゴーダ,ジュンツバメガエシ,0.17121049337015717,0.16970041044333714,0.0015100829268200333,1.0088985225367162,3,23.033598757040203,23.033598757040203,0
2026-0705-02-01-08-10,4,5,ジュンツバメガエシ,アスクデッドヒート,0.16970041044333714,0.09933054725879162,0.07036986318454552,1.708441311625988,4,94.87279083317149,94.87279083317149,1
2026-0705-02-01-08-10,5,6,アスクデッドヒート,リアルファインド,0.09933054725879162,0.09445996604947907,0.004870581209312552,1.0515623857705103,5,44.008545348611385,44.008545348611385,0
2026-0705-02-01-08-10,6,7,リアルファインド,バースライト,0.09445996604947907,0.08831528422395483,0.006144681825524231,1.0695766523260255,6,49.32996698388036,49.32996698388036,0
2026-0705-02-01-08-10,7,8,バースライト,アメジストブラック,0.08831528422395483,0.0719082044907624,0.01640707973319243,1.2281670061070729,7,73.5288405515634,73.5288405515634,0
2026-0705-02-01-08-10,8,9,アメジストブラック,リギーロ,0.0719082044907624,0.06963595032447514,0.002272254166287263,1.0326304754325817,8,28.91823655078656,28.91823655078656,0
2026-0705-02-01-08-10,9,10,リギーロ,ライフセービング,0.06963595032447514,0.04301874482340813,0.026617205501067012,1.6187350563186023,9,83.18120023305497,83.18120023305497,0
2026-0705-02-01-08-10,10,11,ライフセービング,ブリヤディアマンテ,0.04301874482340813,0.03176218652349087,0.011256558299917258,1.354401240342571,10,64.750436978054,64.750436978054,0
2026-0705-02-01-08-11,1,2,カナルビーグル,プロミストジーン,0.27172328387899136,0.25316845299887086,0.0185548308801205,1.0732904540843533,1,76.46144882501457,76.46144882501457,0
2026-0705-02-01-08-11,2,3,プロミストジーン,ラタフォレスト,0.25316845299887086,0.14561956092560546,0.1075488920732654,1.7385607495974411,2,97.94134783453097,97.94134783453097,1
2026-0705-02-01-08-11,3,4,ラタフォレスト,ヒルノハンブルク,0.14561956092560546,0.10807896450957387,0.037540596416031594,1.3473441532899417,3,88.28898815303943,88.28898815303943,0
2026-0705-02-01-08-11,4,5,ヒルノハンブルク,コトホドサヨウニ,0.10807896450957387,0.07114487093966672,0.03693409356990715,1.5191392307286427,4,87.99766945037871,87.99766945037871,0
2026-0705-02-01-08-11,5,6,コトホドサヨウニ,レヴォントゥレット,0.07114487093966672,0.06865882110168296,0.002486049837983756,1.0362087463503333,5,30.4913575451544,30.4913575451544,0
2026-0705-02-01-08-11,6,7,レヴォントゥレット,オウギノカナメ,0.06865882110168296,0.04648564083427651,0.022173180267406452,1.4769898805193389,6,79.97669450378714,79.97669450378714,0
2026-0705-02-01-08-11,7,8,オウギノカナメ,アスクデビューモア,0.04648564083427651,0.04279252032055547,0.003693120513721039,1.0863029446748207,7,37.71606137114002,37.71606137114002,0
2026-0705-02-01-08-11,8,9,アスクデビューモア,ワイドブリザード,0.04279252032055547,0.042012503015947916,0.0007800173046075554,1.0185663135641183,8,17.673334628083122,17.673334628083122,0
2026-0705-02-01-08-11,9,10,ワイドブリザード,ホールシバン,0.042012503015947916,0.04145993123378076,0.0005525717821671591,1.0133278509086607,9,15.362206253641483,15.362206253641483,0
2026-0705-02-01-08-11,10,11,ホールシバン,テーオードレフォン,0.04145993123378076,0.02634096620689396,0.015118965026886796,1.5739715433418635,10,71.48960963293844,71.48960963293844,0
2026-0705-02-01-08-12,1,2,ララバニュルス,グランフィエルテ,0.3248660614398804,0.12731821076126967,0.19754785067861072,2.551607185628978,1,99.84463002524761,99.84463002524761,1
2026-0705-02-01-08-12,2,3,グランフィエルテ,ハーモニーソング,0.12731821076126967,0.11370567411560248,0.013612536645667195,1.1197173030417777,2,69.41153622062536,69.41153622062536,0
2026-0705-02-01-08-12,3,4,ハーモニーソング,コモンスナイプ,0.11370567411560248,0.09863806681855652,0.015067607297045954,1.1527565146300223,3,71.3536609050301,71.3536609050301,0
2026-0705-02-01-08-12,4,5,コモンスナイプ,ブライトアゲイン,0.09863806681855652,0.07624890048128943,0.02238916633726709,1.2936326451390747,4,80.19032821907166,80.19032821907166,0
2026-0705-02-01-08-12,5,6,ブライトアゲイン,ソードマスター,0.07624890048128943,0.06351982712609452,0.012729073355194909,1.2003952770514656,5,67.9549427073218,67.9549427073218,0
2026-0705-02-01-08-12,6,7,ソードマスター,フレンドモナコ,0.06351982712609452,0.027776548032069723,0.035743279094024805,2.28681501577363,6,87.53155952612157,87.53155952612157,0
2026-0705-02-01-08-12,7,8,フレンドモナコ,マイオウンウェイ,0.027776548032069723,0.019121482087432407,0.008655065944637316,1.4526357269306995,7,58.45795300058264,58.45795300058264,0
2026-0705-02-01-08-12,8,9,マイオウンウェイ,ユーベルジーク,0.019121482087432407,0.013650494439265755,0.005470987648166652,1.40079043821514,8,46.57214993202564,46.57214993202564,0
2026-0705-02-01-08-12,9,10,ユーベルジーク,ブラヴィーノ,0.013650494439265755,0.011693874835489691,0.0019566196037760636,1.1673200398757413,9,26.471159448436588,26.471159448436588,0
2026-0705-03-02-04-01,1,2,バーヴァンシー,ペールデュクラン,0.09830315397577769,0.05068823387719262,0.04761492009858506,1.9393683002241984,1,91.4740726354632,91.4740726354632,1
2026-0705-03-02-04-01,2,3,ペールデュクラン,ナックレジーナ,0.05068823387719262,0.04942600539561507,0.0012622284815775528,1.025537740132435,2,21.441056515828315,21.441056515828315,0
2026-0705-03-02-04-01,3,4,ナックレジーナ,リトルベルタ,0.04942600539561507,0.04942600539561507,0.0,1.0,3,9.671780928335599,9.671780928335599,0
2026-0705-03-02-04-01,4,5,リトルベルタ,オウケンハニー,0.04942600539561507,0.043729098401523996,0.005696906994091075,1.1302772570744914,4,47.65973975529229,47.65973975529229,0
2026-0705-03-02-04-01,5,6,オウケンハニー,バイアブランカ,0.043729098401523996,0.03709213355235707,0.006636964849166926,1.1789318708183387,5,51.33035540881724,51.33035540881724,0
2026-0705-03-02-04-01,6,7,バイアブランカ,デルマザオウ,0.03709213355235707,0.03254963052255765,0.004542503029799416,1.1395562086841924,6,42.39658186055545,42.39658186055545,0
2026-0705-03-02-04-01,7,8,デルマザオウ,ドナソラーレ,0.03254963052255765,0.028918067140869235,0.003631563381688418,1.1255811242154568,7,37.347057681103124,37.347057681103124,0
2026-0705-03-02-04-01,8,9,ドナソラーレ,ミュージックレイン,0.028918067140869235,0.01840580773223148,0.010512259408637755,1.5711381734271366,8,62.652942318896876,62.652942318896876,0
2026-0705-03-02-04-01,9,10,ミュージックレイン,マイトリックスター,0.01840580773223148,0.016298889439963035,0.002106918292268445,1.1292675982636289,9,27.694697999611574,27.694697999611574,0
2026-0705-03-02-04-01,10,11,マイトリックスター,マネーマネー,0.016298889439963035,0.012488960812619338,0.0038099286273436967,1.3050637026175944,10,38.259856282773356,38.259856282773356,0
2026-0705-03-02-04-01,11,12,マネーマネー,デルマツルギ,0.012488960812619338,0.011679593147091633,0.0008093676655277059,1.0692975907066804,11,17.84812584967955,17.84812584967955,0
2026-0705-03-02-04-01,12,13,デルマツルギ,オーシャンミューズ,0.011679593147091633,0.007990318506526858,0.003689274640564774,1.4617180951611886,12,37.69664012429598,37.69664012429598,0
2026-0705-03-02-04-01,13,14,オーシャンミューズ,オリエンタルガール,0.007990318506526858,0.0072489617294691664,0.0007413567770576919,1.1022707533471805,13,17.24606719751408,17.24606719751408,0
2026-0705-03-02-04-01,14,15,オリエンタルガール,アンジュリオ,0.0072489617294691664,0.007176308512062738,7.265321740642858e-05,1.0101240376280236,14,10.584579530005826,10.584579530005826,0
2026-0705-03-02-04-02,1,2,シルバーアックス,ブロークンハート,0.18139591455549492,0.17983296162506193,0.001562952930432987,1.0086911371325331,1,23.26665371916877,23.26665371916877,0
2026-0705-03-02-04-02,2,3,ブロークンハート,ゴールドパレード,0.17983296162506193,0.0920327578606502,0.08780020376441174,1.9540103524589896,2,96.77607302388813,96.77607302388813,1
2026-0705-03-02-04-02,3,4,ゴールドパレード,ニシノタチアナ,0.0920327578606502,0.06229384543295449,0.029738912427695705,1.477397280919237,3,84.96795494270732,84.96795494270732,0
2026-0705-03-02-04-02,4,5,ニシノタチアナ,ダイユウルミナス,0.06229384543295449,0.05626145933478092,0.006032386098173574,1.10722057638566,4,48.86385705962323,48.86385705962323,0
2026-0705-03-02-04-02,5,6,ダイユウルミナス,ハルカオル,0.05626145933478092,0.03364476825661718,0.02261669107816374,1.672220147443445,5,80.32627694697999,80.32627694697999,0
2026-0705-03-02-04-02,6,7,ハルカオル,ハッピースーニャ,0.03364476825661718,0.030606522522768128,0.0030382457338490494,1.099267916882387,6,33.96776073023888,33.96776073023888,0
2026-0705-03-02-04-02,7,8,ハッピースーニャ,ドリーマーズ,0.030606522522768128,0.024384174486278786,0.006222348036489342,1.2551797699770693,7,49.660128180229165,49.660128180229165,0
2026-0705-03-02-04-02,8,9,ドリーマーズ,セイウンプーパ,0.024384174486278786,0.024086880126692935,0.0002972943595858507,1.012342584760755,8,13.089920372887939,13.089920372887939,0
2026-0705-03-02-04-02,9,10,セイウンプーパ,ホカミテダメ,0.024086880126692935,0.014758896898483408,0.009327983228209527,1.6320244183810275,9,59.93396776073023,59.93396776073023,0
2026-0705-03-02-04-02,10,11,ホカミテダメ,エンジェルサン,0.014758896898483408,0.014628627286967554,0.00013026961151585414,1.0089051152210236,10,11.128374441639153,11.128374441639153,0
2026-0705-03-02-04-02,11,12,エンジェルサン,ローズバラード,0.014628627286967554,0.014385217809833312,0.00024340947713424183,1.0169208058127457,11,12.546125461254611,12.546125461254611,0
2026-0705-03-02-04-02,12,13,ローズバラード,トウシンラヴ,0.014385217809833312,0.011540320942607955,0.002844896867225357,1.2465180025212061,12,32.821907166440084,32.821907166440084,0
2026-0705-03-02-04-02,13,14,トウシンラヴ,ネオアンボウ,0.011540320942607955,0.009789498554467872,0.0017508223881400834,1.178846993888264,13,24.820353466692563,24.820353466692563,0
2026-0705-03-02-04-02,14,15,ネオアンボウ,ケイベエ,0.009789498554467872,0.007631113043202355,0.0021583855112655165,1.282840196318172,14,28.005437949116335,28.005437949116335,0
2026-0705-03-02-04-03,1,2,マーゴットドライ,ワインダークシー,0.31185331601916233,0.197619474083207,0.11423384193595534,1.5780495189854498,1,98.23266653719169,98.23266653719169,1
2026-0705-03-02-04-03,2,3,ワインダークシー,ヤマメホープ,0.197619474083207,0.18725307089748913,0.010366403185717854,1.0553603908124578,2,62.34220236939212,62.34220236939212,0
2026-0705-03-02-04-03,3,4,ヤマメホープ,セシルブリュネ,0.18725307089748913,0.07750076480672675,0.10975230609076238,2.416144813079784,3,98.07729656243932,98.07729656243932,1
2026-0705-03-02-04-03,4,5,セシルブリュネ,ベルランコントル,0.07750076480672675,0.057800267834394764,0.01970049697233199,1.3408374685871087,4,77.64614488250146,77.64614488250146,0
2026-0705-03-02-04-03,5,6,ベルランコントル,ヘルヴィッツ,0.057800267834394764,0.056140444499680885,0.0016598233347138794,1.0295655538445785,5,24.062924839774713,24.062924839774713,0
2026-0705-03-02-04-03,6,7,ヘルヴィッツ,ロマンス,0.056140444499680885,0.05435602338317418,0.0017844211165067014,1.0328283970283791,6,25.092250922509223,25.092250922509223,0
2026-0705-03-02-04-03,7,8,ロマンス,ソロンゴ,0.05435602338317418,0.04712154625858329,0.007234477124590896,1.1535280078648336,7,53.79685375801127,53.79685375801127,0
2026-0705-03-02-04-03,8,9,ソロンゴ,ブラッククラウズ,0.04712154625858329,0.044423251450338055,0.0026982948082452315,1.0607405968755288,8,32.14216352689843,32.14216352689843,0
2026-0705-03-02-04-03,9,10,ブラッククラウズ,ウキヨノサンシロウ,0.044423251450338055,0.044423251450338055,0.0,1.0,9,9.671780928335599,9.671780928335599,0
2026-0705-03-02-04-03,10,11,ウキヨノサンシロウ,シュガーシャック,0.044423251450338055,0.03598970693512355,0.008433544515214504,1.2343321253050807,10,57.60341813944455,57.60341813944455,0
2026-0705-03-02-04-03,11,12,シュガーシャック,スカイプライド,0.03598970693512355,0.030217024223530405,0.005772682711593147,1.1910407414340252,11,47.873373470576816,47.873373470576816,0
2026-0705-03-02-04-03,12,13,スカイプライド,クラックミーアップ,0.030217024223530405,0.02778475231036657,0.002432271913163836,1.0875398091008481,12,30.141775101961542,30.141775101961542,0
2026-0705-03-02-04-03,13,14,クラックミーアップ,ダイシンパルス,0.02778475231036657,0.025601937268723562,0.002182815041643006,1.0852597605693546,13,28.141386677024666,28.141386677024666,0
2026-0705-03-02-04-03,14,15,ダイシンパルス,プラネタリーアワー,0.025601937268723562,0.01710048505465328,0.008501452214070282,1.4971468462385469,14,57.855894348417166,57.855894348417166,0
2026-0705-03-02-04-03,15,16,プラネタリーアワー,ラスタリア,0.01710048505465328,0.015311726173253935,0.0017887588813993455,1.1168228102540063,15,25.13109341619732,25.13109341619732,0
2026-0705-03-02-04-04,1,2,コウソクルリアン,フェイスリフト,0.2547269760399566,0.20822450674650128,0.046502469293455306,1.223328512191261,1,91.18275393280248,91.18275393280248,1
2026-0705-03-02-04-04,2,3,フェイスリフト,エリースノー,0.20822450674650128,0.1831762475929461,0.025048259153555186,1.1367440346808357,2,82.1712953971645,82.1712953971645,0
2026-0705-03-02-04-04,3,4,エリースノー,スピニンググローブ,0.1831762475929461,0.11984782257381185,0.06332842501913424,1.5284069719341922,3,94.1347834530977,94.1347834530977,1
2026-0705-03-02-04-04,4,5,スピニンググローブ,シェリアドレ,0.11984782257381185,0.09352637166476988,0.026321450909041977,1.2814334656687736,4,82.98698776461448,82.98698776461448,0
2026-0705-03-02-04-04,5,6,シェリアドレ,ハクサンミレイ,0.09352637166476988,0.06886770315550268,0.024658668509267193,1.358058529316538,5,81.87997669450378,81.87997669450378,0
2026-0705-03-02-04-04,6,7,ハクサンミレイ,セイウンヤオヨロズ,0.06886770315550268,0.06384366488435386,0.00502403827114882,1.078692823794645,6,44.76597397552923,44.76597397552923,0
2026-0705-03-02-04-04,7,8,セイウンヤオヨロズ,トレフォイルノット,0.06384366488435386,0.048550570914066324,0.015293093970287538,1.314993082107233,7,71.80034958244319,71.80034958244319,0
2026-0705-03-02-04-04,8,9,トレフォイルノット,ブルーダイヤシチー,0.048550570914066324,0.04373508975980391,0.004815481154262412,1.1101056652840857,8,43.75606913963877,43.75606913963877,0
2026-0705-03-02-04-04,9,10,ブルーダイヤシチー,フジコンフィデンス,0.04373508975980391,0.04368557734238559,4.9512417418323684e-05,1.0011333813224046,9,10.273839580501068,10.273839580501068,0
2026-0705-03-02-04-04,10,11,フジコンフィデンス,ジーティーソレイユ,0.04368557734238559,0.036106810670161464,0.007578766672224124,1.209898535250226,10,54.90386482812196,54.90386482812196,0
2026-0705-03-02-04-04,11,12,ジーティーソレイユ,リアルパラダイス,0.036106810670161464,0.019197311170565702,0.016909499499595762,1.8808264526920973,11,74.44163915323364,74.44163915323364,0
2026-0705-03-02-04-04,12,13,リアルパラダイス,ライヴギムレット,0.019197311170565702,0.015383606187196095,0.0038137049833696073,1.247907086086472,12,38.3181200233055,38.3181200233055,0
2026-0705-03-02-04-04,13,14,ライヴギムレット,エスコルチア,0.015383606187196095,0.00837986893535496,0.007003737251841134,1.835781240240181,13,52.884055156341034,52.884055156341034,0
2026-0705-03-02-04-04,14,15,エスコルチア,イゲマジャ,0.00837986893535496,0.008304847423742509,7.502151161245182e-05,1.0090334605543716,14,10.604000776849874,10.604000776849874,0
2026-0705-03-02-04-04,15,16,イゲマジャ,ドングラミ,0.008304847423742509,0.006061308600242239,0.0022435388235002695,1.3701409994882305,15,28.685181588657994,28.685181588657994,0
2026-0705-03-02-04-05,1,2,ノシェリー,ランドジャイアンツ,0.05870065534207089,0.05870065534207089,0.0,1.0,1,9.671780928335599,9.671780928335599,0
2026-0705-03-02-04-05,2,3,ランドジャイアンツ,ブライトシーン,0.05870065534207089,0.05870065534207089,0.0,1.0,2,9.671780928335599,9.671780928335599,0
2026-0705-03-02-04-05,3,4,ブライトシーン,ミリオ,0.05870065534207089,0.05870065534207089,0.0,1.0,3,9.671780928335599,9.671780928335599,0
2026-0705-03-02-04-05,4,5,ミリオ,エスクアドラ,0.05870065534207089,0.05870065534207089,0.0,1.0,4,9.671780928335599,9.671780928335599,0
2026-0705-03-02-04-05,5,6,エスクアドラ,ミッドナイトフレア,0.05870065534207089,0.05870065534207089,0.0,1.0,5,9.671780928335599,9.671780928335599,0
2026-0705-03-02-04-05,6,7,ミッドナイトフレア,ゴールドテソーロ,0.05870065534207089,0.05870065534207089,0.0,1.0,6,9.671780928335599,9.671780928335599,0
2026-0705-03-02-04-05,7,8,ゴールドテソーロ,フレンデル,0.05870065534207089,0.05870065534207089,0.0,1.0,7,9.671780928335599,9.671780928335599,0
2026-0705-03-02-04-05,8,9,フレンデル,タイセイソアリング,0.05870065534207089,0.05870065534207089,0.0,1.0,8,9.671780928335599,9.671780928335599,0
2026-0705-03-02-04-05,9,10,タイセイソアリング,リアライズグロリア,0.05870065534207089,0.05870065534207089,0.0,1.0,9,9.671780928335599,9.671780928335599,0
2026-0705-03-02-04-05,10,11,リアライズグロリア,プリンキパトゥス,0.05870065534207089,0.05870065534207089,0.0,1.0,10,9.671780928335599,9.671780928335599,0
2026-0705-03-02-04-05,11,12,プリンキパトゥス,ファウナード,0.05870065534207089,0.05870065534207089,0.0,1.0,11,9.671780928335599,9.671780928335599,0
2026-0705-03-02-04-05,12,13,ファウナード,ビートル,0.05870065534207089,0.05870065534207089,0.0,1.0,12,9.671780928335599,9.671780928335599,0
2026-0705-03-02-04-05,13,14,ビートル,ブロンクス,0.05870065534207089,0.05870065534207089,0.0,1.0,13,9.671780928335599,9.671780928335599,0
2026-0705-03-02-04-05,14,15,ブロンクス,ドナズエクリプス,0.05870065534207089,0.05870065534207089,0.0,1.0,14,9.671780928335599,9.671780928335599,0
2026-0705-03-02-04-06,1,2,スターバーナー,ヴェットビルズ,0.07079035649364765,0.07079035649364765,0.0,1.0,1,9.671780928335599,9.671780928335599,0
2026-0705-03-02-04-06,2,3,ヴェットビルズ,エレスレイプニル,0.07079035649364765,0.07079035649364765,0.0,1.0,2,9.671780928335599,9.671780928335599,0
2026-0705-03-02-04-06,3,4,エレスレイプニル,ダンシングアワー,0.07079035649364765,0.07079035649364765,0.0,1.0,3,9.671780928335599,9.671780928335599,0
2026-0705-03-02-04-06,4,5,ダンシングアワー,エーオープリマ,0.07079035649364765,0.07079035649364765,0.0,1.0,4,9.671780928335599,9.671780928335599,0
2026-0705-03-02-04-06,5,6,エーオープリマ,エレガントステップ,0.07079035649364765,0.07079035649364765,0.0,1.0,5,9.671780928335599,9.671780928335599,0
2026-0705-03-02-04-06,6,7,エレガントステップ,ジンクピリチオン,0.07079035649364765,0.07079035649364765,0.0,1.0,6,9.671780928335599,9.671780928335599,0
2026-0705-03-02-04-06,7,8,ジンクピリチオン,シュネーバレン,0.07079035649364765,0.07079035649364765,0.0,1.0,7,9.671780928335599,9.671780928335599,0
2026-0705-03-02-04-06,8,9,シュネーバレン,エストレアボニータ,0.07079035649364765,0.07079035649364765,0.0,1.0,8,9.671780928335599,9.671780928335599,0
2026-0705-03-02-04-06,9,10,エストレアボニータ,ピクニックマーチ,0.07079035649364765,0.07079035649364765,0.0,1.0,9,9.671780928335599,9.671780928335599,0
2026-0705-03-02-04-06,10,11,ピクニックマーチ,ゴーゼンチュー,0.07079035649364765,0.07079035649364765,0.0,1.0,10,9.671780928335599,9.671780928335599,0
2026-0705-03-02-04-06,11,12,ゴーゼンチュー,イヴナンバーフォー,0.07079035649364765,0.07079035649364765,0.0,1.0,11,9.671780928335599,9.671780928335599,0
2026-0705-03-02-04-06,12,13,イヴナンバーフォー,タガノカハンカ,0.07079035649364765,0.07079035649364765,0.0,1.0,12,9.671780928335599,9.671780928335599,0
2026-0705-03-02-04-07,1,2,ヴンダーバール,ケープウィッカム,0.30111109654454005,0.18564718969536273,0.11546390684917732,1.6219534324147191,1,98.32977277141192,98.32977277141192,1
2026-0705-03-02-04-07,2,3,ケープウィッカム,マタミカンサン,0.18564718969536273,0.1855895914073425,5.7598288020238586e-05,1.0003103530083959,2,10.448630802097494,10.448630802097494,0
2026-0705-03-02-04-07,3,4,マタミカンサン,ブルーサーマル,0.1855895914073425,0.12871657829433045,0.056873013113012044,1.441846837964905,3,93.18314235773937,93.18314235773937,1
2026-0705-03-02-04-07,4,5,ブルーサーマル,デルマアポロニア,0.12871657829433045,0.12215722741882386,0.006559350875506589,1.0536959704645017,4,51.03903670615654,51.03903670615654,0
2026-0705-03-02-04-07,5,6,デルマアポロニア,アスコットヴェール,0.12215722741882386,0.12172543533659612,0.0004317920822277388,1.0035472625834834,5,14.294037677218876,14.294037677218876,0
2026-0705-03-02-04-07,6,7,アスコットヴェール,ランスノーブル,0.12172543533659612,0.11096075255589521,0.010764682780700904,1.0970134262137266,6,63.371528452126626,63.371528452126626,0
2026-0705-03-02-04-07,7,8,ランスノーブル,リポジノ,0.11096075255589521,0.04819154085724673,0.06276921169864849,2.302494391797594,7,93.99883472518937,93.99883472518937,1
2026-0705-03-02-04-07,8,9,リポジノ,グランコネクシオン,0.04819154085724673,0.04415219046850447,0.004039350388742258,1.0914869759774135,8,39.444552340260245,39.444552340260245,0
2026-0705-03-02-04-07,9,10,グランコネクシオン,エイミームーン,0.04415219046850447,0.03530104772245626,0.008851142746048216,1.2507331458158872,9,58.846377937463586,58.846377937463586,0
2026-0705-03-02-04-07,10,11,エイミームーン,コヴェナント,0.03530104772245626,0.02714199749909942,0.008159050223356838,1.3006061076981368,10,56.651777044086224,56.651777044086224,0
2026-0705-03-02-04-07,11,12,コヴェナント,ベルフィーヌ,0.02714199749909942,0.024052272204659424,0.0030897252944399947,1.1284587696392963,11,34.27850067974364,34.27850067974364,0
2026-0705-03-02-04-07,12,13,ベルフィーヌ,グランシャット,0.024052272204659424,0.019838319789648933,0.004213952415010491,1.212414784099267,12,40.59040590405904,40.59040590405904,0
2026-0705-03-02-04-07,13,14,グランシャット,フォンデネージュ,0.019838319789648933,0.018835512291026663,0.0010028074986222699,1.0532402561251288,13,19.362983103515248,19.362983103515248,0
2026-0705-03-02-04-07,14,15,フォンデネージュ,ニコ,0.018835512291026663,0.006591065534012938,0.012244446757013725,2.857734033112967,14,67.00330161196348,67.00330161196348,0
2026-0705-03-02-04-08,1,2,ミエノストロング,カリーン,0.1574289232014438,0.13752526841739593,0.019903654784047875,1.1447272564023603,1,77.87919984463002,77.87919984463002,0
2026-0705-03-02-04-08,2,3,カリーン,サンブライト,0.13752526841739593,0.09722171331671117,0.04030355510068476,1.4145530224240257,2,89.27947174208583,89.27947174208583,0
2026-0705-03-02-04-08,3,4,サンブライト,オックスアイ,0.09722171331671117,0.08390196458679253,0.013319748729918646,1.1587537168589181,3,68.90658380268013,68.90658380268013,0
2026-0705-03-02-04-08,4,5,オックスアイ,ジャグアール,0.08390196458679253,0.05034280459649636,0.03355915999029617,1.6666128408871312,4,86.61876092445135,86.61876092445135,0
2026-0705-03-02-04-08,5,6,ジャグアール,タッカーバレット,0.05034280459649636,0.04560397013545308,0.004738834461043277,1.103912761256706,5,43.28995921538163,43.28995921538163,0
2026-0705-03-02-04-08,6,7,タッカーバレット,リネンタイリン,0.04560397013545308,0.04302325764499845,0.002580712490454627,1.059984125603623,6,31.384734899980575,31.384734899980575,0
2026-0705-03-02-04-08,7,8,リネンタイリン,ティティナ,0.04302325764499845,0.03810693110488221,0.004916326540116242,1.129013971935577,7,44.28044280442804,44.28044280442804,0
2026-0705-03-02-04-08,8,9,ティティナ,クモヒトツナイ,0.03810693110488221,0.03352883021825008,0.0045781008866321304,1.1365422192433132,8,42.61021557583997,42.61021557583997,0
2026-0705-03-02-04-08,9,10,クモヒトツナイ,ウインイルネージュ,0.03352883021825008,0.02741622715566121,0.006112603062588869,1.22295566154611,9,49.15517576228394,49.15517576228394,0
2026-0705-03-02-04-08,10,11,ウインイルネージュ,ヒラボクヒーロー,0.02741622715566121,0.014210991713514025,0.013205235442147186,1.9292268765162668,10,68.67352884055157,68.67352884055157,0
2026-0705-03-02-04-08,11,12,ヒラボクヒーロー,サンシップ,0.014210991713514025,0.006818166002940061,0.007392825710573964,2.084283619287959,11,54.41833365702078,54.41833365702078,0
2026-0705-03-02-04-09,1,2,フェルミアーク,イゾラフェリーチェ,0.16531693284777324,0.09166250218336494,0.0736544306644083,1.8035393853537551,1,95.43600699164885,95.43600699164885,1
2026-0705-03-02-04-09,2,3,イゾラフェリーチェ,マキシマムドライブ,0.09166250218336494,0.07832964629836663,0.013332855884998315,1.1702146826274682,2,68.96484754321227,68.96484754321227,0
2026-0705-03-02-04-09,3,4,マキシマムドライブ,ラパンチュール,0.07832964629836663,0.06345491263188392,0.014874733666482703,1.2344142171115158,3,71.10118469605749,71.10118469605749,0
2026-0705-03-02-04-09,4,5,ラパンチュール,カーヌスティ,0.06345491263188392,0.06042379539506093,0.0030311172368229916,1.0501642973104393,4,33.928918236550786,33.928918236550786,0
2026-0705-03-02-04-09,5,6,カーヌスティ,バシレイア,0.06042379539506093,0.0447545877356267,0.015669207659434234,1.3501139984127444,5,72.40240823460866,72.40240823460866,0
2026-0705-03-02-04-09,6,7,バシレイア,ホウオウブースター,0.0447545877356267,0.03924208984008306,0.005512497895543637,1.1404741163890055,6,46.78578364731016,46.78578364731016,0
2026-0705-03-02-04-09,7,8,ホウオウブースター,ヴェナートル,0.03924208984008306,0.03875047986802631,0.0004916099720567516,1.0126865518499653,7,14.818411342008156,14.818411342008156,0
2026-0705-03-02-04-09,8,9,ヴェナートル,セイウンデセオ,0.03875047986802631,0.03836517396321764,0.00038530590480866794,1.0100431163215389,8,13.866770246649834,13.866770246649834,0
2026-0705-03-02-04-09,9,10,セイウンデセオ,ジョウゲンノツキ,0.03836517396321764,0.035075643786835135,0.0032895301763825047,1.09378388594587,9,35.54088172460672,35.54088172460672,0
2026-0705-03-02-04-09,10,11,ジョウゲンノツキ,エリカカリーナ,0.035075643786835135,0.03435686157575882,0.0007187822110763173,1.020921067236929,10,17.110118469605748,17.110118469605748,0
2026-0705-03-02-04-09,11,12,エリカカリーナ,マンウォル,0.03435686157575882,0.026722528611568857,0.007634332964189961,1.28568901824975,11,55.00097106234221,55.00097106234221,0
2026-0705-03-02-04-09,12,13,マンウォル,フェデルミエール,0.026722528611568857,0.023040624573317875,0.003681904038250982,1.159800530863855,12,37.61895513691979,37.61895513691979,0
2026-0705-03-02-04-09,13,14,フェデルミエール,ライクアフラワー,0.023040624573317875,0.018940098953122122,0.004100525620195753,1.2164996936048116,13,39.83297727714119,39.83297727714119,0
2026-0705-03-02-04-09,14,15,ライクアフラワー,ジャガード,0.018940098953122122,0.013254698052735573,0.0056854009003865485,1.4289347729964446,14,47.62089726160419,47.62089726160419,0
2026-0705-03-02-04-09,15,16,ジャガード,ゼンダンタカ,0.013254698052735573,0.012386223201163126,0.0008684748515724473,1.0701161958304524,15,18.333657020780734,18.333657020780734,0
2026-0705-03-02-04-10,1,2,ベストミーエヴァー,グランカンタンテ,0.21688961115138758,0.06992165647876443,0.14696795467262314,3.101894635709297,1,99.32025636045833,99.32025636045833,1
2026-0705-03-02-04-10,2,3,グランカンタンテ,ヨシヒロ,0.06992165647876443,0.058291573819334176,0.011630082659430253,1.199515674349022,2,65.4884443581278,65.4884443581278,0
2026-0705-03-02-04-10,3,4,ヨシヒロ,リアンベーレ,0.058291573819334176,0.04907092919433107,0.009220644625003105,1.1879044227690785,3,59.739755292289765,59.739755292289765,0
2026-0705-03-02-04-10,4,5,リアンベーレ,ペッレグリーニ,0.04907092919433107,0.04790098459853906,0.001169944595792012,1.0244242285539094,4,20.66420664206642,20.66420664206642,0
2026-0705-03-02-04-10,5,6,ペッレグリーニ,バセリーナ,0.04790098459853906,0.031031167466044448,0.01686981713249461,1.5436410715437712,5,74.36395416585745,74.36395416585745,0
2026-0705-03-02-04-10,6,7,バセリーナ,レッドダンルース,0.031031167466044448,0.02927892432313317,0.0017522431429112771,1.059846568254109,6,24.83977471353661,24.83977471353661,0
2026-0705-03-02-04-10,7,8,レッドダンルース,ワザモノ,0.02927892432313317,0.02631322255101145,0.002965701772121722,1.1127076611909599,7,33.42396581860555,33.42396581860555,0
2026-0705-03-02-04-10,8,9,ワザモノ,シャイニースイフト,0.02631322255101145,0.024368568390922933,0.0019446541600885159,1.0798017400485818,8,26.354631967372306,26.354631967372306,0
2026-0705-03-02-04-10,9,10,シャイニースイフト,マイネルフォルツァ,0.024368568390922933,0.021270861673985546,0.0030977067169373866,1.1456314635681124,9,34.29792192658769,34.29792192658769,0
2026-0705-03-02-04-10,10,11,マイネルフォルツァ,ロゼル,0.021270861673985546,0.016175086091093242,0.005095775582892304,1.3150385447220758,10,45.09613517187803,45.09613517187803,0
2026-0705-03-02-04-10,11,12,ロゼル,ビッグデイメイク,0.016175086091093242,0.013798200943789328,0.0023768851473039143,1.1722605111337916,11,29.695086424548457,29.695086424548457,0
2026-0705-03-02-04-11,1,2,メリークリスマス,ロジアデレード,0.23964160875077095,0.104885109895989,0.13475649885478197,2.2848010455289165,1,98.97067391726549,98.97067391726549,1
2026-0705-03-02-04-11,2,3,ロジアデレード,ポッドロゴ,0.104885109895989,0.07205990536102967,0.032825204534959324,1.455526611789187,2,86.30802097494659,86.30802097494659,0
2026-0705-03-02-04-11,3,4,ポッドロゴ,サクラトップリアル,0.07205990536102967,0.07150917515176865,0.0005507302092610245,1.0077015321193703,3,15.32336375995339,15.32336375995339,0
2026-0705-03-02-04-11,4,5,サクラトップリアル,ニシキギミッチー,0.07150917515176865,0.07047473799095734,0.0010344371608113079,1.0146781270892278,4,19.596038065643814,19.596038065643814,0
2026-0705-03-02-04-11,5,6,ニシキギミッチー,ミッキーヌチバナ,0.07047473799095734,0.0677903258498377,0.002684412141119641,1.0395987496367236,5,32.02563604583414,32.02563604583414,0
2026-0705-03-02-04-11,6,7,ミッキーヌチバナ,ベルウェザー,0.0677903258498377,0.06217894872131689,0.005611377128520806,1.0902456095497968,6,47.19362983103515,47.19362983103515,0
2026-0705-03-02-04-11,7,8,ベルウェザー,ハビレ,0.06217894872131689,0.05279662349667852,0.009382325224638374,1.1777069176635628,7,60.147601476014756,60.147601476014756,0
2026-0705-03-02-04-11,8,9,ハビレ,カンピオーネ,0.05279662349667852,0.051664808832386375,0.001131814664292144,1.0219068780059564,8,20.37288793940571,20.37288793940571,0
2026-0705-03-02-04-11,9,10,カンピオーネ,ルージュアベリア,0.051664808832386375,0.05046055833943451,0.0012042504929518638,1.0238651836717936,9,21.091474072635464,21.091474072635464,0
2026-0705-03-02-04-11,10,11,ルージュアベリア,シゲルショウグン,0.05046055833943451,0.03979834719905787,0.010662211140376639,1.267905877775473,10,63.09963099630996,63.09963099630996,0
2026-0705-03-02-04-11,11,12,シゲルショウグン,ストレングス,0.03979834719905787,0.028952519792651787,0.010845827406406085,1.3746073738686737,11,63.70168964847544,63.70168964847544,0
2026-0705-03-02-04-11,12,13,ストレングス,サンマルパトロール,0.028952519792651787,0.02372994768618319,0.005222572106468596,1.2200835912297205,12,45.67877257719945,45.67877257719945,0
2026-0705-03-02-04-11,13,14,サンマルパトロール,ショウナンライシン,0.02372994768618319,0.018546472429038924,0.005183475257144268,1.2794857769841073,13,45.50398135560303,45.50398135560303,0
2026-0705-03-02-04-11,14,15,ショウナンライシン,ピースオブザライフ,0.018546472429038924,0.016117325839939523,0.0024291465890994013,1.1507164782311379,14,30.102932608273452,30.102932608273452,0
2026-0705-03-02-04-12,1,2,ピコレッド,トモジャオーリー,0.23389504351439724,0.08799947440319117,0.14589556911120607,2.6579140966541432,1,99.3008351136143,99.3008351136143,1
2026-0705-03-02-04-12,2,3,トモジャオーリー,カンレイスター,0.08799947440319117,0.07369661168891883,0.014302862714272335,1.1940776161412443,2,70.30491357545155,70.30491357545155,0
2026-0705-03-02-04-12,3,4,カンレイスター,ヨドノティアラ,0.07369661168891883,0.0683276304850795,0.005368981203839329,1.0785770143896873,3,46.22256748883278,46.22256748883278,0
2026-0705-03-02-04-12,4,5,ヨドノティアラ,ランドスター,0.0683276304850795,0.06714801764970939,0.0011796128353701169,1.017567351601112,4,20.858419110506894,20.858419110506894,0
2026-0705-03-02-04-12,5,6,ランドスター,アースミューズ,0.06714801764970939,0.05228233485431376,0.01486568279539563,1.2843347152880469,5,71.08176344921344,71.08176344921344,0
2026-0705-03-02-04-12,6,7,アースミューズ,ヴァイオスペース,0.05228233485431376,0.050689457463500266,0.0015928773908134922,1.0314242343580116,6,23.519129928141385,23.519129928141385,0
2026-0705-03-02-04-12,7,8,ヴァイオスペース,ゼファーテソーロ,0.050689457463500266,0.046715586038392966,0.0039738714251073,1.0850652161752052,7,39.250339871819776,39.250339871819776,0
2026-0705-03-02-04-12,8,9,ゼファーテソーロ,モーゲンセン,0.046715586038392966,0.044143532356946145,0.0025720536814468203,1.0582656970142104,8,31.268207418916294,31.268207418916294,0
2026-0705-03-02-04-12,9,10,モーゲンセン,スカイダイバー,0.044143532356946145,0.03897933971012037,0.0051641926468257784,1.1324853803381636,9,45.38745387453875,45.38745387453875,0
2026-0705-03-02-04-12,10,11,スカイダイバー,ノーブルオリンポス,0.03897933971012037,0.03609329210519073,0.002886047604929637,1.079960774886328,10,33.01611963488056,33.01611963488056,0
2026-0705-03-02-04-12,11,12,ノーブルオリンポス,リバージュエル,0.03609329210519073,0.0221999315200995,0.01389336058509123,1.6258289838647646,11,69.89706739172655,69.89706739172655,0
2026-0705-03-02-04-12,12,13,リバージュエル,レインボーラッキー,0.0221999315200995,0.02110224242999251,0.0010976890901069902,1.052017651382246,12,20.00388424936881,20.00388424936881,0
2026-0705-03-02-04-12,13,14,レインボーラッキー,キングクレオール,0.02110224242999251,0.016689156947402903,0.004413085482589608,1.2644283049466052,13,41.52262575257332,41.52262575257332,0
2026-0705-03-02-04-12,14,15,キングクレオール,プレザントトーン,0.016689156947402903,0.013731877984024136,0.0029572789633787663,1.2153586688448081,14,33.38512332491746,33.38512332491746,0
2026-0705-10-02-04-01,1,2,モズナイスバディー,ガストン,0.21010595114126793,0.18465678617594403,0.0254491649653239,1.1378187365455148,1,82.5014565935133,82.5014565935133,0
2026-0705-10-02-04-01,2,3,ガストン,タガノバルコス,0.18465678617594403,0.18394677497461748,0.0007100112013265492,1.0038598730606967,2,16.95474849485337,16.95474849485337,0
2026-0705-10-02-04-01,3,4,タガノバルコス,ドラギニャン,0.18394677497461748,0.18094219719264248,0.003004577781974993,1.0166051801547216,3,33.75412701495436,33.75412701495436,0
2026-0705-10-02-04-01,4,5,ドラギニャン,ストラクチャー,0.18094219719264248,0.09765797878306458,0.0832842184095779,1.8528152993477753,4,96.32938434647504,96.32938434647504,1
2026-0705-10-02-04-01,5,6,ストラクチャー,ボールドハーテッド,0.09765797878306458,0.08923095803787946,0.008427020745185115,1.0944405498998202,5,57.58399689260051,57.58399689260051,0
2026-0705-10-02-04-01,6,7,ボールドハーテッド,リッケンバッカー,0.08923095803787946,0.06630093229634366,0.022930025741535798,1.345847712050956,6,80.57875315595261,80.57875315595261,0
2026-0705-10-02-04-01,7,8,リッケンバッカー,メイショウブレゲ,0.06630093229634366,0.057986004630626094,0.008314927665717571,1.1433954230625838,7,57.23441444940766,57.23441444940766,0
2026-0705-10-02-04-01,8,9,メイショウブレゲ,スペルキャスター,0.057986004630626094,0.04604193000937473,0.011944074621251362,1.2594173315240997,8,66.1487667508254,66.1487667508254,0
2026-0705-10-02-04-01,9,10,スペルキャスター,ホウオウスターツ,0.04604193000937473,0.030126977575286953,0.01591495243408778,1.5282624980988055,9,72.81025441833366,72.81025441833366,0
2026-0705-10-02-04-01,10,11,ホウオウスターツ,ルルフィーユ,0.030126977575286953,0.01212888433908524,0.01799809323620171,2.483903443468662,10,75.7817051854729,75.7817051854729,0
2026-0705-10-02-04-02,1,2,ユイノジカンカセギ,リエーヴェ,0.20257275744423325,0.20257275744423325,0.0,1.0,1,9.671780928335599,9.671780928335599,0
2026-0705-10-02-04-02,2,3,リエーヴェ,グレートキリシマ,0.20257275744423325,0.14375593024671202,0.05881682719752124,1.409143658258693,2,93.43561856671198,93.43561856671198,1
2026-0705-10-02-04-02,3,4,グレートキリシマ,ヘキレキ,0.14375593024671202,0.14020452350734963,0.003551406739362384,1.0253301865768705,3,36.978053991066226,36.978053991066226,0
2026-0705-10-02-04-02,4,5,ヘキレキ,カシノヴィタ,0.14020452350734963,0.061507377196604304,0.07869714631074533,2.2794749166298387,4,96.01864439697029,96.01864439697029,1
2026-0705-10-02-04-02,5,6,カシノヴィタ,タカモリ,0.061507377196604304,0.060279389225685105,0.001227987970919199,1.020371606061263,5,21.227422800543792,21.227422800543792,0
2026-0705-10-02-04-02,6,7,タカモリ,ココニイルヨ,0.060279389225685105,0.05087681090219125,0.009402578323493858,1.1848106859836391,6,60.283550203923085,60.283550203923085,0
2026-0705-10-02-04-02,7,8,ココニイルヨ,ニシノマティーニ,0.05087681090219125,0.05051423464850834,0.0003625762536829044,1.007177704585763,7,13.691979025053408,13.691979025053408,0
2026-0705-10-02-04-02,8,9,ニシノマティーニ,スイトーヨ,0.05051423464850834,0.042472618853695555,0.008041615794812787,1.1893364716339616,8,56.30219460089337,56.30219460089337,0
2026-0705-10-02-04-02,9,10,スイトーヨ,カシノクロサイト,0.042472618853695555,0.0394578234880179,0.0030147953656776555,1.0764055160465997,9,33.8512332491746,33.8512332491746,0
2026-0705-10-02-04-02,10,11,カシノクロサイト,カシノカゲマル,0.0394578234880179,0.03270691500714136,0.00675090848087654,1.2064061523198542,10,51.874150320450575,51.874150320450575,0
2026-0705-10-02-04-02,11,12,カシノカゲマル,ニシノキヅイタラ,0.03270691500714136,0.024708927146100023,0.007997987861041337,1.3236881882305325,11,56.166245872985044,56.166245872985044,0
2026-0705-10-02-04-02,12,13,ニシノキヅイタラ,ルーストカール,0.024708927146100023,0.019573869437929752,0.005135057708170271,1.2623424931107226,12,45.27092639347446,45.27092639347446,0
2026-0705-10-02-04-02,13,14,ルーストカール,ワッザイカ,0.019573869437929752,0.0183761242438583,0.0011977451940714534,1.065179424027445,13,20.994367838415226,20.994367838415226,0
2026-0705-10-02-04-02,14,15,ワッザイカ,ユイパルティ,0.0183761242438583,0.018212260235064597,0.00016386400879370155,1.008997455926871,14,11.59448436589629,11.59448436589629,0
2026-0705-10-02-04-02,15,16,ユイパルティ,ラブマイティー,0.018212260235064597,0.012580672382120605,0.005631587852943992,1.4476380659071522,15,47.27131481841134,47.27131481841134,0
2026-0705-10-02-04-03,1,2,ティタノマキア,メイショウコハル,0.23636805739476482,0.162666434077915,0.07370162331684982,1.453084397740887,1,95.45542823849291,95.45542823849291,1
2026-0705-10-02-04-03,2,3,メイショウコハル,ウィスカーパッド,0.162666434077915,0.15628795545887228,0.006378478619042727,1.0408123492326398,2,50.26218683239464,50.26218683239464,0
2026-0705-10-02-04-03,3,4,ウィスカーパッド,オーマイラッキーン,0.15628795545887228,0.055093243206572974,0.10119471225229931,2.83678989223539,3,97.65002913187027,97.65002913187027,1
2026-0705-10-02-04-03,4,5,オーマイラッキーン,リボンインザスカイ,0.055093243206572974,0.04416444386716991,0.010928799339403064,1.247456967244347,4,63.857059623227805,63.857059623227805,0
2026-0705-10-02-04-03,5,6,リボンインザスカイ,サンタカタリナ,0.04416444386716991,0.04393408154916778,0.00023036231800212942,1.0052433625531543,5,12.33249174597009,12.33249174597009,0
2026-0705-10-02-04-03,6,7,サンタカタリナ,ノヴァレジーナ,0.04393408154916778,0.035601918662415674,0.008332162886752106,1.234036905869015,6,57.29267818993979,57.29267818993979,0
2026-0705-10-02-04-03,7,8,ノヴァレジーナ,タイセイアビオン,0.035601918662415674,0.03311229641287289,0.002489622249542786,1.0751872421803674,7,30.54962128568654,30.54962128568654,0
2026-0705-10-02-04-03,8,9,タイセイアビオン,トライアンドエラー,0.03311229641287289,0.03125403726532955,0.0018582591475433397,1.059456611373684,8,25.616624587298503,25.616624587298503,0
2026-0705-10-02-04-03,9,10,トライアンドエラー,クラリノ,0.03125403726532955,0.02744211045749248,0.0038119268078370683,1.1389079317985291,9,38.29869877646145,38.29869877646145,0
2026-0705-10-02-04-03,10,11,クラリノ,グランブーケ,0.02744211045749248,0.02389323611081621,0.0035488743466762715,1.1485305016958225,10,36.95863274422218,36.95863274422218,0
2026-0705-10-02-04-03,11,12,グランブーケ,ケンブリッジグレイ,0.02389323611081621,0.020073635503310032,0.0038196006075061767,1.1902794641696242,11,38.35696251699359,38.35696251699359,0
2026-0705-10-02-04-03,12,13,ケンブリッジグレイ,アオイハルカ,0.020073635503310032,0.01717694086835133,0.002896694634958702,1.1686385635928855,12,33.15206836278889,33.15206836278889,0
2026-0705-10-02-04-03,13,14,アオイハルカ,ベルトナリテ,0.01717694086835133,0.016190677680131483,0.000986263188219847,1.0609154976527109,13,19.18819188191882,19.18819188191882,0
2026-0705-10-02-04-03,14,15,ベルトナリテ,ゴッドアミーラ,0.016190677680131483,0.013250464836786558,0.0029402128433449245,1.221895071573804,14,33.30743833754127,33.30743833754127,0
2026-0705-10-02-04-03,15,16,ゴッドアミーラ,メイプルキュート,0.013250464836786558,0.0116158956766588,0.001634569160127759,1.1407183058136698,15,23.888133618178287,23.888133618178287,0
2026-0705-10-02-04-03,16,17,メイプルキュート,ノクスカンパーナ,0.0116158956766588,0.009373786949772948,0.0022421087268858515,1.2391892133776476,16,28.665760341813947,28.665760341813947,0
2026-0705-10-02-04-04,1,2,サトノロザリー,ファイアプレイス,0.26669621046268926,0.21570188471790241,0.05099432574478685,1.236411127382952,1,92.15381627500486,92.15381627500486,1
2026-0705-10-02-04-04,2,3,ファイアプレイス,メイワキラリ,0.21570188471790241,0.12755160995823794,0.08815027475966447,1.6910949598247016,2,96.79549427073219,96.79549427073219,1
2026-0705-10-02-04-04,3,4,メイワキラリ,ショウナンタマユラ,0.12755160995823794,0.11850968567740885,0.009041924280829089,1.0762969223076146,3,59.40959409594095,59.40959409594095,0
2026-0705-10-02-04-04,4,5,ショウナンタマユラ,リトセア,0.11850968567740885,0.0927582209292665,0.025751464748142355,1.2776192178996117,4,82.71509030879783,82.71509030879783,0
2026-0705-10-02-04-04,5,6,リトセア,タマモビスケット,0.0927582209292665,0.08920660066404189,0.0035516202652246115,1.039813424553641,5,36.99747523791027,36.99747523791027,0
2026-0705-10-02-04-04,6,7,タマモビスケット,モズタイシソウシ,0.08920660066404189,0.08719692036281719,0.0020096803012246978,1.0230476064161742,6,26.91784812584968,26.91784812584968,0
2026-0705-10-02-04-04,7,8,モズタイシソウシ,アルミラージ,0.08719692036281719,0.05449656459809448,0.03270035576472271,1.6000443515271805,7,86.2303359875704,86.2303359875704,0
2026-0705-10-02-04-04,8,9,アルミラージ,ロードフリューゲル,0.05449656459809448,0.04564927348607121,0.008847291112023273,1.1938101186807017,8,58.82695669061954,58.82695669061954,0
2026-0705-10-02-04-04,9,10,ロードフリューゲル,ナツノオジョウサマ,0.04564927348607121,0.04537097017264944,0.0002783033134217683,1.0061339511225513,9,12.895707904447464,12.895707904447464,0
2026-0705-10-02-04-04,10,11,ナツノオジョウサマ,モズナツノジン,0.04537097017264944,0.01397363110590166,0.031397339066747784,3.246899093642693,10,85.76422606331326,85.76422606331326,0
2026-0705-10-02-04-04,11,12,モズナツノジン,ナムラステラ,0.01397363110590166,0.012153943602150667,0.0018196875037509927,1.1497199232872033,11,25.383569625169937,25.383569625169937,0
2026-0705-10-02-04-04,12,13,ナムラステラ,スターペスアンナ,0.012153943602150667,0.009815181428411666,0.002338762173739,1.238280075696723,12,29.345503981355602,29.345503981355602,0
2026-0705-10-02-04-04,13,14,スターペスアンナ,トモジャカトゥーラ,0.009815181428411666,0.009345810171916144,0.0004693712564955224,1.050222639649366,13,14.663041367255778,14.663041367255778,0
2026-0705-10-02-04-05,1,2,ポルトブルー,ヤマニンイハナ,0.0805685039518419,0.0805685039518419,0.0,1.0,1,9.671780928335599,9.671780928335599,0
2026-0705-10-02-04-05,2,3,ヤマニンイハナ,アシャカブラーヴ,0.0805685039518419,0.0805685039518419,0.0,1.0,2,9.671780928335599,9.671780928335599,0
2026-0705-10-02-04-05,3,4,アシャカブラーヴ,ロードフェルム,0.0805685039518419,0.0805685039518419,0.0,1.0,3,9.671780928335599,9.671780928335599,0
2026-0705-10-02-04-05,4,5,ロードフェルム,ゴルディアス,0.0805685039518419,0.0805685039518419,0.0,1.0,4,9.671780928335599,9.671780928335599,0
2026-0705-10-02-04-05,5,6,ゴルディアス,タイセイルミナス,0.0805685039518419,0.0805685039518419,0.0,1.0,5,9.671780928335599,9.671780928335599,0
2026-0705-10-02-04-05,6,7,タイセイルミナス,オーラムミーティア,0.0805685039518419,0.0805685039518419,0.0,1.0,6,9.671780928335599,9.671780928335599,0
2026-0705-10-02-04-05,7,8,オーラムミーティア,シャローチャンプ,0.0805685039518419,0.0805685039518419,0.0,1.0,7,9.671780928335599,9.671780928335599,0
2026-0705-10-02-04-05,8,9,シャローチャンプ,ジャンゴッド,0.0805685039518419,0.0805685039518419,0.0,1.0,8,9.671780928335599,9.671780928335599,0
2026-0705-10-02-04-05,9,10,ジャンゴッド,ヴェールダムール,0.0805685039518419,0.0805685039518419,0.0,1.0,9,9.671780928335599,9.671780928335599,0
2026-0705-10-02-04-05,10,11,ヴェールダムール,アーデルボーデン,0.0805685039518419,0.0805685039518419,0.0,1.0,10,9.671780928335599,9.671780928335599,0
2026-0705-10-02-04-05,11,12,アーデルボーデン,ウィモウェ,0.0805685039518419,0.0805685039518419,0.0,1.0,11,9.671780928335599,9.671780928335599,0
2026-0705-10-02-04-06,1,2,タケルレジェンド,ヴェルヴィエ,0.0891078954633799,0.0891078954633799,0.0,1.0,1,9.671780928335599,9.671780928335599,0
2026-0705-10-02-04-06,2,3,ヴェルヴィエ,エボニーウイング,0.0891078954633799,0.0891078954633799,0.0,1.0,2,9.671780928335599,9.671780928335599,0
2026-0705-10-02-04-06,3,4,エボニーウイング,アテンド,0.0891078954633799,0.0891078954633799,0.0,1.0,3,9.671780928335599,9.671780928335599,0
2026-0705-10-02-04-06,4,5,アテンド,ファータカエリ,0.0891078954633799,0.0891078954633799,0.0,1.0,4,9.671780928335599,9.671780928335599,0
2026-0705-10-02-04-06,5,6,ファータカエリ,ボビーザグレート,0.0891078954633799,0.0891078954633799,0.0,1.0,5,9.671780928335599,9.671780928335599,0
2026-0705-10-02-04-06,6,7,ボビーザグレート,ファラオクィーン,0.0891078954633799,0.0891078954633799,0.0,1.0,6,9.671780928335599,9.671780928335599,0
2026-0705-10-02-04-06,7,8,ファラオクィーン,アイルエクラ,0.0891078954633799,0.0891078954633799,0.0,1.0,7,9.671780928335599,9.671780928335599,0
2026-0705-10-02-04-06,8,9,アイルエクラ,ジョウショーツヨシ,0.0891078954633799,0.0891078954633799,0.0,1.0,8,9.671780928335599,9.671780928335599,0
2026-0705-10-02-04-06,9,10,ジョウショーツヨシ,トリオノチカラ,0.0891078954633799,0.0891078954633799,0.0,1.0,9,9.671780928335599,9.671780928335599,0
2026-0705-10-02-04-06,10,11,トリオノチカラ,シュライアハフト,0.0891078954633799,0.0891078954633799,0.0,1.0,10,9.671780928335599,9.671780928335599,0
2026-0705-10-02-04-07,1,2,パトローナス,トウカイジーク,0.130143326439444,0.07033732906102899,0.05980599737841502,1.8502739324452264,1,93.59098854146436,93.59098854146436,1
2026-0705-10-02-04-07,2,3,トウカイジーク,ドラムメジャー,0.07033732906102899,0.053822257916476,0.016515071144552994,1.3068446361017014,2,73.74247426684794,73.74247426684794,0
2026-0705-10-02-04-07,3,4,ドラムメジャー,サウンドヴィヴァン,0.053822257916476,0.04461659889807112,0.00920565901840488,1.2063281210527874,3,59.70091279860167,59.70091279860167,0
2026-0705-10-02-04-07,4,5,サウンドヴィヴァン,ファイティンアスク,0.04461659889807112,0.04461659889807112,0.0,1.0,4,9.671780928335599,9.671780928335599,0
2026-0705-10-02-04-07,5,6,ファイティンアスク,タワーオブバベル,0.04461659889807112,0.03135115175252477,0.013265447145546345,1.423124714851283,5,68.82889881530394,68.82889881530394,0
2026-0705-10-02-04-07,6,7,タワーオブバベル,ルルハート,0.03135115175252477,0.02819041135755993,0.0031607403949648408,1.1121211164631415,6,34.628083122936495,34.628083122936495,0
2026-0705-10-02-04-07,7,8,ルルハート,ナムラオットー,0.02819041135755993,0.025793063680956654,0.002397347676603278,1.092945440923843,7,29.928141386677027,29.928141386677027,0
2026-0705-10-02-04-07,8,9,ナムラオットー,ファーストアタック,0.025793063680956654,0.021040305741552433,0.004752757939404221,1.2258882545617202,8,43.38706544960186,43.38706544960186,0
2026-0705-10-02-04-07,9,10,ファーストアタック,ケイアイブラック,0.021040305741552433,0.018071915222604287,0.002968390518948146,1.1642543406376373,9,33.443387065449606,33.443387065449606,0
2026-0705-10-02-04-07,10,11,ケイアイブラック,ベルフィーノ,0.018071915222604287,0.017136886780724836,0.0009350284418794506,1.0545623282597134,10,18.81918819188192,18.81918819188192,0
2026-0705-10-02-04-07,11,12,ベルフィーノ,キャンディーズ,0.017136886780724836,0.015183451222260148,0.0019534355584646876,1.1286555691370612,11,26.432316954748497,26.432316954748497,0
2026-0705-10-02-04-07,12,13,キャンディーズ,アッセクシー,0.015183451222260148,0.014808396204846056,0.0003750550174140919,1.0253271868354896,12,13.769664012429597,13.769664012429597,0
2026-0705-10-02-04-07,13,14,アッセクシー,グロリアスニケ,0.014808396204846056,0.012856213794672791,0.0019521824101732654,1.1518473822348994,13,26.41289570790445,26.41289570790445,0
2026-0705-10-02-04-07,14,15,グロリアスニケ,ホッコームジカ,0.012856213794672791,0.012792481483035006,6.37323116377854e-05,1.0049820132022318,14,10.526315789473683,10.526315789473683,0
2026-0705-10-02-04-07,15,16,ホッコームジカ,メイショウジーニー,0.012792481483035006,0.010567642405623,0.002224839077412005,1.2105331531873351,15,28.529811613905615,28.529811613905615,0
2026-0705-10-02-04-08,1,2,シンドリームシン,サトノアイボリー,0.1949743141136937,0.19104534724479472,0.0039289668688989865,1.0205656244737782,1,39.03670615653525,39.03670615653525,0
2026-0705-10-02-04-08,2,3,サトノアイボリー,ヨカオウ,0.19104534724479472,0.1558420790957694,0.03520326814902533,1.225890647463654,2,87.22081957661682,87.22081957661682,0
2026-0705-10-02-04-08,3,4,ヨカオウ,ワンダフルボンド,0.1558420790957694,0.14011922033346347,0.01572285876230592,1.112210578426627,3,72.49951446882889,72.49951446882889,0
2026-0705-10-02-04-08,4,5,ワンダフルボンド,オモイヲノセテ,0.14011922033346347,0.11229145542074553,0.027827764912717934,1.2478172965917123,4,83.84152262575257,83.84152262575257,0
2026-0705-10-02-04-08,5,6,オモイヲノセテ,クラウディアイ,0.11229145542074553,0.08379932040054394,0.028492135020201592,1.3400043685797798,5,84.21052631578947,84.21052631578947,0
2026-0705-10-02-04-08,6,7,クラウディアイ,レイデラティエラ,0.08379932040054394,0.06975561578729653,0.014043704613247415,1.2013272258404315,6,70.05243736647893,70.05243736647893,0
2026-0705-10-02-04-08,7,8,レイデラティエラ,ビヨンドザドリーム,0.06975561578729653,0.06869273667808402,0.0010628791092125028,1.0154729475139925,7,19.82909302777238,19.82909302777238,0
2026-0705-10-02-04-08,8,9,ビヨンドザドリーム,ラマヌジャン,0.06869273667808402,0.01900477147072864,0.04968796520735538,3.614499484189291,8,91.86249757234415,91.86249757234415,1
2026-0705-10-02-04-08,9,10,ラマヌジャン,アスタールテニウム,0.01900477147072864,0.011273907269342453,0.007730864201386188,1.6857306891647945,9,55.35055350553506,55.35055350553506,0
2026-0705-10-02-04-09,1,2,ダークマルス,アクロフェイズ,0.36537542303734305,0.2805125111553781,0.08486291188196493,1.302528081661779,1,96.50417556807147,96.50417556807147,1
2026-0705-10-02-04-09,2,3,アクロフェイズ,ムスクレスト,0.2805125111553781,0.17677178194286053,0.10374072921251759,1.586862496221544,2,97.84424160031074,97.84424160031074,1
2026-0705-10-02-04-09,3,4,ムスクレスト,ウィテカービート,0.17677178194286053,0.04601599032813946,0.13075579161472106,3.8415294484005047,3,98.87356768304525,98.87356768304525,1
2026-0705-10-02-04-09,4,5,ウィテカービート,サトノブリジャール,0.04601599032813946,0.04078606272635458,0.005229927601784881,1.1282283028120161,4,45.69819382404351,45.69819382404351,0
2026-0705-10-02-04-09,5,6,サトノブリジャール,ハレアカラフラ,0.04078606272635458,0.019867098196686833,0.020918964529667745,2.052945141890743,5,78.98621091474072,78.98621091474072,0
2026-0705-10-02-04-09,6,7,ハレアカラフラ,ナスノソナタ,0.019867098196686833,0.012752026986452555,0.0071150712102342785,1.5579560973163842,6,53.389007574286275,53.389007574286275,0
2026-0705-10-02-04-10,1,2,フィドルファドル,マジックローズ,0.10733453967770712,0.09332505154429874,0.014009488133408382,1.1501149787927893,1,69.97475237910274,69.97475237910274,0
2026-0705-10-02-04-10,2,3,マジックローズ,ホウショウマリス,0.09332505154429874,0.08613534285885699,0.007189708685441748,1.0834699026765695,2,53.62206253641484,53.62206253641484,0
2026-0705-10-02-04-10,3,4,ホウショウマリス,カロローザ,0.08613534285885699,0.0620445145272444,0.024090828331612586,1.3882829693354124,3,81.45270926393474,81.45270926393474,0
2026-0705-10-02-04-10,4,5,カロローザ,ユウェンタース,0.0620445145272444,0.04989302034382341,0.012151494183420992,1.2435509836783274,4,66.78966789667896,66.78966789667896,0
2026-0705-10-02-04-10,5,6,ユウェンタース,メイショウリリー,0.04989302034382341,0.04523255233796289,0.004660468005860521,1.1030334961210906,5,42.99864051272092,42.99864051272092,0
2026-0705-10-02-04-10,6,7,メイショウリリー,ジャルディニエ,0.04523255233796289,0.04017316029808672,0.005059392039876168,1.1259396074975243,6,44.882501456593516,44.882501456593516,0
2026-0705-10-02-04-10,7,8,ジャルディニエ,ノボリクレバー,0.04017316029808672,0.039198284409188,0.0009748758888987186,1.0248703713336549,7,19.129928141386678,19.129928141386678,0
2026-0705-10-02-04-10,8,9,ノボリクレバー,タマモジャスミン,0.039198284409188,0.03731640369642349,0.0018818807127645096,1.050430387881801,8,25.869100796271123,25.869100796271123,0
2026-0705-10-02-04-10,9,10,タマモジャスミン,プウスカンドゥール,0.03731640369642349,0.029567151055843052,0.007749252640580441,1.2620899330457824,9,55.48650223344339,55.48650223344339,0
2026-0705-10-02-04-10,10,11,プウスカンドゥール,タマモナポリ,0.029567151055843052,0.02450609303752681,0.005061058018316241,1.2065224354843553,10,44.90192270343756,44.90192270343756,0
2026-0705-10-02-04-10,11,12,タマモナポリ,ワイノナオミ,0.02450609303752681,0.0227167977321331,0.00178929530539371,1.0787652963455645,11,25.150514663041367,25.150514663041367,0
2026-0705-10-02-04-10,12,13,ワイノナオミ,シュヴァルツリーベ,0.0227167977321331,0.01459733529876281,0.00811946243337029,1.5562290834039039,12,56.55467080986599,56.55467080986599,0
2026-0705-10-02-04-10,13,14,シュヴァルツリーベ,ファミリーツリー,0.01459733529876281,0.011964136010736825,0.002633199288025986,1.2200910525977728,13,31.69547484948534,31.69547484948534,0
2026-0705-10-02-04-10,14,15,ファミリーツリー,フローラルセント,0.011964136010736825,0.008890397906490651,0.0030737381042461737,1.3457368428922756,14,34.1813944455234,34.1813944455234,0
2026-0705-10-02-04-10,15,16,フローラルセント,ツーピース,0.008890397906490651,0.006553343757848585,0.0023370541486420664,1.3566201064674965,15,29.30666148766751,29.30666148766751,0
2026-0705-10-02-04-11,1,2,デアヴェローチェ,サウンドモリアーナ,0.27910591083750474,0.15056993612714745,0.1285359747103573,1.8536629423938669,1,98.79588269566906,98.79588269566906,1
2026-0705-10-02-04-11,2,3,サウンドモリアーナ,フリッカージャブ,0.15056993612714745,0.1426485418089897,0.007921394318157748,1.055530846777002,2,55.95261215770052,55.95261215770052,0
2026-0705-10-02-04-11,3,4,フリッカージャブ,ヤマニンアルリフラ,0.1426485418089897,0.09483735885609121,0.04781118295289849,1.504138701557985,3,91.5129151291513,91.5129151291513,1
2026-0705-10-02-04-11,4,5,ヤマニンアルリフラ,アンクルクロス,0.09483735885609121,0.09408127128408833,0.0007560875720028781,1.008036536514476,4,17.343173431734318,17.343173431734318,0
2026-0705-10-02-04-11,5,6,アンクルクロス,ランフォーヴァウ,0.09408127128408833,0.08076036969063673,0.013320901593451603,1.1649435440238707,5,68.92600504952418,68.92600504952418,0
2026-0705-10-02-04-11,6,7,ランフォーヴァウ,ジェニファー,0.08076036969063673,0.0787538635497884,0.0020065061408483242,1.0254781930740426,6,26.879005632161583,26.879005632161583,0
2026-0705-10-02-04-11,7,8,ジェニファー,ヨシノイースター,0.0787538635497884,0.07162300911587434,0.007130854433914063,1.0995609444777377,7,53.42785006797436,53.42785006797436,0
2026-0705-10-02-04-11,8,9,ヨシノイースター,アメリカンビキニ,0.07162300911587434,0.0715050874899898,0.00011792162588454558,1.0016491361667246,8,10.953583220042727,10.953583220042727,0
2026-0705-10-02-04-11,9,10,アメリカンビキニ,アブキールベイ,0.0715050874899898,0.042090967112017985,0.02941412037797181,1.6988226309861474,9,84.7543212274228,84.7543212274228,0
2026-0705-10-02-04-11,10,11,アブキールベイ,オタルエバー,0.042090967112017985,0.03266261074026733,0.009428356371750657,1.2886589944302012,10,60.34181394445524,60.34181394445524,0
2026-0705-10-02-04-11,11,12,オタルエバー,イツモニコニコ,0.03266261074026733,0.03211604679375529,0.0005465639465120353,1.0170184067180494,11,15.265100019421245,15.265100019421245,0
2026-0705-10-02-04-11,12,13,イツモニコニコ,プロトポロス,0.03211604679375529,0.016439208974886755,0.015676837818868538,1.9536248272539847,12,72.4218294814527,72.4218294814527,0
2026-0705-10-02-04-12,1,2,システマソラー,タイセイジェイド,0.35444221592975284,0.15535198353420004,0.1990902323955528,2.2815429057700056,1,99.86405127209167,99.86405127209167,1
2026-0705-10-02-04-12,2,3,タイセイジェイド,ビズロード,0.15535198353420004,0.08725975353242581,0.06809223000177424,1.7803394720393189,2,94.52320838997863,94.52320838997863,1
2026-0705-10-02-04-12,3,4,ビズロード,リヒトミューレ,0.08725975353242581,0.0849338334593091,0.0023259200731167023,1.0273850829331874,3,29.248397747135368,29.248397747135368,0
2026-0705-10-02-04-12,4,5,リヒトミューレ,ゲタリア,0.0849338334593091,0.04722243867607928,0.037711394783229824,1.7985905819457961,4,88.38609438725966,88.38609438725966,0
2026-0705-10-02-04-12,5,6,ゲタリア,ケンフィールド,0.04722243867607928,0.03975938290909356,0.007463055766985721,1.1877055230975129,5,54.573703631773164,54.573703631773164,0
2026-0705-10-02-04-12,6,7,ケンフィールド,テイクイットオール,0.03975938290909356,0.029472710002354817,0.010286672906738743,1.3490236529289927,6,62.0897261604195,62.0897261604195,0
2026-0705-10-02-04-12,7,8,テイクイットオール,メイショウカスガイ,0.029472710002354817,0.027251756772736425,0.0022209532296183915,1.0814976167643,7,28.490969120217517,28.490969120217517,0
2026-0705-10-02-04-12,8,9,メイショウカスガイ,サイモンゼスト,0.027251756772736425,0.026712084535188613,0.0005396722375478127,1.0202032992534478,8,15.16799378520101,15.16799378520101,0
2026-0705-10-02-04-12,9,10,サイモンゼスト,バレンシア,0.026712084535188613,0.023798651380418732,0.002913433154769881,1.1224200946599445,9,33.26859584385318,33.26859584385318,0
2026-0705-10-02-04-12,10,11,バレンシア,ゴールデンスラム,0.023798651380418732,0.022510547168926583,0.0012881042114921484,1.0572222523879935,10,21.63526898426879,21.63526898426879,0
2026-0705-10-02-04-12,11,12,ゴールデンスラム,ブラックドレス,0.022510547168926583,0.01416089201987058,0.008349655149056003,1.5896277676109498,11,57.35094193047193,57.35094193047193,0
2026-0705-10-02-04-12,12,13,ブラックドレス,ルペイドゥロール,0.01416089201987058,0.01131853682990802,0.002842355189962561,1.2511239069746136,12,32.80248591959604,32.80248591959604,0
2026-0705-10-02-04-12,13,14,ルペイドゥロール,トッレブランカ,0.01131853682990802,0.010023323815333092,0.001295213014574928,1.1292199113225883,13,21.73237521848903,21.73237521848903,0
2026-0705-10-02-04-12,14,15,トッレブランカ,アーブルラーブル,0.010023323815333092,0.00825714880134008,0.0017661750139930116,1.213896474011268,14,24.936880947756844,24.936880947756844,0
2026-0705-10-02-04-12,15,16,アーブルラーブル,フェミナンジェンヌ,0.00825714880134008,0.005747408222333236,0.002509740579006844,1.4366734503483698,15,30.763255000971064,30.763255000971064,0
2026-0711-02-01-09-01,1,2,クラウスーラ,ラピッドテソーロ,0.22094799860356293,0.20096028068130783,0.019987717922255094,1.0994610370491698,1,78.0345698193824,78.0345698193824,0
2026-0711-02-01-09-01,2,3,ラピッドテソーロ,ウメヒナタ,0.20096028068130783,0.15455682633329423,0.0464034543480136,1.3002355538017247,2,91.14391143911439,91.14391143911439,1
2026-0711-02-01-09-01,3,4,ウメヒナタ,ワイドウィンザー,0.15455682633329423,0.1299475859823347,0.024609240350959544,1.1893782032573115,3,81.84113420081569,81.84113420081569,0
2026-0711-02-01-09-01,4,5,ワイドウィンザー,ロゼハイスクール,0.1299475859823347,0.05686562572404573,0.07308196025828896,2.285169367746641,4,95.33890075742862,95.33890075742862,1
2026-0711-02-01-09-01,5,6,ロゼハイスクール,ベイビーブラザー,0.05686562572404573,0.04146510845218135,0.01540051727186438,1.3714090676893962,5,72.01398329772772,72.01398329772772,0
2026-0711-02-01-09-01,6,7,ベイビーブラザー,タイガーストリート,0.04146510845218135,0.025290722243429445,0.016174386208751904,1.6395383276550761,6,73.1598368615265,73.1598368615265,0
2026-0711-02-01-09-01,7,8,タイガーストリート,ラストモーメント,0.025290722243429445,0.025277835976142655,1.288626728679007e-05,1.0005097852244533,7,9.88541464362012,9.88541464362012,0
2026-0711-02-01-09-01,8,9,ラストモーメント,セイウンコハルタ,0.025277835976142655,0.02283519120356786,0.002442644772574793,1.106968439668381,8,30.200038842493687,30.200038842493687,0
2026-0711-02-01-09-01,9,10,セイウンコハルタ,カクシンゴールド,0.02283519120356786,0.016272919377267776,0.006562271826300085,1.4032633404100285,9,51.05845795300058,51.05845795300058,0
2026-0711-02-01-09-02,1,2,サラサチャチャチャ,ジーティービキニ,0.2387360280483201,0.17684712224225446,0.061888905806065625,1.3499570986588458,1,93.90172849096912,93.90172849096912,1
2026-0711-02-01-09-02,2,3,ジーティービキニ,ブエノスオプティマ,0.17684712224225446,0.14514372279860135,0.03170339944365311,1.2184276304366544,2,85.97785977859779,85.97785977859779,0
2026-0711-02-01-09-02,3,4,ブエノスオプティマ,メリオルヴィア,0.14514372279860135,0.12388894384944295,0.021254778949158407,1.1715631620444553,3,79.23868712371335,79.23868712371335,0
2026-0711-02-01-09-02,4,5,メリオルヴィア,マーゴットクリュグ,0.12388894384944295,0.11020698290310824,0.013681960946334712,1.1241478587465152,4,69.5474849485337,69.5474849485337,0
2026-0711-02-01-09-02,5,6,マーゴットクリュグ,ワンダーアスク,0.11020698290310824,0.10520598092074253,0.005001001982365708,1.0475353391375462,5,44.552340260244705,44.552340260244705,0
2026-0711-02-01-09-02,6,7,ワンダーアスク,フレンチブラッサム,0.10520598092074253,0.0954137344075775,0.009792246513165029,1.1026293182419171,6,61.15750631190523,61.15750631190523,0
2026-0711-02-01-09-02,7,8,フレンチブラッサム,タガノシルフィー,0.0954137344075775,0.09199958410368356,0.0034141503038939425,1.0371104971523153,7,36.259467857836476,36.259467857836476,0
2026-0711-02-01-09-02,8,9,タガノシルフィー,シルフ,0.09199958410368356,0.05157027552480691,0.040429308578876645,1.7839653398677089,8,89.35715672946203,89.35715672946203,0
2026-0711-02-01-09-02,9,10,シルフ,コイバナ,0.05157027552480691,0.04796613275572683,0.003604142769080082,1.075139323560534,9,37.19168770635075,37.19168770635075,0
2026-0711-02-01-09-02,10,11,コイバナ,チカマヨルキーナ,0.04796613275572683,0.02617576669969461,0.02179036605603222,1.8324633354975022,10,79.64653330743833,79.64653330743833,0
2026-0711-02-01-09-02,11,12,チカマヨルキーナ,サマースプラッシュ,0.02617576669969461,0.025076118317190827,0.0010996483825037838,1.0438524164144625,11,20.042726743056903,20.042726743056903,0
2026-0711-02-01-09-02,12,13,サマースプラッシュ,ベッラモレーン,0.025076118317190827,0.013045762063629429,0.012030356253561398,1.9221658493298062,12,66.4400854534861,66.4400854534861,0
2026-0711-02-01-09-03,1,2,アルサック,クリオロゴールド,0.22981605771350552,0.17547849550771655,0.054337562205788975,1.3096536817720752,1,92.77529617401437,92.77529617401437,1
2026-0711-02-01-09-03,2,3,クリオロゴールド,テンユウ,0.17547849550771655,0.1464575141268185,0.029020981380898037,1.1981529015695882,2,84.52126626529423,84.52126626529423,0
2026-0711-02-01-09-03,3,4,テンユウ,ハッピーローヴァー,0.1464575141268185,0.1314797015667188,0.014977812560099724,1.1139172996411109,3,71.27597591765391,71.27597591765391,0
2026-0711-02-01-09-03,4,5,ハッピーローヴァー,ルージュフローラ,0.1314797015667188,0.1199364982354488,0.011543203331269986,1.0962442917802167,4,65.23596814915518,65.23596814915518,0
2026-0711-02-01-09-03,5,6,ルージュフローラ,ダノンルミエール,0.1199364982354488,0.06838692893785629,0.05154956929759251,1.7537927217705007,5,92.27034375606914,92.27034375606914,1
2026-0711-02-01-09-03,6,7,ダノンルミエール,スノーガーネット,0.06838692893785629,0.058180967923645514,0.010205961014210778,1.175417518450444,6,61.87609244513498,61.87609244513498,0
2026-0711-02-01-09-03,7,8,スノーガーネット,スピットブレイク,0.058180967923645514,0.05238411210037663,0.005796855823268887,1.1106605722773568,7,47.97047970479705,47.97047970479705,0
2026-0711-02-01-09-03,8,9,スピットブレイク,テイクマイハート,0.05238411210037663,0.045699647631452754,0.006684464468923873,1.146269496929847,8,51.64109535832201,51.64109535832201,0
2026-0711-02-01-09-03,9,10,テイクマイハート,ブルーハーツ,0.045699647631452754,0.03716492988098026,0.008534717750472494,1.2296443926520166,9,58.12779180423383,58.12779180423383,0
2026-0711-02-01-09-03,10,11,ブルーハーツ,ウインドトリック,0.03716492988098026,0.030192773636452924,0.006972156244527336,1.230921356496694,10,52.70926393474461,52.70926393474461,0
2026-0711-02-01-09-03,11,12,ウインドトリック,ナオミニオールイン,0.030192773636452924,0.026411893306551932,0.0037808803299009923,1.143150674054975,11,38.104486308020974,38.104486308020974,0
2026-0711-02-01-09-03,12,13,ナオミニオールイン,ユナダイヤ,0.026411893306551932,0.01988888884273151,0.006523004463820422,1.32797229223815,12,50.90308797824821,50.90308797824821,0
2026-0711-02-01-09-03,13,14,ユナダイヤ,トゥントゥントゥン,0.01988888884273151,0.016753302784744774,0.003135586057986736,1.1871622627654017,13,34.41444940765197,34.41444940765197,0
2026-0711-02-01-09-03,14,15,トゥントゥントゥン,ロンドンプライド,0.016753302784744774,0.0161458592683831,0.0006074435163616748,1.0376222476775314,14,16.100213633715285,16.100213633715285,0
2026-0711-02-01-09-03,15,16,ロンドンプライド,アゲンストオッズ,0.0161458592683831,0.014686464648119171,0.001459394620263928,1.0993700427727395,15,22.742280054379492,22.742280054379492,0
2026-0711-02-01-09-04,1,2,アーデルブリックス,ウインアプローチ,0.284353090819312,0.2701046083497736,0.01424848246953836,1.0527517192564415,1,70.22722858807535,70.22722858807535,0
2026-0711-02-01-09-04,2,3,ウインアプローチ,マンサニージャ,0.2701046083497736,0.16933851250599002,0.1007660958437836,1.5950571689368016,2,97.61118663818216,97.61118663818216,1
2026-0711-02-01-09-04,3,4,マンサニージャ,エグジスタンス,0.16933851250599002,0.15277044444742616,0.016568068058563867,1.1084507420168273,3,73.87842299475626,73.87842299475626,0
2026-0711-02-01-09-04,4,5,エグジスタンス,ケナゲ,0.15277044444742616,0.13056029125811947,0.02221015318930669,1.1701141516710998,4,80.01553699747524,80.01553699747524,0
2026-0711-02-01-09-04,5,6,ケナゲ,コスモクラシック,0.13056029125811947,0.11141543381062306,0.019144857447496402,1.1718330826592447,5,77.10234997086813,77.10234997086813,0
2026-0711-02-01-09-04,6,7,コスモクラシック,ヘクセンハウス,0.11141543381062306,0.09394552250284731,0.017469911307775754,1.185957891790386,6,75.19906778015148,75.19906778015148,0
2026-0711-02-01-09-04,7,8,ヘクセンハウス,インフィオラータ,0.09394552250284731,0.09004543471801937,0.0039000877848279353,1.043312443290892,7,38.84249368809478,38.84249368809478,0
2026-0711-02-01-09-04,8,9,インフィオラータ,アスコットダンス,0.09004543471801937,0.038246608881930155,0.05179882583608922,2.3543377400071117,8,92.30918624975723,92.30918624975723,1
2026-0711-02-01-09-04,9,10,アスコットダンス,セイントクーヤ,0.038246608881930155,0.03428057560862215,0.003966033273308002,1.1156933103629239,9,39.19207613128763,39.19207613128763,0
2026-0711-02-01-09-04,10,11,セイントクーヤ,ミリオングローリー,0.03428057560862215,0.03250513939519752,0.0017754362134246304,1.0546201691935198,10,24.99514468828899,24.99514468828899,0
2026-0711-02-01-09-04,11,12,ミリオングローリー,メメボス,0.03250513939519752,0.030903368136654997,0.001601771258542526,1.0518316078512697,11,23.57739366867353,23.57739366867353,0
2026-0711-02-01-09-04,12,13,メメボス,カネトシパンドラ,0.030903368136654997,0.008519147247598438,0.02238422088905656,3.6275189568259556,12,80.17090697222761,80.17090697222761,0
2026-0711-02-01-09-04,13,14,カネトシパンドラ,シアワセチョウサン,0.008519147247598438,0.007751784472761349,0.0007673627748370892,1.0989917582891386,13,17.517964653330743,17.517964653330743,0
2026-0711-02-01-09-05,1,2,レゾルートハート,ジーティーマドンナ,0.08760495607052089,0.08760495607052089,0.0,1.0,1,9.671780928335599,9.671780928335599,0
2026-0711-02-01-09-05,2,3,ジーティーマドンナ,リーゼントエース,0.08760495607052089,0.08760495607052089,0.0,1.0,2,9.671780928335599,9.671780928335599,0
2026-0711-02-01-09-05,3,4,リーゼントエース,シガレス,0.08760495607052089,0.08760495607052089,0.0,1.0,3,9.671780928335599,9.671780928335599,0
2026-0711-02-01-09-05,4,5,シガレス,イリスロッソ,0.08760495607052089,0.08760495607052089,0.0,1.0,4,9.671780928335599,9.671780928335599,0
2026-0711-02-01-09-05,5,6,イリスロッソ,サノノベリー,0.08760495607052089,0.08760495607052089,0.0,1.0,5,9.671780928335599,9.671780928335599,0
2026-0711-02-01-09-05,6,7,サノノベリー,アークレイリ,0.08760495607052089,0.08760495607052089,0.0,1.0,6,9.671780928335599,9.671780928335599,0
2026-0711-02-01-09-05,7,8,アークレイリ,フレイコン,0.08760495607052089,0.08760495607052089,0.0,1.0,7,9.671780928335599,9.671780928335599,0
2026-0711-02-01-09-05,8,9,フレイコン,シンゼンノト,0.08760495607052089,0.08760495607052089,0.0,1.0,8,9.671780928335599,9.671780928335599,0
2026-0711-02-01-09-05,9,10,シンゼンノト,レジェンドヴァーサ,0.08760495607052089,0.08760495607052089,0.0,1.0,9,9.671780928335599,9.671780928335599,0
2026-0711-02-01-09-05,10,11,レジェンドヴァーサ,ライフイズアート,0.08760495607052089,0.08760495607052089,0.0,1.0,10,9.671780928335599,9.671780928335599,0
2026-0711-02-01-09-06,1,2,チリンドリ,モロノカガヤキ,0.21526203285429474,0.19685843224915556,0.01840360060513918,1.09348647347677,1,76.30607885026218,76.30607885026218,0
2026-0711-02-01-09-06,2,3,モロノカガヤキ,ライトアファイア,0.19685843224915556,0.09427064504350424,0.10258778720565132,2.0882262146218356,2,97.7859778597786,97.7859778597786,1
2026-0711-02-01-09-06,3,4,ライトアファイア,ゲレイロ,0.09427064504350424,0.07450218753620587,0.019768457507298373,1.2653406317457656,3,77.7432511167217,77.7432511167217,0
2026-0711-02-01-09-06,4,5,ゲレイロ,ヤマメイッカ,0.07450218753620587,0.062718532690607,0.011783654845598873,1.187881545375561,4,65.81860555447659,65.81860555447659,0
2026-0711-02-01-09-06,5,6,ヤマメイッカ,シンエンドーツダ,0.062718532690607,0.05957090256809186,0.0031476301225151354,1.0528383822776106,5,34.49213439502816,34.49213439502816,0
2026-0711-02-01-09-06,6,7,シンエンドーツダ,ミスチヴマリアンヌ,0.05957090256809186,0.059028014542025165,0.0005428880260666957,1.0091971249631002,6,15.226257525733153,15.226257525733153,0
2026-0711-02-01-09-06,7,8,ミスチヴマリアンヌ,ブライトラン,0.059028014542025165,0.012815442269166966,0.0462125722728582,4.606006823817726,7,91.0662264517382,91.0662264517382,1
2026-0711-02-01-09-06,8,9,ブライトラン,ラヴィレット,0.012815442269166966,0.012750370337324856,6.50719318421103e-05,1.0051035326912523,8,10.545737036317732,10.545737036317732,0
2026-0711-02-01-09-06,9,10,ラヴィレット,サクセスブルー,0.012750370337324856,0.010606507288166799,0.002143863049158057,1.20212714618599,9,27.927752961740143,27.927752961740143,0
2026-0711-02-01-09-07,1,2,ターンザテーブルス,アイドクレース,0.26151400602267727,0.21541472815490378,0.046099277867773486,1.2140024419993405,1,91.04680520489416,91.04680520489416,1
2026-0711-02-01-09-07,2,3,アイドクレース,ミッキーマドンナ,0.21541472815490378,0.16399848634510214,0.051416241809801644,1.3135165632053847,2,92.212080015537,92.212080015537,1
2026-0711-02-01-09-07,3,4,ミッキーマドンナ,ナイスプレーアスク,0.16399848634510214,0.12744157928542865,0.03655690705967349,1.2868522758792689,3,87.90056321615847,87.90056321615847,0
2026-0711-02-01-09-07,4,5,ナイスプレーアスク,タイムレスキス,0.12744157928542865,0.1216525225067789,0.0057890567786497565,1.0475868207198678,4,47.9122159642649,47.9122159642649,0
2026-0711-02-01-09-07,5,6,タイムレスキス,クシマトゥルー,0.1216525225067789,0.11171241379878571,0.009940108707993181,1.0889794461508737,5,61.50708875509808,61.50708875509808,0
2026-0711-02-01-09-07,6,7,クシマトゥルー,ナムラヒナギク,0.11171241379878571,0.10583240236985858,0.005880011428927134,1.0555596518387433,6,48.41716838221014,48.41716838221014,0
2026-0711-02-01-09-07,7,8,ナムラヒナギク,ベアサナエチャン,0.10583240236985858,0.09645107708373687,0.009381325286121706,1.0972651168838377,7,60.12818022917072,60.12818022917072,0
2026-0711-02-01-09-07,8,9,ベアサナエチャン,コスモレッド,0.09645107708373687,0.04304968169228093,0.05340139539145594,2.240459703585477,8,92.619926199262,92.619926199262,1
2026-0711-02-01-09-07,9,10,コスモレッド,ルージュスティーズ,0.04304968169228093,0.028998418526015216,0.014051263166265718,1.4845527404765186,9,70.07185861332297,70.07185861332297,0
2026-0711-02-01-09-07,10,11,ルージュスティーズ,リリーズブルーム,0.028998418526015216,0.02859953360399007,0.00039888492202514586,1.0139472526911941,10,14.060982715090308,14.060982715090308,0
2026-0711-02-01-09-07,11,12,リリーズブルーム,ルージュカエラ,0.02859953360399007,0.02150005893043064,0.0070994746735594284,1.330207219270037,11,53.291901340066026,53.291901340066026,0
2026-0711-02-01-09-07,12,13,ルージュカエラ,キセキノエンジェル,0.02150005893043064,0.02063730379584349,0.0008627551345871502,1.0418056129386881,12,18.236550786560496,18.236550786560496,0
2026-0711-02-01-09-07,13,14,キセキノエンジェル,フクシマコウヨウ,0.02063730379584349,0.006806964344675234,0.013830339451168256,3.031792551107907,13,69.76111866381822,69.76111866381822,0
2026-0711-02-01-09-08,1,2,ナムラハリス,アイファーシャドー,0.09067031405389094,0.08251315105707417,0.008157162996816764,1.098858944208475,1,56.632355797242184,56.632355797242184,0
2026-0711-02-01-09-08,2,3,アイファーシャドー,マテンロウカナロア,0.08251315105707417,0.07517707999284823,0.007336071064225944,1.0975838788221601,2,54.24354243542435,54.24354243542435,0
2026-0711-02-01-09-08,3,4,マテンロウカナロア,テイクオンミー,0.07517707999284823,0.06865604419627418,0.006521035796574051,1.0949812339599947,3,50.844824237716054,50.844824237716054,0
2026-0711-02-01-09-08,4,5,テイクオンミー,タイセイモノリス,0.06865604419627418,0.06584871279887201,0.002807331397402163,1.0426330489705526,4,32.62769469799961,32.62769469799961,0
2026-0711-02-01-09-08,5,6,タイセイモノリス,エンダードラゴン,0.06584871279887201,0.060405805220215596,0.005442907578656418,1.0901057035629893,5,46.494464944649444,46.494464944649444,0
2026-0711-02-01-09-08,6,7,エンダードラゴン,パラダイスフェイス,0.060405805220215596,0.05245016909811321,0.007955636122102386,1.1516798946295213,6,56.06913963876481,56.06913963876481,0
2026-0711-02-01-09-08,7,8,パラダイスフェイス,ブリスフル,0.05245016909811321,0.04547260888067436,0.006977560217438852,1.1534453463127399,7,52.767527675276746,52.767527675276746,0
2026-0711-02-01-09-08,8,9,ブリスフル,レイサンソク,0.04547260888067436,0.04009601360163468,0.005376595279039678,1.134093013147334,8,46.26140998252088,46.26140998252088,0
2026-0711-02-01-09-08,9,10,レイサンソク,ベイビールビオ,0.04009601360163468,0.02215512612858582,0.01794088747304886,1.809784939563061,9,75.70402019809673,75.70402019809673,0
2026-0711-02-01-09-08,10,11,ベイビールビオ,アルニラム,0.02215512612858582,0.020826211551476185,0.0013289145771096349,1.0638097127662876,10,21.965430180617595,21.965430180617595,0
2026-0711-02-01-09-08,11,12,アルニラム,シビックアスコット,0.020826211551476185,0.008246518679733656,0.012579692871742529,2.5254549659431347,11,67.60536026412896,67.60536026412896,0
2026-0711-02-01-09-09,1,2,クリスレジーナ,エトワールブーケ,0.39401334401925175,0.1316352562999437,0.26237808771930804,2.993220472192147,1,100.0,100.0,1
2026-0711-02-01-09-09,2,3,エトワールブーケ,サイン,0.1316352562999437,0.12309232981646387,0.008542926483479818,1.0694025898788146,2,58.147213051077884,58.147213051077884,0
2026-0711-02-01-09-09,3,4,サイン,モルビド,0.12309232981646387,0.10686930394694437,0.0162230258695195,1.151802484627143,3,73.21810060205866,73.21810060205866,0
2026-0711-02-01-09-09,4,5,モルビド,ドルチェリターン,0.10686930394694437,0.09011652053940664,0.016752783407537733,1.1859013564578538,4,74.18916294426103,74.18916294426103,0
2026-0711-02-01-09-09,5,6,ドルチェリターン,ハルフロンティア,0.09011652053940664,0.06333042704634927,0.02678609349305737,1.4229577273093956,5,83.25888522043115,83.25888522043115,0
2026-0711-02-01-09-09,6,7,ハルフロンティア,デルシエロ,0.06333042704634927,0.05686136413757223,0.006469062908777037,1.1137690417191817,6,50.650611769275585,50.650611769275585,0
2026-0711-02-01-09-09,7,8,デルシエロ,メイショウソラリス,0.05686136413757223,0.030882815854460406,0.025978548283111823,1.8411975256899944,7,82.88988153039425,82.88988153039425,0
2026-0711-02-01-09-09,8,9,メイショウソラリス,エオアリイ,0.030882815854460406,0.022813731091591884,0.008069084762868522,1.3536942173322286,8,56.36045834142552,56.36045834142552,0
2026-0711-02-01-09-09,9,10,エオアリイ,ゼアズノープレイス,0.022813731091591884,0.0150892143239042,0.007724516767687683,1.5119230598673763,9,55.29228976500291,55.29228976500291,0
2026-0711-02-01-09-10,1,2,アスクケンタッキー,ピコアーガイル,0.09494250863392929,0.09272224945340424,0.0022202591805250554,1.0239452687312207,1,28.47154787337347,28.47154787337347,0
2026-0711-02-01-09-10,2,3,ピコアーガイル,ヴィヴァクラウン,0.09272224945340424,0.09042831189434553,0.002293937559058712,1.0253674707733005,2,29.015342785006798,29.015342785006798,0
2026-0711-02-01-09-10,3,4,ヴィヴァクラウン,キーガッツ,0.09042831189434553,0.08052847646880613,0.009899835425539391,1.1229358341253883,3,61.40998252087784,61.40998252087784,0
2026-0711-02-01-09-10,4,5,キーガッツ,ラスティングスノー,0.08052847646880613,0.06701283225596402,0.013515644212842112,1.2016874046036048,4,69.25616624587299,69.25616624587299,0
2026-0711-02-01-09-10,5,6,ラスティングスノー,レイユール,0.06701283225596402,0.05544586034973032,0.011566971906233701,1.208617412251769,5,65.33307438337542,65.33307438337542,0
2026-0711-02-01-09-10,6,7,レイユール,トウカイエルデ,0.05544586034973032,0.04774187577271259,0.007703984577017729,1.1613674463419603,6,55.19518353078268,55.19518353078268,0
2026-0711-02-01-09-10,7,8,トウカイエルデ,キープサインオン,0.04774187577271259,0.04720295987812079,0.0005389158945918043,1.0114169936797035,7,15.129151291512915,15.129151291512915,0
2026-0711-02-01-09-10,8,9,キープサインオン,ジーベック,0.04720295987812079,0.039717540309033246,0.007485419569087541,1.188466342851173,8,54.61254612546126,54.61254612546126,0
2026-0711-02-01-09-10,9,10,ジーベック,モレポブラーノ,0.039717540309033246,0.0378195037334441,0.0018980365755891446,1.0501867128920228,9,25.985628277335405,25.985628277335405,0
2026-0711-02-01-09-10,10,11,モレポブラーノ,ライツユーアップ,0.0378195037334441,0.03652525644743571,0.001294247286008389,1.0354343107178718,10,21.69353272480093,21.69353272480093,0
2026-0711-02-01-09-10,11,12,ライツユーアップ,エルサトアナ,0.03652525644743571,0.03040165993271786,0.006123596514717854,1.2014230975634235,11,49.174597009127986,49.174597009127986,0
2026-0711-02-01-09-10,12,13,エルサトアナ,ムチャスグラシアス,0.03040165993271786,0.02063175158722009,0.00976990834549777,1.4735375134871989,12,61.138085065061176,61.138085065061176,0
2026-0711-02-01-09-10,13,14,ムチャスグラシアス,フレッシュラン,0.02063175158722009,0.019532105877170875,0.0010996457100492137,1.0562993932638098,13,20.023305496212856,20.023305496212856,0
2026-0711-02-01-09-11,1,2,インパクトシー,ダンツファイター,0.19303940776203754,0.1610422894969337,0.03199711826510385,1.1986876761691412,1,86.07496601281802,86.07496601281802,0
2026-0711-02-01-09-11,2,3,ダンツファイター,インヴォーグ,0.1610422894969337,0.10025005493743554,0.06079223455949816,1.606405997457434,2,93.70751602252865,93.70751602252865,1
2026-0711-02-01-09-11,3,4,インヴォーグ,カテリーナ,0.10025005493743554,0.09300889300114598,0.007241161936289556,1.0778545115702036,3,53.8551174985434,53.8551174985434,0
2026-0711-02-01-09-11,4,5,カテリーナ,ウイントレメンデス,0.09300889300114598,0.06581250881904993,0.02719638418209605,1.4132403500506556,4,83.47251893571568,83.47251893571568,0
2026-0711-02-01-09-11,5,6,ウイントレメンデス,ショウナンサムデイ,0.06581250881904993,0.06507634498754206,0.0007361638315078745,1.0113123106660156,5,17.187803456981936,17.187803456981936,0
2026-0711-02-01-09-11,6,7,ショウナンサムデイ,ウィープディライト,0.06507634498754206,0.052955277947373425,0.012121067040168632,1.2288925204436556,6,66.69256166245873,66.69256166245873,0
2026-0711-02-01-09-11,7,8,ウィープディライト,ミッキージュエリー,0.052955277947373425,0.04954927664846309,0.0034060012989103328,1.06873967753505,7,36.220625364148376,36.220625364148376,0
2026-0711-02-01-09-11,8,9,ミッキージュエリー,ドゥカート,0.04954927664846309,0.04646674705180132,0.003082529596661769,1.0663383987957098,8,34.25907943289959,34.25907943289959,0
2026-0711-02-01-09-11,9,10,ドゥカート,アイスグリーン,0.04646674705180132,0.03451631079405359,0.011950436257747735,1.3462257692906896,9,66.16818799766945,66.16818799766945,0
2026-0711-02-01-09-11,10,11,アイスグリーン,ソリダリティ,0.03451631079405359,0.02800803547760534,0.006508275316448247,1.2323717178112021,10,50.80598174402796,50.80598174402796,0
2026-0711-02-01-09-11,11,12,ソリダリティ,ノーブルスカイ,0.02800803547760534,0.02543676255877493,0.0025712729188304105,1.1010849125508466,11,31.248786172072247,31.248786172072247,0
2026-0711-02-01-09-11,12,13,ノーブルスカイ,ピンクジン,0.02543676255877493,0.014096239958206634,0.011340522600568297,1.8045069205824638,12,64.88638570596233,64.88638570596233,0
2026-0711-02-01-09-12,1,2,ビップムーラン,タイセイブルーム,0.3046048550481899,0.09753478877817325,0.20707006627001667,3.123038034572088,1,99.88347251893572,99.88347251893572,1
2026-0711-02-01-09-12,2,3,タイセイブルーム,ワイドデコラシオン,0.09753478877817325,0.08653798254105029,0.010996806237122958,1.1270749087766923,2,64.03185084482423,64.03185084482423,0
2026-0711-02-01-09-12,3,4,ワイドデコラシオン,スパークルジョイ,0.08653798254105029,0.06763657720049887,0.018901405340551417,1.2794553793655308,3,76.83045251505146,76.83045251505146,0
2026-0711-02-01-09-12,4,5,スパークルジョイ,テーオーナタリー,0.06763657720049887,0.05682122290077837,0.010815354299720498,1.1903400480944655,4,63.52689842687901,63.52689842687901,0
2026-0711-02-01-09-12,5,6,テーオーナタリー,メイショウハッブル,0.05682122290077837,0.03203748810400916,0.024783734796769215,1.773585454524688,5,81.95766168187998,81.95766168187998,0
2026-0711-02-01-09-12,6,7,メイショウハッブル,ジュウオウ,0.03203748810400916,0.02738972508929517,0.00464776301471399,1.169690020603036,6,42.88211303165663,42.88211303165663,0
2026-0711-02-01-09-12,7,8,ジュウオウ,レネネト,0.02738972508929517,0.02333728932463742,0.00405243576465775,1.1736463780469804,7,39.502816080792385,39.502816080792385,0
2026-0711-03-02-05-01,1,2,トゥラッタッタ,ネイチャーシップ,0.2084196462909423,0.13921672589310446,0.06920292039783785,1.4970876879475983,1,94.67857836473101,94.67857836473101,1
2026-0711-03-02-05-01,2,3,ネイチャーシップ,シャンデルナゴル,0.13921672589310446,0.0936306861422594,0.04558603975084506,1.4868707218655124,2,90.83317148960963,90.83317148960963,1
2026-0711-03-02-05-01,3,4,シャンデルナゴル,グラニットピーク,0.0936306861422594,0.059879876337605054,0.03375080980465435,1.5636419423174153,3,86.67702466498349,86.67702466498349,0
2026-0711-03-02-05-01,4,5,グラニットピーク,フームスムート,0.059879876337605054,0.053102344020862384,0.00677753231674267,1.1276315093375158,4,52.02952029520295,52.02952029520295,0
2026-0711-03-02-05-01,5,6,フームスムート,タマモエース,0.053102344020862384,0.03949976467904426,0.013602579341818126,1.3443711488497723,5,69.37269372693727,69.37269372693727,0
2026-0711-03-02-05-01,6,7,タマモエース,ヒットアンドロール,0.03949976467904426,0.036131410253517925,0.0033683544255263334,1.093225102532453,6,36.02641289570791,36.02641289570791,0
2026-0711-03-02-05-01,7,8,ヒットアンドロール,コスモチプリア,0.036131410253517925,0.03127783231384157,0.004853577939676355,1.1551762887841965,7,43.91143911439114,43.91143911439114,0
2026-0711-03-02-05-01,8,9,コスモチプリア,ジーククローネ,0.03127783231384157,0.027220121526693255,0.004057710787148314,1.1490702671246027,8,39.52223732763643,39.52223732763643,0
2026-0711-03-02-05-01,9,10,ジーククローネ,ナックエルドラド,0.027220121526693255,0.023919269183213278,0.003300852343479977,1.1379997155513657,9,35.59914546513886,35.59914546513886,0
2026-0711-03-02-05-01,10,11,ナックエルドラド,クラウンセト,0.023919269183213278,0.019377102465703684,0.004542166717509594,1.2344089744867148,10,42.3771606137114,42.3771606137114,0
2026-0711-03-02-05-02,1,2,サイモンセレーノ,タマモチョコチップ,0.1782731990462863,0.13497675186490737,0.04329644718137893,1.320769662798765,1,90.21169159060011,90.21169159060011,1
2026-0711-03-02-05-02,2,3,タマモチョコチップ,ワイルドミュール,0.13497675186490737,0.059961466504302244,0.07501528536060513,2.2510582167836533,2,95.61079821324529,95.61079821324529,1
2026-0711-03-02-05-02,3,4,ワイルドミュール,エルミー,0.059961466504302244,0.050337630495173646,0.009623836009128597,1.1911857176124196,3,60.84676636240046,60.84676636240046,0
2026-0711-03-02-05-02,4,5,エルミー,アジュアカレンツ,0.050337630495173646,0.05000281755567431,0.00033481293949933627,1.00669588146961,4,13.420081569236745,13.420081569236745,0
2026-0711-03-02-05-02,5,6,アジュアカレンツ,ホウライブラック,0.05000281755567431,0.04942600539561507,0.0005768121600592396,1.0116702160217548,5,15.692367449990288,15.692367449990288,0
2026-0711-03-02-05-02,6,7,ホウライブラック,ビレッジルイーザ,0.04942600539561507,0.04186270231460038,0.007563303081014688,1.1806692512149854,6,54.86502233443387,54.86502233443387,0
2026-0711-03-02-05-02,7,8,ビレッジルイーザ,ゼフィリア,0.04186270231460038,0.025350469891201485,0.016512232423398897,1.6513580416562568,7,73.72305302000387,73.72305302000387,0
2026-0711-03-02-05-02,8,9,ゼフィリア,イセッセイ,0.025350469891201485,0.01607206651285173,0.009278403378349755,1.5772999614536471,8,59.83686152651,59.83686152651,0
2026-0711-03-02-05-02,9,10,イセッセイ,メイショウミズホ,0.01607206651285173,0.015873733681846816,0.00019833283100491317,1.0124944033319474,9,12.080015536997475,12.080015536997475,0
2026-0711-03-02-05-02,10,11,メイショウミズホ,キミガハマ,0.015873733681846816,0.0152601652752958,0.0006135684065510169,1.0402071927454353,10,16.158477374247425,16.158477374247425,0
2026-0711-03-02-05-02,11,12,キミガハマ,ベアエクスプレス,0.0152601652752958,0.01418452702411844,0.0010756382511773587,1.0758318024526594,11,19.887356768304524,19.887356768304524,0
2026-0711-03-02-05-02,12,13,ベアエクスプレス,セイスイカルメン,0.01418452702411844,0.012488960812619338,0.001695566211499102,1.1357651959149264,12,24.373664789279474,24.373664789279474,0
2026-0711-03-02-05-02,13,14,セイスイカルメン,アインプロージット,0.012488960812619338,0.011548598685975263,0.0009403621266440756,1.081426513485663,13,18.896873179258108,18.896873179258108,0
2026-0711-03-02-05-02,14,15,アインプロージット,アルバニクス,0.011548598685975263,0.007087769528279123,0.0044608291576961395,1.629369950574452,14,42.0081569236745,42.0081569236745,0
2026-0711-03-02-05-03,1,2,キャピタルストーン,レオンティウス,0.22353022743169806,0.21500976001031374,0.00852046742138432,1.0396282820881042,1,57.972421829481455,57.972421829481455,0
2026-0711-03-02-05-03,2,3,レオンティウス,ペアスターロード,0.21500976001031374,0.20740454853877774,0.007605211471536005,1.036668489312876,2,54.981549815498155,54.981549815498155,0
2026-0711-03-02-05-03,3,4,ペアスターロード,コスモシグナス,0.20740454853877774,0.17958803637781864,0.027816512160959095,1.1548906749135477,3,83.82210137890853,83.82210137890853,0
2026-0711-03-02-05-03,4,5,コスモシグナス,トーセンマスラオ,0.17958803637781864,0.0873660615275458,0.09222197485027285,2.055581231863085,4,97.06739172654885,97.06739172654885,1
2026-0711-03-02-05-03,5,6,トーセンマスラオ,タイセイアドーレ,0.0873660615275458,0.07728384236057298,0.010082219166972814,1.1304570122165192,5,61.7207224703826,61.7207224703826,0
2026-0711-03-02-05-03,6,7,タイセイアドーレ,ジーティーフクジ,0.07728384236057298,0.07696545310159958,0.00031838925897340054,1.004136781453792,6,13.322975335016507,13.322975335016507,0
2026-0711-03-02-05-03,7,8,ジーティーフクジ,シャインラブ,0.07696545310159958,0.07042869548641664,0.0065367576151829365,1.0928138391608242,7,50.9419304719363,50.9419304719363,0
2026-0711-03-02-05-03,8,9,シャインラブ,マイネルリコルディ,0.07042869548641664,0.0698315850789957,0.0005971104074209421,1.008550721091974,8,15.92542241211886,15.92542241211886,0
2026-0711-03-02-05-03,9,10,マイネルリコルディ,コールドスリープ,0.0698315850789957,0.03856190748057767,0.03126967759841803,1.8108955091022796,9,85.72538356962517,85.72538356962517,0
2026-0711-03-02-05-03,10,11,コールドスリープ,ジュネストレイル,0.03856190748057767,0.035812638207912216,0.0027492692726654513,1.0767681301976253,10,32.47232472324723,32.47232472324723,0
2026-0711-03-02-05-03,11,12,ジュネストレイル,シアルナーレ,0.035812638207912216,0.026411439438486655,0.009401198769425561,1.355951775794778,11,60.264128957079045,60.264128957079045,0
2026-0711-03-02-05-03,12,13,シアルナーレ,モーモーゼロ,0.026411439438486655,0.0211589206349792,0.005252518803507456,1.2482413396278906,12,45.717615070887554,45.717615070887554,0
2026-0711-03-02-05-03,13,14,モーモーゼロ,オーケーマドンナ,0.0211589206349792,0.01453898721471339,0.00661993342026581,1.455322872391446,13,51.233249174597006,51.233249174597006,0
2026-0711-03-02-05-04,1,2,ゴールドプレイヤー,ウェスケンジントン,0.22877993458319373,0.19539027924424324,0.0333896553389505,1.170886983058213,1,86.50223344338707,86.50223344338707,0
2026-0711-03-02-05-04,2,3,ウェスケンジントン,スティールヴォーグ,0.19539027924424324,0.19150387211669168,0.003886407127551561,1.0202941438446915,2,38.725966207030496,38.725966207030496,0
2026-0711-03-02-05-04,3,4,スティールヴォーグ,セブンワンダーズ,0.19150387211669168,0.10189882516327513,0.08960504695341655,1.8793530917539045,3,96.87317925810837,96.87317925810837,1
2026-0711-03-02-05-04,4,5,セブンワンダーズ,マーゴットリック,0.10189882516327513,0.06463790596374985,0.037260919199525275,1.5764561621229174,4,88.1530394251311,88.1530394251311,0
2026-0711-03-02-05-04,5,6,マーゴットリック,ロードプレリュード,0.06463790596374985,0.061652685520364146,0.002985220443385707,1.048419957998418,5,33.579335793357934,33.579335793357934,0
2026-0711-03-02-05-04,6,7,ロードプレリュード,ロイヤルタイム,0.061652685520364146,0.04739335188454735,0.014259333635816794,1.3008720225265618,6,70.24664983491941,70.24664983491941,0
2026-0711-03-02-05-04,7,8,ロイヤルタイム,ツクバアヴァロン,0.04739335188454735,0.043928979579968865,0.0034643723045784877,1.0788630270428181,7,36.53136531365313,36.53136531365313,0
2026-0711-03-02-05-04,8,9,ツクバアヴァロン,ドゥーニ,0.043928979579968865,0.029318861090415742,0.014610118489553122,1.4983180773801998,8,70.67391726548844,70.67391726548844,0
2026-0711-03-02-05-04,9,10,ドゥーニ,ルールオーヴァー,0.029318861090415742,0.016622552395143535,0.012696308695272208,1.763800191057396,9,67.87725771994562,67.87725771994562,0
2026-0711-03-02-05-04,10,11,ルールオーヴァー,ヤマタケボニータ,0.016622552395143535,0.014074994219887964,0.0025475581752555706,1.1809988789662074,10,30.957467469411537,30.957467469411537,0
2026-0711-03-02-05-04,11,12,ヤマタケボニータ,イケイケルノワール,0.014074994219887964,0.01031237653329651,0.003762617686591455,1.3648642652295278,11,37.98795882695669,37.98795882695669,0
2026-0711-03-02-05-04,12,13,イケイケルノワール,パワポケウォーズ,0.01031237653329651,0.010053676262077904,0.00025870027121860546,1.025731907858861,12,12.6238104486308,12.6238104486308,0
2026-0711-03-02-05-04,13,14,パワポケウォーズ,フッカツノジャンボ,0.010053676262077904,0.010046059529924566,7.6167321533381765e-06,1.0007581810689703,13,9.788308409399884,9.788308409399884,0
2026-0711-03-02-05-04,14,15,フッカツノジャンボ,エビスディアーナ,0.010046059529924566,0.00803159808842896,0.002014461441495606,1.250817012917743,14,26.956690619537778,26.956690619537778,0
2026-0711-03-02-05-05,1,2,ニシノイサリビ,スリーフラワー,0.08570911153705274,0.08570911153705274,0.0,1.0,1,9.671780928335599,9.671780928335599,0
2026-0711-03-02-05-05,2,3,スリーフラワー,アップルザビート,0.08570911153705274,0.08570911153705274,0.0,1.0,2,9.671780928335599,9.671780928335599,0
2026-0711-03-02-05-05,3,4,アップルザビート,リーディンアクター,0.08570911153705274,0.08570911153705274,0.0,1.0,3,9.671780928335599,9.671780928335599,0
2026-0711-03-02-05-05,4,5,リーディンアクター,ディスペアーホープ,0.08570911153705274,0.08570911153705274,0.0,1.0,4,9.671780928335599,9.671780928335599,0
2026-0711-03-02-05-05,5,6,ディスペアーホープ,トムキャット,0.08570911153705274,0.08570911153705274,0.0,1.0,5,9.671780928335599,9.671780928335599,0
2026-0711-03-02-05-05,6,7,トムキャット,パルセノスミハ,0.08570911153705274,0.08570911153705274,0.0,1.0,6,9.671780928335599,9.671780928335599,0
2026-0711-03-02-05-05,7,8,パルセノスミハ,センカンナガト,0.08570911153705274,0.08570911153705274,0.0,1.0,7,9.671780928335599,9.671780928335599,0
2026-0711-03-02-05-05,8,9,センカンナガト,ソースウィート,0.08570911153705274,0.08570911153705274,0.0,1.0,8,9.671780928335599,9.671780928335599,0
2026-0711-03-02-05-05,9,10,ソースウィート,セイリュウ,0.08570911153705274,0.08570911153705274,0.0,1.0,9,9.671780928335599,9.671780928335599,0
2026-0711-03-02-05-05,10,11,セイリュウ,アドバンスアゲイン,0.08570911153705274,0.08570911153705274,0.0,1.0,10,9.671780928335599,9.671780928335599,0
2026-0711-03-02-05-06,1,2,ウインテラジーナ,フクオトコ,0.22671465130783414,0.20250941537465916,0.024205235933174973,1.1195264718353628,1,81.53039425131094,81.53039425131094,0
2026-0711-03-02-05-06,2,3,フクオトコ,ムーングレイル,0.20250941537465916,0.10764211566476309,0.09486729970989607,1.881321396593017,2,97.22276170130122,97.22276170130122,1
2026-0711-03-02-05-06,3,4,ムーングレイル,ポポラヴィスタ,0.10764211566476309,0.09612118590312746,0.011520929761635629,1.1198583814108016,3,65.21654690231112,65.21654690231112,0
2026-0711-03-02-05-06,4,5,ポポラヴィスタ,レッドフリーマン,0.09612118590312746,0.06822258823983209,0.027898597663295374,1.4089349053310565,4,83.88036511944067,83.88036511944067,0
2026-0711-03-02-05-06,5,6,レッドフリーマン,ジョブックボー,0.06822258823983209,0.03813984143820567,0.03008274680162642,1.788748606896193,5,85.10390367061565,85.10390367061565,0
2026-0711-03-02-05-06,6,7,ジョブックボー,フライングビーナス,0.03813984143820567,0.03425228012520411,0.00388756131300156,1.113497883901193,6,38.74538745387454,38.74538745387454,0
2026-0711-03-02-05-06,7,8,フライングビーナス,セーヌデローヴ,0.03425228012520411,0.026061237312260458,0.008191042812943649,1.3142998436643754,7,56.74888327830647,56.74888327830647,0
2026-0711-03-02-05-06,8,9,セーヌデローヴ,ルンベーラ,0.026061237312260458,0.02272053430484236,0.003340703007418098,1.1470345266795114,8,35.85162167411148,35.85162167411148,0
2026-0711-03-02-05-06,9,10,ルンベーラ,シルバープレミア,0.02272053430484236,0.016269043534782174,0.0064514907700601865,1.3965500956628036,9,50.63119052243154,50.63119052243154,0
2026-0711-03-02-05-06,10,11,シルバープレミア,サトノアンナ,0.016269043534782174,0.014032430798814156,0.002236612735968018,1.1593888306334657,10,28.62691784812585,28.62691784812585,0
2026-0711-03-02-05-06,11,12,サトノアンナ,パーフェクトスノー,0.014032430798814156,0.012270399618453207,0.001762031180360949,1.1436001462993157,11,24.878617207224703,24.878617207224703,0
2026-0711-03-02-05-06,12,13,パーフェクトスノー,サファイアプレミア,0.012270399618453207,0.010043075654354671,0.002227323964098535,1.221777077137995,12,28.588075354437752,28.588075354437752,0
2026-0711-03-02-05-06,13,14,サファイアプレミア,ミスデルマー,0.010043075654354671,0.009186841374418612,0.0008562342799360596,1.0932022492867137,13,18.197708292872402,18.197708292872402,0
2026-0711-03-02-05-06,14,15,ミスデルマー,ケイアイギルス,0.009186841374418612,0.007437704797977726,0.0017491365764408856,1.2351715514329726,14,24.800932219848516,24.800932219848516,0
2026-0711-03-02-05-06,15,16,ケイアイギルス,ブルーブロディ,0.007437704797977726,0.00737028993565414,6.741486232358668e-05,1.0091468399360335,15,10.565158283161779,10.565158283161779,0
2026-0711-03-02-05-07,1,2,ドナルンバ,イモータリス,0.31536535495984824,0.2760681133962885,0.03929724156355974,1.1423461807309474,1,88.92988929889299,88.92988929889299,0
2026-0711-03-02-05-07,2,3,イモータリス,ヴァンデスペランス,0.2760681133962885,0.15650894574411398,0.11955916765217453,1.7639126765804756,2,98.42687900563216,98.42687900563216,1
2026-0711-03-02-05-07,3,4,ヴァンデスペランス,ボニープリンス,0.15650894574411398,0.13622406393193182,0.02028488181218216,1.1489082121519887,3,78.36473101573121,78.36473101573121,0
2026-0711-03-02-05-07,4,5,ボニープリンス,ニヴルヘイム,0.13622406393193182,0.07849738023471879,0.057726683697213024,1.7353963090819298,4,93.35793357933579,93.35793357933579,1
2026-0711-03-02-05-07,5,6,ニヴルヘイム,デリシュー,0.07849738023471879,0.04448301155764535,0.03401436867707344,1.7646597540500235,5,86.75470965235968,86.75470965235968,0
2026-0711-03-02-05-07,6,7,デリシュー,ウインボレロ,0.04448301155764535,0.04404561905713344,0.0004373925005119114,1.0099304427971498,6,14.332880170906973,14.332880170906973,0
2026-0711-03-02-05-07,7,8,ウインボレロ,マイネルモメンタム,0.04404561905713344,0.04205016003340158,0.001995459023731855,1.0474542551597141,7,26.78189939794135,26.78189939794135,0
2026-0711-03-02-05-07,8,9,マイネルモメンタム,リアルセンター,0.04205016003340158,0.014259092843653873,0.02779106718974771,2.949006679069093,8,83.80268013206448,83.80268013206448,0
2026-0711-03-02-05-07,9,10,リアルセンター,ヘルメスギャング,0.014259092843653873,0.013165847830505992,0.0010932450131478817,1.0830364308643134,9,19.965041755680716,19.965041755680716,0
2026-0711-03-02-05-07,10,11,ヘルメスギャング,グランプラネッタ,0.013165847830505992,0.007567025601600031,0.005598822228905961,1.7398973551407177,10,47.09652359681492,47.09652359681492,0
2026-0711-03-02-05-08,1,2,アイムインディ,ライヴレッドアイ,0.22671682429583911,0.18953454602335956,0.03718227827247955,1.1961767870428062,1,88.114196931443,88.114196931443,0
2026-0711-03-02-05-08,2,3,ライヴレッドアイ,ジェイエルキャリア,0.18953454602335956,0.1792096051875366,0.010324940835822971,1.0576137692230183,2,62.22567488832783,62.22567488832783,0
2026-0711-03-02-05-08,3,4,ジェイエルキャリア,グラティアム,0.1792096051875366,0.16707340395141523,0.012136201236121358,1.0726399351966909,3,66.75082540299087,66.75082540299087,0
2026-0711-03-02-05-08,4,5,グラティアム,ゼファーテソーロ,0.16707340395141523,0.1604852020067778,0.00658820194463744,1.041051772140083,4,51.13614294037677,51.13614294037677,0
2026-0711-03-02-05-08,5,6,ゼファーテソーロ,マサノピンクレディ,0.1604852020067778,0.09065202867948455,0.06983317332729325,1.7703431941297214,5,94.73684210526315,94.73684210526315,1
2026-0711-03-02-05-08,6,7,マサノピンクレディ,ブーケドリス,0.09065202867948455,0.06769525128175541,0.02295677739772914,1.3391194650002907,6,80.63701689648475,80.63701689648475,0
2026-0711-03-02-05-08,7,8,ブーケドリス,ミッシオーネ,0.06769525128175541,0.057325859472964924,0.010369391808790485,1.180885064857697,7,62.36162361623616,62.36162361623616,0
2026-0711-03-02-05-08,8,9,ミッシオーネ,フラッシュポイント,0.057325859472964924,0.05696846800642683,0.00035739146653809145,1.0062734961820945,8,13.653136531365314,13.653136531365314,0
2026-0711-03-02-05-08,9,10,フラッシュポイント,ハルノアラシ,0.05696846800642683,0.052164854658401635,0.004803613348025197,1.0920852435894122,9,43.69780539910662,43.69780539910662,0
2026-0711-03-02-05-08,10,11,ハルノアラシ,チェルシー,0.052164854658401635,0.045251277583422074,0.006913577074979561,1.1527819200736196,10,52.53447271314818,52.53447271314818,0
2026-0711-03-02-05-08,11,12,チェルシー,ダノンリュラ,0.045251277583422074,0.04475576917380576,0.0004955084096163118,1.0110713862986478,11,14.837832588852203,14.837832588852203,0
2026-0711-03-02-05-08,12,13,ダノンリュラ,イズルード,0.04475576917380576,0.0320563976508689,0.012699371522936861,1.3961571621754774,12,67.91610021363371,67.91610021363371,0
2026-0711-03-02-05-08,13,14,イズルード,ラエトゥス,0.0320563976508689,0.024905516098340515,0.0071508815525283854,1.2871203922975465,13,53.54437754903864,53.54437754903864,0
2026-0711-03-02-05-08,14,15,ラエトゥス,エーティータキオン,0.024905516098340515,0.006169933391931642,0.018735582706408873,4.0365939980663645,14,76.636240046611,76.636240046611,0
2026-0711-03-02-05-08,15,16,エーティータキオン,アイファーリーベン,0.006169933391931642,0.006049360550144241,0.00012057284178740128,1.0199315019807385,15,11.050689454262963,11.050689454262963,0
2026-0711-03-02-05-09,1,2,アメティスタ,ノクターン,0.23434001733338816,0.19846633281732318,0.035873684516064985,1.1807545088722158,1,87.62866576034182,87.62866576034182,0
2026-0711-03-02-05-09,2,3,ノクターン,サトノソティラス,0.19846633281732318,0.17201007530570508,0.026456257511618092,1.1538064410738655,2,83.04525150514664,83.04525150514664,0
2026-0711-03-02-05-09,3,4,サトノソティラス,キングズトゥルー,0.17201007530570508,0.0860248248580119,0.08598525044769319,1.999539965232315,3,96.62070304913576,96.62070304913576,1
2026-0711-03-02-05-09,4,5,キングズトゥルー,キンググローリー,0.0860248248580119,0.07048161148342715,0.015543213374584752,1.2205286321842903,4,72.20819576616819,72.20819576616819,0
2026-0711-03-02-05-09,5,6,キンググローリー,モルトマエストーソ,0.07048161148342715,0.06628718967479214,0.00419442180863501,1.0632765068064136,5,40.47387842299476,40.47387842299476,0
2026-0711-03-02-05-09,6,7,モルトマエストーソ,スズカミエール,0.06628718967479214,0.04981379968446706,0.016473389990325077,1.330699326184142,6,73.68421052631578,73.68421052631578,0
2026-0711-03-02-05-09,7,8,スズカミエール,ヴァイザーバルコ,0.04981379968446706,0.04722207621303171,0.0025917234714353463,1.054883725563937,7,31.501262381044864,31.501262381044864,0
2026-0711-03-02-05-09,8,9,ヴァイザーバルコ,オルトパラティウム,0.04722207621303171,0.04221782694025748,0.005004249272774229,1.1185340325511246,8,44.57176150708875,44.57176150708875,0
2026-0711-03-02-05-09,9,10,オルトパラティウム,ビッグベルーガ,0.04221782694025748,0.03995336086237548,0.002264466077882006,1.0566777369664158,9,28.840551563410372,28.840551563410372,0
2026-0711-03-02-05-09,10,11,ビッグベルーガ,ウインマイルート,0.03995336086237548,0.032625679077422545,0.007327681784952932,1.2245985981644685,10,54.22412118858031,54.22412118858031,0
2026-0711-03-02-05-09,11,12,ウインマイルート,サトノトルネード,0.032625679077422545,0.032499891347200036,0.00012578773022250966,1.003870404638548,11,11.089531947951059,11.089531947951059,0
2026-0711-03-02-05-09,12,13,サトノトルネード,クリフハンガー,0.032499891347200036,0.029882728434255768,0.002617162912944268,1.0875811229453904,12,31.57894736842105,31.57894736842105,0
2026-0711-03-02-05-09,13,14,クリフハンガー,ハイラント,0.029882728434255768,0.029051056198476324,0.0008316722357794432,1.0286279517721308,13,18.022917071275977,18.022917071275977,0
2026-0711-03-02-05-09,14,15,ハイラント,ヒストリアイ,0.029051056198476324,0.02303661972697845,0.0060144364714978735,1.2610815537513214,14,48.80559331909108,48.80559331909108,0
2026-0711-03-02-05-10,1,2,アタリダイキチ,メイショウヨゾラ,0.12260944239919665,0.0957018530042799,0.026907589394916748,1.2811605893745173,1,83.33657020780734,83.33657020780734,0
2026-0711-03-02-05-10,2,3,メイショウヨゾラ,フォルテム,0.0957018530042799,0.08905766241887383,0.006644190585406065,1.0746054904759994,2,51.408040396193435,51.408040396193435,0
2026-0711-03-02-05-10,3,4,フォルテム,スマイルアップ,0.08905766241887383,0.04765444087712579,0.041403221541748046,1.868821893189427,3,89.72616041949894,89.72616041949894,0
2026-0711-03-02-05-10,4,5,スマイルアップ,ロードマイライフ,0.04765444087712579,0.03313341351658474,0.014521027360541047,1.438259322519626,4,70.59623227811225,70.59623227811225,0
2026-0711-03-02-05-10,5,6,ロードマイライフ,モーデン,0.03313341351658474,0.028712863478082207,0.004420550038502533,1.1539571294196043,5,41.58088949310545,41.58088949310545,0
2026-0711-03-02-05-10,6,7,モーデン,ウナギノボリ,0.028712863478082207,0.02182747868318987,0.006885384794892337,1.3154457230186196,6,52.43736647892795,52.43736647892795,0
2026-0711-03-02-05-10,7,8,ウナギノボリ,ショウナンラスボス,0.02182747868318987,0.020111203918567452,0.0017162747646224177,1.0853392353621298,7,24.60671975140804,24.60671975140804,0
2026-0711-03-02-05-10,8,9,ショウナンラスボス,ズバットマサムネ,0.020111203918567452,0.013720910114665799,0.006390293803901654,1.4657339601016184,8,50.32045057292678,50.32045057292678,0
2026-0711-03-02-05-11,1,2,クリエープキー,レッドアヴァンティ,0.17731104320746208,0.12019425978061232,0.057116783426849754,1.4752039201464666,1,93.24140609827151,93.24140609827151,1
2026-0711-03-02-05-11,2,3,レッドアヴァンティ,マサノカナリア,0.12019425978061232,0.07977827244272166,0.04041598733789066,1.5066039424068514,2,89.33773548261799,89.33773548261799,0
2026-0711-03-02-05-11,3,4,マサノカナリア,シークレットヴァウ,0.07977827244272166,0.07515182157880673,0.00462645086391493,1.061561393546043,3,42.82384929112449,42.82384929112449,0
2026-0711-03-02-05-11,4,5,シークレットヴァウ,ゾンニッヒ,0.07515182157880673,0.05054422630852775,0.024607595270278983,1.4868527439726034,4,81.82171295397166,81.82171295397166,0
2026-0711-03-02-05-11,5,6,ゾンニッヒ,カウンターセブン,0.05054422630852775,0.04983040901243939,0.0007138172960883607,1.0143249335141955,5,17.032433482229557,17.032433482229557,0
2026-0711-03-02-05-11,6,7,カウンターセブン,ショウナンハクラク,0.04983040901243939,0.041033809563362895,0.008796599449076493,1.2143744278847206,6,58.71042920955525,58.71042920955525,0
2026-0711-03-02-05-11,7,8,ショウナンハクラク,クムシラコ,0.041033809563362895,0.01884248459567025,0.022191324967692647,2.177728173533543,7,79.99611575063119,79.99611575063119,0
2026-0711-03-02-05-11,8,9,クムシラコ,マイネルジェロディ,0.01884248459567025,0.018228846860978275,0.0006136377346919741,1.0336630034456848,8,16.177898621091476,16.177898621091476,0
2026-0711-03-02-05-12,1,2,アトミックブレス,コパノエイダン,0.17359878749212787,0.1345066461993285,0.039092141292799365,1.2906335292522855,1,88.8133618178287,88.8133618178287,0
2026-0711-03-02-05-12,2,3,コパノエイダン,アンティミスト,0.1345066461993285,0.11307720365799506,0.021429442541333443,1.1895116066554612,2,79.39405709846572,79.39405709846572,0
2026-0711-03-02-05-12,3,4,アンティミスト,タケルムサシ,0.11307720365799506,0.07856334178878759,0.03451386186920748,1.4393125481092153,3,86.94892212080015,86.94892212080015,0
2026-0711-03-02-05-12,4,5,タケルムサシ,エリーニック,0.07856334178878759,0.07193486137084681,0.006628480417940771,1.0921455924377037,4,51.2720916682851,51.2720916682851,0
2026-0711-03-02-05-12,5,6,エリーニック,アルプスオジョー,0.07193486137084681,0.06787480037596086,0.004060060994885956,1.0598169124976742,5,39.561079821324526,39.561079821324526,0
2026-0711-03-02-05-12,6,7,アルプスオジョー,エコロガノン,0.06787480037596086,0.06366415581213619,0.004210644563824667,1.0661383868224008,6,40.57098465721499,40.57098465721499,0
2026-0711-03-02-05-12,7,8,エコロガノン,ホノボノ,0.06366415581213619,0.06329830926506616,0.00036584654707003117,1.0057797206800267,7,13.730821518741504,13.730821518741504,0
2026-0711-03-02-05-12,8,9,ホノボノ,アスパラゴ,0.06329830926506616,0.051409698434408305,0.011888610830657856,1.2312522966036474,8,66.07108176344921,66.07108176344921,0
2026-0711-03-02-05-12,9,10,アスパラゴ,モヴレクス,0.051409698434408305,0.048419174296147914,0.0029905241382603906,1.0617632204954455,9,33.637599533890075,33.637599533890075,0
2026-0711-03-02-05-12,10,11,モヴレクス,スカイレックス,0.048419174296147914,0.04447848979279658,0.003940684503351333,1.0885975338126146,10,39.094969897067394,39.094969897067394,0
2026-0711-03-02-05-12,11,12,スカイレックス,レッドロスタム,0.04447848979279658,0.040562441016620994,0.0039160487761755874,1.0965437157633322,11,38.95902116915906,38.95902116915906,0
2026-0711-03-02-05-12,12,13,レッドロスタム,ブレゲアン,0.040562441016620994,0.025861329084307504,0.01470111193231349,1.568459257619286,12,70.75160225286463,70.75160225286463,0
2026-0711-03-02-05-12,13,14,ブレゲアン,アジアントレジャー,0.025861329084307504,0.020240629070143446,0.005620700014164058,1.2776939389919972,13,47.251893571567294,47.251893571567294,0
2026-0711-03-02-05-12,14,15,アジアントレジャー,ヴィーデ,0.020240629070143446,0.010428393196917985,0.009812235873225461,1.9409154112184202,14,61.21577005243737,61.21577005243737,0
2026-0711-10-02-05-01,1,2,ミエルモーサ,カレンハウ,0.2710327472587434,0.16897213888800822,0.10206060837073516,1.6040085012972414,1,97.72771411924646,97.72771411924646,1
2026-0711-10-02-05-01,2,3,カレンハウ,キムケンシーサー,0.16897213888800822,0.16897213888800822,0.0,1.0,2,9.671780928335599,9.671780928335599,0
2026-0711-10-02-05-01,3,4,キムケンシーサー,クリコキアナ,0.16897213888800822,0.1528875073704276,0.016084631517580605,1.1052056626092381,3,72.98504563993008,72.98504563993008,0
2026-0711-10-02-05-01,4,5,クリコキアナ,バクソウシャチョウ,0.1528875073704276,0.08668540875786998,0.06620209861255763,1.7637052136129805,4,94.4261021557584,94.4261021557584,1
2026-0711-10-02-05-01,5,6,バクソウシャチョウ,ラホーヤアイズ,0.08668540875786998,0.07026564204885705,0.016419766709012934,1.2336813018458717,5,73.56768304525151,73.56768304525151,0
2026-0711-10-02-05-01,6,7,ラホーヤアイズ,マルモリマイベスト,0.07026564204885705,0.07010389931303168,0.00016174273582536536,1.0023071860111967,6,11.536220625364148,11.536220625364148,0
2026-0711-10-02-05-01,7,8,マルモリマイベスト,アセンシオン,0.07010389931303168,0.045905155265521934,0.024198744047509747,1.5271465461240852,7,81.51097300446689,81.51097300446689,0
2026-0711-10-02-05-01,8,9,アセンシオン,ハロナ,0.045905155265521934,0.02878831129195982,0.017116843973562113,1.594576173641092,8,74.69411536220625,74.69411536220625,0
2026-0711-10-02-05-01,9,10,ハロナ,ユイリノベーション,0.02878831129195982,0.022766013259352024,0.006022298032607797,1.264530199644591,9,48.825014565935135,48.825014565935135,0
2026-0711-10-02-05-01,10,11,ユイリノベーション,カシノカゲマル,0.022766013259352024,0.0156634039336172,0.007102609325734824,1.4534524778800488,10,53.31132258691008,53.31132258691008,0
2026-0711-10-02-05-01,11,12,カシノカゲマル,ゴールドショーマン,0.0156634039336172,0.010029103799531591,0.005634300134085609,1.5617949765709633,11,47.29073606525539,47.29073606525539,0
2026-0711-10-02-05-02,1,2,ダイメイクマモト,タガノラヴズワン,0.2807731052954454,0.2096585996044153,0.07111450569103012,1.3391919331008089,1,94.96989706739173,94.96989706739173,1
2026-0711-10-02-05-02,2,3,タガノラヴズワン,ルパピヨンブラン,0.2096585996044153,0.20955385945987576,0.00010474014453953906,1.0004998244594947,2,10.759370751602253,10.759370751602253,0
2026-0711-10-02-05-02,3,4,ルパピヨンブラン,ソルアモール,0.20955385945987576,0.14630024042350653,0.06325361903636922,1.4323548536438773,3,94.0959409594096,94.0959409594096,1
2026-0711-10-02-05-02,4,5,ソルアモール,アスクハッピーマン,0.14630024042350653,0.09745050985439302,0.048849730569113514,1.5012773216076858,4,91.64886385705962,91.64886385705962,1
2026-0711-10-02-05-02,5,6,アスクハッピーマン,マカロンブルー,0.09745050985439302,0.08801598448476021,0.00943452536963281,1.1071910451818712,5,60.36123519129928,60.36123519129928,0
2026-0711-10-02-05-02,6,7,マカロンブルー,ラッキーヴォーグ,0.08801598448476021,0.0716477890088924,0.016368195475867806,1.2284536020202423,6,73.48999805787531,73.48999805787531,0
2026-0711-10-02-05-02,7,8,ラッキーヴォーグ,サトノグロリア,0.0716477890088924,0.04516263387322501,0.026485155135667397,1.5864395599692718,7,83.08409399883473,83.08409399883473,0
2026-0711-10-02-05-02,8,9,サトノグロリア,メイショウグロリア,0.04516263387322501,0.04516263387322501,0.0,1.0,8,9.671780928335599,9.671780928335599,0
2026-0711-10-02-05-02,9,10,メイショウグロリア,カツラコマチ,0.04516263387322501,0.03138370867289999,0.013778925200325018,1.4390470655949976,9,69.66401242959797,69.66401242959797,0
2026-0711-10-02-05-02,10,11,カツラコマチ,プシュカル,0.03138370867289999,0.023887071639808192,0.007496637033091797,1.31383658684217,10,54.631967372305304,54.631967372305304,0
2026-0711-10-02-05-02,11,12,プシュカル,マテンロウルクス,0.023887071639808192,0.020708750557990353,0.0031783210818178385,1.153477201481453,11,34.686346863468636,34.686346863468636,0
2026-0711-10-02-05-02,12,13,マテンロウルクス,アルディメント,0.020708750557990353,0.012259984654563806,0.008448765903426548,1.6891334811158574,12,57.700524373664784,57.700524373664784,0
2026-0711-10-02-05-02,13,14,アルディメント,アズライトアスール,0.012259984654563806,0.009005631454828071,0.0032543531997357347,1.3613686853675342,13,35.19129928141387,35.19129928141387,0
2026-0711-10-02-05-02,14,15,アズライトアスール,クータモ,0.009005631454828071,0.008140120693686833,0.0008655107611412385,1.106326526805984,14,18.255972033404543,18.255972033404543,0
2026-0711-10-02-05-02,15,16,クータモ,ピゲ,0.008140120693686833,0.005998215944228246,0.0021419047494585864,1.3570903030791386,15,27.888910468052046,27.888910468052046,0
2026-0711-10-02-05-03,1,2,トラカイキャッスル,ベルトナリテ,0.13759985310322537,0.08271210414660532,0.05488774895662005,1.6635999594368045,1,92.8724024082346,92.8724024082346,1
2026-0711-10-02-05-03,2,3,ベルトナリテ,クランズクラウン,0.08271210414660532,0.07963133547134146,0.0030807686752638563,1.038687894118925,2,34.23965818605554,34.23965818605554,0
2026-0711-10-02-05-03,3,4,クランズクラウン,タイセイアビオン,0.07963133547134146,0.07601606838890029,0.0036152670824411703,1.0475592484465963,3,37.269372693726936,37.269372693726936,0
2026-0711-10-02-05-03,4,5,タイセイアビオン,ソニックブーム,0.07601606838890029,0.05559125577748544,0.02042481261141485,1.367410527532766,4,78.52010099048358,78.52010099048358,0
2026-0711-10-02-05-03,5,6,ソニックブーム,ゴールドアベニュー,0.05559125577748544,0.0505456601916748,0.005045595585810643,1.099822528119668,5,44.82423771606137,44.82423771606137,0
2026-0711-10-02-05-03,6,7,ゴールドアベニュー,ビシェノ,0.0505456601916748,0.05053399391582553,1.1666275849267493e-05,1.000230859960697,6,9.846572149932026,9.846572149932026,0
2026-0711-10-02-05-03,7,8,ビシェノ,ワラビガミ,0.05053399391582553,0.0494279390708846,0.0011060548449409319,1.0223771184016945,7,20.13983297727714,20.13983297727714,0
2026-0711-10-02-05-03,8,9,ワラビガミ,フィエールシャンテ,0.0494279390708846,0.042672417708148155,0.0067555213627364455,1.1583111931679113,8,51.91299281413867,51.91299281413867,0
2026-0711-10-02-05-03,9,10,フィエールシャンテ,ハナコトバ,0.042672417708148155,0.030901752994378764,0.011770664713769391,1.3809060513787212,9,65.7797630607885,65.7797630607885,0
2026-0711-10-02-05-03,10,11,ハナコトバ,アメジストブリエ,0.030901752994378764,0.02246195539096246,0.008439797603416305,1.3757374394400252,10,57.66168187997669,57.66168187997669,0
2026-0711-10-02-05-03,11,12,アメジストブリエ,ワンダースアン,0.02246195539096246,0.02218718920451633,0.0002747661864461286,1.0123840015926937,11,12.837444163915324,12.837444163915324,0
2026-0711-10-02-05-03,12,13,ワンダースアン,フィニステーレ,0.02218718920451633,0.021530244574266687,0.0006569446302496437,1.0305126413210761,12,16.50805981744028,16.50805981744028,0
2026-0711-10-02-05-03,13,14,フィニステーレ,メイショウタカネ,0.021530244574266687,0.01912484366071737,0.002405400913549318,1.125773624936346,13,29.986405127209164,29.986405127209164,0
2026-0711-10-02-05-03,14,15,メイショウタカネ,マスアンジュ,0.01912484366071737,0.018125426368217342,0.0009994172925000266,1.0551389673377554,14,19.304719362983104,19.304719362983104,0
2026-0711-10-02-05-03,15,16,マスアンジュ,マコトエウロペ,0.018125426368217342,0.01702880577700948,0.0010966205912078635,1.0643979739723384,15,19.984463002524762,19.984463002524762,0
2026-0711-10-02-05-03,16,17,マコトエウロペ,メイショウバルキア,0.01702880577700948,0.008566449040219233,0.008462356736790246,1.9878488387731863,16,57.739366867352885,57.739366867352885,0
2026-0711-10-02-05-03,17,18,メイショウバルキア,ドントゥール,0.008566449040219233,0.006746989217366833,0.0018194598228523998,1.2696698874468464,17,25.36414837832589,25.36414837832589,0
2026-0711-10-02-05-04,1,2,ジョーカー,ゴールデンドラゴン,0.2722956257457424,0.20528950592625536,0.06700611981948704,1.3263981737262165,1,94.48436589629054,94.48436589629054,1
2026-0711-10-02-05-04,2,3,ゴールデンドラゴン,ワルトシュタイン,0.20528950592625536,0.08931645156439452,0.11597305436186084,2.298451207258807,2,98.34919401825597,98.34919401825597,1
2026-0711-10-02-05-04,3,4,ワルトシュタイン,アンリミテッド,0.08931645156439452,0.06658175404064096,0.022734697523753566,1.3414553709395594,3,80.48164692173238,80.48164692173238,0
2026-0711-10-02-05-04,4,5,アンリミテッド,ラッキーダイヤ,0.06658175404064096,0.06249966240257603,0.004082091638064923,1.0653138190054714,4,39.755292289765,39.755292289765,0
2026-0711-10-02-05-04,5,6,ラッキーダイヤ,タガノランパート,0.06249966240257603,0.05729616596534721,0.0052034964372288245,1.0908175328934908,5,45.56224509613517,45.56224509613517,0
2026-0711-10-02-05-04,6,7,タガノランパート,セイウンダイフク,0.05729616596534721,0.0459073391322666,0.01138882683308061,1.2480829219978864,6,65.02233443387065,65.02233443387065,0
2026-0711-10-02-05-04,7,8,セイウンダイフク,ショールミーズ,0.0459073391322666,0.04516263387322501,0.000744705259041592,1.016489411603673,7,17.26548844435813,17.26548844435813,0
2026-0711-10-02-05-04,8,9,ショールミーズ,アメリカンサクラ,0.04516263387322501,0.03576199024916423,0.009400643624060775,1.2628669030600295,8,60.244707710235005,60.244707710235005,0
2026-0711-10-02-05-04,9,10,アメリカンサクラ,メイショウマグナ,0.03576199024916423,0.028448487175032428,0.007313503074131804,1.2570788045471337,9,54.16585744804816,54.16585744804816,0
2026-0711-10-02-05-04,10,11,メイショウマグナ,カフジミモレット,0.028448487175032428,0.028294148963462287,0.00015433821157014027,1.0054547748288682,10,11.419693144299863,11.419693144299863,0
2026-0711-10-02-05-04,11,12,カフジミモレット,ベラジオヴァレル,0.028294148963462287,0.026372106639326324,0.0019220423241359634,1.072881637800971,11,26.218683239463974,26.218683239463974,0
2026-0711-10-02-05-04,12,13,ベラジオヴァレル,ミニュイ,0.026372106639326324,0.017208972954848165,0.009163133684478159,1.5324625536061809,12,59.623227811225476,59.623227811225476,0
2026-0711-10-02-05-04,13,14,ミニュイ,スナークホクサイ,0.017208972954848165,0.01683390586931183,0.0003750670855363347,1.0222804551984623,13,13.789085259273644,13.789085259273644,0
2026-0711-10-02-05-04,14,15,スナークホクサイ,サンライズハリー,0.01683390586931183,0.00963652238017311,0.007197383489138721,1.7468859828465866,14,53.64148378325888,53.64148378325888,0
2026-0711-10-02-05-04,15,16,サンライズハリー,ウォーターコトノハ,0.00963652238017311,0.009506536506456454,0.00012998587371665545,1.0136733155790623,15,11.108953194795106,11.108953194795106,0
2026-0711-10-02-05-05,1,2,フランソワーズ,ジーティーマローネ,0.0805685039518419,0.0805685039518419,0.0,1.0,1,9.671780928335599,9.671780928335599,0
2026-0711-10-02-05-05,2,3,ジーティーマローネ,ヴォルテックス,0.0805685039518419,0.0805685039518419,0.0,1.0,2,9.671780928335599,9.671780928335599,0
2026-0711-10-02-05-05,3,4,ヴォルテックス,ティエルニート,0.0805685039518419,0.0805685039518419,0.0,1.0,3,9.671780928335599,9.671780928335599,0
2026-0711-10-02-05-05,4,5,ティエルニート,イテルム,0.0805685039518419,0.0805685039518419,0.0,1.0,4,9.671780928335599,9.671780928335599,0
2026-0711-10-02-05-05,5,6,イテルム,ハルカカナタ,0.0805685039518419,0.0805685039518419,0.0,1.0,5,9.671780928335599,9.671780928335599,0
2026-0711-10-02-05-05,6,7,ハルカカナタ,ルクスグレイス,0.0805685039518419,0.0805685039518419,0.0,1.0,6,9.671780928335599,9.671780928335599,0
2026-0711-10-02-05-05,7,8,ルクスグレイス,ダヌラーサナ,0.0805685039518419,0.0805685039518419,0.0,1.0,7,9.671780928335599,9.671780928335599,0
2026-0711-10-02-05-05,8,9,ダヌラーサナ,アイオリスパルス,0.0805685039518419,0.0805685039518419,0.0,1.0,8,9.671780928335599,9.671780928335599,0
2026-0711-10-02-05-05,9,10,アイオリスパルス,クラリスバローズ,0.0805685039518419,0.0805685039518419,0.0,1.0,9,9.671780928335599,9.671780928335599,0
2026-0711-10-02-05-05,10,11,クラリスバローズ,ココフルール,0.0805685039518419,0.0805685039518419,0.0,1.0,10,9.671780928335599,9.671780928335599,0
2026-0711-10-02-05-05,11,12,ココフルール,フラッシングルビー,0.0805685039518419,0.0805685039518419,0.0,1.0,11,9.671780928335599,9.671780928335599,0
2026-0711-10-02-05-06,1,2,チュウワメロディー,ヒッグスボソン,0.30064422477364344,0.13602735911826533,0.16461686565537811,2.2101746789942194,1,99.57273256943095,99.57273256943095,1
2026-0711-10-02-05-06,2,3,ヒッグスボソン,ヒャクギマル,0.13602735911826533,0.08884785345542423,0.0471795056628411,1.5310145808588553,2,91.37696640124297,91.37696640124297,1
2026-0711-10-02-05-06,3,4,ヒャクギマル,スターアスコット,0.08884785345542423,0.0574182139987477,0.03142963945667653,1.5473810010419693,3,85.8224898038454,85.8224898038454,0
2026-0711-10-02-05-06,4,5,スターアスコット,オースミサイファー,0.0574182139987477,0.05565250622518534,0.0017657077735623583,1.031727372104642,4,24.917459700912797,24.917459700912797,0
2026-0711-10-02-05-06,5,6,オースミサイファー,レジーナテンペスタ,0.05565250622518534,0.05179375003390418,0.0038587561912811624,1.074502351900668,5,38.57059623227811,38.57059623227811,0
2026-0711-10-02-05-06,6,7,レジーナテンペスタ,メテオロイド,0.05179375003390418,0.0432132731334561,0.00858047690044808,1.1985611428680463,6,58.30258302583026,58.30258302583026,0
2026-0711-10-02-05-06,7,8,メテオロイド,リントゥラウル,0.0432132731334561,0.04034548521444376,0.002867787919012335,1.0710807641491857,7,32.95785589434841,32.95785589434841,0
2026-0711-10-02-05-06,8,9,リントゥラウル,リヴァイ,0.04034548521444376,0.034347296162586,0.005998189051857762,1.1746335147740539,8,48.7279083317149,48.7279083317149,0
2026-0711-10-02-05-06,9,10,リヴァイ,ディオレガーロ,0.034347296162586,0.03272014684123233,0.0016271493213536672,1.0497292793106665,9,23.79102738395805,23.79102738395805,0
2026-0711-10-02-05-06,10,11,ディオレガーロ,リメンバーシドニー,0.03272014684123233,0.02613979746852079,0.006580349372711541,1.2517368155065478,10,51.09730044668868,51.09730044668868,0
2026-0711-10-02-05-06,11,12,リメンバーシドニー,ヴェネラブル,0.02613979746852079,0.02474545473364874,0.001394342734872052,1.0563474282400651,11,22.392697611186637,22.392697611186637,0
2026-0711-10-02-05-06,12,13,ヴェネラブル,フーガカンタービレ,0.02474545473364874,0.014631800869543857,0.010113653864104882,1.6912104637205996,12,61.798407457758785,61.798407457758785,0
2026-0711-10-02-05-06,13,14,フーガカンタービレ,ビサイレント,0.014631800869543857,0.01197781132398351,0.0026539895455603476,1.2215755010471896,13,31.831423577393668,31.831423577393668,0
2026-0711-10-02-05-06,14,15,ビサイレント,アクアホワイト,0.01197781132398351,0.010358370186662602,0.0016194411373209074,1.1563413073811644,14,23.655078656049717,23.655078656049717,0
2026-0711-10-02-05-06,15,16,アクアホワイト,ウェイヨー,0.010358370186662602,0.009871184592432247,0.00048718559423035525,1.0493543190959935,15,14.779568848320062,14.779568848320062,0
2026-0711-10-02-05-06,16,17,ウェイヨー,ダイメイプリンス,0.009871184592432247,0.008575614272107334,0.0012955703203249135,1.1510760954511245,16,21.771217712177123,21.771217712177123,0
2026-0711-10-02-05-06,17,18,ダイメイプリンス,メイショウトッド,0.008575614272107334,0.0063746350866152645,0.0022009791854920692,1.3452714007290292,17,28.277335404932995,28.277335404932995,0
2026-0711-10-02-05-07,1,2,カラペルソナ,ルートサーティーン,0.219314678986483,0.20191757877659636,0.017397100209886635,1.0861594137335362,1,75.06311905224315,75.06311905224315,0
2026-0711-10-02-05-07,2,3,ルートサーティーン,カレントゥルーシー,0.20191757877659636,0.1781106074047555,0.023806971371840846,1.1336639727343112,2,81.21965430180617,81.21965430180617,0
2026-0711-10-02-05-07,3,4,カレントゥルーシー,ウインラウダ,0.1781106074047555,0.09684621595520024,0.08126439144955527,1.839107554673557,3,96.2322781122548,96.2322781122548,1
2026-0711-10-02-05-07,4,5,ウインラウダ,サントルドパリ,0.09684621595520024,0.07995955748456111,0.016886658470639124,1.2111899940654332,4,74.3833754127015,74.3833754127015,0
2026-0711-10-02-05-07,5,6,サントルドパリ,エイシンビーコン,0.07995955748456111,0.07479685471443999,0.005162702770121125,1.0690229928762558,5,45.368032627694696,45.368032627694696,0
2026-0711-10-02-05-07,6,7,エイシンビーコン,トップオブザライン,0.07479685471443999,0.06745845972460073,0.007338394989839264,1.1087839096800947,6,54.262963682268406,54.262963682268406,0
2026-0711-10-02-05-07,7,8,トップオブザライン,メイショウアボット,0.06745845972460073,0.05567532984293269,0.011783129881668034,1.2116400552077513,7,65.79918430763256,65.79918430763256,0
2026-0711-10-02-05-07,8,9,メイショウアボット,トモジャプレジール,0.05567532984293269,0.05058813780884286,0.0050871920340898324,1.100560966551344,8,45.018450184501845,45.018450184501845,0
2026-0711-10-02-05-07,9,10,トモジャプレジール,ハレアカラフラ,0.05058813780884286,0.03903188188519164,0.01155625592365122,1.2960722200800563,9,65.31365313653137,65.31365313653137,0
2026-0711-10-02-05-07,10,11,ハレアカラフラ,ゼットエイト,0.03903188188519164,0.029127737642455666,0.009904144242735974,1.3400244936393553,10,61.429403767721894,61.429403767721894,0
2026-0711-10-02-05-07,11,12,ゼットエイト,トラストエムシー,0.029127737642455666,0.022742162217935263,0.0063855754245204024,1.2807813682502236,11,50.301029326082734,50.301029326082734,0
2026-0711-10-02-05-08,1,2,ジョアン,オヤツノジカン,0.2273798038848095,0.11799391568208567,0.10938588820272382,1.9270468529703286,1,98.05787531559527,98.05787531559527,1
2026-0711-10-02-05-08,2,3,オヤツノジカン,シエーナカラー,0.11799391568208567,0.11686291654590275,0.0011309991361829197,1.009677998544035,2,20.35346669256166,20.35346669256166,0
2026-0711-10-02-05-08,3,4,シエーナカラー,エイコーンドリーム,0.11686291654590275,0.08587896379071318,0.030983952755189573,1.3607862902339785,3,85.62827733540493,85.62827733540493,0
2026-0711-10-02-05-08,4,5,エイコーンドリーム,ベルメサイア,0.08587896379071318,0.08086238187125364,0.005016581919459542,1.0620385128828727,4,44.70771023499709,44.70771023499709,0
2026-0711-10-02-05-08,5,6,ベルメサイア,アンリーベイビー,0.08086238187125364,0.0793651662167978,0.001497215654455833,1.01886489660169,5,22.917071275975918,22.917071275975918,0
2026-0711-10-02-05-08,6,7,アンリーベイビー,オブシディアーナ,0.0793651662167978,0.03312258916724272,0.04624257704955508,2.3961039342687513,6,91.12449019227034,91.12449019227034,1
2026-0711-10-02-05-08,7,8,オブシディアーナ,マヴィ,0.03312258916724272,0.03254378155298825,0.0005788076142544674,1.0177855057597422,7,15.711788696834336,15.711788696834336,0
2026-0711-10-02-05-08,8,9,マヴィ,ラグナトーレ,0.03254378155298825,0.010379167401721541,0.022164614151266714,3.135490573896166,8,79.9572732569431,79.9572732569431,0
2026-0711-10-02-05-08,9,10,ラグナトーレ,フェミナンジェンヌ,0.010379167401721541,0.010080956866578863,0.0002982105351426786,1.029581570389546,9,13.109341619731987,13.109341619731987,0
2026-0711-10-02-05-08,10,11,フェミナンジェンヌ,オーケーエンジェル,0.010080956866578863,0.009771586865605936,0.0003093700009729264,1.0316601597292092,10,13.245290347640317,13.245290347640317,0
2026-0711-10-02-05-09,1,2,タガノアルトゥーラ,ダノンテムズ,0.2001834882649958,0.17191919677728576,0.028264291487710036,1.1644045110583274,1,83.9774713536609,83.9774713536609,0
2026-0711-10-02-05-09,2,3,ダノンテムズ,バリオス,0.17191919677728576,0.09851572986347375,0.07340346691381201,1.7450938750140397,2,95.37774325111673,95.37774325111673,1
2026-0711-10-02-05-09,3,4,バリオス,ウインリュクス,0.09851572986347375,0.09161122389358647,0.006904505969887273,1.0753674678324066,3,52.49563021946009,52.49563021946009,0
2026-0711-10-02-05-09,4,5,ウインリュクス,ジュンライデン,0.09161122389358647,0.0644269697780023,0.027184254115584172,1.4219390452360816,4,83.45309768887162,83.45309768887162,0
2026-0711-10-02-05-09,5,6,ジュンライデン,フリーガー,0.0644269697780023,0.06119127761588523,0.003235692162117075,1.05287832331968,5,35.113614294037674,35.113614294037674,0
2026-0711-10-02-05-09,6,7,フリーガー,レッドヴァリアート,0.06119127761588523,0.05366002959943161,0.007531248016453614,1.1403511714897263,6,54.70965235968149,54.70965235968149,0
2026-0711-10-02-05-09,7,8,レッドヴァリアート,カレンラップスター,0.05366002959943161,0.036761464116993985,0.01689856548243763,1.4596815140076482,7,74.40279665954554,74.40279665954554,0
2026-0711-10-02-05-09,8,9,カレンラップスター,ミッドタウンナイト,0.036761464116993985,0.03149350866207594,0.0052679554549180455,1.1672711513805272,8,45.75645756457565,45.75645756457565,0
2026-0711-10-02-05-09,9,10,ミッドタウンナイト,ヴェストラン,0.03149350866207594,0.02216773875638746,0.00932576990568848,1.4206910776139192,9,59.914546513886194,59.914546513886194,0
2026-0711-10-02-05-09,10,11,ヴェストラン,ダノンアンチュラス,0.02216773875638746,0.01731628107316193,0.004851457683225528,1.2801674137032044,10,43.892017867547096,43.892017867547096,0
2026-0711-10-02-05-10,1,2,メローネ,ホーリーブラッサム,0.11952915471622416,0.10865614748293644,0.010873007233287726,1.100068035589015,1,63.75995338900757,63.75995338900757,0
2026-0711-10-02-05-10,2,3,ホーリーブラッサム,サディーク,0.10865614748293644,0.09509866539029146,0.01355748209264497,1.1425622750540623,2,69.31442998640513,69.31442998640513,0
2026-0711-10-02-05-10,3,4,サディーク,インブロリオ,0.09509866539029146,0.0926014821551199,0.002497183235171563,1.0269669899126284,3,30.607885026218685,30.607885026218685,0
2026-0711-10-02-05-10,4,5,インブロリオ,スネーフリンガ,0.0926014821551199,0.08772440386020165,0.0048770782949182495,1.055595456683757,4,44.06680908914352,44.06680908914352,0
2026-0711-10-02-05-10,5,6,スネーフリンガ,タナスーペルノーバ,0.08772440386020165,0.07786108015409815,0.009863323706103502,1.1266784854073766,5,61.312876286657605,61.312876286657605,0
2026-0711-10-02-05-10,6,7,タナスーペルノーバ,オオナミコナミ,0.07786108015409815,0.06299790715409741,0.014863173000000743,1.2359312185346785,6,71.0623422023694,71.0623422023694,0
2026-0711-10-02-05-10,7,8,オオナミコナミ,フォティック,0.06299790715409741,0.05792779397490916,0.005070113179188249,1.0875247067303186,7,44.960186443969704,44.960186443969704,0
2026-0711-10-02-05-10,8,9,フォティック,シュブロンレーヴル,0.05792779397490916,0.047188998998006326,0.010738794976902832,1.2275698829160697,8,63.2355797242183,63.2355797242183,0
2026-0711-10-02-05-10,9,10,シュブロンレーヴル,ユメシバイ,0.047188998998006326,0.046849910754714626,0.00033908824329170056,1.0072377564402848,9,13.478345309768889,13.478345309768889,0
2026-0711-10-02-05-10,10,11,ユメシバイ,ハルオーブ,0.046849910754714626,0.04000257564310502,0.0068473351116096065,1.1711723558177893,10,52.30141775101962,52.30141775101962,0
2026-0711-10-02-05-10,11,12,ハルオーブ,ブルボンクイーン,0.04000257564310502,0.03557430281995865,0.0044282728231463675,1.1244795392212696,11,41.677995727325694,41.677995727325694,0
2026-0711-10-02-05-10,12,13,ブルボンクイーン,ルージュサウダージ,0.03557430281995865,0.03171315234441157,0.0038611504755470816,1.1217523390173947,12,38.60943872596621,38.60943872596621,0
2026-0711-10-02-05-10,13,14,ルージュサウダージ,ミキノバカラ,0.03171315234441157,0.030598090067222302,0.001115062277189268,1.0364422182802762,13,20.256360458341423,20.256360458341423,0
2026-0711-10-02-05-10,14,15,ミキノバカラ,ニホンピロトッティ,0.030598090067222302,0.03017070972165927,0.0004273803455630311,1.014165405769564,14,14.27461643037483,14.27461643037483,0
2026-0711-10-02-05-10,15,16,ニホンピロトッティ,ファイツオン,0.03017070972165927,0.019645089175092435,0.010525620546566836,1.5357888911958737,15,62.672363565740916,62.672363565740916,0
2026-0711-10-02-05-10,16,17,ファイツオン,ライクアフラワー,0.019645089175092435,0.018931796762601334,0.0007132924124911011,1.0376769527708098,16,17.01301223538551,17.01301223538551,0
2026-0711-10-02-05-10,17,18,ライクアフラワー,サンライズプルート,0.018931796762601334,0.012603115232785024,0.00632868152981631,1.5021521594401708,17,50.00971062342202,50.00971062342202,0
2026-0711-10-02-05-11,1,2,アメリカンビキニ,ベルギューン,0.11161209841982421,0.10895595840216937,0.002656140017654837,1.0243781070499212,1,31.85084482423772,31.85084482423772,0
2026-0711-10-02-05-11,2,3,ベルギューン,ハヤテノツバサ,0.10895595840216937,0.10034802803107207,0.008607930371097305,1.0857807626118166,2,58.38026801320645,58.38026801320645,0
2026-0711-10-02-05-11,3,4,ハヤテノツバサ,スノーサイレンス,0.10034802803107207,0.08411370758771948,0.016234320443352587,1.1930044568113032,3,73.25694309574675,73.25694309574675,0
2026-0711-10-02-05-11,4,5,スノーサイレンス,メイショウキルギス,0.08411370758771948,0.08235041910220094,0.0017632884855185438,1.0214120159283004,4,24.898038454068754,24.898038454068754,0
2026-0711-10-02-05-11,5,6,メイショウキルギス,イマージョン,0.08235041910220094,0.07507005333249482,0.007280365769706115,1.0969809590711286,5,54.02990872013983,54.02990872013983,0
2026-0711-10-02-05-11,6,7,イマージョン,ヴェロクオーレ,0.07507005333249482,0.07376544902336171,0.0013046043091331089,1.0176858451538733,6,21.868323946397357,21.868323946397357,0
2026-0711-10-02-05-11,7,8,ヴェロクオーレ,ペイシャヴァルツー,0.07376544902336171,0.07087737176732879,0.00288807725603292,1.0407475218679623,7,33.054962128568654,33.054962128568654,0
2026-0711-10-02-05-11,8,9,ペイシャヴァルツー,クーデール,0.07087737176732879,0.052171556381459976,0.018705815385868817,1.358544323445107,8,76.57797630607885,76.57797630607885,0
2026-0711-10-02-05-11,9,10,クーデール,ジャーヴィス,0.052171556381459976,0.027065002514711587,0.02510655386674839,1.927639073859363,9,82.2101378908526,82.2101378908526,0
2026-0711-10-02-05-11,10,11,ジャーヴィス,ポッドソル,0.027065002514711587,0.008782410979756421,0.018282591534955164,3.0817280786673265,10,76.13128762866576,76.13128762866576,0
2026-0711-10-02-05-12,1,2,ムーンリットアイル,ダノンプリマ,0.2684579965197124,0.20305033417171797,0.06540766234799444,1.3221253617473967,1,94.27073218100603,94.27073218100603,1
2026-0711-10-02-05-12,2,3,ダノンプリマ,タイガーロード,0.20305033417171797,0.11036957744814892,0.09268075672356905,1.839731009816632,2,97.10623422023694,97.10623422023694,1
2026-0711-10-02-05-12,3,4,タイガーロード,ジャンヌローサ,0.11036957744814892,0.10602561631973072,0.0043439611284182,1.04097086420435,3,41.32841328413284,41.32841328413284,0
2026-0711-10-02-05-12,4,5,ジャンヌローサ,ダイアナクイーン,0.10602561631973072,0.09498601138734461,0.011039604932386107,1.1162234814489427,4,64.18722081957662,64.18722081957662,0
2026-0711-10-02-05-12,5,6,ダイアナクイーン,ネネキリマル,0.09498601138734461,0.08561736446678399,0.009368646920560622,1.1094246123891758,5,60.05049524179452,60.05049524179452,0
2026-0711-10-02-05-12,6,7,ネネキリマル,マーシーラン,0.08561736446678399,0.07010100831821711,0.015516356148566876,1.221342838296017,6,72.14993202563605,72.14993202563605,0
2026-0711-10-02-05-12,7,8,マーシーラン,ミトノリン,0.07010100831821711,0.04048314209179555,0.02961786622642156,1.7316098676150935,7,84.90969120217517,84.90969120217517,0
2026-0711-10-02-05-12,8,9,ミトノリン,セクシーマージュ,0.04048314209179555,0.03930555422490177,0.0011775878668937798,1.0299598336702176,8,20.800155369974753,20.800155369974753,0
2026-0711-10-02-05-12,9,10,セクシーマージュ,レインオンミー,0.03930555422490177,0.03478407725820403,0.004521476966697739,1.1299869745899704,9,42.260633132647115,42.260633132647115,0
2026-0711-10-02-05-12,10,11,レインオンミー,メイショウハボマイ,0.03478407725820403,0.026762810636786365,0.008021266621417666,1.2997168993301538,10,56.20508836667314,56.20508836667314,0
2026-0711-10-02-05-12,11,12,メイショウハボマイ,ペルフェツィオーネ,0.026762810636786365,0.02199551388614492,0.0047672967506414456,1.2167395031240615,11,43.46475043697806,43.46475043697806,0
2026-0711-10-02-05-12,12,13,ペルフェツィオーネ,テーオーミリカン,0.02199551388614492,0.021826228383821724,0.00016928550232319511,1.0077560584149607,12,11.67216935327248,11.67216935327248,0
2026-0711-10-02-05-12,13,14,テーオーミリカン,パレットフレイバー,0.021826228383821724,0.017180814871345478,0.0046454135124762465,1.2703837709248567,13,42.86269178481258,42.86269178481258,0
2026-0711-10-02-05-12,14,15,パレットフレイバー,シヴァールバーニ,0.017180814871345478,0.015865042347148674,0.0013157725241968038,1.0829353301053923,14,21.907166440085454,21.907166440085454,0
2026-0711-10-02-05-12,15,16,シヴァールバーニ,アスクザアメリカン,0.015865042347148674,0.00936168827291027,0.006503354074238403,1.6946774860104057,15,50.76713925033987,50.76713925033987,0
2026-0712-02-01-10-01,1,2,スイーヴル,ビタミンドロップ,0.2711067408317127,0.25529228735141074,0.01581445348030197,1.0619464600531912,1,72.65488444358128,72.65488444358128,0
2026-0712-02-01-10-01,2,3,ビタミンドロップ,マーゴットオネイロ,0.25529228735141074,0.19351823185695016,0.06177405549446058,1.3192156878537642,2,93.84346475043698,93.84346475043698,1
2026-0712-02-01-10-01,3,4,マーゴットオネイロ,サンライズロイ,0.19351823185695016,0.11803989188291393,0.07547833997403623,1.6394307786125784,3,95.63021946008934,95.63021946008934,1
2026-0712-02-01-10-01,4,5,サンライズロイ,ホワイトラバーズ,0.11803989188291393,0.061483397198584464,0.05655649468432947,1.91986613071588,4,93.06661487667508,93.06661487667508,1
2026-0712-02-01-10-01,5,6,ホワイトラバーズ,スプリングドリーム,0.061483397198584464,0.054889591964185254,0.00659380523439921,1.1201285161438543,5,51.174985434064865,51.174985434064865,0
2026-0712-02-01-10-01,6,7,スプリングドリーム,ヒューザー,0.054889591964185254,0.04765565822160616,0.007233933742579093,1.1517959044640655,6,53.77743251116722,53.77743251116722,0
2026-0712-02-01-10-01,7,8,ヒューザー,アジーザム,0.04765565822160616,0.038492098424608746,0.009163559796997414,1.2380633992959702,7,59.64264905806953,59.64264905806953,0
2026-0712-02-01-10-01,8,9,アジーザム,ホウオウワイズ,0.038492098424608746,0.03737047898951826,0.0011216194350904887,1.0300135150904832,8,20.275781705185473,20.275781705185473,0
2026-0712-02-01-10-01,9,10,ホウオウワイズ,クリコイーコ,0.03737047898951826,0.031041414970086705,0.006329064019431552,1.2038909639116195,9,50.02913187026608,50.02913187026608,0
2026-0712-02-01-10-01,10,11,クリコイーコ,ニシノギャルズ,0.031041414970086705,0.023726997255854226,0.007314417714232479,1.3082740574106053,10,54.18527869489221,54.18527869489221,0
2026-0712-02-01-10-01,11,12,ニシノギャルズ,トリアングルレディ,0.023726997255854226,0.017239684807524053,0.006487312448330174,1.376301105313646,11,50.72829675665178,50.72829675665178,0
2026-0712-02-01-10-02,1,2,ベネディクション,エアヴァイブス,0.13382300183949125,0.11709025972289573,0.01673274211659552,1.142904646007234,1,74.15032045057292,74.15032045057292,0
2026-0712-02-01-10-02,2,3,エアヴァイブス,ボーントゥラブユー,0.11709025972289573,0.09966849000004958,0.017421769722846148,1.17479716731775,2,75.10196154593125,75.10196154593125,0
2026-0712-02-01-10-02,3,4,ボーントゥラブユー,アルケミラモリス,0.09966849000004958,0.08788216061168813,0.011786329388361452,1.1341151526808717,3,65.83802680132065,65.83802680132065,0
2026-0712-02-01-10-02,4,5,アルケミラモリス,サウンドファミリエ,0.08788216061168813,0.054151322380818705,0.03373083823086943,1.622899621797924,4,86.65760341813944,86.65760341813944,0
2026-0712-02-01-10-02,5,6,サウンドファミリエ,ダンツアラーム,0.054151322380818705,0.05270794974107551,0.0014433726397431942,1.0273843442371344,5,22.645173820159254,22.645173820159254,0
2026-0712-02-01-10-02,6,7,ダンツアラーム,フィエスタ,0.05270794974107551,0.04317912706207104,0.00952882267900447,1.220681225567774,6,60.65255389395999,60.65255389395999,0
2026-0712-02-01-10-02,7,8,フィエスタ,ビアーレ,0.04317912706207104,0.029136040501244027,0.014043086560827013,1.4819833552959063,7,70.03301611963488,70.03301611963488,0
2026-0712-02-01-10-02,8,9,ビアーレ,ワンダージェム,0.029136040501244027,0.017316254366334997,0.01181978613490903,1.6825833049604653,8,65.87686929500875,65.87686929500875,0
2026-0712-02-01-10-02,9,10,ワンダージェム,ヴィンテール,0.017316254366334997,0.016403827318899965,0.000912427047435032,1.0556228147064046,9,18.605554476597398,18.605554476597398,0
2026-0712-02-01-10-02,10,11,ヴィンテール,アーミル,0.016403827318899965,0.015745606560585677,0.0006582207583142874,1.0418034551912367,10,16.527481064284327,16.527481064284327,0
2026-0712-02-01-10-02,11,12,アーミル,スリールーディカ,0.015745606560585677,0.012353251273669501,0.0033923552869161763,1.2746123438893253,11,36.08467663624005,36.08467663624005,0
2026-0712-02-01-10-02,12,13,スリールーディカ,プリュイドール,0.012353251273669501,0.010069834796253783,0.002283416477415718,1.2267580872593067,12,28.957079044474654,28.957079044474654,0
2026-0712-02-01-10-03,1,2,ビンバラ,ホウオウロレンシア,0.2425083230443358,0.14498850767018637,0.09751981537414944,1.672603759713034,1,97.41697416974169,97.41697416974169,1
2026-0712-02-01-10-03,2,3,ホウオウロレンシア,ハイテイラオユエ,0.14498850767018637,0.053194013616699155,0.09179449405348722,2.7256545955515232,2,97.02854923286075,97.02854923286075,1
2026-0712-02-01-10-03,3,4,ハイテイラオユエ,コサージュ,0.053194013616699155,0.04922635571942879,0.0039676578972703685,1.0806002768087177,3,39.23091862497572,39.23091862497572,0
2026-0712-02-01-10-03,4,5,コサージュ,ジャストアダッシュ,0.04922635571942879,0.04647957325791678,0.0027467824615120054,1.0590965507852237,4,32.452903476403186,32.452903476403186,0
2026-0712-02-01-10-03,5,6,ジャストアダッシュ,スリーケイ,0.04647957325791678,0.0398948811546939,0.006584692103222885,1.165051051980591,5,51.11672169353273,51.11672169353273,0
2026-0712-02-01-10-03,6,7,スリーケイ,コーリンクレア,0.0398948811546939,0.037411458445875144,0.0024834227088187527,1.0663813390865697,6,30.471936298310354,30.471936298310354,0
2026-0712-02-01-10-03,7,8,コーリンクレア,ロスニーニョス,0.037411458445875144,0.03288797791114447,0.004523480534730673,1.1375420692312566,7,42.28005437949116,42.28005437949116,0
2026-0712-02-01-10-03,8,9,ロスニーニョス,サクセスゴールド,0.03288797791114447,0.025094674083125337,0.007793303828019134,1.3105560886028667,8,55.641872208195764,55.641872208195764,0
2026-0712-02-01-10-03,9,10,サクセスゴールド,セラサイト,0.025094674083125337,0.02341324297836126,0.0016814311047640765,1.0718153869721538,9,24.198873567683048,24.198873567683048,0
2026-0712-02-01-10-03,10,11,セラサイト,エクラドット,0.02341324297836126,0.023260574462422204,0.000152668515939057,1.0065634026444916,10,11.400271897455818,11.400271897455818,0
2026-0712-02-01-10-03,11,12,エクラドット,アドバンスジェンヌ,0.023260574462422204,0.01886927737292926,0.004391297089492943,1.2327220593933768,11,41.444940765197124,41.444940765197124,0
2026-0712-02-01-10-03,12,13,アドバンスジェンヌ,ファントムグレース,0.01886927737292926,0.016925559587977347,0.0019437177849519136,1.1148392036817847,12,26.31578947368421,26.31578947368421,0
2026-0712-02-01-10-03,13,14,ファントムグレース,ゴーントゥファー,0.016925559587977347,0.01025410585892892,0.006671453729048427,1.6506129174821378,13,51.60225286463391,51.60225286463391,0
2026-0712-02-01-10-04,1,2,ヴィラジョヴィス,タケルフォーカス,0.20657879733516454,0.14996379135283985,0.05661500598232469,1.37752450422595,1,93.08603612351914,93.08603612351914,1
2026-0712-02-01-10-04,2,3,タケルフォーカス,ハルノアメ,0.14996379135283985,0.12191132017384869,0.028052471178991165,1.2301055483525862,2,83.93862885997281,83.93862885997281,0
2026-0712-02-01-10-04,3,4,ハルノアメ,ダディーズソード,0.12191132017384869,0.059145865723758954,0.06276545445008974,2.0611976624576953,3,93.97941347834531,93.97941347834531,1
2026-0712-02-01-10-04,4,5,ダディーズソード,マジックファイヤー,0.059145865723758954,0.04955934395907247,0.009586521764686481,1.1934352031092927,4,60.76908137502428,60.76908137502428,0
2026-0712-02-01-10-04,5,6,マジックファイヤー,テンバコウクウ,0.04955934395907247,0.033905082829728435,0.015654261129344038,1.4617083877352504,5,72.38298698776462,72.38298698776462,0
2026-0712-02-01-10-04,6,7,テンバコウクウ,ラッキーシグネチャ,0.033905082829728435,0.030929214832531304,0.0029758679971971305,1.0962154394578136,6,33.52107205282579,33.52107205282579,0
2026-0712-02-01-10-04,7,8,ラッキーシグネチャ,デイズインザサン,0.030929214832531304,0.02702994457895585,0.0038992702535754556,1.1442574268765326,7,38.82307244125073,38.82307244125073,0
2026-0712-02-01-10-04,8,9,デイズインザサン,アグアフレスカ,0.02702994457895585,0.02224766069862659,0.004782283880329259,1.2149567069145604,8,43.56185667119829,43.56185667119829,0
2026-0712-02-01-10-04,9,10,アグアフレスカ,レジーナレガリア,0.02224766069862659,0.022007868024559188,0.00023979267406740168,1.010895770267243,9,12.410176733346281,12.410176733346281,0
2026-0712-02-01-10-04,10,11,レジーナレガリア,ウインブリザード,0.022007868024559188,0.018260704075012475,0.0037471639495467134,1.2052036950028804,10,37.929695086424545,37.929695086424545,0
2026-0712-02-01-10-04,11,12,ウインブリザード,ダイナソーコー,0.018260704075012475,0.017911798616737425,0.0003489054582750499,1.0194790855871403,11,13.51718780345698,13.51718780345698,0
2026-0712-02-01-10-04,12,13,ダイナソーコー,レフィノス,0.017911798616737425,0.0163034363755569,0.0016083622411805255,1.0986517323177265,12,23.596814915517577,23.596814915517577,0
2026-0712-02-01-10-04,13,14,レフィノス,モヴシエラ,0.0163034363755569,0.015154361691382692,0.0011490746841742068,1.0758246838484535,13,20.567100407846183,20.567100407846183,0
2026-0712-02-01-10-04,14,15,モヴシエラ,ブリックアブラック,0.015154361691382692,0.01186506867461702,0.0032892930167656726,1.2772249455076874,14,35.52146047776267,35.52146047776267,0
2026-0712-02-01-10-04,15,16,ブリックアブラック,ミカレオス,0.01186506867461702,0.008607377822768124,0.003257690851848896,1.3784765719510643,15,35.26898426879006,35.26898426879006,0
2026-0712-02-01-10-05,1,2,ジオ,トルネードサンダー,0.09856933364776119,0.09856933364776119,0.0,1.0,1,9.671780928335599,9.671780928335599,0
2026-0712-02-01-10-05,2,3,トルネードサンダー,リラカリス,0.09856933364776119,0.09856933364776119,0.0,1.0,2,9.671780928335599,9.671780928335599,0
2026-0712-02-01-10-05,3,4,リラカリス,デアグランツ,0.09856933364776119,0.09856933364776119,0.0,1.0,3,9.671780928335599,9.671780928335599,0
2026-0712-02-01-10-05,4,5,デアグランツ,イッペイ,0.09856933364776119,0.09856933364776119,0.0,1.0,4,9.671780928335599,9.671780928335599,0
2026-0712-02-01-10-05,5,6,イッペイ,アオイノリプー,0.09856933364776119,0.09856933364776119,0.0,1.0,5,9.671780928335599,9.671780928335599,0
2026-0712-02-01-10-05,6,7,アオイノリプー,アルデシンザン,0.09856933364776119,0.09856933364776119,0.0,1.0,6,9.671780928335599,9.671780928335599,0
2026-0712-02-01-10-05,7,8,アルデシンザン,ニーナラルゴ,0.09856933364776119,0.09856933364776119,0.0,1.0,7,9.671780928335599,9.671780928335599,0
2026-0712-02-01-10-05,8,9,ニーナラルゴ,トムクリオーザ,0.09856933364776119,0.09856933364776119,0.0,1.0,8,9.671780928335599,9.671780928335599,0
2026-0712-02-01-10-05,9,10,トムクリオーザ,ブラッグス,0.09856933364776119,0.09856933364776119,0.0,1.0,9,9.671780928335599,9.671780928335599,0
2026-0712-02-01-10-06,1,2,ルージュフィーリア,サトノフレイ,0.20965133125716637,0.1522430495485321,0.05740828170863427,1.3770831041474483,1,93.3190910856477,93.3190910856477,1
2026-0712-02-01-10-06,2,3,サトノフレイ,ミルトメロディー,0.1522430495485321,0.1047625879256791,0.04748046162285301,1.4532196327236275,2,91.43523014177511,91.43523014177511,1
2026-0712-02-01-10-06,3,4,ミルトメロディー,ドラリズム,0.1047625879256791,0.09487290609818289,0.009889681827496208,1.1042413712642205,3,61.37114002718974,61.37114002718974,0
2026-0712-02-01-10-06,4,5,ドラリズム,マティンデ,0.09487290609818289,0.08891334890020962,0.005959557197973267,1.0670265744310439,4,48.650223344338706,48.650223344338706,0
2026-0712-02-01-10-06,5,6,マティンデ,フォルストランキル,0.08891334890020962,0.06906707835768626,0.01984627054252336,1.2873477641510043,5,77.84035735094193,77.84035735094193,0
2026-0712-02-01-10-06,6,7,フォルストランキル,ミレニアルピンク,0.06906707835768626,0.059159521996494706,0.009907556361191554,1.1674718798738535,6,61.448825014565934,61.448825014565934,0
2026-0712-02-01-10-06,7,8,ミレニアルピンク,ルーチェコメット,0.059159521996494706,0.04889560837882735,0.010263913617667354,1.2099148360757856,7,62.0508836667314,62.0508836667314,0
2026-0712-02-01-10-06,8,9,ルーチェコメット,ハネマン,0.04889560837882735,0.034038290359932236,0.014857318018895116,1.4364883741747567,8,71.04292095552535,71.04292095552535,0
2026-0712-02-01-10-06,9,10,ハネマン,フォークスアップ,0.034038290359932236,0.03214223127695817,0.0018960590829740637,1.058989653413803,9,25.966207030491358,25.966207030491358,0
2026-0712-02-01-10-06,10,11,フォークスアップ,ハナイロマヒナ,0.03214223127695817,0.025503505481917623,0.006638725795040549,1.2603064037509475,10,51.369197902505334,51.369197902505334,0
2026-0712-02-01-10-06,11,12,ハナイロマヒナ,ワイドアルバ,0.025503505481917623,0.01697883382558761,0.008524671656330012,1.5020763936969026,11,58.06952806370169,58.06952806370169,0
2026-0712-02-01-10-06,12,13,ワイドアルバ,ビップジョワ,0.01697883382558761,0.014215845741948344,0.0027629880836392666,1.1943597400952515,12,32.51116721693533,32.51116721693533,0
2026-0712-02-01-10-06,13,14,ビップジョワ,ノーブルマドンナ,0.014215845741948344,0.011789730206173691,0.0024261155357746533,1.2057821081015254,13,30.083511361429405,30.083511361429405,0
2026-0712-02-01-10-06,14,15,ノーブルマドンナ,ソルトバーン,0.011789730206173691,0.009302939348326386,0.0024867908578473045,1.2673123799624344,14,30.53020003884249,30.53020003884249,0
2026-0712-02-01-10-06,15,16,ソルトバーン,ネオシューマン,0.009302939348326386,0.00711874127081351,0.0021841980775128764,1.306823635586811,15,28.160807923868713,28.160807923868713,0
2026-0712-02-01-10-07,1,2,コイタマチャン,マリブサーフ,0.23078423609320017,0.16039046902889906,0.07039376706430112,1.4388899632908836,1,94.89221208001554,94.89221208001554,1
2026-0712-02-01-10-07,2,3,マリブサーフ,アリストクラシア,0.16039046902889906,0.1386463655112737,0.021744103517625346,1.1568313993478414,2,79.5882695669062,79.5882695669062,0
2026-0712-02-01-10-07,3,4,アリストクラシア,ヒミノエトワール,0.1386463655112737,0.11773337176592104,0.020912993745352673,1.1776301267148974,3,78.94736842105263,78.94736842105263,0
2026-0712-02-01-10-07,4,5,ヒミノエトワール,デルマサクラサク,0.11773337176592104,0.10494556153886246,0.012787810227058577,1.1218518443233363,4,68.01320644785396,68.01320644785396,0
2026-0712-02-01-10-07,5,6,デルマサクラサク,バシリス,0.10494556153886246,0.06640872111400804,0.03853684042485442,1.5802978852535918,5,88.65799184307632,88.65799184307632,0
2026-0712-02-01-10-07,6,7,バシリス,ウィンターガーデン,0.06640872111400804,0.04724596905000269,0.019162752064005355,1.4055954920455647,6,77.14119246455623,77.14119246455623,0
2026-0712-02-01-10-07,7,8,ウィンターガーデン,サウンドルーチェ,0.04724596905000269,0.044062872311016084,0.0031830967389866044,1.0722398829681106,7,34.72518935715673,34.72518935715673,0
2026-0712-02-01-10-07,8,9,サウンドルーチェ,リピース,0.044062872311016084,0.04201252531113139,0.0020503469998846904,1.0488032315291802,8,27.267430569042535,27.267430569042535,0
2026-0712-02-01-10-08,1,2,ダイシンレアレア,ハイドパーク,0.11287247371282023,0.09302011148128919,0.019852362231531043,1.213420107924987,1,77.85977859778598,77.85977859778598,0
2026-0712-02-01-10-08,2,3,ハイドパーク,シーリュウシー,0.09302011148128919,0.0742803134868324,0.018739797994456797,1.2522848533451436,2,76.65566129345504,76.65566129345504,0
2026-0712-02-01-10-08,3,4,シーリュウシー,ディースプレマシー,0.0742803134868324,0.0723606562073578,0.0019196572794745875,1.0265290197752435,3,26.179840745775877,26.179840745775877,0
2026-0712-02-01-10-08,4,5,ディースプレマシー,ステイアンビシャス,0.0723606562073578,0.06428523778723569,0.008075418420122119,1.1256185509782084,4,56.39930083511362,56.39930083511362,0
2026-0712-02-01-10-08,5,6,ステイアンビシャス,ミスターエメラルド,0.06428523778723569,0.05230872961173903,0.011976508175496656,1.2289581158707572,5,66.26529423188968,66.26529423188968,0
2026-0712-02-01-10-08,6,7,ミスターエメラルド,シャローファースト,0.05230872961173903,0.04838905654224432,0.003919673069494714,1.081003295984347,6,38.99786366284715,38.99786366284715,0
2026-0712-02-01-10-08,7,8,シャローファースト,サトノリアン,0.04838905654224432,0.04757200023928089,0.0008170563029634287,1.0171751513254381,7,17.945232083899786,17.945232083899786,0
2026-0712-02-01-10-08,8,9,サトノリアン,ブレイクザアイス,0.04757200023928089,0.02656827514090593,0.02100372509837496,1.7905565937939458,8,79.00563216158477,79.00563216158477,0
2026-0712-02-01-10-08,9,10,ブレイクザアイス,カージオイド,0.02656827514090593,0.01689302884118786,0.009675246299718072,1.5727360315710999,9,60.90503010293261,60.90503010293261,0
2026-0712-02-01-10-08,10,11,カージオイド,シドニーホバート,0.01689302884118786,0.013160179774203988,0.0037328490669838715,1.2836472701004313,10,37.852010099048364,37.852010099048364,0
2026-0712-02-01-10-09,1,2,コッツォリーノ,ラブリーリディア,0.21001870507367884,0.15840780541239285,0.051610899661285986,1.3258103319272945,1,92.28976500291319,92.28976500291319,1
2026-0712-02-01-10-09,2,3,ラブリーリディア,テルヒコウ,0.15840780541239285,0.1125581525925324,0.04584965281986045,1.4073419096157262,2,90.94969897067392,90.94969897067392,1
2026-0712-02-01-10-09,3,4,テルヒコウ,ウィルサヴァイブ,0.1125581525925324,0.09285910838710795,0.019699044205424454,1.2121390625818174,3,77.62672363565741,77.62672363565741,0
2026-0712-02-01-10-09,4,5,ウィルサヴァイブ,バルティカ,0.09285910838710795,0.0928034743508786,5.56340362293517e-05,1.0005994822566557,4,10.4097883084094,10.4097883084094,0
2026-0712-02-01-10-09,5,6,バルティカ,サタデーサンライズ,0.0928034743508786,0.07445618105279342,0.018347293298085182,1.2464173294769976,5,76.17013012235385,76.17013012235385,0
2026-0712-02-01-10-09,6,7,サタデーサンライズ,マイネルフーガ,0.07445618105279342,0.06786472799114215,0.0065914530616512645,1.0971263461412768,6,51.15556418722081,51.15556418722081,0
2026-0712-02-01-10-09,7,8,マイネルフーガ,フォルテフィオーレ,0.06786472799114215,0.06017239281817285,0.007692335172969307,1.1278382795281845,7,55.15634103709458,55.15634103709458,0
2026-0712-02-01-10-09,8,9,フォルテフィオーレ,ジャズ,0.06017239281817285,0.05439626894727857,0.005776123870894274,1.1061860304516942,8,47.892794717420855,47.892794717420855,0
2026-0712-02-01-10-09,9,10,ジャズ,ロードマンハイム,0.05439626894727857,0.043254419042530474,0.011141849904748098,1.2575887077293242,9,64.49796076908137,64.49796076908137,0
2026-0712-02-01-10-09,10,11,ロードマンハイム,レイヤードレッド,0.043254419042530474,0.03597996529088879,0.0072744537516416866,1.2021806772972012,10,54.01048747329579,54.01048747329579,0
2026-0712-02-01-10-09,11,12,レイヤードレッド,フナデ,0.03597996529088879,0.02537109865439573,0.010608866636493058,1.4181477034560737,11,62.92483977471354,62.92483977471354,0
2026-0712-02-01-10-09,12,13,フナデ,エリム,0.02537109865439573,0.02031451564044636,0.005056583013949369,1.24891477126246,12,44.86308020974947,44.86308020974947,0
2026-0712-02-01-10-09,13,14,エリム,エーデル,0.02031451564044636,0.01354064809124867,0.00677386754919769,1.500261693794084,13,51.99067780151486,51.99067780151486,0
2026-0712-02-01-10-10,1,2,マメタンク,エコロレバン,0.2823704821242121,0.2521333935287494,0.030237088595462702,1.1199249657979753,1,85.16216741114779,85.16216741114779,0
2026-0712-02-01-10-10,2,3,エコロレバン,デアプリームス,0.2521333935287494,0.20797571822411948,0.04415767530462994,1.2123213021293409,2,90.48358904641678,90.48358904641678,1
2026-0712-02-01-10-10,3,4,デアプリームス,カネコメブライト,0.20797571822411948,0.1642686321578155,0.04370708606630397,1.2660707981321344,3,90.36706156535249,90.36706156535249,1
2026-0712-02-01-10-10,4,5,カネコメブライト,ルイステソーロ,0.1642686321578155,0.15288506938598087,0.011383562771834638,1.0744583026815728,4,64.98349194018256,64.98349194018256,0
2026-0712-02-01-10-10,5,6,ルイステソーロ,クロナ,0.15288506938598087,0.1267549883957749,0.026130080990205973,1.2061463719961727,5,82.96756651777044,82.96756651777044,0
2026-0712-02-01-10-10,6,7,クロナ,ヒットミー,0.1267549883957749,0.08931611264503858,0.03743887575073632,1.419172696191184,6,88.25014565935133,88.25014565935133,0
2026-0712-02-01-10-10,7,8,ヒットミー,ビーマックス,0.08931611264503858,0.04307573899973453,0.046240373645304055,2.0734667522613837,7,91.1050689454263,91.1050689454263,1
2026-0712-02-01-10-10,8,9,ビーマックス,サベージラヴ,0.04307573899973453,0.0428039175484133,0.00027182145132122887,1.0063503872283135,8,12.779180423383183,12.779180423383183,0
2026-0712-02-01-10-10,9,10,サベージラヴ,ストリンジェンド,0.0428039175484133,0.02224222641869261,0.02056169112972069,1.9244439267303035,9,78.61720722470382,78.61720722470382,0
2026-0712-02-01-10-10,10,11,ストリンジェンド,サンディブロンド,0.02224222641869261,0.018780960903334566,0.0034612655153580425,1.1842965082123935,10,36.49252281996504,36.49252281996504,0
2026-0712-02-01-10-10,11,12,サンディブロンド,ストロングボンド,0.018780960903334566,0.013435808082547752,0.005345152820786814,1.3978289052617403,11,46.04777626723636,46.04777626723636,0
2026-0712-02-01-10-11,1,2,レディネス,ストレイトトーカー,0.1425878360400176,0.09962586942892543,0.04296196661109217,1.431233040748938,1,90.15342785006798,90.15342785006798,1
2026-0712-02-01-10-11,2,3,ストレイトトーカー,タシット,0.09962586942892543,0.07954411217369789,0.02008175725522754,1.252460637330085,2,78.17051854729074,78.17051854729074,0
2026-0712-02-01-10-11,3,4,タシット,リラボニート,0.07954411217369789,0.07162212662549158,0.007921985548206306,1.1106080749267606,3,55.972033404544575,55.972033404544575,0
2026-0712-02-01-10-11,4,5,リラボニート,パレハ,0.07162212662549158,0.07123072603356623,0.00039140059192535603,1.0054948280569387,4,13.925033987181978,13.925033987181978,0
2026-0712-02-01-10-11,5,6,パレハ,シルトホルン,0.07123072603356623,0.06452755705645587,0.00670316897711036,1.1038807182990933,5,51.699359098854146,51.699359098854146,0
2026-0712-02-01-10-11,6,7,シルトホルン,キョウエイブリッサ,0.06452755705645587,0.06397068456956162,0.0005568724868942471,1.0087051200192911,6,15.439891241017673,15.439891241017673,0
2026-0712-02-01-10-11,7,8,キョウエイブリッサ,エラトー,0.06397068456956162,0.06226498891928441,0.0017056956502772072,1.027394137217118,7,24.567877257719946,24.567877257719946,0
2026-0712-02-01-10-11,8,9,エラトー,レディーヴァリュー,0.06226498891928441,0.055935229717026566,0.006329759202257847,1.1131622992214347,8,50.04855311711012,50.04855311711012,0
2026-0712-02-01-10-11,9,10,レディーヴァリュー,パトリックハンサム,0.055935229717026566,0.04249365253408913,0.01344157718293744,1.3163196473203704,9,69.15906001165276,69.15906001165276,0
2026-0712-02-01-10-11,10,11,パトリックハンサム,ヴーレヴー,0.04249365253408913,0.033890529958038776,0.008603122576050351,1.2538503406911081,10,58.34142551951835,58.34142551951835,0
2026-0712-02-01-10-11,11,12,ヴーレヴー,レディントン,0.033890529958038776,0.02499951934175546,0.008891010616283317,1.3556472624428864,11,58.96290541852787,58.96290541852787,0
2026-0712-02-01-10-11,12,13,レディントン,ウインシュクラン,0.02499951934175546,0.017892641777855094,0.007106877563900365,1.3971955428457872,12,53.350165080598174,53.350165080598174,0
2026-0712-02-01-10-11,13,14,ウインシュクラン,エエヤン,0.017892641777855094,0.015314722392080185,0.0025779193857749082,1.1683294884344784,13,31.345892406292485,31.345892406292485,0
2026-0712-02-01-10-12,1,2,ハッピーラッキー,シャルトル,0.22381142026490722,0.15745964664404252,0.0663517736208647,1.4213890671993015,1,94.44552340260245,94.44552340260245,1
2026-0712-02-01-10-12,2,3,シャルトル,ダブルチャレンジ,0.15745964664404252,0.09604104044748411,0.06141860619655841,1.6395037570437663,2,93.80462225674889,93.80462225674889,1
2026-0712-02-01-10-12,3,4,ダブルチャレンジ,サンポーニャ,0.09604104044748411,0.050297978094410695,0.04574306235307342,1.9094413749040255,3,90.91085647698583,90.91085647698583,1
2026-0712-02-01-10-12,4,5,サンポーニャ,ペイシャアーサー,0.050297978094410695,0.028994366594652134,0.02130361149975856,1.7347500222228653,4,79.29695086424549,79.29695086424549,0
2026-0712-02-01-10-12,5,6,ペイシャアーサー,ナンナンプー,0.028994366594652134,0.028454138236375423,0.0005402283582767106,1.0189859328646296,5,15.206836278889105,15.206836278889105,0
2026-0712-02-01-10-12,6,7,ナンナンプー,ココソラーレ,0.028454138236375423,0.025401662081771116,0.003052476154604307,1.120168363187338,6,34.064866964459114,34.064866964459114,0
2026-0712-02-01-10-12,7,8,ココソラーレ,マインセーラ,0.025401662081771116,0.012821802571560273,0.012579859510210843,1.9811303395135658,7,67.62478151097301,67.62478151097301,0
2026-0712-03-02-06-01,1,2,トーアマリシテン,モスクロッサー,0.2160051648169537,0.13984724737608203,0.07615791744087166,1.5445793097097233,1,95.72732569430957,95.72732569430957,1
2026-0712-03-02-06-01,2,3,モスクロッサー,ゲレル,0.13984724737608203,0.13921117082351098,0.0006360765525710577,1.0045691487889106,2,16.391532336375995,16.391532336375995,0
2026-0712-03-02-06-01,3,4,ゲレル,ブライテストドーン,0.13921117082351098,0.10276208262202123,0.036449088201489746,1.3546939422739857,3,87.84229947562633,87.84229947562633,0
2026-0712-03-02-06-01,4,5,ブライテストドーン,シグムンド,0.10276208262202123,0.0902521124951599,0.012509970126861336,1.1386113829472106,4,67.44999028937659,67.44999028937659,0
2026-0712-03-02-06-01,5,6,シグムンド,サラフィエル,0.0902521124951599,0.08408758709814367,0.0061645253970162295,1.0733107657117245,5,49.465915711788696,49.465915711788696,0
2026-0712-03-02-06-01,6,7,サラフィエル,ジャスパーグレイト,0.08408758709814367,0.0688268905218329,0.015260696576310767,1.2217257885777921,6,71.70324334822295,71.70324334822295,0
2026-0712-03-02-06-01,7,8,ジャスパーグレイト,フェイトライン,0.0688268905218329,0.06847526950500486,0.00035162101682803537,1.005135007417566,7,13.556030297145078,13.556030297145078,0
2026-0712-03-02-06-01,8,9,フェイトライン,エポカスピーガ,0.06847526950500486,0.0391654600279348,0.029309809477070063,1.748358616397326,8,84.6766362400466,84.6766362400466,0
2026-0712-03-02-06-01,9,10,エポカスピーガ,クラウンウルル,0.0391654600279348,0.020602467883361782,0.018562992144573017,1.9010081825956486,9,76.4808700718586,76.4808700718586,0
2026-0712-03-02-06-01,10,11,クラウンウルル,ノブダブルホワイト,0.020602467883361782,0.01791474491726298,0.0026877229660988017,1.1500285367451066,10,32.08389978636628,32.08389978636628,0
2026-0712-03-02-06-01,11,12,ノブダブルホワイト,アウルムレガリア,0.01791474491726298,0.01604279287233522,0.001871952044927759,1.116684922620663,11,25.73315206836279,25.73315206836279,0
2026-0712-03-02-06-01,12,13,アウルムレガリア,トモジャシャトー,0.01604279287233522,0.01474845207176994,0.0012943408005652822,1.087761128711452,12,21.71295397164498,21.71295397164498,0
2026-0712-03-02-06-01,13,14,トモジャシャトー,スノーリン,0.01474845207176994,0.01179537133264599,0.00295308073912395,1.2503592855064023,13,33.32685958438532,33.32685958438532,0
2026-0712-03-02-06-02,1,2,クリムゾンリーフ,アーティキュレート,0.18937332577832386,0.11184386070205099,0.07752946507627287,1.693193748763817,1,95.8244319285298,95.8244319285298,1
2026-0712-03-02-06-02,2,3,アーティキュレート,ヒロイックヴァース,0.11184386070205099,0.09356206111147146,0.01828179959057953,1.1953975721932661,2,76.11186638182171,76.11186638182171,0
2026-0712-03-02-06-02,3,4,ヒロイックヴァース,サングラント,0.09356206111147146,0.0848174547355079,0.008744606375963554,1.103099136884412,3,58.63274422217907,58.63274422217907,0
2026-0712-03-02-06-02,4,5,サングラント,ゴットタレント,0.0848174547355079,0.06208360078407449,0.022733853951433416,1.3661813049552538,4,80.46222567488833,80.46222567488833,0
2026-0712-03-02-06-02,5,6,ゴットタレント,ディメンシア,0.06208360078407449,0.04942600539561507,0.012657595388459418,1.2560918141602915,5,67.83841522625752,67.83841522625752,0
2026-0712-03-02-06-02,6,7,ディメンシア,ペイシャオーヴァル,0.04942600539561507,0.04942600539561507,0.0,1.0,6,9.671780928335599,9.671780928335599,0
2026-0712-03-02-06-02,7,8,ペイシャオーヴァル,ルストラーレ,0.04942600539561507,0.04942600539561507,0.0,1.0,7,9.671780928335599,9.671780928335599,0
2026-0712-03-02-06-02,8,9,ルストラーレ,トランセンコ,0.04942600539561507,0.0416355542886864,0.007790451106928671,1.1871105414596477,8,55.622450961351724,55.622450961351724,0
2026-0712-03-02-06-02,9,10,トランセンコ,レヴェンドール,0.0416355542886864,0.03215340975819048,0.009482144530495923,1.2949032342699058,9,60.51660516605166,60.51660516605166,0
2026-0712-03-02-06-02,10,11,レヴェンドール,レアリゼソンレーヴ,0.03215340975819048,0.03143063345209176,0.0007227763060987172,1.0229959191627624,10,17.129539716449795,17.129539716449795,0
2026-0712-03-02-06-02,11,12,レアリゼソンレーヴ,ジュンヴィヴァン,0.03143063345209176,0.020887874281821026,0.010542759170270734,1.5047310716268638,11,62.788891046805205,62.788891046805205,0
2026-0712-03-02-06-02,12,13,ジュンヴィヴァン,フィーユレアル,0.020887874281821026,0.019974748207173484,0.0009131260746475418,1.0457140217827434,12,18.624975723441445,18.624975723441445,0
2026-0712-03-02-06-02,13,14,フィーユレアル,グラスフェザー,0.019974748207173484,0.013621725516720803,0.006353022690452681,1.4663889815320594,13,50.2039230918625,50.2039230918625,0
2026-0712-03-02-06-02,14,15,グラスフェザー,ニシノトマラナイ,0.013621725516720803,0.00844753182410943,0.005174193692611373,1.6125095235325564,14,45.44571761507088,45.44571761507088,0
2026-0712-03-02-06-03,1,2,ヴァルカンテソーロ,ブライスフェアリー,0.33064131694447896,0.0878968129345948,0.24274450400988418,3.761698586165048,1,99.98057875315595,99.98057875315595,1
2026-0712-03-02-06-03,2,3,ブライスフェアリー,ミナヅキ,0.0878968129345948,0.0753107046914763,0.012586108243118496,1.1671224335860317,2,67.64420275781706,67.64420275781706,0
2026-0712-03-02-06-03,3,4,ミナヅキ,ヴォンサクレ,0.0753107046914763,0.07075073659283927,0.004559968098637027,1.0644511749026588,3,42.47426684793164,42.47426684793164,0
2026-0712-03-02-06-03,4,5,ヴォンサクレ,オーブレーヌ,0.07075073659283927,0.06007713213757484,0.010673604455264434,1.1776650128841404,4,63.1578947368421,63.1578947368421,0
2026-0712-03-02-06-03,5,6,オーブレーヌ,チャンピオンホープ,0.06007713213757484,0.05231309672189731,0.00776403541567753,1.1484147546636758,5,55.505923480287436,55.505923480287436,0
2026-0712-03-02-06-03,6,7,チャンピオンホープ,ヤマニンリンキング,0.05231309672189731,0.044423251450338055,0.007889845271559254,1.1776062087751393,6,55.87492717032434,55.87492717032434,0
2026-0712-03-02-06-03,7,8,ヤマニンリンキング,ホウオウショパン,0.044423251450338055,0.044423251450338055,0.0,1.0,7,9.671780928335599,9.671780928335599,0
2026-0712-03-02-06-03,8,9,ホウオウショパン,レイナエヴィータ,0.044423251450338055,0.044423251450338055,0.0,1.0,8,9.671780928335599,9.671780928335599,0
2026-0712-03-02-06-03,9,10,レイナエヴィータ,スティールシップ,0.044423251450338055,0.044423251450338055,0.0,1.0,9,9.671780928335599,9.671780928335599,0
2026-0712-03-02-06-03,10,11,スティールシップ,ウッケン,0.044423251450338055,0.03619482125685324,0.008228430193484813,1.22733722415957,10,56.8848320062148,56.8848320062148,0
2026-0712-03-02-06-03,11,12,ウッケン,エコロゼット,0.03619482125685324,0.03338220523879568,0.0028126160180575593,1.0842549495438616,11,32.66653719168771,32.66653719168771,0
2026-0712-03-02-06-03,12,13,エコロゼット,ギリーカラム,0.03338220523879568,0.02620549048607576,0.007176714752719922,1.2738630195276541,12,53.6026412895708,53.6026412895708,0
2026-0712-03-02-06-03,13,14,ギリーカラム,ソアサージュ,0.02620549048607576,0.021140874209933068,0.005064616276142693,1.2395651298924562,13,44.94076519712566,44.94076519712566,0
2026-0712-03-02-06-03,14,15,ソアサージュ,シュタットパーク,0.021140874209933068,0.015188961874960917,0.005951912334972151,1.391857744062411,14,48.61138085065061,48.61138085065061,0
2026-0712-03-02-06-03,15,16,シュタットパーク,ウインベルチェーロ,0.015188961874960917,0.009553022801615614,0.005635939073345303,1.5899639507185255,15,47.310157312099435,47.310157312099435,0
2026-0712-03-02-06-04,1,2,ジェントルアイズ,エコロテラ,0.09617838282409293,0.09617838282409293,0.0,1.0,1,9.671780928335599,9.671780928335599,0
2026-0712-03-02-06-04,2,3,エコロテラ,ウカテンセイ,0.09617838282409293,0.09617838282409293,0.0,1.0,2,9.671780928335599,9.671780928335599,0
2026-0712-03-02-06-04,3,4,ウカテンセイ,ヴェールネージュ,0.09617838282409293,0.09617838282409293,0.0,1.0,3,9.671780928335599,9.671780928335599,0
2026-0712-03-02-06-04,4,5,ヴェールネージュ,ワレモコウ,0.09617838282409293,0.09617838282409293,0.0,1.0,4,9.671780928335599,9.671780928335599,0
2026-0712-03-02-06-04,5,6,ワレモコウ,ラヴィサンエール,0.09617838282409293,0.09617838282409293,0.0,1.0,5,9.671780928335599,9.671780928335599,0
2026-0712-03-02-06-04,6,7,ラヴィサンエール,サクセスボーイ,0.09617838282409293,0.09617838282409293,0.0,1.0,6,9.671780928335599,9.671780928335599,0
2026-0712-03-02-06-04,7,8,サクセスボーイ,サンヴァンガード,0.09617838282409293,0.09617838282409293,0.0,1.0,7,9.671780928335599,9.671780928335599,0
2026-0712-03-02-06-04,8,9,サンヴァンガード,ハルガスミ,0.09617838282409293,0.09617838282409293,0.0,1.0,8,9.671780928335599,9.671780928335599,0
2026-0712-03-02-06-04,9,10,ハルガスミ,トム,0.09617838282409293,0.09617838282409293,0.0,1.0,9,9.671780928335599,9.671780928335599,0
2026-0712-03-02-06-05,1,2,ブルーリボン,イキフン,0.054222261354132176,0.054222261354132176,0.0,1.0,1,9.671780928335599,9.671780928335599,0
2026-0712-03-02-06-05,2,3,イキフン,タクミオジュウ,0.054222261354132176,0.054222261354132176,0.0,1.0,2,9.671780928335599,9.671780928335599,0
2026-0712-03-02-06-05,3,4,タクミオジュウ,ウィクフォード,0.054222261354132176,0.054222261354132176,0.0,1.0,3,9.671780928335599,9.671780928335599,0
2026-0712-03-02-06-05,4,5,ウィクフォード,ローグアン,0.054222261354132176,0.054222261354132176,0.0,1.0,4,9.671780928335599,9.671780928335599,0
2026-0712-03-02-06-05,5,6,ローグアン,ワンコール,0.054222261354132176,0.054222261354132176,0.0,1.0,5,9.671780928335599,9.671780928335599,0
2026-0712-03-02-06-05,6,7,ワンコール,セレスタイト,0.054222261354132176,0.054222261354132176,0.0,1.0,6,9.671780928335599,9.671780928335599,0
2026-0712-03-02-06-05,7,8,セレスタイト,ソラニワラエバ,0.054222261354132176,0.054222261354132176,0.0,1.0,7,9.671780928335599,9.671780928335599,0
2026-0712-03-02-06-05,8,9,ソラニワラエバ,ドーンレーサー,0.054222261354132176,0.054222261354132176,0.0,1.0,8,9.671780928335599,9.671780928335599,0
2026-0712-03-02-06-05,9,10,ドーンレーサー,クラウントリオンフ,0.054222261354132176,0.054222261354132176,0.0,1.0,9,9.671780928335599,9.671780928335599,0
2026-0712-03-02-06-05,10,11,クラウントリオンフ,シーズアウルフ,0.054222261354132176,0.054222261354132176,0.0,1.0,10,9.671780928335599,9.671780928335599,0
2026-0712-03-02-06-05,11,12,シーズアウルフ,リサナウト,0.054222261354132176,0.054222261354132176,0.0,1.0,11,9.671780928335599,9.671780928335599,0
2026-0712-03-02-06-05,12,13,リサナウト,ハクタカ,0.054222261354132176,0.054222261354132176,0.0,1.0,12,9.671780928335599,9.671780928335599,0
2026-0712-03-02-06-05,13,14,ハクタカ,エクスマキナ,0.054222261354132176,0.054222261354132176,0.0,1.0,13,9.671780928335599,9.671780928335599,0
2026-0712-03-02-06-05,14,15,エクスマキナ,インザダーク,0.054222261354132176,0.054222261354132176,0.0,1.0,14,9.671780928335599,9.671780928335599,0
2026-0712-03-02-06-05,15,16,インザダーク,エイシンウルクンデ,0.054222261354132176,0.054222261354132176,0.0,1.0,15,9.671780928335599,9.671780928335599,0
2026-0712-03-02-06-06,1,2,ツクバヴァンガード,ミスタートントン,0.35547005102839535,0.3327365462481969,0.022733504780198477,1.068322836900642,1,80.44280442804428,80.44280442804428,0
2026-0712-03-02-06-06,2,3,ミスタートントン,イイクニパッション,0.3327365462481969,0.261200868703718,0.07153567754447887,1.2738722803622153,2,95.04758205476791,95.04758205476791,1
2026-0712-03-02-06-06,3,4,イイクニパッション,ニンジャトットリ,0.261200868703718,0.2199429747354685,0.0412578939682495,1.1875845046556794,3,89.68731792581085,89.68731792581085,0
2026-0712-03-02-06-06,4,5,ニンジャトットリ,ミラビリオン,0.2199429747354685,0.13557657138707618,0.08436640334839232,1.6222786318111193,4,96.46533307438338,96.46533307438338,1
2026-0712-03-02-06-06,5,6,ミラビリオン,アドミ,0.13557657138707618,0.09845102753931369,0.037125543847762496,1.3770965603476046,5,88.07535443775491,88.07535443775491,0
2026-0712-03-02-06-06,6,7,アドミ,ジャメビュ,0.09845102753931369,0.07848100284496846,0.019970024694345223,1.254456798083914,6,77.97630607885027,77.97630607885027,0
2026-0712-03-02-06-06,7,8,ジャメビュ,フォワードシャッセ,0.07848100284496846,0.06909815627001432,0.00938284657495414,1.1357901148373462,7,60.16702272285881,60.16702272285881,0
2026-0712-03-02-06-06,8,9,フォワードシャッセ,ピコランド,0.06909815627001432,0.05733852178169122,0.011759634488323102,1.205091343880408,8,65.76034181394445,65.76034181394445,0
2026-0712-03-02-06-06,9,10,ピコランド,ユニオンジャック,0.05733852178169122,0.04373508975980391,0.01360343202188731,1.311041593754541,9,69.39211497378132,69.39211497378132,0
2026-0712-03-02-06-06,10,11,ユニオンジャック,ジェムシリカ,0.04373508975980391,0.03988398562056692,0.003851104139236991,1.0965576553926721,10,38.51233249174597,38.51233249174597,0
2026-0712-03-02-06-06,11,12,ジェムシリカ,トリエンナーレ,0.03988398562056692,0.021391584116214335,0.018492401504352586,1.8644708780746988,11,76.40318508448243,76.40318508448243,0
2026-0712-03-02-06-06,12,13,トリエンナーレ,マッシブショット,0.021391584116214335,0.016652338292916704,0.004739245823297631,1.284599420209565,12,43.32880170906972,43.32880170906972,0
2026-0712-03-02-06-06,13,14,マッシブショット,グラスアロー,0.016652338292916704,0.01501328449219052,0.0016390538007261847,1.1091735656896913,13,23.907554865022334,23.907554865022334,0
2026-0712-03-02-06-06,14,15,グラスアロー,オスロクィーン,0.01501328449219052,0.01471459698814822,0.0002986875040422998,1.0202987213501584,14,13.128762866576036,13.128762866576036,0
2026-0712-03-02-06-06,15,16,オスロクィーン,パストゥザスターズ,0.01471459698814822,0.01260934591431408,0.002105251073834139,1.166959578089159,15,27.655855505923483,27.655855505923483,0
2026-0712-03-02-06-07,1,2,キッショウダラニ,ノーブルクロンヌ,0.26160084456425065,0.09737479334320888,0.16422605122104178,2.6865355558928665,1,99.53389007574286,99.53389007574286,1
2026-0712-03-02-06-07,2,3,ノーブルクロンヌ,ラルルジェンヌ,0.09737479334320888,0.09175563662420429,0.005619156719004592,1.0612404526385502,2,47.23247232472325,47.23247232472325,0
2026-0712-03-02-06-07,3,4,ラルルジェンヌ,ベルオーシャン,0.09175563662420429,0.08467264930681537,0.00708298731738892,1.0836514196186702,3,53.13653136531366,53.13653136531366,0
2026-0712-03-02-06-07,4,5,ベルオーシャン,インザライムライト,0.08467264930681537,0.06234435165373907,0.0223282976530763,1.3581446764750689,4,80.11264323169549,80.11264323169549,0
2026-0712-03-02-06-07,5,6,インザライムライト,ウインディナナコ,0.06234435165373907,0.05978791440166033,0.0025564372520787415,1.0427584283155351,5,31.073994950475818,31.073994950475818,0
2026-0712-03-02-06-07,6,7,ウインディナナコ,リナシタ,0.05978791440166033,0.05935503631571598,0.0004328780859443465,1.0072930304286534,6,14.313458924062925,14.313458924062925,0
2026-0712-03-02-06-07,7,8,リナシタ,コスモシグルン,0.05935503631571598,0.04942310152003243,0.00993193479568355,1.2009573355419203,7,61.46824626140999,61.46824626140999,0
2026-0712-03-02-06-07,8,9,コスモシグルン,イマジェリーナ,0.04942310152003243,0.04388574504538141,0.00553735647465102,1.1261766541487435,8,46.86346863468634,46.86346863468634,0
2026-0712-03-02-06-07,9,10,イマジェリーナ,フライスカイハイ,0.04388574504538141,0.04378934080804095,9.640423734046111e-05,1.002201545754321,9,10.70110701107011,10.70110701107011,0
2026-0712-03-02-06-07,10,11,フライスカイハイ,シャインフォーミー,0.04378934080804095,0.03706564542097142,0.006723695387069531,1.1813996575725436,10,51.77704408623034,51.77704408623034,0
2026-0712-03-02-06-07,11,12,シャインフォーミー,モーニングダリア,0.03706564542097142,0.024495701690663778,0.01256994373030764,1.513148955234808,11,67.58593901728491,67.58593901728491,0
2026-0712-03-02-06-07,12,13,モーニングダリア,スイートハイデン,0.024495701690663778,0.02315015634357347,0.001345545347090308,1.0581225166310306,12,22.023693921149736,22.023693921149736,0
2026-0712-03-02-06-07,13,14,スイートハイデン,マリノマーベラス,0.02315015634357347,0.018808634703736647,0.004341521639836823,1.2308259854169163,13,41.308992037288796,41.308992037288796,0
2026-0712-03-02-06-07,14,15,マリノマーベラス,サクラモンストール,0.018808634703736647,0.009828692213452249,0.008979942490284398,1.9136457114807002,14,59.234802874344524,59.234802874344524,0
2026-0712-03-02-06-07,15,16,サクラモンストール,ダノンクラウディア,0.009828692213452249,0.008354505622349361,0.0014741865911028877,1.1764540785225222,15,22.81996504175568,22.81996504175568,0
2026-0712-03-02-06-08,1,2,デンプシー,ミスターマーボー,0.27304624744188105,0.1862383787929274,0.08680786864895365,1.4661115996154186,1,96.6401242959798,96.6401242959798,1
2026-0712-03-02-06-08,2,3,ミスターマーボー,アイアンパイク,0.1862383787929274,0.18571094792765122,0.0005274308652761794,1.0028400633950867,2,14.993202563604582,14.993202563604582,0
2026-0712-03-02-06-08,3,4,アイアンパイク,ラブリーガール,0.18571094792765122,0.12856047313380353,0.05715047479384769,1.444541571765736,3,93.2802485919596,93.2802485919596,1
2026-0712-03-02-06-08,4,5,ラブリーガール,ザバルガド,0.12856047313380353,0.10341167268157399,0.025148800452229544,1.2431911195331684,4,82.26840163138473,82.26840163138473,0
2026-0712-03-02-06-08,5,6,ザバルガド,ビッグフラワー,0.10341167268157399,0.10049884522707982,0.0029128274544941712,1.0289836907868202,5,33.24917459700913,33.24917459700913,0
2026-0712-03-02-06-08,6,7,ビッグフラワー,マイネルステラート,0.10049884522707982,0.09553854030558658,0.0049603049214932415,1.0519194128948104,6,44.45523402602447,44.45523402602447,0
2026-0712-03-02-06-08,7,8,マイネルステラート,プリティーミズホ,0.09553854030558658,0.07326539474979699,0.02227314555578959,1.304006354321203,7,80.05437949116333,80.05437949116333,0
2026-0712-03-02-06-08,8,9,プリティーミズホ,テルケンレンスキー,0.07326539474979699,0.04624306261536651,0.027022332134430477,1.5843542924306875,8,83.39483394833948,83.39483394833948,0
2026-0712-03-02-06-08,9,10,テルケンレンスキー,ホウオウショコラ,0.04624306261536651,0.037537098195649175,0.008705964419717334,1.2319296066611356,9,58.53563798795882,58.53563798795882,0
2026-0712-03-02-06-08,10,11,ホウオウショコラ,レッドカメリア,0.037537098195649175,0.028059586712106007,0.009477511483543168,1.3377637589884457,10,60.47776267236357,60.47776267236357,0
2026-0712-03-02-06-08,11,12,レッドカメリア,アイスブレイカー,0.028059586712106007,0.012258378336994972,0.015801208375111037,2.2890129461434583,11,72.63546319673722,72.63546319673722,0
2026-0712-03-02-06-09,1,2,ルージュリリック,サルワールカミーズ,0.16530696279353396,0.11649452242413011,0.04881244036940385,1.4190106054230502,1,91.62944261021558,91.62944261021558,1
2026-0712-03-02-06-09,2,3,サルワールカミーズ,ユメシルベ,0.11649452242413011,0.09703085797954149,0.01946366444458862,1.2005925212852642,2,77.39366867352884,77.39366867352884,0
2026-0712-03-02-06-09,3,4,ユメシルベ,キューティリップ,0.09703085797954149,0.08925742376674846,0.007773434212793029,1.087090058000183,3,55.54476597397553,55.54476597397553,0
2026-0712-03-02-06-09,4,5,キューティリップ,ジェルブロア,0.08925742376674846,0.0708606903568716,0.018396733409876853,1.2596183203582472,4,76.2672363565741,76.2672363565741,0
2026-0712-03-02-06-09,5,6,ジェルブロア,サフランルージュ,0.0708606903568716,0.06603569481248722,0.004824995544384383,1.0730664765182722,5,43.79491163332686,43.79491163332686,0
2026-0712-03-02-06-09,6,7,サフランルージュ,ブルスカメンテ,0.06603569481248722,0.0562950458655711,0.00974064894691612,1.173028528481461,6,61.06040007768498,61.06040007768498,0
2026-0712-03-02-06-09,7,8,ブルスカメンテ,ペプロス,0.0562950458655711,0.05563132041467093,0.0006637254509001753,1.0119307872966672,7,16.56632355797242,16.56632355797242,0
2026-0712-03-02-06-09,8,9,ペプロス,クイーンズワーフ,0.05563132041467093,0.04387838526118561,0.01175293515348532,1.267852499209488,8,65.72149932025636,65.72149932025636,0
2026-0712-03-02-06-09,9,10,クイーンズワーフ,ノーブルクラウド,0.04387838526118561,0.03552638419390408,0.008352001067281525,1.2350929107137965,9,57.38978442416003,57.38978442416003,0
2026-0712-03-02-06-09,10,11,ノーブルクラウド,ロゼフェリシア,0.03552638419390408,0.03299286003607263,0.0025335241578314516,1.076790073823895,10,30.879782482035345,30.879782482035345,0
2026-0712-03-02-06-09,11,12,ロゼフェリシア,ニシノコマチムスメ,0.03299286003607263,0.019935420327249632,0.013057439708822997,1.6549869275128775,11,68.49873761895515,68.49873761895515,0
2026-0712-03-02-06-09,12,13,ニシノコマチムスメ,ヒサエノオモカゲ,0.019935420327249632,0.019555816778663266,0.0003796035485863665,1.0194112858022142,12,13.827927752961742,13.827927752961742,0
2026-0712-03-02-06-09,13,14,ヒサエノオモカゲ,テンドリームガール,0.019555816778663266,0.014674953780984025,0.004880862997679241,1.3325981853519648,13,44.10565158283162,44.10565158283162,0
2026-0712-03-02-06-10,1,2,リフレックス,ドバイブルース,0.18016370589096514,0.16809798873586132,0.012065717155103822,1.0717778793538282,1,66.5566129345504,66.5566129345504,0
2026-0712-03-02-06-10,2,3,ドバイブルース,サトミノエンジェル,0.16809798873586132,0.08278871621937367,0.08530927251648765,2.030445650231307,2,96.54301806175957,96.54301806175957,1
2026-0712-03-02-06-10,3,4,サトミノエンジェル,チギリ,0.08278871621937367,0.07855369547175801,0.004235020747615656,1.0539124317727133,3,40.70693338512332,40.70693338512332,0
2026-0712-03-02-06-10,4,5,チギリ,ジェイエルマスター,0.07855369547175801,0.06295489309870449,0.015598802373053527,1.2477774419948071,4,72.34414449407652,72.34414449407652,0
2026-0712-03-02-06-10,5,6,ジェイエルマスター,ティンティンデオ,0.06295489309870449,0.059128778103375766,0.0038261149953287207,1.064708169491334,5,38.37638376383764,38.37638376383764,0
2026-0712-03-02-06-10,6,7,ティンティンデオ,ダカラフェスティヴ,0.059128778103375766,0.04903061749734063,0.010098160606035134,1.2059562192253208,6,61.75956496407069,61.75956496407069,0
2026-0712-03-02-06-10,7,8,ダカラフェスティヴ,スマートケープ,0.04903061749734063,0.040606764778221345,0.008423852719119287,1.2074494918550434,7,57.564575645756456,57.564575645756456,0
2026-0712-03-02-06-10,8,9,スマートケープ,ハッスルダンク,0.040606764778221345,0.03945867302054127,0.0011480917576800753,1.0290960559439595,8,20.547679161002137,20.547679161002137,0
2026-0712-03-02-06-10,9,10,ハッスルダンク,オンザライン,0.03945867302054127,0.036946243777626266,0.002512429242915004,1.0680022916006544,9,30.802097494659158,30.802097494659158,0
2026-0712-03-02-06-10,10,11,オンザライン,ゲキザル,0.036946243777626266,0.011361221877844824,0.025585021899781443,3.2519604119055203,10,82.61798407457759,82.61798407457759,0
2026-0712-03-02-06-11,1,2,カラマティアノス,バトルボーン,0.1556585061050468,0.13247044131180957,0.023188064793237234,1.1750433120295647,1,80.79238687123713,80.79238687123713,0
2026-0712-03-02-06-11,2,3,バトルボーン,ヤマニンブークリエ,0.13247044131180957,0.10277206342329262,0.029698377888516952,1.2889732569268042,2,84.92911244901923,84.92911244901923,0
2026-0712-03-02-06-11,3,4,ヤマニンブークリエ,サヴォーナ,0.10277206342329262,0.08195620759064434,0.020815855832648278,1.2539875434039056,3,78.88910468052049,78.88910468052049,0
2026-0712-03-02-06-11,4,5,サヴォーナ,オーロラエックス,0.08195620759064434,0.060877147654527446,0.021079059936116896,1.3462557092152008,4,79.102738395805,79.102738395805,0
2026-0712-03-02-06-11,5,6,オーロラエックス,センツブラッド,0.060877147654527446,0.0538914984606879,0.006985649193839545,1.1296243265333463,5,52.7869489221208,52.7869489221208,0
2026-0712-03-02-06-11,6,7,センツブラッド,オールナット,0.0538914984606879,0.04559998322370307,0.008291515236984834,1.1818315413913325,6,57.156729462031464,57.156729462031464,0
2026-0712-03-02-06-11,7,8,オールナット,コントラポスト,0.04559998322370307,0.044945323614505504,0.0006546596091975623,1.0145656890761885,7,16.48863857059623,16.48863857059623,0
2026-0712-03-02-06-11,8,9,コントラポスト,リカンカブール,0.044945323614505504,0.044607872126484954,0.0003374514880205501,1.0075648416284846,8,13.45892406292484,13.45892406292484,0
2026-0712-03-02-06-11,9,10,リカンカブール,アスクナイスショー,0.044607872126484954,0.044059842779171375,0.0005480293473135792,1.012438295571328,9,15.303942513109343,15.303942513109343,0
2026-0712-03-02-06-11,10,11,アスクナイスショー,マイネルモーント,0.044059842779171375,0.04161159178585229,0.0024482509933190857,1.0588357928223135,10,30.238881336181784,30.238881336181784,0
2026-0712-03-02-06-11,11,12,マイネルモーント,メリオーレム,0.04161159178585229,0.041202567920970795,0.0004090238648814942,1.0099271449698481,11,14.11924645562245,14.11924645562245,0
2026-0712-03-02-06-11,12,13,メリオーレム,クリスマスパレード,0.041202567920970795,0.029344749653533342,0.011857818267437453,1.4040865370275761,12,65.93513303554089,65.93513303554089,0
2026-0712-03-02-06-11,13,14,クリスマスパレード,ボーンディスウェイ,0.029344749653533342,0.025885382914444015,0.0034593667390893264,1.1336417062294646,13,36.45368032627695,36.45368032627695,0
2026-0712-03-02-06-11,14,15,ボーンディスウェイ,オニャンコポン,0.025885382914444015,0.01260445521888779,0.013280927695556225,2.053669314930386,14,68.84832006214799,68.84832006214799,0
2026-0712-03-02-06-11,15,16,オニャンコポン,ショウナンマグマ,0.01260445521888779,0.008185947437173956,0.004418507781713835,1.5397674265105277,15,41.56146824626141,41.56146824626141,0
2026-0712-03-02-06-12,1,2,サンマルノヴェル,ピコテンダー,0.1860208709854342,0.1358950270560756,0.05012584392935862,1.3688570878217254,1,91.97902505340842,91.97902505340842,1
2026-0712-03-02-06-12,2,3,ピコテンダー,クリノオリーブ,0.1358950270560756,0.06359555879706892,0.07229946825900667,2.1368634795664208,2,95.1641095358322,95.1641095358322,1
2026-0712-03-02-06-12,3,4,クリノオリーブ,ローマンレイク,0.06359555879706892,0.0552238346720787,0.008371724124990224,1.1515962115760676,3,57.46746941153622,57.46746941153622,0
2026-0712-03-02-06-12,4,5,ローマンレイク,サヨノジャンボリー,0.0552238346720787,0.05309629423487331,0.002127540437205387,1.0400694712853997,4,27.772382986987765,27.772382986987765,0
2026-0712-03-02-06-12,5,6,サヨノジャンボリー,フェンダー,0.05309629423487331,0.052355591360635625,0.000740702874237685,1.0141475409786813,5,17.226645950670033,17.226645950670033,0
2026-0712-03-02-06-12,6,7,フェンダー,スーパーバイザー,0.052355591360635625,0.049342218562938724,0.003013372797696902,1.0610708818018222,6,33.831812002330544,33.831812002330544,0
2026-0712-03-02-06-12,7,8,スーパーバイザー,ホウオウプレミア,0.049342218562938724,0.0395768010633456,0.009765417499593122,1.2467460036490279,7,61.11866381821714,61.11866381821714,0
2026-0712-03-02-06-12,8,9,ホウオウプレミア,ホーリーブライト,0.0395768010633456,0.03893569530771263,0.0006411057556329688,1.016465758491437,8,16.43037483006409,16.43037483006409,0
2026-0712-03-02-06-12,9,10,ホーリーブライト,レイワサンサン,0.03893569530771263,0.034270865433811734,0.004664829873900898,1.136116488885004,9,43.018061759564965,43.018061759564965,0
2026-0712-03-02-06-12,10,11,レイワサンサン,ショウナンラリー,0.034270865433811734,0.026886866622254205,0.007383998811557529,1.2746321806590064,10,54.398912410176735,54.398912410176735,0
2026-0712-03-02-06-12,11,12,ショウナンラリー,ラーナローザ,0.026886866622254205,0.026264483281038215,0.0006223833412159901,1.0236967670201729,11,16.29442610215576,16.29442610215576,0
2026-0712-03-02-06-12,12,13,ラーナローザ,ラヴァグロウ,0.026264483281038215,0.019342441645595763,0.0069220416354424524,1.3578680376693077,12,52.55389395999222,52.55389395999222,0
2026-0712-03-02-06-12,13,14,ラヴァグロウ,マフィン,0.019342441645595763,0.018498417261508266,0.0008440243840874967,1.0456268432134328,13,18.178287046028355,18.178287046028355,0
2026-0712-03-02-06-12,14,15,マフィン,ペプチドクレマチス,0.018498417261508266,0.017195672283717472,0.0013027449777907943,1.0757600491737889,14,21.829481452709267,21.829481452709267,0
2026-0712-10-02-06-01,1,2,ホーリーステップ,シャンデリュイーズ,0.1540088388659,0.11654991505158957,0.03745892381431043,1.3213981219782927,1,88.26956690619538,88.26956690619538,0
2026-0712-10-02-06-01,2,3,シャンデリュイーズ,ティグリス,0.11654991505158957,0.08917172418317561,0.027378190868413962,1.3070277166803905,2,83.58904641677995,83.58904641677995,0
2026-0712-10-02-06-01,3,4,ティグリス,ブライトエンジェル,0.08917172418317561,0.077313883898996,0.011857840284179605,1.1533727150439224,3,65.95455428238492,65.95455428238492,0
2026-0712-10-02-06-01,4,5,ブライトエンジェル,フルフィルメント,0.077313883898996,0.06562823294887013,0.011685650950125873,1.1780582902366117,4,65.58555059234803,65.58555059234803,0
2026-0712-10-02-06-01,5,6,フルフィルメント,ベルセクレト,0.06562823294887013,0.0572047628532526,0.00842347009561753,1.1472512020935435,5,57.545154398912416,57.545154398912416,0
2026-0712-10-02-06-01,6,7,ベルセクレト,ドゥボヌール,0.0572047628532526,0.044081143556610594,0.013123619296642006,1.2977150372650423,6,68.53758011264324,68.53758011264324,0
2026-0712-10-02-06-01,7,8,ドゥボヌール,コースタルロード,0.044081143556610594,0.04336657132120271,0.0007145722354078843,1.0164774897723703,7,17.051854729073607,17.051854729073607,0
2026-0712-10-02-06-01,8,9,コースタルロード,ハクサンテドリガワ,0.04336657132120271,0.03745551257674765,0.005911058744455057,1.1578154545967858,8,48.57253835696252,48.57253835696252,0
2026-0712-10-02-06-01,9,10,ハクサンテドリガワ,ピンクパンサー,0.03745551257674765,0.029630699585049314,0.007824812991698338,1.264077902353898,9,55.71955719557196,55.71955719557196,0
2026-0712-10-02-06-01,10,11,ピンクパンサー,アリディプラチノ,0.029630699585049314,0.025589208139311703,0.004041491445737611,1.1579373391992083,10,39.46397358710429,39.46397358710429,0
2026-0712-10-02-06-01,11,12,アリディプラチノ,ヨウリンケイジュ,0.025589208139311703,0.011863375736266151,0.013725832403045552,2.1569921334520243,11,69.5863274422218,69.5863274422218,0
2026-0712-10-02-06-01,12,13,ヨウリンケイジュ,ロージーキャンドル,0.011863375736266151,0.00924311309194982,0.002620262644316331,1.2834826987671955,12,31.598368615265098,31.598368615265098,0
2026-0712-10-02-06-01,13,14,ロージーキャンドル,マルモズイルバア,0.00924311309194982,0.0076496194867877515,0.0015934936051620685,1.2083101790767912,13,23.557972421829483,23.557972421829483,0
2026-0712-10-02-06-01,14,15,マルモズイルバア,テンタイムトップ,0.0076496194867877515,0.007176584586421259,0.0004730349003664921,1.0659136521934844,14,14.701883860943873,14.701883860943873,0
2026-0712-10-02-06-01,15,16,テンタイムトップ,ビケイムフリー,0.007176584586421259,0.007017717186348722,0.00015886740007253763,1.0226380453720159,15,11.477956884832006,11.477956884832006,0
2026-0712-10-02-06-01,16,17,ビケイムフリー,リザレクティア,0.007017717186348722,0.006808648978143282,0.00020906820820543962,1.0307062691697837,16,12.157700524373665,12.157700524373665,0
2026-0712-10-02-06-02,1,2,タガノプディング,クロカミジョウ,0.2963144406276246,0.21330687839272439,0.08300756223490019,1.3891462050373875,1,96.29054185278694,96.29054185278694,1
2026-0712-10-02-06-02,2,3,クロカミジョウ,キャッチアシーフ,0.21330687839272439,0.16762026146029582,0.045686616932428564,1.2725602294997633,2,90.87201398329773,90.87201398329773,1
2026-0712-10-02-06-02,3,4,キャッチアシーフ,キタノプレミアム,0.16762026146029582,0.15931738172293394,0.008302879737361879,1.0521153413869258,3,57.176150708875504,57.176150708875504,0
2026-0712-10-02-06-02,4,5,キタノプレミアム,ナブッコ,0.15931738172293394,0.09948656789771369,0.05983081382522025,1.601395897853616,4,93.61040978830842,93.61040978830842,1
2026-0712-10-02-06-02,5,6,ナブッコ,ラインメテオラ,0.09948656789771369,0.05919124880873878,0.040295319088974914,1.6807648072974237,5,89.2600504952418,89.2600504952418,0
2026-0712-10-02-06-02,6,7,ラインメテオラ,ゼンノトヨタマヒメ,0.05919124880873878,0.03619040113252605,0.02300084767621273,1.6355510565352858,6,80.6952806370169,80.6952806370169,0
2026-0712-10-02-06-02,7,8,ゼンノトヨタマヒメ,ペコリズム,0.03619040113252605,0.03513596963831124,0.0010544314942148095,1.030010029752106,7,19.731986793552146,19.731986793552146,0
2026-0712-10-02-06-02,8,9,ペコリズム,トーアウィリアム,0.03513596963831124,0.02270158828755354,0.012434381350757698,1.547731779523771,8,67.2946203146242,67.2946203146242,0
2026-0712-10-02-06-02,9,10,トーアウィリアム,ハクサンリング,0.02270158828755354,0.01739395471642076,0.0053076335711327825,1.305142427795452,9,45.97009127986016,45.97009127986016,0
2026-0712-10-02-06-02,10,11,ハクサンリング,シュタルク,0.01739395471642076,0.011664061399380242,0.005729893317040517,1.4912434117797913,10,47.718003495824426,47.718003495824426,0
2026-0712-10-02-06-02,11,12,シュタルク,メイショウアヤカ,0.011664061399380242,0.01164026235498309,2.3799044397152316e-05,1.0020445453608666,11,9.982520877840358,9.982520877840358,0
2026-0712-10-02-06-02,12,13,メイショウアヤカ,ジョーヴェスタ,0.01164026235498309,0.010973509608823479,0.0006667527461596112,1.0607602098077624,12,16.624587298504565,16.624587298504565,0
2026-0712-10-02-06-02,13,14,ジョーヴェスタ,フチサンチャチャ,0.010973509608823479,0.008325153721068968,0.0026483558877545103,1.3181149533674263,13,31.81200233054962,31.81200233054962,0
2026-0712-10-02-06-03,1,2,チェファルー,ラルヴァンダード,0.21911120313634025,0.1996650761954192,0.019446126940921044,1.0973937321010934,1,77.35482617984074,77.35482617984074,0
2026-0712-10-02-06-03,2,3,ラルヴァンダード,ブルーザー,0.1996650761954192,0.12812358549675226,0.07154149069866694,1.5583787748468874,2,95.06700330161196,95.06700330161196,1
2026-0712-10-02-06-03,3,4,ブルーザー,ダノンワンダー,0.12812358549675226,0.12206999229204332,0.00605359320470894,1.0495911656177235,3,48.96096329384346,48.96096329384346,0
2026-0712-10-02-06-03,4,5,ダノンワンダー,ヴィスメンティス,0.12206999229204332,0.06453310822675705,0.05753688406528627,1.8915870573460156,4,93.33851233249175,93.33851233249175,1
2026-0712-10-02-06-03,5,6,ヴィスメンティス,ロイドウェバー,0.06453310822675705,0.05024427572789022,0.014288832498866831,1.2843872718208018,5,70.26607108176344,70.26607108176344,0
2026-0712-10-02-06-03,6,7,ロイドウェバー,グレイイメル,0.05024427572789022,0.03948147154914738,0.01076280417874284,1.272603926764611,6,63.35210720528258,63.35210720528258,0
2026-0712-10-02-06-03,7,8,グレイイメル,スーパービジー,0.03948147154914738,0.03832500739090863,0.0011564641582387444,1.0301751842196143,7,20.58652165469023,20.58652165469023,0
2026-0712-10-02-06-03,8,9,スーパービジー,ルクスユアン,0.03832500739090863,0.03576376595019622,0.00256124144071241,1.0716155408320012,8,31.132258691007962,31.132258691007962,0
2026-0712-10-02-06-03,9,10,ルクスユアン,ジュンヴァッテッド,0.03576376595019622,0.03075642450321441,0.005007341446981815,1.162806357626469,9,44.64944649446495,44.64944649446495,0
2026-0712-10-02-06-03,10,11,ジュンヴァッテッド,アージュドール,0.03075642450321441,0.030401743236571202,0.00035468126664320657,1.0116664779346123,10,13.633715284521267,13.633715284521267,0
2026-0712-10-02-06-03,11,12,アージュドール,キービート,0.030401743236571202,0.026343835027447943,0.004057908209123259,1.1540363506260678,11,39.54165857448048,39.54165857448048,0
2026-0712-10-02-06-03,12,13,キービート,ワンダーシャッフル,0.026343835027447943,0.02424153744302833,0.002102297584419613,1.0867229477239373,12,27.617013012235386,27.617013012235386,0
2026-0712-10-02-06-03,13,14,ワンダーシャッフル,レヴロード,0.02424153744302833,0.008872786138874614,0.015368751304153716,2.7321223642276387,13,71.93629831035152,71.93629831035152,0
2026-0712-10-02-06-03,14,15,レヴロード,ウインビスタ,0.008872786138874614,0.007556118129875183,0.0013166680089994305,1.1742519090316526,14,21.946008933773548,21.946008933773548,0
2026-0712-10-02-06-04,1,2,ブランチアウト,セルヴァジオ,0.25993627281165205,0.2107251543554597,0.04921111845619236,1.2335322453871884,1,91.7653913381239,91.7653913381239,1
2026-0712-10-02-06-04,2,3,セルヴァジオ,ラミエルノムスコ,0.2107251543554597,0.20450570374075913,0.006219450614700556,1.0304121132121802,2,49.640706933385125,49.640706933385125,0
2026-0712-10-02-06-04,3,4,ラミエルノムスコ,タイムレスフレアー,0.20450570374075913,0.19595063542048005,0.00855506832027908,1.0436593037931274,3,58.205476791610025,58.205476791610025,0
2026-0712-10-02-06-04,4,5,タイムレスフレアー,レッドパラジウム,0.19595063542048005,0.18940615516122625,0.006544480259253804,1.0345526271502794,4,50.98077296562439,50.98077296562439,0
2026-0712-10-02-06-04,5,6,レッドパラジウム,フェブリノ,0.18940615516122625,0.1296480925245006,0.059758062636725645,1.4609251202475864,5,93.57156729462032,93.57156729462032,1
2026-0712-10-02-06-04,6,7,フェブリノ,エイシンニケ,0.1296480925245006,0.06400489814251141,0.06564319438198919,2.0255964197588443,6,94.34841716838221,94.34841716838221,1
2026-0712-10-02-06-04,7,8,エイシンニケ,スリーロンドン,0.06400489814251141,0.059629759985581475,0.004375138156929935,1.0733717217373984,7,41.40609827150903,41.40609827150903,0
2026-0712-10-02-06-04,8,9,スリーロンドン,グランスプリント,0.059629759985581475,0.021433879965637895,0.038195880019943576,2.782032934829251,8,88.56088560885608,88.56088560885608,0
2026-0712-10-02-06-04,9,10,グランスプリント,ゴリョウセイ,0.021433879965637895,0.019521349476478808,0.0019125304891590873,1.0979712233246728,9,26.082734511555643,26.082734511555643,0
2026-0712-10-02-06-04,10,11,ゴリョウセイ,サンタカリス,0.019521349476478808,0.017267309844333174,0.002254039632145634,1.130537973341885,10,28.782287822878228,28.782287822878228,0
2026-0712-10-02-06-04,11,12,サンタカリス,ウインラブソング,0.017267309844333174,0.015544789790712592,0.0017225200536205819,1.1108101220287792,11,24.62614099825209,24.62614099825209,0
2026-0712-10-02-06-04,12,13,ウインラブソング,シャドウクライ,0.015544789790712592,0.011368793911722965,0.004175995878989628,1.3673209235223744,12,40.35735094193047,40.35735094193047,0
2026-0712-10-02-06-05,1,2,サイモンレガシー,シュガーハウス,0.11872110953444903,0.11872110953444903,0.0,1.0,1,9.671780928335599,9.671780928335599,0
2026-0712-10-02-06-05,2,3,シュガーハウス,シュプレヒコール,0.11872110953444903,0.11872110953444903,0.0,1.0,2,9.671780928335599,9.671780928335599,0
2026-0712-10-02-06-05,3,4,シュプレヒコール,ロクメイカン,0.11872110953444903,0.11872110953444903,0.0,1.0,3,9.671780928335599,9.671780928335599,0
2026-0712-10-02-06-05,4,5,ロクメイカン,フェーエンハフト,0.11872110953444903,0.11872110953444903,0.0,1.0,4,9.671780928335599,9.671780928335599,0
2026-0712-10-02-06-05,5,6,フェーエンハフト,シックパラソル,0.11872110953444903,0.11872110953444903,0.0,1.0,5,9.671780928335599,9.671780928335599,0
2026-0712-10-02-06-05,6,7,シックパラソル,エルドボルグ,0.11872110953444903,0.11872110953444903,0.0,1.0,6,9.671780928335599,9.671780928335599,0
2026-0712-10-02-06-05,7,8,エルドボルグ,パーセンタイル,0.11872110953444903,0.11872110953444903,0.0,1.0,7,9.671780928335599,9.671780928335599,0
2026-0712-10-02-06-06,1,2,アンドヴェローナ,アトランタ,0.11047290715462127,0.11047290715462127,0.0,1.0,1,9.671780928335599,9.671780928335599,0
2026-0712-10-02-06-06,2,3,アトランタ,ジョン,0.11047290715462127,0.11047290715462127,0.0,1.0,2,9.671780928335599,9.671780928335599,0
2026-0712-10-02-06-06,3,4,ジョン,マルモリムソウ,0.11047290715462127,0.11047290715462127,0.0,1.0,3,9.671780928335599,9.671780928335599,0
2026-0712-10-02-06-06,4,5,マルモリムソウ,ビバームス,0.11047290715462127,0.11047290715462127,0.0,1.0,4,9.671780928335599,9.671780928335599,0
2026-0712-10-02-06-06,5,6,ビバームス,アームズラムレイ,0.11047290715462127,0.11047290715462127,0.0,1.0,5,9.671780928335599,9.671780928335599,0
2026-0712-10-02-06-06,6,7,アームズラムレイ,ララララブソング,0.11047290715462127,0.11047290715462127,0.0,1.0,6,9.671780928335599,9.671780928335599,0
2026-0712-10-02-06-06,7,8,ララララブソング,ブラックブレット,0.11047290715462127,0.11047290715462127,0.0,1.0,7,9.671780928335599,9.671780928335599,0
2026-0712-10-02-06-06,8,9,ブラックブレット,コパノキャンペーン,0.11047290715462127,0.11047290715462127,0.0,1.0,8,9.671780928335599,9.671780928335599,0
2026-0712-10-02-06-07,1,2,コルヴァス,エアフォースワン,0.16097144007889821,0.10425328189849883,0.05671815818039938,1.5440419442681936,1,93.10545737036318,93.10545737036318,1
2026-0712-10-02-06-07,2,3,エアフォースワン,オオツカ,0.10425328189849883,0.08003535768640849,0.024217924212090347,1.3025903164821242,2,81.54981549815497,81.54981549815497,0
2026-0712-10-02-06-07,3,4,オオツカ,ヴィエントデコラ,0.08003535768640849,0.07945389892364182,0.0005814587627666623,1.0073181904304718,3,15.808894931054574,15.808894931054574,0
2026-0712-10-02-06-07,4,5,ヴィエントデコラ,タマモスカイ,0.07945389892364182,0.07789443431716339,0.0015594646064784334,1.020020231485715,4,23.22781122548068,23.22781122548068,0
2026-0712-10-02-06-07,5,6,タマモスカイ,メイショウオグマ,0.07789443431716339,0.05723967408104614,0.020654760236117252,1.3608469224837305,5,78.71431345892407,78.71431345892407,0
2026-0712-10-02-06-07,6,7,メイショウオグマ,ラブインアクション,0.05723967408104614,0.05395922069656718,0.0032804533844789582,1.0607950474845842,6,35.46319673723053,35.46319673723053,0
2026-0712-10-02-06-07,7,8,ラブインアクション,セルジュバローズ,0.05395922069656718,0.042853592273098234,0.011105628423468947,1.2591527999028593,7,64.36201204117305,64.36201204117305,0
2026-0712-10-02-06-07,8,9,セルジュバローズ,ジュンプリメーロ,0.042853592273098234,0.042410611244164016,0.00044298102893421815,1.0104450517438646,8,14.42998640512721,14.42998640512721,0
2026-0712-10-02-06-07,9,10,ジュンプリメーロ,キリオス,0.042410611244164016,0.041150767334477256,0.00125984390968676,1.030615319987757,9,21.421635268984268,21.421635268984268,0
2026-0712-10-02-06-07,10,11,キリオス,ジェバーダ,0.041150767334477256,0.03276294825652412,0.008387819077953135,1.2560153931288176,10,57.506311905224315,57.506311905224315,0
2026-0712-10-02-06-07,11,12,ジェバーダ,リアルペガサス,0.03276294825652412,0.025689628022516255,0.007073320234007866,1.2753375886878664,11,53.117110118469604,53.117110118469604,0
2026-0712-10-02-06-07,12,13,リアルペガサス,ニシノミチアキ,0.025689628022516255,0.022335574944550327,0.003354053077965928,1.150166408802666,12,35.96814915517576,35.96814915517576,0
2026-0712-10-02-06-07,13,14,ニシノミチアキ,テーオーノーベル,0.022335574944550327,0.01739651719190221,0.004939057752648118,1.2839107217936223,13,44.377549038648276,44.377549038648276,0
2026-0712-10-02-06-08,1,2,ペイシャシス,ミッキーマーメイド,0.2801359921188801,0.17964238819319217,0.1004936039256879,1.559409195883181,1,97.57234414449407,97.57234414449407,1
2026-0712-10-02-06-08,2,3,ミッキーマーメイド,メイショウピリカ,0.17964238819319217,0.17608540003720632,0.0035569881559858463,1.0202003582082004,2,37.036317731598366,37.036317731598366,0
2026-0712-10-02-06-08,3,4,メイショウピリカ,ミリタリータトゥー,0.17608540003720632,0.16868006613021289,0.007405333906993439,1.0439016540417816,3,54.437754903864835,54.437754903864835,0
2026-0712-10-02-06-08,4,5,ミリタリータトゥー,コンバットペスカ,0.16868006613021289,0.08919048482698617,0.07948958130322671,1.8912338738535002,4,96.11575063119052,96.11575063119052,1
2026-0712-10-02-06-08,5,6,コンバットペスカ,エレガンシア,0.08919048482698617,0.037043148311232496,0.05214733651575368,2.4077458016693787,5,92.38687123713343,92.38687123713343,1
2026-0712-10-02-06-08,6,7,エレガンシア,ヴィーナスバブル,0.037043148311232496,0.03274426396046124,0.004298884350771255,1.1312866386601992,6,41.05651582831618,41.05651582831618,0
2026-0712-10-02-06-08,7,8,ヴィーナスバブル,レザンクレール,0.03274426396046124,0.013996620726666744,0.0187476432337945,2.3394406835698547,7,76.67508254029909,76.67508254029909,0
2026-0712-10-02-06-08,8,9,レザンクレール,タマモヒロイン,0.013996620726666744,0.013714643595231637,0.0002819771314351068,1.0205602959695683,8,12.953971644979609,12.953971644979609,0
2026-0712-10-02-06-09,1,2,ホウショウルクス,ショウナンバンライ,0.264466265938854,0.16460773717940702,0.09985852875944695,1.6066454133356471,1,97.53350165080599,97.53350165080599,1
2026-0712-10-02-06-09,2,3,ショウナンバンライ,タガノアニマシオン,0.16460773717940702,0.15503498122320125,0.00957275595620577,1.061745780730763,2,60.730238881336184,60.730238881336184,0
2026-0712-10-02-06-09,3,4,タガノアニマシオン,ブルックリンダンス,0.15503498122320125,0.10431535074065508,0.05071963048254617,1.4862144461234994,3,92.07613128762867,92.07613128762867,1
2026-0712-10-02-06-09,4,5,ブルックリンダンス,トモジャザーン,0.10431535074065508,0.0875157436207154,0.016799607119939677,1.191960970962522,4,74.20858419110506,74.20858419110506,0
2026-0712-10-02-06-09,5,6,トモジャザーン,ケイアイアルタイル,0.0875157436207154,0.08306990647345928,0.004445837147256118,1.0535192265887112,5,41.87220819576617,41.87220819576617,0
2026-0712-10-02-06-09,6,7,ケイアイアルタイル,サンライズケヴィン,0.08306990647345928,0.08145363628359122,0.0016162701898680687,1.01984282425699,6,23.616236162361623,23.616236162361623,0
2026-0712-10-02-06-09,7,8,サンライズケヴィン,テンエースワン,0.08145363628359122,0.07532958165641071,0.006124054627180506,1.0812968092019044,7,49.19401825597203,49.19401825597203,0
2026-0712-10-02-06-09,8,9,テンエースワン,プウスカンドゥール,0.07532958165641071,0.04494478397234011,0.030384797684070597,1.676047251729366,8,85.25927364536803,85.25927364536803,0
2026-0712-10-02-06-09,9,10,プウスカンドゥール,エンマ,0.04494478397234011,0.03437104491459572,0.010573739057744391,1.3076350772581324,9,62.8665760341814,62.8665760341814,0
2026-0712-10-02-06-10,1,2,ダノンカゼルタ,ジャスティンガルフ,0.08959384893760766,0.07582705299849989,0.013766795939107776,1.1815552021965054,1,69.62516993590988,69.62516993590988,0
2026-0712-10-02-06-10,2,3,ジャスティンガルフ,レイピカケ,0.07582705299849989,0.05182898530291899,0.023998067695580896,1.463024069549541,2,81.37502427655855,81.37502427655855,0
2026-0712-10-02-06-10,3,4,レイピカケ,フォーチュンライド,0.05182898530291899,0.04549228372881775,0.006336701574101239,1.139291788732232,3,50.10681685764226,50.10681685764226,0
2026-0712-10-02-06-10,4,5,フォーチュンライド,コリカンチャ,0.04549228372881775,0.04020092815969501,0.00529135556912274,1.1316227214482026,4,45.87298504563993,45.87298504563993,0
2026-0712-10-02-06-10,5,6,コリカンチャ,オウケンボルト,0.04020092815969501,0.03751337070638937,0.002687557453305643,1.071642654410895,5,32.06447853952224,32.06447853952224,0
2026-0712-10-02-06-10,6,7,オウケンボルト,プリズマジコ,0.03751337070638937,0.034317029465480986,0.003196341240908382,1.0931415478173463,6,34.822295591376964,34.822295591376964,0
2026-0712-10-02-06-10,7,8,プリズマジコ,アスクエピソード,0.034317029465480986,0.022428941335955688,0.011888088129525298,1.5300334042279375,7,66.05166051660517,66.05166051660517,0
2026-0712-10-02-06-10,8,9,アスクエピソード,オデット,0.022428941335955688,0.015799843237842077,0.006629098098113611,1.4195673335692542,8,51.291512915129154,51.291512915129154,0
2026-0712-10-02-06-10,9,10,オデット,ハッピーダンチャン,0.015799843237842077,0.015540993732733375,0.0002588495051087016,1.0166559172186973,9,12.64323169547485,12.64323169547485,0
2026-0712-10-02-06-10,10,11,ハッピーダンチャン,ショウナンハウル,0.015540993732733375,0.01535510227671028,0.00018589145602309481,1.0121061685342887,10,11.944066809089144,11.944066809089144,0
2026-0712-10-02-06-11,1,2,モックモック,モンブランミノル,0.22619438542653952,0.19554257643424866,0.030651808992290863,1.156752608824286,1,85.41464362012042,85.41464362012042,0
2026-0712-10-02-06-11,2,3,モンブランミノル,ジンセイ,0.19554257643424866,0.1303862769891182,0.06515629944513046,1.499717462218576,2,94.25131093416196,94.25131093416196,1
2026-0712-10-02-06-11,3,4,ジンセイ,レイナデアルシーラ,0.1303862769891182,0.104977229577564,0.025409047411554198,1.2420434175468533,3,82.48203534666926,82.48203534666926,0
2026-0712-10-02-06-11,4,5,レイナデアルシーラ,スナークラファエロ,0.104977229577564,0.09270695077358079,0.012270278803983209,1.1323555429403676,4,67.10040784618373,67.10040784618373,0
2026-0712-10-02-06-11,5,6,スナークラファエロ,ゴッドブルービー,0.09270695077358079,0.08652458813843872,0.006182362635142075,1.0714520897256434,5,49.56302194600893,49.56302194600893,0
2026-0712-10-02-06-11,6,7,ゴッドブルービー,シュラザック,0.08652458813843872,0.07709846223490555,0.009426125903533172,1.122260880830715,6,60.322392697611185,60.322392697611185,0
2026-0712-10-02-06-11,7,8,シュラザック,メルキオル,0.07709846223490555,0.04842627742817169,0.028672184806733857,1.5920790597473014,7,84.28821130316567,84.28821130316567,0
2026-0712-10-02-06-11,8,9,メルキオル,フェルヴェンテ,0.04842627742817169,0.037610754779058134,0.010815522649113556,1.2875646264651859,8,63.54631967372305,63.54631967372305,0
2026-0712-10-02-06-11,9,10,フェルヴェンテ,メイショウズイウン,0.037610754779058134,0.03186158651133847,0.005749168267719665,1.1804419960592272,9,47.81510973004467,47.81510973004467,0
2026-0712-10-02-06-11,10,11,メイショウズイウン,サンライズアリオン,0.03186158651133847,0.02865220948958659,0.0032093770217518774,1.1120115020420431,10,34.9582443192853,34.9582443192853,0
2026-0712-10-02-06-12,1,2,ベルファスト,ドルチェミスト,0.19955851291700175,0.13774225441678511,0.06181625850021663,1.448782102209326,1,93.86288599728103,93.86288599728103,1
2026-0712-10-02-06-12,2,3,ドルチェミスト,ノボリリア,0.13774225441678511,0.1296306592414963,0.00811159517528881,1.0625746657677428,2,56.53524956302195,56.53524956302195,0
2026-0712-10-02-06-12,3,4,ノボリリア,ウインマスカレード,0.1296306592414963,0.10824237389634225,0.02138828534515405,1.1975962331132577,3,79.35521460477763,79.35521460477763,0
2026-0712-10-02-06-12,4,5,ウインマスカレード,ウォーターデライト,0.10824237389634225,0.09932497351118215,0.008917400385160104,1.0897800429230033,4,59.00174791221596,59.00174791221596,0
2026-0712-10-02-06-12,5,6,ウォーターデライト,フィラーエ,0.09932497351118215,0.06154825862153215,0.03777671488965,1.6137739025557765,5,88.4443581277918,88.4443581277918,0
2026-0712-10-02-06-12,6,7,フィラーエ,テルヴィセクス,0.06154825862153215,0.059408401835750094,0.002139856785782053,1.0360194302431875,6,27.869489221208,27.869489221208,0
2026-0712-10-02-06-12,7,8,テルヴィセクス,セレブトーチ,0.059408401835750094,0.058027356369500266,0.0013810454662498278,1.0237999032293623,7,22.217906389590212,22.217906389590212,0
2026-0712-10-02-06-12,8,9,セレブトーチ,ベネメレンティ,0.058027356369500266,0.03989464011047719,0.018132716259023074,1.4545150979883394,8,75.87881141969315,75.87881141969315,0
2026-0712-10-02-06-12,9,10,ベネメレンティ,ジューンオアシス,0.03989464011047719,0.032766102210839955,0.007128537899637237,1.2175583123609655,9,53.408428821130315,53.408428821130315,0
2026-0712-10-02-06-12,10,11,ジューンオアシス,モルティフレーバー,0.032766102210839955,0.03050206769766266,0.002264034513177294,1.0742256077725112,10,28.821130316566325,28.821130316566325,0
2026-0712-10-02-06-12,11,12,モルティフレーバー,シャインベック,0.03050206769766266,0.02624873831434383,0.004253329383318832,1.1620393838508636,11,40.80403961934356,40.80403961934356,0
2026-0712-10-02-06-12,12,13,シャインベック,ギザキズラヴ,0.02624873831434383,0.024108966901714816,0.002139771412629013,1.0887541727255354,12,27.83064672751991,27.83064672751991,0
2026-0712-10-02-06-12,13,14,ギザキズラヴ,リアルアルバ,0.024108966901714816,0.022487950382638462,0.0016210165190763542,1.072083782269808,13,23.69392114973781,23.69392114973781,0
2026-0712-10-02-06-12,14,15,リアルアルバ,ラブカムーン,0.022487950382638462,0.021806400203954936,0.0006815501786835258,1.0312545937114332,14,16.760536026412893,16.760536026412893,0
2026-0712-10-02-06-12,15,16,ラブカムーン,ジュエルハウス,0.021806400203954936,0.01809588811058056,0.003710512093374377,1.2050472499995655,15,37.77432511167217,37.77432511167217,0
2026-0712-10-02-06-12,16,17,ジュエルハウス,アットザラヴアスク,0.01809588811058056,0.00623526976117955,0.01186061834940101,2.902182071294585,16,65.99339677607303,65.99339677607303,0
2026-0718-02-01-11-01,1,2,イッペイ,ロジクラウン,0.31102275511464134,0.29983008034174446,0.011192674772896871,1.0373300596128965,1,64.59506700330161,64.59506700330161,0
2026-0718-02-01-11-01,2,3,ロジクラウン,ガーシュウィン,0.29983008034174446,0.12895619341799788,0.17087388692374658,2.325053744180219,2,99.66983880365119,99.66983880365119,1
2026-0718-02-01-11-01,3,4,ガーシュウィン,レインボースター,0.12895619341799788,0.11117824141237959,0.017777952005618297,1.1599049578386185,3,75.54865022334434,75.54865022334434,0
2026-0718-02-01-11-01,4,5,レインボースター,サンゴート,0.11117824141237959,0.10673648655032979,0.004441754862049799,1.041614212773955,4,41.833365702078076,41.833365702078076,0
2026-0718-02-01-11-01,5,6,サンゴート,アートオブブライト,0.10673648655032979,0.09581561090704543,0.010920875643284353,1.1139780411553095,5,63.79879588269567,63.79879588269567,0
2026-0718-02-01-11-01,6,7,アートオブブライト,ハイビスカス,0.09581561090704543,0.08876219148585211,0.0070534194211933215,1.0794642324972066,6,53.00058263740532,53.00058263740532,0
2026-0718-02-01-11-01,7,8,ハイビスカス,ロードレスポンス,0.08876219148585211,0.07222815939047457,0.016534032095377543,1.228913933774672,7,73.78131676053603,73.78131676053603,0
2026-0718-02-01-11-02,1,2,マーマレードスカイ,ドリームガッサン,0.16876392117467984,0.16648079407097516,0.0022831271037046796,1.01371405702649,1,28.937657797630607,28.937657797630607,0
2026-0718-02-01-11-02,2,3,ドリームガッサン,チュラヴェール,0.16648079407097516,0.06731421947399346,0.0991665745969817,2.4731891028654687,2,97.51408040396193,97.51408040396193,1
2026-0718-02-01-11-02,3,4,チュラヴェール,メメボス,0.06731421947399346,0.056305870655428227,0.011008348818565238,1.1955097877081484,3,64.09011458535639,64.09011458535639,0
2026-0718-02-01-11-02,4,5,メメボス,メモリーデイズ,0.056305870655428227,0.0550426754421166,0.001263195213311627,1.0229493788803927,4,21.460477762672365,21.460477762672365,0
2026-0718-02-01-11-02,5,6,メモリーデイズ,ジェッディンデデン,0.0550426754421166,0.05338870914386762,0.0016539662982489808,1.0309797019776599,5,24.004661099242572,24.004661099242572,0
2026-0718-02-01-11-02,6,7,ジェッディンデデン,コシタンタン,0.05338870914386762,0.04751097785627234,0.005877731287595278,1.123713119636819,6,48.358904641677995,48.358904641677995,0
2026-0718-02-01-11-02,7,8,コシタンタン,レディリリス,0.04751097785627234,0.04745728931084379,5.368854542855267e-05,1.0011313024028172,7,10.33210332103321,10.33210332103321,0
2026-0718-02-01-11-02,8,9,レディリリス,クリーンブーケ,0.04745728931084379,0.021632073178825133,0.025825216132018654,2.1938391627344362,8,82.81219654301806,82.81219654301806,0
2026-0718-02-01-11-02,9,10,クリーンブーケ,ジャストキュート,0.021632073178825133,0.019145514689206805,0.0024865584896183283,1.1298768160576071,9,30.510778791998444,30.510778791998444,0
2026-0718-02-01-11-02,10,11,ジャストキュート,ペイシャクロス,0.019145514689206805,0.01774076407308639,0.0014047506161204149,1.0791820809032397,10,22.47038259856283,22.47038259856283,0
2026-0718-02-01-11-02,11,12,ペイシャクロス,ブルーメンフェスト,0.01774076407308639,0.01769264335133706,4.812072174932916e-05,1.002719815281061,11,10.234997086812973,10.234997086812973,0
2026-0718-02-01-11-03,1,2,リバーソニック,ウインガネーシャ,0.23150503894453414,0.20578164574865873,0.02572339319587541,1.1250033408095779,1,82.67624781510973,82.67624781510973,0
2026-0718-02-01-11-03,2,3,ウインガネーシャ,ポップアップ,0.20578164574865873,0.1995369150561351,0.006244730692523626,1.031296117266155,2,49.71839192076131,49.71839192076131,0
2026-0718-02-01-11-03,3,4,ポップアップ,ザンテソーロ,0.1995369150561351,0.10903583995859577,0.09050107509753934,1.8300121788570194,3,96.97028549232861,96.97028549232861,1
2026-0718-02-01-11-03,4,5,ザンテソーロ,ジャストグレース,0.10903583995859577,0.0978616987031793,0.011174141255416464,1.1141829888862684,4,64.53680326276947,64.53680326276947,0
2026-0718-02-01-11-03,5,6,ジャストグレース,マーゴットデウス,0.0978616987031793,0.07449944283807736,0.023362255865101947,1.313589672286264,5,80.92833559914546,80.92833559914546,0
2026-0718-02-01-11-03,6,7,マーゴットデウス,ハイランダー,0.07449944283807736,0.05635855817481695,0.018140884663260408,1.3218834060124416,6,75.91765391338124,75.91765391338124,0
2026-0718-02-01-11-03,7,8,ハイランダー,フェンリル,0.05635855817481695,0.02579056337433506,0.03056799480048189,2.18523951403485,7,85.35637987958827,85.35637987958827,0
2026-0718-02-01-11-03,8,9,フェンリル,ゴールデンボブ,0.02579056337433506,0.018728604302068175,0.007061959072266883,1.3770680910529483,8,53.0782676247815,53.0782676247815,0
2026-0718-02-01-11-03,9,10,ゴールデンボブ,リベンジャー,0.018728604302068175,0.01731603810393931,0.0014125661981288645,1.0815756000102306,9,22.52864633909497,22.52864633909497,0
2026-0718-02-01-11-03,10,11,リベンジャー,エトワールブルー,0.01731603810393931,0.01574091085010888,0.0015751272538304315,1.1000658264842111,10,23.402602447077104,23.402602447077104,0
2026-0718-02-01-11-03,11,12,エトワールブルー,エースオブゴールド,0.01574091085010888,0.012415225465923135,0.003325685384185744,1.2678715254357615,11,35.71567294620315,35.71567294620315,0
2026-0718-02-01-11-04,1,2,ニシノオールワン,ホウオウザロイヤル,0.23362112117249365,0.16473957007193216,0.06888155110056149,1.418123897436936,1,94.62031462419887,94.62031462419887,1
2026-0718-02-01-11-04,2,3,ホウオウザロイヤル,スッサンエア,0.16473957007193216,0.15994910725401085,0.004790462817921309,1.0299499190721566,2,43.58127791804234,43.58127791804234,0
2026-0718-02-01-11-04,3,4,スッサンエア,スノーガーネット,0.15994910725401085,0.13066545757603387,0.029283649677976975,1.224111637621878,3,84.65721499320257,84.65721499320257,0
2026-0718-02-01-11-04,4,5,スノーガーネット,ココソラーレ,0.13066545757603387,0.09975486377322938,0.03091059380280449,1.3098655306980609,4,85.60885608856088,85.60885608856088,0
2026-0718-02-01-11-04,5,6,ココソラーレ,メカニックバレエ,0.09975486377322938,0.09331357829396605,0.006441285479263328,1.0690283836182053,5,50.534084288211304,50.534084288211304,0
2026-0718-02-01-11-04,6,7,メカニックバレエ,ヨドノサファイア,0.09331357829396605,0.058687238475545814,0.03462633981842024,1.5900148093158033,6,87.00718586133229,87.00718586133229,0
2026-0718-02-01-11-04,7,8,ヨドノサファイア,シュヴェスター,0.058687238475545814,0.04340419145487404,0.01528304702067177,1.352109934741235,7,71.7615070887551,71.7615070887551,0
2026-0718-02-01-11-04,8,9,シュヴェスター,レッドアイスピア,0.04340419145487404,0.025441849484181833,0.01796234197069221,1.7060155741374101,8,75.72344144494076,75.72344144494076,0
2026-0718-02-01-11-04,9,10,レッドアイスピア,オリヒメボシ,0.025441849484181833,0.024616042195258356,0.0008258072889234767,1.0335475249178174,9,17.964653330743836,17.964653330743836,0
2026-0718-02-01-11-04,10,11,オリヒメボシ,エコロデュラン,0.024616042195258356,0.02257493247244531,0.002041109722813045,1.0904148761155499,10,27.170324334822293,27.170324334822293,0
2026-0718-02-01-11-04,11,12,エコロデュラン,イズントイット,0.02257493247244531,0.013849748494578129,0.008725183977867182,1.6299886226297104,11,58.59390172849097,58.59390172849097,0
2026-0718-02-01-11-04,12,13,イズントイット,ガルフコースト,0.013849748494578129,0.011687465255877367,0.0021622832387007615,1.1850087415330195,12,28.02485919596038,28.02485919596038,0
2026-0718-02-01-11-04,13,14,ガルフコースト,エルファリス,0.011687465255877367,0.011113668190428048,0.0005737970654493187,1.0516298539435898,13,15.614682462614098,15.614682462614098,0
2026-0718-02-01-11-04,14,15,エルファリス,デルマアサマ,0.011113668190428048,0.010189236225506462,0.0009244319649215869,1.090726325748291,14,18.702660710817636,18.702660710817636,0
2026-0718-02-01-11-04,15,16,デルマアサマ,シバノパージャン,0.010189236225506462,0.008980295363565483,0.001208940861940979,1.1346215033022018,15,21.130316566323557,21.130316566323557,0
2026-0718-02-01-11-05,1,2,モンロワイヤル,イトシサ,0.24176450735631544,0.14269456644986878,0.09906994090644666,1.694279700840969,1,97.47523791027383,97.47523791027383,1
2026-0718-02-01-11-05,2,3,イトシサ,メイショウセンドウ,0.14269456644986878,0.13337306751444908,0.009321498935419698,1.069890414227819,2,59.89512526704215,59.89512526704215,0
2026-0718-02-01-11-05,3,4,メイショウセンドウ,サンオブザサン,0.13337306751444908,0.11674290506019712,0.01663016245425196,1.1424511617701891,3,74.05321421635269,74.05321421635269,0
2026-0718-02-01-11-05,4,5,サンオブザサン,ペガサスウィンド,0.11674290506019712,0.09933515720128028,0.01740774785891684,1.1752425661706456,4,75.0825402990872,75.0825402990872,0
2026-0718-02-01-11-05,5,6,ペガサスウィンド,コウソクユノ,0.09933515720128028,0.09111637671011305,0.008218780491167227,1.0902009143462243,5,56.84598951252671,56.84598951252671,0
2026-0718-02-01-11-05,6,7,コウソクユノ,バンダムソレール,0.09111637671011305,0.07176987849816362,0.019346498211949434,1.269562922730104,6,77.25771994562051,77.25771994562051,0
2026-0718-02-01-11-05,7,8,バンダムソレール,レースクイーン,0.07176987849816362,0.0689945151589263,0.0027753633392373217,1.0402258546616985,7,32.55000971062342,32.55000971062342,0
2026-0718-02-01-11-05,8,9,レースクイーン,チャーチルデュース,0.0689945151589263,0.05584992168417136,0.013144593474754933,1.2353556294865906,8,68.57642260633132,68.57642260633132,0
2026-0718-02-01-11-05,9,10,チャーチルデュース,ダノンアクション,0.05584992168417136,0.03832416740084168,0.017525754283329684,1.4573029362914427,9,75.25733152068362,75.25733152068362,0
2026-0718-02-01-11-05,10,11,ダノンアクション,ディープマウンテン,0.03832416740084168,0.033111278633926336,0.005212888766915343,1.1574354413959156,10,45.60108758982327,45.60108758982327,0
2026-0718-02-01-11-05,11,12,ディープマウンテン,ルージュプルーヴ,0.033111278633926336,0.02942732150182032,0.0036839571321060152,1.125188326497134,11,37.63837638376384,37.63837638376384,0
2026-0718-02-01-11-05,12,13,ルージュプルーヴ,ホウオウライセンス,0.02942732150182032,0.01662382072799484,0.012803500773825482,1.770190017284302,12,68.05204894154204,68.05204894154204,0
2026-0718-02-01-11-05,13,14,ホウオウライセンス,フロムザムーン,0.01662382072799484,0.013644238457235463,0.0029795822707593764,1.2183765902434314,13,33.54049329966984,33.54049329966984,0
2026-0718-02-01-11-06,1,2,トリニタリオ,ショウナンマルチ,0.3112605729199548,0.2940087782147814,0.017251794705173407,1.0586778218321444,1,74.88832783064673,74.88832783064673,0
2026-0718-02-01-11-06,2,3,ショウナンマルチ,ジュラトリー,0.2940087782147814,0.18475948298342817,0.10924929523135321,1.5913054824966804,2,98.03845406875121,98.03845406875121,1
2026-0718-02-01-11-06,3,4,ジュラトリー,テンユウ,0.18475948298342817,0.12260835018255291,0.06215113280087527,1.506907830570575,3,93.92114973781317,93.92114973781317,1
2026-0718-02-01-11-06,4,5,テンユウ,ホテルストリート,0.12260835018255291,0.0947251608560275,0.027883189326525407,1.2943588490591744,4,83.86094387259662,83.86094387259662,0
2026-0718-02-01-11-06,5,6,ホテルストリート,エイシンリーガル,0.0947251608560275,0.09121779505815125,0.0035073657978762496,1.0384504558089822,5,36.803262769469804,36.803262769469804,0
2026-0718-02-01-11-06,6,7,エイシンリーガル,イーサンミラー,0.09121779505815125,0.08943633941257757,0.001781455645573679,1.019918700354625,6,25.033987181977086,25.033987181977086,0
2026-0718-02-01-11-06,7,8,イーサンミラー,コスモクラシック,0.08943633941257757,0.07552310798270194,0.013913231429875633,1.1842248260368518,7,69.9164886385706,69.9164886385706,0
2026-0718-02-01-11-06,8,9,コスモクラシック,グローリーバローズ,0.07552310798270194,0.06513465277329257,0.01038845520940937,1.1594919872462879,8,62.40046610992426,62.40046610992426,0
2026-0718-02-01-11-06,9,10,グローリーバローズ,ファインブライト,0.06513465277329257,0.024534352521803336,0.04060030025148924,2.654834796043968,9,89.39599922315013,89.39599922315013,0
2026-0718-02-01-11-06,10,11,ファインブライト,ホウショウリュウ,0.024534352521803336,0.024095307494656566,0.00043904502714676996,1.0182211838236193,10,14.391143911439114,14.391143911439114,0
2026-0718-02-01-11-06,11,12,ホウショウリュウ,カリドーラ,0.024095307494656566,0.012918468904809936,0.01117683858984663,1.865182915421591,11,64.55622450961351,64.55622450961351,0
2026-0718-02-01-11-07,1,2,パラダイスフェイス,ストロングボーイ,0.14347274758301579,0.12410863528083259,0.019364112302183198,1.1560255034499909,1,77.27714119246455,77.27714119246455,0
2026-0718-02-01-11-07,2,3,ストロングボーイ,ウィズマスタング,0.12410863528083259,0.09577508907693409,0.028333546203898496,1.2958341931808464,2,84.05515634103709,84.05515634103709,0
2026-0718-02-01-11-07,3,4,ウィズマスタング,タイセツナヒ,0.09577508907693409,0.07310120140481408,0.022673887672120016,1.310171204253653,3,80.38454068751214,80.38454068751214,0
2026-0718-02-01-11-07,4,5,タイセツナヒ,グランセレスト,0.07310120140481408,0.06257059165533618,0.010530609749477893,1.1682996671580907,4,62.71120605942902,62.71120605942902,0
2026-0718-02-01-11-07,5,6,グランセレスト,エンダードラゴン,0.06257059165533618,0.059560752994041226,0.003009838661294957,1.0505339256136683,5,33.812390755486504,33.812390755486504,0
2026-0718-02-01-11-07,6,7,エンダードラゴン,イサギ,0.059560752994041226,0.05611601145340162,0.0034447415406396037,1.061386072377936,6,36.35657409205671,36.35657409205671,0
2026-0718-02-01-11-07,7,8,イサギ,ホウオウバローロ,0.05611601145340162,0.054039863244019055,0.0020761482093825667,1.0384188279679325,7,27.461643037483007,27.461643037483007,0
2026-0718-02-01-11-07,8,9,ホウオウバローロ,ノリノドラゴン,0.054039863244019055,0.042003496471316216,0.012036366772702839,1.286556305638088,8,66.45950670033017,66.45950670033017,0
2026-0718-02-01-11-07,9,10,ノリノドラゴン,カーマンライン,0.042003496471316216,0.03073521153129052,0.011268284940025696,1.3666246099706787,9,64.76985822489803,64.76985822489803,0
2026-0718-02-01-11-07,10,11,カーマンライン,ガラスノブルース,0.03073521153129052,0.026582252608314316,0.004152958922976204,1.1562305115435272,10,40.22140221402214,40.22140221402214,0
2026-0718-02-01-11-07,11,12,ガラスノブルース,タイセイデクスター,0.026582252608314316,0.024237328584944047,0.0023449240233702692,1.096748452089184,11,29.423188968731793,29.423188968731793,0
2026-0718-02-01-11-07,12,13,タイセイデクスター,ディアスポラ,0.024237328584944047,0.017009711213732015,0.007227617371212032,1.424911233376916,12,53.738590017479126,53.738590017479126,0
2026-0718-02-01-11-07,13,14,ディアスポラ,シェーンルスカ,0.017009711213732015,0.006213725445530691,0.010795985768201323,2.7374417107480165,13,63.46863468634686,63.46863468634686,0
2026-0718-02-01-11-08,1,2,メイショウテンク,アーレムアレス,0.25918054766055215,0.25737629058083733,0.0018042570797148216,1.0070101914812861,1,25.2476208972616,25.2476208972616,0
2026-0718-02-01-11-08,2,3,アーレムアレス,マテンロウオリジン,0.25737629058083733,0.24095144283121425,0.016424847749623078,1.0681666295774317,2,73.60652553893961,73.60652553893961,0
2026-0718-02-01-11-08,3,4,マテンロウオリジン,アスクファイアモア,0.24095144283121425,0.16241833866369013,0.07853310416752413,1.4835236267878462,3,95.99922315012623,95.99922315012623,1
2026-0718-02-01-11-08,4,5,アスクファイアモア,ワンダフルデイズ,0.16241833866369013,0.13081298296872712,0.031605355694963005,1.2416071782608822,4,85.91959603806565,85.91959603806565,0
2026-0718-02-01-11-08,5,6,ワンダフルデイズ,テイクザクラウン,0.13081298296872712,0.12210753486986517,0.008705448098861951,1.0712932916722928,5,58.51621674111478,58.51621674111478,0
2026-0718-02-01-11-08,6,7,テイクザクラウン,マイネルゼウス,0.12210753486986517,0.11623378736212872,0.005873747507736449,1.0505339079198777,6,48.300640901145854,48.300640901145854,0
2026-0718-02-01-11-08,7,8,マイネルゼウス,バルドル,0.11623378736212872,0.11577626270601164,0.00045752465611707815,1.003951800182727,7,14.56593513303554,14.56593513303554,0
2026-0718-02-01-11-08,8,9,バルドル,シャインバオバブ,0.11577626270601164,0.060990555667572395,0.05478570703843925,1.8982654189453112,8,92.79471742085842,92.79471742085842,1
2026-0718-02-01-11-08,9,10,シャインバオバブ,ペリプルス,0.060990555667572395,0.060569451953869695,0.00042110371370270017,1.0069524108295287,9,14.19693144299864,14.19693144299864,0
2026-0718-02-01-11-08,10,11,ペリプルス,ジーティートシオー,0.060569451953869695,0.01965324949834188,0.040916202455527816,3.08190520651457,10,89.57079044474655,89.57079044474655,0
2026-0718-02-01-11-08,11,12,ジーティートシオー,エリナ,0.01965324949834188,0.007133896208963571,0.012519353289378308,2.7549110503805814,11,67.48883278306467,67.48883278306467,0
2026-0718-02-01-11-09,1,2,ドッグウッド,グランセゾン,0.29306643985868897,0.11094138500215732,0.18212505485653163,2.641633145764226,1,99.78636628471548,99.78636628471548,1
2026-0718-02-01-11-09,2,3,グランセゾン,マイネルシンベリン,0.11094138500215732,0.11039721937158357,0.0005441656305737452,1.0049291606588582,2,15.2456787725772,15.2456787725772,0
2026-0718-02-01-11-09,3,4,マイネルシンベリン,ディーリライズ,0.11039721937158357,0.09195086777822817,0.018446351593355406,1.2006109571238117,3,76.36434259079434,76.36434259079434,0
2026-0718-02-01-11-09,4,5,ディーリライズ,ゴーゴータカシ,0.09195086777822817,0.08114747112463833,0.010803396653589842,1.1331328814547577,4,63.507477180034954,63.507477180034954,0
2026-0718-02-01-11-09,5,6,ゴーゴータカシ,ウインポセイドン,0.08114747112463833,0.07417156998514873,0.006975901139489593,1.0940508761090855,5,52.748106428432706,52.748106428432706,0
2026-0718-02-01-11-09,6,7,ウインポセイドン,コウギョク,0.07417156998514873,0.0739756780102878,0.00019589197486093168,1.0026480592017513,6,12.060594290153428,12.060594290153428,0
2026-0718-02-01-11-09,7,8,コウギョク,マカナアネラ,0.0739756780102878,0.07159804420483935,0.002377633805448448,1.0332080831516308,7,29.73392891823655,29.73392891823655,0
2026-0718-02-01-11-09,8,9,マカナアネラ,ハミルトン,0.07159804420483935,0.05821026524860019,0.01338777895623916,1.2299900008883933,8,69.04253253058846,69.04253253058846,0
2026-0718-02-01-11-09,9,10,ハミルトン,ビービーバザーク,0.05821026524860019,0.04935098074445826,0.008859284504141932,1.1795158752774484,9,58.86579918430763,58.86579918430763,0
2026-0718-02-01-11-09,10,11,ビービーバザーク,アドミラルシップ,0.04935098074445826,0.042796734260092624,0.0065542464843656376,1.1531482856736894,10,51.00019421246844,51.00019421246844,0
2026-0718-02-01-11-09,11,12,アドミラルシップ,マイバラード,0.042796734260092624,0.0395850158868387,0.003211718373253923,1.0811346996155118,11,34.977665566129346,34.977665566129346,0
2026-0718-02-01-11-09,12,13,マイバラード,ホウオウペトリュス,0.0395850158868387,0.02668580989656276,0.012899205990275942,1.4833732249564369,12,68.24626140998252,68.24626140998252,0
2026-0718-02-01-11-10,1,2,マナボニート,アパッシメント,0.2818977067582647,0.1428750754498284,0.1390226313084363,1.9730362757166495,1,99.16488638570597,99.16488638570597,1
2026-0718-02-01-11-10,2,3,アパッシメント,マジカルフェアリー,0.1428750754498284,0.11767174009785596,0.02520333535197243,1.214183416774608,2,82.36550786560497,82.36550786560497,0
2026-0718-02-01-11-10,3,4,マジカルフェアリー,サンドロナイト,0.11767174009785596,0.07561197026237185,0.04205976983548411,1.5562580857176138,3,89.90095164109536,89.90095164109536,0
2026-0718-02-01-11-10,4,5,サンドロナイト,フードマン,0.07561197026237185,0.07547148149394017,0.00014048876843167357,1.001861481524554,4,11.283744416391531,11.283744416391531,0
2026-0718-02-01-11-10,5,6,フードマン,ムチャスグラシアス,0.07547148149394017,0.05955998657588366,0.01591149491805651,1.2671507472182542,5,72.79083317148961,72.79083317148961,0
2026-0718-02-01-11-10,6,7,ムチャスグラシアス,エクストラバック,0.05955998657588366,0.05225974405934581,0.007300242516537853,1.1396915091709547,6,54.107593707516024,54.107593707516024,0
2026-0718-02-01-11-10,7,8,エクストラバック,フミサウンド,0.05225974405934581,0.039405072119692054,0.012854671939653756,1.3262187136876178,7,68.18799766945038,68.18799766945038,0
2026-0718-02-01-11-10,8,9,フミサウンド,バシレウスシチー,0.039405072119692054,0.028173934210654457,0.011231137909037597,1.398635768262366,8,64.65333074383376,64.65333074383376,0
2026-0718-02-01-11-10,9,10,バシレウスシチー,ストリンジェンド,0.028173934210654457,0.013732047570328837,0.01444188664032562,2.051692150523171,9,70.40201980967178,70.40201980967178,0
2026-0718-02-01-11-11,1,2,イガッチ,ウェイワードアクト,0.16887835346164973,0.16525049058676755,0.003627862874882176,1.021953719241622,1,37.28879394057098,37.28879394057098,0
2026-0718-02-01-11-11,2,3,ウェイワードアクト,ヒルノハンブルク,0.16525049058676755,0.14625053128508547,0.01899995930168208,1.1299137796952379,2,77.00524373664788,77.00524373664788,0
2026-0718-02-01-11-11,3,4,ヒルノハンブルク,レヴォントゥレット,0.14625053128508547,0.0959897837484001,0.05026074753668537,1.5236051751968145,3,91.99844630025248,91.99844630025248,1
2026-0718-02-01-11-11,4,5,レヴォントゥレット,ラタフォレスト,0.0959897837484001,0.09191649522905752,0.004073288519342577,1.0443150982768856,4,39.65818605554476,39.65818605554476,0
2026-0718-02-01-11-11,5,6,ラタフォレスト,チュウワクリスエス,0.09191649522905752,0.08799749503978661,0.00391900018927091,1.0445353607792927,5,38.978442416003105,38.978442416003105,0
2026-0718-02-01-11-11,6,7,チュウワクリスエス,ハグ,0.08799749503978661,0.07271520259326104,0.01528229244652557,1.2101664012683624,6,71.74208584191105,71.74208584191105,0
2026-0718-02-01-11-11,7,8,ハグ,オウギノカナメ,0.07271520259326104,0.0606891276910992,0.012026074902161843,1.1981586382881164,7,66.42066420664207,66.42066420664207,0
2026-0718-02-01-11-11,8,9,オウギノカナメ,ホールシバン,0.0606891276910992,0.041352714577242766,0.019336413113856435,1.467597189484089,8,77.23829869877646,77.23829869877646,0
2026-0718-02-01-11-11,9,10,ホールシバン,コトホドサヨウニ,0.041352714577242766,0.035096406951848194,0.006256307625394572,1.1782606303254388,9,49.75723441444941,49.75723441444941,0
2026-0718-02-01-11-11,10,11,コトホドサヨウニ,マーブルロック,0.035096406951848194,0.034835445892388635,0.00026096105945955933,1.007491250729665,10,12.682074189162945,12.682074189162945,0
2026-0718-02-01-11-11,11,12,マーブルロック,アスクデビューモア,0.034835445892388635,0.03135259849639801,0.0034828473959906264,1.1110864031378693,11,36.64789279471742,36.64789279471742,0
2026-0718-02-01-11-11,12,13,アスクデビューモア,テーオードレフォン,0.03135259849639801,0.02996618578904461,0.0013864127073533981,1.0462659050809282,12,22.334433870654497,22.334433870654497,0
2026-0718-02-01-11-12,1,2,ハーモニーソング,ランプローグ,0.21824217733341428,0.19328988682686268,0.024952290506551594,1.1290925816977808,1,82.05476791610022,82.05476791610022,0
2026-0718-02-01-11-12,2,3,ランプローグ,ルージュベルベット,0.19328988682686268,0.15058891036567484,0.04270097646118784,1.2835599006427307,2,90.05632161584774,90.05632161584774,1
2026-0718-02-01-11-12,3,4,ルージュベルベット,バレンタインビスタ,0.15058891036567484,0.14330743069961996,0.007281479666054885,1.0508102031451338,3,54.04932996698388,54.04932996698388,0
2026-0718-02-01-11-12,4,5,バレンタインビスタ,ラミアメンテ,0.14330743069961996,0.13337185989326789,0.009935570806352073,1.074495255703138,4,61.48766750825403,61.48766750825403,0
2026-0718-02-01-11-12,5,6,ラミアメンテ,メイショウハッケイ,0.13337185989326789,0.12653165352756743,0.0068402063657004575,1.0540592505906847,5,52.223732763643426,52.223732763643426,0
2026-0718-02-01-11-12,6,7,メイショウハッケイ,ルージュナリッシュ,0.12653165352756743,0.09424503786881987,0.03228661565874756,1.3425815978098228,6,86.17207224703826,86.17207224703826,0
2026-0718-02-01-11-12,7,8,ルージュナリッシュ,アルバニー,0.09424503786881987,0.05806255129781083,0.03618248657100904,1.6231639113724796,7,87.76461448825015,87.76461448825015,0
2026-0718-02-01-11-12,8,9,アルバニー,エコロハート,0.05806255129781083,0.047085069462456317,0.010977481835354512,1.233141459929405,8,63.99300835113614,63.99300835113614,0
2026-0718-02-01-11-12,9,10,エコロハート,アルマロクザン,0.047085069462456317,0.03438054973331339,0.012704519729142924,1.3695263696389575,9,67.93552146047776,67.93552146047776,0
2026-0718-02-01-11-12,10,11,アルマロクザン,メラヴィリオーザ,0.03438054973331339,0.03137509052297394,0.0030054592103394492,1.0957912522400133,10,33.79296950864246,33.79296950864246,0
2026-0718-02-01-11-12,11,12,メラヴィリオーザ,オンザヴィーナス,0.03137509052297394,0.028138566088841657,0.0032365244341322867,1.1150209439924421,11,35.13303554088172,35.13303554088172,0
2026-0718-03-02-07-01,1,2,シュネーバレン,エーアイクワイ,0.25800837483783706,0.1888909253879802,0.06911744944985687,1.3659119637848682,1,94.65915711788698,94.65915711788698,1
2026-0718-03-02-07-01,2,3,エーアイクワイ,サリードゥ,0.1888909253879802,0.16906186434862452,0.019829061039355667,1.117288787248116,2,77.80151485725384,77.80151485725384,0
2026-0718-03-02-07-01,3,4,サリードゥ,ショウナンハーヴェ,0.16906186434862452,0.14792652856363753,0.021135335784986997,1.1428772512287724,3,79.1415808894931,79.1415808894931,0
2026-0718-03-02-07-01,4,5,ショウナンハーヴェ,アイデアルカット,0.14792652856363753,0.035097417228654636,0.11282911133498288,4.214741147472973,4,98.1938240435036,98.1938240435036,1
2026-0718-03-02-07-01,5,6,アイデアルカット,プリンセスロッティ,0.035097417228654636,0.03407150289511996,0.0010259143335346749,1.030110627543865,5,19.537774325111673,19.537774325111673,0
2026-0718-03-02-07-01,6,7,プリンセスロッティ,イサチルサリーレ,0.03407150289511996,0.03286890385234235,0.0012025990427776134,1.0365877440933253,6,21.072052825791417,21.072052825791417,0
2026-0718-03-02-07-01,7,8,イサチルサリーレ,エーオープリマ,0.03286890385234235,0.032515767613910125,0.0003531362384322223,1.0108604613806242,7,13.59487279083317,13.59487279083317,0
2026-0718-03-02-07-01,8,9,エーオープリマ,ウインリスノアール,0.032515767613910125,0.023955428569099792,0.008560339044810333,1.357344433230151,8,58.24431928529812,58.24431928529812,0
2026-0718-03-02-07-01,9,10,ウインリスノアール,アミノショコラ,0.023955428569099792,0.01695190494305452,0.007003523626045272,1.4131408033239787,9,52.864633909496995,52.864633909496995,0
2026-0718-03-02-07-01,10,11,アミノショコラ,オルッス,0.01695190494305452,0.009778547683765147,0.007173357259289373,1.7335810481549272,10,53.583220042726744,53.583220042726744,0
2026-0718-03-02-07-01,11,12,オルッス,ヴェットビルズ,0.009778547683765147,0.009749482105506574,2.9065578258572963e-05,1.0029812433054426,11,10.060205865216547,10.060205865216547,0
2026-0718-03-02-07-02,1,2,ビップヴィーナス,サノノキセキ,0.3169587021123135,0.2357690896719926,0.08118961244032089,1.3443607156191415,1,96.21285686541076,96.21285686541076,1
2026-0718-03-02-07-02,2,3,サノノキセキ,ウィナーズチェック,0.2357690896719926,0.12197403175870049,0.1137950579132921,1.932944957812096,2,98.21324529034764,98.21324529034764,1
2026-0718-03-02-07-02,3,4,ウィナーズチェック,カペラテソーロ,0.12197403175870049,0.09679834025875804,0.02517569149994245,1.2600839170655576,3,82.28782287822878,82.28782287822878,0
2026-0718-03-02-07-02,4,5,カペラテソーロ,スクリプトール,0.09679834025875804,0.09097542992102166,0.005822910337736381,1.0640053071778985,4,48.067585939017285,48.067585939017285,0
2026-0718-03-02-07-02,5,6,スクリプトール,フレンデル,0.09097542992102166,0.08013484221284282,0.010840587708178834,1.1352793293008003,5,63.662847154787336,63.662847154787336,0
2026-0718-03-02-07-02,6,7,フレンデル,ファウナード,0.08013484221284282,0.04166072932949626,0.03847411288334657,1.9235103058099001,6,88.63857059623228,88.63857059623228,0
2026-0718-03-02-07-02,7,8,ファウナード,レディレックス,0.04166072932949626,0.02292668760175236,0.018734041727743896,1.817128145729695,7,76.61681879976695,76.61681879976695,0
2026-0718-03-02-07-02,8,9,レディレックス,ティアラスピリット,0.02292668760175236,0.012391216147716941,0.01053547145403542,1.8502370815294478,8,62.73062730627307,62.73062730627307,0
2026-0718-03-02-07-03,1,2,ハングローズ,ニンジャトットリ,0.22835435058590145,0.20149017076402925,0.026864179821872197,1.1333274954307007,1,83.3171489609633,83.3171489609633,0
2026-0718-03-02-07-03,2,3,ニンジャトットリ,ゲンテン,0.20149017076402925,0.06605725209936884,0.1354329186646604,3.0502354300316776,2,98.99009516410953,98.99009516410953,1
2026-0718-03-02-07-03,3,4,ゲンテン,セントリアン,0.06605725209936884,0.06289783895904599,0.0031594131403228504,1.0502308694958504,3,34.589240629248394,34.589240629248394,0
2026-0718-03-02-07-03,4,5,セントリアン,イデアジュアンイハ,0.06289783895904599,0.03739833993052911,0.025499499028516885,1.6818350513922429,4,82.52087784035736,82.52087784035736,0
2026-0718-03-02-07-03,5,6,イデアジュアンイハ,エクスペクタント,0.03739833993052911,0.024808330345179947,0.01259000958534916,1.5074912100158846,5,67.66362400466109,67.66362400466109,0
2026-0718-03-02-07-03,6,7,エクスペクタント,グラデュエール,0.024808330345179947,0.020030154644198,0.004778175700981949,1.2385491168619616,6,43.52301417751019,43.52301417751019,0
2026-0718-03-02-07-03,7,8,グラデュエール,ジャガーライズ,0.020030154644198,0.01999338093600315,3.677370819484688e-05,1.00183929413002,7,10.157312099436783,10.157312099436783,0
2026-0718-03-02-07-03,8,9,ジャガーライズ,サクラボーベル,0.01999338093600315,0.017774346451520272,0.002219034484482879,1.1248447863067887,8,28.452126626529424,28.452126626529424,0
2026-0718-03-02-07-03,9,10,サクラボーベル,テルケンレンタッチ,0.017774346451520272,0.016151337131077935,0.0016230093204423375,1.1004876133332262,9,23.73276364342591,23.73276364342591,0
2026-0718-03-02-07-03,10,11,テルケンレンタッチ,ヌビアン,0.016151337131077935,0.015979213865864365,0.00017212326521356958,1.0107716979482495,10,11.749854340648671,11.749854340648671,0
2026-0718-03-02-07-03,11,12,ヌビアン,レーヴルーバ,0.015979213865864365,0.015167765619807318,0.0008114482460570473,1.0534982057606026,11,17.88696834336764,17.88696834336764,0
2026-0718-03-02-07-03,12,13,レーヴルーバ,ライブリピュア,0.015167765619807318,0.010448847307480228,0.00471891831232709,1.4516209466424936,12,43.19285298116139,43.19285298116139,0
2026-0718-03-02-07-03,13,14,ライブリピュア,プリンセスダーコ,0.010448847307480228,0.009895127934071563,0.0005537193734086645,1.0559587887188462,13,15.401048747329579,15.401048747329579,0
2026-0718-03-02-07-03,14,15,プリンセスダーコ,アンセートゥモダン,0.009895127934071563,0.007495442529616726,0.002399685404454837,1.3201525987255542,14,29.947562633521073,29.947562633521073,0
2026-0718-03-02-07-03,15,16,アンセートゥモダン,ジーティーフクフク,0.007495442529616726,0.006765949470287407,0.0007294930593293187,1.1078182836766488,15,17.148960963293845,17.148960963293845,0
2026-0718-03-02-07-04,1,2,リーデレクオーレ,ウインドオブヘヴン,0.22052147766155686,0.1994620029331118,0.02105947472844505,1.105581386022215,1,79.08331714896096,79.08331714896096,0
2026-0718-03-02-07-04,2,3,ウインドオブヘヴン,ハイティー,0.1994620029331118,0.18228239381974495,0.017179609113366856,1.0942472213216345,2,74.73295785589434,74.73295785589434,0
2026-0718-03-02-07-04,3,4,ハイティー,オンナキュヌヴィ,0.18228239381974495,0.16815292735052914,0.014129466469215812,1.084027478390321,3,70.13012235385511,70.13012235385511,0
2026-0718-03-02-07-04,4,5,オンナキュヌヴィ,ダイユウルミナス,0.16815292735052914,0.16606387137996106,0.0020890559705680767,1.0125798342120318,4,27.519906778015148,27.519906778015148,0
2026-0718-03-02-07-04,5,6,ダイユウルミナス,ラウンドヒル,0.16606387137996106,0.12458219069590758,0.04148168068405349,1.3329663770747622,5,89.76500291318703,89.76500291318703,0
2026-0718-03-02-07-04,6,7,ラウンドヒル,バランソワール,0.12458219069590758,0.095170523817902,0.029411666878005574,1.3090417673257895,6,84.73489998057875,84.73489998057875,0
2026-0718-03-02-07-04,7,8,バランソワール,マイネルヴェーゼン,0.095170523817902,0.07820875962418852,0.01696176419371348,1.2168780616802868,7,74.51932414060983,74.51932414060983,0
2026-0718-03-02-07-04,8,9,マイネルヴェーゼン,エンジェルサン,0.07820875962418852,0.06022421712269496,0.01798454250149356,1.2986264224050204,8,75.76228393862885,75.76228393862885,0
2026-0718-03-02-07-04,9,10,エンジェルサン,シエラモレーナ,0.06022421712269496,0.03271814312565529,0.027506073997039672,1.8406978932576197,9,83.6473101573121,83.6473101573121,0
2026-0718-03-02-07-04,10,11,シエラモレーナ,ジーティートゥーリ,0.03271814312565529,0.02300986080866879,0.009708282316986498,1.421918341780189,10,61.00213633715285,61.00213633715285,0
2026-0718-03-02-07-04,11,12,ジーティートゥーリ,スラッシュコード,0.02300986080866879,0.021873452034965515,0.001136408773703277,1.0519537918334374,11,20.411730433093805,20.411730433093805,0
2026-0718-03-02-07-04,12,13,スラッシュコード,レレリオーナ,0.021873452034965515,0.015520058180438435,0.00635339385452708,1.4093666261209594,12,50.223344338706546,50.223344338706546,0
2026-0718-03-02-07-04,13,14,レレリオーナ,エメラルファイン,0.015520058180438435,0.015484349344016483,3.570883642195141e-05,1.00230612443756,13,10.137890852592736,10.137890852592736,0
2026-0718-03-02-07-04,14,15,エメラルファイン,フロステリオン,0.015484349344016483,0.007525017783168619,0.007959331560847865,2.0577159802400318,14,56.08856088560885,56.08856088560885,0
2026-0718-03-02-07-04,15,16,フロステリオン,ココニーナ,0.007525017783168619,0.006768668019113426,0.0007563497640551923,1.111742777444455,15,17.362594678578365,17.362594678578365,0
2026-0718-03-02-07-05,1,2,サウンズオーサム,シルクドマルス,0.05870065534207089,0.05870065534207089,0.0,1.0,1,9.671780928335599,9.671780928335599,0
2026-0718-03-02-07-05,2,3,シルクドマルス,フェリシタル,0.05870065534207089,0.05870065534207089,0.0,1.0,2,9.671780928335599,9.671780928335599,0
2026-0718-03-02-07-05,3,4,フェリシタル,コスモモノポリー,0.05870065534207089,0.05870065534207089,0.0,1.0,3,9.671780928335599,9.671780928335599,0
2026-0718-03-02-07-05,4,5,コスモモノポリー,デルマキタカミ,0.05870065534207089,0.05870065534207089,0.0,1.0,4,9.671780928335599,9.671780928335599,0
2026-0718-03-02-07-05,5,6,デルマキタカミ,ラッパースヴィル,0.05870065534207089,0.05870065534207089,0.0,1.0,5,9.671780928335599,9.671780928335599,0
2026-0718-03-02-07-05,6,7,ラッパースヴィル,モンサンアミュザン,0.05870065534207089,0.05870065534207089,0.0,1.0,6,9.671780928335599,9.671780928335599,0
2026-0718-03-02-07-05,7,8,モンサンアミュザン,マスターボリューム,0.05870065534207089,0.05870065534207089,0.0,1.0,7,9.671780928335599,9.671780928335599,0
2026-0718-03-02-07-05,8,9,マスターボリューム,マリナーヴァレイ,0.05870065534207089,0.05870065534207089,0.0,1.0,8,9.671780928335599,9.671780928335599,0
2026-0718-03-02-07-05,9,10,マリナーヴァレイ,サンプラザマツモト,0.05870065534207089,0.05870065534207089,0.0,1.0,9,9.671780928335599,9.671780928335599,0
2026-0718-03-02-07-05,10,11,サンプラザマツモト,クレイターレイク,0.05870065534207089,0.05870065534207089,0.0,1.0,10,9.671780928335599,9.671780928335599,0
2026-0718-03-02-07-05,11,12,クレイターレイク,フランベリー,0.05870065534207089,0.05870065534207089,0.0,1.0,11,9.671780928335599,9.671780928335599,0
2026-0718-03-02-07-05,12,13,フランベリー,ドナリー,0.05870065534207089,0.05870065534207089,0.0,1.0,12,9.671780928335599,9.671780928335599,0
2026-0718-03-02-07-05,13,14,ドナリー,ウイニングレイ,0.05870065534207089,0.05870065534207089,0.0,1.0,13,9.671780928335599,9.671780928335599,0
2026-0718-03-02-07-05,14,15,ウイニングレイ,ニシノキフジン,0.05870065534207089,0.05870065534207089,0.0,1.0,14,9.671780928335599,9.671780928335599,0
2026-0718-03-02-07-06,1,2,テンオンスゴールド,アデルフィー,0.2691365096072367,0.24239555110108157,0.0267409585061551,1.1103195103403685,1,83.2394639735871,83.2394639735871,0
2026-0718-03-02-07-06,2,3,アデルフィー,カシマライフウ,0.24239555110108157,0.19856477008847076,0.043830781012610814,1.2207379536313614,2,90.40590405904058,90.40590405904058,1
2026-0718-03-02-07-06,3,4,カシマライフウ,アラビアンドリーム,0.19856477008847076,0.1647177080152362,0.03384706207323457,1.2054852661627842,3,86.71586715867159,86.71586715867159,0
2026-0718-03-02-07-06,4,5,アラビアンドリーム,オートカリテ,0.1647177080152362,0.08764852629770507,0.07706918171753112,1.8792980894597089,4,95.78558943484171,95.78558943484171,1
2026-0718-03-02-07-06,5,6,オートカリテ,スクイーズアウト,0.08764852629770507,0.07957116531649308,0.008077360981211992,1.1015111560712276,5,56.41872208195766,56.41872208195766,0
2026-0718-03-02-07-06,6,7,スクイーズアウト,コパノミラノ,0.07957116531649308,0.07769359928032667,0.0018775660361664143,1.0241662898045432,6,25.79141580889493,25.79141580889493,0
2026-0718-03-02-07-06,7,8,コパノミラノ,ナムラドガ,0.07769359928032667,0.044888775012537414,0.03280482426778925,1.730802394554694,7,86.2691784812585,86.2691784812585,0
2026-0718-03-02-07-06,8,9,ナムラドガ,ベイツリー,0.044888775012537414,0.03716507858952499,0.007723696423012426,1.2078213397129571,8,55.272868518158866,55.272868518158866,0
2026-0718-03-02-07-06,9,10,ベイツリー,ティンバーライン,0.03716507858952499,0.033271584644780944,0.0038934939447440448,1.1170215962453351,9,38.80365119440668,38.80365119440668,0
2026-0718-03-02-07-06,10,11,ティンバーライン,オーパパ,0.033271584644780944,0.02288016430201486,0.010391420342766085,1.4541672081371813,10,62.4198873567683,62.4198873567683,0
2026-0718-03-02-07-06,11,12,オーパパ,エッジランナー,0.02288016430201486,0.01845211230655623,0.0044280519954586275,1.239975343846422,11,41.65857448048165,41.65857448048165,0
2026-0718-03-02-07-06,12,13,エッジランナー,サンタピア,0.01845211230655623,0.016530569711998115,0.0019215425945581163,1.1162417646842162,12,26.199261992619927,26.199261992619927,0
2026-0718-03-02-07-06,13,14,サンタピア,カミノテイオー,0.016530569711998115,0.013770283687652107,0.0027602860243460085,1.2004523717126592,13,32.49174597009128,32.49174597009128,0
2026-0718-03-02-07-06,14,15,カミノテイオー,サツキジュエル,0.013770283687652107,0.009991659363340339,0.003778624324311768,1.3781778568408407,14,38.08506506117693,38.08506506117693,0
2026-0718-03-02-07-07,1,2,ベアダイヤモンド,ベルトラッキ,0.2765716885269119,0.181043840242246,0.09552784828466587,1.527650364446781,1,97.26160419498932,97.26160419498932,1
2026-0718-03-02-07-07,2,3,ベルトラッキ,アッシズオブローズ,0.181043840242246,0.1469973398344968,0.0340465004077492,1.2316130376650483,2,86.77413089920373,86.77413089920373,0
2026-0718-03-02-07-07,3,4,アッシズオブローズ,セキテイリノ,0.1469973398344968,0.1122986318500966,0.03469870798440021,1.3089860260338546,3,87.06544960186444,87.06544960186444,0
2026-0718-03-02-07-07,4,5,セキテイリノ,ブライトエアリー,0.1122986318500966,0.08932463802183303,0.022973993828263567,1.2571966070844662,4,80.6564381433288,80.6564381433288,0
2026-0718-03-02-07-07,5,6,ブライトエアリー,スチールギターラグ,0.08932463802183303,0.08731804160798042,0.0020065964138526182,1.0229803185790785,5,26.898426879005633,26.898426879005633,0
2026-0718-03-02-07-07,6,7,スチールギターラグ,モンドシュピーゲル,0.08731804160798042,0.08157813984664607,0.005739901761334348,1.0703607825837222,6,47.75684598951253,47.75684598951253,0
2026-0718-03-02-07-07,7,8,モンドシュピーゲル,ラッキースウィッチ,0.08157813984664607,0.07768830921568745,0.0038898306309586156,1.050069703797507,7,38.76480870071858,38.76480870071858,0
2026-0718-03-02-07-07,8,9,ラッキースウィッチ,サヴマ,0.07768830921568745,0.07239215256512073,0.005296156650566722,1.0731592646841457,8,45.892406292483976,45.892406292483976,0
2026-0718-03-02-07-07,9,10,サヴマ,マイネルオラクル,0.07239215256512073,0.062579492840247,0.009812659724873732,1.1568031199920956,9,61.23519129928141,61.23519129928141,0
2026-0718-03-02-07-07,10,11,マイネルオラクル,シーサンタナ,0.062579492840247,0.05232693997366394,0.01025255286658306,1.1959325898235813,10,62.01204117304331,62.01204117304331,0
2026-0718-03-02-07-07,11,12,シーサンタナ,マイネルリーヒム,0.05232693997366394,0.04412412745352247,0.008202812520141468,1.1859031100112243,11,56.82656826568265,56.82656826568265,0
2026-0718-03-02-07-07,12,13,マイネルリーヒム,エコロゼット,0.04412412745352247,0.03476955988283203,0.00935456757069044,1.2690447507018745,12,59.99223150126238,59.99223150126238,0
2026-0718-03-02-07-07,13,14,エコロゼット,タッカーヴァンバン,0.03476955988283203,0.01984107274972628,0.01492848713310575,1.7524032254411093,13,71.14002718974558,71.14002718974558,0
2026-0718-03-02-07-07,14,15,タッカーヴァンバン,ノアソノマ,0.01984107274972628,0.00872805801618898,0.0111130147335373,2.2732517030620847,14,64.38143328801709,64.38143328801709,0
2026-0718-03-02-07-07,15,16,ノアソノマ,ケファロニア,0.00872805801618898,0.006650671741237565,0.0020773862749514146,1.31235736114753,15,27.481064284327054,27.481064284327054,0
2026-0718-03-02-07-08,1,2,サムハラ,ブルズアイプリンス,0.1599957235088642,0.14232460928759758,0.01767111422126663,1.1241606375012654,1,75.39328024859196,75.39328024859196,0
2026-0718-03-02-07-08,2,3,ブルズアイプリンス,ルシェロアズーリ,0.14232460928759758,0.09989279315834669,0.042431816129250885,1.4247735475970664,2,89.97863662847155,89.97863662847155,0
2026-0718-03-02-07-08,3,4,ルシェロアズーリ,コルチェスター,0.09989279315834669,0.08496665910602504,0.014926134052321655,1.175670483097331,3,71.12060594290153,71.12060594290153,0
2026-0718-03-02-07-08,4,5,コルチェスター,ロンドンアームズ,0.08496665910602504,0.08108709016606949,0.003879568939955544,1.0478444710743724,4,38.70654496018645,38.70654496018645,0
2026-0718-03-02-07-08,5,6,ロンドンアームズ,コパノトーマス,0.08108709016606949,0.07520977960777649,0.005877310558293006,1.0781455628369547,5,48.33948339483395,48.33948339483395,0
2026-0718-03-02-07-08,6,7,コパノトーマス,コックオーヴァン,0.07520977960777649,0.07055945245503495,0.004650327152741537,1.0659065084965764,6,42.901534278500684,42.901534278500684,0
2026-0718-03-02-07-08,7,8,コックオーヴァン,ウインイルネージュ,0.07055945245503495,0.05234362825970293,0.01821582419533202,1.3480046149065976,7,76.01476014760148,76.01476014760148,0
2026-0718-03-02-07-08,8,9,ウインイルネージュ,ダノンゴーイチ,0.05234362825970293,0.04029994658394895,0.012043681675753981,1.2988510580445993,8,66.4789279471742,66.4789279471742,0
2026-0718-03-02-07-08,9,10,ダノンゴーイチ,リネンタイリン,0.04029994658394895,0.029169303844694114,0.011130642739254834,1.3815875345711925,9,64.45911827539328,64.45911827539328,0
2026-0718-03-02-07-08,10,11,リネンタイリン,ブライティアブーケ,0.029169303844694114,0.025835078365164337,0.0033342254795297767,1.1290580749321666,10,35.735094193047196,35.735094193047196,0
2026-0718-03-02-07-08,11,12,ブライティアブーケ,ココボロ,0.025835078365164337,0.015180564385146759,0.010654513980017578,1.7018522967724679,11,63.06078850262187,63.06078850262187,0
2026-0718-03-02-07-08,12,13,ココボロ,シークレットイスラ,0.015180564385146759,0.01475862303311753,0.000421941352029229,1.0285894795932125,12,14.216352689842687,14.216352689842687,0
2026-0718-03-02-07-08,13,14,シークレットイスラ,ミセスリリー,0.01475862303311753,0.012706137610449378,0.002052485422668152,1.1615349593711477,13,27.286851815886582,27.286851815886582,0
2026-0718-03-02-07-08,14,15,ミセスリリー,サトノセレナーデ,0.012706137610449378,0.011516216882440885,0.0011899207280084926,1.103325661556687,14,20.916682851039038,20.916682851039038,0
2026-0718-03-02-07-09,1,2,オブラプリーマ,ノリマル,0.10838133082832359,0.10296810233469637,0.005413228493627215,1.0525718972272753,1,46.39735871042921,46.39735871042921,0
2026-0718-03-02-07-09,2,3,ノリマル,ドリームプレミア,0.10296810233469637,0.09588108482966301,0.007087017505033363,1.0739146570736424,2,53.1559526121577,53.1559526121577,0
2026-0718-03-02-07-09,3,4,ドリームプレミア,パッセージピーク,0.09588108482966301,0.06839028702507331,0.027490797804589698,1.4019693292778694,3,83.60846766362401,83.60846766362401,0
2026-0718-03-02-07-09,4,5,パッセージピーク,リュクスパトロール,0.06839028702507331,0.060039149861034424,0.008351137164038888,1.1390948603264417,4,57.37036317731599,57.37036317731599,0
2026-0718-03-02-07-09,5,6,リュクスパトロール,ビリングス,0.060039149861034424,0.05990862742184744,0.00013052243918698636,1.002178691864661,5,11.1477956884832,11.1477956884832,0
2026-0718-03-02-07-09,6,7,ビリングス,オメガストリーム,0.05990862742184744,0.05584172814248143,0.004066899279366008,1.0728290368985218,6,39.619343561856674,39.619343561856674,0
2026-0718-03-02-07-09,7,8,オメガストリーム,マイネルボス,0.05584172814248143,0.043714135777545106,0.012127592364936324,1.277429535074235,7,66.73140415614682,66.73140415614682,0
2026-0718-03-02-07-09,8,9,マイネルボス,リリエンフェルト,0.043714135777545106,0.03165067922610213,0.012063456551442975,1.381143686214933,8,66.53719168770635,66.53719168770635,0
2026-0718-03-02-07-09,9,10,リリエンフェルト,テイキットイージー,0.03165067922610213,0.029142490042379305,0.002508189183722826,1.0860663992704602,9,30.743833754127014,30.743833754127014,0
2026-0718-03-02-07-09,10,11,テイキットイージー,ビーンスターク,0.029142490042379305,0.020389515303819244,0.00875297473856006,1.4292880241699764,10,58.65216546902311,58.65216546902311,0
2026-0718-03-02-07-09,11,12,ビーンスターク,マーキュリーダイム,0.020389515303819244,0.011217692562772214,0.00917182274104703,1.8176211542367684,11,59.66207030491357,59.66207030491357,0
2026-0718-03-02-07-10,1,2,ピコシー,グロスビーク,0.08157551785665408,0.06903826502386799,0.012537252832786089,1.181598608082803,1,67.52767527675276,67.52767527675276,0
2026-0718-03-02-07-10,2,3,グロスビーク,レッドベルダンス,0.06903826502386799,0.0686427141197486,0.00039555090411939886,1.0057624601414996,2,13.963876480870072,13.963876480870072,0
2026-0718-03-02-07-10,3,4,レッドベルダンス,ウインハルモニア,0.0686427141197486,0.06556492238954487,0.003077791730203727,1.0469426580255439,3,34.220236939211496,34.220236939211496,0
2026-0718-03-02-07-10,4,5,ウインハルモニア,モリノアミーゴ,0.06556492238954487,0.06370598380112237,0.0018589385884224957,1.0291799683091896,4,25.63604583414255,25.63604583414255,0
2026-0718-03-02-07-10,5,6,モリノアミーゴ,フリーマントル,0.06370598380112237,0.055272325512499706,0.008433658288622664,1.1525837425949341,5,57.622839386288604,57.622839386288604,0
2026-0718-03-02-07-10,6,7,フリーマントル,リラゲイル,0.055272325512499706,0.04981277721419928,0.005459548298300428,1.109601363417741,6,46.55272868518159,46.55272868518159,0
2026-0718-03-02-07-10,7,8,リラゲイル,タケルハーロック,0.04981277721419928,0.04894682760147169,0.0008659496127275887,1.0176916391758462,7,18.275393280248593,18.275393280248593,0
2026-0718-03-02-07-10,8,9,タケルハーロック,ホープエトワール,0.04894682760147169,0.04656090626433567,0.0023859213371360197,1.0512430175562018,8,29.79219265876869,29.79219265876869,0
2026-0718-03-02-07-10,9,10,ホープエトワール,オーケーマヒナ,0.04656090626433567,0.038068711544430624,0.008492194719905047,1.2230754437274207,9,57.81705185472907,57.81705185472907,0
2026-0718-03-02-07-10,10,11,オーケーマヒナ,ライジンマル,0.038068711544430624,0.03354248247890659,0.00452622906552403,1.1349401931824927,10,42.29947562633521,42.29947562633521,0
2026-0718-03-02-07-10,11,12,ライジンマル,ヴァルドルチャ,0.03354248247890659,0.024991054045512603,0.00855142843339399,1.3421795822545342,11,58.18605554476597,58.18605554476597,0
2026-0718-03-02-07-10,12,13,ヴァルドルチャ,マナエトレ,0.024991054045512603,0.020296409000575978,0.004694645044936625,1.2313042196185247,12,43.13458924062925,43.13458924062925,0
2026-0718-03-02-07-10,13,14,マナエトレ,グラスブランシュ,0.020296409000575978,0.01250284874623611,0.007793560254339868,1.6233427607197168,13,55.66129345503982,55.66129345503982,0
2026-0718-03-02-07-10,14,15,グラスブランシュ,サヴァビアン,0.01250284874623611,0.012296429174216918,0.00020641957201919178,1.0167869524635664,14,12.118858030685569,12.118858030685569,0
2026-0718-03-02-07-11,1,2,フォルラニーニ,コスモアンソロジー,0.1451136456308943,0.10688587100060627,0.03822777463028802,1.3576504010532056,1,88.58030685570013,88.58030685570013,0
2026-0718-03-02-07-11,2,3,コスモアンソロジー,ヴォンフレ,0.10688587100060627,0.08041649721811406,0.026469373782492214,1.3291535281709572,2,83.06467275199067,83.06467275199067,0
2026-0718-03-02-07-11,3,4,ヴォンフレ,ミラビリスマジック,0.08041649721811406,0.06912158318456821,0.01129491403354585,1.1634064718018136,3,64.82812196543019,64.82812196543019,0
2026-0718-03-02-07-11,4,5,ミラビリスマジック,タイキラフター,0.06912158318456821,0.04873168963983513,0.020389893544733077,1.4184113806730314,4,78.46183724995144,78.46183724995144,0
2026-0718-03-02-07-11,5,6,タイキラフター,ドラゴンヘッド,0.04873168963983513,0.03254658874443179,0.016185100895403343,1.4972902390015408,5,73.17925810837056,73.17925810837056,0
2026-0718-03-02-07-11,6,7,ドラゴンヘッド,テリオスサラ,0.03254658874443179,0.030590037890301455,0.0019565508541303338,1.0639603932870791,6,26.45173820159254,26.45173820159254,0
2026-0718-03-02-07-11,7,8,テリオスサラ,コンドゥイア,0.030590037890301455,0.03035987108222127,0.00023016680808018303,1.0075812841054839,7,12.313070499126045,12.313070499126045,0
2026-0718-03-02-07-11,8,9,コンドゥイア,ホウオウスーペリア,0.03035987108222127,0.02696803067942731,0.0033918404027939615,1.1257726395788121,8,36.065255389396,36.065255389396,0
2026-0718-03-02-07-11,9,10,ホウオウスーペリア,エスコバル,0.02696803067942731,0.026404031639953116,0.0005639990394741938,1.0213603379652365,9,15.536997475237909,15.536997475237909,0
2026-0718-03-02-07-11,10,11,エスコバル,サヴォンリンナ,0.026404031639953116,0.026397314089278003,6.717550675112982e-06,1.0002544785674934,10,9.749465915711788,9.749465915711788,0
2026-0718-03-02-07-11,11,12,サヴォンリンナ,グラニット,0.026397314089278003,0.025019731772047367,0.0013775823172306363,1.0550598355642526,11,22.198485142746165,22.198485142746165,0
2026-0718-03-02-07-11,12,13,グラニット,ワイドアラジン,0.025019731772047367,0.023966545512216882,0.0010531862598304846,1.043944016015726,12,19.7125655467081,19.7125655467081,0
2026-0718-03-02-07-11,13,14,ワイドアラジン,アマイ,0.023966545512216882,0.019939510477782467,0.004027035034434415,1.201962582728474,13,39.40570984657215,39.40570984657215,0
2026-0718-03-02-07-11,14,15,アマイ,ウインオーディン,0.019939510477782467,0.017281206494779877,0.00265830398300259,1.1538262958553027,14,31.870266071081765,31.870266071081765,0
2026-0718-03-02-07-11,15,16,ウインオーディン,ショーマンフリート,0.017281206494779877,0.014079829946191162,0.003201376548588715,1.2273732396501524,15,34.88055933190911,34.88055933190911,0
2026-0718-03-02-07-12,1,2,ベルゼビュート,ソニックブレイカー,0.2757834711561649,0.20097346775513425,0.07481000340103067,1.3722382075437891,1,95.59137696640124,95.59137696640124,1
2026-0718-03-02-07-12,2,3,ソニックブレイカー,ロイヤルスパイア,0.20097346775513425,0.19270232186854871,0.008271145886585535,1.0429218797489512,2,57.07904447465527,57.07904447465527,0
2026-0718-03-02-07-12,3,4,ロイヤルスパイア,アイアンナックル,0.19270232186854871,0.0883145047535863,0.10438781711496241,2.182000820886938,3,97.90250534084288,97.90250534084288,1
2026-0718-03-02-07-12,4,5,アイアンナックル,ノアスペシャル,0.0883145047535863,0.08263270965256356,0.005681795101022749,1.0687596367698984,4,47.5820547679161,47.5820547679161,0
2026-0718-03-02-07-12,5,6,ノアスペシャル,ディヴァインスカイ,0.08263270965256356,0.07137784363258366,0.011254866019979895,1.1576801069798934,5,64.73101573120994,64.73101573120994,0
2026-0718-03-02-07-12,6,7,ディヴァインスカイ,エコロカディス,0.07137784363258366,0.057783623434834175,0.013594220197749488,1.235260777875594,6,69.35327248009322,69.35327248009322,0
2026-0718-03-02-07-12,7,8,エコロカディス,ベアアッコチャン,0.057783623434834175,0.053408619638201316,0.004375003796632859,1.081915687510178,7,41.38667702466498,41.38667702466498,0
2026-0718-03-02-07-12,8,9,ベアアッコチャン,トワイライトサイト,0.053408619638201316,0.047166521421358576,0.00624209821684274,1.1323417124845698,8,49.698970673917266,49.698970673917266,0
2026-0718-03-02-07-12,9,10,トワイライトサイト,アンプイットアップ,0.047166521421358576,0.030052264228024133,0.017114257193334443,1.569483119923296,9,74.6746941153622,74.6746941153622,0
2026-0718-03-02-07-12,10,11,アンプイットアップ,ナインオブレター,0.030052264228024133,0.02616213050128882,0.0038901337267353113,1.148693307930089,10,38.78422994756263,38.78422994756263,0
2026-0718-03-02-07-12,11,12,ナインオブレター,トリスティ,0.02616213050128882,0.02042512744967132,0.005737003051617503,1.2808796696986986,11,47.73742474266848,47.73742474266848,0
2026-0718-03-02-07-12,12,13,トリスティ,ロックオブソシジ,0.02042512744967132,0.019568604749748215,0.000856522699923104,1.0437702488693847,12,18.21712953971645,18.21712953971645,0
2026-0718-03-02-07-12,13,14,ロックオブソシジ,ブルーリヴァーサル,0.019568604749748215,0.01482084251761987,0.004747762232128345,1.320343612482484,13,43.367644202757816,43.367644202757816,0
2026-0718-03-02-07-12,14,15,ブルーリヴァーサル,ベリーベリーベリー,0.01482084251761987,0.013391989566988987,0.0014288529506308826,1.106694598549642,14,22.586910079627113,22.586910079627113,0
2026-0718-03-02-07-12,15,16,ベリーベリーベリー,マナマカナ,0.013391989566988987,0.006163451988634087,0.0072285375783549,2.1728066660833765,15,53.758011264323166,53.758011264323166,0
2026-0718-10-02-07-01,1,2,タイセイレスポンス,セイウンパシュート,0.18580293315996085,0.11360363137486153,0.07219930178509933,1.635536918242173,1,95.1252670421441,95.1252670421441,1
2026-0718-10-02-07-01,2,3,セイウンパシュート,メイショウトム,0.11360363137486153,0.10558646179227282,0.008017169582588704,1.0759299009219705,2,56.1856671198291,56.1856671198291,0
2026-0718-10-02-07-01,3,4,メイショウトム,トゥデイイズザデイ,0.10558646179227282,0.09491415245966343,0.01067230933260939,1.1124417071220745,3,63.13847348999806,63.13847348999806,0
2026-0718-10-02-07-01,4,5,トゥデイイズザデイ,フジフォンテ,0.09491415245966343,0.0883569116904176,0.0065572407692458395,1.074213105050807,4,51.01961545931248,51.01961545931248,0
2026-0718-10-02-07-01,5,6,フジフォンテ,セイフウサツキ,0.0883569116904176,0.07967100324272781,0.00868590844768978,1.1090222049950478,5,58.496795494270735,58.496795494270735,0
2026-0718-10-02-07-01,6,7,セイフウサツキ,ホウオウスターツ,0.07967100324272781,0.071438398144788,0.008232605097939813,1.115240617255364,6,56.94309574674694,56.94309574674694,0
2026-0718-10-02-07-01,7,8,ホウオウスターツ,コイヌール,0.071438398144788,0.04113289672497775,0.030305501419810255,1.7367704157195276,7,85.18158865799185,85.18158865799185,0
2026-0718-10-02-07-01,8,9,コイヌール,エーオーキング,0.04113289672497775,0.03485806161067911,0.0062748351142986394,1.1800110168023883,8,49.815498154981555,49.815498154981555,0
2026-0718-10-02-07-01,9,10,エーオーキング,アドアプローズ,0.03485806161067911,0.02415921462323182,0.010698846987447289,1.4428474664552686,9,63.21615847737425,63.21615847737425,0
2026-0718-10-02-07-01,10,11,アドアプローズ,アスクアットバット,0.02415921462323182,0.012856320089730098,0.011302894533501721,1.8791702800345422,10,64.84754321227423,64.84754321227423,0
2026-0718-10-02-07-01,11,12,アスクアットバット,スラッシュ,0.012856320089730098,0.011985447159089673,0.0008708729306404241,1.0726608627179972,11,18.372499514468828,18.372499514468828,0
2026-0718-10-02-07-02,1,2,ニシノフランケン,ブレイクガール,0.23961072202773717,0.11651585842568415,0.12309486360205302,2.056464461278162,1,98.58224898038455,98.58224898038455,1
2026-0718-10-02-07-02,2,3,ブレイクガール,アシャカブラーヴ,0.11651585842568415,0.09348685131886672,0.023029007106817434,1.2463341826356913,2,80.71470188386094,80.71470188386094,0
2026-0718-10-02-07-02,3,4,アシャカブラーヴ,パーセンタイル,0.09348685131886672,0.06849713749162098,0.02498971382724574,1.3648285861624896,3,82.09361040978831,82.09361040978831,0
2026-0718-10-02-07-02,4,5,パーセンタイル,プリマアルバ,0.06849713749162098,0.06624528794415026,0.0022518495474707217,1.0339925995848822,4,28.74344532919013,28.74344532919013,0
2026-0718-10-02-07-02,5,6,プリマアルバ,ドナズエクリプス,0.06624528794415026,0.056244165195652666,0.010001122748497591,1.1778161825979172,5,61.62361623616236,61.62361623616236,0
2026-0718-10-02-07-02,6,7,ドナズエクリプス,スピークロウ,0.056244165195652666,0.05066135245031851,0.005582812745334155,1.1101986519370755,6,47.03825985628277,47.03825985628277,0
2026-0718-10-02-07-02,7,8,スピークロウ,プリメラエストレラ,0.05066135245031851,0.03741275230980752,0.013248600140510991,1.3541199009044291,7,68.8094775684599,68.8094775684599,0
2026-0718-10-02-07-02,8,9,プリメラエストレラ,フランヴィア,0.03741275230980752,0.028888307053663194,0.008524445256144327,1.2950828942765402,8,58.050106816857635,58.050106816857635,0
2026-0718-10-02-07-02,9,10,フランヴィア,イザベル,0.028888307053663194,0.02300953555009174,0.005878771503571453,1.255492836470922,9,48.37832588852204,48.37832588852204,0
2026-0718-10-02-07-02,10,11,イザベル,アイルエクラ,0.02300953555009174,0.010276325072997939,0.012733210477093802,2.239082102467892,10,67.97436395416587,67.97436395416587,0
2026-0718-10-02-07-03,1,2,アルムアポジェ,メイワキラリ,0.22387849823399045,0.1843354325554985,0.039543065678491945,1.2145169006863972,1,89.00757428626918,89.00757428626918,0
2026-0718-10-02-07-03,2,3,メイワキラリ,サトノロザリー,0.1843354325554985,0.1685440759053435,0.015791356650154992,1.0936927421823097,2,72.61604194989319,72.61604194989319,0
2026-0718-10-02-07-03,3,4,サトノロザリー,メイショウマドンナ,0.1685440759053435,0.10960070120938768,0.05894337469595583,1.5378010728539675,3,93.47446106040009,93.47446106040009,1
2026-0718-10-02-07-03,4,5,メイショウマドンナ,ハーブドーレ,0.10960070120938768,0.05757027131220026,0.052030429897187425,1.9037725324417771,4,92.34802874344533,92.34802874344533,1
2026-0718-10-02-07-03,5,6,ハーブドーレ,シュタルク,0.05757027131220026,0.04788392294109706,0.009686348371103201,1.2022881120876117,5,60.94387259662071,60.94387259662071,0
2026-0718-10-02-07-03,6,7,シュタルク,アルウラメファ,0.04788392294109706,0.04782742643783429,5.6496503262767894e-05,1.0011812574388923,6,10.429209555253447,10.429209555253447,0
2026-0718-10-02-07-03,7,8,アルウラメファ,モズオサキニ,0.04782742643783429,0.028257915462932447,0.01956951097490184,1.6925320093257519,7,77.49077490774908,77.49077490774908,0
2026-0718-10-02-07-03,8,9,モズオサキニ,ワカワカ,0.028257915462932447,0.016647118248338165,0.011610797214594282,1.6974658941798144,8,65.43018061759565,65.43018061759565,0
2026-0718-10-02-07-03,9,10,ワカワカ,ディアデムドール,0.016647118248338165,0.015833632983005684,0.0008134852653324809,1.0513770444348178,9,17.906389590211692,17.906389590211692,0
2026-0718-10-02-07-03,10,11,ディアデムドール,ノボリスマイル,0.015833632983005684,0.015650245949066416,0.0001833870339392682,1.0117178371851854,10,11.905224315401048,11.905224315401048,0
2026-0718-10-02-07-03,11,12,ノボリスマイル,トラステッド,0.015650245949066416,0.015511189680823292,0.00013905626824312414,1.0089649002497236,11,11.22548067585939,11.22548067585939,0
2026-0718-10-02-07-03,12,13,トラステッド,スズカローズキング,0.015511189680823292,0.01220928710575422,0.003301902575069071,1.270441881370198,12,35.637987958826955,35.637987958826955,0
2026-0718-10-02-07-03,13,14,スズカローズキング,メイショウボンテン,0.01220928710575422,0.009832073815280533,0.002377213290473688,1.241781473078359,13,29.714507671392504,29.714507671392504,0
2026-0718-10-02-07-04,1,2,スマイルスルー,オールザワールド,0.33745739537096925,0.20283550415599116,0.13462189121497808,1.6636998378323686,1,98.95125267042144,98.95125267042144,1
2026-0718-10-02-07-04,2,3,オールザワールド,コンテナワールド,0.20283550415599116,0.17249639672836262,0.030339107427628548,1.175882557566723,2,85.20100990483589,85.20100990483589,0
2026-0718-10-02-07-04,3,4,コンテナワールド,アトラクティーボ,0.17249639672836262,0.15075166942402646,0.02174472730433616,1.1442420331888579,3,79.60769081375024,79.60769081375024,0
2026-0718-10-02-07-04,4,5,アトラクティーボ,マテンロウジョイ,0.15075166942402646,0.1307812884625481,0.01997038096147835,1.152700598046159,4,77.9957273256943,77.9957273256943,0
2026-0718-10-02-07-04,5,6,マテンロウジョイ,トーアモルペウス,0.1307812884625481,0.12313339379670891,0.007647894665839192,1.062110646267622,5,55.02039230918625,55.02039230918625,0
2026-0718-10-02-07-04,6,7,トーアモルペウス,スノーディーヴァ,0.12313339379670891,0.09477980224949527,0.028353591547213647,1.2991522547449146,6,84.0939988347252,84.0939988347252,0
2026-0718-10-02-07-04,7,8,スノーディーヴァ,ヴァレッタカズマ,0.09477980224949527,0.05024003194082755,0.044539770308667716,1.8865394504750002,7,90.63895902116916,90.63895902116916,1
2026-0718-10-02-07-05,1,2,ウインガラハッド,タナコクシテンホウ,0.12609681926110367,0.12609681926110367,0.0,1.0,1,9.671780928335599,9.671780928335599,0
2026-0718-10-02-07-05,2,3,タナコクシテンホウ,ハマナスノサクコロ,0.12609681926110367,0.12609681926110367,0.0,1.0,2,9.671780928335599,9.671780928335599,0
2026-0718-10-02-07-05,3,4,ハマナスノサクコロ,キシュウマミー,0.12609681926110367,0.12609681926110367,0.0,1.0,3,9.671780928335599,9.671780928335599,0
2026-0718-10-02-07-05,4,5,キシュウマミー,ナムラメアリー,0.12609681926110367,0.12609681926110367,0.0,1.0,4,9.671780928335599,9.671780928335599,0
2026-0718-10-02-07-05,5,6,ナムラメアリー,マルモタワー,0.12609681926110367,0.12609681926110367,0.0,1.0,5,9.671780928335599,9.671780928335599,0
2026-0718-10-02-07-05,6,7,マルモタワー,リヴィエラヴィル,0.12609681926110367,0.12609681926110367,0.0,1.0,6,9.671780928335599,9.671780928335599,0
2026-0718-10-02-07-06,1,2,キープシャイニング,キングズテイル,0.1850220770644852,0.15626861705991754,0.02875346000456766,1.1840002205531954,1,84.34647504369781,84.34647504369781,0
2026-0718-10-02-07-06,2,3,キングズテイル,ムソウテンセイ,0.15626861705991754,0.10664051945503082,0.04962809760488672,1.4653774930814583,2,91.82365507865605,91.82365507865605,1
2026-0718-10-02-07-06,3,4,ムソウテンセイ,ジューンマーチ,0.10664051945503082,0.10519623239773736,0.001444287057293464,1.013729456125698,3,22.6645950670033,22.6645950670033,0
2026-0718-10-02-07-06,4,5,ジューンマーチ,ハクアイタワー,0.10519623239773736,0.07126849918468395,0.03392773321305341,1.476055109917969,4,86.73528840551563,86.73528840551563,0
2026-0718-10-02-07-06,5,6,ハクアイタワー,ラクホマレ,0.07126849918468395,0.07038790422687953,0.0008805949578044175,1.0125106006135092,5,18.43076325500097,18.43076325500097,0
2026-0718-10-02-07-06,6,7,ラクホマレ,リテラシー,0.07038790422687953,0.04488069677405465,0.02550720745282488,1.5683335885188505,6,82.54029908720139,82.54029908720139,0
2026-0718-10-02-07-06,7,8,リテラシー,ルクスドリーム,0.04488069677405465,0.027684386558048637,0.017196310216006015,1.6211555448392827,7,74.7523791027384,74.7523791027384,0
2026-0718-10-02-07-06,8,9,ルクスドリーム,ゼンノゾンターク,0.027684386558048637,0.024485389775929237,0.0031989967821193996,1.1306492080131894,8,34.861138085065065,34.861138085065065,0
2026-0718-10-02-07-06,9,10,ゼンノゾンターク,コカボムショット,0.024485389775929237,0.022499652454136584,0.001985737321792653,1.0882563553299496,9,26.645950670033013,26.645950670033013,0
2026-0718-10-02-07-06,10,11,コカボムショット,サンマルマニック,0.022499652454136584,0.018977154266439398,0.0035224981876971866,1.1856178296409083,10,36.88094775684599,36.88094775684599,0
2026-0718-10-02-07-06,11,12,サンマルマニック,ダイメイミラクル,0.018977154266439398,0.012053845596730032,0.006923308669709366,1.5743651363501387,11,52.57331520683628,52.57331520683628,0
2026-0718-10-02-07-07,1,2,ジリアート,シュプリームレルム,0.14469073062548352,0.135572955542056,0.00911777508342751,1.0672536424906596,1,59.564964070693335,59.564964070693335,0
2026-0718-10-02-07-07,2,3,シュプリームレルム,ゴールデンテティス,0.135572955542056,0.12726443517847133,0.008308520363584676,1.065285484919122,2,57.214993202563605,57.214993202563605,0
2026-0718-10-02-07-07,3,4,ゴールデンテティス,ネッカーズルム,0.12726443517847133,0.1003491694694886,0.026915265708982727,1.268216128257707,3,83.35599145465139,83.35599145465139,0
2026-0718-10-02-07-07,4,5,ネッカーズルム,エイシンミスリル,0.1003491694694886,0.08825432209710224,0.012094847372386364,1.1370453829907496,4,66.63429792192659,66.63429792192659,0
2026-0718-10-02-07-07,5,6,エイシンミスリル,クラリノ,0.08825432209710224,0.05223868377150442,0.03601563832559782,1.6894438321442533,5,87.66750825402991,87.66750825402991,0
2026-0718-10-02-07-07,6,7,クラリノ,ワンダーリュクス,0.05223868377150442,0.04924964105631702,0.0029890427151873997,1.060691664976186,6,33.61817828704603,33.61817828704603,0
2026-0718-10-02-07-07,7,8,ワンダーリュクス,チヨ,0.04924964105631702,0.036194651269376946,0.013054989786940072,1.3606883704937214,7,68.47931637211109,68.47931637211109,0
2026-0718-10-02-07-07,8,9,チヨ,ジージージェット,0.036194651269376946,0.03572751751666015,0.0004671337527167932,1.013074900949918,8,14.643620120411729,14.643620120411729,0
2026-0718-10-02-07-07,9,10,ジージージェット,メイショウツキヨ,0.03572751751666015,0.030562278939877962,0.0051652385767821905,1.169006983639644,9,45.4068751213828,45.4068751213828,0
2026-0718-10-02-07-07,10,11,メイショウツキヨ,ヒロウッドテール,0.030562278939877962,0.01584363443766002,0.01471864450221794,1.9289942001711424,10,70.82928724024083,70.82928724024083,0
2026-0718-10-02-07-07,11,12,ヒロウッドテール,ムーヴザニードル,0.01584363443766002,0.010340998596638217,0.005502635841021805,1.5321184206340257,11,46.74694115362206,46.74694115362206,0
2026-0718-10-02-07-07,12,13,ムーヴザニードル,サンライズマシュー,0.010340998596638217,0.008272684925542428,0.0020683136710957888,1.2500172180750826,12,27.403379296950863,27.403379296950863,0
2026-0718-10-02-07-07,13,14,サンライズマシュー,アマノガワギンガ,0.008272684925542428,0.007678341219825444,0.0005943437057169838,1.0774052218703685,13,15.90600116527481,15.90600116527481,0
2026-0718-10-02-07-08,1,2,ノンブルドール,フウセン,0.3309553289951795,0.30025499318046106,0.030700335814718427,1.1022475446270654,1,85.45348611380851,85.45348611380851,0
2026-0718-10-02-07-08,2,3,フウセン,ワンダフルボンド,0.30025499318046106,0.24442156666650847,0.055833426513952594,1.228430851153705,2,92.95008739561081,92.95008739561081,1
2026-0718-10-02-07-08,3,4,ワンダフルボンド,ダノンアトラス,0.24442156666650847,0.20918102437203565,0.03524054229447282,1.1684691161651275,3,87.24024082346087,87.24024082346087,0
2026-0718-10-02-07-08,4,5,ダノンアトラス,ダノンハドソン,0.20918102437203565,0.1250037339366476,0.08417729043538805,1.673398208073124,4,96.42649058069527,96.42649058069527,1
2026-0718-10-02-07-08,5,6,ダノンハドソン,ビヨンドザドリーム,0.1250037339366476,0.11755927165137808,0.007444462285269515,1.0633251821034249,5,54.457176150708875,54.457176150708875,0
2026-0718-10-02-07-08,6,7,ビヨンドザドリーム,パラディオン,0.11755927165137808,0.11210418593731224,0.0054550857140658465,1.0486608565813615,6,46.53330743833754,46.53330743833754,0
2026-0718-10-02-07-08,7,8,パラディオン,ゴールドアクセス,0.11210418593731224,0.07088117998850747,0.041223005948804764,1.5815790024303853,7,89.64847543212274,89.64847543212274,0
2026-0718-10-02-07-08,8,9,ゴールドアクセス,スリーラーケン,0.07088117998850747,0.029619945047238933,0.04126123494126854,2.3930219949923495,8,89.70673917265488,89.70673917265488,0
2026-0718-10-02-07-08,9,10,スリーラーケン,サイレントグルーヴ,0.029619945047238933,0.016230608832286303,0.01338933621495263,1.8249435590067487,9,69.06195377743252,69.06195377743252,0
2026-0718-10-02-07-09,1,2,カエリールークス,リエーヴェ,0.10424931552456135,0.08781706257780401,0.016432252946757334,1.1871191368101013,1,73.62594678578364,73.62594678578364,0
2026-0718-10-02-07-09,2,3,リエーヴェ,トシミチ,0.08781706257780401,0.08274308745255726,0.005073975125246752,1.0613220424987893,2,44.97960769081375,44.97960769081375,0
2026-0718-10-02-07-09,3,4,トシミチ,スイトーヨ,0.08274308745255726,0.05270890311923682,0.03003418433332044,1.5698123572288694,3,85.02621868323946,85.02621868323946,0
2026-0718-10-02-07-09,4,5,スイトーヨ,バミューダボーイ,0.05270890311923682,0.05079119373434343,0.0019177093848933915,1.0377567299347936,4,26.140998252087783,26.140998252087783,0
2026-0718-10-02-07-09,5,6,バミューダボーイ,タカヨシ,0.05079119373434343,0.05079119373434343,0.0,1.0,5,9.671780928335599,9.671780928335599,0
2026-0718-10-02-07-09,6,7,タカヨシ,ニシノキヅイタラ,0.05079119373434343,0.044781687602039315,0.006009506132304117,1.1341956155317034,6,48.766750825402994,48.766750825402994,0
2026-0718-10-02-07-09,7,8,ニシノキヅイタラ,タカモリ,0.044781687602039315,0.03772001861580825,0.007061668986231062,1.1872127651408835,7,53.05884637793746,53.05884637793746,0
2026-0718-10-02-07-09,8,9,タカモリ,ヘキレキ,0.03772001861580825,0.03661218151935543,0.0011078370964528253,1.0302587021717664,8,20.178675470965235,20.178675470965235,0
2026-0718-10-02-07-09,9,10,ヘキレキ,ユイノジカンカセギ,0.03661218151935543,0.03494617656511687,0.001666004954238555,1.0476734543801727,9,24.121188580306857,24.121188580306857,0
2026-0718-10-02-07-09,10,11,ユイノジカンカセギ,ソゲソゲスマイル,0.03494617656511687,0.032331180399952086,0.002614996165164786,1.0808815556010032,10,31.559526121577004,31.559526121577004,0
2026-0718-10-02-07-09,11,12,ソゲソゲスマイル,グレートキリシマ,0.032331180399952086,0.02912425902571077,0.0032069213742413165,1.1101116897569911,11,34.93882307244125,34.93882307244125,0
2026-0718-10-02-07-09,12,13,グレートキリシマ,ワッザイカ,0.02912425902571077,0.02228127455559393,0.006842984470116841,1.3071181791258366,12,52.26257525733152,52.26257525733152,0
2026-0718-10-02-07-09,13,14,ワッザイカ,ルーストカール,0.02228127455559393,0.019756472845069904,0.002524801710524025,1.1277961775021026,13,30.840939988347255,30.840939988347255,0
2026-0718-10-02-07-09,14,15,ルーストカール,ニシノマティーニ,0.019756472845069904,0.017789685806974365,0.0019667870380955382,1.110557716388924,14,26.52942318896873,26.52942318896873,0
2026-0718-10-02-07-09,15,16,ニシノマティーニ,カシノヴィタ,0.017789685806974365,0.012393367897125526,0.00539631790984884,1.43541981119599,15,46.319673723053015,46.319673723053015,0
2026-0718-10-02-07-09,16,17,カシノヴィタ,カシノクロサイト,0.012393367897125526,0.011193098887910065,0.0012002690092154603,1.1072329496268365,16,21.013789085259273,21.013789085259273,0
2026-0718-10-02-07-09,17,18,カシノクロサイト,ラブマイティー,0.011193098887910065,0.005616869147717625,0.005576229740192441,1.9927647580072794,17,46.999417362594684,46.999417362594684,0
2026-0718-10-02-07-10,1,2,コスモストーム,ワイドクリーガー,0.12483599290596589,0.09712129005104493,0.02771470285492096,1.2853617661004573,1,83.76383763837639,83.76383763837639,0
2026-0718-10-02-07-10,2,3,ワイドクリーガー,ホウショウマリス,0.09712129005104493,0.08453043109806704,0.012590858952977887,1.148950606183124,2,67.7024664983492,67.7024664983492,0
2026-0718-10-02-07-10,3,4,ホウショウマリス,タマモナポリ,0.08453043109806704,0.056884972785162746,0.027645458312904297,1.4859887762856596,3,83.72499514468828,83.72499514468828,0
2026-0718-10-02-07-10,4,5,タマモナポリ,タガノヘラクレス,0.056884972785162746,0.0499414859975295,0.006943486787633249,1.139032442646515,4,52.63157894736842,52.63157894736842,0
2026-0718-10-02-07-10,5,6,タガノヘラクレス,タマモジャスミン,0.0499414859975295,0.04407313446752968,0.005868351529999816,1.1331503102944323,5,48.20353466692562,48.20353466692562,0
2026-0718-10-02-07-10,6,7,タマモジャスミン,メイショウザンゲツ,0.04407313446752968,0.03083522855397757,0.01323790591355211,1.4293111007878194,6,68.7706350747718,68.7706350747718,0
2026-0718-10-02-07-10,7,8,メイショウザンゲツ,ナリタヒカリ,0.03083522855397757,0.03011891759351115,0.0007163109604664229,1.023782759066373,7,17.0906972227617,17.0906972227617,0
2026-0718-10-02-07-10,8,9,ナリタヒカリ,ワンダーカモン,0.03011891759351115,0.027688410083525135,0.0024305075099860136,1.0877806816156694,8,30.122353855117503,30.122353855117503,0
2026-0718-10-02-07-10,9,10,ワンダーカモン,ハピアーザンエバー,0.027688410083525135,0.022997806424999233,0.004690603658525902,1.2039587416227266,9,43.09574674694115,43.09574674694115,0
2026-0718-10-02-07-10,10,11,ハピアーザンエバー,ユーヴェリア,0.022997806424999233,0.020738759163094398,0.0022590472619048348,1.1089287572192321,10,28.801709069722275,28.801709069722275,0
2026-0718-10-02-07-10,11,12,ユーヴェリア,シュヴァルツリーベ,0.020738759163094398,0.013764582107458347,0.006974177055636051,1.5066755387987472,11,52.72868518158865,52.72868518158865,0
2026-0718-10-02-07-11,1,2,コウセキ,ジュンヴァンケット,0.08420879048381141,0.08191323959502585,0.0022955508887855663,1.0280241741156209,1,29.034764031850845,29.034764031850845,0
2026-0718-10-02-07-11,2,3,ジュンヴァンケット,ベイビーキッス,0.08191323959502585,0.07524597335969758,0.006667266235328262,1.0886062859929633,2,51.524567877257724,51.524567877257724,0
2026-0718-10-02-07-11,3,4,ベイビーキッス,ヒーローインチーフ,0.07524597335969758,0.06725806304572816,0.00798791031396942,1.1187650959935986,3,56.146824626141,56.146824626141,0
2026-0718-10-02-07-11,4,5,ヒーローインチーフ,ロードトレイル,0.06725806304572816,0.06546607881771783,0.0017919842280103293,1.0273727136308237,4,25.189357156729464,25.189357156729464,0
2026-0718-10-02-07-11,5,6,ロードトレイル,アイルシャイン,0.06546607881771783,0.05979772295304801,0.005668355864669822,1.0947921690784197,5,47.50436978053991,47.50436978053991,0
2026-0718-10-02-07-11,6,7,アイルシャイン,リチャードバローズ,0.05979772295304801,0.05481672157865889,0.004981001374389123,1.0908664588275618,6,44.51349776655661,44.51349776655661,0
2026-0718-10-02-07-11,7,8,リチャードバローズ,トーラスシャイン,0.05481672157865889,0.05424726247742694,0.0005694591012319478,1.0104974716736888,7,15.595261215770053,15.595261215770053,0
2026-0718-10-02-07-11,8,9,トーラスシャイン,エスペシャリー,0.05424726247742694,0.04866410190379446,0.0055831605736324855,1.114728523803234,8,47.05768110312682,47.05768110312682,0
2026-0718-10-02-07-11,9,10,エスペシャリー,ミロワール,0.04866410190379446,0.04322472093895391,0.005439380964840548,1.1258395854659782,9,46.475043697805404,46.475043697805404,0
2026-0718-10-02-07-11,10,11,ミロワール,ブラックケリー,0.04322472093895391,0.027014140149837,0.01621058078911691,1.6000776148788405,10,73.19867935521461,73.19867935521461,0
2026-0718-10-02-07-11,11,12,ブラックケリー,ダークエクリプス,0.027014140149837,0.015033744483167208,0.011980395666669792,1.7969003118340776,11,66.28471547873373,66.28471547873373,0
2026-0718-10-02-07-12,1,2,バートラガッツ,ブラックレジェンド,0.2171526632855632,0.1881937083372959,0.028958954948267307,1.1538784436744545,1,84.46300252476209,84.46300252476209,0
2026-0718-10-02-07-12,2,3,ブラックレジェンド,スマートクラビ,0.1881937083372959,0.1173207990680097,0.0708729092692862,1.604095009855856,2,94.95047582054768,94.95047582054768,1
2026-0718-10-02-07-12,3,4,スマートクラビ,レーンアジリティ,0.1173207990680097,0.10586483024039721,0.01145596882761249,1.108213169582366,3,65.15828316177898,65.15828316177898,0
2026-0718-10-02-07-12,4,5,レーンアジリティ,フランキーバローズ,0.10586483024039721,0.09247291078195574,0.013391919458441467,1.1448199191006176,4,69.08137502427655,69.08137502427655,0
2026-0718-10-02-07-12,5,6,フランキーバローズ,ジューンセクレタ,0.09247291078195574,0.091012319069872,0.0014605917120837364,1.0160482858475721,5,22.76170130122354,22.76170130122354,0
2026-0718-10-02-07-12,6,7,ジューンセクレタ,ヨカオウ,0.091012319069872,0.0895101130365739,0.0015022060332981063,1.0167825286142171,6,22.994756263352105,22.994756263352105,0
2026-0718-10-02-07-12,7,8,ヨカオウ,アメリカンスタイル,0.0895101130365739,0.08763036131674729,0.001879751719826614,1.0214509182842701,7,25.81083705573898,25.81083705573898,0
2026-0718-10-02-07-12,8,9,アメリカンスタイル,モズプリヴェール,0.08763036131674729,0.08196211565931362,0.005668245657433665,1.069156897815992,8,47.484948533695864,47.484948533695864,0
2026-0718-10-02-07-12,9,10,モズプリヴェール,ケンフィールド,0.08196211565931362,0.05929188566071192,0.0226702299986017,1.382349620795135,9,80.36511944066808,80.36511944066808,0
2026-0718-10-02-07-12,10,11,ケンフィールド,フリッシュ,0.05929188566071192,0.05162630903371621,0.007665576626995706,1.1484819808053575,10,55.039813556030296,55.039813556030296,0
2026-0718-10-02-07-12,11,12,フリッシュ,チャチャピンク,0.05162630903371621,0.04821970644358313,0.003406602590133083,1.0706475182323807,11,36.24004661099243,36.24004661099243,0
2026-0718-10-02-07-12,12,13,チャチャピンク,ミッキーコンドル,0.04821970644358313,0.042611041188252534,0.005608665255330596,1.1316246939508452,12,47.15478733734706,47.15478733734706,0
2026-0718-10-02-07-12,13,14,ミッキーコンドル,デュアルロール,0.042611041188252534,0.027187285722978037,0.015423755465274497,1.5673150171162071,13,72.03340454457177,72.03340454457177,0
2026-0719-02-01-12-01,1,2,ステラトップガン,タイフーンナイン,0.33910120522106607,0.3025214550751831,0.036579750145882994,1.1209162177829408,1,87.91998446300252,87.91998446300252,0
2026-0719-02-01-12-01,2,3,タイフーンナイン,キチロクタワー,0.3025214550751831,0.2784762771008207,0.024045177974362397,1.086345516482386,2,81.4332880170907,81.4332880170907,0
2026-0719-02-01-12-01,3,4,キチロクタワー,ショパンコンクール,0.2784762771008207,0.22634305631288418,0.0521332207879365,1.2303283415766482,3,92.36744999028937,92.36744999028937,1
2026-0719-02-01-12-01,4,5,ショパンコンクール,リアルジャパン,0.22634305631288418,0.1174654388745167,0.10887761743836748,1.9268906538090473,4,97.99961157506311,97.99961157506311,1
2026-0719-02-01-12-01,5,6,リアルジャパン,リーゼントエース,0.1174654388745167,0.07713939328141636,0.04032604559310034,1.5227685087693745,5,89.2988929889299,89.2988929889299,0
2026-0719-02-01-12-01,6,7,リーゼントエース,ゴートゥービッツン,0.07713939328141636,0.0643217258490851,0.012817667432331259,1.1992743083791737,6,68.0714701883861,68.0714701883861,0
2026-0719-02-01-12-01,7,8,ゴートゥービッツン,アイルドフルール,0.0643217258490851,0.04421196951481577,0.020109756334269334,1.4548486881483622,7,78.18993979413479,78.18993979413479,0
2026-0719-02-01-12-02,1,2,エコロセレナ,ジャーナーリア,0.18916820740617468,0.1842332243655621,0.004934983040612573,1.026786607342986,1,44.358127791804236,44.358127791804236,0
2026-0719-02-01-12-02,2,3,ジャーナーリア,トルークマクト,0.1842332243655621,0.06684214733536355,0.11739107703019856,2.756243354080451,2,98.38803651194407,98.38803651194407,1
2026-0719-02-01-12-02,3,4,トルークマクト,ミスマラッカ,0.06684214733536355,0.04459055267524759,0.022251594660115954,1.4990203826845123,3,80.03495824431928,80.03495824431928,0
2026-0719-02-01-12-02,4,5,ミスマラッカ,ミスチヴマリアンヌ,0.04459055267524759,0.043723089638972444,0.0008674630362751484,1.019839929964646,4,18.314235773936687,18.314235773936687,0
2026-0719-02-01-12-02,5,6,ミスチヴマリアンヌ,アルマフレイヤ,0.043723089638972444,0.04004260228140513,0.003680487357567312,1.091914289978013,5,37.59953389007574,37.59953389007574,0
2026-0719-02-01-12-02,6,7,アルマフレイヤ,ホワイトラバーズ,0.04004260228140513,0.037682365542083394,0.0023602367393217374,1.0626350470669321,6,29.617401437172262,29.617401437172262,0
2026-0719-02-01-12-02,7,8,ホワイトラバーズ,ハネマン,0.037682365542083394,0.02964784761481556,0.008034517927267833,1.2709983548098391,7,56.24393086036123,56.24393086036123,0
2026-0719-02-01-12-02,8,9,ハネマン,デルマハルナ,0.02964784761481556,0.02312844368518302,0.006519403929632541,1.281878193724255,8,50.825402990872014,50.825402990872014,0
2026-0719-02-01-12-02,9,10,デルマハルナ,ラブデウザ,0.02312844368518302,0.020909974240405194,0.0022184694447778264,1.1060962304052477,9,28.432705379685373,28.432705379685373,0
2026-0719-02-01-12-03,1,2,ブレイズランナー,ルージュリヴィエラ,0.21520008771248295,0.19559260771333326,0.01960747999914969,1.1002465288866492,1,77.58788114196932,77.58788114196932,0
2026-0719-02-01-12-03,2,3,ルージュリヴィエラ,ニシノモリミチ,0.19559260771333326,0.1906191291517926,0.004973478561540651,1.0260911828926687,2,44.47465527286852,44.47465527286852,0
2026-0719-02-01-12-03,3,4,ニシノモリミチ,デルマバンダイサン,0.1906191291517926,0.14981255570126256,0.04080657345053004,1.272384202108543,3,89.49310545737036,89.49310545737036,0
2026-0719-02-01-12-03,4,5,デルマバンダイサン,キセログラフィカ,0.14981255570126256,0.11026282132781269,0.03954973437344987,1.3586860366638727,4,89.02699553311322,89.02699553311322,0
2026-0719-02-01-12-03,5,6,キセログラフィカ,ホウオウファラオ,0.11026282132781269,0.08122777824318944,0.02903504308462325,1.3574521390662029,5,84.54068751213828,84.54068751213828,0
2026-0719-02-01-12-03,6,7,ホウオウファラオ,スマートコーラル,0.08122777824318944,0.05033357347202664,0.030894204771162802,1.6137892194030798,6,85.57001359487279,85.57001359487279,0
2026-0719-02-01-12-03,7,8,スマートコーラル,マスカルポーネ,0.05033357347202664,0.04258759168602516,0.007745981786001478,1.1818835364795532,7,55.467080986599335,55.467080986599335,0
2026-0719-02-01-12-03,8,9,マスカルポーネ,サクセスゴールド,0.04258759168602516,0.04033796720950075,0.002249624476524409,1.0557694061488194,8,28.72402408234609,28.72402408234609,0
2026-0719-02-01-12-03,9,10,サクセスゴールド,ロジクリスエス,0.04033796720950075,0.024219593693240855,0.016118373516259898,1.6655096580236264,9,73.02388813361817,73.02388813361817,0
2026-0719-02-01-12-03,10,11,ロジクリスエス,ドゥブルヴェ,0.024219593693240855,0.017322918976906552,0.006896674716334303,1.3981242841075667,10,52.45678772577199,52.45678772577199,0
2026-0719-02-01-12-03,11,12,ドゥブルヴェ,トーレス,0.017322918976906552,0.014029625951229464,0.003293293025677088,1.2347384767865808,11,35.56030297145077,35.56030297145077,0
2026-0719-02-01-12-03,12,13,トーレス,キヨタリート,0.014029625951229464,0.013364906816719025,0.0006647191345104386,1.0497361593033254,12,16.585744804816468,16.585744804816468,0
2026-0719-02-01-12-03,13,14,キヨタリート,ダイユウアドバンス,0.013364906816719025,0.00871260596880518,0.004652300847913845,1.533973516600091,13,42.94037677218878,42.94037677218878,0
2026-0719-02-01-12-04,1,2,ギオンバヤシ,フローレンスフーガ,0.30733835673278287,0.22422068220379696,0.08311767452898591,1.370695841757538,1,96.30996309963099,96.30996309963099,1
2026-0719-02-01-12-04,2,3,フローレンスフーガ,マコトアディントン,0.22422068220379696,0.11424108799774918,0.10997959420604778,1.962697363388334,2,98.09671780928335,98.09671780928335,1
2026-0719-02-01-12-04,3,4,マコトアディントン,レイヌドプランタン,0.11424108799774918,0.09486821703222155,0.01937287096552763,1.2042082329738286,3,77.2965624393086,77.2965624393086,0
2026-0719-02-01-12-04,4,5,レイヌドプランタン,ウインカトリーヌ,0.09486821703222155,0.08871055357450702,0.006157663457714527,1.069412975227832,4,49.38823072441251,49.38823072441251,0
2026-0719-02-01-12-04,5,6,ウインカトリーヌ,プリュイドール,0.08871055357450702,0.0860209693931396,0.002689584181367416,1.031266610924544,5,32.10332103321033,32.10332103321033,0
2026-0719-02-01-12-04,6,7,プリュイドール,シークレットシティ,0.0860209693931396,0.08525689449455627,0.0007640748985833362,1.0089620306148042,6,17.4597009127986,17.4597009127986,0
2026-0719-02-01-12-04,7,8,シークレットシティ,ワダツミ,0.08525689449455627,0.06103121519831203,0.024225679296244237,1.3969391600269867,7,81.56923674499903,81.56923674499903,0
2026-0719-02-01-12-04,8,9,ワダツミ,コティノス,0.06103121519831203,0.06055540471781432,0.0004758104804977112,1.0078574403509475,8,14.740726354631967,14.740726354631967,0
2026-0719-02-01-12-04,9,10,コティノス,コスモブラック,0.06055540471781432,0.04980557123888953,0.010749833478924789,1.2158359639600123,9,63.313264711594485,63.313264711594485,0
2026-0719-02-01-12-04,10,11,コスモブラック,フィエスタ,0.04980557123888953,0.03423381490863048,0.015571756330259055,1.454864769580014,10,72.26645950670033,72.26645950670033,0
2026-0719-02-01-12-04,11,12,フィエスタ,フクチャンブラック,0.03423381490863048,0.02376070048519659,0.010473114423433887,1.4407746492978544,11,62.61409982520878,62.61409982520878,0
2026-0719-02-01-12-04,12,13,フクチャンブラック,ヤクジョ,0.02376070048519659,0.021617376032442574,0.002143324452754017,1.0991482245364743,12,27.908331714896097,27.908331714896097,0
2026-0719-02-01-12-05,1,2,ランフォーザエイジ,シャムスクッカ,0.06747062260606146,0.06747062260606146,0.0,1.0,1,9.671780928335599,9.671780928335599,0
2026-0719-02-01-12-05,2,3,シャムスクッカ,フィオリアーモ,0.06747062260606146,0.06747062260606146,0.0,1.0,2,9.671780928335599,9.671780928335599,0
2026-0719-02-01-12-05,3,4,フィオリアーモ,テンカタイヘイ,0.06747062260606146,0.06747062260606146,0.0,1.0,3,9.671780928335599,9.671780928335599,0
2026-0719-02-01-12-05,4,5,テンカタイヘイ,ルージュロマーナ,0.06747062260606146,0.06747062260606146,0.0,1.0,4,9.671780928335599,9.671780928335599,0
2026-0719-02-01-12-05,5,6,ルージュロマーナ,ロジアコース,0.06747062260606146,0.06747062260606146,0.0,1.0,5,9.671780928335599,9.671780928335599,0
2026-0719-02-01-12-05,6,7,ロジアコース,カリスマン,0.06747062260606146,0.06747062260606146,0.0,1.0,6,9.671780928335599,9.671780928335599,0
2026-0719-02-01-12-05,7,8,カリスマン,エコロルーク,0.06747062260606146,0.06747062260606146,0.0,1.0,7,9.671780928335599,9.671780928335599,0
2026-0719-02-01-12-05,8,9,エコロルーク,ステラルミノーザ,0.06747062260606146,0.06747062260606146,0.0,1.0,8,9.671780928335599,9.671780928335599,0
2026-0719-02-01-12-05,9,10,ステラルミノーザ,エコロヴァルド,0.06747062260606146,0.06747062260606146,0.0,1.0,9,9.671780928335599,9.671780928335599,0
2026-0719-02-01-12-05,10,11,エコロヴァルド,ラヴァンドローリエ,0.06747062260606146,0.06747062260606146,0.0,1.0,10,9.671780928335599,9.671780928335599,0
2026-0719-02-01-12-05,11,12,ラヴァンドローリエ,プリームスリール,0.06747062260606146,0.06747062260606146,0.0,1.0,11,9.671780928335599,9.671780928335599,0
2026-0719-02-01-12-05,12,13,プリームスリール,サルトヴェローチェ,0.06747062260606146,0.06747062260606146,0.0,1.0,12,9.671780928335599,9.671780928335599,0
2026-0719-02-01-12-05,13,14,サルトヴェローチェ,ヒアカムズザサン,0.06747062260606146,0.06747062260606146,0.0,1.0,13,9.671780928335599,9.671780928335599,0
2026-0719-02-01-12-06,1,2,マメーアップル,ソワンドヴィクター,0.22554154842275023,0.12882715960854613,0.0967143888142041,1.7507298081249343,1,97.28102544183336,97.28102544183336,1
2026-0719-02-01-12-06,2,3,ソワンドヴィクター,コスモファーブロス,0.12882715960854613,0.09528258256726156,0.033544577041284565,1.3520536087233455,2,86.5993396776073,86.5993396776073,0
2026-0719-02-01-12-06,3,4,コスモファーブロス,マリノリュミエール,0.09528258256726156,0.09076863756883313,0.004513944998428429,1.049730227524957,3,42.24121188580307,42.24121188580307,0
2026-0719-02-01-12-06,4,5,マリノリュミエール,リネアベルタ,0.09076863756883313,0.06806275424999225,0.02270588331884088,1.3336021818253625,4,80.42338318120024,80.42338318120024,0
2026-0719-02-01-12-06,5,6,リネアベルタ,ディサイドオンミー,0.06806275424999225,0.050617428701193415,0.017445325548798837,1.3446505679255796,5,75.16022528646339,75.16022528646339,0
2026-0719-02-01-12-06,6,7,ディサイドオンミー,チェサピークベイ,0.050617428701193415,0.04429187889062969,0.006325549810563727,1.1428151157503041,6,49.99028937657798,49.99028937657798,0
2026-0719-02-01-12-06,7,8,チェサピークベイ,クープグラッセ,0.04429187889062969,0.03214919587807761,0.012142683012552079,1.377697876444621,7,66.77024664983492,66.77024664983492,0
2026-0719-02-01-12-06,8,9,クープグラッセ,ライトオブジアース,0.03214919587807761,0.032119703015095966,2.9492862981643497e-05,1.0009182171755382,8,10.079627112060594,10.079627112060594,0
2026-0719-02-01-12-06,9,10,ライトオブジアース,スカイプレリュード,0.032119703015095966,0.030528717123620715,0.0015909858914752509,1.052114403793413,9,23.499708681297342,23.499708681297342,0
2026-0719-02-01-12-06,10,11,スカイプレリュード,セイカユウヒ,0.030528717123620715,0.024356675912192094,0.006172041211428621,1.2534024443105192,10,49.48533695863274,49.48533695863274,0
2026-0719-02-01-12-06,11,12,セイカユウヒ,アウェイクネス,0.024356675912192094,0.02277030234690912,0.0015863735652829752,1.0696685332111242,11,23.441444940765198,23.441444940765198,0
2026-0719-02-01-12-06,12,13,アウェイクネス,ジューンマロン,0.02277030234690912,0.018199082833804024,0.0045712195131050945,1.2511785651425382,12,42.57137308215187,42.57137308215187,0
2026-0719-02-01-12-06,13,14,ジューンマロン,ノブピースオブラブ,0.018199082833804024,0.01669801876154806,0.001501064072255965,1.0898947410283544,13,22.95591376966401,22.95591376966401,0
2026-0719-02-01-12-06,14,15,ノブピースオブラブ,トゥルージョワ,0.01669801876154806,0.01664258885402947,5.5429907518590726e-05,1.003330606073656,14,10.390367061565353,10.390367061565353,0
2026-0719-02-01-12-06,15,16,トゥルージョワ,リアライズブルーム,0.01664258885402947,0.009834847529974699,0.00680774132405477,1.6922060869074076,15,52.12662652942319,52.12662652942319,0
2026-0719-02-01-12-07,1,2,プリンセスアツコ,リピース,0.18625348753388066,0.16894528453229163,0.01730820300158903,1.1024485711424565,1,74.98543406486696,74.98543406486696,0
2026-0719-02-01-12-07,2,3,リピース,ヴァレンティーニ,0.16894528453229163,0.1440807550494606,0.02486452948283102,1.1725735645561783,2,82.01592542241212,82.01592542241212,0
2026-0719-02-01-12-07,3,4,ヴァレンティーニ,ビーチイン,0.1440807550494606,0.13895489909146946,0.005125855957991143,1.0368886307104361,3,45.251505146630414,45.251505146630414,0
2026-0719-02-01-12-07,4,5,ビーチイン,ゴールドヴィーナス,0.13895489909146946,0.13820554707721294,0.0007493520142565213,1.0054220111283803,4,17.304330938046224,17.304330938046224,0
2026-0719-02-01-12-07,5,6,ゴールドヴィーナス,ゴールドドレッサ,0.13820554707721294,0.12178402654285278,0.016421520534360162,1.134841333469803,5,73.58710429209555,73.58710429209555,0
2026-0719-02-01-12-07,6,7,ゴールドドレッサ,ジーティーアリア,0.12178402654285278,0.1100588446863444,0.01172518185650838,1.1065355709477402,6,65.68265682656826,65.68265682656826,0
2026-0719-02-01-12-07,7,8,ジーティーアリア,クッカユフラ,0.1100588446863444,0.06008951091421899,0.04996933377212541,1.831581635661161,7,91.92076131287628,91.92076131287628,1
2026-0719-02-01-12-07,8,9,クッカユフラ,ミリオンアップ,0.06008951091421899,0.05839114152378265,0.0016983693904363412,1.0290860796024102,8,24.45134977665566,24.45134977665566,0
2026-0719-02-01-12-07,9,10,ミリオンアップ,ブーケドグレイス,0.05839114152378265,0.04526720967446881,0.01312393184931384,1.2899213789339412,9,68.55700135948727,68.55700135948727,0
2026-0719-02-01-12-07,10,11,ブーケドグレイス,ストラニエーロ,0.04526720967446881,0.03247715747706729,0.012790052197401522,1.393816860556002,10,68.032627694698,68.032627694698,0
2026-0719-02-01-12-07,11,12,ストラニエーロ,ライラックデューン,0.03247715747706729,0.0213837086197016,0.011093448857365688,1.5187803974818888,11,64.34259079432898,64.34259079432898,0
2026-0719-02-01-12-07,12,13,ライラックデューン,フェニーチェドーロ,0.0213837086197016,0.014964719408786744,0.006418989210914857,1.4289415013786264,12,50.43697805399107,50.43697805399107,0
2026-0719-02-01-12-07,13,14,フェニーチェドーロ,スタンピー,0.014964719408786744,0.014130242398673474,0.0008344770101132697,1.0590561001410428,13,18.06175956496407,18.06175956496407,0
2026-0719-02-01-12-08,1,2,ワイドデコラシオン,キャンドルマス,0.19906954201048954,0.19445643061823253,0.004613111392257008,1.0237231105065059,1,42.80442804428044,42.80442804428044,0
2026-0719-02-01-12-08,2,3,キャンドルマス,フレンズプラス,0.19445643061823253,0.18509990797828285,0.009356522639949683,1.0505484996840055,2,60.01165274810643,60.01165274810643,0
2026-0719-02-01-12-08,3,4,フレンズプラス,グレイトソン,0.18509990797828285,0.17900105987231665,0.006098848105966198,1.0340715753879701,3,49.116333268595845,49.116333268595845,0
2026-0719-02-01-12-08,4,5,グレイトソン,レストプレドゥモア,0.17900105987231665,0.15928649649875792,0.01971456337355873,1.1237679515018555,4,77.6655661293455,77.6655661293455,0
2026-0719-02-01-12-08,5,6,レストプレドゥモア,イングラム,0.15928649649875792,0.1574413915875065,0.0018451049112514217,1.0117193127718636,5,25.558360846766366,25.558360846766366,0
2026-0719-02-01-12-08,6,7,イングラム,メイショウハッブル,0.1574413915875065,0.07201470755417493,0.08542668403333158,2.1862394076802594,6,96.58186055544766,96.58186055544766,1
2026-0719-02-01-12-08,7,8,メイショウハッブル,タイセイモノリス,0.07201470755417493,0.06251751435290627,0.009497193201268656,1.1519125208282879,7,60.53602641289571,60.53602641289571,0
2026-0719-02-01-12-08,8,9,タイセイモノリス,グッバイウェーブ,0.06251751435290627,0.04339494305717851,0.01912257129572776,1.4406635877026333,8,77.06350747718004,77.06350747718004,0
2026-0719-02-01-12-08,9,10,グッバイウェーブ,プレザントトーン,0.04339494305717851,0.01332862230980182,0.03006632074737669,3.255771080351345,9,85.0844824237716,85.0844824237716,0
2026-0719-02-01-12-09,1,2,モンローウォーク,アストリル,0.2634977409713411,0.2086453910540041,0.05485234991733701,1.2628974914818007,1,92.83355991454651,92.83355991454651,1
2026-0719-02-01-12-09,2,3,アストリル,レーヴドロペラ,0.2086453910540041,0.1671112263573127,0.041534164696691384,1.2485420375521878,2,89.78442416003108,89.78442416003108,0
2026-0719-02-01-12-09,3,4,レーヴドロペラ,マドモアゼルアスク,0.1671112263573127,0.08752224022832934,0.07958898612898337,1.9093572778913155,3,96.13517187803457,96.13517187803457,1
2026-0719-02-01-12-09,4,5,マドモアゼルアスク,マイスターヴェルク,0.08752224022832934,0.08570482395845795,0.0018174162698713914,1.0212055306332852,4,25.325305884637793,25.325305884637793,0
2026-0719-02-01-12-09,5,6,マイスターヴェルク,ハートメテオ,0.08570482395845795,0.07186686397831109,0.013837959980146863,1.192549934895212,5,69.7999611575063,69.7999611575063,0
2026-0719-02-01-12-09,6,7,ハートメテオ,トレミニョン,0.07186686397831109,0.06089964958869055,0.01096721438962054,1.1800866583583303,6,63.954165857448054,63.954165857448054,0
2026-0719-02-01-12-09,7,8,トレミニョン,ハニードレス,0.06089964958869055,0.0527041832584614,0.008195466330229148,1.1554993517315042,7,56.78772577199456,56.78772577199456,0
2026-0719-02-01-12-09,8,9,ハニードレス,マルカオペラ,0.0527041832584614,0.050227291368898606,0.0024768918895627934,1.0493136663765332,8,30.433093804622256,30.433093804622256,0
2026-0719-02-01-12-09,9,10,マルカオペラ,ロートホルン,0.050227291368898606,0.04922480390844441,0.001002487460454199,1.0203654942398304,9,19.343561856671197,19.343561856671197,0
2026-0719-02-01-12-09,10,11,ロートホルン,エーデル,0.04922480390844441,0.028718061340874446,0.02050674256756996,1.7140712711823167,10,78.57836473101572,78.57836473101572,0
2026-0719-02-01-12-09,11,12,エーデル,タイヨウフレア,0.028718061340874446,0.01825745235130261,0.010460608989571837,1.572950091189777,11,62.57525733152068,62.57525733152068,0
2026-0719-02-01-12-09,12,13,タイヨウフレア,エリム,0.01825745235130261,0.013702555212821595,0.004554897138481014,1.3324122448504319,12,42.4160031073995,42.4160031073995,0
2026-0719-02-01-12-10,1,2,シーズザスローン,ウインシャーガス,0.23709875246955794,0.18746501583886566,0.04963373663069229,1.2647626620283896,1,91.84307632550009,91.84307632550009,1
2026-0719-02-01-12-10,2,3,ウインシャーガス,タガノエルー,0.18746501583886566,0.16274677513323998,0.02471824070562567,1.1518816006362582,2,81.91881918819189,81.91881918819189,0
2026-0719-02-01-12-10,3,4,タガノエルー,プライベートアイズ,0.16274677513323998,0.12358374899258065,0.039163026140659335,1.316894627812355,3,88.8522043115168,88.8522043115168,0
2026-0719-02-01-12-10,4,5,プライベートアイズ,テルアスワッド,0.12358374899258065,0.08599667032485955,0.0375870786677211,1.4370759766131966,4,88.32783064672752,88.32783064672752,0
2026-0719-02-01-12-10,5,6,テルアスワッド,ルージュマローネ,0.08599667032485955,0.06401714285082892,0.021979527474030633,1.3433381512393758,5,79.80190328219071,79.80190328219071,0
2026-0719-02-01-12-10,6,7,ルージュマローネ,マーウォルス,0.06401714285082892,0.0607605473807226,0.003256595470106323,1.0535972042796233,6,35.24956302194601,35.24956302194601,0
2026-0719-02-01-12-10,7,8,マーウォルス,ジュンラトゥール,0.0607605473807226,0.05855356872114344,0.0022069786595791605,1.0376916165450087,7,28.35502039230919,28.35502039230919,0
2026-0719-02-01-12-10,8,9,ジュンラトゥール,メイショウタイピン,0.05855356872114344,0.05771983452597355,0.0008337341951698898,1.0144445007858558,8,18.042338318120024,18.042338318120024,0
2026-0719-02-01-12-10,9,10,メイショウタイピン,キングベルベット,0.05771983452597355,0.05067938844744882,0.007040446078524727,1.1389212911640638,9,52.96174014371723,52.96174014371723,0
2026-0719-02-01-12-10,10,11,キングベルベット,マンダリンボレロ,0.05067938844744882,0.026173084657882532,0.024506303789566287,1.936316987848268,10,81.70518547290736,81.70518547290736,0
2026-0719-02-01-12-10,11,12,マンダリンボレロ,レイザリオ,0.026173084657882532,0.024367465033414144,0.001805619624468388,1.0740996087197585,11,25.267042144105652,25.267042144105652,0
2026-0719-02-01-12-10,12,13,レイザリオ,ヤコブセン,0.024367465033414144,0.012928535911177746,0.011438929122236399,1.8847814788019837,12,65.13886191493495,65.13886191493495,0
2026-0719-02-01-12-10,13,14,ヤコブセン,フォーワンセルフ,0.012928535911177746,0.0086592942026177,0.004269241708560046,1.4930242129051876,13,40.920567100407844,40.920567100407844,0
2026-0719-02-01-12-11,1,2,イモージェン,ダイメイビッグボス,0.10301343403874193,0.10301343403874193,0.0,1.0,1,9.671780928335599,9.671780928335599,0
2026-0719-02-01-12-11,2,3,ダイメイビッグボス,ロンドンガーズ,0.10301343403874193,0.10043333747648689,0.002580096562255038,1.0256896427728401,2,31.365313653136536,31.365313653136536,0
2026-0719-02-01-12-11,3,4,ロンドンガーズ,ノリヤンモーニン,0.10043333747648689,0.09886707406157279,0.0015662634149141014,1.0158421135628901,3,23.305496212856866,23.305496212856866,0
2026-0719-02-01-12-11,4,5,ノリヤンモーニン,クロリス,0.09886707406157279,0.08731384694847882,0.011553227113093964,1.1323183838173019,4,65.27481064284328,65.27481064284328,0
2026-0719-02-01-12-11,5,6,クロリス,フェリチタ,0.08731384694847882,0.08496173858389078,0.002352108364588046,1.0276843247771534,5,29.559137696640125,29.559137696640125,0
2026-0719-02-01-12-11,6,7,フェリチタ,シグレ,0.08496173858389078,0.08496173858389078,0.0,1.0,6,9.671780928335599,9.671780928335599,0
2026-0719-02-01-12-11,7,8,シグレ,ダマスク,0.08496173858389078,0.0844267886397641,0.0005349499441266725,1.0063362583457867,7,15.09030879782482,15.09030879782482,0
2026-0719-02-01-12-11,8,9,ダマスク,セタキト,0.0844267886397641,0.0844267886397641,0.0,1.0,8,9.671780928335599,9.671780928335599,0
2026-0719-02-01-12-11,9,10,セタキト,アルテクィーン,0.0844267886397641,0.06657017509142842,0.01785661354833569,1.2682374430262677,9,75.62633521072053,75.62633521072053,0
2026-0719-02-01-12-11,10,11,アルテクィーン,ダイシンドラゴン,0.06657017509142842,0.06564313381134919,0.0009270412800792271,1.0141224409356115,10,18.722081957661683,18.722081957661683,0
2026-0719-02-01-12-11,11,12,ダイシンドラゴン,ウンスイ,0.06564313381134919,0.06203536325373149,0.0036077705576176983,1.0581566765856036,11,37.23053020003884,37.23053020003884,0
2026-0719-02-01-12-11,12,13,ウンスイ,ショウナンカノア,0.06203536325373149,0.05792237072544003,0.004112992528291462,1.071008704871346,12,39.910662264517384,39.910662264517384,0
2026-0719-02-01-12-12,1,2,コモンスナイプ,マグネシアブリック,0.15693328670561615,0.152508752473043,0.004424534232573163,1.0290116741552602,1,41.61973198679355,41.61973198679355,0
2026-0719-02-01-12-12,2,3,マグネシアブリック,ロードクラシコ,0.152508752473043,0.08308604225213119,0.0694227102209118,1.8355520173923205,2,94.7174208584191,94.7174208584191,1
2026-0719-02-01-12-12,3,4,ロードクラシコ,ザカリナン,0.08308604225213119,0.0686998549546323,0.014386187297498895,1.2094063707557925,3,70.34375606913964,70.34375606913964,0
2026-0719-02-01-12-12,4,5,ザカリナン,ソードマスター,0.0686998549546323,0.06339812164608076,0.0053017333085515345,1.0836260313538688,4,45.93124878617208,45.93124878617208,0
2026-0719-02-01-12-12,5,6,ソードマスター,ホウオウヘッセン,0.06339812164608076,0.06163725173310123,0.0017608699129795305,1.0285682742735573,5,24.859195960380656,24.859195960380656,0
2026-0719-02-01-12-12,6,7,ホウオウヘッセン,フレンドモナコ,0.06163725173310123,0.03512783503521867,0.026509416697882558,1.7546555792950118,6,83.12293649252283,83.12293649252283,0
2026-0719-02-01-12-12,7,8,フレンドモナコ,アヤサンジョリーン,0.03512783503521867,0.03309084605860169,0.0020369889766169783,1.0615574764395448,7,27.15090308797825,27.15090308797825,0
2026-0719-02-01-12-12,8,9,アヤサンジョリーン,ミスターバッドガイ,0.03309084605860169,0.029953566663113745,0.0031372793954879477,1.1047380911519744,8,34.43387065449602,34.43387065449602,0
2026-0719-02-01-12-12,9,10,ミスターバッドガイ,シャインズオンユー,0.029953566663113745,0.019957935522026557,0.009995631141087188,1.500834925037989,9,61.58477374247426,61.58477374247426,0
2026-0719-02-01-12-12,10,11,シャインズオンユー,ルクスアドラー,0.019957935522026557,0.019022486929519706,0.0009354485925068511,1.0491759356162411,10,18.838609438725967,18.838609438725967,0
2026-0719-02-01-12-12,11,12,ルクスアドラー,マイオウンウェイ,0.019022486929519706,0.015749202754420315,0.003273284175099391,1.2078380871806784,11,35.44377549038648,35.44377549038648,0
2026-0719-02-01-12-12,12,13,マイオウンウェイ,ロードヴェルテクス,0.015749202754420315,0.014768285576759096,0.0009809171776612186,1.0664205179783963,12,19.16877063507477,19.16877063507477,0
2026-0719-02-01-12-12,13,14,ロードヴェルテクス,ブラヴィーノ,0.014768285576759096,0.01383372462985392,0.0009345609469051767,1.0675567117252243,13,18.79976694503787,18.79976694503787,0
2026-0719-03-02-08-01,1,2,ムーンベリル,トムキャット,0.25718647641778986,0.09645674474198969,0.16072973167580018,2.6663399962929817,1,99.47562633521072,99.47562633521072,1
2026-0719-03-02-08-01,2,3,トムキャット,スウィット,0.09645674474198969,0.09214753444555213,0.004309210296437563,1.046764249552263,2,41.09535832200427,41.09535832200427,0
2026-0719-03-02-08-01,3,4,スウィット,ユイノキャッツアイ,0.09214753444555213,0.0873460514960465,0.004801482949505623,1.0549708071202617,3,43.67838415226257,43.67838415226257,0
2026-0719-03-02-08-01,4,5,ユイノキャッツアイ,ドナビッグベン,0.0873460514960465,0.0648810301780754,0.02246502131797111,1.3462494546759292,4,80.24859195960381,80.24859195960381,0
2026-0719-03-02-08-01,5,6,ドナビッグベン,ココニイルヨ,0.0648810301780754,0.02906208908112419,0.035818941096951204,2.2324971201129373,5,87.58982326665372,87.58982326665372,0
2026-0719-03-02-08-01,6,7,ココニイルヨ,レオライジング,0.02906208908112419,0.018299336585776448,0.010762752495347742,1.5881498733518746,6,63.33268595843853,63.33268595843853,0
2026-0719-03-02-08-01,7,8,レオライジング,ウカテンセイ,0.018299336585776448,0.014376918344631017,0.0039224182411454304,1.2728274688024668,7,39.0172849096912,39.0172849096912,0
2026-0719-03-02-08-01,8,9,ウカテンセイ,リケアチャチャチャ,0.014376918344631017,0.012606193496922187,0.0017707248477088298,1.140464673030852,8,24.956302194600894,24.956302194600894,0
2026-0719-03-02-08-01,9,10,リケアチャチャチャ,ケンシロウワールド,0.012606193496922187,0.010785819955217178,0.001820373541705009,1.168774701345212,9,25.40299087201398,25.40299087201398,0
2026-0719-03-02-08-02,1,2,クリスタルドレス,ピースフルマインド,0.27236509082555516,0.17507590989755417,0.09728918092800098,1.5556971315181503,1,97.35871042920957,97.35871042920957,1
2026-0719-03-02-08-02,2,3,ピースフルマインド,サトノスターライト,0.17507590989755417,0.16279750531282963,0.01227840458472454,1.0754213313105168,2,67.11982909302778,67.11982909302778,0
2026-0719-03-02-08-02,3,4,サトノスターライト,ジャストビコーズ,0.16279750531282963,0.15282801140614544,0.009969493906684196,1.0652334203328075,3,61.54593124878617,61.54593124878617,0
2026-0719-03-02-08-02,4,5,ジャストビコーズ,クレアノア,0.15282801140614544,0.13037528759349218,0.022452723812653258,1.1722161018939452,4,80.22917071275975,80.22917071275975,0
2026-0719-03-02-08-02,5,6,クレアノア,グレイスルーラー,0.13037528759349218,0.1030704437412383,0.027304843852253874,1.2649143911789453,5,83.55020392309186,83.55020392309186,0
2026-0719-03-02-08-02,6,7,グレイスルーラー,フジサン,0.1030704437412383,0.06060788124274246,0.042462562498495844,1.7006112345097124,6,89.9980578753156,89.9980578753156,0
2026-0719-03-02-08-02,7,8,フジサン,アオゾラランチ,0.06060788124274246,0.032297849450327695,0.028310031792414765,1.8765299323087758,7,84.016313847349,84.016313847349,0
2026-0719-03-02-08-02,8,9,アオゾラランチ,ジャストマイウェイ,0.032297849450327695,0.028687476757832658,0.0036103726924950376,1.125851873379184,8,37.24995144688289,37.24995144688289,0
2026-0719-03-02-08-02,9,10,ジャストマイウェイ,アマンヘセル,0.028687476757832658,0.026308275836553287,0.0023792009212793702,1.0904354559782157,9,29.7533501650806,29.7533501650806,0
2026-0719-03-02-08-02,10,11,アマンヘセル,ロジタイガー,0.026308275836553287,0.02248211812637868,0.003826157710174607,1.1701867096626144,10,38.39580501068169,38.39580501068169,0
2026-0719-03-02-08-02,11,12,ロジタイガー,キリスパークル,0.02248211812637868,0.019283492497642416,0.0031986256287362645,1.1658737715238734,11,34.84171683822102,34.84171683822102,0
2026-0719-03-02-08-02,12,13,キリスパークル,ダイナマイトメロン,0.019283492497642416,0.01527140758144338,0.004012084916199036,1.2627187372743693,12,39.34744610604001,39.34744610604001,0
2026-0719-03-02-08-02,13,14,ダイナマイトメロン,ジェイエルグリーン,0.01527140758144338,0.014691740762834618,0.0005796668186087619,1.0394552849771983,13,15.789473684210526,15.789473684210526,0
2026-0719-03-02-08-02,14,15,ジェイエルグリーン,チョコスコーン,0.014691740762834618,0.010581842186006664,0.004109898576827954,1.3883915961497562,14,39.87181977082928,39.87181977082928,0
2026-0719-03-02-08-02,15,16,チョコスコーン,ルビーサンセット,0.010581842186006664,0.007949168765615721,0.002632673420390943,1.3311885176949094,15,31.67605360264129,31.67605360264129,0
2026-0719-03-02-08-03,1,2,ペプチドドリーム,シャルムグリーン,0.27191447028389604,0.17798346628894693,0.09393100399494911,1.527751290349953,1,97.14507671392504,97.14507671392504,1
2026-0719-03-02-08-03,2,3,シャルムグリーン,グランマエストロ,0.17798346628894693,0.17265806106519124,0.005325405223755686,1.0308436524243427,2,46.00893377354826,46.00893377354826,0
2026-0719-03-02-08-03,3,4,グランマエストロ,シルバーゴールド,0.17265806106519124,0.14920980987180119,0.023448251193390057,1.1571495279937454,3,80.98659933967761,80.98659933967761,0
2026-0719-03-02-08-03,4,5,シルバーゴールド,ランウェイミューズ,0.14920980987180119,0.12364580386570787,0.02556400600609332,1.2067519091376402,4,82.5791415808895,82.5791415808895,0
2026-0719-03-02-08-03,5,6,ランウェイミューズ,ベルランコントル,0.12364580386570787,0.10811555610818972,0.015530247757518142,1.1436448954855047,5,72.18877451932414,72.18877451932414,0
2026-0719-03-02-08-03,6,7,ベルランコントル,ブラーヴジャン,0.10811555610818972,0.10039426538015367,0.007721290728036054,1.076909679041911,6,55.25344727131481,55.25344727131481,0
2026-0719-03-02-08-03,7,8,ブラーヴジャン,チャチャット,0.10039426538015367,0.039215873757929794,0.061178391622223875,2.560041528077723,7,93.78520100990484,93.78520100990484,1
2026-0719-03-02-08-03,8,9,チャチャット,ルージュラベル,0.039215873757929794,0.037333011719334216,0.0018828620385955772,1.0504342390790955,8,25.88852204311517,25.88852204311517,0
2026-0719-03-02-08-03,9,10,ルージュラベル,レッドフリーマン,0.037333011719334216,0.026204667878582544,0.011128343840751672,1.424670287458481,9,64.43969702854923,64.43969702854923,0
2026-0719-03-02-08-03,10,11,レッドフリーマン,ルアグロール,0.026204667878582544,0.020061481476681554,0.00614318640190099,1.306217983404741,10,49.291124490192274,49.291124490192274,0
2026-0719-03-02-08-03,11,12,ルアグロール,ラクシオンデクラ,0.020061481476681554,0.015291067255217549,0.004770414221464006,1.31197392188804,11,43.484171683822105,43.484171683822105,0
2026-0719-03-02-08-03,12,13,ラクシオンデクラ,アロハオエ,0.015291067255217549,0.015092728922777464,0.00019833833244008517,1.013141316819171,12,12.099436783841524,12.099436783841524,0
2026-0719-03-02-08-03,13,14,アロハオエ,ボールドフロント,0.015092728922777464,0.014908608873900688,0.0001841200488767753,1.0123499147662998,13,11.924645562245097,11.924645562245097,0
2026-0719-03-02-08-03,14,15,ボールドフロント,カタカムナ,0.014908608873900688,0.011798455091349837,0.0031101537825508514,1.2636068670406766,14,34.336764420275784,34.336764420275784,0
2026-0719-03-02-08-03,15,16,カタカムナ,カキュウ,0.011798455091349837,0.007365587442097883,0.0044328676492519535,1.6018349091772337,15,41.71683822101379,41.71683822101379,0
2026-0719-03-02-08-04,1,2,フェスティヴハート,デルマザオウ,0.23387938219678758,0.16040098166211417,0.07347840053467342,1.4580919628625229,1,95.39716449796077,95.39716449796077,1
2026-0719-03-02-08-04,2,3,デルマザオウ,ユニバーサルラヴ,0.16040098166211417,0.11393214816440989,0.04646883349770428,1.4078641037352109,2,91.16333268595844,91.16333268595844,1
2026-0719-03-02-08-04,3,4,ユニバーサルラヴ,ペタルズダンス,0.11393214816440989,0.06415277943602489,0.049779368728384996,1.7759503043516065,3,91.88191881918819,91.88191881918819,1
2026-0719-03-02-08-04,4,5,ペタルズダンス,ハリコミチュウ,0.06415277943602489,0.04942600539561507,0.01472677404040982,1.297955983343868,4,70.84870848708486,70.84870848708486,0
2026-0719-03-02-08-04,5,6,ハリコミチュウ,アルティソナンテ,0.04942600539561507,0.042396847179946316,0.007029158215668754,1.1657943616853081,5,52.942318896873175,52.942318896873175,0
2026-0719-03-02-08-04,6,7,アルティソナンテ,トラストレガート,0.042396847179946316,0.03853001907550025,0.0038668281044460656,1.1003588422022046,6,38.6482812196543,38.6482812196543,0
2026-0719-03-02-08-04,7,8,トラストレガート,アーティラリー,0.03853001907550025,0.03120644916394871,0.007323569911551541,1.2346812953013604,7,54.20469994173626,54.20469994173626,0
2026-0719-03-02-08-04,8,9,アーティラリー,カムオンオーバー,0.03120644916394871,0.023505226013579607,0.007701223150369103,1.3276387619468069,8,55.17576228393863,55.17576228393863,0
2026-0719-03-02-08-04,9,10,カムオンオーバー,ジーティーヒラリ,0.023505226013579607,0.019728192374973485,0.003777033638606122,1.1914536094750139,9,38.06564381433288,38.06564381433288,0
2026-0719-03-02-08-04,10,11,ジーティーヒラリ,ヤマニンルーバス,0.019728192374973485,0.01686636974604353,0.0028618226289299532,1.169676265374253,10,32.880170906972225,32.880170906972225,0
2026-0719-03-02-08-04,11,12,ヤマニンルーバス,ランランリンリン,0.01686636974604353,0.014762638622579226,0.002103731123464306,1.1425037337327137,11,27.636434259079433,27.636434259079433,0
2026-0719-03-02-08-04,12,13,ランランリンリン,ハピネスドリーム,0.014762638622579226,0.01467544213645988,8.719648611934562e-05,1.00594165990425,12,10.662264517382015,10.662264517382015,0
2026-0719-03-02-08-04,13,14,ハピネスドリーム,マッドヘッドラブ,0.01467544213645988,0.006425211877426394,0.008250230259033486,2.2840401867553823,13,57.040201980967176,57.040201980967176,0
2026-0719-03-02-08-04,14,15,マッドヘッドラブ,ウィッシュリスト,0.006425211877426394,0.006141754761093784,0.0002834571163326102,1.0461524641342288,14,13.012235385511751,13.012235385511751,0
2026-0719-03-02-08-05,1,2,マイホームパパ,サンタンヌ,0.07121650834823502,0.07121650834823502,0.0,1.0,1,9.671780928335599,9.671780928335599,0
2026-0719-03-02-08-05,2,3,サンタンヌ,ムーチョピカンテ,0.07121650834823502,0.07121650834823502,0.0,1.0,2,9.671780928335599,9.671780928335599,0
2026-0719-03-02-08-05,3,4,ムーチョピカンテ,グランオギュール,0.07121650834823502,0.07121650834823502,0.0,1.0,3,9.671780928335599,9.671780928335599,0
2026-0719-03-02-08-05,4,5,グランオギュール,ロワデュモンド,0.07121650834823502,0.07121650834823502,0.0,1.0,4,9.671780928335599,9.671780928335599,0
2026-0719-03-02-08-05,5,6,ロワデュモンド,マハロハ,0.07121650834823502,0.07121650834823502,0.0,1.0,5,9.671780928335599,9.671780928335599,0
2026-0719-03-02-08-05,6,7,マハロハ,コスモフラムオット,0.07121650834823502,0.07121650834823502,0.0,1.0,6,9.671780928335599,9.671780928335599,0
2026-0719-03-02-08-05,7,8,コスモフラムオット,カウェーカネム,0.07121650834823502,0.07121650834823502,0.0,1.0,7,9.671780928335599,9.671780928335599,0
2026-0719-03-02-08-05,8,9,カウェーカネム,ヴェルバーニア,0.07121650834823502,0.07121650834823502,0.0,1.0,8,9.671780928335599,9.671780928335599,0
2026-0719-03-02-08-05,9,10,ヴェルバーニア,アズールドーン,0.07121650834823502,0.07121650834823502,0.0,1.0,9,9.671780928335599,9.671780928335599,0
2026-0719-03-02-08-05,10,11,アズールドーン,エンルートフライト,0.07121650834823502,0.07121650834823502,0.0,1.0,10,9.671780928335599,9.671780928335599,0
2026-0719-03-02-08-05,11,12,エンルートフライト,ナムラダックス,0.07121650834823502,0.07121650834823502,0.0,1.0,11,9.671780928335599,9.671780928335599,0
2026-0719-03-02-08-05,12,13,ナムラダックス,ラヴァレード,0.07121650834823502,0.07121650834823502,0.0,1.0,12,9.671780928335599,9.671780928335599,0
2026-0719-03-02-08-06,1,2,エリンヘラクレス,トランサルピナ,0.05371407730888987,0.05371407730888987,0.0,1.0,1,9.671780928335599,9.671780928335599,0
2026-0719-03-02-08-06,2,3,トランサルピナ,セイウンリリーナ,0.05371407730888987,0.05371407730888987,0.0,1.0,2,9.671780928335599,9.671780928335599,0
2026-0719-03-02-08-06,3,4,セイウンリリーナ,ドリームユー,0.05371407730888987,0.05371407730888987,0.0,1.0,3,9.671780928335599,9.671780928335599,0
2026-0719-03-02-08-06,4,5,ドリームユー,クールボビー,0.05371407730888987,0.05371407730888987,0.0,1.0,4,9.671780928335599,9.671780928335599,0
2026-0719-03-02-08-06,5,6,クールボビー,グルーヴェンス,0.05371407730888987,0.05371407730888987,0.0,1.0,5,9.671780928335599,9.671780928335599,0
2026-0719-03-02-08-06,6,7,グルーヴェンス,ミラクルオーラ,0.05371407730888987,0.05371407730888987,0.0,1.0,6,9.671780928335599,9.671780928335599,0
2026-0719-03-02-08-06,7,8,ミラクルオーラ,ヴィンチェローズ,0.05371407730888987,0.05371407730888987,0.0,1.0,7,9.671780928335599,9.671780928335599,0
2026-0719-03-02-08-06,8,9,ヴィンチェローズ,キミヘノメロディー,0.05371407730888987,0.05371407730888987,0.0,1.0,8,9.671780928335599,9.671780928335599,0
2026-0719-03-02-08-06,9,10,キミヘノメロディー,セイウンイーリス,0.05371407730888987,0.05371407730888987,0.0,1.0,9,9.671780928335599,9.671780928335599,0
2026-0719-03-02-08-06,10,11,セイウンイーリス,ヴァンデエス,0.05371407730888987,0.05371407730888987,0.0,1.0,10,9.671780928335599,9.671780928335599,0
2026-0719-03-02-08-06,11,12,ヴァンデエス,ドナチャージ,0.05371407730888987,0.05371407730888987,0.0,1.0,11,9.671780928335599,9.671780928335599,0
2026-0719-03-02-08-06,12,13,ドナチャージ,アイアムキレマスネ,0.05371407730888987,0.05371407730888987,0.0,1.0,12,9.671780928335599,9.671780928335599,0
2026-0719-03-02-08-06,13,14,アイアムキレマスネ,チャランダマルツ,0.05371407730888987,0.05371407730888987,0.0,1.0,13,9.671780928335599,9.671780928335599,0
2026-0719-03-02-08-06,14,15,チャランダマルツ,コスモルトチェコ,0.05371407730888987,0.05371407730888987,0.0,1.0,14,9.671780928335599,9.671780928335599,0
2026-0719-03-02-08-06,15,16,コスモルトチェコ,アルニタク,0.05371407730888987,0.05371407730888987,0.0,1.0,15,9.671780928335599,9.671780928335599,0
2026-0719-03-02-08-07,1,2,イントゥザウインド,キタノドンカルロ,0.26152333958045393,0.18799596040531658,0.07352737917513735,1.3911114846117618,1,95.41658574480482,95.41658574480482,1
2026-0719-03-02-08-07,2,3,キタノドンカルロ,チェイサー,0.18799596040531658,0.11474394575526982,0.07325201465004676,1.6383954653806432,2,95.35832200427268,95.35832200427268,1
2026-0719-03-02-08-07,3,4,チェイサー,ファイアリービート,0.11474394575526982,0.07976463859722438,0.03497930715804544,1.4385315068582614,3,87.14313458924063,87.14313458924063,0
2026-0719-03-02-08-07,4,5,ファイアリービート,ラヴィプランドール,0.07976463859722438,0.07379739119368406,0.005967247403540321,1.0808598692585087,4,48.66964459118275,48.66964459118275,0
2026-0719-03-02-08-07,5,6,ラヴィプランドール,ファナティカル,0.07379739119368406,0.06933812677176805,0.004459264421916007,1.0643118675039207,5,41.93047193629831,41.93047193629831,0
2026-0719-03-02-08-07,6,7,ファナティカル,ジュングロワール,0.06933812677176805,0.05637303230805432,0.01296509446371373,1.2299875300811403,6,68.32394639735871,68.32394639735871,0
2026-0719-03-02-08-07,7,8,ジュングロワール,ユイノサダハル,0.05637303230805432,0.05605604714142213,0.00031698516663219295,1.0056547898540273,7,13.303554088172461,13.303554088172461,0
2026-0719-03-02-08-07,8,9,ユイノサダハル,マイトリックスター,0.05605604714142213,0.021415735757353897,0.03464031138406823,2.617516753874458,8,87.02660710817635,87.02660710817635,0
2026-0719-03-02-08-07,9,10,マイトリックスター,パワポケグッド,0.021415735757353897,0.016237526252615934,0.005178209504737963,1.318903841889323,9,45.484560108758984,45.484560108758984,0
2026-0719-03-02-08-07,10,11,パワポケグッド,リアルパラダイス,0.016237526252615934,0.014778993092505426,0.0014585331601105079,1.0986896164698896,10,22.72285880753544,22.72285880753544,0
2026-0719-03-02-08-07,11,12,リアルパラダイス,テキサスバローズ,0.014778993092505426,0.013503913390258368,0.0012750797022470575,1.0944229769103,11,21.518741503204506,21.518741503204506,0
2026-0719-03-02-08-07,12,13,テキサスバローズ,ライヴギムレット,0.013503913390258368,0.007034425626983978,0.00646948776327439,1.9196895533954481,12,50.67003301611963,50.67003301611963,0
2026-0719-03-02-08-07,13,14,ライヴギムレット,サイモングリーマン,0.007034425626983978,0.007026295480884548,8.130146099430587e-06,1.0011571027893076,13,9.80772965624393,9.80772965624393,0
2026-0719-03-02-08-08,1,2,アメテュストス,ミエノストロング,0.22548725494264216,0.20382620335762314,0.02166105158501902,1.1062721633833,1,79.51058457953,79.51058457953,0
2026-0719-03-02-08-08,2,3,ミエノストロング,リスレジャンデール,0.20382620335762314,0.18548110012369115,0.018345103233931986,1.0989055123228095,2,76.1507088755098,76.1507088755098,0
2026-0719-03-02-08-08,3,4,リスレジャンデール,ミッドセンチュリー,0.18548110012369115,0.1625408453141436,0.02294025480954756,1.141135323648716,3,80.59817440279666,80.59817440279666,0
2026-0719-03-02-08-08,4,5,ミッドセンチュリー,ロスパレドネス,0.1625408453141436,0.15770141582135663,0.004839429492786956,1.030687292612953,4,43.833754127014956,43.833754127014956,0
2026-0719-03-02-08-08,5,6,ロスパレドネス,コスモアチーブ,0.15770141582135663,0.14565114436686147,0.012050271454495165,1.0827337918069722,5,66.51777044086231,66.51777044086231,0
2026-0719-03-02-08-08,6,7,コスモアチーブ,トーセンブリラーレ,0.14565114436686147,0.13582843577626258,0.009822708590598889,1.0723170265081967,6,61.254612546125465,61.254612546125465,0
2026-0719-03-02-08-08,7,8,トーセンブリラーレ,コズミックボックス,0.13582843577626258,0.13231634273421936,0.003512093042043224,1.026543153849845,7,36.84210526315789,36.84210526315789,0
2026-0719-03-02-08-08,8,9,コズミックボックス,モウエエデショー,0.13231634273421936,0.12327904785994867,0.009037294874270685,1.0733076303812592,8,59.37075160225287,59.37075160225287,0
2026-0719-03-02-08-08,9,10,モウエエデショー,ジャグアール,0.12327904785994867,0.1145248036233732,0.008754244236575476,1.0764397227465652,9,58.671586715867164,58.671586715867164,0
2026-0719-03-02-08-08,10,11,ジャグアール,スイートオレンジ,0.1145248036233732,0.10251251297164665,0.012012290651726543,1.1171787746052908,10,66.34297921926587,66.34297921926587,0
2026-0719-03-02-08-08,11,12,スイートオレンジ,ピエナフェーヴル,0.10251251297164665,0.08734983202717202,0.015162680944474635,1.1735856909233433,11,71.60613711400272,71.60613711400272,0
2026-0719-03-02-08-08,12,13,ピエナフェーヴル,ポッドロルフ,0.08734983202717202,0.06230604828783861,0.025043783739333407,1.4019478754877421,12,82.15187415032045,82.15187415032045,0
2026-0719-03-02-08-08,13,14,ポッドロルフ,アレクレア,0.06230604828783861,0.04482999601020766,0.017476052277630952,1.3898294408425043,13,75.21848902699554,75.21848902699554,0
2026-0719-03-02-08-08,14,15,アレクレア,クラウンテック,0.04482999601020766,0.006779950205325049,0.03805004580488261,6.612142368685491,14,88.50262186832396,88.50262186832396,0
2026-0719-03-02-08-08,15,16,クラウンテック,インヴェスター,0.006779950205325049,0.005266965269610932,0.0015129849357141175,1.2872593340312422,15,23.05302000388425,23.05302000388425,0
2026-0719-03-02-08-09,1,2,ガラベイヤ,ヴァンヴィーヴ,0.22602869780602283,0.16357776992853196,0.062450927877490875,1.381781264683924,1,93.95999223150126,93.95999223150126,1
2026-0719-03-02-08-09,2,3,ヴァンヴィーヴ,ロードトレゾール,0.16357776992853196,0.12787907766759926,0.035698692260932696,1.279159757108396,2,87.47329578558943,87.47329578558943,0
2026-0719-03-02-08-09,3,4,ロードトレゾール,ハッピーエンジェル,0.12787907766759926,0.10696413212791535,0.020914945539683913,1.195532325870436,3,78.96678966789668,78.96678966789668,0
2026-0719-03-02-08-09,4,5,ハッピーエンジェル,ヴェントゥーラ,0.10696413212791535,0.09580684100019339,0.011157291127721958,1.116456100746495,4,64.51738201592542,64.51738201592542,0
2026-0719-03-02-08-09,5,6,ヴェントゥーラ,ルージュブリッツ,0.09580684100019339,0.08023983064471736,0.01556701035547603,1.1940060220765296,5,72.24703825985628,72.24703825985628,0
2026-0719-03-02-08-09,6,7,ルージュブリッツ,キョウエイボニータ,0.08023983064471736,0.049627969855480854,0.030611860789236507,1.6168267788986692,6,85.39522237327637,85.39522237327637,0
2026-0719-03-02-08-09,7,8,キョウエイボニータ,セイウンデセオ,0.049627969855480854,0.04208590474261075,0.007542065112870103,1.1792064388064345,7,54.78733734705769,54.78733734705769,0
2026-0719-03-02-08-09,8,9,セイウンデセオ,ファビュラススター,0.04208590474261075,0.03748946045924529,0.004596444283365461,1.1226063066008178,8,42.726743056904255,42.726743056904255,0
2026-0719-03-02-08-09,9,10,ファビュラススター,プリティディーヴァ,0.03748946045924529,0.03489453172380191,0.002594928735443383,1.074364910696691,9,31.54010487473296,31.54010487473296,0
2026-0719-03-02-08-09,10,11,プリティディーヴァ,ダンケルド,0.03489453172380191,0.034234153020754665,0.0006603787030472416,1.0192900552453243,10,16.546902311128374,16.546902311128374,0
2026-0719-03-02-08-09,11,12,ダンケルド,クレオズニードル,0.034234153020754665,0.029734852384806564,0.004499300635948101,1.1513140397578392,11,42.16352689842688,42.16352689842688,0
2026-0719-03-02-08-09,12,13,クレオズニードル,カリーシ,0.029734852384806564,0.025967652861018747,0.0037671995237878175,1.1450727774262162,12,38.026801320644786,38.026801320644786,0
2026-0719-03-02-08-09,13,14,カリーシ,イグニション,0.025967652861018747,0.025580316948814397,0.0003873359122043493,1.0151419512502289,13,13.905612740337931,13.905612740337931,0
2026-0719-03-02-08-09,14,15,イグニション,マイネルラッシュ,0.025580316948814397,0.02497800386975422,0.0006023130790601787,1.0241137395206155,14,16.022528646339097,16.022528646339097,0
2026-0719-03-02-08-09,15,16,マイネルラッシュ,ポッドデスペア,0.02497800386975422,0.012693613709970316,0.012284390159783902,1.9677614618235164,15,67.13925033987181,67.13925033987181,0
2026-0719-03-02-08-10,1,2,アロンズロッド,ルールーリマ,0.2770858835499243,0.17976982659188806,0.09731605695803625,1.5413369907674348,1,97.39755292289765,97.39755292289765,1
2026-0719-03-02-08-10,2,3,ルールーリマ,コスモイシュタル,0.17976982659188806,0.1698882090308828,0.009881617561005251,1.058165411345345,2,61.33229753350166,61.33229753350166,0
2026-0719-03-02-08-10,3,4,コスモイシュタル,クラヴァンス,0.1698882090308828,0.10581530717114677,0.06407290185973603,1.605516381066719,3,94.17362594678579,94.17362594678579,1
2026-0719-03-02-08-10,4,5,クラヴァンス,ヤマニンガラッシア,0.10581530717114677,0.05981691582042525,0.04599839135072153,1.7689863430741242,4,90.98854146436202,90.98854146436202,1
2026-0719-03-02-08-10,5,6,ヤマニンガラッシア,ジェットブレード,0.05981691582042525,0.05041916807327567,0.009397747747149576,1.1863923604112538,5,60.22528646339095,60.22528646339095,0
2026-0719-03-02-08-10,6,7,ジェットブレード,バセリーナ,0.05041916807327567,0.03411764928927861,0.016301518783997063,1.477803105535755,6,73.39289182365508,73.39289182365508,0
2026-0719-03-02-08-10,7,8,バセリーナ,バードウォッチャー,0.03411764928927861,0.028501228362703183,0.0056164209265754245,1.197058907605719,7,47.2130510778792,47.2130510778792,0
2026-0719-03-02-08-10,8,9,バードウォッチャー,レッセパッセ,0.028501228362703183,0.02347513406941151,0.005026094293291674,1.2141029004746242,8,44.785395222373275,44.785395222373275,0
2026-0719-03-02-08-10,9,10,レッセパッセ,ゴーソーファー,0.02347513406941151,0.015197949233174182,0.008277184836237328,1.5446251141680243,9,57.11788696834337,57.11788696834337,0
2026-0719-03-02-08-10,10,11,ゴーソーファー,ヨシヒロ,0.015197949233174182,0.013543324759392742,0.0016546244737814398,1.1221726941631451,10,24.02408234608662,24.02408234608662,0
2026-0719-03-02-08-10,11,12,ヨシヒロ,ビッグデイメイク,0.013543324759392742,0.01338317006620177,0.00016015469319097253,1.0119668727512798,11,11.497378131676053,11.497378131676053,0
2026-0719-03-02-08-11,1,2,エコロアゼル,ガビーズシスター,0.1915661063859146,0.1818657456680738,0.009700360717840778,1.053338030656664,1,60.9827150903088,60.9827150903088,0
2026-0719-03-02-08-11,2,3,ガビーズシスター,ユキマル,0.1818657456680738,0.15577714346290158,0.02608860220517223,1.1674738772661166,2,82.92872402408234,82.92872402408234,0
2026-0719-03-02-08-11,3,4,ユキマル,ショウナンアビアス,0.15577714346290158,0.13741753501000628,0.018359608452895304,1.1336045538261068,3,76.20897261604195,76.20897261604195,0
2026-0719-03-02-08-11,4,5,ショウナンアビアス,メイショウホウレン,0.13741753501000628,0.12201796019363152,0.015399574816374759,1.1262074434938678,4,71.99456205088367,71.99456205088367,0
2026-0719-03-02-08-11,5,6,メイショウホウレン,マニバドラ,0.12201796019363152,0.1043302228134606,0.017687737380170918,1.1695360836312607,5,75.41270149543601,75.41270149543601,0
2026-0719-03-02-08-11,6,7,マニバドラ,ロードアウォード,0.1043302228134606,0.09331128713878822,0.011018935674672381,1.118087918541764,6,64.10953583220042,64.10953583220042,0
2026-0719-03-02-08-11,7,8,ロードアウォード,プレゼンティーア,0.09331128713878822,0.07216231774780375,0.02114896939098447,1.2930749739066985,7,79.16100213633716,79.16100213633716,0
2026-0719-03-02-08-11,8,9,プレゼンティーア,ファムエレガンテ,0.07216231774780375,0.06418224593965,0.007980071808153757,1.1243345677815224,8,56.12740337929695,56.12740337929695,0
2026-0719-03-02-08-11,9,10,ファムエレガンテ,ジョーローリット,0.06418224593965,0.06250976696715732,0.0016724789724926747,1.0267554824411902,9,24.179452320838998,24.179452320838998,0
2026-0719-03-02-08-11,10,11,ジョーローリット,ルディック,0.06250976696715732,0.04170429677649875,0.020805470190658572,1.4988807340921977,10,78.86968343367644,78.86968343367644,0
2026-0719-03-02-08-11,11,12,ルディック,ゲッティヴィラ,0.04170429677649875,0.03873323544782153,0.0029710613286772214,1.0767057358964915,11,33.48222955913769,33.48222955913769,0
2026-0719-03-02-08-11,12,13,ゲッティヴィラ,ケイアイアニラ,0.03873323544782153,0.03666607026995699,0.0020671651778645384,1.0563781491347413,12,27.383958050106816,27.383958050106816,0
2026-0719-03-02-08-11,13,14,ケイアイアニラ,カズゴルティス,0.03666607026995699,0.031719217378348256,0.004946852891608733,1.1559575960718844,13,44.39697028549233,44.39697028549233,0
2026-0719-03-02-08-11,14,15,カズゴルティス,ジャスパーゴールド,0.031719217378348256,0.01834794573292769,0.013371271645420565,1.7287612379092738,14,69.02311128374443,69.02311128374443,0
2026-0719-03-02-08-11,15,16,ジャスパーゴールド,グッジョブ,0.01834794573292769,0.018241679097785478,0.00010626663514221382,1.0058254853937822,15,10.798213245290347,10.798213245290347,0
2026-0719-03-02-08-12,1,2,エアトベーレ,サムシングニュー,0.2116593765510155,0.17824883739018665,0.03341053916082884,1.1874376273641167,1,86.5216546902311,86.5216546902311,0
2026-0719-03-02-08-12,2,3,サムシングニュー,ヘルヴェティオス,0.17824883739018665,0.1259196654713442,0.052329171918842454,1.415575849276308,2,92.42571373082153,92.42571373082153,1
2026-0719-03-02-08-12,3,4,ヘルヴェティオス,リポジノ,0.1259196654713442,0.08470716755665543,0.04121249791468877,1.4865290518317031,3,89.6290541852787,89.6290541852787,0
2026-0719-03-02-08-12,4,5,リポジノ,アルデキングダム,0.08470716755665543,0.07389067386963699,0.010816493687018439,1.146385100047966,4,63.5657409205671,63.5657409205671,0
2026-0719-03-02-08-12,5,6,アルデキングダム,ソナタン,0.07389067386963699,0.07310675894248722,0.0007839149271497703,1.0107228789579699,5,17.692755874927172,17.692755874927172,0
2026-0719-03-02-08-12,6,7,ソナタン,ジーティーブラック,0.07310675894248722,0.05677796977231736,0.01632878917016986,1.2875902262030354,6,73.45115556418722,73.45115556418722,0
2026-0719-03-02-08-12,7,8,ジーティーブラック,カイトヴィント,0.05677796977231736,0.041437576635194255,0.015340393137123105,1.370204881240425,7,71.91687706350748,71.91687706350748,0
2026-0719-03-02-08-12,8,9,カイトヴィント,ノーウェアマン,0.041437576635194255,0.03921939419406527,0.0022181824411289866,1.0565583045508806,8,28.413284132841326,28.413284132841326,0
2026-0719-03-02-08-12,9,10,ノーウェアマン,イサチルシーキング,0.03921939419406527,0.03796936615667399,0.0012500280373912778,1.0329220148746558,9,21.40221402214022,21.40221402214022,0
2026-0719-03-02-08-12,10,11,イサチルシーキング,キングプロフィット,0.03796936615667399,0.018050272301412165,0.019919093855261825,2.1035342582451486,10,77.91804233831812,77.91804233831812,0
2026-0719-03-02-08-12,11,12,キングプロフィット,スーパーホース,0.018050272301412165,0.015079117826391472,0.002971154475020693,1.1970376854420872,11,33.50165080598174,33.50165080598174,0
2026-0719-03-02-08-12,12,13,スーパーホース,メリーサウンド,0.015079117826391472,0.013975138137184586,0.0011039796892068857,1.0789959768819353,12,20.100990483589047,20.100990483589047,0
2026-0719-03-02-08-12,13,14,メリーサウンド,ウインドワンピース,0.013975138137184586,0.011514211762550002,0.002460926374634584,1.2137294697530883,13,30.374830064090112,30.374830064090112,0
2026-0719-03-02-08-12,14,15,ウインドワンピース,ノアチュロス,0.011514211762550002,0.010832827783406492,0.00068138397914351,1.0628999179869951,14,16.741114779568846,16.741114779568846,0
2026-0719-10-02-08-01,1,2,メイショウソウセキ,アウスヴァール,0.21712920046549508,0.1997388091824854,0.017390391283009676,1.0870656601698345,1,75.0436978053991,75.0436978053991,0
2026-0719-10-02-08-01,2,3,アウスヴァール,ニシノクードクール,0.1997388091824854,0.05714683442962642,0.14259197475285898,3.495185886953269,2,99.2619926199262,99.2619926199262,1
2026-0719-10-02-08-01,3,4,ニシノクードクール,フラムリンガム,0.05714683442962642,0.047902130968609236,0.009244703461017183,1.1929914864763602,3,59.77859778597786,59.77859778597786,0
2026-0719-10-02-08-01,4,5,フラムリンガム,バニーラビット,0.047902130968609236,0.034256505594115506,0.01364562537449373,1.398336757875203,4,69.4697999611575,69.4697999611575,0
2026-0719-10-02-08-01,5,6,バニーラビット,エイカイボクサー,0.034256505594115506,0.032808032915399854,0.0014484726787156524,1.0441499398165914,5,22.684016313847348,22.684016313847348,0
2026-0719-10-02-08-01,6,7,エイカイボクサー,ブランフォルテ,0.032808032915399854,0.019507906758874344,0.01330012615652551,1.681781306468217,6,68.86774130899204,68.86774130899204,0
2026-0719-10-02-08-01,7,8,ブランフォルテ,スティルシャイニン,0.019507906758874344,0.018669468683844368,0.0008384380750299757,1.0449095841573424,7,18.120023305496215,18.120023305496215,0
2026-0719-10-02-08-01,8,9,スティルシャイニン,シュエットアムール,0.018669468683844368,0.015624804892775408,0.00304466379106896,1.1948609158298515,8,34.02602447077102,34.02602447077102,0
2026-0719-10-02-08-01,9,10,シュエットアムール,クリアクォーツ,0.015624804892775408,0.015266106224630519,0.0003586986681448894,1.0234964085056713,9,13.67255777820936,13.67255777820936,0
2026-0719-10-02-08-01,10,11,クリアクォーツ,ブルーセルリアン,0.015266106224630519,0.010710260008906214,0.004555846215724305,1.425372139605934,10,42.435424354243544,42.435424354243544,0
2026-0719-10-02-08-02,1,2,カルロット,ヒッグスボソン,0.28759553537487575,0.19753812326881104,0.09005741210606472,1.455898894936417,1,96.93144299864052,96.93144299864052,1
2026-0719-10-02-08-02,2,3,ヒッグスボソン,ナデシコザクラ,0.19753812326881104,0.13466112837207964,0.0628769948967314,1.4669275807863214,2,94.0182559720334,94.0182559720334,1
2026-0719-10-02-08-02,3,4,ナデシコザクラ,トウカイジーク,0.13466112837207964,0.13159775888452677,0.0030633694875528694,1.0232782800673748,3,34.12313070499126,34.12313070499126,0
2026-0719-10-02-08-02,4,5,トウカイジーク,ルナフィオーレ,0.13159775888452677,0.10091337101378035,0.030684387870746413,1.3040666223166428,4,85.43406486696445,85.43406486696445,0
2026-0719-10-02-08-02,5,6,ルナフィオーレ,ハクサンテドリガワ,0.10091337101378035,0.09047222163651346,0.010441149377266895,1.1154072397958334,5,62.51699359098855,62.51699359098855,0
2026-0719-10-02-08-02,6,7,ハクサンテドリガワ,ホッコームジカ,0.09047222163651346,0.07825148800431099,0.012220733632202468,1.156172539895078,6,66.9256166245873,66.9256166245873,0
2026-0719-10-02-08-02,7,8,ホッコームジカ,グレンセロース,0.07825148800431099,0.0675913688075748,0.010660119196736192,1.157714207964694,7,63.08020974946592,63.08020974946592,0
2026-0719-10-02-08-02,8,9,グレンセロース,ドゥボヌール,0.0675913688075748,0.06643278784325161,0.0011585809643231831,1.0174398968030194,8,20.60594290153428,20.60594290153428,0
2026-0719-10-02-08-02,9,10,ドゥボヌール,ケイアイブラック,0.06643278784325161,0.049486912838284644,0.01694587500496697,1.342431443649423,9,74.46106040007768,74.46106040007768,0
2026-0719-10-02-08-02,10,11,ケイアイブラック,トウカイツバキ,0.049486912838284644,0.04535685597505752,0.004130056863227122,1.0910569477191785,10,40.027189745581666,40.027189745581666,0
2026-0719-10-02-08-02,11,12,トウカイツバキ,クリノゴージャス,0.04535685597505752,0.042364793512033413,0.002992062463024109,1.0706261547616003,11,33.695863274422216,33.695863274422216,0
2026-0719-10-02-08-02,12,13,クリノゴージャス,ショウナンライラ,0.042364793512033413,0.03136449210574092,0.011000301406292497,1.3507246783785483,12,64.05127209166828,64.05127209166828,0
2026-0719-10-02-08-02,13,14,ショウナンライラ,ムーンリットビーチ,0.03136449210574092,0.025314527752284946,0.006049964353455971,1.2389917920910014,13,48.94154204699942,48.94154204699942,0
2026-0719-10-02-08-02,14,15,ムーンリットビーチ,タマモマリアージュ,0.025314527752284946,0.019565556594593712,0.005748971157691234,1.2938312094468996,14,47.79568848320062,47.79568848320062,0
2026-0719-10-02-08-02,15,16,タマモマリアージュ,レガリアーナ,0.019565556594593712,0.014292476735458253,0.005273079859135459,1.3689409440180131,15,45.81472130510779,45.81472130510779,0
2026-0719-10-02-08-02,16,17,レガリアーナ,ルーセントムーン,0.014292476735458253,0.013464344499849583,0.0008281322356086702,1.061505573896889,16,18.00349582443193,18.00349582443193,0
2026-0719-10-02-08-02,17,18,ルーセントムーン,スマイリングスカイ,0.013464344499849583,0.005368572715275728,0.008095771784573855,2.507993318510553,17,56.4769858224898,56.4769858224898,0
2026-0719-10-02-08-03,1,2,エレーデサンライズ,メイショウメゴヒメ,0.114841555979902,0.09721624525389529,0.017625310726006718,1.1813000561786302,1,75.35443775490387,75.35443775490387,0
2026-0719-10-02-08-03,2,3,メイショウメゴヒメ,ヤマニンエルファバ,0.09721624525389529,0.09335484497868494,0.0038614002752103416,1.0413626124717146,2,38.628859972810254,38.628859972810254,0
2026-0719-10-02-08-03,3,4,ヤマニンエルファバ,エンジェルグラース,0.09335484497868494,0.08980142305105611,0.003553421927628836,1.039569773026966,3,37.01689648475432,37.01689648475432,0
2026-0719-10-02-08-03,4,5,エンジェルグラース,スマイルガーデン,0.08980142305105611,0.07078722468801844,0.019014198363037665,1.2686105924739841,4,77.02466498349195,77.02466498349195,0
2026-0719-10-02-08-03,5,6,スマイルガーデン,ハツアカネ,0.07078722468801844,0.06174836114306736,0.009038863544951085,1.1463822420162466,5,59.39017284909691,59.39017284909691,0
2026-0719-10-02-08-03,6,7,ハツアカネ,グリミスティ,0.06174836114306736,0.054508408877954065,0.007239952265113293,1.13282266744061,6,53.81627500485531,53.81627500485531,0
2026-0719-10-02-08-03,7,8,グリミスティ,テクノピーチ,0.054508408877954065,0.051253284946132724,0.003255123931821341,1.0635105424997144,7,35.210720528257916,35.210720528257916,0
2026-0719-10-02-08-03,8,9,テクノピーチ,デアアテナ,0.051253284946132724,0.03493391096404955,0.016319373982083177,1.4671499277271711,8,73.43173431734317,73.43173431734317,0
2026-0719-10-02-08-03,9,10,デアアテナ,クレスコフェーヴ,0.03493391096404955,0.031294373389853976,0.0036395375741955713,1.116300062278146,9,37.38590017479122,37.38590017479122,0
2026-0719-10-02-08-03,10,11,クレスコフェーヴ,ヒデガミティアラ,0.031294373389853976,0.02976355483000582,0.0015308185598481572,1.0514326520669794,10,23.13070499126044,23.13070499126044,0
2026-0719-10-02-08-03,11,12,ヒデガミティアラ,ルージュマデイラ,0.02976355483000582,0.026616034829623634,0.0031475200003821847,1.1182565329708314,11,34.47271314818411,34.47271314818411,0
2026-0719-10-02-08-03,12,13,ルージュマデイラ,カフジラクレット,0.026616034829623634,0.017548366816923257,0.009067668012700376,1.5167243258190681,12,59.44843658962905,59.44843658962905,0
2026-0719-10-02-08-03,13,14,カフジラクレット,ブライトベリル,0.017548366816923257,0.016377041521768554,0.0011713252951547036,1.071522398816524,13,20.68362788891047,20.68362788891047,0
2026-0719-10-02-08-03,14,15,ブライトベリル,エイシンキタールン,0.016377041521768554,0.015960168936170298,0.0004168725855982561,1.0261195597155306,14,14.177510196154595,14.177510196154595,0
2026-0719-10-02-08-03,15,16,エイシンキタールン,ヴェルサイユローズ,0.015960168936170298,0.008041570315928559,0.007918598620241739,1.9847079996996058,15,55.93319091085648,55.93319091085648,0
2026-0719-10-02-08-04,1,2,アラムシャピラス,ダンツウルス,0.35333513799117267,0.22535574850979534,0.12797938948137733,1.567899378328104,1,98.71819770829288,98.71819770829288,1
2026-0719-10-02-08-04,2,3,ダンツウルス,ブルーザー,0.22535574850979534,0.18914001330023156,0.03621573520956378,1.1914757992116491,2,87.80345698193824,87.80345698193824,0
2026-0719-10-02-08-04,3,4,ブルーザー,ルクスディグニティ,0.18914001330023156,0.11011101826195649,0.07902899503827507,1.717721044503134,3,96.07690813750243,96.07690813750243,1
2026-0719-10-02-08-04,4,5,ルクスディグニティ,ホウオウモチーヴ,0.11011101826195649,0.08285678056652117,0.02725423769543532,1.3289318931907375,4,83.51136142940376,83.51136142940376,0
2026-0719-10-02-08-04,5,6,ホウオウモチーヴ,アクティブヘイロー,0.08285678056652117,0.02635355634197,0.05650322422455117,3.1440455129225033,5,93.04719362983104,93.04719362983104,1
2026-0719-10-02-08-04,6,7,アクティブヘイロー,カフジマリボー,0.02635355634197,0.02058112104683855,0.00577243529513145,1.2804723456022893,6,47.85395222373276,47.85395222373276,0
2026-0719-10-02-08-04,7,8,カフジマリボー,メイショウユウゲン,0.02058112104683855,0.0203380657316739,0.0002430553151646503,1.0119507586597147,7,12.526704214410564,12.526704214410564,0
2026-0719-10-02-08-04,8,9,メイショウユウゲン,レイワノキセキ,0.0203380657316739,0.020148341775054656,0.0001897239566192449,1.009416355883646,8,11.96348805593319,11.96348805593319,0
2026-0719-10-02-08-04,9,10,レイワノキセキ,ドットカモン,0.020148341775054656,0.017522694103149817,0.002625647671904839,1.1498426929357206,9,31.637211108953196,31.637211108953196,0
2026-0719-10-02-08-04,10,11,ドットカモン,デルマタイセツ,0.017522694103149817,0.016582994080014967,0.0009397000231348498,1.0566664872821327,10,18.87745193241406,18.87745193241406,0
2026-0719-10-02-08-04,11,12,デルマタイセツ,ヴィーラー,0.016582994080014967,0.015297444516177388,0.0012855495638375795,1.08403688357739,11,21.615847737424744,21.615847737424744,0
2026-0719-10-02-08-04,12,13,ヴィーラー,ニテンイチリュウ,0.015297444516177388,0.01122349948385628,0.004073945032321108,1.362983491751482,12,39.677607302388815,39.677607302388815,0
2026-0719-10-02-08-05,1,2,カローナ,ツーハーツ,0.11872110953444903,0.11872110953444903,0.0,1.0,1,9.671780928335599,9.671780928335599,0
2026-0719-10-02-08-05,2,3,ツーハーツ,メイショウジェード,0.11872110953444903,0.11872110953444903,0.0,1.0,2,9.671780928335599,9.671780928335599,0
2026-0719-10-02-08-05,3,4,メイショウジェード,レアアース,0.11872110953444903,0.11872110953444903,0.0,1.0,3,9.671780928335599,9.671780928335599,0
2026-0719-10-02-08-05,4,5,レアアース,ホットロッドハート,0.11872110953444903,0.11872110953444903,0.0,1.0,4,9.671780928335599,9.671780928335599,0
2026-0719-10-02-08-05,5,6,ホットロッドハート,レイクイーン,0.11872110953444903,0.11872110953444903,0.0,1.0,5,9.671780928335599,9.671780928335599,0
2026-0719-10-02-08-05,6,7,レイクイーン,ユーダブルワン,0.11872110953444903,0.11872110953444903,0.0,1.0,6,9.671780928335599,9.671780928335599,0
2026-0719-10-02-08-05,7,8,ユーダブルワン,ビエントゾンダ,0.11872110953444903,0.11872110953444903,0.0,1.0,7,9.671780928335599,9.671780928335599,0
2026-0719-10-02-08-06,1,2,ウルトラハート,フレアオブセンス,0.20257983021206885,0.1881715143355843,0.014408315876484556,1.0765701223554422,1,70.36317731598368,70.36317731598368,0
2026-0719-10-02-08-06,2,3,フレアオブセンス,サトノライトニング,0.1881715143355843,0.05729938114747098,0.1308721331881133,3.284006049756256,2,98.8929889298893,98.8929889298893,1
2026-0719-10-02-08-06,3,4,サトノライトニング,コズミックフレア,0.05729938114747098,0.05295986332336548,0.0043395178241055,1.081939747419834,3,41.28957079044475,41.28957079044475,0
2026-0719-10-02-08-06,4,5,コズミックフレア,リリーサンダー,0.05295986332336548,0.05076013526936947,0.002199728053996014,1.0433357405830912,4,28.257914158088948,28.257914158088948,0
2026-0719-10-02-08-06,5,6,リリーサンダー,テイエムファントム,0.05076013526936947,0.030841657289965022,0.019918477979404447,1.6458303388866635,5,77.89862109147407,77.89862109147407,0
2026-0719-10-02-08-06,6,7,テイエムファントム,ビーウィナー,0.030841657289965022,0.026312575474453887,0.004529081815511135,1.1721261310930315,6,42.318896873179256,42.318896873179256,0
2026-0719-10-02-08-06,7,8,ビーウィナー,アイアン,0.026312575474453887,0.02150241826748351,0.004810157206970377,1.2237030806085851,7,43.736647892794714,43.736647892794714,0
2026-0719-10-02-08-06,8,9,アイアン,サカトクフェイス,0.02150241826748351,0.014203849837467353,0.007298568430016156,1.5138443811736004,8,54.08817246067198,54.08817246067198,0
2026-0719-10-02-08-06,9,10,サカトクフェイス,レッドフレーザー,0.014203849837467353,0.013737713884440986,0.00046613595302636736,1.0339311152457689,9,14.604777626723637,14.604777626723637,0
2026-0719-10-02-08-06,10,11,レッドフレーザー,テーオータウンズ,0.013737713884440986,0.013527921962812103,0.00020979192162888342,1.0155080671078378,10,12.196543018061758,12.196543018061758,0
2026-0719-10-02-08-06,11,12,テーオータウンズ,トゥレネヴェリテ,0.013527921962812103,0.012764395957192849,0.0007635260056192538,1.0598168537061874,11,17.40143717226646,17.40143717226646,0
2026-0719-10-02-08-06,12,13,トゥレネヴェリテ,メイショウゲッコウ,0.012764395957192849,0.011224209490216974,0.0015401864669758753,1.1372200392658658,12,23.169547484948534,23.169547484948534,0
2026-0719-10-02-08-06,13,14,メイショウゲッコウ,テーオーレックス,0.011224209490216974,0.009997087747237286,0.0012271217429796876,1.122747921595347,13,21.20800155369975,21.20800155369975,0
2026-0719-10-02-08-07,1,2,ピアストイヤーズ,ダイアナクイーン,0.22773086199702236,0.1982715929670845,0.029459269029937868,1.148580382036011,1,84.81258496795493,84.81258496795493,0
2026-0719-10-02-08-07,2,3,ダイアナクイーン,ミライハーモニー,0.1982715929670845,0.17368396214569712,0.024587630821387374,1.1415653496018343,2,81.7634492134395,81.7634492134395,0
2026-0719-10-02-08-07,3,4,ミライハーモニー,アーリントンロウ,0.17368396214569712,0.11653668739323199,0.05714727475246513,1.4903801200357787,3,93.26082734511556,93.26082734511556,1
2026-0719-10-02-08-07,4,5,アーリントンロウ,レオナルドスター,0.11653668739323199,0.07666646484902205,0.03987022254420994,1.5200477499872425,4,89.1435230141775,89.1435230141775,0
2026-0719-10-02-08-07,5,6,レオナルドスター,ウェルカムソング,0.07666646484902205,0.07585677578836897,0.0008096890606530821,1.010673918740127,5,17.867547096523598,17.867547096523598,0
2026-0719-10-02-08-07,6,7,ウェルカムソング,フィラーエ,0.07585677578836897,0.075090926033013,0.0007658497553559712,1.0101989653852355,6,17.498543406486696,17.498543406486696,0
2026-0719-10-02-08-07,7,8,フィラーエ,キョラムン,0.075090926033013,0.06567137610768999,0.009419549925323012,1.1434346359649377,7,60.30297145076714,60.30297145076714,0
2026-0719-10-02-08-07,8,9,キョラムン,マウンテンバローズ,0.06567137610768999,0.05512921968743535,0.010542156420254634,1.191226294876387,8,62.76946979996115,62.76946979996115,0
2026-0719-10-02-08-07,9,10,マウンテンバローズ,ヒットザグラウンド,0.05512921968743535,0.043205991039639666,0.011923228647795686,1.2759623922723269,9,66.10992425713731,66.10992425713731,0
2026-0719-10-02-08-07,10,11,ヒットザグラウンド,ラブアイミー,0.043205991039639666,0.04114575572375081,0.0020602353158888573,1.0500716363000138,10,27.36453680326277,27.36453680326277,0
2026-0719-10-02-08-07,11,12,ラブアイミー,イリスアスール,0.04114575572375081,0.02662813273904564,0.014517622984705169,1.545198686178154,11,70.55738978442416,70.55738978442416,0
2026-0719-10-02-08-07,12,13,イリスアスール,ペルフェツィオーネ,0.02662813273904564,0.02229695219859883,0.004331180540446809,1.1942498912797144,12,41.17304330938046,41.17304330938046,0
2026-0719-10-02-08-07,13,14,ペルフェツィオーネ,バーケンティン,0.02229695219859883,0.022268075942315273,2.8876256283557472e-05,1.0012967557843058,13,10.040784618372498,10.040784618372498,0
2026-0719-10-02-08-07,14,15,バーケンティン,ソリスディエス,0.022268075942315273,0.011671588795759753,0.01059648714655552,1.9078872921230043,14,62.88599728102544,62.88599728102544,0
2026-0719-10-02-08-07,15,16,ソリスディエス,アスクザアメリカン,0.011671588795759753,0.009277229911219327,0.0023943588845404262,1.2580898508987939,15,29.869877646144882,29.869877646144882,0
2026-0719-10-02-08-08,1,2,アイカンアズーラ,スマッシング,0.18848832511881433,0.1479199037778408,0.04056842134097352,1.274259381630634,1,89.37657797630608,89.37657797630608,0
2026-0719-10-02-08-08,2,3,スマッシング,プルミエールパス,0.1479199037778408,0.14398585442162828,0.003934049356212527,1.0273224711692344,2,39.0561274033793,39.0561274033793,0
2026-0719-10-02-08-08,3,4,プルミエールパス,ペルセポネ,0.14398585442162828,0.13716569413612234,0.006820160285505944,1.049722055711231,3,52.14604777626724,52.14604777626724,0
2026-0719-10-02-08-08,4,5,ペルセポネ,ドラムメジャー,0.13716569413612234,0.08457668552613119,0.05258900860999115,1.6217908432193529,4,92.46455622450961,92.46455622450961,1
2026-0719-10-02-08-08,5,6,ドラムメジャー,ミヤフロント,0.08457668552613119,0.06845346452996778,0.01612322099616341,1.2355355000199433,5,73.06273062730627,73.06273062730627,0
2026-0719-10-02-08-08,6,7,ミヤフロント,アメリカンビヨンド,0.06845346452996778,0.06182808643749418,0.006625378092473606,1.1071580647926345,6,51.25267042144106,51.25267042144106,0
2026-0719-10-02-08-08,7,8,アメリカンビヨンド,ジャンシ,0.06182808643749418,0.05967493735609815,0.002153149081396029,1.0360812960480803,7,27.96659545542824,27.96659545542824,0
2026-0719-10-02-08-08,8,9,ジャンシ,サンライズジュピタ,0.05967493735609815,0.05919991048821345,0.00047502686788469806,1.0080241146307016,8,14.721305107787918,14.721305107787918,0
2026-0719-10-02-08-08,9,10,サンライズジュピタ,イイデカンタロウ,0.05919991048821345,0.044087291916090066,0.015112618572123385,1.3427885432583782,9,71.47018838609439,71.47018838609439,0
2026-0719-10-02-08-08,10,11,イイデカンタロウ,ミヤラティーニ,0.044087291916090066,0.043691332243151755,0.0003959596729383105,1.0090626596308556,10,13.98329772771412,13.98329772771412,0
2026-0719-10-02-08-08,11,12,ミヤラティーニ,スレッドザニードル,0.043691332243151755,0.039705055149728316,0.003986277093423439,1.1003972183992978,11,39.26976111866382,39.26976111866382,0
2026-0719-10-02-08-08,12,13,スレッドザニードル,ヨドノゴールド,0.039705055149728316,0.03605554448559662,0.0036495106641316957,1.1012191249972552,12,37.40532142163527,37.40532142163527,0
2026-0719-10-02-08-08,13,14,ヨドノゴールド,ナンヨークリスタル,0.03605554448559662,0.02104671028739313,0.01500883419820349,1.7131201975633077,13,71.29539716449797,71.29539716449797,0
2026-0719-10-02-08-09,1,2,タンテドヴィーヴル,ゼンノインヴォーク,0.13656982926455716,0.10499828060875306,0.031571548655804096,1.300686339554899,1,85.88075354437755,85.88075354437755,0
2026-0719-10-02-08-09,2,3,ゼンノインヴォーク,モアニ,0.10499828060875306,0.06771900950365357,0.03727927110509949,1.5504993557693456,2,88.17246067197514,88.17246067197514,0
2026-0719-10-02-08-09,3,4,モアニ,クスクス,0.06771900950365357,0.06045356755530819,0.007265441948345386,1.1201821867948212,3,53.913381239075555,53.913381239075555,0
2026-0719-10-02-08-09,4,5,クスクス,ハイディージェン,0.06045356755530819,0.0599449420916122,0.00050862546369599,1.008484877054659,4,14.8766750825403,14.8766750825403,0
2026-0719-10-02-08-09,5,6,ハイディージェン,ユメハハテシナク,0.0599449420916122,0.05373452315172655,0.006210418939885651,1.1155759570499901,5,49.62128568654108,49.62128568654108,0
2026-0719-10-02-08-09,6,7,ユメハハテシナク,ヤマニンループ,0.05373452315172655,0.042023470298053714,0.011711052853672833,1.2786788613746451,6,65.64381433288017,65.64381433288017,0
2026-0719-10-02-08-09,7,8,ヤマニンループ,キーウェーブ,0.042023470298053714,0.032216086794050094,0.00980738350400362,1.3044250397852455,7,61.19634880559332,61.19634880559332,0
2026-0719-10-02-08-10,1,2,アレナパラシオ,ジューンエオス,0.13199990883511298,0.08775596714734764,0.04424394168776534,1.5041701792594577,1,90.52243154010488,90.52243154010488,1
2026-0719-10-02-08-10,2,3,ジューンエオス,サイモンシュバリエ,0.08775596714734764,0.08143262326362347,0.006323343883724172,1.0776512364492237,2,49.97086812973393,49.97086812973393,0
2026-0719-10-02-08-10,3,4,サイモンシュバリエ,カルパ,0.08143262326362347,0.07920729623089719,0.002225327032726279,1.0280949753194355,3,28.568654107593705,28.568654107593705,0
2026-0719-10-02-08-10,4,5,カルパ,レヴァンテシチー,0.07920729623089719,0.07198935389339174,0.007217942337505445,1.1002640244305348,4,53.71916877063507,53.71916877063507,0
2026-0719-10-02-08-10,5,6,レヴァンテシチー,ナヴォーナ,0.07198935389339174,0.04559371085899007,0.026395643034401672,1.5789316670458517,5,83.02583025830258,83.02583025830258,0
2026-0719-10-02-08-10,6,7,ナヴォーナ,カミノレアル,0.04559371085899007,0.04190653788006895,0.0036871729789211202,1.0879856262398322,6,37.65779763060789,37.65779763060789,0
2026-0719-10-02-08-10,7,8,カミノレアル,モズカトレア,0.04190653788006895,0.0390141808005648,0.0028923570795041514,1.0741360454110132,7,33.1132258691008,33.1132258691008,0
2026-0719-10-02-08-10,8,9,モズカトレア,グランキングオー,0.0390141808005648,0.033932390417554546,0.005081790383010251,1.1497622277852033,8,44.9990289376578,44.9990289376578,0
2026-0719-10-02-08-10,9,10,グランキングオー,テーオールビー,0.033932390417554546,0.02925169820702859,0.004680692210525958,1.1600143751449372,9,43.076325500097106,43.076325500097106,0
2026-0719-10-02-08-10,10,11,テーオールビー,マッシャーブルム,0.02925169820702859,0.028233228508328337,0.0010184696987002514,1.0360734408535608,10,19.47951058457953,19.47951058457953,0
2026-0719-10-02-08-10,11,12,マッシャーブルム,インザモーメント,0.028233228508328337,0.02625831172403725,0.001974916784291087,1.0752111104874735,11,26.56826568265683,26.56826568265683,0
2026-0719-10-02-08-10,12,13,インザモーメント,メイショウシナノ,0.02625831172403725,0.02058363416495431,0.005674677559082939,1.2756888076035011,12,47.543212274228004,47.543212274228004,0
2026-0719-10-02-08-10,13,14,メイショウシナノ,ダノンスウィッチ,0.02058363416495431,0.01627964695777679,0.00430398720717752,1.2643784117886847,13,41.075937075160226,41.075937075160226,0
2026-0719-10-02-08-10,14,15,ダノンスウィッチ,プロミシングスター,0.01627964695777679,0.015841852720656576,0.0004377942371202141,1.0276352927173324,14,14.35230141775102,14.35230141775102,0
2026-0719-10-02-08-10,15,16,プロミシングスター,メイショウオーロラ,0.015841852720656576,0.015125646750608089,0.000716205970048487,1.0473504361074473,15,17.071275975917654,17.071275975917654,0
2026-0719-10-02-08-11,1,2,ジョバンニ,ジーティーアダマン,0.17382283516088637,0.09499825423378225,0.07882458092710412,1.8297476786586397,1,96.05748689065838,96.05748689065838,1
2026-0719-10-02-08-11,2,3,ジーティーアダマン,ウエストナウ,0.09499825423378225,0.0825233010143415,0.012474953219440754,1.1511688585660524,2,67.39172654884443,67.39172654884443,0
2026-0719-10-02-08-11,3,4,ウエストナウ,ガイアメンテ,0.0825233010143415,0.07525384680229115,0.007269454212050344,1.0965991045102166,3,53.95222373276365,53.95222373276365,0
2026-0719-10-02-08-11,4,5,ガイアメンテ,タガノアビー,0.07525384680229115,0.06723111419892086,0.008022732603370289,1.119330650681066,4,56.22450961351719,56.22450961351719,0
2026-0719-10-02-08-11,5,6,タガノアビー,レーゼドラマ,0.06723111419892086,0.06249769296743428,0.0047334212314865814,1.0757375353671539,5,43.27053796853758,43.27053796853758,0
2026-0719-10-02-08-11,6,7,レーゼドラマ,ケイズレーヴ,0.06249769296743428,0.0443905931112764,0.018107099856157882,1.4079039856657873,6,75.820547679161,75.820547679161,0
2026-0719-10-02-08-11,7,8,ケイズレーヴ,ゼンダンハヤブサ,0.0443905931112764,0.0370277044749591,0.0073628886363172955,1.1988480987606627,7,54.34064866964459,54.34064866964459,0
2026-0719-10-02-08-11,8,9,ゼンダンハヤブサ,サフィラ,0.0370277044749591,0.032186715250392954,0.004840989224566147,1.1504033321482547,8,43.853175373859,43.853175373859,0
2026-0719-10-02-08-11,9,10,サフィラ,カエルム,0.032186715250392954,0.024946330377216,0.007240384873176953,1.2902384745048412,9,53.83569625169936,53.83569625169936,0
2026-0719-10-02-08-11,10,11,カエルム,テーオーソラネル,0.024946330377216,0.019729293328153256,0.005217037049062744,1.2644310144458215,10,45.63993008351136,45.63993008351136,0
2026-0719-10-02-08-11,11,12,テーオーソラネル,カネフラ,0.019729293328153256,0.01716400837305537,0.002565284955097887,1.1494572188117176,11,31.190522431540106,31.190522431540106,0
2026-0719-10-02-08-11,12,13,カネフラ,ナムラエイハブ,0.01716400837305537,0.016897711608443597,0.0002662967646117724,1.0157593389437838,12,12.70149543600699,12.70149543600699,0
2026-0719-10-02-08-11,13,14,ナムラエイハブ,ノーランサンライズ,0.016897711608443597,0.012779571093446376,0.004118140514997221,1.322244031891578,13,39.93008351136143,39.93008351136143,0
2026-0719-10-02-08-11,14,15,ノーランサンライズ,コパノサントス,0.012779571093446376,0.012673047250506705,0.00010652384293967018,1.0084055429474874,14,10.837055738978442,10.837055738978442,0
2026-0719-10-02-08-11,15,16,コパノサントス,マイネルメモリー,0.012673047250506705,0.012624410264223703,4.8636986283002656e-05,1.0038526145194153,15,10.254418333657021,10.254418333657021,0
2026-0719-10-02-08-11,16,17,マイネルメモリー,トータルクラリティ,0.012624410264223703,0.006048264551967759,0.006576145712255944,2.0872781201537296,16,51.07787919984463,51.07787919984463,0
2026-0719-10-02-08-12,1,2,ミッキージャンプ,ロングトールサリー,0.24203028791465464,0.20275503709060072,0.03927525082405392,1.193707891984473,1,88.87162555836085,88.87162555836085,0
2026-0719-10-02-08-12,2,3,ロングトールサリー,グラスベルグ,0.20275503709060072,0.11734333758734766,0.08541169950325306,1.7278785592720556,2,96.56243930860362,96.56243930860362,1
2026-0719-10-02-08-12,3,4,グラスベルグ,フレイムスター,0.11734333758734766,0.10517829567261867,0.012165041914728988,1.11566114317534,3,66.82851039036706,66.82851039036706,0
2026-0719-10-02-08-12,4,5,フレイムスター,ゼットエイト,0.10517829567261867,0.048315425901892965,0.05686286977072571,2.1769092108633954,4,93.16372111089531,93.16372111089531,1
2026-0719-10-02-08-12,5,6,ゼットエイト,オーシンエス,0.048315425901892965,0.0374706375446977,0.010844788357195267,1.2894209724683445,5,63.68226840163138,63.68226840163138,0
2026-0719-10-02-08-12,6,7,オーシンエス,ヴィーナスバブル,0.0374706375446977,0.02608218381919877,0.011388453725498928,1.436637277171401,6,65.0029131870266,65.0029131870266,0
2026-0719-10-02-08-12,7,8,ヴィーナスバブル,アウローラシエル,0.02608218381919877,0.022210283594862754,0.003871900224336016,1.1743291663881135,7,38.687123713342395,38.687123713342395,0
2026-0719-10-02-08-12,8,9,アウローラシエル,ブリッツアロング,0.022210283594862754,0.019969535991086383,0.0022407476037763704,1.1122082959151656,8,28.646339094969896,28.646339094969896,0
2026-0725-01-01-01-01,1,2,カッサンドラ,カレンココナ,0.2547203200785016,0.0804455429672414,0.1742747771112602,3.166369579756922,1,99.70868129733928,99.70868129733928,1
2026-0725-01-01-01-01,2,3,カレンココナ,カプリースカラー,0.0804455429672414,0.07618862224216773,0.004256920725073679,1.0558734440891047,2,40.8623033598757,40.8623033598757,0
2026-0725-01-01-01-01,3,4,カプリースカラー,アイビーミャーオ,0.07618862224216773,0.06804459738086598,0.008144024861301752,1.1196865757867183,3,56.61293455039813,56.61293455039813,0
2026-0725-01-01-01-01,4,5,アイビーミャーオ,ロングフルスペック,0.06804459738086598,0.05309850289523578,0.014946094485630196,1.2814786419707367,4,71.17886968343367,71.17886968343367,0
2026-0725-01-01-01-01,5,6,ロングフルスペック,テイクマイハート,0.05309850289523578,0.04745878837716626,0.005639714518069522,1.1188339338385416,5,47.368421052631575,47.368421052631575,0
2026-0725-01-01-01-01,6,7,テイクマイハート,クリコイーコ,0.04745878837716626,0.04735276455827465,0.000106023818891611,1.002239020675575,6,10.7787919984463,10.7787919984463,0
2026-0725-01-01-01-01,7,8,クリコイーコ,レヴヴィ,0.04735276455827465,0.01299257198818907,0.034360192570085574,3.644602823930535,7,86.89065838026802,86.89065838026802,0
2026-0725-01-01-01-02,1,2,ヌーンベルク,トーセンルルド,0.23932849916605514,0.20477322443342935,0.03455527473262579,1.1687489896603134,1,86.98776461448826,86.98776461448826,0
2026-0725-01-01-01-02,2,3,トーセンルルド,ライフイズアート,0.20477322443342935,0.20158242011421812,0.0031908043192112323,1.0158287826756087,2,34.80287434453292,34.80287434453292,0
2026-0725-01-01-01-02,3,4,ライフイズアート,サノノベリー,0.20158242011421812,0.1593668805615414,0.042215539552676706,1.2648953120242237,3,89.9592153816275,89.9592153816275,0
2026-0725-01-01-01-02,4,5,サノノベリー,ヴィヴィアンリーチ,0.1593668805615414,0.15329035482494757,0.006076525736593841,1.0396406267278397,4,49.07749077490775,49.07749077490775,0
2026-0725-01-01-01-02,5,6,ヴィヴィアンリーチ,コックニー,0.15329035482494757,0.10235377952554506,0.050936575299402514,1.4976521193014662,5,92.11497378131675,92.11497378131675,1
2026-0725-01-01-01-02,6,7,コックニー,テイクケア,0.10235377952554506,0.09669616566447714,0.005657613861067917,1.0585091851594104,6,47.42668479316372,47.42668479316372,0
2026-0725-01-01-01-02,7,8,テイクケア,シガレス,0.09669616566447714,0.05115751839284127,0.04553864727163587,1.8901652914815414,7,90.8137502427656,90.8137502427656,1
2026-0725-01-01-01-03,1,2,アオイミズホ,ヤマメイッカ,0.17156345912583712,0.14140310660243138,0.030160352523405737,1.2132934222456973,1,85.14274616430374,85.14274616430374,0
2026-0725-01-01-01-03,2,3,ヤマメイッカ,ブルーフレア,0.14140310660243138,0.14020558963884383,0.0011975169635875527,1.0085411499404,2,20.97494659157118,20.97494659157118,0
2026-0725-01-01-01-03,3,4,ブルーフレア,メイショウシンガン,0.14020558963884383,0.06091519820247244,0.0792903914363714,2.3016520306282633,3,96.09632938434648,96.09632938434648,1
2026-0725-01-01-01-03,4,5,メイショウシンガン,メイショウノヴァス,0.06091519820247244,0.04930555700637262,0.01160964119609982,1.2354631384571784,4,65.4107593707516,65.4107593707516,0
2026-0725-01-01-01-03,5,6,メイショウノヴァス,ワンダーゾルダート,0.04930555700637262,0.04725699318790835,0.002048563818464265,1.0433494321214756,5,27.228588075354438,27.228588075354438,0
2026-0725-01-01-01-03,6,7,ワンダーゾルダート,ダンツアラーム,0.04725699318790835,0.03436246409295981,0.012894529094948544,1.3752504203442844,6,68.22684016313846,68.22684016313846,0
2026-0725-01-01-01-03,7,8,ダンツアラーム,クロームクロス,0.03436246409295981,0.02722676112211238,0.0071357029708474275,1.2620841656061734,7,53.48611380850651,53.48611380850651,0
2026-0725-01-01-01-03,8,9,クロームクロス,マクローリン,0.02722676112211238,0.01468869418891165,0.01253806693320073,1.8535862188938206,8,67.54709652359682,67.54709652359682,0
2026-0725-01-01-01-03,9,10,マクローリン,ゴーントゥファー,0.01468869418891165,0.007789304658456133,0.006899389530455518,1.885751659869342,9,52.47620897261604,52.47620897261604,0
2026-0725-01-01-01-04,1,2,フレッチャアズーラ,ペカリーナ,0.1430589849733805,0.14283778885525644,0.00022119611812404516,1.0015485826257657,1,12.254806758593901,12.254806758593901,0
2026-0725-01-01-01-04,2,3,ペカリーナ,アロハ,0.14283778885525644,0.11349767087938108,0.029340117975875366,1.25850854690275,2,84.69605748689067,84.69605748689067,0
2026-0725-01-01-01-04,3,4,アロハ,サンエンジェルス,0.11349767087938108,0.0800566862281956,0.033440984651185474,1.4177163236043075,3,86.54107593707516,86.54107593707516,0
2026-0725-01-01-01-04,4,5,サンエンジェルス,ロジマギー,0.0800566862281956,0.07951952162507984,0.0005371646031157584,1.0067551287047274,4,15.109730044668868,15.109730044668868,0
2026-0725-01-01-01-04,5,6,ロジマギー,エアヴァイブス,0.07951952162507984,0.07721263541895378,0.0023068862061260687,1.0298770556607602,5,29.13187026607108,29.13187026607108,0
2026-0725-01-01-01-04,6,7,エアヴァイブス,フローズンクイーン,0.07721263541895378,0.056811693476691495,0.02040094194226228,1.3590975852644194,6,78.48125849679549,78.48125849679549,0
2026-0725-01-01-01-04,7,8,フローズンクイーン,サンセリテ,0.056811693476691495,0.04778354360985771,0.009028149866833785,1.188938475148404,7,59.273645368032625,59.273645368032625,0
2026-0725-01-01-01-04,8,9,サンセリテ,カスタニッチャ,0.04778354360985771,0.03984311699991735,0.007940426609940363,1.1992923046145418,8,56.030297145076716,56.030297145076716,0
2026-0725-01-01-01-04,9,10,カスタニッチャ,レイナデルアイレ,0.03984311699991735,0.03561325882244119,0.004229858177476155,1.1187720056332158,9,40.668090891435234,40.668090891435234,0
2026-0725-01-01-01-04,10,11,レイナデルアイレ,ビップジョワ,0.03561325882244119,0.03555294974753108,6.030907491011428e-05,1.001696317052126,10,10.48747329578559,10.48747329578559,0
2026-0725-01-01-01-04,11,12,ビップジョワ,スパークルレイ,0.03555294974753108,0.013967793017636404,0.021585156729894674,2.5453519895834815,11,79.49116333268596,79.49116333268596,0
2026-0725-01-01-01-04,12,13,スパークルレイ,イノリ,0.013967793017636404,0.009249982886998687,0.004717810130637717,1.5100344712279237,12,43.17343173431734,43.17343173431734,0
2026-0725-01-01-01-04,13,14,イノリ,イヌボウノシオカゼ,0.009249982886998687,0.005259507694264643,0.003990475192734043,1.758716485401391,13,39.30860361235191,39.30860361235191,0
2026-0725-01-01-01-05,1,2,レガメデルヴェント,アンバーバレット,0.1284814814768075,0.1284814814768075,0.0,1.0,1,9.671780928335599,9.671780928335599,0
2026-0725-01-01-01-05,2,3,アンバーバレット,ホウオウシュウ,0.1284814814768075,0.1284814814768075,0.0,1.0,2,9.671780928335599,9.671780928335599,0
2026-0725-01-01-01-05,3,4,ホウオウシュウ,カナデ,0.1284814814768075,0.1284814814768075,0.0,1.0,3,9.671780928335599,9.671780928335599,0
2026-0725-01-01-01-05,4,5,カナデ,トロフィアス,0.1284814814768075,0.1284814814768075,0.0,1.0,4,9.671780928335599,9.671780928335599,0
2026-0725-01-01-01-05,5,6,トロフィアス,ディアファザー,0.1284814814768075,0.1284814814768075,0.0,1.0,5,9.671780928335599,9.671780928335599,0
2026-0725-01-01-01-06,1,2,インフィオラータ,コワンニシタガウ,0.13692343743371235,0.1261747286272932,0.01074870880641915,1.0851890780615008,1,63.29384346475043,63.29384346475043,0
2026-0725-01-01-01-06,2,3,コワンニシタガウ,ルナティックブルー,0.1261747286272932,0.12169358530947356,0.004481143317819639,1.0368231678475397,2,42.12468440473878,42.12468440473878,0
2026-0725-01-01-01-06,3,4,ルナティックブルー,ケナゲ,0.12169358530947356,0.11316732605832022,0.008526259251153342,1.0753420580668256,3,58.10837055738979,58.10837055738979,0
2026-0725-01-01-01-06,4,5,ケナゲ,アート,0.11316732605832022,0.08990554673541758,0.023261779322902645,1.2587357528825176,4,80.83122936492522,80.83122936492522,0
2026-0725-01-01-01-06,5,6,アート,ヘクセンハウス,0.08990554673541758,0.08844385642656856,0.0014616903088490174,1.016526759097876,5,22.781122548067586,22.781122548067586,0
2026-0725-01-01-01-06,6,7,ヘクセンハウス,ギルランダ,0.08844385642656856,0.05560397204943921,0.03283988437712935,1.5906032099277079,6,86.34686346863468,86.34686346863468,0
2026-0725-01-01-01-06,7,8,ギルランダ,セイントクーヤ,0.05560397204943921,0.04063679743999163,0.014967174609447582,1.3683158012525376,7,71.21771217712177,71.21771217712177,0
2026-0725-01-01-01-06,8,9,セイントクーヤ,テンレディーゴー,0.04063679743999163,0.04033046339244958,0.000306334047542052,1.0075955994990973,8,13.22586910079627,13.22586910079627,0
2026-0725-01-01-01-06,9,10,テンレディーゴー,グランフルス,0.04033046339244958,0.03181453372743851,0.008515929665011066,1.2676741937495846,9,57.9530005826374,57.9530005826374,0
2026-0725-01-01-01-06,10,11,グランフルス,トランスマリーン,0.03181453372743851,0.02115063842326474,0.010663895304173773,1.5041878685063224,10,63.11905224315401,63.11905224315401,0
2026-0725-01-01-01-06,11,12,トランスマリーン,ウインアベリア,0.02115063842326474,0.020992683761329314,0.00015795466193542496,1.0075242719669029,11,11.458535637987959,11.458535637987959,0
2026-0725-01-01-01-06,12,13,ウインアベリア,フォルストランキル,0.020992683761329314,0.02075268315132431,0.000240000610005002,1.011564799031285,12,12.429597980190328,12.429597980190328,0
2026-0725-01-01-01-06,13,14,フォルストランキル,ルージュアイラ,0.02075268315132431,0.015348384813233324,0.005404298338090988,1.3521086032082945,13,46.358516216741116,46.358516216741116,0
2026-0725-01-01-01-07,1,2,カイショー,ジーティーエスピ,0.27339006365149254,0.2638651567367582,0.009524906914734343,1.0360976304432523,1,60.63313264711594,60.63313264711594,0
2026-0725-01-01-01-07,2,3,ジーティーエスピ,ニシノサリーナ,0.2638651567367582,0.19242566734163347,0.07143948939512473,1.3712575893957573,2,95.02816080792387,95.02816080792387,1
2026-0725-01-01-01-07,3,4,ニシノサリーナ,ハッピーラッキー,0.19242566734163347,0.10185250296787025,0.09057316437376321,1.8892581108422524,3,96.98970673917266,96.98970673917266,1
2026-0725-01-01-01-07,4,5,ハッピーラッキー,セガンティーニ,0.10185250296787025,0.1017461569175692,0.00010634605030104827,1.001045209504937,4,10.817634492134395,10.817634492134395,0
2026-0725-01-01-01-07,5,6,セガンティーニ,ランプローグ,0.1017461569175692,0.089072783355111,0.012673373562458207,1.1422810996253774,5,67.85783647310157,67.85783647310157,0
2026-0725-01-01-01-07,6,7,ランプローグ,シュークリーム,0.089072783355111,0.08705144721006558,0.0020213361450454187,1.0232200177001962,6,27.092639347446106,27.092639347446106,0
2026-0725-01-01-01-07,7,8,シュークリーム,アイアムステキ,0.08705144721006558,0.086763290868251,0.0002881563418145744,1.0033211781034463,7,13.031656632355798,13.031656632355798,0
2026-0725-01-01-01-07,8,9,アイアムステキ,サトノカスターニャ,0.086763290868251,0.07825368022545522,0.00850961064279579,1.1087439033957114,8,57.91415808894931,57.91415808894931,0
2026-0725-01-01-01-07,9,10,サトノカスターニャ,ペガサスノース,0.07825368022545522,0.06294764085571251,0.015306039369742702,1.2431550914644591,9,71.85861332297534,71.85861332297534,0
2026-0725-01-01-01-07,10,11,ペガサスノース,ペイシャアーサー,0.06294764085571251,0.05585642561335179,0.007091215242360727,1.1269543327288323,10,53.17537385900175,53.17537385900175,0
2026-0725-01-01-01-07,11,12,ペイシャアーサー,ナンナンプー,0.05585642561335179,0.05235614352215585,0.00350028209119594,1.0668552314154824,11,36.72557778209361,36.72557778209361,0
2026-0725-01-01-01-07,12,13,ナンナンプー,グランテレーズ,0.05235614352215585,0.04377728555409237,0.008578857968063479,1.1959659640720122,12,58.28316177898621,58.28316177898621,0
2026-0725-01-01-01-07,13,14,グランテレーズ,マティンデ,0.04377728555409237,0.035826723619189746,0.007950561934902622,1.2219170812104094,13,56.04971839192076,56.04971839192076,0
2026-0725-01-01-01-07,14,15,マティンデ,イズルード,0.035826723619189746,0.0168526361348701,0.018974087484319647,2.1258824632818136,14,76.94697999611574,76.94697999611574,0
2026-0725-01-01-01-08,1,2,オンザムービー,ピエナオルカ,0.14819161110962425,0.11872495207245738,0.029466659037166873,1.2481926378810706,1,84.85142746164304,84.85142746164304,0
2026-0725-01-01-01-08,2,3,ピエナオルカ,ジェネラスキング,0.11872495207245738,0.1102284160121324,0.00849653606032498,1.0770811771384776,2,57.83647310157312,57.83647310157312,0
2026-0725-01-01-01-08,3,4,ジェネラスキング,ファンタイムギフト,0.1102284160121324,0.09847263005668676,0.011755785955445644,1.1193812529296547,3,65.7409205671004,65.7409205671004,0
2026-0725-01-01-01-08,4,5,ファンタイムギフト,タイキルッジェーロ,0.09847263005668676,0.09608117023971156,0.0023914598169751944,1.024889994688957,4,29.811613905612738,29.811613905612738,0
2026-0725-01-01-01-08,5,6,タイキルッジェーロ,リュミナーズ,0.09608117023971156,0.050483394130263544,0.04559777610944802,1.9032232656899208,5,90.85259273645369,90.85259273645369,1
2026-0725-01-01-01-08,6,7,リュミナーズ,ザハント,0.050483394130263544,0.04878751846676925,0.0016958756634942937,1.0347604411290032,6,24.393086036123517,24.393086036123517,0
2026-0725-01-01-01-08,7,8,ザハント,マーベリックシチー,0.04878751846676925,0.04819608509959132,0.0005914333671779293,1.0122713985162033,7,15.867158671586715,15.867158671586715,0
2026-0725-01-01-01-08,8,9,マーベリックシチー,ビービーバザーク,0.04819608509959132,0.03938012452115885,0.008815960578432473,1.223868275827713,8,58.749271703243345,58.749271703243345,0
2026-0725-01-01-01-08,9,10,ビービーバザーク,ハイライトニング,0.03938012452115885,0.03043124710881956,0.008948877412339289,1.2940687044582453,9,59.157117886968344,59.157117886968344,0
2026-0725-01-01-01-08,10,11,ハイライトニング,アルニラム,0.03043124710881956,0.023571583149457488,0.006859663959362071,1.2910141383320684,10,52.32083899786366,52.32083899786366,0
2026-0725-01-01-01-08,11,12,アルニラム,カフェブーケット,0.023571583149457488,0.01891989176878308,0.004651691380674408,1.2458624730797603,11,42.92095552534473,42.92095552534473,0
2026-0725-01-01-01-09,1,2,ジェルブロア,シニャンガ,0.2391633511415436,0.21984783757146786,0.019315513570075743,1.0878585560969944,1,77.21887745193241,77.21887745193241,0
2026-0725-01-01-01-09,2,3,シニャンガ,ルーチェフィオーレ,0.21984783757146786,0.21320927979428975,0.006638557777178117,1.0311363453953937,2,51.349776655661294,51.349776655661294,0
2026-0725-01-01-01-09,3,4,ルーチェフィオーレ,ラコンチャビエン,0.21320927979428975,0.17540867851724581,0.03780060127704393,1.2155001770526848,3,88.46377937463585,88.46377937463585,0
2026-0725-01-01-01-09,4,5,ラコンチャビエン,ナムラヒナギク,0.17540867851724581,0.16831716439884048,0.007091514118405334,1.0421318535381303,4,53.19479510584579,53.19479510584579,0
2026-0725-01-01-01-09,5,6,ナムラヒナギク,ディヒターリーベ,0.16831716439884048,0.08125118405348902,0.08706598034535146,2.0715656806679204,5,96.6789667896679,96.6789667896679,1
2026-0725-01-01-01-09,6,7,ディヒターリーベ,ジャストビート,0.08125118405348902,0.06639790142334477,0.014853282630144252,1.2237010856027146,6,71.00407846183725,71.00407846183725,0
2026-0725-01-01-01-09,7,8,ジャストビート,キタノサリスカ,0.06639790142334477,0.061802335981301415,0.004595565442043356,1.0743590896537272,7,42.70732181006021,42.70732181006021,0
2026-0725-01-01-01-09,8,9,キタノサリスカ,ガーネットフレア,0.061802335981301415,0.053085138304456256,0.00871719767684516,1.1642116410594976,8,58.555059234802876,58.555059234802876,0
2026-0725-01-01-01-09,9,10,ガーネットフレア,ニシノエピカリ,0.053085138304456256,0.025063746422474702,0.028021391881981553,2.1180049227139772,9,83.91920761312876,83.91920761312876,0
2026-0725-01-01-01-10,1,2,ジュンツバメガエシ,ウェイクフィールド,0.17656009545761378,0.17086554507394308,0.005694550383670699,1.033327669315697,1,47.640318508448246,47.640318508448246,0
2026-0725-01-01-01-10,2,3,ウェイクフィールド,アスクデッドヒート,0.17086554507394308,0.15739246405605045,0.01347308101789263,1.0856018177153297,2,69.17848125849679,69.17848125849679,0
2026-0725-01-01-01-10,3,4,アスクデッドヒート,バースライト,0.15739246405605045,0.14888620537487166,0.008506258681178797,1.0571326178927147,3,57.87531559526121,57.87531559526121,0
2026-0725-01-01-01-10,4,5,バースライト,レイデラルース,0.14888620537487166,0.05105553145880056,0.09783067391607109,2.916162090977662,4,97.4558166634298,97.4558166634298,1
2026-0725-01-01-01-10,5,6,レイデラルース,ボンドロア,0.05105553145880056,0.04947889729112949,0.0015766341676710718,1.0318647798150047,5,23.422023693921147,23.422023693921147,0
2026-0725-01-01-01-10,6,7,ボンドロア,リギーロ,0.04947889729112949,0.04453092609960086,0.004947971191528629,1.1111131437163841,6,44.41639153233638,44.41639153233638,0
2026-0725-01-01-01-10,7,8,リギーロ,ライフセービング,0.04453092609960086,0.03128315967937425,0.013247766420226612,1.4234791675778578,7,68.79005632161585,68.79005632161585,0
2026-0725-01-01-01-10,8,9,ライフセービング,レイヤードレッド,0.03128315967937425,0.03104122188756817,0.00024193779180608013,1.0077940808091377,8,12.48786172072247,12.48786172072247,0
2026-0725-01-01-01-10,9,10,レイヤードレッド,ヴァイザーバルコ,0.03104122188756817,0.028086871309494756,0.0029543505780734135,1.105186175616317,9,33.346280831229365,33.346280831229365,0
2026-0725-01-01-01-10,10,11,ヴァイザーバルコ,ドッビアーコ,0.028086871309494756,0.023696081590063815,0.004390789719430941,1.1852960246926258,10,41.42551951835308,41.42551951835308,0
2026-0725-01-01-01-11,1,2,ロジケープ,アスクケンタッキー,0.2592395920494819,0.1715234783356778,0.08771611371380408,1.5113942100809103,1,96.75665177704408,96.75665177704408,1
2026-0725-01-01-01-11,2,3,アスクケンタッキー,アンジュプロミス,0.1715234783356778,0.1372436311235378,0.03427984721214,1.2497736829863058,2,86.85181588657991,86.85181588657991,0
2026-0725-01-01-01-11,3,4,アンジュプロミス,クリエープキー,0.1372436311235378,0.11321722800066039,0.024026403122877404,1.212215080223809,3,81.39444552340261,81.39444552340261,0
2026-0725-01-01-01-11,4,5,クリエープキー,サウスバンク,0.11321722800066039,0.10795224203723276,0.005264985963427629,1.0487714369249665,4,45.7370363177316,45.7370363177316,0
2026-0725-01-01-01-11,5,6,サウスバンク,メルトユアハート,0.10795224203723276,0.08847193938942297,0.019480302647809797,1.2201862283369218,5,77.43251116721693,77.43251116721693,0
2026-0725-01-01-01-11,6,7,メルトユアハート,ルーフ,0.08847193938942297,0.0737611921897566,0.014710747199666363,1.1994374923038362,6,70.77102349970869,70.77102349970869,0
2026-0725-01-01-01-11,7,8,ルーフ,シカゴスティング,0.0737611921897566,0.0713507207129365,0.0024104714768201085,1.0337834215651176,7,30.02524762089726,30.02524762089726,0
2026-0725-01-01-01-11,8,9,シカゴスティング,エヴァンスウィート,0.0713507207129365,0.06692288905927753,0.004427831653658967,1.0661631874520088,8,41.6391532336376,41.6391532336376,0
2026-0725-01-01-01-11,9,10,エヴァンスウィート,パクスロマーナ,0.06692288905927753,0.058469578327805,0.008453310731472527,1.1445762219128675,9,57.71994562050884,57.71994562050884,0
2026-0725-01-01-01-11,10,11,パクスロマーナ,ウィルオレオール,0.058469578327805,0.02983794379660281,0.02863163453120219,1.959571300434651,10,84.24936880947756,84.24936880947756,0
2026-0725-01-01-01-11,11,12,ウィルオレオール,ゴールドサーベル,0.02983794379660281,0.01939189604755679,0.01044604774904602,1.5386810925258714,11,62.53641483783259,62.53641483783259,0
2026-0725-01-01-01-12,1,2,セボンサデッセ,ベラジオワールド,0.2917023344828454,0.24887998350262122,0.04282235098022416,1.1720602451734459,1,90.09516410953583,90.09516410953583,1
2026-0725-01-01-01-12,2,3,ベラジオワールド,ハイクオリティ,0.24887998350262122,0.10766138243541297,0.14121860106720824,2.311692250951046,2,99.24257137308216,99.24257137308216,1
2026-0725-01-01-01-12,3,4,ハイクオリティ,ギマール,0.10766138243541297,0.06647579319292908,0.04118558924248389,1.6195576955803024,3,89.60963293843464,89.60963293843464,0
2026-0725-01-01-01-12,4,5,ギマール,ライフゲート,0.06647579319292908,0.0492465881232785,0.01722920506965058,1.3498558118690553,4,74.83006409011459,74.83006409011459,0
2026-0725-01-01-01-12,5,6,ライフゲート,ショウナンヤッホー,0.0492465881232785,0.040597846290606844,0.008648741832671655,1.2130344986963686,5,58.41911050689455,58.41911050689455,0
2026-0725-01-01-01-12,6,7,ショウナンヤッホー,フェスタリア,0.040597846290606844,0.04024470793669228,0.00035313835391456716,1.0087747774060152,6,13.614294037677219,13.614294037677219,0
2026-0725-01-01-01-12,7,8,フェスタリア,ジュンラトゥール,0.04024470793669228,0.03129948477296329,0.008945223163728984,1.2857945818793775,7,59.13769664012429,59.13769664012429,0
2026-0725-01-01-01-12,8,9,ジュンラトゥール,リメンバーヒム,0.03129948477296329,0.030216486507729044,0.0010829982652342494,1.0358413035531855,8,19.92619926199262,19.92619926199262,0
2026-0725-01-01-01-12,9,10,リメンバーヒム,マッスルバック,0.030216486507729044,0.01704055168531526,0.013175934822413783,1.773210578256582,9,68.65410759370751,68.65410759370751,0
2026-0725-01-01-01-12,10,11,マッスルバック,ヒルノピレネー,0.01704055168531526,0.00929915364512784,0.007741398040187421,1.8324841523877196,10,55.42823849291124,55.42823849291124,0
2026-0725-04-02-01-01,1,2,レゾルーティオ,ノシェリー,0.2141472388420643,0.12426128323802373,0.08988595560404057,1.7233625250100075,1,96.91202175179646,96.91202175179646,1
2026-0725-04-02-01-01,2,3,ノシェリー,フルーツバスケット,0.12426128323802373,0.11481061446840961,0.009450668769614118,1.0823152877751951,2,60.40007768498737,60.40007768498737,0
2026-0725-04-02-01-01,3,4,フルーツバスケット,コルサロ,0.11481061446840961,0.09362945561528556,0.02118115885312405,1.226223240474188,3,79.18042338318119,79.18042338318119,0
2026-0725-04-02-01-01,4,5,コルサロ,ソラニワラエバ,0.09362945561528556,0.08574378113316777,0.007885674482117785,1.0919678882585155,4,55.85550592348029,55.85550592348029,0
2026-0725-04-02-01-01,5,6,ソラニワラエバ,コスモバルムンク,0.08574378113316777,0.06362666842830302,0.022117112704864758,1.3476075873717508,5,79.89900951641096,79.89900951641096,0
2026-0725-04-02-01-01,6,7,コスモバルムンク,ランドジャイアンツ,0.06362666842830302,0.05948336670727989,0.004143301721023125,1.0696547951196589,6,40.10487473295786,40.10487473295786,0
2026-0725-04-02-01-01,7,8,ランドジャイアンツ,トリプティーク,0.05948336670727989,0.04193305356206031,0.017550313145219577,1.418531722695686,7,75.29617401437172,75.29617401437172,0
2026-0725-04-02-01-01,8,9,トリプティーク,ワンコール,0.04193305356206031,0.01845730789466649,0.023475745667393823,2.27189435216484,8,81.04486308020975,81.04486308020975,0
2026-0725-04-02-01-01,9,10,ワンコール,ローグアン,0.01845730789466649,0.012451061552138556,0.006006246342527933,1.4823882941528241,9,48.74732957855895,48.74732957855895,0
2026-0725-04-02-01-02,1,2,エレクトス,リコルディオーロ,0.06674459329045296,0.06674459329045296,0.0,1.0,1,9.671780928335599,9.671780928335599,0
2026-0725-04-02-01-02,2,3,リコルディオーロ,モミスケ,0.06674459329045296,0.06674459329045296,0.0,1.0,2,9.671780928335599,9.671780928335599,0
2026-0725-04-02-01-02,3,4,モミスケ,ピウモッソ,0.06674459329045296,0.06674459329045296,0.0,1.0,3,9.671780928335599,9.671780928335599,0
2026-0725-04-02-01-02,4,5,ピウモッソ,ランズエンド,0.06674459329045296,0.06674459329045296,0.0,1.0,4,9.671780928335599,9.671780928335599,0
2026-0725-04-02-01-02,5,6,ランズエンド,ユイチャンファイト,0.06674459329045296,0.06674459329045296,0.0,1.0,5,9.671780928335599,9.671780928335599,0
2026-0725-04-02-01-02,6,7,ユイチャンファイト,サザンキンレンカ,0.06674459329045296,0.06674459329045296,0.0,1.0,6,9.671780928335599,9.671780928335599,0
2026-0725-04-02-01-02,7,8,サザンキンレンカ,アレックスケー,0.06674459329045296,0.06674459329045296,0.0,1.0,7,9.671780928335599,9.671780928335599,0
2026-0725-04-02-01-02,8,9,アレックスケー,スクワミッシュ,0.06674459329045296,0.06674459329045296,0.0,1.0,8,9.671780928335599,9.671780928335599,0
2026-0725-04-02-01-02,9,10,スクワミッシュ,ライヴバーボン,0.06674459329045296,0.06674459329045296,0.0,1.0,9,9.671780928335599,9.671780928335599,0
2026-0725-04-02-01-02,10,11,ライヴバーボン,イニシャルポイント,0.06674459329045296,0.06674459329045296,0.0,1.0,10,9.671780928335599,9.671780928335599,0
2026-0725-04-02-01-02,11,12,イニシャルポイント,ミカミッチー,0.06674459329045296,0.06674459329045296,0.0,1.0,11,9.671780928335599,9.671780928335599,0
2026-0725-04-02-01-02,12,13,ミカミッチー,オンアロール,0.06674459329045296,0.06674459329045296,0.0,1.0,12,9.671780928335599,9.671780928335599,0
2026-0725-04-02-01-02,13,14,オンアロール,コパノフラメンコ,0.06674459329045296,0.06674459329045296,0.0,1.0,13,9.671780928335599,9.671780928335599,0
2026-0725-04-02-01-03,1,2,トルタパスカリーナ,リーベラーリア,0.11843492100033122,0.11843492100033122,0.0,1.0,1,9.671780928335599,9.671780928335599,0
2026-0725-04-02-01-03,2,3,リーベラーリア,スターマイン,0.11843492100033122,0.11843492100033122,0.0,1.0,2,9.671780928335599,9.671780928335599,0
2026-0725-04-02-01-03,3,4,スターマイン,セプタードアイル,0.11843492100033122,0.11843492100033122,0.0,1.0,3,9.671780928335599,9.671780928335599,0
2026-0725-04-02-01-03,4,5,セプタードアイル,サトノスプレマシー,0.11843492100033122,0.11843492100033122,0.0,1.0,4,9.671780928335599,9.671780928335599,0
2026-0725-04-02-01-03,5,6,サトノスプレマシー,スイートアリッサム,0.11843492100033122,0.11843492100033122,0.0,1.0,5,9.671780928335599,9.671780928335599,0
2026-0725-04-02-01-03,6,7,スイートアリッサム,プレママドンナ,0.11843492100033122,0.11843492100033122,0.0,1.0,6,9.671780928335599,9.671780928335599,0
2026-0725-04-02-01-03,7,8,プレママドンナ,マリアンデール,0.11843492100033122,0.11843492100033122,0.0,1.0,7,9.671780928335599,9.671780928335599,0
2026-0725-04-02-01-04,1,2,プリプリプリン,マナイアカラニ,0.2672765963790253,0.19727788047848482,0.06999871590054046,1.354822931647294,1,94.75626335210721,94.75626335210721,1
2026-0725-04-02-01-04,2,3,マナイアカラニ,オレンジキャンパス,0.19727788047848482,0.1846635385768561,0.012614341901628717,1.0683098677673106,2,67.74130899203729,67.74130899203729,0
2026-0725-04-02-01-04,3,4,オレンジキャンパス,スノーランス,0.1846635385768561,0.10172265489295879,0.08294088368389732,1.815362947134783,3,96.27112060594291,96.27112060594291,1
2026-0725-04-02-01-04,4,5,スノーランス,セイウンヤオヨロズ,0.10172265489295879,0.06950719380703967,0.03221546108591912,1.4634838398936536,4,86.13322975335016,86.13322975335016,0
2026-0725-04-02-01-04,5,6,セイウンヤオヨロズ,サンマルオブウォー,0.06950719380703967,0.049203650653634634,0.020303543153405032,1.4126430231027018,5,78.4035735094193,78.4035735094193,0
2026-0725-04-02-01-04,6,7,サンマルオブウォー,ナーシリーヤ,0.049203650653634634,0.045969286699468606,0.003234363954166028,1.070359237360179,6,35.09419304719363,35.09419304719363,0
2026-0725-04-02-01-04,7,8,ナーシリーヤ,ロジザボード,0.045969286699468606,0.030999584576458874,0.014969702123009732,1.4829000880991723,7,71.25655467080986,71.25655467080986,0
2026-0725-04-02-01-04,8,9,ロジザボード,シャインネージュ,0.030999584576458874,0.016479847159956318,0.014519737416502556,1.8810601988945292,8,70.5768110312682,70.5768110312682,0
2026-0725-04-02-01-04,9,10,シャインネージュ,パチクリベスクリ,0.016479847159956318,0.015401216902259814,0.0010786302576965036,1.0700353916539047,9,19.90677801514857,19.90677801514857,0
2026-0725-04-02-01-04,10,11,パチクリベスクリ,スウィートラキ,0.015401216902259814,0.014963329008900496,0.00043788789335931846,1.02926406905167,10,14.371722664595065,14.371722664595065,0
2026-0725-04-02-01-04,11,12,スウィートラキ,スウェーバック,0.014963329008900496,0.01482121313045743,0.0001421158784430665,1.0095886805750751,11,11.30316566323558,11.30316566323558,0
2026-0725-04-02-01-04,12,13,スウェーバック,メイショウバリスタ,0.01482121313045743,0.01382352938651958,0.0009976837439378498,1.0721728667145434,12,19.26587686929501,19.26587686929501,0
2026-0725-04-02-01-04,13,14,メイショウバリスタ,ジョイベル,0.01382352938651958,0.010173936170085282,0.003649593216434297,1.358719885344406,13,37.42474266847932,37.42474266847932,0
2026-0725-04-02-01-04,14,15,ジョイベル,フジテンクウ,0.010173936170085282,0.005745391993842406,0.004428544176242877,1.7707993085570395,14,41.69741697416974,41.69741697416974,0
2026-0725-04-02-01-05,1,2,キシダンチョウ,フィールドノート,0.2714004790264685,0.18440425629657523,0.0869962227298933,1.471769060416796,1,96.65954554282385,96.65954554282385,1
2026-0725-04-02-01-05,2,3,フィールドノート,ヴァリスマリネリス,0.18440425629657523,0.1628461437728702,0.021558112523705014,1.132383316081302,2,79.47174208584191,79.47174208584191,0
2026-0725-04-02-01-05,3,4,ヴァリスマリネリス,オルグジェシダ,0.1628461437728702,0.13783411509524604,0.02501202867762417,1.1814647169196129,3,82.11303165663236,82.11303165663236,0
2026-0725-04-02-01-05,4,5,オルグジェシダ,カリーン,0.13783411509524604,0.09438750624144715,0.04344660885379889,1.4603004209334725,4,90.25053408428822,90.25053408428822,1
2026-0725-04-02-01-05,5,6,カリーン,コスモナエマ,0.09438750624144715,0.05964542390959574,0.03474208233185141,1.5824769119674595,5,87.08487084870849,87.08487084870849,0
2026-0725-04-02-01-05,6,7,コスモナエマ,スワローシチー,0.05964542390959574,0.05665347851396974,0.002991945395626,1.0528113272848416,6,33.67644202757817,33.67644202757817,0
2026-0725-04-02-01-05,7,8,スワローシチー,メイショウキンタイ,0.05665347851396974,0.05597239696855861,0.000681081545411133,1.012168168281121,7,16.721693532724803,16.721693532724803,0
2026-0725-04-02-01-05,8,9,メイショウキンタイ,ケイツールピア,0.05597239696855861,0.038738762767416536,0.017233634201142073,1.4448679557633526,8,74.86890658380267,74.86890658380267,0
2026-0725-04-02-01-05,9,10,ケイツールピア,トラストモアリズム,0.038738762767416536,0.027331897206402292,0.011406865561014244,1.4173462776796288,9,65.0417556807147,65.0417556807147,0
2026-0725-04-02-01-05,10,11,トラストモアリズム,リアルセンター,0.027331897206402292,0.01919218583224799,0.008139711374154302,1.42411591078268,10,56.59351330355409,56.59351330355409,0
2026-0725-04-02-01-06,1,2,シャンソンドール,コルドンブルー,0.272613285020476,0.15722307542384212,0.11539020959663387,1.7339266789277898,1,98.31035152456788,98.31035152456788,1
2026-0725-04-02-01-06,2,3,コルドンブルー,ジーネキング,0.15722307542384212,0.12076997687735108,0.036453098546491036,1.301839078627226,2,87.86172072247038,87.86172072247038,0
2026-0725-04-02-01-06,3,4,ジーネキング,ガリレア,0.12076997687735108,0.09075063150614472,0.03001934537120636,1.3307893826521058,3,85.00679743639542,85.00679743639542,0
2026-0725-04-02-01-06,4,5,ガリレア,ソニックライン,0.09075063150614472,0.08594974536407281,0.004800886142071914,1.0558568977922616,4,43.63954165857448,43.63954165857448,0
2026-0725-04-02-01-06,5,6,ソニックライン,ルナルーチェット,0.08594974536407281,0.06635871195514985,0.01959103340892296,1.2952292597566395,5,77.52961740143716,77.52961740143716,0
2026-0725-04-02-01-06,6,7,ルナルーチェット,ミッキースターダム,0.06635871195514985,0.0641840650814078,0.0021746468737420532,1.0338814138833967,6,28.083122936492522,28.083122936492522,0
2026-0725-04-02-01-06,7,8,ミッキースターダム,ラビットアイ,0.0641840650814078,0.05780136118205152,0.0063827038993562735,1.1104248026141335,7,50.28160807923868,50.28160807923868,0
2026-0725-04-02-01-06,8,9,ラビットアイ,ギフテッド,0.05780136118205152,0.04832825018365736,0.009473110998394159,1.1960160146993606,8,60.438920178675474,60.438920178675474,0
2026-0725-04-02-01-06,9,10,ギフテッド,メランジェ,0.04832825018365736,0.03628300353849339,0.012045246645163973,1.3319804170121947,9,66.49834919401826,66.49834919401826,0
2026-0725-04-02-01-06,10,11,メランジェ,ゴールドスター,0.03628300353849339,0.0269894671375914,0.00929353640090199,1.3443393807489363,10,59.85628277335405,59.85628277335405,0
2026-0725-04-02-01-06,11,12,ゴールドスター,ナファロア,0.0269894671375914,0.02429892440862296,0.0026905427289684383,1.1107268241064054,11,32.122742280054375,32.122742280054375,0
2026-0725-04-02-01-06,12,13,ナファロア,ナグルファル,0.02429892440862296,0.02330538861638393,0.0009935357922390316,1.0426311617709119,12,19.246455622450963,19.246455622450963,0
2026-0725-04-02-01-06,13,14,ナグルファル,ドリームクルーズ,0.02330538861638393,0.02068175700820258,0.0026236316081813503,1.1268572881472687,13,31.61778986210915,31.61778986210915,0
2026-0725-04-02-01-06,14,15,ドリームクルーズ,ケイケイ,0.02068175700820258,0.018261094649255603,0.002420662358946977,1.1325584476418917,14,30.044668867741308,30.044668867741308,0
2026-0725-04-02-01-07,1,2,コートアリシアン,ボンヌソワレ,0.2079232876376967,0.09676431911788645,0.11115896851981026,2.148759889318159,1,98.1549815498155,98.1549815498155,1
2026-0725-04-02-01-07,2,3,ボンヌソワレ,スマイルアップ,0.09676431911788645,0.06832451165968974,0.028439807458196714,1.4162460406574073,2,84.11342008156923,84.11342008156923,0
2026-0725-04-02-01-07,3,4,スマイルアップ,ピコローズ,0.06832451165968974,0.0646953113375655,0.003629200322124243,1.0560968058904283,3,37.327636434259084,37.327636434259084,0
2026-0725-04-02-01-07,4,5,ピコローズ,キタサンダムール,0.0646953113375655,0.05980720504228873,0.0048881062952767645,1.0817310605272468,4,44.16391532336376,44.16391532336376,0
2026-0725-04-02-01-07,5,6,キタサンダムール,モジャーリオ,0.05980720504228873,0.055550966002752895,0.004256239039535835,1.076618632326302,5,40.842882113031656,40.842882113031656,0
2026-0725-04-02-01-07,6,7,モジャーリオ,エマヌエーレ,0.055550966002752895,0.05271512912872876,0.002835836874024132,1.0537955027502466,6,32.78306467275199,32.78306467275199,0
2026-0725-04-02-01-07,7,8,エマヌエーレ,モンテシート,0.05271512912872876,0.04628820907525228,0.006426920053476483,1.1388457272785824,7,50.4952417945232,50.4952417945232,0
2026-0725-04-02-01-07,8,9,モンテシート,ヴェサリウス,0.04628820907525228,0.04583058701693583,0.00045762205831645364,1.0099850795746375,8,14.585356379879588,14.585356379879588,0
2026-0725-04-02-01-07,9,10,ヴェサリウス,ポッドロワール,0.04583058701693583,0.041038865472387887,0.00479172154454794,1.1167605753568395,9,43.600699164886386,43.600699164886386,0
2026-0725-04-02-01-07,10,11,ポッドロワール,スティールブルー,0.041038865472387887,0.03765339533454675,0.003385470137841136,1.089911417224438,10,36.04583414255195,36.04583414255195,0
2026-0725-04-02-01-07,11,12,スティールブルー,チューラワンサ,0.03765339533454675,0.031365064006020564,0.006288331328526187,1.2004883945819187,11,49.834919401825594,49.834919401825594,0
2026-0725-04-02-01-07,12,13,チューラワンサ,フライングブレード,0.031365064006020564,0.03025455423466023,0.0011105097713603324,1.0367055406847843,12,20.217517964653332,20.217517964653332,0
2026-0725-04-02-01-07,13,14,フライングブレード,エイムフォーエース,0.03025455423466023,0.019921173215273077,0.010333381019387154,1.5187134767476849,13,62.24509613517187,62.24509613517187,0
2026-0725-04-02-01-07,14,15,エイムフォーエース,ミストレス,0.019921173215273077,0.019248542894495308,0.0006726303207777694,1.0349444799258092,14,16.66342979219266,16.66342979219266,0
2026-0725-04-02-01-07,15,16,ミストレス,アームテイル,0.019248542894495308,0.014688818221672893,0.004559724672822415,1.3104214787064818,15,42.454845601087584,42.454845601087584,0
2026-0725-04-02-01-07,16,17,アームテイル,ルミノメテオール,0.014688818221672893,0.014003126125640994,0.0006856920960318993,1.048967072772153,16,16.838221013789084,16.838221013789084,0
2026-0725-04-02-01-08,1,2,インナーパッション,パイオニアスクエア,0.10839229528841697,0.10424731784627081,0.004144977442146161,1.0397609984389102,1,40.12429597980191,40.12429597980191,0
2026-0725-04-02-01-08,2,3,パイオニアスクエア,ロケットパンチ,0.10424731784627081,0.09532382769281515,0.008923490153455657,1.093612377612573,2,59.079432899592156,59.079432899592156,0
2026-0725-04-02-01-08,3,4,ロケットパンチ,アヴァランチ,0.09532382769281515,0.07725847418076741,0.018065353512047744,1.2338300581730217,3,75.80112643231696,75.80112643231696,0
2026-0725-04-02-01-08,4,5,アヴァランチ,コッレヴェッキオ,0.07725847418076741,0.06363771473566604,0.013620759445101369,1.2140359612484255,4,69.43095746746941,69.43095746746941,0
2026-0725-04-02-01-08,5,6,コッレヴェッキオ,イリュストル,0.06363771473566604,0.049805222905443376,0.013832491830222664,1.2777317522799574,5,69.78053991066227,69.78053991066227,0
2026-0725-04-02-01-08,6,7,イリュストル,ヴィエントデコラ,0.049805222905443376,0.04243116758746525,0.007374055317978127,1.1737886496471646,6,54.37949116333268,54.37949116333268,0
2026-0725-04-02-01-08,7,8,ヴィエントデコラ,ケルピー,0.04243116758746525,0.039025992467159695,0.0034051751203055536,1.0872540300716504,7,36.20120411730433,36.20120411730433,0
2026-0725-04-02-01-08,8,9,ケルピー,ハルノアラシ,0.039025992467159695,0.022789390152427858,0.016236602314731837,1.712463221092473,8,73.2763643425908,73.2763643425908,0
2026-0725-04-02-01-08,9,10,ハルノアラシ,ブレスドナイル,0.022789390152427858,0.021091383494387102,0.0016980066580407557,1.0805071255042438,9,24.412507282967567,24.412507282967567,0
2026-0725-04-02-01-08,10,11,ブレスドナイル,バッカステソーロ,0.021091383494387102,0.016853183465707845,0.004238200028679258,1.251477712641233,10,40.74577587881142,40.74577587881142,0
2026-0725-04-02-01-08,11,12,バッカステソーロ,メトロポリターナ,0.016853183465707845,0.014826920602712377,0.0020262628629954677,1.1366610719305255,11,27.112060594290156,27.112060594290156,0
2026-0725-04-02-01-08,12,13,メトロポリターナ,ライヴスプーン,0.014826920602712377,0.009557775772172879,0.005269144830539498,1.5512940412224803,12,45.775878811419695,45.775878811419695,0
2026-0725-04-02-01-09,1,2,スコラーリ,パープルアドミラル,0.2180569918351211,0.1411063795818117,0.0769506122533094,1.545337584887113,1,95.76616818799766,95.76616818799766,1
2026-0725-04-02-01-09,2,3,パープルアドミラル,モンツァフレイバー,0.1411063795818117,0.13852989442154995,0.002576485160261738,1.018598766504661,2,31.326471159448438,31.326471159448438,0
2026-0725-04-02-01-09,3,4,モンツァフレイバー,サングラデーション,0.13852989442154995,0.1089532476455545,0.029576646775995447,1.271461818854761,3,84.89026995533114,84.89026995533114,0
2026-0725-04-02-01-09,4,5,サングラデーション,サルサロッサ,0.1089532476455545,0.09167626161080632,0.017276986034748185,1.188456485148732,4,74.92717032433482,74.92717032433482,0
2026-0725-04-02-01-09,5,6,サルサロッサ,ウォーターリーダー,0.09167626161080632,0.07405633922642119,0.01761992238438513,1.2379259165176077,5,75.33501650805981,75.33501650805981,0
2026-0725-04-02-01-09,6,7,ウォーターリーダー,ローンウルフ,0.07405633922642119,0.06364807939169341,0.010408259834727776,1.1635282625053749,6,62.43930860361235,62.43930860361235,0
2026-0725-04-02-01-09,7,8,ローンウルフ,アメリカンピース,0.06364807939169341,0.058425976956813216,0.005222102434880194,1.0893798051291503,7,45.659351330355406,45.659351330355406,0
2026-0725-04-02-01-10,1,2,カーボフリオ,ゴールドビリーヴ,0.08452963857626691,0.08388336017174076,0.0006462784045261488,1.0077044887472673,1,16.44979607690814,16.44979607690814,0
2026-0725-04-02-01-10,2,3,ゴールドビリーヴ,バーヴァンシー,0.08388336017174076,0.0830136995330224,0.0008696606387183642,1.0104761098904214,2,18.35307826762478,18.35307826762478,0
2026-0725-04-02-01-10,3,4,バーヴァンシー,シェリーシュシュ,0.0830136995330224,0.03958501739103522,0.04342868214198718,2.0970989784590177,3,90.23111283744416,90.23111283744416,1
2026-0725-04-02-01-10,4,5,シェリーシュシュ,ナツミカンチャン,0.03958501739103522,0.027419641001735665,0.012165376389299553,1.4436738026048366,4,66.8479316372111,66.8479316372111,0
2026-0725-04-02-01-10,5,6,ナツミカンチャン,メジロピオラ,0.027419641001735665,0.024138544785380016,0.0032810962163556494,1.135927672754445,5,35.48261798407458,35.48261798407458,0
2026-0725-04-02-01-10,6,7,メジロピオラ,アドバンスジェンヌ,0.024138544785380016,0.022638555174200665,0.0014999896111793504,1.066258186515753,6,22.936492522819965,22.936492522819965,0
2026-0725-04-02-01-10,7,8,アドバンスジェンヌ,ベアエクスプレス,0.022638555174200665,0.022457914674832276,0.00018064049936838966,1.0080435116966058,7,11.866381821712954,11.866381821712954,0
2026-0725-04-02-01-10,8,9,ベアエクスプレス,ミュージックレイン,0.022457914674832276,0.01959268329467405,0.002865231380158227,1.1462398660288198,8,32.93843464750437,32.93843464750437,0
2026-0725-04-02-01-10,9,10,ミュージックレイン,オリエンタルガール,0.01959268329467405,0.015080060975223691,0.004512622319450358,1.2992443019205644,9,42.22179063895902,42.22179063895902,0
2026-0725-04-02-01-10,10,11,オリエンタルガール,ナックレジーナ,0.015080060975223691,0.01123705248105848,0.0038430084941652107,1.3419943531137817,10,38.47348999805787,38.47348999805787,0
2026-0725-04-02-01-10,11,12,ナックレジーナ,ディレクティオ,0.01123705248105848,0.009664133294260508,0.001572919186797972,1.162758432536534,11,23.363759953389007,23.363759953389007,0
2026-0725-04-02-01-10,12,13,ディレクティオ,ミウ,0.009664133294260508,0.008775735591994637,0.0008883977022658713,1.1012334171822908,12,18.469605748689066,18.469605748689066,0
2026-0725-04-02-01-10,13,14,ミウ,アジャイブ,0.008775735591994637,0.008547837866550907,0.0002278977254437306,1.0266614469064197,13,12.293649252281996,12.293649252281996,0
2026-0725-04-02-01-10,14,15,アジャイブ,マイトリックスター,0.008547837866550907,0.008541990809305258,5.84705724564899e-06,1.000684507555227,14,9.730044668867741,9.730044668867741,0
2026-0725-04-02-01-11,1,2,シルバーアックス,ジョイアミーア,0.15160920749100337,0.13086753517949096,0.020741672311512416,1.158493642315982,1,78.8114196931443,78.8114196931443,0
2026-0725-04-02-01-11,2,3,ジョイアミーア,ノーブルラホーヤ,0.13086753517949096,0.12086114156483946,0.010006393614651499,1.0827924797424098,2,61.64303748300641,61.64303748300641,0
2026-0725-04-02-01-11,3,4,ノーブルラホーヤ,リオハリソンメリー,0.12086114156483946,0.042084563768812276,0.07877657779602718,2.871863950610945,3,96.03806564381433,96.03806564381433,1
2026-0725-04-02-01-11,4,5,リオハリソンメリー,リオクリスハーレー,0.042084563768812276,0.038615215397727304,0.0034693483710849723,1.0898440766250177,4,36.570207807341234,36.570207807341234,0
2026-0725-04-02-01-11,5,6,リオクリスハーレー,アリアファブラ,0.038615215397727304,0.028394501528228384,0.01022071386949892,1.3599539812078758,5,61.973198679355214,61.973198679355214,0
2026-0725-04-02-01-11,6,7,アリアファブラ,ルディドゥゲンジ,0.028394501528228384,0.026287520407349056,0.002106981120879328,1.0801513831745915,6,27.71411924645562,27.71411924645562,0
2026-0725-04-02-01-11,7,8,ルディドゥゲンジ,ユイノササヤキ,0.026287520407349056,0.025511026801735323,0.0007764936056137324,1.0304375677093842,7,17.61507088755098,17.61507088755098,0
2026-0725-04-02-01-11,8,9,ユイノササヤキ,ムーンシェイド,0.025511026801735323,0.022145166956145126,0.0033658598455901974,1.151990718889396,8,36.00699164886386,36.00699164886386,0
2026-0725-04-02-01-11,9,10,ムーンシェイド,テラシエスタ,0.022145166956145126,0.02058087064289956,0.0015642963132455646,1.076007295336908,9,23.28607496601282,23.28607496601282,0
2026-0725-04-02-01-11,10,11,テラシエスタ,ケイツーキップ,0.02058087064289956,0.01917289694143204,0.0014079737014675194,1.0734356266436154,10,22.489803845406875,22.489803845406875,0
2026-0725-04-02-01-11,11,12,ケイツーキップ,ソレム,0.01917289694143204,0.017972045258872197,0.0012008516825598448,1.0668177530861171,11,21.033210332103323,21.033210332103323,0
2026-0725-04-02-01-11,12,13,ソレム,ユニベールクイーン,0.017972045258872197,0.012879984421448923,0.005092060837423274,1.3953468164871,12,45.05729267818994,45.05729267818994,0
2026-0725-04-02-01-11,13,14,ユニベールクイーン,セランディア,0.012879984421448923,0.011751368260422388,0.0011286161610265348,1.0960412554534282,13,20.334045445717617,20.334045445717617,0
2026-0725-04-02-01-11,14,15,セランディア,マイエラ,0.011751368260422388,0.010761426783685022,0.000989941476737366,1.0919897980663844,14,19.227034375606912,19.227034375606912,0
2026-0725-04-02-01-11,15,16,マイエラ,アイファーアイドル,0.010761426783685022,0.00976223139598922,0.0009991953876958021,1.1023531759456469,15,19.285298116139057,19.285298116139057,0
2026-0725-04-02-01-11,16,17,アイファーアイドル,ミヤザキムスメ,0.00976223139598922,0.007746579313287288,0.0020156520827019327,1.2601989860537017,16,27.014954360069915,27.014954360069915,0
2026-0725-04-02-01-11,17,18,ミヤザキムスメ,タツナナイロ,0.007746579313287288,0.007607240819049956,0.00013933849423733175,1.018316561490784,17,11.244901922703438,11.244901922703438,0
2026-0725-04-02-01-12,1,2,タイセイフレッサ,クリールスル,0.21628111846693704,0.1725821795719256,0.04369893889501145,1.253206553558442,1,90.34764031850845,90.34764031850845,1
2026-0725-04-02-01-12,2,3,クリールスル,ワディアルリヤハ,0.1725821795719256,0.13814393384718351,0.03443824572474208,1.2492924934571363,2,86.92950087395612,86.92950087395612,0
2026-0725-04-02-01-12,3,4,ワディアルリヤハ,リラ,0.13814393384718351,0.13263766260567636,0.005506271241507155,1.0415136329556482,3,46.76636240046611,46.76636240046611,0
2026-0725-04-02-01-12,4,5,リラ,リアライズリバティ,0.13263766260567636,0.09086422948385103,0.041773433121825326,1.459734632199237,4,89.86210914740727,89.86210914740727,0
2026-0725-04-02-01-12,5,6,リアライズリバティ,ガラク,0.09086422948385103,0.08188741105398031,0.00897681842987072,1.109623913057322,5,59.215381627500484,59.215381627500484,0
2026-0725-04-02-01-12,6,7,ガラク,リラベガ,0.08188741105398031,0.07773679549424505,0.004150615559735268,1.0533931908737162,6,40.18255972033404,40.18255972033404,0
2026-0725-04-02-01-12,7,8,リラベガ,ルージュダリア,0.07773679549424505,0.07282501061879824,0.004911784875446801,1.067446401088185,7,44.261021557583994,44.261021557583994,0
2026-0725-04-02-01-12,8,9,ルージュダリア,カフェラバー,0.07282501061879824,0.07083611839758532,0.001988892221212929,1.028077374455356,8,26.723635657409204,26.723635657409204,0
2026-0725-04-02-01-12,9,10,カフェラバー,ロジャリーマイン,0.07083611839758532,0.060060179246433996,0.010775939151151319,1.1794190308180128,9,63.41037094581472,63.41037094581472,0
2026-0725-04-02-01-12,10,11,ロジャリーマイン,テンハートビート,0.060060179246433996,0.05849122221181682,0.001568957034617173,1.0268238032184631,10,23.34433870654496,23.34433870654496,0
2026-0725-04-02-01-12,11,12,テンハートビート,ジョワイユノエル,0.05849122221181682,0.057199207171700815,0.0012920150401160083,1.0225879886103602,11,21.654690231112838,21.654690231112838,0
2026-0725-04-02-01-12,12,13,ジョワイユノエル,ミスバレンシア,0.057199207171700815,0.05095091732044244,0.0062482898512583734,1.1226335104422438,12,49.73781316760536,49.73781316760536,0
2026-0725-04-02-01-12,13,14,ミスバレンシア,メイリー,0.05095091732044244,0.03023466477638157,0.02071625254406087,1.685182147620297,13,78.79199844630025,78.79199844630025,0
2026-0725-04-02-01-12,14,15,メイリー,ブルバンビーナ,0.03023466477638157,0.020571415382729025,0.009663249393652547,1.4697415911287,14,60.88560885608856,60.88560885608856,0
2026-0725-04-02-01-12,15,16,ブルバンビーナ,ショウナンマリーナ,0.020571415382729025,0.01677163774883667,0.003799777633892356,1.2265597248638356,15,38.201592542241215,38.201592542241215,0
2026-0725-04-02-01-12,16,17,ショウナンマリーナ,ウインロゼライト,0.01677163774883667,0.01630484368888669,0.00046679405994997855,1.028629164980474,16,14.624198873567684,14.624198873567684,0
2026-0725-07-02-01-01,1,2,エルダークローネ,エコロメジャー,0.2733211205911667,0.17929793260554566,0.09402318798562104,1.5243963866135115,1,97.16449796076908,97.16449796076908,1
2026-0725-07-02-01-01,2,3,エコロメジャー,レッドネビュラ,0.17929793260554566,0.11906806400495615,0.060229868600589515,1.5058440237852735,2,93.62983103515245,93.62983103515245,1
2026-0725-07-02-01-01,3,4,レッドネビュラ,アースグリッパー,0.11906806400495615,0.08408139053178887,0.03498667347316728,1.416104839036169,3,87.16255583608468,87.16255583608468,0
2026-0725-07-02-01-01,4,5,アースグリッパー,ワイドアイリー,0.08408139053178887,0.05894522200180132,0.025136168529987547,1.4264326721717904,4,82.24898038454069,82.24898038454069,0
2026-0725-07-02-01-01,5,6,ワイドアイリー,クイーンズアイ,0.05894522200180132,0.05347367136508344,0.0054715506367178784,1.1023223297940716,5,46.61099242571373,46.61099242571373,0
2026-0725-07-02-01-01,6,7,クイーンズアイ,トム,0.05347367136508344,0.03424070731683916,0.019232964048244282,1.561698795246141,6,77.16061371140027,77.16061371140027,0
2026-0725-07-02-01-01,7,8,トム,シャインロード,0.03424070731683916,0.020737886265304376,0.013502821051534785,1.6511184832817676,7,69.23674499902894,69.23674499902894,0
2026-0725-07-02-01-01,8,9,シャインロード,テーオージャスミン,0.020737886265304376,0.018336173808509826,0.0024017124567945504,1.1309822039143147,8,29.966983880365117,29.966983880365117,0
2026-0725-07-02-01-02,1,2,エアロクリスタ,タガノレクシア,0.07284688664625445,0.07284688664625445,0.0,1.0,1,9.671780928335599,9.671780928335599,0
2026-0725-07-02-01-02,2,3,タガノレクシア,コスモルミナ,0.07284688664625445,0.07284688664625445,0.0,1.0,2,9.671780928335599,9.671780928335599,0
2026-0725-07-02-01-02,3,4,コスモルミナ,リアルメッセージ,0.07284688664625445,0.07284688664625445,0.0,1.0,3,9.671780928335599,9.671780928335599,0
2026-0725-07-02-01-02,4,5,リアルメッセージ,テーオーライガ,0.07284688664625445,0.07284688664625445,0.0,1.0,4,9.671780928335599,9.671780928335599,0
2026-0725-07-02-01-02,5,6,テーオーライガ,ヤマトデュノール,0.07284688664625445,0.07284688664625445,0.0,1.0,5,9.671780928335599,9.671780928335599,0
2026-0725-07-02-01-02,6,7,ヤマトデュノール,ノトコンゴウ,0.07284688664625445,0.07284688664625445,0.0,1.0,6,9.671780928335599,9.671780928335599,0
2026-0725-07-02-01-02,7,8,ノトコンゴウ,ソリドゥス,0.07284688664625445,0.07284688664625445,0.0,1.0,7,9.671780928335599,9.671780928335599,0
2026-0725-07-02-01-02,8,9,ソリドゥス,レッドレヴェリー,0.07284688664625445,0.07284688664625445,0.0,1.0,8,9.671780928335599,9.671780928335599,0
2026-0725-07-02-01-02,9,10,レッドレヴェリー,ロンリーマン,0.07284688664625445,0.07284688664625445,0.0,1.0,9,9.671780928335599,9.671780928335599,0
2026-0725-07-02-01-02,10,11,ロンリーマン,ブレイクアウェイ,0.07284688664625445,0.07284688664625445,0.0,1.0,10,9.671780928335599,9.671780928335599,0
2026-0725-07-02-01-02,11,12,ブレイクアウェイ,ラインエレガント,0.07284688664625445,0.07284688664625445,0.0,1.0,11,9.671780928335599,9.671780928335599,0
2026-0725-07-02-01-02,12,13,ラインエレガント,ベルヴェール,0.07284688664625445,0.07284688664625445,0.0,1.0,12,9.671780928335599,9.671780928335599,0
2026-0725-07-02-01-03,1,2,コスモフィレンツェ,プレスバーン,0.3491886623674453,0.2962817193395501,0.05290694302789517,1.1785697178544512,1,92.5422412118858,92.5422412118858,1
2026-0725-07-02-01-03,2,3,プレスバーン,レッドブライトン,0.2962817193395501,0.15733047236331765,0.13895124697623246,1.8831807652325436,2,99.14546513886191,99.14546513886191,1
2026-0725-07-02-01-03,3,4,レッドブライトン,スマートエラン,0.15733047236331765,0.06060168198623889,0.09672879037707877,2.5961403579366564,3,97.30044668867741,97.30044668867741,1
2026-0725-07-02-01-03,4,5,スマートエラン,フィンガーレイクス,0.06060168198623889,0.051803945919260984,0.008797736066977903,1.1698275278236452,4,58.729850456399305,58.729850456399305,0
2026-0725-07-02-01-03,5,6,フィンガーレイクス,マサハヤルージュ,0.051803945919260984,0.041189383085974404,0.01061456283328658,1.2577014278444243,5,62.94426102155758,62.94426102155758,0
2026-0725-07-02-01-03,6,7,マサハヤルージュ,チュオンソン,0.041189383085974404,0.036408878882482246,0.0047805042034921585,1.1313005055421317,6,43.542435424354245,43.542435424354245,0
2026-0725-07-02-01-03,7,8,チュオンソン,プロットシッケンズ,0.036408878882482246,0.028640899985694315,0.00776797889678793,1.2712197906025269,7,55.52534472713149,55.52534472713149,0
2026-0725-07-02-01-03,8,9,プロットシッケンズ,ラピス,0.028640899985694315,0.02607308958211935,0.0025678104035749653,1.0984850834607627,8,31.20994367838415,31.20994367838415,0
2026-0725-07-02-01-03,9,10,ラピス,シンゼンイセ,0.02607308958211935,0.018290381004597817,0.007782708577521533,1.4255082808589457,9,55.58360846766362,55.58360846766362,0
2026-0725-07-02-01-03,10,11,シンゼンイセ,デルマトカチ,0.018290381004597817,0.012750703886347334,0.005539677118250482,1.4344604947011612,10,46.882889881530396,46.882889881530396,0
2026-0725-07-02-01-03,11,12,デルマトカチ,アメジストブリエ,0.012750703886347334,0.012055612966882652,0.0006950909194646821,1.0576570367159372,11,16.89648475432123,16.89648475432123,0
2026-0725-07-02-01-04,1,2,タロ,アスクハッピーマン,0.19590976087252626,0.17153097666073117,0.024378784211795096,1.1421246744255038,1,81.60807923868713,81.60807923868713,0
2026-0725-07-02-01-04,2,3,アスクハッピーマン,ナウオアネヴァー,0.17153097666073117,0.15676389542757674,0.014767081233154428,1.0941995042473072,2,70.90697222761702,70.90697222761702,0
2026-0725-07-02-01-04,3,4,ナウオアネヴァー,ベルアズーロ,0.15676389542757674,0.13102926701869425,0.025734628408882493,1.1964036661001154,3,82.69566906195378,82.69566906195378,0
2026-0725-07-02-01-04,4,5,ベルアズーロ,ジャスティンレビン,0.13102926701869425,0.058157533992277126,0.07287173302641711,2.253005896640905,4,95.28063701689649,95.28063701689649,1
2026-0725-07-02-01-04,5,6,ジャスティンレビン,ワイドヴィンクルム,0.058157533992277126,0.04483412631198916,0.013323407680287967,1.2971711233441643,5,68.94542629636823,68.94542629636823,0
2026-0725-07-02-01-04,6,7,ワイドヴィンクルム,ボクサークラブ,0.04483412631198916,0.03129853663105013,0.013535589680939028,1.4324671738010546,6,69.27558749271702,69.27558749271702,0
2026-0725-07-02-01-04,7,8,ボクサークラブ,アステリアート,0.03129853663105013,0.031149934438687927,0.0001486021923622037,1.0047705459109295,7,11.38085065061177,11.38085065061177,0
2026-0725-07-02-01-04,8,9,アステリアート,ロードファイター,0.031149934438687927,0.029213660557400538,0.001936273881287389,1.06627974188592,8,26.27694697999611,26.27694697999611,0
2026-0725-07-02-01-04,9,10,ロードファイター,ヴァンドゥーヴル,0.029213660557400538,0.028538693973173213,0.0006749665842273253,1.0236509275743944,9,16.682851039036706,16.682851039036706,0
2026-0725-07-02-01-04,10,11,ヴァンドゥーヴル,テイクザスローン,0.028538693973173213,0.027981389194996077,0.0005573047781771354,1.0199169803290824,10,15.45931248786172,15.45931248786172,0
2026-0725-07-02-01-04,11,12,テイクザスローン,テリコス,0.027981389194996077,0.02393746380398564,0.004043925391010436,1.168937086406669,11,39.48339483394834,39.48339483394834,0
2026-0725-07-02-01-04,12,13,テリコス,コーディアリティ,0.02393746380398564,0.013753801840364309,0.010183661963621332,1.740425235278189,12,61.83724995144688,61.83724995144688,0
2026-0725-07-02-01-04,13,14,コーディアリティ,グランピアン,0.013753801840364309,0.012887720340017983,0.0008660815003463263,1.0672020712349752,13,18.29481452709264,18.29481452709264,0
2026-0725-07-02-01-04,14,15,グランピアン,ヨシノサンキュー,0.012887720340017983,0.011751008462894716,0.0011367118771232667,1.0967331340720736,14,20.43115167993785,20.43115167993785,0
2026-0725-07-02-01-04,15,16,ヨシノサンキュー,マーゴットショット,0.011751008462894716,0.009027926282891124,0.002723082180003592,1.3016287566685298,15,32.297533501650804,32.297533501650804,0
2026-0725-07-02-01-05,1,2,セルヴァジオ,セコンドトゥベスト,0.27601347862734854,0.15457316532611418,0.12144031330123436,1.785649391632907,1,98.50456399300836,98.50456399300836,1
2026-0725-07-02-01-05,2,3,セコンドトゥベスト,ペガサスジルシ,0.15457316532611418,0.15274833035401253,0.0018248349721016466,1.0119466770463046,2,25.441833365702077,25.441833365702077,0
2026-0725-07-02-01-05,3,4,ペガサスジルシ,リアライズアリス,0.15274833035401253,0.12052602345259987,0.03222230690141266,1.2673472995986212,3,86.15265100019421,86.15265100019421,0
2026-0725-07-02-01-05,4,5,リアライズアリス,ファルカータ,0.12052602345259987,0.08981588075616144,0.03071014269643843,1.3419233039623863,4,85.4923286074966,85.4923286074966,0
2026-0725-07-02-01-05,5,6,ファルカータ,イルミナジーティー,0.08981588075616144,0.058413670233898256,0.031402210522263184,1.5375832471495696,5,85.80306855700137,85.80306855700137,0
2026-0725-07-02-01-05,6,7,イルミナジーティー,マルモリキャスター,0.058413670233898256,0.050629648734662074,0.007784021499236182,1.1537443315088038,6,55.60302971450767,55.60302971450767,0
2026-0725-07-02-01-05,7,8,マルモリキャスター,インヴァイト,0.050629648734662074,0.04477333859643862,0.005856310138223457,1.1307990496533864,7,48.14527092639347,48.14527092639347,0
2026-0725-07-02-01-05,8,9,インヴァイト,ワンダーヴァレル,0.04477333859643862,0.04477333859643862,0.0,1.0,8,9.671780928335599,9.671780928335599,0
2026-0725-07-02-01-05,9,10,ワンダーヴァレル,スレイクイーン,0.04477333859643862,0.04477333859643862,0.0,1.0,9,9.671780928335599,9.671780928335599,0
2026-0725-07-02-01-05,10,11,スレイクイーン,セイロンブリーズ,0.04477333859643862,0.04477333859643862,0.0,1.0,10,9.671780928335599,9.671780928335599,0
2026-0725-07-02-01-05,11,12,セイロンブリーズ,ダーコ,0.04477333859643862,0.04477333859643862,0.0,1.0,11,9.671780928335599,9.671780928335599,0
2026-0725-07-02-01-05,12,13,ダーコ,トレッチェ,0.04477333859643862,0.033135492754005236,0.01163784584243338,1.3512199419767694,12,65.52728685181589,65.52728685181589,0
2026-0725-07-02-01-05,13,14,トレッチェ,ノーブルクインダム,0.033135492754005236,0.0323579735127942,0.0007775192412110346,1.0240286753712684,13,17.63449213439503,17.63449213439503,0
2026-0725-07-02-01-05,14,15,ノーブルクインダム,ラヴエナストロ,0.0323579735127942,0.01706234980062273,0.015295623712171472,1.896454702365393,14,71.83919207613128,71.83919207613128,0
2026-0725-07-02-01-05,15,16,ラヴエナストロ,ヒーナシャム,0.01706234980062273,0.010365738243874448,0.006696611556748281,1.646033249074719,15,51.66051660516605,51.66051660516605,0
2026-0725-07-02-01-06,1,2,ゼロヴィジビリティ,エブリーポッシブル,0.224045823267131,0.18140718787354396,0.04263863539358703,1.2350438033541964,1,90.03690036900369,90.03690036900369,1
2026-0725-07-02-01-06,2,3,エブリーポッシブル,ヘリテージブルーム,0.18140718787354396,0.15900623547560697,0.02240095239793699,1.140880968164129,2,80.20974946591572,80.20974946591572,0
2026-0725-07-02-01-06,3,4,ヘリテージブルーム,ポートデラメール,0.15900623547560697,0.13362602234267557,0.0253802131329314,1.1899346600907228,3,82.44319285298116,82.44319285298116,0
2026-0725-07-02-01-06,4,5,ポートデラメール,ザックザク,0.13362602234267557,0.12458975450831997,0.009036267834355599,1.0725281775376816,4,59.35133035540881,59.35133035540881,0
2026-0725-07-02-01-06,5,6,ザックザク,チュウワチーフ,0.12458975450831997,0.11977010487867966,0.004819649629640307,1.0402408400203234,5,43.775490386482815,43.775490386482815,0
2026-0725-07-02-01-06,6,7,チュウワチーフ,モズケイスター,0.11977010487867966,0.11643319401550091,0.003336910863178749,1.0286594462291785,6,35.79335793357934,35.79335793357934,0
2026-0725-07-02-01-06,7,8,モズケイスター,アリエスキング,0.11643319401550091,0.09091185546457448,0.025521338550926434,1.2807261871458702,7,82.55972033404545,82.55972033404545,0
2026-0725-07-02-01-06,8,9,アリエスキング,ジェミート,0.09091185546457448,0.04889774461215154,0.04201411085242294,1.8592239005228484,8,89.88153039425131,89.88153039425131,0
2026-0725-07-02-01-06,9,10,ジェミート,モズタチアガレ,0.04889774461215154,0.048809446109180595,8.829850297094322e-05,1.001809045379729,9,10.681685764226064,10.681685764226064,0
2026-0725-07-02-01-06,10,11,モズタチアガレ,ヤマニンバロネス,0.048809446109180595,0.04403231726853556,0.004777128840645031,1.1084914248666775,10,43.503592930666144,43.503592930666144,0
2026-0725-07-02-01-06,11,12,ヤマニンバロネス,ホウオウゴールド,0.04403231726853556,0.04036309881971508,0.0036692184488204826,1.0909052713026155,11,37.56069139638765,37.56069139638765,0
2026-0725-07-02-01-06,12,13,ホウオウゴールド,アレ,0.04036309881971508,0.028429315291617633,0.011933783528097448,1.419770346407749,12,66.12934550398136,66.12934550398136,0
2026-0725-07-02-01-06,13,14,アレ,スーパージョック,0.028429315291617633,0.020335020691475036,0.008094294600142597,1.398047030438279,13,56.457564575645755,56.457564575645755,0
2026-0725-07-02-01-06,14,15,スーパージョック,ゴルデールスカー,0.020335020691475036,0.015823403922748745,0.0045116167687262905,1.2851230235132973,14,42.202369392114974,42.202369392114974,0
2026-0725-07-02-01-06,15,16,ゴルデールスカー,ステラスプレンダー,0.015823403922748745,0.013850801415059247,0.0019726025076894985,1.1424179329829096,15,26.54884443581278,26.54884443581278,0
2026-0725-07-02-01-07,1,2,ミュージシャン,ハーツコンチェルト,0.29881580463158813,0.1235411779656635,0.17527462666592464,2.4187546982483825,1,99.72810254418334,99.72810254418334,1
2026-0725-07-02-01-07,2,3,ハーツコンチェルト,ウインデイジー,0.1235411779656635,0.08871238298731303,0.034828794978350466,1.3926035329626014,2,87.10429209555254,87.10429209555254,0
2026-0725-07-02-01-07,3,4,ウインデイジー,サダムオプシス,0.08871238298731303,0.08825668855168839,0.00045569443562464007,1.0051632849940633,3,14.546513886191493,14.546513886191493,0
2026-0725-07-02-01-07,4,5,サダムオプシス,ミッキーゴールド,0.08825668855168839,0.06489552008114921,0.02336116847053918,1.3599812196793706,4,80.90891435230142,80.90891435230142,0
2026-0725-07-02-01-07,5,6,ミッキーゴールド,タイセイフェリーク,0.06489552008114921,0.044468468534369546,0.020427051546779665,1.4593603562261575,5,78.53952223732765,78.53952223732765,0
2026-0725-07-02-01-07,6,7,タイセイフェリーク,サトノクローク,0.044468468534369546,0.038075286020198724,0.006393182514170821,1.1679089819779496,6,50.339871819770835,50.339871819770835,0
2026-0725-07-02-01-07,7,8,サトノクローク,ナムラフッカー,0.038075286020198724,0.03260131050571046,0.0054739755144882635,1.1679066095680246,7,46.63041367255778,46.63041367255778,0
2026-0725-07-02-01-07,8,9,ナムラフッカー,メイショウソウタ,0.03260131050571046,0.029385343772402515,0.0032159667333079463,1.1094411812302243,8,35.03592930666149,35.03592930666149,0
2026-0725-07-02-01-07,9,10,メイショウソウタ,エイカイマッケンロ,0.029385343772402515,0.018856641343392863,0.010528702429009652,1.5583551300188876,9,62.69178481258497,62.69178481258497,0
2026-0725-07-02-01-07,10,11,エイカイマッケンロ,リンフレスカンテ,0.018856641343392863,0.014417834391505945,0.004438806951886918,1.3078691869634718,10,41.77510196154593,41.77510196154593,0
2026-0725-07-02-01-08,1,2,ブラックシャリマー,スノースケープ,0.3600190460041924,0.26536251786764475,0.09465652813654762,1.3567064742118538,1,97.18391920761313,97.18391920761313,1
2026-0725-07-02-01-08,2,3,スノースケープ,ロードフィレール,0.26536251786764475,0.24641422533264515,0.018948292534999606,1.0768960984676128,2,76.90813750242765,76.90813750242765,0
2026-0725-07-02-01-08,3,4,ロードフィレール,サンダーバード,0.24641422533264515,0.1592001957130734,0.08721402961957175,1.547826145746439,3,96.69838803651194,96.69838803651194,1
2026-0725-07-02-01-08,4,5,サンダーバード,サイモンシャリオ,0.1592001957130734,0.14636871997003448,0.012831475743038917,1.087665422951474,4,68.14915517576229,68.14915517576229,0
2026-0725-07-02-01-08,5,6,サイモンシャリオ,アトレッタ,0.14636871997003448,0.1378230119565054,0.00854570801352908,1.0620049430948872,5,58.166634297921924,58.166634297921924,0
2026-0725-07-02-01-08,6,7,アトレッタ,サラコスティ,0.1378230119565054,0.12611809727849088,0.011704914678014516,1.0928091600697718,6,65.60497183919207,65.60497183919207,0
2026-0725-07-02-01-08,7,8,サラコスティ,アンビアンス,0.12611809727849088,0.030999659353050775,0.09511843792544011,4.068370424402073,7,97.24218294814527,97.24218294814527,1
2026-0725-07-02-01-09,1,2,ワイズギャング,イーブンベター,0.16677977414898343,0.10735786743607134,0.05942190671291209,1.5534937320573754,1,93.53272480093221,93.53272480093221,1
2026-0725-07-02-01-09,2,3,イーブンベター,ルビドゥソレイユ,0.10735786743607134,0.09858852030954832,0.008769347126523025,1.0889489678817474,2,58.691007962711204,58.691007962711204,0
2026-0725-07-02-01-09,3,4,ルビドゥソレイユ,ステライヴ,0.09858852030954832,0.09019251917446573,0.008396001135082584,1.0930897729870657,3,57.52573315206836,57.52573315206836,0
2026-0725-07-02-01-09,4,5,ステライヴ,ダンシングドール,0.09019251917446573,0.08606803932620763,0.004124479848258103,1.0479211549437748,4,39.968926005049525,39.968926005049525,0
2026-0725-07-02-01-09,5,6,ダンシングドール,オブシディアーナ,0.08606803932620763,0.06287353241356773,0.023194506912639898,1.368907329082001,5,80.81180811808119,80.81180811808119,0
2026-0725-07-02-01-09,6,7,オブシディアーナ,ルクスコスモス,0.06287353241356773,0.04719065885765614,0.015682873555911594,1.3323300402144571,6,72.44125072829675,72.44125072829675,0
2026-0725-07-02-01-09,7,8,ルクスコスモス,ヴァカンツァ,0.04719065885765614,0.03479843099861706,0.012392227859039075,1.3561145575652982,7,67.2557778209361,67.2557778209361,0
2026-0725-07-02-01-09,8,9,ヴァカンツァ,ドレドレ,0.03479843099861706,0.029155029207898534,0.005643401790718528,1.1935652936746037,8,47.38784229947562,47.38784229947562,0
2026-0725-07-02-01-09,9,10,ドレドレ,ミスヘンリー,0.029155029207898534,0.02797569711932259,0.0011793320885759434,1.042155592532541,9,20.8195766168188,20.8195766168188,0
2026-0725-07-02-01-09,10,11,ミスヘンリー,リンゲルブルーメ,0.02797569711932259,0.021579114409030938,0.006396582710291653,1.2964247090517607,10,50.37871431345893,50.37871431345893,0
2026-0725-07-02-01-09,11,12,リンゲルブルーメ,ニーナバイリッカ,0.021579114409030938,0.020743048925981406,0.0008360654830495313,1.0403058145421586,11,18.100602058652164,18.100602058652164,0
2026-0725-07-02-01-09,12,13,ニーナバイリッカ,ナムラティアラ,0.020743048925981406,0.01944371010242867,0.001299338823552737,1.0668256632457425,12,21.810060205865216,21.810060205865216,0
2026-0725-07-02-01-09,13,14,ナムラティアラ,テーオーアンジェラ,0.01944371010242867,0.013034468595618173,0.006409241506810496,1.4917148297833258,13,50.41755680714702,50.41755680714702,0
2026-0725-07-02-01-09,14,15,テーオーアンジェラ,ラウルベア,0.013034468595618173,0.010473213574227952,0.0025612550213902213,1.244552925731683,14,31.151679937852013,31.151679937852013,0
2026-0725-07-02-01-09,15,16,ラウルベア,リカード,0.010473213574227952,0.008316780567772767,0.0021564330064551846,1.2592869907871909,15,27.986016702272288,27.986016702272288,0
2026-0725-07-02-01-10,1,2,アスクチャンスマン,ガウラディスコ,0.18188227352210617,0.16630903404951197,0.015573239472594202,1.093640369939001,1,72.28588075354438,72.28588075354438,0
2026-0725-07-02-01-10,2,3,ガウラディスコ,サイモンゼスト,0.16630903404951197,0.15023024390030326,0.01607879014920871,1.1070276512356527,2,72.96562439308603,72.96562439308603,0
2026-0725-07-02-01-10,3,4,サイモンゼスト,リヒトミューレ,0.15023024390030326,0.13374705937143708,0.016483184528866185,1.1232414724206363,3,73.70363177315984,73.70363177315984,0
2026-0725-07-02-01-10,4,5,リヒトミューレ,ステイクオール,0.13374705937143708,0.11189378520555715,0.021853274165879927,1.1953037349280289,4,79.70479704797047,79.70479704797047,0
2026-0725-07-02-01-10,5,6,ステイクオール,ミランド,0.11189378520555715,0.10819700172343974,0.0036967834821174106,1.0341671527235725,5,37.735482617984076,37.735482617984076,0
2026-0725-07-02-01-10,6,7,ミランド,インシオン,0.10819700172343974,0.06113050146503782,0.04706650025840192,1.76993479736659,6,91.29928141386678,91.29928141386678,1
2026-0725-07-02-01-10,7,8,インシオン,ブルーストレイル,0.06113050146503782,0.02183872618626529,0.03929177527877253,2.7991788964085154,7,88.91046805204894,88.91046805204894,0
2026-0725-07-02-01-10,8,9,ブルーストレイル,タイセイフリーデン,0.02183872618626529,0.020348850422861175,0.0014898757634041158,1.0732167042581577,8,22.858807535443777,22.858807535443777,0
2026-0725-07-02-01-10,9,10,タイセイフリーデン,リアルペガサス,0.020348850422861175,0.01478414278668318,0.005564707636177994,1.3763970435398125,9,46.96057486890658,46.96057486890658,0
2026-0725-07-02-01-10,10,11,リアルペガサス,タマモヒロイン,0.01478414278668318,0.013190720660003697,0.0015934221266794835,1.1207987165940816,10,23.538551174985432,23.538551174985432,0
2026-0725-07-02-01-10,11,12,タマモヒロイン,ルルフィーユ,0.013190720660003697,0.00835374360079623,0.004836977059207466,1.5790190949536007,11,43.81433288017091,43.81433288017091,0
2026-0725-07-02-01-11,1,2,ケールハイム,ルージュスプリヤ,0.2786935750599528,0.18984981621267744,0.08884375884727536,1.467968632362272,1,96.83433676442029,96.83433676442029,1
2026-0725-07-02-01-11,2,3,ルージュスプリヤ,ニシノトリビュート,0.18984981621267744,0.08844088886302653,0.1014089273496509,2.1466294454221138,2,97.68887162555836,97.68887162555836,1
2026-0725-07-02-01-11,3,4,ニシノトリビュート,ビーグラッド,0.08844088886302653,0.07454784076678997,0.013893048096236565,1.1863641918174206,3,69.8776461448825,69.8776461448825,0
2026-0725-07-02-01-11,4,5,ビーグラッド,サヨノパララックス,0.07454784076678997,0.07231576457365756,0.0022320761931324123,1.0308656930655684,4,28.607496601281802,28.607496601281802,0
2026-0725-07-02-01-11,5,6,サヨノパララックス,フェブリノ,0.07231576457365756,0.04545778512623501,0.026857979447422548,1.5908334375033601,5,83.29772771411925,83.29772771411925,0
2026-0725-07-02-01-11,6,7,フェブリノ,アウクソー,0.04545778512623501,0.032224283566376,0.013233501559859008,1.4106686043958268,6,68.73179258108371,68.73179258108371,0
2026-0725-07-02-01-11,7,8,アウクソー,ベランジェール,0.032224283566376,0.024104356935274508,0.008119926631101494,1.3368655157615397,7,56.57409205671004,56.57409205671004,0
2026-0725-07-02-01-12,1,2,ビッグヒーロー,ララディアーブル,0.2530994780993149,0.20929927449206012,0.043800203607254756,1.209270690085055,1,90.38648281219655,90.38648281219655,1
2026-0725-07-02-01-12,2,3,ララディアーブル,ミッキーラヴィータ,0.20929927449206012,0.207779561266295,0.0015197132257651347,1.0073140650432766,2,23.091862497572343,23.091862497572343,0
2026-0725-07-02-01-12,3,4,ミッキーラヴィータ,ムーンライトダイヤ,0.207779561266295,0.16285502677257221,0.04492453449372277,1.2758559891212944,3,90.6972227617013,90.6972227617013,1
2026-0725-07-02-01-12,4,5,ムーンライトダイヤ,ラミエルノムスコ,0.16285502677257221,0.14644326298096336,0.016411763791608858,1.1120690939107405,4,73.54826179840745,73.54826179840745,0
2026-0725-07-02-01-12,5,6,ラミエルノムスコ,レインボーステート,0.14644326298096336,0.13265389378153747,0.013789369199425888,1.1039499769387475,5,69.70285492328607,69.70285492328607,0
2026-0725-07-02-01-12,6,7,レインボーステート,オレンジフィールド,0.13265389378153747,0.11375518052971559,0.01889871325182188,1.1661349677774462,6,76.79161002136338,76.79161002136338,0
2026-0725-07-02-01-12,7,8,オレンジフィールド,オースミサイファー,0.11375518052971559,0.05810384234520485,0.05565133818451074,1.9577910158484295,7,92.89182365507865,92.89182365507865,1
2026-0725-07-02-01-12,8,9,オースミサイファー,アスクブームキセキ,0.05810384234520485,0.037246837433720884,0.020857004911483963,1.559967136769614,8,78.90852592736454,78.90852592736454,0
2026-0725-07-02-01-12,9,10,アスクブームキセキ,レッドピアレス,0.037246837433720884,0.02952231302355118,0.007724524410169704,1.2616503796300624,9,55.31171101184697,55.31171101184697,0
2026-0725-07-02-01-12,10,11,レッドピアレス,サーブルディアマン,0.02952231302355118,0.025691543163293407,0.0038307698602577725,1.149106257880646,10,38.41522625752573,38.41522625752573,0
2026-0725-07-02-01-12,11,12,サーブルディアマン,マーチャンシップ,0.025691543163293407,0.020170494989943704,0.005521048173349703,1.273719022567483,11,46.80520489415421,46.80520489415421,0
2026-0725-07-02-01-12,12,13,マーチャンシップ,オーケーキュート,0.020170494989943704,0.012904567924061689,0.007265927065882015,1.5630507823771504,12,53.932802485919595,53.932802485919595,0
2026-0725-07-02-01-12,13,14,オーケーキュート,シャンジュマン,0.012904567924061689,0.008955746243775356,0.003948821680286332,1.440926034838352,13,39.153233637599534,39.153233637599534,0
2026-0725-07-02-01-12,14,15,シャンジュマン,カフラー,0.008955746243775356,0.008591003636053777,0.00036474260772157915,1.0424563442379267,14,13.711400271897457,13.711400271897457,0
2026-0725-07-02-01-12,15,16,カフラー,リザレクティア,0.008591003636053777,0.008417104228620045,0.00017389940743373251,1.0206602416591724,15,11.788696834336765,11.788696834336765,0
2026-0726-01-01-02-01,1,2,クラウスーラ,リアルクウカイ,0.2848420474080505,0.23659919651380634,0.04824285089424418,1.2039011611412174,1,91.57117886968344,91.57117886968344,1
2026-0726-01-01-02-01,2,3,リアルクウカイ,ワイドウィンザー,0.23659919651380634,0.21246065345537754,0.024138543058428802,1.1136141806299138,2,81.4721305107788,81.4721305107788,0
2026-0726-01-01-02-01,3,4,ワイドウィンザー,タイガーストリート,0.21246065345537754,0.07679138672632986,0.13566926672904767,2.766725052284152,3,99.04835890464167,99.04835890464167,1
2026-0726-01-01-02-01,4,5,タイガーストリート,サンクレセント,0.07679138672632986,0.05803986651876432,0.018751520207565542,1.3230800022860694,4,76.69450378714313,76.69450378714313,0
2026-0726-01-01-02-01,5,6,サンクレセント,ラストモーメント,0.05803986651876432,0.03989780465402424,0.01814206186474008,1.4547132861584704,5,75.93707516022529,75.93707516022529,0
2026-0726-01-01-02-01,6,7,ラストモーメント,パンジャケリー,0.03989780465402424,0.03684805959852128,0.003049745055502963,1.0827654180092932,6,34.04544571761507,34.04544571761507,0
2026-0726-01-01-02-01,7,8,パンジャケリー,サウンドエフォート,0.03684805959852128,0.03184313494971804,0.005004924648803234,1.1571743691915468,7,44.5911827539328,44.5911827539328,0
2026-0726-01-01-02-01,8,9,サウンドエフォート,シンゼンノト,0.03184313494971804,0.029839709701128845,0.0020034252485891975,1.0671395690057068,8,26.84016313847349,26.84016313847349,0
2026-0726-01-01-02-01,9,10,シンゼンノト,グランモンターナ,0.029839709701128845,0.026128065487801753,0.003711644213327092,1.1420558370484766,9,37.793746358516216,37.793746358516216,0
2026-0726-01-01-02-01,10,11,グランモンターナ,イリスロッソ,0.026128065487801753,0.022699821208683912,0.0034282442791178404,1.151025166568552,10,36.29831035152456,36.29831035152456,0
2026-0726-01-01-02-01,11,12,イリスロッソ,レジェンドヴァーサ,0.022699821208683912,0.014312353361741918,0.008387467846941995,1.586029958522571,11,57.48689065838026,57.48689065838026,0
2026-0726-01-01-02-02,1,2,プルーフリーディン,ルパピヨンブラン,0.23726201921441,0.16886713625150254,0.06839488296290747,1.4050218679675093,1,94.60089337735482,94.60089337735482,1
2026-0726-01-01-02-02,2,3,ルパピヨンブラン,ビレッジルイーザ,0.16886713625150254,0.15001248896412558,0.018854647287376958,1.1256871838976414,2,76.73334628083123,76.73334628083123,0
2026-0726-01-01-02-02,3,4,ビレッジルイーザ,ルージュボニート,0.15001248896412558,0.06965301467648671,0.08035947428763887,2.1537113599587876,3,96.17401437172266,96.17401437172266,1
2026-0726-01-01-02-02,4,5,ルージュボニート,ワイルドカグラ,0.06965301467648671,0.050717256092410797,0.018935758584075917,1.3733592872132807,4,76.88871625558362,76.88871625558362,0
2026-0726-01-01-02-02,5,6,ワイルドカグラ,スリーケイ,0.050717256092410797,0.05017061900346774,0.0005466370889430569,1.010895561980315,5,15.284521266265294,15.284521266265294,0
2026-0726-01-01-02-02,6,7,スリーケイ,ハスカップジャム,0.05017061900346774,0.031822503338820134,0.018348115664647606,1.5765767535410962,6,76.1895513691979,76.1895513691979,0
2026-0726-01-01-02-02,7,8,ハスカップジャム,サマースプラッシュ,0.031822503338820134,0.02572558723404894,0.0060969161047711926,1.2369981314440768,7,49.0969120217518,49.0969120217518,0
2026-0726-01-01-02-02,8,9,サマースプラッシュ,ラストシャイニー,0.02572558723404894,0.023365485615020862,0.0023601016190280787,1.1010080277343284,8,29.597980190328222,29.597980190328222,0
2026-0726-01-01-02-02,9,10,ラストシャイニー,チカマヨルキーナ,0.023365485615020862,0.008841552240030016,0.014523933374990847,2.6426904440188594,9,70.63507477180036,70.63507477180036,0
2026-0726-01-01-02-03,1,2,ハルヒメ,アンジュラフィーユ,0.19641449918537462,0.09936107028236643,0.0970534289030082,1.976775196032004,1,97.3392891823655,97.3392891823655,1
2026-0726-01-01-02-03,2,3,アンジュラフィーユ,ロジスカヤ,0.09936107028236643,0.09734573618927617,0.0020153340930902652,1.0207028491640529,2,26.995533113225868,26.995533113225868,0
2026-0726-01-01-02-03,3,4,ロジスカヤ,ロンドンプライド,0.09734573618927617,0.08951271859437787,0.007833017594898295,1.087507314244283,3,55.738978442416,55.738978442416,0
2026-0726-01-01-02-03,4,5,ロンドンプライド,モズヴイ,0.08951271859437787,0.0842962593539384,0.005216459240439467,1.0618824522039216,4,45.62050883666731,45.62050883666731,0
2026-0726-01-01-02-03,5,6,モズヴイ,ランスオブラヴ,0.0842962593539384,0.0787330682067307,0.0055631911472076995,1.070658889256041,5,46.94115362206254,46.94115362206254,0
2026-0726-01-01-02-03,6,7,ランスオブラヴ,メイショウテンジン,0.0787330682067307,0.045834564318740265,0.03289850388799044,1.7177662617061096,6,86.36628471547874,86.36628471547874,0
2026-0726-01-01-02-03,7,8,メイショウテンジン,サトノシュトローム,0.045834564318740265,0.04429187889062969,0.0015426854281105767,1.034829983887564,7,23.208389978636628,23.208389978636628,0
2026-0726-01-01-02-03,8,9,サトノシュトローム,ユナダイヤ,0.04429187889062969,0.042631811118916944,0.0016600677717127435,1.0389396492464784,8,24.08234608661876,24.08234608661876,0
2026-0726-01-01-02-03,9,10,ユナダイヤ,フリーダムスタイル,0.042631811118916944,0.0345503442199541,0.008081466898962844,1.2339040921709687,9,56.4381433288017,56.4381433288017,0
2026-0726-01-01-02-03,10,11,フリーダムスタイル,メーテルリンク,0.0345503442199541,0.03224242968952786,0.002307914530426239,1.0715800438319893,10,29.15129151291513,29.15129151291513,0
2026-0726-01-01-02-03,11,12,メーテルリンク,ガルフコースト,0.03224242968952786,0.02436446366796393,0.007877966021563931,1.3233383721851601,11,55.81666342979219,55.81666342979219,0
2026-0726-01-01-02-03,12,13,ガルフコースト,クロノレガリス,0.02436446366796393,0.022016740166707773,0.0023477235012561576,1.1066335653452561,12,29.462031462419887,29.462031462419887,0
2026-0726-01-01-02-03,13,14,クロノレガリス,ムーンリットレイン,0.022016740166707773,0.0203455585014523,0.001671181665255473,1.0821398766289057,13,24.16003107399495,24.16003107399495,0
2026-0726-01-01-02-03,14,15,ムーンリットレイン,モノノケ,0.0203455585014523,0.012040763517417737,0.008304794984034563,1.689723286402988,14,57.19557195571956,57.19557195571956,0
2026-0726-01-01-02-03,15,16,モノノケ,ティンクルバレット,0.012040763517417737,0.011239146407724977,0.0008016171096927593,1.0713236646816688,15,17.809283355991454,17.809283355991454,0
2026-0726-01-01-02-04,1,2,アンミックス,シンエンドーツダ,0.14121060442701824,0.11111152833464369,0.030099076092374555,1.2708906676337193,1,85.1233249174597,85.1233249174597,0
2026-0726-01-01-02-04,2,3,シンエンドーツダ,メイショウタイザン,0.11111152833464369,0.1056863735767966,0.005425154757847092,1.0513325850271977,2,46.45562245096136,46.45562245096136,0
2026-0726-01-01-02-04,3,4,メイショウタイザン,ショウナンタヅナ,0.1056863735767966,0.09621693536385474,0.009469438212941855,1.098417582904009,3,60.41949893183143,60.41949893183143,0
2026-0726-01-01-02-04,4,5,ショウナンタヅナ,セラサイト,0.09621693536385474,0.08979298848088013,0.00642394688297461,1.0715417427535834,4,50.47582054767916,50.47582054767916,0
2026-0726-01-01-02-04,5,6,セラサイト,タイセイルビー,0.08979298848088013,0.06131593616853786,0.028477052312342273,1.4644315016909795,5,84.17168382210139,84.17168382210139,0
2026-0726-01-01-02-04,6,7,タイセイルビー,クルビデンス,0.06131593616853786,0.03923596088981274,0.02207997527872512,1.5627484271567307,6,79.86016702272286,79.86016702272286,0
2026-0726-01-01-02-04,7,8,クルビデンス,ロスニーニョス,0.03923596088981274,0.02030931466707775,0.01892664622273499,1.931919492754518,7,76.86929500873956,76.86929500873956,0
2026-0726-01-01-02-04,8,9,ロスニーニョス,ホウオウショパン,0.02030931466707775,0.013289186444909607,0.007020128222168142,1.5282586899709867,8,52.90347640318508,52.90347640318508,0
2026-0726-01-01-02-04,9,10,ホウオウショパン,ケンブリッジ,0.013289186444909607,0.011241632754337828,0.002047553690571779,1.182140240240608,9,27.20916682851039,27.20916682851039,0
2026-0726-01-01-02-04,10,11,ケンブリッジ,タイガーゲイト,0.011241632754337828,0.00636068863172904,0.004880944122608788,1.7673609580983356,10,44.125072829675666,44.125072829675666,0
2026-0726-01-01-02-05,1,2,ジャストワナフライ,サトノフルーク,0.09856933364776119,0.09856933364776119,0.0,1.0,1,9.671780928335599,9.671780928335599,0
2026-0726-01-01-02-05,2,3,サトノフルーク,コスモトップ,0.09856933364776119,0.09856933364776119,0.0,1.0,2,9.671780928335599,9.671780928335599,0
2026-0726-01-01-02-05,3,4,コスモトップ,リアライズセレスト,0.09856933364776119,0.09856933364776119,0.0,1.0,3,9.671780928335599,9.671780928335599,0
2026-0726-01-01-02-05,4,5,リアライズセレスト,ローザベッラ,0.09856933364776119,0.09856933364776119,0.0,1.0,4,9.671780928335599,9.671780928335599,0
2026-0726-01-01-02-05,5,6,ローザベッラ,レゾンフォルテ,0.09856933364776119,0.09856933364776119,0.0,1.0,5,9.671780928335599,9.671780928335599,0
2026-0726-01-01-02-05,6,7,レゾンフォルテ,マイネルラビリンス,0.09856933364776119,0.09856933364776119,0.0,1.0,6,9.671780928335599,9.671780928335599,0
2026-0726-01-01-02-05,7,8,マイネルラビリンス,ミラマルニ,0.09856933364776119,0.09856933364776119,0.0,1.0,7,9.671780928335599,9.671780928335599,0
2026-0726-01-01-02-05,8,9,ミラマルニ,ノヴァヴェローチェ,0.09856933364776119,0.09856933364776119,0.0,1.0,8,9.671780928335599,9.671780928335599,0
2026-0726-01-01-02-05,9,10,ノヴァヴェローチェ,サンライズジャポネ,0.09856933364776119,0.09856933364776119,0.0,1.0,9,9.671780928335599,9.671780928335599,0
2026-0726-01-01-02-06,1,2,ヘイジュード,ロッサコメータ,0.14958603819714722,0.11531626739660598,0.034269770800541235,1.2971807150389076,1,86.83239463973587,86.83239463973587,0
2026-0726-01-01-02-06,2,3,ロッサコメータ,ミッキーテネシー,0.11531626739660598,0.11259457677269369,0.0027216906239122957,1.024172484163308,2,32.27811225480676,32.27811225480676,0
2026-0726-01-01-02-06,3,4,ミッキーテネシー,ジングアップ,0.11259457677269369,0.08753017206261923,0.025064404710074456,1.2863515987623484,3,82.19071664400855,82.19071664400855,0
2026-0726-01-01-02-06,4,5,ジングアップ,ゴコウコイコイ,0.08753017206261923,0.07787363357533954,0.009656538487279695,1.1240026700171553,4,60.86618760924451,60.86618760924451,0
2026-0726-01-01-02-06,5,6,ゴコウコイコイ,デルマタカチホ,0.07787363357533954,0.05661521874251866,0.021258414832820878,1.3754894055872573,5,79.2581083705574,79.2581083705574,0
2026-0726-01-01-02-06,6,7,デルマタカチホ,サトノリアファル,0.05661521874251866,0.050011824107761386,0.006603394634757273,1.132036668379238,6,51.19440668090891,51.19440668090891,0
2026-0726-01-01-02-06,7,8,サトノリアファル,スチョウプリンセス,0.050011824107761386,0.033301022270861486,0.0167108018368999,1.5018104759961652,7,74.13089920372889,74.13089920372889,0
2026-0726-01-01-02-06,8,9,スチョウプリンセス,ダディーズソード,0.033301022270861486,0.02159003724622144,0.011710985024640047,1.5424254201640915,8,65.62439308603612,65.62439308603612,0
2026-0726-01-01-02-06,9,10,ダディーズソード,ブリリアンブルーム,0.02159003724622144,0.017025994893291943,0.0045640423529294954,1.2680631811259193,9,42.53253058846378,42.53253058846378,0
2026-0726-01-01-02-06,10,11,ブリリアンブルーム,スノーエルヴァ,0.017025994893291943,0.01521850858581287,0.0018074863074790722,1.118768951457179,10,25.2864633909497,25.2864633909497,0
2026-0726-01-01-02-06,11,12,スノーエルヴァ,カイユレ,0.01521850858581287,0.007668014477878413,0.007550494107934458,1.984673950436193,11,54.806758593901726,54.806758593901726,0
2026-0726-01-01-02-07,1,2,ビタミンドロップ,ナムラモモ,0.18609547780516378,0.1132209612017617,0.07287451660340208,1.6436486303409705,1,95.30005826374052,95.30005826374052,1
2026-0726-01-01-02-07,2,3,ナムラモモ,レネネト,0.1132209612017617,0.11068195280345701,0.00253900839830469,1.0229396783666558,2,30.899203728879392,30.899203728879392,0
2026-0726-01-01-02-07,3,4,レネネト,ロードヴァルカン,0.11068195280345701,0.10614666390728614,0.004535288896170872,1.0427266268126167,3,42.3383181200233,42.3383181200233,0
2026-0726-01-01-02-07,4,5,ロードヴァルカン,キープライジング,0.10614666390728614,0.03917231948422354,0.0669743444230626,2.70973650028654,4,94.4649446494465,94.4649446494465,1
2026-0726-01-01-02-07,5,6,キープライジング,ランドスター,0.03917231948422354,0.03583465100846776,0.003337668475755777,1.0931408115281236,5,35.812779180423384,35.812779180423384,0
2026-0726-01-01-02-07,6,7,ランドスター,ラムールデュヴォン,0.03583465100846776,0.029501061909525998,0.006333589098941765,1.2146902073683195,6,50.06797436395417,50.06797436395417,0
2026-0726-01-01-02-08,1,2,デイトナチャンプ,ナハトナナレオン,0.14628817967996435,0.12943271546750967,0.01685546421245468,1.130225686385184,1,74.32511167216936,74.32511167216936,0
2026-0726-01-01-02-08,2,3,ナハトナナレオン,コスモレッド,0.12943271546750967,0.08508273666050971,0.044349978806999965,1.5212570792587652,2,90.56127403379297,90.56127403379297,1
2026-0726-01-01-02-08,3,4,コスモレッド,メイショウハッケイ,0.08508273666050971,0.062029364483312185,0.023053372177197523,1.37165256115754,3,80.73412313070499,80.73412313070499,0
2026-0726-01-01-02-08,4,5,メイショウハッケイ,クイーンズワーフ,0.062029364483312185,0.04679740393099246,0.015231960552319727,1.3254872978591037,4,71.68382210137891,71.68382210137891,0
2026-0726-01-01-02-08,5,6,クイーンズワーフ,サンウリエル,0.04679740393099246,0.04555970558218056,0.0012376983488118984,1.0271665133256698,5,21.285686541075936,21.285686541075936,0
2026-0726-01-01-02-08,6,7,サンウリエル,トレヴィ,0.04555970558218056,0.045311917968735786,0.00024778761344477346,1.0054684865384806,6,12.56554670809866,12.56554670809866,0
2026-0726-01-01-02-08,7,8,トレヴィ,ダノンフィオーレ,0.045311917968735786,0.03801093846765734,0.007300979501078449,1.1920757496500827,7,54.12701495436008,54.12701495436008,0
2026-0726-01-01-02-08,8,9,ダノンフィオーレ,トップオンザヒル,0.03801093846765734,0.024571293084363895,0.013439645383293442,1.5469653280822184,8,69.1396387648087,69.1396387648087,0
2026-0726-01-01-02-08,9,10,トップオンザヒル,マジカルシャイン,0.024571293084363895,0.022436001847333385,0.0021352912370305108,1.0951725379396997,9,27.811225480675862,27.811225480675862,0
2026-0726-01-01-02-08,10,11,マジカルシャイン,ルクスアドラー,0.022436001847333385,0.019538112149000003,0.0028978896983333814,1.148319841560624,10,33.171489609632935,33.171489609632935,0
2026-0726-01-01-02-08,11,12,ルクスアドラー,フクシマコウヨウ,0.019538112149000003,0.010023030444614764,0.00951508170438524,1.9493218400326782,11,60.5748689065838,60.5748689065838,0
2026-0726-01-01-02-09,1,2,カルミアクラウン,ルージュビバーチェ,0.1532326917005263,0.1430142794768261,0.010218412223700207,1.0714502933628804,1,61.95377743251117,61.95377743251117,0
2026-0726-01-01-02-09,2,3,ルージュビバーチェ,マーゴットサンズ,0.1430142794768261,0.12674350538568235,0.016270774091143747,1.1283756042696746,2,73.37347057681103,73.37347057681103,0
2026-0726-01-01-02-09,3,4,マーゴットサンズ,ラウニウ,0.12674350538568235,0.09068894312171331,0.03605456226396904,1.3975629335053594,3,87.706350747718,87.706350747718,0
2026-0726-01-01-02-09,4,5,ラウニウ,サウンドルーチェ,0.09068894312171331,0.08702937764279325,0.00365956547892006,1.0420497719050748,4,37.48300640901146,37.48300640901146,0
2026-0726-01-01-02-09,5,6,サウンドルーチェ,ヴェールミューズ,0.08702937764279325,0.05934995006935816,0.027679427573435098,1.4663765941013949,5,83.74441639153234,83.74441639153234,0
2026-0726-01-01-02-09,6,7,ヴェールミューズ,ナムラハリス,0.05934995006935816,0.059219072643310465,0.00013087742604769165,1.0022100553116728,6,11.167216935327248,11.167216935327248,0
2026-0726-01-01-02-09,7,8,ナムラハリス,マインセーラ,0.059219072643310465,0.01631474248963837,0.04290433015367209,3.629788988757928,7,90.13400660322392,90.13400660322392,1
2026-0726-01-01-02-10,1,2,ヒズマスターピース,ショウナンカリス,0.24425232593481233,0.20463242772561688,0.03961989820919545,1.1936149546264492,1,89.04641677995727,89.04641677995727,0
2026-0726-01-01-02-10,2,3,ショウナンカリス,マーゴットブロー,0.20463242772561688,0.1816449176993169,0.02298751002629998,1.1265519031165627,2,80.67585939017285,80.67585939017285,0
2026-0726-01-01-02-10,3,4,マーゴットブロー,アルデトップガン,0.1816449176993169,0.14782791921075825,0.03381699848855865,1.2287592132061722,3,86.69644591182754,86.69644591182754,0
2026-0726-01-01-02-10,4,5,アルデトップガン,ジャズ,0.14782791921075825,0.09943584225268216,0.04839207695807608,1.4866663354155958,4,91.59060011652748,91.59060011652748,1
2026-0726-01-01-02-10,5,6,ジャズ,シャイニースイフト,0.09943584225268216,0.05451739450211017,0.044918447750571994,1.8239287324861675,5,90.67780151485726,90.67780151485726,1
2026-0726-01-01-02-10,6,7,シャイニースイフト,レイユール,0.05451739450211017,0.04279266386727168,0.01172473063483849,1.273989267674586,6,65.66323557972422,65.66323557972422,0
2026-0726-01-01-02-10,7,8,レイユール,ワタシマツワ,0.04279266386727168,0.042021208319259956,0.0007714555480117236,1.0183587188200425,7,17.556807147018837,17.556807147018837,0
2026-0726-01-01-02-10,8,9,ワタシマツワ,ヴェナートル,0.042021208319259956,0.023397135991379846,0.01862407232788011,1.7959979518322984,8,76.50029131870266,76.50029131870266,0
2026-0726-01-01-02-11,1,2,レクスノヴァス,ミラージュナイト,0.3279033034222321,0.27379060263208393,0.05411270079014818,1.1976426519754007,1,92.69761118663818,92.69761118663818,1
2026-0726-01-01-02-11,2,3,ミラージュナイト,コーチェラバレー,0.27379060263208393,0.17168015482073784,0.1021104478113461,1.5947714103471429,2,97.7471353660905,97.7471353660905,1
2026-0726-01-01-02-11,3,4,コーチェラバレー,アマキヒ,0.17168015482073784,0.13819813883164367,0.03348201598909417,1.242275447934091,3,86.57991843076326,86.57991843076326,0
2026-0726-01-01-02-11,4,5,アマキヒ,ホールネス,0.13819813883164367,0.12661487934292381,0.011583259488719855,1.0914841885000557,4,65.35249563021947,65.35249563021947,0
2026-0726-01-01-02-11,5,6,ホールネス,レッドテリオス,0.12661487934292381,0.09496500993421836,0.031649869408705456,1.3332792723407192,5,85.9390172849097,85.9390172849097,0
2026-0726-01-01-02-11,6,7,レッドテリオス,ギャンブルルーム,0.09496500993421836,0.07841422034352696,0.016550789590691395,1.2110687260318804,6,73.80073800738008,73.80073800738008,0
2026-0726-01-01-02-11,7,8,ギャンブルルーム,バルナバ,0.07841422034352696,0.06938604661000858,0.009028173733518385,1.1301151193158787,7,59.29306661487668,59.29306661487668,0
2026-0726-01-01-02-11,8,9,バルナバ,スピードリッチ,0.06938604661000858,0.054674843712546266,0.014711202897462312,1.2690671229863346,8,70.79044474655272,70.79044474655272,0
2026-0726-01-01-02-11,9,10,スピードリッチ,ラスカンブレス,0.054674843712546266,0.05054812703949493,0.0041267166730513324,1.0816393586616373,9,39.98834725189357,39.98834725189357,0
2026-0726-01-01-02-11,10,11,ラスカンブレス,エコロレイズ,0.05054812703949493,0.035793612802295136,0.014754514237199798,1.412210813105005,10,70.88755098077296,70.88755098077296,0
2026-0726-01-01-02-11,11,12,エコロレイズ,パトリックハンサム,0.035793612802295136,0.03133384600162717,0.004459766800667966,1.1423306542208822,11,41.94989318314236,41.94989318314236,0
2026-0726-01-01-02-12,1,2,クリスレジーナ,デルシエロ,0.11818115312458831,0.11287913259780036,0.005302020526787951,1.0469707766596645,1,45.950670033016124,45.950670033016124,0
2026-0726-01-01-02-12,2,3,デルシエロ,カイシンパジェント,0.11287913259780036,0.07991329562586075,0.03296583697193961,1.4125200533122744,2,86.40512720916684,86.40512720916684,0
2026-0726-01-01-02-12,3,4,カイシンパジェント,ピティロディア,0.07991329562586075,0.07422846259852438,0.0056848330273363695,1.0765856226618034,3,47.601476014760145,47.601476014760145,0
2026-0726-01-01-02-12,4,5,ピティロディア,フリーガー,0.07422846259852438,0.06906119098177778,0.005167271616746599,1.0748216406825364,4,45.42629636822684,45.42629636822684,0
2026-0726-01-01-02-12,5,6,フリーガー,ドルチェリターン,0.06906119098177778,0.044569421338456414,0.024491769643321365,1.5495195788460645,5,81.68576422606331,81.68576422606331,0
2026-0726-01-01-02-12,6,7,ドルチェリターン,デルマジュテーム,0.044569421338456414,0.024401566380785847,0.020167854957670567,1.8264983748564203,6,78.22878228782287,78.22878228782287,0
2026-0726-01-01-02-12,7,8,デルマジュテーム,キセキノエンジェル,0.024401566380785847,0.01881917967655443,0.005582386704231418,1.2966328394848232,7,47.018838609438724,47.018838609438724,0
2026-0726-01-01-02-12,8,9,キセキノエンジェル,カージオイド,0.01881917967655443,0.015814102130235836,0.003005077546318593,1.1900251763628757,8,33.77354826179841,33.77354826179841,0
2026-0726-04-02-02-01,1,2,リリカルフレア,ブラックミューズ,0.332420074342275,0.2594925800110198,0.07292749433125517,1.281038842529363,1,95.31947951058459,95.31947951058459,1
2026-0726-04-02-02-01,2,3,ブラックミューズ,ドルチェテソーロ,0.2594925800110198,0.1902559753800467,0.06923660463097311,1.3639129046678782,2,94.69799961157507,94.69799961157507,1
2026-0726-04-02-02-01,3,4,ドルチェテソーロ,ワレモコウ,0.1902559753800467,0.18665894884969444,0.0035970265303522653,1.0192705817348664,3,37.172266459506695,37.172266459506695,0
2026-0726-04-02-02-01,4,5,ワレモコウ,タガノカハンカ,0.18665894884969444,0.11408665276602489,0.07257229608366955,1.6361155693865852,4,95.20295202952029,95.20295202952029,1
2026-0726-04-02-02-01,5,6,タガノカハンカ,アテナブレイブ,0.11408665276602489,0.11178150070972524,0.0023051520562996503,1.0206219458645995,5,29.112449019227032,29.112449019227032,0
2026-0726-04-02-02-01,6,7,アテナブレイブ,ヴェールネージュ,0.11178150070972524,0.07093106183512841,0.04085043887459683,1.5759174868909935,6,89.53194795105846,89.53194795105846,0
2026-0726-04-02-02-01,7,8,ヴェールネージュ,ハルガスミ,0.07093106183512841,0.056699705375954874,0.01423135645917354,1.2509952452982014,7,70.20780734123132,70.20780734123132,0
2026-0726-04-02-02-01,8,9,ハルガスミ,パストザクラウン,0.056699705375954874,0.04141807164433753,0.015281633731617346,1.3689605315969986,8,71.722664595067,71.722664595067,0
2026-0726-04-02-02-01,9,10,パストザクラウン,マルガリート,0.04141807164433753,0.026572916841690396,0.014845154802647132,1.5586573311122731,9,70.96523596814916,70.96523596814916,0
2026-0726-04-02-02-01,10,11,マルガリート,マーズワース,0.026572916841690396,0.01869002996973396,0.007882886871956436,1.4217696218102236,10,55.83608467663625,55.83608467663625,0
2026-0726-04-02-02-02,1,2,ミクニルミナス,アウアリイ,0.10971093484474069,0.10971093484474069,0.0,1.0,1,9.671780928335599,9.671780928335599,0
2026-0726-04-02-02-02,2,3,アウアリイ,ダノンダックス,0.10971093484474069,0.10971093484474069,0.0,1.0,2,9.671780928335599,9.671780928335599,0
2026-0726-04-02-02-02,3,4,ダノンダックス,マイネルヴェスペル,0.10971093484474069,0.10971093484474069,0.0,1.0,3,9.671780928335599,9.671780928335599,0
2026-0726-04-02-02-02,4,5,マイネルヴェスペル,コスモティタノ,0.10971093484474069,0.10971093484474069,0.0,1.0,4,9.671780928335599,9.671780928335599,0
2026-0726-04-02-02-02,5,6,コスモティタノ,トウシンマジック,0.10971093484474069,0.10971093484474069,0.0,1.0,5,9.671780928335599,9.671780928335599,0
2026-0726-04-02-02-02,6,7,トウシンマジック,アルスラーン,0.10971093484474069,0.10971093484474069,0.0,1.0,6,9.671780928335599,9.671780928335599,0
2026-0726-04-02-02-02,7,8,アルスラーン,ソニックウェーブ,0.10971093484474069,0.10971093484474069,0.0,1.0,7,9.671780928335599,9.671780928335599,0
2026-0726-04-02-02-02,8,9,ソニックウェーブ,ドミナートル,0.10971093484474069,0.10971093484474069,0.0,1.0,8,9.671780928335599,9.671780928335599,0
2026-0726-04-02-02-03,1,2,ミスタートントン,ミエスタ,0.3341638457246542,0.27810474219053605,0.05605910353411814,1.2015755038643345,1,92.96950864245484,92.96950864245484,1
2026-0726-04-02-02-03,2,3,ミエスタ,スピニンググローブ,0.27810474219053605,0.2090263750442482,0.06907836714628784,1.3304767981153807,2,94.63973587104292,94.63973587104292,1
2026-0726-04-02-02-03,3,4,スピニンググローブ,ハンナパール,0.2090263750442482,0.1662449389848271,0.04278143605942111,1.2573397802102457,3,90.07574286269178,90.07574286269178,1
2026-0726-04-02-02-03,4,5,ハンナパール,キャルキュラス,0.1662449389848271,0.1395377251893084,0.026707213795518686,1.1913978012704842,4,83.22004272674306,83.22004272674306,0
2026-0726-04-02-02-03,5,6,キャルキュラス,フェルアフリーゼ,0.1395377251893084,0.1302950232105781,0.009242701978730311,1.0709367230687898,5,59.759176539133804,59.759176539133804,0
2026-0726-04-02-02-03,6,7,フェルアフリーゼ,スカット,0.1302950232105781,0.08728013478308146,0.043014888427496636,1.4928370990077198,6,90.17284909691202,90.17284909691202,1
2026-0726-04-02-02-03,7,8,スカット,ローズオブジャパン,0.08728013478308146,0.06914540115510683,0.01813473362797463,1.2622695555311745,7,75.8982326665372,75.8982326665372,0
2026-0726-04-02-02-03,8,9,ローズオブジャパン,ヘヴンズドライブ,0.06914540115510683,0.06716516579289585,0.0019802353622109803,1.0294830711550247,8,26.626529423188966,26.626529423188966,0
2026-0726-04-02-02-03,9,10,ヘヴンズドライブ,キタノシオン,0.06716516579289585,0.04594102304844469,0.021224142744451155,1.4619867241978994,9,79.21926587686929,79.21926587686929,0
2026-0726-04-02-02-03,10,11,キタノシオン,カセノソレイユ,0.04594102304844469,0.016954657168914457,0.028986365879530233,2.7096403419277233,10,84.48242377160614,84.48242377160614,0
2026-0726-04-02-02-03,11,12,カセノソレイユ,ラヴィングリー,0.016954657168914457,0.014443040357503078,0.0025116168114113786,1.173898067805828,11,30.78267624781511,30.78267624781511,0
2026-0726-04-02-02-03,12,13,ラヴィングリー,ツキノマバタキ,0.014443040357503078,0.012483395497696427,0.001959644859806651,1.156980114918915,12,26.490580695280634,26.490580695280634,0
2026-0726-04-02-02-03,13,14,ツキノマバタキ,キタノソブリン,0.012483395497696427,0.011053086832006632,0.0014303086656897949,1.1294035492011176,13,22.60633132647116,22.60633132647116,0
2026-0726-04-02-02-03,14,15,キタノソブリン,カシノユメミヅキ,0.011053086832006632,0.010753548134303384,0.00029953869770324784,1.027854871151572,14,13.148184113420081,13.148184113420081,0
2026-0726-04-02-02-04,1,2,ココナッツコースト,ルモンテ,0.21553405650874127,0.1546830836258282,0.06085097288291308,1.3933912581553456,1,93.72693726937268,93.72693726937268,1
2026-0726-04-02-02-04,2,3,ルモンテ,アースヴィンチ,0.1546830836258282,0.07892148688661056,0.07576159673921763,1.9599615988997665,2,95.68848320062148,95.68848320062148,1
2026-0726-04-02-02-04,3,4,アースヴィンチ,シルフィー,0.07892148688661056,0.07293450011145022,0.005986986775160338,1.0820871709000774,3,48.6890658380268,48.6890658380268,0
2026-0726-04-02-02-04,4,5,シルフィー,ルシアージュ,0.07293450011145022,0.07037896789533098,0.0025555322161192467,1.0363110214960793,4,31.05457370363177,31.05457370363177,0
2026-0726-04-02-02-04,5,6,ルシアージュ,サイモンナイスラン,0.07037896789533098,0.05294916166771032,0.017429806227620658,1.3291800224714374,5,75.1213827927753,75.1213827927753,0
2026-0726-04-02-02-04,6,7,サイモンナイスラン,クールチェンジ,0.05294916166771032,0.03823106959323051,0.014718092074479806,1.3849772509918452,6,70.80986599339678,70.80986599339678,0
2026-0726-04-02-02-04,7,8,クールチェンジ,イーガービーバー,0.03823106959323051,0.03378062520871802,0.004450444384512496,1.1317454711691937,7,41.89162944261022,41.89162944261022,0
2026-0726-04-02-02-04,8,9,イーガービーバー,キャリアビジョン,0.03378062520871802,0.026280702182436236,0.007499923026281781,1.2853775737884996,8,54.65138861914936,54.65138861914936,0
2026-0726-04-02-02-04,9,10,キャリアビジョン,デルマテイネ,0.026280702182436236,0.025966194787694415,0.00031450739474182116,1.0121121865299596,9,13.284132841328415,13.284132841328415,0
2026-0726-04-02-02-04,10,11,デルマテイネ,カーヴドヴァン,0.025966194787694415,0.025033126649715135,0.0009330681379792795,1.037273335889502,10,18.780345698193823,18.780345698193823,0
2026-0726-04-02-02-04,11,12,カーヴドヴァン,アドマイヤウルトラ,0.025033126649715135,0.023991956276807513,0.0010411703729076224,1.0433966434789688,11,19.61545931248786,19.61545931248786,0
2026-0726-04-02-02-04,12,13,アドマイヤウルトラ,バトルモクオ,0.023991956276807513,0.016730480872878914,0.007261475403928599,1.4340267000753024,12,53.8939599922315,53.8939599922315,0
2026-0726-04-02-02-04,13,14,バトルモクオ,スーパーハイウェイ,0.016730480872878914,0.016329394071594117,0.00040108680128479735,1.0245622586806518,13,14.080403961934357,14.080403961934357,0
2026-0726-04-02-02-04,14,15,スーパーハイウェイ,カムバックトゥミー,0.016329394071594117,0.013833616926240466,0.0024957771453536504,1.1804139263549727,14,30.588463779374635,30.588463779374635,0
2026-0726-04-02-02-04,15,16,カムバックトゥミー,ジュリ,0.013833616926240466,0.01062060571521595,0.0032130112110245156,1.3025261738528993,15,34.99708681297339,34.99708681297339,0
2026-0726-04-02-02-04,16,17,ジュリ,ピコペアシェイプ,0.01062060571521595,0.009967966882657988,0.0006526388325579623,1.0654736156571112,16,16.469217323752186,16.469217323752186,0
2026-0726-04-02-02-04,17,18,ピコペアシェイプ,ビーストウォーズ,0.009967966882657988,0.005014810921473493,0.004953155961184496,1.987705426734039,17,44.435812779180424,44.435812779180424,0
2026-0726-04-02-02-05,1,2,ムーンブランシュ,エテオクロス,0.14197763102531327,0.14101115104578066,0.000966479979532614,1.0068539258942637,1,19.091085647698584,19.091085647698584,0
2026-0726-04-02-02-05,2,3,エテオクロス,ショウナンタハティ,0.14101115104578066,0.13272424156472026,0.008286909481060395,1.0624370452855023,2,57.13730821518741,57.13730821518741,0
2026-0726-04-02-02-05,3,4,ショウナンタハティ,ホウオウプレシャス,0.13272424156472026,0.10442901263533871,0.02829522892938155,1.2709517998430875,3,83.99689260050496,83.99689260050496,0
2026-0726-04-02-02-05,4,5,ホウオウプレシャス,アンバサダネージュ,0.10442901263533871,0.10087192629408813,0.0035570863412505843,1.035263392620064,4,37.05573897844241,37.05573897844241,0
2026-0726-04-02-02-05,5,6,アンバサダネージュ,ショコラキュイ,0.10087192629408813,0.09239876915337655,0.008473157140711576,1.0917020564056068,5,57.77820936104098,57.77820936104098,0
2026-0726-04-02-02-05,6,7,ショコラキュイ,ラテラルパーム,0.09239876915337655,0.06843271643723439,0.02396605271614216,1.3502133769324138,6,81.33618178287047,81.33618178287047,0
2026-0726-04-02-02-05,7,8,ラテラルパーム,コパノトーマス,0.06843271643723439,0.038975911911043305,0.029456804526191087,1.7557694761169884,7,84.7931637211109,84.7931637211109,0
2026-0726-04-02-02-05,8,9,コパノトーマス,レインボーラッキー,0.038975911911043305,0.03571573685247483,0.0032601750585684736,1.0912811927144257,8,35.30782676247815,35.30782676247815,0
2026-0726-04-02-02-05,9,10,レインボーラッキー,ガンバレベアー,0.03571573685247483,0.030426888771752265,0.005288848080722566,1.173821520839575,9,45.85356379879588,45.85356379879588,0
2026-0726-04-02-02-05,10,11,ガンバレベアー,カツノテンス,0.030426888771752265,0.020538828373800624,0.009888060397951641,1.4814325441545084,10,61.3517187803457,61.3517187803457,0
2026-0726-04-02-02-05,11,12,カツノテンス,アースミューズ,0.020538828373800624,0.020146712128997983,0.00039211624480264134,1.0194630390453763,11,13.944455234026023,13.944455234026023,0
2026-0726-04-02-02-05,12,13,アースミューズ,キカオクベシ,0.020146712128997983,0.013088774946917682,0.007057937182080301,1.5392358880570711,12,53.039425131093424,53.039425131093424,0
2026-0726-04-02-02-05,13,14,キカオクベシ,スマイルディシー,0.013088774946917682,0.012113193955017124,0.0009755809919005584,1.080538708083386,13,19.149349388230725,19.149349388230725,0
2026-0726-04-02-02-05,14,15,スマイルディシー,サンシップ,0.012113193955017124,0.006662007176897985,0.005451186778119139,1.818249910780997,14,46.51388619149349,46.51388619149349,0
2026-0726-04-02-02-06,1,2,モリノセピア,ラヴオントップ,0.1120287822180706,0.094586858189837,0.017441924028233594,1.1844011352319943,1,75.14080403961934,75.14080403961934,0
2026-0726-04-02-02-06,2,3,ラヴオントップ,サマースイートピー,0.094586858189837,0.07617026170896575,0.018416596480871253,1.2417819772136018,2,76.32550009710624,76.32550009710624,0
2026-0726-04-02-02-06,3,4,サマースイートピー,フィーチャリング,0.07617026170896575,0.06924428491839686,0.0069259767905688885,1.1000223599497205,3,52.592736453680324,52.592736453680324,0
2026-0726-04-02-02-06,4,5,フィーチャリング,リッキースタイル,0.06924428491839686,0.06279895196202975,0.006445332956367109,1.1026344032025273,4,50.55350553505535,50.55350553505535,0
2026-0726-04-02-02-06,5,6,リッキースタイル,ソウルオンファイア,0.06279895196202975,0.058123415532943895,0.004675536429085858,1.0804415292221738,5,43.05690425325306,43.05690425325306,0
2026-0726-04-02-02-06,6,7,ソウルオンファイア,カワキタマナレア,0.058123415532943895,0.05693043076252892,0.001192984770414976,1.0209551333871196,6,20.936104097883085,20.936104097883085,0
2026-0726-04-02-02-06,7,8,カワキタマナレア,オカメノコイ,0.05693043076252892,0.04719460443720476,0.00973582632532416,1.206291088598449,7,61.04097883084094,61.04097883084094,0
2026-0726-04-02-02-06,8,9,オカメノコイ,レッドセニョール,0.04719460443720476,0.035324312710743155,0.011870291726461604,1.336037443209801,8,66.01281802291707,66.01281802291707,0
2026-0726-04-02-02-06,9,10,レッドセニョール,マイネルラッシュ,0.035324312710743155,0.018367625881423447,0.01695668682931971,1.9231833737679334,9,74.48048164692173,74.48048164692173,0
2026-0726-04-02-02-06,10,11,マイネルラッシュ,ロッカバイベイビー,0.018367625881423447,0.017466047584812173,0.0009015782966112738,1.0516189076110873,10,18.547290736065257,18.547290736065257,0
2026-0726-04-02-02-07,1,2,アンパドゥ,サンダーストラック,0.137505520490228,0.10550898766528477,0.03199653282494322,1.303258836360449,1,86.05554476597398,86.05554476597398,0
2026-0726-04-02-02-07,2,3,サンダーストラック,ダノンセンチュリー,0.10550898766528477,0.10332006470168847,0.002188922963596296,1.0211858458462668,2,28.19965041755681,28.19965041755681,0
2026-0726-04-02-02-07,3,4,ダノンセンチュリー,ファーヴェント,0.10332006470168847,0.08780271716776596,0.015517347533922518,1.1767296962379112,3,72.1693532724801,72.1693532724801,0
2026-0726-04-02-02-07,4,5,ファーヴェント,エルトンバローズ,0.08780271716776596,0.0848093412431033,0.0029933759246626584,1.0352953563933747,4,33.71528452126626,33.71528452126626,0
2026-0726-04-02-02-07,5,6,エルトンバローズ,ランスオブカオス,0.0848093412431033,0.058133758561803965,0.026675582681299333,1.4588656116727705,5,83.20062147989901,83.20062147989901,0
2026-0726-04-02-02-07,6,7,ランスオブカオス,シリウスコルト,0.058133758561803965,0.054949888292120365,0.0031838702696836,1.0579413419870438,6,34.744610604000776,34.744610604000776,0
2026-0726-04-02-02-07,7,8,シリウスコルト,クランフォード,0.054949888292120365,0.05367249609390562,0.0012773921982147454,1.0237997538996475,7,21.538162750048553,21.538162750048553,0
2026-0726-04-02-02-07,8,9,クランフォード,ドロップオブライト,0.05367249609390562,0.04956010002299517,0.0041123960709104485,1.0829779614851938,8,39.89124101767334,39.89124101767334,0
2026-0726-04-02-02-07,9,10,ドロップオブライト,ジュタ,0.04956010002299517,0.043381801561501496,0.006178298461493675,1.142416825468505,9,49.543600699164884,49.543600699164884,0
2026-0726-04-02-02-07,10,11,ジュタ,ブエナオンダ,0.043381801561501496,0.042323983931778414,0.0010578176297230818,1.0249933378537373,10,19.77082928724024,19.77082928724024,0
2026-0726-04-02-02-07,11,12,ブエナオンダ,レディマリオン,0.042323983931778414,0.034850280205260806,0.007473703726517608,1.214451754261345,11,54.5931248786172,54.5931248786172,0
2026-0726-04-02-02-07,12,13,レディマリオン,メタルスピード,0.034850280205260806,0.019749099793061886,0.01510118041219892,1.764651582625764,12,71.41192464556224,71.41192464556224,0
2026-0726-04-02-02-07,13,14,メタルスピード,マテンロウスカイ,0.019749099793061886,0.018608714205174563,0.0011403855878873229,1.0612823419884763,13,20.508836667314043,20.508836667314043,0
2026-0726-04-02-02-08,1,2,ステアハート,ヴァンアグレアブル,0.1574837659337188,0.14896235191719248,0.008521414016526313,1.0572051522203632,1,58.01126432316954,58.01126432316954,0
2026-0726-04-02-02-08,2,3,ヴァンアグレアブル,コンアフェット,0.14896235191719248,0.1367266147189223,0.012235737198270175,1.0894905298681166,2,66.96445911827539,66.96445911827539,0
2026-0726-04-02-02-08,3,4,コンアフェット,パイシャオピン,0.1367266147189223,0.0932211220201679,0.04350549269875441,1.4666913651751823,3,90.26995533113225,90.26995533113225,1
2026-0726-04-02-02-08,4,5,パイシャオピン,ケイツーリーブル,0.0932211220201679,0.09147371785389723,0.0017474041662706719,1.0191028003154048,4,24.781510973004465,24.781510973004465,0
2026-0726-04-02-02-08,5,6,ケイツーリーブル,カーラデマドレ,0.09147371785389723,0.08063691599869022,0.01083680185520701,1.1343900832638867,5,63.64342590794328,63.64342590794328,0
2026-0726-04-02-02-08,6,7,カーラデマドレ,スルーザナイト,0.08063691599869022,0.06118872711574058,0.019448188882949635,1.3178394093108476,6,77.37424742668479,77.37424742668479,0
2026-0726-04-02-02-08,7,8,スルーザナイト,パースウェイド,0.06118872711574058,0.04989684329272479,0.01129188382301579,1.2263045731524704,7,64.78927947174209,64.78927947174209,0
2026-0726-04-02-02-08,8,9,パースウェイド,モモンウールー,0.04989684329272479,0.044711321876025584,0.005185521416699208,1.115977814994544,8,45.52340260244708,45.52340260244708,0
2026-0726-04-02-02-08,9,10,モモンウールー,アンドリーナ,0.044711321876025584,0.040531768348524254,0.00417955352750133,1.1031179664198763,9,40.37677218877452,40.37677218877452,0
2026-0726-04-02-02-08,10,11,アンドリーナ,ルトゥール,0.040531768348524254,0.039972069303385316,0.000559699045138938,1.0140022534457964,10,15.478733734705768,15.478733734705768,0
2026-0726-04-02-02-08,11,12,ルトゥール,エターナルプロミス,0.039972069303385316,0.03993910128700542,3.296801637989871e-05,1.0008254571414361,11,10.11846960574869,10.11846960574869,0
2026-0726-04-02-02-08,12,13,エターナルプロミス,ヴァズレーヌ,0.03993910128700542,0.03319919400094743,0.006739907286057986,1.203014184195726,12,51.815886579918434,51.815886579918434,0
2026-0726-04-02-02-08,13,14,ヴァズレーヌ,ベルイストワール,0.03319919400094743,0.026202958555818945,0.006996235445128486,1.2670017368544368,13,52.84521266265294,52.84521266265294,0
2026-0726-04-02-02-08,14,15,ベルイストワール,レーヴドレフォン,0.026202958555818945,0.015847042058876035,0.01035591649694291,1.6534920812646225,14,62.303359875704025,62.303359875704025,0
2026-0726-04-02-02-09,1,2,キャネル,ノーブルクライ,0.3111741135056553,0.3094754824999236,0.001698631005731699,1.005488741764001,1,24.47077102349971,24.47077102349971,0
2026-0726-04-02-02-09,2,3,ノーブルクライ,オーサムストローク,0.3094754824999236,0.15508986215965842,0.1543856203402652,1.9954591369829948,2,99.41736259467858,99.41736259467858,1
2026-0726-04-02-02-09,3,4,オーサムストローク,バラジ,0.15508986215965842,0.14656411264095717,0.008525749518701248,1.0581707852288988,3,58.088949310545736,58.088949310545736,0
2026-0726-04-02-02-09,4,5,バラジ,ノブダブルホワイト,0.14656411264095717,0.10219410055526458,0.04437001208569259,1.4341739087149963,4,90.58069528063702,90.58069528063702,1
2026-0726-04-02-02-09,5,6,ノブダブルホワイト,バンデルオーラ,0.10219410055526458,0.09210486222000246,0.010089238335262124,1.1095407787610918,5,61.740143717226644,61.740143717226644,0
2026-0726-04-02-02-09,6,7,バンデルオーラ,グロッシェン,0.09210486222000246,0.08970805840945877,0.0023968038105436906,1.0267178205953789,6,29.88929889298893,29.88929889298893,0
2026-0726-04-02-02-09,7,8,グロッシェン,ニシノブレイゼスト,0.08970805840945877,0.06244966826803753,0.027258390141421236,1.436485747601199,7,83.53078267624781,83.53078267624781,0
2026-0726-04-02-02-09,8,9,ニシノブレイゼスト,タイキエクセロン,0.06244966826803753,0.04093068465439726,0.02151898361364027,1.525742088004102,8,79.45232083899786,79.45232083899786,0
2026-0726-04-02-02-09,9,10,タイキエクセロン,フェスティヴビーム,0.04093068465439726,0.03090803779621261,0.010022646858184651,1.3242731526429283,9,61.68187997669451,61.68187997669451,0
2026-0726-04-02-02-09,10,11,フェスティヴビーム,セイウンビッグバン,0.03090803779621261,0.029965304207382613,0.0009427335888299963,1.0314608382516515,10,18.916294426102155,18.916294426102155,0
2026-0726-04-02-02-09,11,12,セイウンビッグバン,ジュリアスローズ,0.029965304207382613,0.01770775434738622,0.012257549859996393,1.6922136833124573,11,67.08098659933968,67.08098659933968,0
2026-0726-04-02-02-09,12,13,ジュリアスローズ,スマートフランキー,0.01770775434738622,0.011851006725792403,0.005856747621593817,1.494198320624294,12,48.16469217323752,48.16469217323752,0
2026-0726-04-02-02-09,13,14,スマートフランキー,コトブキヘスペラス,0.011851006725792403,0.007768923003892943,0.00408208372189946,1.5254375310263677,13,39.735871042920955,39.735871042920955,0
2026-0726-04-02-02-10,1,2,パーシヴァル,トップデュオ,0.1172337468362048,0.08164699721616177,0.03558674962004303,1.4358610951218025,1,87.39561079821324,87.39561079821324,0
2026-0726-04-02-02-10,2,3,トップデュオ,ゴットタレント,0.08164699721616177,0.07410660844050244,0.0075403887756593235,1.1017505582071434,2,54.76791610021363,54.76791610021363,0
2026-0726-04-02-02-10,3,4,ゴットタレント,エーデルクラフト,0.07410660844050244,0.05688785201842518,0.017218756422077264,1.302678969430949,3,74.81064284327054,74.81064284327054,0
2026-0726-04-02-02-10,4,5,エーデルクラフト,ロジキセキ,0.05688785201842518,0.04655083155807352,0.010337020460351662,1.2220587713337823,4,62.264517382015924,62.264517382015924,0
2026-0726-04-02-02-10,5,6,ロジキセキ,ネクストドア,0.04655083155807352,0.04305028982922526,0.0035005417288482554,1.0813128492917106,5,36.7644202757817,36.7644202757817,0
2026-0726-04-02-02-10,6,7,ネクストドア,エルアン,0.04305028982922526,0.04267916498437466,0.0003711248448506066,1.0086956913282272,6,13.750242765585552,13.750242765585552,0
2026-0726-04-02-02-10,7,8,エルアン,ブルーリファール,0.04267916498437466,0.04233530138586984,0.00034386359850481496,1.0081223845643765,7,13.497766556612934,13.497766556612934,0
2026-0726-04-02-02-10,8,9,ブルーリファール,コスモメイウェザー,0.04233530138586984,0.016566702820248747,0.025768598565621095,2.5554452111089527,8,82.77335404932997,82.77335404932997,0
2026-0726-04-02-02-10,9,10,コスモメイウェザー,マーゴットライズ,0.016566702820248747,0.01427816706072864,0.002288535759520106,1.160282181164178,9,28.9765002913187,28.9765002913187,0
2026-0726-04-02-02-10,10,11,マーゴットライズ,トウシンライオット,0.01427816706072864,0.013251479891122095,0.001026687169606546,1.07747717070411,10,19.557195571955717,19.557195571955717,0
2026-0726-04-02-02-10,11,12,トウシンライオット,パワポケウォーズ,0.013251479891122095,0.008334452349824226,0.0049170275412978685,1.5899640834111397,11,44.299864051272095,44.299864051272095,0
2026-0726-04-02-02-10,12,13,パワポケウォーズ,カンフーヒーロー,0.008334452349824226,0.007783118304664278,0.0005513340451599484,1.0708371662331722,12,15.342785006797435,15.342785006797435,0
2026-0726-04-02-02-10,13,14,カンフーヒーロー,ショービット,0.007783118304664278,0.007660133014843929,0.0001229852898203482,1.0160552420672102,13,11.07011070110701,11.07011070110701,0
2026-0726-04-02-02-11,1,2,ルブリアン,シャンクス,0.1222684847208989,0.09506855466980908,0.027199930051089824,1.2861085891708386,1,83.49194018255972,83.49194018255972,0
2026-0726-04-02-02-11,2,3,シャンクス,コウジハラ,0.09506855466980908,0.0723171865687275,0.02275136810108158,1.3146052713134733,2,80.50106816857642,80.50106816857642,0
2026-0726-04-02-02-11,3,4,コウジハラ,リアアーテシアン,0.0723171865687275,0.05946495705036895,0.01285222951835855,1.2161311494343172,3,68.16857642260634,68.16857642260634,0
2026-0726-04-02-02-11,4,5,リアアーテシアン,パレスドフィーヌ,0.05946495705036895,0.05538568217263793,0.004079274877731021,1.0736521555339134,4,39.71644979607691,39.71644979607691,0
2026-0726-04-02-02-11,5,6,パレスドフィーヌ,ヨドノティアラ,0.05538568217263793,0.05183932825200144,0.0035463539206364927,1.0684104914206634,5,36.93921149737813,36.93921149737813,0
2026-0726-04-02-02-11,6,7,ヨドノティアラ,ブラックティンカー,0.05183932825200144,0.049573490718464154,0.0022658375335372835,1.0457066367669232,6,28.879394057098466,28.879394057098466,0
2026-0726-04-02-02-11,7,8,ブラックティンカー,ミエノブラボー,0.049573490718464154,0.0415261042370993,0.008047386481364854,1.1937910292623921,7,56.32161584773743,56.32161584773743,0
2026-0726-04-02-02-11,8,9,ミエノブラボー,ホウオウガイア,0.0415261042370993,0.04085518698556888,0.0006709172515304215,1.0164218377403929,8,16.644008545348612,16.644008545348612,0
2026-0726-04-02-02-11,9,10,ホウオウガイア,スカイダイバー,0.04085518698556888,0.021090255151803988,0.01976493183376489,1.937159445985852,9,77.72382986987765,77.72382986987765,0
2026-0726-04-02-02-11,10,11,スカイダイバー,マーシャルアン,0.021090255151803988,0.02095568612434081,0.00013456902746317861,1.0064215996872978,10,11.206059429015342,11.206059429015342,0
2026-0726-04-02-02-11,11,12,マーシャルアン,ラブソング,0.02095568612434081,0.0176038132080827,0.00335187291625811,1.1904060714935962,11,35.909885414643625,35.909885414643625,0
2026-0726-04-02-02-11,12,13,ラブソング,テンペストヒロイン,0.0176038132080827,0.010738859391715462,0.006864953816367238,1.63926284589062,12,52.340260244707714,52.340260244707714,0
2026-0726-04-02-02-11,13,14,テンペストヒロイン,ハッピーダンシング,0.010738859391715462,0.010153645641080275,0.000585213750635187,1.0576358257242593,13,15.828316177898621,15.828316177898621,0
2026-0726-04-02-02-11,14,15,ハッピーダンシング,オレイア,0.010153645641080275,0.0066990481890345805,0.0034545974520456945,1.5156848188822398,14,36.395416585744805,36.395416585744805,0
2026-0726-04-02-02-12,1,2,ファランギーナ,ミナヅキ,0.22712354261187975,0.14285263380895796,0.08427090880292179,1.5899149813059825,1,96.44591182753933,96.44591182753933,1
2026-0726-04-02-02-12,2,3,ミナヅキ,ハナコトバ,0.14285263380895796,0.0989153960459746,0.04393723776298336,1.4441900808096841,2,90.42532530588464,90.42532530588464,1
2026-0726-04-02-02-12,3,4,ハナコトバ,コールリッジ,0.0989153960459746,0.07207670833405096,0.026838687711923645,1.3723628385960065,3,83.2783064672752,83.2783064672752,0
2026-0726-04-02-02-12,4,5,コールリッジ,クライングナウ,0.07207670833405096,0.057989525732534554,0.014087182601516403,1.242926328911376,4,70.11070110701108,70.11070110701108,0
2026-0726-04-02-02-12,5,6,クライングナウ,エラガバリウム,0.057989525732534554,0.0564226107338642,0.0015669149986703573,1.027771047427444,5,23.324917459700913,23.324917459700913,0
2026-0726-04-02-02-12,6,7,エラガバリウム,ミサダメキメル,0.0564226107338642,0.05365106119469387,0.0027715495391703246,1.0516588018476032,6,32.530588463779374,32.530588463779374,0
2026-0726-04-02-02-12,7,8,ミサダメキメル,フォーエバーラブ,0.05365106119469387,0.04390997316291625,0.009741088031777624,1.2218422679430003,7,61.079821324529036,61.079821324529036,0
2026-0726-04-02-02-12,8,9,フォーエバーラブ,レスター,0.04390997316291625,0.03808996456851136,0.005820008594404888,1.152796377217327,8,48.02874344532919,48.02874344532919,0
2026-0726-04-02-02-12,9,10,レスター,ヴォンサクレ,0.03808996456851136,0.036429073580941565,0.001660890987569795,1.0455924574606452,9,24.10176733346281,24.10176733346281,0
2026-0726-04-02-02-12,10,11,ヴォンサクレ,シルバープレミア,0.036429073580941565,0.02658897275299931,0.009840100827942254,1.370082023075986,10,61.274033792969504,61.274033792969504,0
2026-0726-04-02-02-12,11,12,シルバープレミア,ピコブロッサム,0.02658897275299931,0.020269900037414468,0.006319072715584843,1.311746614631597,11,49.95144688288988,49.95144688288988,0
2026-0726-04-02-02-12,12,13,ピコブロッサム,ダゴベルト,0.020269900037414468,0.01939096005374057,0.000878939983673898,1.045327306189997,12,18.41134200815692,18.41134200815692,0
2026-0726-04-02-02-12,13,14,ダゴベルト,チャチャット,0.01939096005374057,0.0169253479854127,0.00246561206832787,1.145675709028428,13,30.41367255777821,30.41367255777821,0
2026-0726-04-02-02-12,14,15,チャチャット,アロハオエ,0.0169253479854127,0.011918886623012449,0.005006461362400251,1.4200443817238768,14,44.6300252476209,44.6300252476209,0
2026-0726-07-02-02-01,1,2,メアグローリア,ルースソラール,0.29422110058213846,0.23998553428055963,0.05423556630157883,1.2259951478499271,1,92.71703243348223,92.71703243348223,1
2026-0726-07-02-02-01,2,3,ルースソラール,ヴェルヴィエ,0.23998553428055963,0.1359894356952771,0.10399609858528253,1.7647365992334527,2,97.88308409399885,97.88308409399885,1
2026-0726-07-02-02-01,3,4,ヴェルヴィエ,クールタロウ,0.1359894356952771,0.13493486649987055,0.0010545691954065572,1.0078153943659,3,19.751408040396193,19.751408040396193,0
2026-0726-07-02-02-01,4,5,クールタロウ,スピーディスピン,0.13493486649987055,0.12230990240801888,0.012624964091851668,1.1032211116458543,4,67.79957273256943,67.79957273256943,0
2026-0726-07-02-02-01,5,6,スピーディスピン,サンタンジェロ,0.12230990240801888,0.1159488543983393,0.006361048009679585,1.0548608094723073,5,50.2427655855506,50.2427655855506,0
2026-0726-07-02-02-01,6,7,サンタンジェロ,コパノキャンペーン,0.1159488543983393,0.10307765365356866,0.012871200744770633,1.1248689729398493,6,68.20741891629443,68.20741891629443,0
2026-0726-07-02-02-01,7,8,コパノキャンペーン,ディーエスシン,0.10307765365356866,0.0251365087214363,0.07794114493213236,4.100714812700481,7,95.90211691590599,95.90211691590599,1
2026-0726-07-02-02-01,8,9,ディーエスシン,ララララブソング,0.0251365087214363,0.02022515864074599,0.00491135008069031,1.242833698757537,8,44.24160031073995,44.24160031073995,0
2026-0726-07-02-02-02,1,2,レッドタイラント,ダノンチャンピオン,0.1284814814768075,0.1284814814768075,0.0,1.0,1,9.671780928335599,9.671780928335599,0
2026-0726-07-02-02-02,2,3,ダノンチャンピオン,ルナパッショーネ,0.1284814814768075,0.1284814814768075,0.0,1.0,2,9.671780928335599,9.671780928335599,0
2026-0726-07-02-02-02,3,4,ルナパッショーネ,テーオーカメリア,0.1284814814768075,0.1284814814768075,0.0,1.0,3,9.671780928335599,9.671780928335599,0
2026-0726-07-02-02-02,4,5,テーオーカメリア,オーバーシュタイン,0.1284814814768075,0.1284814814768075,0.0,1.0,4,9.671780928335599,9.671780928335599,0
2026-0726-07-02-02-02,5,6,オーバーシュタイン,セーニョレガーレ,0.1284814814768075,0.1284814814768075,0.0,1.0,5,9.671780928335599,9.671780928335599,0
2026-0726-07-02-02-03,1,2,ダノンミッドナイト,ナムラヴンダー,0.26468186158725715,0.1540655158811193,0.11061634570613785,1.717982509411724,1,98.11613905612741,98.11613905612741,1
2026-0726-07-02-02-03,2,3,ナムラヴンダー,オープンザパンドラ,0.1540655158811193,0.14754411450797394,0.006521401373145358,1.0441996713653592,2,50.86424548456011,50.86424548456011,0
2026-0726-07-02-02-03,3,4,オープンザパンドラ,ダノンオブアイデア,0.14754411450797394,0.12143921903810487,0.026104895469869077,1.2149626428483369,3,82.9481452709264,82.9481452709264,0
2026-0726-07-02-02-03,4,5,ダノンオブアイデア,ヴィスメンティス,0.12143921903810487,0.06202185591086879,0.05941736312723608,1.9580068550774163,4,93.51330355408817,93.51330355408817,1
2026-0726-07-02-02-03,5,6,ヴィスメンティス,リアライズパリオ,0.06202185591086879,0.044192114723458,0.01782974118741079,1.4034597868643393,5,75.60691396387648,75.60691396387648,0
2026-0726-07-02-02-03,6,7,リアライズパリオ,ソニックブーム,0.044192114723458,0.04338907983718648,0.0008030348862715225,1.0185077648404814,6,17.8287046028355,17.8287046028355,0
2026-0726-07-02-02-03,7,8,ソニックブーム,ストラドーネ,0.04338907983718648,0.01586383011035146,0.027525249726835017,2.735094837461368,7,83.66673140415615,83.66673140415615,0
2026-0726-07-02-02-03,8,9,ストラドーネ,テーオーシュテルン,0.01586383011035146,0.01494840043112083,0.0009154296792306289,1.0612393067371149,8,18.64439697028549,18.64439697028549,0
2026-0726-07-02-02-03,9,10,テーオーシュテルン,タイセイグローバル,0.01494840043112083,0.013047135738629834,0.0019012646924909966,1.1457227647951689,9,26.024470771023502,26.024470771023502,0
2026-0726-07-02-02-04,1,2,アイランド,タイセイゼスティ,0.2964644122553816,0.12346334882926743,0.17300106342611418,2.401234172461582,1,99.68926005049525,99.68926005049525,1
2026-0726-07-02-02-04,2,3,タイセイゼスティ,マーチンゲール,0.12346334882926743,0.11995332215614886,0.003510026673118574,1.0292616045143743,2,36.82268401631384,36.82268401631384,0
2026-0726-07-02-02-04,3,4,マーチンゲール,エアアルチーナ,0.11995332215614886,0.10372780249431525,0.01622551966183361,1.1564240181673842,3,73.2375218489027,73.2375218489027,0
2026-0726-07-02-02-04,4,5,エアアルチーナ,グランシャン,0.10372780249431525,0.10133597229921137,0.002391830195103875,1.0236029727730012,4,29.831035152456785,29.831035152456785,0
2026-0726-07-02-02-04,5,6,グランシャン,クリコバロー,0.10133597229921137,0.0862576974072427,0.015078274891968668,1.1748049779346719,5,71.37308215187414,71.37308215187414,0
2026-0726-07-02-02-04,6,7,クリコバロー,マテンロウアワー,0.0862576974072427,0.07077783648071032,0.01547986092653239,1.2187105695262563,6,72.07224703825985,72.07224703825985,0
2026-0726-07-02-02-04,7,8,マテンロウアワー,ウォーブレイク,0.07077783648071032,0.04988073587709786,0.020897100603612453,1.4189413054190145,7,78.92794717420858,78.92794717420858,0
2026-0726-07-02-02-04,8,9,ウォーブレイク,ディープシャロー,0.04988073587709786,0.041549754463693855,0.008330981413404007,1.200506152706236,8,57.27325694309575,57.27325694309575,0
2026-0726-07-02-02-04,9,10,ディープシャロー,ウィスピア,0.041549754463693855,0.030543687645101035,0.01100606681859282,1.3603385074676178,9,64.07069333851233,64.07069333851233,0
2026-0726-07-02-02-04,10,11,ウィスピア,シギーコルエンド,0.030543687645101035,0.019584179995981072,0.010959507649119963,1.5596102390485074,10,63.91532336375996,63.91532336375996,0
2026-0726-07-02-02-04,11,12,シギーコルエンド,トラッドロア,0.019584179995981072,0.017592053817353334,0.001992126178627738,1.1132401139349997,11,26.743056904253255,26.743056904253255,0
2026-0726-07-02-02-04,12,13,トラッドロア,マジックハンド,0.017592053817353334,0.015367104406907686,0.0022249494104456483,1.1447865096462486,12,28.54923286074966,28.54923286074966,0
2026-0726-07-02-02-04,13,14,マジックハンド,カツラコマチ,0.015367104406907686,0.01109852032626614,0.004268584080641546,1.3846083941964198,13,40.9011458535638,40.9011458535638,0
2026-0726-07-02-02-04,14,15,カツラコマチ,ラスカルキッド,0.01109852032626614,0.005509079662587537,0.005589440663678603,2.01458701017464,14,47.077102349970865,47.077102349970865,0
2026-0726-07-02-02-05,1,2,セッシュウ,ジョーカー,0.34193393144589995,0.240522317743164,0.10141161370273596,1.4216307852605425,1,97.70829287240241,97.70829287240241,1
2026-0726-07-02-02-05,2,3,ジョーカー,ペプチドレオン,0.240522317743164,0.23975243834063398,0.0007698794025300104,1.0032111431602468,2,17.53738590017479,17.53738590017479,0
2026-0726-07-02-02-05,3,4,ペプチドレオン,ペプチドアロン,0.23975243834063398,0.07869587212454311,0.16105656621609088,3.04656943074733,3,99.49504758205477,99.49504758205477,1
2026-0726-07-02-02-05,4,5,ペプチドアロン,ショウナンタマユラ,0.07869587212454311,0.06526721023431892,0.013428661890224194,1.2057489793422045,4,69.12021751796466,69.12021751796466,0
2026-0726-07-02-02-05,5,6,ショウナンタマユラ,ヴォメロ,0.06526721023431892,0.06011498998587751,0.005152220248441405,1.085706081788449,5,45.309768887162555,45.309768887162555,0
2026-0726-07-02-02-05,6,7,ヴォメロ,メイショウドキョウ,0.06011498998587751,0.04439379423775519,0.01572119574812232,1.3541304819301085,6,72.48009322198486,72.48009322198486,0
2026-0726-07-02-02-05,7,8,メイショウドキョウ,タイセイドゥマーニ,0.04439379423775519,0.04439379423775519,0.0,1.0,7,9.671780928335599,9.671780928335599,0
2026-0726-07-02-02-05,8,9,タイセイドゥマーニ,ハッピーチャンス,0.04439379423775519,0.03856231824095281,0.005831475996802379,1.151222132454926,8,48.10642843270538,48.10642843270538,0
2026-0726-07-02-02-05,9,10,ハッピーチャンス,ワトルツリー,0.03856231824095281,0.028961979558482377,0.009600338682470434,1.3314807492037846,9,60.80792386871238,60.80792386871238,0
2026-0726-07-02-02-05,10,11,ワトルツリー,メイショウケンゴウ,0.028961979558482377,0.028369709660731462,0.0005922698977509147,1.0208768402931778,10,15.886579918430762,15.886579918430762,0
2026-0726-07-02-02-05,11,12,メイショウケンゴウ,クライナリーゼ,0.028369709660731462,0.020334735351875834,0.008034974308855629,1.3951354256555113,11,56.26335210720528,56.26335210720528,0
2026-0726-07-02-02-05,12,13,クライナリーゼ,サンライズジョー,0.020334735351875834,0.01715281576906937,0.0031819195828064646,1.1855042125820663,12,34.70576811031268,34.70576811031268,0
2026-0726-07-02-02-05,13,14,サンライズジョー,パピプペピンク,0.01715281576906937,0.014591365819291846,0.0025614499497775226,1.1755455919274482,13,31.17110118469606,31.17110118469606,0
2026-0726-07-02-02-05,14,15,パピプペピンク,ジャズホリック,0.014591365819291846,0.008702173716525465,0.005889192102766382,1.6767495449536685,14,48.45601087589823,48.45601087589823,0
2026-0726-07-02-02-05,15,16,ジャズホリック,キャリアハイ,0.008702173716525465,0.007068364721695124,0.0016338089948303401,1.2311438443202634,15,23.86871237133424,23.86871237133424,0
2026-0726-07-02-02-06,1,2,サヴォアフェール,マディソンガール,0.40766199609027187,0.23877070934310957,0.1688912867471623,1.7073367047901522,1,99.65041755680714,99.65041755680714,1
2026-0726-07-02-02-06,2,3,マディソンガール,ホウオウタイタン,0.23877070934310957,0.22601082676044165,0.012759882582667914,1.056456952817542,2,67.9937852010099,67.9937852010099,0
2026-0726-07-02-02-06,3,4,ホウオウタイタン,エアビッグマム,0.22601082676044165,0.1926331031197316,0.03337772364071004,1.1732709648557342,3,86.48281219654301,86.48281219654301,0
2026-0726-07-02-02-06,4,5,エアビッグマム,レッドラージャ,0.1926331031197316,0.14908612875490748,0.04354697436482413,1.2920927300782883,4,90.30879782482035,90.30879782482035,1
2026-0726-07-02-02-06,5,6,レッドラージャ,コリカンチャ,0.14908612875490748,0.07216075087057494,0.07692537788433254,2.0660279578063605,5,95.74674694115363,95.74674694115363,1
2026-0726-07-02-02-06,6,7,コリカンチャ,オデット,0.07216075087057494,0.06787882124688184,0.004281929623693101,1.0630819679104224,6,40.99825208778404,40.99825208778404,0
2026-0726-07-02-02-06,7,8,オデット,コンフェルマ,0.06787882124688184,0.05625415026126459,0.011624670985617251,1.2066455707112822,7,65.46902311128375,65.46902311128375,0
2026-0726-07-02-02-06,8,9,コンフェルマ,ハッピーダンチャン,0.05625415026126459,0.04178303824904367,0.01447111201222092,1.3463393907826253,8,70.49912604389202,70.49912604389202,0
2026-0726-07-02-02-06,9,10,ハッピーダンチャン,ツーエムクロノス,0.04178303824904367,0.01675546068950541,0.025027577559538258,2.4936967728505364,9,82.1324529034764,82.1324529034764,0
2026-0726-07-02-02-07,1,2,ダノンフィーゴ,ドラゴンテイラー,0.1928917579799416,0.19283365384807724,5.8104131864356034e-05,1.00030131738265,1,10.468052048941543,10.468052048941543,0
2026-0726-07-02-02-07,2,3,ドラゴンテイラー,ドンインザムード,0.19283365384807724,0.1709002483918222,0.02193340545625505,1.1283403954215938,2,79.78248203534667,79.78248203534667,0
2026-0726-07-02-02-07,3,4,ドンインザムード,ベルジュロネット,0.1709002483918222,0.15960552725132743,0.011294721140494762,1.07076647867407,3,64.80870071858614,64.80870071858614,0
2026-0726-07-02-02-07,4,5,ベルジュロネット,メイショウハチロー,0.15960552725132743,0.12384201121799945,0.035763516033327974,1.2887833916906708,4,87.55098077296563,87.55098077296563,0
2026-0726-07-02-02-07,5,6,メイショウハチロー,インユアパレス,0.12384201121799945,0.10152708183446163,0.022314929383537824,1.2197928767412225,5,80.07380073800738,80.07380073800738,0
2026-0726-07-02-02-07,6,7,インユアパレス,ハッピーマン,0.10152708183446163,0.06267417946916055,0.038852902365301076,1.619918803794137,6,88.75509807729655,88.75509807729655,0
2026-0726-07-02-02-07,7,8,ハッピーマン,ノーブルロジャー,0.06267417946916055,0.0475023730169032,0.015171806452257353,1.3193904954360622,7,71.62555836084677,71.62555836084677,0
2026-0726-07-02-02-07,8,9,ノーブルロジャー,マテンロウコマンド,0.0475023730169032,0.04515207275579738,0.002350300261105824,1.0520529871090814,8,29.520295202952028,29.520295202952028,0
2026-0726-07-02-02-07,9,10,マテンロウコマンド,バトルクライ,0.04515207275579738,0.041998848888972706,0.003153223866824671,1.0750788164494811,9,34.53097688871626,34.53097688871626,0
2026-0726-07-02-02-07,10,11,バトルクライ,ケイアイドリー,0.041998848888972706,0.025920817683103108,0.0160780312058696,1.6202748463583507,10,72.94620314624198,72.94620314624198,0
2026-0726-07-02-02-07,11,12,ケイアイドリー,ジュンウィンダム,0.025920817683103108,0.02550682827417964,0.00041398940892346803,1.016230532643,11,14.138667702466497,14.138667702466497,0
2026-0726-07-02-02-07,12,13,ジュンウィンダム,モンドプリューム,0.02550682827417964,0.02017353237495076,0.005333295899228881,1.2643709490287964,12,46.02835502039231,46.02835502039231,0
2026-0726-07-02-02-07,13,14,モンドプリューム,トリリオンボーイ,0.02017353237495076,0.012429635248090187,0.007743897126860572,1.623018855525179,13,55.447659739755295,55.447659739755295,0
2026-0726-07-02-02-08,1,2,ハギノコラソン,ダンツシタン,0.12340358866900371,0.11286264910556074,0.010540939563442972,1.093396173552368,1,62.75004855311711,62.75004855311711,0
2026-0726-07-02-02-08,2,3,ダンツシタン,ジェシーテソーロ,0.11286264910556074,0.07717890097310721,0.03568374813245352,1.4623510788899083,2,87.4538745387454,87.4538745387454,0
2026-0726-07-02-02-08,3,4,ジェシーテソーロ,ジョータルマエ,0.07717890097310721,0.07304913672223354,0.004129764250873677,1.0565340596231403,3,40.00776849873762,40.00776849873762,0
2026-0726-07-02-02-08,4,5,ジョータルマエ,ユウトザユウト,0.07304913672223354,0.051962350206107726,0.021086786516125812,1.4058089449858495,4,79.12215964264905,79.12215964264905,0
2026-0726-07-02-02-08,5,6,ユウトザユウト,アイブリンク,0.051962350206107726,0.05116126389836723,0.0008010863077404923,1.0156580632826402,5,17.789862109147407,17.789862109147407,0
2026-0726-07-02-02-08,6,7,アイブリンク,マハートマーベル,0.05116126389836723,0.03144333465492031,0.019717929243446924,1.6270940871839568,6,77.68498737618955,77.68498737618955,0
2026-0726-07-02-02-08,7,8,マハートマーベル,ノボリクレバー,0.03144333465492031,0.03073726403307341,0.0007060706218469,1.0229711603832783,7,16.935327248009322,16.935327248009322,0
2026-0726-07-02-02-08,8,9,ノボリクレバー,キングオブフジ,0.03073726403307341,0.02823741820447689,0.0024998458285965183,1.0885295465220748,8,30.64672751990678,30.64672751990678,0
2026-0726-07-02-02-08,9,10,キングオブフジ,テイエムパイロット,0.02823741820447689,0.027945804670212196,0.0002916135342646946,1.0104349664540355,9,13.051077879199843,13.051077879199843,0
2026-0726-07-02-02-08,10,11,テイエムパイロット,メイショウジェンマ,0.027945804670212196,0.011375488554734014,0.016570316115478184,2.456668523356062,10,73.91726548844436,73.91726548844436,0
2026-0726-07-02-02-08,11,12,メイショウジェンマ,ナチュラルリバー,0.011375488554734014,0.009537928263098256,0.0018375602916357574,1.1926582210463021,11,25.51951835307827,25.51951835307827,0
2026-0726-07-02-02-09,1,2,スウィッチインラヴ,ルージュバロン,0.23484704862532427,0.19373997913025293,0.04110706949507134,1.2121764938739605,1,89.59021169159061,89.59021169159061,0
2026-0726-07-02-02-09,2,3,ルージュバロン,メイクワンズデイ,0.19373997913025293,0.17336507925017272,0.020374899880080205,1.1175259744823143,2,78.42299475626335,78.42299475626335,0
2026-0726-07-02-02-09,3,4,メイクワンズデイ,フルールジェンヌ,0.17336507925017272,0.15024722969767343,0.023117849552499292,1.153865396380465,3,80.75354437754903,80.75354437754903,0
2026-0726-07-02-02-09,4,5,フルールジェンヌ,ナルキッソス,0.15024722969767343,0.1417647139339193,0.00848251576375414,1.0598351700389146,4,57.79763060788503,57.79763060788503,0
2026-0726-07-02-02-09,5,6,ナルキッソス,ペアレンツギフト,0.1417647139339193,0.13843954680706083,0.003325167126858458,1.0240189108065534,5,35.6962516993591,35.6962516993591,0
2026-0726-07-02-02-09,6,7,ペアレンツギフト,テルヴィセクス,0.13843954680706083,0.060397298625170924,0.0780422481818899,2.2921479926813375,6,95.92153816275005,95.92153816275005,1
2026-0726-07-02-02-09,7,8,テルヴィセクス,ルクスノア,0.060397298625170924,0.048153636661675554,0.01224366196349537,1.2542624568424308,7,66.98388036511945,66.98388036511945,0
2026-0726-07-02-02-09,8,9,ルクスノア,ダノンフェルゼン,0.048153636661675554,0.03355452253225958,0.014599114129415974,1.4350863319655427,8,70.6544960186444,70.6544960186444,0
2026-0726-07-02-02-09,9,10,ダノンフェルゼン,インターポーザー,0.03355452253225958,0.03221547107154025,0.0013390514607193316,1.0415654782059753,9,21.984851427461642,21.984851427461642,0
2026-0726-07-02-02-09,10,11,インターポーザー,ゴージャス,0.03221547107154025,0.02824816910277775,0.003967301968762497,1.1404445702065829,10,39.211497378131675,39.211497378131675,0
2026-0726-07-02-02-09,11,12,ゴージャス,チリーゴールド,0.02824816910277775,0.021807813621207896,0.006440355481569855,1.2953232998702204,11,50.51466304136726,50.51466304136726,0
2026-0726-07-02-02-09,12,13,チリーゴールド,ベルフラム,0.021807813621207896,0.01807207287277818,0.0037357407484297153,1.2067134619657733,12,37.87143134589241,37.87143134589241,0
2026-0726-07-02-02-09,13,14,ベルフラム,リアライズブラーヴ,0.01807207287277818,0.01297581644067174,0.005096256432106441,1.3927503487281618,13,45.11555641872208,45.11555641872208,0
2026-0726-07-02-02-10,1,2,ポッドリプル,ラブインアクション,0.20125634037070902,0.18123467296855958,0.020021667402149446,1.11047371385509,1,78.0734123130705,78.0734123130705,0
2026-0726-07-02-02-10,2,3,ラブインアクション,アーガイルショア,0.18123467296855958,0.12636511334499412,0.05486955962356546,1.4342144613423804,2,92.85298116139056,92.85298116139056,1
2026-0726-07-02-02-10,3,4,アーガイルショア,マイティキングダム,0.12636511334499412,0.11698146526199282,0.009383648083001295,1.0802148277249357,3,60.18644396970285,60.18644396970285,0
2026-0726-07-02-02-10,4,5,マイティキングダム,ザングウィル,0.11698146526199282,0.10053122517045648,0.01645024009153634,1.163633140485894,4,73.66478927947175,73.66478927947175,0
2026-0726-07-02-02-10,5,6,ザングウィル,ハードシングス,0.10053122517045648,0.05614674095575081,0.04438448421470567,1.7905086467918956,5,90.60011652748106,90.60011652748106,1
2026-0726-07-02-02-10,6,7,ハードシングス,シャープインサイト,0.05614674095575081,0.054671340735417066,0.001475400220333746,1.0269867210221526,6,22.839386288599727,22.839386288599727,0
2026-0726-07-02-02-10,7,8,シャープインサイト,ラトラース,0.054671340735417066,0.05137034337581352,0.0033009973596035483,1.0642588143796161,7,35.61856671198291,35.61856671198291,0
2026-0726-07-02-02-10,8,9,ラトラース,フロンティエール,0.05137034337581352,0.04676797568029696,0.004602367695516557,1.0984085290964498,8,42.76558555059235,42.76558555059235,0
2026-0726-07-02-02-10,9,10,フロンティエール,モンスエ,0.04676797568029696,0.03415196083072422,0.01261601484957274,1.3694082138388657,9,67.76073023888134,67.76073023888134,0
2026-0726-07-02-02-10,10,11,モンスエ,レイム,0.03415196083072422,0.03227034375379643,0.0018816170769277926,1.0583079340983603,10,25.849679549427073,25.849679549427073,0
2026-0726-07-02-02-10,11,12,レイム,キーンセンス,0.03227034375379643,0.03102528538051363,0.0012450583732827973,1.0401304406393888,11,21.363371528452127,21.363371528452127,0
2026-0726-07-02-02-10,12,13,キーンセンス,イーサンハンター,0.03102528538051363,0.022283811523098503,0.008741473857415128,1.3922791147445341,12,58.61332297533502,58.61332297533502,0
2026-0726-07-02-02-10,13,14,イーサンハンター,ダディーズグーグー,0.022283811523098503,0.021661970283421175,0.000621841239677328,1.0287065872375076,13,16.27500485531171,16.27500485531171,0
2026-0726-07-02-02-10,14,15,ダディーズグーグー,ワイルドブッター,0.021661970283421175,0.01935950767899022,0.002302462604430955,1.118931877949029,14,29.093027772382985,29.093027772382985,0
2026-0726-07-02-02-10,15,16,ワイルドブッター,エシェックオロワ,0.01935950767899022,0.019352055653046523,7.45202594369665e-06,1.0003850767110896,15,9.768887162555837,9.768887162555837,0
2026-0726-07-02-02-11,1,2,ペイシャシス,バースデイフライト,0.3136437255793951,0.1733964873868589,0.14024723819253623,1.8088239866107292,1,99.2231501262381,99.2231501262381,1
2026-0726-07-02-02-11,2,3,バースデイフライト,エイズルブルーム,0.1733964873868589,0.17130035665720997,0.002096130729648926,1.0122365812339988,2,27.57817051854729,27.57817051854729,0
2026-0726-07-02-02-11,3,4,エイズルブルーム,シャンパンライフ,0.17130035665720997,0.14492035958081803,0.026379997076391937,1.1820309938002918,3,83.00640901145854,83.00640901145854,0
2026-0726-07-02-02-11,4,5,シャンパンライフ,エンヴェロップ,0.14492035958081803,0.14294468591417678,0.0019756736666412533,1.0138212459876084,4,26.587686929500876,26.587686929500876,0
2026-0726-07-02-02-11,5,6,エンヴェロップ,カラペルソナ,0.14294468591417678,0.10354240939720276,0.03940227651697402,1.3805423955880873,5,88.96873179258108,88.96873179258108,0
2026-0726-07-02-02-11,6,7,カラペルソナ,ペプチドブッドレア,0.10354240939720276,0.0960936721277057,0.0074487372694970605,1.0775153774912245,6,54.47659739755293,54.47659739755293,0
2026-0726-07-02-02-11,7,8,ペプチドブッドレア,カモメガトンダ,0.0960936721277057,0.09165226180175899,0.004441410325946707,1.0484593641077111,7,41.81394445523402,41.81394445523402,0
2026-0726-07-02-02-11,8,9,カモメガトンダ,ロケベンドラ,0.09165226180175899,0.06697086474684477,0.02468139705491422,1.3685393215125992,8,81.89939794134783,81.89939794134783,0
2026-0726-07-02-02-11,9,10,ロケベンドラ,ポペット,0.06697086474684477,0.06534176011561423,0.0016291046312305463,1.0249320591968758,9,23.849291124490193,23.849291124490193,0
2026-0726-07-02-02-11,10,11,ポペット,ウォーターエアリー,0.06534176011561423,0.05668801511710493,0.008653744998509294,1.1526556359511366,10,58.43853175373859,58.43853175373859,0
2026-0726-07-02-02-11,11,12,ウォーターエアリー,ラガークイン,0.05668801511710493,0.048947318316460146,0.007740696800644785,1.1581434298524527,11,55.4088172460672,55.4088172460672,0
2026-0726-07-02-02-11,12,13,ラガークイン,リトルスカーレット,0.048947318316460146,0.03115194228829067,0.017795376028169475,1.5712445106467203,12,75.58749271703243,75.58749271703243,0
2026-0726-07-02-02-11,13,14,リトルスカーレット,オリーボーレン,0.03115194228829067,0.03040516567287389,0.0007467766154167811,1.0245608467801581,13,17.284909691202174,17.284909691202174,0
2026-0726-07-02-02-11,14,15,オリーボーレン,ウォーターエルピス,0.03040516567287389,0.014252110937381749,0.01615305473549214,2.1333798064344576,14,73.14041561468247,73.14041561468247,0
2026-0726-07-02-02-11,15,16,ウォーターエルピス,マルモア,0.014252110937381749,0.011364548213840715,0.002887562723541034,1.2540851311646788,15,33.03554088172461,33.03554088172461,0
2026-0726-07-02-02-12,1,2,チュウワメロディー,コースタルロード,0.32026658722745466,0.2751968440626026,0.04506974316485207,1.1637727471707469,1,90.71664400854534,90.71664400854534,1
2026-0726-07-02-02-12,2,3,コースタルロード,ベルセクレト,0.2751968440626026,0.0608233487727645,0.2143734952898381,4.524526347451463,2,99.92231501262381,99.92231501262381,1
2026-0726-07-02-02-12,3,4,ベルセクレト,アンリミテッド,0.0608233487727645,0.05920559522292181,0.0016177535498426848,1.0273243355421307,3,23.63565740920567,23.63565740920567,0
2026-0726-07-02-02-12,4,5,アンリミテッド,ダノンステート,0.05920559522292181,0.057346099848993255,0.0018594953739285575,1.0324258385282534,4,25.674888327830647,25.674888327830647,0
2026-0726-07-02-02-12,5,6,ダノンステート,メイショウジーニー,0.057346099848993255,0.03819102889346246,0.019155070955530797,1.5015594371381222,5,77.12177121771218,77.12177121771218,0
2026-0726-07-02-02-12,6,7,メイショウジーニー,ルージュルガーノ,0.03819102889346246,0.03818992097219201,1.1079212704490082e-06,1.0000290108290943,6,9.710623422023694,9.710623422023694,0
2026-0726-07-02-02-12,7,8,ルージュルガーノ,ウイングサンライズ,0.03818992097219201,0.03706616967219193,0.0011237513000000796,1.0303174379747997,7,20.314624198873567,20.314624198873567,0
2026-0726-07-02-02-12,8,9,ウイングサンライズ,アリディプラチノ,0.03706616967219193,0.02445207879764176,0.01261409087455017,1.5158698767062175,8,67.72188774519324,67.72188774519324,0
2026-0726-07-02-02-12,9,10,アリディプラチノ,ピンクパンサー,0.02445207879764176,0.018316172299643683,0.006135906497998077,1.3349993872965173,9,49.23286074966013,49.23286074966013,0
2026-0726-07-02-02-12,10,11,ピンクパンサー,ファーストアタック,0.018316172299643683,0.017716312283028057,0.0005998600166156262,1.0338591918584705,10,16.003107399495047,16.003107399495047,0
2026-0726-07-02-02-12,11,12,ファーストアタック,ステキサプライズ,0.017716312283028057,0.013531374995484022,0.004184937287544035,1.3092765730711566,11,40.41561468246261,40.41561468246261,0
2026-0726-07-02-02-12,12,13,ステキサプライズ,メイケイシャイン,0.013531374995484022,0.011182659821973607,0.0023487151735104156,1.210031889631057,12,29.481452709263934,29.481452709263934,0
2026-0726-07-02-02-12,13,14,メイケイシャイン,グランブリーゼ,0.011182659821973607,0.009786377881116587,0.00139628194085702,1.1426760705358856,13,22.412118858030684,22.412118858030684,0
2026-0726-07-02-02-12,14,15,グランブリーゼ,テーオーエリーナ,0.009786377881116587,0.006030351125667848,0.0037560267554487383,1.6228537405494388,14,37.968537580112645,37.968537580112645,0
2026-0801-01-01-03-01,1,2,ジャーナーリア,ドリームガッサン,0.221904284407628,0.20115105224773935,0.02075323215988864,1.1031723768182369,1,78.83084093998835,78.83084093998835,0
2026-0801-01-01-03-01,2,3,ドリームガッサン,ナブッコ,0.20115105224773935,0.18201337203484036,0.019137680212898994,1.105144363839574,2,77.08292872402409,77.08292872402409,0
2026-0801-01-01-03-01,3,4,ナブッコ,サンライズロイ,0.18201337203484036,0.1755331355463451,0.006480236488495272,1.036917454179381,3,50.689454262963686,50.689454262963686,0
2026-0801-01-01-03-01,4,5,サンライズロイ,ペイシャクロス,0.1755331355463451,0.11260224732776587,0.06293088821857921,1.5588777285714215,4,94.03767721887745,94.03767721887745,1
2026-0801-01-01-03-01,5,6,ペイシャクロス,ヒューザー,0.11260224732776587,0.08742144778429538,0.025180799543470495,1.288039150365044,5,82.30724412507283,82.30724412507283,0
2026-0801-01-01-03-01,6,7,ヒューザー,コシタンタン,0.08742144778429538,0.08363638178254085,0.0037850660017545307,1.0452562141149997,6,38.14332880170907,38.14332880170907,0
2026-0801-01-01-03-01,7,8,コシタンタン,フェアリーキャット,0.08363638178254085,0.07633142056247938,0.007304961220061468,1.0957005800001083,7,54.14643620120412,54.14643620120412,0
2026-0801-01-01-03-01,8,9,フェアリーキャット,アトラップモア,0.07633142056247938,0.07028198079844898,0.006049439764030398,1.0860738370675502,8,48.90269955331132,48.90269955331132,0
2026-0801-01-01-03-01,9,10,アトラップモア,アルデバローズ,0.07028198079844898,0.03870431976818204,0.03157766103026694,1.8158691644601963,9,85.9001747912216,85.9001747912216,0
2026-0801-01-01-03-01,10,11,アルデバローズ,サンタクローチェ,0.03870431976818204,0.01896592120200295,0.01973839856617909,2.040729757123243,10,77.7044086230336,77.7044086230336,0
2026-0801-01-01-03-01,11,12,サンタクローチェ,ペルヴォルム,0.01896592120200295,0.010361491106762771,0.008604430095240178,1.8304239232154735,11,58.36084676636239,58.36084676636239,0
2026-0801-01-01-03-02,1,2,ニーナラルゴ,マイネルリコルディ,0.12396595985161576,0.10319768256146092,0.020768277290154846,1.2012475161715572,1,78.8502621868324,78.8502621868324,0
2026-0801-01-01-03-02,2,3,マイネルリコルディ,ブラッグス,0.10319768256146092,0.09036984734599426,0.012827835215466654,1.1419481784267422,2,68.12973392891823,68.12973392891823,0
2026-0801-01-01-03-02,3,4,ブラッグス,ロードレスポンス,0.09036984734599426,0.08501768283306817,0.005352164512926097,1.0629535448929495,3,46.125461254612546,46.125461254612546,0
2026-0801-01-01-03-02,4,5,ロードレスポンス,ステラルミノーザ,0.08501768283306817,0.050930420337345066,0.0340872624957231,1.669290814211647,4,86.79355214604779,86.79355214604779,0
2026-0801-01-01-03-02,5,6,ステラルミノーザ,ジオ,0.050930420337345066,0.04860465306949063,0.0023257672678544325,1.047850712246197,5,29.22897650029132,29.22897650029132,0
2026-0801-01-01-03-02,6,7,ジオ,ブライトシーン,0.04860465306949063,0.04087822844193484,0.007726424627555795,1.1890107502709109,6,55.33113225869101,55.33113225869101,0
2026-0801-01-01-03-02,7,8,ブライトシーン,ブルーリボン,0.04087822844193484,0.025670283012122458,0.01520794542981238,1.5924338825026052,7,71.64497960769081,71.64497960769081,0
2026-0801-01-01-03-02,8,9,ブルーリボン,ヒアカムズザサン,0.025670283012122458,0.022331925945296205,0.003338357066826253,1.1494880949813204,8,35.83220042726743,35.83220042726743,0
2026-0801-01-01-03-03,1,2,リテラシー,ハイテイラオユエ,0.16667907246528552,0.14092546602699688,0.02575360643828864,1.1827462925214316,1,82.73451155564187,82.73451155564187,0
2026-0801-01-01-03-03,2,3,ハイテイラオユエ,バンダムソレール,0.14092546602699688,0.14013932033521403,0.0007861456917828413,1.005609743859913,2,17.751019615459313,17.751019615459313,0
2026-0801-01-01-03-03,3,4,バンダムソレール,アルジェンタム,0.14013932033521403,0.08940130454278909,0.05073801579242494,1.5675310450099842,3,92.09555253447272,92.09555253447272,1
2026-0801-01-01-03-03,4,5,アルジェンタム,コーリンクレア,0.08940130454278909,0.03940444112130486,0.04999686342148423,2.268812905316207,4,91.94018255972033,91.94018255972033,1
2026-0801-01-01-03-03,5,6,コーリンクレア,セブンワンダーズ,0.03940444112130486,0.039258945831541485,0.00014549528976337545,1.0037060416850643,5,11.322586910079627,11.322586910079627,0
2026-0801-01-01-03-03,6,7,セブンワンダーズ,マクローリン,0.039258945831541485,0.0372706878320178,0.0019882579995236863,1.0533464262447996,6,26.704214410565157,26.704214410565157,0
2026-0801-01-01-03-03,7,8,マクローリン,エボニードール,0.0372706878320178,0.034764028787560367,0.002506659044457432,1.0721049640067721,7,30.724412507282967,30.724412507282967,0
2026-0801-01-01-03-03,8,9,エボニードール,ブルーアンビエンス,0.034764028787560367,0.0226421941204447,0.012121834667115666,1.5353648415270096,8,66.71198290930278,66.71198290930278,0
2026-0801-01-01-03-03,9,10,ブルーアンビエンス,アズライトアスール,0.0226421941204447,0.018655477092130356,0.003986717028314345,1.2137022284997527,9,39.28918236550786,39.28918236550786,0
2026-0801-01-01-03-03,10,11,アズライトアスール,アンタレス,0.018655477092130356,0.007798626937828773,0.010856850154301583,2.392148930940432,10,63.72111089531948,63.72111089531948,0
2026-0801-01-01-03-04,1,2,アイドクレース,ブルースカイブルー,0.2671364857182275,0.1587056464440604,0.1084308392741671,1.6832197952855203,1,97.98019032821908,97.98019032821908,1
2026-0801-01-01-03-04,2,3,ブルースカイブルー,マイネルマスター,0.1587056464440604,0.08728571480512078,0.07141993163893963,1.8182316178357016,2,95.00873956107982,95.00873956107982,1
2026-0801-01-01-03-04,3,4,マイネルマスター,アドミラルシップ,0.08728571480512078,0.08621166849693525,0.0010740463081855278,1.0124582475540849,3,19.867935521460478,19.867935521460478,0
2026-0801-01-01-03-04,4,5,アドミラルシップ,ゴールドジェスター,0.08621166849693525,0.050435579552594444,0.035776088944340804,1.7093422790360393,4,87.57040201980966,87.57040201980966,0
2026-0801-01-01-03-04,5,6,ゴールドジェスター,マイバラード,0.050435579552594444,0.04124595756752699,0.009189621985067453,1.2228005488785756,5,59.681491551757624,59.681491551757624,0
2026-0801-01-01-03-04,6,7,マイバラード,リリーズブルーム,0.04124595756752699,0.040044594776617363,0.001201362790909627,1.0300006229957188,6,21.052631578947366,21.052631578947366,0
2026-0801-01-01-03-04,7,8,リリーズブルーム,ドーギッド,0.040044594776617363,0.03657828185141155,0.003466312925205814,1.0947642357639074,7,36.55078656049719,36.55078656049719,0
2026-0801-01-01-03-04,8,9,ドーギッド,ミリオンクラウン,0.03657828185141155,0.03543571697713878,0.001142564874272771,1.0322433118824685,8,20.52825791415809,20.52825791415809,0
2026-0801-01-01-03-04,9,10,ミリオンクラウン,エイカイカッシーナ,0.03543571697713878,0.029277502947062016,0.006158214030076763,1.2103394555612106,9,49.407651971256556,49.407651971256556,0
2026-0801-01-01-03-04,10,11,エイカイカッシーナ,エイトスターズ,0.029277502947062016,0.016808294074694037,0.012469208872367979,1.74184856696083,10,67.37230530200038,67.37230530200038,0
2026-0801-01-01-03-05,1,2,イントゥーザブルー,ハイランドウインド,0.08010432681645208,0.08010432681645208,0.0,1.0,1,9.671780928335599,9.671780928335599,0
2026-0801-01-01-03-05,2,3,ハイランドウインド,ギャルズマインド,0.08010432681645208,0.08010432681645208,0.0,1.0,2,9.671780928335599,9.671780928335599,0
2026-0801-01-01-03-05,3,4,ギャルズマインド,ティアラード,0.08010432681645208,0.08010432681645208,0.0,1.0,3,9.671780928335599,9.671780928335599,0
2026-0801-01-01-03-05,4,5,ティアラード,ベニドルム,0.08010432681645208,0.08010432681645208,0.0,1.0,4,9.671780928335599,9.671780928335599,0
2026-0801-01-01-03-05,5,6,ベニドルム,ブルージェイ,0.08010432681645208,0.08010432681645208,0.0,1.0,5,9.671780928335599,9.671780928335599,0
2026-0801-01-01-03-05,6,7,ブルージェイ,ジューンルル,0.08010432681645208,0.08010432681645208,0.0,1.0,6,9.671780928335599,9.671780928335599,0
2026-0801-01-01-03-05,7,8,ジューンルル,アワードリームス,0.08010432681645208,0.08010432681645208,0.0,1.0,7,9.671780928335599,9.671780928335599,0
2026-0801-01-01-03-05,8,9,アワードリームス,オーシンヒマワリ,0.08010432681645208,0.08010432681645208,0.0,1.0,8,9.671780928335599,9.671780928335599,0
2026-0801-01-01-03-05,9,10,オーシンヒマワリ,セールデュクール,0.08010432681645208,0.08010432681645208,0.0,1.0,9,9.671780928335599,9.671780928335599,0
2026-0801-01-01-03-05,10,11,セールデュクール,スクレイプバイ,0.08010432681645208,0.08010432681645208,0.0,1.0,10,9.671780928335599,9.671780928335599,0
2026-0801-01-01-03-05,11,12,スクレイプバイ,ヒルノバルデス,0.08010432681645208,0.08010432681645208,0.0,1.0,11,9.671780928335599,9.671780928335599,0
2026-0801-01-01-03-06,1,2,ウーマンズパワー,グッバイウェーブ,0.14541851286399302,0.09109979873354045,0.05431871413045257,1.5962550399186985,1,92.75587492717032,92.75587492717032,1
2026-0801-01-01-03-06,2,3,グッバイウェーブ,メモリーデイズ,0.09109979873354045,0.07528503953154002,0.015814759202000428,1.2100650979319068,2,72.67430569042533,72.67430569042533,0
2026-0801-01-01-03-06,3,4,メモリーデイズ,テーオーナタリー,0.07528503953154002,0.06464330847703903,0.010641731054500989,1.1646223144392567,3,63.04136725577783,63.04136725577783,0
2026-0801-01-01-03-06,4,5,テーオーナタリー,セガンティーニ,0.06464330847703903,0.06038055872182568,0.004262749755213346,1.0705980508536186,4,40.88172460671975,40.88172460671975,0
2026-0801-01-01-03-06,5,6,セガンティーニ,エスカレイト,0.06038055872182568,0.03127775487442166,0.029102803847404025,1.9304633265478954,5,84.59895125267042,84.59895125267042,0
2026-0801-01-01-03-06,6,7,エスカレイト,パドゼフィール,0.03127775487442166,0.029358881213795443,0.001918873660626215,1.0653592228754465,6,26.16041949893183,26.16041949893183,0
2026-0801-01-01-03-06,7,8,パドゼフィール,アスコットアイ,0.029358881213795443,0.026283453615653977,0.0030754275981414655,1.1170100262740887,7,34.20081569236745,34.20081569236745,0
2026-0801-01-01-03-06,8,9,アスコットアイ,シェーンルスカ,0.026283453615653977,0.00925411641265651,0.017029337202997468,2.840190510215225,8,74.6358516216741,74.6358516216741,0
2026-0801-01-01-03-07,1,2,コスモクラシック,モンロワイヤル,0.16990067123663422,0.15021821242086,0.019682458815774212,1.131025782417319,1,77.60730238881337,77.60730238881337,0
2026-0801-01-01-03-07,2,3,モンロワイヤル,マンサニージャ,0.15021821242086,0.1471492803357385,0.0030689320851214896,1.0208559095778067,2,34.14255195183531,34.14255195183531,0
2026-0801-01-01-03-07,3,4,マンサニージャ,ヒメヒオウギ,0.1471492803357385,0.12997955717915555,0.017169723156582967,1.1320955658659255,3,74.71353660905031,74.71353660905031,0
2026-0801-01-01-03-07,4,5,ヒメヒオウギ,サウンドファミリエ,0.12997955717915555,0.12893497093647258,0.001044586242682971,1.0081016518256916,4,19.63488055933191,19.63488055933191,0
2026-0801-01-01-03-07,5,6,サウンドファミリエ,サトノフレア,0.12893497093647258,0.09164130706548103,0.03729366387099155,1.4069525530047697,5,88.19188191881919,88.19188191881919,0
2026-0801-01-01-03-07,6,7,サトノフレア,マリノリュミエール,0.09164130706548103,0.05467051184681294,0.03697079521866809,1.6762474681462733,6,88.01709069722277,88.01709069722277,0
2026-0801-01-01-03-07,7,8,マリノリュミエール,ライフイズカラフル,0.05467051184681294,0.04435309162998611,0.010317420216826828,1.2326200911291483,7,62.18683239463974,62.18683239463974,0
2026-0801-01-01-03-07,8,9,ライフイズカラフル,ハヤテノオジョー,0.04435309162998611,0.04402279135299964,0.00033030027698646713,1.0075029380653746,8,13.4006603223927,13.4006603223927,0
2026-0801-01-01-03-07,9,10,ハヤテノオジョー,フォルストランキル,0.04402279135299964,0.03261286635410073,0.01140992499889891,1.3498596190538226,9,65.06117692755875,65.06117692755875,0
2026-0801-01-01-03-07,10,11,フォルストランキル,ボーントゥラブユー,0.03261286635410073,0.029981636480151928,0.0026312298739488045,1.0877613827280808,10,31.656632355797242,31.656632355797242,0
2026-0801-01-01-03-07,11,12,ボーントゥラブユー,ディープマウンテン,0.029981636480151928,0.019675775594410496,0.010305860885741432,1.523784225749613,11,62.16741114779569,62.16741114779569,0
2026-0801-01-01-03-08,1,2,エスシービクトリア,エタンセル,0.377327589111582,0.20961029965393968,0.1677172894576423,1.8001385892512844,1,99.63099630996311,99.63099630996311,1
2026-0801-01-01-03-08,2,3,エタンセル,メイショウコシュウ,0.20961029965393968,0.18083402127220047,0.028776278381739212,1.1591308879783395,2,84.3853175373859,84.3853175373859,0
2026-0801-01-01-03-08,3,4,メイショウコシュウ,デルマホダカ,0.18083402127220047,0.07495053552741135,0.10588348574478912,2.4127115303407645,3,97.92192658768693,97.92192658768693,1
2026-0801-01-01-03-08,4,5,デルマホダカ,タマモスカイ,0.07495053552741135,0.06484284914849853,0.010107686378912822,1.1558797386549888,4,61.778986210914745,61.778986210914745,0
2026-0801-01-01-03-08,5,6,タマモスカイ,ブレイジングスター,0.06484284914849853,0.05800222551119973,0.006840623637298794,1.1179372614931462,5,52.24315401048747,52.24315401048747,0
2026-0801-01-01-03-08,6,7,ブレイジングスター,シーリュウシー,0.05800222551119973,0.05212333939109595,0.005878886120103781,1.11278797921969,6,48.397747135366096,48.397747135366096,0
2026-0801-01-01-03-08,7,8,シーリュウシー,サマーナイト,0.05212333939109595,0.051157647770422254,0.0009656916206736976,1.018876779186709,7,19.071664400854534,19.071664400854534,0
2026-0801-01-01-03-08,8,9,サマーナイト,タイキインドラ,0.051157647770422254,0.04951039133859132,0.0016472564318309318,1.033270923280846,8,23.985239852398525,23.985239852398525,0
2026-0801-01-01-03-08,9,10,タイキインドラ,ウィズマスタング,0.04951039133859132,0.03231255144715008,0.01719783989144124,1.5322340428477077,9,74.77180034958243,74.77180034958243,0
2026-0801-01-01-03-08,10,11,ウィズマスタング,ロードスカイブルー,0.03231255144715008,0.03205448775505216,0.00025806369209792346,1.0080507819706852,10,12.604389201786756,12.604389201786756,0
2026-0801-01-01-03-09,1,2,ジョイエッロ,テルヒコウ,0.3780939229155571,0.2580527202475391,0.12004120266801799,1.4651809233123663,1,98.4463002524762,98.4463002524762,1
2026-0801-01-01-03-09,2,3,テルヒコウ,サタデーサンライズ,0.2580527202475391,0.16544975505832624,0.09260296518921288,1.5597044562354743,2,97.0868129733929,97.0868129733929,1
2026-0801-01-01-03-09,3,4,サタデーサンライズ,ウインベラーノ,0.16544975505832624,0.12505913615933417,0.040390618898992064,1.3229721565286647,3,89.31831423577393,89.31831423577393,0
2026-0801-01-01-03-09,4,5,ウインベラーノ,フォルテフィオーレ,0.12505913615933417,0.0935679142047636,0.031491221954570575,1.336560050763292,4,85.8613322975335,85.8613322975335,0
2026-0801-01-01-03-09,5,6,フォルテフィオーレ,ウィルサヴァイブ,0.0935679142047636,0.06512481528329495,0.02844309892146865,1.43674747940152,5,84.13284132841329,84.13284132841329,0
2026-0801-01-01-03-09,6,7,ウィルサヴァイブ,ウインアクトゥール,0.06512481528329495,0.03526748740466829,0.029857327878626654,1.8465964001357946,6,84.98737618955137,84.98737618955137,0
2026-0801-01-01-03-10,1,2,イヌボウノウタゴエ,ハヤブササキチャン,0.3768661322250372,0.23811350903948467,0.1387526231855525,1.582716300915729,1,99.12604389201786,99.12604389201786,1
2026-0801-01-01-03-10,2,3,ハヤブササキチャン,ルールザウェイヴ,0.23811350903948467,0.2144246330767462,0.02368887596273847,1.110476467292169,2,81.12254806758594,81.12254806758594,0
2026-0801-01-01-03-10,3,4,ルールザウェイヴ,ダノンプレサージュ,0.2144246330767462,0.18225213134157994,0.03217250173516625,1.1765274375577426,3,86.11380850650612,86.11380850650612,0
2026-0801-01-01-03-10,4,5,ダノンプレサージュ,スピナーリート,0.18225213134157994,0.11676468220551132,0.06548744913606862,1.5608498040598238,4,94.29015342785007,94.29015342785007,1
2026-0801-01-01-03-10,5,6,スピナーリート,アルディスティーノ,0.11676468220551132,0.09316572186554088,0.023598960339970443,1.2533008907936016,5,81.08370557389784,81.08370557389784,0
2026-0801-01-01-03-10,6,7,アルディスティーノ,アンディムジーク,0.09316572186554088,0.08606052086028597,0.007105201005254913,1.082560515951208,6,53.33074383375413,53.33074383375413,0
2026-0801-01-01-03-10,7,8,アンディムジーク,ホワイトオーキッド,0.08606052086028597,0.06220992716502554,0.02385059369526043,1.383388870268108,7,81.23907554865022,81.23907554865022,0
2026-0801-01-01-03-10,8,9,ホワイトオーキッド,ユーティジャーニー,0.06220992716502554,0.05986870124244588,0.002341225922579661,1.0391060082145187,8,29.364925228199652,29.364925228199652,0
2026-0801-01-01-03-10,9,10,ユーティジャーニー,オンザヴィーナス,0.05986870124244588,0.027054022176618665,0.03281467906582722,2.2129316244217163,9,86.28859972810254,86.28859972810254,0
2026-0801-01-01-03-10,10,11,オンザヴィーナス,イズントイット,0.027054022176618665,0.021898093726665496,0.005155928449953169,1.2354510175319393,10,45.3291901340066,45.3291901340066,0
2026-0801-01-01-03-10,11,12,イズントイット,オーケーダイナ,0.021898093726665496,0.0199741971341652,0.0019238965925002967,1.0963190950593722,11,26.25752573315207,26.25752573315207,0
2026-0801-01-01-03-10,12,13,オーケーダイナ,フェニーチェドーロ,0.0199741971341652,0.014420501090533425,0.005553696043631774,1.3851250389126624,12,46.92173237521849,46.92173237521849,0
2026-0801-01-01-03-11,1,2,アルマデオロ,ハニーコム,0.12426670230846908,0.11811895879842803,0.006147743510041048,1.0520470513165654,1,49.349388230724415,49.349388230724415,0
2026-0801-01-01-03-11,2,3,ハニーコム,エルフストラック,0.11811895879842803,0.10273261297355202,0.01538634582487601,1.1497708018858348,2,71.97514080403961,71.97514080403961,0
2026-0801-01-01-03-11,3,4,エルフストラック,ヨヒーン,0.10273261297355202,0.09686710216952388,0.00586551080402814,1.0605521448733246,3,48.18411342008157,48.18411342008157,0
2026-0801-01-01-03-11,4,5,ヨヒーン,マイネルフーガ,0.09686710216952388,0.08475938420822694,0.012107717961296935,1.1428481114439448,4,66.67314041561468,66.67314041561468,0
2026-0801-01-01-03-11,5,6,マイネルフーガ,キャントウェイト,0.08475938420822694,0.07870066662402887,0.00605871758419807,1.0769843235654146,5,48.99980578753156,48.99980578753156,0
2026-0801-01-01-03-11,6,7,キャントウェイト,ジャスティンガルフ,0.07870066662402887,0.07384058310069738,0.00486008352333149,1.0658185962142759,6,43.93086036123519,43.93086036123519,0
2026-0801-01-01-03-11,7,8,ジャスティンガルフ,アイスグリーン,0.07384058310069738,0.06591005687632596,0.007930526224371418,1.1203234620059925,7,56.01087589823267,56.01087589823267,0
2026-0801-01-01-03-11,8,9,アイスグリーン,ショウナンサムデイ,0.06591005687632596,0.05855586664026275,0.007354190236063214,1.1255927144114115,8,54.32122742280055,54.32122742280055,0
2026-0801-01-01-03-11,9,10,ショウナンサムデイ,ディーガレジェンド,0.05855586664026275,0.057662945472175,0.00089292116808775,1.0154851813547858,9,18.50844824237716,18.50844824237716,0
2026-0801-01-01-03-11,10,11,ディーガレジェンド,ディヴァインスター,0.057662945472175,0.045150779769912025,0.012512165702262976,1.2771195927517722,10,67.46941153622062,67.46941153622062,0
2026-0801-01-01-03-11,11,12,ディヴァインスター,ワイドアラジン,0.045150779769912025,0.044575661640861006,0.0005751181290510193,1.012902066012719,11,15.672946203146243,15.672946203146243,0
2026-0801-01-01-03-11,12,13,ワイドアラジン,チルカーノ,0.044575661640861006,0.033663548661797785,0.010912112979063221,1.324152188727701,12,63.779374635851624,63.779374635851624,0
2026-0801-01-01-03-11,13,14,チルカーノ,エゾダイモン,0.033663548661797785,0.026416837728022256,0.007246710933775529,1.2743216659156904,13,53.874538745387454,53.874538745387454,0
2026-0801-01-01-03-11,14,15,エゾダイモン,クレバーテースト,0.026416837728022256,0.02384203941678016,0.0025747983112420943,1.1079940464082085,14,31.30704991260439,31.30704991260439,0
2026-0801-01-01-03-11,15,16,クレバーテースト,エンドロール,0.02384203941678016,0.02088600493244922,0.0029560344843309397,1.1415318292747476,15,33.36570207807341,33.36570207807341,0
2026-0801-01-01-03-12,1,2,エアニゲラ,ユージュアーナ,0.19447591569876424,0.151225593526416,0.04325032217234823,1.2859986935002063,1,90.19227034375606,90.19227034375606,1
2026-0801-01-01-03-12,2,3,ユージュアーナ,キャットテイル,0.151225593526416,0.09542083123960976,0.05580476228680625,1.5848278783767433,2,92.93066614876675,92.93066614876675,1
2026-0801-01-01-03-12,3,4,キャットテイル,ハヤブサオヒメサマ,0.09542083123960976,0.0912369883658322,0.004183842873777557,1.0458568717437453,3,40.396193435618564,40.396193435618564,0
2026-0801-01-01-03-12,4,5,ハヤブサオヒメサマ,カスバートテソーロ,0.0912369883658322,0.053898963070031856,0.037338025295800346,1.6927410690125226,4,88.23072441250727,88.23072441250727,0
2026-0801-01-01-03-12,5,6,カスバートテソーロ,タマモカンパネラ,0.053898963070031856,0.04085604277330436,0.013042920296727496,1.3192409105575402,5,68.45989512526704,68.45989512526704,0
2026-0801-01-01-03-12,6,7,タマモカンパネラ,エーリアル,0.04085604277330436,0.030957609496958468,0.009898433276345892,1.3197415251755273,6,61.39056127403379,61.39056127403379,0
2026-0801-01-01-03-12,7,8,エーリアル,エンプレスフレーム,0.030957609496958468,0.030786613303226518,0.00017099619373195027,1.0055542385272378,7,11.691590600116527,11.691590600116527,0
2026-0801-04-02-03-01,1,2,セイリュウ,エストレアボニータ,0.2715864046397981,0.23919854066733348,0.032387863972464626,1.1354015951857674,1,86.1914934938823,86.1914934938823,0
2026-0801-04-02-03-01,2,3,エストレアボニータ,スペシャルサンクス,0.23919854066733348,0.12486686983341841,0.11433167083391507,1.9156285489212785,2,98.25208778403574,98.25208778403574,1
2026-0801-04-02-03-01,3,4,スペシャルサンクス,コスモルトチェコ,0.12486686983341841,0.06879655061949179,0.05607031921392662,1.8150164319145456,3,92.98892988929889,92.98892988929889,1
2026-0801-04-02-03-01,4,5,コスモルトチェコ,クールストラッチン,0.06879655061949179,0.04506651346915582,0.02373003715033597,1.5265558687289433,4,81.16139056127403,81.16139056127403,0
2026-0801-04-02-03-01,5,6,クールストラッチン,フォーエバーブルー,0.04506651346915582,0.042614471570234715,0.0024520418989211062,1.0575401221362042,5,30.297145076713928,30.297145076713928,0
2026-0801-04-02-03-01,6,7,フォーエバーブルー,サザンキンレンカ,0.042614471570234715,0.033234278498410944,0.009380193071823771,1.2822445226928056,6,60.10875898232666,60.10875898232666,0
2026-0801-04-02-03-01,7,8,サザンキンレンカ,ブレイヴアーサー,0.033234278498410944,0.01999646486948151,0.013237813628929434,1.662007695626886,7,68.75121382792774,68.75121382792774,0
2026-0801-04-02-03-01,8,9,ブレイヴアーサー,エバーメテオ,0.01999646486948151,0.019434141352525372,0.0005623235169561376,1.0289348269499474,8,15.517576228393862,15.517576228393862,0
2026-0801-04-02-03-01,9,10,エバーメテオ,エレガントステップ,0.019434141352525372,0.019132131193527198,0.00030201015899817413,1.0157854948799614,9,13.187026607108177,13.187026607108177,0
2026-0801-04-02-03-01,10,11,エレガントステップ,ドリームユー,0.019132131193527198,0.016236747341349462,0.002895383852177736,1.1783228987498118,10,33.13264711594484,33.13264711594484,0
2026-0801-04-02-03-02,1,2,アニエーネ,シェーンリヒト,0.11843492100033122,0.11843492100033122,0.0,1.0,1,9.671780928335599,9.671780928335599,0
2026-0801-04-02-03-02,2,3,シェーンリヒト,ホウオウモノポリー,0.11843492100033122,0.11843492100033122,0.0,1.0,2,9.671780928335599,9.671780928335599,0
2026-0801-04-02-03-02,3,4,ホウオウモノポリー,コスモイェーガー,0.11843492100033122,0.11843492100033122,0.0,1.0,3,9.671780928335599,9.671780928335599,0
2026-0801-04-02-03-02,4,5,コスモイェーガー,テングカゼ,0.11843492100033122,0.11843492100033122,0.0,1.0,4,9.671780928335599,9.671780928335599,0
2026-0801-04-02-03-02,5,6,テングカゼ,セイウンサイフィー,0.11843492100033122,0.11843492100033122,0.0,1.0,5,9.671780928335599,9.671780928335599,0
2026-0801-04-02-03-02,6,7,セイウンサイフィー,ピュアレスト,0.11843492100033122,0.11843492100033122,0.0,1.0,6,9.671780928335599,9.671780928335599,0
2026-0801-04-02-03-02,7,8,ピュアレスト,マイネルサリーレ,0.11843492100033122,0.11843492100033122,0.0,1.0,7,9.671780928335599,9.671780928335599,0
2026-0801-04-02-03-03,1,2,ラスティレッド,ニシノアトール,0.0514680105744287,0.0514680105744287,0.0,1.0,1,9.671780928335599,9.671780928335599,0
2026-0801-04-02-03-03,2,3,ニシノアトール,ボーデコール,0.0514680105744287,0.0514680105744287,0.0,1.0,2,9.671780928335599,9.671780928335599,0
2026-0801-04-02-03-03,3,4,ボーデコール,フジサンインフレ,0.0514680105744287,0.0514680105744287,0.0,1.0,3,9.671780928335599,9.671780928335599,0
2026-0801-04-02-03-03,4,5,フジサンインフレ,ノワールブレイブ,0.0514680105744287,0.0514680105744287,0.0,1.0,4,9.671780928335599,9.671780928335599,0
2026-0801-04-02-03-03,5,6,ノワールブレイブ,ラフエルガ,0.0514680105744287,0.0514680105744287,0.0,1.0,5,9.671780928335599,9.671780928335599,0
2026-0801-04-02-03-03,6,7,ラフエルガ,ヴォルールドクール,0.0514680105744287,0.0514680105744287,0.0,1.0,6,9.671780928335599,9.671780928335599,0
2026-0801-04-02-03-03,7,8,ヴォルールドクール,ランドフォートレス,0.0514680105744287,0.0514680105744287,0.0,1.0,7,9.671780928335599,9.671780928335599,0
2026-0801-04-02-03-03,8,9,ランドフォートレス,ティーシュペランサ,0.0514680105744287,0.0514680105744287,0.0,1.0,8,9.671780928335599,9.671780928335599,0
2026-0801-04-02-03-03,9,10,ティーシュペランサ,ニシノタカオ,0.0514680105744287,0.0514680105744287,0.0,1.0,9,9.671780928335599,9.671780928335599,0
2026-0801-04-02-03-03,10,11,ニシノタカオ,ウィルステート,0.0514680105744287,0.0514680105744287,0.0,1.0,10,9.671780928335599,9.671780928335599,0
2026-0801-04-02-03-03,11,12,ウィルステート,マルスフィス,0.0514680105744287,0.0514680105744287,0.0,1.0,11,9.671780928335599,9.671780928335599,0
2026-0801-04-02-03-03,12,13,マルスフィス,ノーセット,0.0514680105744287,0.0514680105744287,0.0,1.0,12,9.671780928335599,9.671780928335599,0
2026-0801-04-02-03-03,13,14,ノーセット,サイモンオリエント,0.0514680105744287,0.0514680105744287,0.0,1.0,13,9.671780928335599,9.671780928335599,0
2026-0801-04-02-03-03,14,15,サイモンオリエント,ラヴトリガー,0.0514680105744287,0.0514680105744287,0.0,1.0,14,9.671780928335599,9.671780928335599,0
2026-0801-04-02-03-03,15,16,ラヴトリガー,セイカタカキヤチク,0.0514680105744287,0.0514680105744287,0.0,1.0,15,9.671780928335599,9.671780928335599,0
2026-0801-04-02-03-03,16,17,セイカタカキヤチク,ビーズスティンガー,0.0514680105744287,0.0514680105744287,0.0,1.0,16,9.671780928335599,9.671780928335599,0
2026-0801-04-02-03-03,17,18,ビーズスティンガー,ヴォーチェカノーラ,0.0514680105744287,0.0514680105744287,0.0,1.0,17,9.671780928335599,9.671780928335599,0
2026-0801-04-02-03-04,1,2,ユニバーサルラヴ,メジロピオラ,0.20229582956945266,0.15027654030165666,0.052019289267796004,1.3461570858856307,1,92.32860749660128,92.32860749660128,1
2026-0801-04-02-03-04,2,3,メジロピオラ,タマモチョコチップ,0.15027654030165666,0.1463657687963369,0.003910771505319766,1.0267191675859775,2,38.90075742862692,38.90075742862692,0
2026-0801-04-02-03-04,3,4,タマモチョコチップ,イデアクリスタル,0.1463657687963369,0.07351734771242872,0.07284842108390817,1.990901104986307,3,95.26121577005243,95.26121577005243,1
2026-0801-04-02-03-04,4,5,イデアクリスタル,フィクセルリリア,0.07351734771242872,0.06764709956329963,0.0058702481491290925,1.0867775290740456,4,48.28121965430181,48.28121965430181,0
2026-0801-04-02-03-04,5,6,フィクセルリリア,アジュアカレンツ,0.06764709956329963,0.053986545084397076,0.013660554478902555,1.253036278901475,5,69.48922120800155,69.48922120800155,0
2026-0801-04-02-03-04,6,7,アジュアカレンツ,ブルージンジャー,0.053986545084397076,0.05354442413790775,0.0004421209464893286,1.0082570865894573,6,14.410565158283163,14.410565158283163,0
2026-0801-04-02-03-04,7,8,ブルージンジャー,アースアクシス,0.05354442413790775,0.046886992917359746,0.006657431220548002,1.1419888716745388,7,51.48572538356962,51.48572538356962,0
2026-0801-04-02-03-04,8,9,アースアクシス,ドナソラーレ,0.046886992917359746,0.04554062156450714,0.0013463713528526072,1.0295641848222363,8,22.043115167993786,22.043115167993786,0
2026-0801-04-02-03-04,9,10,ドナソラーレ,ハニーアンバー,0.04554062156450714,0.03295029694732856,0.012590324617178579,1.3821004902415406,9,67.68304525150515,67.68304525150515,0
2026-0801-04-02-03-04,10,11,ハニーアンバー,プロミスライン,0.03295029694732856,0.031160759028486813,0.0017895379188417465,1.0574292146480055,10,25.169935909885417,25.169935909885417,0
2026-0801-04-02-03-04,11,12,プロミスライン,レディソフィア,0.031160759028486813,0.023651883969509676,0.007508875058977137,1.317474712317084,11,54.69023111283744,54.69023111283744,0
2026-0801-04-02-03-04,12,13,レディソフィア,ノアレジェンド,0.023651883969509676,0.022413420333065568,0.001238463636444108,1.055255450441763,12,21.305107787919987,21.305107787919987,0
2026-0801-04-02-03-04,13,14,ノアレジェンド,ジュンサク,0.022413420333065568,0.011352205285237074,0.011061215047828494,1.9743670740532682,13,64.22606331326472,64.22606331326472,0
2026-0801-04-02-03-05,1,2,サクラドール,レイズレガシー,0.32679568523961144,0.24319784288572546,0.08359784235388598,1.3437441770121588,1,96.36822684016315,96.36822684016315,1
2026-0801-04-02-03-05,2,3,レイズレガシー,イイクニパッション,0.24319784288572546,0.19541576037961814,0.047782082506107326,1.2445149890330494,2,91.49349388230725,91.49349388230725,1
2026-0801-04-02-03-05,3,4,イイクニパッション,エリースノー,0.19541576037961814,0.1876015799782607,0.007814180401357423,1.04165306284874,3,55.68071470188386,55.68071470188386,0
2026-0801-04-02-03-05,4,5,エリースノー,ヴィスクレス,0.1876015799782607,0.14883483119850197,0.03876674877975875,1.260468255095847,4,88.69683433676443,88.69683433676443,0
2026-0801-04-02-03-05,5,6,ヴィスクレス,シェリアドレ,0.14883483119850197,0.14714348962339702,0.0016913415751049488,1.0114945049858055,5,24.295979801903282,24.295979801903282,0
2026-0801-04-02-03-05,6,7,シェリアドレ,ロンバスブレス,0.14714348962339702,0.08882886632337722,0.0583146233000198,1.6564828046744198,6,93.39677607302389,93.39677607302389,1
2026-0801-04-02-03-05,7,8,ロンバスブレス,ジーティーニッツァ,0.08882886632337722,0.08852756178330086,0.00030130454007636087,1.0034035111100643,7,13.167605360264128,13.167605360264128,0
2026-0801-04-02-03-05,8,9,ジーティーニッツァ,ユキノサイエンス,0.08852756178330086,0.08520810882153883,0.0033194529617620316,1.0389570078208676,8,35.67683045251505,35.67683045251505,0
2026-0801-04-02-03-05,9,10,ユキノサイエンス,エクスペクタント,0.08520810882153883,0.056193678413552384,0.029014430407986444,1.5163290823294628,9,84.50184501845018,84.50184501845018,0
2026-0801-04-02-03-05,10,11,エクスペクタント,ペイシャダンシング,0.056193678413552384,0.049203650653634634,0.00699002775991775,1.1420631938293262,10,52.8257914158089,52.8257914158089,0
2026-0801-04-02-03-05,11,12,ペイシャダンシング,ヒラボクキャンティ,0.049203650653634634,0.049203650653634634,0.0,1.0,11,9.671780928335599,9.671780928335599,0
2026-0801-04-02-03-05,12,13,ヒラボクキャンティ,ウィズアバウンス,0.049203650653634634,0.013498592308520749,0.03570505834511389,3.645094949832339,12,87.49271703243349,87.49271703243349,0
2026-0801-04-02-03-05,13,14,ウィズアバウンス,シュンポシオン,0.013498592308520749,0.007184444582943846,0.006314147725576903,1.878863724631816,13,49.932025636045836,49.932025636045836,0
2026-0801-04-02-03-05,14,15,シュンポシオン,バル,0.007184444582943846,0.0070858485202775975,9.859606266624833e-05,1.0139145033067098,14,10.720528257914157,10.720528257914157,0
2026-0801-04-02-03-06,1,2,コンフォルツァ,リカントロポ,0.2603860047516274,0.10081919802758767,0.15956680672403972,2.582702598768705,1,99.45620508836667,99.45620508836667,1
2026-0801-04-02-03-06,2,3,リカントロポ,エリカアンディーヴ,0.10081919802758767,0.09971609787884535,0.0011031001487423198,1.0110624078980968,2,20.081569236744997,20.081569236744997,0
2026-0801-04-02-03-06,3,4,エリカアンディーヴ,ミーントゥビー,0.09971609787884535,0.08073421433897741,0.018981883539867933,1.235115727517568,3,76.9664012429598,76.9664012429598,0
2026-0801-04-02-03-06,4,5,ミーントゥビー,クラッシファイド,0.08073421433897741,0.07494314660991298,0.005791067729064431,1.077272812672352,4,47.93163721110895,47.93163721110895,0
2026-0801-04-02-03-06,5,6,クラッシファイド,セイロンジェムズ,0.07494314660991298,0.07103620454796421,0.003906942061948776,1.0549993075616924,5,38.861914934938824,38.861914934938824,0
2026-0801-04-02-03-06,6,7,セイロンジェムズ,タイセイプランセス,0.07103620454796421,0.06938025995283736,0.0016559445951268431,1.0238676620158602,6,24.043503592930666,24.043503592930666,0
2026-0801-04-02-03-06,7,8,タイセイプランセス,ホウオウトランプ,0.06938025995283736,0.05092441133190189,0.018455848620935474,1.3624165334116234,7,76.38376383763837,76.38376383763837,0
2026-0801-04-02-03-06,8,9,ホウオウトランプ,キーウェーブ,0.05092441133190189,0.044590730836177435,0.006333680495724456,1.1420402935083944,8,50.08739561079821,50.08739561079821,0
2026-0801-04-02-03-06,9,10,キーウェーブ,ツルマウカタチ,0.044590730836177435,0.04357972664778201,0.001011004188395427,1.0231989566287671,9,19.440668090891435,19.440668090891435,0
2026-0801-04-02-03-06,10,11,ツルマウカタチ,スピンザブラッド,0.04357972664778201,0.021757520765006075,0.021822205882775933,2.0029730003923008,10,79.68537580112644,79.68537580112644,0
2026-0801-04-02-03-06,11,12,スピンザブラッド,コスモスプモーニ,0.021757520765006075,0.009669275503535515,0.01208824526147056,2.250170734823986,11,66.61487667508254,66.61487667508254,0
2026-0801-04-02-03-07,1,2,ブルータス,レイバックスピン,0.1440983218864825,0.13397285152471938,0.010125470361763117,1.0755785239063518,1,61.81782870460284,61.81782870460284,0
2026-0801-04-02-03-07,2,3,レイバックスピン,ペンナヴェローチェ,0.13397285152471938,0.07692588396306398,0.05704696756165541,1.7415835167919105,2,93.22198485142746,93.22198485142746,1
2026-0801-04-02-03-07,3,4,ペンナヴェローチェ,ショウサンジョージ,0.07692588396306398,0.05695303839854405,0.019972845564519927,1.3506897283469694,3,78.01514857253837,78.01514857253837,0
2026-0801-04-02-03-07,4,5,ショウサンジョージ,アデランテ,0.05695303839854405,0.04726266146845828,0.009690376930085773,1.2050324003982054,4,60.96329384346475,60.96329384346475,0
2026-0801-04-02-03-07,5,6,アデランテ,アラレタバシル,0.04726266146845828,0.042756956085730345,0.004505705382727931,1.10537947027131,5,42.18294814527093,42.18294814527093,0
2026-0801-04-02-03-07,6,7,アラレタバシル,ラフエイジアン,0.042756956085730345,0.03614262215581817,0.006614333929912175,1.1830064764365031,6,51.213827927752966,51.213827927752966,0
2026-0801-04-02-03-07,7,8,ラフエイジアン,フームスムート,0.03614262215581817,0.029636734801042914,0.006505887354775256,1.2195210571761879,7,50.78656049718392,50.78656049718392,0
2026-0801-04-02-03-07,8,9,フームスムート,エイブラムス,0.029636734801042914,0.028172513438158492,0.001464221362884422,1.0519734018797626,8,22.800543794911636,22.800543794911636,0
2026-0801-04-02-03-07,9,10,エイブラムス,ベルダイナフェロー,0.028172513438158492,0.02790125234352118,0.0002712610946373102,1.0097221834811403,9,12.759759176539134,12.759759176539134,0
2026-0801-04-02-03-07,10,11,ベルダイナフェロー,クロニクル,0.02790125234352118,0.021232052368830658,0.006669199974690523,1.3141100002410095,10,51.54398912410176,51.54398912410176,0
2026-0801-04-02-03-07,11,12,クロニクル,カフェニクス,0.021232052368830658,0.019341079793425506,0.0018909725754051518,1.097769752030491,11,25.946785783647307,25.946785783647307,0
2026-0801-04-02-03-07,12,13,カフェニクス,サンセットブライト,0.019341079793425506,0.016208488168478967,0.0031325916249465395,1.1932685881856993,12,34.37560691396387,34.37560691396387,0
2026-0801-04-02-03-07,13,14,サンセットブライト,オレデイイノカ,0.016208488168478967,0.010839504589685888,0.0053689835787930785,1.4953163250562047,13,46.241988735676834,46.241988735676834,0
2026-0801-04-02-03-07,14,15,オレデイイノカ,ゲンパチムサシ,0.010839504589685888,0.007982632152208043,0.0028568724374778455,1.3578860184215826,14,32.84132841328413,32.84132841328413,0
2026-0801-04-02-03-08,1,2,リアライズルミナス,ウィロークリーク,0.4025561848963092,0.17653768764548666,0.22601849725082251,2.280284681788177,1,99.94173625946786,99.94173625946786,1
2026-0801-04-02-03-08,2,3,ウィロークリーク,ディアアズール,0.17653768764548666,0.14819063449366243,0.02834705315182423,1.1912877507318893,2,84.07457758788114,84.07457758788114,0
2026-0801-04-02-03-08,3,4,ディアアズール,スイートオレンジ,0.14819063449366243,0.1309087052058179,0.017281929287844527,1.132015126577514,3,74.94659157117887,74.94659157117887,0
2026-0801-04-02-03-08,4,5,スイートオレンジ,モウエエデショー,0.1309087052058179,0.12021696234525654,0.010691742860561362,1.0889370572336976,4,63.196737230530196,63.196737230530196,0
2026-0801-04-02-03-08,5,6,モウエエデショー,ベルウッドクレド,0.12021696234525654,0.09502226834435622,0.025194694000900325,1.2651451542873713,5,82.34608661876092,82.34608661876092,0
2026-0801-04-02-03-08,6,7,ベルウッドクレド,サフランルージュ,0.09502226834435622,0.07722983719370065,0.01779243115065557,1.230382864928619,6,75.56807147018839,75.56807147018839,0
2026-0801-04-02-03-08,7,8,サフランルージュ,ティラーノ,0.07722983719370065,0.07441959234598113,0.002810244847719523,1.0377621639561598,7,32.647115944843655,32.647115944843655,0
2026-0801-04-02-03-08,8,9,ティラーノ,ムーンストラック,0.07441959234598113,0.06766939838565876,0.006750193960322365,1.0997525339571061,8,51.85472907360652,51.85472907360652,0
2026-0801-04-02-03-08,9,10,ムーンストラック,クモヒトツナイ,0.06766939838565876,0.04328270530453648,0.024386693081122283,1.5634281154456005,9,81.62750048553117,81.62750048553117,0
2026-0801-04-02-03-08,10,11,クモヒトツナイ,マイネルボス,0.04328270530453648,0.028782378907843794,0.014500326396692683,1.5037917971659056,10,70.51854729073607,70.51854729073607,0
2026-0801-04-02-03-08,11,12,マイネルボス,デリシュー,0.028782378907843794,0.02860370905798483,0.0001786698498589638,1.0062463874701273,11,11.827539328024859,11.827539328024859,0
2026-0801-04-02-03-09,1,2,エアサロメ,フィールマイプラン,0.20451320357711264,0.11349872898997876,0.09101447458713388,1.8018986238618575,1,97.00912798601671,97.00912798601671,1
2026-0801-04-02-03-09,2,3,フィールマイプラン,クラシオン,0.11349872898997876,0.09333306946125626,0.0201656595287225,1.2160612486562816,2,78.20936104097883,78.20936104097883,0
2026-0801-04-02-03-09,3,4,クラシオン,ブリックンクリック,0.09333306946125626,0.08942364510830492,0.003909424352951343,1.0437180160595831,3,38.88133618178287,38.88133618178287,0
2026-0801-04-02-03-09,4,5,ブリックンクリック,トモジャシーマ,0.08942364510830492,0.0848298056604543,0.00459383944785062,1.05415360099065,4,42.68790056321616,42.68790056321616,0
2026-0801-04-02-03-09,5,6,トモジャシーマ,グランルチャドール,0.0848298056604543,0.06720388603502792,0.01762591962542638,1.262275303785847,5,75.37385900174792,75.37385900174792,0
2026-0801-04-02-03-09,6,7,グランルチャドール,ガルディーノ,0.06720388603502792,0.06218292370479113,0.005020962330236786,1.080745034666968,6,44.74655272868518,44.74655272868518,0
2026-0801-04-02-03-09,7,8,ガルディーノ,キングクレオール,0.06218292370479113,0.05050540867218412,0.011677515032607007,1.2312131579491288,7,65.56612934550398,65.56612934550398,0
2026-0801-04-02-03-09,8,9,キングクレオール,ホウオウルクソール,0.05050540867218412,0.045009030665120894,0.005496378007063228,1.1221172268284945,8,46.70809865993397,46.70809865993397,0
2026-0801-04-02-03-09,9,10,ホウオウルクソール,アルマーレシチー,0.045009030665120894,0.02504798211198031,0.019961048553140584,1.7969124404473815,9,77.93746358516216,77.93746358516216,0
2026-0801-04-02-03-09,10,11,アルマーレシチー,グッドヴァイブス,0.02504798211198031,0.022333231614264353,0.002714750497715957,1.121556546074686,10,32.20042726743057,32.20042726743057,0
2026-0801-04-02-03-09,11,12,グッドヴァイブス,ノーブルミステリー,0.022333231614264353,0.016321422242846193,0.00601180937141816,1.36833857258078,11,48.786172072247034,48.786172072247034,0
2026-0801-04-02-03-09,12,13,ノーブルミステリー,デルマエアロール,0.016321422242846193,0.014181639928593493,0.0021397823142527,1.150883982742955,12,27.850067974363956,27.850067974363956,0
2026-0801-04-02-03-09,13,14,デルマエアロール,アカツキロットリー,0.014181639928593493,0.010697564991707738,0.003484074936885755,1.3256885973197126,13,36.66731404156147,36.66731404156147,0
2026-0801-04-02-03-10,1,2,ゴールドプレイヤー,ロードプレリュード,0.2895931576907549,0.07974559839210459,0.2098475592986503,3.6314625951747423,1,99.90289376577977,99.90289376577977,1
2026-0801-04-02-03-10,2,3,ロードプレリュード,ゼンノスタニング,0.07974559839210459,0.04010000468702282,0.039645593705081764,1.9886680566377062,2,89.06583802680133,89.06583802680133,0
2026-0801-04-02-03-10,3,4,ゼンノスタニング,タマモブレイキン,0.04010000468702282,0.031628775536182284,0.008471229150840538,1.2678329782684672,3,57.75878811419693,57.75878811419693,0
2026-0801-04-02-03-10,4,5,タマモブレイキン,ブライトラン,0.031628775536182284,0.031463107012399134,0.00016566852378314956,1.0052654851829435,4,11.61390561274034,11.61390561274034,0
2026-0801-04-02-03-10,5,6,ブライトラン,ノクターナルハント,0.031463107012399134,0.027962794539404954,0.0035003124729941805,1.1251774914006383,5,36.744999028937656,36.744999028937656,0
2026-0801-04-02-03-10,6,7,ノクターナルハント,ニュークリアス,0.027962794539404954,0.026169009511675796,0.0017937850277291584,1.068546156740431,6,25.20877840357351,25.20877840357351,0
2026-0801-04-02-03-10,7,8,ニュークリアス,デアトゥノウ,0.026169009511675796,0.02452202754394099,0.0016469819677348042,1.0671633683137978,7,23.965818605554475,23.965818605554475,0
2026-0801-04-02-03-10,8,9,デアトゥノウ,イネガラーブル,0.02452202754394099,0.023820812228298478,0.0007012153156425137,1.029437086734158,8,16.915906001165272,16.915906001165272,0
2026-0801-04-02-03-10,9,10,イネガラーブル,パワポケグッド,0.023820812228298478,0.02137050166282409,0.0024503105654743867,1.1146585421406798,9,30.277723829869878,30.277723829869878,0
2026-0801-04-02-03-10,10,11,パワポケグッド,クリアーゲイル,0.02137050166282409,0.019028980727769387,0.0023415209350547035,1.1230502552161228,10,29.403767721887746,29.403767721887746,0
2026-0801-04-02-03-10,11,12,クリアーゲイル,ダイヒョウカーク,0.019028980727769387,0.018509318075601622,0.0005196626521677648,1.028075731912175,11,14.915517576228392,14.915517576228392,0
2026-0801-04-02-03-10,12,13,ダイヒョウカーク,タニセンローマ,0.018509318075601622,0.01737012295877191,0.0011391951168297117,1.0655835954376143,12,20.4505729267819,20.4505729267819,0
2026-0801-04-02-03-10,13,14,タニセンローマ,セイクリッドシチー,0.01737012295877191,0.013941699439473296,0.0034284235192986144,1.2459114496179482,13,36.31773159836861,36.31773159836861,0
2026-0801-04-02-03-11,1,2,クリスタルドレス,ジワタネホ,0.25306279344329363,0.2334588034765053,0.019603989966788332,1.0839719456917427,1,77.56845989512526,77.56845989512526,0
2026-0801-04-02-03-11,2,3,ジワタネホ,ブライトエアリー,0.2334588034765053,0.16075802471817918,0.07270077875832612,1.4522373230560404,2,95.22237327636435,95.22237327636435,1
2026-0801-04-02-03-11,3,4,ブライトエアリー,ブライスフェアリー,0.16075802471817918,0.11404212390721082,0.04671590081096837,1.409637239385144,3,91.26043892017867,91.26043892017867,1
2026-0801-04-02-03-11,4,5,ブライスフェアリー,ヴェニゼロス,0.11404212390721082,0.08236083310352904,0.031681290803681775,1.3846645257201056,4,85.95843853175373,85.95843853175373,0
2026-0801-04-02-03-11,5,6,ヴェニゼロス,ジャストビコーズ,0.08236083310352904,0.0755778815236431,0.00678295157988594,1.0897478394887798,5,52.048941542047004,52.048941542047004,0
2026-0801-04-02-03-11,6,7,ジャストビコーズ,フロンテアムーン,0.0755778815236431,0.05780545839675655,0.017772423126886552,1.3074523344301299,6,75.52922897650029,75.52922897650029,0
2026-0801-04-02-03-11,7,8,フロンテアムーン,アニゴザントス,0.05780545839675655,0.0425117829055874,0.015293675491169147,1.3597514487956013,7,71.81977082928725,71.81977082928725,0
2026-0801-04-02-03-11,8,9,アニゴザントス,ウラヌスリング,0.0425117829055874,0.04250096712270947,1.0815782877933444e-05,1.000254483217916,8,9.827150903087977,9.827150903087977,0
2026-0801-04-02-03-11,9,10,ウラヌスリング,クイーンアン,0.04250096712270947,0.030247137687117176,0.012253829435592292,1.4051236041687154,9,67.04214410565157,67.04214410565157,0
2026-0801-04-02-03-11,10,11,クイーンアン,キリスパークル,0.030247137687117176,0.02895421939081173,0.001292918296305446,1.0446538820078064,10,21.674111477956885,21.674111477956885,0
2026-0801-04-02-03-11,11,12,キリスパークル,カタカムナ,0.02895421939081173,0.02717635563497958,0.0017778637558321514,1.0654195058274776,11,25.01456593513304,25.01456593513304,0
2026-0801-04-02-03-11,12,13,カタカムナ,パルミエ,0.02717635563497958,0.01687948341099152,0.01029687222398806,1.6100229475792476,12,62.147989900951636,62.147989900951636,0
2026-0801-04-02-03-11,13,14,パルミエ,ティンブロポップ,0.01687948341099152,0.01308199580750369,0.0037974876034878296,1.290283505618434,13,38.18217129539717,38.18217129539717,0
2026-0801-04-02-03-11,14,15,ティンブロポップ,フュチュール,0.01308199580750369,0.013006444756217313,7.555105128637628e-05,1.0058087396442645,14,10.623422023693921,10.623422023693921,0
2026-0801-04-02-03-11,15,16,フュチュール,ヤマニンジェンナ,0.013006444756217313,0.010370343571242386,0.002636101184974928,1.254196128302345,15,31.753738590017477,31.753738590017477,0
2026-0801-04-02-03-11,16,17,ヤマニンジェンナ,ケープティアラ,0.010370343571242386,0.00868324671681496,0.0016870968544274254,1.194293322468932,16,24.25713730821519,24.25713730821519,0
2026-0801-04-02-03-11,17,18,ケープティアラ,ラスターヴァース,0.00868324671681496,0.008451660625702021,0.000231586091112939,1.027401253004489,17,12.351912992814139,12.351912992814139,0
2026-0801-04-02-03-12,1,2,ヤマニンアレシス,ホウオウショコラ,0.08719681993301853,0.0805245045383223,0.006672315394696232,1.0828606823842153,1,51.62167411147796,51.62167411147796,0
2026-0801-04-02-03-12,2,3,ホウオウショコラ,カシオペア,0.0805245045383223,0.07990140025996545,0.0006231042783568508,1.0077984150006074,2,16.313847348999804,16.313847348999804,0
2026-0801-04-02-03-12,3,4,カシオペア,タイキオーベロン,0.07990140025996545,0.06327047528100775,0.016630924978957698,1.2628544341589591,3,74.07263546319673,74.07263546319673,0
2026-0801-04-02-03-12,4,5,タイキオーベロン,ゴールドパレード,0.06327047528100775,0.05909562384373136,0.004174851437276389,1.0706456953278993,4,40.33792969508642,40.33792969508642,0
2026-0801-04-02-03-12,5,6,ゴールドパレード,レモンバーム,0.05909562384373136,0.0542863527825911,0.004809271061140263,1.0885907933509678,5,43.71722664595067,43.71722664595067,0
2026-0801-04-02-03-12,6,7,レモンバーム,カガラプンツェル,0.0542863527825911,0.05293895278964601,0.0013473999929450864,1.025451957810707,6,22.062536414837833,22.062536414837833,0
2026-0801-04-02-03-12,7,8,カガラプンツェル,シルフィー,0.05293895278964601,0.04746779569716517,0.00547115709248084,1.1152603994376673,7,46.591571178869685,46.591571178869685,0
2026-0801-04-02-03-12,8,9,シルフィー,ダイユウルミナス,0.04746779569716517,0.03808012634988565,0.009387669347279526,1.246524112368333,8,60.205865216546904,60.205865216546904,0
2026-0801-04-02-03-12,9,10,ダイユウルミナス,ソナタン,0.03808012634988565,0.034561623900593204,0.0035185024492924433,1.1018037364046442,9,36.86152651000194,36.86152651000194,0
2026-0801-04-02-03-12,10,11,ソナタン,ラブソング,0.034561623900593204,0.028261088656848232,0.006300535243744972,1.2229402879785463,10,49.89318314235774,49.89318314235774,0
2026-0801-04-02-03-12,11,12,ラブソング,ロードストラダーレ,0.028261088656848232,0.026243374245764343,0.0020177144110838895,1.0768847173457334,11,27.03437560691396,27.03437560691396,0
2026-0801-04-02-03-12,12,13,ロードストラダーレ,ソルトバーン,0.026243374245764343,0.02436244696691685,0.0018809272788474912,1.0772060081403854,12,25.830258302583026,25.830258302583026,0
2026-0801-04-02-03-12,13,14,ソルトバーン,アスクザアメリカン,0.02436244696691685,0.01990073422279345,0.004461712744123401,1.2241983986205467,13,42.027578170518545,42.027578170518545,0
2026-0801-04-02-03-12,14,15,アスクザアメリカン,グラデュエール,0.01990073422279345,0.018657930061854917,0.0012428041609385335,1.0666099699601392,14,21.34395028160808,21.34395028160808,0
2026-0801-04-02-03-12,15,16,グラデュエール,クリノゴッホ,0.018657930061854917,0.012766817583462266,0.005891112478392651,1.4614393869012283,15,48.49485336958633,48.49485336958633,0
2026-0801-04-02-03-12,16,17,クリノゴッホ,ステキサプライズ,0.012766817583462266,0.009593788640953478,0.0031730289425087876,1.3307378410406003,16,34.66692561662459,34.66692561662459,0
2026-0801-07-02-03-01,1,2,オスカーレイア,アーデルボーデン,0.270331737323319,0.24538532166314164,0.024946415660177357,1.1016622163505898,1,82.03534666925617,82.03534666925617,0
2026-0801-07-02-03-01,2,3,アーデルボーデン,サイモンレガシー,0.24538532166314164,0.22815261383819885,0.017232707824942795,1.0755314941829415,2,74.84948533695864,74.84948533695864,0
2026-0801-07-02-03-01,3,4,サイモンレガシー,シャインラブ,0.22815261383819885,0.1290455402972571,0.09910707354094175,1.768000764014379,3,97.4946591571179,97.4946591571179,1
2026-0801-07-02-03-01,4,5,シャインラブ,ヤマニンイハナ,0.1290455402972571,0.11654664223502184,0.012498898062235253,1.1072437422695596,4,67.43056904253253,67.43056904253253,0
2026-0801-07-02-03-01,5,6,ヤマニンイハナ,クラリスバローズ,0.11654664223502184,0.11654664223502184,0.0,1.0,5,9.671780928335599,9.671780928335599,0
2026-0801-07-02-03-01,6,7,クラリスバローズ,フェーエンハフト,0.11654664223502184,0.11339991343776827,0.00314672879725357,1.0277489523744692,6,34.453291901340066,34.453291901340066,0
2026-0801-07-02-03-01,7,8,フェーエンハフト,メモリアデルレ,0.11339991343776827,0.05124719252254586,0.06215272091522241,2.2128024552345718,7,93.94057098465721,93.94057098465721,1
2026-0801-07-02-03-01,8,9,メモリアデルレ,ディーヴァレギオン,0.05124719252254586,0.04889587061768117,0.0023513219048646866,1.0480883533754777,8,29.539716449796078,29.539716449796078,0
2026-0801-07-02-03-01,9,10,ディーヴァレギオン,ヴェールダムール,0.04889587061768117,0.04169709970369464,0.0071987709139865325,1.172644403690952,9,53.66090503010293,53.66090503010293,0
2026-0801-07-02-03-02,1,2,ミール,ナムラサフラン,0.07284688664625445,0.07284688664625445,0.0,1.0,1,9.671780928335599,9.671780928335599,0
2026-0801-07-02-03-02,2,3,ナムラサフラン,ジョリープリュム,0.07284688664625445,0.07284688664625445,0.0,1.0,2,9.671780928335599,9.671780928335599,0
2026-0801-07-02-03-02,3,4,ジョリープリュム,ノヴァーリス,0.07284688664625445,0.07284688664625445,0.0,1.0,3,9.671780928335599,9.671780928335599,0
2026-0801-07-02-03-02,4,5,ノヴァーリス,プレシャスローズ,0.07284688664625445,0.07284688664625445,0.0,1.0,4,9.671780928335599,9.671780928335599,0
2026-0801-07-02-03-02,5,6,プレシャスローズ,ベニバナ,0.07284688664625445,0.07284688664625445,0.0,1.0,5,9.671780928335599,9.671780928335599,0
2026-0801-07-02-03-02,6,7,ベニバナ,ジュンアマンドラ,0.07284688664625445,0.07284688664625445,0.0,1.0,6,9.671780928335599,9.671780928335599,0
2026-0801-07-02-03-02,7,8,ジュンアマンドラ,ラムラベイ,0.07284688664625445,0.07284688664625445,0.0,1.0,7,9.671780928335599,9.671780928335599,0
2026-0801-07-02-03-02,8,9,ラムラベイ,マッセート,0.07284688664625445,0.07284688664625445,0.0,1.0,8,9.671780928335599,9.671780928335599,0
2026-0801-07-02-03-02,9,10,マッセート,ヴァニーユ,0.07284688664625445,0.07284688664625445,0.0,1.0,9,9.671780928335599,9.671780928335599,0
2026-0801-07-02-03-02,10,11,ヴァニーユ,ウインクローバー,0.07284688664625445,0.07284688664625445,0.0,1.0,10,9.671780928335599,9.671780928335599,0
2026-0801-07-02-03-02,11,12,ウインクローバー,マーゴットユーカー,0.07284688664625445,0.07284688664625445,0.0,1.0,11,9.671780928335599,9.671780928335599,0
2026-0801-07-02-03-02,12,13,マーゴットユーカー,バティック,0.07284688664625445,0.07284688664625445,0.0,1.0,12,9.671780928335599,9.671780928335599,0
2026-0801-07-02-03-03,1,2,チェファルー,ソルアモール,0.28453226834545303,0.13114073449566055,0.15339153384979248,2.1696711509181625,1,99.39794134783453,99.39794134783453,1
2026-0801-07-02-03-03,2,3,ソルアモール,シャリキモン,0.13114073449566055,0.11669725411313134,0.014443480382529211,1.1237688109484314,2,70.42144105651583,70.42144105651583,0
2026-0801-07-02-03-03,3,4,シャリキモン,アイルドゥレーヴェ,0.11669725411313134,0.08807569915625384,0.0286215549568775,1.3249654017063255,3,84.22994756263353,84.22994756263353,0
2026-0801-07-02-03-03,4,5,アイルドゥレーヴェ,パンキー,0.08807569915625384,0.07264630947452069,0.015429389681733144,1.2123905507842034,4,72.05282579141581,72.05282579141581,0
2026-0801-07-02-03-03,5,6,パンキー,アージュドール,0.07264630947452069,0.05671051446744194,0.01593579500707875,1.2810024764671752,5,72.8685181588658,72.8685181588658,0
2026-0801-07-02-03-03,6,7,アージュドール,ゴリョウセイ,0.05671051446744194,0.03843127688374301,0.018279237583698933,1.475634406813876,6,76.09244513497767,76.09244513497767,0
2026-0801-07-02-03-03,7,8,ゴリョウセイ,スーパービジー,0.03843127688374301,0.03375688056333065,0.004674396320412361,1.1384724015491543,7,43.03748300640901,43.03748300640901,0
2026-0801-07-02-03-03,8,9,スーパービジー,ヴィーラー,0.03375688056333065,0.028652405175223754,0.0051044753881068945,1.1781517243278699,8,45.134977665566126,45.134977665566126,0
2026-0801-07-02-03-03,9,10,ヴィーラー,ゴールドアベニュー,0.028652405175223754,0.027722923553481514,0.0009294816217422404,1.0335275469756693,9,18.760924451349776,18.760924451349776,0
2026-0801-07-02-03-03,10,11,ゴールドアベニュー,ウェイヴムーン,0.027722923553481514,0.024834374856738985,0.0028885486967425295,1.1163125189744287,10,33.0743833754127,33.0743833754127,0
2026-0801-07-02-03-03,11,12,ウェイヴムーン,グリミスティ,0.024834374856738985,0.023260187389601922,0.0015741874671370629,1.0676773338395706,11,23.383181200233054,23.383181200233054,0
2026-0801-07-02-03-03,12,13,グリミスティ,メイショウユウゲン,0.023260187389601922,0.02297894758285342,0.00028123980674850044,1.01223902033522,12,12.934550398135562,12.934550398135562,0
2026-0801-07-02-03-03,13,14,メイショウユウゲン,サトノライトニング,0.02297894758285342,0.016708572109084992,0.006270375473768429,1.375278954588766,13,49.79607690813751,49.79607690813751,0
2026-0801-07-02-03-03,14,15,サトノライトニング,シェーネエルデ,0.016708572109084992,0.014687601912403656,0.0020209701966813366,1.1375970160911448,14,27.053796853758012,27.053796853758012,0
2026-0801-07-02-03-03,15,16,シェーネエルデ,レッドジルベスター,0.014687601912403656,0.004651592107357471,0.010036009805046184,3.157542960220464,15,61.70130122353855,61.70130122353855,0
2026-0801-07-02-03-04,1,2,ウンナターシャ,クラテロス,0.215930461472223,0.1456573980608239,0.0702730634113991,1.4824544743141324,1,94.8339483394834,94.8339483394834,1
2026-0801-07-02-03-04,2,3,クラテロス,ラミアスペランツァ,0.1456573980608239,0.14232058291665917,0.0033368151441647287,1.0234457664224066,2,35.77393668673528,35.77393668673528,0
2026-0801-07-02-03-04,3,4,ラミアスペランツァ,タガノアルテミス,0.14232058291665917,0.12853241301161705,0.013788169905042114,1.1072738742078694,3,69.68343367644204,69.68343367644204,0
2026-0801-07-02-03-04,4,5,タガノアルテミス,メイショウメゴヒメ,0.12853241301161705,0.11749682963682036,0.011035583374796695,1.0939223927054662,4,64.16779957273256,64.16779957273256,0
2026-0801-07-02-03-04,5,6,メイショウメゴヒメ,フィデリス,0.11749682963682036,0.11072585600266498,0.0067709736341553806,1.0611507905975675,5,51.95183530782677,51.95183530782677,0
2026-0801-07-02-03-04,6,7,フィデリス,ヤマニンエルファバ,0.11072585600266498,0.07994916556555046,0.03077669043711452,1.3849532414679258,6,85.5311711011847,85.5311711011847,0
2026-0801-07-02-03-04,7,8,ヤマニンエルファバ,タントレーベル,0.07994916556555046,0.05232674421409513,0.027622421351455324,1.5278834325796777,7,83.70557389784425,83.70557389784425,0
2026-0801-07-02-03-04,8,9,タントレーベル,メイショウマグナ,0.05232674421409513,0.046523332578584854,0.005803411635510278,1.124741958794707,8,47.9899009516411,47.9899009516411,0
2026-0801-07-02-03-04,9,10,メイショウマグナ,スマートエトワール,0.046523332578584854,0.035891340894962376,0.010631991683622478,1.2962272074129937,9,62.98310351524567,62.98310351524567,0
2026-0801-07-02-03-04,10,11,スマートエトワール,キーテーマ,0.035891340894962376,0.03374234582138923,0.0021489950735731483,1.063688372022164,10,27.94717420858419,27.94717420858419,0
2026-0801-07-02-03-04,11,12,キーテーマ,ベイニーニャ,0.03374234582138923,0.03034900619117195,0.0033933396302172764,1.1118105683211579,11,36.12351912992814,36.12351912992814,0
2026-0801-07-02-03-04,12,13,ベイニーニャ,キミガスキダ,0.03034900619117195,0.023898268540674315,0.0064507376504976364,1.2699248960031821,12,50.61176927558749,50.61176927558749,0
2026-0801-07-02-03-04,13,14,キミガスキダ,アスタウイン,0.023898268540674315,0.012698073115956995,0.01120019542471732,1.8820389772872412,13,64.6339094969897,64.6339094969897,0
2026-0801-07-02-03-04,14,15,アスタウイン,エアリアルグレース,0.012698073115956995,0.010748428240942279,0.0019496448750147156,1.1813888348426835,14,26.374053214216353,26.374053214216353,0
2026-0801-07-02-03-04,15,16,エアリアルグレース,ガビーズデトワール,0.010748428240942279,0.008754814317271199,0.0019936139236710806,1.2277163000177111,15,26.7624781510973,26.7624781510973,0
2026-0801-07-02-03-05,1,2,メイショウナナシロ,ゴールデンドラゴン,0.17356393905018874,0.17297349310642826,0.0005904459437604814,1.0034135053478812,1,15.84773742474267,15.84773742474267,0
2026-0801-07-02-03-05,2,3,ゴールデンドラゴン,ベラジオヴァレル,0.17297349310642826,0.1687002233336315,0.004273269772796767,1.025330551959885,2,40.959409594095945,40.959409594095945,0
2026-0801-07-02-03-05,3,4,ベラジオヴァレル,リリーサンダー,0.1687002233336315,0.15257832387437728,0.016121899459254213,1.1056631050196088,3,73.04330938046223,73.04330938046223,0
2026-0801-07-02-03-05,4,5,リリーサンダー,サトノグロリア,0.15257832387437728,0.08646912458798124,0.06610919928639604,1.7645410960432562,4,94.40668090891435,94.40668090891435,1
2026-0801-07-02-03-05,5,6,サトノグロリア,クロンヌジャン,0.08646912458798124,0.059463215033444816,0.027005909554536425,1.4541616113314269,5,83.37541270149543,83.37541270149543,0
2026-0801-07-02-03-05,6,7,クロンヌジャン,メイショウジンソウ,0.059463215033444816,0.04483412631198916,0.014629088721455658,1.3262936054481265,6,70.71275975917654,70.71275975917654,0
2026-0801-07-02-03-05,7,8,メイショウジンソウ,レッドバベル,0.04483412631198916,0.04483412631198916,0.0,1.0,7,9.671780928335599,9.671780928335599,0
2026-0801-07-02-03-05,8,9,レッドバベル,ニシノエビガタメ,0.04483412631198916,0.030385219245882646,0.014448907066106513,1.4755241997493376,8,70.46028355020393,70.46028355020393,0
2026-0801-07-02-03-05,9,10,ニシノエビガタメ,サンライズジャッジ,0.030385219245882646,0.02532875299348512,0.0050564662523975255,1.1996334463721177,9,44.84365896290542,44.84365896290542,0
2026-0801-07-02-03-05,10,11,サンライズジャッジ,チアフルラン,0.02532875299348512,0.025149799743552605,0.0001789532499325147,1.0071154940300624,10,11.846960574868906,11.846960574868906,0
2026-0801-07-02-03-05,11,12,チアフルラン,サラサダンディー,0.025149799743552605,0.022691243152878696,0.0024585565906739097,1.1083482546156582,11,30.355408817246065,30.355408817246065,0
2026-0801-07-02-03-05,12,13,サラサダンディー,カセノナユタ,0.022691243152878696,0.019028470073875935,0.0036627730790027603,1.1924891000055415,12,37.502427655855506,37.502427655855506,0
2026-0801-07-02-03-05,13,14,カセノナユタ,フォーシーファイン,0.019028470073875935,0.0147984751913946,0.004229994882481335,1.285839914435313,13,40.687512138279274,40.687512138279274,0
2026-0801-07-02-03-05,14,15,フォーシーファイン,レディトゥアタック,0.0147984751913946,0.013786911682323854,0.0010115635090707457,1.0733712910025868,14,19.460089337735482,19.460089337735482,0
2026-0801-07-02-03-05,15,16,レディトゥアタック,ジャッキーバローズ,0.013786911682323854,0.012546771702139865,0.001240139980183989,1.09884136012234,15,21.32452903476403,21.32452903476403,0
2026-0801-07-02-03-06,1,2,スナッピードレッサ,ニューオーリンズ,0.22883000642995488,0.17621352165995116,0.05261648477000372,1.298595046931419,1,92.48397747135367,92.48397747135367,1
2026-0801-07-02-03-06,2,3,ニューオーリンズ,リサシテーション,0.17621352165995116,0.16115873155986715,0.015054790100084009,1.093415913331953,2,71.33423965818606,71.33423965818606,0
2026-0801-07-02-03-06,3,4,リサシテーション,ピエマンソン,0.16115873155986715,0.12175514762859503,0.03940358393127212,1.323629716679165,3,88.98815303942513,88.98815303942513,0
2026-0801-07-02-03-06,4,5,ピエマンソン,スニーカースキル,0.12175514762859503,0.11967446178752553,0.0020806858410695045,1.0173862143183365,4,27.500485531171105,27.500485531171105,0
2026-0801-07-02-03-06,5,6,スニーカースキル,ヤマニンアストロン,0.11967446178752553,0.08404240921905363,0.03563205256847189,1.4239770480115364,5,87.43445329190133,87.43445329190133,0
2026-0801-07-02-03-06,6,7,ヤマニンアストロン,トゥロン,0.08404240921905363,0.06706459312400605,0.016977816095047588,1.2531561783078993,6,74.57758788114197,74.57758788114197,0
2026-0801-07-02-03-06,7,8,トゥロン,ヴィリアリート,0.06706459312400605,0.06404843686437789,0.0030161562596281583,1.047091801256834,7,33.870654496018645,33.870654496018645,0
2026-0801-07-02-03-06,8,9,ヴィリアリート,ルシフェル,0.06404843686437789,0.05306143935857245,0.010986997505805438,1.2070618068152803,8,64.01242959798019,64.01242959798019,0
2026-0801-07-02-03-06,9,10,ルシフェル,ランウインディ,0.05306143935857245,0.045965882850427464,0.007095556508144987,1.1543657179659501,9,53.23363759953389,53.23363759953389,0
2026-0801-07-02-03-06,10,11,ランウインディ,レイズカイザー,0.045965882850427464,0.024043259147929954,0.02192262370249751,1.9117991686407863,10,79.76306078850263,79.76306078850263,0
2026-0801-07-02-03-06,11,12,レイズカイザー,ゴールデンオスカー,0.024043259147929954,0.01850005761379749,0.005543201534132465,1.299631582228063,11,46.90231112837444,46.90231112837444,0
2026-0801-07-02-03-06,12,13,ゴールデンオスカー,ナッカーフェイス,0.01850005761379749,0.016856575470635373,0.0016434821431621158,1.0974979850459607,12,23.946397358710428,23.946397358710428,0
2026-0801-07-02-03-06,13,14,ナッカーフェイス,シゲルソロソロ,0.016856575470635373,0.01681964883611928,3.692663451609207e-05,1.0021954462233953,13,10.17673334628083,10.17673334628083,0
2026-0801-07-02-03-06,14,15,シゲルソロソロ,ホワイトガーベラ,0.01681964883611928,0.013286733183402793,0.003532915652716488,1.2658979904202226,14,36.90036900369004,36.90036900369004,0
2026-0801-07-02-03-06,15,16,ホワイトガーベラ,メイショウクリフト,0.013286733183402793,0.012514444565150868,0.0007722886182519248,1.0617117774769267,15,17.576228393862888,17.576228393862888,0
2026-0801-07-02-03-07,1,2,アンドゥーリル,アイルシャイン,0.1652187187740629,0.1428641599369742,0.0223545588370887,1.1564742259146774,1,80.13206447853952,80.13206447853952,0
2026-0801-07-02-03-07,2,3,アイルシャイン,ノクナレア,0.1428641599369742,0.12357256163238539,0.01929159830458882,1.156115549032472,2,77.19945620508837,77.19945620508837,0
2026-0801-07-02-03-07,3,4,ノクナレア,ケーブパール,0.12357256163238539,0.0712440137045878,0.05232854792779759,1.7344974715318133,3,92.40629248397747,92.40629248397747,1
2026-0801-07-02-03-07,4,5,ケーブパール,ミエスペランサ,0.0712440137045878,0.06704814627146173,0.004195867433126069,1.0625799170664318,4,40.493299669838805,40.493299669838805,0
2026-0801-07-02-03-07,5,6,ミエスペランサ,キングメーカー,0.06704814627146173,0.06698706884569916,6.107742576257069e-05,1.0009117793451041,5,10.506894542629636,10.506894542629636,0
2026-0801-07-02-03-07,6,7,キングメーカー,テラメリタ,0.06698706884569916,0.06099080630487834,0.005996262540820821,1.098314203469404,6,48.708487084870846,48.708487084870846,0
2026-0801-07-02-03-07,7,8,テラメリタ,エポックヴィーナス,0.06099080630487834,0.04870607408065474,0.012284732224223598,1.252221770202228,7,67.15867158671587,67.15867158671587,0
2026-0801-07-02-03-07,8,9,エポックヴィーナス,オールセインツ,0.04870607408065474,0.04676209999541748,0.0019439740852372628,1.0415715736767117,8,26.335210720528256,26.335210720528256,0
2026-0801-07-02-03-07,9,10,オールセインツ,ミストレス,0.04676209999541748,0.028034671612730707,0.018727428382686772,1.6680095505089683,9,76.5973975529229,76.5973975529229,0
2026-0801-07-02-03-07,10,11,ミストレス,ハワイアンティアレ,0.028034671612730707,0.02714958707330996,0.0008850845394207454,1.0326002946943842,10,18.45018450184502,18.45018450184502,0
2026-0801-07-02-03-08,1,2,ビービークローサー,ボクマダネムイヨ,0.37506508552681056,0.1478247421327175,0.22724034339409305,2.537228072348511,1,99.9611575063119,99.9611575063119,1
2026-0801-07-02-03-08,2,3,ボクマダネムイヨ,メイショウクーガー,0.1478247421327175,0.06378005627582439,0.08404468585689312,2.317726743504771,2,96.40706933385124,96.40706933385124,1
2026-0801-07-02-03-08,3,4,メイショウクーガー,バルダンツァ,0.06378005627582439,0.06193049454664638,0.0018495617291780161,1.0298651212575884,3,25.577782093610406,25.577782093610406,0
2026-0801-07-02-03-08,4,5,バルダンツァ,ビルンバウム,0.06193049454664638,0.061810636390384276,0.00011985815626210095,1.001939118625233,4,10.992425713730821,10.992425713730821,0
2026-0801-07-02-03-08,5,6,ビルンバウム,レッドボブ,0.061810636390384276,0.060309112288277684,0.0015015241021065912,1.024897134862959,5,22.975335016508062,22.975335016508062,0
2026-0801-07-02-03-08,6,7,レッドボブ,ソウルアンドジャズ,0.060309112288277684,0.05864123964230443,0.0016678726459732549,1.0284419745582942,6,24.140609827150904,24.140609827150904,0
2026-0801-07-02-03-08,7,8,ソウルアンドジャズ,テンエースワン,0.05864123964230443,0.04178383764627551,0.01685740199602892,1.4034431240791387,7,74.34453291901339,74.34453291901339,0
2026-0801-07-02-03-08,8,9,テンエースワン,エンマ,0.04178383764627551,0.024019244455009768,0.01776459319126574,1.7395983343497936,8,75.50980772965625,75.50980772965625,0
2026-0801-07-02-03-08,9,10,エンマ,タガノマルアフ,0.024019244455009768,0.023203663643699503,0.0008155808113102653,1.0351487947693863,9,17.92581083705574,17.92581083705574,0
2026-0801-07-02-03-08,10,11,タガノマルアフ,メイケイロゼッタ,0.023203663643699503,0.01967003122037695,0.0035336324233225525,1.179645491343294,10,36.919790250534085,36.919790250534085,0
2026-0801-07-02-03-08,11,12,メイケイロゼッタ,ナリタヒカリ,0.01967003122037695,0.016863733519907633,0.0028062977004693172,1.166410225657117,11,32.60827345115556,32.60827345115556,0
2026-0801-07-02-03-08,12,13,ナリタヒカリ,ホープエトワール,0.016863733519907633,0.010159203212120306,0.006704530307787327,1.6599464709780167,12,51.71878034569819,51.71878034569819,0
2026-0801-07-02-03-09,1,2,アバットゥータ,ソレルビュレット,0.23692387082818003,0.20321199332109452,0.033711877507085514,1.1658951174885506,1,86.6381821712954,86.6381821712954,0
2026-0801-07-02-03-09,2,3,ソレルビュレット,マルディランダ,0.20321199332109452,0.18835583193639208,0.014856161384702443,1.0788728505614809,2,71.0234997086813,71.0234997086813,0
2026-0801-07-02-03-09,3,4,マルディランダ,サマーアゲイン,0.18835583193639208,0.12000339290174981,0.06835243903464226,1.5695875540002802,3,94.58147213051078,94.58147213051078,1
2026-0801-07-02-03-09,4,5,サマーアゲイン,リッケンバッカー,0.12000339290174981,0.07095025626064172,0.049053136641108094,1.691373635930324,4,91.68770635074772,91.68770635074772,1
2026-0801-07-02-03-09,5,6,リッケンバッカー,モナコブル,0.07095025626064172,0.027352814207669326,0.04359744205297239,2.593892376922164,5,90.3282190716644,90.3282190716644,1
2026-0801-07-02-03-09,6,7,モナコブル,メイショウカゼマチ,0.027352814207669326,0.0163127282281565,0.011040085979512827,1.6767774111786613,6,64.20664206642066,64.20664206642066,0
2026-0801-07-02-03-09,7,8,メイショウカゼマチ,サトノドルチェ,0.0163127282281565,0.016257456720333647,5.527150782285231e-05,1.003399763491526,7,10.370945814721305,10.370945814721305,0
2026-0801-07-02-03-09,8,9,サトノドルチェ,クロライナ,0.016257456720333647,0.01262927843655696,0.003628178283776687,1.2872831018812991,8,37.30821518741504,37.30821518741504,0
2026-0801-07-02-03-10,1,2,プルメリアリノ,ハウリングウィンド,0.271728548903867,0.13613727458914646,0.13559127431472054,1.9959893403472804,1,99.02893765779763,99.02893765779763,1
2026-0801-07-02-03-10,2,3,ハウリングウィンド,エコログロウ,0.13613727458914646,0.09358875634116576,0.0425485182479807,1.4546327989750774,2,90.01747912215964,90.01747912215964,1
2026-0801-07-02-03-10,3,4,エコログロウ,ヴェルジーネ,0.09358875634116576,0.08335018171973055,0.01023857462143521,1.1228380599800365,3,61.99261992619927,61.99261992619927,0
2026-0801-07-02-03-10,4,5,ヴェルジーネ,ウォーターデライト,0.08335018171973055,0.08151958711656729,0.0018305946031632603,1.0224558865901228,4,25.50009710623422,25.50009710623422,0
2026-0801-07-02-03-10,5,6,ウォーターデライト,ケイアイマウンガ,0.08151958711656729,0.07318000632403251,0.008339580792534773,1.1139598260706358,5,57.31209943678384,57.31209943678384,0
2026-0801-07-02-03-10,6,7,ケイアイマウンガ,タイセイブロウ,0.07318000632403251,0.06291709556029518,0.010262910763737337,1.1631179995252976,6,62.03146241988736,62.03146241988736,0
2026-0801-07-02-03-10,7,8,タイセイブロウ,キンダープンシュ,0.06291709556029518,0.06240048319011674,0.0005166123701784361,1.0082789802861696,7,14.896096329384346,14.896096329384346,0
2026-0801-07-02-03-10,8,9,キンダープンシュ,カフェノワール,0.06240048319011674,0.05783758500126494,0.004562898188851798,1.0788915752404256,8,42.51310934161973,42.51310934161973,0
2026-0801-07-02-03-10,9,10,カフェノワール,アメリカンビーチ,0.05783758500126494,0.049316726774578254,0.00852085822668669,1.1727782597096248,9,57.9918430763255,57.9918430763255,0
2026-0801-07-02-03-10,10,11,アメリカンビーチ,ヴィヴァシャス,0.049316726774578254,0.0448499510335034,0.0044667757410748535,1.0995937707432082,10,42.066420664206646,42.066420664206646,0
2026-0801-07-02-03-10,11,12,ヴィヴァシャス,メイショウアボット,0.0448499510335034,0.04100639519937784,0.003843555834125559,1.0937306440967987,11,38.492911244901926,38.492911244901926,0
2026-0801-07-02-03-10,12,13,メイショウアボット,リードプリンシパル,0.04100639519937784,0.033908949086644276,0.007097446112733566,1.2093089377260895,12,53.25305884637793,53.25305884637793,0
2026-0801-07-02-03-10,13,14,リードプリンシパル,ルージュミステリオ,0.033908949086644276,0.03051183200475972,0.0033971170818845563,1.1113376961879777,13,36.14294037677219,36.14294037677219,0
2026-0801-07-02-03-10,14,15,ルージュミステリオ,ジョードリウム,0.03051183200475972,0.018890221417073756,0.011621610587685963,1.615218336042471,14,65.4496018644397,65.4496018644397,0
2026-0801-07-02-03-10,15,16,ジョードリウム,クインズセレネ,0.018890221417073756,0.01617698502824771,0.002713236388826045,1.1677220065474674,15,32.18100602058652,32.18100602058652,0
2026-0801-07-02-03-11,1,2,ピカキウイ,サムシングスイート,0.3127460013938247,0.2765817885781681,0.03616421281565657,1.1307541360606819,1,87.72577199456205,87.72577199456205,0
2026-0801-07-02-03-11,2,3,サムシングスイート,エクリュ,0.2765817885781681,0.2516171602673772,0.024964628310790937,1.0992167159197832,2,82.07418916294425,82.07418916294425,0
2026-0801-07-02-03-11,3,4,エクリュ,エイシンウィスパー,0.2516171602673772,0.2427438645005996,0.00887329576677759,1.0365541505447842,3,58.924062924839774,58.924062924839774,0
2026-0801-07-02-03-11,4,5,エイシンウィスパー,ヴィスコンテッサ,0.2427438645005996,0.23075827954549832,0.01198558495510127,1.051939999633851,4,66.32355797242184,66.32355797242184,0
2026-0801-07-02-03-11,5,6,ヴィスコンテッサ,マーゴットレジーナ,0.23075827954549832,0.1020991759761358,0.12865910356936253,2.2601385108086935,5,98.81530394251311,98.81530394251311,1
2026-0801-07-02-03-11,6,7,マーゴットレジーナ,シェーラ,0.1020991759761358,0.10104812160564872,0.0010510543704870812,1.010401523094006,6,19.673723053020005,19.673723053020005,0
2026-0801-07-02-03-11,7,8,シェーラ,シルバーリム,0.10104812160564872,0.053929349805858146,0.04711877179979057,1.873712959073581,7,91.3575451543989,91.3575451543989,1
2026-0801-07-02-03-11,8,9,シルバーリム,カポレイラ,0.053929349805858146,0.023154442595929404,0.03077490720992874,2.3291145784411595,8,85.51174985434065,85.51174985434065,0
2026-0801-07-02-03-12,1,2,サーディンラン,ララファキュルテ,0.25817059527233704,0.25388160412132355,0.004288991151013499,1.0168936665019805,1,41.017673334628086,41.017673334628086,0
2026-0801-07-02-03-12,2,3,ララファキュルテ,パスコード,0.25388160412132355,0.1990480890389088,0.05483351508241474,1.2754787315325404,2,92.81413866770247,92.81413866770247,1
2026-0801-07-02-03-12,3,4,パスコード,ヴォーカライズ,0.1990480890389088,0.18675662625336734,0.012291462785541468,1.0658154038875494,3,67.17809283355992,67.17809283355992,0
2026-0801-07-02-03-12,4,5,ヴォーカライズ,メイショウビストロ,0.18675662625336734,0.16604299969176345,0.020713626561603887,1.124748568744578,4,78.77257719945621,78.77257719945621,0
2026-0801-07-02-03-12,5,6,メイショウビストロ,キングケープ,0.16604299969176345,0.13485379302206696,0.03118920666969649,1.2312816419230626,5,85.70596232278113,85.70596232278113,0
2026-0801-07-02-03-12,6,7,キングケープ,グレゴリオ,0.13485379302206696,0.10953438124059882,0.02531941178146814,1.2311549259209538,6,82.42377160613712,82.42377160613712,0
2026-0801-07-02-03-12,7,8,グレゴリオ,パーシャングレー,0.10953438124059882,0.09789970879903181,0.011634672441567004,1.1188427686281541,7,65.50786560497184,65.50786560497184,0
2026-0801-07-02-03-12,8,9,パーシャングレー,ウインラウダ,0.09789970879903181,0.07623595380515204,0.021663754993879777,1.284167166705216,8,79.53000582637405,79.53000582637405,0
2026-0801-07-02-03-12,9,10,ウインラウダ,ウィテカービート,0.07623595380515204,0.05029492547746845,0.025941028327683587,1.5157782436580978,9,82.8704602835502,82.8704602835502,0
2026-0801-07-02-03-12,10,11,ウィテカービート,サマーブリザード,0.05029492547746845,0.03367751984986034,0.016617405627608113,1.4934272387542524,10,74.01437172266459,74.01437172266459,0
2026-0802-01-01-04-01,1,2,タガノシルフィー,ストリートクイーン,0.16577020416990418,0.15469657636631468,0.011073627803589503,1.071582888669544,1,64.32316954748495,64.32316954748495,0
2026-0802-01-01-04-01,2,3,ストリートクイーン,フレンチブラッサム,0.15469657636631468,0.1378505050689734,0.01684607129734128,1.1222053650722017,2,74.30569042532531,74.30569042532531,0
2026-0802-01-01-04-01,3,4,フレンチブラッサム,ザンシュトーム,0.1378505050689734,0.08509926931765806,0.05275123575131534,1.6198788329710074,3,92.5033987181977,92.5033987181977,1
2026-0802-01-01-04-01,4,5,ザンシュトーム,ワンダーアスク,0.08509926931765806,0.06813766126010938,0.016961608057548677,1.2489314682052157,4,74.49990289376578,74.49990289376578,0
2026-0802-01-01-04-01,5,6,ワンダーアスク,ダノンルミエール,0.06813766126010938,0.05130723570143568,0.0168304255586737,1.328032203032968,5,74.24742668479315,74.24742668479315,0
2026-0802-01-01-04-01,6,7,ダノンルミエール,テリオスリコ,0.05130723570143568,0.04962191237503408,0.0016853233264016027,1.0339632885098062,6,24.237716061371138,24.237716061371138,0
2026-0802-01-01-04-01,7,8,テリオスリコ,アインプロージット,0.04962191237503408,0.035162044080087856,0.014459868294946221,1.4112351449765344,7,70.47970479704797,70.47970479704797,0
2026-0802-01-01-04-01,8,9,アインプロージット,ヒマラヤミュサ,0.035162044080087856,0.02175622579185065,0.013405818288237205,1.6161830832468513,8,69.1007962711206,69.1007962711206,0
2026-0802-01-01-04-01,9,10,ヒマラヤミュサ,ヨドノサファイア,0.02175622579185065,0.021128732528130686,0.0006274932637199658,1.0296985757609702,9,16.3526898426879,16.3526898426879,0
2026-0802-01-01-04-01,10,11,ヨドノサファイア,クルサール,0.021128732528130686,0.020444198382432496,0.0006845341456981902,1.033483051420906,10,16.818799766945038,16.818799766945038,0
2026-0802-01-01-04-01,11,12,クルサール,ローゾフィア,0.020444198382432496,0.01881894128898398,0.0016252570934485143,1.086362833513907,11,23.771606137114002,23.771606137114002,0
2026-0802-01-01-04-01,12,13,ローゾフィア,レーヌペスカ,0.01881894128898398,0.012103025397136386,0.006715915891847595,1.554895629107463,12,51.757622839386286,51.757622839386286,0
2026-0802-01-01-04-01,13,14,レーヌペスカ,ドゥブルヴェ,0.012103025397136386,0.009534325953348598,0.0025686994437877884,1.2694159457476513,13,31.229364925228197,31.229364925228197,0
2026-0802-01-01-04-02,1,2,エグジスタンス,ペカリーナ,0.24480499168980835,0.22922460568822192,0.015580386001586427,1.06796995442443,1,72.30530200038842,72.30530200038842,0
2026-0802-01-01-04-02,2,3,ペカリーナ,ブルーエ,0.22922460568822192,0.16098144530467673,0.06824316038354519,1.4239194166407614,2,94.56205088366673,94.56205088366673,1
2026-0802-01-01-04-02,3,4,ブルーエ,ショウナンバーボン,0.16098144530467673,0.12217370909819726,0.03880773620647947,1.3176439226813332,3,88.71625558360847,88.71625558360847,0
2026-0802-01-01-04-02,4,5,ショウナンバーボン,スカイピア,0.12217370909819726,0.08240544735329584,0.03976826174490142,1.4825926321885428,4,89.10468052048941,89.10468052048941,0
2026-0802-01-01-04-02,5,6,スカイピア,ニシノマーレ,0.08240544735329584,0.06822419095518037,0.014181256398115474,1.2078625807000305,5,70.18838609438725,70.18838609438725,0
2026-0802-01-01-04-02,6,7,ニシノマーレ,ロックフラワー,0.06822419095518037,0.056811693476691495,0.011412497478488874,1.2008828954055235,6,65.0805981744028,65.0805981744028,0
2026-0802-01-01-04-02,7,8,ロックフラワー,グローリーバローズ,0.056811693476691495,0.05678827322555762,2.3420251133873804e-05,1.0004124135108114,7,9.96309963099631,9.96309963099631,0
2026-0802-01-01-04-02,8,9,グローリーバローズ,モンテール,0.05678827322555762,0.04149955449343686,0.01528871873212076,1.3684068158981963,8,71.78092833559914,71.78092833559914,0
2026-0802-01-01-04-02,9,10,モンテール,ポセイドンテソーロ,0.04149955449343686,0.03182419490327381,0.009675359590163052,1.3040252744671235,9,60.92445134977665,60.92445134977665,0
2026-0802-01-01-04-02,10,11,ポセイドンテソーロ,シーシェル,0.03182419490327381,0.029558125366770986,0.002266069536502824,1.0766648597766055,10,28.898815303942516,28.898815303942516,0
2026-0802-01-01-04-02,11,12,シーシェル,ミアエッテ,0.029558125366770986,0.02719199559947606,0.002366129767294927,1.0870156718964943,11,29.65624393086036,29.65624393086036,0
2026-0802-01-01-04-02,12,13,ミアエッテ,メイショウタダツグ,0.02719199559947606,0.019004667569390503,0.008187328030085556,1.4308061690735552,12,56.72946203146242,56.72946203146242,0
2026-0802-01-01-04-02,13,14,メイショウタダツグ,アトリ,0.019004667569390503,0.007933510871420161,0.011071156697970342,2.395492724142258,13,64.3037483006409,64.3037483006409,0
2026-0802-01-01-04-03,1,2,ワンダーブリッツ,ゴンフィンガー,0.35095067862505863,0.23556292470706736,0.11538775391799128,1.4898383481249475,1,98.29093027772383,98.29093027772383,1
2026-0802-01-01-04-03,2,3,ゴンフィンガー,ハイランダー,0.23556292470706736,0.08827489833850408,0.14728802636856328,2.6685153893212545,2,99.33967760730239,99.33967760730239,1
2026-0802-01-01-04-03,3,4,ハイランダー,ホウオウロレンシア,0.08827489833850408,0.059815859786451285,0.02845903855205279,1.4757774719556729,3,84.15226257525732,84.15226257525732,0
2026-0802-01-01-04-03,4,5,ホウオウロレンシア,モズヴイ,0.059815859786451285,0.05470802406757939,0.005107835718871898,1.0933653848028275,4,45.15439891241017,45.15439891241017,0
2026-0802-01-01-04-03,5,6,モズヴイ,イーサンミラー,0.05470802406757939,0.04103652387234611,0.013671500195233277,1.3331544415838372,5,69.5086424548456,69.5086424548456,0
2026-0802-01-01-04-03,6,7,イーサンミラー,ワンダーゾルダート,0.04103652387234611,0.029231332428705462,0.011805191443640648,1.4038540313697034,6,65.85744804816468,65.85744804816468,0
2026-0802-01-01-04-03,7,8,ワンダーゾルダート,エースオブゴールド,0.029231332428705462,0.012328178088731809,0.016903154339973653,2.371099137140423,7,74.42221790638959,74.42221790638959,0
2026-0802-01-01-04-03,8,9,エースオブゴールド,ヘリオポリス,0.012328178088731809,0.012214034705456378,0.00011414338327543107,1.0093452643641532,8,10.895319479510585,10.895319479510585,0
2026-0802-01-01-04-03,9,10,ヘリオポリス,カンフージョン,0.012214034705456378,0.010704316475003299,0.0015097182304530787,1.1410382656359768,9,23.014177510196156,23.014177510196156,0
2026-0802-01-01-04-03,10,11,カンフージョン,イントゥゴールデン,0.010704316475003299,0.006270047266681707,0.004434269208321592,1.7072146380593933,10,41.73625946785784,41.73625946785784,0
2026-0802-01-01-04-04,1,2,ワンダフルデイズ,クオンタムスター,0.25045371708306674,0.18343446726115784,0.0670192498219089,1.3653579985406603,1,94.50378714313459,94.50378714313459,1
2026-0802-01-01-04-04,2,3,クオンタムスター,タケルフォーカス,0.18343446726115784,0.10565097847975757,0.07778348878140026,1.7362306521023216,2,95.88269566906196,95.88269566906196,1
2026-0802-01-01-04-04,3,4,タケルフォーカス,テイクザクラウン,0.10565097847975757,0.08223195718841061,0.02341902129134696,1.284792215728115,3,80.96717809283356,80.96717809283356,0
2026-0802-01-01-04-04,4,5,テイクザクラウン,グランアルト,0.08223195718841061,0.07201786428330464,0.01021409290510597,1.1418272119945916,4,61.93435618566711,61.93435618566711,0
2026-0802-01-01-04-04,5,6,グランアルト,ニヒトツーゼーア,0.07201786428330464,0.07037755952613543,0.0016403047571692114,1.023307212813483,5,23.92697611186638,23.92697611186638,0
2026-0802-01-01-04-04,6,7,ニヒトツーゼーア,サイモンイロハニー,0.07037755952613543,0.05889178253454931,0.011485776991586122,1.1950319127264981,6,65.19712565546708,65.19712565546708,0
2026-0802-01-01-04-04,7,8,サイモンイロハニー,レイデラティエラ,0.05889178253454931,0.04507533171499289,0.013816450819556424,1.3065191157530809,7,69.74169741697416,69.74169741697416,0
2026-0802-01-01-04-04,8,9,レイデラティエラ,ペリプルス,0.04507533171499289,0.028070004944412467,0.01700532677058042,1.6058184458555091,8,74.59700912798601,74.59700912798601,0
2026-0802-01-01-04-04,9,10,ペリプルス,シャインバオバブ,0.028070004944412467,0.027646416071592433,0.00042358887282003405,1.0153216558603155,9,14.255195183530784,14.255195183530784,0
2026-0802-01-01-04-04,10,11,シャインバオバブ,ランブリングマン,0.027646416071592433,0.021486538348735852,0.006159877722856581,1.2866854410365731,10,49.4270732181006,49.4270732181006,0
2026-0802-01-01-04-04,11,12,ランブリングマン,エナジーショット,0.021486538348735852,0.01970126823437442,0.001785270114361432,1.0906170147588024,11,25.111672169353273,25.111672169353273,0
2026-0802-01-01-04-04,12,13,エナジーショット,ジーティートシオー,0.01970126823437442,0.013820179448850774,0.005881088785523646,1.425543590608926,12,48.43658962905418,48.43658962905418,0
2026-0802-01-01-04-05,1,2,ジューンガレン,ホウオウプレマ,0.09856933364776119,0.09856933364776119,0.0,1.0,1,9.671780928335599,9.671780928335599,0
2026-0802-01-01-04-05,2,3,ホウオウプレマ,オンザボー,0.09856933364776119,0.09856933364776119,0.0,1.0,2,9.671780928335599,9.671780928335599,0
2026-0802-01-01-04-05,3,4,オンザボー,スワッグウォーク,0.09856933364776119,0.09856933364776119,0.0,1.0,3,9.671780928335599,9.671780928335599,0
2026-0802-01-01-04-05,4,5,スワッグウォーク,サーギュスターヴ,0.09856933364776119,0.09856933364776119,0.0,1.0,4,9.671780928335599,9.671780928335599,0
2026-0802-01-01-04-05,5,6,サーギュスターヴ,ボンジュールパリ,0.09856933364776119,0.09856933364776119,0.0,1.0,5,9.671780928335599,9.671780928335599,0
2026-0802-01-01-04-05,6,7,ボンジュールパリ,ロゼプレミア,0.09856933364776119,0.09856933364776119,0.0,1.0,6,9.671780928335599,9.671780928335599,0
2026-0802-01-01-04-05,7,8,ロゼプレミア,チャームジュネーヴ,0.09856933364776119,0.09856933364776119,0.0,1.0,7,9.671780928335599,9.671780928335599,0
2026-0802-01-01-04-05,8,9,チャームジュネーヴ,デルマハッコウダ,0.09856933364776119,0.09856933364776119,0.0,1.0,8,9.671780928335599,9.671780928335599,0
2026-0802-01-01-04-05,9,10,デルマハッコウダ,グラブザクラウン,0.09856933364776119,0.09856933364776119,0.0,1.0,9,9.671780928335599,9.671780928335599,0
2026-0802-01-01-04-06,1,2,ロードアマルフィ,ココデイック,0.18834942944240674,0.17499357470571683,0.013355854736689904,1.0763219721589787,1,68.98426879005632,68.98426879005632,0
2026-0802-01-01-04-06,2,3,ココデイック,タイセイジェイド,0.17499357470571683,0.13615023341165414,0.038843341294062694,1.2852976474643178,2,88.73567683045252,88.73567683045252,0
2026-0802-01-01-04-06,3,4,タイセイジェイド,アスクガンバーレ,0.13615023341165414,0.12885680395579632,0.007293429455857814,1.0566010426454453,3,54.06875121382792,54.06875121382792,0
2026-0802-01-01-04-06,4,5,アスクガンバーレ,マテンロウカナロア,0.12885680395579632,0.12743693119785737,0.0014198727579389503,1.0111417682817117,4,22.567488832783063,22.567488832783063,0
2026-0802-01-01-04-06,5,6,マテンロウカナロア,セイントホース,0.12743693119785737,0.11407640967619301,0.013360521521664365,1.1171190569512868,5,69.00369003690037,69.00369003690037,0
2026-0802-01-01-04-06,6,7,セイントホース,ステイアンビシャス,0.11407640967619301,0.1110485766157052,0.003027833060487803,1.0272658430460204,6,33.90949698970674,33.90949698970674,0
2026-0802-01-01-04-06,7,8,ステイアンビシャス,グランセレスト,0.1110485766157052,0.09514839693747344,0.015900179678231763,1.1671092755107637,7,72.77141192464556,72.77141192464556,0
2026-0802-01-01-04-06,8,9,グランセレスト,ステラデルークス,0.09514839693747344,0.07633383340907172,0.018814563528401718,1.2464773834634348,8,76.71392503398718,76.71392503398718,0
2026-0802-01-01-04-06,9,10,ステラデルークス,カフジクロミエ,0.07633383340907172,0.06264780329332095,0.013686030115750772,1.2184598564720923,9,69.56690619537774,69.56690619537774,0
2026-0802-01-01-04-07,1,2,アールグレイ,メイショウローゼ,0.1361440136175602,0.08470806673220328,0.05143594688535692,1.6072142697810223,1,92.23150126238104,92.23150126238104,1
2026-0802-01-01-04-07,2,3,メイショウローゼ,スリールーディカ,0.08470806673220328,0.05416867177975728,0.030539394952446,1.5637833446722706,2,85.33695863274421,85.33695863274421,0
2026-0802-01-01-04-07,3,4,スリールーディカ,フクチャンブラック,0.05416867177975728,0.050752022625595826,0.003416649154161455,1.067320453006701,3,36.27888910468052,36.27888910468052,0
2026-0802-01-01-04-07,4,5,フクチャンブラック,フォーティンブラス,0.050752022625595826,0.04885113840005087,0.0019008842255449562,1.0389117692606928,4,26.00504952417945,26.00504952417945,0
2026-0802-01-01-04-07,5,6,フォーティンブラス,ワダツミ,0.04885113840005087,0.04782010018047851,0.0010310382195723583,1.0215607707989132,5,19.576616818799767,19.576616818799767,0
2026-0802-01-01-04-07,6,7,ワダツミ,デイズインザサン,0.04782010018047851,0.03460793259186862,0.013212167588609894,1.3817670285139825,6,68.69295008739562,68.69295008739562,0
2026-0802-01-01-04-07,7,8,デイズインザサン,アイアムコロンブス,0.03460793259186862,0.026917588058809817,0.0076903445330588,1.285699614551529,7,55.13691979025054,55.13691979025054,0
2026-0802-01-01-04-07,8,9,アイアムコロンブス,ヤクジョ,0.026917588058809817,0.021347036003722973,0.005570552055086844,1.2609520147956526,8,46.97999611575063,46.97999611575063,0
2026-0802-01-01-04-07,9,10,ヤクジョ,ウインベルチェーロ,0.021347036003722973,0.014146023920261885,0.007201012083461088,1.5090484876917822,9,53.68032627694698,53.68032627694698,0
2026-0802-01-01-04-07,10,11,ウインベルチェーロ,デルマアサマ,0.014146023920261885,0.009575495412750733,0.004570528507511152,1.4773150955119287,10,42.551951835307825,42.551951835307825,0
2026-0802-01-01-04-07,11,12,デルマアサマ,ゴールデンボブ,0.009575495412750733,0.008841172542717315,0.0007343228700334176,1.0830571812149845,11,17.168382210137892,17.168382210137892,0
2026-0802-01-01-04-08,1,2,ジーティーエスピ,ダブルチャレンジ,0.23492522385266823,0.15667164424567007,0.07825357960699816,1.4994750644493913,1,95.96038065643813,95.96038065643813,1
2026-0802-01-01-04-08,2,3,ダブルチャレンジ,ディーズメンフィス,0.15667164424567007,0.13385031742142256,0.022821326824247506,1.1704988621909311,2,80.52048941542047,80.52048941542047,0
2026-0802-01-01-04-08,3,4,ディーズメンフィス,ザカリナン,0.13385031742142256,0.11458661827065643,0.01926369915076613,1.1681147366201592,3,77.18003495824432,77.18003495824432,0
2026-0802-01-01-04-08,4,5,ザカリナン,サトノワーグナー,0.11458661827065643,0.0816763074417982,0.03291031082885823,1.402935831205516,4,86.38570596232277,86.38570596232277,0
2026-0802-01-01-04-08,5,6,サトノワーグナー,ブライトアゲイン,0.0816763074417982,0.056485206495929335,0.025191100945868863,1.4459769647418088,5,82.32666537191687,82.32666537191687,0
2026-0802-01-01-04-08,6,7,ブライトアゲイン,グレートスティック,0.056485206495929335,0.05636859475773906,0.00011661173819027537,1.0020687359458125,6,10.934161973198679,10.934161973198679,0
2026-0802-01-01-04-08,7,8,グレートスティック,ロードクラシコ,0.05636859475773906,0.055804130557474886,0.0005644642002641739,1.0101150971196085,7,15.556418722081958,15.556418722081958,0
2026-0802-01-01-04-08,8,9,ロードクラシコ,エコロハート,0.055804130557474886,0.05381738357420353,0.0019867469832713577,1.0369164543373244,8,26.665371916877064,26.665371916877064,0
2026-0802-01-01-04-08,9,10,エコロハート,シャインズオンユー,0.05381738357420353,0.042753791115221144,0.011063592458982384,1.2587745360210534,9,64.26490580695281,64.26490580695281,0
2026-0802-01-01-04-08,10,11,シャインズオンユー,ブライアーヒル,0.042753791115221144,0.035248727667513614,0.00750506344770753,1.2129172865046258,10,54.6708098659934,54.6708098659934,0
2026-0802-01-01-04-08,11,12,ブライアーヒル,レッドカメリア,0.035248727667513614,0.03354929643629934,0.0016994312312142712,1.0506547502252697,11,24.490192270343755,24.490192270343755,0
2026-0802-01-01-04-08,12,13,レッドカメリア,アースコーリング,0.03354929643629934,0.02640448989806504,0.007144806538234304,1.2705905914417186,12,53.5249563021946,53.5249563021946,0
2026-0802-01-01-04-08,13,14,アースコーリング,アートフォーム,0.02640448989806504,0.018331894679827536,0.008072595218237503,1.4403579313119559,13,56.37987958826957,56.37987958826957,0
2026-0802-01-01-04-09,1,2,ヒットミー,デアプリームス,0.23490429312292133,0.2301611242556691,0.004743168867252234,1.0206080365769477,1,43.34822295591377,43.34822295591377,0
2026-0802-01-01-04-09,2,3,デアプリームス,パールフロント,0.2301611242556691,0.1442773615691752,0.08588376268649389,1.5952684589766086,2,96.60128180229171,96.60128180229171,1
2026-0802-01-01-04-09,3,4,パールフロント,ビーマックス,0.1442773615691752,0.12401200177870829,0.02026535979046691,1.1634145042399138,3,78.32588852204312,78.32588852204312,0
2026-0802-01-01-04-09,4,5,ビーマックス,エコロレバン,0.12401200177870829,0.11756361177264363,0.006448390006064661,1.0548502203091141,4,50.59234802874345,50.59234802874345,0
2026-0802-01-01-04-09,5,6,エコロレバン,アイアムイチバン,0.11756361177264363,0.10692246220434855,0.01064114956829508,1.0995221148944165,5,63.021946008933774,63.021946008933774,0
2026-0802-01-01-04-09,6,7,アイアムイチバン,クインズシフォン,0.10692246220434855,0.07654344341977039,0.03037901878457816,1.3968859699449,6,85.23985239852398,85.23985239852398,0
2026-0802-01-01-04-09,7,8,クインズシフォン,ララアヴリル,0.07654344341977039,0.05933057050821226,0.017212872911558125,1.2901181088284934,7,74.7912215964265,74.7912215964265,0
2026-0802-01-01-04-09,8,9,ララアヴリル,サベージラヴ,0.05933057050821226,0.03592807201274318,0.023402498495469083,1.6513708413623907,8,80.94775684598952,80.94775684598952,0
2026-0802-01-01-04-09,9,10,サベージラヴ,ジーベック,0.03592807201274318,0.03294491377869963,0.002983158234043548,1.0905498874297341,9,33.55991454651389,33.55991454651389,0
2026-0802-01-01-04-09,10,11,ジーベック,ベニシア,0.03294491377869963,0.03125209292590478,0.0016928208527948532,1.0541666395530163,10,24.354243542435423,24.354243542435423,0
2026-0802-01-01-04-09,11,12,ベニシア,ストロングボンド,0.03125209292590478,0.0223696887665747,0.008882404159330077,1.3970732115237279,11,58.94348417168382,58.94348417168382,0
2026-0802-01-01-04-10,1,2,ヘニーガイスト,チャーリー,0.3561459016489812,0.23929708740579875,0.11684881424318244,1.488300194164214,1,98.36861526510002,98.36861526510002,1
2026-0802-01-01-04-10,2,3,チャーリー,サムシャイン,0.23929708740579875,0.23144725921363724,0.007849828192161512,1.0339162719784716,2,55.77782093610409,55.77782093610409,0
2026-0802-01-01-04-10,3,4,サムシャイン,シーズザスローン,0.23144725921363724,0.22070388048058615,0.01074337873305109,1.048677797189869,3,63.27442221790639,63.27442221790639,0
2026-0802-01-01-04-10,4,5,シーズザスローン,スマートカイロス,0.22070388048058615,0.08523320232700483,0.13547067815358133,2.5894120419626603,4,99.00951641095358,99.00951641095358,1
2026-0802-01-01-04-10,5,6,スマートカイロス,アイウィル,0.08523320232700483,0.08264541314326664,0.0025877891837381983,1.0313119516899534,5,31.46241988735677,31.46241988735677,0
2026-0802-01-01-04-10,6,7,アイウィル,フルールドール,0.08264541314326664,0.04505627227496066,0.037589140868305976,1.8342709898172285,6,88.34725189357157,88.34725189357157,0
2026-0802-01-01-04-10,7,8,フルールドール,タイセイミッション,0.04505627227496066,0.044885275079900026,0.00017099719506063343,1.0038096501526668,7,11.711011846960574,11.711011846960574,0
2026-0802-01-01-04-10,8,9,タイセイミッション,スマートケープ,0.044885275079900026,0.036992245237849435,0.007893029842050592,1.2133698506619615,8,55.89434841716838,55.89434841716838,0
2026-0802-01-01-04-10,9,10,スマートケープ,キュールエフウジン,0.036992245237849435,0.008507877512304796,0.02848436772554464,4.347999272950061,9,84.19110506894543,84.19110506894543,0
2026-0802-01-01-04-11,1,2,コガネノソラ,ココナッツブラウン,0.1669574823211878,0.16637845318419137,0.0005790291369964229,1.0034801930533361,1,15.731209943678385,15.731209943678385,0
2026-0802-01-01-04-11,2,3,ココナッツブラウン,フェスティバルヒル,0.16637845318419137,0.13442006278128116,0.03195839040291021,1.237750152333366,2,86.03612351912993,86.03612351912993,0
2026-0802-01-01-04-11,3,4,フェスティバルヒル,ケリフレッドアスク,0.13442006278128116,0.1240768498439869,0.01034321293729426,1.0833613437986194,3,62.28393862885997,62.28393862885997,0
2026-0802-01-01-04-11,4,5,ケリフレッドアスク,エリカエクスプレス,0.1240768498439869,0.1076967307487583,0.0163801190952286,1.152094859160035,4,73.50941930471936,73.50941930471936,0
2026-0802-01-01-04-11,5,6,エリカエクスプレス,ルージュソリテール,0.1076967307487583,0.0847433169570099,0.022953413791748395,1.2708580996822747,5,80.6175956496407,80.6175956496407,0
2026-0802-01-01-04-11,6,7,ルージュソリテール,カテリーナ,0.0847433169570099,0.0816821696968317,0.0030611472601781986,1.0374763215955187,6,34.103709458147215,34.103709458147215,0
2026-0802-01-01-04-11,7,8,カテリーナ,ボンドガール,0.0816821696968317,0.06929315959364181,0.012389010103189893,1.1787912425388476,7,67.23635657409206,67.23635657409206,0
2026-0802-01-01-04-11,8,9,ボンドガール,アンゴラブラック,0.06929315959364181,0.06815675103645383,0.0011364085571879817,1.0166734555257801,8,20.392309186249758,20.392309186249758,0
2026-0802-01-01-04-11,9,10,アンゴラブラック,フレミングフープ,0.06815675103645383,0.05607015806029776,0.012086592976156066,1.2155619565608886,9,66.5954554282385,66.5954554282385,0
2026-0802-01-01-04-11,10,11,フレミングフープ,ヴーレヴー,0.05607015806029776,0.05160986669184832,0.004460291368449443,1.0864232297882284,10,41.98873567683045,41.98873567683045,0
2026-0802-01-01-04-11,11,12,ヴーレヴー,リラボニート,0.05160986669184832,0.0400556586083407,0.01155420808350762,1.2884538286209009,11,65.29423188968731,65.29423188968731,0
2026-0802-01-01-04-11,12,13,リラボニート,エラトー,0.0400556586083407,0.03875253004989475,0.0013031285584459498,1.0336269285326183,12,21.84890269955331,21.84890269955331,0
2026-0802-01-01-04-11,13,14,エラトー,クリノメイ,0.03875253004989475,0.032045632640886126,0.006706897409008622,1.209292089320511,13,51.73820159254225,51.73820159254225,0
2026-0802-01-01-04-12,1,2,デンプシー,ミキノバカラ,0.2064365279625381,0.10966207449876263,0.09677445346377549,1.8824787777005572,1,97.31986793552146,97.31986793552146,1
2026-0802-01-01-04-12,2,3,ミキノバカラ,ホウオウヘッセン,0.10966207449876263,0.1028634239074727,0.006798650591289923,1.066093955781653,2,52.068362788891044,52.068362788891044,0
2026-0802-01-01-04-12,3,4,ホウオウヘッセン,マテンロウサン,0.1028634239074727,0.09592405044740838,0.006939373460064319,1.072342373239013,3,52.61215770052438,52.61215770052438,0
2026-0802-01-01-04-12,4,5,マテンロウサン,ベビーズブレス,0.09592405044740838,0.08556390992518959,0.0103601405222188,1.1210807282097897,4,62.322781122548065,62.322781122548065,0
2026-0802-01-01-04-12,5,6,ベビーズブレス,ベルビースタローン,0.08556390992518959,0.06228650380336318,0.023277406121826404,1.3737150859408092,5,80.87007185861333,80.87007185861333,0
2026-0802-01-01-04-12,6,7,ベルビースタローン,サンドロナイト,0.06228650380336318,0.056921140045972776,0.005365363757390405,1.0942595976302834,6,46.183724995144686,46.183724995144686,0
2026-0802-01-01-04-12,7,8,サンドロナイト,サンポーニャ,0.056921140045972776,0.052515447334188455,0.004405692711784322,1.0838932720833199,7,41.50320450572927,41.50320450572927,0
2026-0802-01-01-04-12,8,9,サンポーニャ,ライツユーアップ,0.052515447334188455,0.0522809214238276,0.00023452591036085546,1.0044858794369673,8,12.390755486502233,12.390755486502233,0
2026-0802-01-01-04-12,9,10,ライツユーアップ,トウカイエルデ,0.0522809214238276,0.04945535292700055,0.0028255684968270522,1.0571337242501895,9,32.763643425907944,32.763643425907944,0
2026-0802-01-01-04-12,10,11,トウカイエルデ,ニホンピロトッティ,0.04945535292700055,0.03152138196137873,0.01793397096562182,1.5689462152260725,10,75.68459895125267,75.68459895125267,0
2026-0802-01-01-04-12,11,12,ニホンピロトッティ,バシレウスシチー,0.03152138196137873,0.029019435049919516,0.0025019469114592116,1.086216251527824,11,30.66614876675083,30.66614876675083,0
2026-0802-01-01-04-12,12,13,バシレウスシチー,スイミーユニバンス,0.029019435049919516,0.023841624472913093,0.005177810577006423,1.21717524252129,12,45.46513886191493,45.46513886191493,0
2026-0802-01-01-04-12,13,14,スイミーユニバンス,ピースフルナイト,0.023841624472913093,0.014310814649412772,0.009530809823500321,1.6659865323523988,13,60.67197514080404,60.67197514080404,0
2026-0802-04-02-04-01,1,2,サノノキセキ,シュネーバレン,0.27370685156908076,0.25329615302466035,0.020410698544420403,1.0805803732140902,1,78.50067974363955,78.50067974363955,0
2026-0802-04-02-04-01,2,3,シュネーバレン,デザートスピリット,0.25329615302466035,0.24127288386744056,0.012023269157219796,1.0498326582104667,2,66.40124295979803,66.40124295979803,0
2026-0802-04-02-04-01,3,4,デザートスピリット,ヴェントリナ,0.24127288386744056,0.11625189863423264,0.12502098523320793,2.0754317710247965,3,98.64051272091669,98.64051272091669,1
2026-0802-04-02-04-01,4,5,ヴェントリナ,エコロテラ,0.11625189863423264,0.09451845531397936,0.021733443320253287,1.2299386214899228,4,79.56884832006214,79.56884832006214,0
2026-0802-04-02-04-01,5,6,エコロテラ,ウィールズアップ,0.09451845531397936,0.07055847450853217,0.023959980805447187,1.3395762305284797,5,81.31676053602641,81.31676053602641,0
2026-0802-04-02-04-01,6,7,ウィールズアップ,センカンナガト,0.07055847450853217,0.04680099192455167,0.0237574825839805,1.5076277575971075,6,81.20023305496213,81.20023305496213,0
2026-0802-04-02-04-01,7,8,センカンナガト,ホワイトフレアー,0.04680099192455167,0.03537833463220407,0.0114226572923476,1.3228715373716269,7,65.11944066809089,65.11944066809089,0
2026-0802-04-02-04-01,8,9,ホワイトフレアー,エレスレイプニル,0.03537833463220407,0.019623085069194617,0.015755249563009454,1.802893607577684,8,72.53835696251699,72.53835696251699,0
2026-0802-04-02-04-01,9,10,エレスレイプニル,ノドゥス,0.019623085069194617,0.018510581432453644,0.0011125036367409732,1.0601009558127914,9,20.23693921149738,20.23693921149738,0
2026-0802-04-02-04-01,10,11,ノドゥス,タイセイルミナス,0.018510581432453644,0.01712920180479584,0.0013813796276578028,1.0806447167474578,10,22.23732763643426,22.23732763643426,0
2026-0802-04-02-04-01,11,12,タイセイルミナス,キミヘノメロディー,0.01712920180479584,0.015002840789116487,0.002126361015679354,1.1417305592699405,11,27.733540493299667,27.733540493299667,0
2026-0802-04-02-04-02,1,2,ライングラウス,ステラガーネット,0.08000403698485009,0.08000403698485009,0.0,1.0,1,9.671780928335599,9.671780928335599,0
2026-0802-04-02-04-02,2,3,ステラガーネット,ゼノスフィア,0.08000403698485009,0.08000403698485009,0.0,1.0,2,9.671780928335599,9.671780928335599,0
2026-0802-04-02-04-02,3,4,ゼノスフィア,ヴィシーチェック,0.08000403698485009,0.08000403698485009,0.0,1.0,3,9.671780928335599,9.671780928335599,0
2026-0802-04-02-04-02,4,5,ヴィシーチェック,リーチツモドライチ,0.08000403698485009,0.08000403698485009,0.0,1.0,4,9.671780928335599,9.671780928335599,0
2026-0802-04-02-04-02,5,6,リーチツモドライチ,ラインホルト,0.08000403698485009,0.08000403698485009,0.0,1.0,5,9.671780928335599,9.671780928335599,0
2026-0802-04-02-04-02,6,7,ラインホルト,コウユーキミガイテ,0.08000403698485009,0.08000403698485009,0.0,1.0,6,9.671780928335599,9.671780928335599,0
2026-0802-04-02-04-02,7,8,コウユーキミガイテ,ヌンエリン,0.08000403698485009,0.08000403698485009,0.0,1.0,7,9.671780928335599,9.671780928335599,0
2026-0802-04-02-04-02,8,9,ヌンエリン,イチザサンダー,0.08000403698485009,0.08000403698485009,0.0,1.0,8,9.671780928335599,9.671780928335599,0
2026-0802-04-02-04-02,9,10,イチザサンダー,テンユメノオーロラ,0.08000403698485009,0.08000403698485009,0.0,1.0,9,9.671780928335599,9.671780928335599,0
2026-0802-04-02-04-02,10,11,テンユメノオーロラ,サスケソルトバーン,0.08000403698485009,0.08000403698485009,0.0,1.0,10,9.671780928335599,9.671780928335599,0
2026-0802-04-02-04-02,11,12,サスケソルトバーン,グランシュレーム,0.08000403698485009,0.08000403698485009,0.0,1.0,11,9.671780928335599,9.671780928335599,0
2026-0802-04-02-04-03,1,2,ベールダウン,レーゲンシャウアー,0.07290930950795577,0.07290930950795577,0.0,1.0,1,9.671780928335599,9.671780928335599,0
2026-0802-04-02-04-03,2,3,レーゲンシャウアー,クラオルグジェシダ,0.07290930950795577,0.07290930950795577,0.0,1.0,2,9.671780928335599,9.671780928335599,0
2026-0802-04-02-04-03,3,4,クラオルグジェシダ,ペアレンツハート,0.07290930950795577,0.07290930950795577,0.0,1.0,3,9.671780928335599,9.671780928335599,0
2026-0802-04-02-04-03,4,5,ペアレンツハート,ファーストアライヴ,0.07290930950795577,0.07290930950795577,0.0,1.0,4,9.671780928335599,9.671780928335599,0
2026-0802-04-02-04-03,5,6,ファーストアライヴ,ビスクヴィート,0.07290930950795577,0.07290930950795577,0.0,1.0,5,9.671780928335599,9.671780928335599,0
2026-0802-04-02-04-03,6,7,ビスクヴィート,マイネルリシャール,0.07290930950795577,0.07290930950795577,0.0,1.0,6,9.671780928335599,9.671780928335599,0
2026-0802-04-02-04-03,7,8,マイネルリシャール,コイゾラ,0.07290930950795577,0.07290930950795577,0.0,1.0,7,9.671780928335599,9.671780928335599,0
2026-0802-04-02-04-03,8,9,コイゾラ,スカーレットクラン,0.07290930950795577,0.07290930950795577,0.0,1.0,8,9.671780928335599,9.671780928335599,0
2026-0802-04-02-04-03,9,10,スカーレットクラン,アンドレイア,0.07290930950795577,0.07290930950795577,0.0,1.0,9,9.671780928335599,9.671780928335599,0
2026-0802-04-02-04-03,10,11,アンドレイア,ヴァルフォース,0.07290930950795577,0.07290930950795577,0.0,1.0,10,9.671780928335599,9.671780928335599,0
2026-0802-04-02-04-03,11,12,ヴァルフォース,コンフィアル,0.07290930950795577,0.07290930950795577,0.0,1.0,11,9.671780928335599,9.671780928335599,0
2026-0802-04-02-04-03,12,13,コンフィアル,ニシノトラノスケ,0.07290930950795577,0.07290930950795577,0.0,1.0,12,9.671780928335599,9.671780928335599,0
2026-0802-04-02-04-04,1,2,ウォーレーションズ,ツインドライヴ,0.1533270867120418,0.10089839213715311,0.052428694574888676,1.5196187319181593,1,92.44513497766556,92.44513497766556,1
2026-0802-04-02-04-04,2,3,ツインドライヴ,サトノクラシカル,0.10089839213715311,0.0818540276445796,0.019044364492573518,1.2326625218158662,2,77.04408623033598,77.04408623033598,0
2026-0802-04-02-04-04,3,4,サトノクラシカル,サングラント,0.0818540276445796,0.0710788280181101,0.0107751996264695,1.1515950660261887,3,63.39094969897068,63.39094969897068,0
2026-0802-04-02-04-04,4,5,サングラント,ネイティヴプライド,0.0710788280181101,0.05870451066174779,0.012374317356362304,1.2107898901953624,4,67.21693532724801,67.21693532724801,0
2026-0802-04-02-04-04,5,6,ネイティヴプライド,ヤマタケボニータ,0.05870451066174779,0.04788060220689345,0.010823908454854342,1.2260604076800021,5,63.6045834142552,63.6045834142552,0
2026-0802-04-02-04-04,6,7,ヤマタケボニータ,ジュングロワール,0.04788060220689345,0.04341657400878629,0.0044640281981071575,1.102818527256521,6,42.0469994173626,42.0469994173626,0
2026-0802-04-02-04-04,7,8,ジュングロワール,グラムエッジ,0.04341657400878629,0.0415887506724171,0.0018278233363691887,1.043949945762171,7,25.461254612546124,25.461254612546124,0
2026-0802-04-02-04-04,8,9,グラムエッジ,ヤマメナイト,0.0415887506724171,0.029633410944242336,0.011955339728174766,1.4034412289111675,8,66.1876092445135,66.1876092445135,0
2026-0802-04-02-04-04,9,10,ヤマメナイト,テルケンレンタッチ,0.029633410944242336,0.01385922625951879,0.015774184684723545,2.1381721020601367,9,72.59662070304913,72.59662070304913,0
2026-0802-04-02-04-04,10,11,テルケンレンタッチ,カミカクシ,0.01385922625951879,0.010818837080469816,0.0030403891790489745,1.281027355938051,10,33.98718197708293,33.98718197708293,0
2026-0802-04-02-04-04,11,12,カミカクシ,ブリリアンス,0.010818837080469816,0.010644756185648006,0.00017408089482181047,1.0163536760998357,11,11.808118081180812,11.808118081180812,0
2026-0802-04-02-04-04,12,13,ブリリアンス,アルティシエル,0.010644756185648006,0.00976681391027044,0.0008779422753775658,1.089890345351451,12,18.39192076131288,18.39192076131288,0
2026-0802-04-02-04-04,13,14,アルティシエル,チャリティチャリス,0.00976681391027044,0.009599791544007258,0.0001670223662631823,1.0173985409472195,13,11.652748106428433,11.652748106428433,0
2026-0802-04-02-04-04,14,15,チャリティチャリス,グランフィエスタ,0.009599791544007258,0.00943305691520869,0.00016673462879856701,1.0176755669235649,14,11.633326859584384,11.633326859584384,0
2026-0802-04-02-04-05,1,2,レッドレガリア,セーヌデローヴ,0.2510814549459049,0.08568786729933822,0.16539358764656667,2.930186768084541,1,99.59215381627502,99.59215381627502,1
2026-0802-04-02-04-05,2,3,セーヌデローヴ,チルチャンプ,0.08568786729933822,0.07893623374411697,0.006751633555221251,1.0855327551743554,2,51.893571567294615,51.893571567294615,0
2026-0802-04-02-04-05,3,4,チルチャンプ,フキョウワオン,0.07893623374411697,0.06932025595396406,0.009615977790152913,1.1387181518276408,3,60.82734511555642,60.82734511555642,0
2026-0802-04-02-04-05,4,5,フキョウワオン,ラグアイリータ,0.06932025595396406,0.06500241873541919,0.004317837218544868,1.0664257931096357,4,41.153622062536414,41.153622062536414,0
2026-0802-04-02-04-05,5,6,ラグアイリータ,プラネタリーアワー,0.06500241873541919,0.04789408600756976,0.01710833272784943,1.3572118011636223,5,74.65527286851817,74.65527286851817,0
2026-0802-04-02-04-05,6,7,プラネタリーアワー,エクストラダーク,0.04789408600756976,0.04395480677051441,0.0039392792370553514,1.0896211251165795,6,39.07554865022335,39.07554865022335,0
2026-0802-04-02-04-05,7,8,エクストラダーク,カルダモン,0.04395480677051441,0.03883087711026307,0.005123929660251339,1.1319550327359738,7,45.21266265294232,45.21266265294232,0
2026-0802-04-02-04-05,8,9,カルダモン,ビップマリク,0.03883087711026307,0.03317088391035069,0.00565999319991238,1.1706313650009859,8,47.44610604000777,47.44610604000777,0
2026-0802-04-02-04-05,9,10,ビップマリク,アオゾラランチ,0.03317088391035069,0.028307077417379128,0.004863806492971561,1.171822983392324,9,43.95028160807924,43.95028160807924,0
2026-0802-04-02-04-05,10,11,アオゾラランチ,ナイトバード,0.028307077417379128,0.025945831365594012,0.0023612460517851153,1.0910067601424518,10,29.636822684016312,29.636822684016312,0
2026-0802-04-02-04-05,11,12,ナイトバード,ニシノトップダノン,0.025945831365594012,0.02267525176174489,0.0032705796038491226,1.1442356467841681,11,35.42435424354243,35.42435424354243,0
2026-0802-04-02-04-05,12,13,ニシノトップダノン,レーザーキック,0.02267525176174489,0.016957165704046945,0.005718086057697944,1.3372076535368929,12,47.69858224898039,47.69858224898039,0
2026-0802-04-02-04-05,13,14,レーザーキック,イバラヒメ,0.016957165704046945,0.015732882191997817,0.0012242835120491284,1.0778168613422805,13,21.1885803068557,21.1885803068557,0
2026-0802-04-02-04-05,14,15,イバラヒメ,キタノアヤカ,0.015732882191997817,0.015473889451810508,0.00025899274018730857,1.0167374040633983,14,12.662652942318896,12.662652942318896,0
2026-0802-04-02-04-05,15,16,キタノアヤカ,ジーナグレイス,0.015473889451810508,0.014125738466501912,0.0013481509853085962,1.095439327898193,15,22.08195766168188,22.08195766168188,0
2026-0802-04-02-04-05,16,17,ジーナグレイス,テンノルーキー,0.014125738466501912,0.01049020062392401,0.0036355378425779027,1.346565139496634,16,37.36647892794717,37.36647892794717,0
2026-0802-04-02-04-05,17,18,テンノルーキー,ルビーサンセット,0.01049020062392401,0.0051655800112992405,0.005324620612624769,2.0307885273246455,17,45.98951252670421,45.98951252670421,0
2026-0802-04-02-04-06,1,2,ブレトワルダ,マッドゲイル,0.14062472600716125,0.13927978156057227,0.0013449444465889748,1.0096564227163443,1,22.004272674305692,22.004272674305692,0
2026-0802-04-02-04-06,2,3,マッドゲイル,ヘリオトロープ,0.13927978156057227,0.1296991849736972,0.009580596586875073,1.0738678241410538,2,60.749660128180224,60.749660128180224,0
2026-0802-04-02-04-06,3,4,ヘリオトロープ,フィールオーサム,0.1296991849736972,0.11620478570729982,0.01349439926639738,1.1161260199763845,3,69.2173237521849,69.2173237521849,0
2026-0802-04-02-04-06,4,5,フィールオーサム,ナイトスラッガー,0.11620478570729982,0.10488271549676477,0.011322070210535051,1.107949819538037,4,64.86696445911826,64.86696445911826,0
2026-0802-04-02-04-06,5,6,ナイトスラッガー,ロードソルスティス,0.10488271549676477,0.08427858165730959,0.020604133839455183,1.2444765138933511,5,78.67547096523597,78.67547096523597,0
2026-0802-04-02-04-06,6,7,ロードソルスティス,ニシノケンタマン,0.08427858165730959,0.06817731352823377,0.01610126812907582,1.236167535736179,6,73.00446688677414,73.00446688677414,0
2026-0802-04-02-04-06,7,8,ニシノケンタマン,ユイノマチブセ,0.06817731352823377,0.05865416842735943,0.009523145100874333,1.1623609260212822,7,60.613711400271896,60.613711400271896,0
2026-0802-04-02-04-06,8,9,ユイノマチブセ,カレンワッツアップ,0.05865416842735943,0.04498264076963738,0.013671527657722053,1.303928969571527,8,69.52806370168965,69.52806370168965,0
2026-0802-04-02-04-06,9,10,カレンワッツアップ,セザンワールド,0.04498264076963738,0.03301716548996077,0.011965475279676611,1.362401650841737,9,66.20703049135754,66.20703049135754,0
2026-0802-04-02-04-06,10,11,セザンワールド,フクチャントウメイ,0.03301716548996077,0.022386153120376128,0.01063101236958464,1.4748923279680497,10,62.963682268401634,62.963682268401634,0
2026-0802-04-02-04-06,11,12,フクチャントウメイ,ルーラーリッチ,0.022386153120376128,0.01785002585901403,0.0045361272613620995,1.254124408400866,11,42.35773936686735,42.35773936686735,0
2026-0802-04-02-04-06,12,13,ルーラーリッチ,シーニックビュー,0.01785002585901403,0.01707218125731052,0.0007778446017035097,1.045562110077201,12,17.653913381239075,17.653913381239075,0
2026-0802-04-02-04-06,13,14,シーニックビュー,エリカヴェネチア,0.01707218125731052,0.01171850462193182,0.005353676635378699,1.4568566389741402,13,46.14488250145659,46.14488250145659,0
2026-0802-04-02-04-06,14,15,エリカヴェネチア,スプレーフォール,0.01171850462193182,0.005410206275542315,0.006308298346389504,2.165999598741208,14,49.91260438920179,49.91260438920179,0
2026-0802-04-02-04-07,1,2,ピューロマジック,アメリカンステージ,0.16542921424009552,0.09511853370853626,0.07031068053155926,1.73919012194833,1,94.85336958632745,94.85336958632745,1
2026-0802-04-02-04-07,2,3,アメリカンステージ,ビッグシーザー,0.09511853370853626,0.06806565283039567,0.02705288087814059,1.3974527497084366,2,83.41425519518353,83.41425519518353,0
2026-0802-04-02-04-07,3,4,ビッグシーザー,アタリダイキチ,0.06806565283039567,0.058494637062518846,0.009571015767876827,1.1636221070599577,3,60.71081763449213,60.71081763449213,0
2026-0802-04-02-04-07,4,5,アタリダイキチ,ベルギューン,0.058494637062518846,0.05600263080735008,0.002492006255168766,1.0444980212401325,4,30.569042532530588,30.569042532530588,0
2026-0802-04-02-04-07,5,6,ベルギューン,カウスリップ,0.05600263080735008,0.04773078529800438,0.008271845509345697,1.1733021038246263,5,57.09846572149932,57.09846572149932,0
2026-0802-04-02-04-07,6,7,カウスリップ,シュラフ,0.04773078529800438,0.04333115399004021,0.004399631307964176,1.1015350597165134,6,41.48378325888522,41.48378325888522,0
2026-0802-04-02-04-07,7,8,シュラフ,ウイングレイテスト,0.04333115399004021,0.04202591408792584,0.001305239902114369,1.0310579776892792,7,21.887745193241408,21.887745193241408,0
2026-0802-04-02-04-07,8,9,ウイングレイテスト,ロードトレイル,0.04202591408792584,0.039067868532040896,0.0029580455558849417,1.07571556030652,8,33.404544571761505,33.404544571761505,0
2026-0802-04-02-04-07,9,10,ロードトレイル,カウンターセブン,0.039067868532040896,0.03861241920370982,0.00045544932833107427,1.011795410329724,9,14.527092639347448,14.527092639347448,0
2026-0802-04-02-04-07,10,11,カウンターセブン,エコロレジーナ,0.03861241920370982,0.03391878302577523,0.004693636177934592,1.138378672795184,10,43.1151679937852,43.1151679937852,0
2026-0802-04-02-04-07,11,12,エコロレジーナ,クムシラコ,0.03391878302577523,0.02879481656279401,0.00512396646298122,1.1779475292647612,11,45.23208389978637,45.23208389978637,0
2026-0802-04-02-04-07,12,13,クムシラコ,デュガ,0.02879481656279401,0.024645787743723162,0.004149028819070848,1.1683463666170513,12,40.163138473489994,40.163138473489994,0
2026-0802-04-02-04-07,13,14,デュガ,テイエムスパーダ,0.024645787743723162,0.019044414103384463,0.0056013736403386985,1.2941216048932298,13,47.115944843658966,47.115944843658966,0
2026-0802-04-02-04-07,14,15,テイエムスパーダ,ブーケファロス,0.019044414103384463,0.016223045039279203,0.00282136906410526,1.1739111897473111,14,32.72480093221985,32.72480093221985,0
2026-0802-04-02-04-07,15,16,ブーケファロス,バグラダス,0.016223045039279203,0.01601434638831097,0.0002086986509682344,1.0130319805696575,15,12.138279277529618,12.138279277529618,0
2026-0802-04-02-04-07,16,17,バグラダス,ミカッテヨンデイイ,0.01601434638831097,0.014849219435285691,0.0011651269530252775,1.0784638517938947,16,20.625364148378324,20.625364148378324,0
2026-0802-04-02-04-08,1,2,ガーヴィ,キアラメンテ,0.24989775763853742,0.18510381424709865,0.06479394339143876,1.3500411034477338,1,94.23188968731793,94.23188968731793,1
2026-0802-04-02-04-08,2,3,キアラメンテ,リポサンテ,0.18510381424709865,0.15472539653531242,0.030378417711786232,1.196337630356973,2,85.22043115167995,85.22043115167995,0
2026-0802-04-02-04-08,3,4,リポサンテ,ゴバド,0.15472539653531242,0.1373542981953584,0.01737109833995401,1.1264692737554318,3,75.02427655855506,75.02427655855506,0
2026-0802-04-02-04-08,4,5,ゴバド,ノーザンタイタン,0.1373542981953584,0.1263289469952764,0.011025351200082023,1.087274939452272,4,64.14837832588852,64.14837832588852,0
2026-0802-04-02-04-08,5,6,ノーザンタイタン,トランスマーレ,0.1263289469952764,0.09661385258317472,0.02971509441210167,1.3075655676448674,5,84.94853369586328,84.94853369586328,0
2026-0802-04-02-04-08,6,7,トランスマーレ,シアブリス,0.09661385258317472,0.09174033852848802,0.004873514054686695,1.0531229133536861,6,44.04738784229947,44.04738784229947,0
2026-0802-04-02-04-08,7,8,シアブリス,ミエノフェアリー,0.09174033852848802,0.06259626930587255,0.029144069222615476,1.4655879582887743,7,84.61837249951446,84.61837249951446,0
2026-0802-04-02-04-08,8,9,ミエノフェアリー,キューティリップ,0.06259626930587255,0.05491927360085309,0.0076769957050194584,1.139786912711464,8,55.098077296562444,55.098077296562444,0
2026-0802-04-02-04-08,9,10,キューティリップ,ファストフォワード,0.05491927360085309,0.051060383470568065,0.0038588901302850226,1.0755750323048268,9,38.59001747912216,38.59001747912216,0
2026-0802-04-02-04-08,10,11,ファストフォワード,ルンベーラ,0.051060383470568065,0.04599898763134674,0.005061395839221328,1.1100327659335738,10,44.9213439502816,44.9213439502816,0
2026-0802-04-02-04-08,11,12,ルンベーラ,ユメシルベ,0.04599898763134674,0.03717564035913212,0.008823347272214614,1.23734217318054,11,58.78811419693144,58.78811419693144,0
2026-0802-04-02-04-08,12,13,ユメシルベ,ノーブルクラウド,0.03717564035913212,0.03657726509732319,0.0005983752618089339,1.0163592127573453,12,15.983686152651,15.983686152651,0
2026-0802-04-02-04-08,13,14,ノーブルクラウド,ニシノコマチムスメ,0.03657726509732319,0.029022934426709078,0.007554330670614111,1.2602883140466337,13,54.82617984074578,54.82617984074578,0
2026-0802-04-02-04-09,1,2,エコロガノン,メディチパワー,0.19671383751185703,0.13969307256880537,0.057020764943051666,1.4081860602999212,1,93.20256360458342,93.20256360458342,1
2026-0802-04-02-04-09,2,3,メディチパワー,サトノシャムロック,0.13969307256880537,0.10382588458020704,0.03586718798859832,1.3454551640336894,2,87.60924451349777,87.60924451349777,0
2026-0802-04-02-04-09,3,4,サトノシャムロック,ウリズンベー,0.10382588458020704,0.10264932863786484,0.0011765559423422,1.01146189612689,3,20.780734123130706,20.780734123130706,0
2026-0802-04-02-04-09,4,5,ウリズンベー,サトノフェンサー,0.10264932863786484,0.10214691933511141,0.0005024093027534288,1.0049184968672935,4,14.857253835696252,14.857253835696252,0
2026-0802-04-02-04-09,5,6,サトノフェンサー,イーグルロック,0.10214691933511141,0.05074068531003558,0.05140623402507583,2.0131166678371333,5,92.19265876869295,92.19265876869295,1
2026-0802-04-02-04-09,6,7,イーグルロック,カシノスパーク,0.05074068531003558,0.036592609262922675,0.014148076047112906,1.3866375296021427,6,70.14954360069916,70.14954360069916,0
2026-0802-04-02-04-09,7,8,カシノスパーク,サトノラポール,0.036592609262922675,0.03520917085537627,0.001383438407546407,1.0392919905222693,7,22.2955913769664,22.2955913769664,0
2026-0802-04-02-04-09,8,9,サトノラポール,タニセンドリーム,0.03520917085537627,0.03496632143593071,0.000242849419445558,1.0069452378595367,8,12.50728296756652,12.50728296756652,0
2026-0802-04-02-04-09,9,10,タニセンドリーム,ベルウッドピース,0.03496632143593071,0.029302515540571616,0.005663805895359093,1.1932873608587329,9,47.46552728685182,47.46552728685182,0
2026-0802-04-02-04-09,10,11,ベルウッドピース,ブレゲアン,0.029302515540571616,0.027255102978201832,0.0020474125623697846,1.0751203385291654,10,27.18974558166634,27.18974558166634,0
2026-0802-04-02-04-09,11,12,ブレゲアン,セントゴーデンス,0.027255102978201832,0.013516533771654042,0.01373856920654779,2.0164269507733845,11,69.60574868906583,69.60574868906583,0
2026-0802-04-02-04-09,12,13,セントゴーデンス,ヘルメスギャング,0.013516533771654042,0.009326991299678431,0.004189542471975611,1.4491847732419407,12,40.435035929306665,40.435035929306665,0
2026-0802-04-02-04-09,13,14,ヘルメスギャング,スーパーホース,0.009326991299678431,0.009170538324480013,0.00015645297519841818,1.0170603916218068,13,11.439114391143912,11.439114391143912,0
2026-0802-04-02-04-09,14,15,スーパーホース,ウーバーストロング,0.009170538324480013,0.006879715404829903,0.00229082291965011,1.332982221625307,14,28.99592153816275,28.99592153816275,0
2026-0802-04-02-04-10,1,2,チームユートピア,トモジャオーリー,0.38463664170483075,0.2627356946843511,0.12190094702047966,1.463967970423397,1,98.54340648669645,98.54340648669645,1
2026-0802-04-02-04-10,2,3,トモジャオーリー,レゲンデ,0.2627356946843511,0.09845849490590063,0.16427719977845046,2.668491885189333,2,99.55331132258691,99.55331132258691,1
2026-0802-04-02-04-10,3,4,レゲンデ,カンレイスター,0.09845849490590063,0.056886701667735066,0.04157179323816556,1.7307822745811294,3,89.82326665371917,89.82326665371917,0
2026-0802-04-02-04-10,4,5,カンレイスター,ローズブーケ,0.056886701667735066,0.050021248484816816,0.0068654531829182505,1.137250736254657,4,52.359681491551754,52.359681491551754,0
2026-0802-04-02-04-10,5,6,ローズブーケ,フュルスティン,0.050021248484816816,0.03905546267901842,0.010965785805798399,1.2807746997115848,5,63.934744610604,63.934744610604,0
2026-0802-04-02-04-10,6,7,フュルスティン,レディサン,0.03905546267901842,0.03585181570396522,0.0032036469750531954,1.089358011920687,6,34.9194018255972,34.9194018255972,0
2026-0802-04-02-04-10,7,8,レディサン,アイアンソリッド,0.03585181570396522,0.035465500702201676,0.00038631500176354583,1.0108926983720707,7,13.886191493493882,13.886191493493882,0
2026-0802-04-02-04-10,8,9,アイアンソリッド,ビアフォーナウ,0.035465500702201676,0.02638663508557823,0.009078865616623445,1.3440706095028219,8,59.4678578364731,59.4678578364731,0
2026-0802-04-02-04-10,9,10,ビアフォーナウ,ベルヴィヴァン,0.02638663508557823,0.025623025234000507,0.0007636098515777234,1.0298017054818511,9,17.440279665954556,17.440279665954556,0
2026-0802-04-02-04-10,10,11,ベルヴィヴァン,マオノクラッシュ,0.025623025234000507,0.024084315797582235,0.0015387094364182723,1.0638884429746907,10,23.150126238104487,23.150126238104487,0
2026-0802-04-02-04-10,11,12,マオノクラッシュ,セイウンアインス,0.024084315797582235,0.023320753710578568,0.000763562087003667,1.0327417413896578,11,17.42085841911051,17.42085841911051,0
2026-0802-04-02-04-10,12,13,セイウンアインス,ハヌル,0.023320753710578568,0.02041662263836729,0.0029041310722112794,1.1422434613036234,12,33.210332103321036,33.210332103321036,0
2026-0802-04-02-04-10,13,14,ハヌル,ゴールドシャーク,0.02041662263836729,0.015302980326459943,0.005113642311907345,1.3341598958384266,13,45.17382015925423,45.17382015925423,0
2026-0802-04-02-04-11,1,2,ヤマメホープ,クイーンズレイン,0.2819758357804508,0.15667576709542397,0.12530006868502686,1.7997412172152467,1,98.65993396776072,98.65993396776072,1
2026-0802-04-02-04-11,2,3,クイーンズレイン,マイネルオラクル,0.15667576709542397,0.09103119278298993,0.06564457431243403,1.7211217639312353,2,94.36783841522626,94.36783841522626,1
2026-0802-04-02-04-11,3,4,マイネルオラクル,キコリータ,0.09103119278298993,0.08996191942653989,0.0010692733564500456,1.0118858441801386,3,19.84851427461643,19.84851427461643,0
2026-0802-04-02-04-11,4,5,キコリータ,コスモアミュレット,0.08996191942653989,0.0875685762727639,0.002393343153775984,1.0273310730360747,4,29.850456399300835,29.850456399300835,0
2026-0802-04-02-04-11,5,6,コスモアミュレット,ソロンゴ,0.0875685762727639,0.08365416419103,0.003914412081733903,1.046792794113573,5,38.93959992231501,38.93959992231501,0
2026-0802-04-02-04-11,6,7,ソロンゴ,ブラーヴジャン,0.08365416419103,0.0823030475346909,0.0013511166563390936,1.0164163624168303,6,22.101378908525927,22.101378908525927,0
2026-0802-04-02-04-11,7,8,ブラーヴジャン,フォンドルレール,0.0823030475346909,0.035630442497963995,0.04667260503672691,2.309908094444628,7,91.24101767333462,91.24101767333462,1
2026-0802-04-02-04-11,8,9,フォンドルレール,サヴマ,0.035630442497963995,0.03494883339102048,0.0006816091069435162,1.0195030574931478,8,16.779957273256944,16.779957273256944,0
2026-0802-04-02-04-11,9,10,サヴマ,ジーティーホクサイ,0.03494883339102048,0.02974300380733021,0.005205829583690268,1.1750270287901212,9,45.58166634297922,45.58166634297922,0
2026-0802-04-02-04-11,10,11,ジーティーホクサイ,レッドリファインド,0.02974300380733021,0.028988800987021966,0.0007542028203082439,1.0260170408788516,10,17.32375218489027,17.32375218489027,0
2026-0802-04-02-04-11,11,12,レッドリファインド,タイキヴィグルーズ,0.028988800987021966,0.011524280926684624,0.017464520060337343,2.515454211108132,11,75.17964653330745,75.17964653330745,0
2026-0802-04-02-04-11,12,13,タイキヴィグルーズ,フロステリオン,0.011524280926684624,0.0070446905089962585,0.004479590417688366,1.635881790969782,12,42.10526315789473,42.10526315789473,0
2026-0802-04-02-04-12,1,2,シャインアルプス,ウインテラジーナ,0.29331805103138514,0.15378625104288698,0.13953179998849816,1.9073099775973235,1,99.20372887939406,99.20372887939406,1
2026-0802-04-02-04-12,2,3,ウインテラジーナ,ノーブルクロンヌ,0.15378625104288698,0.08356803762849202,0.07021821341439496,1.8402520318420699,2,94.81452709263934,94.81452709263934,1
2026-0802-04-02-04-12,3,4,ノーブルクロンヌ,ニシノタチアナ,0.08356803762849202,0.0521702285207936,0.03139780910769842,1.601833842747768,3,85.7836473101573,85.7836473101573,0
2026-0802-04-02-04-12,4,5,ニシノタチアナ,セレスティアハート,0.0521702285207936,0.04307794401800131,0.009092284502792293,1.2110658878936476,4,59.5067003301612,59.5067003301612,0
2026-0802-04-02-04-12,5,6,セレスティアハート,ゴッドレイ,0.04307794401800131,0.04021996345453122,0.002857980563470086,1.0710587558514577,5,32.86074966012818,32.86074966012818,0
2026-0802-04-02-04-12,6,7,ゴッドレイ,アラムベイ,0.04021996345453122,0.03703178469273614,0.003188178761795085,1.086093035705634,6,34.78345309768887,34.78345309768887,0
2026-0802-04-02-04-12,7,8,アラムベイ,ペルシアーノ,0.03703178469273614,0.03007929457033464,0.006952490122401497,1.231138735855139,7,52.67042144105651,52.67042144105651,0
2026-0802-04-02-04-12,8,9,ペルシアーノ,エイシンイクサボシ,0.03007929457033464,0.02947284398365203,0.0006064505866826102,1.020576588639325,8,16.080792386871238,16.080792386871238,0
2026-0802-04-02-04-12,9,10,エイシンイクサボシ,ブロッコロ,0.02947284398365203,0.025140050125598494,0.004332793858053536,1.1723462696536842,9,41.192464556224515,41.192464556224515,0
2026-0802-04-02-04-12,10,11,ブロッコロ,ピコバレット,0.025140050125598494,0.02054194544860837,0.004598104676990122,1.223839786182551,10,42.7461643037483,42.7461643037483,0
2026-0802-04-02-04-12,11,12,ピコバレット,ベルバード,0.02054194544860837,0.020527688467491798,1.4256981116574086e-05,1.0006945244292436,11,9.924257137308215,9.924257137308215,0
2026-0802-04-02-04-12,12,13,ベルバード,ノベンバーベイズ,0.020527688467491798,0.017260745002741117,0.0032669434647506802,1.189270130821808,12,35.3660905030103,35.3660905030103,0
2026-0802-04-02-04-12,13,14,ノベンバーベイズ,モントーヤ,0.017260745002741117,0.017020420269166683,0.00024032473357443393,1.014119788452568,13,12.449019227034377,12.449019227034377,0
2026-0802-04-02-04-12,14,15,モントーヤ,ノブステップ,0.017020420269166683,0.016180377356992622,0.0008400429121740612,1.0519173869459244,14,18.13944455234026,18.13944455234026,0
2026-0802-04-02-04-12,15,16,ノブステップ,ヤマカンドリーミン,0.016180377356992622,0.0113029069319297,0.004877470425062922,1.4315235411949208,15,44.08623033598757,44.08623033598757,0
2026-0802-04-02-04-12,16,17,ヤマカンドリーミン,ホウオウパーソンズ,0.0113029069319297,0.007056642328475818,0.004246264603453882,1.6017400919299596,16,40.784618372499516,40.784618372499516,0
2026-0802-07-02-04-01,1,2,ビクスバイト,ゴールデンテティス,0.2848282083365824,0.18442933774080905,0.10039887059577335,1.544375812577447,1,97.55292289765003,97.55292289765003,1
2026-0802-07-02-04-01,2,3,ゴールデンテティス,タイセイアビオン,0.18442933774080905,0.17222300313601016,0.01220633460479889,1.070875169881686,2,66.90619537774324,66.90619537774324,0
2026-0802-07-02-04-01,3,4,タイセイアビオン,ワンダーデリエール,0.17222300313601016,0.10161193147263624,0.07061107166337392,1.6949092556358822,3,94.93105457370363,94.93105457370363,1
2026-0802-07-02-04-01,4,5,ワンダーデリエール,メイショウプレマ,0.10161193147263624,0.08184300539715039,0.019768926075485846,1.2415469224224525,4,77.76267236356574,77.76267236356574,0
2026-0802-07-02-04-01,5,6,メイショウプレマ,テンダーワーズ,0.08184300539715039,0.05627102038200617,0.025571985015144225,1.4544432434589616,5,82.59856282773355,82.59856282773355,0
2026-0802-07-02-04-01,6,7,テンダーワーズ,ノブレスラブリエ,0.05627102038200617,0.04513608404810925,0.011134936333896915,1.2466969957346876,6,64.47853952223733,64.47853952223733,0
2026-0802-07-02-04-01,7,8,ノブレスラブリエ,ルーチェブリラーレ,0.04513608404810925,0.04250096712270947,0.0026351169253997844,1.0620013402940134,7,31.73431734317343,31.73431734317343,0
2026-0802-07-02-04-01,8,9,ルーチェブリラーレ,レーヴドリュヌ,0.04250096712270947,0.030628717184307763,0.011872249938401705,1.3876182559968362,8,66.03223926976112,66.03223926976112,0
2026-0802-07-02-04-01,9,10,レーヴドリュヌ,ワンダースアン,0.030628717184307763,0.026787518357116832,0.003841198827190931,1.1433950982686087,9,38.454068751213825,38.454068751213825,0
2026-0802-07-02-04-01,10,11,ワンダースアン,フィールライクユー,0.026787518357116832,0.02422762838128305,0.002559889975833781,1.1056599488628203,10,31.09341619731987,31.09341619731987,0
2026-0802-07-02-04-01,11,12,フィールライクユー,オーロアルジェント,0.02422762838128305,0.02112948911002123,0.003098139271261822,1.1466263218731798,11,34.31734317343174,34.31734317343174,0
2026-0802-07-02-04-01,12,13,オーロアルジェント,オーマイラッキーン,0.02112948911002123,0.017634923741760795,0.003494565368260434,1.1981616376364048,12,36.70615653524956,36.70615653524956,0
2026-0802-07-02-04-01,13,14,オーマイラッキーン,ダンツカレン,0.017634923741760795,0.015177360942868852,0.002457562798891944,1.1619229329883363,13,30.33598757040202,30.33598757040202,0
2026-0802-07-02-04-01,14,15,ダンツカレン,ノチェブエナ,0.015177360942868852,0.013227673022086653,0.001949687920782199,1.147394626214811,14,26.3934744610604,26.3934744610604,0
2026-0802-07-02-04-01,15,16,ノチェブエナ,グラディオール,0.013227673022086653,0.006344640631924673,0.00688303239016198,2.0848577231511354,15,52.417945232083895,52.417945232083895,0
2026-0802-07-02-04-01,16,17,グラディオール,ハギノデュア,0.006344640631924673,0.005993388711661826,0.0003512519202628463,1.0586065641928726,16,13.53660905030103,13.53660905030103,0
2026-0802-07-02-04-01,17,18,ハギノデュア,リュネヴィル,0.005993388711661826,0.005543379732667425,0.0004500089789944012,1.08117953319028,17,14.468828898815303,14.468828898815303,0
2026-0802-07-02-04-02,1,2,サンライズエイト,アントラヴァースト,0.11843492100033122,0.11843492100033122,0.0,1.0,1,9.671780928335599,9.671780928335599,0
2026-0802-07-02-04-02,2,3,アントラヴァースト,ラッキーハナコ,0.11843492100033122,0.11843492100033122,0.0,1.0,2,9.671780928335599,9.671780928335599,0
2026-0802-07-02-04-02,3,4,ラッキーハナコ,ファンビッチャン,0.11843492100033122,0.11843492100033122,0.0,1.0,3,9.671780928335599,9.671780928335599,0
2026-0802-07-02-04-02,4,5,ファンビッチャン,オーリエイト,0.11843492100033122,0.11843492100033122,0.0,1.0,4,9.671780928335599,9.671780928335599,0
2026-0802-07-02-04-02,5,6,オーリエイト,イツマデモマツワ,0.11843492100033122,0.11843492100033122,0.0,1.0,5,9.671780928335599,9.671780928335599,0
2026-0802-07-02-04-02,6,7,イツマデモマツワ,ハイウェイワン,0.11843492100033122,0.11843492100033122,0.0,1.0,6,9.671780928335599,9.671780928335599,0
2026-0802-07-02-04-02,7,8,ハイウェイワン,エコログレイス,0.11843492100033122,0.11843492100033122,0.0,1.0,7,9.671780928335599,9.671780928335599,0
2026-0802-07-02-04-03,1,2,ムーンパッセ,トゥーレジット,0.09856933364776119,0.09856933364776119,0.0,1.0,1,9.671780928335599,9.671780928335599,0
2026-0802-07-02-04-03,2,3,トゥーレジット,アレオクール,0.09856933364776119,0.09856933364776119,0.0,1.0,2,9.671780928335599,9.671780928335599,0
2026-0802-07-02-04-03,3,4,アレオクール,サウンドファイト,0.09856933364776119,0.09856933364776119,0.0,1.0,3,9.671780928335599,9.671780928335599,0
2026-0802-07-02-04-03,4,5,サウンドファイト,ヤマトクオーレ,0.09856933364776119,0.09856933364776119,0.0,1.0,4,9.671780928335599,9.671780928335599,0
2026-0802-07-02-04-03,5,6,ヤマトクオーレ,ベルコート,0.09856933364776119,0.09856933364776119,0.0,1.0,5,9.671780928335599,9.671780928335599,0
2026-0802-07-02-04-03,6,7,ベルコート,ミライノシャチョウ,0.09856933364776119,0.09856933364776119,0.0,1.0,6,9.671780928335599,9.671780928335599,0
2026-0802-07-02-04-03,7,8,ミライノシャチョウ,スーサンコルティナ,0.09856933364776119,0.09856933364776119,0.0,1.0,7,9.671780928335599,9.671780928335599,0
2026-0802-07-02-04-03,8,9,スーサンコルティナ,リボンロゼッタ,0.09856933364776119,0.09856933364776119,0.0,1.0,8,9.671780928335599,9.671780928335599,0
2026-0802-07-02-04-03,9,10,リボンロゼッタ,ジーティーマンフク,0.09856933364776119,0.09856933364776119,0.0,1.0,9,9.671780928335599,9.671780928335599,0
2026-0802-07-02-04-04,1,2,クロカミジョウ,ナムラロダン,0.2949739665322798,0.16138265533124885,0.13359131120103096,1.8277922489676832,1,98.93183142357739,98.93183142357739,1
2026-0802-07-02-04-04,2,3,ナムラロダン,モズタイシソウシ,0.16138265533124885,0.1448278254174317,0.016554829913817154,1.1143069701288533,2,73.82015925422411,73.82015925422411,0
2026-0802-07-02-04-04,3,4,モズタイシソウシ,メテオロイド,0.1448278254174317,0.13237730601367015,0.012450519403761545,1.0940532767941042,3,67.33346280831229,67.33346280831229,0
2026-0802-07-02-04-04,4,5,メテオロイド,マクアケ,0.13237730601367015,0.09707472779904965,0.0353025782146205,1.3636639423568502,4,87.27908331714896,87.27908331714896,0
2026-0802-07-02-04-04,5,6,マクアケ,プレデンシア,0.09707472779904965,0.08289575629824397,0.014178971500805673,1.171045806612733,5,70.16896484754321,70.16896484754321,0
2026-0802-07-02-04-04,6,7,プレデンシア,リアライズガイザー,0.08289575629824397,0.08193789830563523,0.0009578579926087377,1.0116900483465643,6,19.03282190716644,19.03282190716644,0
2026-0802-07-02-04-04,7,8,リアライズガイザー,グラマラス,0.08193789830563523,0.07518896677831252,0.006748931527322713,1.0897595992670213,7,51.83530782676248,51.83530782676248,0
2026-0802-07-02-04-04,8,9,グラマラス,ザキノフレンズ,0.07518896677831252,0.06604951465072581,0.009139452127586711,1.1383727371187622,8,59.58438531753738,59.58438531753738,0
2026-0802-07-02-04-04,9,10,ザキノフレンズ,ビービーシナジー,0.06604951465072581,0.06198525510645218,0.004064259544273627,1.0655681667727874,9,39.59992231501263,39.59992231501263,0
2026-0802-07-02-04-04,10,11,ビービーシナジー,チョウスター,0.06198525510645218,0.059638107093779924,0.0023471480126722594,1.0393565142666485,10,29.442610215575836,29.442610215575836,0
2026-0802-07-02-04-04,11,12,チョウスター,ディアデムドール,0.059638107093779924,0.03088592099352619,0.028752186100253735,1.9309156138254808,11,84.32705379685376,84.32705379685376,0
2026-0802-07-02-04-04,12,13,ディアデムドール,ラジャブルック,0.03088592099352619,0.018864327930934153,0.012021593062592036,1.637265907728351,12,66.38182171295396,66.38182171295396,0
2026-0802-07-02-04-04,13,14,ラジャブルック,アステルディーヴァ,0.018864327930934153,0.018302236756829893,0.0005620911741042595,1.0307116109125023,13,15.498154981549817,15.498154981549817,0
2026-0802-07-02-04-04,14,15,アステルディーヴァ,ジーティーリボーン,0.018302236756829893,0.01724134674194321,0.001060890014886684,1.0615317370948665,14,19.809671780928337,19.809671780928337,0
2026-0802-07-02-04-04,15,16,ジーティーリボーン,マルカスマッシュ,0.01724134674194321,0.00738104712406777,0.00986029961787544,2.3358944133717072,15,61.29345503981356,61.29345503981356,0
2026-0802-07-02-04-05,1,2,アンティスマ,シエーナカラー,0.15107003519284395,0.11197743906440195,0.039092596128442,1.3491113607800813,1,88.83278306467275,88.83278306467275,0
2026-0802-07-02-04-05,2,3,シエーナカラー,シャンドラテ,0.11197743906440195,0.09803876645467695,0.013938672609725006,1.142175112088633,2,69.93590988541465,69.93590988541465,0
2026-0802-07-02-04-05,3,4,シャンドラテ,シャンパンスター,0.09803876645467695,0.07916014730822118,0.018878619146455763,1.2384864074715425,3,76.75276752767527,76.75276752767527,0
2026-0802-07-02-04-05,4,5,シャンパンスター,アーデルリーベ,0.07916014730822118,0.07131819533833984,0.007841951969881342,1.109957240682808,4,55.75839968926005,55.75839968926005,0
2026-0802-07-02-04-05,5,6,アーデルリーベ,シャフメラン,0.07131819533833984,0.06656381319388364,0.0047543821444561984,1.0714259282383338,5,43.42590794328996,43.42590794328996,0
2026-0802-07-02-04-05,6,7,シャフメラン,デールエルバハリ,0.06656381319388364,0.04959380305332754,0.016970010140556102,1.3421800526632024,6,74.55816663429792,74.55816663429792,0
2026-0802-07-02-04-05,7,8,デールエルバハリ,クイーンズホリデー,0.04959380305332754,0.04644085632627643,0.0031529467270511105,1.0678916578303308,7,34.511555641872214,34.511555641872214,0
2026-0802-07-02-04-05,8,9,クイーンズホリデー,ブラックドレス,0.04644085632627643,0.011916647217743886,0.034524209108532544,3.8971411570467573,8,86.96834336764421,86.96834336764421,0
2026-0802-07-02-04-06,1,2,アイニードユー,トミーバローズ,0.39815066998026016,0.2724097504627487,0.12574091951751148,1.4615874406254274,1,98.67935521460478,98.67935521460478,1
2026-0802-07-02-04-06,2,3,トミーバローズ,トライアンフパス,0.2724097504627487,0.26326235599244785,0.00914739447030083,1.0347463063445472,2,59.603806564381436,59.603806564381436,0
2026-0802-07-02-04-06,3,4,トライアンフパス,ロンドボス,0.26326235599244785,0.1907322133403121,0.07253014265213575,1.3802721175511372,3,95.18353078267626,95.18353078267626,1
2026-0802-07-02-04-06,4,5,ロンドボス,キャッスルレイク,0.1907322133403121,0.10571127807478081,0.08502093526553128,1.8042749724905127,4,96.5235968149155,96.5235968149155,1
2026-0802-07-02-04-06,5,6,キャッスルレイク,エイヨーアメジスト,0.10571127807478081,0.09634575384268759,0.00936552423209322,1.097207441517196,5,60.03107399495048,60.03107399495048,0
2026-0802-07-02-04-06,6,7,エイヨーアメジスト,タガノアンファン,0.09634575384268759,0.08738338261924361,0.008962371223443982,1.1025637936505137,6,59.17653913381239,59.17653913381239,0
2026-0802-07-02-04-06,7,8,タガノアンファン,スターウェーブ,0.08738338261924361,0.07779111831636876,0.009592264302874853,1.123307962534541,7,60.788502621868325,60.788502621868325,0
2026-0802-07-02-04-06,8,9,スターウェーブ,カウンティフェア,0.07779111831636876,0.02854100987537956,0.0492501084409892,2.7255909533696636,8,91.78481258496795,91.78481258496795,1
2026-0802-07-02-04-07,1,2,タイトニット,ソーニーイシュー,0.18721146411920866,0.1685816745214073,0.01862978959780137,1.1105089841507991,1,76.51971256554671,76.51971256554671,0
2026-0802-07-02-04-07,2,3,ソーニーイシュー,ブレイクフォース,0.1685816745214073,0.14411050635170747,0.024471168169699825,1.169808356026291,2,81.66634297921927,81.66634297921927,0
2026-0802-07-02-04-07,3,4,ブレイクフォース,クールミラボー,0.14411050635170747,0.10705766806092908,0.03705283829077839,1.346101675497833,3,88.05593319091085,88.05593319091085,0
2026-0802-07-02-04-07,4,5,クールミラボー,ハビレ,0.10705766806092908,0.08493822873291743,0.02211943932801165,1.2604179491141114,4,79.918430763255,79.918430763255,0
2026-0802-07-02-04-07,5,6,ハビレ,サイモンザナドゥ,0.08493822873291743,0.05254511318667101,0.032393115546246416,1.616481982466516,5,86.21091474072635,86.21091474072635,0
2026-0802-07-02-04-07,6,7,サイモンザナドゥ,ポッドロゴ,0.05254511318667101,0.047660854620516356,0.004884258566154653,1.1024794583530642,6,44.14449407651971,44.14449407651971,0
2026-0802-07-02-04-07,7,8,ポッドロゴ,ゼットリアン,0.047660854620516356,0.03152220249429959,0.01613865212621677,1.5119773000993586,7,73.1209943678384,73.1209943678384,0
2026-0802-07-02-04-07,8,9,ゼットリアン,マリオロード,0.03152220249429959,0.014966184335340211,0.016556018158959376,2.106228400505868,8,73.83958050106817,73.83958050106817,0
2026-0802-07-02-04-08,1,2,サンマルノヴェル,セルヴァンス,0.18461381063744148,0.1518661719921572,0.032747638645284266,1.215634846231427,1,86.24975723441445,86.24975723441445,0
2026-0802-07-02-04-08,2,3,セルヴァンス,ルクスレイモンド,0.1518661719921572,0.11105880704713812,0.04080736494501909,1.3674392516002687,2,89.51252670421441,89.51252670421441,0
2026-0802-07-02-04-08,3,4,ルクスレイモンド,ジャンシ,0.11105880704713812,0.09481076019515067,0.016248046851987455,1.1713734476819277,3,73.29578558943484,73.29578558943484,0
2026-0802-07-02-04-08,4,5,ジャンシ,ザウリ,0.09481076019515067,0.09008431899552787,0.004726441199622802,1.05246685829814,4,43.251116721693535,43.251116721693535,0
2026-0802-07-02-04-08,5,6,ザウリ,シルフズミスチーフ,0.09008431899552787,0.06120044394498933,0.028883875050538535,1.4719553190905137,5,84.40473878422995,84.40473878422995,0
2026-0802-07-02-04-08,6,7,シルフズミスチーフ,ワイノナオミ,0.06120044394498933,0.044184973732147886,0.017015470212841444,1.3850963070837228,6,74.61643037483007,74.61643037483007,0
2026-0802-07-02-04-08,7,8,ワイノナオミ,ウィップスティッチ,0.044184973732147886,0.04150236046609148,0.0026826132660564064,1.0646376070163086,7,32.006214798990094,32.006214798990094,0
2026-0802-07-02-04-08,8,9,ウィップスティッチ,パルプフィクション,0.04150236046609148,0.030031478170468088,0.011470882295623392,1.3819619610633571,8,65.17770440862304,65.17770440862304,0
2026-0802-07-02-04-08,9,10,パルプフィクション,カツラノキサノキ,0.030031478170468088,0.022428214989891126,0.007603263180576962,1.3390043828277869,9,54.96212856865411,54.96212856865411,0
2026-0802-07-02-04-08,10,11,カツラノキサノキ,フレイミングパイ,0.022428214989891126,0.018220120325527587,0.004208094664363539,1.2309586648814674,10,40.551563410370946,40.551563410370946,0
2026-0802-07-02-04-09,1,2,ゴールデンステップ,セイフウサツキ,0.2605708208004909,0.1628548905647101,0.09771593023578079,1.6000183961129097,1,97.43639541658574,97.43639541658574,1
2026-0802-07-02-04-09,2,3,セイフウサツキ,ボールドハーテッド,0.1628548905647101,0.16018790947530898,0.0026669810894011103,1.016649078561152,2,31.928529811613902,31.928529811613902,0
2026-0802-07-02-04-09,3,4,ボールドハーテッド,オンクラウドナイン,0.16018790947530898,0.07004831533549624,0.09013959413981273,2.2868202997900715,3,96.95086424548455,96.95086424548455,1
2026-0802-07-02-04-09,4,5,オンクラウドナイン,メイショウヘール,0.07004831533549624,0.05346412492954877,0.01658419040594747,1.3101928709728428,4,73.95610798213245,73.95610798213245,0
2026-0802-07-02-04-09,5,6,メイショウヘール,トモジャシャトー,0.05346412492954877,0.03917452011350701,0.014289604816041766,1.3647678331384292,5,70.2854923286075,70.2854923286075,0
2026-0802-07-02-04-09,6,7,トモジャシャトー,メラーキ,0.03917452011350701,0.021447841024231813,0.017726679089275194,1.826501794248081,6,75.4515439891241,75.4515439891241,0
2026-0802-07-02-04-09,7,8,メラーキ,テーオーレガシー,0.021447841024231813,0.020895252562214098,0.0005525884620177154,1.0264456464631104,7,15.381627500485532,15.381627500485532,0
2026-0802-07-02-04-09,8,9,テーオーレガシー,ガイ,0.020895252562214098,0.01675908445270113,0.004136168109512967,1.2468015553705456,8,40.06603223926976,40.06603223926976,0
2026-0802-07-02-04-10,1,2,スターシップ,ブームバップビート,0.1621080572726994,0.15876688798937463,0.0033411692833247575,1.0210444969076193,1,35.871042920955524,35.871042920955524,0
2026-0802-07-02-04-10,2,3,ブームバップビート,アメリカンイズム,0.15876688798937463,0.13639577245944062,0.02237111552993401,1.164016194391849,2,80.15148572538357,80.15148572538357,0
2026-0802-07-02-04-10,3,4,アメリカンイズム,エコロスパーダ,0.13639577245944062,0.1212668640488207,0.015128908410619923,1.1247571505149931,3,71.50903087978249,71.50903087978249,0
2026-0802-07-02-04-10,4,5,エコロスパーダ,スナークシャラク,0.1212668640488207,0.09074411846266756,0.030522745586153144,1.336360593978444,4,85.31753738590018,85.31753738590018,0
2026-0802-07-02-04-10,5,6,スナークシャラク,エクストラプッシュ,0.09074411846266756,0.06022788636299041,0.030516232099677146,1.5066794460585478,5,85.29811613905612,85.29811613905612,0
2026-0802-07-02-04-10,6,7,エクストラプッシュ,ドメイン,0.06022788636299041,0.056834557379449514,0.0033933289835408956,1.0597053824293152,6,36.104097883084094,36.104097883084094,0
2026-0802-07-02-04-10,7,8,ドメイン,ロックバンド,0.056834557379449514,0.05520956614942097,0.001624991230028544,1.029433146162218,7,23.752184890269955,23.752184890269955,0
2026-0802-07-02-04-10,8,9,ロックバンド,エアフォースワン,0.05520956614942097,0.04331458993143628,0.011894976217984687,1.2746182345674641,8,66.09050301029326,66.09050301029326,0
2026-0802-07-02-04-10,9,10,エアフォースワン,ジーティーパワー,0.04331458993143628,0.034630531540649406,0.008684058390786877,1.2507630695934744,9,58.47737424742668,58.47737424742668,0
2026-0802-07-02-04-10,10,11,ジーティーパワー,ロックウイズユー,0.034630531540649406,0.03342230293524491,0.001208228605404496,1.036150369642254,10,21.11089531947951,21.11089531947951,0
2026-0802-07-02-04-10,11,12,ロックウイズユー,カイラーサ,0.03342230293524491,0.02506488736097265,0.008357415574272262,1.3334312041348009,11,57.40920567100408,57.40920567100408,0
2026-0802-07-02-04-10,12,13,カイラーサ,ロードシュヴァリエ,0.02506488736097265,0.024782216686855166,0.0002826706741174828,1.0114061900793327,12,12.973392891823654,12.973392891823654,0
2026-0802-07-02-04-10,13,14,ロードシュヴァリエ,オーレアミスト,0.024782216686855166,0.02279479734400243,0.0019874193428527365,1.0871874100418641,13,26.68479316372111,26.68479316372111,0
2026-0802-07-02-04-11,1,2,レッドヴァリアート,ビップヴォルフ,0.1499821464712281,0.14611474816311462,0.0038673983081134733,1.0264682269020244,1,38.66770246649835,38.66770246649835,0
2026-0802-07-02-04-11,2,3,ビップヴォルフ,メイショウナルカミ,0.14611474816311462,0.10937948553840995,0.03673526262470467,1.3358514847997216,2,87.95882695669061,87.95882695669061,0
2026-0802-07-02-04-11,3,4,メイショウナルカミ,メイショウアゴナス,0.10937948553840995,0.059537006424558545,0.04984247911385141,1.8371680423168166,3,91.90134006603225,91.90134006603225,1
2026-0802-07-02-04-11,4,5,メイショウアゴナス,バリオス,0.059537006424558545,0.05413787602200606,0.005399130402552486,1.0997292616422158,4,46.33909496989707,46.33909496989707,0
2026-0802-07-02-04-11,5,6,バリオス,ジュンプリメーロ,0.05413787602200606,0.03471848446567868,0.01941939155632738,1.5593386881712716,5,77.31598368615266,77.31598368615266,0
2026-0802-07-02-04-12,1,2,アラビアンジョイ,モンシーク,0.1934787551083225,0.1837334186447629,0.0097453364635596,1.0530406310155345,1,61.09924257137308,61.09924257137308,0
2026-0802-07-02-04-12,2,3,モンシーク,ミッキーラヴィータ,0.1837334186447629,0.14198184657992374,0.04175157206483915,1.2940627486580585,2,89.8426879005632,89.8426879005632,0
2026-0802-07-02-04-12,3,4,ミッキーラヴィータ,アルジェンテーラ,0.14198184657992374,0.06919114466692729,0.07279070191299646,2.0520233804975585,3,95.24179452320838,95.24179452320838,1
2026-0802-07-02-04-12,4,5,アルジェンテーラ,モカプウイング,0.06919114466692729,0.038797508284442714,0.030393636382484573,1.7833914528648227,4,85.27869489221209,85.27869489221209,0
2026-0802-07-02-04-12,5,6,モカプウイング,ケイアイブラック,0.038797508284442714,0.03533706372457931,0.0034604445598634057,1.0979267713592296,5,36.47310157312099,36.47310157312099,0
2026-0802-07-02-04-12,6,7,ケイアイブラック,ハピネスサンライズ,0.03533706372457931,0.027974046695435965,0.0073630170291433435,1.2632088631761895,6,54.36006991648864,54.36006991648864,0
2026-0802-07-02-04-12,7,8,ハピネスサンライズ,チヨ,0.027974046695435965,0.02510898749998042,0.0028650591954555438,1.114104927387366,7,32.919013400660326,32.919013400660326,0
2026-0802-07-02-04-12,8,9,チヨ,エールドリー,0.02510898749998042,0.021251815354611507,0.003857172145368914,1.1814984781773916,8,38.551174985434066,38.551174985434066,0
2026-0802-07-02-04-12,9,10,エールドリー,リントゥラウル,0.021251815354611507,0.020799530613083837,0.00045228474152766984,1.0217449494385784,9,14.48825014565935,14.48825014565935,0
2026-0802-07-02-04-12,10,11,リントゥラウル,マルモリキャスター,0.020799530613083837,0.02078394615089501,1.558446218882792e-05,1.0007498317247208,10,9.943678384152262,9.943678384152262,0
2026-0802-07-02-04-12,11,12,マルモリキャスター,フィアレスウィル,0.02078394615089501,0.015306751460390193,0.005477194690504816,1.357828681329173,11,46.66925616624587,46.66925616624587,0
2026-0802-07-02-04-12,12,13,フィアレスウィル,ルージュエテルナ,0.015306751460390193,0.013383633151089923,0.0019231183093002709,1.1436917978541319,12,26.23810448630802,26.23810448630802,0
2026-0802-07-02-04-12,13,14,ルージュエテルナ,グランスプリント,0.013383633151089923,0.011887531210012669,0.001496101941077254,1.1258547224521365,13,22.89765002913187,22.89765002913187,0
2026-0802-07-02-04-12,14,15,グランスプリント,コカボムショット,0.011887531210012669,0.01088351262596298,0.0010040185840496877,1.092251336361256,14,19.38240435035929,19.38240435035929,0
2026-0802-07-02-04-12,15,16,コカボムショット,カフラー,0.01088351262596298,0.006034802114199492,0.004848710511763489,1.8034580786592476,15,43.87259662070305,43.87259662070305,0
2026-0802-07-02-04-12,16,17,カフラー,ホウオウスカイハイ,0.006034802114199492,0.006034802114199492,0.0,1.0,16,9.671780928335599,9.671780928335599,0
2026-0808-01-01-05-01,1,2,ルージュボニート,ジーティービキニ,0.18137374551644952,0.17710289595992362,0.004270849556525902,1.0241150746484255,1,40.93998834725189,40.93998834725189,0
2026-0808-01-01-05-01,2,3,ジーティービキニ,ジェイストリーク,0.17710289595992362,0.1342536855824877,0.042849210377435915,1.3191659893099072,2,90.11458535637988,90.11458535637988,1
2026-0808-01-01-05-01,3,4,ジェイストリーク,ルパピヨンブラン,0.1342536855824877,0.1280689756030481,0.0061847099794395954,1.0482920234999709,3,49.582443192852985,49.582443192852985,0
2026-0808-01-01-05-01,4,5,ルパピヨンブラン,マーゴットクリュグ,0.1280689756030481,0.11132668578691368,0.01674228981613443,1.1503888281393757,4,74.16974169741697,74.16974169741697,0
2026-0808-01-01-05-01,5,6,マーゴットクリュグ,セラサイト,0.11132668578691368,0.08844026407741855,0.022886421709495133,1.2587783058795583,5,80.55933190910856,80.55933190910856,0
2026-0808-01-01-05-01,6,7,セラサイト,サンエンジェルス,0.08844026407741855,0.079406606683021,0.009033657394397543,1.1137645565243521,6,59.33190910856477,59.33190910856477,0
2026-0808-01-01-05-01,7,8,サンエンジェルス,フィーユレアル,0.079406606683021,0.07771556065926444,0.0016910460237565678,1.0217594264187424,7,24.276558555059236,24.276558555059236,0
2026-0808-01-01-05-01,8,9,フィーユレアル,シャドウルーラー,0.07771556065926444,0.07413084999102457,0.003584710668239871,1.0483565299557998,8,37.11400271897456,37.11400271897456,0
2026-0808-01-01-05-01,9,10,シャドウルーラー,ルージュエピック,0.07413084999102457,0.05637568192777155,0.017755168063253016,1.3149437391462673,9,75.47096523596815,75.47096523596815,0
2026-0808-01-01-05-01,10,11,ルージュエピック,ワイルドカグラ,0.05637568192777155,0.034570042782248435,0.021805639145523116,1.6307669123487523,10,79.66595455428238,79.66595455428238,0
2026-0808-01-01-05-01,11,12,ワイルドカグラ,サマースプラッシュ,0.034570042782248435,0.02141404423043025,0.013155998551818184,1.6143630978926886,11,68.59584385317538,68.59584385317538,0
2026-0808-01-01-05-01,12,13,サマースプラッシュ,アルデバローズ,0.02141404423043025,0.01867838826795118,0.002735655962479072,1.1464610288229726,12,32.43348222955913,32.43348222955913,0
2026-0808-01-01-05-01,13,14,アルデバローズ,ハスカップジャム,0.01867838826795118,0.010639492753869034,0.008038895514082146,1.7555713134123632,13,56.28277335404933,56.28277335404933,0
2026-0808-01-01-05-02,1,2,チカバリエンテ,ショパンコンクール,0.2642115337785921,0.16176388979546008,0.102447643983132,1.6333159032752635,1,97.76655661293455,97.76655661293455,1
2026-0808-01-01-05-02,2,3,ショパンコンクール,リアルジャパン,0.16176388979546008,0.16084477592883242,0.0009191138666276577,1.0057142910692625,2,18.663818217129542,18.663818217129542,0
2026-0808-01-01-05-02,3,4,リアルジャパン,ライフイズアート,0.16084477592883242,0.13632954636377384,0.024515229565058583,1.1798233047709523,3,81.7246067197514,81.7246067197514,0
2026-0808-01-01-05-02,4,5,ライフイズアート,トルネードサンダー,0.13632954636377384,0.08931596003791561,0.047013586325858225,1.5263738564294718,4,91.27986016702272,91.27986016702272,1
2026-0808-01-01-05-02,5,6,トルネードサンダー,ルギッドドランジュ,0.08931596003791561,0.0709312065136494,0.018384753524266217,1.2591913267502142,5,76.24781510973004,76.24781510973004,0
2026-0808-01-01-05-02,6,7,ルギッドドランジュ,ゴートゥービッツン,0.0709312065136494,0.06333531919873883,0.0075958873149105655,1.11993130232873,6,54.94270732181006,54.94270732181006,0
2026-0808-01-01-05-02,7,8,ゴートゥービッツン,サンシルヴァリー,0.06333531919873883,0.043367988592485134,0.0199673306062537,1.4604163405843007,7,77.95688483200621,77.95688483200621,0
2026-0808-01-01-05-02,8,9,サンシルヴァリー,ランダムナンバー,0.043367988592485134,0.038022186827917435,0.005345801764567698,1.1405969043485578,8,46.067197514080405,46.067197514080405,0
2026-0808-01-01-05-02,9,10,ランダムナンバー,アズライトティアラ,0.038022186827917435,0.036192902329199805,0.0018292844987176302,1.0505426307644246,9,25.48067585939017,25.48067585939017,0
2026-0808-01-01-05-02,10,11,アズライトティアラ,ジャストワナフライ,0.036192902329199805,0.03077107803637766,0.005421824292822144,1.1761987112187764,10,46.4362012041173,46.4362012041173,0
2026-0808-01-01-05-02,11,12,ジャストワナフライ,アルデシンザン,0.03077107803637766,0.030301230652753385,0.0004698473836242771,1.015505884530191,11,14.682462614099826,14.682462614099826,0
2026-0808-01-01-05-02,12,13,アルデシンザン,リラカリス,0.030301230652753385,0.015085976830952337,0.015215253821801047,2.0085693483622133,12,71.66440085453486,71.66440085453486,0
2026-0808-01-01-05-03,1,2,イトシサ,シンエンドーツダ,0.18456499427375658,0.14240046604184217,0.04216452823191441,1.2960982460515615,1,89.92037288793941,89.92037288793941,0
2026-0808-01-01-05-03,2,3,シンエンドーツダ,デルマバンダイサン,0.14240046604184217,0.1259532037655632,0.016447262276278962,1.1305823256936938,2,73.64536803262769,73.64536803262769,0
2026-0808-01-01-05-03,3,4,デルマバンダイサン,ビレッジルイーザ,0.1259532037655632,0.0926943792779963,0.03325882448756691,1.3588008760253045,3,86.46339094969898,86.46339094969898,0
2026-0808-01-01-05-03,4,5,ビレッジルイーザ,リン,0.0926943792779963,0.07326343853050137,0.019430940747494935,1.2652201580656819,4,77.3354049329967,77.3354049329967,0
2026-0808-01-01-05-03,5,6,リン,ニシノモリミチ,0.07326343853050137,0.07237049032916125,0.0008929482013401158,1.0123385677957788,5,18.527869489221207,18.527869489221207,0
2026-0808-01-01-05-03,6,7,ニシノモリミチ,マルシュボヌール,0.07237049032916125,0.06858077358580167,0.0037897167433595808,1.0552591717067503,6,38.16275004855312,38.16275004855312,0
2026-0808-01-01-05-03,7,8,マルシュボヌール,インタノン,0.06858077358580167,0.05324985704818849,0.015330916537613176,1.2879053088112415,7,71.87803456981938,71.87803456981938,0
2026-0808-01-01-05-03,8,9,インタノン,ジングアップ,0.05324985704818849,0.04275471793831355,0.010495139109874943,1.2454732393514398,8,62.63352107205282,62.63352107205282,0
2026-0808-01-01-05-03,9,10,ジングアップ,フロムザムーン,0.04275471793831355,0.027927272480222844,0.014827445458090706,1.530930668886158,9,70.92639347446107,70.92639347446107,0
2026-0808-01-01-05-03,10,11,フロムザムーン,ホウオウチャールズ,0.027927272480222844,0.023590641409535814,0.00433663107068703,1.183828451096462,10,41.2313070499126,41.2313070499126,0
2026-0808-01-01-05-03,11,12,ホウオウチャールズ,ダディーズソード,0.023590641409535814,0.015324242332366485,0.008266399077169329,1.539432808349016,11,57.05962322781123,57.05962322781123,0
2026-0808-01-01-05-03,12,13,ダディーズソード,ロスニーニョス,0.015324242332366485,0.015047724612661035,0.0002765177197054502,1.0183760486600606,12,12.856865410759372,12.856865410759372,0
2026-0808-01-01-05-03,13,14,ロスニーニョス,ヘリオポリス,0.015047724612661035,0.0150469544385847,7.701740763355752e-07,1.0000511847151181,13,9.691202175179646,9.691202175179646,0
2026-0808-01-01-05-04,1,2,モルニケ,アセンブリールーム,0.2726896623809613,0.23715647374645368,0.035533188634507634,1.1498301440950607,1,87.3761895513692,87.3761895513692,0
2026-0808-01-01-05-04,2,3,アセンブリールーム,グロリアスマーチ,0.23715647374645368,0.20249178365088052,0.03466469009557316,1.1711906007768647,2,87.04602835502038,87.04602835502038,0
2026-0808-01-01-05-04,3,4,グロリアスマーチ,ダノンフィオーレ,0.20249178365088052,0.15538926215183843,0.047102521499042094,1.3031259743869297,3,91.31870266071081,91.31870266071081,1
2026-0808-01-01-05-04,4,5,ダノンフィオーレ,フレッチャアズーラ,0.15538926215183843,0.14294950328073913,0.012439758871099299,1.0870220503436714,4,67.31404156146824,67.31404156146824,0
2026-0808-01-01-05-04,5,6,フレッチャアズーラ,バルボアパーク,0.14294950328073913,0.11498550884688316,0.02796399443385597,1.243195814101178,5,83.89978636628472,83.89978636628472,0
2026-0808-01-01-05-04,6,7,バルボアパーク,ルーチェフィオーレ,0.11498550884688316,0.10864033218200436,0.006345176664878799,1.0584053503651736,6,50.14565935133035,50.14565935133035,0
2026-0808-01-01-05-04,7,8,ルーチェフィオーレ,ネッタイヤライ,0.10864033218200436,0.10040582803014342,0.008234504151860944,1.0820122129702354,7,56.96251699359098,56.96251699359098,0
2026-0808-01-01-05-04,8,9,ネッタイヤライ,コスモレッド,0.10040582803014342,0.06272466302307717,0.03768116500706625,1.6007392178926956,8,88.36667314041561,88.36667314041561,0
2026-0808-01-01-05-04,9,10,コスモレッド,ペイシャアーサー,0.06272466302307717,0.047620888947124365,0.0151037740759528,1.3171669914167963,9,71.4313458924063,71.4313458924063,0
2026-0808-01-01-05-04,10,11,ペイシャアーサー,サンウリエル,0.047620888947124365,0.04592895387164688,0.001691935075477484,1.0368380930296337,10,24.334822295591376,24.334822295591376,0
2026-0808-01-01-05-04,11,12,サンウリエル,ブライトフレア,0.04592895387164688,0.04103628475828494,0.00489266911336194,1.1192278770405535,11,44.202757817051854,44.202757817051854,0
2026-0808-01-01-05-04,12,13,ブライトフレア,スタードメイソン,0.04103628475828494,0.020358468397706383,0.020677816360578558,2.0156862469530443,12,78.75315595261215,78.75315595261215,0
2026-0808-01-01-05-04,13,14,スタードメイソン,アッシュバーグ,0.020358468397706383,0.012031977922450171,0.008326490475256212,1.6920300659561567,13,57.2538356962517,57.2538356962517,0
2026-0808-01-01-05-05,1,2,レイテスツドリーム,ジーフォーリア,0.08000403698485009,0.08000403698485009,0.0,1.0,1,9.671780928335599,9.671780928335599,0
2026-0808-01-01-05-05,2,3,ジーフォーリア,イドム,0.08000403698485009,0.08000403698485009,0.0,1.0,2,9.671780928335599,9.671780928335599,0
2026-0808-01-01-05-05,3,4,イドム,マーヴィン,0.08000403698485009,0.08000403698485009,0.0,1.0,3,9.671780928335599,9.671780928335599,0
2026-0808-01-01-05-05,4,5,マーヴィン,シルバーウィル,0.08000403698485009,0.08000403698485009,0.0,1.0,4,9.671780928335599,9.671780928335599,0
2026-0808-01-01-05-05,5,6,シルバーウィル,シネファイル,0.08000403698485009,0.08000403698485009,0.0,1.0,5,9.671780928335599,9.671780928335599,0
2026-0808-01-01-05-05,6,7,シネファイル,ムッチリスタイル,0.08000403698485009,0.08000403698485009,0.0,1.0,6,9.671780928335599,9.671780928335599,0
2026-0808-01-01-05-05,7,8,ムッチリスタイル,ローレルメビウス,0.08000403698485009,0.08000403698485009,0.0,1.0,7,9.671780928335599,9.671780928335599,0
2026-0808-01-01-05-05,8,9,ローレルメビウス,ロマノヴェリテ,0.08000403698485009,0.08000403698485009,0.0,1.0,8,9.671780928335599,9.671780928335599,0
2026-0808-01-01-05-05,9,10,ロマノヴェリテ,マルカローゼ,0.08000403698485009,0.08000403698485009,0.0,1.0,9,9.671780928335599,9.671780928335599,0
2026-0808-01-01-05-05,10,11,マルカローゼ,コジアン,0.08000403698485009,0.08000403698485009,0.0,1.0,10,9.671780928335599,9.671780928335599,0
2026-0808-01-01-05-05,11,12,コジアン,エイシンジュウライ,0.08000403698485009,0.08000403698485009,0.0,1.0,11,9.671780928335599,9.671780928335599,0
2026-0808-01-01-05-06,1,2,ウィスカーパッド,ゴコウコイコイ,0.17885226462567133,0.17535905241723684,0.0034932122084344874,1.0199203414952482,1,36.686735288405515,36.686735288405515,0
2026-0808-01-01-05-06,2,3,ゴコウコイコイ,ウインカトリーヌ,0.17535905241723684,0.13475662973381852,0.04060242268341832,1.3013018562694785,2,89.41542046999417,89.41542046999417,0
2026-0808-01-01-05-06,3,4,ウインカトリーヌ,オズマップ,0.13475662973381852,0.10821392832106475,0.026542701412753777,1.2452798990348364,3,83.14235773936687,83.14235773936687,0
2026-0808-01-01-05-06,4,5,オズマップ,インフィオラータ,0.10821392832106475,0.10808172587959405,0.00013220244147069127,1.0012231710809094,4,11.186638182171295,11.186638182171295,0
2026-0808-01-01-05-06,5,6,インフィオラータ,スウィーティーベル,0.10808172587959405,0.08450959957976513,0.023572126299828924,1.2789283870358439,5,81.0642843270538,81.0642843270538,0
2026-0808-01-01-05-06,6,7,スウィーティーベル,プリュイドール,0.08450959957976513,0.08210041767055132,0.0024091819092138117,1.02934433194824,6,30.005826374053214,30.005826374053214,0
2026-0808-01-01-05-06,7,8,プリュイドール,ジョブックボー,0.08210041767055132,0.0751957697249998,0.006904647945551512,1.0918222922752525,7,52.51505146630414,52.51505146630414,0
2026-0808-01-01-05-06,8,9,ジョブックボー,ポリメトリック,0.0751957697249998,0.06813994491522775,0.007055824809772057,1.1035490242698338,8,53.02000388424937,53.02000388424937,0
2026-0808-01-01-05-06,9,10,ポリメトリック,マリノリュミエール,0.06813994491522775,0.06099751837957751,0.00714242653565024,1.1170937232430358,9,53.50553505535055,53.50553505535055,0
2026-0808-01-01-05-06,10,11,マリノリュミエール,カリドーラ,0.06099751837957751,0.04070963752138071,0.0202878808581968,1.4983557234461151,10,78.38415226257526,78.38415226257526,0
2026-0808-01-01-05-06,11,12,カリドーラ,ダンツアラーム,0.04070963752138071,0.031787101471494626,0.008922536049886083,1.2806967492109165,11,59.040590405904055,59.040590405904055,0
2026-0808-01-01-05-06,12,13,ダンツアラーム,インテンスゲイズ,0.031787101471494626,0.02178889875222472,0.009998202719269905,1.458866821722647,12,61.604194989318316,61.604194989318316,0
2026-0808-01-01-05-06,13,14,インテンスゲイズ,ラングロワブリッジ,0.02178889875222472,0.010917499251848517,0.010871399500376204,1.9957774440456677,13,63.74053214216353,63.74053214216353,0
2026-0808-01-01-05-06,14,15,ラングロワブリッジ,ウインアベリア,0.010917499251848517,0.007229629082200576,0.003687870169647941,1.5101050313532014,14,37.677218877451935,37.677218877451935,0
2026-0808-01-01-05-07,1,2,ワイドデコラシオン,グレイトソン,0.26366874994221245,0.23256971924209294,0.031099030700119518,1.133719173766328,1,85.66711982909302,85.66711982909302,0
2026-0808-01-01-05-07,2,3,グレイトソン,ランドスター,0.23256971924209294,0.15690101597838665,0.07566870326370628,1.482270320506591,2,95.64964070693338,95.64964070693338,1
2026-0808-01-01-05-07,3,4,ランドスター,テーオーナタリー,0.15690101597838665,0.14798282122537845,0.008918194753008202,1.0602650677907117,3,59.021169159060015,59.021169159060015,0
2026-0808-01-01-05-07,4,5,テーオーナタリー,ロードヴァルカン,0.14798282122537845,0.1314581018845468,0.01652471934083166,1.1257033161436067,4,73.76189551369198,73.76189551369198,0
2026-0808-01-01-05-07,5,6,ロードヴァルカン,ランプローグ,0.1314581018845468,0.08731491781294409,0.0441431840716027,1.5055629115539138,5,90.44474655272869,90.44474655272869,1
2026-0808-01-01-05-07,6,7,ランプローグ,ステラノヴァ,0.08731491781294409,0.07957937238525804,0.00773554542768605,1.0972054088368137,6,55.3699747523791,55.3699747523791,0
2026-0808-01-01-05-07,7,8,ステラノヴァ,ヨドノゴールド,0.07957937238525804,0.050334146031516876,0.029245226353741167,1.581021605798759,7,84.63779374635851,84.63779374635851,0
2026-0808-01-01-05-07,8,9,ヨドノゴールド,グランセレスト,0.050334146031516876,0.03540339193476775,0.014930754096749127,1.421732305318645,8,71.15944843658963,71.15944843658963,0
2026-0808-01-01-05-07,9,10,グランセレスト,シェーンルスカ,0.03540339193476775,0.011933951450230205,0.023469440484537543,2.9666110242207178,9,81.02544183336569,81.02544183336569,0
2026-0808-01-01-05-07,10,11,シェーンルスカ,カップッチョ,0.011933951450230205,0.010687551297343743,0.0012464001528864621,1.1166216767723247,10,21.382792775296174,21.382792775296174,0
2026-0808-01-01-05-08,1,2,マメーアップル,サトノフレイ,0.22042276566353508,0.20859016455361915,0.011832601109915936,1.0567265534079116,1,65.91571178869683,65.91571178869683,0
2026-0808-01-01-05-08,2,3,サトノフレイ,スッサンエア,0.20859016455361915,0.1868078790056524,0.02178228554796674,1.1166026061850831,2,79.62711206059429,79.62711206059429,0
2026-0808-01-01-05-08,3,4,スッサンエア,クリオロゴールド,0.1868078790056524,0.16353807389796515,0.023269805107687253,1.1422898322882644,3,80.85065061176927,80.85065061176927,0
2026-0808-01-01-05-08,4,5,クリオロゴールド,リネアベルタ,0.16353807389796515,0.1316267393626093,0.031911334535355856,1.2424380843123795,4,86.01670227228588,86.01670227228588,0
2026-0808-01-01-05-08,5,6,リネアベルタ,メイショウテンジン,0.1316267393626093,0.1206068854042239,0.011019853958385395,1.0913700235392982,5,64.12895707904448,64.12895707904448,0
2026-0808-01-01-05-08,6,7,メイショウテンジン,ミレニアルピンク,0.1206068854042239,0.11887648830381521,0.0017303971004086899,1.0145562602420277,6,24.68440473878423,24.68440473878423,0
2026-0808-01-01-05-08,7,8,ミレニアルピンク,レッドアイスピア,0.11887648830381521,0.1035451764377938,0.015331311866021408,1.1480639890090092,7,71.89745581666342,71.89745581666342,0
2026-0808-01-01-05-08,8,9,レッドアイスピア,ソワンドヴィクター,0.1035451764377938,0.10335424742842686,0.00019092900936694412,1.0018473262020429,8,12.04117304330938,12.04117304330938,0
2026-0808-01-01-05-08,9,10,ソワンドヴィクター,アンジュラフィーユ,0.10335424742842686,0.08327902260072682,0.020075224827700036,1.2410598035467917,9,78.1510973004467,78.1510973004467,0
2026-0808-01-01-05-08,10,11,アンジュラフィーユ,モノノケ,0.08327902260072682,0.0808401525615081,0.0024388700392187213,1.03016904300574,10,30.18061759564964,30.18061759564964,0
2026-0808-01-01-05-08,11,12,モノノケ,セイカユウヒ,0.0808401525615081,0.051407949284512075,0.029432203276996027,1.572522415047262,11,84.77374247426684,84.77374247426684,0
2026-0808-01-01-05-08,12,13,セイカユウヒ,ダノンベルビュー,0.051407949284512075,0.04986764301919548,0.0015403062653165933,1.0308878898632463,12,23.18896873179258,23.18896873179258,0
2026-0808-01-01-05-08,13,14,ダノンベルビュー,クリコイーコ,0.04986764301919548,0.03867154749952741,0.011196095519668069,1.2895176491141165,13,64.61448825014567,64.61448825014567,0
2026-0808-01-01-05-08,14,15,クリコイーコ,ウインドオルフェ,0.03867154749952741,0.019971834061673452,0.01869971343785396,1.9363042663036778,14,76.5585550592348,76.5585550592348,0
2026-0808-01-01-05-08,15,16,ウインドオルフェ,ジューンレトリバー,0.019971834061673452,0.01286356824650931,0.007108265815164142,1.5525889612388895,15,53.36958632744222,53.36958632744222,0
2026-0808-01-01-05-09,1,2,ビーチイン,デルマサクラサク,0.21984374376043778,0.16415115058044716,0.05569259317999062,1.339276288853649,1,92.91124490192271,92.91124490192271,1
2026-0808-01-01-05-09,2,3,デルマサクラサク,カルミアクラウン,0.16415115058044716,0.14161619833464575,0.022534952245801404,1.1591269396495891,2,80.26801320644785,80.26801320644785,0
2026-0808-01-01-05-09,3,4,カルミアクラウン,ヴェールミューズ,0.14161619833464575,0.11512531702800337,0.026490881306642386,1.2301047414288437,3,83.10351524567878,83.10351524567878,0
2026-0808-01-01-05-09,4,5,ヴェールミューズ,オテンバプリンセス,0.11512531702800337,0.11225597891420494,0.002869338113798428,1.025560670723752,4,32.97727714119246,32.97727714119246,0
2026-0808-01-01-05-09,5,6,オテンバプリンセス,ジーティーアリア,0.11225597891420494,0.07424193061192672,0.038014048302278225,1.5120293611568796,5,88.4832006214799,88.4832006214799,0
2026-0808-01-01-05-09,6,7,ジーティーアリア,スリーケイ,0.07424193061192672,0.07007490809711464,0.004167022514812074,1.0594652583637658,6,40.29908720139833,40.29908720139833,0
2026-0808-01-01-05-09,7,8,スリーケイ,ミリオンアップ,0.07007490809711464,0.06682187917110438,0.0032530289260102596,1.0486820928468734,7,35.17187803456982,35.17187803456982,0
2026-0808-01-01-05-09,8,9,ミリオンアップ,ランスノーブル,0.06682187917110438,0.06015068181482297,0.006671197356281411,1.110908092061517,8,51.58283161778986,51.58283161778986,0
2026-0808-01-01-05-09,9,10,ランスノーブル,グルーヴィーオン,0.06015068181482297,0.04745235119542348,0.01269833061939949,1.2676017162374913,9,67.89667896678966,67.89667896678966,0
2026-0808-01-01-05-09,10,11,グルーヴィーオン,ブーケドグレイス,0.04745235119542348,0.029906071646170766,0.017546279549252714,1.5867129510304432,10,75.27675276752768,75.27675276752768,0
2026-0808-01-01-05-09,11,12,ブーケドグレイス,リュミナーズ,0.029906071646170766,0.0274570010385347,0.002449070607636064,1.0891965806534698,11,30.25830258302583,30.25830258302583,0
2026-0808-01-01-05-09,12,13,リュミナーズ,マインセーラ,0.0274570010385347,0.022295670371827045,0.0051613306667076565,1.231494751251326,12,45.34861138085065,45.34861138085065,0
2026-0808-01-01-05-10,1,2,スカイサーベイ,レーヴドロペラ,0.18436524231010765,0.1798038920423652,0.004561350267742459,1.0253684734848105,1,42.493688094775685,42.493688094775685,0
2026-0808-01-01-05-10,2,3,レーヴドロペラ,ビーオンザカバー,0.1798038920423652,0.14975789843014248,0.03004599361222271,1.200630443717386,2,85.06506117692756,85.06506117692756,0
2026-0808-01-01-05-10,3,4,ビーオンザカバー,メイショウアイル,0.14975789843014248,0.11038568816122886,0.03937221026891362,1.3566785778551902,3,88.94931054573703,88.94931054573703,0
2026-0808-01-01-05-10,4,5,メイショウアイル,バルティカ,0.11038568816122886,0.087800802560211,0.02258488560101786,1.2572286920216915,4,80.30685570013596,80.30685570013596,0
2026-0808-01-01-05-10,5,6,バルティカ,デルマジュテーム,0.087800802560211,0.07578380847636595,0.012016994083845045,1.1585694137764624,5,66.36240046610993,66.36240046610993,0
2026-0808-01-01-05-10,6,7,デルマジュテーム,エボルヴィング,0.07578380847636595,0.053143902985311825,0.02263990549105413,1.4260113431509058,6,80.34569819382405,80.34569819382405,0
2026-0808-01-01-05-10,7,8,エボルヴィング,ヨシヒロ,0.053143902985311825,0.013374359729142554,0.03976954325616927,3.973566141600929,7,89.12410176733346,89.12410176733346,0
2026-0808-01-01-05-11,1,2,ナチュラルライズ,テーオーパスワード,0.23136306060449996,0.19145761939607123,0.03990544120842873,1.208429632282619,1,89.1823655078656,89.1823655078656,0
2026-0808-01-01-05-11,2,3,テーオーパスワード,ウェイワードアクト,0.19145761939607123,0.14696550476655332,0.04449211462951791,1.3027384875123669,2,90.61953777432511,90.61953777432511,1
2026-0808-01-01-05-11,3,4,ウェイワードアクト,ヴァルツァーシャル,0.14696550476655332,0.12237337236422742,0.024592132402325897,1.2009598324146107,3,81.8022917071276,81.8022917071276,0
2026-0808-01-01-05-11,4,5,ヴァルツァーシャル,ペリエール,0.12237337236422742,0.1211884210814427,0.0011849512827847158,1.0097777598900177,4,20.897261604194988,20.897261604194988,0
2026-0808-01-01-05-11,5,6,ペリエール,ルクソールカフェ,0.1211884210814427,0.11631694470408266,0.004871476377360046,1.0418810551614244,5,44.027966595455425,44.027966595455425,0
2026-0808-01-01-05-11,6,7,ルクソールカフェ,オメガギネス,0.11631694470408266,0.10409086191526552,0.012226082788817136,1.1174558704179978,6,66.94503787143134,66.94503787143134,0
2026-0808-01-01-05-11,7,8,オメガギネス,ヒルノハンブルク,0.10409086191526552,0.08659165489824779,0.017499207017017737,1.2020888391332945,7,75.23791027383957,75.23791027383957,0
2026-0808-01-01-05-11,8,9,ヒルノハンブルク,レヴォントゥレット,0.08659165489824779,0.07214437497789726,0.014447279920350525,1.2002551124017182,8,70.44086230335988,70.44086230335988,0
2026-0808-01-01-05-11,9,10,レヴォントゥレット,アクションプラン,0.07214437497789726,0.04998721981061072,0.022157155167286544,1.4432564013608788,9,79.93785201009905,79.93785201009905,0
2026-0808-01-01-05-11,10,11,アクションプラン,テーオードレフォン,0.04998721981061072,0.024078213971904752,0.025909005838705965,2.076035202151515,10,82.85103903670615,82.85103903670615,0
2026-0808-01-01-05-12,1,2,ジーネキング,ブラックジェダイト,0.2743615431415554,0.21137937653089361,0.0629821666106618,1.2979579542919921,1,94.0570984657215,94.0570984657215,1
2026-0808-01-01-05-12,2,3,ブラックジェダイト,ヒズマスターピース,0.21137937653089361,0.21069485512973693,0.0006845214011566847,1.003248875729477,2,16.79937852010099,16.79937852010099,0
2026-0808-01-01-05-12,3,4,ヒズマスターピース,ホウキボシ,0.21069485512973693,0.17723896016215518,0.03345589496758175,1.1887615168638606,3,86.56049718391921,86.56049718391921,0
2026-0808-01-01-05-12,4,5,ホウキボシ,マーゴットブロー,0.17723896016215518,0.17299336352416347,0.004245596637991705,1.0245419624863163,4,40.76519712565547,40.76519712565547,0
2026-0808-01-01-05-12,5,6,マーゴットブロー,レッドスティンガー,0.17299336352416347,0.11651747070287008,0.056475892821293394,1.4846989252393914,5,93.02777238298698,93.02777238298698,1
2026-0808-01-01-05-12,6,7,レッドスティンガー,アスミル,0.11651747070287008,0.1142518824515233,0.0022655882513467757,1.019829767376551,6,28.85997281025442,28.85997281025442,0
2026-0808-01-01-05-12,7,8,アスミル,レイユール,0.1142518824515233,0.09216704446460686,0.022084837986916447,1.2396175131274527,7,79.87958826956691,79.87958826956691,0
2026-0808-01-01-05-12,8,9,レイユール,ルクスジニア,0.09216704446460686,0.07784510405661597,0.014321940407990882,1.1839799764102656,8,70.32433482229558,70.32433482229558,0
2026-0808-01-01-05-12,9,10,ルクスジニア,ヴィンブルレー,0.07784510405661597,0.05724442359024234,0.020600680466373637,1.359872266578035,9,78.65604971839191,78.65604971839191,0
2026-0808-01-01-05-12,10,11,ヴィンブルレー,ウインイザナミ,0.05724442359024234,0.04679490135473145,0.010449522235510884,1.2233047176720746,10,62.55583608467664,62.55583608467664,0
2026-0808-01-01-05-12,11,12,ウインイザナミ,オーシャントライブ,0.04679490135473145,0.031107911438340286,0.015686989916391166,1.5042765390239943,11,72.4606719751408,72.4606719751408,0
2026-0808-01-01-05-12,12,13,オーシャントライブ,スミレファースト,0.031107911438340286,0.012596675241825839,0.018511236196514447,2.469533495239282,12,76.42260633132648,76.42260633132648,0
2026-0808-04-02-05-01,1,2,グルーヴェンス,リーディンアクター,0.2207366911811179,0.18083197571263399,0.039904715468483926,1.2206728943331229,1,89.16294426102156,89.16294426102156,0
2026-0808-04-02-05-01,2,3,リーディンアクター,セイウンイーリス,0.18083197571263399,0.15736681258548965,0.023465163127144334,1.1491112563164922,2,81.00602058652166,81.00602058652166,0
2026-0808-04-02-05-01,3,4,セイウンイーリス,ウインリスノアール,0.15736681258548965,0.08157797537390886,0.07578883721158079,1.9290355253879026,3,95.70790444746552,95.70790444746552,1
2026-0808-04-02-05-01,4,5,ウインリスノアール,コスモルミナ,0.08157797537390886,0.07987979780836368,0.0016981775655451753,1.0212591620426883,4,24.431928529811614,24.431928529811614,0
2026-0808-04-02-05-01,5,6,コスモルミナ,ヴィンチェローズ,0.07987979780836368,0.06690044073288644,0.012979357075477246,1.1940100383987,5,68.34336764420276,68.34336764420276,0
2026-0808-04-02-05-01,6,7,ヴィンチェローズ,コウソクレムリア,0.06690044073288644,0.059879123741171505,0.007021316991714932,1.1172581786945428,6,52.922897650029135,52.922897650029135,0
2026-0808-04-02-05-01,7,8,コウソクレムリア,シュアシング,0.059879123741171505,0.05353433585082899,0.0063447878903425126,1.1185181022516462,7,50.12623810448631,50.12623810448631,0
2026-0808-04-02-05-01,8,9,シュアシング,マイネルヴェスペル,0.05353433585082899,0.05049101385642881,0.003043321994400182,1.0602745273258696,8,34.00660322392698,34.00660322392698,0
2026-0808-04-02-05-01,9,10,マイネルヴェスペル,クールボビー,0.05049101385642881,0.022161188722842604,0.028329825133586208,2.278353137455361,9,84.03573509419304,84.03573509419304,0
2026-0808-04-02-05-01,10,11,クールボビー,エルシオン,0.022161188722842604,0.01960619225923308,0.0025549964636095227,1.1303157915533704,10,31.035152456787724,31.035152456787724,0
2026-0808-04-02-05-01,11,12,エルシオン,トランサルピナ,0.01960619225923308,0.019485628808524138,0.000120563450708943,1.0061873010049438,11,11.031268207418917,11.031268207418917,0
2026-0808-04-02-05-01,12,13,トランサルピナ,アミノショコラ,0.019485628808524138,0.006377231380631031,0.013108397427893107,3.0554997373477804,12,68.51815886579918,68.51815886579918,0
2026-0808-04-02-05-02,1,2,リングスター,アイビーカイロス,0.09828090964482881,0.09828090964482881,0.0,1.0,1,9.671780928335599,9.671780928335599,0
2026-0808-04-02-05-02,2,3,アイビーカイロス,ジャスパートレノ,0.09828090964482881,0.09828090964482881,0.0,1.0,2,9.671780928335599,9.671780928335599,0
2026-0808-04-02-05-02,3,4,ジャスパートレノ,ベアベルヴォワ,0.09828090964482881,0.09828090964482881,0.0,1.0,3,9.671780928335599,9.671780928335599,0
2026-0808-04-02-05-02,4,5,ベアベルヴォワ,サザンヴィターレ,0.09828090964482881,0.09828090964482881,0.0,1.0,4,9.671780928335599,9.671780928335599,0
2026-0808-04-02-05-02,5,6,サザンヴィターレ,ビーテリオス,0.09828090964482881,0.09828090964482881,0.0,1.0,5,9.671780928335599,9.671780928335599,0
2026-0808-04-02-05-02,6,7,ビーテリオス,スマートブライド,0.09828090964482881,0.09828090964482881,0.0,1.0,6,9.671780928335599,9.671780928335599,0
2026-0808-04-02-05-02,7,8,スマートブライド,ナムラアラバイ,0.09828090964482881,0.09828090964482881,0.0,1.0,7,9.671780928335599,9.671780928335599,0
2026-0808-04-02-05-02,8,9,ナムラアラバイ,ホシノサミダレ,0.09828090964482881,0.09828090964482881,0.0,1.0,8,9.671780928335599,9.671780928335599,0
2026-0808-04-02-05-02,9,10,ホシノサミダレ,ブルドッグドン,0.09828090964482881,0.09828090964482881,0.0,1.0,9,9.671780928335599,9.671780928335599,0
2026-0808-04-02-05-03,1,2,ソヴリンゲート,オペレッタテソーロ,0.08000403698485009,0.08000403698485009,0.0,1.0,1,9.671780928335599,9.671780928335599,0
2026-0808-04-02-05-03,2,3,オペレッタテソーロ,スヴェンガーリ,0.08000403698485009,0.08000403698485009,0.0,1.0,2,9.671780928335599,9.671780928335599,0
2026-0808-04-02-05-03,3,4,スヴェンガーリ,エートレイン,0.08000403698485009,0.08000403698485009,0.0,1.0,3,9.671780928335599,9.671780928335599,0
2026-0808-04-02-05-03,4,5,エートレイン,ニシノアナベル,0.08000403698485009,0.08000403698485009,0.0,1.0,4,9.671780928335599,9.671780928335599,0
2026-0808-04-02-05-03,5,6,ニシノアナベル,コラリオン,0.08000403698485009,0.08000403698485009,0.0,1.0,5,9.671780928335599,9.671780928335599,0
2026-0808-04-02-05-03,6,7,コラリオン,アトミックリーチ,0.08000403698485009,0.08000403698485009,0.0,1.0,6,9.671780928335599,9.671780928335599,0
2026-0808-04-02-05-03,7,8,アトミックリーチ,フォンターナドーロ,0.08000403698485009,0.08000403698485009,0.0,1.0,7,9.671780928335599,9.671780928335599,0
2026-0808-04-02-05-03,8,9,フォンターナドーロ,ニシノリリックス,0.08000403698485009,0.08000403698485009,0.0,1.0,8,9.671780928335599,9.671780928335599,0
2026-0808-04-02-05-03,9,10,ニシノリリックス,インテルラゴス,0.08000403698485009,0.08000403698485009,0.0,1.0,9,9.671780928335599,9.671780928335599,0
2026-0808-04-02-05-03,10,11,インテルラゴス,コスモプルー,0.08000403698485009,0.08000403698485009,0.0,1.0,10,9.671780928335599,9.671780928335599,0
2026-0808-04-02-05-03,11,12,コスモプルー,エピックジャーニー,0.08000403698485009,0.08000403698485009,0.0,1.0,11,9.671780928335599,9.671780928335599,0
2026-0808-04-02-05-04,1,2,スティールヴォーグ,トラスティア,0.25865282817704205,0.13554010120393267,0.12311272697310938,1.9083121960184672,1,98.6016702272286,98.6016702272286,1
2026-0808-04-02-05-04,2,3,トラスティア,スノーランス,0.13554010120393267,0.13287732308721953,0.0026627781167131437,1.020039372067763,2,31.909108564769856,31.909108564769856,0
2026-0808-04-02-05-04,3,4,スノーランス,サリーアン,0.13287732308721953,0.05834661727302237,0.07453070581419716,2.277378351952167,3,95.55253447271315,95.55253447271315,1
2026-0808-04-02-05-04,4,5,サリーアン,ユイハホンキダゼ,0.05834661727302237,0.05270918528073459,0.005637431992287785,1.1069535027388915,4,47.32957855894349,47.32957855894349,0
2026-0808-04-02-05-04,5,6,ユイハホンキダゼ,ジャストキュート,0.05270918528073459,0.04499692469795715,0.007712260582777436,1.171395281667495,5,55.21460477762672,55.21460477762672,0
2026-0808-04-02-05-04,6,7,ジャストキュート,ブレイブシュガー,0.04499692469795715,0.036803523537090946,0.008193401160866205,1.2226254546690025,6,56.76830452515051,56.76830452515051,0
2026-0808-04-02-05-04,7,8,ブレイブシュガー,アーリマックス,0.036803523537090946,0.029450602102951057,0.007352921434139889,1.2496696471072521,7,54.3018061759565,54.3018061759565,0
2026-0808-04-02-05-04,8,9,アーリマックス,カラクリスピリッツ,0.029450602102951057,0.015477727654890269,0.013972874448060788,1.9027729883621505,8,69.95533113225869,69.95533113225869,0
2026-0808-04-02-05-04,9,10,カラクリスピリッツ,ブルーダイヤシチー,0.015477727654890269,0.012917256397633145,0.0025604712572571235,1.1982209827255796,9,31.112837444163915,31.112837444163915,0
2026-0808-04-02-05-04,10,11,ブルーダイヤシチー,マイチバイ,0.012917256397633145,0.011909519495988116,0.0010077369016450299,1.0846160839641348,10,19.40182559720334,19.40182559720334,0
2026-0808-04-02-05-04,11,12,マイチバイ,デルマシラカミ,0.011909519495988116,0.010733558978601546,0.0011759605173865696,1.1095592356394526,11,20.76131287628666,20.76131287628666,0
2026-0808-04-02-05-04,12,13,デルマシラカミ,リオダプラタ,0.010733558978601546,0.010041430113987414,0.0006921288646141322,1.0689273197898392,12,16.87706350747718,16.87706350747718,0
2026-0808-04-02-05-04,13,14,リオダプラタ,ホウオウバトラー,0.010041430113987414,0.009760550787474988,0.000280879326512426,1.0287769955434132,13,12.915129151291513,12.915129151291513,0
2026-0808-04-02-05-05,1,2,アラビアンドリーム,キタノドンカルロ,0.2975811372059922,0.13619959192834186,0.16138154527765036,2.184890079278339,1,99.51446882889881,99.51446882889881,1
2026-0808-04-02-05-05,2,3,キタノドンカルロ,ユイノサダハル,0.13619959192834186,0.12965699632481073,0.006542595603531126,1.0504607987920753,2,50.96135171878034,50.96135171878034,0
2026-0808-04-02-05-05,3,4,ユイノサダハル,コパノミラノ,0.12965699632481073,0.08888650479187164,0.04077049153293909,1.4586803320526942,3,89.47368421052632,89.47368421052632,0
2026-0808-04-02-05-05,4,5,コパノミラノ,ウォーレーションズ,0.08888650479187164,0.07721234901632508,0.011674155775546563,1.1511954489699348,4,65.54670809865993,65.54670809865993,0
2026-0808-04-02-05-05,5,6,ウォーレーションズ,オーロラボレアリス,0.07721234901632508,0.06172477585412437,0.015487573162200709,1.2509133965719512,5,72.0916682851039,72.0916682851039,0
2026-0808-04-02-05-05,6,7,オーロラボレアリス,キタイノホシ,0.06172477585412437,0.04635542336971691,0.015369352484407461,1.331554570472286,6,71.95571955719558,71.95571955719558,0
2026-0808-04-02-05-05,7,8,キタイノホシ,オウケンサクラコ,0.04635542336971691,0.03538604579160904,0.01096937757810787,1.3099916176762818,7,63.97358710429209,63.97358710429209,0
2026-0808-04-02-05-05,8,9,オウケンサクラコ,パワポケウォーズ,0.03538604579160904,0.033662751759495964,0.0017232940321130763,1.05119290438361,8,24.645562245096137,24.645562245096137,0
2026-0808-04-02-05-05,9,10,パワポケウォーズ,クライングナウ,0.033662751759495964,0.031647710022197455,0.002015041737298509,1.0636710124013768,9,26.976111866381824,26.976111866381824,0
2026-0808-04-02-05-05,10,11,クライングナウ,ロイヤルタイム,0.031647710022197455,0.030265073705535505,0.0013826363166619497,1.0456842210302981,10,22.256748883278306,22.256748883278306,0
2026-0808-04-02-05-05,11,12,ロイヤルタイム,シンショク,0.030265073705535505,0.024089562500548785,0.00617551120498672,1.2563563038907841,11,49.50475820547679,49.50475820547679,0
2026-0808-04-02-05-05,12,13,シンショク,ジーティーホクサイ,0.024089562500548785,0.01622029447654516,0.007869268024003624,1.4851495165752218,12,55.797242182948146,55.797242182948146,0
2026-0808-04-02-05-05,13,14,ジーティーホクサイ,デルマカイモン,0.01622029447654516,0.013637278273230316,0.0025830162033148446,1.1894084839777193,13,31.423577393668673,31.423577393668673,0
2026-0808-04-02-05-05,14,15,デルマカイモン,テキサスバローズ,0.013637278273230316,0.006651041882524671,0.006986236390705645,2.050397293251405,14,52.80637016896485,52.80637016896485,0
2026-0808-04-02-05-06,1,2,ラベルセーヌ,クライスレリアーナ,0.32919194975414295,0.24590672398816024,0.08328522576598271,1.3386862482458701,1,96.34880559331909,96.34880559331909,1
2026-0808-04-02-05-06,2,3,クライスレリアーナ,キスアンドクライ,0.24590672398816024,0.21058243146745545,0.03532429252070479,1.167745676951992,2,87.298504563993,87.298504563993,0
2026-0808-04-02-05-06,3,4,キスアンドクライ,ウインベアトリス,0.21058243146745545,0.08742691187231204,0.12315551959514341,2.408668303130887,3,98.62109147407263,98.62109147407263,1
2026-0808-04-02-05-06,4,5,ウインベアトリス,メランジェ,0.08742691187231204,0.04320971386574544,0.0442171980065666,2.0233161493258542,4,90.50301029326083,90.50301029326083,1
2026-0808-04-02-05-06,5,6,メランジェ,ミラーダカリエンテ,0.04320971386574544,0.03387099271549099,0.009338721150254449,1.2757144211478444,5,59.97281025441833,59.97281025441833,0
2026-0808-04-02-05-06,6,7,ミラーダカリエンテ,カフェアローロ,0.03387099271549099,0.030142495974262263,0.0037284967412287255,1.1236956867942314,6,37.83258885220431,37.83258885220431,0
2026-0808-04-02-05-06,7,8,カフェアローロ,ジャンビ,0.030142495974262263,0.025971486110553693,0.00417100986370857,1.1605995839419312,7,40.318508448242376,40.318508448242376,0
2026-0808-04-02-05-06,8,9,ジャンビ,ビッグデイメイク,0.025971486110553693,0.019942917245477663,0.00602856886507603,1.30229122404061,8,48.84443581277918,48.84443581277918,0
2026-0808-04-02-05-06,9,10,ビッグデイメイク,ドリームクルーズ,0.019942917245477663,0.015741156620850804,0.0042017606246268595,1.2669283284470463,9,40.512720916682845,40.512720916682845,0
2026-0808-04-02-05-07,1,2,レガーロデルシエロ,レイニング,0.17434599454558183,0.129017355416387,0.045328639129194825,1.3513375311631715,1,90.79432899592153,90.79432899592153,1
2026-0808-04-02-05-07,2,3,レイニング,エストゥペンダ,0.129017355416387,0.11050582423374006,0.01851153118264695,1.1675163396228934,2,76.44202757817052,76.44202757817052,0
2026-0808-04-02-05-07,3,4,エストゥペンダ,ミアネーロ,0.11050582423374006,0.06985369899000707,0.04065212524373299,1.5819609531278864,3,89.45426296368227,89.45426296368227,0
2026-0808-04-02-05-07,4,5,ミアネーロ,ヴォンフレ,0.06985369899000707,0.06498533095153734,0.004868368038469725,1.0749148764372731,4,43.98912410176734,43.98912410176734,0
2026-0808-04-02-05-07,5,6,ヴォンフレ,ディマイザキッド,0.06498533095153734,0.06040436988146951,0.004580961070067835,1.0758382395024892,5,42.62963682268401,42.62963682268401,0
2026-0808-04-02-05-07,6,7,ディマイザキッド,シンハナーダ,0.06040436988146951,0.05645021517014683,0.003954154711322676,1.0700467606616635,6,39.17265488444358,39.17265488444358,0
2026-0808-04-02-05-07,7,8,シンハナーダ,アンリーロード,0.05645021517014683,0.043491155487677444,0.012959059682469388,1.2979700018809834,7,68.30452515051466,68.30452515051466,0
2026-0808-04-02-05-07,8,9,アンリーロード,ジュンブロッサム,0.043491155487677444,0.03890503738740053,0.004586118100276912,1.1178798019035483,8,42.64905806952806,42.64905806952806,0
2026-0808-04-02-05-07,9,10,ジュンブロッサム,ヤマニンサンパ,0.03890503738740053,0.03571934040392479,0.00318569698347574,1.0891868927995574,9,34.76403185084482,34.76403185084482,0
2026-0808-04-02-05-07,10,11,ヤマニンサンパ,ゴンバデカーブース,0.03571934040392479,0.03180738127923999,0.003911959124684804,1.1229890348514184,10,38.920178675470964,38.920178675470964,0
2026-0808-04-02-05-07,11,12,ゴンバデカーブース,ゴートゥファースト,0.03180738127923999,0.031361489580399575,0.00044589169884041296,1.0142178099575694,11,14.449407651971258,14.449407651971258,0
2026-0808-04-02-05-07,12,13,ゴートゥファースト,セントメモリーズ,0.031361489580399575,0.019762382037889225,0.01159910754251035,1.5869286162099325,12,65.39133812390754,65.39133812390754,0
2026-0808-04-02-05-07,13,14,セントメモリーズ,ラインベック,0.019762382037889225,0.016972873270635586,0.0027895087672536387,1.1643510042627674,13,32.58885220431152,32.58885220431152,0
2026-0808-04-02-05-07,14,15,ラインベック,ドラゴンヘッド,0.016972873270635586,0.01583270513513249,0.0011401681355030953,1.0720134762677467,14,20.489415420469996,20.489415420469996,0
2026-0808-04-02-05-07,15,16,ドラゴンヘッド,コスモブッドレア,0.01583270513513249,0.013834657245788856,0.0019980478893436345,1.1444233748509975,15,26.82074189162944,26.82074189162944,0
2026-0808-04-02-05-08,1,2,アンムート,ルークウォーム,0.17275394540622416,0.14872475705237195,0.024029188353852204,1.1615681802417774,1,81.41386677024664,81.41386677024664,0
2026-0808-04-02-05-08,2,3,ルークウォーム,ラヴィサンエール,0.14872475705237195,0.1485851828247683,0.00013957422760366156,1.0009393549541765,2,11.264323169547485,11.264323169547485,0
2026-0808-04-02-05-08,3,4,ラヴィサンエール,ニシノイサリビ,0.1485851828247683,0.1363359730594024,0.012249209765365893,1.0898457647713333,3,67.02272285880754,67.02272285880754,0
2026-0808-04-02-05-08,4,5,ニシノイサリビ,ラピッドテソーロ,0.1363359730594024,0.1257311688862968,0.010604804173105609,1.0843450694608265,4,62.90541852786949,62.90541852786949,0
2026-0808-04-02-05-08,5,6,ラピッドテソーロ,カレンハウ,0.1257311688862968,0.10613335545397999,0.0195978134323168,1.1846527262658206,5,77.54903864828123,77.54903864828123,0
2026-0808-04-02-05-08,6,7,カレンハウ,ソニックウェーブ,0.10613335545397999,0.05887963432463019,0.0472537211293498,1.8025478023321027,6,91.41580889493105,91.41580889493105,1
2026-0808-04-02-05-08,7,8,ソニックウェーブ,トシミチ,0.05887963432463019,0.03435234712601251,0.02452728719861768,1.713991597390589,7,81.74402796659545,81.74402796659545,0
2026-0808-04-02-05-08,8,9,トシミチ,ウンスイ,0.03435234712601251,0.01592474752748213,0.01842759959853038,2.1571674569238195,8,76.34492134395028,76.34492134395028,0
2026-0808-04-02-05-09,1,2,リバースザトレンド,ディペンダブル,0.14339662605718415,0.14036240990613044,0.0030342161510537036,1.0216170137936709,1,33.94833948339483,33.94833948339483,0
2026-0808-04-02-05-09,2,3,ディペンダブル,ラヴアンドライク,0.14036240990613044,0.11101495027443543,0.029347459631695008,1.2643559228657615,2,84.7154787337347,84.7154787337347,0
2026-0808-04-02-05-09,3,4,ラヴアンドライク,サイモンセレーノ,0.11101495027443543,0.1074273690712302,0.0035875812032052368,1.0333954115624526,3,37.13342396581861,37.13342396581861,0
2026-0808-04-02-05-09,4,5,サイモンセレーノ,オリオアルセーリオ,0.1074273690712302,0.09191278285450935,0.015514586216720846,1.1687968281983063,4,72.130510778792,72.130510778792,0
2026-0808-04-02-05-09,5,6,オリオアルセーリオ,ルージュカルデア,0.09191278285450935,0.08394924902731372,0.007963533827195626,1.094861287259456,5,56.107982132452904,56.107982132452904,0
2026-0808-04-02-05-09,6,7,ルージュカルデア,キタノエピックアン,0.08394924902731372,0.07853379801738723,0.005415451009926492,1.0689569477937069,6,46.416779957273256,46.416779957273256,0
2026-0808-04-02-05-09,7,8,キタノエピックアン,ガーネットテソーロ,0.07853379801738723,0.06337652164719715,0.015157276370190084,1.239162326619426,7,71.58671586715867,71.58671586715867,0
2026-0808-04-02-05-09,8,9,ガーネットテソーロ,ライヴスプーン,0.06337652164719715,0.05912084881978912,0.004255672827408026,1.0719826070221028,8,40.82346086618761,40.82346086618761,0
2026-0808-04-02-05-09,9,10,ライヴスプーン,イージーブリージー,0.05912084881978912,0.03386460959151444,0.025256239228274684,1.7458003955434118,9,82.38492911244903,82.38492911244903,0
2026-0808-04-02-05-09,10,11,イージーブリージー,テルケンユミクイン,0.03386460959151444,0.03359704131238276,0.00026756827913167885,1.0079640429240138,10,12.720916682851039,12.720916682851039,0
2026-0808-04-02-05-09,11,12,テルケンユミクイン,アレーティア,0.03359704131238276,0.03335669503663863,0.0002403462757441313,1.0072053384029844,11,12.468440473878422,12.468440473878422,0
2026-0808-04-02-05-09,12,13,アレーティア,ミュークチェルシー,0.03335669503663863,0.023980959544274708,0.00937573549236392,1.390965819155569,12,60.089337735482616,60.089337735482616,0
2026-0808-04-02-05-09,13,14,ミュークチェルシー,シャオシンユン,0.023980959544274708,0.02071150694934184,0.0032694525949328694,1.1578568185757612,13,35.40493299669839,35.40493299669839,0
2026-0808-04-02-05-09,14,15,シャオシンユン,カサビセンス,0.02071150694934184,0.010506769127738258,0.01020473782160358,1.9712536458674719,14,61.85667119829093,61.85667119829093,0
2026-0808-04-02-05-10,1,2,サレジオ,マツリダイコ,0.3507644977754336,0.2417479121395282,0.10901658563590541,1.4509515084166889,1,98.01903282190717,98.01903282190717,1
2026-0808-04-02-05-10,2,3,マツリダイコ,クリールスル,0.2417479121395282,0.12702128166323085,0.11472663047629736,1.9032079425908324,2,98.27150903087978,98.27150903087978,1
2026-0808-04-02-05-10,3,4,クリールスル,エラルディーク,0.12702128166323085,0.0787842142956458,0.04823706736758504,1.612268178325299,3,91.55175762283939,91.55175762283939,1
2026-0808-04-02-05-10,4,5,エラルディーク,ルモンテ,0.0787842142956458,0.06832240125252197,0.010461813043123838,1.153124200135423,4,62.59467857836473,62.59467857836473,0
2026-0808-04-02-05-10,5,6,ルモンテ,スタニングヴュー,0.06832240125252197,0.062453518356726904,0.005868882895795062,1.0939720139107731,5,48.22295591376967,48.22295591376967,0
2026-0808-04-02-05-10,6,7,スタニングヴュー,ガラク,0.062453518356726904,0.0583774466974581,0.004076071659268807,1.0698227121921433,6,39.69702854923286,39.69702854923286,0
2026-0808-04-02-05-10,7,8,ガラク,スピリットサージ,0.0583774466974581,0.034407757739449506,0.023969688958008592,1.696636181279742,7,81.3556030297145,81.3556030297145,0
2026-0808-04-02-05-10,8,9,スピリットサージ,ハナコトバ,0.034407757739449506,0.03024521308155037,0.004162544657899135,1.137626560827184,8,40.27966595455428,40.27966595455428,0
2026-0808-04-02-05-10,9,10,ハナコトバ,ミッキーコンドル,0.03024521308155037,0.028189509347391405,0.0020557037341589653,1.0729244240765472,9,27.32569430957468,27.32569430957468,0
2026-0808-04-02-05-10,10,11,ミッキーコンドル,ミズノミヤコ,0.028189509347391405,0.019752586789754133,0.008436922557637273,1.427130008208018,10,57.64226063313265,57.64226063313265,0
2026-0808-04-02-05-10,11,12,ミズノミヤコ,ヤマカンドリーミン,0.019752586789754133,0.014958053641510136,0.004794533148243997,1.3205318862434532,11,43.62012041173043,43.62012041173043,0
2026-0808-04-02-05-10,12,13,ヤマカンドリーミン,クリスタルタワー,0.014958053641510136,0.01432067430929629,0.0006373793322138454,1.0445076340993307,12,16.410953583220042,16.410953583220042,0
2026-0808-04-02-05-11,1,2,カイショー,シャンクス,0.16633478199269092,0.1320492552805495,0.03428552671214141,1.2596419543548276,1,86.87123713342396,86.87123713342396,0
2026-0808-04-02-05-11,2,3,シャンクス,ファンシーフリル,0.1320492552805495,0.10948632526761913,0.022562930012930374,1.20607989132688,2,80.28743445329191,80.28743445329191,0
2026-0808-04-02-05-11,3,4,ファンシーフリル,ブライティアブーケ,0.10948632526761913,0.10097803393554702,0.008508291332072107,1.0842588333369894,3,57.89473684210527,57.89473684210527,0
2026-0808-04-02-05-11,4,5,ブライティアブーケ,ベルタソ,0.10097803393554702,0.08710954748096283,0.013868486454584189,1.1592074216390005,4,69.8388036511944,69.8388036511944,0
2026-0808-04-02-05-11,5,6,ベルタソ,ダイイズキャスト,0.08710954748096283,0.06924977007037456,0.01785977741058828,1.2579037792102186,5,75.64575645756457,75.64575645756457,0
2026-0808-04-02-05-11,6,7,ダイイズキャスト,ミルトメロディー,0.06924977007037456,0.062472245749729344,0.006777524320645212,1.108488565431067,6,52.0100990483589,52.0100990483589,0
2026-0808-04-02-05-11,7,8,ミルトメロディー,リオクリスハーレー,0.062472245749729344,0.054111346269128655,0.00836089948060069,1.1545128712750343,7,57.42862691784813,57.42862691784813,0
2026-0808-04-02-05-11,8,9,リオクリスハーレー,サツキレジーナ,0.054111346269128655,0.04185745503548341,0.012253891233645245,1.2927528972618467,8,67.06156535249563,67.06156535249563,0
2026-0808-04-02-05-11,9,10,サツキレジーナ,メテオロイド,0.04185745503548341,0.03404123578600839,0.007816219249475016,1.2296103260942024,9,55.70013594872791,55.70013594872791,0
2026-0808-04-02-05-11,10,11,メテオロイド,オタルイーグル,0.03404123578600839,0.031133032563739015,0.002908203222269378,1.0934121408287285,10,33.22975335016508,33.22975335016508,0
2026-0808-04-02-05-11,11,12,オタルイーグル,レモンバーム,0.031133032563739015,0.026015282827632196,0.005117749736106819,1.19672089556032,11,45.193241406098274,45.193241406098274,0
2026-0808-04-02-05-11,12,13,レモンバーム,パーティーガール,0.026015282827632196,0.024130082167237398,0.001885200660394798,1.0781265744280981,12,25.907943289959217,25.907943289959217,0
2026-0808-04-02-05-11,13,14,パーティーガール,ジュエルドレーサー,0.024130082167237398,0.017325915783374952,0.006804166383862446,1.3927161178049456,13,52.10720528257914,52.10720528257914,0
2026-0808-04-02-05-11,14,15,ジュエルドレーサー,ビスケット,0.017325915783374952,0.014509650747503244,0.0028162650358717085,1.1940959906534152,14,32.7053796853758,32.7053796853758,0
2026-0808-04-02-05-11,15,16,ビスケット,ブラヴィーノ,0.014509650747503244,0.013605800365901555,0.0009038503816016889,1.0664312541191543,15,18.566711982909304,18.566711982909304,0
2026-0808-04-02-05-11,16,17,ブラヴィーノ,フェリスチカ,0.013605800365901555,0.01138322138420189,0.0022225789816996654,1.1952504398082122,16,28.510390367061568,28.510390367061568,0
2026-0808-04-02-05-11,17,18,フェリスチカ,セイラダンサー,0.01138322138420189,0.010207748350932931,0.0011754730332689586,1.1151549776559222,17,20.722470382598562,20.722470382598562,0
2026-0808-04-02-05-12,1,2,ブラッキッシュ,ポポラヴィスタ,0.23253713721632036,0.18099256727809607,0.05154456993822429,1.2847883242576794,1,92.25092250922509,92.25092250922509,1
2026-0808-04-02-05-12,2,3,ポポラヴィスタ,マイネルリーヒム,0.18099256727809607,0.11773218032327468,0.06326038695482139,1.5373245172315504,2,94.11536220625364,94.11536220625364,1
2026-0808-04-02-05-12,3,4,マイネルリーヒム,ラクシオンデクラ,0.11773218032327468,0.08909420089139028,0.028637979431884397,1.321434831283748,3,84.26879005632162,84.26879005632162,0
2026-0808-04-02-05-12,4,5,ラクシオンデクラ,オーブレーヌ,0.08909420089139028,0.08533950701162361,0.0037546938797666657,1.0439971358078652,4,37.9491163332686,37.9491163332686,0
2026-0808-04-02-05-12,5,6,オーブレーヌ,フォーエバーラブ,0.08533950701162361,0.04379774013066618,0.04154176688095743,1.9484911038108752,5,89.80384540687513,89.80384540687513,0
2026-0808-04-02-05-12,6,7,フォーエバーラブ,コンフィグシス,0.04379774013066618,0.038447556199749724,0.0053501839309164564,1.1391553705811681,6,46.08661876092445,46.08661876092445,0
2026-0808-04-02-05-12,7,8,コンフィグシス,ジェイエルグリーン,0.038447556199749724,0.02490988601715781,0.013537670182591915,1.5434657618773218,7,69.29500873956108,69.29500873956108,0
2026-0808-04-02-05-12,8,9,ジェイエルグリーン,ディエスルージュ,0.02490988601715781,0.02479378739781085,0.00011609861934695764,1.004682568963111,8,10.914740726354633,10.914740726354633,0
2026-0808-04-02-05-12,9,10,ディエスルージュ,スカーレットジーン,0.02479378739781085,0.023904226623724312,0.000889560774086539,1.0372135349990228,9,18.489026995533113,18.489026995533113,0
2026-0808-04-02-05-12,10,11,スカーレットジーン,ヤマニンリンキング,0.023904226623724312,0.023891077401705058,1.314922201925417e-05,1.0005503821279451,10,9.904835890464168,9.904835890464168,0
2026-0808-04-02-05-12,11,12,ヤマニンリンキング,ローレルエース,0.023891077401705058,0.020903305487021916,0.002987771914683142,1.1429329881122456,11,33.59875704020198,33.59875704020198,0
2026-0808-04-02-05-12,12,13,ローレルエース,リベルタアーラ,0.020903305487021916,0.020297367077458394,0.0006059384095635223,1.029853054696757,12,16.04194989318314,16.04194989318314,0
2026-0808-04-02-05-12,13,14,リベルタアーラ,デリシューズマン,0.020297367077458394,0.013164584015309485,0.0071327830621489095,1.5418160614763052,13,53.44727131481841,53.44727131481841,0
2026-0808-04-02-05-12,14,15,デリシューズマン,エーデルクラフト,0.013164584015309485,0.00990680341186934,0.003257780603440145,1.3288427626954824,14,35.2884055156341,35.2884055156341,0
2026-0808-07-02-05-01,1,2,ジーティーキャリー,メイショウジェード,0.35735647363469586,0.27979414554356585,0.07756232809113,1.277212119433189,1,95.84385317537387,95.84385317537387,1
2026-0808-07-02-05-01,2,3,メイショウジェード,プリメラエストレラ,0.27979414554356585,0.17586527546016054,0.10392887008340532,1.590957309858186,2,97.86366284715479,97.86366284715479,1
2026-0808-07-02-05-01,3,4,プリメラエストレラ,シュプレヒコール,0.17586527546016054,0.14717317922864132,0.02869209623151922,1.1949546539790687,3,84.30763255000971,84.30763255000971,0
2026-0808-07-02-05-01,4,5,シュプレヒコール,イザベル,0.14717317922864132,0.08649595738634387,0.060677221842297444,1.7015035578053186,4,93.66867352884056,93.66867352884056,1
2026-0808-07-02-05-01,5,6,イザベル,カローナ,0.08649595738634387,0.08633268087485171,0.00016327651149215805,1.0018912480168298,5,11.575063119052244,11.575063119052244,0
2026-0808-07-02-05-01,6,7,カローナ,タナコクシテンホウ,0.08633268087485171,0.05575545845378995,0.030577222421061763,1.5484166621354951,6,85.37580112643232,85.37580112643232,0
2026-0808-07-02-05-01,7,8,タナコクシテンホウ,ロンリーマン,0.05575545845378995,0.04627671492335232,0.009478743530437629,1.204827493613952,7,60.49718391920761,60.49718391920761,0
2026-0808-07-02-05-01,8,9,ロンリーマン,ララララブソング,0.04627671492335232,0.015481805658906563,0.03079490926444576,2.989103205589568,8,85.55059234802874,85.55059234802874,0
2026-0808-07-02-05-02,1,2,ダイメイアゲイン,スターオブザイヤー,0.1257000971466729,0.1257000971466729,0.0,1.0,1,9.671780928335599,9.671780928335599,0
2026-0808-07-02-05-02,2,3,スターオブザイヤー,コンテスタード,0.1257000971466729,0.1257000971466729,0.0,1.0,2,9.671780928335599,9.671780928335599,0
2026-0808-07-02-05-02,3,4,コンテスタード,モノホンプレイヤー,0.1257000971466729,0.1257000971466729,0.0,1.0,3,9.671780928335599,9.671780928335599,0
2026-0808-07-02-05-02,4,5,モノホンプレイヤー,エルピスノヴァ,0.1257000971466729,0.1257000971466729,0.0,1.0,4,9.671780928335599,9.671780928335599,0
2026-0808-07-02-05-02,5,6,エルピスノヴァ,ブレイズカルナバル,0.1257000971466729,0.1257000971466729,0.0,1.0,5,9.671780928335599,9.671780928335599,0
2026-0808-07-02-05-02,6,7,ブレイズカルナバル,ベルメサージュ,0.1257000971466729,0.1257000971466729,0.0,1.0,6,9.671780928335599,9.671780928335599,0
2026-0808-07-02-05-03,1,2,タガノプディング,ピョイットハレルヤ,0.20698539475009867,0.11771333385520517,0.08927206089489349,1.7583852905288007,1,96.85375801126432,96.85375801126432,1
2026-0808-07-02-05-03,2,3,ピョイットハレルヤ,キャスケード,0.11771333385520517,0.11163925936368749,0.006074074491517686,1.0544080507711913,2,49.058069528063704,49.058069528063704,0
2026-0808-07-02-05-03,3,4,キャスケード,オーブフレッシュ,0.11163925936368749,0.11131322153149982,0.00032603783218766724,1.002929012633916,3,13.361817828704602,13.361817828704602,0
2026-0808-07-02-05-03,4,5,オーブフレッシュ,ワイルドチャーム,0.11131322153149982,0.11009490702625672,0.0012183145052430955,1.0110660387310426,4,21.149737813167604,21.149737813167604,0
2026-0808-07-02-05-03,5,6,ワイルドチャーム,アスターエポワス,0.11009490702625672,0.08527529097605716,0.02481961605019957,1.2910528450400505,5,81.97708292872402,81.97708292872402,0
2026-0808-07-02-05-03,6,7,アスターエポワス,エルヴィオラ,0.08527529097605716,0.04439379423775519,0.040881496738301965,1.9208831423454642,6,89.5513691979025,89.5513691979025,0
2026-0808-07-02-05-03,7,8,エルヴィオラ,ジュエルサンライズ,0.04439379423775519,0.04093505627158364,0.003458737966171549,1.0844932994161423,7,36.4342590794329,36.4342590794329,0
2026-0808-07-02-05-03,8,9,ジュエルサンライズ,サウンドディアナ,0.04093505627158364,0.038206607615060145,0.0027284486565234967,1.071413004892065,8,32.3363759953389,32.3363759953389,0
2026-0808-07-02-05-03,9,10,サウンドディアナ,ゼフィルス,0.038206607615060145,0.034853264904262764,0.0033533427107973815,1.096213158796129,9,35.92930666148767,35.92930666148767,0
2026-0808-07-02-05-03,10,11,ゼフィルス,トリビア,0.034853264904262764,0.030094190507871002,0.004759074396391762,1.1581393058287128,10,43.44532919013401,43.44532919013401,0
2026-0808-07-02-05-03,11,12,トリビア,エターナルビジョン,0.030094190507871002,0.024950316711788025,0.0051438737960829775,1.206164669390858,11,45.29034764031851,45.29034764031851,0
2026-0808-07-02-05-03,12,13,エターナルビジョン,タワワ,0.024950316711788025,0.022358898981356425,0.0025914177304315993,1.1159009543623954,12,31.481841134200817,31.481841134200817,0
2026-0808-07-02-05-03,13,14,タワワ,エルヴィッタ,0.022358898981356425,0.018548078559198527,0.0038108204221578984,1.2054563447095172,13,38.2792775296174,38.2792775296174,0
2026-0808-07-02-05-03,14,15,エルヴィッタ,ジャミールアイン,0.018548078559198527,0.015285908390470225,0.003262170168728302,1.213410291714299,14,35.346669256166244,35.346669256166244,0
2026-0808-07-02-05-03,15,16,ジャミールアイン,スナークオーロラ,0.015285908390470225,0.006253187706067935,0.00903272068440229,2.444498567608512,15,59.31248786172072,59.31248786172072,0
2026-0808-07-02-05-04,1,2,タニセンゴールド,インドミタビリティ,0.17635455850928802,0.12910936059537478,0.04724519791391324,1.3659316233621388,1,91.39638764808701,91.39638764808701,1
2026-0808-07-02-05-04,2,3,インドミタビリティ,マイカラー,0.12910936059537478,0.11804789450943623,0.011061466085938554,1.0937032052278945,2,64.24548456010875,64.24548456010875,0
2026-0808-07-02-05-04,3,4,マイカラー,マテンロウアワー,0.11804789450943623,0.07775695136381905,0.04029094314561718,1.5181651600137822,3,89.24062924839775,89.24062924839775,0
2026-0808-07-02-05-04,4,5,マテンロウアワー,ラヴィアンコール,0.07775695136381905,0.07310339319713637,0.004653558166682684,1.0636572115624445,4,42.959798019032824,42.959798019032824,0
2026-0808-07-02-05-04,5,6,ラヴィアンコール,クリノリキオー,0.07310339319713637,0.066905331420777,0.00619806177635937,1.0926392806782301,5,49.60186443969703,49.60186443969703,0
2026-0808-07-02-05-04,6,7,クリノリキオー,キタノハイテイル,0.066905331420777,0.05033652325904065,0.016568808161736344,1.3291607582126863,6,73.89784424160031,73.89784424160031,0
2026-0808-07-02-05-04,7,8,キタノハイテイル,トゥレネヴェリテ,0.05033652325904065,0.029907982746782125,0.020428540512258526,1.6830464189182563,7,78.55894348417168,78.55894348417168,0
2026-0808-07-02-05-04,8,9,トゥレネヴェリテ,レディトゥフライト,0.029907982746782125,0.025570175723129963,0.004337807023652163,1.1696432230509985,8,41.25072829675665,41.25072829675665,0
2026-0808-07-02-05-04,9,10,レディトゥフライト,メイショウゴッホ,0.025570175723129963,0.02482953498843165,0.0007406407346983133,1.0298290215682004,9,17.207224703825986,17.207224703825986,0
2026-0808-07-02-05-04,10,11,メイショウゴッホ,ブラストオフ,0.02482953498843165,0.022395557021271502,0.0024339779671601475,1.108681287312851,10,30.161196348805593,30.161196348805593,0
2026-0808-07-02-05-04,11,12,ブラストオフ,ガラード,0.022395557021271502,0.02065963635831976,0.0017359206629517406,1.0840247443296684,11,24.723247232472325,24.723247232472325,0
2026-0808-07-02-05-04,12,13,ガラード,サンライズナスカ,0.02065963635831976,0.018913117714233544,0.0017465186440862174,1.0923443014776897,12,24.76208972616042,24.76208972616042,0
2026-0808-07-02-05-04,13,14,サンライズナスカ,グランドフィナーレ,0.018913117714233544,0.017004097188041134,0.00190902052619241,1.1122682671759259,13,26.063313264711596,26.063313264711596,0
2026-0808-07-02-05-04,14,15,グランドフィナーレ,チュウワヘネシー,0.017004097188041134,0.005633100328400669,0.011370996859640464,3.0186036457243217,14,64.94464944649447,64.94464944649447,0
2026-0808-07-02-05-04,15,16,チュウワヘネシー,イコミキマル,0.005633100328400669,0.005308050543729214,0.00032504978467145455,1.0612371306553325,15,13.342396581860555,13.342396581860555,0
2026-0808-07-02-05-05,1,2,レイクラシック,ゼンノインヴォーク,0.3480835718798939,0.18988118136659177,0.15820239051330215,1.833165189802936,1,99.43678384152263,99.43678384152263,1
2026-0808-07-02-05-05,2,3,ゼンノインヴォーク,エイシンビーコン,0.18988118136659177,0.1821927674905264,0.007688413876065364,1.042199336351072,2,55.117498543406484,55.117498543406484,0
2026-0808-07-02-05-05,3,4,エイシンビーコン,ワンダーデリエール,0.1821927674905264,0.045736043731552205,0.1364567237589742,3.983570781939671,3,99.08720139832977,99.08720139832977,1
2026-0808-07-02-05-05,4,5,ワンダーデリエール,リトルスカーレット,0.045736043731552205,0.036464746789272584,0.00927129694227962,1.254253704155903,4,59.81744027966596,59.81744027966596,0
2026-0808-07-02-05-05,5,6,リトルスカーレット,アステルディーヴァ,0.036464746789272584,0.021437552317245406,0.015027194472027178,1.7009752909122267,5,71.314818411342,71.314818411342,0
2026-0808-07-02-05-05,6,7,アステルディーヴァ,シンゼンイセ,0.021437552317245406,0.01423125043438734,0.007206301882858066,1.5063716583502242,6,53.69974752379103,53.69974752379103,0
2026-0808-07-02-05-05,7,8,シンゼンイセ,ウインヘリオドール,0.01423125043438734,0.01215990451775825,0.002071345916629089,1.1703422846457476,7,27.44222179063896,27.44222179063896,0
2026-0808-07-02-05-06,1,2,テイエムアイラン,オリバナム,0.22189565737837788,0.17614013131197692,0.04575552606640096,1.259767752672782,1,90.93027772382986,90.93027772382986,1
2026-0808-07-02-05-06,2,3,オリバナム,ビップディラン,0.17614013131197692,0.17042384119137807,0.005716290120598849,1.0335416106140909,2,47.67916100213634,47.67916100213634,0
2026-0808-07-02-05-06,3,4,ビップディラン,ショウナンバルドル,0.17042384119137807,0.08989699816729532,0.08052684302408275,1.8957678750765956,3,96.19343561856671,96.19343561856671,1
2026-0808-07-02-05-06,4,5,ショウナンバルドル,クイックバイオ,0.08989699816729532,0.06599854697207233,0.02389845119522299,1.3621057173476223,4,81.25849679549427,81.25849679549427,0
2026-0808-07-02-05-06,5,6,クイックバイオ,オトコギアンパン,0.06599854697207233,0.05297527566177604,0.013023271310296292,1.2458367823028271,5,68.42105263157895,68.42105263157895,0
2026-0808-07-02-05-06,6,7,オトコギアンパン,スナークピカソ,0.05297527566177604,0.049142060828636126,0.0038332148331399127,1.0780027285894005,6,38.43464750436978,38.43464750436978,0
2026-0808-07-02-05-06,7,8,スナークピカソ,バガン,0.049142060828636126,0.0382013014735834,0.010940759355052725,1.2863975553979063,7,63.87648087007186,63.87648087007186,0
2026-0808-07-02-05-06,8,9,バガン,サクラオーラ,0.0382013014735834,0.03777935269967548,0.00042194877390792224,1.0111687666345737,8,14.235773936686735,14.235773936686735,0
2026-0808-07-02-05-06,9,10,サクラオーラ,ケイテンアイジン,0.03777935269967548,0.03164324538517793,0.006136107314497548,1.1939152334030747,9,49.25228199650418,49.25228199650418,0
2026-0808-07-02-05-06,10,11,ケイテンアイジン,マイネルフォルツァ,0.03164324538517793,0.02835643575817888,0.0032868096269990515,1.1159105345618423,10,35.502039230918626,35.502039230918626,0
2026-0808-07-02-05-07,1,2,ロードヴォイジャー,タガノマカシヤ,0.23273197103234303,0.197444915752998,0.03528705527934503,1.178718480264586,1,87.25966207030491,87.25966207030491,0
2026-0808-07-02-05-07,2,3,タガノマカシヤ,シンビリーブ,0.197444915752998,0.18132025562357842,0.01612466012941957,1.0889291716138678,2,73.08215187415033,73.08215187415033,0
2026-0808-07-02-05-07,3,4,シンビリーブ,クァンタムウェーブ,0.18132025562357842,0.09372112272511424,0.08759913289846419,1.9346786546229717,3,96.73723053020004,96.73723053020004,1
2026-0808-07-02-05-07,4,5,クァンタムウェーブ,インザモーメント,0.09372112272511424,0.056575754408737605,0.03714536831637663,1.6565598409526443,4,88.09477568459894,88.09477568459894,0
2026-0808-07-02-05-07,5,6,インザモーメント,メイショウシナノ,0.056575754408737605,0.03637616634524172,0.020199588063495887,1.555297330449396,5,78.26762478151097,78.26762478151097,0
2026-0808-07-02-05-07,6,7,メイショウシナノ,ユウトザユウト,0.03637616634524172,0.034674633679356845,0.0017015326658848737,1.0490713955803912,6,24.509613517187802,24.509613517187802,0
2026-0808-07-02-05-07,7,8,ユウトザユウト,メイショウコガシラ,0.034674633679356845,0.016778099216319592,0.017896534463037253,2.066660426327065,7,75.66517770440862,75.66517770440862,0
2026-0808-07-02-05-08,1,2,リアンドゥクール,ゴンタ,0.16519069888867813,0.11760014853648304,0.04759055035219509,1.4046810394753124,1,91.45465138861914,91.45465138861914,1
2026-0808-07-02-05-08,2,3,ゴンタ,テーオーカイザー,0.11760014853648304,0.08271777390016685,0.03488237463631619,1.4217034984333135,2,87.12371334239658,87.12371334239658,0
2026-0808-07-02-05-08,3,4,テーオーカイザー,バケラッタ,0.08271777390016685,0.06637439347758337,0.016343380422583487,1.2462302036417574,3,73.47057681103126,73.47057681103126,0
2026-0808-07-02-05-08,4,5,バケラッタ,メイショウオグマ,0.06637439347758337,0.04515038653930551,0.021224006938277855,1.4700736486453194,4,79.19984463002525,79.19984463002525,0
2026-0808-07-02-05-08,5,6,メイショウオグマ,スマートグロワール,0.04515038653930551,0.039002106111605116,0.006148280427700395,1.1576397030998018,5,49.36880947756846,49.36880947756846,0
2026-0808-07-02-05-08,6,7,スマートグロワール,エイユーファイヤー,0.039002106111605116,0.03270729682692713,0.006294809284677988,1.1924588668390237,6,49.85434064866964,49.85434064866964,0
2026-0808-07-02-05-08,7,8,エイユーファイヤー,レーンアジリティ,0.03270729682692713,0.02761504463626456,0.005092252190662568,1.1844013746034412,7,45.07671392503399,45.07671392503399,0
2026-0808-07-02-05-08,8,9,レーンアジリティ,クレスコドルフィン,0.02761504463626456,0.01619455305019552,0.011420491586069042,1.7052057287824416,8,65.10001942124684,65.10001942124684,0
2026-0808-07-02-05-08,9,10,クレスコドルフィン,リアルペガサス,0.01619455305019552,0.013856468719195084,0.0023380843310004343,1.1687359440837572,9,29.326082734511555,29.326082734511555,0
2026-0808-07-02-05-08,10,11,リアルペガサス,サンライズオスカー,0.013856468719195084,0.012587569199071585,0.0012688995201234985,1.1008057632141628,10,21.49932025636046,21.49932025636046,0
2026-0808-07-02-05-08,11,12,サンライズオスカー,ブルーストレイル,0.012587569199071585,0.010805941207122707,0.0017816279919488781,1.16487485521155,11,25.05340842882113,25.05340842882113,0
2026-0808-07-02-05-09,1,2,トーアマリシテン,クラウンセト,0.17694221570924948,0.1388561949121594,0.03808602079709009,1.2742839152490342,1,88.52204311516799,88.52204311516799,0
2026-0808-07-02-05-09,2,3,クラウンセト,ポワンキュルミナン,0.1388561949121594,0.08542937815834507,0.05342681675381432,1.62539161475326,2,92.63934744610603,92.63934744610603,1
2026-0808-07-02-05-09,3,4,ポワンキュルミナン,ベイビーベリッシモ,0.08542937815834507,0.08122592579532312,0.004203452363021956,1.0517501317696767,3,40.5321421635269,40.5321421635269,0
2026-0808-07-02-05-09,4,5,ベイビーベリッシモ,ゴールドブリーズ,0.08122592579532312,0.06540759146985693,0.015818334325466185,1.2418424829594292,4,72.69372693726937,72.69372693726937,0
2026-0808-07-02-05-09,5,6,ゴールドブリーズ,ゲインサポート,0.06540759146985693,0.05301104242314703,0.0123965490467099,1.2338484300640162,5,67.27519906778015,67.27519906778015,0
2026-0808-07-02-05-09,6,7,ゲインサポート,ヒットアンドロール,0.05301104242314703,0.042594242004702486,0.010416800418444547,1.2445588870273712,6,62.47815109730045,62.47815109730045,0
2026-0808-07-02-05-10,1,2,エバイダンス,モズオサキニ,0.15425401836207406,0.1269030326168301,0.027350985745243944,1.215526651973931,1,83.56962516993592,83.56962516993592,0
2026-0808-07-02-05-10,2,3,モズオサキニ,マイベスティー,0.1269030326168301,0.10563563185089829,0.021267400765931824,1.2013279079539199,2,79.27752961740143,79.27752961740143,0
2026-0808-07-02-05-10,3,4,マイベスティー,マユナイト,0.10563563185089829,0.05941790776763208,0.04621772408326621,1.7778416612044243,3,91.08564769858225,91.08564769858225,1
2026-0808-07-02-05-10,4,5,マユナイト,ヤマニンコルザ,0.05941790776763208,0.04553472832259254,0.013883179445039542,1.3048921110648475,4,69.85822489803846,69.85822489803846,0
2026-0808-07-02-05-10,5,6,ヤマニンコルザ,ガルディエンヌ,0.04553472832259254,0.04501071049411671,0.0005240178284758312,1.0116420696923751,5,14.95436006991649,14.95436006991649,0
2026-0808-07-02-05-10,6,7,ガルディエンヌ,カワキタベレッタ,0.04501071049411671,0.028443651629508782,0.016567058864607926,1.5824518975411892,6,73.85900174791222,73.85900174791222,0
2026-0808-07-02-05-10,7,8,カワキタベレッタ,シュクルリー,0.028443651629508782,0.027878358240881966,0.0005652933886268162,1.0202771405597997,7,15.575839968926006,15.575839968926006,0
2026-0808-07-02-05-10,8,9,シュクルリー,ザムーン,0.027878358240881966,0.025056321538821508,0.0028220367020604584,1.1126277333920735,8,32.7442221790639,32.7442221790639,0
2026-0808-07-02-05-10,9,10,ザムーン,アリュウ,0.025056321538821508,0.024865883862889526,0.00019043767593198216,1.0076585926718735,9,12.002330549621286,12.002330549621286,0
2026-0808-07-02-05-10,10,11,アリュウ,フェイトブレイカー,0.024865883862889526,0.022321984313106294,0.0025438995497832316,1.1139638624461172,10,30.93804622256749,30.93804622256749,0
2026-0808-07-02-05-10,11,12,フェイトブレイカー,ヒルノジェノヴァ,0.022321984313106294,0.019779232796534114,0.00254275151657218,1.1285566302155938,11,30.91862497572344,30.91862497572344,0
2026-0808-07-02-05-10,12,13,ヒルノジェノヴァ,グロリアスニケ,0.019779232796534114,0.018730660437912747,0.0010485723586213663,1.0559816009743548,12,19.654301806175955,19.654301806175955,0
2026-0808-07-02-05-10,13,14,グロリアスニケ,サンシャインビーチ,0.018730660437912747,0.0173380348585346,0.0013926255793781477,1.0803219967395918,13,22.37327636434259,22.37327636434259,0
2026-0808-07-02-05-10,14,15,サンシャインビーチ,モチモチチャン,0.0173380348585346,0.01520434131008089,0.0021336935484537103,1.1403344942696738,14,27.79180423383181,27.79180423383181,0
2026-0808-07-02-05-10,15,16,モチモチチャン,フルドフォルク,0.01520434131008089,0.013151033050805552,0.0020533082592753375,1.1561328491338225,15,27.30627306273063,27.30627306273063,0
2026-0808-07-02-05-11,1,2,テイエムスティール,バルセシート,0.26923341789513044,0.25840782148929536,0.01082559640583508,1.041893454863105,1,63.62400466109924,63.62400466109924,0
2026-0808-07-02-05-11,2,3,バルセシート,オーバースタンド,0.25840782148929536,0.1376333896872532,0.12077443180204217,1.8775082273021109,2,98.46572149932025,98.46572149932025,1
2026-0808-07-02-05-11,3,4,オーバースタンド,レッドリガーレ,0.1376333896872532,0.1309797895137232,0.0066536001735300054,1.0507986781642589,3,51.46630413672558,51.46630413672558,0
2026-0808-07-02-05-11,4,5,レッドリガーレ,オーライカモン,0.1309797895137232,0.10997443155826864,0.02100535795545455,1.191002196217992,4,79.02505340842882,79.02505340842882,0
2026-0808-07-02-05-11,5,6,オーライカモン,グローブアマランス,0.10997443155826864,0.07102926259040569,0.038945168967862945,1.5482975262244025,5,88.79394057098466,88.79394057098466,0
2026-0808-07-02-05-11,6,7,グローブアマランス,シャーリーゴールド,0.07102926259040569,0.047894304783479384,0.023134957806926308,1.483041938107565,6,80.7729656243931,80.7729656243931,0
2026-0808-07-02-05-11,7,8,シャーリーゴールド,ホールドミーワンス,0.047894304783479384,0.031628342047296934,0.01626596273618245,1.5142843944161972,7,73.35404932996698,73.35404932996698,0
2026-0808-07-02-05-11,8,9,ホールドミーワンス,エスティヴァリス,0.031628342047296934,0.029458529435928048,0.002169812611368886,1.0736565148673902,8,28.063701689648475,28.063701689648475,0
2026-0808-07-02-05-11,9,10,エスティヴァリス,メイショウハボマイ,0.029458529435928048,0.02884022810090372,0.0006183013350243294,1.0214388503745904,9,16.216741114779566,16.216741114779566,0
2026-0808-07-02-05-11,10,11,メイショウハボマイ,ゴージャス,0.02884022810090372,0.021380244094361123,0.007459984006542596,1.3489194965978013,10,54.53486113808507,54.53486113808507,0
2026-0808-07-02-05-11,11,12,ゴージャス,インターポーザー,0.021380244094361123,0.019997607714377977,0.0013826363799831452,1.069140089141215,11,22.276170130122352,22.276170130122352,0
2026-0808-07-02-05-12,1,2,ゴッドアイ,ルナフィオーレ,0.152067877852351,0.15083426360953067,0.0012336142428203412,1.0081786075212582,1,21.26626529423189,21.26626529423189,0
2026-0808-07-02-05-12,2,3,ルナフィオーレ,エコロディアン,0.15083426360953067,0.14453374231581412,0.0063005212937165544,1.0435920442712234,2,49.87376189551369,49.87376189551369,0
2026-0808-07-02-05-12,3,4,エコロディアン,グレンセロース,0.14453374231581412,0.10835206589837235,0.03618167641744177,1.333926964081866,3,87.7451932414061,87.7451932414061,0
2026-0808-07-02-05-12,4,5,グレンセロース,ティグリス,0.10835206589837235,0.06030972344240655,0.048042342455965795,1.7965936454980493,4,91.53233637599534,91.53233637599534,1
2026-0808-07-02-05-12,5,6,ティグリス,スターアスコット,0.06030972344240655,0.05381184186295537,0.0064978815794511785,1.1207518894446984,5,50.74771800349582,50.74771800349582,0
2026-0808-07-02-05-12,6,7,スターアスコット,ウイングサンライズ,0.05381184186295537,0.04980520673337104,0.004006635129584331,1.080446109802005,6,39.328024859195956,39.328024859195956,0
2026-0808-07-02-05-12,7,8,ウイングサンライズ,グッデイ,0.04980520673337104,0.04493782395898412,0.004867382774386919,1.1083137176119053,7,43.969702854923284,43.969702854923284,0
2026-0808-07-02-05-12,8,9,グッデイ,ルージュマデイラ,0.04493782395898412,0.044925818144767975,1.2005814216148325e-05,1.0002672364068577,8,9.865993396776073,9.865993396776073,0
2026-0808-07-02-05-12,9,10,ルージュマデイラ,マスティカーレ,0.044925818144767975,0.0427445315555712,0.0021812865891967723,1.0510307753954662,9,28.121965430180616,28.121965430180616,0
2026-0808-07-02-05-12,10,11,マスティカーレ,フェブリノ,0.0427445315555712,0.03938603843844619,0.003358493117125015,1.085271158265226,10,35.987570402019806,35.987570402019806,0
2026-0808-07-02-05-12,11,12,フェブリノ,バルフルール,0.03938603843844619,0.03299054778263373,0.006395490655812457,1.1938582741320547,11,50.359293066614875,50.359293066614875,0
2026-0808-07-02-05-12,12,13,バルフルール,ココロザスノ,0.03299054778263373,0.030330477876435218,0.002660069906198513,1.0877028682843541,12,31.889687317925812,31.889687317925812,0
2026-0808-07-02-05-12,13,14,ココロザスノ,ハッピーリオン,0.030330477876435218,0.025855846666825184,0.004474631209610034,1.1730607110751199,13,42.08584191105069,42.08584191105069,0
2026-0808-07-02-05-12,14,15,ハッピーリオン,タガノプトゥリ,0.025855846666825184,0.01633788849751359,0.009517958169311592,1.5825696613586326,14,60.594290153427856,60.594290153427856,0
2026-0808-07-02-05-12,15,16,タガノプトゥリ,ペスキエーラ,0.01633788849751359,0.009706552508396218,0.006631335989117373,1.6831813852942363,15,51.3109341619732,51.3109341619732,0
2026-0808-07-02-05-12,16,17,ペスキエーラ,ミヤジマミコ,0.009706552508396218,0.008655258416932625,0.0010512940914635931,1.1214630506475582,16,19.693144299864052,19.693144299864052,0
2026-0808-07-02-05-12,17,18,ミヤジマミコ,ルージュシャラポワ,0.008655258416932625,0.006330843787569477,0.002324414629363148,1.3671571606184791,17,29.209555253447274,29.209555253447274,0
2026-0809-01-01-06-01,1,2,シンゼンノト,ヴァイタリズム,0.1318500716594076,0.1281408329241007,0.0037092387353069023,1.0289465789371288,1,37.75490386482812,37.75490386482812,0
2026-0809-01-01-06-01,2,3,ヴァイタリズム,サルトヴェローチェ,0.1281408329241007,0.08461083749266016,0.04352999543144054,1.5144730476780435,2,90.28937657797631,90.28937657797631,1
2026-0809-01-01-06-01,3,4,サルトヴェローチェ,ベイビーブラザー,0.08461083749266016,0.058951120659310165,0.025659716833349992,1.4352710609462782,3,82.63740532142162,82.63740532142162,0
2026-0809-01-01-06-01,4,5,ベイビーブラザー,ハイビスカス,0.058951120659310165,0.05606234433488496,0.0028887763244252046,1.051527925895665,4,33.09380462225675,33.09380462225675,0
2026-0809-01-01-06-01,5,6,ハイビスカス,シャムスクッカ,0.05606234433488496,0.0399888020727916,0.016073542262093357,1.4019510820262806,5,72.92678189939794,72.92678189939794,0
2026-0809-01-01-06-01,6,7,シャムスクッカ,カナデ,0.0399888020727916,0.03799259591322661,0.0019962061595649935,1.0525419785508798,6,26.8013206447854,26.8013206447854,0
2026-0809-01-01-06-01,7,8,カナデ,テムファイア,0.03799259591322661,0.028876655452486754,0.009115940460739855,1.315685466959257,7,59.545542823849296,59.545542823849296,0
2026-0809-01-01-06-01,8,9,テムファイア,マーズエクレール,0.028876655452486754,0.026372099673451655,0.002504555779035099,1.0949699041808336,8,30.70499126043892,30.70499126043892,0
2026-0809-01-01-06-01,9,10,マーズエクレール,イチゴワタアメ,0.026372099673451655,0.015255466061386605,0.01111663361206505,1.7286983935680975,9,64.40085453486114,64.40085453486114,0
2026-0809-01-01-06-01,10,11,イチゴワタアメ,モーモーワン,0.015255466061386605,0.01254600392921726,0.002709462132169344,1.215962161932655,10,32.161584773742476,32.161584773742476,0
2026-0809-01-01-06-01,11,12,モーモーワン,エコロヴァルド,0.01254600392921726,0.01140674832832171,0.0011392556008955508,1.0998755796221877,11,20.469994173625945,20.469994173625945,0
2026-0809-01-01-06-02,1,2,スイーヴル,マーゴットオネイロ,0.28363841942693285,0.18229705021985446,0.1013413692070784,1.5559133792064017,1,97.66945037871432,97.66945037871432,1
2026-0809-01-01-06-02,2,3,マーゴットオネイロ,カッサンドラ,0.18229705021985446,0.17662181637100147,0.00567523384885299,1.032132122551225,2,47.56263352107205,47.56263352107205,0
2026-0809-01-01-06-02,3,4,カッサンドラ,メイショウマドンナ,0.17662181637100147,0.14109229979932775,0.03552951657167372,1.25181754512618,3,87.35676830452515,87.35676830452515,0
2026-0809-01-01-06-02,4,5,メイショウマドンナ,ロングフルスペック,0.14109229979932775,0.06386478027739279,0.07722751952193496,2.2092348738459906,4,95.80501068168576,95.80501068168576,1
2026-0809-01-01-06-02,5,6,ロングフルスペック,フジコンフィデンス,0.06386478027739279,0.05140169839995511,0.012463081877437672,1.2424643983640928,5,67.35288405515634,67.35288405515634,0
2026-0809-01-01-06-02,6,7,フジコンフィデンス,テリオスルミ,0.05140169839995511,0.04491448666480189,0.006487211735153223,1.1444347295688242,6,50.708875509807726,50.708875509807726,0
2026-0809-01-01-06-02,7,8,テリオスルミ,ラブデウザ,0.04491448666480189,0.040559980318613645,0.004354506346188246,1.1073596760151752,7,41.36725577782094,41.36725577782094,0
2026-0809-01-01-06-02,8,9,ラブデウザ,メイヨシュア,0.040559980318613645,0.01660412632905762,0.023955853989556023,2.4427651003613904,8,81.29733928918237,81.29733928918237,0
2026-0809-01-01-06-02,9,10,メイヨシュア,ハクサンレイホウ,0.01660412632905762,0.01463856390186612,0.0019655624271915015,1.1342729000172573,9,26.510001942124685,26.510001942124685,0
2026-0809-01-01-06-02,10,11,ハクサンレイホウ,ケイベエ,0.01463856390186612,0.00963353414400254,0.00500502975786358,1.5195424319930932,10,44.610604000776846,44.610604000776846,0
2026-0809-01-01-06-03,1,2,サウンドサンライズ,メイショウテンク,0.1670725306579503,0.1370337786844719,0.03003875197347841,1.2192069157097707,1,85.04563993008351,85.04563993008351,0
2026-0809-01-01-06-03,2,3,メイショウテンク,デルシエロ,0.1370337786844719,0.1348175344299471,0.0022162442545247962,1.0164388427951587,2,28.374441639153236,28.374441639153236,0
2026-0809-01-01-06-03,3,4,デルシエロ,レジェンドシップ,0.1348175344299471,0.10995442569054922,0.02486310873939787,1.2261219462813755,3,81.99650417556808,81.99650417556808,0
2026-0809-01-01-06-03,4,5,レジェンドシップ,エイカイコバチ,0.10995442569054922,0.10579236656046477,0.004162059130084453,1.0393417716740996,4,40.24082346086619,40.24082346086619,0
2026-0809-01-01-06-03,5,6,エイカイコバチ,ピティロディア,0.10579236656046477,0.08408796449107664,0.021704402069388132,1.2581154413803344,5,79.5494270732181,79.5494270732181,0
2026-0809-01-01-06-03,6,7,ピティロディア,グランツローゼ,0.08408796449107664,0.07249053470324551,0.011597429787831126,1.1599854358270016,6,65.37191687706351,65.37191687706351,0
2026-0809-01-01-06-03,7,8,グランツローゼ,マテンロウゼロ,0.07249053470324551,0.07087055934323838,0.001619975360007131,1.0228582273798816,7,23.674499902893768,23.674499902893768,0
2026-0809-01-01-06-03,8,9,マテンロウゼロ,エオアリイ,0.07087055934323838,0.0650745854279494,0.005795973915288979,1.089066628349193,8,47.951058457952996,47.951058457952996,0
2026-0809-01-01-06-03,9,10,エオアリイ,ストラニエーロ,0.0650745854279494,0.026170129269614636,0.038904456158334766,2.4865977832026065,9,88.77451932414061,88.77451932414061,0
2026-0809-01-01-06-04,1,2,バンダムソレール,ホウオウファラオ,0.2126692950621623,0.17403514088246733,0.038634154179694985,1.2219905358411847,1,88.67741308992038,88.67741308992038,0
2026-0809-01-01-06-04,2,3,ホウオウファラオ,サクセスゴールド,0.17403514088246733,0.07929558383722497,0.09473955704524235,2.194764606812407,2,97.20334045445718,97.20334045445718,1
2026-0809-01-01-06-04,3,4,サクセスゴールド,メイショウセンドウ,0.07929558383722497,0.07853113527755926,0.0007644485596657175,1.0097343373041006,3,17.47912215964265,17.47912215964265,0
2026-0809-01-01-06-04,4,5,メイショウセンドウ,マイネルトレマーズ,0.07853113527755926,0.07723390931600466,0.001297225961554599,1.0167960675957366,4,21.79063895902117,21.79063895902117,0
2026-0809-01-01-06-04,5,6,マイネルトレマーズ,メイショウノヴァス,0.07723390931600466,0.07582194371920101,0.0014119655968036493,1.0186221234585164,5,22.509225092250922,22.509225092250922,0
2026-0809-01-01-06-04,6,7,メイショウノヴァス,ロジクリスエス,0.07582194371920101,0.038515860415455454,0.03730608330374555,1.9685901574400646,6,88.21130316566324,88.21130316566324,0
2026-0809-01-01-06-04,7,8,ロジクリスエス,カプリースカラー,0.038515860415455454,0.0351797028947096,0.0033361575207458555,1.0948318844741454,7,35.75451543989124,35.75451543989124,0
2026-0809-01-01-06-04,8,9,カプリースカラー,サクセスブルー,0.0351797028947096,0.035032158485703575,0.00014754440900602295,1.004211684788599,8,11.36142940376772,11.36142940376772,0
2026-0809-01-01-06-04,9,10,サクセスブルー,コサージュ,0.035032158485703575,0.01682277335561819,0.018209385130085385,2.082424683799483,9,75.99533890075743,75.99533890075743,0
2026-0809-01-01-06-04,10,11,コサージュ,スナークホクサイ,0.01682277335561819,0.012737526228186148,0.0040852471274320425,1.3207253162228654,10,39.77471353660905,39.77471353660905,0
2026-0809-01-01-06-04,11,12,スナークホクサイ,シーンオブドリーム,0.012737526228186148,0.01025410585892892,0.0024834203692572273,1.2421879004783973,11,30.452515051466307,30.452515051466307,0
2026-0809-01-01-06-04,12,13,シーンオブドリーム,ブルーメンフェスト,0.01025410585892892,0.008896604471068489,0.0013575013878604318,1.1525864606294445,12,22.14022140221402,22.14022140221402,0
2026-0809-01-01-06-04,13,14,ブルーメンフェスト,オルビスケリー,0.008896604471068489,0.007051941862442224,0.0018446626086262644,1.2615822201329694,13,25.538939599922315,25.538939599922315,0
2026-0809-01-01-06-05,1,2,ガザニア,アブリコース,0.07290930950795577,0.07290930950795577,0.0,1.0,1,9.671780928335599,9.671780928335599,0
2026-0809-01-01-06-05,2,3,アブリコース,アスコットペスカ,0.07290930950795577,0.07290930950795577,0.0,1.0,2,9.671780928335599,9.671780928335599,0
2026-0809-01-01-06-05,3,4,アスコットペスカ,ヌーベルフィズ,0.07290930950795577,0.07290930950795577,0.0,1.0,3,9.671780928335599,9.671780928335599,0
2026-0809-01-01-06-05,4,5,ヌーベルフィズ,チェッリーニ,0.07290930950795577,0.07290930950795577,0.0,1.0,4,9.671780928335599,9.671780928335599,0
2026-0809-01-01-06-05,5,6,チェッリーニ,ソーハッピー,0.07290930950795577,0.07290930950795577,0.0,1.0,5,9.671780928335599,9.671780928335599,0
2026-0809-01-01-06-05,6,7,ソーハッピー,ルイスイメル,0.07290930950795577,0.07290930950795577,0.0,1.0,6,9.671780928335599,9.671780928335599,0
2026-0809-01-01-06-05,7,8,ルイスイメル,インサイドストーム,0.07290930950795577,0.07290930950795577,0.0,1.0,7,9.671780928335599,9.671780928335599,0
2026-0809-01-01-06-05,8,9,インサイドストーム,バタフライ,0.07290930950795577,0.07290930950795577,0.0,1.0,8,9.671780928335599,9.671780928335599,0
2026-0809-01-01-06-05,9,10,バタフライ,アヴレディール,0.07290930950795577,0.07290930950795577,0.0,1.0,9,9.671780928335599,9.671780928335599,0
2026-0809-01-01-06-05,10,11,アヴレディール,ウィエダンド,0.07290930950795577,0.07290930950795577,0.0,1.0,10,9.671780928335599,9.671780928335599,0
2026-0809-01-01-06-05,11,12,ウィエダンド,セイレイカ,0.07290930950795577,0.07290930950795577,0.0,1.0,11,9.671780928335599,9.671780928335599,0
2026-0809-01-01-06-05,12,13,セイレイカ,フォルトゥナロッサ,0.07290930950795577,0.07290930950795577,0.0,1.0,12,9.671780928335599,9.671780928335599,0
2026-0809-01-01-06-06,1,2,ドンテスタマスター,シャンドラファール,0.31505050650810834,0.26573679463736927,0.049313711870739074,1.1855735181047613,1,91.804233831812,91.804233831812,1
2026-0809-01-01-06-06,2,3,シャンドラファール,ヘイジュード,0.26573679463736927,0.2458931968907672,0.019843597746602076,1.0807000681495762,2,77.82093610409788,77.82093610409788,0
2026-0809-01-01-06-06,3,4,ヘイジュード,ギオンバヤシ,0.2458931968907672,0.21178367576695808,0.034109521123809106,1.1610583110349941,3,86.81297339289182,86.81297339289182,0
2026-0809-01-01-06-06,4,5,ギオンバヤシ,ラッキーシグネチャ,0.21178367576695808,0.17422096398741788,0.03756271177954021,1.2156038568484386,4,88.30840939988347,88.30840939988347,0
2026-0809-01-01-06-06,5,6,ラッキーシグネチャ,フォーチュンローズ,0.17422096398741788,0.17172251450349924,0.002498449483918641,1.0145493413670443,5,30.627306273062732,30.627306273062732,0
2026-0809-01-01-06-06,6,7,フォーチュンローズ,タビニュ,0.17172251450349924,0.1355053553437481,0.03621715915975113,1.2672747439972092,6,87.82287822878229,87.82287822878229,0
2026-0809-01-01-06-06,7,8,タビニュ,テイエムプレミラン,0.1355053553437481,0.12053650225967588,0.014968853084072226,1.1241852285693865,7,71.23713342396582,71.23713342396582,0
2026-0809-01-01-06-06,8,9,テイエムプレミラン,ブリックアブラック,0.12053650225967588,0.08329322250995902,0.03724327974971686,1.4471345762287422,8,88.13361817828704,88.13361817828704,0
2026-0809-01-01-06-06,9,10,ブリックアブラック,ダイナソーコー,0.08329322250995902,0.06671305170377294,0.01658017080618608,1.248529641243325,9,73.9366867352884,73.9366867352884,0
2026-0809-01-01-06-06,10,11,ダイナソーコー,マジックファイヤー,0.06671305170377294,0.041593509975331726,0.025119541728441212,1.6039293568477175,10,82.22955913769664,82.22955913769664,0
2026-0809-01-01-06-06,11,12,マジックファイヤー,ミカレオス,0.041593509975331726,0.038863893206795175,0.002729616768536551,1.0702352889354712,11,32.35579724218295,32.35579724218295,0
2026-0809-01-01-06-06,12,13,ミカレオス,エコロゼルダ,0.038863893206795175,0.03095713795476489,0.007906755252030283,1.2554097624781648,12,55.91376966401243,55.91376966401243,0
2026-0809-01-01-06-06,13,14,エコロゼルダ,ハバタクジユウニ,0.03095713795476489,0.016257926765253432,0.014699211189511459,1.9041258090131594,13,70.7321810060206,70.7321810060206,0
2026-0809-01-01-06-07,1,2,トリニタリオ,メイショウローゼ,0.294358104132301,0.16638614569318735,0.12797195843911366,1.7691262869631665,1,98.69877646144883,98.69877646144883,1
2026-0809-01-01-06-07,2,3,メイショウローゼ,デルマフジ,0.16638614569318735,0.14811932631220662,0.018266819380980737,1.1233250233833623,2,76.07302388813362,76.07302388813362,0
2026-0809-01-01-06-07,3,4,デルマフジ,メイショウハーブス,0.14811932631220662,0.08871114530332588,0.059408181008880734,1.6696811410308041,3,93.49388230724412,93.49388230724412,1
2026-0809-01-01-06-07,4,5,メイショウハーブス,ピースフルマインド,0.08871114530332588,0.07933973917101203,0.009371406132313853,1.1181174305616806,4,60.069916488638576,60.069916488638576,0
2026-0809-01-01-06-07,5,6,ピースフルマインド,フローレンスフーガ,0.07933973917101203,0.073683448370472,0.005656290800540031,1.0767647405981984,5,47.40726354631967,47.40726354631967,0
2026-0809-01-01-06-07,6,7,フローレンスフーガ,エイシンリーガル,0.073683448370472,0.06838511858070696,0.0052983297897650355,1.0774778182699505,6,45.91182753932802,45.91182753932802,0
2026-0809-01-01-06-07,7,8,エイシンリーガル,ミリオングローリー,0.06838511858070696,0.06339870081776834,0.004986417762938622,1.0786517341620525,7,44.532919013400665,44.532919013400665,0
2026-0809-01-01-06-07,8,9,ミリオングローリー,オートカリテ,0.06339870081776834,0.053122091393385855,0.010276609424382487,1.193452651332587,8,62.07030491357545,62.07030491357545,0
2026-0809-01-01-06-07,9,10,オートカリテ,グランフルス,0.053122091393385855,0.05082616895691642,0.002295922436469436,1.045172053758677,9,29.054185278694895,29.054185278694895,0
2026-0809-01-01-06-07,10,11,グランフルス,ショウナンアワード,0.05082616895691642,0.04027181295313333,0.010554356003783086,1.2620779952485826,10,62.827733540493305,62.827733540493305,0
2026-0809-01-01-06-07,11,12,ショウナンアワード,シークレットシティ,0.04027181295313333,0.028912804661946928,0.011359008291186405,1.392871200978173,11,64.92522819965042,64.92522819965042,0
2026-0809-01-01-06-07,12,13,シークレットシティ,ウインアトム,0.028912804661946928,0.02479409167635274,0.00411871298559419,1.166116711971441,12,39.94950475820548,39.94950475820548,0
2026-0809-01-01-06-07,13,14,ウインアトム,ウインブリザード,0.02479409167635274,0.024456976482926652,0.0003371151934260866,1.0137840093873185,13,13.439502816080791,13.439502816080791,0
2026-0809-01-01-06-07,14,15,ウインブリザード,ハートチャン,0.024456976482926652,0.016271729724932543,0.008185246757994109,1.5030348276650742,14,56.71004078461838,56.71004078461838,0
2026-0809-01-01-06-07,15,16,ハートチャン,レフィノス,0.016271729724932543,0.012954768311658135,0.003316961413274408,1.2560417394952126,15,35.657409205671,35.657409205671,0
2026-0809-01-01-06-08,1,2,サンデーパーティー,ローズマイスター,0.1805723980481819,0.1693269619976132,0.011245436050568686,1.0664125542554008,1,64.69217323752184,64.69217323752184,0
2026-0809-01-01-06-08,2,3,ローズマイスター,テイクオンミー,0.1693269619976132,0.15900944742365142,0.010317514573961795,1.0648861733760553,2,62.20625364148379,62.20625364148379,0
2026-0809-01-01-06-08,3,4,テイクオンミー,ポンピエ,0.15900944742365142,0.15465616730209622,0.0043532801215551975,1.0281481184843522,3,41.34783453097689,41.34783453097689,0
2026-0809-01-01-06-08,4,5,ポンピエ,メイショウコシュウ,0.15465616730209622,0.11653642607434707,0.03811974122774915,1.3271058029824065,4,88.54146436201205,88.54146436201205,0
2026-0809-01-01-06-08,5,6,メイショウコシュウ,ピエナオルカ,0.11653642607434707,0.0673337120721263,0.049202714002220774,1.7307292660401075,5,91.74597009127986,91.74597009127986,1
2026-0809-01-01-06-08,6,7,ピエナオルカ,タイキフィアリーベ,0.0673337120721263,0.06142280506357893,0.005910907008547364,1.0962331010840187,6,48.55311711011847,48.55311711011847,0
2026-0809-01-01-06-08,7,8,タイキフィアリーベ,ブリオメンテ,0.06142280506357893,0.041950715120656235,0.019472089942922696,1.4641658643224125,7,77.4130899203729,77.4130899203729,0
2026-0809-01-01-06-08,8,9,ブリオメンテ,ディアスポラ,0.041950715120656235,0.03657204694389236,0.0053786681767638775,1.147070471199374,8,46.28083122936493,46.28083122936493,0
2026-0809-01-01-06-08,9,10,ディアスポラ,ホウオウバローロ,0.03657204694389236,0.03298895693367052,0.0035830900102218344,1.1086148318489184,9,37.094581472130514,37.094581472130514,0
2026-0809-01-01-06-08,10,11,ホウオウバローロ,クラウンアールシー,0.03298895693367052,0.03236913659152613,0.0006198203421443893,1.0191484978412013,10,16.255583608467663,16.255583608467663,0
2026-0809-01-01-06-08,11,12,クラウンアールシー,ノリノドラゴン,0.03236913659152613,0.027085302577770334,0.0052838340137558,1.1950812252727938,11,45.834142551951835,45.834142551951835,0
2026-0809-01-01-06-08,12,13,ノリノドラゴン,ホノボノ,0.027085302577770334,0.02656155146160307,0.0005237511161672627,1.0197183932167664,12,14.934938823072441,14.934938823072441,0
2026-0809-01-01-06-08,13,14,ホノボノ,ファミーユウルーズ,0.02656155146160307,0.013564089079267297,0.012997462382335774,1.9582259675809994,13,68.38221013789085,68.38221013789085,0
2026-0809-01-01-06-09,1,2,ニシノサリーナ,ウィングブルー,0.29804518363976273,0.23726724010856667,0.06077794353119606,1.2561581763389915,1,93.68809477568459,93.68809477568459,1
2026-0809-01-01-06-09,2,3,ウィングブルー,ハーモニーソング,0.23726724010856667,0.2170019528957859,0.020265287212780786,1.0933875798920256,2,78.30646727519907,78.30646727519907,0
2026-0809-01-01-06-09,3,4,ハーモニーソング,ルージュベルベット,0.2170019528957859,0.1755579847628017,0.04144396813298418,1.2360699696398292,3,89.74558166634297,89.74558166634297,0
2026-0809-01-01-06-09,4,5,ルージュベルベット,ノアールビーナス,0.1755579847628017,0.10134327864781466,0.07421470611498705,1.7323100959945843,4,95.5331132258691,95.5331132258691,1
2026-0809-01-01-06-09,5,6,ノアールビーナス,コスモファーブロス,0.10134327864781466,0.06601472664615132,0.035328552001663335,1.5351616797722967,5,87.31792581083707,87.31792581083707,0
2026-0809-01-01-06-09,6,7,コスモファーブロス,ラプランセス,0.06601472664615132,0.0659603537570393,5.43728891120171e-05,1.000824326826874,6,10.351524567877258,10.351524567877258,0
2026-0809-01-01-06-09,7,8,ラプランセス,アイアムステキ,0.0659603537570393,0.057033793505753105,0.0089265602512862,1.156513528253837,7,59.11827539328025,59.11827539328025,0
2026-0809-01-01-06-09,8,9,アイアムステキ,アトリウムチャペル,0.057033793505753105,0.05194581735499731,0.005087976150755798,1.0979477542144462,8,45.03787143134589,45.03787143134589,0
2026-0809-01-01-06-09,9,10,アトリウムチャペル,メラヴィリオーザ,0.05194581735499731,0.03683822858130525,0.01510758877369206,1.4101062769711705,9,71.45076713925033,71.45076713925033,0
2026-0809-01-01-06-09,10,11,メラヴィリオーザ,トレヴィ,0.03683822858130525,0.03680743941143465,3.078916987060004e-05,1.0008364931210356,10,10.099048358904641,10.099048358904641,0
2026-0809-01-01-06-09,11,12,トレヴィ,キタノクニカラ,0.03680743941143465,0.03649737793493226,0.0003100614765023865,1.00849544526336,11,13.264711594484366,13.264711594484366,0
2026-0809-01-01-06-09,12,13,キタノクニカラ,サトノカスターニャ,0.03649737793493226,0.03272950153993191,0.0037678763950003483,1.115121716424655,12,38.04622256748883,38.04622256748883,0
2026-0809-01-01-06-09,13,14,サトノカスターニャ,マロンカラノテガミ,0.03272950153993191,0.032538674484154026,0.00019082705577788683,1.0058646229080666,13,12.021751796465333,12.021751796465333,0
2026-0809-01-01-06-09,14,15,マロンカラノテガミ,スプリングデイ,0.032538674484154026,0.027127641504067285,0.005411032980086741,1.1994656623310014,14,46.37793746358516,46.37793746358516,0
2026-0809-01-01-06-09,15,16,スプリングデイ,アルマロクザン,0.027127641504067285,0.019023436730203295,0.00810420477386399,1.42601160288756,15,56.515828316177895,56.515828316177895,0
2026-0809-01-01-06-10,1,2,ベラジオワールド,タガノエルー,0.2372531989652474,0.21999078002504766,0.017262418940199753,1.0784688291856335,1,74.90774907749078,74.90774907749078,0
2026-0809-01-01-06-10,2,3,タガノエルー,プライベートアイズ,0.21999078002504766,0.16660111273620007,0.053389667288847587,1.3204640498013118,2,92.60050495241795,92.60050495241795,1
2026-0809-01-01-06-10,3,4,プライベートアイズ,テイエムゴッホ,0.16660111273620007,0.10594540943252767,0.0606557033036724,1.5725184661474318,3,93.64925228199651,93.64925228199651,1
2026-0809-01-01-06-10,4,5,テイエムゴッホ,マーゴットサンズ,0.10594540943252767,0.08913763931575108,0.016807770116776588,1.188559740260101,4,74.22800543794912,74.22800543794912,0
2026-0809-01-01-06-10,5,6,マーゴットサンズ,リメンバーヒム,0.08913763931575108,0.056157891228622796,0.03297974808712829,1.587268278163533,5,86.42454845601087,86.42454845601087,0
2026-0809-01-01-06-10,6,7,リメンバーヒム,ストラーダ,0.056157891228622796,0.054597820475032775,0.0015600707535900205,1.0285738650374043,6,23.247232472324722,23.247232472324722,0
2026-0809-01-01-06-10,7,8,ストラーダ,マーウォルス,0.054597820475032775,0.05348792501367377,0.0011098954613590062,1.0207503929358872,7,20.198096717809282,20.198096717809282,0
2026-0809-01-01-06-10,8,9,マーウォルス,ウインハルモニア,0.05348792501367377,0.04643694405664409,0.007050980957029676,1.151839900326534,8,52.98116139056127,52.98116139056127,0
2026-0809-01-01-06-10,9,10,ウインハルモニア,チザルピーノ,0.04643694405664409,0.038340750486196444,0.008096193570447649,1.2111641913050832,9,56.496407069333856,56.496407069333856,0
2026-0809-01-01-06-10,10,11,チザルピーノ,テルアスワッド,0.038340750486196444,0.036523057711519626,0.0018176927746768184,1.0497683624693752,10,25.344727131481843,25.344727131481843,0
2026-0809-01-01-06-10,11,12,テルアスワッド,ネクストダンサー,0.036523057711519626,0.029647531025819497,0.0068755266857001285,1.2319089127425942,11,52.398523985239855,52.398523985239855,0
2026-0809-01-01-06-10,12,13,ネクストダンサー,レディゴディヴァ,0.029647531025819497,0.020596962973283783,0.009050568052535714,1.4394127456691144,12,59.42901534278501,59.42901534278501,0
2026-0809-01-01-06-10,13,14,レディゴディヴァ,フォーワンセルフ,0.020596962973283783,0.007113903835118399,0.013483059138165384,2.895310851912996,13,69.19790250534085,69.19790250534085,0
2026-0809-01-01-06-11,1,2,ブラックチャリス,マーブルパレス,0.24830551614368,0.19149566341817176,0.05680985272550823,1.2966639124430288,1,93.14429986405128,93.14429986405128,1
2026-0809-01-01-06-11,2,3,マーブルパレス,ナムラクララ,0.19149566341817176,0.09774170381941291,0.09375395959875885,1.95920120005252,2,97.12565546708099,97.12565546708099,1
2026-0809-01-01-06-11,3,4,ナムラクララ,ダノンマッキンリー,0.09774170381941291,0.08198586748000454,0.01575583633940837,1.1921774669671092,3,72.55777820936105,72.55777820936105,0
2026-0809-01-01-06-11,4,5,ダノンマッキンリー,ルシード,0.08198586748000454,0.07775768967501856,0.00422817780498598,1.0543763301437745,4,40.64866964459119,40.64866964459119,0
2026-0809-01-01-06-11,5,6,ルシード,アスティスプマンテ,0.07775768967501856,0.07022014338086562,0.007537546294152944,1.107341653423722,5,54.74849485336959,54.74849485336959,0
2026-0809-01-01-06-11,6,7,アスティスプマンテ,モズナナスター,0.07022014338086562,0.055696914510281595,0.01452322887058402,1.260754639611195,6,70.6156535249563,70.6156535249563,0
2026-0809-01-01-06-11,7,8,モズナナスター,カンティーユ,0.055696914510281595,0.04824510027004657,0.007451814240235027,1.154457430879495,7,54.49601864439697,54.49601864439697,0
2026-0809-01-01-06-11,8,9,カンティーユ,ジョーメッドヴィン,0.04824510027004657,0.04682804400066671,0.0014170562693798586,1.0302608468839674,8,22.548067585939016,22.548067585939016,0
2026-0809-01-01-06-11,9,10,ジョーメッドヴィン,ロードフォアエース,0.04682804400066671,0.04180823528525518,0.005019808715411529,1.1200674623351514,9,44.727131481841134,44.727131481841134,0
2026-0809-01-01-06-11,10,11,ロードフォアエース,クファシル,0.04180823528525518,0.03453804833344466,0.007270186951810517,1.210497908903859,10,53.97164497960769,53.97164497960769,0
2026-0809-01-01-06-11,11,12,クファシル,サウザンサニー,0.03453804833344466,0.032285435605292144,0.0022526127281525185,1.0697717929437902,11,28.76286657603418,28.76286657603418,0
2026-0809-01-01-06-11,12,13,サウザンサニー,シンバーシア,0.032285435605292144,0.03116273704108479,0.0011226985642073528,1.0360269562563518,12,20.29520295202952,20.29520295202952,0
2026-0809-01-01-06-11,13,14,シンバーシア,ウインアイオライト,0.03116273704108479,0.02870153457636964,0.002461202464715151,1.0857515983393269,13,30.394251310934163,30.394251310934163,0
2026-0809-01-01-06-11,14,15,ウインアイオライト,ステークホルダー,0.02870153457636964,0.0203344852252908,0.008367049351078841,1.4114709203787668,14,57.44804816469218,57.44804816469218,0
2026-0809-01-01-06-11,15,16,ステークホルダー,ダンツエラン,0.0203344852252908,0.01941521834110789,0.0009192668841829094,1.047347748968475,15,18.683239463973585,18.683239463973585,0
2026-0809-01-01-06-12,1,2,グレーヌドジョワ,ロングミックス,0.2287162367708243,0.21274081966579828,0.015975417105026035,1.0750933324884353,1,72.88793940570984,72.88793940570984,0
2026-0809-01-01-06-12,2,3,ロングミックス,グランセゾン,0.21274081966579828,0.20944718697292247,0.003293632692875803,1.0157253613212844,2,35.579724218294814,35.579724218294814,0
2026-0809-01-01-06-12,3,4,グランセゾン,マイネルシンベリン,0.20944718697292247,0.20260273817814498,0.006844448794777497,1.0337826075615981,3,52.28199650417557,52.28199650417557,0
2026-0809-01-01-06-12,4,5,マイネルシンベリン,ヴァロアーク,0.20260273817814498,0.17189634129963538,0.030706396878509595,1.17863321956914,4,85.47290736065256,85.47290736065256,0
2026-0809-01-01-06-12,5,6,ヴァロアーク,ディーリライズ,0.17189634129963538,0.13350782349122559,0.038388517808409794,1.2875375899670236,5,88.61914934938822,88.61914934938822,0
2026-0809-01-01-06-12,6,7,ディーリライズ,ゴーゴータカシ,0.13350782349122559,0.05507784090966184,0.07842998258156375,2.4239843335580975,6,95.9798019032822,95.9798019032822,1
2026-0809-01-01-06-12,7,8,ゴーゴータカシ,ドーギッド,0.05507784090966184,0.034695332032065394,0.020382508877596447,1.5874712154003585,7,78.4424160031074,78.4424160031074,0
2026-0809-04-02-06-01,1,2,アオイノリプー,スーパーユタカ,0.18183743619580517,0.12873633989186653,0.05310109630393864,1.412479462664089,1,92.56166245872986,92.56166245872986,1
2026-0809-04-02-06-01,2,3,スーパーユタカ,エクスマキナ,0.12873633989186653,0.1280255080184086,0.00071083187345794,1.0055522675477744,2,16.974169741697416,16.974169741697416,0
2026-0809-04-02-06-01,3,4,エクスマキナ,シアルナーレ,0.1280255080184086,0.05602816349434566,0.07199734452406292,2.2850206045273795,3,95.10584579530006,95.10584579530006,1
2026-0809-04-02-06-01,4,5,シアルナーレ,ウィモウェ,0.05602816349434566,0.05290851094643773,0.003119652547907928,1.0589631515252078,4,34.35618566711983,34.35618566711983,0
2026-0809-04-02-06-01,5,6,ウィモウェ,ラガリーガ,0.05290851094643773,0.04831496236746143,0.0045935485789763,1.0950750731013692,5,42.66847931637211,42.66847931637211,0
2026-0809-04-02-06-01,6,7,ラガリーガ,マイホームパパ,0.04831496236746143,0.04601507419670279,0.0022998881707586433,1.0499811900971234,6,29.073606525538942,29.073606525538942,0
2026-0809-04-02-06-01,7,8,マイホームパパ,エイシンウルクンデ,0.04601507419670279,0.04380909623506569,0.002205977961637101,1.0503543362273562,7,28.33559914546514,28.33559914546514,0
2026-0809-04-02-06-01,8,9,エイシンウルクンデ,ツーハーツ,0.04380909623506569,0.03891653822145716,0.004892558013608529,1.1257192504062694,8,44.18333657020781,44.18333657020781,0
2026-0809-04-02-06-01,9,10,ツーハーツ,セイウンオオゾラ,0.03891653822145716,0.03649244294807651,0.0024240952733806456,1.066427322413843,9,30.06409011458536,30.06409011458536,0
2026-0809-04-02-06-01,10,11,セイウンオオゾラ,マハロハ,0.03649244294807651,0.032100366515847086,0.0043920764322294276,1.1368232487333494,10,41.46436201204117,41.46436201204117,0
2026-0809-04-02-06-01,11,12,マハロハ,モンサンアミュザン,0.032100366515847086,0.02808776953388619,0.004012596981960895,1.1428592247996032,11,39.36686735288406,39.36686735288406,0
2026-0809-04-02-06-01,12,13,モンサンアミュザン,コスモフラムオット,0.02808776953388619,0.026373536252510068,0.0017142332813761228,1.0649982340238113,12,24.587298504563993,24.587298504563993,0
2026-0809-04-02-06-01,13,14,コスモフラムオット,セレスタイト,0.026373536252510068,0.023170738810819033,0.0032027974416910347,1.138225952475696,13,34.89998057875315,34.89998057875315,0
2026-0809-04-02-06-01,14,15,セレスタイト,マスターボリューム,0.023170738810819033,0.022637943727342992,0.0005327950834760412,1.0235354893489073,14,15.070887550980771,15.070887550980771,0
2026-0809-04-02-06-01,15,16,マスターボリューム,コスモモノポリー,0.022637943727342992,0.010480338621957068,0.012157605105385924,2.1600393407055436,15,66.80908914352301,66.80908914352301,0
2026-0809-04-02-06-02,1,2,クリガーレ,アーバンアート,0.08760495607052089,0.08760495607052089,0.0,1.0,1,9.671780928335599,9.671780928335599,0
2026-0809-04-02-06-02,2,3,アーバンアート,ルブラッシュノモー,0.08760495607052089,0.08760495607052089,0.0,1.0,2,9.671780928335599,9.671780928335599,0
2026-0809-04-02-06-02,3,4,ルブラッシュノモー,ワイズジュエル,0.08760495607052089,0.08760495607052089,0.0,1.0,3,9.671780928335599,9.671780928335599,0
2026-0809-04-02-06-02,4,5,ワイズジュエル,エスシークザン,0.08760495607052089,0.08760495607052089,0.0,1.0,4,9.671780928335599,9.671780928335599,0
2026-0809-04-02-06-02,5,6,エスシークザン,イスクメル,0.08760495607052089,0.08760495607052089,0.0,1.0,5,9.671780928335599,9.671780928335599,0
2026-0809-04-02-06-02,6,7,イスクメル,メジェグレイス,0.08760495607052089,0.08760495607052089,0.0,1.0,6,9.671780928335599,9.671780928335599,0
2026-0809-04-02-06-02,7,8,メジェグレイス,ゴータマ,0.08760495607052089,0.08760495607052089,0.0,1.0,7,9.671780928335599,9.671780928335599,0
2026-0809-04-02-06-02,8,9,ゴータマ,キンバリー,0.08760495607052089,0.08760495607052089,0.0,1.0,8,9.671780928335599,9.671780928335599,0
2026-0809-04-02-06-02,9,10,キンバリー,シジマ,0.08760495607052089,0.08760495607052089,0.0,1.0,9,9.671780928335599,9.671780928335599,0
2026-0809-04-02-06-02,10,11,シジマ,ドッカイッチャッテ,0.08760495607052089,0.08760495607052089,0.0,1.0,10,9.671780928335599,9.671780928335599,0
2026-0809-04-02-06-03,1,2,ハングローズ,エコロセレナ,0.2506161198802605,0.1389305406693694,0.11168557921089109,1.8038950879539395,1,98.17440279665955,98.17440279665955,1
2026-0809-04-02-06-03,2,3,エコロセレナ,ローズオブジャパン,0.1389305406693694,0.12863547035777986,0.01029507031158955,1.0800329044777104,2,62.10914740726354,62.10914740726354,0
2026-0809-04-02-06-03,3,4,ローズオブジャパン,セントリアン,0.12863547035777986,0.06977757974981373,0.05885789060796613,1.8435071955633895,3,93.45503981355603,93.45503981355603,1
2026-0809-04-02-06-03,4,5,セントリアン,テリオスレイ,0.06977757974981373,0.0638279878205415,0.005949591929272233,1.09321290130593,4,48.591959603806565,48.591959603806565,0
2026-0809-04-02-06-03,5,6,テリオスレイ,クツワエターナル,0.0638279878205415,0.049203650653634634,0.014624337166906864,1.2972205714948628,5,70.69333851233249,70.69333851233249,0
2026-0809-04-02-06-03,6,7,クツワエターナル,ビューティドリーム,0.049203650653634634,0.049203650653634634,0.0,1.0,6,9.671780928335599,9.671780928335599,0
2026-0809-04-02-06-03,7,8,ビューティドリーム,ロジザボード,0.049203650653634634,0.04316772876968063,0.006035921883954007,1.139824865842685,7,48.883278306467275,48.883278306467275,0
2026-0809-04-02-06-03,8,9,ロジザボード,ヨルヴィック,0.04316772876968063,0.038893878404773825,0.004273850364906802,1.10988491094738,8,40.97883084093999,40.97883084093999,0
2026-0809-04-02-06-03,9,10,ヨルヴィック,プティシラー,0.038893878404773825,0.033918648956655265,0.004975229448118561,1.1466812388216412,9,44.494076519712564,44.494076519712564,0
2026-0809-04-02-06-03,10,11,プティシラー,グランキンバリー,0.033918648956655265,0.028017473293806557,0.005901175662848708,1.2106248340443033,10,48.533695863274424,48.533695863274424,0
2026-0809-04-02-06-03,11,12,グランキンバリー,アルペンローゼ,0.028017473293806557,0.02009382311192049,0.007923650181886066,1.3943326333546466,11,55.991454651388615,55.991454651388615,0
2026-0809-04-02-06-03,12,13,アルペンローゼ,キョウエイハル,0.02009382311192049,0.019487552978025912,0.0006062701338945785,1.0311106342893952,12,16.061371140027187,16.061371140027187,0
2026-0809-04-02-06-03,13,14,キョウエイハル,エトワールフィーユ,0.019487552978025912,0.012327569028603996,0.007159983949421916,1.5808106961565909,13,53.5637987958827,53.5637987958827,0
2026-0809-04-02-06-03,14,15,エトワールフィーユ,カウガールハット,0.012327569028603996,0.009600666178754099,0.002726902849849897,1.2840326701374565,14,32.31695474849485,32.31695474849485,0
2026-0809-04-02-06-04,1,2,クリムゾンリーフ,モンスターラッシュ,0.2531738345088865,0.22659005685695272,0.02658377765193376,1.117321024676366,1,83.1617789862109,83.1617789862109,0
2026-0809-04-02-06-04,2,3,モンスターラッシュ,カシマライフウ,0.22659005685695272,0.16476451131774136,0.06182554553921135,1.3752358141006678,2,93.88230724412507,93.88230724412507,1
2026-0809-04-02-06-04,3,4,カシマライフウ,アデルフィー,0.16476451131774136,0.09416466716277577,0.07059984415496559,1.7497487782006882,3,94.91163332685957,94.91163332685957,1
2026-0809-04-02-06-04,4,5,アデルフィー,ユイノスレチガイ,0.09416466716277577,0.04319338766114377,0.050971279501632,2.1800713549376245,4,92.13439502816081,92.13439502816081,1
2026-0809-04-02-06-04,5,6,ユイノスレチガイ,キセログラフィカ,0.04319338766114377,0.03605970918719349,0.007133678473950279,1.1978296174524832,5,53.466692561662455,53.466692561662455,0
2026-0809-04-02-06-04,6,7,キセログラフィカ,ラスタリア,0.03605970918719349,0.023435007597141108,0.012624701590052384,1.5387112224189123,6,67.78015148572538,67.78015148572538,0
2026-0809-04-02-06-04,7,8,ラスタリア,レッドリアライズ,0.023435007597141108,0.020519334117262804,0.0029156734798783043,1.1420939618808275,7,33.288017090697224,33.288017090697224,0
2026-0809-04-02-06-04,8,9,レッドリアライズ,クィーンズウィンク,0.020519334117262804,0.0176553535257546,0.002863980591508202,1.1622159866314994,8,32.89959215381628,32.89959215381628,0
2026-0809-04-02-06-04,9,10,クィーンズウィンク,カノープス,0.0176553535257546,0.015467499520888833,0.0021878540048657687,1.1414484611369198,9,28.18022917071276,28.18022917071276,0
2026-0809-04-02-06-04,10,11,カノープス,オセアビシャイン,0.015467499520888833,0.015184655853007349,0.00028284366788148413,1.0186269396303418,10,12.992814138667702,12.992814138667702,0
2026-0809-04-02-06-04,11,12,オセアビシャイン,ヌビアン,0.015184655853007349,0.011032319997035174,0.004152335855972175,1.376379207373252,11,40.201980967178095,40.201980967178095,0
2026-0809-04-02-06-04,12,13,ヌビアン,ハリコミチュウ,0.011032319997035174,0.010759053631179861,0.0002732663658553125,1.0253987362850747,12,12.798601670227228,12.798601670227228,0
2026-0809-04-02-06-04,13,14,ハリコミチュウ,ジュングロワール,0.010759053631179861,0.010148764806826274,0.0006102888243535876,1.0601342957463251,13,16.13905612740338,16.13905612740338,0
2026-0809-04-02-06-04,14,15,ジュングロワール,ダゴベルト,0.010148764806826274,0.008466650448140588,0.0016821143586856855,1.1986753048314525,14,24.21829481452709,24.21829481452709,0
2026-0809-04-02-06-05,1,2,シュヴァルツシルト,ベルゼビュート,0.2859963995167852,0.27776580925042327,0.008230590266361915,1.0296314016781725,1,56.90425325305885,56.90425325305885,0
2026-0809-04-02-06-05,2,3,ベルゼビュート,ゼファーテソーロ,0.27776580925042327,0.21616305903652303,0.06160275021390024,1.2849827833140157,2,93.82404350359293,93.82404350359293,1
2026-0809-04-02-06-05,3,4,ゼファーテソーロ,アンバサダネージュ,0.21616305903652303,0.21290190970897513,0.0032611493275478964,1.0153176142572216,3,35.3272480093222,35.3272480093222,0
2026-0809-04-02-06-05,4,5,アンバサダネージュ,サトノエスケープ,0.21290190970897513,0.09061990166957196,0.12228200803940317,2.349394622886273,4,98.56282773354049,98.56282773354049,1
2026-0809-04-02-06-05,5,6,サトノエスケープ,タイセイブルーム,0.09061990166957196,0.07399290690094588,0.01662699476862607,1.2247106576159332,5,74.03379296950864,74.03379296950864,0
2026-0809-04-02-06-05,6,7,タイセイブルーム,エコロバロン,0.07399290690094588,0.06967581915409579,0.004317087746850093,1.061959626729359,6,41.13420081569237,41.13420081569237,0
2026-0809-04-02-06-05,7,8,エコロバロン,ベアアッコチャン,0.06967581915409579,0.0644048839813937,0.005270935172702093,1.0818406128054643,7,45.79530005826374,45.79530005826374,0
2026-0809-04-02-06-05,8,9,ベアアッコチャン,マジンタクシー,0.0644048839813937,0.05589416466794974,0.008510719313443958,1.152264898563268,8,57.93357933579336,57.93357933579336,0
2026-0809-04-02-06-05,9,10,マジンタクシー,スリーコーズ,0.05589416466794974,0.05339162511775956,0.002502539550190183,1.046871387500767,9,30.68557001359487,30.68557001359487,0
2026-0809-04-02-06-05,10,11,スリーコーズ,プルシャプラ,0.05339162511775956,0.042149128480249355,0.011242496637510202,1.2667314139787806,10,64.6727519906778,64.6727519906778,0
2026-0809-04-02-06-05,11,12,プルシャプラ,ブリングライト,0.042149128480249355,0.041523332446379374,0.0006257960338699811,1.0150709491989376,11,16.333268595843855,16.333268595843855,0
2026-0809-04-02-06-05,12,13,ブリングライト,ペッパーミル,0.041523332446379374,0.0319742168989052,0.009549115547474174,1.2986504901016398,12,60.69139638764809,60.69139638764809,0
2026-0809-04-02-06-05,13,14,ペッパーミル,トキメキジニア,0.0319742168989052,0.010590115306972379,0.02138410159193282,3.019251063097853,13,79.33579335793358,79.33579335793358,0
2026-0809-04-02-06-05,14,15,トキメキジニア,ソリッドベーシス,0.010590115306972379,0.009410763035838694,0.0011793522711336848,1.125319516243518,14,20.838997863662847,20.838997863662847,0
2026-0809-04-02-06-06,1,2,ライヒスアドラー,カニキュル,0.29851204003041315,0.21021013107682782,0.08830190895358533,1.4200649535835772,1,96.81491551757622,96.81491551757622,1
2026-0809-04-02-06-06,2,3,カニキュル,テンミラクルスター,0.21021013107682782,0.1811190925987358,0.029091038478092024,1.1606182874521263,2,84.57953000582637,84.57953000582637,0
2026-0809-04-02-06-06,3,4,テンミラクルスター,マカナ,0.1811190925987358,0.1467447096167438,0.034374382981992,1.234246148101477,3,86.91007962711205,86.91007962711205,0
2026-0809-04-02-06-06,4,5,マカナ,デルアヴァー,0.1467447096167438,0.11053700847095214,0.03620770114579165,1.327561797145131,4,87.78403573509419,87.78403573509419,0
2026-0809-04-02-06-06,5,6,デルアヴァー,コルレオニス,0.11053700847095214,0.10514795822645605,0.005389050244496096,1.0512520674237893,5,46.300252476208975,46.300252476208975,0
2026-0809-04-02-06-06,6,7,コルレオニス,ガジュノリ,0.10514795822645605,0.07396411330033244,0.03118384492612361,1.4216077707779868,6,85.68654107593707,85.68654107593707,0
2026-0809-04-02-06-06,7,8,ガジュノリ,エラン,0.07396411330033244,0.05783276919931002,0.01613134410102242,1.278930860900482,7,73.10157312099437,73.10157312099437,0
2026-0809-04-02-06-06,8,9,エラン,ハギノアルデバラン,0.05783276919931002,0.04690422131410946,0.010928547885200562,1.2329971072755683,8,63.837638376383765,63.837638376383765,0
2026-0809-04-02-06-06,9,10,ハギノアルデバラン,モズロックンロール,0.04690422131410946,0.031075646644223586,0.01582857466988587,1.5093562444927633,9,72.71314818411342,72.71314818411342,0
2026-0809-04-02-06-06,10,11,モズロックンロール,エスコバル,0.031075646644223586,0.029138991632462207,0.001936655011761379,1.0664626640547112,10,26.296368226840162,26.296368226840162,0
2026-0809-04-02-06-06,11,12,エスコバル,サトノヴィレ,0.029138991632462207,0.023788749006021154,0.005350242626441053,1.224906430560382,11,46.1060400077685,46.1060400077685,0
2026-0809-04-02-06-06,12,13,サトノヴィレ,クリニクラウン,0.023788749006021154,0.02139145558988607,0.002397293416135083,1.1120678023083446,12,29.90872013983298,29.90872013983298,0
2026-0809-04-02-06-07,1,2,メルカントゥール,マクリール,0.25808566848330017,0.20750159144495572,0.050584077038344444,1.2437768148480102,1,92.03728879394058,92.03728879394058,1
2026-0809-04-02-06-07,2,3,マクリール,ドンエレクトス,0.20750159144495572,0.13926128777398633,0.0682403036709694,1.4900163194075857,2,94.54262963682268,94.54262963682268,1
2026-0809-04-02-06-07,3,4,ドンエレクトス,パイロマンサー,0.13926128777398633,0.116436188094899,0.02282509967908733,1.1960309767310846,3,80.53991066226452,80.53991066226452,0
2026-0809-04-02-06-07,4,5,パイロマンサー,ショウナンバンライ,0.116436188094899,0.10536576070558414,0.011070427389314866,1.105066648930179,4,64.28432705379686,64.28432705379686,0
2026-0809-04-02-06-07,5,6,ショウナンバンライ,タガノアバンドーネ,0.10536576070558414,0.09411904871539731,0.011246711990186828,1.1194945353112875,5,64.7115944843659,64.7115944843659,0
2026-0809-04-02-06-07,6,7,タガノアバンドーネ,チェリヴェント,0.09411904871539731,0.08645290869071834,0.007666140024678969,1.0886741711849657,6,55.05923480287434,55.05923480287434,0
2026-0809-04-02-06-07,7,8,チェリヴェント,テンカムテキ,0.08645290869071834,0.06890012325541067,0.017552785435307666,1.254756952614439,7,75.31559526121578,75.31559526121578,0
2026-0809-04-02-06-07,8,9,テンカムテキ,ファイアマン,0.06890012325541067,0.059462533664797056,0.009437589590613617,1.1587148916965986,8,60.38065643814333,60.38065643814333,0
2026-0809-04-02-06-07,9,10,ファイアマン,ヒシアムルーズ,0.059462533664797056,0.05524447584554587,0.004218057819251185,1.0763525719936986,9,40.62924839774713,40.62924839774713,0
2026-0809-04-02-06-07,10,11,ヒシアムルーズ,オオツカ,0.05524447584554587,0.05179473454058175,0.0034497413049641226,1.0666040927820801,10,36.37599533890076,36.37599533890076,0
2026-0809-04-02-06-07,11,12,オオツカ,パラダイスフェイス,0.05179473454058175,0.051270525695440626,0.000524208845141122,1.0102243703966496,11,14.973781316760537,14.973781316760537,0
2026-0809-04-02-06-08,1,2,ハニーローリエ,カレンデュラ,0.2657432289126989,0.16276037242898964,0.10298285648370928,1.6327268422087167,1,97.80539910662264,97.80539910662264,1
2026-0809-04-02-06-08,2,3,カレンデュラ,ロードトレゾール,0.16276037242898964,0.0970161864232848,0.06574418600570484,1.6776620317650994,2,94.3872596620703,94.3872596620703,1
2026-0809-04-02-06-08,3,4,ロードトレゾール,ラヴェンデル,0.0970161864232848,0.049903929877131034,0.047112256546153766,1.944059048298387,3,91.33812390755487,91.33812390755487,1
2026-0809-04-02-06-08,4,5,ラヴェンデル,ラトルシェ,0.049903929877131034,0.047724991325825375,0.002178938551305659,1.0456561329981127,4,28.10254418333657,28.10254418333657,0
2026-0809-04-02-06-08,5,6,ラトルシェ,キントラダンサー,0.047724991325825375,0.045414321465013174,0.0023106698608122006,1.0508797618520476,5,29.190134006603223,29.190134006603223,0
2026-0809-04-02-06-08,6,7,キントラダンサー,レジーナローズ,0.045414321465013174,0.040694797187459254,0.00471952427755392,1.1159736527451798,6,43.212274228005434,43.212274228005434,0
2026-0809-04-02-06-08,7,8,レジーナローズ,ペイシャヴァルツー,0.040694797187459254,0.0321356952719826,0.008559101915476652,1.2663425154811845,7,58.224898038454064,58.224898038454064,0
2026-0809-04-02-06-08,8,9,ペイシャヴァルツー,メッエフアパラ,0.0321356952719826,0.029415286513211795,0.002720408758770807,1.0924828237708628,8,32.25869100796271,32.25869100796271,0
2026-0809-04-02-06-08,9,10,メッエフアパラ,クォーツァイト,0.029415286513211795,0.027320701410156193,0.0020945851030556017,1.0766665932770292,9,27.558749271703242,27.558749271703242,0
2026-0809-04-02-06-08,10,11,クォーツァイト,ラブディーヴァ,0.027320701410156193,0.026485746715878927,0.0008349546942772665,1.0315246801698321,10,18.081180811808117,18.081180811808117,0
2026-0809-04-02-06-08,11,12,ラブディーヴァ,クールベイビー,0.026485746715878927,0.026030984554397982,0.0004547621614809441,1.017470033088092,11,14.507671392503399,14.507671392503399,0
2026-0809-04-02-06-08,12,13,クールベイビー,サトノアルペジオ,0.026030984554397982,0.02485524010561803,0.0011757444487799536,1.0473036850090296,12,20.74189162944261,20.74189162944261,0
2026-0809-04-02-06-08,13,14,サトノアルペジオ,ミスエル,0.02485524010561803,0.02150414938560354,0.00335109072001449,1.1558346094013816,13,35.89046416779957,35.89046416779957,0
2026-0809-04-02-06-08,14,15,ミスエル,スペルキャスター,0.02150414938560354,0.015654062477396882,0.005850086908206657,1.3737104612079885,14,48.125849679549425,48.125849679549425,0
2026-0809-04-02-06-08,15,16,スペルキャスター,リュウノタブーク,0.015654062477396882,0.015301836278835383,0.00035222619856149946,1.0230185575210133,15,13.575451543989125,13.575451543989125,0
2026-0809-04-02-06-08,16,17,リュウノタブーク,ゼンダンタカ,0.015301836278835383,0.011086998719072576,0.004214837559762806,1.38016037221256,16,40.60982715090309,40.60982715090309,0
2026-0809-04-02-06-09,1,2,ピコテンダー,キョウエイカンフ,0.2393185333890594,0.0882638769413645,0.1510546564476949,2.7113983849592693,1,99.37852010099049,99.37852010099049,1
2026-0809-04-02-06-09,2,3,キョウエイカンフ,フィーチャリング,0.0882638769413645,0.07331627246150306,0.014947604479861445,1.2038784021338529,2,71.19829093027772,71.19829093027772,0
2026-0809-04-02-06-09,3,4,フィーチャリング,ハッピーウィズユー,0.07331627246150306,0.06651614612823625,0.006800126333266807,1.1022327168527903,3,52.0877840357351,52.0877840357351,0
2026-0809-04-02-06-09,4,5,ハッピーウィズユー,シャンハイナイト,0.06651614612823625,0.05136649462492698,0.015149651503309276,1.294932555042553,4,71.56729462031463,71.56729462031463,0
2026-0809-04-02-06-09,5,6,シャンハイナイト,ダノンモンテローザ,0.05136649462492698,0.04858462164996197,0.0027818729749650092,1.057258302740476,5,32.569430957467475,32.569430957467475,0
2026-0809-04-02-06-09,6,7,ダノンモンテローザ,レッドセニョール,0.04858462164996197,0.048205904851495236,0.0003787167984667314,1.0078562325431588,6,13.808506506117693,13.808506506117693,0
2026-0809-04-02-06-09,7,8,レッドセニョール,アルジェンタージョ,0.048205904851495236,0.04642371542046841,0.0017821894310268288,1.0383896337224456,7,25.072829675665176,25.072829675665176,0
2026-0809-04-02-06-09,8,9,アルジェンタージョ,マーゴットゲイン,0.04642371542046841,0.04122661697371977,0.005197098446748635,1.1260617248818054,8,45.542823849291125,45.542823849291125,0
2026-0809-04-02-06-09,9,10,マーゴットゲイン,フォンメイリー,0.04122661697371977,0.03078784780889306,0.010438769164826712,1.3390548514343206,9,62.497572344144494,62.497572344144494,0
2026-0809-04-02-06-09,10,11,フォンメイリー,プレアデスグループ,0.03078784780889306,0.027884088368297272,0.002903759440595788,1.1041367894923617,10,33.19091085647698,33.19091085647698,0
2026-0809-04-02-06-09,11,12,プレアデスグループ,アスタールフナ,0.027884088368297272,0.027056912042035728,0.0008271763262615445,1.0305717195286896,11,17.98407457758788,17.98407457758788,0
2026-0809-04-02-06-09,12,13,アスタールフナ,ダズリングダンス,0.027056912042035728,0.015084565110567476,0.011972346931468252,1.7936819420190666,12,66.24587298504564,66.24587298504564,0
2026-0809-04-02-06-09,13,14,ダズリングダンス,タイセイピューマ,0.015084565110567476,0.01373173161495947,0.0013528334956080072,1.0985187836131474,13,22.120800155369974,22.120800155369974,0
2026-0809-04-02-06-09,14,15,タイセイピューマ,シュバルツガイスト,0.01373173161495947,0.00663667867645481,0.0070950529385046595,2.0690668155558054,14,53.214216352689846,53.214216352689846,0
2026-0809-04-02-06-10,1,2,ウップヘリーア,モートンアイランド,0.4676813841456629,0.3249289076437156,0.14275247650194728,1.4393344917728135,1,99.28141386677025,99.28141386677025,1
2026-0809-04-02-06-10,2,3,モートンアイランド,ミッドセンチュリー,0.3249289076437156,0.18741412893571352,0.1375147787080021,1.7337481943806499,2,99.10662264517383,99.10662264517383,1
2026-0809-04-02-06-10,3,4,ミッドセンチュリー,オプレントジュエル,0.18741412893571352,0.10923946865675342,0.0781746602789601,1.715626515216734,3,95.9409594095941,95.9409594095941,1
2026-0809-04-02-06-10,4,5,オプレントジュエル,イスキオス,0.10923946865675342,0.08498087165132022,0.024258597005433202,1.2854594985206453,4,81.58865799184308,81.58865799184308,0
2026-0809-04-02-06-10,5,6,イスキオス,テイキットイージー,0.08498087165132022,0.06948635692263716,0.01549451472868306,1.2229864309325342,5,72.11108953194795,72.11108953194795,0
2026-0809-04-02-06-10,6,7,テイキットイージー,トラストモアリズム,0.06948635692263716,0.023397306870942786,0.04608905005169438,2.9698442348906644,6,91.02738395805011,91.02738395805011,1
2026-0809-04-02-06-11,1,2,バンオンタイム,ベルランコントル,0.2473954067757751,0.2061505559477856,0.04124485082798948,1.200071499387254,1,89.66789667896678,89.66789667896678,0
2026-0809-04-02-06-11,2,3,ベルランコントル,ワイズファミリア,0.2061505559477856,0.14259004713316442,0.06356050881462119,1.4457569801857364,2,94.15420469994173,94.15420469994173,1
2026-0809-04-02-06-11,3,4,ワイズファミリア,ルシアージュ,0.14259004713316442,0.096080761203363,0.04650928592980143,1.4840645031044313,3,91.20217517964655,91.20217517964655,1
2026-0809-04-02-06-11,4,5,ルシアージュ,スチールギターラグ,0.096080761203363,0.07911892894600059,0.016961832257362405,1.2143839973988906,4,74.53874538745387,74.53874538745387,0
2026-0809-04-02-06-11,5,6,スチールギターラグ,フジサン,0.07911892894600059,0.07055328259465381,0.008565646351346781,1.1214067728153565,5,58.26374053214216,58.26374053214216,0
2026-0809-04-02-06-11,6,7,フジサン,レガリーノ,0.07055328259465381,0.06758414634468228,0.002969136249971527,1.0439324369775833,6,33.46280831229365,33.46280831229365,0
2026-0809-04-02-06-11,7,8,レガリーノ,ガミーヌ,0.06758414634468228,0.060913747107868274,0.006670399236814006,1.1095056461557327,7,51.56341037094582,51.56341037094582,0
2026-0809-04-02-06-11,8,9,ガミーヌ,ダノンドナウ,0.060913747107868274,0.05543878140607447,0.005474965701793802,1.0987569633194338,8,46.649834919401826,46.649834919401826,0
2026-0809-04-02-06-11,9,10,ダノンドナウ,リーゼントモニカ,0.05543878140607447,0.04244320222184547,0.012995579184229,1.3061875283656186,9,68.3627888910468,68.3627888910468,0
2026-0809-04-02-06-11,10,11,リーゼントモニカ,ゲンパチロマン,0.04244320222184547,0.04244320222184547,0.0,1.0,10,9.671780928335599,9.671780928335599,0
2026-0809-04-02-06-11,11,12,ゲンパチロマン,フルールロイヤル,0.04244320222184547,0.025605548815412677,0.016837653406432795,1.6575783056951214,11,74.28626917848126,74.28626917848126,0
2026-0809-04-02-06-11,12,13,フルールロイヤル,セルリア,0.025605548815412677,0.023162123309450697,0.0024434255059619797,1.1054922933151385,12,30.219460089337737,30.219460089337737,0
2026-0809-04-02-06-11,13,14,セルリア,ジーティージェミル,0.023162123309450697,0.02311950260102616,4.262070842453794e-05,1.0018434959073317,13,10.196154593124879,10.196154593124879,0
2026-0809-04-02-06-11,14,15,ジーティージェミル,スカイドリーマー,0.02311950260102616,0.021245538972236862,0.0018739636287892977,1.088205040655271,14,25.752573315206835,25.752573315206835,0
2026-0809-04-02-06-11,15,16,スカイドリーマー,オドラタス,0.021245538972236862,0.01717833810637597,0.004067200865860893,1.2367633493225574,15,39.638764808700714,39.638764808700714,0
2026-0809-04-02-06-11,16,17,オドラタス,ピコプリンセス,0.01717833810637597,0.015996402094778445,0.001181936011597523,1.0738876157647557,16,20.87784035735094,20.87784035735094,0
2026-0809-04-02-06-11,17,18,ピコプリンセス,フーディエラン,0.015996402094778445,0.015762139533865238,0.0002342625609132072,1.0148623580199814,17,12.371334239658186,12.371334239658186,0
2026-0809-04-02-06-12,1,2,オンナキュヌヴィ,ラルルジェンヌ,0.24300749545059833,0.2060007422211792,0.037006753229419126,1.179643785893187,1,88.0365119440668,88.0365119440668,0
2026-0809-04-02-06-12,2,3,ラルルジェンヌ,ルージュフィーリア,0.2060007422211792,0.18413621784599898,0.021864524375180217,1.11874103112874,2,79.72421829481453,79.72421829481453,0
2026-0809-04-02-06-12,3,4,ルージュフィーリア,セリエンクーニゲン,0.18413621784599898,0.18160996453315897,0.00252625331284001,1.0139103232542,3,30.8603612351913,30.8603612351913,0
2026-0809-04-02-06-12,4,5,セリエンクーニゲン,エンジェルサン,0.18160996453315897,0.13499531889619026,0.04661464563696871,1.3453056448039862,4,91.22159642649058,91.22159642649058,1
2026-0809-04-02-06-12,5,6,エンジェルサン,シルバーアックス,0.13499531889619026,0.1345873608350205,0.0004079580611697775,1.0030311766174675,5,14.099825208778405,14.099825208778405,0
2026-0809-04-02-06-12,6,7,シルバーアックス,ジェムシリカ,0.1345873608350205,0.11661766840418476,0.017969692430835724,1.154090650899953,6,75.74286269178482,75.74286269178482,0
2026-0809-04-02-06-12,7,8,ジェムシリカ,ココソラーレ,0.11661766840418476,0.09220332228668528,0.024414346117499486,1.2647881389955626,7,81.64692173237522,81.64692173237522,0
2026-0809-04-02-06-12,8,9,ココソラーレ,ミクロスギガース,0.09220332228668528,0.09080404514291353,0.0013992771437717488,1.015409854721444,8,22.431540104874735,22.431540104874735,0
2026-0809-04-02-06-12,9,10,ミクロスギガース,ルナーファントム,0.09080404514291353,0.08467424595990311,0.006129799183010418,1.0723927224095169,9,49.21343950281608,49.21343950281608,0
2026-0809-04-02-06-12,10,11,ルナーファントム,シエラモレーナ,0.08467424595990311,0.058999605131847176,0.025674640828055935,1.4351663162944988,10,82.65682656826569,82.65682656826569,0
2026-0809-04-02-06-12,11,12,シエラモレーナ,インザライムライト,0.058999605131847176,0.05364096441130211,0.005358640720545066,1.099898291899763,11,46.16430374830064,46.16430374830064,0
2026-0809-04-02-06-12,12,13,インザライムライト,フレアリングベリー,0.05364096441130211,0.03804461540145639,0.015596349009845717,1.4099489203733329,12,72.32472324723247,72.32472324723247,0
2026-0809-04-02-06-12,13,14,フレアリングベリー,ロジシーザ,0.03804461540145639,0.029424961925158068,0.008619653476298325,1.2929367758647328,13,58.39968926005049,58.39968926005049,0
2026-0809-04-02-06-12,14,15,ロジシーザ,ハルカオル,0.029424961925158068,0.027931389112414457,0.0014935728127436106,1.053472915605181,14,22.878228782287824,22.878228782287824,0
2026-0809-04-02-06-12,15,16,ハルカオル,ウィズアツインクル,0.027931389112414457,0.023231733299373353,0.004699655813041104,1.2022946696434342,15,43.15401048747329,43.15401048747329,0
2026-0809-04-02-06-12,16,17,ウィズアツインクル,サンロード,0.023231733299373353,0.02102617603733376,0.0022055572620395918,1.1048957860013842,16,28.316177898621092,28.316177898621092,0
2026-0809-04-02-06-12,17,18,サンロード,タイセイギガース,0.02102617603733376,0.01023503984492059,0.010791136192413172,2.054332602111809,17,63.44921343950281,63.44921343950281,0
2026-0809-07-02-06-01,1,2,ティタノマキア,クロスボーダー,0.14003749224027767,0.12908648075250767,0.010951011487770002,1.0848346893023286,1,63.895902116915906,63.895902116915906,0
2026-0809-07-02-06-01,2,3,クロスボーダー,フィンガーレイクス,0.12908648075250767,0.12702671116077865,0.002059769591729016,1.0162152477451925,2,27.34511555641872,27.34511555641872,0
2026-0809-07-02-06-01,3,4,フィンガーレイクス,チュオンソン,0.12702671116077865,0.061498562110647775,0.06552814905013088,2.0655232708080735,3,94.30957467469412,94.30957467469412,1
2026-0809-07-02-06-01,4,5,チュオンソン,ワンダーリュクス,0.061498562110647775,0.05660279709810169,0.0048957650125460855,1.0864933406746833,4,44.2221790638959,44.2221790638959,0
2026-0809-07-02-06-01,5,6,ワンダーリュクス,オレンジフィールド,0.05660279709810169,0.05620527907137981,0.00039751802672188113,1.0070726101407137,5,14.022140221402212,14.022140221402212,0
2026-0809-07-02-06-01,6,7,オレンジフィールド,マイコンプリート,0.05620527907137981,0.04483412631198916,0.01137115275939065,1.2536271740919345,6,64.96407069333851,64.96407069333851,0
2026-0809-07-02-06-01,7,8,マイコンプリート,レイアン,0.04483412631198916,0.029004110901812045,0.015830015410177114,1.5457852324371069,7,72.73256943095747,72.73256943095747,0
2026-0809-07-02-06-01,8,9,レイアン,ラピス,0.029004110901812045,0.026813704936529847,0.0021904059652821974,1.0816897914878627,8,28.21907166440085,28.21907166440085,0
2026-0809-07-02-06-01,9,10,ラピス,ディアーモルタル,0.026813704936529847,0.022867878357452773,0.003945826579077074,1.172548870402361,9,39.13381239075549,39.13381239075549,0
2026-0809-07-02-06-01,10,11,ディアーモルタル,カミノトップワン,0.022867878357452773,0.018926387354388945,0.003941491003063829,1.2082537427381679,10,39.11439114391143,39.11439114391143,0
2026-0809-07-02-06-01,11,12,カミノトップワン,ゴナビーオーライト,0.018926387354388945,0.01746931426739715,0.0014570730869917954,1.0834075719681293,11,22.7034375606914,22.7034375606914,0
2026-0809-07-02-06-01,12,13,ゴナビーオーライト,ストラドーネ,0.01746931426739715,0.016082121316516408,0.001387192950880741,1.0862568391059262,12,22.353855117498544,22.353855117498544,0
2026-0809-07-02-06-01,13,14,ストラドーネ,キービート,0.016082121316516408,0.014858216489501717,0.0012239048270146907,1.082372256985181,13,21.16915906001165,21.16915906001165,0
2026-0809-07-02-06-01,14,15,キービート,バンブラボー,0.014858216489501717,0.011092649300387112,0.003765567189114605,1.339465089641227,14,38.00738007380074,38.00738007380074,0
2026-0809-07-02-06-01,15,16,バンブラボー,ニテンイチリュウ,0.011092649300387112,0.010562961820666189,0.0005296874797209236,1.0501457345689353,15,15.01262381044863,15.01262381044863,0
2026-0809-07-02-06-02,1,2,ガリアルダ,レニュアージュ,0.10971093484474069,0.10971093484474069,0.0,1.0,1,9.671780928335599,9.671780928335599,0
2026-0809-07-02-06-02,2,3,レニュアージュ,リアンフィニ,0.10971093484474069,0.10971093484474069,0.0,1.0,2,9.671780928335599,9.671780928335599,0
2026-0809-07-02-06-02,3,4,リアンフィニ,ビップルーチェ,0.10971093484474069,0.10971093484474069,0.0,1.0,3,9.671780928335599,9.671780928335599,0
2026-0809-07-02-06-02,4,5,ビップルーチェ,ピュアノーブル,0.10971093484474069,0.10971093484474069,0.0,1.0,4,9.671780928335599,9.671780928335599,0
2026-0809-07-02-06-02,5,6,ピュアノーブル,ウィンザーローズ,0.10971093484474069,0.10971093484474069,0.0,1.0,5,9.671780928335599,9.671780928335599,0
2026-0809-07-02-06-02,6,7,ウィンザーローズ,ミリオンカラー,0.10971093484474069,0.10971093484474069,0.0,1.0,6,9.671780928335599,9.671780928335599,0
2026-0809-07-02-06-02,7,8,ミリオンカラー,ジュエルシップ,0.10971093484474069,0.10971093484474069,0.0,1.0,7,9.671780928335599,9.671780928335599,0
2026-0809-07-02-06-02,8,9,ジュエルシップ,ノンヴェドローラ,0.10971093484474069,0.10971093484474069,0.0,1.0,8,9.671780928335599,9.671780928335599,0
2026-0809-07-02-06-03,1,2,コパノマハロ,ショウナンバトレニ,0.11843492100033122,0.11843492100033122,0.0,1.0,1,9.671780928335599,9.671780928335599,0
2026-0809-07-02-06-03,2,3,ショウナンバトレニ,ドリームオブコージ,0.11843492100033122,0.11843492100033122,0.0,1.0,2,9.671780928335599,9.671780928335599,0
2026-0809-07-02-06-03,3,4,ドリームオブコージ,ダンスコマンド,0.11843492100033122,0.11843492100033122,0.0,1.0,3,9.671780928335599,9.671780928335599,0
2026-0809-07-02-06-03,4,5,ダンスコマンド,ディープナイト,0.11843492100033122,0.11843492100033122,0.0,1.0,4,9.671780928335599,9.671780928335599,0
2026-0809-07-02-06-03,5,6,ディープナイト,ドラゴンバルド,0.11843492100033122,0.11843492100033122,0.0,1.0,5,9.671780928335599,9.671780928335599,0
2026-0809-07-02-06-03,6,7,ドラゴンバルド,ソウカイファンキー,0.11843492100033122,0.11843492100033122,0.0,1.0,6,9.671780928335599,9.671780928335599,0
2026-0809-07-02-06-03,7,8,ソウカイファンキー,リリーギャラクシー,0.11843492100033122,0.11843492100033122,0.0,1.0,7,9.671780928335599,9.671780928335599,0
2026-0809-07-02-06-04,1,2,エイシンリブウェル,アラムシャピラス,0.3111923556559425,0.26684676751519504,0.04434558814074746,1.1661837186700128,1,90.54185278694892,90.54185278694892,1
2026-0809-07-02-06-04,2,3,アラムシャピラス,スパルタンエックス,0.26684676751519504,0.2580023661264899,0.008844401388705125,1.0342803111517551,2,58.80753544377549,58.80753544377549,0
2026-0809-07-02-06-04,3,4,スパルタンエックス,メイショウヒタカミ,0.2580023661264899,0.12475443838176474,0.13324792774472516,2.06808166084616,3,98.91241017673335,98.91241017673335,1
2026-0809-07-02-06-04,4,5,メイショウヒタカミ,タイセイゼスティ,0.12475443838176474,0.07416103488915883,0.05059340349260591,1.6822100523303494,4,92.05671004078462,92.05671004078462,1
2026-0809-07-02-06-04,5,6,タイセイゼスティ,レッドフレーザー,0.07416103488915883,0.06336087218120422,0.010800162707954614,1.1704547670535135,5,63.488055933190914,63.488055933190914,0
2026-0809-07-02-06-04,6,7,レッドフレーザー,ジーティーピカソ,0.06336087218120422,0.06296436202735604,0.000396510153848173,1.0062973742777843,6,14.002718974558167,14.002718974558167,0
2026-0809-07-02-06-04,7,8,ジーティーピカソ,グランセンチュリ,0.06296436202735604,0.04483412631198916,0.018130235715366885,1.4043847222359869,7,75.85939017284909,75.85939017284909,0
2026-0809-07-02-06-04,8,9,グランセンチュリ,ビーウィナー,0.04483412631198916,0.04423639164827392,0.0005977346637152381,1.0135122834716688,8,15.964264905806951,15.964264905806951,0
2026-0809-07-02-06-04,9,10,ビーウィナー,アイゼンハイム,0.04423639164827392,0.04312878497842936,0.0011076066698445589,1.025681378930534,9,20.159254224121188,20.159254224121188,0
2026-0809-07-02-06-04,10,11,アイゼンハイム,サンライズフリード,0.04312878497842936,0.02719934117597456,0.015929443802454802,1.5856555017047778,10,72.84909691202175,72.84909691202175,0
2026-0809-07-02-06-04,11,12,サンライズフリード,ハオカノア,0.02719934117597456,0.025497734959066574,0.001701606216907986,1.0667355833621968,11,24.529034764031852,24.529034764031852,0
2026-0809-07-02-06-04,12,13,ハオカノア,ピースビート,0.025497734959066574,0.021397442520707802,0.004100292438358771,1.1916253512255324,12,39.81355603029714,39.81355603029714,0
2026-0809-07-02-06-04,13,14,ピースビート,アルヴァルディ,0.021397442520707802,0.01578841918008046,0.0056090233406273435,1.3552618711633901,13,47.174208584191106,47.174208584191106,0
2026-0809-07-02-06-04,14,15,アルヴァルディ,リリークリスタル,0.01578841918008046,0.013118949509116563,0.0026694696709638963,1.2034819685149973,14,31.947951058457953,31.947951058457953,0
2026-0809-07-02-06-04,15,16,リリークリスタル,サクライロマウコロ,0.013118949509116563,0.008478141359987583,0.00464080814912898,1.5473850873767192,15,42.843270537968536,42.843270537968536,0
2026-0809-07-02-06-05,1,2,バトルアックス,ペプチドレオン,0.145852461715697,0.1393300601329739,0.006522401582723103,1.0468125943281603,1,50.883666731404155,50.883666731404155,0
2026-0809-07-02-06-05,2,3,ペプチドレオン,カレンパンピナップ,0.1393300601329739,0.09458832646225825,0.04474173367071564,1.4730153851338947,2,90.6583802680132,90.6583802680132,1
2026-0809-07-02-06-05,3,4,カレンパンピナップ,オンザノアール,0.09458832646225825,0.08417773463052416,0.010410591831734081,1.1236739367889694,3,62.45872985045639,62.45872985045639,0
2026-0809-07-02-06-05,4,5,オンザノアール,サリカリーフォリア,0.08417773463052416,0.06217683149028557,0.022000903140238594,1.3538440704183516,4,79.82132452903477,79.82132452903477,0
2026-0809-07-02-06-05,5,6,サリカリーフォリア,リアライズブライト,0.06217683149028557,0.060317436586126594,0.0018593949041589772,1.0308268223816834,5,25.6554670809866,25.6554670809866,0
2026-0809-07-02-06-05,6,7,リアライズブライト,ツァレヴナ,0.060317436586126594,0.059036036304620496,0.0012814002815060982,1.0217053915153482,6,21.577005243736647,21.577005243736647,0
2026-0809-07-02-06-05,7,8,ツァレヴナ,カクウチ,0.059036036304620496,0.05086459715561298,0.008171439149007517,1.1606508181713926,7,56.67119829093028,56.67119829093028,0
2026-0809-07-02-06-05,8,9,カクウチ,ルクスポップスター,0.05086459715561298,0.042810064077155895,0.008054533078457084,1.1881457842235539,8,56.341037094581466,56.341037094581466,0
2026-0809-07-02-06-05,9,10,ルクスポップスター,ショウナンラウール,0.042810064077155895,0.03428580751258856,0.008524256564567331,1.2486234737635251,9,58.030685570013596,58.030685570013596,0
2026-0809-07-02-06-05,10,11,ショウナンラウール,ハイクライテリア,0.03428580751258856,0.03406553413331684,0.00022027337927172513,1.0064661654330642,10,12.235385511749856,12.235385511749856,0
2026-0809-07-02-06-05,11,12,ハイクライテリア,ジャスティンルマン,0.03406553413331684,0.029748981699169282,0.004316552434147556,1.1450991660083643,11,41.11477956884832,41.11477956884832,0
2026-0809-07-02-06-05,12,13,ジャスティンルマン,マテンロウミラクル,0.029748981699169282,0.026508018760063663,0.0032409629391056197,1.1222634919810897,12,35.152456787725775,35.152456787725775,0
2026-0809-07-02-06-05,13,14,マテンロウミラクル,ルシャリオ,0.026508018760063663,0.025312088594213297,0.001195930165850366,1.0472473917511402,13,20.955525344727132,20.955525344727132,0
2026-0809-07-02-06-05,14,15,ルシャリオ,ロイヤルテール,0.025312088594213297,0.014743340797899683,0.010568747796313614,1.7168489110567955,14,62.847154787337345,62.847154787337345,0
2026-0809-07-02-06-05,15,16,ロイヤルテール,ヴァリアントマーチ,0.014743340797899683,0.011687239126937223,0.0030561016709624595,1.2614904715963784,15,34.08428821130317,34.08428821130317,0
2026-0809-07-02-06-06,1,2,マイバレンタイン,カリーニョ,0.24691220070093034,0.22271570450986986,0.024196496191060485,1.1086429726377387,1,81.49155175762284,81.49155175762284,0
2026-0809-07-02-06-06,2,3,カリーニョ,カレントゥルーシー,0.22271570450986986,0.17856838728066035,0.044147317229209504,1.2472291871003016,2,90.46416779957273,90.46416779957273,1
2026-0809-07-02-06-06,3,4,カレントゥルーシー,サトノアイボリー,0.17856838728066035,0.17110553310809254,0.007462854172567812,1.043615504636272,3,54.55428238492911,54.55428238492911,0
2026-0809-07-02-06-06,4,5,サトノアイボリー,ダイヤモンドハンズ,0.17110553310809254,0.07901831757762424,0.0920872155304683,2.1653907391789975,4,97.04797047970479,97.04797047970479,1
2026-0809-07-02-06-06,5,6,ダイヤモンドハンズ,ヤマニンループ,0.07901831757762424,0.057550599504705355,0.02146771807291889,1.373023361314658,5,79.41347834530977,79.41347834530977,0
2026-0809-07-02-06-06,6,7,ヤマニンループ,ショウナンハウル,0.057550599504705355,0.01227696547000979,0.045273634034695566,4.687689286517107,6,90.75548650223344,90.75548650223344,1
2026-0809-07-02-06-07,1,2,タマモイカロス,サンアントワーヌ,0.1792409520718953,0.17520718644632532,0.004033765625569979,1.0230228320389456,1,39.4251310934162,39.4251310934162,0
2026-0809-07-02-06-07,2,3,サンアントワーヌ,レイピア,0.17520718644632532,0.15889279004128112,0.0163143964050442,1.102675498370981,2,73.41231307049912,73.41231307049912,0
2026-0809-07-02-06-07,3,4,レイピア,ディアナザール,0.15889279004128112,0.11886325238460275,0.04002953765667837,1.3367696647501772,3,89.20178675470966,89.20178675470966,0
2026-0809-07-02-06-07,4,5,ディアナザール,ジェニファー,0.11886325238460275,0.08993862797708836,0.028924624407514393,1.3216040210762707,4,84.424160031074,84.424160031074,0
2026-0809-07-02-06-07,5,6,ジェニファー,アンクルクロス,0.08993862797708836,0.0641588674558147,0.025779760521273662,1.4018113402489192,5,82.79277529617401,82.79277529617401,0
2026-0809-07-02-06-07,6,7,アンクルクロス,レッドエヴァンス,0.0641588674558147,0.06404946062776937,0.00010940682804533308,1.0017081615828298,6,10.85647698582249,10.85647698582249,0
2026-0809-07-02-06-07,7,8,レッドエヴァンス,コウセキ,0.06404946062776937,0.06252935870099534,0.0015201019267740284,1.0243102113687572,7,23.11128374441639,23.11128374441639,0
2026-0809-07-02-06-07,8,9,コウセキ,クラスペディア,0.06252935870099534,0.05929591823385654,0.003233440467138797,1.0545305741684692,8,35.07477180034958,35.07477180034958,0
2026-0809-07-02-06-07,9,10,クラスペディア,インビンシブルパパ,0.05929591823385654,0.05853435753336271,0.000761560700493831,1.013010490463823,9,17.38201592542241,17.38201592542241,0
2026-0809-07-02-06-07,10,11,インビンシブルパパ,イツモニコニコ,0.05853435753336271,0.04450779332653884,0.014026564206823869,1.3151484977903902,10,70.01359487279083,70.01359487279083,0
2026-0809-07-02-06-07,11,12,イツモニコニコ,ナムラローズマリー,0.04450779332653884,0.04324241305557973,0.0012653802709591128,1.0292624805496564,11,21.479899009516412,21.479899009516412,0
2026-0809-07-02-06-07,12,13,ナムラローズマリー,アブキールベイ,0.04324241305557973,0.04319223962414567,5.0173431434055726e-05,1.001161630697335,12,10.293260827345115,10.293260827345115,0
2026-0809-07-02-06-07,13,14,アブキールベイ,フィオライア,0.04319223962414567,0.042811039035397506,0.0003812005887481665,1.0089042592129795,13,13.847348999805787,13.847348999805787,0
2026-0809-07-02-06-07,14,15,フィオライア,タマモブラックタイ,0.042811039035397506,0.028306607441394824,0.014504431594002682,1.5124044491743573,14,70.53796853758011,70.53796853758011,0
2026-0809-07-02-06-07,15,16,タマモブラックタイ,フロムダスク,0.028306607441394824,0.018972698103068803,0.009333909338326021,1.491965311819107,15,59.95338900757429,59.95338900757429,0
2026-0809-07-02-06-07,16,17,フロムダスク,ペプチドヤマト,0.018972698103068803,0.017912051575203747,0.0010606465278650556,1.05921412873405,16,19.79025053408429,19.79025053408429,0
2026-0809-07-02-06-07,17,18,ペプチドヤマト,プロトポロス,0.017912051575203747,0.012379774883619358,0.00553227669158439,1.446880233573922,17,46.844047387842295,46.844047387842295,0
2026-0809-07-02-06-08,1,2,リベッチオ,クロノスバレット,0.1328133670357912,0.10405278918904325,0.028760577846747945,1.2764037184481012,1,84.36589629054185,84.36589629054185,0
2026-0809-07-02-06-08,2,3,クロノスバレット,ブルックリンダンス,0.10405278918904325,0.07259140524010363,0.03146138394893962,1.433403704541575,2,85.84191105068946,85.84191105068946,0
2026-0809-07-02-06-08,3,4,ブルックリンダンス,ケイツーリーブル,0.07259140524010363,0.06945821200316371,0.0031331932369399185,1.0451090396164704,3,34.395028160807925,34.395028160807925,0
2026-0809-07-02-06-08,4,5,ケイツーリーブル,トモジャザーン,0.06945821200316371,0.06174272118409153,0.0077154908190721835,1.1249619497020182,4,55.23402602447077,55.23402602447077,0
2026-0809-07-02-06-08,5,6,トモジャザーン,ジェシーテソーロ,0.06174272118409153,0.042851456968949854,0.018891264215141673,1.4408546535262563,5,76.77218877451932,76.77218877451932,0
2026-0809-07-02-06-08,6,7,ジェシーテソーロ,タイガースパーク,0.042851456968949854,0.041895662389038635,0.0009557945799112191,1.0228136882294834,6,18.993979413478346,18.993979413478346,0
2026-0809-07-02-06-08,7,8,タイガースパーク,キングオブフジ,0.041895662389038635,0.038173126487884415,0.0037225359011542197,1.0975171866610323,7,37.81316760536026,37.81316760536026,0
2026-0809-07-02-06-08,8,9,キングオブフジ,ハイディージェン,0.038173126487884415,0.036773672859371734,0.0013994536285126813,1.0380558568045246,8,22.45096135171878,22.45096135171878,0
2026-0809-07-02-06-08,9,10,ハイディージェン,シュヴァルツリーベ,0.036773672859371734,0.024599712647537252,0.012173960211834482,1.4948822120917438,9,66.86735288405515,66.86735288405515,0
2026-0809-07-02-06-08,10,11,シュヴァルツリーベ,メイショウジェンマ,0.024599712647537252,0.008336431104280497,0.016263281543256757,2.9508685839082944,10,73.33462808312294,73.33462808312294,0
2026-0809-07-02-06-09,1,2,メイショウソウセキ,アレナリア,0.21944631671577428,0.09859891448672402,0.12084740222905026,2.2256463761101744,1,98.4851427461643,98.4851427461643,1
2026-0809-07-02-06-09,2,3,アレナリア,アップストローク,0.09859891448672402,0.09591349542376418,0.00268541906295984,1.0279983442485872,2,32.045057292678194,32.045057292678194,0
2026-0809-07-02-06-09,3,4,アップストローク,アナザーエース,0.09591349542376418,0.0828797106766804,0.013033784747083776,1.1572614653293072,3,68.44047387842299,68.44047387842299,0
2026-0809-07-02-06-09,4,5,アナザーエース,ナヴァラトゥナ,0.0828797106766804,0.04773734636334209,0.03514236431333831,1.7361608256533594,4,87.20139832977277,87.20139832977277,0
2026-0809-07-02-06-09,5,6,ナヴァラトゥナ,オリンポスカズマ,0.04773734636334209,0.04159368822184485,0.006143658141497241,1.1477065007731297,5,49.310545737036314,49.310545737036314,0
2026-0809-07-02-06-09,6,7,オリンポスカズマ,クリアクォーツ,0.04159368822184485,0.03080466200928922,0.010789026212555633,1.3502400451367451,6,63.42979219265877,63.42979219265877,0
2026-0809-07-02-06-09,7,8,クリアクォーツ,ナスノソナタ,0.03080466200928922,0.024746120876840604,0.006058541132448615,1.2448279131344049,7,48.98038454068751,48.98038454068751,0
2026-0809-07-02-06-09,8,9,ナスノソナタ,ヴィーデ,0.024746120876840604,0.02315912544482005,0.001586995432020552,1.0685257064564808,8,23.460866187609245,23.460866187609245,0
2026-0809-07-02-06-09,9,10,ヴィーデ,ヨシノヤッタルデー,0.02315912544482005,0.02082933693023385,0.002329788514586203,1.111851304839402,9,29.287240240823458,29.287240240823458,0
2026-0809-07-02-06-09,10,11,ヨシノヤッタルデー,ルクスマーベリック,0.02082933693023385,0.02055155961741017,0.00027777731282368004,1.0135161183868675,10,12.876286657603417,12.876286657603417,0
2026-0809-07-02-06-09,11,12,ルクスマーベリック,ヴォンヌヴォー,0.02055155961741017,0.014105758210919885,0.006445801406490283,1.456962419893197,11,50.5729267818994,50.5729267818994,0
2026-0809-07-02-06-09,12,13,ヴォンヌヴォー,スラッシュ,0.014105758210919885,0.007154192945565714,0.006951565265354172,1.9716770736051878,12,52.65100019421247,52.65100019421247,0
2026-0809-07-02-06-10,1,2,ラヴネヴァーダイズ,ヴォンドゥ,0.15279546443003783,0.12068845340670384,0.03210701102333399,1.2660321689195708,1,86.09438725966207,86.09438725966207,0
2026-0809-07-02-06-10,2,3,ヴォンドゥ,グランデスフィーダ,0.12068845340670384,0.07546158457912404,0.0452268688275798,1.5993363256261588,2,90.73606525538939,90.73606525538939,1
2026-0809-07-02-06-10,3,4,グランデスフィーダ,ナウオアネヴァー,0.07546158457912404,0.07344056953999069,0.0020210150391333503,1.0275190545469945,3,27.07321810060206,27.07321810060206,0
2026-0809-07-02-06-10,4,5,ナウオアネヴァー,リーグナイト,0.07344056953999069,0.06432931182119662,0.009111257718794064,1.1416346213079165,4,59.52612157700524,59.52612157700524,0
2026-0809-07-02-06-10,5,6,リーグナイト,アメリカンビヨンド,0.06432931182119662,0.06022151016419909,0.004107801656997534,1.0682115351441248,5,39.85239852398524,39.85239852398524,0
2026-0809-07-02-06-10,6,7,アメリカンビヨンド,アイファーモービル,0.06022151016419909,0.0424598879146946,0.01776162224950449,1.4183153352921951,6,75.4903864828122,75.4903864828122,0
2026-0809-07-02-06-10,7,8,アイファーモービル,プールナバドラ,0.0424598879146946,0.04075459114742941,0.0017052967672651909,1.0418430591315784,7,24.5484560108759,24.5484560108759,0
2026-0809-07-02-06-10,8,9,プールナバドラ,サヨノパララックス,0.04075459114742941,0.04004370365683775,0.0007108874905916579,1.017752790717955,8,16.993590988541467,16.993590988541467,0
2026-0809-07-02-06-10,9,10,サヨノパララックス,シンギタイ,0.04004370365683775,0.031800439901421985,0.008243263755415765,1.259218544805324,9,57.00135948727908,57.00135948727908,0
2026-0809-07-02-06-10,10,11,シンギタイ,スレッドザニードル,0.031800439901421985,0.029893554796153687,0.001906885105268298,1.0637891718891075,10,26.04389201786755,26.04389201786755,0
2026-0809-07-02-06-10,11,12,スレッドザニードル,ガビーズブラザー,0.029893554796153687,0.028076418808633756,0.0018171359875199314,1.0647210742903275,11,25.305884637793746,25.305884637793746,0
2026-0809-07-02-06-10,12,13,ガビーズブラザー,シュネーグロッケン,0.028076418808633756,0.021201013396281086,0.0068754054123526705,1.3242960741470358,12,52.3791027383958,52.3791027383958,0
2026-0809-07-02-06-10,13,14,シュネーグロッケン,ワイルドブッター,0.021201013396281086,0.01745702421272001,0.0037439891835610757,1.2144689231073547,13,37.9102738395805,37.9102738395805,0
2026-0809-07-02-06-10,14,15,ワイルドブッター,メイプルギャング,0.01745702421272001,0.01690177070811201,0.0005552535046079998,1.032851794891615,14,15.420469994173628,15.420469994173628,0
2026-0809-07-02-06-10,15,16,メイプルギャング,リードプリンシパル,0.01690177070811201,0.015543469092154736,0.001358301615957274,1.0873872883784257,15,22.15964264905807,22.15964264905807,0
2026-0809-07-02-06-11,1,2,フロムレイブン,ウェルカムソング,0.1883536832987772,0.1424593144762548,0.0458943688225224,1.3221577261637891,1,90.96912021751797,90.96912021751797,1
2026-0809-07-02-06-11,2,3,ウェルカムソング,マーゴットミスト,0.1424593144762548,0.12426840441265141,0.018190910063603377,1.1463840318026277,2,75.97591765391338,75.97591765391338,0
2026-0809-07-02-06-11,3,4,マーゴットミスト,カラクニダケ,0.12426840441265141,0.09671002266793864,0.02755838174471277,1.2849589006853674,3,83.68615265100019,83.68615265100019,0
2026-0809-07-02-06-11,4,5,カラクニダケ,セクシーマージュ,0.09671002266793864,0.09057046654496634,0.006139556122972303,1.0677876172794598,4,49.27170324334823,49.27170324334823,0
2026-0809-07-02-06-11,5,6,セクシーマージュ,アーリントンロウ,0.09057046654496634,0.08565018759675351,0.004920278948212828,1.0574462133273754,5,44.31928529811614,44.31928529811614,0
2026-0809-07-02-06-11,6,7,アーリントンロウ,ヤマニンフェイエル,0.08565018759675351,0.07741244053901129,0.008237747057742217,1.106413736608535,6,56.981938240435035,56.981938240435035,0
2026-0809-07-02-06-11,7,8,ヤマニンフェイエル,ベランジェール,0.07741244053901129,0.07736130778823419,5.1132750777102554e-05,1.0006609602686276,7,10.312682074189162,10.312682074189162,0
2026-0809-07-02-06-11,8,9,ベランジェール,モルティフレーバー,0.07736130778823419,0.07140817348716962,0.005953134301064575,1.0833676876238014,8,48.63080209749466,48.63080209749466,0
2026-0809-07-02-06-11,9,10,モルティフレーバー,マーシーラン,0.07140817348716962,0.05073425572727341,0.02067391775989621,1.4074942553810335,9,78.73373470576811,78.73373470576811,0
2026-0809-07-02-06-11,10,11,マーシーラン,スピリットライズ,0.05073425572727341,0.03863862562657474,0.012095630100698668,1.313045039893437,10,66.65371916877064,66.65371916877064,0
2026-0809-07-02-06-11,11,12,スピリットライズ,フェリーニ,0.03863862562657474,0.03388510012922183,0.00475352549735291,1.1402836491326631,11,43.40648669644591,43.40648669644591,0
2026-0809-07-02-06-11,12,13,フェリーニ,フランクスピード,0.03388510012922183,0.033354782167036995,0.0005303179621848342,1.0158993082170065,12,15.03204505729268,15.03204505729268,0
2026-0809-07-02-06-11,13,14,フランクスピード,パリコレジェンヌ,0.033354782167036995,0.028898743465943528,0.004456038701093467,1.1541948945408231,13,41.911050689454264,41.911050689454264,0
2026-0809-07-02-06-11,14,15,パリコレジェンヌ,アウクソー,0.028898743465943528,0.02429524050287883,0.004603502963064696,1.1894816790358265,14,42.785006797436395,42.785006797436395,0
2026-0809-07-02-06-11,15,16,アウクソー,トウカイフルーレ,0.02429524050287883,0.017643501514541773,0.006651738988337059,1.3770078735706002,15,51.44688288988153,51.44688288988153,0
2026-0809-07-02-06-11,16,17,トウカイフルーレ,パレットフレイバー,0.017643501514541773,0.011767567609062566,0.005875933905479207,1.4993329208454234,16,48.3200621479899,48.3200621479899,0
2026-0809-07-02-06-12,1,2,ビッグヒーロー,ブランチアウト,0.31983565290951843,0.2188978602413616,0.10093779266815683,1.4611182245311152,1,97.63060788502622,97.63060788502622,1
2026-0809-07-02-06-12,2,3,ブランチアウト,レインボーステート,0.2188978602413616,0.13858231448305044,0.08031554575831115,1.5795511935120286,2,96.15459312487862,96.15459312487862,1
2026-0809-07-02-06-12,3,4,レインボーステート,ネッカーズルム,0.13858231448305044,0.11793152588518799,0.020650788597862457,1.1751082964699955,3,78.69489221208002,78.69489221208002,0
2026-0809-07-02-06-12,4,5,ネッカーズルム,カステッロトゥーレ,0.11793152588518799,0.10725121760846328,0.010680308276724712,1.0995821633999046,4,63.17731598368616,63.17731598368616,0
2026-0809-07-02-06-12,5,6,カステッロトゥーレ,ビシェノ,0.10725121760846328,0.08149614932356031,0.02575506828490297,1.3160280393451331,5,82.75393280248592,82.75393280248592,0
2026-0809-07-02-06-12,6,7,ビシェノ,ローズラフィネ,0.08149614932356031,0.06043931558873574,0.021056833734824566,1.3483962968427292,6,79.06389590211693,79.06389590211693,0
2026-0809-07-02-06-12,7,8,ローズラフィネ,プリュスエクラ,0.06043931558873574,0.050449225051068754,0.009990090537666987,1.198022675820178,7,61.56535249563022,61.56535249563022,0
2026-0809-07-02-06-12,8,9,プリュスエクラ,ルージュソムニウム,0.050449225051068754,0.04916388640392417,0.001285338647144585,1.0261439593400816,8,21.596426490580694,21.596426490580694,0
2026-0809-07-02-06-12,9,10,ルージュソムニウム,ヴェネラブル,0.04916388640392417,0.03188124645665836,0.01728263994726581,1.5420942362075167,9,74.96601281802292,74.96601281802292,0
2026-0809-07-02-06-12,10,11,ヴェネラブル,ジーティーウタマロ,0.03188124645665836,0.0299639244070174,0.0019173220496409606,1.0639876814397493,10,26.121577005243736,26.121577005243736,0
2026-0809-07-02-06-12,11,12,ジーティーウタマロ,リノルアナ,0.0299639244070174,0.029021063695261244,0.0009428607117561542,1.0324888405765125,11,18.935715672946206,18.935715672946206,0
2026-0809-07-02-06-12,12,13,リノルアナ,ウォータールスール,0.029021063695261244,0.025348241930155828,0.0036728217651054162,1.1448945364820746,12,37.58011264323169,37.58011264323169,0
2026-0809-07-02-06-12,13,14,ウォータールスール,エングルマン,0.025348241930155828,0.024572879465653414,0.0007753624645024139,1.0315535859599267,13,17.595649640706934,17.595649640706934,0
2026-0809-07-02-06-12,14,15,エングルマン,スズノボンライミー,0.024572879465653414,0.01275169165479698,0.011821187810856434,1.9270289880644578,14,65.89629054185279,65.89629054185279,0
