race_id,rank,horse_id,horse_name,prediction_score,cluster_id,cluster_size,is_anchor,is_primary_opponent,gap_before,gap_after
2026-0704-02-01-07-01,1,2024100255,アルテクィーン,0.31459380829944483,1,1,1,0,0,0.07462965064336549
2026-0704-02-01-07-01,2,2024103505,ヌーンベルク,0.23996415765607934,2,1,0,1,0.07462965064336549,0.13601133612096655
2026-0704-02-01-07-01,3,2024106248,ショウナンカノア,0.10395282153511279,3,7,0,0,0.13601133612096655,0.008862859198664433
2026-0704-02-01-07-01,4,2024106810,テイクケア,0.09508996233644836,3,7,0,0,0.008862859198664433,0.0
2026-0704-02-01-07-01,5,2024106857,トーセンルルド,0.09508996233644836,3,7,0,0,0.0,0.016706691784855607
2026-0704-02-01-07-01,6,2024106919,アズライトティアラ,0.07838327055159275,3,7,0,0,0.016706691784855607,0.02946529849976441
2026-0704-02-01-07-01,7,2024104503,ゴートゥービッツン,0.04891797205182834,3,7,0,0,0.02946529849976441,0.002996023676245782
2026-0704-02-01-07-01,8,2024107158,アイシテルヨナオミ,0.045921948375582555,3,7,0,0,0.002996023676245782,0.02142799661731784
2026-0704-02-01-07-01,9,2024107000,イチゴワタアメ,0.024493951758264715,3,7,0,0,0.02142799661731784,0
2026-0704-02-01-07-02,1,2023106438,トリニタリオ,0.2829702918501295,1,1,1,0,0,0.12839038943693218
2026-0704-02-01-07-02,2,2023104713,ニシノマルガリート,0.15457990241319733,2,15,0,1,0.12839038943693218,0.004723863614275292
2026-0704-02-01-07-02,3,2023103372,ユマハム,0.14985603879892204,2,15,0,1,0.004723863614275292,0.024589218916204608
2026-0704-02-01-07-02,4,2023101938,メイショウローゼ,0.12526681988271743,2,15,0,1,0.024589218916204608,0.031705351558621836
2026-0704-02-01-07-02,5,2023106148,ヒメヒオウギ,0.09356146832409559,2,15,0,1,0.031705351558621836,0.02003598242157538
2026-0704-02-01-07-02,6,2023104216,コワンニシタガウ,0.07352548590252021,2,15,0,1,0.02003598242157538,0.0005977041988916576
2026-0704-02-01-07-02,7,2023106285,ボーントゥラブユー,0.07292778170362856,2,15,0,1,0.0005977041988916576,0.0068217361578502
2026-0704-02-01-07-02,8,2023104679,タイセイルビー,0.06610604554577836,2,15,0,1,0.0068217361578502,0.016258328256385297
2026-0704-02-01-07-02,9,2023102669,ワダツミ,0.04984771728939306,2,15,0,1,0.016258328256385297,0.007097850417982422
2026-0704-02-01-07-02,10,2023105537,エイシンリーガル,0.042749866871410636,2,15,0,1,0.007097850417982422,0.006523610796503862
2026-0704-02-01-07-02,11,2023101812,デイズインザサン,0.036226256074906774,2,15,0,1,0.006523610796503862,0.0007860304544796692
2026-0704-02-01-07-02,12,2023103333,スワトウ,0.035440225620427104,2,15,0,1,0.0007860304544796692,0.011127860670552023
2026-0704-02-01-07-02,13,2023106476,マイネルディザイア,0.02431236494987508,2,15,0,1,0.011127860670552023,0.003654193359003872
2026-0704-02-01-07-02,14,2023110027,アウェイクネス,0.02065817159087121,2,15,0,1,0.003654193359003872,0.0011751390844261557
2026-0704-02-01-07-02,15,2023106454,ヴァールザーゲン,0.019483032506445053,2,15,0,1,0.0011751390844261557,0.0037437666394659966
2026-0704-02-01-07-02,16,2023101598,ホウショウリュウ,0.015739265866979057,2,15,0,1,0.0037437666394659966,0
2026-0704-02-01-07-03,1,2023103024,ギンケイ,0.3095101650857338,1,3,1,0,0,0.015742172894231188
2026-0704-02-01-07-03,2,2023100609,ペガサスウィンド,0.2937679921915026,1,3,0,0,0.015742172894231188,0.0003261313170985214
2026-0704-02-01-07-03,3,2023105268,ラショナルポイント,0.2934418608744041,1,3,0,0,0.0003261313170985214,0.18235754817439365
2026-0704-02-01-07-03,4,2023105555,ウォータースパウト,0.11108431270001046,2,8,0,1,0.18235754817439365,0.023736285165358723
2026-0704-02-01-07-03,5,2023103570,ブリスフルイヤー,0.08734802753465173,2,8,0,1,0.023736285165358723,0.013586760568694234
2026-0704-02-01-07-03,6,2023105608,ルージュリヴィエラ,0.0737612669659575,2,8,0,1,0.013586760568694234,0.02465846274046634
2026-0704-02-01-07-03,7,2023104632,マスカルポーネ,0.04910280422549116,2,8,0,1,0.02465846274046634,0.020581636860657688
2026-0704-02-01-07-03,8,2023106623,ルージュボニート,0.028521167364833473,2,8,0,1,0.020581636860657688,0.0012294500758094594
2026-0704-02-01-07-03,9,2023104338,ハヤブサブロー,0.027291717289024013,2,8,0,1,0.0012294500758094594,0.005497755953782001
2026-0704-02-01-07-03,10,2023104347,ハスカップジャム,0.021793961335242012,2,8,0,1,0.005497755953782001,0.0032562819995149324
2026-0704-02-01-07-03,11,2023101796,テリオスリコ,0.01853767933572708,2,8,0,1,0.0032562819995149324,0
2026-0704-02-01-07-04,1,2023102151,スッサンエア,0.18848617017537342,1,2,1,0,0,0.0018651057276366234
2026-0704-02-01-07-04,2,2023100610,フルムーン,0.1866210644477368,1,2,0,0,0.0018651057276366234,0.08962759272274806
2026-0704-02-01-07-04,3,2023104933,ブラックジャック,0.09699347172498873,2,14,0,1,0.08962759272274806,0.030906744362418317
2026-0704-02-01-07-04,4,2023104669,ゲレイロ,0.06608672736257042,2,14,0,1,0.030906744362418317,0.014849749949611246
2026-0704-02-01-07-04,5,2023106965,ソチミルコ,0.05123697741295917,2,14,0,1,0.014849749949611246,0.006772414066181148
2026-0704-02-01-07-04,6,2023102332,フクノアンタレス,0.04446456334677802,2,14,0,1,0.006772414066181148,0.00017268445614833372
2026-0704-02-01-07-04,7,2023107192,ホウオウザロイヤル,0.04429187889062969,2,14,0,1,0.00017268445614833372,0.0
2026-0704-02-01-07-04,8,2023107342,ルージュフィーリア,0.04429187889062969,2,14,0,1,0.0,0.0026338125066282664
2026-0704-02-01-07-04,9,2023101873,スカイプレリュード,0.04165806638400142,2,14,0,1,0.0026338125066282664,0.002815104810943804
2026-0704-02-01-07-04,10,2023103518,ディサイドオンミー,0.03884296157305762,2,14,0,1,0.002815104810943804,0.0036691061802519784
2026-0704-02-01-07-04,11,2023105797,ロードクラシコ,0.03517385539280564,2,14,0,1,0.0036691061802519784,0.009946687333655387
2026-0704-02-01-07-04,12,2023106291,ヤジロベエバランス,0.025227168059150252,2,14,0,1,0.009946687333655387,0.0002732734625886836
2026-0704-02-01-07-04,13,2023102402,グローリアスダンス,0.02495389459656157,2,14,0,1,0.0002732734625886836,0.0018519752155227477
2026-0704-02-01-07-04,14,2023103612,オリヒメボシ,0.02310191938103882,2,14,0,1,0.0018519752155227477,0.00465948218703921
2026-0704-02-01-07-04,15,2023101675,チェリーブルーム,0.01844243719399961,2,14,0,1,0.00465948218703921,0.004422194687147402
2026-0704-02-01-07-04,16,2023103668,カテドラルクォーツ,0.014020242506852208,2,14,0,1,0.004422194687147402,0
2026-0704-02-01-07-05,1,2024105553,リキサンステラ,0.12868497496060682,1,5,1,0,0,0.0
2026-0704-02-01-07-05,2,2024104218,リアルクウカイ,0.12868497496060682,1,5,0,0,0.0,0.0
2026-0704-02-01-07-05,3,2024104113,ダマスク,0.12868497496060682,1,5,0,0,0.0,0.0
2026-0704-02-01-07-05,4,2024105019,ロゼハイスクール,0.12868497496060682,1,5,0,0,0.0,0.0
2026-0704-02-01-07-05,5,2024103569,ヴァイタリズム,0.12868497496060682,1,5,0,0,0.0,0
2026-0704-02-01-07-06,1,2023103441,レッドフロイデ,0.2854593083356183,1,1,1,0,0,0.12909348421822878
2026-0704-02-01-07-06,2,2023103577,ブレイズランナー,0.1563658241173895,2,1,0,1,0.12909348421822878,0.04870914239008689
2026-0704-02-01-07-06,3,2023101756,メイショウセンドウ,0.10765668172730261,3,11,0,0,0.04870914239008689,0.021919232664157254
2026-0704-02-01-07-06,4,2023101091,ストリートクイーン,0.08573744906314536,3,11,0,0,0.021919232664157254,0.0050158918327294355
2026-0704-02-01-07-06,5,2023104158,シュヴェスター,0.08072155723041592,3,11,0,0,0.0050158918327294355,0.00616028271349732
2026-0704-02-01-07-06,6,2023101857,ララニューディー,0.0745612745169186,3,11,0,0,0.00616028271349732,0.0025747545886859596
2026-0704-02-01-07-06,7,2023103065,クラン,0.07198651992823264,3,11,0,0,0.0025747545886859596,0.022704303041937268
2026-0704-02-01-07-06,8,2023105320,チャーチルデュース,0.049282216886295374,3,11,0,0,0.022704303041937268,0.0006185672944216888
2026-0704-02-01-07-06,9,2023101088,トルークマクト,0.048663649591873685,3,11,0,0,0.0006185672944216888,0.027747401967501265
2026-0704-02-01-07-06,10,2023106726,フェンリル,0.02091624762437242,3,11,0,0,0.027747401967501265,0.0004911211196964478
2026-0704-02-01-07-06,11,2023100637,ブリリアンス,0.020425126504675973,3,11,0,0,0.0004911211196964478,0.0032157361734024108
2026-0704-02-01-07-06,12,2023101910,ステキサプライズ,0.017209390331273562,3,11,0,0,0.0032157361734024108,0.004445463104372093
2026-0704-02-01-07-06,13,2023101046,ライヴマルガリータ,0.01276392722690147,3,11,0,0,0.004445463104372093,0
2026-0704-02-01-07-07,1,2023100997,デルマリシリ,0.41498549568149495,1,1,1,0,0,0.16553528811554466
2026-0704-02-01-07-07,2,2023105035,メイショウハッケイ,0.2494502075659503,2,2,0,1,0.16553528811554466,0.020042433149522976
2026-0704-02-01-07-07,3,2023103528,ツルノマイハシ,0.22940777441642732,2,2,0,1,0.020042433149522976,0.1393188371499699
2026-0704-02-01-07-07,4,2022105162,ルージュナリッシュ,0.0900889372664574,3,3,0,0,0.1393188371499699,0.003505094184783966
2026-0704-02-01-07-07,5,2023101143,ライトニングロッド,0.08658384308167344,3,3,0,0,0.003505094184783966,0.0006905128272696598
2026-0704-02-01-07-07,6,2021102312,ストレイトアスク,0.08589333025440378,3,3,0,0,0.0006905128272696598,0.054013738252205845
2026-0704-02-01-07-07,7,2023106912,ジュジュドール,0.031879592002197935,4,4,0,0,0.054013738252205845,0.002309656462908073
2026-0704-02-01-07-07,8,2023105199,キミノナハオリョウ,0.02956993553928986,4,4,0,0,0.002309656462908073,0.0009112968773865547
2026-0704-02-01-07-07,9,2021105715,アルバニー,0.028658638661903307,4,4,0,0,0.0009112968773865547,0.01405265980969382
2026-0704-02-01-07-07,10,2023109031,ココソラーレ,0.014605978852209487,4,4,0,0,0.01405265980969382,0
2026-0704-02-01-07-08,1,2022104973,バズアップビート,0.2275963531659418,1,2,1,0,0,0.004739244661767672
2026-0704-02-01-07-08,2,2023107005,ダノンヒストリー,0.22285710850417412,1,2,0,0,0.004739244661767672,0.12804463503739147
2026-0704-02-01-07-08,3,2023104156,グランアルト,0.09481247346678265,2,5,0,1,0.12804463503739147,0.00947704477611605
2026-0704-02-01-07-08,4,2023105261,アスクファイアモア,0.0853354286906666,2,5,0,1,0.00947704477611605,0.006665173583231793
2026-0704-02-01-07-08,5,2020105796,ペリプルス,0.0786702551074348,2,5,0,1,0.006665173583231793,0.008174107526575325
2026-0704-02-01-07-08,6,2023106495,ニューアライブ,0.07049614758085948,2,5,0,1,0.008174107526575325,0.042198620755222564
2026-0704-02-01-07-08,7,2022104164,サイモンイロハニー,0.028297526825636916,2,5,0,1,0.042198620755222564,0
2026-0704-02-01-07-09,1,2023103351,グレーヌドジョワ,0.1411037860358177,1,9,1,0,0,0.008988979298668986
2026-0704-02-01-07-09,2,2023102178,タイキルッジェーロ,0.1321148067371487,1,9,0,0,0.008988979298668986,0.013229523425155834
2026-0704-02-01-07-09,3,2022102135,ゴーゴータカシ,0.11888528331199287,1,9,0,0,0.013229523425155834,0.0058690548701838124
2026-0704-02-01-07-09,4,2022106645,グランセゾン,0.11301622844180906,1,9,0,0,0.0058690548701838124,0.01038680036139969
2026-0704-02-01-07-09,5,2022106231,ウインベラーノ,0.10262942808040937,1,9,0,0,0.01038680036139969,0.0365283606068416
2026-0704-02-01-07-09,6,2022105817,アルディスティーノ,0.06610106747356777,1,9,0,0,0.0365283606068416,0.011547294080663469
2026-0704-02-01-07-09,7,2020100621,マイバラード,0.0545537733929043,1,9,0,0,0.011547294080663469,0.037736056144642496
2026-0704-02-01-07-09,8,2022105392,スタードメイソン,0.016817717248261803,1,9,0,0,0.037736056144642496,0.006069072834078572
2026-0704-02-01-07-09,9,2019106416,キセキノエンジェル,0.010748644414183231,1,9,0,0,0.006069072834078572,0
2026-0704-02-01-07-10,1,2022102905,ディアウス,0.31668931894272695,1,2,1,0,0,0.02893247276349903
2026-0704-02-01-07-10,2,2023102769,ケイアイアギト,0.2877568461792279,1,2,0,0,0.02893247276349903,0.05678815449580327
2026-0704-02-01-07-10,3,2022104903,セボンサデッセ,0.23096869168342465,2,1,0,1,0.05678815449580327,0.071585655341082
2026-0704-02-01-07-10,4,2022102308,エアニゲラ,0.15938303634234266,3,11,0,0,0.071585655341082,0.03666676350587232
2026-0704-02-01-07-10,5,2023100937,ストラーダ,0.12271627283647034,3,11,0,0,0.03666676350587232,0.01591953825728372
2026-0704-02-01-07-10,6,2021105931,ギマール,0.10679673457918662,3,11,0,0,0.01591953825728372,0.0009564161382195763
2026-0704-02-01-07-10,7,2022104601,バタール,0.10584031844096704,3,11,0,0,0.0009564161382195763,0.027495795929409247
2026-0704-02-01-07-10,8,2022103778,ライフゲート,0.0783445225115578,3,11,0,0,0.027495795929409247,0.010551125318862126
2026-0704-02-01-07-10,9,2021102200,レッドライトニング,0.06779339719269567,3,11,0,0,0.010551125318862126,0.007740678774191177
2026-0704-02-01-07-10,10,2022102828,メイショウタイピン,0.06005271841850449,3,11,0,0,0.007740678774191177,0.01836257003419524
2026-0704-02-01-07-10,11,2022105443,モレポブラーノ,0.041690148384309254,3,11,0,0,0.01836257003419524,0.01554558129512246
2026-0704-02-01-07-10,12,2020100060,オセアバトルプラン,0.026144567089186794,3,11,0,0,0.01554558129512246,0.010633004350157762
2026-0704-02-01-07-10,13,2022107254,エンプレスフレーム,0.015511562739029032,3,11,0,0,0.010633004350157762,0.0012953264347669996
2026-0704-02-01-07-10,14,2021103809,マッスルバック,0.014216236304262032,3,11,0,0,0.0012953264347669996,0
2026-0704-02-01-07-11,1,2022101443,サウスバンク,0.25651022816914615,1,1,1,0,0,0.0848285378510451
2026-0704-02-01-07-11,2,2023105203,マーブルパレス,0.17168169031810104,2,2,0,1,0.0848285378510451,0.003399645928130801
2026-0704-02-01-07-11,3,2023102577,アンジュプロミス,0.16828204438997024,2,2,0,1,0.003399645928130801,0.10803258919362732
2026-0704-02-01-07-11,4,2021105689,エヴァンスウィート,0.060249455196342915,3,13,0,0,0.10803258919362732,0.0023292419955128624
2026-0704-02-01-07-11,5,2022106666,ドゥアムール,0.05792021320083005,3,13,0,0,0.0023292419955128624,0.005638767188849356
2026-0704-02-01-07-11,6,2020104616,パクスロマーナ,0.052281446011980696,3,13,0,0,0.005638767188849356,0.003442514436507872
2026-0704-02-01-07-11,7,2021105242,シカゴスティング,0.048838931575472824,3,13,0,0,0.003442514436507872,0.004414173725851747
2026-0704-02-01-07-11,8,2022110108,エコロジーク,0.04442475784962108,3,13,0,0,0.004414173725851747,0.004460028601987923
2026-0704-02-01-07-11,9,2021105202,ポエットリー,0.039964729247633154,3,13,0,0,0.004460028601987923,0.0027351162348676905
2026-0704-02-01-07-11,10,2020104194,ルーフ,0.037229613012765464,3,13,0,0,0.0027351162348676905,0.001772017986239341
2026-0704-02-01-07-11,11,2022109024,ウィルオレオール,0.03545759502652612,3,13,0,0,0.001772017986239341,0.0017260979588008957
2026-0704-02-01-07-11,12,2018105996,サムハンター,0.03373149706772523,3,13,0,0,0.0017260979588008957,0.002355153384807143
2026-0704-02-01-07-11,13,2021100143,メルトユアハート,0.031376343682918084,3,13,0,0,0.002355153384807143,0.00414301230655301
2026-0704-02-01-07-11,14,2020101639,ハッピーロンドン,0.027233331376365074,3,13,0,0,0.00414301230655301,0.010818165394354689
2026-0704-02-01-07-11,15,2021103312,ロードマイライフ,0.016415165982010385,3,13,0,0,0.010818165394354689,0.0008422377476055912
2026-0704-02-01-07-11,16,2021105039,ゴールドサーベル,0.015572928234404794,3,13,0,0,0.0008422377476055912,0
2026-0704-02-01-07-12,1,2023104414,シーズザスローン,0.33235969983175,1,2,1,0,0,0.037767220356176356
2026-0704-02-01-07-12,2,2023103061,ゴールドブレイズ,0.29459247947557365,1,2,0,0,0.037767220356176356,0.1955705324684905
2026-0704-02-01-07-12,3,2023103750,アチーヴァー,0.09902194700708315,2,5,0,1,0.1955705324684905,0.029061168308487928
2026-0704-02-01-07-12,4,2023101713,イサギ,0.06996077869859522,2,5,0,1,0.029061168308487928,0.0066972956993007066
2026-0704-02-01-07-12,5,2022100360,シュヴァルノワール,0.06326348299929452,2,5,0,1,0.0066972956993007066,0.00980445232004136
2026-0704-02-01-07-12,6,2022104840,カーフキック,0.05345903067925316,2,5,0,1,0.00980445232004136,0.0009557355297924452
2026-0704-02-01-07-12,7,2022103644,ブレイジングスター,0.05250329514946071,2,5,0,1,0.0009557355297924452,0
2026-0704-03-02-03-01,1,2024106106,ウィンターブリーズ,0.3043754526315014,1,1,1,0,0,0.08756042035719117
2026-0704-03-02-03-01,2,2024103590,コスモハナミズキ,0.21681503227431023,2,1,0,1,0.08756042035719117,0.07419976280464335
2026-0704-03-02-03-01,3,2024106204,レゾルーティオ,0.14261526946966688,3,6,0,0,0.07419976280464335,0.02360181394378401
2026-0704-03-02-03-01,4,2024107156,ニューロファイター,0.11901345552588287,3,6,0,0,0.02360181394378401,0.014011642105858105
2026-0704-03-02-03-01,5,2024101005,エムアイブレイズ,0.10500181342002476,3,6,0,0,0.014011642105858105,0.018255180827057432
2026-0704-03-02-03-01,6,2024107096,シーズザチャンス,0.08674663259296733,3,6,0,0,0.018255180827057432,0.036053436756135364
2026-0704-03-02-03-01,7,2024105474,ユイノヘラクレス,0.05069319583683197,3,6,0,0,0.036053436756135364,0.008248881034867324
2026-0704-03-02-03-01,8,2024104637,ウスズミザクラ,0.042444314801964644,3,6,0,0,0.008248881034867324,0
2026-0704-03-02-03-02,1,2023105552,ベルトラッキ,0.2145143698002709,1,4,1,0,0,0.01890105972539924
2026-0704-03-02-03-02,2,2023105686,ファランギーナ,0.19561331007487165,1,4,0,0,0.01890105972539924,0.035340726677220824
2026-0704-03-02-03-02,3,2023107136,ドナディクオーレ,0.16027258339765083,1,4,0,0,0.035340726677220824,0.015653000318090415
2026-0704-03-02-03-02,4,2023105573,オープンザパンドラ,0.1446195830795604,1,4,0,0,0.015653000318090415,0.07573597186176301
2026-0704-03-02-03-02,5,2023106612,ミサダメキメル,0.0688836112177974,2,12,0,1,0.07573597186176301,0.0027325169536169397
2026-0704-03-02-03-02,6,2023103686,クイーンズレイン,0.06615109426418046,2,12,0,1,0.0027325169536169397,0.0020097817330264472
2026-0704-03-02-03-02,7,2023105371,ボンボンベイビー,0.06414131253115402,2,12,0,1,0.0020097817330264472,0.0018898189089632464
2026-0704-03-02-03-02,8,2023102937,アイスアイスベイビ,0.06225149362219077,2,12,0,1,0.0018898189089632464,0.01300582855094317
2026-0704-03-02-03-02,9,2023103697,クライングナウ,0.0492456650712476,2,12,0,1,0.01300582855094317,0.0009897104908989582
2026-0704-03-02-03-02,10,2023100558,シンショク,0.04825595458034864,2,12,0,1,0.0009897104908989582,0.02583707726842635
2026-0704-03-02-03-02,11,2023103034,トップオブザキング,0.02241887731192229,2,12,0,1,0.02583707726842635,0.0029908994598723884
2026-0704-03-02-03-02,12,2023101880,オーケーグリット,0.019427977852049902,2,12,0,1,0.0029908994598723884,0.006423116716176465
2026-0704-03-02-03-02,13,2023107349,レディホークダイヤ,0.013004861135873437,2,12,0,1,0.006423116716176465,7.732353278321405e-05
2026-0704-03-02-03-02,14,2023107061,ヨーゼフ,0.012927537603090223,2,12,0,1,7.732353278321405e-05,0.00251812339911342
2026-0704-03-02-03-02,15,2023102377,リバーブレーション,0.010409414203976803,2,12,0,1,0.00251812339911342,0.0026403633620241604
2026-0704-03-02-03-02,16,2023104610,ホグホグナナハン,0.007769050841952643,2,12,0,1,0.0026403633620241604,0
2026-0704-03-02-03-03,1,2023102750,ワンダーブリッツ,0.32524367959948147,1,1,1,0,0,0.054289071367459196
2026-0704-03-02-03-03,2,2023103753,イントゥザウインド,0.2709546082320223,2,1,0,1,0.054289071367459196,0.08361467664028657
2026-0704-03-02-03-03,3,2023102651,キタノドンカルロ,0.1873399315917357,3,1,0,0,0.08361467664028657,0.09729765802967297
2026-0704-03-02-03-03,4,2023100531,ショウナンタヅナ,0.09004227356206274,4,12,0,0,0.09729765802967297,0.040616268166447665
2026-0704-03-02-03-03,5,2023103813,ザンシュトーム,0.04942600539561507,4,12,0,0,0.040616268166447665,0.020247799707356906
2026-0704-03-02-03-03,6,2023100304,セイクリッドシチー,0.029178205688258164,4,12,0,0,0.020247799707356906,0.0035815558015262275
2026-0704-03-02-03-03,7,2023101928,ハッピーカーン,0.025596649886731937,4,12,0,0,0.0035815558015262275,0.009715802678951481
2026-0704-03-02-03-03,8,2023106198,パワポケグッド,0.015880847207780456,4,12,0,0,0.009715802678951481,0.0010091430624816575
2026-0704-03-02-03-03,9,2023102550,ワイルドカイザー,0.014871704145298799,4,12,0,0,0.0010091430624816575,0.0009280460552660384
2026-0704-03-02-03-03,10,2023100891,レインボーワールド,0.01394365809003276,4,12,0,0,0.0009280460552660384,0.0023847470922171085
2026-0704-03-02-03-03,11,2023100333,アンコンケラブル,0.011558910997815652,4,12,0,0,0.0023847470922171085,0.0012776651756058691
2026-0704-03-02-03-03,12,2023104621,ナックキャンドル,0.010281245822209783,4,12,0,0,0.0012776651756058691,0.0006338672112400998
2026-0704-03-02-03-03,13,2023100045,マンモスホームラン,0.009647378610969683,4,12,0,0,0.0006338672112400998,0.00026981492514666083
2026-0704-03-02-03-03,14,2023100625,オリジナルアポジー,0.009377563685823022,4,12,0,0,0.00026981492514666083,0.00340498975388345
2026-0704-03-02-03-03,15,2023103610,モータリゼーション,0.005972573931939572,4,12,0,0,0.00340498975388345,0
2026-0704-03-02-03-04,1,2023106991,グレイシエーション,0.1824734630989354,1,1,1,0,0,0.05315390571618939
2026-0704-03-02-03-04,2,2023104425,リーデレクオーレ,0.129319557382746,2,1,0,1,0.05315390571618939,0.059712378909789005
2026-0704-03-02-03-04,3,2023101779,アーリマックス,0.069607178472957,3,14,0,0,0.059712378909789005,0.00272962088641035
2026-0704-03-02-03-04,4,2023104685,ロジスカヤ,0.06687755758654665,3,14,0,0,0.00272962088641035,0.006828178248952391
2026-0704-03-02-03-04,5,2023105285,ミスティユニバンス,0.06004937933759426,3,14,0,0,0.006828178248952391,0.006729445891783814
2026-0704-03-02-03-04,6,2023102896,カラーオブサクセス,0.053319933445810444,3,14,0,0,0.006729445891783814,0.007559235367515051
2026-0704-03-02-03-04,7,2023105951,ナディア,0.04576069807829539,3,14,0,0,0.007559235367515051,0.0018749530329139827
2026-0704-03-02-03-04,8,2023104970,ハーティーチアーズ,0.04388574504538141,3,14,0,0,0.0018749530329139827,0.005669556566461648
2026-0704-03-02-03-04,9,2023105751,ラウンドヒル,0.03821618847891976,3,14,0,0,0.005669556566461648,0.015889290339055756
2026-0704-03-02-03-04,10,2023103772,アルファリラエ,0.022326898139864007,3,14,0,0,0.015889290339055756,0.006763825089457888
2026-0704-03-02-03-04,11,2023105619,ホウオウミステリー,0.015563073050406119,3,14,0,0,0.006763825089457888,0.0022034749401063265
2026-0704-03-02-03-04,12,2023105744,シエラモレーナ,0.013359598110299792,3,14,0,0,0.0022034749401063265,0.0017343294999677909
2026-0704-03-02-03-04,13,2023100987,ロッタリーランド,0.011625268610332001,3,14,0,0,0.0017343294999677909,0.002003902214918092
2026-0704-03-02-03-04,14,2023104480,タイセイスタナー,0.00962136639541391,3,14,0,0,0.002003902214918092,0.0003987669093204662
2026-0704-03-02-03-04,15,2023102394,トゥレイス,0.009222599486093443,3,14,0,0,0.0003987669093204662,0.0031593938287700967
2026-0704-03-02-03-04,16,2023102881,フレンドリーエール,0.006063205657323346,3,14,0,0,0.0031593938287700967,0
2026-0704-03-02-03-05,1,2024106264,スタースポット,0.06597899293189796,1,14,1,0,0,0.0
2026-0704-03-02-03-05,2,2024103610,コスモバルムンク,0.06597899293189796,1,14,0,0,0.0,0.0
2026-0704-03-02-03-05,3,2024106814,サノノファイター,0.06597899293189796,1,14,0,0,0.0,0.0
2026-0704-03-02-03-05,4,2024104660,マジックファイト,0.06597899293189796,1,14,0,0,0.0,0.0
2026-0704-03-02-03-05,5,2024104709,コルサロ,0.06597899293189796,1,14,0,0,0.0,0.0
2026-0704-03-02-03-05,6,2024105416,ハンデンブレイズ,0.06597899293189796,1,14,0,0,0.0,0.0
2026-0704-03-02-03-05,7,2024103412,フェリスセンダ,0.06597899293189796,1,14,0,0,0.0,0.0
2026-0704-03-02-03-05,8,2024103279,リベラリズモ,0.06597899293189796,1,14,0,0,0.0,0.0
2026-0704-03-02-03-05,9,2024106356,ブックオブケルズ,0.06597899293189796,1,14,0,0,0.0,0.0
2026-0704-03-02-03-05,10,2024106562,グルドロッティン,0.06597899293189796,1,14,0,0,0.0,0.0
2026-0704-03-02-03-05,11,2024104494,グラスクラージュ,0.06597899293189796,1,14,0,0,0.0,0.0
2026-0704-03-02-03-05,12,2024101791,レディレックス,0.06597899293189796,1,14,0,0,0.0,0.0
2026-0704-03-02-03-05,13,2024105980,ノーブルグランツ,0.06597899293189796,1,14,0,0,0.0,0.0
2026-0704-03-02-03-05,14,2024105269,ロードムーブオン,0.06597899293189796,1,14,0,0,0.0,0
2026-0704-03-02-03-06,1,2024103657,キタノバトゥーキ,0.05870065534207089,1,15,1,0,0,0.0
2026-0704-03-02-03-06,2,2024103051,ミュークゼウス,0.05870065534207089,1,15,0,0,0.0,0.0
2026-0704-03-02-03-06,3,2024105033,メイクアマーク,0.05870065534207089,1,15,0,0,0.0,0.0
2026-0704-03-02-03-06,4,2024106660,コンテミュール,0.05870065534207089,1,15,0,0,0.0,0.0
2026-0704-03-02-03-06,5,2024101779,ヤマタケゲンジ,0.05870065534207089,1,15,0,0,0.0,0.0
2026-0704-03-02-03-06,6,2024103358,メジャーシンガー,0.05870065534207089,1,15,0,0,0.0,0.0
2026-0704-03-02-03-06,7,2024106591,ベルグラース,0.05870065534207089,1,15,0,0,0.0,0.0
2026-0704-03-02-03-06,8,2024101358,ポッドレーヴ,0.05870065534207089,1,15,0,0,0.0,0.0
2026-0704-03-02-03-06,9,2024103006,モーモーワン,0.05870065534207089,1,15,0,0,0.0,0.0
2026-0704-03-02-03-06,10,2024100686,クロダテ,0.05870065534207089,1,15,0,0,0.0,0.0
2026-0704-03-02-03-06,11,2024100431,ユイノリュウギ,0.05870065534207089,1,15,0,0,0.0,0.0
2026-0704-03-02-03-06,12,2024104700,ダブルブロッサム,0.05870065534207089,1,15,0,0,0.0,0.0
2026-0704-03-02-03-06,13,2024101429,ファルコシニョーラ,0.05870065534207089,1,15,0,0,0.0,0.0
2026-0704-03-02-03-06,14,2024100640,スードランダム,0.05870065534207089,1,15,0,0,0.0,0.0
2026-0704-03-02-03-06,15,2024102821,オーケーエース,0.05870065534207089,1,15,0,0,0.0,0
2026-0704-03-02-03-07,1,2023105003,アールグレイ,0.20360008231164814,1,1,1,0,0,0.06563105874286443
2026-0704-03-02-03-07,2,2023105298,ピースフルマインド,0.1379690235687837,2,2,0,1,0.06563105874286443,0.012823809390134167
2026-0704-03-02-03-07,3,2023105808,フレキシブル,0.12514521417864954,2,2,0,1,0.012823809390134167,0.04529798418993414
2026-0704-03-02-03-07,4,2023107160,ダイヤモンドパレス,0.0798472299887154,3,13,0,0,0.04529798418993414,0.01732917430637569
2026-0704-03-02-03-07,5,2023106811,アルティマローネ,0.06251805568233972,3,13,0,0,0.01732917430637569,0.005869054378946102
2026-0704-03-02-03-07,6,2023107044,アンヴデット,0.05664900130339361,3,13,0,0,0.005869054378946102,0.0038087223772553733
2026-0704-03-02-03-07,7,2023102172,フロンテアムーン,0.05284027892613824,3,13,0,0,0.0038087223772553733,0.0009469677904795082
2026-0704-03-02-03-07,8,2023105618,ホウオウライラック,0.05189331113565873,3,13,0,0,0.0009469677904795082,0.004290222035104256
2026-0704-03-02-03-07,9,2023101048,アドマイヤフク,0.047603089100554476,3,13,0,0,0.004290222035104256,0.0038186019880462538
2026-0704-03-02-03-07,10,2023106493,ミセスジョーンズ,0.04378448711250822,3,13,0,0,0.0038186019880462538,0.00882024504035639
2026-0704-03-02-03-07,11,2023102715,キタノアヤカ,0.03496424207215183,3,13,0,0,0.00882024504035639,0.011732942395057833
2026-0704-03-02-03-07,12,2023107054,ギャニミード,0.023231299677094,3,13,0,0,0.011732942395057833,0.00576927663359994
2026-0704-03-02-03-07,13,2023103462,スターリットフレア,0.01746202304349406,3,13,0,0,0.00576927663359994,0.0027167872178927837
2026-0704-03-02-03-07,14,2023107385,ジーナグレイス,0.014745235825601275,3,13,0,0,0.0027167872178927837,0.007453408583307633
2026-0704-03-02-03-07,15,2023103651,ノーブルスアーク,0.0072918272422936425,3,13,0,0,0.007453408583307633,4.476159067930488e-05
2026-0704-03-02-03-07,16,2023101052,アズサ,0.007247065651614338,3,13,0,0,4.476159067930488e-05,0
2026-0704-03-02-03-08,1,2022105863,ルシャルムール,0.2192909215466224,1,3,1,0,0,0.03504367008453113
2026-0704-03-02-03-08,2,2022104987,ベルチュガダン,0.18424725146209128,1,3,0,0,0.03504367008453113,0.025408210500851514
2026-0704-03-02-03-08,3,2023103931,ゴーゴーパンチ,0.15883904096123977,1,3,0,0,0.025408210500851514,0.04570101952879836
2026-0704-03-02-03-08,4,2022106785,コスモシェルベット,0.11313802143244141,2,12,0,1,0.04570101952879836,0.012077139593183184
2026-0704-03-02-03-08,5,2022104311,ヤングアメリカンズ,0.10106088183925822,2,12,0,1,0.012077139593183184,0.0025539771044986864
2026-0704-03-02-03-08,6,2023100964,エアトベーレ,0.09850690473475954,2,12,0,1,0.0025539771044986864,0.038374145061252314
2026-0704-03-02-03-08,7,2023102646,ユキノグラス,0.06013275967350722,2,12,0,1,0.038374145061252314,0.005814190765873042
2026-0704-03-02-03-08,8,2023104309,エスシーレイジュ,0.05431856890763418,2,12,0,1,0.005814190765873042,0.001915905094277054
2026-0704-03-02-03-08,9,2023102405,エコロストーム,0.05240266381335713,2,12,0,1,0.001915905094277054,0.00030251354244351103
2026-0704-03-02-03-08,10,2020103389,ブリスキー,0.052100150270913616,2,12,0,1,0.00030251354244351103,0.010296539753169166
2026-0704-03-02-03-08,11,2023102659,シューティングガイ,0.04180361051774445,2,12,0,1,0.010296539753169166,0.0019776685091396767
2026-0704-03-02-03-08,12,2022104881,エウテルペ,0.03982594200860477,2,12,0,1,0.0019776685091396767,0.02001865606542661
2026-0704-03-02-03-08,13,2022102846,カフェロワドール,0.01980728594317816,2,12,0,1,0.02001865606542661,0.010206195504932056
2026-0704-03-02-03-08,14,2022101438,レッドルイナール,0.009601090438246106,2,12,0,1,0.010206195504932056,0.0002233295733855261
2026-0704-03-02-03-08,15,2021102969,パッカパッカブー,0.00937776086486058,2,12,0,1,0.0002233295733855261,0
2026-0704-03-02-03-09,1,2023107256,アローメタル,0.22989171912361617,1,1,1,0,0,0.1106645970109177
2026-0704-03-02-03-09,2,2022106792,コスモアチーブ,0.11922712211269847,2,3,0,1,0.1106645970109177,0.0014417671603478288
2026-0704-03-02-03-09,3,2021102203,トレベルオール,0.11778535495235064,2,3,0,1,0.0014417671603478288,0.006102002170137399
2026-0704-03-02-03-09,4,2022103308,ミッドセンチュリー,0.11168335278221324,2,3,0,1,0.006102002170137399,0.049073689267530377
2026-0704-03-02-03-09,5,2022106770,マイネルボス,0.06260966351468286,3,6,0,0,0.049073689267530377,0.002452422440190019
2026-0704-03-02-03-09,6,2023106426,コスモエルヴァル,0.06015724107449284,3,6,0,0,0.002452422440190019,0.010209137527917293
2026-0704-03-02-03-09,7,2022104187,ムーンストラック,0.04994810354657555,3,6,0,0,0.010209137527917293,0.021480073171778476
2026-0704-03-02-03-09,8,2022107202,ニシノイストワール,0.028468030374797074,3,6,0,0,0.021480073171778476,0.006352126749011141
2026-0704-03-02-03-09,9,2022104851,アレクレア,0.022115903625785933,3,6,0,0,0.006352126749011141,0.0018234612600858194
2026-0704-03-02-03-09,10,2021104820,メアヴィア,0.020292442365700113,3,6,0,0,0.0018234612600858194,0
2026-0704-03-02-03-10,1,2022105847,ディーズゴールド,0.1574793422022728,1,1,1,0,0,0.07229717005088569
2026-0704-03-02-03-10,2,2022105030,エリーナストーム,0.08518217215138711,2,9,0,1,0.07229717005088569,0.003659195643268276
2026-0704-03-02-03-10,3,2022104897,レッドベルダンス,0.08152297650811884,2,9,0,1,0.003659195643268276,0.02370005537937967
2026-0704-03-02-03-10,4,2022102700,トゥーザムーン,0.057822921128739165,2,9,0,1,0.02370005537937967,0.006049798327472454
2026-0704-03-02-03-10,5,2021106521,キングツェッペリン,0.05177312280126671,2,9,0,1,0.006049798327472454,0.023925127295650567
2026-0704-03-02-03-10,6,2020101655,マンダリンボレロ,0.027847995505616143,2,9,0,1,0.023925127295650567,0.005740275000316077
2026-0704-03-02-03-10,7,2016100126,ダディーズトリップ,0.022107720505300067,2,9,0,1,0.005740275000316077,0.0007999426044450544
2026-0704-03-02-03-10,8,2020105147,ユイノマチブセ,0.021307777900855012,2,9,0,1,0.0007999426044450544,0.002033251569018315
2026-0704-03-02-03-10,9,2021101733,クロドラバール,0.019274526331836697,2,9,0,1,0.002033251569018315,0.004145110633323746
2026-0704-03-02-03-10,10,2021106192,ウインアルドーレ,0.01512941569851295,2,9,0,1,0.004145110633323746,0
2026-0704-03-02-03-11,1,2022103684,ゲイルライダー,0.2765675951151294,1,1,1,0,0,0.179844285892795
2026-0704-03-02-03-11,2,2021100338,テセラリアン,0.0967233092223344,2,9,0,1,0.179844285892795,0.0010927324787276121
2026-0704-03-02-03-11,3,2022110077,イリフィ,0.09563057674360678,2,9,0,1,0.0010927324787276121,0.013307740367972123
2026-0704-03-02-03-11,4,2022102790,カネショウレジェン,0.08232283637563466,2,9,0,1,0.013307740367972123,0.0220276142043905
2026-0704-03-02-03-11,5,2022100418,ラストシャリナ,0.06029522217124416,2,9,0,1,0.0220276142043905,0.017717677990982596
2026-0704-03-02-03-11,6,2020103088,ピックアップライン,0.042577544180261565,2,9,0,1,0.017717677990982596,0.002068424694854687
2026-0704-03-02-03-11,7,2021110057,ボディブロー,0.04050911948540688,2,9,0,1,0.002068424694854687,0.0006658625807465374
2026-0704-03-02-03-11,8,2021103204,アイアムユウシュン,0.03984325690466034,2,9,0,1,0.0006658625807465374,0.013159273367811395
2026-0704-03-02-03-11,9,2020106908,メイショウコバト,0.026683983536848945,2,9,0,1,0.013159273367811395,0.010739219492802512
2026-0704-03-02-03-11,10,2019102102,ゲキザル,0.015944764044046433,2,9,0,1,0.010739219492802512,0
2026-0704-03-02-03-12,1,2023102694,トワニ,0.2068681000412878,1,1,1,0,0,0.05027769087978384
2026-0704-03-02-03-12,2,2022100075,ブラックティンカー,0.15659040916150396,2,1,0,1,0.05027769087978384,0.07001609373700603
2026-0704-03-02-03-12,3,2023106372,リラベガ,0.08657431542449794,3,14,0,0,0.07001609373700603,0.009321177171609477
2026-0704-03-02-03-12,4,2022105279,ルパヴィヨン,0.07725313825288846,3,14,0,0,0.009321177171609477,0.002105476429271544
2026-0704-03-02-03-12,5,2023101558,ルージュブリッツ,0.07514766182361692,3,14,0,0,0.002105476429271544,0.00844098883674195
2026-0704-03-02-03-12,6,2023105325,ラヴノー,0.06670667298687497,3,14,0,0,0.00844098883674195,0.015135793455798227
2026-0704-03-02-03-12,7,2023103036,カガラプンツェル,0.05157087953107674,3,14,0,0,0.015135793455798227,0.008971065694584578
2026-0704-03-02-03-12,8,2021105747,プリュノワール,0.04259981383649216,3,14,0,0,0.008971065694584578,0.004099624097947792
2026-0704-03-02-03-12,9,2021105956,ロンドンアームズ,0.03850018973854437,3,14,0,0,0.004099624097947792,0.002166354954439058
2026-0704-03-02-03-12,10,2020100759,アルマロクザン,0.03633383478410531,3,14,0,0,0.002166354954439058,0.0034620992505011786
2026-0704-03-02-03-12,11,2023100421,カシノリアーナ,0.03287173553360413,3,14,0,0,0.0034620992505011786,0.003856680615430378
2026-0704-03-02-03-12,12,2021102396,アテンスマイル,0.029015054918173754,3,14,0,0,0.003856680615430378,0.005825780462468941
2026-0704-03-02-03-12,13,2022101312,パッションディーバ,0.023189274455704813,3,14,0,0,0.005825780462468941,0.0033539525758801043
2026-0704-03-02-03-12,14,2020100084,レッドカメリア,0.01983532187982471,3,14,0,0,0.0033539525758801043,0.011984945869400552
2026-0704-03-02-03-12,15,2021106347,ピクラリーダ,0.007850376010424157,3,14,0,0,0.011984945869400552,0.00010144826718198365
2026-0704-03-02-03-12,16,2022105000,ミセスリリー,0.007748927743242174,3,14,0,0,0.00010144826718198365,0
2026-0704-10-02-03-01,1,2022101139,アバットゥータ,0.2679443352276334,1,1,1,0,0,0.18192340977841742
2026-0704-10-02-03-01,2,2021103725,テイエムリステット,0.08602092544921597,2,11,0,1,0.18192340977841742,0.003482624910458698
2026-0704-10-02-03-01,3,2020109148,ゴーツウキリシマ,0.08253830053875727,2,11,0,1,0.003482624910458698,0.02231754244779874
2026-0704-10-02-03-01,4,2021110146,ゴールデンルーキー,0.06022075809095853,2,11,0,1,0.02231754244779874,0.013777047971152041
2026-0704-10-02-03-01,5,2022103255,メイショウソウセキ,0.04644371011980649,2,11,0,1,0.013777047971152041,0.005521202460024785
2026-0704-10-02-03-01,6,2021105489,シークレットキー,0.040922507659781705,2,11,0,1,0.005521202460024785,0.004061249607754551
2026-0704-10-02-03-01,7,2019103634,アニージョ,0.036861258052027154,2,11,0,1,0.004061249607754551,0.001514443855889655
2026-0704-10-02-03-01,8,2022100481,アクロスザリバー,0.0353468141961375,2,11,0,1,0.001514443855889655,0.01863817278220311
2026-0704-10-02-03-01,9,2021107224,アドアプローズ,0.01670864141393439,2,11,0,1,0.01863817278220311,0.0013158388411894165
2026-0704-10-02-03-01,10,2021106840,パーセルペーパー,0.015392802572744974,2,11,0,1,0.0013158388411894165,0.00020914655210462624
2026-0704-10-02-03-01,11,2022103517,シュエットアムール,0.015183656020640347,2,11,0,1,0.00020914655210462624,0.006405690606495269
2026-0704-10-02-03-01,12,2022100727,キムタックフェイス,0.008777965414145078,2,11,0,1,0.006405690606495269,0
2026-0704-10-02-03-02,1,2023102639,ランスオブラヴ,0.1137277223647123,1,1,1,0,0,0.05008464635620366
2026-0704-10-02-03-02,2,2023102920,アイルトン,0.06364307600850864,2,17,0,1,0.05008464635620366,0.016588602844017426
2026-0704-10-02-03-02,3,2023104839,マルモリキャスター,0.04705447316449122,2,17,0,1,0.016588602844017426,0.005365609280975278
2026-0704-10-02-03-02,4,2023106618,ルージュルガーノ,0.04168886388351594,2,17,0,1,0.005365609280975278,0.01196587083134773
2026-0704-10-02-03-02,5,2023103159,ロングジーニアス,0.02972299305216821,2,17,0,1,0.01196587083134773,0.0007845001913392817
2026-0704-10-02-03-02,6,2023103916,ナデシコザクラ,0.02893849286082893,2,17,0,1,0.0007845001913392817,0.0043387431963109145
2026-0704-10-02-03-02,7,2023105788,リフルフォース,0.024599749664518014,2,17,0,1,0.0043387431963109145,0.0034720865489655008
2026-0704-10-02-03-02,8,2023101440,アンコ,0.021127663115552513,2,17,0,1,0.0034720865489655008,0.0002546865963579045
2026-0704-10-02-03-02,9,2023103353,シャンデリュイーズ,0.02087297651919461,2,17,0,1,0.0002546865963579045,0.0020494094299928316
2026-0704-10-02-03-02,10,2023109108,パープルウインド,0.018823567089201777,2,17,0,1,0.0020494094299928316,2.6362159615937047e-05
2026-0704-10-02-03-02,11,2023101380,ミヤノラングリー,0.01879720492958584,2,17,0,1,2.6362159615937047e-05,0.003669072409562794
2026-0704-10-02-03-02,12,2023100798,マリノムーンリーフ,0.015128132520023046,2,17,0,1,0.003669072409562794,0.00017114482897577325
2026-0704-10-02-03-02,13,2023102561,サラサキングスター,0.014956987691047273,2,17,0,1,0.00017114482897577325,0.0031597502442245982
2026-0704-10-02-03-02,14,2023107123,デュードロップ,0.011797237446822675,2,17,0,1,0.0031597502442245982,0.0009666390279001718
2026-0704-10-02-03-02,15,2023104703,ニシノトリビュート,0.010830598418922503,2,17,0,1,0.0009666390279001718,0.002580769882290831
2026-0704-10-02-03-02,16,2023103777,メドウセージ,0.008249828536631672,2,17,0,1,0.002580769882290831,0.00016183538627873376
2026-0704-10-02-03-02,17,2023101055,レイノルズナンバー,0.008087993150352938,2,17,0,1,0.00016183538627873376,0.001691541296608868
2026-0704-10-02-03-02,18,2023105890,ヒャクギマル,0.00639645185374407,2,17,0,1,0.001691541296608868,0
2026-0704-10-02-03-03,1,2023107221,シャンドラファール,0.22520450581830306,1,2,1,0,0,0.028163493098941755
2026-0704-10-02-03-03,2,2023105571,ドリームプレミア,0.1970410127193613,1,2,0,0,0.028163493098941755,0.07382646151440601
2026-0704-10-02-03-03,3,2023103743,シャリキモン,0.1232145512049553,2,1,0,1,0.07382646151440601,0.07383807436684346
2026-0704-10-02-03-03,4,2023104905,テイエムプレミラン,0.04937647683811183,3,13,0,0,0.07383807436684346,0.004335470253002155
2026-0704-10-02-03-03,5,2023105234,カパルア,0.04504100658510968,3,13,0,0,0.004335470253002155,0.0045744872977053486
2026-0704-10-02-03-03,6,2023107272,サトノトリニティ,0.04046651928740433,3,13,0,0,0.0045744872977053486,0.013858971987398706
2026-0704-10-02-03-03,7,2023103457,スピーチバルーン,0.026607547300005623,3,13,0,0,0.013858971987398706,0.003455394493243648
2026-0704-10-02-03-03,8,2023102718,レイワノキセキ,0.023152152806761975,3,13,0,0,0.003455394493243648,0.00012004456650320863
2026-0704-10-02-03-03,9,2023106487,マイネルホウセン,0.023032108240258767,3,13,0,0,0.00012004456650320863,0.004924411830766924
2026-0704-10-02-03-03,10,2023101934,レットミーテイク,0.018107696409491843,3,13,0,0,0.004924411830766924,0.0001603654528913416
2026-0704-10-02-03-03,11,2023103679,リアライズパリオ,0.0179473309566005,3,13,0,0,0.0001603654528913416,0.0006136511256792862
2026-0704-10-02-03-03,12,2023102724,ブライトココナッツ,0.017333679830921215,3,13,0,0,0.0006136511256792862,0.005483248417275188
2026-0704-10-02-03-03,13,2023100983,メイショウシュハリ,0.011850431413646027,3,13,0,0,0.005483248417275188,0.0026721922971852646
2026-0704-10-02-03-03,14,2023106361,ビースペシフィック,0.009178239116460762,3,13,0,0,0.0026721922971852646,0.0010001544500065993
2026-0704-10-02-03-03,15,2023105349,ベルドゥニュイ,0.008178084666454163,3,13,0,0,0.0010001544500065993,0.0009383673679883645
2026-0704-10-02-03-03,16,2023106911,ミスティックレイン,0.007239717298465799,3,13,0,0,0.0009383673679883645,0
2026-0704-10-02-03-04,1,2023101702,マーゴットガイア,0.3025634238769909,1,1,1,0,0,0.06472595668007822
2026-0704-10-02-03-04,2,2023100233,アキノビューティー,0.2378374671969127,2,1,0,1,0.06472595668007822,0.05629905332050336
2026-0704-10-02-03-04,3,2023100989,アンティスマ,0.18153841387640934,3,1,0,0,0.05629905332050336,0.06087228989532144
2026-0704-10-02-03-04,4,2023107040,ダノンロワール,0.1206661239810879,4,1,0,0,0.06087228989532144,0.06317994779590119
2026-0704-10-02-03-04,5,2023100580,セントピュアベース,0.05748617618518672,5,12,0,0,0.06317994779590119,0.012323542311961713
2026-0704-10-02-03-04,6,2023106819,モンテパステル,0.04516263387322501,5,12,0,0,0.012323542311961713,0.0
2026-0704-10-02-03-04,7,2023105313,イットガール,0.04516263387322501,5,12,0,0,0.0,0.0
2026-0704-10-02-03-04,8,2023101363,デルマトカチ,0.04516263387322501,5,12,0,0,0.0,0.012910351532842833
2026-0704-10-02-03-04,9,2023100275,オーケーキュート,0.032252282340382174,5,12,0,0,0.012910351532842833,0.006641371834033693
2026-0704-10-02-03-04,10,2023104979,エンジェルグラース,0.02561091050634848,5,12,0,0,0.006641371834033693,0.007535310532557016
2026-0704-10-02-03-04,11,2023103819,ショルタメンテ,0.018075599973791465,5,12,0,0,0.007535310532557016,2.614060184522038e-05
2026-0704-10-02-03-04,12,2023103868,ヴォメロ,0.018049459371946245,5,12,0,0,2.614060184522038e-05,0.0050145377882701864
2026-0704-10-02-03-04,13,2023105121,ヴェロシオン,0.013034921583676059,5,12,0,0,0.0050145377882701864,0.0002941649253366419
2026-0704-10-02-03-04,14,2023100864,ヒデガミティアラ,0.012740756658339417,5,12,0,0,0.0002941649253366419,0.0001900088366454892
2026-0704-10-02-03-04,15,2023104337,ダンツカレン,0.012550747821693927,5,12,0,0,0.0001900088366454892,0.003269003453101103
2026-0704-10-02-03-04,16,2023104048,カワキタベレッタ,0.009281744368592824,5,12,0,0,0.003269003453101103,0
2026-0704-10-02-03-05,1,2024105595,ココモフィーバー,0.07289728340424038,1,13,1,0,0,0.0
2026-0704-10-02-03-05,2,2024106888,プリンキピッサ,0.07289728340424038,1,13,0,0,0.0,0.0
2026-0704-10-02-03-05,3,2024100690,ブルーチップ,0.07289728340424038,1,13,0,0,0.0,0.0
2026-0704-10-02-03-05,4,2024102341,ワイドアイリー,0.07289728340424038,1,13,0,0,0.0,0.0
2026-0704-10-02-03-05,5,2024103210,チョウチャンピオン,0.07289728340424038,1,13,0,0,0.0,0.0
2026-0704-10-02-03-05,6,2024106299,シャローフォレスト,0.07289728340424038,1,13,0,0,0.0,0.0
2026-0704-10-02-03-05,7,2024105858,ナミオトノヒビキ,0.07289728340424038,1,13,0,0,0.0,0.0
2026-0704-10-02-03-05,8,2024100140,カシノスワッグ,0.07289728340424038,1,13,0,0,0.0,0.0
2026-0704-10-02-03-05,9,2024101223,テーオージャスミン,0.07289728340424038,1,13,0,0,0.0,0.0
2026-0704-10-02-03-05,10,2024103672,ディーエスシン,0.07289728340424038,1,13,0,0,0.0,0.0
2026-0704-10-02-03-05,11,2024108132,マルモリマイベスト,0.07289728340424038,1,13,0,0,0.0,0.0
2026-0704-10-02-03-05,12,2024101749,ルマンサルト,0.07289728340424038,1,13,0,0,0.0,0.0
2026-0704-10-02-03-05,13,2024100628,ゴールドショーマン,0.07289728340424038,1,13,0,0,0.0,0
2026-0704-10-02-03-06,1,2023102006,ピコオーバル,0.21085707566540746,1,1,1,0,0,0.04603835081754168
2026-0704-10-02-03-06,2,2023105124,キングズテイル,0.16481872484786578,2,15,0,1,0.04603835081754168,0.0021271465639153275
2026-0704-10-02-03-06,3,2023103163,キープシャイニング,0.16269157828395045,2,15,0,1,0.0021271465639153275,0.008925138639682861
2026-0704-10-02-03-06,4,2023100715,ピエナオルカ,0.1537664396442676,2,15,0,1,0.008925138639682861,0.008202550035620676
2026-0704-10-02-03-06,5,2023102580,マーチンゲール,0.1455638896086469,2,15,0,1,0.008202550035620676,0.006070478269321861
2026-0704-10-02-03-06,6,2023104887,ジャスティンゴッホ,0.13949341133932505,2,15,0,1,0.006070478269321861,0.040085053763703596
2026-0704-10-02-03-06,7,2023110018,ラッキーストーン,0.09940835757562146,2,15,0,1,0.040085053763703596,0.03562963507820553
2026-0704-10-02-03-06,8,2023105112,ロンバルドシチー,0.06377872249741592,2,15,0,1,0.03562963507820553,0.007777636755592149
2026-0704-10-02-03-06,9,2023107528,ブクブクー,0.056001085741823775,2,15,0,1,0.007777636755592149,0.018159798588916073
2026-0704-10-02-03-06,10,2023103168,ベルアズーロ,0.0378412871529077,2,15,0,1,0.018159798588916073,0.014838240607837463
2026-0704-10-02-03-06,11,2023104937,バチラ,0.023003046545070238,2,15,0,1,0.014838240607837463,0.006258804424081384
2026-0704-10-02-03-06,12,2023104391,クロワール,0.016744242120988854,2,15,0,1,0.006258804424081384,0.0001124634513312156
2026-0704-10-02-03-06,13,2023101491,フルドフォルク,0.016631778669657638,2,15,0,1,0.0001124634513312156,0.002243802593827657
2026-0704-10-02-03-06,14,2023109054,カミノトップワン,0.014387976075829981,2,15,0,1,0.002243802593827657,0.001628621633577904
2026-0704-10-02-03-06,15,2023101883,ハギノクリーガー,0.012759354442252078,2,15,0,1,0.001628621633577904,0.00756857358671155
2026-0704-10-02-03-06,16,2023110009,エクスマウス,0.005190780855540527,2,15,0,1,0.00756857358671155,0
2026-0704-10-02-03-07,1,2023106873,ホワイトフレイムス,0.2720287378956029,1,1,1,0,0,0.05831619726956355
2026-0704-10-02-03-07,2,2023101840,ララディアーブル,0.21371254062603934,2,3,0,1,0.05831619726956355,0.026055897928165817
2026-0704-10-02-03-07,3,2023105281,ホウオウモチーヴ,0.18765664269787352,2,3,0,1,0.026055897928165817,0.021026033098364844
2026-0704-10-02-03-07,4,2023101582,ベンティガオルサ,0.16663060959950868,2,3,0,1,0.021026033098364844,0.07130957862686772
2026-0704-10-02-03-07,5,2023104075,フェブリノ,0.09532103097264095,3,12,0,0,0.07130957862686772,0.020060689677765142
2026-0704-10-02-03-07,6,2023103488,シュプリームレルム,0.07526034129487581,3,12,0,0,0.020060689677765142,0.005820117778080711
2026-0704-10-02-03-07,7,2023105979,ジージージェット,0.0694402235167951,3,12,0,0,0.005820117778080711,0.0062287839638436315
2026-0704-10-02-03-07,8,2023105323,バックドラフト,0.06321143955295147,3,12,0,0,0.0062287839638436315,0.025281134326708386
2026-0704-10-02-03-07,9,2023102808,プリティウーマン,0.037930305226243084,3,12,0,0,0.025281134326708386,0.015758192630241596
2026-0704-10-02-03-07,10,2023100551,ステラネージュ,0.02217211259600149,3,12,0,0,0.015758192630241596,0.007583176749113692
2026-0704-10-02-03-07,11,2023105075,ワンダーリュクス,0.014588935846887797,3,12,0,0,0.007583176749113692,0.0005394489809982042
2026-0704-10-02-03-07,12,2023101677,プロスト,0.014049486865889593,3,12,0,0,0.0005394489809982042,0.002648265233702594
2026-0704-10-02-03-07,13,2023105643,サンライズレマ,0.011401221632186999,3,12,0,0,0.002648265233702594,0.002879070297639128
2026-0704-10-02-03-07,14,2023103501,シンゼンイセ,0.00852215133454787,3,12,0,0,0.002879070297639128,0.0011698766152495174
2026-0704-10-02-03-07,15,2023103158,ワルツプリンセス,0.007352274719298353,3,12,0,0,0.0011698766152495174,0.0010231585284481044
2026-0704-10-02-03-07,16,2023100335,テイエムローズダン,0.006329116190850249,3,12,0,0,0.0010231585284481044,0
2026-0704-10-02-03-08,1,2023110106,ブルーマッキンジー,0.30741870071478866,1,1,1,0,0,0.1482720013387727
2026-0704-10-02-03-08,2,2023110098,エルル,0.15914669937601597,2,12,0,1,0.1482720013387727,0.011181052355622473
2026-0704-10-02-03-08,3,2021104151,カネコメファミリー,0.1479656470203935,2,12,0,1,0.011181052355622473,0.03128743672324055
2026-0704-10-02-03-08,4,2023102606,ミヤフロント,0.11667821029715295,2,12,0,1,0.03128743672324055,0.0023501065827384315
2026-0704-10-02-03-08,5,2023106968,ベラジオリン,0.11432810371441451,2,12,0,1,0.0023501065827384315,0.03968719998403217
2026-0704-10-02-03-08,6,2022101117,アイファーモービル,0.07464090373038235,2,12,0,1,0.03968719998403217,0.005890871637552919
2026-0704-10-02-03-08,7,2021103451,プルミエールパス,0.06875003209282943,2,12,0,1,0.005890871637552919,0.018920653209447073
2026-0704-10-02-03-08,8,2023103862,ミヤラティーニ,0.049829378883382354,2,12,0,1,0.018920653209447073,0.0034721996659848944
2026-0704-10-02-03-08,9,2022101607,イチトゼロノアイダ,0.04635717921739746,2,12,0,1,0.0034721996659848944,0.005030685021118406
2026-0704-10-02-03-08,10,2022110104,アメリカンビヨンド,0.041326494196279054,2,12,0,1,0.005030685021118406,0.016710365717231765
2026-0704-10-02-03-08,11,2022103485,アスコットアイ,0.02461612847904729,2,12,0,1,0.016710365717231765,0.007072333046365505
2026-0704-10-02-03-08,12,2021104138,ピオニエーレ,0.017543795432681784,2,12,0,1,0.007072333046365505,0.0015878177526854609
2026-0704-10-02-03-08,13,2022106874,ナムラトロム,0.015955977679996323,2,12,0,1,0.0015878177526854609,0
2026-0704-10-02-03-09,1,2023110055,グッドピース,0.15689552514867364,1,1,1,0,0,0.08161144081630922
2026-0704-10-02-03-09,2,2023102027,フィオラーノ,0.07528408433236441,2,11,0,1,0.08161144081630922,0.014408570671284732
2026-0704-10-02-03-09,3,2022107147,キョラムン,0.06087551366107968,2,11,0,1,0.014408570671284732,0.0005741017036432483
2026-0704-10-02-03-09,4,2021104671,ミライハーモニー,0.060301411957436435,2,11,0,1,0.0005741017036432483,0.0004785757453977038
2026-0704-10-02-03-09,5,2023105129,ネフェルアスティ,0.05982283621203873,2,11,0,1,0.0004785757453977038,0.006650720352118791
2026-0704-10-02-03-09,6,2022103750,スピリットライズ,0.05317211585991994,2,11,0,1,0.006650720352118791,0.0023725395836585172
2026-0704-10-02-03-09,7,2023100942,マウンテンバローズ,0.05079957627626142,2,11,0,1,0.0023725395836585172,0.015079597862726994
2026-0704-10-02-03-09,8,2020105561,ケイアイクビラ,0.03571997841353443,2,11,0,1,0.015079597862726994,0.012199835854465175
2026-0704-10-02-03-09,9,2023101065,リアルアルバ,0.023520142559069254,2,11,0,1,0.012199835854465175,0.009218667850874801
2026-0704-10-02-03-09,10,2022107258,ラブアイミー,0.014301474708194453,2,11,0,1,0.009218667850874801,0.0025920203315663044
2026-0704-10-02-03-09,11,2022106715,ギザキズラヴ,0.011709454376628148,2,11,0,1,0.0025920203315663044,0.004440257906169852
2026-0704-10-02-03-09,12,2022105496,ソリスディエス,0.007269196470458296,2,11,0,1,0.004440257906169852,0
2026-0704-10-02-03-10,1,2023105367,ゴールデンバランス,0.10898333675257937,1,12,1,0,0,0.019522219494612858
2026-0704-10-02-03-10,2,2022102427,パールフロント,0.08946111725796652,1,12,0,0,0.019522219494612858,0.0036069552898425894
2026-0704-10-02-03-10,3,2023102991,ローズカリス,0.08585416196812393,1,12,0,0,0.0036069552898425894,0.01381622819953475
2026-0704-10-02-03-10,4,2021101057,セールヴォラン,0.07203793376858918,1,12,0,0,0.01381622819953475,0.006176484421389183
2026-0704-10-02-03-10,5,2022101398,リクエイ,0.0658614493472,1,12,0,0,0.006176484421389183,0.019574197199387848
2026-0704-10-02-03-10,6,2019101399,ザウリ,0.046287252147812145,1,12,0,0,0.019574197199387848,0.007349567660925989
2026-0704-10-02-03-10,7,2021100639,アストラカ,0.03893768448688616,1,12,0,0,0.007349567660925989,0.0006082548779881847
2026-0704-10-02-03-10,8,2022110111,ジャスパーソレイユ,0.03832942960889797,1,12,0,0,0.0006082548779881847,0.008588282221450541
2026-0704-10-02-03-10,9,2021102562,パルプフィクション,0.02974114738744743,1,12,0,0,0.008588282221450541,0.0005304536955421935
2026-0704-10-02-03-10,10,2022100226,ディーエスショウマ,0.029210693691905237,1,12,0,0,0.0005304536955421935,0.001100551564553083
2026-0704-10-02-03-10,11,2022104216,ペイシャヴァルツー,0.028110142127352154,1,12,0,0,0.001100551564553083,0.011341026395943435
2026-0704-10-02-03-10,12,2019100871,ブルーノート,0.01676911573140872,1,12,0,0,0.011341026395943435,0
2026-0704-10-02-03-11,1,2022105140,ネブラディスク,0.2852463612572963,1,1,1,0,0,0.04919836457496174
2026-0704-10-02-03-11,2,2023101449,サウンドムーブ,0.23604799668233456,2,1,0,1,0.04919836457496174,0.12802028690881317
2026-0704-10-02-03-11,3,2021105459,ヴィスマール,0.1080277097735214,3,12,0,0,0.12802028690881317,0.018948292652307505
2026-0704-10-02-03-11,4,2020103456,ナヴォーナ,0.0890794171212139,3,12,0,0,0.018948292652307505,0.012641217810095612
2026-0704-10-02-03-11,5,2021102115,アラタマフェーヴル,0.07643819931111828,3,12,0,0,0.012641217810095612,0.00589434482258018
2026-0704-10-02-03-11,6,2022102500,マトラコーニッシュ,0.0705438544885381,3,12,0,0,0.00589434482258018,0.003155472363242637
2026-0704-10-02-03-11,7,2022105475,レディーミコノス,0.06738838212529547,3,12,0,0,0.003155472363242637,0.0001810681643991674
2026-0704-10-02-03-11,8,2021104832,モアリジット,0.0672073139608963,3,12,0,0,0.0001810681643991674,0.007676180953981725
2026-0704-10-02-03-11,9,2022100403,ウォーターガーベラ,0.05953113300691457,3,12,0,0,0.007676180953981725,0.036908262104152316
2026-0704-10-02-03-11,10,2021105746,アルトゥーム,0.022622870902762257,3,12,0,0,0.036908262104152316,0.0017997226390717574
2026-0704-10-02-03-11,11,2020100976,ハギノアルデバラン,0.0208231482636905,3,12,0,0,0.0017997226390717574,0.00014591475885765426
2026-0704-10-02-03-11,12,2020101486,ドットクルー,0.020677233504832845,3,12,0,0,0.00014591475885765426,0.0017423490930961322
2026-0704-10-02-03-11,13,2020103168,トーアライデン,0.018934884411736713,3,12,0,0,0.0017423490930961322,0.0004152024710072956
2026-0704-10-02-03-11,14,2020103407,スリリングチェイス,0.018519681940729418,3,12,0,0,0.0004152024710072956,0
2026-0704-10-02-03-12,1,2023107269,ムーンリットアイル,0.23549360833821162,1,1,1,0,0,0.04897481719699856
2026-0704-10-02-03-12,2,2021103488,ジャンヌローサ,0.18651879114121306,2,1,0,1,0.04897481719699856,0.07015941431210869
2026-0704-10-02-03-12,3,2023106999,エピッククイーン,0.11635937682910437,3,10,0,0,0.07015941431210869,0.0037818235627725405
2026-0704-10-02-03-12,4,2023105185,ミトノリン,0.11257755326633183,3,10,0,0,0.0037818235627725405,0.016832494854591387
2026-0704-10-02-03-12,5,2022104644,ペンテリコン,0.09574505841174044,3,10,0,0,0.016832494854591387,0.02027379168349805
2026-0704-10-02-03-12,6,2023105438,アカウフリューゲル,0.07547126672824239,3,10,0,0,0.02027379168349805,0.019790546867523517
2026-0704-10-02-03-12,7,2022103880,ユメシバイ,0.055680719860718875,3,10,0,0,0.019790546867523517,0.012493923564822408
2026-0704-10-02-03-12,8,2022102406,ヒットザグラウンド,0.04318679629589647,3,10,0,0,0.012493923564822408,0.018397630361875743
2026-0704-10-02-03-12,9,2021106586,ラブカムーン,0.024789165934020724,3,10,0,0,0.018397630361875743,0.004162367117003275
2026-0704-10-02-03-12,10,2022101053,ペガサスノース,0.02062679881701745,3,10,0,0,0.004162367117003275,0.0030706117358137476
2026-0704-10-02-03-12,11,2022105458,ピリカサンライズ,0.0175561870812037,3,10,0,0,0.0030706117358137476,0.004801399119265878
2026-0704-10-02-03-12,12,2022100087,コヒロ,0.012754787961937823,3,10,0,0,0.004801399119265878,0
2026-0705-02-01-08-01,1,2024100652,コックニー,0.2650584359799389,1,2,1,0,0,0.018261371854045777
2026-0705-02-01-08-01,2,2024104976,チカバリエンテ,0.2467970641258931,1,2,0,0,0.018261371854045777,0.06450534953536846
2026-0705-02-01-08-01,3,2024100569,キチロクタワー,0.18229171459052465,2,1,0,1,0.06450534953536846,0.05347000466051821
2026-0705-02-01-08-01,4,2024106853,ライーリーアース,0.12882170993000644,3,6,0,0,0.05347000466051821,0.013629159393980808
2026-0705-02-01-08-01,5,2024100336,マナベラ,0.11519255053602563,3,6,0,0,0.013629159393980808,0.0040227376511680485
2026-0705-02-01-08-01,6,2024110011,クリアストライク,0.11116981288485758,3,6,0,0,0.0040227376511680485,0.039283206131196735
2026-0705-02-01-08-01,7,2024106942,レインボースター,0.07188660675366085,3,6,0,0,0.039283206131196735,0.018116362534613156
2026-0705-02-01-08-01,8,2024100607,アイルドフルール,0.05377024421904769,3,6,0,0,0.018116362534613156,0.01952953690220853
2026-0705-02-01-08-01,9,2024102714,リアルジャパン,0.03424070731683916,3,6,0,0,0.01952953690220853,0
2026-0705-02-01-08-02,1,2023105059,グレイトソン,0.25492977038786846,1,1,1,0,0,0.1302832410387103
2026-0705-02-01-08-02,2,2023103999,カッサンドラ,0.12464652934915817,2,11,0,1,0.1302832410387103,0.03102588469779874
2026-0705-02-01-08-02,3,2023103574,マーマレードスカイ,0.09362064465135943,2,11,0,1,0.03102588469779874,0.023338663852910446
2026-0705-02-01-08-02,4,2023106253,カフェオドヴィー,0.07028198079844898,2,11,0,1,0.023338663852910446,0.020185077391089427
2026-0705-02-01-08-02,5,2023106606,ジェッディンデデン,0.050096903407359554,2,11,0,1,0.020185077391089427,0.010927395587311622
2026-0705-02-01-08-02,6,2023102282,カプリースカラー,0.03916950782004793,2,11,0,1,0.010927395587311622,0.0013835998224790355
2026-0705-02-01-08-02,7,2023102399,アクロスメモリア,0.037785907997568896,2,11,0,1,0.0013835998224790355,0.01001161631272766
2026-0705-02-01-08-02,8,2023102476,ロードベルファスト,0.027774291684841235,2,11,0,1,0.01001161631272766,0.002716781205546189
2026-0705-02-01-08-02,9,2023102436,ジャストキュート,0.025057510479295046,2,11,0,1,0.002716781205546189,0.009085090494513396
2026-0705-02-01-08-02,10,2023101370,デルマハルナ,0.01597241998478165,2,11,0,1,0.009085090494513396,0.0025855993089443103
2026-0705-02-01-08-02,11,2023102999,ペイシャクロス,0.01338682067583734,2,11,0,1,0.0025855993089443103,0.0009600060291763655
2026-0705-02-01-08-02,12,2023103857,ミスマラッカ,0.012426814646660974,2,11,0,1,0.0009600060291763655,0
2026-0705-02-01-08-03,1,2023110069,ゴンフィンガー,0.17053022717322888,1,2,1,0,0,0.03283275745123529
2026-0705-02-01-08-03,2,2023102517,ジャストグレース,0.1376974697219936,1,2,0,0,0.03283275745123529,0.051250869782591996
2026-0705-02-01-08-03,3,2023100362,ニシノモリミチ,0.0864465999394016,2,12,0,1,0.051250869782591996,0.029558747920976416
2026-0705-02-01-08-03,4,2023107316,キャピタル,0.05688785201842518,2,12,0,1,0.029558747920976416,0.002341352376246157
2026-0705-02-01-08-03,5,2023106958,ガーディアンテイル,0.054546499642179024,2,12,0,1,0.002341352376246157,0.00823088989510589
2026-0705-02-01-08-03,6,2023104420,クッカユフラ,0.04631560974707313,2,12,0,1,0.00823088989510589,0.001022216377639447
2026-0705-02-01-08-03,7,2023102386,ミリオングローリー,0.045293393369433686,2,12,0,1,0.001022216377639447,0.015989196223773018
2026-0705-02-01-08-03,8,2023105553,ヘイマー,0.029304197145660668,2,12,0,1,0.015989196223773018,0.0021009437200788933
2026-0705-02-01-08-03,9,2023101563,レースクイーン,0.027203253425581775,2,12,0,1,0.0021009437200788933,0.012822183157556918
2026-0705-02-01-08-03,10,2023102435,ルナノーヴァ,0.014381070268024857,2,12,0,1,0.012822183157556918,0.0022171401925970835
2026-0705-02-01-08-03,11,2023110096,ガダニーニ,0.012163930075427773,2,12,0,1,0.0022171401925970835,0.0005400529424908554
2026-0705-02-01-08-03,12,2023107544,カンフージョン,0.011623877132936918,2,12,0,1,0.0005400529424908554,0.0032186996304399366
2026-0705-02-01-08-03,13,2023109058,マツリダシリウス,0.008405177502496981,2,12,0,1,0.0032186996304399366,0.0002141109867517619
2026-0705-02-01-08-03,14,2023102492,オーキーベルセルク,0.00819106651574522,2,12,0,1,0.0002141109867517619,0
2026-0705-02-01-08-04,1,2023103400,ハルヒメ,0.26920007488379816,1,2,1,0,0,0.021336828945636377
2026-0705-02-01-08-04,2,2023105952,ブルーエ,0.24786324593816178,1,2,0,0,0.021336828945636377,0.0528735911419147
2026-0705-02-01-08-04,3,2023105817,バレンタインビスタ,0.19498965479624708,2,4,0,1,0.0528735911419147,0.009250508425512116
2026-0705-02-01-08-04,4,2023105116,ジュディーイメル,0.18573914637073496,2,4,0,1,0.009250508425512116,0.02055919025281011
2026-0705-02-01-08-04,5,2023100924,マメーアップル,0.16517995611792485,2,4,0,1,0.02055919025281011,0.001105047672912307
2026-0705-02-01-08-04,6,2023106420,コスモファーブロス,0.16407490844501255,2,4,0,1,0.001105047672912307,0.07764832755816063
2026-0705-02-01-08-04,7,2023101227,チャーミングアイ,0.08642658088685191,3,10,0,0,0.07764832755816063,0.018996770465900592
2026-0705-02-01-08-04,8,2023103535,プリュスエクラ,0.06742981042095132,3,10,0,0,0.018996770465900592,0.0005792476172635369
2026-0705-02-01-08-04,9,2023105416,ルージュフローラ,0.06685056280368779,3,10,0,0,0.0005792476172635369,0.012555119149858969
2026-0705-02-01-08-04,10,2023102456,ルーチェコメット,0.054295443653828816,3,10,0,0,0.012555119149858969,0.00886103137865421
2026-0705-02-01-08-04,11,2023104000,レオダーム,0.045434412275174606,3,10,0,0,0.00886103137865421,0.014743912624933526
2026-0705-02-01-08-04,12,2023105803,ラストシャイニー,0.03069049965024108,3,10,0,0,0.014743912624933526,0.008339623714973949
2026-0705-02-01-08-04,13,2023105950,パトリシア,0.02235087593526713,3,10,0,0,0.008339623714973949,0.0031684337620443773
2026-0705-02-01-08-04,14,2023101761,アルマフレイヤ,0.019182442173222753,3,10,0,0,0.0031684337620443773,0.008922692218244932
2026-0705-02-01-08-04,15,2023100573,ブライティアロード,0.010259749954977821,3,10,0,0,0.008922692218244932,0.0013773464070119309
2026-0705-02-01-08-04,16,2023103430,ヘリオドール,0.00888240354796589,3,10,0,0,0.0013773464070119309,0
2026-0705-02-01-08-05,1,2024106438,ショウナンガレオン,0.1284814814768075,1,5,1,0,0,0.0
2026-0705-02-01-08-05,2,2024106180,ダノンキューブ,0.1284814814768075,1,5,0,0,0.0,0.0
2026-0705-02-01-08-05,3,2024107390,スーパーユタカ,0.1284814814768075,1,5,0,0,0.0,0.0
2026-0705-02-01-08-05,4,2024106326,サトノパラディ,0.1284814814768075,1,5,0,0,0.0,0.0
2026-0705-02-01-08-05,5,2024104687,アートオブブライト,0.1284814814768075,1,5,0,0,0.0,0
2026-0705-02-01-08-06,1,2023103888,ショウナンマルチ,0.307706399473949,1,1,1,0,0,0.058289683334717485
2026-0705-02-01-08-06,2,2023102695,ギオンバヤシ,0.24941671613923153,2,1,0,1,0.058289683334717485,0.12189568148182048
2026-0705-02-01-08-06,3,2023106517,ルナティックブルー,0.12752103465741105,3,5,0,0,0.12189568148182048,0.008219351104801972
2026-0705-02-01-08-06,4,2023102128,マコトアディントン,0.11930168355260908,3,5,0,0,0.008219351104801972,0.0037998232698810974
2026-0705-02-01-08-06,5,2023105521,エイシンインアウト,0.11550186028272798,3,5,0,0,0.0037998232698810974,0.0030214565603080695
2026-0705-02-01-08-06,6,2023102310,パンキー,0.11248040372241991,3,5,0,0,0.0030214565603080695,0.01661482356626813
2026-0705-02-01-08-06,7,2023104486,ゴコウコイコイ,0.09586558015615178,3,5,0,0,0.01661482356626813,0.057202124128646066
2026-0705-02-01-08-06,8,2023105857,ウインカトリーヌ,0.03866345602750571,4,9,0,0,0.057202124128646066,0.00413042754731173
2026-0705-02-01-08-06,9,2023104371,ファーザーアウェイ,0.03453302848019398,4,9,0,0,0.00413042754731173,0.015149213952981341
2026-0705-02-01-08-06,10,2023102915,テンレディーゴー,0.01938381452721264,4,9,0,0,0.015149213952981341,0.0005746211866978386
2026-0705-02-01-08-06,11,2023102802,ヤクジョ,0.018809193340514802,4,9,0,0,0.0005746211866978386,0.0018711152934516757
2026-0705-02-01-08-06,12,2023104926,アルタティール,0.016938078047063126,4,9,0,0,0.0018711152934516757,0.00011853406428569482
2026-0705-02-01-08-06,13,2023104846,リトルコリンズ,0.01681954398277743,4,9,0,0,0.00011853406428569482,0.0016272219269926821
2026-0705-02-01-08-06,14,2023105374,タイセイネクサス,0.01519232205578475,4,9,0,0,0.0016272219269926821,0.001621308191949472
2026-0705-02-01-08-06,15,2023101366,デルマノリクラ,0.013571013863835277,4,9,0,0,0.001621308191949472,0.0006754653508925911
2026-0705-02-01-08-06,16,2023100622,ティラユール,0.012895548512942686,4,9,0,0,0.0006754653508925911,0
2026-0705-02-01-08-07,1,2023104849,ムーンブランシュ,0.2418583158837516,1,1,1,0,0,0.11763335524653766
2026-0705-02-01-08-07,2,2021101624,キャンドルマス,0.12422496063721393,2,8,0,1,0.11763335524653766,0.0026737508386078107
2026-0705-02-01-08-07,3,2023101106,クイーンレグナント,0.12155120979860612,2,8,0,1,0.0026737508386078107,0.027082271472974734
2026-0705-02-01-08-07,4,2021104455,アルヘンティニータ,0.09446893832563139,2,8,0,1,0.027082271472974734,0.03600708432317168
2026-0705-02-01-08-07,5,2022100091,キャリーグレイス,0.05846185400245971,2,8,0,1,0.03600708432317168,0.03315935438294354
2026-0705-02-01-08-07,6,2022101819,ジェイエルライナー,0.02530249961951617,2,8,0,1,0.03315935438294354,0.008908146382176043
2026-0705-02-01-08-07,7,2023102305,マインセーラ,0.016394353237340127,2,8,0,1,0.008908146382176043,0.0025515250112480813
2026-0705-02-01-08-07,8,2022106420,パーティーガール,0.013842828226092046,2,8,0,1,0.0025515250112480813,0.004235363199407118
2026-0705-02-01-08-07,9,2017104266,カップッチョ,0.009607465026684928,2,8,0,1,0.004235363199407118,0
2026-0705-02-01-08-08,1,2022104847,ナクライト,0.2663828364588526,1,1,1,0,0,0.10313159402690195
2026-0705-02-01-08-08,2,2023102313,アオハルブルース,0.16325124243195063,2,3,0,1,0.10313159402690195,0.009510628278345035
2026-0705-02-01-08-08,3,2021104945,ポンピエ,0.1537406141536056,2,3,0,1,0.009510628278345035,0.012524325436654327
2026-0705-02-01-08-08,4,2023102432,ゴールドドレッサ,0.14121628871695127,2,3,0,1,0.012524325436654327,0.06097661495363721
2026-0705-02-01-08-08,5,2022102378,ファンタイムギフト,0.08023967376331406,3,4,0,0,0.06097661495363721,0.012906399143103361
2026-0705-02-01-08-08,6,2021106070,ブリスフル,0.0673332746202107,3,4,0,0,0.012906399143103361,0.03570941707177327
2026-0705-02-01-08-08,7,2022101315,スタンピー,0.03162385754843743,3,4,0,0,0.03570941707177327,0.008724251719192468
2026-0705-02-01-08-08,8,2022110012,マジカルシャイン,0.022899605829244964,3,4,0,0,0.008724251719192468,0
2026-0705-02-01-08-09,1,2023100617,マナボニート,0.18039450790868,1,2,1,0,0,0.0005793310376209782
2026-0705-02-01-08-09,2,2022103594,サンタアニタ,0.17981517687105902,1,2,0,0,0.0005793310376209782,0.10073947169317181
2026-0705-02-01-08-09,3,2022105583,セイプリーズ,0.07907570517788721,2,14,0,1,0.10073947169317181,0.002092046372053777
2026-0705-02-01-08-09,4,2022100632,ハリウッドメモリー,0.07698365880583344,2,14,0,1,0.002092046372053777,0.002549816351967271
2026-0705-02-01-08-09,5,2023105347,ショウナンカリス,0.07443384245386617,2,14,0,1,0.002549816351967271,0.004436859549476355
2026-0705-02-01-08-09,6,2022106389,ベルビースタローン,0.06999698290438981,2,14,0,1,0.004436859549476355,0.006952701936168718
2026-0705-02-01-08-09,7,2022106351,ベビーズブレス,0.0630442809682211,2,14,0,1,0.006952701936168718,0.0068273485192543795
2026-0705-02-01-08-09,8,2022103151,ミニョンマルーン,0.056216932448966715,2,14,0,1,0.0068273485192543795,0.0063470099461026205
2026-0705-02-01-08-09,9,2023103293,ラスティングスノー,0.049869922502864095,2,14,0,1,0.0063470099461026205,0.0021989930351032014
2026-0705-02-01-08-09,10,2022105718,リリーフィールド,0.04767092946776089,2,14,0,1,0.0021989930351032014,0.007273839451882522
2026-0705-02-01-08-09,11,2020106519,モズアンタレス,0.04039709001587837,2,14,0,1,0.007273839451882522,0.005606441345723662
2026-0705-02-01-08-09,12,2022104174,マジカルフェアリー,0.03479064867015471,2,14,0,1,0.005606441345723662,0.013172441721327692
2026-0705-02-01-08-09,13,2021103005,ヒラボクミニー,0.021618206948827018,2,14,0,1,0.013172441721327692,0.004495024844701278
2026-0705-02-01-08-09,14,2020103632,スイミーユニバンス,0.01712318210412574,2,14,0,1,0.004495024844701278,0.004191501314696077
2026-0705-02-01-08-09,15,2020106623,ゴキゲンサン,0.012931680789429663,2,14,0,1,0.004191501314696077,0.003596210456350439
2026-0705-02-01-08-09,16,2020104983,マルプリ,0.009335470333079224,2,14,0,1,0.003596210456350439,0
2026-0705-02-01-08-10,1,2022103406,ラーシャローム,0.2078123395310901,1,4,1,0,0,0.02474214064950933
2026-0705-02-01-08-10,2,2022102199,アルマデオロ,0.18307019888158077,1,4,0,0,0.02474214064950933,0.011859705511423596
2026-0705-02-01-08-10,3,2023101116,ゴールデンパゴーダ,0.17121049337015717,1,4,0,0,0.011859705511423596,0.0015100829268200333
2026-0705-02-01-08-10,4,2020103208,ジュンツバメガエシ,0.16970041044333714,1,4,0,0,0.0015100829268200333,0.07036986318454552
2026-0705-02-01-08-10,5,2022105839,アスクデッドヒート,0.09933054725879162,2,7,0,1,0.07036986318454552,0.004870581209312552
2026-0705-02-01-08-10,6,2021105784,リアルファインド,0.09445996604947907,2,7,0,1,0.004870581209312552,0.006144681825524231
2026-0705-02-01-08-10,7,2022104692,バースライト,0.08831528422395483,2,7,0,1,0.006144681825524231,0.01640707973319243
2026-0705-02-01-08-10,8,2019105051,アメジストブラック,0.0719082044907624,2,7,0,1,0.01640707973319243,0.002272254166287263
2026-0705-02-01-08-10,9,2022106624,リギーロ,0.06963595032447514,2,7,0,1,0.002272254166287263,0.026617205501067012
2026-0705-02-01-08-10,10,2021105285,ライフセービング,0.04301874482340813,2,7,0,1,0.026617205501067012,0.011256558299917258
2026-0705-02-01-08-10,11,2022104856,ブリヤディアマンテ,0.03176218652349087,2,7,0,1,0.011256558299917258,0
2026-0705-02-01-08-11,1,2022104877,カナルビーグル,0.27172328387899136,1,2,1,0,0,0.0185548308801205
2026-0705-02-01-08-11,2,2022105028,プロミストジーン,0.25316845299887086,1,2,0,0,0.0185548308801205,0.1075488920732654
2026-0705-02-01-08-11,3,2021102009,ラタフォレスト,0.14561956092560546,2,9,0,1,0.1075488920732654,0.037540596416031594
2026-0705-02-01-08-11,4,2022103614,ヒルノハンブルク,0.10807896450957387,2,9,0,1,0.037540596416031594,0.03693409356990715
2026-0705-02-01-08-11,5,2021103306,コトホドサヨウニ,0.07114487093966672,2,9,0,1,0.03693409356990715,0.002486049837983756
2026-0705-02-01-08-11,6,2021103717,レヴォントゥレット,0.06865882110168296,2,9,0,1,0.002486049837983756,0.022173180267406452
2026-0705-02-01-08-11,7,2020106873,オウギノカナメ,0.04648564083427651,2,9,0,1,0.022173180267406452,0.003693120513721039
2026-0705-02-01-08-11,8,2021104824,アスクデビューモア,0.04279252032055547,2,9,0,1,0.003693120513721039,0.0007800173046075554
2026-0705-02-01-08-11,9,2021104416,ワイドブリザード,0.042012503015947916,2,9,0,1,0.0007800173046075554,0.0005525717821671591
2026-0705-02-01-08-11,10,2018100664,ホールシバン,0.04145993123378076,2,9,0,1,0.0005525717821671591,0.015118965026886796
2026-0705-02-01-08-11,11,2019101324,テーオードレフォン,0.02634096620689396,2,9,0,1,0.015118965026886796,0
2026-0705-02-01-08-12,1,2022101405,ララバニュルス,0.3248660614398804,1,1,1,0,0,0.19754785067861072
2026-0705-02-01-08-12,2,2023102032,グランフィエルテ,0.12731821076126967,2,9,0,1,0.19754785067861072,0.013612536645667195
2026-0705-02-01-08-12,3,2022104440,ハーモニーソング,0.11370567411560248,2,9,0,1,0.013612536645667195,0.015067607297045954
2026-0705-02-01-08-12,4,2022110039,コモンスナイプ,0.09863806681855652,2,9,0,1,0.015067607297045954,0.02238916633726709
2026-0705-02-01-08-12,5,2021110014,ブライトアゲイン,0.07624890048128943,2,9,0,1,0.02238916633726709,0.012729073355194909
2026-0705-02-01-08-12,6,2022105415,ソードマスター,0.06351982712609452,2,9,0,1,0.012729073355194909,0.035743279094024805
2026-0705-02-01-08-12,7,2023106197,フレンドモナコ,0.027776548032069723,2,9,0,1,0.035743279094024805,0.008655065944637316
2026-0705-02-01-08-12,8,2023106823,マイオウンウェイ,0.019121482087432407,2,9,0,1,0.008655065944637316,0.005470987648166652
2026-0705-02-01-08-12,9,2023102801,ユーベルジーク,0.013650494439265755,2,9,0,1,0.005470987648166652,0.0019566196037760636
2026-0705-02-01-08-12,10,2019110122,ブラヴィーノ,0.011693874835489691,2,9,0,1,0.0019566196037760636,0
2026-0705-03-02-04-01,1,2023104394,バーヴァンシー,0.09830315397577769,1,1,1,0,0,0.04761492009858506
2026-0705-03-02-04-01,2,2023103469,ペールデュクラン,0.05068823387719262,2,14,0,1,0.04761492009858506,0.0012622284815775528
2026-0705-03-02-04-01,3,2023105047,ナックレジーナ,0.04942600539561507,2,14,0,1,0.0012622284815775528,0.0
2026-0705-03-02-04-01,4,2023103177,リトルベルタ,0.04942600539561507,2,14,0,1,0.0,0.005696906994091075
2026-0705-03-02-04-01,5,2023106936,オウケンハニー,0.043729098401523996,2,14,0,1,0.005696906994091075,0.006636964849166926
2026-0705-03-02-04-01,6,2023103588,バイアブランカ,0.03709213355235707,2,14,0,1,0.006636964849166926,0.004542503029799416
2026-0705-03-02-04-01,7,2023101367,デルマザオウ,0.03254963052255765,2,14,0,1,0.004542503029799416,0.003631563381688418
2026-0705-03-02-04-01,8,2023105596,ドナソラーレ,0.028918067140869235,2,14,0,1,0.003631563381688418,0.010512259408637755
2026-0705-03-02-04-01,9,2023104810,ミュージックレイン,0.01840580773223148,2,14,0,1,0.010512259408637755,0.002106918292268445
2026-0705-03-02-04-01,10,2023101731,マイトリックスター,0.016298889439963035,2,14,0,1,0.002106918292268445,0.0038099286273436967
2026-0705-03-02-04-01,11,2023101718,マネーマネー,0.012488960812619338,2,14,0,1,0.0038099286273436967,0.0008093676655277059
2026-0705-03-02-04-01,12,2023101369,デルマツルギ,0.011679593147091633,2,14,0,1,0.0008093676655277059,0.003689274640564774
2026-0705-03-02-04-01,13,2023103510,オーシャンミューズ,0.007990318506526858,2,14,0,1,0.003689274640564774,0.0007413567770576919
2026-0705-03-02-04-01,14,2023101564,オリエンタルガール,0.0072489617294691664,2,14,0,1,0.0007413567770576919,7.265321740642858e-05
2026-0705-03-02-04-01,15,2023103145,アンジュリオ,0.007176308512062738,2,14,0,1,7.265321740642858e-05,0
2026-0705-03-02-04-02,1,2023104434,シルバーアックス,0.18139591455549492,1,2,1,0,0,0.001562952930432987
2026-0705-03-02-04-02,2,2023101149,ブロークンハート,0.17983296162506193,1,2,0,0,0.001562952930432987,0.08780020376441174
2026-0705-03-02-04-02,3,2023104505,ゴールドパレード,0.0920327578606502,2,13,0,1,0.08780020376441174,0.029738912427695705
2026-0705-03-02-04-02,4,2023104714,ニシノタチアナ,0.06229384543295449,2,13,0,1,0.029738912427695705,0.006032386098173574
2026-0705-03-02-04-02,5,2023106299,ダイユウルミナス,0.05626145933478092,2,13,0,1,0.006032386098173574,0.02261669107816374
2026-0705-03-02-04-02,6,2023105049,ハルカオル,0.03364476825661718,2,13,0,1,0.02261669107816374,0.0030382457338490494
2026-0705-03-02-04-02,7,2023102805,ハッピースーニャ,0.030606522522768128,2,13,0,1,0.0030382457338490494,0.006222348036489342
2026-0705-03-02-04-02,8,2023106598,ドリーマーズ,0.024384174486278786,2,13,0,1,0.006222348036489342,0.0002972943595858507
2026-0705-03-02-04-02,9,2023105570,セイウンプーパ,0.024086880126692935,2,13,0,1,0.0002972943595858507,0.009327983228209527
2026-0705-03-02-04-02,10,2023105780,ホカミテダメ,0.014758896898483408,2,13,0,1,0.009327983228209527,0.00013026961151585414
2026-0705-03-02-04-02,11,2023104484,エンジェルサン,0.014628627286967554,2,13,0,1,0.00013026961151585414,0.00024340947713424183
2026-0705-03-02-04-02,12,2023100097,ローズバラード,0.014385217809833312,2,13,0,1,0.00024340947713424183,0.002844896867225357
2026-0705-03-02-04-02,13,2023103100,トウシンラヴ,0.011540320942607955,2,13,0,1,0.002844896867225357,0.0017508223881400834
2026-0705-03-02-04-02,14,2023103049,ネオアンボウ,0.009789498554467872,2,13,0,1,0.0017508223881400834,0.0021583855112655165
2026-0705-03-02-04-02,15,2023102803,ケイベエ,0.007631113043202355,2,13,0,1,0.0021583855112655165,0
2026-0705-03-02-04-03,1,2023107254,マーゴットドライ,0.31185331601916233,1,1,1,0,0,0.11423384193595534
2026-0705-03-02-04-03,2,2023106376,ワインダークシー,0.197619474083207,2,2,0,1,0.11423384193595534,0.010366403185717854
2026-0705-03-02-04-03,3,2023103075,ヤマメホープ,0.18725307089748913,2,2,0,1,0.010366403185717854,0.10975230609076238
2026-0705-03-02-04-03,4,2023106841,セシルブリュネ,0.07750076480672675,3,13,0,0,0.10975230609076238,0.01970049697233199
2026-0705-03-02-04-03,5,2023106475,ベルランコントル,0.057800267834394764,3,13,0,0,0.01970049697233199,0.0016598233347138794
2026-0705-03-02-04-03,6,2023100534,ヘルヴィッツ,0.056140444499680885,3,13,0,0,0.0016598233347138794,0.0017844211165067014
2026-0705-03-02-04-03,7,2023102234,ロマンス,0.05435602338317418,3,13,0,0,0.0017844211165067014,0.007234477124590896
2026-0705-03-02-04-03,8,2023100582,ソロンゴ,0.04712154625858329,3,13,0,0,0.007234477124590896,0.0026982948082452315
2026-0705-03-02-04-03,9,2023106281,ブラッククラウズ,0.044423251450338055,3,13,0,0,0.0026982948082452315,0.0
2026-0705-03-02-04-03,10,2023105915,ウキヨノサンシロウ,0.044423251450338055,3,13,0,0,0.0,0.008433544515214504
2026-0705-03-02-04-03,11,2023107066,シュガーシャック,0.03598970693512355,3,13,0,0,0.008433544515214504,0.005772682711593147
2026-0705-03-02-04-03,12,2023101555,スカイプライド,0.030217024223530405,3,13,0,0,0.005772682711593147,0.002432271913163836
2026-0705-03-02-04-03,13,2023104463,クラックミーアップ,0.02778475231036657,3,13,0,0,0.002432271913163836,0.002182815041643006
2026-0705-03-02-04-03,14,2023102977,ダイシンパルス,0.025601937268723562,3,13,0,0,0.002182815041643006,0.008501452214070282
2026-0705-03-02-04-03,15,2023103421,プラネタリーアワー,0.01710048505465328,3,13,0,0,0.008501452214070282,0.0017887588813993455
2026-0705-03-02-04-03,16,2023106151,ラスタリア,0.015311726173253935,3,13,0,0,0.0017887588813993455,0
2026-0705-03-02-04-04,1,2023102674,コウソクルリアン,0.2547269760399566,1,1,1,0,0,0.046502469293455306
2026-0705-03-02-04-04,2,2023106605,フェイスリフト,0.20822450674650128,2,2,0,1,0.046502469293455306,0.025048259153555186
2026-0705-03-02-04-04,3,2023103226,エリースノー,0.1831762475929461,2,2,0,1,0.025048259153555186,0.06332842501913424
2026-0705-03-02-04-04,4,2023100240,スピニンググローブ,0.11984782257381185,3,13,0,0,0.06332842501913424,0.026321450909041977
2026-0705-03-02-04-04,5,2023102518,シェリアドレ,0.09352637166476988,3,13,0,0,0.026321450909041977,0.024658668509267193
2026-0705-03-02-04-04,6,2023105691,ハクサンミレイ,0.06886770315550268,3,13,0,0,0.024658668509267193,0.00502403827114882
2026-0705-03-02-04-04,7,2023100006,セイウンヤオヨロズ,0.06384366488435386,3,13,0,0,0.00502403827114882,0.015293093970287538
2026-0705-03-02-04-04,8,2023107130,トレフォイルノット,0.048550570914066324,3,13,0,0,0.015293093970287538,0.004815481154262412
2026-0705-03-02-04-04,9,2023100349,ブルーダイヤシチー,0.04373508975980391,3,13,0,0,0.004815481154262412,4.9512417418323684e-05
2026-0705-03-02-04-04,10,2023101707,フジコンフィデンス,0.04368557734238559,3,13,0,0,4.9512417418323684e-05,0.007578766672224124
2026-0705-03-02-04-04,11,2023103728,ジーティーソレイユ,0.036106810670161464,3,13,0,0,0.007578766672224124,0.016909499499595762
2026-0705-03-02-04-04,12,2023105411,リアルパラダイス,0.019197311170565702,3,13,0,0,0.016909499499595762,0.0038137049833696073
2026-0705-03-02-04-04,13,2023102320,ライヴギムレット,0.015383606187196095,3,13,0,0,0.0038137049833696073,0.007003737251841134
2026-0705-03-02-04-04,14,2023106138,エスコルチア,0.00837986893535496,3,13,0,0,0.007003737251841134,7.502151161245182e-05
2026-0705-03-02-04-04,15,2023106610,イゲマジャ,0.008304847423742509,3,13,0,0,7.502151161245182e-05,0.0022435388235002695
2026-0705-03-02-04-04,16,2023106585,ドングラミ,0.006061308600242239,3,13,0,0,0.0022435388235002695,0
2026-0705-03-02-04-05,1,2024106085,ノシェリー,0.05870065534207089,1,15,1,0,0,0.0
2026-0705-03-02-04-05,2,2024101058,ランドジャイアンツ,0.05870065534207089,1,15,0,0,0.0,0.0
2026-0705-03-02-04-05,3,2024104133,ブライトシーン,0.05870065534207089,1,15,0,0,0.0,0.0
2026-0705-03-02-04-05,4,2024104730,ミリオ,0.05870065534207089,1,15,0,0,0.0,0.0
2026-0705-03-02-04-05,5,2024106386,エスクアドラ,0.05870065534207089,1,15,0,0,0.0,0.0
2026-0705-03-02-04-05,6,2024106494,ミッドナイトフレア,0.05870065534207089,1,15,0,0,0.0,0.0
2026-0705-03-02-04-05,7,2024101275,ゴールドテソーロ,0.05870065534207089,1,15,0,0,0.0,0.0
2026-0705-03-02-04-05,8,2024105723,フレンデル,0.05870065534207089,1,15,0,0,0.0,0.0
2026-0705-03-02-04-05,9,2024104576,タイセイソアリング,0.05870065534207089,1,15,0,0,0.0,0.0
2026-0705-03-02-04-05,10,2024105205,リアライズグロリア,0.05870065534207089,1,15,0,0,0.0,0.0
2026-0705-03-02-04-05,11,2024106760,プリンキパトゥス,0.05870065534207089,1,15,0,0,0.0,0.0
2026-0705-03-02-04-05,12,2024105993,ファウナード,0.05870065534207089,1,15,0,0,0.0,0.0
2026-0705-03-02-04-05,13,2024104592,ビートル,0.05870065534207089,1,15,0,0,0.0,0.0
2026-0705-03-02-04-05,14,2024101068,ブロンクス,0.05870065534207089,1,15,0,0,0.0,0.0
2026-0705-03-02-04-05,15,2024108020,ドナズエクリプス,0.05870065534207089,1,15,0,0,0.0,0
2026-0705-03-02-04-06,1,2024106646,スターバーナー,0.07079035649364765,1,13,1,0,0,0.0
2026-0705-03-02-04-06,2,2024103763,ヴェットビルズ,0.07079035649364765,1,13,0,0,0.0,0.0
2026-0705-03-02-04-06,3,2024106831,エレスレイプニル,0.07079035649364765,1,13,0,0,0.0,0.0
2026-0705-03-02-04-06,4,2024101107,ダンシングアワー,0.07079035649364765,1,13,0,0,0.0,0.0
2026-0705-03-02-04-06,5,2024104351,エーオープリマ,0.07079035649364765,1,13,0,0,0.0,0.0
2026-0705-03-02-04-06,6,2024102463,エレガントステップ,0.07079035649364765,1,13,0,0,0.0,0.0
2026-0705-03-02-04-06,7,2024105250,ジンクピリチオン,0.07079035649364765,1,13,0,0,0.0,0.0
2026-0705-03-02-04-06,8,2024100076,シュネーバレン,0.07079035649364765,1,13,0,0,0.0,0.0
2026-0705-03-02-04-06,9,2024106882,エストレアボニータ,0.07079035649364765,1,13,0,0,0.0,0.0
2026-0705-03-02-04-06,10,2024101438,ピクニックマーチ,0.07079035649364765,1,13,0,0,0.0,0.0
2026-0705-03-02-04-06,11,2024104289,ゴーゼンチュー,0.07079035649364765,1,13,0,0,0.0,0.0
2026-0705-03-02-04-06,12,2024105687,イヴナンバーフォー,0.07079035649364765,1,13,0,0,0.0,0.0
2026-0705-03-02-04-06,13,2024103376,タガノカハンカ,0.07079035649364765,1,13,0,0,0.0,0
2026-0705-03-02-04-07,1,2023107280,ヴンダーバール,0.30111109654454005,1,1,1,0,0,0.11546390684917732
2026-0705-03-02-04-07,2,2021105896,ケープウィッカム,0.18564718969536273,2,2,0,1,0.11546390684917732,5.7598288020238586e-05
2026-0705-03-02-04-07,3,2022103785,マタミカンサン,0.1855895914073425,2,2,0,1,5.7598288020238586e-05,0.056873013113012044
2026-0705-03-02-04-07,4,2023101107,ブルーサーマル,0.12871657829433045,3,4,0,0,0.056873013113012044,0.006559350875506589
2026-0705-03-02-04-07,5,2022105457,デルマアポロニア,0.12215722741882386,3,4,0,0,0.006559350875506589,0.0004317920822277388
2026-0705-03-02-04-07,6,2023109067,アスコットヴェール,0.12172543533659612,3,4,0,0,0.0004317920822277388,0.010764682780700904
2026-0705-03-02-04-07,7,2020101250,ランスノーブル,0.11096075255589521,3,4,0,0,0.010764682780700904,0.06276921169864849
2026-0705-03-02-04-07,8,2022104301,リポジノ,0.04819154085724673,4,8,0,0,0.06276921169864849,0.004039350388742258
2026-0705-03-02-04-07,9,2021105123,グランコネクシオン,0.04415219046850447,4,8,0,0,0.004039350388742258,0.008851142746048216
2026-0705-03-02-04-07,10,2022106013,エイミームーン,0.03530104772245626,4,8,0,0,0.008851142746048216,0.008159050223356838
2026-0705-03-02-04-07,11,2022101383,コヴェナント,0.02714199749909942,4,8,0,0,0.008159050223356838,0.0030897252944399947
2026-0705-03-02-04-07,12,2021104754,ベルフィーヌ,0.024052272204659424,4,8,0,0,0.0030897252944399947,0.004213952415010491
2026-0705-03-02-04-07,13,2022105968,グランシャット,0.019838319789648933,4,8,0,0,0.004213952415010491,0.0010028074986222699
2026-0705-03-02-04-07,14,2022105100,フォンデネージュ,0.018835512291026663,4,8,0,0,0.0010028074986222699,0.012244446757013725
2026-0705-03-02-04-07,15,2022103336,ニコ,0.006591065534012938,4,8,0,0,0.012244446757013725,0
2026-0705-03-02-04-08,1,2023105257,ミエノストロング,0.1574289232014438,1,12,1,0,0,0.019903654784047875
2026-0705-03-02-04-08,2,2022105532,カリーン,0.13752526841739593,1,12,0,0,0.019903654784047875,0.04030355510068476
2026-0705-03-02-04-08,3,2023100387,サンブライト,0.09722171331671117,1,12,0,0,0.04030355510068476,0.013319748729918646
2026-0705-03-02-04-08,4,2023105810,オックスアイ,0.08390196458679253,1,12,0,0,0.013319748729918646,0.03355915999029617
2026-0705-03-02-04-08,5,2021102717,ジャグアール,0.05034280459649636,1,12,0,0,0.03355915999029617,0.004738834461043277
2026-0705-03-02-04-08,6,2021103994,タッカーバレット,0.04560397013545308,1,12,0,0,0.004738834461043277,0.002580712490454627
2026-0705-03-02-04-08,7,2023100728,リネンタイリン,0.04302325764499845,1,12,0,0,0.002580712490454627,0.004916326540116242
2026-0705-03-02-04-08,8,2022105866,ティティナ,0.03810693110488221,1,12,0,0,0.004916326540116242,0.0045781008866321304
2026-0705-03-02-04-08,9,2022101498,クモヒトツナイ,0.03352883021825008,1,12,0,0,0.0045781008866321304,0.006112603062588869
2026-0705-03-02-04-08,10,2022106221,ウインイルネージュ,0.02741622715566121,1,12,0,0,0.006112603062588869,0.013205235442147186
2026-0705-03-02-04-08,11,2021103004,ヒラボクヒーロー,0.014210991713514025,1,12,0,0,0.013205235442147186,0.007392825710573964
2026-0705-03-02-04-08,12,2020103995,サンシップ,0.006818166002940061,1,12,0,0,0.007392825710573964,0
2026-0705-03-02-04-09,1,2023107178,フェルミアーク,0.16531693284777324,1,1,1,0,0,0.0736544306644083
2026-0705-03-02-04-09,2,2021105516,イゾラフェリーチェ,0.09166250218336494,2,15,0,1,0.0736544306644083,0.013332855884998315
2026-0705-03-02-04-09,3,2022102794,マキシマムドライブ,0.07832964629836663,2,15,0,1,0.013332855884998315,0.014874733666482703
2026-0705-03-02-04-09,4,2022107340,ラパンチュール,0.06345491263188392,2,15,0,1,0.014874733666482703,0.0030311172368229916
2026-0705-03-02-04-09,5,2022103639,カーヌスティ,0.06042379539506093,2,15,0,1,0.0030311172368229916,0.015669207659434234
2026-0705-03-02-04-09,6,2022104629,バシレイア,0.0447545877356267,2,15,0,1,0.015669207659434234,0.005512497895543637
2026-0705-03-02-04-09,7,2022104637,ホウオウブースター,0.03924208984008306,2,15,0,1,0.005512497895543637,0.0004916099720567516
2026-0705-03-02-04-09,8,2022101469,ヴェナートル,0.03875047986802631,2,15,0,1,0.0004916099720567516,0.00038530590480866794
2026-0705-03-02-04-09,9,2021100248,セイウンデセオ,0.03836517396321764,2,15,0,1,0.00038530590480866794,0.0032895301763825047
2026-0705-03-02-04-09,10,2021102755,ジョウゲンノツキ,0.035075643786835135,2,15,0,1,0.0032895301763825047,0.0007187822110763173
2026-0705-03-02-04-09,11,2021105485,エリカカリーナ,0.03435686157575882,2,15,0,1,0.0007187822110763173,0.007634332964189961
2026-0705-03-02-04-09,12,2021103744,マンウォル,0.026722528611568857,2,15,0,1,0.007634332964189961,0.003681904038250982
2026-0705-03-02-04-09,13,2022104479,フェデルミエール,0.023040624573317875,2,15,0,1,0.003681904038250982,0.004100525620195753
2026-0705-03-02-04-09,14,2020101992,ライクアフラワー,0.018940098953122122,2,15,0,1,0.004100525620195753,0.0056854009003865485
2026-0705-03-02-04-09,15,2018103485,ジャガード,0.013254698052735573,2,15,0,1,0.0056854009003865485,0.0008684748515724473
2026-0705-03-02-04-09,16,2022106187,ゼンダンタカ,0.012386223201163126,2,15,0,1,0.0008684748515724473,0
2026-0705-03-02-04-10,1,2021105670,ベストミーエヴァー,0.21688961115138758,1,1,1,0,0,0.14696795467262314
2026-0705-03-02-04-10,2,2021105600,グランカンタンテ,0.06992165647876443,2,11,0,1,0.14696795467262314,0.011630082659430253
2026-0705-03-02-04-10,3,2022103405,ヨシヒロ,0.058291573819334176,2,11,0,1,0.011630082659430253,0.009220644625003105
2026-0705-03-02-04-10,4,2022105462,リアンベーレ,0.04907092919433107,2,11,0,1,0.009220644625003105,0.001169944595792012
2026-0705-03-02-04-10,5,2021105647,ペッレグリーニ,0.04790098459853906,2,11,0,1,0.001169944595792012,0.01686981713249461
2026-0705-03-02-04-10,6,2022106772,バセリーナ,0.031031167466044448,2,11,0,1,0.01686981713249461,0.0017522431429112771
2026-0705-03-02-04-10,7,2020103189,レッドダンルース,0.02927892432313317,2,11,0,1,0.0017522431429112771,0.002965701772121722
2026-0705-03-02-04-10,8,2018103560,ワザモノ,0.02631322255101145,2,11,0,1,0.002965701772121722,0.0019446541600885159
2026-0705-03-02-04-10,9,2020101184,シャイニースイフト,0.024368568390922933,2,11,0,1,0.0019446541600885159,0.0030977067169373866
2026-0705-03-02-04-10,10,2020105809,マイネルフォルツァ,0.021270861673985546,2,11,0,1,0.0030977067169373866,0.005095775582892304
2026-0705-03-02-04-10,11,2020106415,ロゼル,0.016175086091093242,2,11,0,1,0.005095775582892304,0.0023768851473039143
2026-0705-03-02-04-10,12,2022102532,ビッグデイメイク,0.013798200943789328,2,11,0,1,0.0023768851473039143,0
2026-0705-03-02-04-11,1,2022100394,メリークリスマス,0.23964160875077095,1,1,1,0,0,0.13475649885478197
2026-0705-03-02-04-11,2,2021105360,ロジアデレード,0.104885109895989,2,14,0,1,0.13475649885478197,0.032825204534959324
2026-0705-03-02-04-11,3,2021104873,ポッドロゴ,0.07205990536102967,2,14,0,1,0.032825204534959324,0.0005507302092610245
2026-0705-03-02-04-11,4,2021104159,サクラトップリアル,0.07150917515176865,2,14,0,1,0.0005507302092610245,0.0010344371608113079
2026-0705-03-02-04-11,5,2020105144,ニシキギミッチー,0.07047473799095734,2,14,0,1,0.0010344371608113079,0.002684412141119641
2026-0705-03-02-04-11,6,2018105431,ミッキーヌチバナ,0.0677903258498377,2,14,0,1,0.002684412141119641,0.005611377128520806
2026-0705-03-02-04-11,7,2021105425,ベルウェザー,0.06217894872131689,2,14,0,1,0.005611377128520806,0.009382325224638374
2026-0705-03-02-04-11,8,2021100561,ハビレ,0.05279662349667852,2,14,0,1,0.009382325224638374,0.001131814664292144
2026-0705-03-02-04-11,9,2019100286,カンピオーネ,0.051664808832386375,2,14,0,1,0.001131814664292144,0.0012042504929518638
2026-0705-03-02-04-11,10,2021105058,ルージュアベリア,0.05046055833943451,2,14,0,1,0.0012042504929518638,0.010662211140376639
2026-0705-03-02-04-11,11,2020101694,シゲルショウグン,0.03979834719905787,2,14,0,1,0.010662211140376639,0.010845827406406085
2026-0705-03-02-04-11,12,2021106658,ストレングス,0.028952519792651787,2,14,0,1,0.010845827406406085,0.005222572106468596
2026-0705-03-02-04-11,13,2020106370,サンマルパトロール,0.02372994768618319,2,14,0,1,0.005222572106468596,0.005183475257144268
2026-0705-03-02-04-11,14,2020103148,ショウナンライシン,0.018546472429038924,2,14,0,1,0.005183475257144268,0.0024291465890994013
2026-0705-03-02-04-11,15,2020101024,ピースオブザライフ,0.016117325839939523,2,14,0,1,0.0024291465890994013,0
2026-0705-03-02-04-12,1,2022107272,ピコレッド,0.23389504351439724,1,1,1,0,0,0.14589556911120607
2026-0705-03-02-04-12,2,2023103068,トモジャオーリー,0.08799947440319117,2,14,0,1,0.14589556911120607,0.014302862714272335
2026-0705-03-02-04-12,3,2023105558,カンレイスター,0.07369661168891883,2,14,0,1,0.014302862714272335,0.005368981203839329
2026-0705-03-02-04-12,4,2023101827,ヨドノティアラ,0.0683276304850795,2,14,0,1,0.005368981203839329,0.0011796128353701169
2026-0705-03-02-04-12,5,2023100398,ランドスター,0.06714801764970939,2,14,0,1,0.0011796128353701169,0.01486568279539563
2026-0705-03-02-04-12,6,2022105909,アースミューズ,0.05228233485431376,2,14,0,1,0.01486568279539563,0.0015928773908134922
2026-0705-03-02-04-12,7,2023100538,ヴァイオスペース,0.050689457463500266,2,14,0,1,0.0015928773908134922,0.0039738714251073
2026-0705-03-02-04-12,8,2023102007,ゼファーテソーロ,0.046715586038392966,2,14,0,1,0.0039738714251073,0.0025720536814468203
2026-0705-03-02-04-12,9,2023110008,モーゲンセン,0.044143532356946145,2,14,0,1,0.0025720536814468203,0.0051641926468257784
2026-0705-03-02-04-12,10,2022104122,スカイダイバー,0.03897933971012037,2,14,0,1,0.0051641926468257784,0.002886047604929637
2026-0705-03-02-04-12,11,2022100528,ノーブルオリンポス,0.03609329210519073,2,14,0,1,0.002886047604929637,0.01389336058509123
2026-0705-03-02-04-12,12,2023102560,リバージュエル,0.0221999315200995,2,14,0,1,0.01389336058509123,0.0010976890901069902
2026-0705-03-02-04-12,13,2022106324,レインボーラッキー,0.02110224242999251,2,14,0,1,0.0010976890901069902,0.004413085482589608
2026-0705-03-02-04-12,14,2021100506,キングクレオール,0.016689156947402903,2,14,0,1,0.004413085482589608,0.0029572789633787663
2026-0705-03-02-04-12,15,2023103809,プレザントトーン,0.013731877984024136,2,14,0,1,0.0029572789633787663,0
2026-0705-10-02-04-01,1,2021102845,モズナイスバディー,0.21010595114126793,1,4,1,0,0,0.0254491649653239
2026-0705-10-02-04-01,2,2019105461,ガストン,0.18465678617594403,1,4,0,0,0.0254491649653239,0.0007100112013265492
2026-0705-10-02-04-01,3,2019100549,タガノバルコス,0.18394677497461748,1,4,0,0,0.0007100112013265492,0.003004577781974993
2026-0705-10-02-04-01,4,2022106684,ドラギニャン,0.18094219719264248,1,4,0,0,0.003004577781974993,0.0832842184095779
2026-0705-10-02-04-01,5,2021101216,ストラクチャー,0.09765797878306458,2,7,0,1,0.0832842184095779,0.008427020745185115
2026-0705-10-02-04-01,6,2022103551,ボールドハーテッド,0.08923095803787946,2,7,0,1,0.008427020745185115,0.022930025741535798
2026-0705-10-02-04-01,7,2018103590,リッケンバッカー,0.06630093229634366,2,7,0,1,0.022930025741535798,0.008314927665717571
2026-0705-10-02-04-01,8,2019104091,メイショウブレゲ,0.057986004630626094,2,7,0,1,0.008314927665717571,0.011944074621251362
2026-0705-10-02-04-01,9,2020102674,スペルキャスター,0.04604193000937473,2,7,0,1,0.011944074621251362,0.01591495243408778
2026-0705-10-02-04-01,10,2022103528,ホウオウスターツ,0.030126977575286953,2,7,0,1,0.01591495243408778,0.01799809323620171
2026-0705-10-02-04-01,11,2021102894,ルルフィーユ,0.01212888433908524,2,7,0,1,0.01799809323620171,0
2026-0705-10-02-04-02,1,2024108117,ユイノジカンカセギ,0.20257275744423325,1,2,1,0,0,0.0
2026-0705-10-02-04-02,2,2024109107,リエーヴェ,0.20257275744423325,1,2,0,0,0.0,0.05881682719752124
2026-0705-10-02-04-02,3,2024108085,グレートキリシマ,0.14375593024671202,2,2,0,1,0.05881682719752124,0.003551406739362384
2026-0705-10-02-04-02,4,2024108030,ヘキレキ,0.14020452350734963,2,2,0,1,0.003551406739362384,0.07869714631074533
2026-0705-10-02-04-02,5,2024108106,カシノヴィタ,0.061507377196604304,3,12,0,0,0.07869714631074533,0.001227987970919199
2026-0705-10-02-04-02,6,2024109102,タカモリ,0.060279389225685105,3,12,0,0,0.001227987970919199,0.009402578323493858
2026-0705-10-02-04-02,7,2024108121,ココニイルヨ,0.05087681090219125,3,12,0,0,0.009402578323493858,0.0003625762536829044
2026-0705-10-02-04-02,8,2024108087,ニシノマティーニ,0.05051423464850834,3,12,0,0,0.0003625762536829044,0.008041615794812787
2026-0705-10-02-04-02,9,2024108118,スイトーヨ,0.042472618853695555,3,12,0,0,0.008041615794812787,0.0030147953656776555
2026-0705-10-02-04-02,10,2024108093,カシノクロサイト,0.0394578234880179,3,12,0,0,0.0030147953656776555,0.00675090848087654
2026-0705-10-02-04-02,11,2024108091,カシノカゲマル,0.03270691500714136,3,12,0,0,0.00675090848087654,0.007997987861041337
2026-0705-10-02-04-02,12,2024108089,ニシノキヅイタラ,0.024708927146100023,3,12,0,0,0.007997987861041337,0.005135057708170271
2026-0705-10-02-04-02,13,2024109106,ルーストカール,0.019573869437929752,3,12,0,0,0.005135057708170271,0.0011977451940714534
2026-0705-10-02-04-02,14,2024108108,ワッザイカ,0.0183761242438583,3,12,0,0,0.0011977451940714534,0.00016386400879370155
2026-0705-10-02-04-02,15,2024108111,ユイパルティ,0.018212260235064597,3,12,0,0,0.00016386400879370155,0.005631587852943992
2026-0705-10-02-04-02,16,2024108061,ラブマイティー,0.012580672382120605,3,12,0,0,0.005631587852943992,0
2026-0705-10-02-04-03,1,2023107092,ティタノマキア,0.23636805739476482,1,1,1,0,0,0.07370162331684982
2026-0705-10-02-04-03,2,2023105036,メイショウコハル,0.162666434077915,2,2,0,1,0.07370162331684982,0.006378478619042727
2026-0705-10-02-04-03,3,2023103380,ウィスカーパッド,0.15628795545887228,2,2,0,1,0.006378478619042727,0.10119471225229931
2026-0705-10-02-04-03,4,2023102060,オーマイラッキーン,0.055093243206572974,3,14,0,0,0.10119471225229931,0.010928799339403064
2026-0705-10-02-04-03,5,2023104882,リボンインザスカイ,0.04416444386716991,3,14,0,0,0.010928799339403064,0.00023036231800212942
2026-0705-10-02-04-03,6,2023104879,サンタカタリナ,0.04393408154916778,3,14,0,0,0.00023036231800212942,0.008332162886752106
2026-0705-10-02-04-03,7,2023105587,ノヴァレジーナ,0.035601918662415674,3,14,0,0,0.008332162886752106,0.002489622249542786
2026-0705-10-02-04-03,8,2023105225,タイセイアビオン,0.03311229641287289,3,14,0,0,0.002489622249542786,0.0018582591475433397
2026-0705-10-02-04-03,9,2023106776,トライアンドエラー,0.03125403726532955,3,14,0,0,0.0018582591475433397,0.0038119268078370683
2026-0705-10-02-04-03,10,2023105119,クラリノ,0.02744211045749248,3,14,0,0,0.0038119268078370683,0.0035488743466762715
2026-0705-10-02-04-03,11,2023104375,グランブーケ,0.02389323611081621,3,14,0,0,0.0035488743466762715,0.0038196006075061767
2026-0705-10-02-04-03,12,2023105085,ケンブリッジグレイ,0.020073635503310032,3,14,0,0,0.0038196006075061767,0.002896694634958702
2026-0705-10-02-04-03,13,2023106068,アオイハルカ,0.01717694086835133,3,14,0,0,0.002896694634958702,0.000986263188219847
2026-0705-10-02-04-03,14,2023103549,ベルトナリテ,0.016190677680131483,3,14,0,0,0.000986263188219847,0.0029402128433449245
2026-0705-10-02-04-03,15,2023104062,ゴッドアミーラ,0.013250464836786558,3,14,0,0,0.0029402128433449245,0.001634569160127759
2026-0705-10-02-04-03,16,2023102775,メイプルキュート,0.0116158956766588,3,14,0,0,0.001634569160127759,0.0022421087268858515
2026-0705-10-02-04-03,17,2023105168,ノクスカンパーナ,0.009373786949772948,3,14,0,0,0.0022421087268858515,0
2026-0705-10-02-04-04,1,2023107009,サトノロザリー,0.26669621046268926,1,1,1,0,0,0.05099432574478685
2026-0705-10-02-04-04,2,2023101162,ファイアプレイス,0.21570188471790241,2,1,0,1,0.05099432574478685,0.08815027475966447
2026-0705-10-02-04-04,3,2023103746,メイワキラリ,0.12755160995823794,3,12,0,0,0.08815027475966447,0.009041924280829089
2026-0705-10-02-04-04,4,2023105772,ショウナンタマユラ,0.11850968567740885,3,12,0,0,0.009041924280829089,0.025751464748142355
2026-0705-10-02-04-04,5,2023105640,リトセア,0.0927582209292665,3,12,0,0,0.025751464748142355,0.0035516202652246115
2026-0705-10-02-04-04,6,2023102448,タマモビスケット,0.08920660066404189,3,12,0,0,0.0035516202652246115,0.0020096803012246978
2026-0705-10-02-04-04,7,2023105728,モズタイシソウシ,0.08719692036281719,3,12,0,0,0.0020096803012246978,0.03270035576472271
2026-0705-10-02-04-04,8,2023100919,アルミラージ,0.05449656459809448,3,12,0,0,0.03270035576472271,0.008847291112023273
2026-0705-10-02-04-04,9,2023105816,ロードフリューゲル,0.04564927348607121,3,12,0,0,0.008847291112023273,0.0002783033134217683
2026-0705-10-02-04-04,10,2023104481,ナツノオジョウサマ,0.04537097017264944,3,12,0,0,0.0002783033134217683,0.031397339066747784
2026-0705-10-02-04-04,11,2023105740,モズナツノジン,0.01397363110590166,3,12,0,0,0.031397339066747784,0.0018196875037509927
2026-0705-10-02-04-04,12,2023106239,ナムラステラ,0.012153943602150667,3,12,0,0,0.0018196875037509927,0.002338762173739
2026-0705-10-02-04-04,13,2023104619,スターペスアンナ,0.009815181428411666,3,12,0,0,0.002338762173739,0.0004693712564955224
2026-0705-10-02-04-04,14,2023103067,トモジャカトゥーラ,0.009345810171916144,3,12,0,0,0.0004693712564955224,0
2026-0705-10-02-04-05,1,2024103455,ポルトブルー,0.0805685039518419,1,12,1,0,0,0.0
2026-0705-10-02-04-05,2,2024103427,ヤマニンイハナ,0.0805685039518419,1,12,0,0,0.0,0.0
2026-0705-10-02-04-05,3,2024103516,アシャカブラーヴ,0.0805685039518419,1,12,0,0,0.0,0.0
2026-0705-10-02-04-05,4,2024105303,ロードフェルム,0.0805685039518419,1,12,0,0,0.0,0.0
2026-0705-10-02-04-05,5,2024101754,ゴルディアス,0.0805685039518419,1,12,0,0,0.0,0.0
2026-0705-10-02-04-05,6,2024104363,タイセイルミナス,0.0805685039518419,1,12,0,0,0.0,0.0
2026-0705-10-02-04-05,7,2024107030,オーラムミーティア,0.0805685039518419,1,12,0,0,0.0,0.0
2026-0705-10-02-04-05,8,2024106271,シャローチャンプ,0.0805685039518419,1,12,0,0,0.0,0.0
2026-0705-10-02-04-05,9,2024106624,ジャンゴッド,0.0805685039518419,1,12,0,0,0.0,0.0
2026-0705-10-02-04-05,10,2024106249,ヴェールダムール,0.0805685039518419,1,12,0,0,0.0,0.0
2026-0705-10-02-04-05,11,2024106076,アーデルボーデン,0.0805685039518419,1,12,0,0,0.0,0.0
2026-0705-10-02-04-05,12,2024107201,ウィモウェ,0.0805685039518419,1,12,0,0,0.0,0
2026-0705-10-02-04-06,1,2024100730,タケルレジェンド,0.0891078954633799,1,11,1,0,0,0.0
2026-0705-10-02-04-06,2,2024101770,ヴェルヴィエ,0.0891078954633799,1,11,0,0,0.0,0.0
2026-0705-10-02-04-06,3,2024106185,エボニーウイング,0.0891078954633799,1,11,0,0,0.0,0.0
2026-0705-10-02-04-06,4,2024105295,アテンド,0.0891078954633799,1,11,0,0,0.0,0.0
2026-0705-10-02-04-06,5,2024106941,ファータカエリ,0.0891078954633799,1,11,0,0,0.0,0.0
2026-0705-10-02-04-06,6,2024103740,ボビーザグレート,0.0891078954633799,1,11,0,0,0.0,0.0
2026-0705-10-02-04-06,7,2024108282,ファラオクィーン,0.0891078954633799,1,11,0,0,0.0,0.0
2026-0705-10-02-04-06,8,2024105099,アイルエクラ,0.0891078954633799,1,11,0,0,0.0,0.0
2026-0705-10-02-04-06,9,2024107109,ジョウショーツヨシ,0.0891078954633799,1,11,0,0,0.0,0.0
2026-0705-10-02-04-06,10,2024104684,トリオノチカラ,0.0891078954633799,1,11,0,0,0.0,0.0
2026-0705-10-02-04-06,11,2024105438,シュライアハフト,0.0891078954633799,1,11,0,0,0.0,0
2026-0705-10-02-04-07,1,2023106931,パトローナス,0.130143326439444,1,1,1,0,0,0.05980599737841502
2026-0705-10-02-04-07,2,2023100555,トウカイジーク,0.07033732906102899,2,15,0,1,0.05980599737841502,0.016515071144552994
2026-0705-10-02-04-07,3,2023102185,ドラムメジャー,0.053822257916476,2,15,0,1,0.016515071144552994,0.00920565901840488
2026-0705-10-02-04-07,4,2023104249,サウンドヴィヴァン,0.04461659889807112,2,15,0,1,0.00920565901840488,0.0
2026-0705-10-02-04-07,5,2023100473,ファイティンアスク,0.04461659889807112,2,15,0,1,0.0,0.013265447145546345
2026-0705-10-02-04-07,6,2023101140,タワーオブバベル,0.03135115175252477,2,15,0,1,0.013265447145546345,0.0031607403949648408
2026-0705-10-02-04-07,7,2023104258,ルルハート,0.02819041135755993,2,15,0,1,0.0031607403949648408,0.002397347676603278
2026-0705-10-02-04-07,8,2023106232,ナムラオットー,0.025793063680956654,2,15,0,1,0.002397347676603278,0.004752757939404221
2026-0705-10-02-04-07,9,2023109150,ファーストアタック,0.021040305741552433,2,15,0,1,0.004752757939404221,0.002968390518948146
2026-0705-10-02-04-07,10,2023105761,ケイアイブラック,0.018071915222604287,2,15,0,1,0.002968390518948146,0.0009350284418794506
2026-0705-10-02-04-07,11,2023101013,ベルフィーノ,0.017136886780724836,2,15,0,1,0.0009350284418794506,0.0019534355584646876
2026-0705-10-02-04-07,12,2023106189,キャンディーズ,0.015183451222260148,2,15,0,1,0.0019534355584646876,0.0003750550174140919
2026-0705-10-02-04-07,13,2023102214,アッセクシー,0.014808396204846056,2,15,0,1,0.0003750550174140919,0.0019521824101732654
2026-0705-10-02-04-07,14,2023102113,グロリアスニケ,0.012856213794672791,2,15,0,1,0.0019521824101732654,6.37323116377854e-05
2026-0705-10-02-04-07,15,2023101743,ホッコームジカ,0.012792481483035006,2,15,0,1,6.37323116377854e-05,0.002224839077412005
2026-0705-10-02-04-07,16,2023106566,メイショウジーニー,0.010567642405623,2,15,0,1,0.002224839077412005,0
2026-0705-10-02-04-08,1,2021105382,シンドリームシン,0.1949743141136937,1,8,1,0,0,0.0039289668688989865
2026-0705-10-02-04-08,2,2023105380,サトノアイボリー,0.19104534724479472,1,8,0,0,0.0039289668688989865,0.03520326814902533
2026-0705-10-02-04-08,3,2023102707,ヨカオウ,0.1558420790957694,1,8,0,0,0.03520326814902533,0.01572285876230592
2026-0705-10-02-04-08,4,2023103737,ワンダフルボンド,0.14011922033346347,1,8,0,0,0.01572285876230592,0.027827764912717934
2026-0705-10-02-04-08,5,2023103996,オモイヲノセテ,0.11229145542074553,1,8,0,0,0.027827764912717934,0.028492135020201592
2026-0705-10-02-04-08,6,2022100099,クラウディアイ,0.08379932040054394,1,8,0,0,0.028492135020201592,0.014043704613247415
2026-0705-10-02-04-08,7,2022103070,レイデラティエラ,0.06975561578729653,1,8,0,0,0.014043704613247415,0.0010628791092125028
2026-0705-10-02-04-08,8,2020102736,ビヨンドザドリーム,0.06869273667808402,1,8,0,0,0.0010628791092125028,0.04968796520735538
2026-0705-10-02-04-08,9,2022104385,ラマヌジャン,0.01900477147072864,2,2,0,1,0.04968796520735538,0.007730864201386188
2026-0705-10-02-04-08,10,2021101548,アスタールテニウム,0.011273907269342453,2,2,0,1,0.007730864201386188,0
2026-0705-10-02-04-09,1,2023100933,ダークマルス,0.36537542303734305,1,1,1,0,0,0.08486291188196493
2026-0705-10-02-04-09,2,2023106978,アクロフェイズ,0.2805125111553781,2,1,0,1,0.08486291188196493,0.10374072921251759
2026-0705-10-02-04-09,3,2023104402,ムスクレスト,0.17677178194286053,3,1,0,0,0.10374072921251759,0.13075579161472106
2026-0705-10-02-04-09,4,2022105936,ウィテカービート,0.04601599032813946,4,4,0,0,0.13075579161472106,0.005229927601784881
2026-0705-10-02-04-09,5,2022105037,サトノブリジャール,0.04078606272635458,4,4,0,0,0.005229927601784881,0.020918964529667745
2026-0705-10-02-04-09,6,2020103292,ハレアカラフラ,0.019867098196686833,4,4,0,0,0.020918964529667745,0.0071150712102342785
2026-0705-10-02-04-09,7,2022106544,ナスノソナタ,0.012752026986452555,4,4,0,0,0.0071150712102342785,0
2026-0705-10-02-04-10,1,2022104674,フィドルファドル,0.10733453967770712,1,16,1,0,0,0.014009488133408382
2026-0705-10-02-04-10,2,2022100622,マジックローズ,0.09332505154429874,1,16,0,0,0.014009488133408382,0.007189708685441748
2026-0705-10-02-04-10,3,2022103047,ホウショウマリス,0.08613534285885699,1,16,0,0,0.007189708685441748,0.024090828331612586
2026-0705-10-02-04-10,4,2022105772,カロローザ,0.0620445145272444,1,16,0,0,0.024090828331612586,0.012151494183420992
2026-0705-10-02-04-10,5,2022103515,ユウェンタース,0.04989302034382341,1,16,0,0,0.012151494183420992,0.004660468005860521
2026-0705-10-02-04-10,6,2021103209,メイショウリリー,0.04523255233796289,1,16,0,0,0.004660468005860521,0.005059392039876168
2026-0705-10-02-04-10,7,2022105031,ジャルディニエ,0.04017316029808672,1,16,0,0,0.005059392039876168,0.0009748758888987186
2026-0705-10-02-04-10,8,2020106393,ノボリクレバー,0.039198284409188,1,16,0,0,0.0009748758888987186,0.0018818807127645096
2026-0705-10-02-04-10,9,2022103619,タマモジャスミン,0.03731640369642349,1,16,0,0,0.0018818807127645096,0.007749252640580441
2026-0705-10-02-04-10,10,2020104791,プウスカンドゥール,0.029567151055843052,1,16,0,0,0.007749252640580441,0.005061058018316241
2026-0705-10-02-04-10,11,2021106177,タマモナポリ,0.02450609303752681,1,16,0,0,0.005061058018316241,0.00178929530539371
2026-0705-10-02-04-10,12,2021105973,ワイノナオミ,0.0227167977321331,1,16,0,0,0.00178929530539371,0.00811946243337029
2026-0705-10-02-04-10,13,2020106101,シュヴァルツリーベ,0.01459733529876281,1,16,0,0,0.00811946243337029,0.002633199288025986
2026-0705-10-02-04-10,14,2021106642,ファミリーツリー,0.011964136010736825,1,16,0,0,0.002633199288025986,0.0030737381042461737
2026-0705-10-02-04-10,15,2021104857,フローラルセント,0.008890397906490651,1,16,0,0,0.0030737381042461737,0.0023370541486420664
2026-0705-10-02-04-10,16,2022103448,ツーピース,0.006553343757848585,1,16,0,0,0.0023370541486420664,0
2026-0705-10-02-04-11,1,2023107264,デアヴェローチェ,0.27910591083750474,1,1,1,0,0,0.1285359747103573
2026-0705-10-02-04-11,2,2022102057,サウンドモリアーナ,0.15056993612714745,2,2,0,1,0.1285359747103573,0.007921394318157748
2026-0705-10-02-04-11,3,2022102020,フリッカージャブ,0.1426485418089897,2,2,0,1,0.007921394318157748,0.04781118295289849
2026-0705-10-02-04-11,4,2021106601,ヤマニンアルリフラ,0.09483735885609121,3,10,0,0,0.04781118295289849,0.0007560875720028781
2026-0705-10-02-04-11,5,2021101598,アンクルクロス,0.09408127128408833,3,10,0,0,0.0007560875720028781,0.013320901593451603
2026-0705-10-02-04-11,6,2022105291,ランフォーヴァウ,0.08076036969063673,3,10,0,0,0.013320901593451603,0.0020065061408483242
2026-0705-10-02-04-11,7,2021103932,ジェニファー,0.0787538635497884,3,10,0,0,0.0020065061408483242,0.007130854433914063
2026-0705-10-02-04-11,8,2018106055,ヨシノイースター,0.07162300911587434,3,10,0,0,0.007130854433914063,0.00011792162588454558
2026-0705-10-02-04-11,9,2022104957,アメリカンビキニ,0.0715050874899898,3,10,0,0,0.00011792162588454558,0.02941412037797181
2026-0705-10-02-04-11,10,2022101623,アブキールベイ,0.042090967112017985,3,10,0,0,0.02941412037797181,0.009428356371750657
2026-0705-10-02-04-11,11,2019105658,オタルエバー,0.03266261074026733,3,10,0,0,0.009428356371750657,0.0005465639465120353
2026-0705-10-02-04-11,12,2021107063,イツモニコニコ,0.03211604679375529,3,10,0,0,0.0005465639465120353,0.015676837818868538
2026-0705-10-02-04-11,13,2020103325,プロトポロス,0.016439208974886755,3,10,0,0,0.015676837818868538,0
2026-0705-10-02-04-12,1,2023102120,システマソラー,0.35444221592975284,1,1,1,0,0,0.1990902323955528
2026-0705-10-02-04-12,2,2023100612,タイセイジェイド,0.15535198353420004,2,1,0,1,0.1990902323955528,0.06809223000177424
2026-0705-10-02-04-12,3,2023100235,ビズロード,0.08725975353242581,3,14,0,0,0.06809223000177424,0.0023259200731167023
2026-0705-10-02-04-12,4,2023107295,リヒトミューレ,0.0849338334593091,3,14,0,0,0.0023259200731167023,0.037711394783229824
2026-0705-10-02-04-12,5,2023105342,ゲタリア,0.04722243867607928,3,14,0,0,0.037711394783229824,0.007463055766985721
2026-0705-10-02-04-12,6,2023101694,ケンフィールド,0.03975938290909356,3,14,0,0,0.007463055766985721,0.010286672906738743
2026-0705-10-02-04-12,7,2022106647,テイクイットオール,0.029472710002354817,3,14,0,0,0.010286672906738743,0.0022209532296183915
2026-0705-10-02-04-12,8,2022102839,メイショウカスガイ,0.027251756772736425,3,14,0,0,0.0022209532296183915,0.0005396722375478127
2026-0705-10-02-04-12,9,2023102919,サイモンゼスト,0.026712084535188613,3,14,0,0,0.0005396722375478127,0.002913433154769881
2026-0705-10-02-04-12,10,2022106663,バレンシア,0.023798651380418732,3,14,0,0,0.002913433154769881,0.0012881042114921484
2026-0705-10-02-04-12,11,2023105008,ゴールデンスラム,0.022510547168926583,3,14,0,0,0.0012881042114921484,0.008349655149056003
2026-0705-10-02-04-12,12,2021101391,ブラックドレス,0.01416089201987058,3,14,0,0,0.008349655149056003,0.002842355189962561
2026-0705-10-02-04-12,13,2023102380,ルペイドゥロール,0.01131853682990802,3,14,0,0,0.002842355189962561,0.001295213014574928
2026-0705-10-02-04-12,14,2022100088,トッレブランカ,0.010023323815333092,3,14,0,0,0.001295213014574928,0.0017661750139930116
2026-0705-10-02-04-12,15,2022102998,アーブルラーブル,0.00825714880134008,3,14,0,0,0.0017661750139930116,0.002509740579006844
2026-0705-10-02-04-12,16,2023105023,フェミナンジェンヌ,0.005747408222333236,3,14,0,0,0.002509740579006844,0
2026-0711-02-01-09-01,1,2024108137,クラウスーラ,0.22094799860356293,1,2,1,0,0,0.019987717922255094
2026-0711-02-01-09-01,2,2024101292,ラピッドテソーロ,0.20096028068130783,1,2,0,0,0.019987717922255094,0.0464034543480136
2026-0711-02-01-09-01,3,2024104575,ウメヒナタ,0.15455682633329423,2,2,0,1,0.0464034543480136,0.024609240350959544
2026-0711-02-01-09-01,4,2024104947,ワイドウィンザー,0.1299475859823347,2,2,0,1,0.024609240350959544,0.07308196025828896
2026-0711-02-01-09-01,5,2024105019,ロゼハイスクール,0.05686562572404573,3,6,0,0,0.07308196025828896,0.01540051727186438
2026-0711-02-01-09-01,6,2024104861,ベイビーブラザー,0.04146510845218135,3,6,0,0,0.01540051727186438,0.016174386208751904
2026-0711-02-01-09-01,7,2024104761,タイガーストリート,0.025290722243429445,3,6,0,0,0.016174386208751904,1.288626728679007e-05
2026-0711-02-01-09-01,8,2024104955,ラストモーメント,0.025277835976142655,3,6,0,0,1.288626728679007e-05,0.002442644772574793
2026-0711-02-01-09-01,9,2024103933,セイウンコハルタ,0.02283519120356786,3,6,0,0,0.002442644772574793,0.006562271826300085
2026-0711-02-01-09-01,10,2024104076,カクシンゴールド,0.016272919377267776,3,6,0,0,0.006562271826300085,0
2026-0711-02-01-09-02,1,2023102581,サラサチャチャチャ,0.2387360280483201,1,1,1,0,0,0.061888905806065625
2026-0711-02-01-09-02,2,2023107267,ジーティービキニ,0.17684712224225446,2,12,0,1,0.061888905806065625,0.03170339944365311
2026-0711-02-01-09-02,3,2023103991,ブエノスオプティマ,0.14514372279860135,2,12,0,1,0.03170339944365311,0.021254778949158407
2026-0711-02-01-09-02,4,2023103723,メリオルヴィア,0.12388894384944295,2,12,0,1,0.021254778949158407,0.013681960946334712
2026-0711-02-01-09-02,5,2023102909,マーゴットクリュグ,0.11020698290310824,2,12,0,1,0.013681960946334712,0.005001001982365708
2026-0711-02-01-09-02,6,2023103191,ワンダーアスク,0.10520598092074253,2,12,0,1,0.005001001982365708,0.009792246513165029
2026-0711-02-01-09-02,7,2023105062,フレンチブラッサム,0.0954137344075775,2,12,0,1,0.009792246513165029,0.0034141503038939425
2026-0711-02-01-09-02,8,2023104322,タガノシルフィー,0.09199958410368356,2,12,0,1,0.0034141503038939425,0.040429308578876645
2026-0711-02-01-09-02,9,2023107214,シルフ,0.05157027552480691,2,12,0,1,0.040429308578876645,0.003604142769080082
2026-0711-02-01-09-02,10,2023102700,コイバナ,0.04796613275572683,2,12,0,1,0.003604142769080082,0.02179036605603222
2026-0711-02-01-09-02,11,2023105220,チカマヨルキーナ,0.02617576669969461,2,12,0,1,0.02179036605603222,0.0010996483825037838
2026-0711-02-01-09-02,12,2023106163,サマースプラッシュ,0.025076118317190827,2,12,0,1,0.0010996483825037838,0.012030356253561398
2026-0711-02-01-09-02,13,2023103956,ベッラモレーン,0.013045762063629429,2,12,0,1,0.012030356253561398,0
2026-0711-02-01-09-03,1,2023105125,アルサック,0.22981605771350552,1,1,1,0,0,0.054337562205788975
2026-0711-02-01-09-03,2,2023105795,クリオロゴールド,0.17547849550771655,2,4,0,1,0.054337562205788975,0.029020981380898037
2026-0711-02-01-09-03,3,2023103178,テンユウ,0.1464575141268185,2,4,0,1,0.029020981380898037,0.014977812560099724
2026-0711-02-01-09-03,4,2023106862,ハッピーローヴァー,0.1314797015667188,2,4,0,1,0.014977812560099724,0.011543203331269986
2026-0711-02-01-09-03,5,2023105416,ルージュフローラ,0.1199364982354488,2,4,0,1,0.011543203331269986,0.05154956929759251
2026-0711-02-01-09-03,6,2023107103,ダノンルミエール,0.06838692893785629,3,11,0,0,0.05154956929759251,0.010205961014210778
2026-0711-02-01-09-03,7,2023102176,スノーガーネット,0.058180967923645514,3,11,0,0,0.010205961014210778,0.005796855823268887
2026-0711-02-01-09-03,8,2023100215,スピットブレイク,0.05238411210037663,3,11,0,0,0.005796855823268887,0.006684464468923873
2026-0711-02-01-09-03,9,2023103454,テイクマイハート,0.045699647631452754,3,11,0,0,0.006684464468923873,0.008534717750472494
2026-0711-02-01-09-03,10,2023101627,ブルーハーツ,0.03716492988098026,3,11,0,0,0.008534717750472494,0.006972156244527336
2026-0711-02-01-09-03,11,2023102363,ウインドトリック,0.030192773636452924,3,11,0,0,0.006972156244527336,0.0037808803299009923
2026-0711-02-01-09-03,12,2023107052,ナオミニオールイン,0.026411893306551932,3,11,0,0,0.0037808803299009923,0.006523004463820422
2026-0711-02-01-09-03,13,2023106105,ユナダイヤ,0.01988888884273151,3,11,0,0,0.006523004463820422,0.003135586057986736
2026-0711-02-01-09-03,14,2023104606,トゥントゥントゥン,0.016753302784744774,3,11,0,0,0.003135586057986736,0.0006074435163616748
2026-0711-02-01-09-03,15,2023100963,ロンドンプライド,0.0161458592683831,3,11,0,0,0.0006074435163616748,0.001459394620263928
2026-0711-02-01-09-03,16,2023102443,アゲンストオッズ,0.014686464648119171,3,11,0,0,0.001459394620263928,0
2026-0711-02-01-09-04,1,2023106863,アーデルブリックス,0.284353090819312,1,2,1,0,0,0.01424848246953836
2026-0711-02-01-09-04,2,2023105876,ウインアプローチ,0.2701046083497736,1,2,0,0,0.01424848246953836,0.1007660958437836
2026-0711-02-01-09-04,3,2023106411,マンサニージャ,0.16933851250599002,2,6,0,1,0.1007660958437836,0.016568068058563867
2026-0711-02-01-09-04,4,2023103155,エグジスタンス,0.15277044444742616,2,6,0,1,0.016568068058563867,0.02221015318930669
2026-0711-02-01-09-04,5,2023102166,ケナゲ,0.13056029125811947,2,6,0,1,0.02221015318930669,0.019144857447496402
2026-0711-02-01-09-04,6,2023104491,コスモクラシック,0.11141543381062306,2,6,0,1,0.019144857447496402,0.017469911307775754
2026-0711-02-01-09-04,7,2023106478,ヘクセンハウス,0.09394552250284731,2,6,0,1,0.017469911307775754,0.0039000877848279353
2026-0711-02-01-09-04,8,2023102923,インフィオラータ,0.09004543471801937,2,6,0,1,0.0039000877848279353,0.05179882583608922
2026-0711-02-01-09-04,9,2023105144,アスコットダンス,0.038246608881930155,3,6,0,0,0.05179882583608922,0.003966033273308002
2026-0711-02-01-09-04,10,2023103175,セイントクーヤ,0.03428057560862215,3,6,0,0,0.003966033273308002,0.0017754362134246304
2026-0711-02-01-09-04,11,2023102386,ミリオングローリー,0.03250513939519752,3,6,0,0,0.0017754362134246304,0.001601771258542526
2026-0711-02-01-09-04,12,2023100718,メメボス,0.030903368136654997,3,6,0,0,0.001601771258542526,0.02238422088905656
2026-0711-02-01-09-04,13,2023104005,カネトシパンドラ,0.008519147247598438,3,6,0,0,0.02238422088905656,0.0007673627748370892
2026-0711-02-01-09-04,14,2023100683,シアワセチョウサン,0.007751784472761349,3,6,0,0,0.0007673627748370892,0
2026-0711-02-01-09-05,1,2024106981,レゾルートハート,0.08760495607052089,1,11,1,0,0,0.0
2026-0711-02-01-09-05,2,2024102392,ジーティーマドンナ,0.08760495607052089,1,11,0,0,0.0,0.0
2026-0711-02-01-09-05,3,2024104845,リーゼントエース,0.08760495607052089,1,11,0,0,0.0,0.0
2026-0711-02-01-09-05,4,2024105402,シガレス,0.08760495607052089,1,11,0,0,0.0,0.0
2026-0711-02-01-09-05,5,2024101054,イリスロッソ,0.08760495607052089,1,11,0,0,0.0,0.0
2026-0711-02-01-09-05,6,2024100077,サノノベリー,0.08760495607052089,1,11,0,0,0.0,0.0
2026-0711-02-01-09-05,7,2024105705,アークレイリ,0.08760495607052089,1,11,0,0,0.0,0.0
2026-0711-02-01-09-05,8,2024100671,フレイコン,0.08760495607052089,1,11,0,0,0.0,0.0
2026-0711-02-01-09-05,9,2024102290,シンゼンノト,0.08760495607052089,1,11,0,0,0.0,0.0
2026-0711-02-01-09-05,10,2024105107,レジェンドヴァーサ,0.08760495607052089,1,11,0,0,0.0,0.0
2026-0711-02-01-09-05,11,2024105362,ライフイズアート,0.08760495607052089,1,11,0,0,0.0,0
2026-0711-02-01-09-06,1,2023102461,チリンドリ,0.21526203285429474,1,2,1,0,0,0.01840360060513918
2026-0711-02-01-09-06,2,2023106060,モロノカガヤキ,0.19685843224915556,1,2,0,0,0.01840360060513918,0.10258778720565132
2026-0711-02-01-09-06,3,2023101131,ライトアファイア,0.09427064504350424,2,5,0,1,0.10258778720565132,0.019768457507298373
2026-0711-02-01-09-06,4,2023104669,ゲレイロ,0.07450218753620587,2,5,0,1,0.019768457507298373,0.011783654845598873
2026-0711-02-01-09-06,5,2023103360,ヤマメイッカ,0.062718532690607,2,5,0,1,0.011783654845598873,0.0031476301225151354
2026-0711-02-01-09-06,6,2023103621,シンエンドーツダ,0.05957090256809186,2,5,0,1,0.0031476301225151354,0.0005428880260666957
2026-0711-02-01-09-06,7,2023103231,ミスチヴマリアンヌ,0.059028014542025165,2,5,0,1,0.0005428880260666957,0.0462125722728582
2026-0711-02-01-09-06,8,2023100346,ブライトラン,0.012815442269166966,3,3,0,0,0.0462125722728582,6.50719318421103e-05
2026-0711-02-01-09-06,9,2023106967,ラヴィレット,0.012750370337324856,3,3,0,0,6.50719318421103e-05,0.002143863049158057
2026-0711-02-01-09-06,10,2023106106,サクセスブルー,0.010606507288166799,3,3,0,0,0.002143863049158057,0
2026-0711-02-01-09-07,1,2023103820,ターンザテーブルス,0.26151400602267727,1,1,1,0,0,0.046099277867773486
2026-0711-02-01-09-07,2,2023104487,アイドクレース,0.21541472815490378,2,1,0,1,0.046099277867773486,0.051416241809801644
2026-0711-02-01-09-07,3,2022105078,ミッキーマドンナ,0.16399848634510214,3,6,0,0,0.051416241809801644,0.03655690705967349
2026-0711-02-01-09-07,4,2023105420,ナイスプレーアスク,0.12744157928542865,3,6,0,0,0.03655690705967349,0.0057890567786497565
2026-0711-02-01-09-07,5,2023103766,タイムレスキス,0.1216525225067789,3,6,0,0,0.0057890567786497565,0.009940108707993181
2026-0711-02-01-09-07,6,2023105222,クシマトゥルー,0.11171241379878571,3,6,0,0,0.009940108707993181,0.005880011428927134
2026-0711-02-01-09-07,7,2023106226,ナムラヒナギク,0.10583240236985858,3,6,0,0,0.005880011428927134,0.009381325286121706
2026-0711-02-01-09-07,8,2023106829,ベアサナエチャン,0.09645107708373687,3,6,0,0,0.009381325286121706,0.05340139539145594
2026-0711-02-01-09-07,9,2023102475,コスモレッド,0.04304968169228093,4,6,0,0,0.05340139539145594,0.014051263166265718
2026-0711-02-01-09-07,10,2022103063,ルージュスティーズ,0.028998418526015216,4,6,0,0,0.014051263166265718,0.00039888492202514586
2026-0711-02-01-09-07,11,2021101725,リリーズブルーム,0.02859953360399007,4,6,0,0,0.00039888492202514586,0.0070994746735594284
2026-0711-02-01-09-07,12,2021104931,ルージュカエラ,0.02150005893043064,4,6,0,0,0.0070994746735594284,0.0008627551345871502
2026-0711-02-01-09-07,13,2019106416,キセキノエンジェル,0.02063730379584349,4,6,0,0,0.0008627551345871502,0.013830339451168256
2026-0711-02-01-09-07,14,2022104870,フクシマコウヨウ,0.006806964344675234,4,6,0,0,0.013830339451168256,0
2026-0711-02-01-09-08,1,2023100463,ナムラハリス,0.09067031405389094,1,12,1,0,0,0.008157162996816764
2026-0711-02-01-09-08,2,2022104259,アイファーシャドー,0.08251315105707417,1,12,0,0,0.008157162996816764,0.007336071064225944
2026-0711-02-01-09-08,3,2022101445,マテンロウカナロア,0.07517707999284823,1,12,0,0,0.007336071064225944,0.006521035796574051
2026-0711-02-01-09-08,4,2023102019,テイクオンミー,0.06865604419627418,1,12,0,0,0.006521035796574051,0.002807331397402163
2026-0711-02-01-09-08,5,2023100655,タイセイモノリス,0.06584871279887201,1,12,0,0,0.002807331397402163,0.005442907578656418
2026-0711-02-01-09-08,6,2022104890,エンダードラゴン,0.060405805220215596,1,12,0,0,0.005442907578656418,0.007955636122102386
2026-0711-02-01-09-08,7,2023104103,パラダイスフェイス,0.05245016909811321,1,12,0,0,0.007955636122102386,0.006977560217438852
2026-0711-02-01-09-08,8,2021106070,ブリスフル,0.04547260888067436,1,12,0,0,0.006977560217438852,0.005376595279039678
2026-0711-02-01-09-08,9,2023102706,レイサンソク,0.04009601360163468,1,12,0,0,0.005376595279039678,0.01794088747304886
2026-0711-02-01-09-08,10,2019103592,ベイビールビオ,0.02215512612858582,1,12,0,0,0.01794088747304886,0.0013289145771096349
2026-0711-02-01-09-08,11,2021109088,アルニラム,0.020826211551476185,1,12,0,0,0.0013289145771096349,0.012579692871742529
2026-0711-02-01-09-08,12,2023101481,シビックアスコット,0.008246518679733656,1,12,0,0,0.012579692871742529,0
2026-0711-02-01-09-09,1,2023102091,クリスレジーナ,0.39401334401925175,1,1,1,0,0,0.26237808771930804
2026-0711-02-01-09-09,2,2023105993,エトワールブーケ,0.1316352562999437,2,9,0,1,0.26237808771930804,0.008542926483479818
2026-0711-02-01-09-09,3,2023106866,サイン,0.12309232981646387,2,9,0,1,0.008542926483479818,0.0162230258695195
2026-0711-02-01-09-09,4,2022105525,モルビド,0.10686930394694437,2,9,0,1,0.0162230258695195,0.016752783407537733
2026-0711-02-01-09-09,5,2022104598,ドルチェリターン,0.09011652053940664,2,9,0,1,0.016752783407537733,0.02678609349305737
2026-0711-02-01-09-09,6,2022104724,ハルフロンティア,0.06333042704634927,2,9,0,1,0.02678609349305737,0.006469062908777037
2026-0711-02-01-09-09,7,2021103520,デルシエロ,0.05686136413757223,2,9,0,1,0.006469062908777037,0.025978548283111823
2026-0711-02-01-09-09,8,2023103986,メイショウソラリス,0.030882815854460406,2,9,0,1,0.025978548283111823,0.008069084762868522
2026-0711-02-01-09-09,9,2022103222,エオアリイ,0.022813731091591884,2,9,0,1,0.008069084762868522,0.007724516767687683
2026-0711-02-01-09-09,10,2019100907,ゼアズノープレイス,0.0150892143239042,2,9,0,1,0.007724516767687683,0
2026-0711-02-01-09-10,1,2023110100,アスクケンタッキー,0.09494250863392929,1,14,1,0,0,0.0022202591805250554
2026-0711-02-01-09-10,2,2021110165,ピコアーガイル,0.09272224945340424,1,14,0,0,0.0022202591805250554,0.002293937559058712
2026-0711-02-01-09-10,3,2021101595,ヴィヴァクラウン,0.09042831189434553,1,14,0,0,0.002293937559058712,0.009899835425539391
2026-0711-02-01-09-10,4,2022106513,キーガッツ,0.08052847646880613,1,14,0,0,0.009899835425539391,0.013515644212842112
2026-0711-02-01-09-10,5,2023103293,ラスティングスノー,0.06701283225596402,1,14,0,0,0.013515644212842112,0.011566971906233701
2026-0711-02-01-09-10,6,2022101464,レイユール,0.05544586034973032,1,14,0,0,0.011566971906233701,0.007703984577017729
2026-0711-02-01-09-10,7,2021100365,トウカイエルデ,0.04774187577271259,1,14,0,0,0.007703984577017729,0.0005389158945918043
2026-0711-02-01-09-10,8,2022103556,キープサインオン,0.04720295987812079,1,14,0,0,0.0005389158945918043,0.007485419569087541
2026-0711-02-01-09-10,9,2021103242,ジーベック,0.039717540309033246,1,14,0,0,0.007485419569087541,0.0018980365755891446
2026-0711-02-01-09-10,10,2022105443,モレポブラーノ,0.0378195037334441,1,14,0,0,0.0018980365755891446,0.001294247286008389
2026-0711-02-01-09-10,11,2022103527,ライツユーアップ,0.03652525644743571,1,14,0,0,0.001294247286008389,0.006123596514717854
2026-0711-02-01-09-10,12,2022100933,エルサトアナ,0.03040165993271786,1,14,0,0,0.006123596514717854,0.00976990834549777
2026-0711-02-01-09-10,13,2021104217,ムチャスグラシアス,0.02063175158722009,1,14,0,0,0.00976990834549777,0.0010996457100492137
2026-0711-02-01-09-10,14,2022102995,フレッシュラン,0.019532105877170875,1,14,0,0,0.0010996457100492137,0
2026-0711-02-01-09-11,1,2022101230,インパクトシー,0.19303940776203754,1,2,1,0,0,0.03199711826510385
2026-0711-02-01-09-11,2,2022102982,ダンツファイター,0.1610422894969337,1,2,0,0,0.03199711826510385,0.06079223455949816
2026-0711-02-01-09-11,3,2022104145,インヴォーグ,0.10025005493743554,2,11,0,1,0.06079223455949816,0.007241161936289556
2026-0711-02-01-09-11,4,2021101485,カテリーナ,0.09300889300114598,2,11,0,1,0.007241161936289556,0.02719638418209605
2026-0711-02-01-09-11,5,2021106193,ウイントレメンデス,0.06581250881904993,2,11,0,1,0.02719638418209605,0.0007361638315078745
2026-0711-02-01-09-11,6,2022105801,ショウナンサムデイ,0.06507634498754206,2,11,0,1,0.0007361638315078745,0.012121067040168632
2026-0711-02-01-09-11,7,2021105412,ウィープディライト,0.052955277947373425,2,11,0,1,0.012121067040168632,0.0034060012989103328
2026-0711-02-01-09-11,8,2022103245,ミッキージュエリー,0.04954927664846309,2,11,0,1,0.0034060012989103328,0.003082529596661769
2026-0711-02-01-09-11,9,2022105777,ドゥカート,0.04646674705180132,2,11,0,1,0.003082529596661769,0.011950436257747735
2026-0711-02-01-09-11,10,2020103354,アイスグリーン,0.03451631079405359,2,11,0,1,0.011950436257747735,0.006508275316448247
2026-0711-02-01-09-11,11,2019105462,ソリダリティ,0.02800803547760534,2,11,0,1,0.006508275316448247,0.0025712729188304105
2026-0711-02-01-09-11,12,2021102256,ノーブルスカイ,0.02543676255877493,2,11,0,1,0.0025712729188304105,0.011340522600568297
2026-0711-02-01-09-11,13,2020106966,ピンクジン,0.014096239958206634,2,11,0,1,0.011340522600568297,0
2026-0711-02-01-09-12,1,2023100095,ビップムーラン,0.3046048550481899,1,1,1,0,0,0.20707006627001667
2026-0711-02-01-09-12,2,2023100533,タイセイブルーム,0.09753478877817325,2,7,0,1,0.20707006627001667,0.010996806237122958
2026-0711-02-01-09-12,3,2022103306,ワイドデコラシオン,0.08653798254105029,2,7,0,1,0.010996806237122958,0.018901405340551417
2026-0711-02-01-09-12,4,2021101891,スパークルジョイ,0.06763657720049887,2,7,0,1,0.018901405340551417,0.010815354299720498
2026-0711-02-01-09-12,5,2023105616,テーオーナタリー,0.05682122290077837,2,7,0,1,0.010815354299720498,0.024783734796769215
2026-0711-02-01-09-12,6,2021102550,メイショウハッブル,0.03203748810400916,2,7,0,1,0.024783734796769215,0.00464776301471399
2026-0711-02-01-09-12,7,2021110162,ジュウオウ,0.02738972508929517,2,7,0,1,0.00464776301471399,0.00405243576465775
2026-0711-02-01-09-12,8,2022110062,レネネト,0.02333728932463742,2,7,0,1,0.00405243576465775,0
2026-0711-03-02-05-01,1,2021102973,トゥラッタッタ,0.2084196462909423,1,1,1,0,0,0.06920292039783785
2026-0711-03-02-05-01,2,2018102917,ネイチャーシップ,0.13921672589310446,2,1,0,1,0.06920292039783785,0.04558603975084506
2026-0711-03-02-05-01,3,2020103193,シャンデルナゴル,0.0936306861422594,3,9,0,0,0.04558603975084506,0.03375080980465435
2026-0711-03-02-05-01,4,2020103507,グラニットピーク,0.059879876337605054,3,9,0,0,0.03375080980465435,0.00677753231674267
2026-0711-03-02-05-01,5,2017104238,フームスムート,0.053102344020862384,3,9,0,0,0.00677753231674267,0.013602579341818126
2026-0711-03-02-05-01,6,2019104010,タマモエース,0.03949976467904426,3,9,0,0,0.013602579341818126,0.0033683544255263334
2026-0711-03-02-05-01,7,2021104974,ヒットアンドロール,0.036131410253517925,3,9,0,0,0.0033683544255263334,0.004853577939676355
2026-0711-03-02-05-01,8,2020105774,コスモチプリア,0.03127783231384157,3,9,0,0,0.004853577939676355,0.004057710787148314
2026-0711-03-02-05-01,9,2020103537,ジーククローネ,0.027220121526693255,3,9,0,0,0.004057710787148314,0.003300852343479977
2026-0711-03-02-05-01,10,2022106304,ナックエルドラド,0.023919269183213278,3,9,0,0,0.003300852343479977,0.004542166717509594
2026-0711-03-02-05-01,11,2019101488,クラウンセト,0.019377102465703684,3,9,0,0,0.004542166717509594,0
2026-0711-03-02-05-02,1,2023105097,サイモンセレーノ,0.1782731990462863,1,1,1,0,0,0.04329644718137893
2026-0711-03-02-05-02,2,2023104727,タマモチョコチップ,0.13497675186490737,2,1,0,1,0.04329644718137893,0.07501528536060513
2026-0711-03-02-05-02,3,2023103530,ワイルドミュール,0.059961466504302244,3,13,0,0,0.07501528536060513,0.009623836009128597
2026-0711-03-02-05-02,4,2023103898,エルミー,0.050337630495173646,3,13,0,0,0.009623836009128597,0.00033481293949933627
2026-0711-03-02-05-02,5,2023105022,アジュアカレンツ,0.05000281755567431,3,13,0,0,0.00033481293949933627,0.0005768121600592396
2026-0711-03-02-05-02,6,2023106315,ホウライブラック,0.04942600539561507,3,13,0,0,0.0005768121600592396,0.007563303081014688
2026-0711-03-02-05-02,7,2023102170,ビレッジルイーザ,0.04186270231460038,3,13,0,0,0.007563303081014688,0.016512232423398897
2026-0711-03-02-05-02,8,2023107422,ゼフィリア,0.025350469891201485,3,13,0,0,0.016512232423398897,0.009278403378349755
2026-0711-03-02-05-02,9,2023106294,イセッセイ,0.01607206651285173,3,13,0,0,0.009278403378349755,0.00019833283100491317
2026-0711-03-02-05-02,10,2023101950,メイショウミズホ,0.015873733681846816,3,13,0,0,0.00019833283100491317,0.0006135684065510169
2026-0711-03-02-05-02,11,2023105034,キミガハマ,0.0152601652752958,3,13,0,0,0.0006135684065510169,0.0010756382511773587
2026-0711-03-02-05-02,12,2023103052,ベアエクスプレス,0.01418452702411844,3,13,0,0,0.0010756382511773587,0.001695566211499102
2026-0711-03-02-05-02,13,2023104594,セイスイカルメン,0.012488960812619338,3,13,0,0,0.001695566211499102,0.0009403621266440756
2026-0711-03-02-05-02,14,2023104415,アインプロージット,0.011548598685975263,3,13,0,0,0.0009403621266440756,0.0044608291576961395
2026-0711-03-02-05-02,15,2023102921,アルバニクス,0.007087769528279123,3,13,0,0,0.0044608291576961395,0
2026-0711-03-02-05-03,1,2024105780,キャピタルストーン,0.22353022743169806,1,4,1,0,0,0.00852046742138432
2026-0711-03-02-05-03,2,2024104668,レオンティウス,0.21500976001031374,1,4,0,0,0.00852046742138432,0.007605211471536005
2026-0711-03-02-05-03,3,2024100732,ペアスターロード,0.20740454853877774,1,4,0,0,0.007605211471536005,0.027816512160959095
2026-0711-03-02-05-03,4,2024103626,コスモシグナス,0.17958803637781864,1,4,0,0,0.027816512160959095,0.09222197485027285
2026-0711-03-02-05-03,5,2024106843,トーセンマスラオ,0.0873660615275458,2,10,0,1,0.09222197485027285,0.010082219166972814
2026-0711-03-02-05-03,6,2024104822,タイセイアドーレ,0.07728384236057298,2,10,0,1,0.010082219166972814,0.00031838925897340054
2026-0711-03-02-05-03,7,2024106044,ジーティーフクジ,0.07696545310159958,2,10,0,1,0.00031838925897340054,0.0065367576151829365
2026-0711-03-02-05-03,8,2024106285,シャインラブ,0.07042869548641664,2,10,0,1,0.0065367576151829365,0.0005971104074209421
2026-0711-03-02-05-03,9,2024103650,マイネルリコルディ,0.0698315850789957,2,10,0,1,0.0005971104074209421,0.03126967759841803
2026-0711-03-02-05-03,10,2024100469,コールドスリープ,0.03856190748057767,2,10,0,1,0.03126967759841803,0.0027492692726654513
2026-0711-03-02-05-03,11,2024103827,ジュネストレイル,0.035812638207912216,2,10,0,1,0.0027492692726654513,0.009401198769425561
2026-0711-03-02-05-03,12,2024105911,シアルナーレ,0.026411439438486655,2,10,0,1,0.009401198769425561,0.005252518803507456
2026-0711-03-02-05-03,13,2024102066,モーモーゼロ,0.0211589206349792,2,10,0,1,0.005252518803507456,0.00661993342026581
2026-0711-03-02-05-03,14,2024104606,オーケーマドンナ,0.01453898721471339,2,10,0,1,0.00661993342026581,0
2026-0711-03-02-05-04,1,2023104504,ゴールドプレイヤー,0.22877993458319373,1,3,1,0,0,0.0333896553389505
2026-0711-03-02-05-04,2,2023100861,ウェスケンジントン,0.19539027924424324,1,3,0,0,0.0333896553389505,0.003886407127551561
2026-0711-03-02-05-04,3,2023102958,スティールヴォーグ,0.19150387211669168,1,3,0,0,0.003886407127551561,0.08960504695341655
2026-0711-03-02-05-04,4,2023100928,セブンワンダーズ,0.10189882516327513,2,12,0,1,0.08960504695341655,0.037260919199525275
2026-0711-03-02-05-04,5,2023105406,マーゴットリック,0.06463790596374985,2,12,0,1,0.037260919199525275,0.002985220443385707
2026-0711-03-02-05-04,6,2023105842,ロードプレリュード,0.061652685520364146,2,12,0,1,0.002985220443385707,0.014259333635816794
2026-0711-03-02-05-04,7,2023103932,ロイヤルタイム,0.04739335188454735,2,12,0,1,0.014259333635816794,0.0034643723045784877
2026-0711-03-02-05-04,8,2023102721,ツクバアヴァロン,0.043928979579968865,2,12,0,1,0.0034643723045784877,0.014610118489553122
2026-0711-03-02-05-04,9,2023105662,ドゥーニ,0.029318861090415742,2,12,0,1,0.014610118489553122,0.012696308695272208
2026-0711-03-02-05-04,10,2023101886,ルールオーヴァー,0.016622552395143535,2,12,0,1,0.012696308695272208,0.0025475581752555706
2026-0711-03-02-05-04,11,2023100739,ヤマタケボニータ,0.014074994219887964,2,12,0,1,0.0025475581752555706,0.003762617686591455
2026-0711-03-02-05-04,12,2023106244,イケイケルノワール,0.01031237653329651,2,12,0,1,0.003762617686591455,0.00025870027121860546
2026-0711-03-02-05-04,13,2023107440,パワポケウォーズ,0.010053676262077904,2,12,0,1,0.00025870027121860546,7.6167321533381765e-06
2026-0711-03-02-05-04,14,2023100766,フッカツノジャンボ,0.010046059529924566,2,12,0,1,7.6167321533381765e-06,0.002014461441495606
2026-0711-03-02-05-04,15,2023101659,エビスディアーナ,0.00803159808842896,2,12,0,1,0.002014461441495606,0
2026-0711-03-02-05-05,1,2024103977,ニシノイサリビ,0.08570911153705274,1,11,1,0,0,0.0
2026-0711-03-02-05-05,2,2024101312,スリーフラワー,0.08570911153705274,1,11,0,0,0.0,0.0
2026-0711-03-02-05-05,3,2024109020,アップルザビート,0.08570911153705274,1,11,0,0,0.0,0.0
2026-0711-03-02-05-05,4,2024100072,リーディンアクター,0.08570911153705274,1,11,0,0,0.0,0.0
2026-0711-03-02-05-05,5,2024100615,ディスペアーホープ,0.08570911153705274,1,11,0,0,0.0,0.0
2026-0711-03-02-05-05,6,2024101524,トムキャット,0.08570911153705274,1,11,0,0,0.0,0.0
2026-0711-03-02-05-05,7,2024104736,パルセノスミハ,0.08570911153705274,1,11,0,0,0.0,0.0
2026-0711-03-02-05-05,8,2024101497,センカンナガト,0.08570911153705274,1,11,0,0,0.0,0.0
2026-0711-03-02-05-05,9,2024101411,ソースウィート,0.08570911153705274,1,11,0,0,0.0,0.0
2026-0711-03-02-05-05,10,2024102927,セイリュウ,0.08570911153705274,1,11,0,0,0.0,0.0
2026-0711-03-02-05-05,11,2024108024,アドバンスアゲイン,0.08570911153705274,1,11,0,0,0.0,0
2026-0711-03-02-05-06,1,2023105858,ウインテラジーナ,0.22671465130783414,1,2,1,0,0,0.024205235933174973
2026-0711-03-02-05-06,2,2023102564,フクオトコ,0.20250941537465916,1,2,0,0,0.024205235933174973,0.09486729970989607
2026-0711-03-02-05-06,3,2023102843,ムーングレイル,0.10764211566476309,2,14,0,1,0.09486729970989607,0.011520929761635629
2026-0711-03-02-05-06,4,2023102737,ポポラヴィスタ,0.09612118590312746,2,14,0,1,0.011520929761635629,0.027898597663295374
2026-0711-03-02-05-06,5,2023105614,レッドフリーマン,0.06822258823983209,2,14,0,1,0.027898597663295374,0.03008274680162642
2026-0711-03-02-05-06,6,2023102311,ジョブックボー,0.03813984143820567,2,14,0,1,0.03008274680162642,0.00388756131300156
2026-0711-03-02-05-06,7,2023101588,フライングビーナス,0.03425228012520411,2,14,0,1,0.00388756131300156,0.008191042812943649
2026-0711-03-02-05-06,8,2023102504,セーヌデローヴ,0.026061237312260458,2,14,0,1,0.008191042812943649,0.003340703007418098
2026-0711-03-02-05-06,9,2023102403,ルンベーラ,0.02272053430484236,2,14,0,1,0.003340703007418098,0.0064514907700601865
2026-0711-03-02-05-06,10,2023105576,シルバープレミア,0.016269043534782174,2,14,0,1,0.0064514907700601865,0.002236612735968018
2026-0711-03-02-05-06,11,2023105905,サトノアンナ,0.014032430798814156,2,14,0,1,0.002236612735968018,0.001762031180360949
2026-0711-03-02-05-06,12,2023106378,パーフェクトスノー,0.012270399618453207,2,14,0,1,0.001762031180360949,0.002227323964098535
2026-0711-03-02-05-06,13,2023107134,サファイアプレミア,0.010043075654354671,2,14,0,1,0.002227323964098535,0.0008562342799360596
2026-0711-03-02-05-06,14,2023106371,ミスデルマー,0.009186841374418612,2,14,0,1,0.0008562342799360596,0.0017491365764408856
2026-0711-03-02-05-06,15,2023105758,ケイアイギルス,0.007437704797977726,2,14,0,1,0.0017491365764408856,6.741486232358668e-05
2026-0711-03-02-05-06,16,2023103835,ブルーブロディ,0.00737028993565414,2,14,0,1,6.741486232358668e-05,0
2026-0711-03-02-05-07,1,2023103472,ドナルンバ,0.31536535495984824,1,2,1,0,0,0.03929724156355974
2026-0711-03-02-05-07,2,2023107032,イモータリス,0.2760681133962885,1,2,0,0,0.03929724156355974,0.11955916765217453
2026-0711-03-02-05-07,3,2023107331,ヴァンデスペランス,0.15650894574411398,2,2,0,1,0.11955916765217453,0.02028488181218216
2026-0711-03-02-05-07,4,2023107329,ボニープリンス,0.13622406393193182,2,2,0,1,0.02028488181218216,0.057726683697213024
2026-0711-03-02-05-07,5,2022104761,ニヴルヘイム,0.07849738023471879,3,7,0,0,0.057726683697213024,0.03401436867707344
2026-0711-03-02-05-07,6,2021103037,デリシュー,0.04448301155764535,3,7,0,0,0.03401436867707344,0.0004373925005119114
2026-0711-03-02-05-07,7,2021106203,ウインボレロ,0.04404561905713344,3,7,0,0,0.0004373925005119114,0.001995459023731855
2026-0711-03-02-05-07,8,2021106811,マイネルモメンタム,0.04205016003340158,3,7,0,0,0.001995459023731855,0.02779106718974771
2026-0711-03-02-05-07,9,2021103518,リアルセンター,0.014259092843653873,3,7,0,0,0.02779106718974771,0.0010932450131478817
2026-0711-03-02-05-07,10,2023100729,ヘルメスギャング,0.013165847830505992,3,7,0,0,0.0010932450131478817,0.005598822228905961
2026-0711-03-02-05-07,11,2022107023,グランプラネッタ,0.007567025601600031,3,7,0,0,0.005598822228905961,0
2026-0711-03-02-05-08,1,2023105263,アイムインディ,0.22671682429583911,1,5,1,0,0,0.03718227827247955
2026-0711-03-02-05-08,2,2023104658,ライヴレッドアイ,0.18953454602335956,1,5,0,0,0.03718227827247955,0.010324940835822971
2026-0711-03-02-05-08,3,2023106312,ジェイエルキャリア,0.1792096051875366,1,5,0,0,0.010324940835822971,0.012136201236121358
2026-0711-03-02-05-08,4,2023103751,グラティアム,0.16707340395141523,1,5,0,0,0.012136201236121358,0.00658820194463744
2026-0711-03-02-05-08,5,2023102007,ゼファーテソーロ,0.1604852020067778,1,5,0,0,0.00658820194463744,0.06983317332729325
2026-0711-03-02-05-08,6,2023103006,マサノピンクレディ,0.09065202867948455,2,11,0,1,0.06983317332729325,0.02295677739772914
2026-0711-03-02-05-08,7,2023103802,ブーケドリス,0.06769525128175541,2,11,0,1,0.02295677739772914,0.010369391808790485
2026-0711-03-02-05-08,8,2022106767,ミッシオーネ,0.057325859472964924,2,11,0,1,0.010369391808790485,0.00035739146653809145
2026-0711-03-02-05-08,9,2022104609,フラッシュポイント,0.05696846800642683,2,11,0,1,0.00035739146653809145,0.004803613348025197
2026-0711-03-02-05-08,10,2022106099,ハルノアラシ,0.052164854658401635,2,11,0,1,0.004803613348025197,0.006913577074979561
2026-0711-03-02-05-08,11,2021106724,チェルシー,0.045251277583422074,2,11,0,1,0.006913577074979561,0.0004955084096163118
2026-0711-03-02-05-08,12,2022105138,ダノンリュラ,0.04475576917380576,2,11,0,1,0.0004955084096163118,0.012699371522936861
2026-0711-03-02-05-08,13,2022101908,イズルード,0.0320563976508689,2,11,0,1,0.012699371522936861,0.0071508815525283854
2026-0711-03-02-05-08,14,2023106845,ラエトゥス,0.024905516098340515,2,11,0,1,0.0071508815525283854,0.018735582706408873
2026-0711-03-02-05-08,15,2020101677,エーティータキオン,0.006169933391931642,2,11,0,1,0.018735582706408873,0.00012057284178740128
2026-0711-03-02-05-08,16,2019102950,アイファーリーベン,0.006049360550144241,2,11,0,1,0.00012057284178740128,0
2026-0711-03-02-05-09,1,2023105807,アメティスタ,0.23434001733338816,1,3,1,0,0,0.035873684516064985
2026-0711-03-02-05-09,2,2022105118,ノクターン,0.19846633281732318,1,3,0,0,0.035873684516064985,0.026456257511618092
2026-0711-03-02-05-09,3,2022105587,サトノソティラス,0.17201007530570508,1,3,0,0,0.026456257511618092,0.08598525044769319
2026-0711-03-02-05-09,4,2022103510,キングズトゥルー,0.0860248248580119,2,12,0,1,0.08598525044769319,0.015543213374584752
2026-0711-03-02-05-09,5,2023100021,キンググローリー,0.07048161148342715,2,12,0,1,0.015543213374584752,0.00419442180863501
2026-0711-03-02-05-09,6,2021105838,モルトマエストーソ,0.06628718967479214,2,12,0,1,0.00419442180863501,0.016473389990325077
2026-0711-03-02-05-09,7,2021102988,スズカミエール,0.04981379968446706,2,12,0,1,0.016473389990325077,0.0025917234714353463
2026-0711-03-02-05-09,8,2020106694,ヴァイザーバルコ,0.04722207621303171,2,12,0,1,0.0025917234714353463,0.005004249272774229
2026-0711-03-02-05-09,9,2021105056,オルトパラティウム,0.04221782694025748,2,12,0,1,0.005004249272774229,0.002264466077882006
2026-0711-03-02-05-09,10,2020102760,ビッグベルーガ,0.03995336086237548,2,12,0,1,0.002264466077882006,0.007327681784952932
2026-0711-03-02-05-09,11,2019100212,ウインマイルート,0.032625679077422545,2,12,0,1,0.007327681784952932,0.00012578773022250966
2026-0711-03-02-05-09,12,2020103463,サトノトルネード,0.032499891347200036,2,12,0,1,0.00012578773022250966,0.002617162912944268
2026-0711-03-02-05-09,13,2021101701,クリフハンガー,0.029882728434255768,2,12,0,1,0.002617162912944268,0.0008316722357794432
2026-0711-03-02-05-09,14,2021103033,ハイラント,0.029051056198476324,2,12,0,1,0.0008316722357794432,0.0060144364714978735
2026-0711-03-02-05-09,15,2021110062,ヒストリアイ,0.02303661972697845,2,12,0,1,0.0060144364714978735,0
2026-0711-03-02-05-10,1,2022107138,アタリダイキチ,0.12260944239919665,1,9,1,0,0,0.026907589394916748
2026-0711-03-02-05-10,2,2021101580,メイショウヨゾラ,0.0957018530042799,1,9,0,0,0.026907589394916748,0.006644190585406065
2026-0711-03-02-05-10,3,2022103042,フォルテム,0.08905766241887383,1,9,0,0,0.006644190585406065,0.041403221541748046
2026-0711-03-02-05-10,4,2019103815,スマイルアップ,0.04765444087712579,1,9,0,0,0.041403221541748046,0.014521027360541047
2026-0711-03-02-05-10,5,2021103312,ロードマイライフ,0.03313341351658474,1,9,0,0,0.014521027360541047,0.004420550038502533
2026-0711-03-02-05-10,6,2018100442,モーデン,0.028712863478082207,1,9,0,0,0.004420550038502533,0.006885384794892337
2026-0711-03-02-05-10,7,2019107016,ウナギノボリ,0.02182747868318987,1,9,0,0,0.006885384794892337,0.0017162747646224177
2026-0711-03-02-05-10,8,2018103926,ショウナンラスボス,0.020111203918567452,1,9,0,0,0.0017162747646224177,0.006390293803901654
2026-0711-03-02-05-10,9,2021105711,ズバットマサムネ,0.013720910114665799,1,9,0,0,0.006390293803901654,0
2026-0711-03-02-05-11,1,2023103355,クリエープキー,0.17731104320746208,1,1,1,0,0,0.057116783426849754
2026-0711-03-02-05-11,2,2019103594,レッドアヴァンティ,0.12019425978061232,2,8,0,1,0.057116783426849754,0.04041598733789066
2026-0711-03-02-05-11,3,2021100019,マサノカナリア,0.07977827244272166,2,8,0,1,0.04041598733789066,0.00462645086391493
2026-0711-03-02-05-11,4,2021102413,シークレットヴァウ,0.07515182157880673,2,8,0,1,0.00462645086391493,0.024607595270278983
2026-0711-03-02-05-11,5,2018101343,ゾンニッヒ,0.05054422630852775,2,8,0,1,0.024607595270278983,0.0007138172960883607
2026-0711-03-02-05-11,6,2022104197,カウンターセブン,0.04983040901243939,2,8,0,1,0.0007138172960883607,0.008796599449076493
2026-0711-03-02-05-11,7,2019110001,ショウナンハクラク,0.041033809563362895,2,8,0,1,0.008796599449076493,0.022191324967692647
2026-0711-03-02-05-11,8,2018103205,クムシラコ,0.01884248459567025,2,8,0,1,0.022191324967692647,0.0006136377346919741
2026-0711-03-02-05-11,9,2018102155,マイネルジェロディ,0.018228846860978275,2,8,0,1,0.0006136377346919741,0
2026-0711-03-02-05-12,1,2023101661,アトミックブレス,0.17359878749212787,1,15,1,0,0,0.039092141292799365
2026-0711-03-02-05-12,2,2023105162,コパノエイダン,0.1345066461993285,1,15,0,0,0.039092141292799365,0.021429442541333443
2026-0711-03-02-05-12,3,2023110007,アンティミスト,0.11307720365799506,1,15,0,0,0.021429442541333443,0.03451386186920748
2026-0711-03-02-05-12,4,2023105177,タケルムサシ,0.07856334178878759,1,15,0,0,0.03451386186920748,0.006628480417940771
2026-0711-03-02-05-12,5,2023103227,エリーニック,0.07193486137084681,1,15,0,0,0.006628480417940771,0.004060060994885956
2026-0711-03-02-05-12,6,2021100540,アルプスオジョー,0.06787480037596086,1,15,0,0,0.004060060994885956,0.004210644563824667
2026-0711-03-02-05-12,7,2023100858,エコロガノン,0.06366415581213619,1,15,0,0,0.004210644563824667,0.00036584654707003117
2026-0711-03-02-05-12,8,2023100581,ホノボノ,0.06329830926506616,1,15,0,0,0.00036584654707003117,0.011888610830657856
2026-0711-03-02-05-12,9,2023100332,アスパラゴ,0.051409698434408305,1,15,0,0,0.011888610830657856,0.0029905241382603906
2026-0711-03-02-05-12,10,2021105074,モヴレクス,0.048419174296147914,1,15,0,0,0.0029905241382603906,0.003940684503351333
2026-0711-03-02-05-12,11,2023106646,スカイレックス,0.04447848979279658,1,15,0,0,0.003940684503351333,0.0039160487761755874
2026-0711-03-02-05-12,12,2020103705,レッドロスタム,0.040562441016620994,1,15,0,0,0.0039160487761755874,0.01470111193231349
2026-0711-03-02-05-12,13,2022106951,ブレゲアン,0.025861329084307504,1,15,0,0,0.01470111193231349,0.005620700014164058
2026-0711-03-02-05-12,14,2023102392,アジアントレジャー,0.020240629070143446,1,15,0,0,0.005620700014164058,0.009812235873225461
2026-0711-03-02-05-12,15,2022100548,ヴィーデ,0.010428393196917985,1,15,0,0,0.009812235873225461,0
2026-0711-10-02-05-01,1,2024106629,ミエルモーサ,0.2710327472587434,1,1,1,0,0,0.10206060837073516
2026-0711-10-02-05-01,2,2024105815,カレンハウ,0.16897213888800822,2,3,0,1,0.10206060837073516,0.0
2026-0711-10-02-05-01,3,2024101140,キムケンシーサー,0.16897213888800822,2,3,0,1,0.0,0.016084631517580605
2026-0711-10-02-05-01,4,2024100009,クリコキアナ,0.1528875073704276,2,3,0,1,0.016084631517580605,0.06620209861255763
2026-0711-10-02-05-01,5,2024108273,バクソウシャチョウ,0.08668540875786998,3,8,0,0,0.06620209861255763,0.016419766709012934
2026-0711-10-02-05-01,6,2024104986,ラホーヤアイズ,0.07026564204885705,3,8,0,0,0.016419766709012934,0.00016174273582536536
2026-0711-10-02-05-01,7,2024108132,マルモリマイベスト,0.07010389931303168,3,8,0,0,0.00016174273582536536,0.024198744047509747
2026-0711-10-02-05-01,8,2024105434,アセンシオン,0.045905155265521934,3,8,0,0,0.024198744047509747,0.017116843973562113
2026-0711-10-02-05-01,9,2024104988,ハロナ,0.02878831129195982,3,8,0,0,0.017116843973562113,0.006022298032607797
2026-0711-10-02-05-01,10,2024100751,ユイリノベーション,0.022766013259352024,3,8,0,0,0.006022298032607797,0.007102609325734824
2026-0711-10-02-05-01,11,2024108091,カシノカゲマル,0.0156634039336172,3,8,0,0,0.007102609325734824,0.005634300134085609
2026-0711-10-02-05-01,12,2024100628,ゴールドショーマン,0.010029103799531591,3,8,0,0,0.005634300134085609,0
2026-0711-10-02-05-02,1,2023101607,ダイメイクマモト,0.2807731052954454,1,1,1,0,0,0.07111450569103012
2026-0711-10-02-05-02,2,2023104332,タガノラヴズワン,0.2096585996044153,2,2,0,1,0.07111450569103012,0.00010474014453953906
2026-0711-10-02-05-02,3,2023105228,ルパピヨンブラン,0.20955385945987576,2,2,0,1,0.00010474014453953906,0.06325361903636922
2026-0711-10-02-05-02,4,2023100906,ソルアモール,0.14630024042350653,3,1,0,0,0.06325361903636922,0.048849730569113514
2026-0711-10-02-05-02,5,2023103190,アスクハッピーマン,0.09745050985439302,4,12,0,0,0.048849730569113514,0.00943452536963281
2026-0711-10-02-05-02,6,2023104965,マカロンブルー,0.08801598448476021,4,12,0,0,0.00943452536963281,0.016368195475867806
2026-0711-10-02-05-02,7,2023105657,ラッキーヴォーグ,0.0716477890088924,4,12,0,0,0.016368195475867806,0.026485155135667397
2026-0711-10-02-05-02,8,2023106888,サトノグロリア,0.04516263387322501,4,12,0,0,0.026485155135667397,0.0
2026-0711-10-02-05-02,9,2023102068,メイショウグロリア,0.04516263387322501,4,12,0,0,0.0,0.013778925200325018
2026-0711-10-02-05-02,10,2023102934,カツラコマチ,0.03138370867289999,4,12,0,0,0.013778925200325018,0.007496637033091797
2026-0711-10-02-05-02,11,2023106137,プシュカル,0.023887071639808192,4,12,0,0,0.007496637033091797,0.0031783210818178385
2026-0711-10-02-05-02,12,2023107344,マテンロウルクス,0.020708750557990353,4,12,0,0,0.0031783210818178385,0.008448765903426548
2026-0711-10-02-05-02,13,2023103192,アルディメント,0.012259984654563806,4,12,0,0,0.008448765903426548,0.0032543531997357347
2026-0711-10-02-05-02,14,2023100785,アズライトアスール,0.009005631454828071,4,12,0,0,0.0032543531997357347,0.0008655107611412385
2026-0711-10-02-05-02,15,2023104407,クータモ,0.008140120693686833,4,12,0,0,0.0008655107611412385,0.0021419047494585864
2026-0711-10-02-05-02,16,2023105602,ピゲ,0.005998215944228246,4,12,0,0,0.0021419047494585864,0
2026-0711-10-02-05-03,1,2023103412,トラカイキャッスル,0.13759985310322537,1,1,1,0,0,0.05488774895662005
2026-0711-10-02-05-03,2,2023103549,ベルトナリテ,0.08271210414660532,2,17,0,1,0.05488774895662005,0.0030807686752638563
2026-0711-10-02-05-03,3,2023107197,クランズクラウン,0.07963133547134146,2,17,0,1,0.0030807686752638563,0.0036152670824411703
2026-0711-10-02-05-03,4,2023105225,タイセイアビオン,0.07601606838890029,2,17,0,1,0.0036152670824411703,0.02042481261141485
2026-0711-10-02-05-03,5,2023102008,ソニックブーム,0.05559125577748544,2,17,0,1,0.02042481261141485,0.005045595585810643
2026-0711-10-02-05-03,6,2023101197,ゴールドアベニュー,0.0505456601916748,2,17,0,1,0.005045595585810643,1.1666275849267493e-05
2026-0711-10-02-05-03,7,2023107253,ビシェノ,0.05053399391582553,2,17,0,1,1.1666275849267493e-05,0.0011060548449409319
2026-0711-10-02-05-03,8,2023102698,ワラビガミ,0.0494279390708846,2,17,0,1,0.0011060548449409319,0.0067555213627364455
2026-0711-10-02-05-03,9,2023100868,フィエールシャンテ,0.042672417708148155,2,17,0,1,0.0067555213627364455,0.011770664713769391
2026-0711-10-02-05-03,10,2023102984,ハナコトバ,0.030901752994378764,2,17,0,1,0.011770664713769391,0.008439797603416305
2026-0711-10-02-05-03,11,2023105040,アメジストブリエ,0.02246195539096246,2,17,0,1,0.008439797603416305,0.0002747661864461286
2026-0711-10-02-05-03,12,2023101639,ワンダースアン,0.02218718920451633,2,17,0,1,0.0002747661864461286,0.0006569446302496437
2026-0711-10-02-05-03,13,2023102247,フィニステーレ,0.021530244574266687,2,17,0,1,0.0006569446302496437,0.002405400913549318
2026-0711-10-02-05-03,14,2023105028,メイショウタカネ,0.01912484366071737,2,17,0,1,0.002405400913549318,0.0009994172925000266
2026-0711-10-02-05-03,15,2023105687,マスアンジュ,0.018125426368217342,2,17,0,1,0.0009994172925000266,0.0010966205912078635
2026-0711-10-02-05-03,16,2023105054,マコトエウロペ,0.01702880577700948,2,17,0,1,0.0010966205912078635,0.008462356736790246
2026-0711-10-02-05-03,17,2023102080,メイショウバルキア,0.008566449040219233,2,17,0,1,0.008462356736790246,0.0018194598228523998
2026-0711-10-02-05-03,18,2023102949,ドントゥール,0.006746989217366833,2,17,0,1,0.0018194598228523998,0
2026-0711-10-02-05-04,1,2023105348,ジョーカー,0.2722956257457424,1,1,1,0,0,0.06700611981948704
2026-0711-10-02-05-04,2,2023104872,ゴールデンドラゴン,0.20528950592625536,2,1,0,1,0.06700611981948704,0.11597305436186084
2026-0711-10-02-05-04,3,2023103240,ワルトシュタイン,0.08931645156439452,3,14,0,0,0.11597305436186084,0.022734697523753566
2026-0711-10-02-05-04,4,2023104417,アンリミテッド,0.06658175404064096,3,14,0,0,0.022734697523753566,0.004082091638064923
2026-0711-10-02-05-04,5,2023101781,ラッキーダイヤ,0.06249966240257603,3,14,0,0,0.004082091638064923,0.0052034964372288245
2026-0711-10-02-05-04,6,2023104330,タガノランパート,0.05729616596534721,3,14,0,0,0.0052034964372288245,0.01138882683308061
2026-0711-10-02-05-04,7,2023104705,セイウンダイフク,0.0459073391322666,3,14,0,0,0.01138882683308061,0.000744705259041592
2026-0711-10-02-05-04,8,2023104009,ショールミーズ,0.04516263387322501,3,14,0,0,0.000744705259041592,0.009400643624060775
2026-0711-10-02-05-04,9,2023110080,アメリカンサクラ,0.03576199024916423,3,14,0,0,0.009400643624060775,0.007313503074131804
2026-0711-10-02-05-04,10,2023102174,メイショウマグナ,0.028448487175032428,3,14,0,0,0.007313503074131804,0.00015433821157014027
2026-0711-10-02-05-04,11,2023103890,カフジミモレット,0.028294148963462287,3,14,0,0,0.00015433821157014027,0.0019220423241359634
2026-0711-10-02-05-04,12,2023103591,ベラジオヴァレル,0.026372106639326324,3,14,0,0,0.0019220423241359634,0.009163133684478159
2026-0711-10-02-05-04,13,2023104866,ミニュイ,0.017208972954848165,3,14,0,0,0.009163133684478159,0.0003750670855363347
2026-0711-10-02-05-04,14,2023102903,スナークホクサイ,0.01683390586931183,3,14,0,0,0.0003750670855363347,0.007197383489138721
2026-0711-10-02-05-04,15,2023100568,サンライズハリー,0.00963652238017311,3,14,0,0,0.007197383489138721,0.00012998587371665545
2026-0711-10-02-05-04,16,2023101666,ウォーターコトノハ,0.009506536506456454,3,14,0,0,0.00012998587371665545,0
2026-0711-10-02-05-05,1,2024105037,フランソワーズ,0.0805685039518419,1,12,1,0,0,0.0
2026-0711-10-02-05-05,2,2024102549,ジーティーマローネ,0.0805685039518419,1,12,0,0,0.0,0.0
2026-0711-10-02-05-05,3,2024106435,ヴォルテックス,0.0805685039518419,1,12,0,0,0.0,0.0
2026-0711-10-02-05-05,4,2024104573,ティエルニート,0.0805685039518419,1,12,0,0,0.0,0.0
2026-0711-10-02-05-05,5,2024105889,イテルム,0.0805685039518419,1,12,0,0,0.0,0.0
2026-0711-10-02-05-05,6,2024106310,ハルカカナタ,0.0805685039518419,1,12,0,0,0.0,0.0
2026-0711-10-02-05-05,7,2024106324,ルクスグレイス,0.0805685039518419,1,12,0,0,0.0,0.0
2026-0711-10-02-05-05,8,2024105938,ダヌラーサナ,0.0805685039518419,1,12,0,0,0.0,0.0
2026-0711-10-02-05-05,9,2024106991,アイオリスパルス,0.0805685039518419,1,12,0,0,0.0,0.0
2026-0711-10-02-05-05,10,2024100018,クラリスバローズ,0.0805685039518419,1,12,0,0,0.0,0.0
2026-0711-10-02-05-05,11,2024102169,ココフルール,0.0805685039518419,1,12,0,0,0.0,0.0
2026-0711-10-02-05-05,12,2024107045,フラッシングルビー,0.0805685039518419,1,12,0,0,0.0,0
2026-0711-10-02-05-06,1,2023106766,チュウワメロディー,0.30064422477364344,1,1,1,0,0,0.16461686565537811
2026-0711-10-02-05-06,2,2023101122,ヒッグスボソン,0.13602735911826533,2,1,0,1,0.16461686565537811,0.0471795056628411
2026-0711-10-02-05-06,3,2023105890,ヒャクギマル,0.08884785345542423,3,16,0,0,0.0471795056628411,0.03142963945667653
2026-0711-10-02-05-06,4,2023100130,スターアスコット,0.0574182139987477,3,16,0,0,0.03142963945667653,0.0017657077735623583
2026-0711-10-02-05-06,5,2023105634,オースミサイファー,0.05565250622518534,3,16,0,0,0.0017657077735623583,0.0038587561912811624
2026-0711-10-02-05-06,6,2023100392,レジーナテンペスタ,0.05179375003390418,3,16,0,0,0.0038587561912811624,0.00858047690044808
2026-0711-10-02-05-06,7,2023104173,メテオロイド,0.0432132731334561,3,16,0,0,0.00858047690044808,0.002867787919012335
2026-0711-10-02-05-06,8,2023101735,リントゥラウル,0.04034548521444376,3,16,0,0,0.002867787919012335,0.005998189051857762
2026-0711-10-02-05-06,9,2023103585,リヴァイ,0.034347296162586,3,16,0,0,0.005998189051857762,0.0016271493213536672
2026-0711-10-02-05-06,10,2023107038,ディオレガーロ,0.03272014684123233,3,16,0,0,0.0016271493213536672,0.006580349372711541
2026-0711-10-02-05-06,11,2023107512,リメンバーシドニー,0.02613979746852079,3,16,0,0,0.006580349372711541,0.001394342734872052
2026-0711-10-02-05-06,12,2023102421,ヴェネラブル,0.02474545473364874,3,16,0,0,0.001394342734872052,0.010113653864104882
2026-0711-10-02-05-06,13,2023104409,フーガカンタービレ,0.014631800869543857,3,16,0,0,0.010113653864104882,0.0026539895455603476
2026-0711-10-02-05-06,14,2023105704,ビサイレント,0.01197781132398351,3,16,0,0,0.0026539895455603476,0.0016194411373209074
2026-0711-10-02-05-06,15,2023107514,アクアホワイト,0.010358370186662602,3,16,0,0,0.0016194411373209074,0.00048718559423035525
2026-0711-10-02-05-06,16,2023110087,ウェイヨー,0.009871184592432247,3,16,0,0,0.00048718559423035525,0.0012955703203249135
2026-0711-10-02-05-06,17,2023101606,ダイメイプリンス,0.008575614272107334,3,16,0,0,0.0012955703203249135,0.0022009791854920692
2026-0711-10-02-05-06,18,2023106559,メイショウトッド,0.0063746350866152645,3,16,0,0,0.0022009791854920692,0
2026-0711-10-02-05-07,1,2023103371,カラペルソナ,0.219314678986483,1,3,1,0,0,0.017397100209886635
2026-0711-10-02-05-07,2,2023103782,ルートサーティーン,0.20191757877659636,1,3,0,0,0.017397100209886635,0.023806971371840846
2026-0711-10-02-05-07,3,2023100553,カレントゥルーシー,0.1781106074047555,1,3,0,0,0.023806971371840846,0.08126439144955527
2026-0711-10-02-05-07,4,2021106206,ウインラウダ,0.09684621595520024,2,9,0,1,0.08126439144955527,0.016886658470639124
2026-0711-10-02-05-07,5,2023103761,サントルドパリ,0.07995955748456111,2,9,0,1,0.016886658470639124,0.005162702770121125
2026-0711-10-02-05-07,6,2023105513,エイシンビーコン,0.07479685471443999,2,9,0,1,0.005162702770121125,0.007338394989839264
2026-0711-10-02-05-07,7,2023105338,トップオブザライン,0.06745845972460073,2,9,0,1,0.007338394989839264,0.011783129881668034
2026-0711-10-02-05-07,8,2022103249,メイショウアボット,0.05567532984293269,2,9,0,1,0.011783129881668034,0.0050871920340898324
2026-0711-10-02-05-07,9,2023104011,トモジャプレジール,0.05058813780884286,2,9,0,1,0.0050871920340898324,0.01155625592365122
2026-0711-10-02-05-07,10,2020103292,ハレアカラフラ,0.03903188188519164,2,9,0,1,0.01155625592365122,0.009904144242735974
2026-0711-10-02-05-07,11,2022101889,ゼットエイト,0.029127737642455666,2,9,0,1,0.009904144242735974,0.0063855754245204024
2026-0711-10-02-05-07,12,2020103502,トラストエムシー,0.022742162217935263,2,9,0,1,0.0063855754245204024,0
2026-0711-10-02-05-08,1,2023107211,ジョアン,0.2273798038848095,1,1,1,0,0,0.10938588820272382
2026-0711-10-02-05-08,2,2023107477,オヤツノジカン,0.11799391568208567,2,5,0,1,0.10938588820272382,0.0011309991361829197
2026-0711-10-02-05-08,3,2023103169,シエーナカラー,0.11686291654590275,2,5,0,1,0.0011309991361829197,0.030983952755189573
2026-0711-10-02-05-08,4,2023104858,エイコーンドリーム,0.08587896379071318,2,5,0,1,0.030983952755189573,0.005016581919459542
2026-0711-10-02-05-08,5,2021103776,ベルメサイア,0.08086238187125364,2,5,0,1,0.005016581919459542,0.001497215654455833
2026-0711-10-02-05-08,6,2021103723,アンリーベイビー,0.0793651662167978,2,5,0,1,0.001497215654455833,0.04624257704955508
2026-0711-10-02-05-08,7,2022102994,オブシディアーナ,0.03312258916724272,3,5,0,0,0.04624257704955508,0.0005788076142544674
2026-0711-10-02-05-08,8,2023104352,マヴィ,0.03254378155298825,3,5,0,0,0.0005788076142544674,0.022164614151266714
2026-0711-10-02-05-08,9,2022106185,ラグナトーレ,0.010379167401721541,3,5,0,0,0.022164614151266714,0.0002982105351426786
2026-0711-10-02-05-08,10,2023105023,フェミナンジェンヌ,0.010080956866578863,3,5,0,0,0.0002982105351426786,0.0003093700009729264
2026-0711-10-02-05-08,11,2022104553,オーケーエンジェル,0.009771586865605936,3,5,0,0,0.0003093700009729264,0
2026-0711-10-02-05-09,1,2023104315,タガノアルトゥーラ,0.2001834882649958,1,2,1,0,0,0.028264291487710036
2026-0711-10-02-05-09,2,2023107041,ダノンテムズ,0.17191919677728576,1,2,0,0,0.028264291487710036,0.07340346691381201
2026-0711-10-02-05-09,3,2023105354,バリオス,0.09851572986347375,2,9,0,1,0.07340346691381201,0.006904505969887273
2026-0711-10-02-05-09,4,2020105189,ウインリュクス,0.09161122389358647,2,9,0,1,0.006904505969887273,0.027184254115584172
2026-0711-10-02-05-09,5,2022104899,ジュンライデン,0.0644269697780023,2,9,0,1,0.027184254115584172,0.003235692162117075
2026-0711-10-02-05-09,6,2023104389,フリーガー,0.06119127761588523,2,9,0,1,0.003235692162117075,0.007531248016453614
2026-0711-10-02-05-09,7,2022105290,レッドヴァリアート,0.05366002959943161,2,9,0,1,0.007531248016453614,0.01689856548243763
2026-0711-10-02-05-09,8,2022104723,カレンラップスター,0.036761464116993985,2,9,0,1,0.01689856548243763,0.0052679554549180455
2026-0711-10-02-05-09,9,2022105529,ミッドタウンナイト,0.03149350866207594,2,9,0,1,0.0052679554549180455,0.00932576990568848
2026-0711-10-02-05-09,10,2021100695,ヴェストラン,0.02216773875638746,2,9,0,1,0.00932576990568848,0.004851457683225528
2026-0711-10-02-05-09,11,2022105687,ダノンアンチュラス,0.01731628107316193,2,9,0,1,0.004851457683225528,0
2026-0711-10-02-05-10,1,2023104079,メローネ,0.11952915471622416,1,18,1,0,0,0.010873007233287726
2026-0711-10-02-05-10,2,2022103060,ホーリーブラッサム,0.10865614748293644,1,18,0,0,0.010873007233287726,0.01355748209264497
2026-0711-10-02-05-10,3,2022110063,サディーク,0.09509866539029146,1,18,0,0,0.01355748209264497,0.002497183235171563
2026-0711-10-02-05-10,4,2022101686,インブロリオ,0.0926014821551199,1,18,0,0,0.002497183235171563,0.0048770782949182495
2026-0711-10-02-05-10,5,2022103039,スネーフリンガ,0.08772440386020165,1,18,0,0,0.0048770782949182495,0.009863323706103502
2026-0711-10-02-05-10,6,2023102661,タナスーペルノーバ,0.07786108015409815,1,18,0,0,0.009863323706103502,0.014863173000000743
2026-0711-10-02-05-10,7,2021107173,オオナミコナミ,0.06299790715409741,1,18,0,0,0.014863173000000743,0.005070113179188249
2026-0711-10-02-05-10,8,2020100271,フォティック,0.05792779397490916,1,18,0,0,0.005070113179188249,0.010738794976902832
2026-0711-10-02-05-10,9,2021105873,シュブロンレーヴル,0.047188998998006326,1,18,0,0,0.010738794976902832,0.00033908824329170056
2026-0711-10-02-05-10,10,2022103880,ユメシバイ,0.046849910754714626,1,18,0,0,0.00033908824329170056,0.0068473351116096065
2026-0711-10-02-05-10,11,2020104732,ハルオーブ,0.04000257564310502,1,18,0,0,0.0068473351116096065,0.0044282728231463675
2026-0711-10-02-05-10,12,2021100297,ブルボンクイーン,0.03557430281995865,1,18,0,0,0.0044282728231463675,0.0038611504755470816
2026-0711-10-02-05-10,13,2023103721,ルージュサウダージ,0.03171315234441157,1,18,0,0,0.0038611504755470816,0.001115062277189268
2026-0711-10-02-05-10,14,2022102594,ミキノバカラ,0.030598090067222302,1,18,0,0,0.001115062277189268,0.0004273803455630311
2026-0711-10-02-05-10,15,2021104210,ニホンピロトッティ,0.03017070972165927,1,18,0,0,0.0004273803455630311,0.010525620546566836
2026-0711-10-02-05-10,16,2021100476,ファイツオン,0.019645089175092435,1,18,0,0,0.010525620546566836,0.0007132924124911011
2026-0711-10-02-05-10,17,2020101992,ライクアフラワー,0.018931796762601334,1,18,0,0,0.0007132924124911011,0.00632868152981631
2026-0711-10-02-05-10,18,2020102326,サンライズプルート,0.012603115232785024,1,18,0,0,0.00632868152981631,0
2026-0711-10-02-05-11,1,2022104957,アメリカンビキニ,0.11161209841982421,1,11,1,0,0,0.002656140017654837
2026-0711-10-02-05-11,2,2022100098,ベルギューン,0.10895595840216937,1,11,0,0,0.002656140017654837,0.008607930371097305
2026-0711-10-02-05-11,3,2022100194,ハヤテノツバサ,0.10034802803107207,1,11,0,0,0.008607930371097305,0.016234320443352587
2026-0711-10-02-05-11,4,2022101675,スノーサイレンス,0.08411370758771948,1,11,0,0,0.016234320443352587,0.0017632884855185438
2026-0711-10-02-05-11,5,2021103155,メイショウキルギス,0.08235041910220094,1,11,0,0,0.0017632884855185438,0.007280365769706115
2026-0711-10-02-05-11,6,2022104600,イマージョン,0.07507005333249482,1,11,0,0,0.007280365769706115,0.0013046043091331089
2026-0711-10-02-05-11,7,2021101397,ヴェロクオーレ,0.07376544902336171,1,11,0,0,0.0013046043091331089,0.00288807725603292
2026-0711-10-02-05-11,8,2022104216,ペイシャヴァルツー,0.07087737176732879,1,11,0,0,0.00288807725603292,0.018705815385868817
2026-0711-10-02-05-11,9,2022100648,クーデール,0.052171556381459976,1,11,0,0,0.018705815385868817,0.02510655386674839
2026-0711-10-02-05-11,10,2020103902,ジャーヴィス,0.027065002514711587,1,11,0,0,0.02510655386674839,0.018282591534955164
2026-0711-10-02-05-11,11,2022105537,ポッドソル,0.008782410979756421,1,11,0,0,0.018282591534955164,0
2026-0711-10-02-05-12,1,2023107269,ムーンリットアイル,0.2684579965197124,1,1,1,0,0,0.06540766234799444
2026-0711-10-02-05-12,2,2022101434,ダノンプリマ,0.20305033417171797,2,1,0,1,0.06540766234799444,0.09268075672356905
2026-0711-10-02-05-12,3,2023102989,タイガーロード,0.11036957744814892,3,14,0,0,0.09268075672356905,0.0043439611284182
2026-0711-10-02-05-12,4,2021103488,ジャンヌローサ,0.10602561631973072,3,14,0,0,0.0043439611284182,0.011039604932386107
2026-0711-10-02-05-12,5,2022102638,ダイアナクイーン,0.09498601138734461,3,14,0,0,0.011039604932386107,0.009368646920560622
2026-0711-10-02-05-12,6,2023106184,ネネキリマル,0.08561736446678399,3,14,0,0,0.009368646920560622,0.015516356148566876
2026-0711-10-02-05-12,7,2021103901,マーシーラン,0.07010100831821711,3,14,0,0,0.015516356148566876,0.02961786622642156
2026-0711-10-02-05-12,8,2023105185,ミトノリン,0.04048314209179555,3,14,0,0,0.02961786622642156,0.0011775878668937798
2026-0711-10-02-05-12,9,2022103729,セクシーマージュ,0.03930555422490177,3,14,0,0,0.0011775878668937798,0.004521476966697739
2026-0711-10-02-05-12,10,2022104117,レインオンミー,0.03478407725820403,3,14,0,0,0.004521476966697739,0.008021266621417666
2026-0711-10-02-05-12,11,2022102841,メイショウハボマイ,0.026762810636786365,3,14,0,0,0.008021266621417666,0.0047672967506414456
2026-0711-10-02-05-12,12,2021106690,ペルフェツィオーネ,0.02199551388614492,3,14,0,0,0.0047672967506414456,0.00016928550232319511
2026-0711-10-02-05-12,13,2022106705,テーオーミリカン,0.021826228383821724,3,14,0,0,0.00016928550232319511,0.0046454135124762465
2026-0711-10-02-05-12,14,2023102479,パレットフレイバー,0.017180814871345478,3,14,0,0,0.0046454135124762465,0.0013157725241968038
2026-0711-10-02-05-12,15,2022105734,シヴァールバーニ,0.015865042347148674,3,14,0,0,0.0013157725241968038,0.006503354074238403
2026-0711-10-02-05-12,16,2022106719,アスクザアメリカン,0.00936168827291027,3,14,0,0,0.006503354074238403,0
2026-0712-02-01-10-01,1,2023101660,スイーヴル,0.2711067408317127,1,2,1,0,0,0.01581445348030197
2026-0712-02-01-10-01,2,2023105630,ビタミンドロップ,0.25529228735141074,1,2,0,0,0.01581445348030197,0.06177405549446058
2026-0712-02-01-10-01,3,2023105310,マーゴットオネイロ,0.19351823185695016,2,1,0,1,0.06177405549446058,0.07547833997403623
2026-0712-02-01-10-01,4,2023106556,サンライズロイ,0.11803989188291393,3,1,0,0,0.07547833997403623,0.05655649468432947
2026-0712-02-01-10-01,5,2023101742,ホワイトラバーズ,0.061483397198584464,4,8,0,0,0.05655649468432947,0.00659380523439921
2026-0712-02-01-10-01,6,2023106782,スプリングドリーム,0.054889591964185254,4,8,0,0,0.00659380523439921,0.007233933742579093
2026-0712-02-01-10-01,7,2023104180,ヒューザー,0.04765565822160616,4,8,0,0,0.007233933742579093,0.009163559796997414
2026-0712-02-01-10-01,8,2023102951,アジーザム,0.038492098424608746,4,8,0,0,0.009163559796997414,0.0011216194350904887
2026-0712-02-01-10-01,9,2023107525,ホウオウワイズ,0.03737047898951826,4,8,0,0,0.0011216194350904887,0.006329064019431552
2026-0712-02-01-10-01,10,2023100786,クリコイーコ,0.031041414970086705,4,8,0,0,0.006329064019431552,0.007314417714232479
2026-0712-02-01-10-01,11,2023100360,ニシノギャルズ,0.023726997255854226,4,8,0,0,0.007314417714232479,0.006487312448330174
2026-0712-02-01-10-01,12,2023105161,トリアングルレディ,0.017239684807524053,4,8,0,0,0.006487312448330174,0
2026-0712-02-01-10-02,1,2023106380,ベネディクション,0.13382300183949125,1,13,1,0,0,0.01673274211659552
2026-0712-02-01-10-02,2,2023106910,エアヴァイブス,0.11709025972289573,1,13,0,0,0.01673274211659552,0.017421769722846148
2026-0712-02-01-10-02,3,2023106285,ボーントゥラブユー,0.09966849000004958,1,13,0,0,0.017421769722846148,0.011786329388361452
2026-0712-02-01-10-02,4,2023102074,アルケミラモリス,0.08788216061168813,1,13,0,0,0.011786329388361452,0.03373083823086943
2026-0712-02-01-10-02,5,2023104254,サウンドファミリエ,0.054151322380818705,1,13,0,0,0.03373083823086943,0.0014433726397431942
2026-0712-02-01-10-02,6,2023104027,ダンツアラーム,0.05270794974107551,1,13,0,0,0.0014433726397431942,0.00952882267900447
2026-0712-02-01-10-02,7,2023102101,フィエスタ,0.04317912706207104,1,13,0,0,0.00952882267900447,0.014043086560827013
2026-0712-02-01-10-02,8,2023104914,ビアーレ,0.029136040501244027,1,13,0,0,0.014043086560827013,0.01181978613490903
2026-0712-02-01-10-02,9,2023101759,ワンダージェム,0.017316254366334997,1,13,0,0,0.01181978613490903,0.000912427047435032
2026-0712-02-01-10-02,10,2023106898,ヴィンテール,0.016403827318899965,1,13,0,0,0.000912427047435032,0.0006582207583142874
2026-0712-02-01-10-02,11,2023107002,アーミル,0.015745606560585677,1,13,0,0,0.0006582207583142874,0.0033923552869161763
2026-0712-02-01-10-02,12,2023106211,スリールーディカ,0.012353251273669501,1,13,0,0,0.0033923552869161763,0.002283416477415718
2026-0712-02-01-10-02,13,2023102987,プリュイドール,0.010069834796253783,1,13,0,0,0.002283416477415718,0
2026-0712-02-01-10-03,1,2023101117,ビンバラ,0.2425083230443358,1,1,1,0,0,0.09751981537414944
2026-0712-02-01-10-03,2,2023102396,ホウオウロレンシア,0.14498850767018637,2,1,0,1,0.09751981537414944,0.09179449405348722
2026-0712-02-01-10-03,3,2023102520,ハイテイラオユエ,0.053194013616699155,3,12,0,0,0.09179449405348722,0.0039676578972703685
2026-0712-02-01-10-03,4,2023107147,コサージュ,0.04922635571942879,3,12,0,0,0.0039676578972703685,0.0027467824615120054
2026-0712-02-01-10-03,5,2023104941,ジャストアダッシュ,0.04647957325791678,3,12,0,0,0.0027467824615120054,0.006584692103222885
2026-0712-02-01-10-03,6,2023100471,スリーケイ,0.0398948811546939,3,12,0,0,0.006584692103222885,0.0024834227088187527
2026-0712-02-01-10-03,7,2023104194,コーリンクレア,0.037411458445875144,3,12,0,0,0.0024834227088187527,0.004523480534730673
2026-0712-02-01-10-03,8,2023103280,ロスニーニョス,0.03288797791114447,3,12,0,0,0.004523480534730673,0.007793303828019134
2026-0712-02-01-10-03,9,2023106691,サクセスゴールド,0.025094674083125337,3,12,0,0,0.007793303828019134,0.0016814311047640765
2026-0712-02-01-10-03,10,2023107306,セラサイト,0.02341324297836126,3,12,0,0,0.0016814311047640765,0.000152668515939057
2026-0712-02-01-10-03,11,2023107035,エクラドット,0.023260574462422204,3,12,0,0,0.000152668515939057,0.004391297089492943
2026-0712-02-01-10-03,12,2023104581,アドバンスジェンヌ,0.01886927737292926,3,12,0,0,0.004391297089492943,0.0019437177849519136
2026-0712-02-01-10-03,13,2023102458,ファントムグレース,0.016925559587977347,3,12,0,0,0.0019437177849519136,0.006671453729048427
2026-0712-02-01-10-03,14,2023106531,ゴーントゥファー,0.01025410585892892,3,12,0,0,0.006671453729048427,0
2026-0712-02-01-10-04,1,2023103901,ヴィラジョヴィス,0.20657879733516454,1,1,1,0,0,0.05661500598232469
2026-0712-02-01-10-04,2,2023106077,タケルフォーカス,0.14996379135283985,2,2,0,1,0.05661500598232469,0.028052471178991165
2026-0712-02-01-10-04,3,2023104002,ハルノアメ,0.12191132017384869,2,2,0,1,0.028052471178991165,0.06276545445008974
2026-0712-02-01-10-04,4,2023103655,ダディーズソード,0.059145865723758954,3,13,0,0,0.06276545445008974,0.009586521764686481
2026-0712-02-01-10-04,5,2023100771,マジックファイヤー,0.04955934395907247,3,13,0,0,0.009586521764686481,0.015654261129344038
2026-0712-02-01-10-04,6,2023104932,テンバコウクウ,0.033905082829728435,3,13,0,0,0.015654261129344038,0.0029758679971971305
2026-0712-02-01-10-04,7,2023105302,ラッキーシグネチャ,0.030929214832531304,3,13,0,0,0.0029758679971971305,0.0038992702535754556
2026-0712-02-01-10-04,8,2023101812,デイズインザサン,0.02702994457895585,3,13,0,0,0.0038992702535754556,0.004782283880329259
2026-0712-02-01-10-04,9,2023103579,アグアフレスカ,0.02224766069862659,3,13,0,0,0.004782283880329259,0.00023979267406740168
2026-0712-02-01-10-04,10,2023107271,レジーナレガリア,0.022007868024559188,3,13,0,0,0.00023979267406740168,0.0037471639495467134
2026-0712-02-01-10-04,11,2023105874,ウインブリザード,0.018260704075012475,3,13,0,0,0.0037471639495467134,0.0003489054582750499
2026-0712-02-01-10-04,12,2023103548,ダイナソーコー,0.017911798616737425,3,13,0,0,0.0003489054582750499,0.0016083622411805255
2026-0712-02-01-10-04,13,2023103433,レフィノス,0.0163034363755569,3,13,0,0,0.0016083622411805255,0.0011490746841742068
2026-0712-02-01-10-04,14,2023103493,モヴシエラ,0.015154361691382692,3,13,0,0,0.0011490746841742068,0.0032892930167656726
2026-0712-02-01-10-04,15,2023102410,ブリックアブラック,0.01186506867461702,3,13,0,0,0.0032892930167656726,0.003257690851848896
2026-0712-02-01-10-04,16,2023103767,ミカレオス,0.008607377822768124,3,13,0,0,0.003257690851848896,0
2026-0712-02-01-10-05,1,2024107038,ジオ,0.09856933364776119,1,10,1,0,0,0.0
2026-0712-02-01-10-05,2,2024100245,トルネードサンダー,0.09856933364776119,1,10,0,0,0.0,0.0
2026-0712-02-01-10-05,3,2024102008,リラカリス,0.09856933364776119,1,10,0,0,0.0,0.0
2026-0712-02-01-10-05,4,2024106399,デアグランツ,0.09856933364776119,1,10,0,0,0.0,0.0
2026-0712-02-01-10-05,5,2024104442,イッペイ,0.09856933364776119,1,10,0,0,0.0,0.0
2026-0712-02-01-10-05,6,2024100715,アオイノリプー,0.09856933364776119,1,10,0,0,0.0,0.0
2026-0712-02-01-10-05,7,2024105809,アルデシンザン,0.09856933364776119,1,10,0,0,0.0,0.0
2026-0712-02-01-10-05,8,2024106829,ニーナラルゴ,0.09856933364776119,1,10,0,0,0.0,0.0
2026-0712-02-01-10-05,9,2024106216,トムクリオーザ,0.09856933364776119,1,10,0,0,0.0,0.0
2026-0712-02-01-10-05,10,2024106228,ブラッグス,0.09856933364776119,1,10,0,0,0.0,0
2026-0712-02-01-10-06,1,2023107342,ルージュフィーリア,0.20965133125716637,1,1,1,0,0,0.05740828170863427
2026-0712-02-01-10-06,2,2023103726,サトノフレイ,0.1522430495485321,2,1,0,1,0.05740828170863427,0.04748046162285301
2026-0712-02-01-10-06,3,2023100397,ミルトメロディー,0.1047625879256791,3,14,0,0,0.04748046162285301,0.009889681827496208
2026-0712-02-01-10-06,4,2023100515,ドラリズム,0.09487290609818289,3,14,0,0,0.009889681827496208,0.005959557197973267
2026-0712-02-01-10-06,5,2023104867,マティンデ,0.08891334890020962,3,14,0,0,0.005959557197973267,0.01984627054252336
2026-0712-02-01-10-06,6,2023107270,フォルストランキル,0.06906707835768626,3,14,0,0,0.01984627054252336,0.009907556361191554
2026-0712-02-01-10-06,7,2023105679,ミレニアルピンク,0.059159521996494706,3,14,0,0,0.009907556361191554,0.010263913617667354
2026-0712-02-01-10-06,8,2023102456,ルーチェコメット,0.04889560837882735,3,14,0,0,0.010263913617667354,0.014857318018895116
2026-0712-02-01-10-06,9,2023103936,ハネマン,0.034038290359932236,3,14,0,0,0.014857318018895116,0.0018960590829740637
2026-0712-02-01-10-06,10,2023104248,フォークスアップ,0.03214223127695817,3,14,0,0,0.0018960590829740637,0.006638725795040549
2026-0712-02-01-10-06,11,2023104093,ハナイロマヒナ,0.025503505481917623,3,14,0,0,0.006638725795040549,0.008524671656330012
2026-0712-02-01-10-06,12,2023106359,ワイドアルバ,0.01697883382558761,3,14,0,0,0.008524671656330012,0.0027629880836392666
2026-0712-02-01-10-06,13,2023102511,ビップジョワ,0.014215845741948344,3,14,0,0,0.0027629880836392666,0.0024261155357746533
2026-0712-02-01-10-06,14,2023104917,ノーブルマドンナ,0.011789730206173691,3,14,0,0,0.0024261155357746533,0.0024867908578473045
2026-0712-02-01-10-06,15,2023102163,ソルトバーン,0.009302939348326386,3,14,0,0,0.0024867908578473045,0.0021841980775128764
2026-0712-02-01-10-06,16,2023102220,ネオシューマン,0.00711874127081351,3,14,0,0,0.0021841980775128764,0
2026-0712-02-01-10-07,1,2023100652,コイタマチャン,0.23078423609320017,1,1,1,0,0,0.07039376706430112
2026-0712-02-01-10-07,2,2023100966,マリブサーフ,0.16039046902889906,2,8,0,1,0.07039376706430112,0.021744103517625346
2026-0712-02-01-10-07,3,2021105238,アリストクラシア,0.1386463655112737,2,8,0,1,0.021744103517625346,0.020912993745352673
2026-0712-02-01-10-07,4,2022102388,ヒミノエトワール,0.11773337176592104,2,8,0,1,0.020912993745352673,0.012787810227058577
2026-0712-02-01-10-07,5,2022105343,デルマサクラサク,0.10494556153886246,2,8,0,1,0.012787810227058577,0.03853684042485442
2026-0712-02-01-10-07,6,2022106631,バシリス,0.06640872111400804,2,8,0,1,0.03853684042485442,0.019162752064005355
2026-0712-02-01-10-07,7,2021105857,ウィンターガーデン,0.04724596905000269,2,8,0,1,0.019162752064005355,0.0031830967389866044
2026-0712-02-01-10-07,8,2022105267,サウンドルーチェ,0.044062872311016084,2,8,0,1,0.0031830967389866044,0.0020503469998846904
2026-0712-02-01-10-07,9,2023107412,リピース,0.04201252531113139,2,8,0,1,0.0020503469998846904,0
2026-0712-02-01-10-08,1,2022106566,ダイシンレアレア,0.11287247371282023,1,11,1,0,0,0.019852362231531043
2026-0712-02-01-10-08,2,2023104100,ハイドパーク,0.09302011148128919,1,11,0,0,0.019852362231531043,0.018739797994456797
2026-0712-02-01-10-08,3,2021106180,シーリュウシー,0.0742803134868324,1,11,0,0,0.018739797994456797,0.0019196572794745875
2026-0712-02-01-10-08,4,2022104312,ディースプレマシー,0.0723606562073578,1,11,0,0,0.0019196572794745875,0.008075418420122119
2026-0712-02-01-10-08,5,2022101255,ステイアンビシャス,0.06428523778723569,1,11,0,0,0.008075418420122119,0.011976508175496656
2026-0712-02-01-10-08,6,2023106516,ミスターエメラルド,0.05230872961173903,1,11,0,0,0.011976508175496656,0.003919673069494714
2026-0712-02-01-10-08,7,2023107258,シャローファースト,0.04838905654224432,1,11,0,0,0.003919673069494714,0.0008170563029634287
2026-0712-02-01-10-08,8,2021104155,サトノリアン,0.04757200023928089,1,11,0,0,0.0008170563029634287,0.02100372509837496
2026-0712-02-01-10-08,9,2019103219,ブレイクザアイス,0.02656827514090593,1,11,0,0,0.02100372509837496,0.009675246299718072
2026-0712-02-01-10-08,10,2022104062,カージオイド,0.01689302884118786,1,11,0,0,0.009675246299718072,0.0037328490669838715
2026-0712-02-01-10-08,11,2022105506,シドニーホバート,0.013160179774203988,1,11,0,0,0.0037328490669838715,0
2026-0712-02-01-10-09,1,2023106718,コッツォリーノ,0.21001870507367884,1,1,1,0,0,0.051610899661285986
2026-0712-02-01-10-09,2,2022100625,ラブリーリディア,0.15840780541239285,2,1,0,1,0.051610899661285986,0.04584965281986045
2026-0712-02-01-10-09,3,2023100627,テルヒコウ,0.1125581525925324,3,12,0,0,0.04584965281986045,0.019699044205424454
2026-0712-02-01-10-09,4,2022104748,ウィルサヴァイブ,0.09285910838710795,3,12,0,0,0.019699044205424454,5.56340362293517e-05
2026-0712-02-01-10-09,5,2022105018,バルティカ,0.0928034743508786,3,12,0,0,5.56340362293517e-05,0.018347293298085182
2026-0712-02-01-10-09,6,2022101411,サタデーサンライズ,0.07445618105279342,3,12,0,0,0.018347293298085182,0.0065914530616512645
2026-0712-02-01-10-09,7,2022106813,マイネルフーガ,0.06786472799114215,3,12,0,0,0.0065914530616512645,0.007692335172969307
2026-0712-02-01-10-09,8,2021100165,フォルテフィオーレ,0.06017239281817285,3,12,0,0,0.007692335172969307,0.005776123870894274
2026-0712-02-01-10-09,9,2021103227,ジャズ,0.05439626894727857,3,12,0,0,0.005776123870894274,0.011141849904748098
2026-0712-02-01-10-09,10,2020100177,ロードマンハイム,0.043254419042530474,3,12,0,0,0.011141849904748098,0.0072744537516416866
2026-0712-02-01-10-09,11,2022103310,レイヤードレッド,0.03597996529088879,3,12,0,0,0.0072744537516416866,0.010608866636493058
2026-0712-02-01-10-09,12,2021103790,フナデ,0.02537109865439573,3,12,0,0,0.010608866636493058,0.005056583013949369
2026-0712-02-01-10-09,13,2020102803,エリム,0.02031451564044636,3,12,0,0,0.005056583013949369,0.00677386754919769
2026-0712-02-01-10-09,14,2021105321,エーデル,0.01354064809124867,3,12,0,0,0.00677386754919769,0
2026-0712-02-01-10-10,1,2023105591,マメタンク,0.2823704821242121,1,2,1,0,0,0.030237088595462702
2026-0712-02-01-10-10,2,2023103625,エコロレバン,0.2521333935287494,1,2,0,0,0.030237088595462702,0.04415767530462994
2026-0712-02-01-10-10,3,2023107523,デアプリームス,0.20797571822411948,2,1,0,1,0.04415767530462994,0.04370708606630397
2026-0712-02-01-10-10,4,2023100014,カネコメブライト,0.1642686321578155,3,4,0,0,0.04370708606630397,0.011383562771834638
2026-0712-02-01-10-10,5,2022100574,ルイステソーロ,0.15288506938598087,3,4,0,0,0.011383562771834638,0.026130080990205973
2026-0712-02-01-10-10,6,2023107374,クロナ,0.1267549883957749,3,4,0,0,0.026130080990205973,0.03743887575073632
2026-0712-02-01-10-10,7,2022104394,ヒットミー,0.08931611264503858,3,4,0,0,0.03743887575073632,0.046240373645304055
2026-0712-02-01-10-10,8,2022100729,ビーマックス,0.04307573899973453,4,5,0,0,0.046240373645304055,0.00027182145132122887
2026-0712-02-01-10-10,9,2021103748,サベージラヴ,0.0428039175484133,4,5,0,0,0.00027182145132122887,0.02056169112972069
2026-0712-02-01-10-10,10,2020102702,ストリンジェンド,0.02224222641869261,4,5,0,0,0.02056169112972069,0.0034612655153580425
2026-0712-02-01-10-10,11,2021105821,サンディブロンド,0.018780960903334566,4,5,0,0,0.0034612655153580425,0.005345152820786814
2026-0712-02-01-10-10,12,2023105661,ストロングボンド,0.013435808082547752,4,5,0,0,0.005345152820786814,0
2026-0712-02-01-10-11,1,2022104416,レディネス,0.1425878360400176,1,1,1,0,0,0.04296196661109217
2026-0712-02-01-10-11,2,2022101669,ストレイトトーカー,0.09962586942892543,2,13,0,1,0.04296196661109217,0.02008175725522754
2026-0712-02-01-10-11,3,2019106335,タシット,0.07954411217369789,2,13,0,1,0.02008175725522754,0.007921985548206306
2026-0712-02-01-10-11,4,2021103519,リラボニート,0.07162212662549158,2,13,0,1,0.007921985548206306,0.00039140059192535603
2026-0712-02-01-10-11,5,2021106752,パレハ,0.07123072603356623,2,13,0,1,0.00039140059192535603,0.00670316897711036
2026-0712-02-01-10-11,6,2020105424,シルトホルン,0.06452755705645587,2,13,0,1,0.00670316897711036,0.0005568724868942471
2026-0712-02-01-10-11,7,2020107001,キョウエイブリッサ,0.06397068456956162,2,13,0,1,0.0005568724868942471,0.0017056956502772072
2026-0712-02-01-10-11,8,2021105442,エラトー,0.06226498891928441,2,13,0,1,0.0017056956502772072,0.006329759202257847
2026-0712-02-01-10-11,9,2021105228,レディーヴァリュー,0.055935229717026566,2,13,0,1,0.006329759202257847,0.01344157718293744
2026-0712-02-01-10-11,10,2019103850,パトリックハンサム,0.04249365253408913,2,13,0,1,0.01344157718293744,0.008603122576050351
2026-0712-02-01-10-11,11,2022104617,ヴーレヴー,0.033890529958038776,2,13,0,1,0.008603122576050351,0.008891010616283317
2026-0712-02-01-10-11,12,2021105926,レディントン,0.02499951934175546,2,13,0,1,0.008891010616283317,0.007106877563900365
2026-0712-02-01-10-11,13,2018101615,ウインシュクラン,0.017892641777855094,2,13,0,1,0.007106877563900365,0.0025779193857749082
2026-0712-02-01-10-11,14,2020105295,エエヤン,0.015314722392080185,2,13,0,1,0.0025779193857749082,0
2026-0712-02-01-10-12,1,2023103137,ハッピーラッキー,0.22381142026490722,1,1,1,0,0,0.0663517736208647
2026-0712-02-01-10-12,2,2023100177,シャルトル,0.15745964664404252,2,1,0,1,0.0663517736208647,0.06141860619655841
2026-0712-02-01-10-12,3,2023104875,ダブルチャレンジ,0.09604104044748411,3,1,0,0,0.06141860619655841,0.04574306235307342
2026-0712-02-01-10-12,4,2020102050,サンポーニャ,0.050297978094410695,4,5,0,0,0.04574306235307342,0.02130361149975856
2026-0712-02-01-10-12,5,2022104221,ペイシャアーサー,0.028994366594652134,4,5,0,0,0.02130361149975856,0.0005402283582767106
2026-0712-02-01-10-12,6,2022102878,ナンナンプー,0.028454138236375423,4,5,0,0,0.0005402283582767106,0.003052476154604307
2026-0712-02-01-10-12,7,2023109031,ココソラーレ,0.025401662081771116,4,5,0,0,0.003052476154604307,0.012579859510210843
2026-0712-02-01-10-12,8,2023102305,マインセーラ,0.012821802571560273,4,5,0,0,0.012579859510210843,0
2026-0712-03-02-06-01,1,2021105335,トーアマリシテン,0.2160051648169537,1,1,1,0,0,0.07615791744087166
2026-0712-03-02-06-01,2,2021105501,モスクロッサー,0.13984724737608203,2,13,0,1,0.07615791744087166,0.0006360765525710577
2026-0712-03-02-06-01,3,2022101203,ゲレル,0.13921117082351098,2,13,0,1,0.0006360765525710577,0.036449088201489746
2026-0712-03-02-06-01,4,2020102956,ブライテストドーン,0.10276208262202123,2,13,0,1,0.036449088201489746,0.012509970126861336
2026-0712-03-02-06-01,5,2021106353,シグムンド,0.0902521124951599,2,13,0,1,0.012509970126861336,0.0061645253970162295
2026-0712-03-02-06-01,6,2019101464,サラフィエル,0.08408758709814367,2,13,0,1,0.0061645253970162295,0.015260696576310767
2026-0712-03-02-06-01,7,2019110088,ジャスパーグレイト,0.0688268905218329,2,13,0,1,0.015260696576310767,0.00035162101682803537
2026-0712-03-02-06-01,8,2022104992,フェイトライン,0.06847526950500486,2,13,0,1,0.00035162101682803537,0.029309809477070063
2026-0712-03-02-06-01,9,2022101532,エポカスピーガ,0.0391654600279348,2,13,0,1,0.029309809477070063,0.018562992144573017
2026-0712-03-02-06-01,10,2022101278,クラウンウルル,0.020602467883361782,2,13,0,1,0.018562992144573017,0.0026877229660988017
2026-0712-03-02-06-01,11,2022101614,ノブダブルホワイト,0.01791474491726298,2,13,0,1,0.0026877229660988017,0.001871952044927759
2026-0712-03-02-06-01,12,2022103503,アウルムレガリア,0.01604279287233522,2,13,0,1,0.001871952044927759,0.0012943408005652822
2026-0712-03-02-06-01,13,2021101041,トモジャシャトー,0.01474845207176994,2,13,0,1,0.0012943408005652822,0.00295308073912395
2026-0712-03-02-06-01,14,2022103588,スノーリン,0.01179537133264599,2,13,0,1,0.00295308073912395,0
2026-0712-03-02-06-02,1,2023102967,クリムゾンリーフ,0.18937332577832386,1,1,1,0,0,0.07752946507627287
2026-0712-03-02-06-02,2,2023106860,アーティキュレート,0.11184386070205099,2,14,0,1,0.07752946507627287,0.01828179959057953
2026-0712-03-02-06-02,3,2023102418,ヒロイックヴァース,0.09356206111147146,2,14,0,1,0.01828179959057953,0.008744606375963554
2026-0712-03-02-06-02,4,2023106956,サングラント,0.0848174547355079,2,14,0,1,0.008744606375963554,0.022733853951433416
2026-0712-03-02-06-02,5,2023100377,ゴットタレント,0.06208360078407449,2,14,0,1,0.022733853951433416,0.012657595388459418
2026-0712-03-02-06-02,6,2023102042,ディメンシア,0.04942600539561507,2,14,0,1,0.012657595388459418,0.0
2026-0712-03-02-06-02,7,2023100470,ペイシャオーヴァル,0.04942600539561507,2,14,0,1,0.0,0.0
2026-0712-03-02-06-02,8,2023106377,ルストラーレ,0.04942600539561507,2,14,0,1,0.0,0.007790451106928671
2026-0712-03-02-06-02,9,2023104273,トランセンコ,0.0416355542886864,2,14,0,1,0.007790451106928671,0.009482144530495923
2026-0712-03-02-06-02,10,2023106025,レヴェンドール,0.03215340975819048,2,14,0,1,0.009482144530495923,0.0007227763060987172
2026-0712-03-02-06-02,11,2023104401,レアリゼソンレーヴ,0.03143063345209176,2,14,0,1,0.0007227763060987172,0.010542759170270734
2026-0712-03-02-06-02,12,2023106770,ジュンヴィヴァン,0.020887874281821026,2,14,0,1,0.010542759170270734,0.0009131260746475418
2026-0712-03-02-06-02,13,2023101443,フィーユレアル,0.019974748207173484,2,14,0,1,0.0009131260746475418,0.006353022690452681
2026-0712-03-02-06-02,14,2023106352,グラスフェザー,0.013621725516720803,2,14,0,1,0.006353022690452681,0.005174193692611373
2026-0712-03-02-06-02,15,2023106272,ニシノトマラナイ,0.00844753182410943,2,14,0,1,0.005174193692611373,0
2026-0712-03-02-06-03,1,2023106744,ヴァルカンテソーロ,0.33064131694447896,1,1,1,0,0,0.24274450400988418
2026-0712-03-02-06-03,2,2023105892,ブライスフェアリー,0.0878968129345948,2,15,0,1,0.24274450400988418,0.012586108243118496
2026-0712-03-02-06-03,3,2023105449,ミナヅキ,0.0753107046914763,2,15,0,1,0.012586108243118496,0.004559968098637027
2026-0712-03-02-06-03,4,2023100651,ヴォンサクレ,0.07075073659283927,2,15,0,1,0.004559968098637027,0.010673604455264434
2026-0712-03-02-06-03,5,2023106812,オーブレーヌ,0.06007713213757484,2,15,0,1,0.010673604455264434,0.00776403541567753
2026-0712-03-02-06-03,6,2023104580,チャンピオンホープ,0.05231309672189731,2,15,0,1,0.00776403541567753,0.007889845271559254
2026-0712-03-02-06-03,7,2023104359,ヤマニンリンキング,0.044423251450338055,2,15,0,1,0.007889845271559254,0.0
2026-0712-03-02-06-03,8,2023102373,ホウオウショパン,0.044423251450338055,2,15,0,1,0.0,0.0
2026-0712-03-02-06-03,9,2023103781,レイナエヴィータ,0.044423251450338055,2,15,0,1,0.0,0.0
2026-0712-03-02-06-03,10,2023100932,スティールシップ,0.044423251450338055,2,15,0,1,0.0,0.008228430193484813
2026-0712-03-02-06-03,11,2023102527,ウッケン,0.03619482125685324,2,15,0,1,0.008228430193484813,0.0028126160180575593
2026-0712-03-02-06-03,12,2023106146,エコロゼット,0.03338220523879568,2,15,0,1,0.0028126160180575593,0.007176714752719922
2026-0712-03-02-06-03,13,2023107104,ギリーカラム,0.02620549048607576,2,15,0,1,0.007176714752719922,0.005064616276142693
2026-0712-03-02-06-03,14,2023105408,ソアサージュ,0.021140874209933068,2,15,0,1,0.005064616276142693,0.005951912334972151
2026-0712-03-02-06-03,15,2023107188,シュタットパーク,0.015188961874960917,2,15,0,1,0.005951912334972151,0.005635939073345303
2026-0712-03-02-06-03,16,2023105879,ウインベルチェーロ,0.009553022801615614,2,15,0,1,0.005635939073345303,0
2026-0712-03-02-06-04,1,2024102155,ジェントルアイズ,0.09617838282409293,1,10,1,0,0,0.0
2026-0712-03-02-06-04,2,2024104541,エコロテラ,0.09617838282409293,1,10,0,0,0.0,0.0
2026-0712-03-02-06-04,3,2024103179,ウカテンセイ,0.09617838282409293,1,10,0,0,0.0,0.0
2026-0712-03-02-06-04,4,2024107005,ヴェールネージュ,0.09617838282409293,1,10,0,0,0.0,0.0
2026-0712-03-02-06-04,5,2024102061,ワレモコウ,0.09617838282409293,1,10,0,0,0.0,0.0
2026-0712-03-02-06-04,6,2024103581,ラヴィサンエール,0.09617838282409293,1,10,0,0,0.0,0.0
2026-0712-03-02-06-04,7,2024101195,サクセスボーイ,0.09617838282409293,1,10,0,0,0.0,0.0
2026-0712-03-02-06-04,8,2024100337,サンヴァンガード,0.09617838282409293,1,10,0,0,0.0,0.0
2026-0712-03-02-06-04,9,2024102004,ハルガスミ,0.09617838282409293,1,10,0,0,0.0,0.0
2026-0712-03-02-06-04,10,2024102127,トム,0.09617838282409293,1,10,0,0,0.0,0
2026-0712-03-02-06-05,1,2024101798,ブルーリボン,0.054222261354132176,1,16,1,0,0,0.0
2026-0712-03-02-06-05,2,2024101560,イキフン,0.054222261354132176,1,16,0,0,0.0,0.0
2026-0712-03-02-06-05,3,2024100130,タクミオジュウ,0.054222261354132176,1,16,0,0,0.0,0.0
2026-0712-03-02-06-05,4,2024106183,ウィクフォード,0.054222261354132176,1,16,0,0,0.0,0.0
2026-0712-03-02-06-05,5,2024100263,ローグアン,0.054222261354132176,1,16,0,0,0.0,0.0
2026-0712-03-02-06-05,6,2024106974,ワンコール,0.054222261354132176,1,16,0,0,0.0,0.0
2026-0712-03-02-06-05,7,2024102850,セレスタイト,0.054222261354132176,1,16,0,0,0.0,0.0
2026-0712-03-02-06-05,8,2024101481,ソラニワラエバ,0.054222261354132176,1,16,0,0,0.0,0.0
2026-0712-03-02-06-05,9,2024105844,ドーンレーサー,0.054222261354132176,1,16,0,0,0.0,0.0
2026-0712-03-02-06-05,10,2024100298,クラウントリオンフ,0.054222261354132176,1,16,0,0,0.0,0.0
2026-0712-03-02-06-05,11,2024106375,シーズアウルフ,0.054222261354132176,1,16,0,0,0.0,0.0
2026-0712-03-02-06-05,12,2024106301,リサナウト,0.054222261354132176,1,16,0,0,0.0,0.0
2026-0712-03-02-06-05,13,2024103502,ハクタカ,0.054222261354132176,1,16,0,0,0.0,0.0
2026-0712-03-02-06-05,14,2024104469,エクスマキナ,0.054222261354132176,1,16,0,0,0.0,0.0
2026-0712-03-02-06-05,15,2024102407,インザダーク,0.054222261354132176,1,16,0,0,0.0,0.0
2026-0712-03-02-06-05,16,2024101589,エイシンウルクンデ,0.054222261354132176,1,16,0,0,0.0,0
2026-0712-03-02-06-06,1,2023101037,ツクバヴァンガード,0.35547005102839535,1,2,1,0,0,0.022733504780198477
2026-0712-03-02-06-06,2,2023107532,ミスタートントン,0.3327365462481969,1,2,0,0,0.022733504780198477,0.07153567754447887
2026-0712-03-02-06-06,3,2023100102,イイクニパッション,0.261200868703718,2,2,0,1,0.07153567754447887,0.0412578939682495
2026-0712-03-02-06-06,4,2023106658,ニンジャトットリ,0.2199429747354685,2,2,0,1,0.0412578939682495,0.08436640334839232
2026-0712-03-02-06-06,5,2023102422,ミラビリオン,0.13557657138707618,3,12,0,0,0.08436640334839232,0.037125543847762496
2026-0712-03-02-06-06,6,2023100283,アドミ,0.09845102753931369,3,12,0,0,0.037125543847762496,0.019970024694345223
2026-0712-03-02-06-06,7,2023102401,ジャメビュ,0.07848100284496846,3,12,0,0,0.019970024694345223,0.00938284657495414
2026-0712-03-02-06-06,8,2023107151,フォワードシャッセ,0.06909815627001432,3,12,0,0,0.00938284657495414,0.011759634488323102
2026-0712-03-02-06-06,9,2023107540,ピコランド,0.05733852178169122,3,12,0,0,0.011759634488323102,0.01360343202188731
2026-0712-03-02-06-06,10,2023109078,ユニオンジャック,0.04373508975980391,3,12,0,0,0.01360343202188731,0.003851104139236991
2026-0712-03-02-06-06,11,2023106130,ジェムシリカ,0.03988398562056692,3,12,0,0,0.003851104139236991,0.018492401504352586
2026-0712-03-02-06-06,12,2023103779,トリエンナーレ,0.021391584116214335,3,12,0,0,0.018492401504352586,0.004739245823297631
2026-0712-03-02-06-06,13,2023101845,マッシブショット,0.016652338292916704,3,12,0,0,0.004739245823297631,0.0016390538007261847
2026-0712-03-02-06-06,14,2023106351,グラスアロー,0.01501328449219052,3,12,0,0,0.0016390538007261847,0.0002986875040422998
2026-0712-03-02-06-06,15,2023110048,オスロクィーン,0.01471459698814822,3,12,0,0,0.0002986875040422998,0.002105251073834139
2026-0712-03-02-06-06,16,2023100518,パストゥザスターズ,0.01260934591431408,3,12,0,0,0.002105251073834139,0
2026-0712-03-02-06-07,1,2023106095,キッショウダラニ,0.26160084456425065,1,1,1,0,0,0.16422605122104178
2026-0712-03-02-06-07,2,2023103657,ノーブルクロンヌ,0.09737479334320888,2,15,0,1,0.16422605122104178,0.005619156719004592
2026-0712-03-02-06-07,3,2023107019,ラルルジェンヌ,0.09175563662420429,2,15,0,1,0.005619156719004592,0.00708298731738892
2026-0712-03-02-06-07,4,2023104980,ベルオーシャン,0.08467264930681537,2,15,0,1,0.00708298731738892,0.0223282976530763
2026-0712-03-02-06-07,5,2023106441,インザライムライト,0.06234435165373907,2,15,0,1,0.0223282976530763,0.0025564372520787415
2026-0712-03-02-06-07,6,2023100321,ウインディナナコ,0.05978791440166033,2,15,0,1,0.0025564372520787415,0.0004328780859443465
2026-0712-03-02-06-07,7,2023100290,リナシタ,0.05935503631571598,2,15,0,1,0.0004328780859443465,0.00993193479568355
2026-0712-03-02-06-07,8,2023101040,コスモシグルン,0.04942310152003243,2,15,0,1,0.00993193479568355,0.00553735647465102
2026-0712-03-02-06-07,9,2023100226,イマジェリーナ,0.04388574504538141,2,15,0,1,0.00553735647465102,9.640423734046111e-05
2026-0712-03-02-06-07,10,2023103544,フライスカイハイ,0.04378934080804095,2,15,0,1,9.640423734046111e-05,0.006723695387069531
2026-0712-03-02-06-07,11,2023105561,シャインフォーミー,0.03706564542097142,2,15,0,1,0.006723695387069531,0.01256994373030764
2026-0712-03-02-06-07,12,2023100348,モーニングダリア,0.024495701690663778,2,15,0,1,0.01256994373030764,0.001345545347090308
2026-0712-03-02-06-07,13,2023104025,スイートハイデン,0.02315015634357347,2,15,0,1,0.001345545347090308,0.004341521639836823
2026-0712-03-02-06-07,14,2023100815,マリノマーベラス,0.018808634703736647,2,15,0,1,0.004341521639836823,0.008979942490284398
2026-0712-03-02-06-07,15,2023103306,サクラモンストール,0.009828692213452249,2,15,0,1,0.008979942490284398,0.0014741865911028877
2026-0712-03-02-06-07,16,2023100181,ダノンクラウディア,0.008354505622349361,2,15,0,1,0.0014741865911028877,0
2026-0712-03-02-06-08,1,2023106190,デンプシー,0.27304624744188105,1,1,1,0,0,0.08680786864895365
2026-0712-03-02-06-08,2,2023100831,ミスターマーボー,0.1862383787929274,2,2,0,1,0.08680786864895365,0.0005274308652761794
2026-0712-03-02-06-08,3,2023102633,アイアンパイク,0.18571094792765122,2,2,0,1,0.0005274308652761794,0.05715047479384769
2026-0712-03-02-06-08,4,2022102696,ラブリーガール,0.12856047313380353,3,9,0,0,0.05715047479384769,0.025148800452229544
2026-0712-03-02-06-08,5,2023103499,ザバルガド,0.10341167268157399,3,9,0,0,0.025148800452229544,0.0029128274544941712
2026-0712-03-02-06-08,6,2021100958,ビッグフラワー,0.10049884522707982,3,9,0,0,0.0029128274544941712,0.0049603049214932415
2026-0712-03-02-06-08,7,2022106818,マイネルステラート,0.09553854030558658,3,9,0,0,0.0049603049214932415,0.02227314555578959
2026-0712-03-02-06-08,8,2023102897,プリティーミズホ,0.07326539474979699,3,9,0,0,0.02227314555578959,0.027022332134430477
2026-0712-03-02-06-08,9,2023100954,テルケンレンスキー,0.04624306261536651,3,9,0,0,0.027022332134430477,0.008705964419717334
2026-0712-03-02-06-08,10,2022101108,ホウオウショコラ,0.037537098195649175,3,9,0,0,0.008705964419717334,0.009477511483543168
2026-0712-03-02-06-08,11,2020100084,レッドカメリア,0.028059586712106007,3,9,0,0,0.009477511483543168,0.015801208375111037
2026-0712-03-02-06-08,12,2021103332,アイスブレイカー,0.012258378336994972,3,9,0,0,0.015801208375111037,0
2026-0712-03-02-06-09,1,2023103543,ルージュリリック,0.16530696279353396,1,1,1,0,0,0.04881244036940385
2026-0712-03-02-06-09,2,2023106802,サルワールカミーズ,0.11649452242413011,2,13,0,1,0.04881244036940385,0.01946366444458862
2026-0712-03-02-06-09,3,2023106412,ユメシルベ,0.09703085797954149,2,13,0,1,0.01946366444458862,0.007773434212793029
2026-0712-03-02-06-09,4,2022105131,キューティリップ,0.08925742376674846,2,13,0,1,0.007773434212793029,0.018396733409876853
2026-0712-03-02-06-09,5,2022106618,ジェルブロア,0.0708606903568716,2,13,0,1,0.018396733409876853,0.004824995544384383
2026-0712-03-02-06-09,6,2023101820,サフランルージュ,0.06603569481248722,2,13,0,1,0.004824995544384383,0.00974064894691612
2026-0712-03-02-06-09,7,2022104844,ブルスカメンテ,0.0562950458655711,2,13,0,1,0.00974064894691612,0.0006637254509001753
2026-0712-03-02-06-09,8,2022100106,ペプロス,0.05563132041467093,2,13,0,1,0.0006637254509001753,0.01175293515348532
2026-0712-03-02-06-09,9,2021105168,クイーンズワーフ,0.04387838526118561,2,13,0,1,0.01175293515348532,0.008352001067281525
2026-0712-03-02-06-09,10,2023103069,ノーブルクラウド,0.03552638419390408,2,13,0,1,0.008352001067281525,0.0025335241578314516
2026-0712-03-02-06-09,11,2022105181,ロゼフェリシア,0.03299286003607263,2,13,0,1,0.0025335241578314516,0.013057439708822997
2026-0712-03-02-06-09,12,2021107253,ニシノコマチムスメ,0.019935420327249632,2,13,0,1,0.013057439708822997,0.0003796035485863665
2026-0712-03-02-06-09,13,2022101710,ヒサエノオモカゲ,0.019555816778663266,2,13,0,1,0.0003796035485863665,0.004880862997679241
2026-0712-03-02-06-09,14,2022106347,テンドリームガール,0.014674953780984025,2,13,0,1,0.004880862997679241,0
2026-0712-03-02-06-10,1,2023105748,リフレックス,0.18016370589096514,1,2,1,0,0,0.012065717155103822
2026-0712-03-02-06-10,2,2021105182,ドバイブルース,0.16809798873586132,1,2,0,0,0.012065717155103822,0.08530927251648765
2026-0712-03-02-06-10,3,2022101389,サトミノエンジェル,0.08278871621937367,2,9,0,1,0.08530927251648765,0.004235020747615656
2026-0712-03-02-06-10,4,2022105429,チギリ,0.07855369547175801,2,9,0,1,0.004235020747615656,0.015598802373053527
2026-0712-03-02-06-10,5,2022101818,ジェイエルマスター,0.06295489309870449,2,9,0,1,0.015598802373053527,0.0038261149953287207
2026-0712-03-02-06-10,6,2021104302,ティンティンデオ,0.059128778103375766,2,9,0,1,0.0038261149953287207,0.010098160606035134
2026-0712-03-02-06-10,7,2022104378,ダカラフェスティヴ,0.04903061749734063,2,9,0,1,0.010098160606035134,0.008423852719119287
2026-0712-03-02-06-10,8,2020102187,スマートケープ,0.040606764778221345,2,9,0,1,0.008423852719119287,0.0011480917576800753
2026-0712-03-02-06-10,9,2020104632,ハッスルダンク,0.03945867302054127,2,9,0,1,0.0011480917576800753,0.002512429242915004
2026-0712-03-02-06-10,10,2018104646,オンザライン,0.036946243777626266,2,9,0,1,0.002512429242915004,0.025585021899781443
2026-0712-03-02-06-10,11,2019102102,ゲキザル,0.011361221877844824,2,9,0,1,0.025585021899781443,0
2026-0712-03-02-06-11,1,2022104896,カラマティアノス,0.1556585061050468,1,16,1,0,0,0.023188064793237234
2026-0712-03-02-06-11,2,2019105193,バトルボーン,0.13247044131180957,1,16,0,0,0.023188064793237234,0.029698377888516952
2026-0712-03-02-06-11,3,2022106611,ヤマニンブークリエ,0.10277206342329262,1,16,0,0,0.029698377888516952,0.020815855832648278
2026-0712-03-02-06-11,4,2020100734,サヴォーナ,0.08195620759064434,1,16,0,0,0.020815855832648278,0.021079059936116896
2026-0712-03-02-06-11,5,2021101387,オーロラエックス,0.060877147654527446,1,16,0,0,0.021079059936116896,0.006985649193839545
2026-0712-03-02-06-11,6,2022101648,センツブラッド,0.0538914984606879,1,16,0,0,0.006985649193839545,0.008291515236984834
2026-0712-03-02-06-11,7,2021104846,オールナット,0.04559998322370307,1,16,0,0,0.008291515236984834,0.0006546596091975623
2026-0712-03-02-06-11,8,2020102740,コントラポスト,0.044945323614505504,1,16,0,0,0.0006546596091975623,0.0003374514880205501
2026-0712-03-02-06-11,9,2019103823,リカンカブール,0.044607872126484954,1,16,0,0,0.0003374514880205501,0.0005480293473135792
2026-0712-03-02-06-11,10,2021106954,アスクナイスショー,0.044059842779171375,1,16,0,0,0.0005480293473135792,0.0024482509933190857
2026-0712-03-02-06-11,11,2020105749,マイネルモーント,0.04161159178585229,1,16,0,0,0.0024482509933190857,0.0004090238648814942
2026-0712-03-02-06-11,12,2021104791,メリオーレム,0.041202567920970795,1,16,0,0,0.0004090238648814942,0.011857818267437453
2026-0712-03-02-06-11,13,2021105799,クリスマスパレード,0.029344749653533342,1,16,0,0,0.011857818267437453,0.0034593667390893264
2026-0712-03-02-06-11,14,2019104658,ボーンディスウェイ,0.025885382914444015,1,16,0,0,0.0034593667390893264,0.013280927695556225
2026-0712-03-02-06-11,15,2019104756,オニャンコポン,0.01260445521888779,1,16,0,0,0.013280927695556225,0.004418507781713835
2026-0712-03-02-06-11,16,2019104998,ショウナンマグマ,0.008185947437173956,1,16,0,0,0.004418507781713835,0
2026-0712-03-02-06-12,1,2022102716,サンマルノヴェル,0.1860208709854342,1,1,1,0,0,0.05012584392935862
2026-0712-03-02-06-12,2,2022110132,ピコテンダー,0.1358950270560756,2,1,0,1,0.05012584392935862,0.07229946825900667
2026-0712-03-02-06-12,3,2021102259,クリノオリーブ,0.06359555879706892,3,13,0,0,0.07229946825900667,0.008371724124990224
2026-0712-03-02-06-12,4,2021105976,ローマンレイク,0.0552238346720787,3,13,0,0,0.008371724124990224,0.002127540437205387
2026-0712-03-02-06-12,5,2022106243,サヨノジャンボリー,0.05309629423487331,3,13,0,0,0.002127540437205387,0.000740702874237685
2026-0712-03-02-06-12,6,2021105753,フェンダー,0.052355591360635625,3,13,0,0,0.000740702874237685,0.003013372797696902
2026-0712-03-02-06-12,7,2021101015,スーパーバイザー,0.049342218562938724,3,13,0,0,0.003013372797696902,0.009765417499593122
2026-0712-03-02-06-12,8,2019105041,ホウオウプレミア,0.0395768010633456,3,13,0,0,0.009765417499593122,0.0006411057556329688
2026-0712-03-02-06-12,9,2021102458,ホーリーブライト,0.03893569530771263,3,13,0,0,0.0006411057556329688,0.004664829873900898
2026-0712-03-02-06-12,10,2021102406,レイワサンサン,0.034270865433811734,3,13,0,0,0.004664829873900898,0.007383998811557529
2026-0712-03-02-06-12,11,2022103924,ショウナンラリー,0.026886866622254205,3,13,0,0,0.007383998811557529,0.0006223833412159901
2026-0712-03-02-06-12,12,2022102785,ラーナローザ,0.026264483281038215,3,13,0,0,0.0006223833412159901,0.0069220416354424524
2026-0712-03-02-06-12,13,2020103937,ラヴァグロウ,0.019342441645595763,3,13,0,0,0.0069220416354424524,0.0008440243840874967
2026-0712-03-02-06-12,14,2021101219,マフィン,0.018498417261508266,3,13,0,0,0.0008440243840874967,0.0013027449777907943
2026-0712-03-02-06-12,15,2022101959,ペプチドクレマチス,0.017195672283717472,3,13,0,0,0.0013027449777907943,0
2026-0712-10-02-06-01,1,2023102145,ホーリーステップ,0.1540088388659,1,17,1,0,0,0.03745892381431043
2026-0712-10-02-06-01,2,2023103353,シャンデリュイーズ,0.11654991505158957,1,17,0,0,0.03745892381431043,0.027378190868413962
2026-0712-10-02-06-01,3,2023104994,ティグリス,0.08917172418317561,1,17,0,0,0.027378190868413962,0.011857840284179605
2026-0712-10-02-06-01,4,2023104374,ブライトエンジェル,0.077313883898996,1,17,0,0,0.011857840284179605,0.011685650950125873
2026-0712-10-02-06-01,5,2023106464,フルフィルメント,0.06562823294887013,1,17,0,0,0.011685650950125873,0.00842347009561753
2026-0712-10-02-06-01,6,2023109072,ベルセクレト,0.0572047628532526,1,17,0,0,0.00842347009561753,0.013123619296642006
2026-0712-10-02-06-01,7,2023103381,ドゥボヌール,0.044081143556610594,1,17,0,0,0.013123619296642006,0.0007145722354078843
2026-0712-10-02-06-01,8,2023100973,コースタルロード,0.04336657132120271,1,17,0,0,0.0007145722354078843,0.005911058744455057
2026-0712-10-02-06-01,9,2023105692,ハクサンテドリガワ,0.03745551257674765,1,17,0,0,0.005911058744455057,0.007824812991698338
2026-0712-10-02-06-01,10,2023100490,ピンクパンサー,0.029630699585049314,1,17,0,0,0.007824812991698338,0.004041491445737611
2026-0712-10-02-06-01,11,2023102063,アリディプラチノ,0.025589208139311703,1,17,0,0,0.004041491445737611,0.013725832403045552
2026-0712-10-02-06-01,12,2023103978,ヨウリンケイジュ,0.011863375736266151,1,17,0,0,0.013725832403045552,0.002620262644316331
2026-0712-10-02-06-01,13,2023106792,ロージーキャンドル,0.00924311309194982,1,17,0,0,0.002620262644316331,0.0015934936051620685
2026-0712-10-02-06-01,14,2023104345,マルモズイルバア,0.0076496194867877515,1,17,0,0,0.0015934936051620685,0.0004730349003664921
2026-0712-10-02-06-01,15,2023103436,テンタイムトップ,0.007176584586421259,1,17,0,0,0.0004730349003664921,0.00015886740007253763
2026-0712-10-02-06-01,16,2023104381,ビケイムフリー,0.007017717186348722,1,17,0,0,0.00015886740007253763,0.00020906820820543962
2026-0712-10-02-06-01,17,2023102232,リザレクティア,0.006808648978143282,1,17,0,0,0.00020906820820543962,0
2026-0712-10-02-06-02,1,2023104326,タガノプディング,0.2963144406276246,1,1,1,0,0,0.08300756223490019
2026-0712-10-02-06-02,2,2023101500,クロカミジョウ,0.21330687839272439,2,1,0,1,0.08300756223490019,0.045686616932428564
2026-0712-10-02-06-02,3,2023103810,キャッチアシーフ,0.16762026146029582,3,2,0,0,0.045686616932428564,0.008302879737361879
2026-0712-10-02-06-02,4,2023100598,キタノプレミアム,0.15931738172293394,3,2,0,0,0.008302879737361879,0.05983081382522025
2026-0712-10-02-06-02,5,2023104377,ナブッコ,0.09948656789771369,4,10,0,0,0.05983081382522025,0.040295319088974914
2026-0712-10-02-06-02,6,2023101317,ラインメテオラ,0.05919124880873878,4,10,0,0,0.040295319088974914,0.02300084767621273
2026-0712-10-02-06-02,7,2023104612,ゼンノトヨタマヒメ,0.03619040113252605,4,10,0,0,0.02300084767621273,0.0010544314942148095
2026-0712-10-02-06-02,8,2023106339,ペコリズム,0.03513596963831124,4,10,0,0,0.0010544314942148095,0.012434381350757698
2026-0712-10-02-06-02,9,2023103848,トーアウィリアム,0.02270158828755354,4,10,0,0,0.012434381350757698,0.0053076335711327825
2026-0712-10-02-06-02,10,2023100197,ハクサンリング,0.01739395471642076,4,10,0,0,0.0053076335711327825,0.005729893317040517
2026-0712-10-02-06-02,11,2023106662,シュタルク,0.011664061399380242,4,10,0,0,0.005729893317040517,2.3799044397152316e-05
2026-0712-10-02-06-02,12,2023105204,メイショウアヤカ,0.01164026235498309,4,10,0,0,2.3799044397152316e-05,0.0006667527461596112
2026-0712-10-02-06-02,13,2023100287,ジョーヴェスタ,0.010973509608823479,4,10,0,0,0.0006667527461596112,0.0026483558877545103
2026-0712-10-02-06-02,14,2023103017,フチサンチャチャ,0.008325153721068968,4,10,0,0,0.0026483558877545103,0
2026-0712-10-02-06-03,1,2023105017,チェファルー,0.21911120313634025,1,2,1,0,0,0.019446126940921044
2026-0712-10-02-06-03,2,2023107236,ラルヴァンダード,0.1996650761954192,1,2,0,0,0.019446126940921044,0.07154149069866694
2026-0712-10-02-06-03,3,2023106218,ブルーザー,0.12812358549675226,2,2,0,1,0.07154149069866694,0.00605359320470894
2026-0712-10-02-06-03,4,2023105829,ダノンワンダー,0.12206999229204332,2,2,0,1,0.00605359320470894,0.05753688406528627
2026-0712-10-02-06-03,5,2023103758,ヴィスメンティス,0.06453310822675705,3,11,0,0,0.05753688406528627,0.014288832498866831
2026-0712-10-02-06-03,6,2023102013,ロイドウェバー,0.05024427572789022,3,11,0,0,0.014288832498866831,0.01076280417874284
2026-0712-10-02-06-03,7,2023103243,グレイイメル,0.03948147154914738,3,11,0,0,0.01076280417874284,0.0011564641582387444
2026-0712-10-02-06-03,8,2023101893,スーパービジー,0.03832500739090863,3,11,0,0,0.0011564641582387444,0.00256124144071241
2026-0712-10-02-06-03,9,2023102765,ルクスユアン,0.03576376595019622,3,11,0,0,0.00256124144071241,0.005007341446981815
2026-0712-10-02-06-03,10,2023106998,ジュンヴァッテッド,0.03075642450321441,3,11,0,0,0.005007341446981815,0.00035468126664320657
2026-0712-10-02-06-03,11,2023105211,アージュドール,0.030401743236571202,3,11,0,0,0.00035468126664320657,0.004057908209123259
2026-0712-10-02-06-03,12,2023104289,キービート,0.026343835027447943,3,11,0,0,0.004057908209123259,0.002102297584419613
2026-0712-10-02-06-03,13,2023101640,ワンダーシャッフル,0.02424153744302833,3,11,0,0,0.002102297584419613,0.015368751304153716
2026-0712-10-02-06-03,14,2023106139,レヴロード,0.008872786138874614,3,11,0,0,0.015368751304153716,0.0013166680089994305
2026-0712-10-02-06-03,15,2023105865,ウインビスタ,0.007556118129875183,3,11,0,0,0.0013166680089994305,0
2026-0712-10-02-06-04,1,2023102357,ブランチアウト,0.25993627281165205,1,1,1,0,0,0.04921111845619236
2026-0712-10-02-06-04,2,2023106652,セルヴァジオ,0.2107251543554597,2,4,0,1,0.04921111845619236,0.006219450614700556
2026-0712-10-02-06-04,3,2023103248,ラミエルノムスコ,0.20450570374075913,2,4,0,1,0.006219450614700556,0.00855506832027908
2026-0712-10-02-06-04,4,2023103795,タイムレスフレアー,0.19595063542048005,2,4,0,1,0.00855506832027908,0.006544480259253804
2026-0712-10-02-06-04,5,2023105417,レッドパラジウム,0.18940615516122625,2,4,0,1,0.006544480259253804,0.059758062636725645
2026-0712-10-02-06-04,6,2023104075,フェブリノ,0.1296480925245006,3,1,0,0,0.059758062636725645,0.06564319438198919
2026-0712-10-02-06-04,7,2023105522,エイシンニケ,0.06400489814251141,4,7,0,0,0.06564319438198919,0.004375138156929935
2026-0712-10-02-06-04,8,2023105399,スリーロンドン,0.059629759985581475,4,7,0,0,0.004375138156929935,0.038195880019943576
2026-0712-10-02-06-04,9,2023104906,グランスプリント,0.021433879965637895,4,7,0,0,0.038195880019943576,0.0019125304891590873
2026-0712-10-02-06-04,10,2023103368,ゴリョウセイ,0.019521349476478808,4,7,0,0,0.0019125304891590873,0.002254039632145634
2026-0712-10-02-06-04,11,2023100986,サンタカリス,0.017267309844333174,4,7,0,0,0.002254039632145634,0.0017225200536205819
2026-0712-10-02-06-04,12,2023105884,ウインラブソング,0.015544789790712592,4,7,0,0,0.0017225200536205819,0.004175995878989628
2026-0712-10-02-06-04,13,2023103507,シャドウクライ,0.011368793911722965,4,7,0,0,0.004175995878989628,0
2026-0712-10-02-06-05,1,2024101202,サイモンレガシー,0.11872110953444903,1,8,1,0,0,0.0
2026-0712-10-02-06-05,2,2024106989,シュガーハウス,0.11872110953444903,1,8,0,0,0.0,0.0
2026-0712-10-02-06-05,3,2024105437,シュプレヒコール,0.11872110953444903,1,8,0,0,0.0,0.0
2026-0712-10-02-06-05,4,2024106098,ロクメイカン,0.11872110953444903,1,8,0,0,0.0,0.0
2026-0712-10-02-06-05,5,2024105969,フェーエンハフト,0.11872110953444903,1,8,0,0,0.0,0.0
2026-0712-10-02-06-05,6,2024105746,シックパラソル,0.11872110953444903,1,8,0,0,0.0,0.0
2026-0712-10-02-06-05,7,2024106314,エルドボルグ,0.11872110953444903,1,8,0,0,0.0,0.0
2026-0712-10-02-06-05,8,2024104857,パーセンタイル,0.11872110953444903,1,8,0,0,0.0,0
2026-0712-10-02-06-06,1,2024107153,アンドヴェローナ,0.11047290715462127,1,9,1,0,0,0.0
2026-0712-10-02-06-06,2,2024106380,アトランタ,0.11047290715462127,1,9,0,0,0.0,0.0
2026-0712-10-02-06-06,3,2024105038,ジョン,0.11047290715462127,1,9,0,0,0.0,0.0
2026-0712-10-02-06-06,4,2024101644,マルモリムソウ,0.11047290715462127,1,9,0,0,0.0,0.0
2026-0712-10-02-06-06,5,2024104705,ビバームス,0.11047290715462127,1,9,0,0,0.0,0.0
2026-0712-10-02-06-06,6,2024105630,アームズラムレイ,0.11047290715462127,1,9,0,0,0.0,0.0
2026-0712-10-02-06-06,7,2024101083,ララララブソング,0.11047290715462127,1,9,0,0,0.0,0.0
2026-0712-10-02-06-06,8,2024102592,ブラックブレット,0.11047290715462127,1,9,0,0,0.0,0.0
2026-0712-10-02-06-06,9,2024104870,コパノキャンペーン,0.11047290715462127,1,9,0,0,0.0,0
2026-0712-10-02-06-07,1,2023104411,コルヴァス,0.16097144007889821,1,1,1,0,0,0.05671815818039938
2026-0712-10-02-06-07,2,2019103506,エアフォースワン,0.10425328189849883,2,13,0,1,0.05671815818039938,0.024217924212090347
2026-0712-10-02-06-07,3,2023103919,オオツカ,0.08003535768640849,2,13,0,1,0.024217924212090347,0.0005814587627666623
2026-0712-10-02-06-07,4,2023103677,ヴィエントデコラ,0.07945389892364182,2,13,0,1,0.0005814587627666623,0.0015594646064784334
2026-0712-10-02-06-07,5,2023102469,タマモスカイ,0.07789443431716339,2,13,0,1,0.0015594646064784334,0.020654760236117252
2026-0712-10-02-06-07,6,2019104261,メイショウオグマ,0.05723967408104614,2,13,0,1,0.020654760236117252,0.0032804533844789582
2026-0712-10-02-06-07,7,2023110043,ラブインアクション,0.05395922069656718,2,13,0,1,0.0032804533844789582,0.011105628423468947
2026-0712-10-02-06-07,8,2023103092,セルジュバローズ,0.042853592273098234,2,13,0,1,0.011105628423468947,0.00044298102893421815
2026-0712-10-02-06-07,9,2023107059,ジュンプリメーロ,0.042410611244164016,2,13,0,1,0.00044298102893421815,0.00125984390968676
2026-0712-10-02-06-07,10,2023103884,キリオス,0.041150767334477256,2,13,0,1,0.00125984390968676,0.008387819077953135
2026-0712-10-02-06-07,11,2022110141,ジェバーダ,0.03276294825652412,2,13,0,1,0.008387819077953135,0.007073320234007866
2026-0712-10-02-06-07,12,2021103316,リアルペガサス,0.025689628022516255,2,13,0,1,0.007073320234007866,0.003354053077965928
2026-0712-10-02-06-07,13,2022104403,ニシノミチアキ,0.022335574944550327,2,13,0,1,0.003354053077965928,0.004939057752648118
2026-0712-10-02-06-07,14,2022100725,テーオーノーベル,0.01739651719190221,2,13,0,1,0.004939057752648118,0
2026-0712-10-02-06-08,1,2023102997,ペイシャシス,0.2801359921188801,1,1,1,0,0,0.1004936039256879
2026-0712-10-02-06-08,2,2023105002,ミッキーマーメイド,0.17964238819319217,2,3,0,1,0.1004936039256879,0.0035569881559858463
2026-0712-10-02-06-08,3,2022102550,メイショウピリカ,0.17608540003720632,2,3,0,1,0.0035569881559858463,0.007405333906993439
2026-0712-10-02-06-08,4,2023101180,ミリタリータトゥー,0.16868006613021289,2,3,0,1,0.007405333906993439,0.07948958130322671
2026-0712-10-02-06-08,5,2021103236,コンバットペスカ,0.08919048482698617,3,1,0,0,0.07948958130322671,0.05214733651575368
2026-0712-10-02-06-08,6,2022103705,エレガンシア,0.037043148311232496,4,4,0,0,0.05214733651575368,0.004298884350771255
2026-0712-10-02-06-08,7,2022102957,ヴィーナスバブル,0.03274426396046124,4,4,0,0,0.004298884350771255,0.0187476432337945
2026-0712-10-02-06-08,8,2021105794,レザンクレール,0.013996620726666744,4,4,0,0,0.0187476432337945,0.0002819771314351068
2026-0712-10-02-06-08,9,2023104231,タマモヒロイン,0.013714643595231637,4,4,0,0,0.0002819771314351068,0
2026-0712-10-02-06-09,1,2023106298,ホウショウルクス,0.264466265938854,1,1,1,0,0,0.09985852875944695
2026-0712-10-02-06-09,2,2023107036,ショウナンバンライ,0.16460773717940702,2,2,0,1,0.09985852875944695,0.00957275595620577
2026-0712-10-02-06-09,3,2022106564,タガノアニマシオン,0.15503498122320125,2,2,0,1,0.00957275595620577,0.05071963048254617
2026-0712-10-02-06-09,4,2022105791,ブルックリンダンス,0.10431535074065508,3,7,0,0,0.05071963048254617,0.016799607119939677
2026-0712-10-02-06-09,5,2021104295,トモジャザーン,0.0875157436207154,3,7,0,0,0.016799607119939677,0.004445837147256118
2026-0712-10-02-06-09,6,2021100711,ケイアイアルタイル,0.08306990647345928,3,7,0,0,0.004445837147256118,0.0016162701898680687
2026-0712-10-02-06-09,7,2023106546,サンライズケヴィン,0.08145363628359122,3,7,0,0,0.0016162701898680687,0.006124054627180506
2026-0712-10-02-06-09,8,2021105637,テンエースワン,0.07532958165641071,3,7,0,0,0.006124054627180506,0.030384797684070597
2026-0712-10-02-06-09,9,2020104791,プウスカンドゥール,0.04494478397234011,3,7,0,0,0.030384797684070597,0.010573739057744391
2026-0712-10-02-06-09,10,2022102956,エンマ,0.03437104491459572,3,7,0,0,0.010573739057744391,0
2026-0712-10-02-06-10,1,2022104719,ダノンカゼルタ,0.08959384893760766,1,11,1,0,0,0.013766795939107776
2026-0712-10-02-06-10,2,2021103255,ジャスティンガルフ,0.07582705299849989,1,11,0,0,0.013766795939107776,0.023998067695580896
2026-0712-10-02-06-10,3,2021106904,レイピカケ,0.05182898530291899,1,11,0,0,0.023998067695580896,0.006336701574101239
2026-0712-10-02-06-10,4,2023103343,フォーチュンライド,0.04549228372881775,1,11,0,0,0.006336701574101239,0.00529135556912274
2026-0712-10-02-06-10,5,2022104623,コリカンチャ,0.04020092815969501,1,11,0,0,0.00529135556912274,0.002687557453305643
2026-0712-10-02-06-10,6,2019103827,オウケンボルト,0.03751337070638937,1,11,0,0,0.002687557453305643,0.003196341240908382
2026-0712-10-02-06-10,7,2021106077,プリズマジコ,0.034317029465480986,1,11,0,0,0.003196341240908382,0.011888088129525298
2026-0712-10-02-06-10,8,2020101031,アスクエピソード,0.022428941335955688,1,11,0,0,0.011888088129525298,0.006629098098113611
2026-0712-10-02-06-10,9,2022101925,オデット,0.015799843237842077,1,11,0,0,0.006629098098113611,0.0002588495051087016
2026-0712-10-02-06-10,10,2022100529,ハッピーダンチャン,0.015540993732733375,1,11,0,0,0.0002588495051087016,0.00018589145602309481
2026-0712-10-02-06-10,11,2021105867,ショウナンハウル,0.01535510227671028,1,11,0,0,0.00018589145602309481,0
2026-0712-10-02-06-11,1,2020100061,モックモック,0.22619438542653952,1,2,1,0,0,0.030651808992290863
2026-0712-10-02-06-11,2,2021100838,モンブランミノル,0.19554257643424866,1,2,0,0,0.030651808992290863,0.06515629944513046
2026-0712-10-02-06-11,3,2021104646,ジンセイ,0.1303862769891182,2,9,0,1,0.06515629944513046,0.025409047411554198
2026-0712-10-02-06-11,4,2022104628,レイナデアルシーラ,0.104977229577564,2,9,0,1,0.025409047411554198,0.012270278803983209
2026-0712-10-02-06-11,5,2021103987,スナークラファエロ,0.09270695077358079,2,9,0,1,0.012270278803983209,0.006182362635142075
2026-0712-10-02-06-11,6,2020106063,ゴッドブルービー,0.08652458813843872,2,9,0,1,0.006182362635142075,0.009426125903533172
2026-0712-10-02-06-11,7,2022102117,シュラザック,0.07709846223490555,2,9,0,1,0.009426125903533172,0.028672184806733857
2026-0712-10-02-06-11,8,2022104796,メルキオル,0.04842627742817169,2,9,0,1,0.028672184806733857,0.010815522649113556
2026-0712-10-02-06-11,9,2020102045,フェルヴェンテ,0.037610754779058134,2,9,0,1,0.010815522649113556,0.005749168267719665
2026-0712-10-02-06-11,10,2022100154,メイショウズイウン,0.03186158651133847,2,9,0,1,0.005749168267719665,0.0032093770217518774
2026-0712-10-02-06-11,11,2019103419,サンライズアリオン,0.02865220948958659,2,9,0,1,0.0032093770217518774,0
2026-0712-10-02-06-12,1,2021101414,ベルファスト,0.19955851291700175,1,1,1,0,0,0.06181625850021663
2026-0712-10-02-06-12,2,2023101174,ドルチェミスト,0.13774225441678511,2,16,0,1,0.06181625850021663,0.00811159517528881
2026-0712-10-02-06-12,3,2022103058,ノボリリア,0.1296306592414963,2,16,0,1,0.00811159517528881,0.02138828534515405
2026-0712-10-02-06-12,4,2022106217,ウインマスカレード,0.10824237389634225,2,16,0,1,0.02138828534515405,0.008917400385160104
2026-0712-10-02-06-12,5,2023101865,ウォーターデライト,0.09932497351118215,2,16,0,1,0.008917400385160104,0.03777671488965
2026-0712-10-02-06-12,6,2023102025,フィラーエ,0.06154825862153215,2,16,0,1,0.03777671488965,0.002139856785782053
2026-0712-10-02-06-12,7,2023104355,テルヴィセクス,0.059408401835750094,2,16,0,1,0.002139856785782053,0.0013810454662498278
2026-0712-10-02-06-12,8,2023105833,セレブトーチ,0.058027356369500266,2,16,0,1,0.0013810454662498278,0.018132716259023074
2026-0712-10-02-06-12,9,2021106648,ベネメレンティ,0.03989464011047719,2,16,0,1,0.018132716259023074,0.007128537899637237
2026-0712-10-02-06-12,10,2023101722,ジューンオアシス,0.032766102210839955,2,16,0,1,0.007128537899637237,0.002264034513177294
2026-0712-10-02-06-12,11,2022104901,モルティフレーバー,0.03050206769766266,2,16,0,1,0.002264034513177294,0.004253329383318832
2026-0712-10-02-06-12,12,2022104392,シャインベック,0.02624873831434383,2,16,0,1,0.004253329383318832,0.002139771412629013
2026-0712-10-02-06-12,13,2022106715,ギザキズラヴ,0.024108966901714816,2,16,0,1,0.002139771412629013,0.0016210165190763542
2026-0712-10-02-06-12,14,2023101065,リアルアルバ,0.022487950382638462,2,16,0,1,0.0016210165190763542,0.0006815501786835258
2026-0712-10-02-06-12,15,2021106586,ラブカムーン,0.021806400203954936,2,16,0,1,0.0006815501786835258,0.003710512093374377
2026-0712-10-02-06-12,16,2022103150,ジュエルハウス,0.01809588811058056,2,16,0,1,0.003710512093374377,0.01186061834940101
2026-0712-10-02-06-12,17,2022104436,アットザラヴアスク,0.00623526976117955,2,16,0,1,0.01186061834940101,0
2026-0718-02-01-11-01,1,2024104442,イッペイ,0.31102275511464134,1,2,1,0,0,0.011192674772896871
2026-0718-02-01-11-01,2,2024106533,ロジクラウン,0.29983008034174446,1,2,0,0,0.011192674772896871,0.17087388692374658
2026-0718-02-01-11-01,3,2024100352,ガーシュウィン,0.12895619341799788,2,6,0,1,0.17087388692374658,0.017777952005618297
2026-0718-02-01-11-01,4,2024106942,レインボースター,0.11117824141237959,2,6,0,1,0.017777952005618297,0.004441754862049799
2026-0718-02-01-11-01,5,2024100004,サンゴート,0.10673648655032979,2,6,0,1,0.004441754862049799,0.010920875643284353
2026-0718-02-01-11-01,6,2024104687,アートオブブライト,0.09581561090704543,2,6,0,1,0.010920875643284353,0.0070534194211933215
2026-0718-02-01-11-01,7,2024107403,ハイビスカス,0.08876219148585211,2,6,0,1,0.0070534194211933215,0.016534032095377543
2026-0718-02-01-11-01,8,2024102603,ロードレスポンス,0.07222815939047457,2,6,0,1,0.016534032095377543,0
2026-0718-02-01-11-02,1,2023103574,マーマレードスカイ,0.16876392117467984,1,2,1,0,0,0.0022831271037046796
2026-0718-02-01-11-02,2,2023102748,ドリームガッサン,0.16648079407097516,1,2,0,0,0.0022831271037046796,0.0991665745969817
2026-0718-02-01-11-02,3,2023104607,チュラヴェール,0.06731421947399346,2,10,0,1,0.0991665745969817,0.011008348818565238
2026-0718-02-01-11-02,4,2023100718,メメボス,0.056305870655428227,2,10,0,1,0.011008348818565238,0.001263195213311627
2026-0718-02-01-11-02,5,2023100628,メモリーデイズ,0.0550426754421166,2,10,0,1,0.001263195213311627,0.0016539662982489808
2026-0718-02-01-11-02,6,2023106606,ジェッディンデデン,0.05338870914386762,2,10,0,1,0.0016539662982489808,0.005877731287595278
2026-0718-02-01-11-02,7,2023100977,コシタンタン,0.04751097785627234,2,10,0,1,0.005877731287595278,5.368854542855267e-05
2026-0718-02-01-11-02,8,2023101119,レディリリス,0.04745728931084379,2,10,0,1,5.368854542855267e-05,0.025825216132018654
2026-0718-02-01-11-02,9,2023101728,クリーンブーケ,0.021632073178825133,2,10,0,1,0.025825216132018654,0.0024865584896183283
2026-0718-02-01-11-02,10,2023102436,ジャストキュート,0.019145514689206805,2,10,0,1,0.0024865584896183283,0.0014047506161204149
2026-0718-02-01-11-02,11,2023102999,ペイシャクロス,0.01774076407308639,2,10,0,1,0.0014047506161204149,4.812072174932916e-05
2026-0718-02-01-11-02,12,2023102180,ブルーメンフェスト,0.01769264335133706,2,10,0,1,4.812072174932916e-05,0
2026-0718-02-01-11-03,1,2023101484,リバーソニック,0.23150503894453414,1,3,1,0,0,0.02572339319587541
2026-0718-02-01-11-03,2,2023105870,ウインガネーシャ,0.20578164574865873,1,3,0,0,0.02572339319587541,0.006244730692523626
2026-0718-02-01-11-03,3,2023105444,ポップアップ,0.1995369150561351,1,3,0,0,0.006244730692523626,0.09050107509753934
2026-0718-02-01-11-03,4,2023106733,ザンテソーロ,0.10903583995859577,2,9,0,1,0.09050107509753934,0.011174141255416464
2026-0718-02-01-11-03,5,2023102517,ジャストグレース,0.0978616987031793,2,9,0,1,0.011174141255416464,0.023362255865101947
2026-0718-02-01-11-03,6,2023103289,マーゴットデウス,0.07449944283807736,2,9,0,1,0.023362255865101947,0.018140884663260408
2026-0718-02-01-11-03,7,2023103504,ハイランダー,0.05635855817481695,2,9,0,1,0.018140884663260408,0.03056799480048189
2026-0718-02-01-11-03,8,2023106726,フェンリル,0.02579056337433506,2,9,0,1,0.03056799480048189,0.007061959072266883
2026-0718-02-01-11-03,9,2023105044,ゴールデンボブ,0.018728604302068175,2,9,0,1,0.007061959072266883,0.0014125661981288645
2026-0718-02-01-11-03,10,2023104286,リベンジャー,0.01731603810393931,2,9,0,1,0.0014125661981288645,0.0015751272538304315
2026-0718-02-01-11-03,11,2023100389,エトワールブルー,0.01574091085010888,2,9,0,1,0.0015751272538304315,0.003325685384185744
2026-0718-02-01-11-03,12,2023100784,エースオブゴールド,0.012415225465923135,2,9,0,1,0.003325685384185744,0
2026-0718-02-01-11-04,1,2023104689,ニシノオールワン,0.23362112117249365,1,1,1,0,0,0.06888155110056149
2026-0718-02-01-11-04,2,2023107192,ホウオウザロイヤル,0.16473957007193216,2,15,0,1,0.06888155110056149,0.004790462817921309
2026-0718-02-01-11-04,3,2023102151,スッサンエア,0.15994910725401085,2,15,0,1,0.004790462817921309,0.029283649677976975
2026-0718-02-01-11-04,4,2023102176,スノーガーネット,0.13066545757603387,2,15,0,1,0.029283649677976975,0.03091059380280449
2026-0718-02-01-11-04,5,2023109031,ココソラーレ,0.09975486377322938,2,15,0,1,0.03091059380280449,0.006441285479263328
2026-0718-02-01-11-04,6,2023105791,メカニックバレエ,0.09331357829396605,2,15,0,1,0.006441285479263328,0.03462633981842024
2026-0718-02-01-11-04,7,2023101825,ヨドノサファイア,0.058687238475545814,2,15,0,1,0.03462633981842024,0.01528304702067177
2026-0718-02-01-11-04,8,2023104158,シュヴェスター,0.04340419145487404,2,15,0,1,0.01528304702067177,0.01796234197069221
2026-0718-02-01-11-04,9,2023105670,レッドアイスピア,0.025441849484181833,2,15,0,1,0.01796234197069221,0.0008258072889234767
2026-0718-02-01-11-04,10,2023103612,オリヒメボシ,0.024616042195258356,2,15,0,1,0.0008258072889234767,0.002041109722813045
2026-0718-02-01-11-04,11,2023103623,エコロデュラン,0.02257493247244531,2,15,0,1,0.002041109722813045,0.008725183977867182
2026-0718-02-01-11-04,12,2023101056,イズントイット,0.013849748494578129,2,15,0,1,0.008725183977867182,0.0021622832387007615
2026-0718-02-01-11-04,13,2023101395,ガルフコースト,0.011687465255877367,2,15,0,1,0.0021622832387007615,0.0005737970654493187
2026-0718-02-01-11-04,14,2023103842,エルファリス,0.011113668190428048,2,15,0,1,0.0005737970654493187,0.0009244319649215869
2026-0718-02-01-11-04,15,2023103863,デルマアサマ,0.010189236225506462,2,15,0,1,0.0009244319649215869,0.001208940861940979
2026-0718-02-01-11-04,16,2023107409,シバノパージャン,0.008980295363565483,2,15,0,1,0.001208940861940979,0
2026-0718-02-01-11-05,1,2023100926,モンロワイヤル,0.24176450735631544,1,1,1,0,0,0.09906994090644666
2026-0718-02-01-11-05,2,2023106849,イトシサ,0.14269456644986878,2,13,0,1,0.09906994090644666,0.009321498935419698
2026-0718-02-01-11-05,3,2023101756,メイショウセンドウ,0.13337306751444908,2,13,0,1,0.009321498935419698,0.01663016245425196
2026-0718-02-01-11-05,4,2023101979,サンオブザサン,0.11674290506019712,2,13,0,1,0.01663016245425196,0.01740774785891684
2026-0718-02-01-11-05,5,2023100609,ペガサスウィンド,0.09933515720128028,2,13,0,1,0.01740774785891684,0.008218780491167227
2026-0718-02-01-11-05,6,2023106929,コウソクユノ,0.09111637671011305,2,13,0,1,0.008218780491167227,0.019346498211949434
2026-0718-02-01-11-05,7,2023102317,バンダムソレール,0.07176987849816362,2,13,0,1,0.019346498211949434,0.0027753633392373217
2026-0718-02-01-11-05,8,2023101563,レースクイーン,0.0689945151589263,2,13,0,1,0.0027753633392373217,0.013144593474754933
2026-0718-02-01-11-05,9,2023105320,チャーチルデュース,0.05584992168417136,2,13,0,1,0.013144593474754933,0.017525754283329684
2026-0718-02-01-11-05,10,2023105235,ダノンアクション,0.03832416740084168,2,13,0,1,0.017525754283329684,0.005212888766915343
2026-0718-02-01-11-05,11,2023103475,ディープマウンテン,0.033111278633926336,2,13,0,1,0.005212888766915343,0.0036839571321060152
2026-0718-02-01-11-05,12,2023103606,ルージュプルーヴ,0.02942732150182032,2,13,0,1,0.0036839571321060152,0.012803500773825482
2026-0718-02-01-11-05,13,2023102400,ホウオウライセンス,0.01662382072799484,2,13,0,1,0.012803500773825482,0.0029795822707593764
2026-0718-02-01-11-05,14,2023102369,フロムザムーン,0.013644238457235463,2,13,0,1,0.0029795822707593764,0
2026-0718-02-01-11-06,1,2023106438,トリニタリオ,0.3112605729199548,1,2,1,0,0,0.017251794705173407
2026-0718-02-01-11-06,2,2023103888,ショウナンマルチ,0.2940087782147814,1,2,0,0,0.017251794705173407,0.10924929523135321
2026-0718-02-01-11-06,3,2023103437,ジュラトリー,0.18475948298342817,2,1,0,1,0.10924929523135321,0.06215113280087527
2026-0718-02-01-11-06,4,2023103178,テンユウ,0.12260835018255291,3,9,0,0,0.06215113280087527,0.027883189326525407
2026-0718-02-01-11-06,5,2023106085,ホテルストリート,0.0947251608560275,3,9,0,0,0.027883189326525407,0.0035073657978762496
2026-0718-02-01-11-06,6,2023105537,エイシンリーガル,0.09121779505815125,3,9,0,0,0.0035073657978762496,0.001781455645573679
2026-0718-02-01-11-06,7,2023106657,イーサンミラー,0.08943633941257757,3,9,0,0,0.001781455645573679,0.013913231429875633
2026-0718-02-01-11-06,8,2023104491,コスモクラシック,0.07552310798270194,3,9,0,0,0.013913231429875633,0.01038845520940937
2026-0718-02-01-11-06,9,2023105470,グローリーバローズ,0.06513465277329257,3,9,0,0,0.01038845520940937,0.04060030025148924
2026-0718-02-01-11-06,10,2023106627,ファインブライト,0.024534352521803336,3,9,0,0,0.04060030025148924,0.00043904502714676996
2026-0718-02-01-11-06,11,2023101598,ホウショウリュウ,0.024095307494656566,3,9,0,0,0.00043904502714676996,0.01117683858984663
2026-0718-02-01-11-06,12,2023103527,カリドーラ,0.012918468904809936,3,9,0,0,0.01117683858984663,0
2026-0718-02-01-11-07,1,2023104103,パラダイスフェイス,0.14347274758301579,1,14,1,0,0,0.019364112302183198
2026-0718-02-01-11-07,2,2023106397,ストロングボーイ,0.12410863528083259,1,14,0,0,0.019364112302183198,0.028333546203898496
2026-0718-02-01-11-07,3,2022106045,ウィズマスタング,0.09577508907693409,1,14,0,0,0.028333546203898496,0.022673887672120016
2026-0718-02-01-11-07,4,2023102352,タイセツナヒ,0.07310120140481408,1,14,0,0,0.022673887672120016,0.010530609749477893
2026-0718-02-01-11-07,5,2023100953,グランセレスト,0.06257059165533618,1,14,0,0,0.010530609749477893,0.003009838661294957
2026-0718-02-01-11-07,6,2022104890,エンダードラゴン,0.059560752994041226,1,14,0,0,0.003009838661294957,0.0034447415406396037
2026-0718-02-01-11-07,7,2023101713,イサギ,0.05611601145340162,1,14,0,0,0.0034447415406396037,0.0020761482093825667
2026-0718-02-01-11-07,8,2021105772,ホウオウバローロ,0.054039863244019055,1,14,0,0,0.0020761482093825667,0.012036366772702839
2026-0718-02-01-11-07,9,2023101721,ノリノドラゴン,0.042003496471316216,1,14,0,0,0.012036366772702839,0.011268284940025696
2026-0718-02-01-11-07,10,2021105329,カーマンライン,0.03073521153129052,1,14,0,0,0.011268284940025696,0.004152958922976204
2026-0718-02-01-11-07,11,2021104276,ガラスノブルース,0.026582252608314316,1,14,0,0,0.004152958922976204,0.0023449240233702692
2026-0718-02-01-11-07,12,2022103986,タイセイデクスター,0.024237328584944047,1,14,0,0,0.0023449240233702692,0.007227617371212032
2026-0718-02-01-11-07,13,2021102498,ディアスポラ,0.017009711213732015,1,14,0,0,0.007227617371212032,0.010795985768201323
2026-0718-02-01-11-07,14,2022103018,シェーンルスカ,0.006213725445530691,1,14,0,0,0.010795985768201323,0
2026-0718-02-01-11-08,1,2023105021,メイショウテンク,0.25918054766055215,1,3,1,0,0,0.0018042570797148216
2026-0718-02-01-11-08,2,2023105223,アーレムアレス,0.25737629058083733,1,3,0,0,0.0018042570797148216,0.016424847749623078
2026-0718-02-01-11-08,3,2023101375,マテンロウオリジン,0.24095144283121425,1,3,0,0,0.016424847749623078,0.07853310416752413
2026-0718-02-01-11-08,4,2023105261,アスクファイアモア,0.16241833866369013,2,5,0,1,0.07853310416752413,0.031605355694963005
2026-0718-02-01-11-08,5,2023107050,ワンダフルデイズ,0.13081298296872712,2,5,0,1,0.031605355694963005,0.008705448098861951
2026-0718-02-01-11-08,6,2021102379,テイクザクラウン,0.12210753486986517,2,5,0,1,0.008705448098861951,0.005873747507736449
2026-0718-02-01-11-08,7,2022106828,マイネルゼウス,0.11623378736212872,2,5,0,1,0.005873747507736449,0.00045752465611707815
2026-0718-02-01-11-08,8,2023104920,バルドル,0.11577626270601164,2,5,0,1,0.00045752465611707815,0.05478570703843925
2026-0718-02-01-11-08,9,2022106180,シャインバオバブ,0.060990555667572395,3,4,0,0,0.05478570703843925,0.00042110371370270017
2026-0718-02-01-11-08,10,2020105796,ペリプルス,0.060569451953869695,3,4,0,0,0.00042110371370270017,0.040916202455527816
2026-0718-02-01-11-08,11,2022104661,ジーティートシオー,0.01965324949834188,3,4,0,0,0.040916202455527816,0.012519353289378308
2026-0718-02-01-11-08,12,2022101492,エリナ,0.007133896208963571,3,4,0,0,0.012519353289378308,0
2026-0718-02-01-11-09,1,2023101382,ドッグウッド,0.29306643985868897,1,1,1,0,0,0.18212505485653163
2026-0718-02-01-11-09,2,2022106645,グランセゾン,0.11094138500215732,2,12,0,1,0.18212505485653163,0.0005441656305737452
2026-0718-02-01-11-09,3,2023100207,マイネルシンベリン,0.11039721937158357,2,12,0,1,0.0005441656305737452,0.018446351593355406
2026-0718-02-01-11-09,4,2023100521,ディーリライズ,0.09195086777822817,2,12,0,1,0.018446351593355406,0.010803396653589842
2026-0718-02-01-11-09,5,2022102135,ゴーゴータカシ,0.08114747112463833,2,12,0,1,0.010803396653589842,0.006975901139489593
2026-0718-02-01-11-09,6,2022101102,ウインポセイドン,0.07417156998514873,2,12,0,1,0.006975901139489593,0.00019589197486093168
2026-0718-02-01-11-09,7,2023104678,コウギョク,0.0739756780102878,2,12,0,1,0.00019589197486093168,0.002377633805448448
2026-0718-02-01-11-09,8,2023103875,マカナアネラ,0.07159804420483935,2,12,0,1,0.002377633805448448,0.01338777895623916
2026-0718-02-01-11-09,9,2022102896,ハミルトン,0.05821026524860019,2,12,0,1,0.01338777895623916,0.008859284504141932
2026-0718-02-01-11-09,10,2022102397,ビービーバザーク,0.04935098074445826,2,12,0,1,0.008859284504141932,0.0065542464843656376
2026-0718-02-01-11-09,11,2021102708,アドミラルシップ,0.042796734260092624,2,12,0,1,0.0065542464843656376,0.003211718373253923
2026-0718-02-01-11-09,12,2020100621,マイバラード,0.0395850158868387,2,12,0,1,0.003211718373253923,0.012899205990275942
2026-0718-02-01-11-09,13,2021105694,ホウオウペトリュス,0.02668580989656276,2,12,0,1,0.012899205990275942,0
2026-0718-02-01-11-10,1,2023100617,マナボニート,0.2818977067582647,1,1,1,0,0,0.1390226313084363
2026-0718-02-01-11-10,2,2022104732,アパッシメント,0.1428750754498284,2,9,0,1,0.1390226313084363,0.02520333535197243
2026-0718-02-01-11-10,3,2022104174,マジカルフェアリー,0.11767174009785596,2,9,0,1,0.02520333535197243,0.04205976983548411
2026-0718-02-01-11-10,4,2021110119,サンドロナイト,0.07561197026237185,2,9,0,1,0.04205976983548411,0.00014048876843167357
2026-0718-02-01-11-10,5,2022110056,フードマン,0.07547148149394017,2,9,0,1,0.00014048876843167357,0.01591149491805651
2026-0718-02-01-11-10,6,2021104217,ムチャスグラシアス,0.05955998657588366,2,9,0,1,0.01591149491805651,0.007300242516537853
2026-0718-02-01-11-10,7,2021110023,エクストラバック,0.05225974405934581,2,9,0,1,0.007300242516537853,0.012854671939653756
2026-0718-02-01-11-10,8,2020103218,フミサウンド,0.039405072119692054,2,9,0,1,0.012854671939653756,0.011231137909037597
2026-0718-02-01-11-10,9,2019101643,バシレウスシチー,0.028173934210654457,2,9,0,1,0.011231137909037597,0.01444188664032562
2026-0718-02-01-11-10,10,2020102702,ストリンジェンド,0.013732047570328837,2,9,0,1,0.01444188664032562,0
2026-0718-02-01-11-11,1,2022100699,イガッチ,0.16887835346164973,1,3,1,0,0,0.003627862874882176
2026-0718-02-01-11-11,2,2020110024,ウェイワードアクト,0.16525049058676755,1,3,0,0,0.003627862874882176,0.01899995930168208
2026-0718-02-01-11-11,3,2022103614,ヒルノハンブルク,0.14625053128508547,1,3,0,0,0.01899995930168208,0.05026074753668537
2026-0718-02-01-11-11,4,2021103717,レヴォントゥレット,0.0959897837484001,2,10,0,1,0.05026074753668537,0.004073288519342577
2026-0718-02-01-11-11,5,2021102009,ラタフォレスト,0.09191649522905752,2,10,0,1,0.004073288519342577,0.00391900018927091
2026-0718-02-01-11-11,6,2022102280,チュウワクリスエス,0.08799749503978661,2,10,0,1,0.00391900018927091,0.01528229244652557
2026-0718-02-01-11-11,7,2022106925,ハグ,0.07271520259326104,2,10,0,1,0.01528229244652557,0.012026074902161843
2026-0718-02-01-11-11,8,2020106873,オウギノカナメ,0.0606891276910992,2,10,0,1,0.012026074902161843,0.019336413113856435
2026-0718-02-01-11-11,9,2018100664,ホールシバン,0.041352714577242766,2,10,0,1,0.019336413113856435,0.006256307625394572
2026-0718-02-01-11-11,10,2021103306,コトホドサヨウニ,0.035096406951848194,2,10,0,1,0.006256307625394572,0.00026096105945955933
2026-0718-02-01-11-11,11,2020100960,マーブルロック,0.034835445892388635,2,10,0,1,0.00026096105945955933,0.0034828473959906264
2026-0718-02-01-11-11,12,2021104824,アスクデビューモア,0.03135259849639801,2,10,0,1,0.0034828473959906264,0.0013864127073533981
2026-0718-02-01-11-11,13,2019101324,テーオードレフォン,0.02996618578904461,2,10,0,1,0.0013864127073533981,0
2026-0718-02-01-11-12,1,2022104440,ハーモニーソング,0.21824217733341428,1,2,1,0,0,0.024952290506551594
2026-0718-02-01-11-12,2,2023106780,ランプローグ,0.19328988682686268,1,2,0,0,0.024952290506551594,0.04270097646118784
2026-0718-02-01-11-12,3,2021105749,ルージュベルベット,0.15058891036567484,2,10,0,1,0.04270097646118784,0.007281479666054885
2026-0718-02-01-11-12,4,2023105817,バレンタインビスタ,0.14330743069961996,2,10,0,1,0.007281479666054885,0.009935570806352073
2026-0718-02-01-11-12,5,2022105858,ラミアメンテ,0.13337185989326789,2,10,0,1,0.009935570806352073,0.0068402063657004575
2026-0718-02-01-11-12,6,2023105035,メイショウハッケイ,0.12653165352756743,2,10,0,1,0.0068402063657004575,0.03228661565874756
2026-0718-02-01-11-12,7,2022105162,ルージュナリッシュ,0.09424503786881987,2,10,0,1,0.03228661565874756,0.03618248657100904
2026-0718-02-01-11-12,8,2021105715,アルバニー,0.05806255129781083,2,10,0,1,0.03618248657100904,0.010977481835354512
2026-0718-02-01-11-12,9,2022105212,エコロハート,0.047085069462456317,2,10,0,1,0.010977481835354512,0.012704519729142924
2026-0718-02-01-11-12,10,2020100759,アルマロクザン,0.03438054973331339,2,10,0,1,0.012704519729142924,0.0030054592103394492
2026-0718-02-01-11-12,11,2020101920,メラヴィリオーザ,0.03137509052297394,2,10,0,1,0.0030054592103394492,0.0032365244341322867
2026-0718-02-01-11-12,12,2021105057,オンザヴィーナス,0.028138566088841657,2,10,0,1,0.0032365244341322867,0
2026-0718-03-02-07-01,1,2024100076,シュネーバレン,0.25800837483783706,1,1,1,0,0,0.06911744944985687
2026-0718-03-02-07-01,2,2024103668,エーアイクワイ,0.1888909253879802,2,3,0,1,0.06911744944985687,0.019829061039355667
2026-0718-03-02-07-01,3,2024100265,サリードゥ,0.16906186434862452,2,3,0,1,0.019829061039355667,0.021135335784986997
2026-0718-03-02-07-01,4,2024100266,ショウナンハーヴェ,0.14792652856363753,2,3,0,1,0.021135335784986997,0.11282911133498288
2026-0718-03-02-07-01,5,2024102830,アイデアルカット,0.035097417228654636,3,8,0,0,0.11282911133498288,0.0010259143335346749
2026-0718-03-02-07-01,6,2024107347,プリンセスロッティ,0.03407150289511996,3,8,0,0,0.0010259143335346749,0.0012025990427776134
2026-0718-03-02-07-01,7,2024102434,イサチルサリーレ,0.03286890385234235,3,8,0,0,0.0012025990427776134,0.0003531362384322223
2026-0718-03-02-07-01,8,2024104351,エーオープリマ,0.032515767613910125,3,8,0,0,0.0003531362384322223,0.008560339044810333
2026-0718-03-02-07-01,9,2024107129,ウインリスノアール,0.023955428569099792,3,8,0,0,0.008560339044810333,0.007003523626045272
2026-0718-03-02-07-01,10,2024100830,アミノショコラ,0.01695190494305452,3,8,0,0,0.007003523626045272,0.007173357259289373
2026-0718-03-02-07-01,11,2024102851,オルッス,0.009778547683765147,3,8,0,0,0.007173357259289373,2.9065578258572963e-05
2026-0718-03-02-07-01,12,2024103763,ヴェットビルズ,0.009749482105506574,3,8,0,0,2.9065578258572963e-05,0
2026-0718-03-02-07-02,1,2024106124,ビップヴィーナス,0.3169587021123135,1,1,1,0,0,0.08118961244032089
2026-0718-03-02-07-02,2,2024100178,サノノキセキ,0.2357690896719926,2,1,0,1,0.08118961244032089,0.1137950579132921
2026-0718-03-02-07-02,3,2024104102,ウィナーズチェック,0.12197403175870049,3,7,0,0,0.1137950579132921,0.02517569149994245
2026-0718-03-02-07-02,4,2024101268,カペラテソーロ,0.09679834025875804,3,7,0,0,0.02517569149994245,0.005822910337736381
2026-0718-03-02-07-02,5,2024106239,スクリプトール,0.09097542992102166,3,7,0,0,0.005822910337736381,0.010840587708178834
2026-0718-03-02-07-02,6,2024105723,フレンデル,0.08013484221284282,3,7,0,0,0.010840587708178834,0.03847411288334657
2026-0718-03-02-07-02,7,2024105993,ファウナード,0.04166072932949626,3,7,0,0,0.03847411288334657,0.018734041727743896
2026-0718-03-02-07-02,8,2024101791,レディレックス,0.02292668760175236,3,7,0,0,0.018734041727743896,0.01053547145403542
2026-0718-03-02-07-02,9,2024107256,ティアラスピリット,0.012391216147716941,3,7,0,0,0.01053547145403542,0
2026-0718-03-02-07-03,1,2023102122,ハングローズ,0.22835435058590145,1,2,1,0,0,0.026864179821872197
2026-0718-03-02-07-03,2,2023106658,ニンジャトットリ,0.20149017076402925,1,2,0,0,0.026864179821872197,0.1354329186646604
2026-0718-03-02-07-03,3,2023107346,ゲンテン,0.06605725209936884,2,14,0,1,0.1354329186646604,0.0031594131403228504
2026-0718-03-02-07-03,4,2023100888,セントリアン,0.06289783895904599,2,14,0,1,0.0031594131403228504,0.025499499028516885
2026-0718-03-02-07-03,5,2023102157,イデアジュアンイハ,0.03739833993052911,2,14,0,1,0.025499499028516885,0.01259000958534916
2026-0718-03-02-07-03,6,2023105579,エクスペクタント,0.024808330345179947,2,14,0,1,0.01259000958534916,0.004778175700981949
2026-0718-03-02-07-03,7,2023103225,グラデュエール,0.020030154644198,2,14,0,1,0.004778175700981949,3.677370819484688e-05
2026-0718-03-02-07-03,8,2023102594,ジャガーライズ,0.01999338093600315,2,14,0,1,3.677370819484688e-05,0.002219034484482879
2026-0718-03-02-07-03,9,2023102869,サクラボーベル,0.017774346451520272,2,14,0,1,0.002219034484482879,0.0016230093204423375
2026-0718-03-02-07-03,10,2023102159,テルケンレンタッチ,0.016151337131077935,2,14,0,1,0.0016230093204423375,0.00017212326521356958
2026-0718-03-02-07-03,11,2023103299,ヌビアン,0.015979213865864365,2,14,0,1,0.00017212326521356958,0.0008114482460570473
2026-0718-03-02-07-03,12,2023106317,レーヴルーバ,0.015167765619807318,2,14,0,1,0.0008114482460570473,0.00471891831232709
2026-0718-03-02-07-03,13,2023102345,ライブリピュア,0.010448847307480228,2,14,0,1,0.00471891831232709,0.0005537193734086645
2026-0718-03-02-07-03,14,2023109055,プリンセスダーコ,0.009895127934071563,2,14,0,1,0.0005537193734086645,0.002399685404454837
2026-0718-03-02-07-03,15,2023105251,アンセートゥモダン,0.007495442529616726,2,14,0,1,0.002399685404454837,0.0007294930593293187
2026-0718-03-02-07-03,16,2023106330,ジーティーフクフク,0.006765949470287407,2,14,0,1,0.0007294930593293187,0
2026-0718-03-02-07-04,1,2023104425,リーデレクオーレ,0.22052147766155686,1,16,1,0,0,0.02105947472844505
2026-0718-03-02-07-04,2,2023100734,ウインドオブヘヴン,0.1994620029331118,1,16,0,0,0.02105947472844505,0.017179609113366856
2026-0718-03-02-07-04,3,2023107310,ハイティー,0.18228239381974495,1,16,0,0,0.017179609113366856,0.014129466469215812
2026-0718-03-02-07-04,4,2023105688,オンナキュヌヴィ,0.16815292735052914,1,16,0,0,0.014129466469215812,0.0020890559705680767
2026-0718-03-02-07-04,5,2023106299,ダイユウルミナス,0.16606387137996106,1,16,0,0,0.0020890559705680767,0.04148168068405349
2026-0718-03-02-07-04,6,2023105751,ラウンドヒル,0.12458219069590758,1,16,0,0,0.04148168068405349,0.029411666878005574
2026-0718-03-02-07-04,7,2023106807,バランソワール,0.095170523817902,1,16,0,0,0.029411666878005574,0.01696176419371348
2026-0718-03-02-07-04,8,2023106471,マイネルヴェーゼン,0.07820875962418852,1,16,0,0,0.01696176419371348,0.01798454250149356
2026-0718-03-02-07-04,9,2023104484,エンジェルサン,0.06022421712269496,1,16,0,0,0.01798454250149356,0.027506073997039672
2026-0718-03-02-07-04,10,2023105744,シエラモレーナ,0.03271814312565529,1,16,0,0,0.027506073997039672,0.009708282316986498
2026-0718-03-02-07-04,11,2023107145,ジーティートゥーリ,0.02300986080866879,1,16,0,0,0.009708282316986498,0.001136408773703277
2026-0718-03-02-07-04,12,2023101448,スラッシュコード,0.021873452034965515,1,16,0,0,0.001136408773703277,0.00635339385452708
2026-0718-03-02-07-04,13,2023102433,レレリオーナ,0.015520058180438435,1,16,0,0,0.00635339385452708,3.570883642195141e-05
2026-0718-03-02-07-04,14,2023103161,エメラルファイン,0.015484349344016483,1,16,0,0,3.570883642195141e-05,0.007959331560847865
2026-0718-03-02-07-04,15,2023102266,フロステリオン,0.007525017783168619,1,16,0,0,0.007959331560847865,0.0007563497640551923
2026-0718-03-02-07-04,16,2023104550,ココニーナ,0.006768668019113426,1,16,0,0,0.0007563497640551923,0
2026-0718-03-02-07-05,1,2024106184,サウンズオーサム,0.05870065534207089,1,15,1,0,0,0.0
2026-0718-03-02-07-05,2,2024103198,シルクドマルス,0.05870065534207089,1,15,0,0,0.0,0.0
2026-0718-03-02-07-05,3,2024102322,フェリシタル,0.05870065534207089,1,15,0,0,0.0,0.0
2026-0718-03-02-07-05,4,2024103614,コスモモノポリー,0.05870065534207089,1,15,0,0,0.0,0.0
2026-0718-03-02-07-05,5,2024100518,デルマキタカミ,0.05870065534207089,1,15,0,0,0.0,0.0
2026-0718-03-02-07-05,6,2024106403,ラッパースヴィル,0.05870065534207089,1,15,0,0,0.0,0.0
2026-0718-03-02-07-05,7,2024101224,モンサンアミュザン,0.05870065534207089,1,15,0,0,0.0,0.0
2026-0718-03-02-07-05,8,2024103638,マスターボリューム,0.05870065534207089,1,15,0,0,0.0,0.0
2026-0718-03-02-07-05,9,2024106232,マリナーヴァレイ,0.05870065534207089,1,15,0,0,0.0,0.0
2026-0718-03-02-07-05,10,2024106782,サンプラザマツモト,0.05870065534207089,1,15,0,0,0.0,0.0
2026-0718-03-02-07-05,11,2024103583,クレイターレイク,0.05870065534207089,1,15,0,0,0.0,0.0
2026-0718-03-02-07-05,12,2024100813,フランベリー,0.05870065534207089,1,15,0,0,0.0,0.0
2026-0718-03-02-07-05,13,2024106056,ドナリー,0.05870065534207089,1,15,0,0,0.0,0.0
2026-0718-03-02-07-05,14,2024105882,ウイニングレイ,0.05870065534207089,1,15,0,0,0.0,0.0
2026-0718-03-02-07-05,15,2024103938,ニシノキフジン,0.05870065534207089,1,15,0,0,0.0,0
2026-0718-03-02-07-06,1,2023104105,テンオンスゴールド,0.2691365096072367,1,2,1,0,0,0.0267409585061551
2026-0718-03-02-07-06,2,2023105753,アデルフィー,0.24239555110108157,1,2,0,0,0.0267409585061551,0.043830781012610814
2026-0718-03-02-07-06,3,2023105439,カシマライフウ,0.19856477008847076,2,2,0,1,0.043830781012610814,0.03384706207323457
2026-0718-03-02-07-06,4,2023102398,アラビアンドリーム,0.1647177080152362,2,2,0,1,0.03384706207323457,0.07706918171753112
2026-0718-03-02-07-06,5,2023103555,オートカリテ,0.08764852629770507,3,11,0,0,0.07706918171753112,0.008077360981211992
2026-0718-03-02-07-06,6,2023102167,スクイーズアウト,0.07957116531649308,3,11,0,0,0.008077360981211992,0.0018775660361664143
2026-0718-03-02-07-06,7,2023101578,コパノミラノ,0.07769359928032667,3,11,0,0,0.0018775660361664143,0.03280482426778925
2026-0718-03-02-07-06,8,2023106233,ナムラドガ,0.044888775012537414,3,11,0,0,0.03280482426778925,0.007723696423012426
2026-0718-03-02-07-06,9,2023106853,ベイツリー,0.03716507858952499,3,11,0,0,0.007723696423012426,0.0038934939447440448
2026-0718-03-02-07-06,10,2023104285,ティンバーライン,0.033271584644780944,3,11,0,0,0.0038934939447440448,0.010391420342766085
2026-0718-03-02-07-06,11,2023103915,オーパパ,0.02288016430201486,3,11,0,0,0.010391420342766085,0.0044280519954586275
2026-0718-03-02-07-06,12,2023106686,エッジランナー,0.01845211230655623,3,11,0,0,0.0044280519954586275,0.0019215425945581163
2026-0718-03-02-07-06,13,2023102804,サンタピア,0.016530569711998115,3,11,0,0,0.0019215425945581163,0.0027602860243460085
2026-0718-03-02-07-06,14,2023109056,カミノテイオー,0.013770283687652107,3,11,0,0,0.0027602860243460085,0.003778624324311768
2026-0718-03-02-07-06,15,2023104265,サツキジュエル,0.009991659363340339,3,11,0,0,0.003778624324311768,0
2026-0718-03-02-07-07,1,2023101076,ベアダイヤモンド,0.2765716885269119,1,1,1,0,0,0.09552784828466587
2026-0718-03-02-07-07,2,2023105552,ベルトラッキ,0.181043840242246,2,15,0,1,0.09552784828466587,0.0340465004077492
2026-0718-03-02-07-07,3,2023107360,アッシズオブローズ,0.1469973398344968,2,15,0,1,0.0340465004077492,0.03469870798440021
2026-0718-03-02-07-07,4,2023103447,セキテイリノ,0.1122986318500966,2,15,0,1,0.03469870798440021,0.022973993828263567
2026-0718-03-02-07-07,5,2023102362,ブライトエアリー,0.08932463802183303,2,15,0,1,0.022973993828263567,0.0020065964138526182
2026-0718-03-02-07-07,6,2023102799,スチールギターラグ,0.08731804160798042,2,15,0,1,0.0020065964138526182,0.005739901761334348
2026-0718-03-02-07-07,7,2023110024,モンドシュピーゲル,0.08157813984664607,2,15,0,1,0.005739901761334348,0.0038898306309586156
2026-0718-03-02-07-07,8,2023110019,ラッキースウィッチ,0.07768830921568745,2,15,0,1,0.0038898306309586156,0.005296156650566722
2026-0718-03-02-07-07,9,2023106182,サヴマ,0.07239215256512073,2,15,0,1,0.005296156650566722,0.009812659724873732
2026-0718-03-02-07-07,10,2023106422,マイネルオラクル,0.062579492840247,2,15,0,1,0.009812659724873732,0.01025255286658306
2026-0718-03-02-07-07,11,2023103583,シーサンタナ,0.05232693997366394,2,15,0,1,0.01025255286658306,0.008202812520141468
2026-0718-03-02-07-07,12,2023104485,マイネルリーヒム,0.04412412745352247,2,15,0,1,0.008202812520141468,0.00935456757069044
2026-0718-03-02-07-07,13,2023106146,エコロゼット,0.03476955988283203,2,15,0,1,0.00935456757069044,0.01492848713310575
2026-0718-03-02-07-07,14,2023100529,タッカーヴァンバン,0.01984107274972628,2,15,0,1,0.01492848713310575,0.0111130147335373
2026-0718-03-02-07-07,15,2023100512,ノアソノマ,0.00872805801618898,2,15,0,1,0.0111130147335373,0.0020773862749514146
2026-0718-03-02-07-07,16,2023107274,ケファロニア,0.006650671741237565,2,15,0,1,0.0020773862749514146,0
2026-0718-03-02-07-08,1,2023104521,サムハラ,0.1599957235088642,1,15,1,0,0,0.01767111422126663
2026-0718-03-02-07-08,2,2023104650,ブルズアイプリンス,0.14232460928759758,1,15,0,0,0.01767111422126663,0.042431816129250885
2026-0718-03-02-07-08,3,2022105996,ルシェロアズーリ,0.09989279315834669,1,15,0,0,0.042431816129250885,0.014926134052321655
2026-0718-03-02-07-08,4,2022104757,コルチェスター,0.08496665910602504,1,15,0,0,0.014926134052321655,0.003879568939955544
2026-0718-03-02-07-08,5,2021105956,ロンドンアームズ,0.08108709016606949,1,15,0,0,0.003879568939955544,0.005877310558293006
2026-0718-03-02-07-08,6,2023103037,コパノトーマス,0.07520977960777649,1,15,0,0,0.005877310558293006,0.004650327152741537
2026-0718-03-02-07-08,7,2023106405,コックオーヴァン,0.07055945245503495,1,15,0,0,0.004650327152741537,0.01821582419533202
2026-0718-03-02-07-08,8,2022106221,ウインイルネージュ,0.05234362825970293,1,15,0,0,0.01821582419533202,0.012043681675753981
2026-0718-03-02-07-08,9,2020103121,ダノンゴーイチ,0.04029994658394895,1,15,0,0,0.012043681675753981,0.011130642739254834
2026-0718-03-02-07-08,10,2023100728,リネンタイリン,0.029169303844694114,1,15,0,0,0.011130642739254834,0.0033342254795297767
2026-0718-03-02-07-08,11,2022102465,ブライティアブーケ,0.025835078365164337,1,15,0,0,0.0033342254795297767,0.010654513980017578
2026-0718-03-02-07-08,12,2021106419,ココボロ,0.015180564385146759,1,15,0,0,0.010654513980017578,0.000421941352029229
2026-0718-03-02-07-08,13,2021106118,シークレットイスラ,0.01475862303311753,1,15,0,0,0.000421941352029229,0.002052485422668152
2026-0718-03-02-07-08,14,2022105000,ミセスリリー,0.012706137610449378,1,15,0,0,0.002052485422668152,0.0011899207280084926
2026-0718-03-02-07-08,15,2021103440,サトノセレナーデ,0.011516216882440885,1,15,0,0,0.0011899207280084926,0
2026-0718-03-02-07-09,1,2023100237,オブラプリーマ,0.10838133082832359,1,12,1,0,0,0.005413228493627215
2026-0718-03-02-07-09,2,2023106079,ノリマル,0.10296810233469637,1,12,0,0,0.005413228493627215,0.007087017505033363
2026-0718-03-02-07-09,3,2023105571,ドリームプレミア,0.09588108482966301,1,12,0,0,0.007087017505033363,0.027490797804589698
2026-0718-03-02-07-09,4,2023107275,パッセージピーク,0.06839028702507331,1,12,0,0,0.027490797804589698,0.008351137164038888
2026-0718-03-02-07-09,5,2023105259,リュクスパトロール,0.060039149861034424,1,12,0,0,0.008351137164038888,0.00013052243918698636
2026-0718-03-02-07-09,6,2022104930,ビリングス,0.05990862742184744,1,12,0,0,0.00013052243918698636,0.004066899279366008
2026-0718-03-02-07-09,7,2022105292,オメガストリーム,0.05584172814248143,1,12,0,0,0.004066899279366008,0.012127592364936324
2026-0718-03-02-07-09,8,2022106770,マイネルボス,0.043714135777545106,1,12,0,0,0.012127592364936324,0.012063456551442975
2026-0718-03-02-07-09,9,2021104927,リリエンフェルト,0.03165067922610213,1,12,0,0,0.012063456551442975,0.002508189183722826
2026-0718-03-02-07-09,10,2021101088,テイキットイージー,0.029142490042379305,1,12,0,0,0.002508189183722826,0.00875297473856006
2026-0718-03-02-07-09,11,2021103578,ビーンスターク,0.020389515303819244,1,12,0,0,0.00875297473856006,0.00917182274104703
2026-0718-03-02-07-09,12,2022105116,マーキュリーダイム,0.011217692562772214,1,12,0,0,0.00917182274104703,0
2026-0718-03-02-07-10,1,2022101716,ピコシー,0.08157551785665408,1,15,1,0,0,0.012537252832786089
2026-0718-03-02-07-10,2,2022104608,グロスビーク,0.06903826502386799,1,15,0,0,0.012537252832786089,0.00039555090411939886
2026-0718-03-02-07-10,3,2022104897,レッドベルダンス,0.0686427141197486,1,15,0,0,0.00039555090411939886,0.003077791730203727
2026-0718-03-02-07-10,4,2022105610,ウインハルモニア,0.06556492238954487,1,15,0,0,0.003077791730203727,0.0018589385884224957
2026-0718-03-02-07-10,5,2022106328,モリノアミーゴ,0.06370598380112237,1,15,0,0,0.0018589385884224957,0.008433658288622664
2026-0718-03-02-07-10,6,2021104868,フリーマントル,0.055272325512499706,1,15,0,0,0.008433658288622664,0.005459548298300428
2026-0718-03-02-07-10,7,2022103518,リラゲイル,0.04981277721419928,1,15,0,0,0.005459548298300428,0.0008659496127275887
2026-0718-03-02-07-10,8,2022100333,タケルハーロック,0.04894682760147169,1,15,0,0,0.0008659496127275887,0.0023859213371360197
2026-0718-03-02-07-10,9,2022106893,ホープエトワール,0.04656090626433567,1,15,0,0,0.0023859213371360197,0.008492194719905047
2026-0718-03-02-07-10,10,2022100432,オーケーマヒナ,0.038068711544430624,1,15,0,0,0.008492194719905047,0.00452622906552403
2026-0718-03-02-07-10,11,2021101449,ライジンマル,0.03354248247890659,1,15,0,0,0.00452622906552403,0.00855142843339399
2026-0718-03-02-07-10,12,2021103000,ヴァルドルチャ,0.024991054045512603,1,15,0,0,0.00855142843339399,0.004694645044936625
2026-0718-03-02-07-10,13,2022102691,マナエトレ,0.020296409000575978,1,15,0,0,0.004694645044936625,0.007793560254339868
2026-0718-03-02-07-10,14,2021103588,グラスブランシュ,0.01250284874623611,1,15,0,0,0.007793560254339868,0.00020641957201919178
2026-0718-03-02-07-10,15,2018103473,サヴァビアン,0.012296429174216918,1,15,0,0,0.00020641957201919178,0
2026-0718-03-02-07-11,1,2021105859,フォルラニーニ,0.1451136456308943,1,16,1,0,0,0.03822777463028802
2026-0718-03-02-07-11,2,2022106793,コスモアンソロジー,0.10688587100060627,1,16,0,0,0.03822777463028802,0.026469373782492214
2026-0718-03-02-07-11,3,2022101227,ヴォンフレ,0.08041649721811406,1,16,0,0,0.026469373782492214,0.01129491403354585
2026-0718-03-02-07-11,4,2021105105,ミラビリスマジック,0.06912158318456821,1,16,0,0,0.01129491403354585,0.020389893544733077
2026-0718-03-02-07-11,5,2020106811,タイキラフター,0.04873168963983513,1,16,0,0,0.020389893544733077,0.016185100895403343
2026-0718-03-02-07-11,6,2020100495,ドラゴンヘッド,0.03254658874443179,1,16,0,0,0.016185100895403343,0.0019565508541303338
2026-0718-03-02-07-11,7,2021104189,テリオスサラ,0.030590037890301455,1,16,0,0,0.0019565508541303338,0.00023016680808018303
2026-0718-03-02-07-11,8,2022100201,コンドゥイア,0.03035987108222127,1,16,0,0,0.00023016680808018303,0.0033918404027939615
2026-0718-03-02-07-11,9,2020103928,ホウオウスーペリア,0.02696803067942731,1,16,0,0,0.0033918404027939615,0.0005639990394741938
2026-0718-03-02-07-11,10,2018106154,エスコバル,0.026404031639953116,1,16,0,0,0.0005639990394741938,6.717550675112982e-06
2026-0718-03-02-07-11,11,2022105696,サヴォンリンナ,0.026397314089278003,1,16,0,0,6.717550675112982e-06,0.0013775823172306363
2026-0718-03-02-07-11,12,2020100810,グラニット,0.025019731772047367,1,16,0,0,0.0013775823172306363,0.0010531862598304846
2026-0718-03-02-07-11,13,2020104550,ワイドアラジン,0.023966545512216882,1,16,0,0,0.0010531862598304846,0.004027035034434415
2026-0718-03-02-07-11,14,2020100809,アマイ,0.019939510477782467,1,16,0,0,0.004027035034434415,0.00265830398300259
2026-0718-03-02-07-11,15,2020105217,ウインオーディン,0.017281206494779877,1,16,0,0,0.00265830398300259,0.003201376548588715
2026-0718-03-02-07-11,16,2021105601,ショーマンフリート,0.014079829946191162,1,16,0,0,0.003201376548588715,0
2026-0718-03-02-07-12,1,2023105083,ベルゼビュート,0.2757834711561649,1,1,1,0,0,0.07481000340103067
2026-0718-03-02-07-12,2,2023100955,ソニックブレイカー,0.20097346775513425,2,2,0,1,0.07481000340103067,0.008271145886585535
2026-0718-03-02-07-12,3,2023101112,ロイヤルスパイア,0.19270232186854871,2,2,0,1,0.008271145886585535,0.10438781711496241
2026-0718-03-02-07-12,4,2023100633,アイアンナックル,0.0883145047535863,3,13,0,0,0.10438781711496241,0.005681795101022749
2026-0718-03-02-07-12,5,2021102784,ノアスペシャル,0.08263270965256356,3,13,0,0,0.005681795101022749,0.011254866019979895
2026-0718-03-02-07-12,6,2023100479,ディヴァインスカイ,0.07137784363258366,3,13,0,0,0.011254866019979895,0.013594220197749488
2026-0718-03-02-07-12,7,2022110126,エコロカディス,0.057783623434834175,3,13,0,0,0.013594220197749488,0.004375003796632859
2026-0718-03-02-07-12,8,2023101039,ベアアッコチャン,0.053408619638201316,3,13,0,0,0.004375003796632859,0.00624209821684274
2026-0718-03-02-07-12,9,2023102235,トワイライトサイト,0.047166521421358576,3,13,0,0,0.00624209821684274,0.017114257193334443
2026-0718-03-02-07-12,10,2023101146,アンプイットアップ,0.030052264228024133,3,13,0,0,0.017114257193334443,0.0038901337267353113
2026-0718-03-02-07-12,11,2022106926,ナインオブレター,0.02616213050128882,3,13,0,0,0.0038901337267353113,0.005737003051617503
2026-0718-03-02-07-12,12,2023103085,トリスティ,0.02042512744967132,3,13,0,0,0.005737003051617503,0.000856522699923104
2026-0718-03-02-07-12,13,2021100568,ロックオブソシジ,0.019568604749748215,3,13,0,0,0.000856522699923104,0.004747762232128345
2026-0718-03-02-07-12,14,2020104617,ブルーリヴァーサル,0.01482084251761987,3,13,0,0,0.004747762232128345,0.0014288529506308826
2026-0718-03-02-07-12,15,2020104291,ベリーベリーベリー,0.013391989566988987,3,13,0,0,0.0014288529506308826,0.0072285375783549
2026-0718-03-02-07-12,16,2021103135,マナマカナ,0.006163451988634087,3,13,0,0,0.0072285375783549,0
2026-0718-10-02-07-01,1,2021105646,タイセイレスポンス,0.18580293315996085,1,1,1,0,0,0.07219930178509933
2026-0718-10-02-07-01,2,2020100233,セイウンパシュート,0.11360363137486153,2,11,0,1,0.07219930178509933,0.008017169582588704
2026-0718-10-02-07-01,3,2021110065,メイショウトム,0.10558646179227282,2,11,0,1,0.008017169582588704,0.01067230933260939
2026-0718-10-02-07-01,4,2019100628,トゥデイイズザデイ,0.09491415245966343,2,11,0,1,0.01067230933260939,0.0065572407692458395
2026-0718-10-02-07-01,5,2019105759,フジフォンテ,0.0883569116904176,2,11,0,1,0.0065572407692458395,0.00868590844768978
2026-0718-10-02-07-01,6,2022101461,セイフウサツキ,0.07967100324272781,2,11,0,1,0.00868590844768978,0.008232605097939813
2026-0718-10-02-07-01,7,2022103528,ホウオウスターツ,0.071438398144788,2,11,0,1,0.008232605097939813,0.030305501419810255
2026-0718-10-02-07-01,8,2021106561,コイヌール,0.04113289672497775,2,11,0,1,0.030305501419810255,0.0062748351142986394
2026-0718-10-02-07-01,9,2022102738,エーオーキング,0.03485806161067911,2,11,0,1,0.0062748351142986394,0.010698846987447289
2026-0718-10-02-07-01,10,2021107224,アドアプローズ,0.02415921462323182,2,11,0,1,0.010698846987447289,0.011302894533501721
2026-0718-10-02-07-01,11,2022110139,アスクアットバット,0.012856320089730098,2,11,0,1,0.011302894533501721,0.0008708729306404241
2026-0718-10-02-07-01,12,2023103189,スラッシュ,0.011985447159089673,2,11,0,1,0.0008708729306404241,0
2026-0718-10-02-07-02,1,2024103936,ニシノフランケン,0.23961072202773717,1,1,1,0,0,0.12309486360205302
2026-0718-10-02-07-02,2,2024106674,ブレイクガール,0.11651585842568415,2,10,0,1,0.12309486360205302,0.023029007106817434
2026-0718-10-02-07-02,3,2024103516,アシャカブラーヴ,0.09348685131886672,2,10,0,1,0.023029007106817434,0.02498971382724574
2026-0718-10-02-07-02,4,2024104857,パーセンタイル,0.06849713749162098,2,10,0,1,0.02498971382724574,0.0022518495474707217
2026-0718-10-02-07-02,5,2024100190,プリマアルバ,0.06624528794415026,2,10,0,1,0.0022518495474707217,0.010001122748497591
2026-0718-10-02-07-02,6,2024108020,ドナズエクリプス,0.056244165195652666,2,10,0,1,0.010001122748497591,0.005582812745334155
2026-0718-10-02-07-02,7,2024105823,スピークロウ,0.05066135245031851,2,10,0,1,0.005582812745334155,0.013248600140510991
2026-0718-10-02-07-02,8,2024103554,プリメラエストレラ,0.03741275230980752,2,10,0,1,0.013248600140510991,0.008524445256144327
2026-0718-10-02-07-02,9,2024106922,フランヴィア,0.028888307053663194,2,10,0,1,0.008524445256144327,0.005878771503571453
2026-0718-10-02-07-02,10,2024104426,イザベル,0.02300953555009174,2,10,0,1,0.005878771503571453,0.012733210477093802
2026-0718-10-02-07-02,11,2024105099,アイルエクラ,0.010276325072997939,2,10,0,1,0.012733210477093802,0
2026-0718-10-02-07-03,1,2023104328,アルムアポジェ,0.22387849823399045,1,3,1,0,0,0.039543065678491945
2026-0718-10-02-07-03,2,2023103746,メイワキラリ,0.1843354325554985,1,3,0,0,0.039543065678491945,0.015791356650154992
2026-0718-10-02-07-03,3,2023107009,サトノロザリー,0.1685440759053435,1,3,0,0,0.015791356650154992,0.05894337469595583
2026-0718-10-02-07-03,4,2023104999,メイショウマドンナ,0.10960070120938768,2,1,0,1,0.05894337469595583,0.052030429897187425
2026-0718-10-02-07-03,5,2023100309,ハーブドーレ,0.05757027131220026,3,10,0,0,0.052030429897187425,0.009686348371103201
2026-0718-10-02-07-03,6,2023106662,シュタルク,0.04788392294109706,3,10,0,0,0.009686348371103201,5.6496503262767894e-05
2026-0718-10-02-07-03,7,2023101439,アルウラメファ,0.04782742643783429,3,10,0,0,5.6496503262767894e-05,0.01956951097490184
2026-0718-10-02-07-03,8,2023101523,モズオサキニ,0.028257915462932447,3,10,0,0,0.01956951097490184,0.011610797214594282
2026-0718-10-02-07-03,9,2023107503,ワカワカ,0.016647118248338165,3,10,0,0,0.011610797214594282,0.0008134852653324809
2026-0718-10-02-07-03,10,2023103285,ディアデムドール,0.015833632983005684,3,10,0,0,0.0008134852653324809,0.0001833870339392682
2026-0718-10-02-07-03,11,2023102020,ノボリスマイル,0.015650245949066416,3,10,0,0,0.0001833870339392682,0.00013905626824312414
2026-0718-10-02-07-03,12,2023104982,トラステッド,0.015511189680823292,3,10,0,0,0.00013905626824312414,0.003301902575069071
2026-0718-10-02-07-03,13,2023104930,スズカローズキング,0.01220928710575422,3,10,0,0,0.003301902575069071,0.002377213290473688
2026-0718-10-02-07-03,14,2023106572,メイショウボンテン,0.009832073815280533,3,10,0,0,0.002377213290473688,0
2026-0718-10-02-07-04,1,2020103446,スマイルスルー,0.33745739537096925,1,1,1,0,0,0.13462189121497808
2026-0718-10-02-07-04,2,2017105248,オールザワールド,0.20283550415599116,2,6,0,1,0.13462189121497808,0.030339107427628548
2026-0718-10-02-07-04,3,2021104924,コンテナワールド,0.17249639672836262,2,6,0,1,0.030339107427628548,0.02174472730433616
2026-0718-10-02-07-04,4,2019100641,アトラクティーボ,0.15075166942402646,2,6,0,1,0.02174472730433616,0.01997038096147835
2026-0718-10-02-07-04,5,2020106836,マテンロウジョイ,0.1307812884625481,2,6,0,1,0.01997038096147835,0.007647894665839192
2026-0718-10-02-07-04,6,2020103173,トーアモルペウス,0.12313339379670891,2,6,0,1,0.007647894665839192,0.028353591547213647
2026-0718-10-02-07-04,7,2021103504,スノーディーヴァ,0.09477980224949527,2,6,0,1,0.028353591547213647,0.044539770308667716
2026-0718-10-02-07-04,8,2019105292,ヴァレッタカズマ,0.05024003194082755,3,1,0,0,0.044539770308667716,0
2026-0718-10-02-07-05,1,2024103547,ウインガラハッド,0.12609681926110367,1,7,1,0,0,0.0
2026-0718-10-02-07-05,2,2024101174,タナコクシテンホウ,0.12609681926110367,1,7,0,0,0.0,0.0
2026-0718-10-02-07-05,3,2024105994,ハマナスノサクコロ,0.12609681926110367,1,7,0,0,0.0,0.0
2026-0718-10-02-07-05,4,2024101724,キシュウマミー,0.12609681926110367,1,7,0,0,0.0,0.0
2026-0718-10-02-07-05,5,2024103699,ナムラメアリー,0.12609681926110367,1,7,0,0,0.0,0.0
2026-0718-10-02-07-05,6,2024102979,マルモタワー,0.12609681926110367,1,7,0,0,0.0,0.0
2026-0718-10-02-07-05,7,2024105799,リヴィエラヴィル,0.12609681926110367,1,7,0,0,0.0,0
2026-0718-10-02-07-06,1,2023103163,キープシャイニング,0.1850220770644852,1,2,1,0,0,0.02875346000456766
2026-0718-10-02-07-06,2,2023105124,キングズテイル,0.15626861705991754,1,2,0,0,0.02875346000456766,0.04962809760488672
2026-0718-10-02-07-06,3,2023107472,ムソウテンセイ,0.10664051945503082,2,10,0,1,0.04962809760488672,0.001444287057293464
2026-0718-10-02-07-06,4,2023101848,ジューンマーチ,0.10519623239773736,2,10,0,1,0.001444287057293464,0.03392773321305341
2026-0718-10-02-07-06,5,2023104282,ハクアイタワー,0.07126849918468395,2,10,0,1,0.03392773321305341,0.0008805949578044175
2026-0718-10-02-07-06,6,2023103156,ラクホマレ,0.07038790422687953,2,10,0,1,0.0008805949578044175,0.02550720745282488
2026-0718-10-02-07-06,7,2023105215,リテラシー,0.04488069677405465,2,10,0,1,0.02550720745282488,0.017196310216006015
2026-0718-10-02-07-06,8,2023102763,ルクスドリーム,0.027684386558048637,2,10,0,1,0.017196310216006015,0.0031989967821193996
2026-0718-10-02-07-06,9,2023104605,ゼンノゾンターク,0.024485389775929237,2,10,0,1,0.0031989967821193996,0.001985737321792653
2026-0718-10-02-07-06,10,2023100984,コカボムショット,0.022499652454136584,2,10,0,1,0.001985737321792653,0.0035224981876971866
2026-0718-10-02-07-06,11,2023107495,サンマルマニック,0.018977154266439398,2,10,0,1,0.0035224981876971866,0.006923308669709366
2026-0718-10-02-07-06,12,2023101605,ダイメイミラクル,0.012053845596730032,2,10,0,1,0.006923308669709366,0
2026-0718-10-02-07-07,1,2023107309,ジリアート,0.14469073062548352,1,14,1,0,0,0.00911777508342751
2026-0718-10-02-07-07,2,2023103488,シュプリームレルム,0.135572955542056,1,14,0,0,0.00911777508342751,0.008308520363584676
2026-0718-10-02-07-07,3,2023101097,ゴールデンテティス,0.12726443517847133,1,14,0,0,0.008308520363584676,0.026915265708982727
2026-0718-10-02-07-07,4,2023103639,ネッカーズルム,0.1003491694694886,1,14,0,0,0.026915265708982727,0.012094847372386364
2026-0718-10-02-07-07,5,2023105494,エイシンミスリル,0.08825432209710224,1,14,0,0,0.012094847372386364,0.03601563832559782
2026-0718-10-02-07-07,6,2023105119,クラリノ,0.05223868377150442,1,14,0,0,0.03601563832559782,0.0029890427151873997
2026-0718-10-02-07-07,7,2023105075,ワンダーリュクス,0.04924964105631702,1,14,0,0,0.0029890427151873997,0.013054989786940072
2026-0718-10-02-07-07,8,2023107543,チヨ,0.036194651269376946,1,14,0,0,0.013054989786940072,0.0004671337527167932
2026-0718-10-02-07-07,9,2023105979,ジージージェット,0.03572751751666015,1,14,0,0,0.0004671337527167932,0.0051652385767821905
2026-0718-10-02-07-07,10,2023102067,メイショウツキヨ,0.030562278939877962,1,14,0,0,0.0051652385767821905,0.01471864450221794
2026-0718-10-02-07-07,11,2023100339,ヒロウッドテール,0.01584363443766002,1,14,0,0,0.01471864450221794,0.005502635841021805
2026-0718-10-02-07-07,12,2023101152,ムーヴザニードル,0.010340998596638217,1,14,0,0,0.005502635841021805,0.0020683136710957888
2026-0718-10-02-07-07,13,2023100931,サンライズマシュー,0.008272684925542428,1,14,0,0,0.0020683136710957888,0.0005943437057169838
2026-0718-10-02-07-07,14,2023105086,アマノガワギンガ,0.007678341219825444,1,14,0,0,0.0005943437057169838,0
2026-0718-10-02-07-08,1,2023106941,ノンブルドール,0.3309553289951795,1,2,1,0,0,0.030700335814718427
2026-0718-10-02-07-08,2,2023104552,フウセン,0.30025499318046106,1,2,0,0,0.030700335814718427,0.055833426513952594
2026-0718-10-02-07-08,3,2023103737,ワンダフルボンド,0.24442156666650847,2,2,0,1,0.055833426513952594,0.03524054229447282
2026-0718-10-02-07-08,4,2021105113,ダノンアトラス,0.20918102437203565,2,2,0,1,0.03524054229447282,0.08417729043538805
2026-0718-10-02-07-08,5,2023107101,ダノンハドソン,0.1250037339366476,3,6,0,0,0.08417729043538805,0.007444462285269515
2026-0718-10-02-07-08,6,2020102736,ビヨンドザドリーム,0.11755927165137808,3,6,0,0,0.007444462285269515,0.0054550857140658465
2026-0718-10-02-07-08,7,2023106392,パラディオン,0.11210418593731224,3,6,0,0,0.0054550857140658465,0.041223005948804764
2026-0718-10-02-07-08,8,2023104506,ゴールドアクセス,0.07088117998850747,3,6,0,0,0.041223005948804764,0.04126123494126854
2026-0718-10-02-07-08,9,2022102312,スリーラーケン,0.029619945047238933,3,6,0,0,0.04126123494126854,0.01338933621495263
2026-0718-10-02-07-08,10,2021105274,サイレントグルーヴ,0.016230608832286303,3,6,0,0,0.01338933621495263,0
2026-0718-10-02-07-09,1,2024109104,カエリールークス,0.10424931552456135,1,18,1,0,0,0.016432252946757334
2026-0718-10-02-07-09,2,2024109107,リエーヴェ,0.08781706257780401,1,18,0,0,0.016432252946757334,0.005073975125246752
2026-0718-10-02-07-09,3,2024108115,トシミチ,0.08274308745255726,1,18,0,0,0.005073975125246752,0.03003418433332044
2026-0718-10-02-07-09,4,2024108118,スイトーヨ,0.05270890311923682,1,18,0,0,0.03003418433332044,0.0019177093848933915
2026-0718-10-02-07-09,5,2024108116,バミューダボーイ,0.05079119373434343,1,18,0,0,0.0019177093848933915,0.0
2026-0718-10-02-07-09,6,2024108122,タカヨシ,0.05079119373434343,1,18,0,0,0.0,0.006009506132304117
2026-0718-10-02-07-09,7,2024108089,ニシノキヅイタラ,0.044781687602039315,1,18,0,0,0.006009506132304117,0.007061668986231062
2026-0718-10-02-07-09,8,2024109102,タカモリ,0.03772001861580825,1,18,0,0,0.007061668986231062,0.0011078370964528253
2026-0718-10-02-07-09,9,2024108030,ヘキレキ,0.03661218151935543,1,18,0,0,0.0011078370964528253,0.001666004954238555
2026-0718-10-02-07-09,10,2024108117,ユイノジカンカセギ,0.03494617656511687,1,18,0,0,0.001666004954238555,0.002614996165164786
2026-0718-10-02-07-09,11,2024108050,ソゲソゲスマイル,0.032331180399952086,1,18,0,0,0.002614996165164786,0.0032069213742413165
2026-0718-10-02-07-09,12,2024108085,グレートキリシマ,0.02912425902571077,1,18,0,0,0.0032069213742413165,0.006842984470116841
2026-0718-10-02-07-09,13,2024108108,ワッザイカ,0.02228127455559393,1,18,0,0,0.006842984470116841,0.002524801710524025
2026-0718-10-02-07-09,14,2024109106,ルーストカール,0.019756472845069904,1,18,0,0,0.002524801710524025,0.0019667870380955382
2026-0718-10-02-07-09,15,2024108087,ニシノマティーニ,0.017789685806974365,1,18,0,0,0.0019667870380955382,0.00539631790984884
2026-0718-10-02-07-09,16,2024108106,カシノヴィタ,0.012393367897125526,1,18,0,0,0.00539631790984884,0.0012002690092154603
2026-0718-10-02-07-09,17,2024108093,カシノクロサイト,0.011193098887910065,1,18,0,0,0.0012002690092154603,0.005576229740192441
2026-0718-10-02-07-09,18,2024108061,ラブマイティー,0.005616869147717625,1,18,0,0,0.005576229740192441,0
2026-0718-10-02-07-10,1,2022104120,コスモストーム,0.12483599290596589,1,12,1,0,0,0.02771470285492096
2026-0718-10-02-07-10,2,2022105611,ワイドクリーガー,0.09712129005104493,1,12,0,0,0.02771470285492096,0.012590858952977887
2026-0718-10-02-07-10,3,2022103047,ホウショウマリス,0.08453043109806704,1,12,0,0,0.012590858952977887,0.027645458312904297
2026-0718-10-02-07-10,4,2021106177,タマモナポリ,0.056884972785162746,1,12,0,0,0.027645458312904297,0.006943486787633249
2026-0718-10-02-07-10,5,2021106544,タガノヘラクレス,0.0499414859975295,1,12,0,0,0.006943486787633249,0.005868351529999816
2026-0718-10-02-07-10,6,2022103619,タマモジャスミン,0.04407313446752968,1,12,0,0,0.005868351529999816,0.01323790591355211
2026-0718-10-02-07-10,7,2021105939,メイショウザンゲツ,0.03083522855397757,1,12,0,0,0.01323790591355211,0.0007163109604664229
2026-0718-10-02-07-10,8,2022102739,ナリタヒカリ,0.03011891759351115,1,12,0,0,0.0007163109604664229,0.0024305075099860136
2026-0718-10-02-07-10,9,2021100739,ワンダーカモン,0.027688410083525135,1,12,0,0,0.0024305075099860136,0.004690603658525902
2026-0718-10-02-07-10,10,2021106854,ハピアーザンエバー,0.022997806424999233,1,12,0,0,0.004690603658525902,0.0022590472619048348
2026-0718-10-02-07-10,11,2021107278,ユーヴェリア,0.020738759163094398,1,12,0,0,0.0022590472619048348,0.006974177055636051
2026-0718-10-02-07-10,12,2020106101,シュヴァルツリーベ,0.013764582107458347,1,12,0,0,0.006974177055636051,0
2026-0718-10-02-07-11,1,2022110026,コウセキ,0.08420879048381141,1,12,1,0,0,0.0022955508887855663
2026-0718-10-02-07-11,2,2021107180,ジュンヴァンケット,0.08191323959502585,1,12,0,0,0.0022955508887855663,0.006667266235328262
2026-0718-10-02-07-11,3,2022102514,ベイビーキッス,0.07524597335969758,1,12,0,0,0.006667266235328262,0.00798791031396942
2026-0718-10-02-07-11,4,2021106661,ヒーローインチーフ,0.06725806304572816,1,12,0,0,0.00798791031396942,0.0017919842280103293
2026-0718-10-02-07-11,5,2021100157,ロードトレイル,0.06546607881771783,1,12,0,0,0.0017919842280103293,0.005668355864669822
2026-0718-10-02-07-11,6,2020104520,アイルシャイン,0.05979772295304801,1,12,0,0,0.005668355864669822,0.004981001374389123
2026-0718-10-02-07-11,7,2021103977,リチャードバローズ,0.05481672157865889,1,12,0,0,0.004981001374389123,0.0005694591012319478
2026-0718-10-02-07-11,8,2021101654,トーラスシャイン,0.05424726247742694,1,12,0,0,0.0005694591012319478,0.0055831605736324855
2026-0718-10-02-07-11,9,2022103707,エスペシャリー,0.04866410190379446,1,12,0,0,0.0055831605736324855,0.005439380964840548
2026-0718-10-02-07-11,10,2019100566,ミロワール,0.04322472093895391,1,12,0,0,0.005439380964840548,0.01621058078911691
2026-0718-10-02-07-11,11,2022100791,ブラックケリー,0.027014140149837,1,12,0,0,0.01621058078911691,0.011980395666669792
2026-0718-10-02-07-11,12,2019106739,ダークエクリプス,0.015033744483167208,1,12,0,0,0.011980395666669792,0
2026-0718-10-02-07-12,1,2023107362,バートラガッツ,0.2171526632855632,1,2,1,0,0,0.028958954948267307
2026-0718-10-02-07-12,2,2023100297,ブラックレジェンド,0.1881937083372959,1,2,0,0,0.028958954948267307,0.0708729092692862
2026-0718-10-02-07-12,3,2022103946,スマートクラビ,0.1173207990680097,2,12,0,1,0.0708729092692862,0.01145596882761249
2026-0718-10-02-07-12,4,2022107325,レーンアジリティ,0.10586483024039721,2,12,0,1,0.01145596882761249,0.013391919458441467
2026-0718-10-02-07-12,5,2022101417,フランキーバローズ,0.09247291078195574,2,12,0,1,0.013391919458441467,0.0014605917120837364
2026-0718-10-02-07-12,6,2023110029,ジューンセクレタ,0.091012319069872,2,12,0,1,0.0014605917120837364,0.0015022060332981063
2026-0718-10-02-07-12,7,2023102707,ヨカオウ,0.0895101130365739,2,12,0,1,0.0015022060332981063,0.001879751719826614
2026-0718-10-02-07-12,8,2023110079,アメリカンスタイル,0.08763036131674729,2,12,0,1,0.001879751719826614,0.005668245657433665
2026-0718-10-02-07-12,9,2022102916,モズプリヴェール,0.08196211565931362,2,12,0,1,0.005668245657433665,0.0226702299986017
2026-0718-10-02-07-12,10,2023101694,ケンフィールド,0.05929188566071192,2,12,0,1,0.0226702299986017,0.007665576626995706
2026-0718-10-02-07-12,11,2023101231,フリッシュ,0.05162630903371621,2,12,0,1,0.007665576626995706,0.003406602590133083
2026-0718-10-02-07-12,12,2022104176,チャチャピンク,0.04821970644358313,2,12,0,1,0.003406602590133083,0.005608665255330596
2026-0718-10-02-07-12,13,2022102429,ミッキーコンドル,0.042611041188252534,2,12,0,1,0.005608665255330596,0.015423755465274497
2026-0718-10-02-07-12,14,2022106189,デュアルロール,0.027187285722978037,2,12,0,1,0.015423755465274497,0
2026-0719-02-01-12-01,1,2024100120,ステラトップガン,0.33910120522106607,1,3,1,0,0,0.036579750145882994
2026-0719-02-01-12-01,2,2024105166,タイフーンナイン,0.3025214550751831,1,3,0,0,0.036579750145882994,0.024045177974362397
2026-0719-02-01-12-01,3,2024100569,キチロクタワー,0.2784762771008207,1,3,0,0,0.024045177974362397,0.0521332207879365
2026-0719-02-01-12-01,4,2024100176,ショパンコンクール,0.22634305631288418,2,1,0,1,0.0521332207879365,0.10887761743836748
2026-0719-02-01-12-01,5,2024102714,リアルジャパン,0.1174654388745167,3,4,0,0,0.10887761743836748,0.04032604559310034
2026-0719-02-01-12-01,6,2024104845,リーゼントエース,0.07713939328141636,3,4,0,0,0.04032604559310034,0.012817667432331259
2026-0719-02-01-12-01,7,2024104503,ゴートゥービッツン,0.0643217258490851,3,4,0,0,0.012817667432331259,0.020109756334269334
2026-0719-02-01-12-01,8,2024100607,アイルドフルール,0.04421196951481577,3,4,0,0,0.020109756334269334,0
2026-0719-02-01-12-02,1,2023107403,エコロセレナ,0.18916820740617468,1,2,1,0,0,0.004934983040612573
2026-0719-02-01-12-02,2,2023100596,ジャーナーリア,0.1842332243655621,1,2,0,0,0.004934983040612573,0.11739107703019856
2026-0719-02-01-12-02,3,2023101088,トルークマクト,0.06684214733536355,2,8,0,1,0.11739107703019856,0.022251594660115954
2026-0719-02-01-12-02,4,2023103857,ミスマラッカ,0.04459055267524759,2,8,0,1,0.022251594660115954,0.0008674630362751484
2026-0719-02-01-12-02,5,2023103231,ミスチヴマリアンヌ,0.043723089638972444,2,8,0,1,0.0008674630362751484,0.003680487357567312
2026-0719-02-01-12-02,6,2023101761,アルマフレイヤ,0.04004260228140513,2,8,0,1,0.003680487357567312,0.0023602367393217374
2026-0719-02-01-12-02,7,2023101742,ホワイトラバーズ,0.037682365542083394,2,8,0,1,0.0023602367393217374,0.008034517927267833
2026-0719-02-01-12-02,8,2023103936,ハネマン,0.02964784761481556,2,8,0,1,0.008034517927267833,0.006519403929632541
2026-0719-02-01-12-02,9,2023101370,デルマハルナ,0.02312844368518302,2,8,0,1,0.006519403929632541,0.0022184694447778264
2026-0719-02-01-12-02,10,2023109094,ラブデウザ,0.020909974240405194,2,8,0,1,0.0022184694447778264,0
2026-0719-02-01-12-03,1,2023103577,ブレイズランナー,0.21520008771248295,1,14,1,0,0,0.01960747999914969
2026-0719-02-01-12-03,2,2023105608,ルージュリヴィエラ,0.19559260771333326,1,14,0,0,0.01960747999914969,0.004973478561540651
2026-0719-02-01-12-03,3,2023100362,ニシノモリミチ,0.1906191291517926,1,14,0,0,0.004973478561540651,0.04080657345053004
2026-0719-02-01-12-03,4,2023103424,デルマバンダイサン,0.14981255570126256,1,14,0,0,0.04080657345053004,0.03954973437344987
2026-0719-02-01-12-03,5,2023105682,キセログラフィカ,0.11026282132781269,1,14,0,0,0.03954973437344987,0.02903504308462325
2026-0719-02-01-12-03,6,2023105365,ホウオウファラオ,0.08122777824318944,1,14,0,0,0.02903504308462325,0.030894204771162802
2026-0719-02-01-12-03,7,2023106001,スマートコーラル,0.05033357347202664,1,14,0,0,0.030894204771162802,0.007745981786001478
2026-0719-02-01-12-03,8,2023104632,マスカルポーネ,0.04258759168602516,1,14,0,0,0.007745981786001478,0.002249624476524409
2026-0719-02-01-12-03,9,2023106691,サクセスゴールド,0.04033796720950075,1,14,0,0,0.002249624476524409,0.016118373516259898
2026-0719-02-01-12-03,10,2023104684,ロジクリスエス,0.024219593693240855,1,14,0,0,0.016118373516259898,0.006896674716334303
2026-0719-02-01-12-03,11,2023106953,ドゥブルヴェ,0.017322918976906552,1,14,0,0,0.006896674716334303,0.003293293025677088
2026-0719-02-01-12-03,12,2023100645,トーレス,0.014029625951229464,1,14,0,0,0.003293293025677088,0.0006647191345104386
2026-0719-02-01-12-03,13,2023102546,キヨタリート,0.013364906816719025,1,14,0,0,0.0006647191345104386,0.004652300847913845
2026-0719-02-01-12-03,14,2023106308,ダイユウアドバンス,0.00871260596880518,1,14,0,0,0.004652300847913845,0
2026-0719-02-01-12-04,1,2023102695,ギオンバヤシ,0.30733835673278287,1,1,1,0,0,0.08311767452898591
2026-0719-02-01-12-04,2,2023101000,フローレンスフーガ,0.22422068220379696,2,1,0,1,0.08311767452898591,0.10997959420604778
2026-0719-02-01-12-04,3,2023102128,マコトアディントン,0.11424108799774918,3,11,0,0,0.10997959420604778,0.01937287096552763
2026-0719-02-01-12-04,4,2023103730,レイヌドプランタン,0.09486821703222155,3,11,0,0,0.01937287096552763,0.006157663457714527
2026-0719-02-01-12-04,5,2023105857,ウインカトリーヌ,0.08871055357450702,3,11,0,0,0.006157663457714527,0.002689584181367416
2026-0719-02-01-12-04,6,2023102987,プリュイドール,0.0860209693931396,3,11,0,0,0.002689584181367416,0.0007640748985833362
2026-0719-02-01-12-04,7,2023105659,シークレットシティ,0.08525689449455627,3,11,0,0,0.0007640748985833362,0.024225679296244237
2026-0719-02-01-12-04,8,2023102669,ワダツミ,0.06103121519831203,3,11,0,0,0.024225679296244237,0.0004758104804977112
2026-0719-02-01-12-04,9,2023106800,コティノス,0.06055540471781432,3,11,0,0,0.0004758104804977112,0.010749833478924789
2026-0719-02-01-12-04,10,2023102452,コスモブラック,0.04980557123888953,3,11,0,0,0.010749833478924789,0.015571756330259055
2026-0719-02-01-12-04,11,2023102101,フィエスタ,0.03423381490863048,3,11,0,0,0.015571756330259055,0.010473114423433887
2026-0719-02-01-12-04,12,2023103196,フクチャンブラック,0.02376070048519659,3,11,0,0,0.010473114423433887,0.002143324452754017
2026-0719-02-01-12-04,13,2023102802,ヤクジョ,0.021617376032442574,3,11,0,0,0.002143324452754017,0
2026-0719-02-01-12-05,1,2024103702,ランフォーザエイジ,0.06747062260606146,1,14,1,0,0,0.0
2026-0719-02-01-12-05,2,2024100203,シャムスクッカ,0.06747062260606146,1,14,0,0,0.0,0.0
2026-0719-02-01-12-05,3,2024106509,フィオリアーモ,0.06747062260606146,1,14,0,0,0.0,0.0
2026-0719-02-01-12-05,4,2024106851,テンカタイヘイ,0.06747062260606146,1,14,0,0,0.0,0.0
2026-0719-02-01-12-05,5,2024102132,ルージュロマーナ,0.06747062260606146,1,14,0,0,0.0,0.0
2026-0719-02-01-12-05,6,2024106754,ロジアコース,0.06747062260606146,1,14,0,0,0.0,0.0
2026-0719-02-01-12-05,7,2024106804,カリスマン,0.06747062260606146,1,14,0,0,0.0,0.0
2026-0719-02-01-12-05,8,2024104678,エコロルーク,0.06747062260606146,1,14,0,0,0.0,0.0
2026-0719-02-01-12-05,9,2024101916,ステラルミノーザ,0.06747062260606146,1,14,0,0,0.0,0.0
2026-0719-02-01-12-05,10,2024107319,エコロヴァルド,0.06747062260606146,1,14,0,0,0.0,0.0
2026-0719-02-01-12-05,11,2024103131,ラヴァンドローリエ,0.06747062260606146,1,14,0,0,0.0,0.0
2026-0719-02-01-12-05,12,2024106575,プリームスリール,0.06747062260606146,1,14,0,0,0.0,0.0
2026-0719-02-01-12-05,13,2024106406,サルトヴェローチェ,0.06747062260606146,1,14,0,0,0.0,0.0
2026-0719-02-01-12-05,14,2024106020,ヒアカムズザサン,0.06747062260606146,1,14,0,0,0.0,0
2026-0719-02-01-12-06,1,2023100924,マメーアップル,0.22554154842275023,1,1,1,0,0,0.0967143888142041
2026-0719-02-01-12-06,2,2023102783,ソワンドヴィクター,0.12882715960854613,2,15,0,1,0.0967143888142041,0.033544577041284565
2026-0719-02-01-12-06,3,2023106420,コスモファーブロス,0.09528258256726156,2,15,0,1,0.033544577041284565,0.004513944998428429
2026-0719-02-01-12-06,4,2023100794,マリノリュミエール,0.09076863756883313,2,15,0,1,0.004513944998428429,0.02270588331884088
2026-0719-02-01-12-06,5,2023102408,リネアベルタ,0.06806275424999225,2,15,0,1,0.02270588331884088,0.017445325548798837
2026-0719-02-01-12-06,6,2023103518,ディサイドオンミー,0.050617428701193415,2,15,0,1,0.017445325548798837,0.006325549810563727
2026-0719-02-01-12-06,7,2023107515,チェサピークベイ,0.04429187889062969,2,15,0,1,0.006325549810563727,0.012142683012552079
2026-0719-02-01-12-06,8,2023101318,クープグラッセ,0.03214919587807761,2,15,0,1,0.012142683012552079,2.9492862981643497e-05
2026-0719-02-01-12-06,9,2023103478,ライトオブジアース,0.032119703015095966,2,15,0,1,2.9492862981643497e-05,0.0015909858914752509
2026-0719-02-01-12-06,10,2023101873,スカイプレリュード,0.030528717123620715,2,15,0,1,0.0015909858914752509,0.006172041211428621
2026-0719-02-01-12-06,11,2023104140,セイカユウヒ,0.024356675912192094,2,15,0,1,0.006172041211428621,0.0015863735652829752
2026-0719-02-01-12-06,12,2023110027,アウェイクネス,0.02277030234690912,2,15,0,1,0.0015863735652829752,0.0045712195131050945
2026-0719-02-01-12-06,13,2023105278,ジューンマロン,0.018199082833804024,2,15,0,1,0.0045712195131050945,0.001501064072255965
2026-0719-02-01-12-06,14,2023105777,ノブピースオブラブ,0.01669801876154806,2,15,0,1,0.001501064072255965,5.5429907518590726e-05
2026-0719-02-01-12-06,15,2023102586,トゥルージョワ,0.01664258885402947,2,15,0,1,5.5429907518590726e-05,0.00680774132405477
2026-0719-02-01-12-06,16,2023105284,リアライズブルーム,0.009834847529974699,2,15,0,1,0.00680774132405477,0
2026-0719-02-01-12-07,1,2023104046,プリンセスアツコ,0.18625348753388066,1,7,1,0,0,0.01730820300158903
2026-0719-02-01-12-07,2,2023107412,リピース,0.16894528453229163,1,7,0,0,0.01730820300158903,0.02486452948283102
2026-0719-02-01-12-07,3,2023106847,ヴァレンティーニ,0.1440807550494606,1,7,0,0,0.02486452948283102,0.005125855957991143
2026-0719-02-01-12-07,4,2023105830,ビーチイン,0.13895489909146946,1,7,0,0,0.005125855957991143,0.0007493520142565213
2026-0719-02-01-12-07,5,2023105672,ゴールドヴィーナス,0.13820554707721294,1,7,0,0,0.0007493520142565213,0.016421520534360162
2026-0719-02-01-12-07,6,2023102432,ゴールドドレッサ,0.12178402654285278,1,7,0,0,0.016421520534360162,0.01172518185650838
2026-0719-02-01-12-07,7,2023105358,ジーティーアリア,0.1100588446863444,1,7,0,0,0.01172518185650838,0.04996933377212541
2026-0719-02-01-12-07,8,2023104420,クッカユフラ,0.06008951091421899,2,7,0,1,0.04996933377212541,0.0016983693904363412
2026-0719-02-01-12-07,9,2023102250,ミリオンアップ,0.05839114152378265,2,7,0,1,0.0016983693904363412,0.01312393184931384
2026-0719-02-01-12-07,10,2021102494,ブーケドグレイス,0.04526720967446881,2,7,0,1,0.01312393184931384,0.012790052197401522
2026-0719-02-01-12-07,11,2022106613,ストラニエーロ,0.03247715747706729,2,7,0,1,0.012790052197401522,0.011093448857365688
2026-0719-02-01-12-07,12,2022101473,ライラックデューン,0.0213837086197016,2,7,0,1,0.011093448857365688,0.006418989210914857
2026-0719-02-01-12-07,13,2022101408,フェニーチェドーロ,0.014964719408786744,2,7,0,1,0.006418989210914857,0.0008344770101132697
2026-0719-02-01-12-07,14,2022101315,スタンピー,0.014130242398673474,2,7,0,1,0.0008344770101132697,0
2026-0719-02-01-12-08,1,2022103306,ワイドデコラシオン,0.19906954201048954,1,6,1,0,0,0.004613111392257008
2026-0719-02-01-12-08,2,2021101624,キャンドルマス,0.19445643061823253,1,6,0,0,0.004613111392257008,0.009356522639949683
2026-0719-02-01-12-08,3,2023104539,フレンズプラス,0.18509990797828285,1,6,0,0,0.009356522639949683,0.006098848105966198
2026-0719-02-01-12-08,4,2023105059,グレイトソン,0.17900105987231665,1,6,0,0,0.006098848105966198,0.01971456337355873
2026-0719-02-01-12-08,5,2022101418,レストプレドゥモア,0.15928649649875792,1,6,0,0,0.01971456337355873,0.0018451049112514217
2026-0719-02-01-12-08,6,2023102427,イングラム,0.1574413915875065,1,6,0,0,0.0018451049112514217,0.08542668403333158
2026-0719-02-01-12-08,7,2021102550,メイショウハッブル,0.07201470755417493,2,4,0,1,0.08542668403333158,0.009497193201268656
2026-0719-02-01-12-08,8,2023100655,タイセイモノリス,0.06251751435290627,2,4,0,1,0.009497193201268656,0.01912257129572776
2026-0719-02-01-12-08,9,2022102492,グッバイウェーブ,0.04339494305717851,2,4,0,1,0.01912257129572776,0.03006632074737669
2026-0719-02-01-12-08,10,2023103809,プレザントトーン,0.01332862230980182,2,4,0,1,0.03006632074737669,0
2026-0719-02-01-12-09,1,2023106859,モンローウォーク,0.2634977409713411,1,1,1,0,0,0.05485234991733701
2026-0719-02-01-12-09,2,2023101591,アストリル,0.2086453910540041,2,2,0,1,0.05485234991733701,0.041534164696691384
2026-0719-02-01-12-09,3,2022106709,レーヴドロペラ,0.1671112263573127,2,2,0,1,0.041534164696691384,0.07958898612898337
2026-0719-02-01-12-09,4,2022102295,マドモアゼルアスク,0.08752224022832934,3,10,0,0,0.07958898612898337,0.0018174162698713914
2026-0719-02-01-12-09,5,2022105849,マイスターヴェルク,0.08570482395845795,3,10,0,0,0.0018174162698713914,0.013837959980146863
2026-0719-02-01-12-09,6,2022105549,ハートメテオ,0.07186686397831109,3,10,0,0,0.013837959980146863,0.01096721438962054
2026-0719-02-01-12-09,7,2021105144,トレミニョン,0.06089964958869055,3,10,0,0,0.01096721438962054,0.008195466330229148
2026-0719-02-01-12-09,8,2022105394,ハニードレス,0.0527041832584614,3,10,0,0,0.008195466330229148,0.0024768918895627934
2026-0719-02-01-12-09,9,2021104978,マルカオペラ,0.050227291368898606,3,10,0,0,0.0024768918895627934,0.001002487460454199
2026-0719-02-01-12-09,10,2022105977,ロートホルン,0.04922480390844441,3,10,0,0,0.001002487460454199,0.02050674256756996
2026-0719-02-01-12-09,11,2021105321,エーデル,0.028718061340874446,3,10,0,0,0.02050674256756996,0.010460608989571837
2026-0719-02-01-12-09,12,2022105844,タイヨウフレア,0.01825745235130261,3,10,0,0,0.010460608989571837,0.004554897138481014
2026-0719-02-01-12-09,13,2020102803,エリム,0.013702555212821595,3,10,0,0,0.004554897138481014,0
2026-0719-02-01-12-10,1,2023104414,シーズザスローン,0.23709875246955794,1,1,1,0,0,0.04963373663069229
2026-0719-02-01-12-10,2,2022106209,ウインシャーガス,0.18746501583886566,2,13,0,1,0.04963373663069229,0.02471824070562567
2026-0719-02-01-12-10,3,2023104324,タガノエルー,0.16274677513323998,2,13,0,1,0.02471824070562567,0.039163026140659335
2026-0719-02-01-12-10,4,2022101572,プライベートアイズ,0.12358374899258065,2,13,0,1,0.039163026140659335,0.0375870786677211
2026-0719-02-01-12-10,5,2022105486,テルアスワッド,0.08599667032485955,2,13,0,1,0.0375870786677211,0.021979527474030633
2026-0719-02-01-12-10,6,2022105569,ルージュマローネ,0.06401714285082892,2,13,0,1,0.021979527474030633,0.003256595470106323
2026-0719-02-01-12-10,7,2022102394,マーウォルス,0.0607605473807226,2,13,0,1,0.003256595470106323,0.0022069786595791605
2026-0719-02-01-12-10,8,2021104039,ジュンラトゥール,0.05855356872114344,2,13,0,1,0.0022069786595791605,0.0008337341951698898
2026-0719-02-01-12-10,9,2022102828,メイショウタイピン,0.05771983452597355,2,13,0,1,0.0008337341951698898,0.007040446078524727
2026-0719-02-01-12-10,10,2021104320,キングベルベット,0.05067938844744882,2,13,0,1,0.007040446078524727,0.024506303789566287
2026-0719-02-01-12-10,11,2020101655,マンダリンボレロ,0.026173084657882532,2,13,0,1,0.024506303789566287,0.001805619624468388
2026-0719-02-01-12-10,12,2022104910,レイザリオ,0.024367465033414144,2,13,0,1,0.001805619624468388,0.011438929122236399
2026-0719-02-01-12-10,13,2022103288,ヤコブセン,0.012928535911177746,2,13,0,1,0.011438929122236399,0.004269241708560046
2026-0719-02-01-12-10,14,2019102163,フォーワンセルフ,0.0086592942026177,2,13,0,1,0.004269241708560046,0
2026-0719-02-01-12-11,1,2024106378,イモージェン,0.10301343403874193,1,13,1,0,0,0.0
2026-0719-02-01-12-11,2,2024102354,ダイメイビッグボス,0.10301343403874193,1,13,0,0,0.0,0.002580096562255038
2026-0719-02-01-12-11,3,2024100445,ロンドンガーズ,0.10043333747648689,1,13,0,0,0.002580096562255038,0.0015662634149141014
2026-0719-02-01-12-11,4,2024100768,ノリヤンモーニン,0.09886707406157279,1,13,0,0,0.0015662634149141014,0.011553227113093964
2026-0719-02-01-12-11,5,2024103097,クロリス,0.08731384694847882,1,13,0,0,0.011553227113093964,0.002352108364588046
2026-0719-02-01-12-11,6,2024105568,フェリチタ,0.08496173858389078,1,13,0,0,0.002352108364588046,0.0
2026-0719-02-01-12-11,7,2024108226,シグレ,0.08496173858389078,1,13,0,0,0.0,0.0005349499441266725
2026-0719-02-01-12-11,8,2024104113,ダマスク,0.0844267886397641,1,13,0,0,0.0005349499441266725,0.0
2026-0719-02-01-12-11,9,2024107264,セタキト,0.0844267886397641,1,13,0,0,0.0,0.01785661354833569
2026-0719-02-01-12-11,10,2024100255,アルテクィーン,0.06657017509142842,1,13,0,0,0.01785661354833569,0.0009270412800792271
2026-0719-02-01-12-11,11,2024103288,ダイシンドラゴン,0.06564313381134919,1,13,0,0,0.0009270412800792271,0.0036077705576176983
2026-0719-02-01-12-11,12,2024103180,ウンスイ,0.06203536325373149,1,13,0,0,0.0036077705576176983,0.004112992528291462
2026-0719-02-01-12-11,13,2024106248,ショウナンカノア,0.05792237072544003,1,13,0,0,0.004112992528291462,0
2026-0719-02-01-12-12,1,2022110039,コモンスナイプ,0.15693328670561615,1,2,1,0,0,0.004424534232573163
2026-0719-02-01-12-12,2,2022101920,マグネシアブリック,0.152508752473043,1,2,0,0,0.004424534232573163,0.0694227102209118
2026-0719-02-01-12-12,3,2023105797,ロードクラシコ,0.08308604225213119,2,12,0,1,0.0694227102209118,0.014386187297498895
2026-0719-02-01-12-12,4,2022101103,ザカリナン,0.0686998549546323,2,12,0,1,0.014386187297498895,0.0053017333085515345
2026-0719-02-01-12-12,5,2022105415,ソードマスター,0.06339812164608076,2,12,0,1,0.0053017333085515345,0.0017608699129795305
2026-0719-02-01-12-12,6,2023102440,ホウオウヘッセン,0.06163725173310123,2,12,0,1,0.0017608699129795305,0.026509416697882558
2026-0719-02-01-12-12,7,2023106197,フレンドモナコ,0.03512783503521867,2,12,0,1,0.026509416697882558,0.0020369889766169783
2026-0719-02-01-12-12,8,2023102024,アヤサンジョリーン,0.03309084605860169,2,12,0,1,0.0020369889766169783,0.0031372793954879477
2026-0719-02-01-12-12,9,2023102872,ミスターバッドガイ,0.029953566663113745,2,12,0,1,0.0031372793954879477,0.009995631141087188
2026-0719-02-01-12-12,10,2021103535,シャインズオンユー,0.019957935522026557,2,12,0,1,0.009995631141087188,0.0009354485925068511
2026-0719-02-01-12-12,11,2021101100,ルクスアドラー,0.019022486929519706,2,12,0,1,0.0009354485925068511,0.003273284175099391
2026-0719-02-01-12-12,12,2023106823,マイオウンウェイ,0.015749202754420315,2,12,0,1,0.003273284175099391,0.0009809171776612186
2026-0719-02-01-12-12,13,2023105813,ロードヴェルテクス,0.014768285576759096,2,12,0,1,0.0009809171776612186,0.0009345609469051767
2026-0719-02-01-12-12,14,2019110122,ブラヴィーノ,0.01383372462985392,2,12,0,1,0.0009345609469051767,0
2026-0719-03-02-08-01,1,2024106276,ムーンベリル,0.25718647641778986,1,1,1,0,0,0.16072973167580018
2026-0719-03-02-08-01,2,2024101524,トムキャット,0.09645674474198969,2,9,0,1,0.16072973167580018,0.004309210296437563
2026-0719-03-02-08-01,3,2024101373,スウィット,0.09214753444555213,2,9,0,1,0.004309210296437563,0.004801482949505623
2026-0719-03-02-08-01,4,2024103015,ユイノキャッツアイ,0.0873460514960465,2,9,0,1,0.004801482949505623,0.02246502131797111
2026-0719-03-02-08-01,5,2024101341,ドナビッグベン,0.0648810301780754,2,9,0,1,0.02246502131797111,0.035818941096951204
2026-0719-03-02-08-01,6,2024108121,ココニイルヨ,0.02906208908112419,2,9,0,1,0.035818941096951204,0.010762752495347742
2026-0719-03-02-08-01,7,2024101902,レオライジング,0.018299336585776448,2,9,0,1,0.010762752495347742,0.0039224182411454304
2026-0719-03-02-08-01,8,2024103179,ウカテンセイ,0.014376918344631017,2,9,0,1,0.0039224182411454304,0.0017707248477088298
2026-0719-03-02-08-01,9,2024105243,リケアチャチャチャ,0.012606193496922187,2,9,0,1,0.0017707248477088298,0.001820373541705009
2026-0719-03-02-08-01,10,2024108272,ケンシロウワールド,0.010785819955217178,2,9,0,1,0.001820373541705009,0
2026-0719-03-02-08-02,1,2023107406,クリスタルドレス,0.27236509082555516,1,1,1,0,0,0.09728918092800098
2026-0719-03-02-08-02,2,2023105298,ピースフルマインド,0.17507590989755417,2,15,0,1,0.09728918092800098,0.01227840458472454
2026-0719-03-02-08-02,3,2023107010,サトノスターライト,0.16279750531282963,2,15,0,1,0.01227840458472454,0.009969493906684196
2026-0719-03-02-08-02,4,2023104065,ジャストビコーズ,0.15282801140614544,2,15,0,1,0.009969493906684196,0.022452723812653258
2026-0719-03-02-08-02,5,2023107319,クレアノア,0.13037528759349218,2,15,0,1,0.022452723812653258,0.027304843852253874
2026-0719-03-02-08-02,6,2023100314,グレイスルーラー,0.1030704437412383,2,15,0,1,0.027304843852253874,0.042462562498495844
2026-0719-03-02-08-02,7,2023105006,フジサン,0.06060788124274246,2,15,0,1,0.042462562498495844,0.028310031792414765
2026-0719-03-02-08-02,8,2023103377,アオゾラランチ,0.032297849450327695,2,15,0,1,0.028310031792414765,0.0036103726924950376
2026-0719-03-02-08-02,9,2023105362,ジャストマイウェイ,0.028687476757832658,2,15,0,1,0.0036103726924950376,0.0023792009212793702
2026-0719-03-02-08-02,10,2023102389,アマンヘセル,0.026308275836553287,2,15,0,1,0.0023792009212793702,0.003826157710174607
2026-0719-03-02-08-02,11,2023105297,ロジタイガー,0.02248211812637868,2,15,0,1,0.003826157710174607,0.0031986256287362645
2026-0719-03-02-08-02,12,2023100312,キリスパークル,0.019283492497642416,2,15,0,1,0.0031986256287362645,0.004012084916199036
2026-0719-03-02-08-02,13,2023101081,ダイナマイトメロン,0.01527140758144338,2,15,0,1,0.004012084916199036,0.0005796668186087619
2026-0719-03-02-08-02,14,2023106314,ジェイエルグリーン,0.014691740762834618,2,15,0,1,0.0005796668186087619,0.004109898576827954
2026-0719-03-02-08-02,15,2023107263,チョコスコーン,0.010581842186006664,2,15,0,1,0.004109898576827954,0.002632673420390943
2026-0719-03-02-08-02,16,2023107338,ルビーサンセット,0.007949168765615721,2,15,0,1,0.002632673420390943,0
2026-0719-03-02-08-03,1,2023100894,ペプチドドリーム,0.27191447028389604,1,1,1,0,0,0.09393100399494911
2026-0719-03-02-08-03,2,2023101459,シャルムグリーン,0.17798346628894693,2,6,0,1,0.09393100399494911,0.005325405223755686
2026-0719-03-02-08-03,3,2023106986,グランマエストロ,0.17265806106519124,2,6,0,1,0.005325405223755686,0.023448251193390057
2026-0719-03-02-08-03,4,2023104721,シルバーゴールド,0.14920980987180119,2,6,0,1,0.023448251193390057,0.02556400600609332
2026-0719-03-02-08-03,5,2023107304,ランウェイミューズ,0.12364580386570787,2,6,0,1,0.02556400600609332,0.015530247757518142
2026-0719-03-02-08-03,6,2023106475,ベルランコントル,0.10811555610818972,2,6,0,1,0.015530247757518142,0.007721290728036054
2026-0719-03-02-08-03,7,2023103238,ブラーヴジャン,0.10039426538015367,2,6,0,1,0.007721290728036054,0.061178391622223875
2026-0719-03-02-08-03,8,2023105572,チャチャット,0.039215873757929794,3,9,0,0,0.061178391622223875,0.0018828620385955772
2026-0719-03-02-08-03,9,2023106624,ルージュラベル,0.037333011719334216,3,9,0,0,0.0018828620385955772,0.011128343840751672
2026-0719-03-02-08-03,10,2023105614,レッドフリーマン,0.026204667878582544,3,9,0,0,0.011128343840751672,0.00614318640190099
2026-0719-03-02-08-03,11,2023101699,ルアグロール,0.020061481476681554,3,9,0,0,0.00614318640190099,0.004770414221464006
2026-0719-03-02-08-03,12,2023103597,ラクシオンデクラ,0.015291067255217549,3,9,0,0,0.004770414221464006,0.00019833833244008517
2026-0719-03-02-08-03,13,2023104261,アロハオエ,0.015092728922777464,3,9,0,0,0.00019833833244008517,0.0001841200488767753
2026-0719-03-02-08-03,14,2023105546,ボールドフロント,0.014908608873900688,3,9,0,0,0.0001841200488767753,0.0031101537825508514
2026-0719-03-02-08-03,15,2023102381,カタカムナ,0.011798455091349837,3,9,0,0,0.0031101537825508514,0.0044328676492519535
2026-0719-03-02-08-03,16,2023102689,カキュウ,0.007365587442097883,3,9,0,0,0.0044328676492519535,0
2026-0719-03-02-08-04,1,2023104526,フェスティヴハート,0.23387938219678758,1,1,1,0,0,0.07347840053467342
2026-0719-03-02-08-04,2,2023101367,デルマザオウ,0.16040098166211417,2,1,0,1,0.07347840053467342,0.04646883349770428
2026-0719-03-02-08-04,3,2023105652,ユニバーサルラヴ,0.11393214816440989,3,1,0,0,0.04646883349770428,0.049779368728384996
2026-0719-03-02-08-04,4,2023106796,ペタルズダンス,0.06415277943602489,4,12,0,0,0.049779368728384996,0.01472677404040982
2026-0719-03-02-08-04,5,2023104860,ハリコミチュウ,0.04942600539561507,4,12,0,0,0.01472677404040982,0.007029158215668754
2026-0719-03-02-08-04,6,2023103533,アルティソナンテ,0.042396847179946316,4,12,0,0,0.007029158215668754,0.0038668281044460656
2026-0719-03-02-08-04,7,2023102096,トラストレガート,0.03853001907550025,4,12,0,0,0.0038668281044460656,0.007323569911551541
2026-0719-03-02-08-04,8,2023105452,アーティラリー,0.03120644916394871,4,12,0,0,0.007323569911551541,0.007701223150369103
2026-0719-03-02-08-04,9,2023102798,カムオンオーバー,0.023505226013579607,4,12,0,0,0.007701223150369103,0.003777033638606122
2026-0719-03-02-08-04,10,2023106336,ジーティーヒラリ,0.019728192374973485,4,12,0,0,0.003777033638606122,0.0028618226289299532
2026-0719-03-02-08-04,11,2023101864,ヤマニンルーバス,0.01686636974604353,4,12,0,0,0.0028618226289299532,0.002103731123464306
2026-0719-03-02-08-04,12,2023100216,ランランリンリン,0.014762638622579226,4,12,0,0,0.002103731123464306,8.719648611934562e-05
2026-0719-03-02-08-04,13,2023100950,ハピネスドリーム,0.01467544213645988,4,12,0,0,8.719648611934562e-05,0.008250230259033486
2026-0719-03-02-08-04,14,2023100543,マッドヘッドラブ,0.006425211877426394,4,12,0,0,0.008250230259033486,0.0002834571163326102
2026-0719-03-02-08-04,15,2023102932,ウィッシュリスト,0.006141754761093784,4,12,0,0,0.0002834571163326102,0
2026-0719-03-02-08-05,1,2024102852,マイホームパパ,0.07121650834823502,1,13,1,0,0,0.0
2026-0719-03-02-08-05,2,2024106341,サンタンヌ,0.07121650834823502,1,13,0,0,0.0,0.0
2026-0719-03-02-08-05,3,2024102839,ムーチョピカンテ,0.07121650834823502,1,13,0,0,0.0,0.0
2026-0719-03-02-08-05,4,2024106983,グランオギュール,0.07121650834823502,1,13,0,0,0.0,0.0
2026-0719-03-02-08-05,5,2024107007,ロワデュモンド,0.07121650834823502,1,13,0,0,0.0,0.0
2026-0719-03-02-08-05,6,2024102885,マハロハ,0.07121650834823502,1,13,0,0,0.0,0.0
2026-0719-03-02-08-05,7,2024103591,コスモフラムオット,0.07121650834823502,1,13,0,0,0.0,0.0
2026-0719-03-02-08-05,8,2024100646,カウェーカネム,0.07121650834823502,1,13,0,0,0.0,0.0
2026-0719-03-02-08-05,9,2024106139,ヴェルバーニア,0.07121650834823502,1,13,0,0,0.0,0.0
2026-0719-03-02-08-05,10,2024106880,アズールドーン,0.07121650834823502,1,13,0,0,0.0,0.0
2026-0719-03-02-08-05,11,2024100037,エンルートフライト,0.07121650834823502,1,13,0,0,0.0,0.0
2026-0719-03-02-08-05,12,2024101876,ナムラダックス,0.07121650834823502,1,13,0,0,0.0,0.0
2026-0719-03-02-08-05,13,2024100519,ラヴァレード,0.07121650834823502,1,13,0,0,0.0,0
2026-0719-03-02-08-06,1,2024103242,エリンヘラクレス,0.05371407730888987,1,16,1,0,0,0.0
2026-0719-03-02-08-06,2,2024103471,トランサルピナ,0.05371407730888987,1,16,0,0,0.0,0.0
2026-0719-03-02-08-06,3,2024103842,セイウンリリーナ,0.05371407730888987,1,16,0,0,0.0,0.0
2026-0719-03-02-08-06,4,2024102843,ドリームユー,0.05371407730888987,1,16,0,0,0.0,0.0
2026-0719-03-02-08-06,5,2024105497,クールボビー,0.05371407730888987,1,16,0,0,0.0,0.0
2026-0719-03-02-08-06,6,2024101344,グルーヴェンス,0.05371407730888987,1,16,0,0,0.0,0.0
2026-0719-03-02-08-06,7,2024104532,ミラクルオーラ,0.05371407730888987,1,16,0,0,0.0,0.0
2026-0719-03-02-08-06,8,2024101502,ヴィンチェローズ,0.05371407730888987,1,16,0,0,0.0,0.0
2026-0719-03-02-08-06,9,2024105225,キミヘノメロディー,0.05371407730888987,1,16,0,0,0.0,0.0
2026-0719-03-02-08-06,10,2024103860,セイウンイーリス,0.05371407730888987,1,16,0,0,0.0,0.0
2026-0719-03-02-08-06,11,2024103029,ヴァンデエス,0.05371407730888987,1,16,0,0,0.0,0.0
2026-0719-03-02-08-06,12,2024101353,ドナチャージ,0.05371407730888987,1,16,0,0,0.0,0.0
2026-0719-03-02-08-06,13,2024102201,アイアムキレマスネ,0.05371407730888987,1,16,0,0,0.0,0.0
2026-0719-03-02-08-06,14,2024106609,チャランダマルツ,0.05371407730888987,1,16,0,0,0.0,0.0
2026-0719-03-02-08-06,15,2024102436,コスモルトチェコ,0.05371407730888987,1,16,0,0,0.0,0.0
2026-0719-03-02-08-06,16,2024105692,アルニタク,0.05371407730888987,1,16,0,0,0.0,0
2026-0719-03-02-08-07,1,2023103753,イントゥザウインド,0.26152333958045393,1,1,1,0,0,0.07352737917513735
2026-0719-03-02-08-07,2,2023102651,キタノドンカルロ,0.18799596040531658,2,1,0,1,0.07352737917513735,0.07325201465004676
2026-0719-03-02-08-07,3,2023104603,チェイサー,0.11474394575526982,3,12,0,0,0.07325201465004676,0.03497930715804544
2026-0719-03-02-08-07,4,2023101135,ファイアリービート,0.07976463859722438,3,12,0,0,0.03497930715804544,0.005967247403540321
2026-0719-03-02-08-07,5,2023100200,ラヴィプランドール,0.07379739119368406,3,12,0,0,0.005967247403540321,0.004459264421916007
2026-0719-03-02-08-07,6,2023106787,ファナティカル,0.06933812677176805,3,12,0,0,0.004459264421916007,0.01296509446371373
2026-0719-03-02-08-07,7,2023107425,ジュングロワール,0.05637303230805432,3,12,0,0,0.01296509446371373,0.00031698516663219295
2026-0719-03-02-08-07,8,2023101841,ユイノサダハル,0.05605604714142213,3,12,0,0,0.00031698516663219295,0.03464031138406823
2026-0719-03-02-08-07,9,2023101731,マイトリックスター,0.021415735757353897,3,12,0,0,0.03464031138406823,0.005178209504737963
2026-0719-03-02-08-07,10,2023106198,パワポケグッド,0.016237526252615934,3,12,0,0,0.005178209504737963,0.0014585331601105079
2026-0719-03-02-08-07,11,2023105411,リアルパラダイス,0.014778993092505426,3,12,0,0,0.0014585331601105079,0.0012750797022470575
2026-0719-03-02-08-07,12,2023102123,テキサスバローズ,0.013503913390258368,3,12,0,0,0.0012750797022470575,0.00646948776327439
2026-0719-03-02-08-07,13,2023102320,ライヴギムレット,0.007034425626983978,3,12,0,0,0.00646948776327439,8.130146099430587e-06
2026-0719-03-02-08-07,14,2023102050,サイモングリーマン,0.007026295480884548,3,12,0,0,8.130146099430587e-06,0
2026-0719-03-02-08-08,1,2023103814,アメテュストス,0.22548725494264216,1,16,1,0,0,0.02166105158501902
2026-0719-03-02-08-08,2,2023105257,ミエノストロング,0.20382620335762314,1,16,0,0,0.02166105158501902,0.018345103233931986
2026-0719-03-02-08-08,3,2023107320,リスレジャンデール,0.18548110012369115,1,16,0,0,0.018345103233931986,0.02294025480954756
2026-0719-03-02-08-08,4,2022103308,ミッドセンチュリー,0.1625408453141436,1,16,0,0,0.02294025480954756,0.004839429492786956
2026-0719-03-02-08-08,5,2023106852,ロスパレドネス,0.15770141582135663,1,16,0,0,0.004839429492786956,0.012050271454495165
2026-0719-03-02-08-08,6,2022106792,コスモアチーブ,0.14565114436686147,1,16,0,0,0.012050271454495165,0.009822708590598889
2026-0719-03-02-08-08,7,2023105943,トーセンブリラーレ,0.13582843577626258,1,16,0,0,0.009822708590598889,0.003512093042043224
2026-0719-03-02-08-08,8,2023107353,コズミックボックス,0.13231634273421936,1,16,0,0,0.003512093042043224,0.009037294874270685
2026-0719-03-02-08-08,9,2023105433,モウエエデショー,0.12327904785994867,1,16,0,0,0.009037294874270685,0.008754244236575476
2026-0719-03-02-08-08,10,2021102717,ジャグアール,0.1145248036233732,1,16,0,0,0.008754244236575476,0.012012290651726543
2026-0719-03-02-08-08,11,2022103494,スイートオレンジ,0.10251251297164665,1,16,0,0,0.012012290651726543,0.015162680944474635
2026-0719-03-02-08-08,12,2022101175,ピエナフェーヴル,0.08734983202717202,1,16,0,0,0.015162680944474635,0.025043783739333407
2026-0719-03-02-08-08,13,2022100700,ポッドロルフ,0.06230604828783861,1,16,0,0,0.025043783739333407,0.017476052277630952
2026-0719-03-02-08-08,14,2022104851,アレクレア,0.04482999601020766,1,16,0,0,0.017476052277630952,0.03805004580488261
2026-0719-03-02-08-08,15,2022101291,クラウンテック,0.006779950205325049,1,16,0,0,0.03805004580488261,0.0015129849357141175
2026-0719-03-02-08-08,16,2021101647,インヴェスター,0.005266965269610932,1,16,0,0,0.0015129849357141175,0
2026-0719-03-02-08-09,1,2023107279,ガラベイヤ,0.22602869780602283,1,1,1,0,0,0.062450927877490875
2026-0719-03-02-08-09,2,2021101399,ヴァンヴィーヴ,0.16357776992853196,2,15,0,1,0.062450927877490875,0.035698692260932696
2026-0719-03-02-08-09,3,2021100144,ロードトレゾール,0.12787907766759926,2,15,0,1,0.035698692260932696,0.020914945539683913
2026-0719-03-02-08-09,4,2023100797,ハッピーエンジェル,0.10696413212791535,2,15,0,1,0.020914945539683913,0.011157291127721958
2026-0719-03-02-08-09,5,2022104186,ヴェントゥーラ,0.09580684100019339,2,15,0,1,0.011157291127721958,0.01556701035547603
2026-0719-03-02-08-09,6,2023101558,ルージュブリッツ,0.08023983064471736,2,15,0,1,0.01556701035547603,0.030611860789236507
2026-0719-03-02-08-09,7,2022101906,キョウエイボニータ,0.049627969855480854,2,15,0,1,0.030611860789236507,0.007542065112870103
2026-0719-03-02-08-09,8,2021100248,セイウンデセオ,0.04208590474261075,2,15,0,1,0.007542065112870103,0.004596444283365461
2026-0719-03-02-08-09,9,2021103478,ファビュラススター,0.03748946045924529,2,15,0,1,0.004596444283365461,0.002594928735443383
2026-0719-03-02-08-09,10,2022110015,プリティディーヴァ,0.03489453172380191,2,15,0,1,0.002594928735443383,0.0006603787030472416
2026-0719-03-02-08-09,11,2022104722,ダンケルド,0.034234153020754665,2,15,0,1,0.0006603787030472416,0.004499300635948101
2026-0719-03-02-08-09,12,2022101629,クレオズニードル,0.029734852384806564,2,15,0,1,0.004499300635948101,0.0037671995237878175
2026-0719-03-02-08-09,13,2021105833,カリーシ,0.025967652861018747,2,15,0,1,0.0037671995237878175,0.0003873359122043493
2026-0719-03-02-08-09,14,2020103898,イグニション,0.025580316948814397,2,15,0,1,0.0003873359122043493,0.0006023130790601787
2026-0719-03-02-08-09,15,2020105803,マイネルラッシュ,0.02497800386975422,2,15,0,1,0.0006023130790601787,0.012284390159783902
2026-0719-03-02-08-09,16,2023103983,ポッドデスペア,0.012693613709970316,2,15,0,1,0.012284390159783902,0
2026-0719-03-02-08-10,1,2022104635,アロンズロッド,0.2770858835499243,1,1,1,0,0,0.09731605695803625
2026-0719-03-02-08-10,2,2022100781,ルールーリマ,0.17976982659188806,2,2,0,1,0.09731605695803625,0.009881617561005251
2026-0719-03-02-08-10,3,2022106825,コスモイシュタル,0.1698882090308828,2,2,0,1,0.009881617561005251,0.06407290185973603
2026-0719-03-02-08-10,4,2022104669,クラヴァンス,0.10581530717114677,3,1,0,0,0.06407290185973603,0.04599839135072153
2026-0719-03-02-08-10,5,2017101772,ヤマニンガラッシア,0.05981691582042525,4,8,0,0,0.04599839135072153,0.009397747747149576
2026-0719-03-02-08-10,6,2022103522,ジェットブレード,0.05041916807327567,4,8,0,0,0.009397747747149576,0.016301518783997063
2026-0719-03-02-08-10,7,2022106772,バセリーナ,0.03411764928927861,4,8,0,0,0.016301518783997063,0.0056164209265754245
2026-0719-03-02-08-10,8,2021105375,バードウォッチャー,0.028501228362703183,4,8,0,0,0.0056164209265754245,0.005026094293291674
2026-0719-03-02-08-10,9,2021106826,レッセパッセ,0.02347513406941151,4,8,0,0,0.005026094293291674,0.008277184836237328
2026-0719-03-02-08-10,10,2022104781,ゴーソーファー,0.015197949233174182,4,8,0,0,0.008277184836237328,0.0016546244737814398
2026-0719-03-02-08-10,11,2022103405,ヨシヒロ,0.013543324759392742,4,8,0,0,0.0016546244737814398,0.00016015469319097253
2026-0719-03-02-08-10,12,2022102532,ビッグデイメイク,0.01338317006620177,4,8,0,0,0.00016015469319097253,0
2026-0719-03-02-08-11,1,2022110107,エコロアゼル,0.1915661063859146,1,16,1,0,0,0.009700360717840778
2026-0719-03-02-08-11,2,2021104461,ガビーズシスター,0.1818657456680738,1,16,0,0,0.009700360717840778,0.02608860220517223
2026-0719-03-02-08-11,3,2020101174,ユキマル,0.15577714346290158,1,16,0,0,0.02608860220517223,0.018359608452895304
2026-0719-03-02-08-11,4,2020104597,ショウナンアビアス,0.13741753501000628,1,16,0,0,0.018359608452895304,0.015399574816374759
2026-0719-03-02-08-11,5,2021103716,メイショウホウレン,0.12201796019363152,1,16,0,0,0.015399574816374759,0.017687737380170918
2026-0719-03-02-08-11,6,2020110105,マニバドラ,0.1043302228134606,1,16,0,0,0.017687737380170918,0.011018935674672381
2026-0719-03-02-08-11,7,2020100162,ロードアウォード,0.09331128713878822,1,16,0,0,0.011018935674672381,0.02114896939098447
2026-0719-03-02-08-11,8,2021102153,プレゼンティーア,0.07216231774780375,1,16,0,0,0.02114896939098447,0.007980071808153757
2026-0719-03-02-08-11,9,2022110142,ファムエレガンテ,0.06418224593965,1,16,0,0,0.007980071808153757,0.0016724789724926747
2026-0719-03-02-08-11,10,2021100768,ジョーローリット,0.06250976696715732,1,16,0,0,0.0016724789724926747,0.020805470190658572
2026-0719-03-02-08-11,11,2021110008,ルディック,0.04170429677649875,1,16,0,0,0.020805470190658572,0.0029710613286772214
2026-0719-03-02-08-11,12,2022110151,ゲッティヴィラ,0.03873323544782153,1,16,0,0,0.0029710613286772214,0.0020671651778645384
2026-0719-03-02-08-11,13,2020104228,ケイアイアニラ,0.03666607026995699,1,16,0,0,0.0020671651778645384,0.004946852891608733
2026-0719-03-02-08-11,14,2021105608,カズゴルティス,0.031719217378348256,1,16,0,0,0.004946852891608733,0.013371271645420565
2026-0719-03-02-08-11,15,2018110126,ジャスパーゴールド,0.01834794573292769,1,16,0,0,0.013371271645420565,0.00010626663514221382
2026-0719-03-02-08-11,16,2020101182,グッジョブ,0.018241679097785478,1,16,0,0,0.00010626663514221382,0
2026-0719-03-02-08-12,1,2023100964,エアトベーレ,0.2116593765510155,1,2,1,0,0,0.03341053916082884
2026-0719-03-02-08-12,2,2023102364,サムシングニュー,0.17824883739018665,1,2,0,0,0.03341053916082884,0.052329171918842454
2026-0719-03-02-08-12,3,2022104619,ヘルヴェティオス,0.1259196654713442,2,13,0,1,0.052329171918842454,0.04121249791468877
2026-0719-03-02-08-12,4,2022104301,リポジノ,0.08470716755665543,2,13,0,1,0.04121249791468877,0.010816493687018439
2026-0719-03-02-08-12,5,2023102160,アルデキングダム,0.07389067386963699,2,13,0,1,0.010816493687018439,0.0007839149271497703
2026-0719-03-02-08-12,6,2022105241,ソナタン,0.07310675894248722,2,13,0,1,0.0007839149271497703,0.01632878917016986
2026-0719-03-02-08-12,7,2023106052,ジーティーブラック,0.05677796977231736,2,13,0,1,0.01632878917016986,0.015340393137123105
2026-0719-03-02-08-12,8,2022102991,カイトヴィント,0.041437576635194255,2,13,0,1,0.015340393137123105,0.0022181824411289866
2026-0719-03-02-08-12,9,2023106694,ノーウェアマン,0.03921939419406527,2,13,0,1,0.0022181824411289866,0.0012500280373912778
2026-0719-03-02-08-12,10,2023107394,イサチルシーキング,0.03796936615667399,2,13,0,1,0.0012500280373912778,0.019919093855261825
2026-0719-03-02-08-12,11,2021107012,キングプロフィット,0.018050272301412165,2,13,0,1,0.019919093855261825,0.002971154475020693
2026-0719-03-02-08-12,12,2022100485,スーパーホース,0.015079117826391472,2,13,0,1,0.002971154475020693,0.0011039796892068857
2026-0719-03-02-08-12,13,2022105516,メリーサウンド,0.013975138137184586,2,13,0,1,0.0011039796892068857,0.002460926374634584
2026-0719-03-02-08-12,14,2020103901,ウインドワンピース,0.011514211762550002,2,13,0,1,0.002460926374634584,0.00068138397914351
2026-0719-03-02-08-12,15,2022102349,ノアチュロス,0.010832827783406492,2,13,0,1,0.00068138397914351,0
2026-0719-10-02-08-01,1,2022103255,メイショウソウセキ,0.21712920046549508,1,2,1,0,0,0.017390391283009676
2026-0719-10-02-08-01,2,2018101010,アウスヴァール,0.1997388091824854,1,2,0,0,0.017390391283009676,0.14259197475285898
2026-0719-10-02-08-01,3,2022106999,ニシノクードクール,0.05714683442962642,2,9,0,1,0.14259197475285898,0.009244703461017183
2026-0719-10-02-08-01,4,2021104910,フラムリンガム,0.047902130968609236,2,9,0,1,0.009244703461017183,0.01364562537449373
2026-0719-10-02-08-01,5,2022104929,バニーラビット,0.034256505594115506,2,9,0,1,0.01364562537449373,0.0014484726787156524
2026-0719-10-02-08-01,6,2021105298,エイカイボクサー,0.032808032915399854,2,9,0,1,0.0014484726787156524,0.01330012615652551
2026-0719-10-02-08-01,7,2022100527,ブランフォルテ,0.019507906758874344,2,9,0,1,0.01330012615652551,0.0008384380750299757
2026-0719-10-02-08-01,8,2022103884,スティルシャイニン,0.018669468683844368,2,9,0,1,0.0008384380750299757,0.00304466379106896
2026-0719-10-02-08-01,9,2022103517,シュエットアムール,0.015624804892775408,2,9,0,1,0.00304466379106896,0.0003586986681448894
2026-0719-10-02-08-01,10,2022101587,クリアクォーツ,0.015266106224630519,2,9,0,1,0.0003586986681448894,0.004555846215724305
2026-0719-10-02-08-01,11,2022102325,ブルーセルリアン,0.010710260008906214,2,9,0,1,0.004555846215724305,0
2026-0719-10-02-08-02,1,2023105339,カルロット,0.28759553537487575,1,1,1,0,0,0.09005741210606472
2026-0719-10-02-08-02,2,2023101122,ヒッグスボソン,0.19753812326881104,2,1,0,1,0.09005741210606472,0.0628769948967314
2026-0719-10-02-08-02,3,2023103916,ナデシコザクラ,0.13466112837207964,3,16,0,0,0.0628769948967314,0.0030633694875528694
2026-0719-10-02-08-02,4,2023100555,トウカイジーク,0.13159775888452677,3,16,0,0,0.0030633694875528694,0.030684387870746413
2026-0719-10-02-08-02,5,2023104520,ルナフィオーレ,0.10091337101378035,3,16,0,0,0.030684387870746413,0.010441149377266895
2026-0719-10-02-08-02,6,2023105692,ハクサンテドリガワ,0.09047222163651346,3,16,0,0,0.010441149377266895,0.012220733632202468
2026-0719-10-02-08-02,7,2023101743,ホッコームジカ,0.07825148800431099,3,16,0,0,0.012220733632202468,0.010660119196736192
2026-0719-10-02-08-02,8,2023103794,グレンセロース,0.0675913688075748,3,16,0,0,0.010660119196736192,0.0011585809643231831
2026-0719-10-02-08-02,9,2023103381,ドゥボヌール,0.06643278784325161,3,16,0,0,0.0011585809643231831,0.01694587500496697
2026-0719-10-02-08-02,10,2023105761,ケイアイブラック,0.049486912838284644,3,16,0,0,0.01694587500496697,0.004130056863227122
2026-0719-10-02-08-02,11,2023105482,トウカイツバキ,0.04535685597505752,3,16,0,0,0.004130056863227122,0.002992062463024109
2026-0719-10-02-08-02,12,2023102488,クリノゴージャス,0.042364793512033413,3,16,0,0,0.002992062463024109,0.011000301406292497
2026-0719-10-02-08-02,13,2023100277,ショウナンライラ,0.03136449210574092,3,16,0,0,0.011000301406292497,0.006049964353455971
2026-0719-10-02-08-02,14,2023107049,ムーンリットビーチ,0.025314527752284946,3,16,0,0,0.006049964353455971,0.005748971157691234
2026-0719-10-02-08-02,15,2023106057,タマモマリアージュ,0.019565556594593712,3,16,0,0,0.005748971157691234,0.005273079859135459
2026-0719-10-02-08-02,16,2023103763,レガリアーナ,0.014292476735458253,3,16,0,0,0.005273079859135459,0.0008281322356086702
2026-0719-10-02-08-02,17,2023100690,ルーセントムーン,0.013464344499849583,3,16,0,0,0.0008281322356086702,0.008095771784573855
2026-0719-10-02-08-02,18,2023100916,スマイリングスカイ,0.005368572715275728,3,16,0,0,0.008095771784573855,0
2026-0719-10-02-08-03,1,2023100912,エレーデサンライズ,0.114841555979902,1,16,1,0,0,0.017625310726006718
2026-0719-10-02-08-03,2,2023109040,メイショウメゴヒメ,0.09721624525389529,1,16,0,0,0.017625310726006718,0.0038614002752103416
2026-0719-10-02-08-03,3,2023104362,ヤマニンエルファバ,0.09335484497868494,1,16,0,0,0.0038614002752103416,0.003553421927628836
2026-0719-10-02-08-03,4,2023104979,エンジェルグラース,0.08980142305105611,1,16,0,0,0.003553421927628836,0.019014198363037665
2026-0719-10-02-08-03,5,2023107077,スマイルガーデン,0.07078722468801844,1,16,0,0,0.019014198363037665,0.009038863544951085
2026-0719-10-02-08-03,6,2023103323,ハツアカネ,0.06174836114306736,1,16,0,0,0.009038863544951085,0.007239952265113293
2026-0719-10-02-08-03,7,2023101308,グリミスティ,0.054508408877954065,1,16,0,0,0.007239952265113293,0.003255123931821341
2026-0719-10-02-08-03,8,2023102739,テクノピーチ,0.051253284946132724,1,16,0,0,0.003255123931821341,0.016319373982083177
2026-0719-10-02-08-03,9,2023106391,デアアテナ,0.03493391096404955,1,16,0,0,0.016319373982083177,0.0036395375741955713
2026-0719-10-02-08-03,10,2023103829,クレスコフェーヴ,0.031294373389853976,1,16,0,0,0.0036395375741955713,0.0015308185598481572
2026-0719-10-02-08-03,11,2023100864,ヒデガミティアラ,0.02976355483000582,1,16,0,0,0.0015308185598481572,0.0031475200003821847
2026-0719-10-02-08-03,12,2023102228,ルージュマデイラ,0.026616034829623634,1,16,0,0,0.0031475200003821847,0.009067668012700376
2026-0719-10-02-08-03,13,2023104835,カフジラクレット,0.017548366816923257,1,16,0,0,0.009067668012700376,0.0011713252951547036
2026-0719-10-02-08-03,14,2023100907,ブライトベリル,0.016377041521768554,1,16,0,0,0.0011713252951547036,0.0004168725855982561
2026-0719-10-02-08-03,15,2023100417,エイシンキタールン,0.015960168936170298,1,16,0,0,0.0004168725855982561,0.007918598620241739
2026-0719-10-02-08-03,16,2023105117,ヴェルサイユローズ,0.008041570315928559,1,16,0,0,0.007918598620241739,0
2026-0719-10-02-08-04,1,2023105683,アラムシャピラス,0.35333513799117267,1,1,1,0,0,0.12797938948137733
2026-0719-10-02-08-04,2,2023102901,ダンツウルス,0.22535574850979534,2,2,0,1,0.12797938948137733,0.03621573520956378
2026-0719-10-02-08-04,3,2023106218,ブルーザー,0.18914001330023156,2,2,0,1,0.03621573520956378,0.07902899503827507
2026-0719-10-02-08-04,4,2023100669,ルクスディグニティ,0.11011101826195649,3,2,0,0,0.07902899503827507,0.02725423769543532
2026-0719-10-02-08-04,5,2023105281,ホウオウモチーヴ,0.08285678056652117,3,2,0,0,0.02725423769543532,0.05650322422455117
2026-0719-10-02-08-04,6,2023101726,アクティブヘイロー,0.02635355634197,4,8,0,0,0.05650322422455117,0.00577243529513145
2026-0719-10-02-08-04,7,2023101049,カフジマリボー,0.02058112104683855,4,8,0,0,0.00577243529513145,0.0002430553151646503
2026-0719-10-02-08-04,8,2023101282,メイショウユウゲン,0.0203380657316739,4,8,0,0,0.0002430553151646503,0.0001897239566192449
2026-0719-10-02-08-04,9,2023102718,レイワノキセキ,0.020148341775054656,4,8,0,0,0.0001897239566192449,0.002625647671904839
2026-0719-10-02-08-04,10,2023104773,ドットカモン,0.017522694103149817,4,8,0,0,0.002625647671904839,0.0009397000231348498
2026-0719-10-02-08-04,11,2023103546,デルマタイセツ,0.016582994080014967,4,8,0,0,0.0009397000231348498,0.0012855495638375795
2026-0719-10-02-08-04,12,2023103081,ヴィーラー,0.015297444516177388,4,8,0,0,0.0012855495638375795,0.004073945032321108
2026-0719-10-02-08-04,13,2023102190,ニテンイチリュウ,0.01122349948385628,4,8,0,0,0.004073945032321108,0
2026-0719-10-02-08-05,1,2024102953,カローナ,0.11872110953444903,1,8,1,0,0,0.0
2026-0719-10-02-08-05,2,2024103368,ツーハーツ,0.11872110953444903,1,8,0,0,0.0,0.0
2026-0719-10-02-08-05,3,2024102305,メイショウジェード,0.11872110953444903,1,8,0,0,0.0,0.0
2026-0719-10-02-08-05,4,2024106129,レアアース,0.11872110953444903,1,8,0,0,0.0,0.0
2026-0719-10-02-08-05,5,2024105800,ホットロッドハート,0.11872110953444903,1,8,0,0,0.0,0.0
2026-0719-10-02-08-05,6,2024105648,レイクイーン,0.11872110953444903,1,8,0,0,0.0,0.0
2026-0719-10-02-08-05,7,2024106002,ユーダブルワン,0.11872110953444903,1,8,0,0,0.0,0.0
2026-0719-10-02-08-05,8,2024105866,ビエントゾンダ,0.11872110953444903,1,8,0,0,0.0,0
2026-0719-10-02-08-06,1,2023104157,ウルトラハート,0.20257983021206885,1,2,1,0,0,0.014408315876484556
2026-0719-10-02-08-06,2,2023107022,フレアオブセンス,0.1881715143355843,1,2,0,0,0.014408315876484556,0.1308721331881133
2026-0719-10-02-08-06,3,2023100995,サトノライトニング,0.05729938114747098,2,12,0,1,0.1308721331881133,0.0043395178241055
2026-0719-10-02-08-06,4,2023103852,コズミックフレア,0.05295986332336548,2,12,0,1,0.0043395178241055,0.002199728053996014
2026-0719-10-02-08-06,5,2023104172,リリーサンダー,0.05076013526936947,2,12,0,1,0.002199728053996014,0.019918477979404447
2026-0719-10-02-08-06,6,2023102569,テイエムファントム,0.030841657289965022,2,12,0,1,0.019918477979404447,0.004529081815511135
2026-0719-10-02-08-06,7,2023106022,ビーウィナー,0.026312575474453887,2,12,0,1,0.004529081815511135,0.004810157206970377
2026-0719-10-02-08-06,8,2023103096,アイアン,0.02150241826748351,2,12,0,1,0.004810157206970377,0.007298568430016156
2026-0719-10-02-08-06,9,2023101898,サカトクフェイス,0.014203849837467353,2,12,0,1,0.007298568430016156,0.00046613595302636736
2026-0719-10-02-08-06,10,2023105340,レッドフレーザー,0.013737713884440986,2,12,0,1,0.00046613595302636736,0.00020979192162888342
2026-0719-10-02-08-06,11,2023102844,テーオータウンズ,0.013527921962812103,2,12,0,1,0.00020979192162888342,0.0007635260056192538
2026-0719-10-02-08-06,12,2023104418,トゥレネヴェリテ,0.012764395957192849,2,12,0,1,0.0007635260056192538,0.0015401864669758753
2026-0719-10-02-08-06,13,2023101940,メイショウゲッコウ,0.011224209490216974,2,12,0,1,0.0015401864669758753,0.0012271217429796876
2026-0719-10-02-08-06,14,2023101580,テーオーレックス,0.009997087747237286,2,12,0,1,0.0012271217429796876,0
2026-0719-10-02-08-07,1,2022103624,ピアストイヤーズ,0.22773086199702236,1,3,1,0,0,0.029459269029937868
2026-0719-10-02-08-07,2,2022102638,ダイアナクイーン,0.1982715929670845,1,3,0,0,0.029459269029937868,0.024587630821387374
2026-0719-10-02-08-07,3,2021104671,ミライハーモニー,0.17368396214569712,1,3,0,0,0.024587630821387374,0.05714727475246513
2026-0719-10-02-08-07,4,2022105921,アーリントンロウ,0.11653668739323199,2,13,0,1,0.05714727475246513,0.03987022254420994
2026-0719-10-02-08-07,5,2021104806,レオナルドスター,0.07666646484902205,2,13,0,1,0.03987022254420994,0.0008096890606530821
2026-0719-10-02-08-07,6,2023107545,ウェルカムソング,0.07585677578836897,2,13,0,1,0.0008096890606530821,0.0007658497553559712
2026-0719-10-02-08-07,7,2023102025,フィラーエ,0.075090926033013,2,13,0,1,0.0007658497553559712,0.009419549925323012
2026-0719-10-02-08-07,8,2022107147,キョラムン,0.06567137610768999,2,13,0,1,0.009419549925323012,0.010542156420254634
2026-0719-10-02-08-07,9,2023100942,マウンテンバローズ,0.05512921968743535,2,13,0,1,0.010542156420254634,0.011923228647795686
2026-0719-10-02-08-07,10,2022102406,ヒットザグラウンド,0.043205991039639666,2,13,0,1,0.011923228647795686,0.0020602353158888573
2026-0719-10-02-08-07,11,2022107258,ラブアイミー,0.04114575572375081,2,13,0,1,0.0020602353158888573,0.014517622984705169
2026-0719-10-02-08-07,12,2021103493,イリスアスール,0.02662813273904564,2,13,0,1,0.014517622984705169,0.004331180540446809
2026-0719-10-02-08-07,13,2021106690,ペルフェツィオーネ,0.02229695219859883,2,13,0,1,0.004331180540446809,2.8876256283557472e-05
2026-0719-10-02-08-07,14,2021105868,バーケンティン,0.022268075942315273,2,13,0,1,2.8876256283557472e-05,0.01059648714655552
2026-0719-10-02-08-07,15,2022105496,ソリスディエス,0.011671588795759753,2,13,0,1,0.01059648714655552,0.0023943588845404262
2026-0719-10-02-08-07,16,2022106719,アスクザアメリカン,0.009277229911219327,2,13,0,1,0.0023943588845404262,0
2026-0719-10-02-08-08,1,2023102036,アイカンアズーラ,0.18848832511881433,1,4,1,0,0,0.04056842134097352
2026-0719-10-02-08-08,2,2023100974,スマッシング,0.1479199037778408,1,4,0,0,0.04056842134097352,0.003934049356212527
2026-0719-10-02-08-08,3,2021103451,プルミエールパス,0.14398585442162828,1,4,0,0,0.003934049356212527,0.006820160285505944
2026-0719-10-02-08-08,4,2023104596,ペルセポネ,0.13716569413612234,1,4,0,0,0.006820160285505944,0.05258900860999115
2026-0719-10-02-08-08,5,2023102185,ドラムメジャー,0.08457668552613119,2,10,0,1,0.05258900860999115,0.01612322099616341
2026-0719-10-02-08-08,6,2023102606,ミヤフロント,0.06845346452996778,2,10,0,1,0.01612322099616341,0.006625378092473606
2026-0719-10-02-08-08,7,2022110104,アメリカンビヨンド,0.06182808643749418,2,10,0,1,0.006625378092473606,0.002153149081396029
2026-0719-10-02-08-08,8,2023110088,ジャンシ,0.05967493735609815,2,10,0,1,0.002153149081396029,0.00047502686788469806
2026-0719-10-02-08-08,9,2022103307,サンライズジュピタ,0.05919991048821345,2,10,0,1,0.00047502686788469806,0.015112618572123385
2026-0719-10-02-08-08,10,2021107123,イイデカンタロウ,0.044087291916090066,2,10,0,1,0.015112618572123385,0.0003959596729383105
2026-0719-10-02-08-08,11,2023103862,ミヤラティーニ,0.043691332243151755,2,10,0,1,0.0003959596729383105,0.003986277093423439
2026-0719-10-02-08-08,12,2022102003,スレッドザニードル,0.039705055149728316,2,10,0,1,0.003986277093423439,0.0036495106641316957
2026-0719-10-02-08-08,13,2018103293,ヨドノゴールド,0.03605554448559662,2,10,0,1,0.0036495106641316957,0.01500883419820349
2026-0719-10-02-08-08,14,2020103513,ナンヨークリスタル,0.02104671028739313,2,10,0,1,0.01500883419820349,0
2026-0719-10-02-08-09,1,2022105171,タンテドヴィーヴル,0.13656982926455716,1,8,1,0,0,0.031571548655804096
2026-0719-10-02-08-09,2,2019100915,ゼンノインヴォーク,0.10499828060875306,1,8,0,0,0.031571548655804096,0.03727927110509949
2026-0719-10-02-08-09,3,2021103449,モアニ,0.06771900950365357,1,8,0,0,0.03727927110509949,0.007265441948345386
2026-0719-10-02-08-09,4,2021103665,クスクス,0.06045356755530819,1,8,0,0,0.007265441948345386,0.00050862546369599
2026-0719-10-02-08-09,5,2021103821,ハイディージェン,0.0599449420916122,1,8,0,0,0.00050862546369599,0.006210418939885651
2026-0719-10-02-08-09,6,2020106399,ユメハハテシナク,0.05373452315172655,1,8,0,0,0.006210418939885651,0.011711052853672833
2026-0719-10-02-08-09,7,2019100606,ヤマニンループ,0.042023470298053714,1,8,0,0,0.011711052853672833,0.00980738350400362
2026-0719-10-02-08-09,8,2021102561,キーウェーブ,0.032216086794050094,1,8,0,0,0.00980738350400362,0
2026-0719-10-02-08-10,1,2021100752,アレナパラシオ,0.13199990883511298,1,1,1,0,0,0.04424394168776534
2026-0719-10-02-08-10,2,2022110069,ジューンエオス,0.08775596714734764,2,15,0,1,0.04424394168776534,0.006323343883724172
2026-0719-10-02-08-10,3,2022102223,サイモンシュバリエ,0.08143262326362347,2,15,0,1,0.006323343883724172,0.002225327032726279
2026-0719-10-02-08-10,4,2021105736,カルパ,0.07920729623089719,2,15,0,1,0.002225327032726279,0.007217942337505445
2026-0719-10-02-08-10,5,2022104267,レヴァンテシチー,0.07198935389339174,2,15,0,1,0.007217942337505445,0.026395643034401672
2026-0719-10-02-08-10,6,2020103456,ナヴォーナ,0.04559371085899007,2,15,0,1,0.026395643034401672,0.0036871729789211202
2026-0719-10-02-08-10,7,2022104550,カミノレアル,0.04190653788006895,2,15,0,1,0.0036871729789211202,0.0028923570795041514
2026-0719-10-02-08-10,8,2022102123,モズカトレア,0.0390141808005648,2,15,0,1,0.0028923570795041514,0.005081790383010251
2026-0719-10-02-08-10,9,2022100664,グランキングオー,0.033932390417554546,2,15,0,1,0.005081790383010251,0.004680692210525958
2026-0719-10-02-08-10,10,2021109027,テーオールビー,0.02925169820702859,2,15,0,1,0.004680692210525958,0.0010184696987002514
2026-0719-10-02-08-10,11,2021106157,マッシャーブルム,0.028233228508328337,2,15,0,1,0.0010184696987002514,0.001974916784291087
2026-0719-10-02-08-10,12,2021106635,インザモーメント,0.02625831172403725,2,15,0,1,0.001974916784291087,0.005674677559082939
2026-0719-10-02-08-10,13,2020106635,メイショウシナノ,0.02058363416495431,2,15,0,1,0.005674677559082939,0.00430398720717752
2026-0719-10-02-08-10,14,2021105598,ダノンスウィッチ,0.01627964695777679,2,15,0,1,0.00430398720717752,0.0004377942371202141
2026-0719-10-02-08-10,15,2021103073,プロミシングスター,0.015841852720656576,2,15,0,1,0.0004377942371202141,0.000716205970048487
2026-0719-10-02-08-10,16,2020101209,メイショウオーロラ,0.015125646750608089,2,15,0,1,0.000716205970048487,0
2026-0719-10-02-08-11,1,2022103995,ジョバンニ,0.17382283516088637,1,1,1,0,0,0.07882458092710412
2026-0719-10-02-08-11,2,2022101193,ジーティーアダマン,0.09499825423378225,2,16,0,1,0.07882458092710412,0.012474953219440754
2026-0719-10-02-08-11,3,2021106645,ウエストナウ,0.0825233010143415,2,16,0,1,0.012474953219440754,0.007269454212050344
2026-0719-10-02-08-11,4,2021105808,ガイアメンテ,0.07525384680229115,2,16,0,1,0.007269454212050344,0.008022732603370289
2026-0719-10-02-08-11,5,2022106562,タガノアビー,0.06723111419892086,2,16,0,1,0.008022732603370289,0.0047334212314865814
2026-0719-10-02-08-11,6,2022105346,レーゼドラマ,0.06249769296743428,2,16,0,1,0.0047334212314865814,0.018107099856157882
2026-0719-10-02-08-11,7,2022103793,ケイズレーヴ,0.0443905931112764,2,16,0,1,0.018107099856157882,0.0073628886363172955
2026-0719-10-02-08-11,8,2022106306,ゼンダンハヤブサ,0.0370277044749591,2,16,0,1,0.0073628886363172955,0.004840989224566147
2026-0719-10-02-08-11,9,2021105541,サフィラ,0.032186715250392954,2,16,0,1,0.004840989224566147,0.007240384873176953
2026-0719-10-02-08-11,10,2021105160,カエルム,0.024946330377216,2,16,0,1,0.007240384873176953,0.005217037049062744
2026-0719-10-02-08-11,11,2019103817,テーオーソラネル,0.019729293328153256,2,16,0,1,0.005217037049062744,0.002565284955097887
2026-0719-10-02-08-11,12,2020103082,カネフラ,0.01716400837305537,2,16,0,1,0.002565284955097887,0.0002662967646117724
2026-0719-10-02-08-11,13,2021102895,ナムラエイハブ,0.016897711608443597,2,16,0,1,0.0002662967646117724,0.004118140514997221
2026-0719-10-02-08-11,14,2022102219,ノーランサンライズ,0.012779571093446376,2,16,0,1,0.004118140514997221,0.00010652384293967018
2026-0719-10-02-08-11,15,2020102344,コパノサントス,0.012673047250506705,2,16,0,1,0.00010652384293967018,4.8636986283002656e-05
2026-0719-10-02-08-11,16,2020105750,マイネルメモリー,0.012624410264223703,2,16,0,1,4.8636986283002656e-05,0.006576145712255944
2026-0719-10-02-08-11,17,2022104971,トータルクラリティ,0.006048264551967759,2,16,0,1,0.006576145712255944,0
2026-0719-10-02-08-12,1,2023105274,ミッキージャンプ,0.24203028791465464,1,2,1,0,0,0.03927525082405392
2026-0719-10-02-08-12,2,2023106995,ロングトールサリー,0.20275503709060072,1,2,0,0,0.03927525082405392,0.08541169950325306
2026-0719-10-02-08-12,3,2023107007,グラスベルグ,0.11734333758734766,2,2,0,1,0.08541169950325306,0.012165041914728988
2026-0719-10-02-08-12,4,2023101577,フレイムスター,0.10517829567261867,2,2,0,1,0.012165041914728988,0.05686286977072571
2026-0719-10-02-08-12,5,2022101889,ゼットエイト,0.048315425901892965,3,5,0,0,0.05686286977072571,0.010844788357195267
2026-0719-10-02-08-12,6,2022101608,オーシンエス,0.0374706375446977,3,5,0,0,0.010844788357195267,0.011388453725498928
2026-0719-10-02-08-12,7,2022102957,ヴィーナスバブル,0.02608218381919877,3,5,0,0,0.011388453725498928,0.003871900224336016
2026-0719-10-02-08-12,8,2020101781,アウローラシエル,0.022210283594862754,3,5,0,0,0.003871900224336016,0.0022407476037763704
2026-0719-10-02-08-12,9,2022102819,ブリッツアロング,0.019969535991086383,3,5,0,0,0.0022407476037763704,0
2026-0725-01-01-01-01,1,2023103999,カッサンドラ,0.2547203200785016,1,1,1,0,0,0.1742747771112602
2026-0725-01-01-01-01,2,2023101061,カレンココナ,0.0804455429672414,2,7,0,1,0.1742747771112602,0.004256920725073679
2026-0725-01-01-01-01,3,2023102282,カプリースカラー,0.07618862224216773,2,7,0,1,0.004256920725073679,0.008144024861301752
2026-0725-01-01-01-01,4,2023101755,アイビーミャーオ,0.06804459738086598,2,7,0,1,0.008144024861301752,0.014946094485630196
2026-0725-01-01-01-01,5,2023103167,ロングフルスペック,0.05309850289523578,2,7,0,1,0.014946094485630196,0.005639714518069522
2026-0725-01-01-01-01,6,2023103454,テイクマイハート,0.04745878837716626,2,7,0,1,0.005639714518069522,0.000106023818891611
2026-0725-01-01-01-01,7,2023100786,クリコイーコ,0.04735276455827465,2,7,0,1,0.000106023818891611,0.034360192570085574
2026-0725-01-01-01-01,8,2023110042,レヴヴィ,0.01299257198818907,2,7,0,1,0.034360192570085574,0
2026-0725-01-01-01-02,1,2024103505,ヌーンベルク,0.23932849916605514,1,5,1,0,0,0.03455527473262579
2026-0725-01-01-01-02,2,2024106857,トーセンルルド,0.20477322443342935,1,5,0,0,0.03455527473262579,0.0031908043192112323
2026-0725-01-01-01-02,3,2024105362,ライフイズアート,0.20158242011421812,1,5,0,0,0.0031908043192112323,0.042215539552676706
2026-0725-01-01-01-02,4,2024100077,サノノベリー,0.1593668805615414,1,5,0,0,0.042215539552676706,0.006076525736593841
2026-0725-01-01-01-02,5,2024101989,ヴィヴィアンリーチ,0.15329035482494757,1,5,0,0,0.006076525736593841,0.050936575299402514
2026-0725-01-01-01-02,6,2024100652,コックニー,0.10235377952554506,2,2,0,1,0.050936575299402514,0.005657613861067917
2026-0725-01-01-01-02,7,2024106810,テイクケア,0.09669616566447714,2,2,0,1,0.005657613861067917,0.04553864727163587
2026-0725-01-01-01-02,8,2024105402,シガレス,0.05115751839284127,3,1,0,0,0.04553864727163587,0
2026-0725-01-01-01-03,1,2023101814,アオイミズホ,0.17156345912583712,1,3,1,0,0,0.030160352523405737
2026-0725-01-01-01-03,2,2023103360,ヤマメイッカ,0.14140310660243138,1,3,0,0,0.030160352523405737,0.0011975169635875527
2026-0725-01-01-01-03,3,2023106046,ブルーフレア,0.14020558963884383,1,3,0,0,0.0011975169635875527,0.0792903914363714
2026-0725-01-01-01-03,4,2023104988,メイショウシンガン,0.06091519820247244,2,7,0,1,0.0792903914363714,0.01160964119609982
2026-0725-01-01-01-03,5,2023104936,メイショウノヴァス,0.04930555700637262,2,7,0,1,0.01160964119609982,0.002048563818464265
2026-0725-01-01-01-03,6,2023101714,ワンダーゾルダート,0.04725699318790835,2,7,0,1,0.002048563818464265,0.012894529094948544
2026-0725-01-01-01-03,7,2023104027,ダンツアラーム,0.03436246409295981,2,7,0,1,0.012894529094948544,0.0071357029708474275
2026-0725-01-01-01-03,8,2023102887,クロームクロス,0.02722676112211238,2,7,0,1,0.0071357029708474275,0.01253806693320073
2026-0725-01-01-01-03,9,2023101994,マクローリン,0.01468869418891165,2,7,0,1,0.01253806693320073,0.006899389530455518
2026-0725-01-01-01-03,10,2023106531,ゴーントゥファー,0.007789304658456133,2,7,0,1,0.006899389530455518,0
2026-0725-01-01-01-04,1,2023103394,フレッチャアズーラ,0.1430589849733805,1,14,1,0,0,0.00022119611812404516
2026-0725-01-01-01-04,2,2023106578,ペカリーナ,0.14283778885525644,1,14,0,0,0.00022119611812404516,0.029340117975875366
2026-0725-01-01-01-04,3,2023106115,アロハ,0.11349767087938108,1,14,0,0,0.029340117975875366,0.033440984651185474
2026-0725-01-01-01-04,4,2023101315,サンエンジェルス,0.0800566862281956,1,14,0,0,0.033440984651185474,0.0005371646031157584
2026-0725-01-01-01-04,5,2023107361,ロジマギー,0.07951952162507984,1,14,0,0,0.0005371646031157584,0.0023068862061260687
2026-0725-01-01-01-04,6,2023106910,エアヴァイブス,0.07721263541895378,1,14,0,0,0.0023068862061260687,0.02040094194226228
2026-0725-01-01-01-04,7,2023105785,フローズンクイーン,0.056811693476691495,1,14,0,0,0.02040094194226228,0.009028149866833785
2026-0725-01-01-01-04,8,2023107068,サンセリテ,0.04778354360985771,1,14,0,0,0.009028149866833785,0.007940426609940363
2026-0725-01-01-01-04,9,2023105775,カスタニッチャ,0.03984311699991735,1,14,0,0,0.007940426609940363,0.004229858177476155
2026-0725-01-01-01-04,10,2023103559,レイナデルアイレ,0.03561325882244119,1,14,0,0,0.004229858177476155,6.030907491011428e-05
2026-0725-01-01-01-04,11,2023102511,ビップジョワ,0.03555294974753108,1,14,0,0,6.030907491011428e-05,0.021585156729894674
2026-0725-01-01-01-04,12,2023100777,スパークルレイ,0.013967793017636404,1,14,0,0,0.021585156729894674,0.004717810130637717
2026-0725-01-01-01-04,13,2023106508,イノリ,0.009249982886998687,1,14,0,0,0.004717810130637717,0.003990475192734043
2026-0725-01-01-01-04,14,2023102495,イヌボウノシオカゼ,0.005259507694264643,1,14,0,0,0.003990475192734043,0
2026-0725-01-01-01-05,1,2024106872,レガメデルヴェント,0.1284814814768075,1,6,1,0,0,0.0
2026-0725-01-01-01-05,2,2024100448,アンバーバレット,0.1284814814768075,1,6,0,0,0.0,0.0
2026-0725-01-01-01-05,3,2024106410,ホウオウシュウ,0.1284814814768075,1,6,0,0,0.0,0.0
2026-0725-01-01-01-05,4,2024101610,カナデ,0.1284814814768075,1,6,0,0,0.0,0.0
2026-0725-01-01-01-05,5,2024106772,トロフィアス,0.1284814814768075,1,6,0,0,0.0,0.0
2026-0725-01-01-01-05,6,2024105058,ディアファザー,0.1284814814768075,1,6,0,0,0.0,0
2026-0725-01-01-01-06,1,2023102923,インフィオラータ,0.13692343743371235,1,14,1,0,0,0.01074870880641915
2026-0725-01-01-01-06,2,2023104216,コワンニシタガウ,0.1261747286272932,1,14,0,0,0.01074870880641915,0.004481143317819639
2026-0725-01-01-01-06,3,2023106517,ルナティックブルー,0.12169358530947356,1,14,0,0,0.004481143317819639,0.008526259251153342
2026-0725-01-01-01-06,4,2023102166,ケナゲ,0.11316732605832022,1,14,0,0,0.008526259251153342,0.023261779322902645
2026-0725-01-01-01-06,5,2023103867,アート,0.08990554673541758,1,14,0,0,0.023261779322902645,0.0014616903088490174
2026-0725-01-01-01-06,6,2023106478,ヘクセンハウス,0.08844385642656856,1,14,0,0,0.0014616903088490174,0.03283988437712935
2026-0725-01-01-01-06,7,2023106805,ギルランダ,0.05560397204943921,1,14,0,0,0.03283988437712935,0.014967174609447582
2026-0725-01-01-01-06,8,2023103175,セイントクーヤ,0.04063679743999163,1,14,0,0,0.014967174609447582,0.000306334047542052
2026-0725-01-01-01-06,9,2023102915,テンレディーゴー,0.04033046339244958,1,14,0,0,0.000306334047542052,0.008515929665011066
2026-0725-01-01-01-06,10,2023102434,グランフルス,0.03181453372743851,1,14,0,0,0.008515929665011066,0.010663895304173773
2026-0725-01-01-01-06,11,2023107156,トランスマリーン,0.02115063842326474,1,14,0,0,0.010663895304173773,0.00015795466193542496
2026-0725-01-01-01-06,12,2023105853,ウインアベリア,0.020992683761329314,1,14,0,0,0.00015795466193542496,0.000240000610005002
2026-0725-01-01-01-06,13,2023107270,フォルストランキル,0.02075268315132431,1,14,0,0,0.000240000610005002,0.005404298338090988
2026-0725-01-01-01-06,14,2023105270,ルージュアイラ,0.015348384813233324,1,14,0,0,0.005404298338090988,0
2026-0725-01-01-01-07,1,2023104998,カイショー,0.27339006365149254,1,2,1,0,0,0.009524906914734343
2026-0725-01-01-01-07,2,2022103991,ジーティーエスピ,0.2638651567367582,1,2,0,0,0.009524906914734343,0.07143948939512473
2026-0725-01-01-01-07,3,2023105141,ニシノサリーナ,0.19242566734163347,2,1,0,1,0.07143948939512473,0.09057316437376321
2026-0725-01-01-01-07,4,2023103137,ハッピーラッキー,0.10185250296787025,3,12,0,0,0.09057316437376321,0.00010634605030104827
2026-0725-01-01-01-07,5,2022106835,セガンティーニ,0.1017461569175692,3,12,0,0,0.00010634605030104827,0.012673373562458207
2026-0725-01-01-01-07,6,2023106780,ランプローグ,0.089072783355111,3,12,0,0,0.012673373562458207,0.0020213361450454187
2026-0725-01-01-01-07,7,2021104404,シュークリーム,0.08705144721006558,3,12,0,0,0.0020213361450454187,0.0002881563418145744
2026-0725-01-01-01-07,8,2023102210,アイアムステキ,0.086763290868251,3,12,0,0,0.0002881563418145744,0.00850961064279579
2026-0725-01-01-01-07,9,2023105290,サトノカスターニャ,0.07825368022545522,3,12,0,0,0.00850961064279579,0.015306039369742702
2026-0725-01-01-01-07,10,2022101053,ペガサスノース,0.06294764085571251,3,12,0,0,0.015306039369742702,0.007091215242360727
2026-0725-01-01-01-07,11,2022104221,ペイシャアーサー,0.05585642561335179,3,12,0,0,0.007091215242360727,0.00350028209119594
2026-0725-01-01-01-07,12,2022102878,ナンナンプー,0.05235614352215585,3,12,0,0,0.00350028209119594,0.008578857968063479
2026-0725-01-01-01-07,13,2021102401,グランテレーズ,0.04377728555409237,3,12,0,0,0.008578857968063479,0.007950561934902622
2026-0725-01-01-01-07,14,2023104867,マティンデ,0.035826723619189746,3,12,0,0,0.007950561934902622,0.018974087484319647
2026-0725-01-01-01-07,15,2022101908,イズルード,0.0168526361348701,3,12,0,0,0.018974087484319647,0
2026-0725-01-01-01-08,1,2023102455,オンザムービー,0.14819161110962425,1,5,1,0,0,0.029466659037166873
2026-0725-01-01-01-08,2,2023100715,ピエナオルカ,0.11872495207245738,1,5,0,0,0.029466659037166873,0.00849653606032498
2026-0725-01-01-01-08,3,2023103806,ジェネラスキング,0.1102284160121324,1,5,0,0,0.00849653606032498,0.011755785955445644
2026-0725-01-01-01-08,4,2022102378,ファンタイムギフト,0.09847263005668676,1,5,0,0,0.011755785955445644,0.0023914598169751944
2026-0725-01-01-01-08,5,2023102178,タイキルッジェーロ,0.09608117023971156,1,5,0,0,0.0023914598169751944,0.04559777610944802
2026-0725-01-01-01-08,6,2022101465,リュミナーズ,0.050483394130263544,2,7,0,1,0.04559777610944802,0.0016958756634942937
2026-0725-01-01-01-08,7,2022102929,ザハント,0.04878751846676925,2,7,0,1,0.0016958756634942937,0.0005914333671779293
2026-0725-01-01-01-08,8,2021100387,マーベリックシチー,0.04819608509959132,2,7,0,1,0.0005914333671779293,0.008815960578432473
2026-0725-01-01-01-08,9,2022102397,ビービーバザーク,0.03938012452115885,2,7,0,1,0.008815960578432473,0.008948877412339289
2026-0725-01-01-01-08,10,2023105381,ハイライトニング,0.03043124710881956,2,7,0,1,0.008948877412339289,0.006859663959362071
2026-0725-01-01-01-08,11,2021109088,アルニラム,0.023571583149457488,2,7,0,1,0.006859663959362071,0.004651691380674408
2026-0725-01-01-01-08,12,2022103235,カフェブーケット,0.01891989176878308,2,7,0,1,0.004651691380674408,0
2026-0725-01-01-01-09,1,2022106618,ジェルブロア,0.2391633511415436,1,5,1,0,0,0.019315513570075743
2026-0725-01-01-01-09,2,2023107024,シニャンガ,0.21984783757146786,1,5,0,0,0.019315513570075743,0.006638557777178117
2026-0725-01-01-01-09,3,2023105820,ルーチェフィオーレ,0.21320927979428975,1,5,0,0,0.006638557777178117,0.03780060127704393
2026-0725-01-01-01-09,4,2023102584,ラコンチャビエン,0.17540867851724581,1,5,0,0,0.03780060127704393,0.007091514118405334
2026-0725-01-01-01-09,5,2023106226,ナムラヒナギク,0.16831716439884048,1,5,0,0,0.007091514118405334,0.08706598034535146
2026-0725-01-01-01-09,6,2022105153,ディヒターリーベ,0.08125118405348902,2,5,0,1,0.08706598034535146,0.014853282630144252
2026-0725-01-01-01-09,7,2023101090,ジャストビート,0.06639790142334477,2,5,0,1,0.014853282630144252,0.004595565442043356
2026-0725-01-01-01-09,8,2023105977,キタノサリスカ,0.061802335981301415,2,5,0,1,0.004595565442043356,0.00871719767684516
2026-0725-01-01-01-09,9,2023107075,ガーネットフレア,0.053085138304456256,2,5,0,1,0.00871719767684516,0.028021391881981553
2026-0725-01-01-01-09,10,2022100724,ニシノエピカリ,0.025063746422474702,2,5,0,1,0.028021391881981553,0
2026-0725-01-01-01-10,1,2020103208,ジュンツバメガエシ,0.17656009545761378,1,4,1,0,0,0.005694550383670699
2026-0725-01-01-01-10,2,2023103500,ウェイクフィールド,0.17086554507394308,1,4,0,0,0.005694550383670699,0.01347308101789263
2026-0725-01-01-01-10,3,2022105839,アスクデッドヒート,0.15739246405605045,1,4,0,0,0.01347308101789263,0.008506258681178797
2026-0725-01-01-01-10,4,2022104692,バースライト,0.14888620537487166,1,4,0,0,0.008506258681178797,0.09783067391607109
2026-0725-01-01-01-10,5,2021105475,レイデラルース,0.05105553145880056,2,7,0,1,0.09783067391607109,0.0015766341676710718
2026-0725-01-01-01-10,6,2022105485,ボンドロア,0.04947889729112949,2,7,0,1,0.0015766341676710718,0.004947971191528629
2026-0725-01-01-01-10,7,2022106624,リギーロ,0.04453092609960086,2,7,0,1,0.004947971191528629,0.013247766420226612
2026-0725-01-01-01-10,8,2021105285,ライフセービング,0.03128315967937425,2,7,0,1,0.013247766420226612,0.00024193779180608013
2026-0725-01-01-01-10,9,2022103310,レイヤードレッド,0.03104122188756817,2,7,0,1,0.00024193779180608013,0.0029543505780734135
2026-0725-01-01-01-10,10,2020106694,ヴァイザーバルコ,0.028086871309494756,2,7,0,1,0.0029543505780734135,0.004390789719430941
2026-0725-01-01-01-10,11,2021110130,ドッビアーコ,0.023696081590063815,2,7,0,1,0.004390789719430941,0
2026-0725-01-01-01-11,1,2023104015,ロジケープ,0.2592395920494819,1,1,1,0,0,0.08771611371380408
2026-0725-01-01-01-11,2,2023110100,アスクケンタッキー,0.1715234783356778,2,11,0,1,0.08771611371380408,0.03427984721214
2026-0725-01-01-01-11,3,2023102577,アンジュプロミス,0.1372436311235378,2,11,0,1,0.03427984721214,0.024026403122877404
2026-0725-01-01-01-11,4,2023103355,クリエープキー,0.11321722800066039,2,11,0,1,0.024026403122877404,0.005264985963427629
2026-0725-01-01-01-11,5,2022101443,サウスバンク,0.10795224203723276,2,11,0,1,0.005264985963427629,0.019480302647809797
2026-0725-01-01-01-11,6,2021100143,メルトユアハート,0.08847193938942297,2,11,0,1,0.019480302647809797,0.014710747199666363
2026-0725-01-01-01-11,7,2020104194,ルーフ,0.0737611921897566,2,11,0,1,0.014710747199666363,0.0024104714768201085
2026-0725-01-01-01-11,8,2021105242,シカゴスティング,0.0713507207129365,2,11,0,1,0.0024104714768201085,0.004427831653658967
2026-0725-01-01-01-11,9,2021105689,エヴァンスウィート,0.06692288905927753,2,11,0,1,0.004427831653658967,0.008453310731472527
2026-0725-01-01-01-11,10,2020104616,パクスロマーナ,0.058469578327805,2,11,0,1,0.008453310731472527,0.02863163453120219
2026-0725-01-01-01-11,11,2022109024,ウィルオレオール,0.02983794379660281,2,11,0,1,0.02863163453120219,0.01044604774904602
2026-0725-01-01-01-11,12,2021105039,ゴールドサーベル,0.01939189604755679,2,11,0,1,0.01044604774904602,0
2026-0725-01-01-01-12,1,2022104903,セボンサデッセ,0.2917023344828454,1,1,1,0,0,0.04282235098022416
2026-0725-01-01-01-12,2,2022110130,ベラジオワールド,0.24887998350262122,2,1,0,1,0.04282235098022416,0.14121860106720824
2026-0725-01-01-01-12,3,2022106924,ハイクオリティ,0.10766138243541297,3,9,0,0,0.14121860106720824,0.04118558924248389
2026-0725-01-01-01-12,4,2021105931,ギマール,0.06647579319292908,3,9,0,0,0.04118558924248389,0.01722920506965058
2026-0725-01-01-01-12,5,2022103778,ライフゲート,0.0492465881232785,3,9,0,0,0.01722920506965058,0.008648741832671655
2026-0725-01-01-01-12,6,2022104605,ショウナンヤッホー,0.040597846290606844,3,9,0,0,0.008648741832671655,0.00035313835391456716
2026-0725-01-01-01-12,7,2022100028,フェスタリア,0.04024470793669228,3,9,0,0,0.00035313835391456716,0.008945223163728984
2026-0725-01-01-01-12,8,2021104039,ジュンラトゥール,0.03129948477296329,3,9,0,0,0.008945223163728984,0.0010829982652342494
2026-0725-01-01-01-12,9,2022100321,リメンバーヒム,0.030216486507729044,3,9,0,0,0.0010829982652342494,0.013175934822413783
2026-0725-01-01-01-12,10,2021103809,マッスルバック,0.01704055168531526,3,9,0,0,0.013175934822413783,0.007741398040187421
2026-0725-01-01-01-12,11,2020100673,ヒルノピレネー,0.00929915364512784,3,9,0,0,0.007741398040187421,0
2026-0725-04-02-01-01,1,2024106204,レゾルーティオ,0.2141472388420643,1,1,1,0,0,0.08988595560404057
2026-0725-04-02-01-01,2,2024106085,ノシェリー,0.12426128323802373,2,9,0,1,0.08988595560404057,0.009450668769614118
2026-0725-04-02-01-01,3,2024104561,フルーツバスケット,0.11481061446840961,2,9,0,1,0.009450668769614118,0.02118115885312405
2026-0725-04-02-01-01,4,2024104709,コルサロ,0.09362945561528556,2,9,0,1,0.02118115885312405,0.007885674482117785
2026-0725-04-02-01-01,5,2024101481,ソラニワラエバ,0.08574378113316777,2,9,0,1,0.007885674482117785,0.022117112704864758
2026-0725-04-02-01-01,6,2024103610,コスモバルムンク,0.06362666842830302,2,9,0,1,0.022117112704864758,0.004143301721023125
2026-0725-04-02-01-01,7,2024101058,ランドジャイアンツ,0.05948336670727989,2,9,0,1,0.004143301721023125,0.017550313145219577
2026-0725-04-02-01-01,8,2024101755,トリプティーク,0.04193305356206031,2,9,0,1,0.017550313145219577,0.023475745667393823
2026-0725-04-02-01-01,9,2024106974,ワンコール,0.01845730789466649,2,9,0,1,0.023475745667393823,0.006006246342527933
2026-0725-04-02-01-01,10,2024100263,ローグアン,0.012451061552138556,2,9,0,1,0.006006246342527933,0
2026-0725-04-02-01-02,1,2024105112,エレクトス,0.06674459329045296,1,14,1,0,0,0.0
2026-0725-04-02-01-02,2,2024102636,リコルディオーロ,0.06674459329045296,1,14,0,0,0.0,0.0
2026-0725-04-02-01-02,3,2024105532,モミスケ,0.06674459329045296,1,14,0,0,0.0,0.0
2026-0725-04-02-01-02,4,2024106979,ピウモッソ,0.06674459329045296,1,14,0,0,0.0,0.0
2026-0725-04-02-01-02,5,2024103364,ランズエンド,0.06674459329045296,1,14,0,0,0.0,0.0
2026-0725-04-02-01-02,6,2024104916,ユイチャンファイト,0.06674459329045296,1,14,0,0,0.0,0.0
2026-0725-04-02-01-02,7,2024105501,サザンキンレンカ,0.06674459329045296,1,14,0,0,0.0,0.0
2026-0725-04-02-01-02,8,2024101581,アレックスケー,0.06674459329045296,1,14,0,0,0.0,0.0
2026-0725-04-02-01-02,9,2024106237,スクワミッシュ,0.06674459329045296,1,14,0,0,0.0,0.0
2026-0725-04-02-01-02,10,2024102446,ライヴバーボン,0.06674459329045296,1,14,0,0,0.0,0.0
2026-0725-04-02-01-02,11,2024108217,イニシャルポイント,0.06674459329045296,1,14,0,0,0.0,0.0
2026-0725-04-02-01-02,12,2024107159,ミカミッチー,0.06674459329045296,1,14,0,0,0.0,0.0
2026-0725-04-02-01-02,13,2024104733,オンアロール,0.06674459329045296,1,14,0,0,0.0,0.0
2026-0725-04-02-01-02,14,2024102665,コパノフラメンコ,0.06674459329045296,1,14,0,0,0.0,0
2026-0725-04-02-01-03,1,2024106273,トルタパスカリーナ,0.11843492100033122,1,8,1,0,0,0.0
2026-0725-04-02-01-03,2,2024106268,リーベラーリア,0.11843492100033122,1,8,0,0,0.0,0.0
2026-0725-04-02-01-03,3,2024104692,スターマイン,0.11843492100033122,1,8,0,0,0.0,0.0
2026-0725-04-02-01-03,4,2024106340,セプタードアイル,0.11843492100033122,1,8,0,0,0.0,0.0
2026-0725-04-02-01-03,5,2024107260,サトノスプレマシー,0.11843492100033122,1,8,0,0,0.0,0.0
2026-0725-04-02-01-03,6,2024104483,スイートアリッサム,0.11843492100033122,1,8,0,0,0.0,0.0
2026-0725-04-02-01-03,7,2024105769,プレママドンナ,0.11843492100033122,1,8,0,0,0.0,0.0
2026-0725-04-02-01-03,8,2024103955,マリアンデール,0.11843492100033122,1,8,0,0,0.0,0
2026-0725-04-02-01-04,1,2023102590,プリプリプリン,0.2672765963790253,1,1,1,0,0,0.06999871590054046
2026-0725-04-02-01-04,2,2023107355,マナイアカラニ,0.19727788047848482,2,2,0,1,0.06999871590054046,0.012614341901628717
2026-0725-04-02-01-04,3,2023104392,オレンジキャンパス,0.1846635385768561,2,2,0,1,0.012614341901628717,0.08294088368389732
2026-0725-04-02-01-04,4,2023103693,スノーランス,0.10172265489295879,3,12,0,0,0.08294088368389732,0.03221546108591912
2026-0725-04-02-01-04,5,2023100006,セイウンヤオヨロズ,0.06950719380703967,3,12,0,0,0.03221546108591912,0.020303543153405032
2026-0725-04-02-01-04,6,2023103278,サンマルオブウォー,0.049203650653634634,3,12,0,0,0.020303543153405032,0.003234363954166028
2026-0725-04-02-01-04,7,2023101142,ナーシリーヤ,0.045969286699468606,3,12,0,0,0.003234363954166028,0.014969702123009732
2026-0725-04-02-01-04,8,2023104017,ロジザボード,0.030999584576458874,3,12,0,0,0.014969702123009732,0.014519737416502556
2026-0725-04-02-01-04,9,2023102338,シャインネージュ,0.016479847159956318,3,12,0,0,0.014519737416502556,0.0010786302576965036
2026-0725-04-02-01-04,10,2023106346,パチクリベスクリ,0.015401216902259814,3,12,0,0,0.0010786302576965036,0.00043788789335931846
2026-0725-04-02-01-04,11,2023101489,スウィートラキ,0.014963329008900496,3,12,0,0,0.00043788789335931846,0.0001421158784430665
2026-0725-04-02-01-04,12,2023106133,スウェーバック,0.01482121313045743,3,12,0,0,0.0001421158784430665,0.0009976837439378498
2026-0725-04-02-01-04,13,2023102069,メイショウバリスタ,0.01382352938651958,3,12,0,0,0.0009976837439378498,0.003649593216434297
2026-0725-04-02-01-04,14,2023101804,ジョイベル,0.010173936170085282,3,12,0,0,0.003649593216434297,0.004428544176242877
2026-0725-04-02-01-04,15,2023105179,フジテンクウ,0.005745391993842406,3,12,0,0,0.004428544176242877,0
2026-0725-04-02-01-05,1,2023106960,キシダンチョウ,0.2714004790264685,1,1,1,0,0,0.0869962227298933
2026-0725-04-02-01-05,2,2022107186,フィールドノート,0.18440425629657523,2,3,0,1,0.0869962227298933,0.021558112523705014
2026-0725-04-02-01-05,3,2023103356,ヴァリスマリネリス,0.1628461437728702,2,3,0,1,0.021558112523705014,0.02501202867762417
2026-0725-04-02-01-05,4,2022104875,オルグジェシダ,0.13783411509524604,2,3,0,1,0.02501202867762417,0.04344660885379889
2026-0725-04-02-01-05,5,2022105532,カリーン,0.09438750624144715,3,7,0,0,0.04344660885379889,0.03474208233185141
2026-0725-04-02-01-05,6,2023106443,コスモナエマ,0.05964542390959574,3,7,0,0,0.03474208233185141,0.002991945395626
2026-0725-04-02-01-05,7,2022106150,スワローシチー,0.05665347851396974,3,7,0,0,0.002991945395626,0.000681081545411133
2026-0725-04-02-01-05,8,2022100068,メイショウキンタイ,0.05597239696855861,3,7,0,0,0.000681081545411133,0.017233634201142073
2026-0725-04-02-01-05,9,2021101801,ケイツールピア,0.038738762767416536,3,7,0,0,0.017233634201142073,0.011406865561014244
2026-0725-04-02-01-05,10,2022101620,トラストモアリズム,0.027331897206402292,3,7,0,0,0.011406865561014244,0.008139711374154302
2026-0725-04-02-01-05,11,2021103518,リアルセンター,0.01919218583224799,3,7,0,0,0.008139711374154302,0
2026-0725-04-02-01-06,1,2022105038,シャンソンドール,0.272613285020476,1,1,1,0,0,0.11539020959663387
2026-0725-04-02-01-06,2,2022106619,コルドンブルー,0.15722307542384212,2,14,0,1,0.11539020959663387,0.036453098546491036
2026-0725-04-02-01-06,3,2023104885,ジーネキング,0.12076997687735108,2,14,0,1,0.036453098546491036,0.03001934537120636
2026-0725-04-02-01-06,4,2023100681,ガリレア,0.09075063150614472,2,14,0,1,0.03001934537120636,0.004800886142071914
2026-0725-04-02-01-06,5,2021105871,ソニックライン,0.08594974536407281,2,14,0,1,0.004800886142071914,0.01959103340892296
2026-0725-04-02-01-06,6,2022105233,ルナルーチェット,0.06635871195514985,2,14,0,1,0.01959103340892296,0.0021746468737420532
2026-0725-04-02-01-06,7,2021105765,ミッキースターダム,0.0641840650814078,2,14,0,1,0.0021746468737420532,0.0063827038993562735
2026-0725-04-02-01-06,8,2021102597,ラビットアイ,0.05780136118205152,2,14,0,1,0.0063827038993562735,0.009473110998394159
2026-0725-04-02-01-06,9,2022102920,ギフテッド,0.04832825018365736,2,14,0,1,0.009473110998394159,0.012045246645163973
2026-0725-04-02-01-06,10,2022105047,メランジェ,0.03628300353849339,2,14,0,1,0.012045246645163973,0.00929353640090199
2026-0725-04-02-01-06,11,2021103561,ゴールドスター,0.0269894671375914,2,14,0,1,0.00929353640090199,0.0026905427289684383
2026-0725-04-02-01-06,12,2021105150,ナファロア,0.02429892440862296,2,14,0,1,0.0026905427289684383,0.0009935357922390316
2026-0725-04-02-01-06,13,2022105552,ナグルファル,0.02330538861638393,2,14,0,1,0.0009935357922390316,0.0026236316081813503
2026-0725-04-02-01-06,14,2021104899,ドリームクルーズ,0.02068175700820258,2,14,0,1,0.0026236316081813503,0.002420662358946977
2026-0725-04-02-01-06,15,2021103799,ケイケイ,0.018261094649255603,2,14,0,1,0.002420662358946977,0
2026-0725-04-02-01-07,1,2022105326,コートアリシアン,0.2079232876376967,1,1,1,0,0,0.11115896851981026
2026-0725-04-02-01-07,2,2022105435,ボンヌソワレ,0.09676431911788645,2,16,0,1,0.11115896851981026,0.028439807458196714
2026-0725-04-02-01-07,3,2019103815,スマイルアップ,0.06832451165968974,2,16,0,1,0.028439807458196714,0.003629200322124243
2026-0725-04-02-01-07,4,2022101765,ピコローズ,0.0646953113375655,2,16,0,1,0.003629200322124243,0.0048881062952767645
2026-0725-04-02-01-07,5,2020102310,キタサンダムール,0.05980720504228873,2,16,0,1,0.0048881062952767645,0.004256239039535835
2026-0725-04-02-01-07,6,2022106603,モジャーリオ,0.055550966002752895,2,16,0,1,0.004256239039535835,0.002835836874024132
2026-0725-04-02-01-07,7,2020103280,エマヌエーレ,0.05271512912872876,2,16,0,1,0.002835836874024132,0.006426920053476483
2026-0725-04-02-01-07,8,2022105108,モンテシート,0.04628820907525228,2,16,0,1,0.006426920053476483,0.00045762205831645364
2026-0725-04-02-01-07,9,2021104401,ヴェサリウス,0.04583058701693583,2,16,0,1,0.00045762205831645364,0.00479172154454794
2026-0725-04-02-01-07,10,2022101573,ポッドロワール,0.041038865472387887,2,16,0,1,0.00479172154454794,0.003385470137841136
2026-0725-04-02-01-07,11,2021105888,スティールブルー,0.03765339533454675,2,16,0,1,0.003385470137841136,0.006288331328526187
2026-0725-04-02-01-07,12,2022104918,チューラワンサ,0.031365064006020564,2,16,0,1,0.006288331328526187,0.0011105097713603324
2026-0725-04-02-01-07,13,2020100906,フライングブレード,0.03025455423466023,2,16,0,1,0.0011105097713603324,0.010333381019387154
2026-0725-04-02-01-07,14,2021104167,エイムフォーエース,0.019921173215273077,2,16,0,1,0.010333381019387154,0.0006726303207777694
2026-0725-04-02-01-07,15,2022103754,ミストレス,0.019248542894495308,2,16,0,1,0.0006726303207777694,0.004559724672822415
2026-0725-04-02-01-07,16,2020106900,アームテイル,0.014688818221672893,2,16,0,1,0.004559724672822415,0.0006856920960318993
2026-0725-04-02-01-07,17,2020104332,ルミノメテオール,0.014003126125640994,2,16,0,1,0.0006856920960318993,0
2026-0725-04-02-01-08,1,2023103714,インナーパッション,0.10839229528841697,1,13,1,0,0,0.004144977442146161
2026-0725-04-02-01-08,2,2022105367,パイオニアスクエア,0.10424731784627081,1,13,0,0,0.004144977442146161,0.008923490153455657
2026-0725-04-02-01-08,3,2023100514,ロケットパンチ,0.09532382769281515,1,13,0,0,0.008923490153455657,0.018065353512047744
2026-0725-04-02-01-08,4,2023101495,アヴァランチ,0.07725847418076741,1,13,0,0,0.018065353512047744,0.013620759445101369
2026-0725-04-02-01-08,5,2021105730,コッレヴェッキオ,0.06363771473566604,1,13,0,0,0.013620759445101369,0.013832491830222664
2026-0725-04-02-01-08,6,2022105154,イリュストル,0.049805222905443376,1,13,0,0,0.013832491830222664,0.007374055317978127
2026-0725-04-02-01-08,7,2023103677,ヴィエントデコラ,0.04243116758746525,1,13,0,0,0.007374055317978127,0.0034051751203055536
2026-0725-04-02-01-08,8,2022101801,ケルピー,0.039025992467159695,1,13,0,0,0.0034051751203055536,0.016236602314731837
2026-0725-04-02-01-08,9,2022106099,ハルノアラシ,0.022789390152427858,1,13,0,0,0.016236602314731837,0.0016980066580407557
2026-0725-04-02-01-08,10,2022110061,ブレスドナイル,0.021091383494387102,1,13,0,0,0.0016980066580407557,0.004238200028679258
2026-0725-04-02-01-08,11,2023106753,バッカステソーロ,0.016853183465707845,1,13,0,0,0.004238200028679258,0.0020262628629954677
2026-0725-04-02-01-08,12,2021110040,メトロポリターナ,0.014826920602712377,1,13,0,0,0.0020262628629954677,0.005269144830539498
2026-0725-04-02-01-08,13,2022104264,ライヴスプーン,0.009557775772172879,1,13,0,0,0.005269144830539498,0
2026-0725-04-02-01-09,1,2019100718,スコラーリ,0.2180569918351211,1,1,1,0,0,0.0769506122533094
2026-0725-04-02-01-09,2,2020104328,パープルアドミラル,0.1411063795818117,2,7,0,1,0.0769506122533094,0.002576485160261738
2026-0725-04-02-01-09,3,2022103181,モンツァフレイバー,0.13852989442154995,2,7,0,1,0.002576485160261738,0.029576646775995447
2026-0725-04-02-01-09,4,2020102864,サングラデーション,0.1089532476455545,2,7,0,1,0.029576646775995447,0.017276986034748185
2026-0725-04-02-01-09,5,2019103100,サルサロッサ,0.09167626161080632,2,7,0,1,0.017276986034748185,0.01761992238438513
2026-0725-04-02-01-09,6,2020100948,ウォーターリーダー,0.07405633922642119,2,7,0,1,0.01761992238438513,0.010408259834727776
2026-0725-04-02-01-09,7,2021104112,ローンウルフ,0.06364807939169341,2,7,0,1,0.010408259834727776,0.005222102434880194
2026-0725-04-02-01-09,8,2018110131,アメリカンピース,0.058425976956813216,2,7,0,1,0.005222102434880194,0
2026-0725-04-02-01-10,1,2023103404,カーボフリオ,0.08452963857626691,1,3,1,0,0,0.0006462784045261488
2026-0725-04-02-01-10,2,2023104508,ゴールドビリーヴ,0.08388336017174076,1,3,0,0,0.0006462784045261488,0.0008696606387183642
2026-0725-04-02-01-10,3,2023104394,バーヴァンシー,0.0830136995330224,1,3,0,0,0.0008696606387183642,0.04342868214198718
2026-0725-04-02-01-10,4,2023106183,シェリーシュシュ,0.03958501739103522,2,12,0,1,0.04342868214198718,0.012165376389299553
2026-0725-04-02-01-10,5,2023101733,ナツミカンチャン,0.027419641001735665,2,12,0,1,0.012165376389299553,0.0032810962163556494
2026-0725-04-02-01-10,6,2023103905,メジロピオラ,0.024138544785380016,2,12,0,1,0.0032810962163556494,0.0014999896111793504
2026-0725-04-02-01-10,7,2023104581,アドバンスジェンヌ,0.022638555174200665,2,12,0,1,0.0014999896111793504,0.00018064049936838966
2026-0725-04-02-01-10,8,2023103052,ベアエクスプレス,0.022457914674832276,2,12,0,1,0.00018064049936838966,0.002865231380158227
2026-0725-04-02-01-10,9,2023104810,ミュージックレイン,0.01959268329467405,2,12,0,1,0.002865231380158227,0.004512622319450358
2026-0725-04-02-01-10,10,2023101564,オリエンタルガール,0.015080060975223691,2,12,0,1,0.004512622319450358,0.0038430084941652107
2026-0725-04-02-01-10,11,2023105047,ナックレジーナ,0.01123705248105848,2,12,0,1,0.0038430084941652107,0.001572919186797972
2026-0725-04-02-01-10,12,2023102796,ディレクティオ,0.009664133294260508,2,12,0,1,0.001572919186797972,0.0008883977022658713
2026-0725-04-02-01-10,13,2023106389,ミウ,0.008775735591994637,2,12,0,1,0.0008883977022658713,0.0002278977254437306
2026-0725-04-02-01-10,14,2023102676,アジャイブ,0.008547837866550907,2,12,0,1,0.0002278977254437306,5.84705724564899e-06
2026-0725-04-02-01-10,15,2023101731,マイトリックスター,0.008541990809305258,2,12,0,1,5.84705724564899e-06,0
2026-0725-04-02-01-11,1,2023104434,シルバーアックス,0.15160920749100337,1,3,1,0,0,0.020741672311512416
2026-0725-04-02-01-11,2,2023106907,ジョイアミーア,0.13086753517949096,1,3,0,0,0.020741672311512416,0.010006393614651499
2026-0725-04-02-01-11,3,2023103195,ノーブルラホーヤ,0.12086114156483946,1,3,0,0,0.010006393614651499,0.07877657779602718
2026-0725-04-02-01-11,4,2023105612,リオハリソンメリー,0.042084563768812276,2,15,0,1,0.07877657779602718,0.0034693483710849723
2026-0725-04-02-01-11,5,2023103103,リオクリスハーレー,0.038615215397727304,2,15,0,1,0.0034693483710849723,0.01022071386949892
2026-0725-04-02-01-11,6,2023106341,アリアファブラ,0.028394501528228384,2,15,0,1,0.01022071386949892,0.002106981120879328
2026-0725-04-02-01-11,7,2023103934,ルディドゥゲンジ,0.026287520407349056,2,15,0,1,0.002106981120879328,0.0007764936056137324
2026-0725-04-02-01-11,8,2023106798,ユイノササヤキ,0.025511026801735323,2,15,0,1,0.0007764936056137324,0.0033658598455901974
2026-0725-04-02-01-11,9,2023100258,ムーンシェイド,0.022145166956145126,2,15,0,1,0.0033658598455901974,0.0015642963132455646
2026-0725-04-02-01-11,10,2023102548,テラシエスタ,0.02058087064289956,2,15,0,1,0.0015642963132455646,0.0014079737014675194
2026-0725-04-02-01-11,11,2023104497,ケイツーキップ,0.01917289694143204,2,15,0,1,0.0014079737014675194,0.0012008516825598448
2026-0725-04-02-01-11,12,2023107213,ソレム,0.017972045258872197,2,15,0,1,0.0012008516825598448,0.005092060837423274
2026-0725-04-02-01-11,13,2023102758,ユニベールクイーン,0.012879984421448923,2,15,0,1,0.005092060837423274,0.0011286161610265348
2026-0725-04-02-01-11,14,2023106156,セランディア,0.011751368260422388,2,15,0,1,0.0011286161610265348,0.000989941476737366
2026-0725-04-02-01-11,15,2023100639,マイエラ,0.010761426783685022,2,15,0,1,0.000989941476737366,0.0009991953876958021
2026-0725-04-02-01-11,16,2023100657,アイファーアイドル,0.00976223139598922,2,15,0,1,0.0009991953876958021,0.0020156520827019327
2026-0725-04-02-01-11,17,2023109146,ミヤザキムスメ,0.007746579313287288,2,15,0,1,0.0020156520827019327,0.00013933849423733175
2026-0725-04-02-01-11,18,2023104369,タツナナイロ,0.007607240819049956,2,15,0,1,0.00013933849423733175,0
2026-0725-04-02-01-12,1,2023100914,タイセイフレッサ,0.21628111846693704,1,1,1,0,0,0.04369893889501145
2026-0725-04-02-01-12,2,2022103501,クリールスル,0.1725821795719256,2,16,0,1,0.04369893889501145,0.03443824572474208
2026-0725-04-02-01-12,3,2023107372,ワディアルリヤハ,0.13814393384718351,2,16,0,1,0.03443824572474208,0.005506271241507155
2026-0725-04-02-01-12,4,2023104412,リラ,0.13263766260567636,2,16,0,1,0.005506271241507155,0.041773433121825326
2026-0725-04-02-01-12,5,2023104303,リアライズリバティ,0.09086422948385103,2,16,0,1,0.041773433121825326,0.00897681842987072
2026-0725-04-02-01-12,6,2022104093,ガラク,0.08188741105398031,2,16,0,1,0.00897681842987072,0.004150615559735268
2026-0725-04-02-01-12,7,2023106372,リラベガ,0.07773679549424505,2,16,0,1,0.004150615559735268,0.004911784875446801
2026-0725-04-02-01-12,8,2023105345,ルージュダリア,0.07282501061879824,2,16,0,1,0.004911784875446801,0.001988892221212929
2026-0725-04-02-01-12,9,2023107276,カフェラバー,0.07083611839758532,2,16,0,1,0.001988892221212929,0.010775939151151319
2026-0725-04-02-01-12,10,2022105063,ロジャリーマイン,0.060060179246433996,2,16,0,1,0.010775939151151319,0.001568957034617173
2026-0725-04-02-01-12,11,2023104170,テンハートビート,0.05849122221181682,2,16,0,1,0.001568957034617173,0.0012920150401160083
2026-0725-04-02-01-12,12,2022105715,ジョワイユノエル,0.057199207171700815,2,16,0,1,0.0012920150401160083,0.0062482898512583734
2026-0725-04-02-01-12,13,2023103361,ミスバレンシア,0.05095091732044244,2,16,0,1,0.0062482898512583734,0.02071625254406087
2026-0725-04-02-01-12,14,2022106741,メイリー,0.03023466477638157,2,16,0,1,0.02071625254406087,0.009663249393652547
2026-0725-04-02-01-12,15,2022101749,ブルバンビーナ,0.020571415382729025,2,16,0,1,0.009663249393652547,0.003799777633892356
2026-0725-04-02-01-12,16,2022101259,ショウナンマリーナ,0.01677163774883667,2,16,0,1,0.003799777633892356,0.00046679405994997855
2026-0725-04-02-01-12,17,2022106212,ウインロゼライト,0.01630484368888669,2,16,0,1,0.00046679405994997855,0
2026-0725-07-02-01-01,1,2024102930,エルダークローネ,0.2733211205911667,1,1,1,0,0,0.09402318798562104
2026-0725-07-02-01-01,2,2024106083,エコロメジャー,0.17929793260554566,2,1,0,1,0.09402318798562104,0.060229868600589515
2026-0725-07-02-01-01,3,2024106729,レッドネビュラ,0.11906806400495615,3,7,0,0,0.060229868600589515,0.03498667347316728
2026-0725-07-02-01-01,4,2024100733,アースグリッパー,0.08408139053178887,3,7,0,0,0.03498667347316728,0.025136168529987547
2026-0725-07-02-01-01,5,2024102341,ワイドアイリー,0.05894522200180132,3,7,0,0,0.025136168529987547,0.0054715506367178784
2026-0725-07-02-01-01,6,2024101015,クイーンズアイ,0.05347367136508344,3,7,0,0,0.0054715506367178784,0.019232964048244282
2026-0725-07-02-01-01,7,2024102127,トム,0.03424070731683916,3,7,0,0,0.019232964048244282,0.013502821051534785
2026-0725-07-02-01-01,8,2024107339,シャインロード,0.020737886265304376,3,7,0,0,0.013502821051534785,0.0024017124567945504
2026-0725-07-02-01-01,9,2024101223,テーオージャスミン,0.018336173808509826,3,7,0,0,0.0024017124567945504,0
2026-0725-07-02-01-02,1,2024103815,エアロクリスタ,0.07284688664625445,1,13,1,0,0,0.0
2026-0725-07-02-01-02,2,2024103380,タガノレクシア,0.07284688664625445,1,13,0,0,0.0,0.0
2026-0725-07-02-01-02,3,2024103655,コスモルミナ,0.07284688664625445,1,13,0,0,0.0,0.0
2026-0725-07-02-01-02,4,2024106077,リアルメッセージ,0.07284688664625445,1,13,0,0,0.0,0.0
2026-0725-07-02-01-02,5,2024101216,テーオーライガ,0.07284688664625445,1,13,0,0,0.0,0.0
2026-0725-07-02-01-02,6,2024104826,ヤマトデュノール,0.07284688664625445,1,13,0,0,0.0,0.0
2026-0725-07-02-01-02,7,2024105949,ノトコンゴウ,0.07284688664625445,1,13,0,0,0.0,0.0
2026-0725-07-02-01-02,8,2024104583,ソリドゥス,0.07284688664625445,1,13,0,0,0.0,0.0
2026-0725-07-02-01-02,9,2024105908,レッドレヴェリー,0.07284688664625445,1,13,0,0,0.0,0.0
2026-0725-07-02-01-02,10,2024102958,ロンリーマン,0.07284688664625445,1,13,0,0,0.0,0.0
2026-0725-07-02-01-02,11,2024105872,ブレイクアウェイ,0.07284688664625445,1,13,0,0,0.0,0.0
2026-0725-07-02-01-02,12,2024100944,ラインエレガント,0.07284688664625445,1,13,0,0,0.0,0.0
2026-0725-07-02-01-02,13,2024106458,ベルヴェール,0.07284688664625445,1,13,0,0,0.0,0
2026-0725-07-02-01-03,1,2023107094,コスモフィレンツェ,0.3491886623674453,1,1,1,0,0,0.05290694302789517
2026-0725-07-02-01-03,2,2023105647,プレスバーン,0.2962817193395501,2,1,0,1,0.05290694302789517,0.13895124697623246
2026-0725-07-02-01-03,3,2023107357,レッドブライトン,0.15733047236331765,3,1,0,0,0.13895124697623246,0.09672879037707877
2026-0725-07-02-01-03,4,2023106007,スマートエラン,0.06060168198623889,4,9,0,0,0.09672879037707877,0.008797736066977903
2026-0725-07-02-01-03,5,2023103387,フィンガーレイクス,0.051803945919260984,4,9,0,0,0.008797736066977903,0.01061456283328658
2026-0725-07-02-01-03,6,2023103357,マサハヤルージュ,0.041189383085974404,4,9,0,0,0.01061456283328658,0.0047805042034921585
2026-0725-07-02-01-03,7,2023104944,チュオンソン,0.036408878882482246,4,9,0,0,0.0047805042034921585,0.00776797889678793
2026-0725-07-02-01-03,8,2023101175,プロットシッケンズ,0.028640899985694315,4,9,0,0,0.00776797889678793,0.0025678104035749653
2026-0725-07-02-01-03,9,2023104405,ラピス,0.02607308958211935,4,9,0,0,0.0025678104035749653,0.007782708577521533
2026-0725-07-02-01-03,10,2023103501,シンゼンイセ,0.018290381004597817,4,9,0,0,0.007782708577521533,0.005539677118250482
2026-0725-07-02-01-03,11,2023101363,デルマトカチ,0.012750703886347334,4,9,0,0,0.005539677118250482,0.0006950909194646821
2026-0725-07-02-01-03,12,2023105040,アメジストブリエ,0.012055612966882652,4,9,0,0,0.0006950909194646821,0
2026-0725-07-02-01-04,1,2023102726,タロ,0.19590976087252626,1,4,1,0,0,0.024378784211795096
2026-0725-07-02-01-04,2,2023103190,アスクハッピーマン,0.17153097666073117,1,4,0,0,0.024378784211795096,0.014767081233154428
2026-0725-07-02-01-04,3,2023104408,ナウオアネヴァー,0.15676389542757674,1,4,0,0,0.014767081233154428,0.025734628408882493
2026-0725-07-02-01-04,4,2023103168,ベルアズーロ,0.13102926701869425,1,4,0,0,0.025734628408882493,0.07287173302641711
2026-0725-07-02-01-04,5,2023102593,ジャスティンレビン,0.058157533992277126,2,12,0,1,0.07287173302641711,0.013323407680287967
2026-0725-07-02-01-04,6,2023101316,ワイドヴィンクルム,0.04483412631198916,2,12,0,1,0.013323407680287967,0.013535589680939028
2026-0725-07-02-01-04,7,2023103395,ボクサークラブ,0.03129853663105013,2,12,0,1,0.013535589680939028,0.0001486021923622037
2026-0725-07-02-01-04,8,2023104950,アステリアート,0.031149934438687927,2,12,0,1,0.0001486021923622037,0.001936273881287389
2026-0725-07-02-01-04,9,2023100430,ロードファイター,0.029213660557400538,2,12,0,1,0.001936273881287389,0.0006749665842273253
2026-0725-07-02-01-04,10,2023105232,ヴァンドゥーヴル,0.028538693973173213,2,12,0,1,0.0006749665842273253,0.0005573047781771354
2026-0725-07-02-01-04,11,2023103707,テイクザスローン,0.027981389194996077,2,12,0,1,0.0005573047781771354,0.004043925391010436
2026-0725-07-02-01-04,12,2023101035,テリコス,0.02393746380398564,2,12,0,1,0.004043925391010436,0.010183661963621332
2026-0725-07-02-01-04,13,2023105649,コーディアリティ,0.013753801840364309,2,12,0,1,0.010183661963621332,0.0008660815003463263
2026-0725-07-02-01-04,14,2023105624,グランピアン,0.012887720340017983,2,12,0,1,0.0008660815003463263,0.0011367118771232667
2026-0725-07-02-01-04,15,2023100141,ヨシノサンキュー,0.011751008462894716,2,12,0,1,0.0011367118771232667,0.002723082180003592
2026-0725-07-02-01-04,16,2023100899,マーゴットショット,0.009027926282891124,2,12,0,1,0.002723082180003592,0
2026-0725-07-02-01-05,1,2023106652,セルヴァジオ,0.27601347862734854,1,1,1,0,0,0.12144031330123436
2026-0725-07-02-01-05,2,2023103460,セコンドトゥベスト,0.15457316532611418,2,15,0,1,0.12144031330123436,0.0018248349721016466
2026-0725-07-02-01-05,3,2023107350,ペガサスジルシ,0.15274833035401253,2,15,0,1,0.0018248349721016466,0.03222230690141266
2026-0725-07-02-01-05,4,2023101295,リアライズアリス,0.12052602345259987,2,15,0,1,0.03222230690141266,0.03071014269643843
2026-0725-07-02-01-05,5,2023105804,ファルカータ,0.08981588075616144,2,15,0,1,0.03071014269643843,0.031402210522263184
2026-0725-07-02-01-05,6,2023106872,イルミナジーティー,0.058413670233898256,2,15,0,1,0.031402210522263184,0.007784021499236182
2026-0725-07-02-01-05,7,2023104839,マルモリキャスター,0.050629648734662074,2,15,0,1,0.007784021499236182,0.005856310138223457
2026-0725-07-02-01-05,8,2023101748,インヴァイト,0.04477333859643862,2,15,0,1,0.005856310138223457,0.0
2026-0725-07-02-01-05,9,2023100165,ワンダーヴァレル,0.04477333859643862,2,15,0,1,0.0,0.0
2026-0725-07-02-01-05,10,2023105798,スレイクイーン,0.04477333859643862,2,15,0,1,0.0,0.0
2026-0725-07-02-01-05,11,2023107266,セイロンブリーズ,0.04477333859643862,2,15,0,1,0.0,0.0
2026-0725-07-02-01-05,12,2023103497,ダーコ,0.04477333859643862,2,15,0,1,0.0,0.01163784584243338
2026-0725-07-02-01-05,13,2023104388,トレッチェ,0.033135492754005236,2,15,0,1,0.01163784584243338,0.0007775192412110346
2026-0725-07-02-01-05,14,2023106705,ノーブルクインダム,0.0323579735127942,2,15,0,1,0.0007775192412110346,0.015295623712171472
2026-0725-07-02-01-05,15,2023103911,ラヴエナストロ,0.01706234980062273,2,15,0,1,0.015295623712171472,0.006696611556748281
2026-0725-07-02-01-05,16,2023105333,ヒーナシャム,0.010365738243874448,2,15,0,1,0.006696611556748281,0
2026-0725-07-02-01-06,1,2023101157,ゼロヴィジビリティ,0.224045823267131,1,1,1,0,0,0.04263863539358703
2026-0725-07-02-01-06,2,2023106940,エブリーポッシブル,0.18140718787354396,2,15,0,1,0.04263863539358703,0.02240095239793699
2026-0725-07-02-01-06,3,2023103365,ヘリテージブルーム,0.15900623547560697,2,15,0,1,0.02240095239793699,0.0253802131329314
2026-0725-07-02-01-06,4,2022105963,ポートデラメール,0.13362602234267557,2,15,0,1,0.0253802131329314,0.009036267834355599
2026-0725-07-02-01-06,5,2022100476,ザックザク,0.12458975450831997,2,15,0,1,0.009036267834355599,0.004819649629640307
2026-0725-07-02-01-06,6,2022110117,チュウワチーフ,0.11977010487867966,2,15,0,1,0.004819649629640307,0.003336910863178749
2026-0725-07-02-01-06,7,2022102127,モズケイスター,0.11643319401550091,2,15,0,1,0.003336910863178749,0.025521338550926434
2026-0725-07-02-01-06,8,2021101468,アリエスキング,0.09091185546457448,2,15,0,1,0.025521338550926434,0.04201411085242294
2026-0725-07-02-01-06,9,2022100327,ジェミート,0.04889774461215154,2,15,0,1,0.04201411085242294,8.829850297094322e-05
2026-0725-07-02-01-06,10,2022106010,モズタチアガレ,0.048809446109180595,2,15,0,1,8.829850297094322e-05,0.004777128840645031
2026-0725-07-02-01-06,11,2022106609,ヤマニンバロネス,0.04403231726853556,2,15,0,1,0.004777128840645031,0.0036692184488204826
2026-0725-07-02-01-06,12,2022106011,ホウオウゴールド,0.04036309881971508,2,15,0,1,0.0036692184488204826,0.011933783528097448
2026-0725-07-02-01-06,13,2021103287,アレ,0.028429315291617633,2,15,0,1,0.011933783528097448,0.008094294600142597
2026-0725-07-02-01-06,14,2022103733,スーパージョック,0.020335020691475036,2,15,0,1,0.008094294600142597,0.0045116167687262905
2026-0725-07-02-01-06,15,2020103625,ゴルデールスカー,0.015823403922748745,2,15,0,1,0.0045116167687262905,0.0019726025076894985
2026-0725-07-02-01-06,16,2021105604,ステラスプレンダー,0.013850801415059247,2,15,0,1,0.0019726025076894985,0
2026-0725-07-02-01-07,1,2022103207,ミュージシャン,0.29881580463158813,1,1,1,0,0,0.17527462666592464
2026-0725-07-02-01-07,2,2020105681,ハーツコンチェルト,0.1235411779656635,2,10,0,1,0.17527462666592464,0.034828794978350466
2026-0725-07-02-01-07,3,2021106194,ウインデイジー,0.08871238298731303,2,10,0,1,0.034828794978350466,0.00045569443562464007
2026-0725-07-02-01-07,4,2021105474,サダムオプシス,0.08825668855168839,2,10,0,1,0.00045569443562464007,0.02336116847053918
2026-0725-07-02-01-07,5,2022104765,ミッキーゴールド,0.06489552008114921,2,10,0,1,0.02336116847053918,0.020427051546779665
2026-0725-07-02-01-07,6,2020103713,タイセイフェリーク,0.044468468534369546,2,10,0,1,0.020427051546779665,0.006393182514170821
2026-0725-07-02-01-07,7,2020106667,サトノクローク,0.038075286020198724,2,10,0,1,0.006393182514170821,0.0054739755144882635
2026-0725-07-02-01-07,8,2021102510,ナムラフッカー,0.03260131050571046,2,10,0,1,0.0054739755144882635,0.0032159667333079463
2026-0725-07-02-01-07,9,2021103263,メイショウソウタ,0.029385343772402515,2,10,0,1,0.0032159667333079463,0.010528702429009652
2026-0725-07-02-01-07,10,2019104800,エイカイマッケンロ,0.018856641343392863,2,10,0,1,0.010528702429009652,0.004438806951886918
2026-0725-07-02-01-07,11,2018104797,リンフレスカンテ,0.014417834391505945,2,10,0,1,0.004438806951886918,0
2026-0725-07-02-01-08,1,2023103246,ブラックシャリマー,0.3600190460041924,1,1,1,0,0,0.09465652813654762
2026-0725-07-02-01-08,2,2023107516,スノースケープ,0.26536251786764475,2,2,0,1,0.09465652813654762,0.018948292534999606
2026-0725-07-02-01-08,3,2023105818,ロードフィレール,0.24641422533264515,2,2,0,1,0.018948292534999606,0.08721402961957175
2026-0725-07-02-01-08,4,2023105292,サンダーバード,0.1592001957130734,3,4,0,0,0.08721402961957175,0.012831475743038917
2026-0725-07-02-01-08,5,2023101569,サイモンシャリオ,0.14636871997003448,3,4,0,0,0.012831475743038917,0.00854570801352908
2026-0725-07-02-01-08,6,2023104008,アトレッタ,0.1378230119565054,3,4,0,0,0.00854570801352908,0.011704914678014516
2026-0725-07-02-01-08,7,2022104793,サラコスティ,0.12611809727849088,3,4,0,0,0.011704914678014516,0.09511843792544011
2026-0725-07-02-01-08,8,2022106634,アンビアンス,0.030999659353050775,4,1,0,0,0.09511843792544011,0
2026-0725-07-02-01-09,1,2023102208,ワイズギャング,0.16677977414898343,1,1,1,0,0,0.05942190671291209
2026-0725-07-02-01-09,2,2022106540,イーブンベター,0.10735786743607134,2,15,0,1,0.05942190671291209,0.008769347126523025
2026-0725-07-02-01-09,3,2023107081,ルビドゥソレイユ,0.09858852030954832,2,15,0,1,0.008769347126523025,0.008396001135082584
2026-0725-07-02-01-09,4,2023105126,ステライヴ,0.09019251917446573,2,15,0,1,0.008396001135082584,0.004124479848258103
2026-0725-07-02-01-09,5,2023106127,ダンシングドール,0.08606803932620763,2,15,0,1,0.004124479848258103,0.023194506912639898
2026-0725-07-02-01-09,6,2022102994,オブシディアーナ,0.06287353241356773,2,15,0,1,0.023194506912639898,0.015682873555911594
2026-0725-07-02-01-09,7,2022101126,ルクスコスモス,0.04719065885765614,2,15,0,1,0.015682873555911594,0.012392227859039075
2026-0725-07-02-01-09,8,2022100416,ヴァカンツァ,0.03479843099861706,2,15,0,1,0.012392227859039075,0.005643401790718528
2026-0725-07-02-01-09,9,2023103291,ドレドレ,0.029155029207898534,2,15,0,1,0.005643401790718528,0.0011793320885759434
2026-0725-07-02-01-09,10,2023100676,ミスヘンリー,0.02797569711932259,2,15,0,1,0.0011793320885759434,0.006396582710291653
2026-0725-07-02-01-09,11,2022105011,リンゲルブルーメ,0.021579114409030938,2,15,0,1,0.006396582710291653,0.0008360654830495313
2026-0725-07-02-01-09,12,2022105533,ニーナバイリッカ,0.020743048925981406,2,15,0,1,0.0008360654830495313,0.001299338823552737
2026-0725-07-02-01-09,13,2023106228,ナムラティアラ,0.01944371010242867,2,15,0,1,0.001299338823552737,0.006409241506810496
2026-0725-07-02-01-09,14,2023107378,テーオーアンジェラ,0.013034468595618173,2,15,0,1,0.006409241506810496,0.0025612550213902213
2026-0725-07-02-01-09,15,2022105857,ラウルベア,0.010473213574227952,2,15,0,1,0.0025612550213902213,0.0021564330064551846
2026-0725-07-02-01-09,16,2022107387,リカード,0.008316780567772767,2,15,0,1,0.0021564330064551846,0
2026-0725-07-02-01-10,1,2023106403,アスクチャンスマン,0.18188227352210617,1,6,1,0,0,0.015573239472594202
2026-0725-07-02-01-10,2,2023102462,ガウラディスコ,0.16630903404951197,1,6,0,0,0.015573239472594202,0.01607879014920871
2026-0725-07-02-01-10,3,2023102919,サイモンゼスト,0.15023024390030326,1,6,0,0,0.01607879014920871,0.016483184528866185
2026-0725-07-02-01-10,4,2023107295,リヒトミューレ,0.13374705937143708,1,6,0,0,0.016483184528866185,0.021853274165879927
2026-0725-07-02-01-10,5,2022105848,ステイクオール,0.11189378520555715,1,6,0,0,0.021853274165879927,0.0036967834821174106
2026-0725-07-02-01-10,6,2023102836,ミランド,0.10819700172343974,1,6,0,0,0.0036967834821174106,0.04706650025840192
2026-0725-07-02-01-10,7,2023107203,インシオン,0.06113050146503782,2,6,0,1,0.04706650025840192,0.03929177527877253
2026-0725-07-02-01-10,8,2021106078,ブルーストレイル,0.02183872618626529,2,6,0,1,0.03929177527877253,0.0014898757634041158
2026-0725-07-02-01-10,9,2023102827,タイセイフリーデン,0.020348850422861175,2,6,0,1,0.0014898757634041158,0.005564707636177994
2026-0725-07-02-01-10,10,2021103316,リアルペガサス,0.01478414278668318,2,6,0,1,0.005564707636177994,0.0015934221266794835
2026-0725-07-02-01-10,11,2023104231,タマモヒロイン,0.013190720660003697,2,6,0,1,0.0015934221266794835,0.004836977059207466
2026-0725-07-02-01-10,12,2021102894,ルルフィーユ,0.00835374360079623,2,6,0,1,0.004836977059207466,0
2026-0725-07-02-01-11,1,2023107138,ケールハイム,0.2786935750599528,1,1,1,0,0,0.08884375884727536
2026-0725-07-02-01-11,2,2023105415,ルージュスプリヤ,0.18984981621267744,2,1,0,1,0.08884375884727536,0.1014089273496509
2026-0725-07-02-01-11,3,2023104703,ニシノトリビュート,0.08844088886302653,3,6,0,0,0.1014089273496509,0.013893048096236565
2026-0725-07-02-01-11,4,2021100683,ビーグラッド,0.07454784076678997,3,6,0,0,0.013893048096236565,0.0022320761931324123
2026-0725-07-02-01-11,5,2023105140,サヨノパララックス,0.07231576457365756,3,6,0,0,0.0022320761931324123,0.026857979447422548
2026-0725-07-02-01-11,6,2023104075,フェブリノ,0.04545778512623501,3,6,0,0,0.026857979447422548,0.013233501559859008
2026-0725-07-02-01-11,7,2020103261,アウクソー,0.032224283566376,3,6,0,0,0.013233501559859008,0.008119926631101494
2026-0725-07-02-01-11,8,2021105484,ベランジェール,0.024104356935274508,3,6,0,0,0.008119926631101494,0
2026-0725-07-02-01-12,1,2023106188,ビッグヒーロー,0.2530994780993149,1,1,1,0,0,0.043800203607254756
2026-0725-07-02-01-12,2,2023101840,ララディアーブル,0.20929927449206012,2,2,0,1,0.043800203607254756,0.0015197132257651347
2026-0725-07-02-01-12,3,2023105346,ミッキーラヴィータ,0.207779561266295,2,2,0,1,0.0015197132257651347,0.04492453449372277
2026-0725-07-02-01-12,4,2023101844,ムーンライトダイヤ,0.16285502677257221,3,4,0,0,0.04492453449372277,0.016411763791608858
2026-0725-07-02-01-12,5,2023103248,ラミエルノムスコ,0.14644326298096336,3,4,0,0,0.016411763791608858,0.013789369199425888
2026-0725-07-02-01-12,6,2023106943,レインボーステート,0.13265389378153747,3,4,0,0,0.013789369199425888,0.01889871325182188
2026-0725-07-02-01-12,7,2023102640,オレンジフィールド,0.11375518052971559,3,4,0,0,0.01889871325182188,0.05565133818451074
2026-0725-07-02-01-12,8,2023105634,オースミサイファー,0.05810384234520485,4,9,0,0,0.05565133818451074,0.020857004911483963
2026-0725-07-02-01-12,9,2023100472,アスクブームキセキ,0.037246837433720884,4,9,0,0,0.020857004911483963,0.007724524410169704
2026-0725-07-02-01-12,10,2023107341,レッドピアレス,0.02952231302355118,4,9,0,0,0.007724524410169704,0.0038307698602577725
2026-0725-07-02-01-12,11,2023103690,サーブルディアマン,0.025691543163293407,4,9,0,0,0.0038307698602577725,0.005521048173349703
2026-0725-07-02-01-12,12,2023100138,マーチャンシップ,0.020170494989943704,4,9,0,0,0.005521048173349703,0.007265927065882015
2026-0725-07-02-01-12,13,2023100275,オーケーキュート,0.012904567924061689,4,9,0,0,0.007265927065882015,0.003948821680286332
2026-0725-07-02-01-12,14,2023103172,シャンジュマン,0.008955746243775356,4,9,0,0,0.003948821680286332,0.00036474260772157915
2026-0725-07-02-01-12,15,2023110039,カフラー,0.008591003636053777,4,9,0,0,0.00036474260772157915,0.00017389940743373251
2026-0725-07-02-01-12,16,2023102232,リザレクティア,0.008417104228620045,4,9,0,0,0.00017389940743373251,0
2026-0726-01-01-02-01,1,2024108137,クラウスーラ,0.2848420474080505,1,1,1,0,0,0.04824285089424418
2026-0726-01-01-02-01,2,2024104218,リアルクウカイ,0.23659919651380634,2,2,0,1,0.04824285089424418,0.024138543058428802
2026-0726-01-01-02-01,3,2024104947,ワイドウィンザー,0.21246065345537754,2,2,0,1,0.024138543058428802,0.13566926672904767
2026-0726-01-01-02-01,4,2024104761,タイガーストリート,0.07679138672632986,3,9,0,0,0.13566926672904767,0.018751520207565542
2026-0726-01-01-02-01,5,2024100329,サンクレセント,0.05803986651876432,3,9,0,0,0.018751520207565542,0.01814206186474008
2026-0726-01-01-02-01,6,2024104955,ラストモーメント,0.03989780465402424,3,9,0,0,0.01814206186474008,0.003049745055502963
2026-0726-01-01-02-01,7,2024105339,パンジャケリー,0.03684805959852128,3,9,0,0,0.003049745055502963,0.005004924648803234
2026-0726-01-01-02-01,8,2024102267,サウンドエフォート,0.03184313494971804,3,9,0,0,0.005004924648803234,0.0020034252485891975
2026-0726-01-01-02-01,9,2024102290,シンゼンノト,0.029839709701128845,3,9,0,0,0.0020034252485891975,0.003711644213327092
2026-0726-01-01-02-01,10,2024100742,グランモンターナ,0.026128065487801753,3,9,0,0,0.003711644213327092,0.0034282442791178404
2026-0726-01-01-02-01,11,2024101054,イリスロッソ,0.022699821208683912,3,9,0,0,0.0034282442791178404,0.008387467846941995
2026-0726-01-01-02-01,12,2024105107,レジェンドヴァーサ,0.014312353361741918,3,9,0,0,0.008387467846941995,0
2026-0726-01-01-02-02,1,2023101145,プルーフリーディン,0.23726201921441,1,1,1,0,0,0.06839488296290747
2026-0726-01-01-02-02,2,2023105228,ルパピヨンブラン,0.16886713625150254,2,2,0,1,0.06839488296290747,0.018854647287376958
2026-0726-01-01-02-02,3,2023102170,ビレッジルイーザ,0.15001248896412558,2,2,0,1,0.018854647287376958,0.08035947428763887
2026-0726-01-01-02-02,4,2023106623,ルージュボニート,0.06965301467648671,3,7,0,0,0.08035947428763887,0.018935758584075917
2026-0726-01-01-02-02,5,2023102549,ワイルドカグラ,0.050717256092410797,3,7,0,0,0.018935758584075917,0.0005466370889430569
2026-0726-01-01-02-02,6,2023100471,スリーケイ,0.05017061900346774,3,7,0,0,0.0005466370889430569,0.018348115664647606
2026-0726-01-01-02-02,7,2023104347,ハスカップジャム,0.031822503338820134,3,7,0,0,0.018348115664647606,0.0060969161047711926
2026-0726-01-01-02-02,8,2023106163,サマースプラッシュ,0.02572558723404894,3,7,0,0,0.0060969161047711926,0.0023601016190280787
2026-0726-01-01-02-02,9,2023105803,ラストシャイニー,0.023365485615020862,3,7,0,0,0.0023601016190280787,0.014523933374990847
2026-0726-01-01-02-02,10,2023105220,チカマヨルキーナ,0.008841552240030016,3,7,0,0,0.014523933374990847,0
2026-0726-01-01-02-03,1,2023103400,ハルヒメ,0.19641449918537462,1,1,1,0,0,0.0970534289030082
2026-0726-01-01-02-03,2,2023101077,アンジュラフィーユ,0.09936107028236643,2,15,0,1,0.0970534289030082,0.0020153340930902652
2026-0726-01-01-02-03,3,2023104685,ロジスカヤ,0.09734573618927617,2,15,0,1,0.0020153340930902652,0.007833017594898295
2026-0726-01-01-02-03,4,2023100963,ロンドンプライド,0.08951271859437787,2,15,0,1,0.007833017594898295,0.005216459240439467
2026-0726-01-01-02-03,5,2023105739,モズヴイ,0.0842962593539384,2,15,0,1,0.005216459240439467,0.0055631911472076995
2026-0726-01-01-02-03,6,2023102639,ランスオブラヴ,0.0787330682067307,2,15,0,1,0.0055631911472076995,0.03289850388799044
2026-0726-01-01-02-03,7,2023106567,メイショウテンジン,0.045834564318740265,2,15,0,1,0.03289850388799044,0.0015426854281105767
2026-0726-01-01-02-03,8,2023106073,サトノシュトローム,0.04429187889062969,2,15,0,1,0.0015426854281105767,0.0016600677717127435
2026-0726-01-01-02-03,9,2023106105,ユナダイヤ,0.042631811118916944,2,15,0,1,0.0016600677717127435,0.008081466898962844
2026-0726-01-01-02-03,10,2023105836,フリーダムスタイル,0.0345503442199541,2,15,0,1,0.008081466898962844,0.002307914530426239
2026-0726-01-01-02-03,11,2023106470,メーテルリンク,0.03224242968952786,2,15,0,1,0.002307914530426239,0.007877966021563931
2026-0726-01-01-02-03,12,2023101395,ガルフコースト,0.02436446366796393,2,15,0,1,0.007877966021563931,0.0023477235012561576
2026-0726-01-01-02-03,13,2023101599,クロノレガリス,0.022016740166707773,2,15,0,1,0.0023477235012561576,0.001671181665255473
2026-0726-01-01-02-03,14,2023101177,ムーンリットレイン,0.0203455585014523,2,15,0,1,0.001671181665255473,0.008304794984034563
2026-0726-01-01-02-03,15,2023100695,モノノケ,0.012040763517417737,2,15,0,1,0.008304794984034563,0.0008016171096927593
2026-0726-01-01-02-03,16,2023107042,ティンクルバレット,0.011239146407724977,2,15,0,1,0.0008016171096927593,0
2026-0726-01-01-02-04,1,2023106301,アンミックス,0.14121060442701824,1,11,1,0,0,0.030099076092374555
2026-0726-01-01-02-04,2,2023103621,シンエンドーツダ,0.11111152833464369,1,11,0,0,0.030099076092374555,0.005425154757847092
2026-0726-01-01-02-04,3,2023106570,メイショウタイザン,0.1056863735767966,1,11,0,0,0.005425154757847092,0.009469438212941855
2026-0726-01-01-02-04,4,2023100531,ショウナンタヅナ,0.09621693536385474,1,11,0,0,0.009469438212941855,0.00642394688297461
2026-0726-01-01-02-04,5,2023107306,セラサイト,0.08979298848088013,1,11,0,0,0.00642394688297461,0.028477052312342273
2026-0726-01-01-02-04,6,2023104679,タイセイルビー,0.06131593616853786,1,11,0,0,0.028477052312342273,0.02207997527872512
2026-0726-01-01-02-04,7,2023104001,クルビデンス,0.03923596088981274,1,11,0,0,0.02207997527872512,0.01892664622273499
2026-0726-01-01-02-04,8,2023103280,ロスニーニョス,0.02030931466707775,1,11,0,0,0.01892664622273499,0.007020128222168142
2026-0726-01-01-02-04,9,2023102373,ホウオウショパン,0.013289186444909607,1,11,0,0,0.007020128222168142,0.002047553690571779
2026-0726-01-01-02-04,10,2023104686,ケンブリッジ,0.011241632754337828,1,11,0,0,0.002047553690571779,0.004880944122608788
2026-0726-01-01-02-04,11,2023102964,タイガーゲイト,0.00636068863172904,1,11,0,0,0.004880944122608788,0
2026-0726-01-01-02-05,1,2024105886,ジャストワナフライ,0.09856933364776119,1,10,1,0,0,0.0
2026-0726-01-01-02-05,2,2024108279,サトノフルーク,0.09856933364776119,1,10,0,0,0.0,0.0
2026-0726-01-01-02-05,3,2024106702,コスモトップ,0.09856933364776119,1,10,0,0,0.0,0.0
2026-0726-01-01-02-05,4,2024105755,リアライズセレスト,0.09856933364776119,1,10,0,0,0.0,0.0
2026-0726-01-01-02-05,5,2024101670,ローザベッラ,0.09856933364776119,1,10,0,0,0.0,0.0
2026-0726-01-01-02-05,6,2024105188,レゾンフォルテ,0.09856933364776119,1,10,0,0,0.0,0.0
2026-0726-01-01-02-05,7,2024105029,マイネルラビリンス,0.09856933364776119,1,10,0,0,0.0,0.0
2026-0726-01-01-02-05,8,2024100799,ミラマルニ,0.09856933364776119,1,10,0,0,0.0,0.0
2026-0726-01-01-02-05,9,2024106455,ノヴァヴェローチェ,0.09856933364776119,1,10,0,0,0.0,0.0
2026-0726-01-01-02-05,10,2024106895,サンライズジャポネ,0.09856933364776119,1,10,0,0,0.0,0
2026-0726-01-01-02-06,1,2023105280,ヘイジュード,0.14958603819714722,1,12,1,0,0,0.034269770800541235
2026-0726-01-01-02-06,2,2023103607,ロッサコメータ,0.11531626739660598,1,12,0,0,0.034269770800541235,0.0027216906239122957
2026-0726-01-01-02-06,3,2023102238,ミッキーテネシー,0.11259457677269369,1,12,0,0,0.0027216906239122957,0.025064404710074456
2026-0726-01-01-02-06,4,2023103461,ジングアップ,0.08753017206261923,1,12,0,0,0.025064404710074456,0.009656538487279695
2026-0726-01-01-02-06,5,2023104486,ゴコウコイコイ,0.07787363357533954,1,12,0,0,0.009656538487279695,0.021258414832820878
2026-0726-01-01-02-06,6,2023103385,デルマタカチホ,0.05661521874251866,1,12,0,0,0.021258414832820878,0.006603394634757273
2026-0726-01-01-02-06,7,2023105260,サトノリアファル,0.050011824107761386,1,12,0,0,0.006603394634757273,0.0167108018368999
2026-0726-01-01-02-06,8,2023104789,スチョウプリンセス,0.033301022270861486,1,12,0,0,0.0167108018368999,0.011710985024640047
2026-0726-01-01-02-06,9,2023103655,ダディーズソード,0.02159003724622144,1,12,0,0,0.011710985024640047,0.0045640423529294954
2026-0726-01-01-02-06,10,2023107233,ブリリアンブルーム,0.017025994893291943,1,12,0,0,0.0045640423529294954,0.0018074863074790722
2026-0726-01-01-02-06,11,2023106145,スノーエルヴァ,0.01521850858581287,1,12,0,0,0.0018074863074790722,0.007550494107934458
2026-0726-01-01-02-06,12,2023104947,カイユレ,0.007668014477878413,1,12,0,0,0.007550494107934458,0
2026-0726-01-01-02-07,1,2023105630,ビタミンドロップ,0.18609547780516378,1,1,1,0,0,0.07287451660340208
2026-0726-01-01-02-07,2,2022103078,ナムラモモ,0.1132209612017617,2,3,0,1,0.07287451660340208,0.00253900839830469
2026-0726-01-01-02-07,3,2022110062,レネネト,0.11068195280345701,2,3,0,1,0.00253900839830469,0.004535288896170872
2026-0726-01-01-02-07,4,2022100660,ロードヴァルカン,0.10614666390728614,2,3,0,1,0.004535288896170872,0.0669743444230626
2026-0726-01-01-02-07,5,2021103550,キープライジング,0.03917231948422354,3,3,0,0,0.0669743444230626,0.003337668475755777
2026-0726-01-01-02-07,6,2023100398,ランドスター,0.03583465100846776,3,3,0,0,0.003337668475755777,0.006333589098941765
2026-0726-01-01-02-07,7,2023109174,ラムールデュヴォン,0.029501061909525998,3,3,0,0,0.006333589098941765,0
2026-0726-01-01-02-08,1,2023107204,デイトナチャンプ,0.14628817967996435,1,2,1,0,0,0.01685546421245468
2026-0726-01-01-02-08,2,2023102619,ナハトナナレオン,0.12943271546750967,1,2,0,0,0.01685546421245468,0.044349978806999965
2026-0726-01-01-02-08,3,2023102475,コスモレッド,0.08508273666050971,2,10,0,1,0.044349978806999965,0.023053372177197523
2026-0726-01-01-02-08,4,2023105035,メイショウハッケイ,0.062029364483312185,2,10,0,1,0.023053372177197523,0.015231960552319727
2026-0726-01-01-02-08,5,2021105168,クイーンズワーフ,0.04679740393099246,2,10,0,1,0.015231960552319727,0.0012376983488118984
2026-0726-01-01-02-08,6,2021101304,サンウリエル,0.04555970558218056,2,10,0,1,0.0012376983488118984,0.00024778761344477346
2026-0726-01-01-02-08,7,2022102988,トレヴィ,0.045311917968735786,2,10,0,1,0.00024778761344477346,0.007300979501078449
2026-0726-01-01-02-08,8,2022104894,ダノンフィオーレ,0.03801093846765734,2,10,0,1,0.007300979501078449,0.013439645383293442
2026-0726-01-01-02-08,9,2022106357,トップオンザヒル,0.024571293084363895,2,10,0,1,0.013439645383293442,0.0021352912370305108
2026-0726-01-01-02-08,10,2022110012,マジカルシャイン,0.022436001847333385,2,10,0,1,0.0021352912370305108,0.0028978896983333814
2026-0726-01-01-02-08,11,2021101100,ルクスアドラー,0.019538112149000003,2,10,0,1,0.0028978896983333814,0.00951508170438524
2026-0726-01-01-02-08,12,2022104870,フクシマコウヨウ,0.010023030444614764,2,10,0,1,0.00951508170438524,0
2026-0726-01-01-02-09,1,2022107317,カルミアクラウン,0.1532326917005263,1,7,1,0,0,0.010218412223700207
2026-0726-01-01-02-09,2,2023107337,ルージュビバーチェ,0.1430142794768261,1,7,0,0,0.010218412223700207,0.016270774091143747
2026-0726-01-01-02-09,3,2023103696,マーゴットサンズ,0.12674350538568235,1,7,0,0,0.016270774091143747,0.03605456226396904
2026-0726-01-01-02-09,4,2022104399,ラウニウ,0.09068894312171331,1,7,0,0,0.03605456226396904,0.00365956547892006
2026-0726-01-01-02-09,5,2022105267,サウンドルーチェ,0.08702937764279325,1,7,0,0,0.00365956547892006,0.027679427573435098
2026-0726-01-01-02-09,6,2023104766,ヴェールミューズ,0.05934995006935816,1,7,0,0,0.027679427573435098,0.00013087742604769165
2026-0726-01-01-02-09,7,2023100463,ナムラハリス,0.059219072643310465,1,7,0,0,0.00013087742604769165,0.04290433015367209
2026-0726-01-01-02-09,8,2023102305,マインセーラ,0.01631474248963837,2,1,0,1,0.04290433015367209,0
2026-0726-01-01-02-10,1,2023105714,ヒズマスターピース,0.24425232593481233,1,4,1,0,0,0.03961989820919545
2026-0726-01-01-02-10,2,2023105347,ショウナンカリス,0.20463242772561688,1,4,0,0,0.03961989820919545,0.02298751002629998
2026-0726-01-01-02-10,3,2023105356,マーゴットブロー,0.1816449176993169,1,4,0,0,0.02298751002629998,0.03381699848855865
2026-0726-01-01-02-10,4,2023105106,アルデトップガン,0.14782791921075825,1,4,0,0,0.03381699848855865,0.04839207695807608
2026-0726-01-01-02-10,5,2021103227,ジャズ,0.09943584225268216,2,1,0,1,0.04839207695807608,0.044918447750571994
2026-0726-01-01-02-10,6,2020101184,シャイニースイフト,0.05451739450211017,3,4,0,0,0.044918447750571994,0.01172473063483849
2026-0726-01-01-02-10,7,2022101464,レイユール,0.04279266386727168,3,4,0,0,0.01172473063483849,0.0007714555480117236
2026-0726-01-01-02-10,8,2022101412,ワタシマツワ,0.042021208319259956,3,4,0,0,0.0007714555480117236,0.01862407232788011
2026-0726-01-01-02-10,9,2022101469,ヴェナートル,0.023397135991379846,3,4,0,0,0.01862407232788011,0
2026-0726-01-01-02-11,1,2022107282,レクスノヴァス,0.3279033034222321,1,1,1,0,0,0.05411270079014818
2026-0726-01-01-02-11,2,2022105109,ミラージュナイト,0.27379060263208393,2,1,0,1,0.05411270079014818,0.1021104478113461
2026-0726-01-01-02-11,3,2022104733,コーチェラバレー,0.17168015482073784,3,10,0,0,0.1021104478113461,0.03348201598909417
2026-0726-01-01-02-11,4,2022104615,アマキヒ,0.13819813883164367,3,10,0,0,0.03348201598909417,0.011583259488719855
2026-0726-01-01-02-11,5,2020110060,ホールネス,0.12661487934292381,3,10,0,0,0.011583259488719855,0.031649869408705456
2026-0726-01-01-02-11,6,2021105066,レッドテリオス,0.09496500993421836,3,10,0,0,0.031649869408705456,0.016550789590691395
2026-0726-01-01-02-11,7,2021105559,ギャンブルルーム,0.07841422034352696,3,10,0,0,0.016550789590691395,0.009028173733518385
2026-0726-01-01-02-11,8,2022106633,バルナバ,0.06938604661000858,3,10,0,0,0.009028173733518385,0.014711202897462312
2026-0726-01-01-02-11,9,2021105438,スピードリッチ,0.054674843712546266,3,10,0,0,0.014711202897462312,0.0041267166730513324
2026-0726-01-01-02-11,10,2021105391,ラスカンブレス,0.05054812703949493,3,10,0,0,0.0041267166730513324,0.014754514237199798
2026-0726-01-01-02-11,11,2021103976,エコロレイズ,0.035793612802295136,3,10,0,0,0.014754514237199798,0.004459766800667966
2026-0726-01-01-02-11,12,2019103850,パトリックハンサム,0.03133384600162717,3,10,0,0,0.004459766800667966,0
2026-0726-01-01-02-12,1,2023102091,クリスレジーナ,0.11818115312458831,1,9,1,0,0,0.005302020526787951
2026-0726-01-01-02-12,2,2021103520,デルシエロ,0.11287913259780036,1,9,0,0,0.005302020526787951,0.03296583697193961
2026-0726-01-01-02-12,3,2023102719,カイシンパジェント,0.07991329562586075,1,9,0,0,0.03296583697193961,0.0056848330273363695
2026-0726-01-01-02-12,4,2022105400,ピティロディア,0.07422846259852438,1,9,0,0,0.0056848330273363695,0.005167271616746599
2026-0726-01-01-02-12,5,2023104389,フリーガー,0.06906119098177778,1,9,0,0,0.005167271616746599,0.024491769643321365
2026-0726-01-01-02-12,6,2022104598,ドルチェリターン,0.044569421338456414,1,9,0,0,0.024491769643321365,0.020167854957670567
2026-0726-01-01-02-12,7,2022101969,デルマジュテーム,0.024401566380785847,1,9,0,0,0.020167854957670567,0.005582386704231418
2026-0726-01-01-02-12,8,2019106416,キセキノエンジェル,0.01881917967655443,1,9,0,0,0.005582386704231418,0.003005077546318593
2026-0726-01-01-02-12,9,2022104062,カージオイド,0.015814102130235836,1,9,0,0,0.003005077546318593,0
2026-0726-04-02-02-01,1,2024105822,リリカルフレア,0.332420074342275,1,1,1,0,0,0.07292749433125517
2026-0726-04-02-02-01,2,2024106131,ブラックミューズ,0.2594925800110198,2,1,0,1,0.07292749433125517,0.06923660463097311
2026-0726-04-02-02-01,3,2024101281,ドルチェテソーロ,0.1902559753800467,3,2,0,0,0.06923660463097311,0.0035970265303522653
2026-0726-04-02-02-01,4,2024102061,ワレモコウ,0.18665894884969444,3,2,0,0,0.0035970265303522653,0.07257229608366955
2026-0726-04-02-02-01,5,2024103376,タガノカハンカ,0.11408665276602489,4,7,0,0,0.07257229608366955,0.0023051520562996503
2026-0726-04-02-02-01,6,2024105671,アテナブレイブ,0.11178150070972524,4,7,0,0,0.0023051520562996503,0.04085043887459683
2026-0726-04-02-02-01,7,2024107005,ヴェールネージュ,0.07093106183512841,4,7,0,0,0.04085043887459683,0.01423135645917354
2026-0726-04-02-02-01,8,2024102004,ハルガスミ,0.056699705375954874,4,7,0,0,0.01423135645917354,0.015281633731617346
2026-0726-04-02-02-01,9,2024104298,パストザクラウン,0.04141807164433753,4,7,0,0,0.015281633731617346,0.014845154802647132
2026-0726-04-02-02-01,10,2024105550,マルガリート,0.026572916841690396,4,7,0,0,0.014845154802647132,0.007882886871956436
2026-0726-04-02-02-01,11,2024102809,マーズワース,0.01869002996973396,4,7,0,0,0.007882886871956436,0
2026-0726-04-02-02-02,1,2024105950,ミクニルミナス,0.10971093484474069,1,9,1,0,0,0.0
2026-0726-04-02-02-02,2,2024106017,アウアリイ,0.10971093484474069,1,9,0,0,0.0,0.0
2026-0726-04-02-02-02,3,2024106662,ダノンダックス,0.10971093484474069,1,9,0,0,0.0,0.0
2026-0726-04-02-02-02,4,2024103642,マイネルヴェスペル,0.10971093484474069,1,9,0,0,0.0,0.0
2026-0726-04-02-02-02,5,2024102727,コスモティタノ,0.10971093484474069,1,9,0,0,0.0,0.0
2026-0726-04-02-02-02,6,2024104696,トウシンマジック,0.10971093484474069,1,9,0,0,0.0,0.0
2026-0726-04-02-02-02,7,2024105394,アルスラーン,0.10971093484474069,1,9,0,0,0.0,0.0
2026-0726-04-02-02-02,8,2024103147,ソニックウェーブ,0.10971093484474069,1,9,0,0,0.0,0.0
2026-0726-04-02-02-02,9,2024102244,ドミナートル,0.10971093484474069,1,9,0,0,0.0,0
2026-0726-04-02-02-03,1,2023107532,ミスタートントン,0.3341638457246542,1,1,1,0,0,0.05605910353411814
2026-0726-04-02-02-03,2,2023101394,ミエスタ,0.27810474219053605,2,1,0,1,0.05605910353411814,0.06907836714628784
2026-0726-04-02-02-03,3,2023100240,スピニンググローブ,0.2090263750442482,3,1,0,0,0.06907836714628784,0.04278143605942111
2026-0726-04-02-02-03,4,2023100692,ハンナパール,0.1662449389848271,4,3,0,0,0.04278143605942111,0.026707213795518686
2026-0726-04-02-02-03,5,2023107207,キャルキュラス,0.1395377251893084,4,3,0,0,0.026707213795518686,0.009242701978730311
2026-0726-04-02-02-03,6,2023107029,フェルアフリーゼ,0.1302950232105781,4,3,0,0,0.009242701978730311,0.043014888427496636
2026-0726-04-02-02-03,7,2023104590,スカット,0.08728013478308146,5,9,0,0,0.043014888427496636,0.01813473362797463
2026-0726-04-02-02-03,8,2023101100,ローズオブジャパン,0.06914540115510683,5,9,0,0,0.01813473362797463,0.0019802353622109803
2026-0726-04-02-02-03,9,2023104438,ヘヴンズドライブ,0.06716516579289585,5,9,0,0,0.0019802353622109803,0.021224142744451155
2026-0726-04-02-02-03,10,2023101411,キタノシオン,0.04594102304844469,5,9,0,0,0.021224142744451155,0.028986365879530233
2026-0726-04-02-02-03,11,2023104154,カセノソレイユ,0.016954657168914457,5,9,0,0,0.028986365879530233,0.0025116168114113786
2026-0726-04-02-02-03,12,2023103692,ラヴィングリー,0.014443040357503078,5,9,0,0,0.0025116168114113786,0.001959644859806651
2026-0726-04-02-02-03,13,2023103569,ツキノマバタキ,0.012483395497696427,5,9,0,0,0.001959644859806651,0.0014303086656897949
2026-0726-04-02-02-03,14,2023101358,キタノソブリン,0.011053086832006632,5,9,0,0,0.0014303086656897949,0.00029953869770324784
2026-0726-04-02-02-03,15,2023109103,カシノユメミヅキ,0.010753548134303384,5,9,0,0,0.00029953869770324784,0
2026-0726-04-02-02-04,1,2023103366,ココナッツコースト,0.21553405650874127,1,1,1,0,0,0.06085097288291308
2026-0726-04-02-02-04,2,2023106245,ルモンテ,0.1546830836258282,2,1,0,1,0.06085097288291308,0.07576159673921763
2026-0726-04-02-02-04,3,2023103789,アースヴィンチ,0.07892148688661056,3,16,0,0,0.07576159673921763,0.005986986775160338
2026-0726-04-02-02-04,4,2023105043,シルフィー,0.07293450011145022,3,16,0,0,0.005986986775160338,0.0025555322161192467
2026-0726-04-02-02-04,5,2023106795,ルシアージュ,0.07037896789533098,3,16,0,0,0.0025555322161192467,0.017429806227620658
2026-0726-04-02-02-04,6,2023105197,サイモンナイスラン,0.05294916166771032,3,16,0,0,0.017429806227620658,0.014718092074479806
2026-0726-04-02-02-04,7,2023107325,クールチェンジ,0.03823106959323051,3,16,0,0,0.014718092074479806,0.004450444384512496
2026-0726-04-02-02-04,8,2023100234,イーガービーバー,0.03378062520871802,3,16,0,0,0.004450444384512496,0.007499923026281781
2026-0726-04-02-02-04,9,2023103805,キャリアビジョン,0.026280702182436236,3,16,0,0,0.007499923026281781,0.00031450739474182116
2026-0726-04-02-02-04,10,2023101361,デルマテイネ,0.025966194787694415,3,16,0,0,0.00031450739474182116,0.0009330681379792795
2026-0726-04-02-02-04,11,2023103347,カーヴドヴァン,0.025033126649715135,3,16,0,0,0.0009330681379792795,0.0010411703729076224
2026-0726-04-02-02-04,12,2023106836,アドマイヤウルトラ,0.023991956276807513,3,16,0,0,0.0010411703729076224,0.007261475403928599
2026-0726-04-02-02-04,13,2023100800,バトルモクオ,0.016730480872878914,3,16,0,0,0.007261475403928599,0.00040108680128479735
2026-0726-04-02-02-04,14,2023106119,スーパーハイウェイ,0.016329394071594117,3,16,0,0,0.00040108680128479735,0.0024957771453536504
2026-0726-04-02-02-04,15,2023106593,カムバックトゥミー,0.013833616926240466,3,16,0,0,0.0024957771453536504,0.0032130112110245156
2026-0726-04-02-02-04,16,2023103273,ジュリ,0.01062060571521595,3,16,0,0,0.0032130112110245156,0.0006526388325579623
2026-0726-04-02-02-04,17,2023104832,ピコペアシェイプ,0.009967966882657988,3,16,0,0,0.0006526388325579623,0.004953155961184496
2026-0726-04-02-02-04,18,2023104891,ビーストウォーズ,0.005014810921473493,3,16,0,0,0.004953155961184496,0
2026-0726-04-02-02-05,1,2023104849,ムーンブランシュ,0.14197763102531327,1,15,1,0,0,0.000966479979532614
2026-0726-04-02-02-05,2,2022105459,エテオクロス,0.14101115104578066,1,15,0,0,0.000966479979532614,0.008286909481060395
2026-0726-04-02-02-05,3,2022103911,ショウナンタハティ,0.13272424156472026,1,15,0,0,0.008286909481060395,0.02829522892938155
2026-0726-04-02-02-05,4,2020103939,ホウオウプレシャス,0.10442901263533871,1,15,0,0,0.02829522892938155,0.0035570863412505843
2026-0726-04-02-02-05,5,2023103216,アンバサダネージュ,0.10087192629408813,1,15,0,0,0.0035570863412505843,0.008473157140711576
2026-0726-04-02-02-05,6,2023102841,ショコラキュイ,0.09239876915337655,1,15,0,0,0.008473157140711576,0.02396605271614216
2026-0726-04-02-02-05,7,2023103557,ラテラルパーム,0.06843271643723439,1,15,0,0,0.02396605271614216,0.029456804526191087
2026-0726-04-02-02-05,8,2023103037,コパノトーマス,0.038975911911043305,1,15,0,0,0.029456804526191087,0.0032601750585684736
2026-0726-04-02-02-05,9,2022106324,レインボーラッキー,0.03571573685247483,1,15,0,0,0.0032601750585684736,0.005288848080722566
2026-0726-04-02-02-05,10,2022101141,ガンバレベアー,0.030426888771752265,1,15,0,0,0.005288848080722566,0.009888060397951641
2026-0726-04-02-02-05,11,2020105525,カツノテンス,0.020538828373800624,1,15,0,0,0.009888060397951641,0.00039211624480264134
2026-0726-04-02-02-05,12,2022105909,アースミューズ,0.020146712128997983,1,15,0,0,0.00039211624480264134,0.007057937182080301
2026-0726-04-02-02-05,13,2022109052,キカオクベシ,0.013088774946917682,1,15,0,0,0.007057937182080301,0.0009755809919005584
2026-0726-04-02-02-05,14,2022104271,スマイルディシー,0.012113193955017124,1,15,0,0,0.0009755809919005584,0.005451186778119139
2026-0726-04-02-02-05,15,2020103995,サンシップ,0.006662007176897985,1,15,0,0,0.005451186778119139,0
2026-0726-04-02-02-06,1,2021106307,モリノセピア,0.1120287822180706,1,11,1,0,0,0.017441924028233594
2026-0726-04-02-02-06,2,2021104399,ラヴオントップ,0.094586858189837,1,11,0,0,0.017441924028233594,0.018416596480871253
2026-0726-04-02-02-06,3,2022107359,サマースイートピー,0.07617026170896575,1,11,0,0,0.018416596480871253,0.0069259767905688885
2026-0726-04-02-02-06,4,2022105824,フィーチャリング,0.06924428491839686,1,11,0,0,0.0069259767905688885,0.006445332956367109
2026-0726-04-02-02-06,5,2022103577,リッキースタイル,0.06279895196202975,1,11,0,0,0.006445332956367109,0.004675536429085858
2026-0726-04-02-02-06,6,2023105899,ソウルオンファイア,0.058123415532943895,1,11,0,0,0.004675536429085858,0.001192984770414976
2026-0726-04-02-02-06,7,2022106169,カワキタマナレア,0.05693043076252892,1,11,0,0,0.001192984770414976,0.00973582632532416
2026-0726-04-02-02-06,8,2022106698,オカメノコイ,0.04719460443720476,1,11,0,0,0.00973582632532416,0.011870291726461604
2026-0726-04-02-02-06,9,2021105779,レッドセニョール,0.035324312710743155,1,11,0,0,0.011870291726461604,0.01695668682931971
2026-0726-04-02-02-06,10,2020105803,マイネルラッシュ,0.018367625881423447,1,11,0,0,0.01695668682931971,0.0009015782966112738
2026-0726-04-02-02-06,11,2022103725,ロッカバイベイビー,0.017466047584812173,1,11,0,0,0.0009015782966112738,0
2026-0726-04-02-02-07,1,2021110030,アンパドゥ,0.137505520490228,1,14,1,0,0,0.03199653282494322
2026-0726-04-02-02-07,2,2023107053,サンダーストラック,0.10550898766528477,1,14,0,0,0.03199653282494322,0.002188922963596296
2026-0726-04-02-02-07,3,2022104814,ダノンセンチュリー,0.10332006470168847,1,14,0,0,0.002188922963596296,0.015517347533922518
2026-0726-04-02-02-07,4,2021104893,ファーヴェント,0.08780271716776596,1,14,0,0,0.015517347533922518,0.0029933759246626584
2026-0726-04-02-02-07,5,2020100680,エルトンバローズ,0.0848093412431033,1,14,0,0,0.0029933759246626584,0.026675582681299333
2026-0726-04-02-02-07,6,2022104401,ランスオブカオス,0.058133758561803965,1,14,0,0,0.026675582681299333,0.0031838702696836
2026-0726-04-02-02-07,7,2021104094,シリウスコルト,0.054949888292120365,1,14,0,0,0.0031838702696836,0.0012773921982147454
2026-0726-04-02-02-07,8,2021100139,クランフォード,0.05367249609390562,1,14,0,0,0.0012773921982147454,0.0041123960709104485
2026-0726-04-02-02-07,9,2019105806,ドロップオブライト,0.04956010002299517,1,14,0,0,0.0041123960709104485,0.006178298461493675
2026-0726-04-02-02-07,10,2022104813,ジュタ,0.043381801561501496,1,14,0,0,0.006178298461493675,0.0010578176297230818
2026-0726-04-02-02-07,11,2021105454,ブエナオンダ,0.042323983931778414,1,14,0,0,0.0010578176297230818,0.007473703726517608
2026-0726-04-02-02-07,12,2021105752,レディマリオン,0.034850280205260806,1,14,0,0,0.007473703726517608,0.01510118041219892
2026-0726-04-02-02-07,13,2020101772,メタルスピード,0.019749099793061886,1,14,0,0,0.01510118041219892,0.0011403855878873229
2026-0726-04-02-02-07,14,2019105546,マテンロウスカイ,0.018608714205174563,1,14,0,0,0.0011403855878873229,0
2026-0726-04-02-02-08,1,2022105385,ステアハート,0.1574837659337188,1,3,1,0,0,0.008521414016526313
2026-0726-04-02-02-08,2,2022105058,ヴァンアグレアブル,0.14896235191719248,1,3,0,0,0.008521414016526313,0.012235737198270175
2026-0726-04-02-02-08,3,2022105787,コンアフェット,0.1367266147189223,1,3,0,0,0.012235737198270175,0.04350549269875441
2026-0726-04-02-02-08,4,2022103371,パイシャオピン,0.0932211220201679,2,12,0,1,0.04350549269875441,0.0017474041662706719
2026-0726-04-02-02-08,5,2023103628,ケイツーリーブル,0.09147371785389723,2,12,0,1,0.0017474041662706719,0.01083680185520701
2026-0726-04-02-02-08,6,2022104912,カーラデマドレ,0.08063691599869022,2,12,0,1,0.01083680185520701,0.019448188882949635
2026-0726-04-02-02-08,7,2022105053,スルーザナイト,0.06118872711574058,2,12,0,1,0.019448188882949635,0.01129188382301579
2026-0726-04-02-02-08,8,2022105803,パースウェイド,0.04989684329272479,2,12,0,1,0.01129188382301579,0.005185521416699208
2026-0726-04-02-02-08,9,2021105984,モモンウールー,0.044711321876025584,2,12,0,1,0.005185521416699208,0.00417955352750133
2026-0726-04-02-02-08,10,2022101457,アンドリーナ,0.040531768348524254,2,12,0,1,0.00417955352750133,0.000559699045138938
2026-0726-04-02-02-08,11,2021104929,ルトゥール,0.039972069303385316,2,12,0,1,0.000559699045138938,3.296801637989871e-05
2026-0726-04-02-02-08,12,2022104917,エターナルプロミス,0.03993910128700542,2,12,0,1,3.296801637989871e-05,0.006739907286057986
2026-0726-04-02-02-08,13,2021106707,ヴァズレーヌ,0.03319919400094743,2,12,0,1,0.006739907286057986,0.006996235445128486
2026-0726-04-02-02-08,14,2021100606,ベルイストワール,0.026202958555818945,2,12,0,1,0.006996235445128486,0.01035591649694291
2026-0726-04-02-02-08,15,2021105895,レーヴドレフォン,0.015847042058876035,2,12,0,1,0.01035591649694291,0
2026-0726-04-02-02-09,1,2021105885,キャネル,0.3111741135056553,1,2,1,0,0,0.001698631005731699
2026-0726-04-02-02-09,2,2020102976,ノーブルクライ,0.3094754824999236,1,2,0,0,0.001698631005731699,0.1543856203402652
2026-0726-04-02-02-09,3,2021100557,オーサムストローク,0.15508986215965842,2,2,0,1,0.1543856203402652,0.008525749518701248
2026-0726-04-02-02-09,4,2019106698,バラジ,0.14656411264095717,2,2,0,1,0.008525749518701248,0.04437001208569259
2026-0726-04-02-02-09,5,2022101614,ノブダブルホワイト,0.10219410055526458,3,10,0,0,0.04437001208569259,0.010089238335262124
2026-0726-04-02-02-09,6,2019104915,バンデルオーラ,0.09210486222000246,3,10,0,0,0.010089238335262124,0.0023968038105436906
2026-0726-04-02-02-09,7,2021104844,グロッシェン,0.08970805840945877,3,10,0,0,0.0023968038105436906,0.027258390141421236
2026-0726-04-02-02-09,8,2022107011,ニシノブレイゼスト,0.06244966826803753,3,10,0,0,0.027258390141421236,0.02151898361364027
2026-0726-04-02-02-09,9,2019103996,タイキエクセロン,0.04093068465439726,3,10,0,0,0.02151898361364027,0.010022646858184651
2026-0726-04-02-02-09,10,2020102452,フェスティヴビーム,0.03090803779621261,3,10,0,0,0.010022646858184651,0.0009427335888299963
2026-0726-04-02-02-09,11,2022100737,セイウンビッグバン,0.029965304207382613,3,10,0,0,0.0009427335888299963,0.012257549859996393
2026-0726-04-02-02-09,12,2021103506,ジュリアスローズ,0.01770775434738622,3,10,0,0,0.012257549859996393,0.005856747621593817
2026-0726-04-02-02-09,13,2022101826,スマートフランキー,0.011851006725792403,3,10,0,0,0.005856747621593817,0.00408208372189946
2026-0726-04-02-02-09,14,2020100209,コトブキヘスペラス,0.007768923003892943,3,10,0,0,0.00408208372189946,0
2026-0726-04-02-02-10,1,2023103290,パーシヴァル,0.1172337468362048,1,14,1,0,0,0.03558674962004303
2026-0726-04-02-02-10,2,2023103801,トップデュオ,0.08164699721616177,1,14,0,0,0.03558674962004303,0.0075403887756593235
2026-0726-04-02-02-10,3,2023100377,ゴットタレント,0.07410660844050244,1,14,0,0,0.0075403887756593235,0.017218756422077264
2026-0726-04-02-02-10,4,2023103756,エーデルクラフト,0.05688785201842518,1,14,0,0,0.017218756422077264,0.010337020460351662
2026-0726-04-02-02-10,5,2023100578,ロジキセキ,0.04655083155807352,1,14,0,0,0.010337020460351662,0.0035005417288482554
2026-0726-04-02-02-10,6,2023106685,ネクストドア,0.04305028982922526,1,14,0,0,0.0035005417288482554,0.0003711248448506066
2026-0726-04-02-02-10,7,2023100787,エルアン,0.04267916498437466,1,14,0,0,0.0003711248448506066,0.00034386359850481496
2026-0726-04-02-02-10,8,2023106180,ブルーリファール,0.04233530138586984,1,14,0,0,0.00034386359850481496,0.025768598565621095
2026-0726-04-02-02-10,9,2023105330,コスモメイウェザー,0.016566702820248747,1,14,0,0,0.025768598565621095,0.002288535759520106
2026-0726-04-02-02-10,10,2023106889,マーゴットライズ,0.01427816706072864,1,14,0,0,0.002288535759520106,0.001026687169606546
2026-0726-04-02-02-10,11,2023103088,トウシンライオット,0.013251479891122095,1,14,0,0,0.001026687169606546,0.0049170275412978685
2026-0726-04-02-02-10,12,2023107440,パワポケウォーズ,0.008334452349824226,1,14,0,0,0.0049170275412978685,0.0005513340451599484
2026-0726-04-02-02-10,13,2023101482,カンフーヒーロー,0.007783118304664278,1,14,0,0,0.0005513340451599484,0.0001229852898203482
2026-0726-04-02-02-10,14,2023101451,ショービット,0.007660133014843929,1,14,0,0,0.0001229852898203482,0
2026-0726-04-02-02-11,1,2022106320,ルブリアン,0.1222684847208989,1,15,1,0,0,0.027199930051089824
2026-0726-04-02-02-11,2,2022106950,シャンクス,0.09506855466980908,1,15,0,0,0.027199930051089824,0.02275136810108158
2026-0726-04-02-02-11,3,2023101860,コウジハラ,0.0723171865687275,1,15,0,0,0.02275136810108158,0.01285222951835855
2026-0726-04-02-02-11,4,2023103702,リアアーテシアン,0.05946495705036895,1,15,0,0,0.01285222951835855,0.004079274877731021
2026-0726-04-02-02-11,5,2021105373,パレスドフィーヌ,0.05538568217263793,1,15,0,0,0.004079274877731021,0.0035463539206364927
2026-0726-04-02-02-11,6,2023101827,ヨドノティアラ,0.05183932825200144,1,15,0,0,0.0035463539206364927,0.0022658375335372835
2026-0726-04-02-02-11,7,2022100075,ブラックティンカー,0.049573490718464154,1,15,0,0,0.0022658375335372835,0.008047386481364854
2026-0726-04-02-02-11,8,2021104137,ミエノブラボー,0.0415261042370993,1,15,0,0,0.008047386481364854,0.0006709172515304215
2026-0726-04-02-02-11,9,2022104874,ホウオウガイア,0.04085518698556888,1,15,0,0,0.0006709172515304215,0.01976493183376489
2026-0726-04-02-02-11,10,2022104122,スカイダイバー,0.021090255151803988,1,15,0,0,0.01976493183376489,0.00013456902746317861
2026-0726-04-02-02-11,11,2023102819,マーシャルアン,0.02095568612434081,1,15,0,0,0.00013456902746317861,0.00335187291625811
2026-0726-04-02-02-11,12,2023102312,ラブソング,0.0176038132080827,1,15,0,0,0.00335187291625811,0.006864953816367238
2026-0726-04-02-02-11,13,2022101265,テンペストヒロイン,0.010738859391715462,1,15,0,0,0.006864953816367238,0.000585213750635187
2026-0726-04-02-02-11,14,2022101571,ハッピーダンシング,0.010153645641080275,1,15,0,0,0.000585213750635187,0.0034545974520456945
2026-0726-04-02-02-11,15,2022101579,オレイア,0.0066990481890345805,1,15,0,0,0.0034545974520456945,0
2026-0726-04-02-02-12,1,2023105686,ファランギーナ,0.22712354261187975,1,1,1,0,0,0.08427090880292179
2026-0726-04-02-02-12,2,2023105449,ミナヅキ,0.14285263380895796,2,1,0,1,0.08427090880292179,0.04393723776298336
2026-0726-04-02-02-12,3,2023102984,ハナコトバ,0.0989153960459746,3,13,0,0,0.04393723776298336,0.026838687711923645
2026-0726-04-02-02-12,4,2023106338,コールリッジ,0.07207670833405096,3,13,0,0,0.026838687711923645,0.014087182601516403
2026-0726-04-02-02-12,5,2023103697,クライングナウ,0.057989525732534554,3,13,0,0,0.014087182601516403,0.0015669149986703573
2026-0726-04-02-02-12,6,2023107335,エラガバリウム,0.0564226107338642,3,13,0,0,0.0015669149986703573,0.0027715495391703246
2026-0726-04-02-02-12,7,2023106612,ミサダメキメル,0.05365106119469387,3,13,0,0,0.0027715495391703246,0.009741088031777624
2026-0726-04-02-02-12,8,2023102941,フォーエバーラブ,0.04390997316291625,3,13,0,0,0.009741088031777624,0.005820008594404888
2026-0726-04-02-02-12,9,2023106379,レスター,0.03808996456851136,3,13,0,0,0.005820008594404888,0.001660890987569795
2026-0726-04-02-02-12,10,2023100651,ヴォンサクレ,0.036429073580941565,3,13,0,0,0.001660890987569795,0.009840100827942254
2026-0726-04-02-02-12,11,2023105576,シルバープレミア,0.02658897275299931,3,13,0,0,0.009840100827942254,0.006319072715584843
2026-0726-04-02-02-12,12,2023107510,ピコブロッサム,0.020269900037414468,3,13,0,0,0.006319072715584843,0.000878939983673898
2026-0726-04-02-02-12,13,2023106946,ダゴベルト,0.01939096005374057,3,13,0,0,0.000878939983673898,0.00246561206832787
2026-0726-04-02-02-12,14,2023105572,チャチャット,0.0169253479854127,3,13,0,0,0.00246561206832787,0.005006461362400251
2026-0726-04-02-02-12,15,2023104261,アロハオエ,0.011918886623012449,3,13,0,0,0.005006461362400251,0
2026-0726-07-02-02-01,1,2024106969,メアグローリア,0.29422110058213846,1,1,1,0,0,0.05423556630157883
2026-0726-07-02-02-01,2,2024107063,ルースソラール,0.23998553428055963,2,1,0,1,0.05423556630157883,0.10399609858528253
2026-0726-07-02-02-01,3,2024101770,ヴェルヴィエ,0.1359894356952771,3,5,0,0,0.10399609858528253,0.0010545691954065572
2026-0726-07-02-02-01,4,2024105496,クールタロウ,0.13493486649987055,3,5,0,0,0.0010545691954065572,0.012624964091851668
2026-0726-07-02-02-01,5,2024107310,スピーディスピン,0.12230990240801888,3,5,0,0,0.012624964091851668,0.006361048009679585
2026-0726-07-02-02-01,6,2024106654,サンタンジェロ,0.1159488543983393,3,5,0,0,0.006361048009679585,0.012871200744770633
2026-0726-07-02-02-01,7,2024104870,コパノキャンペーン,0.10307765365356866,3,5,0,0,0.012871200744770633,0.07794114493213236
2026-0726-07-02-02-01,8,2024103672,ディーエスシン,0.0251365087214363,4,2,0,0,0.07794114493213236,0.00491135008069031
2026-0726-07-02-02-01,9,2024101083,ララララブソング,0.02022515864074599,4,2,0,0,0.00491135008069031,0
2026-0726-07-02-02-02,1,2024106602,レッドタイラント,0.1284814814768075,1,6,1,0,0,0.0
2026-0726-07-02-02-02,2,2024105963,ダノンチャンピオン,0.1284814814768075,1,6,0,0,0.0,0.0
2026-0726-07-02-02-02,3,2024106195,ルナパッショーネ,0.1284814814768075,1,6,0,0,0.0,0.0
2026-0726-07-02-02-02,4,2024105153,テーオーカメリア,0.1284814814768075,1,6,0,0,0.0,0.0
2026-0726-07-02-02-02,5,2024105981,オーバーシュタイン,0.1284814814768075,1,6,0,0,0.0,0.0
2026-0726-07-02-02-02,6,2024105735,セーニョレガーレ,0.1284814814768075,1,6,0,0,0.0,0
2026-0726-07-02-02-03,1,2023105335,ダノンミッドナイト,0.26468186158725715,1,1,1,0,0,0.11061634570613785
2026-0726-07-02-02-03,2,2023106243,ナムラヴンダー,0.1540655158811193,2,3,0,1,0.11061634570613785,0.006521401373145358
2026-0726-07-02-02-03,3,2023105573,オープンザパンドラ,0.14754411450797394,2,3,0,1,0.006521401373145358,0.026104895469869077
2026-0726-07-02-02-03,4,2023103398,ダノンオブアイデア,0.12143921903810487,2,3,0,1,0.026104895469869077,0.05941736312723608
2026-0726-07-02-02-03,5,2023103758,ヴィスメンティス,0.06202185591086879,3,6,0,0,0.05941736312723608,0.01782974118741079
2026-0726-07-02-02-03,6,2023103679,リアライズパリオ,0.044192114723458,3,6,0,0,0.01782974118741079,0.0008030348862715225
2026-0726-07-02-02-03,7,2023102008,ソニックブーム,0.04338907983718648,3,6,0,0,0.0008030348862715225,0.027525249726835017
2026-0726-07-02-02-03,8,2023103586,ストラドーネ,0.01586383011035146,3,6,0,0,0.027525249726835017,0.0009154296792306289
2026-0726-07-02-02-03,9,2023104546,テーオーシュテルン,0.01494840043112083,3,6,0,0,0.0009154296792306289,0.0019012646924909966
2026-0726-07-02-02-03,10,2023105256,タイセイグローバル,0.013047135738629834,3,6,0,0,0.0019012646924909966,0
2026-0726-07-02-02-04,1,2023100944,アイランド,0.2964644122553816,1,1,1,0,0,0.17300106342611418
2026-0726-07-02-02-04,2,2023100969,タイセイゼスティ,0.12346334882926743,2,14,0,1,0.17300106342611418,0.003510026673118574
2026-0726-07-02-02-04,3,2023102580,マーチンゲール,0.11995332215614886,2,14,0,1,0.003510026673118574,0.01622551966183361
2026-0726-07-02-02-04,4,2023110084,エアアルチーナ,0.10372780249431525,2,14,0,1,0.01622551966183361,0.002391830195103875
2026-0726-07-02-02-04,5,2023102630,グランシャン,0.10133597229921137,2,14,0,1,0.002391830195103875,0.015078274891968668
2026-0726-07-02-02-04,6,2023101412,クリコバロー,0.0862576974072427,2,14,0,1,0.015078274891968668,0.01547986092653239
2026-0726-07-02-02-04,7,2023110068,マテンロウアワー,0.07077783648071032,2,14,0,1,0.01547986092653239,0.020897100603612453
2026-0726-07-02-02-04,8,2023106642,ウォーブレイク,0.04988073587709786,2,14,0,1,0.020897100603612453,0.008330981413404007
2026-0726-07-02-02-04,9,2023100621,ディープシャロー,0.041549754463693855,2,14,0,1,0.008330981413404007,0.01100606681859282
2026-0726-07-02-02-04,10,2023102384,ウィスピア,0.030543687645101035,2,14,0,1,0.01100606681859282,0.010959507649119963
2026-0726-07-02-02-04,11,2023102585,シギーコルエンド,0.019584179995981072,2,14,0,1,0.010959507649119963,0.001992126178627738
2026-0726-07-02-02-04,12,2023110010,トラッドロア,0.017592053817353334,2,14,0,1,0.001992126178627738,0.0022249494104456483
2026-0726-07-02-02-04,13,2023101390,マジックハンド,0.015367104406907686,2,14,0,1,0.0022249494104456483,0.004268584080641546
2026-0726-07-02-02-04,14,2023102934,カツラコマチ,0.01109852032626614,2,14,0,1,0.004268584080641546,0.005589440663678603
2026-0726-07-02-02-04,15,2023110033,ラスカルキッド,0.005509079662587537,2,14,0,1,0.005589440663678603,0
2026-0726-07-02-02-05,1,2023102255,セッシュウ,0.34193393144589995,1,1,1,0,0,0.10141161370273596
2026-0726-07-02-02-05,2,2023105348,ジョーカー,0.240522317743164,2,2,0,1,0.10141161370273596,0.0007698794025300104
2026-0726-07-02-02-05,3,2023104876,ペプチドレオン,0.23975243834063398,2,2,0,1,0.0007698794025300104,0.16105656621609088
2026-0726-07-02-02-05,4,2023102022,ペプチドアロン,0.07869587212454311,3,13,0,0,0.16105656621609088,0.013428661890224194
2026-0726-07-02-02-05,5,2023105772,ショウナンタマユラ,0.06526721023431892,3,13,0,0,0.013428661890224194,0.005152220248441405
2026-0726-07-02-02-05,6,2023103868,ヴォメロ,0.06011498998587751,3,13,0,0,0.005152220248441405,0.01572119574812232
2026-0726-07-02-02-05,7,2023102244,メイショウドキョウ,0.04439379423775519,3,13,0,0,0.01572119574812232,0.0
2026-0726-07-02-02-05,8,2023105377,タイセイドゥマーニ,0.04439379423775519,3,13,0,0,0.0,0.005831475996802379
2026-0726-07-02-02-05,9,2023100057,ハッピーチャンス,0.03856231824095281,3,13,0,0,0.005831475996802379,0.009600338682470434
2026-0726-07-02-02-05,10,2023110056,ワトルツリー,0.028961979558482377,3,13,0,0,0.009600338682470434,0.0005922698977509147
2026-0726-07-02-02-05,11,2023105091,メイショウケンゴウ,0.028369709660731462,3,13,0,0,0.0005922698977509147,0.008034974308855629
2026-0726-07-02-02-05,12,2023104192,クライナリーゼ,0.020334735351875834,3,13,0,0,0.008034974308855629,0.0031819195828064646
2026-0726-07-02-02-05,13,2023106554,サンライズジョー,0.01715281576906937,3,13,0,0,0.0031819195828064646,0.0025614499497775226
2026-0726-07-02-02-05,14,2023102129,パピプペピンク,0.014591365819291846,3,13,0,0,0.0025614499497775226,0.005889192102766382
2026-0726-07-02-02-05,15,2023104549,ジャズホリック,0.008702173716525465,3,13,0,0,0.005889192102766382,0.0016338089948303401
2026-0726-07-02-02-05,16,2023101234,キャリアハイ,0.007068364721695124,3,13,0,0,0.0016338089948303401,0
2026-0726-07-02-02-06,1,2023105645,サヴォアフェール,0.40766199609027187,1,1,1,0,0,0.1688912867471623
2026-0726-07-02-02-06,2,2022105098,マディソンガール,0.23877070934310957,2,3,0,1,0.1688912867471623,0.012759882582667914
2026-0726-07-02-02-06,3,2022103278,ホウオウタイタン,0.22601082676044165,2,3,0,1,0.012759882582667914,0.03337772364071004
2026-0726-07-02-02-06,4,2022105250,エアビッグマム,0.1926331031197316,2,3,0,1,0.03337772364071004,0.04354697436482413
2026-0726-07-02-02-06,5,2023107227,レッドラージャ,0.14908612875490748,3,1,0,0,0.04354697436482413,0.07692537788433254
2026-0726-07-02-02-06,6,2022104623,コリカンチャ,0.07216075087057494,4,5,0,0,0.07692537788433254,0.004281929623693101
2026-0726-07-02-02-06,7,2022101925,オデット,0.06787882124688184,4,5,0,0,0.004281929623693101,0.011624670985617251
2026-0726-07-02-02-06,8,2021105970,コンフェルマ,0.05625415026126459,4,5,0,0,0.011624670985617251,0.01447111201222092
2026-0726-07-02-02-06,9,2022100529,ハッピーダンチャン,0.04178303824904367,4,5,0,0,0.01447111201222092,0.025027577559538258
2026-0726-07-02-02-06,10,2022103651,ツーエムクロノス,0.01675546068950541,4,5,0,0,0.025027577559538258,0
2026-0726-07-02-02-07,1,2022100623,ダノンフィーゴ,0.1928917579799416,1,14,1,0,0,5.8104131864356034e-05
2026-0726-07-02-02-07,2,2022110138,ドラゴンテイラー,0.19283365384807724,1,14,0,0,5.8104131864356034e-05,0.02193340545625505
2026-0726-07-02-02-07,3,2022106942,ドンインザムード,0.1709002483918222,1,14,0,0,0.02193340545625505,0.011294721140494762
2026-0726-07-02-02-07,4,2022106658,ベルジュロネット,0.15960552725132743,1,14,0,0,0.011294721140494762,0.035763516033327974
2026-0726-07-02-02-07,5,2022103264,メイショウハチロー,0.12384201121799945,1,14,0,0,0.035763516033327974,0.022314929383537824
2026-0726-07-02-02-07,6,2021110126,インユアパレス,0.10152708183446163,1,14,0,0,0.022314929383537824,0.038852902365301076
2026-0726-07-02-02-07,7,2022100140,ハッピーマン,0.06267417946916055,1,14,0,0,0.038852902365301076,0.015171806452257353
2026-0726-07-02-02-07,8,2021110148,ノーブルロジャー,0.0475023730169032,1,14,0,0,0.015171806452257353,0.002350300261105824
2026-0726-07-02-02-07,9,2022103622,マテンロウコマンド,0.04515207275579738,1,14,0,0,0.002350300261105824,0.003153223866824671
2026-0726-07-02-02-07,10,2019103879,バトルクライ,0.041998848888972706,1,14,0,0,0.003153223866824671,0.0160780312058696
2026-0726-07-02-02-07,11,2017101560,ケイアイドリー,0.025920817683103108,1,14,0,0,0.0160780312058696,0.00041398940892346803
2026-0726-07-02-02-07,12,2020106062,ジュンウィンダム,0.02550682827417964,1,14,0,0,0.00041398940892346803,0.005333295899228881
2026-0726-07-02-02-07,13,2020103876,モンドプリューム,0.02017353237495076,1,14,0,0,0.005333295899228881,0.007743897126860572
2026-0726-07-02-02-07,14,2022102493,トリリオンボーイ,0.012429635248090187,1,14,0,0,0.007743897126860572,0
2026-0726-07-02-02-08,1,2022100439,ハギノコラソン,0.12340358866900371,1,12,1,0,0,0.010540939563442972
2026-0726-07-02-02-08,2,2023104848,ダンツシタン,0.11286264910556074,1,12,0,0,0.010540939563442972,0.03568374813245352
2026-0726-07-02-02-08,3,2022102260,ジェシーテソーロ,0.07717890097310721,1,12,0,0,0.03568374813245352,0.004129764250873677
2026-0726-07-02-02-08,4,2020100771,ジョータルマエ,0.07304913672223354,1,12,0,0,0.004129764250873677,0.021086786516125812
2026-0726-07-02-02-08,5,2022110118,ユウトザユウト,0.051962350206107726,1,12,0,0,0.021086786516125812,0.0008010863077404923
2026-0726-07-02-02-08,6,2022100358,アイブリンク,0.05116126389836723,1,12,0,0,0.0008010863077404923,0.019717929243446924
2026-0726-07-02-02-08,7,2022104413,マハートマーベル,0.03144333465492031,1,12,0,0,0.019717929243446924,0.0007060706218469
2026-0726-07-02-02-08,8,2020106393,ノボリクレバー,0.03073726403307341,1,12,0,0,0.0007060706218469,0.0024998458285965183
2026-0726-07-02-02-08,9,2021106164,キングオブフジ,0.02823741820447689,1,12,0,0,0.0024998458285965183,0.0002916135342646946
2026-0726-07-02-02-08,10,2022103775,テイエムパイロット,0.027945804670212196,1,12,0,0,0.0002916135342646946,0.016570316115478184
2026-0726-07-02-02-08,11,2020106491,メイショウジェンマ,0.011375488554734014,1,12,0,0,0.016570316115478184,0.0018375602916357574
2026-0726-07-02-02-08,12,2020102559,ナチュラルリバー,0.009537928263098256,1,12,0,0,0.0018375602916357574,0
2026-0726-07-02-02-09,1,2023105300,スウィッチインラヴ,0.23484704862532427,1,6,1,0,0,0.04110706949507134
2026-0726-07-02-02-09,2,2023107105,ルージュバロン,0.19373997913025293,1,6,0,0,0.04110706949507134,0.020374899880080205
2026-0726-07-02-02-09,3,2023103160,メイクワンズデイ,0.17336507925017272,1,6,0,0,0.020374899880080205,0.023117849552499292
2026-0726-07-02-02-09,4,2023103247,フルールジェンヌ,0.15024722969767343,1,6,0,0,0.023117849552499292,0.00848251576375414
2026-0726-07-02-02-09,5,2023110085,ナルキッソス,0.1417647139339193,1,6,0,0,0.00848251576375414,0.003325167126858458
2026-0726-07-02-02-09,6,2023103719,ペアレンツギフト,0.13843954680706083,1,6,0,0,0.003325167126858458,0.0780422481818899
2026-0726-07-02-02-09,7,2023104355,テルヴィセクス,0.060397298625170924,2,8,0,1,0.0780422481818899,0.01224366196349537
2026-0726-07-02-02-09,8,2021105529,ルクスノア,0.048153636661675554,2,8,0,1,0.01224366196349537,0.014599114129415974
2026-0726-07-02-02-09,9,2022104892,ダノンフェルゼン,0.03355452253225958,2,8,0,1,0.014599114129415974,0.0013390514607193316
2026-0726-07-02-02-09,10,2022104649,インターポーザー,0.03221547107154025,2,8,0,1,0.0013390514607193316,0.003967301968762497
2026-0726-07-02-02-09,11,2022106996,ゴージャス,0.02824816910277775,2,8,0,1,0.003967301968762497,0.006440355481569855
2026-0726-07-02-02-09,12,2022104905,チリーゴールド,0.021807813621207896,2,8,0,1,0.006440355481569855,0.0037357407484297153
2026-0726-07-02-02-09,13,2023106107,ベルフラム,0.01807207287277818,2,8,0,1,0.0037357407484297153,0.005096256432106441
2026-0726-07-02-02-09,14,2023103678,リアライズブラーヴ,0.01297581644067174,2,8,0,1,0.005096256432106441,0
2026-0726-07-02-02-10,1,2023105593,ポッドリプル,0.20125634037070902,1,2,1,0,0,0.020021667402149446
2026-0726-07-02-02-10,2,2023110043,ラブインアクション,0.18123467296855958,1,2,0,0,0.020021667402149446,0.05486955962356546
2026-0726-07-02-02-10,3,2023103718,アーガイルショア,0.12636511334499412,2,3,0,1,0.05486955962356546,0.009383648083001295
2026-0726-07-02-02-10,4,2023101501,マイティキングダム,0.11698146526199282,2,3,0,1,0.009383648083001295,0.01645024009153634
2026-0726-07-02-02-10,5,2020110051,ザングウィル,0.10053122517045648,2,3,0,1,0.01645024009153634,0.04438448421470567
2026-0726-07-02-02-10,6,2023103151,ハードシングス,0.05614674095575081,3,11,0,0,0.04438448421470567,0.001475400220333746
2026-0726-07-02-02-10,7,2023106289,シャープインサイト,0.054671340735417066,3,11,0,0,0.001475400220333746,0.0033009973596035483
2026-0726-07-02-02-10,8,2022105194,ラトラース,0.05137034337581352,3,11,0,0,0.0033009973596035483,0.004602367695516557
2026-0726-07-02-02-10,9,2022105012,フロンティエール,0.04676797568029696,3,11,0,0,0.004602367695516557,0.01261601484957274
2026-0726-07-02-02-10,10,2023107536,モンスエ,0.03415196083072422,3,11,0,0,0.01261601484957274,0.0018816170769277926
2026-0726-07-02-02-10,11,2021106942,レイム,0.03227034375379643,3,11,0,0,0.0018816170769277926,0.0012450583732827973
2026-0726-07-02-02-10,12,2023110036,キーンセンス,0.03102528538051363,3,11,0,0,0.0012450583732827973,0.008741473857415128
2026-0726-07-02-02-10,13,2021104362,イーサンハンター,0.022283811523098503,3,11,0,0,0.008741473857415128,0.000621841239677328
2026-0726-07-02-02-10,14,2022105619,ダディーズグーグー,0.021661970283421175,3,11,0,0,0.000621841239677328,0.002302462604430955
2026-0726-07-02-02-10,15,2022105077,ワイルドブッター,0.01935950767899022,3,11,0,0,0.002302462604430955,7.45202594369665e-06
2026-0726-07-02-02-10,16,2023103755,エシェックオロワ,0.019352055653046523,3,11,0,0,7.45202594369665e-06,0
2026-0726-07-02-02-11,1,2023102997,ペイシャシス,0.3136437255793951,1,1,1,0,0,0.14024723819253623
2026-0726-07-02-02-11,2,2023102906,バースデイフライト,0.1733964873868589,2,15,0,1,0.14024723819253623,0.002096130729648926
2026-0726-07-02-02-11,3,2023102996,エイズルブルーム,0.17130035665720997,2,15,0,1,0.002096130729648926,0.026379997076391937
2026-0726-07-02-02-11,4,2022105534,シャンパンライフ,0.14492035958081803,2,15,0,1,0.026379997076391937,0.0019756736666412533
2026-0726-07-02-02-11,5,2023105792,エンヴェロップ,0.14294468591417678,2,15,0,1,0.0019756736666412533,0.03940227651697402
2026-0726-07-02-02-11,6,2023103371,カラペルソナ,0.10354240939720276,2,15,0,1,0.03940227651697402,0.0074487372694970605
2026-0726-07-02-02-11,7,2023105720,ペプチドブッドレア,0.0960936721277057,2,15,0,1,0.0074487372694970605,0.004441410325946707
2026-0726-07-02-02-11,8,2023103611,カモメガトンダ,0.09165226180175899,2,15,0,1,0.004441410325946707,0.02468139705491422
2026-0726-07-02-02-11,9,2022105558,ロケベンドラ,0.06697086474684477,2,15,0,1,0.02468139705491422,0.0016291046312305463
2026-0726-07-02-02-11,10,2023103980,ポペット,0.06534176011561423,2,15,0,1,0.0016291046312305463,0.008653744998509294
2026-0726-07-02-02-11,11,2022100404,ウォーターエアリー,0.05668801511710493,2,15,0,1,0.008653744998509294,0.007740696800644785
2026-0726-07-02-02-11,12,2021105416,ラガークイン,0.048947318316460146,2,15,0,1,0.007740696800644785,0.017795376028169475
2026-0726-07-02-02-11,13,2022104779,リトルスカーレット,0.03115194228829067,2,15,0,1,0.017795376028169475,0.0007467766154167811
2026-0726-07-02-02-11,14,2021105739,オリーボーレン,0.03040516567287389,2,15,0,1,0.0007467766154167811,0.01615305473549214
2026-0726-07-02-02-11,15,2022102796,ウォーターエルピス,0.014252110937381749,2,15,0,1,0.01615305473549214,0.002887562723541034
2026-0726-07-02-02-11,16,2021105245,マルモア,0.011364548213840715,2,15,0,1,0.002887562723541034,0
2026-0726-07-02-02-12,1,2023106766,チュウワメロディー,0.32026658722745466,1,1,1,0,0,0.04506974316485207
2026-0726-07-02-02-12,2,2023100973,コースタルロード,0.2751968440626026,2,1,0,1,0.04506974316485207,0.2143734952898381
2026-0726-07-02-02-12,3,2023109072,ベルセクレト,0.0608233487727645,3,13,0,0,0.2143734952898381,0.0016177535498426848
2026-0726-07-02-02-12,4,2023104417,アンリミテッド,0.05920559522292181,3,13,0,0,0.0016177535498426848,0.0018594953739285575
2026-0726-07-02-02-12,5,2023105024,ダノンステート,0.057346099848993255,3,13,0,0,0.0018594953739285575,0.019155070955530797
2026-0726-07-02-02-12,6,2023106566,メイショウジーニー,0.03819102889346246,3,13,0,0,0.019155070955530797,1.1079212704490082e-06
2026-0726-07-02-02-12,7,2023106618,ルージュルガーノ,0.03818992097219201,3,13,0,0,1.1079212704490082e-06,0.0011237513000000796
2026-0726-07-02-02-12,8,2023100918,ウイングサンライズ,0.03706616967219193,3,13,0,0,0.0011237513000000796,0.01261409087455017
2026-0726-07-02-02-12,9,2023102063,アリディプラチノ,0.02445207879764176,3,13,0,0,0.01261409087455017,0.006135906497998077
2026-0726-07-02-02-12,10,2023100490,ピンクパンサー,0.018316172299643683,3,13,0,0,0.006135906497998077,0.0005998600166156262
2026-0726-07-02-02-12,11,2023109150,ファーストアタック,0.017716312283028057,3,13,0,0,0.0005998600166156262,0.004184937287544035
2026-0726-07-02-02-12,12,2023101910,ステキサプライズ,0.013531374995484022,3,13,0,0,0.004184937287544035,0.0023487151735104156
2026-0726-07-02-02-12,13,2023101445,メイケイシャイン,0.011182659821973607,3,13,0,0,0.0023487151735104156,0.00139628194085702
2026-0726-07-02-02-12,14,2023101989,グランブリーゼ,0.009786377881116587,3,13,0,0,0.00139628194085702,0.0037560267554487383
2026-0726-07-02-02-12,15,2023106634,テーオーエリーナ,0.006030351125667848,3,13,0,0,0.0037560267554487383,0
2026-0801-01-01-03-01,1,2023100596,ジャーナーリア,0.221904284407628,1,4,1,0,0,0.02075323215988864
2026-0801-01-01-03-01,2,2023102748,ドリームガッサン,0.20115105224773935,1,4,0,0,0.02075323215988864,0.019137680212898994
2026-0801-01-01-03-01,3,2023104377,ナブッコ,0.18201337203484036,1,4,0,0,0.019137680212898994,0.006480236488495272
2026-0801-01-01-03-01,4,2023106556,サンライズロイ,0.1755331355463451,1,4,0,0,0.006480236488495272,0.06293088821857921
2026-0801-01-01-03-01,5,2023102999,ペイシャクロス,0.11260224732776587,2,8,0,1,0.06293088821857921,0.025180799543470495
2026-0801-01-01-03-01,6,2023104180,ヒューザー,0.08742144778429538,2,8,0,1,0.025180799543470495,0.0037850660017545307
2026-0801-01-01-03-01,7,2023100977,コシタンタン,0.08363638178254085,2,8,0,1,0.0037850660017545307,0.007304961220061468
2026-0801-01-01-03-01,8,2023104847,フェアリーキャット,0.07633142056247938,2,8,0,1,0.007304961220061468,0.006049439764030398
2026-0801-01-01-03-01,9,2023102628,アトラップモア,0.07028198079844898,2,8,0,1,0.006049439764030398,0.03157766103026694
2026-0801-01-01-03-01,10,2023100285,アルデバローズ,0.03870431976818204,2,8,0,1,0.03157766103026694,0.01973839856617909
2026-0801-01-01-03-01,11,2023102480,サンタクローチェ,0.01896592120200295,2,8,0,1,0.01973839856617909,0.008604430095240178
2026-0801-01-01-03-01,12,2023102960,ペルヴォルム,0.010361491106762771,2,8,0,1,0.008604430095240178,0
2026-0801-01-01-03-02,1,2024106829,ニーナラルゴ,0.12396595985161576,1,9,1,0,0,0.020768277290154846
2026-0801-01-01-03-02,2,2024103650,マイネルリコルディ,0.10319768256146092,1,9,0,0,0.020768277290154846,0.012827835215466654
2026-0801-01-01-03-02,3,2024106228,ブラッグス,0.09036984734599426,1,9,0,0,0.012827835215466654,0.005352164512926097
2026-0801-01-01-03-02,4,2024102603,ロードレスポンス,0.08501768283306817,1,9,0,0,0.005352164512926097,0.0340872624957231
2026-0801-01-01-03-02,5,2024101916,ステラルミノーザ,0.050930420337345066,1,9,0,0,0.0340872624957231,0.0023257672678544325
2026-0801-01-01-03-02,6,2024107038,ジオ,0.04860465306949063,1,9,0,0,0.0023257672678544325,0.007726424627555795
2026-0801-01-01-03-02,7,2024104133,ブライトシーン,0.04087822844193484,1,9,0,0,0.007726424627555795,0.01520794542981238
2026-0801-01-01-03-02,8,2024101798,ブルーリボン,0.025670283012122458,1,9,0,0,0.01520794542981238,0.003338357066826253
2026-0801-01-01-03-02,9,2024106020,ヒアカムズザサン,0.022331925945296205,1,9,0,0,0.003338357066826253,0
2026-0801-01-01-03-03,1,2023105215,リテラシー,0.16667907246528552,1,3,1,0,0,0.02575360643828864
2026-0801-01-01-03-03,2,2023102520,ハイテイラオユエ,0.14092546602699688,1,3,0,0,0.02575360643828864,0.0007861456917828413
2026-0801-01-01-03-03,3,2023102317,バンダムソレール,0.14013932033521403,1,3,0,0,0.0007861456917828413,0.05073801579242494
2026-0801-01-01-03-03,4,2023105675,アルジェンタム,0.08940130454278909,2,1,0,1,0.05073801579242494,0.04999686342148423
2026-0801-01-01-03-03,5,2023104194,コーリンクレア,0.03940444112130486,3,7,0,0,0.04999686342148423,0.00014549528976337545
2026-0801-01-01-03-03,6,2023100928,セブンワンダーズ,0.039258945831541485,3,7,0,0,0.00014549528976337545,0.0019882579995236863
2026-0801-01-01-03-03,7,2023101994,マクローリン,0.0372706878320178,3,7,0,0,0.0019882579995236863,0.002506659044457432
2026-0801-01-01-03-03,8,2023102889,エボニードール,0.034764028787560367,3,7,0,0,0.002506659044457432,0.012121834667115666
2026-0801-01-01-03-03,9,2023103830,ブルーアンビエンス,0.0226421941204447,3,7,0,0,0.012121834667115666,0.003986717028314345
2026-0801-01-01-03-03,10,2023100785,アズライトアスール,0.018655477092130356,3,7,0,0,0.003986717028314345,0.010856850154301583
2026-0801-01-01-03-03,11,2023100017,アンタレス,0.007798626937828773,3,7,0,0,0.010856850154301583,0
2026-0801-01-01-03-04,1,2023104487,アイドクレース,0.2671364857182275,1,1,1,0,0,0.1084308392741671
2026-0801-01-01-03-04,2,2023106921,ブルースカイブルー,0.1587056464440604,2,1,0,1,0.1084308392741671,0.07141993163893963
2026-0801-01-01-03-04,3,2023106439,マイネルマスター,0.08728571480512078,3,9,0,0,0.07141993163893963,0.0010740463081855278
2026-0801-01-01-03-04,4,2021102708,アドミラルシップ,0.08621166849693525,3,9,0,0,0.0010740463081855278,0.035776088944340804
2026-0801-01-01-03-04,5,2022106846,ゴールドジェスター,0.050435579552594444,3,9,0,0,0.035776088944340804,0.009189621985067453
2026-0801-01-01-03-04,6,2020100621,マイバラード,0.04124595756752699,3,9,0,0,0.009189621985067453,0.001201362790909627
2026-0801-01-01-03-04,7,2021101725,リリーズブルーム,0.040044594776617363,3,9,0,0,0.001201362790909627,0.003466312925205814
2026-0801-01-01-03-04,8,2022105766,ドーギッド,0.03657828185141155,3,9,0,0,0.003466312925205814,0.001142564874272771
2026-0801-01-01-03-04,9,2023100840,ミリオンクラウン,0.03543571697713878,3,9,0,0,0.001142564874272771,0.006158214030076763
2026-0801-01-01-03-04,10,2022104940,エイカイカッシーナ,0.029277502947062016,3,9,0,0,0.006158214030076763,0.012469208872367979
2026-0801-01-01-03-04,11,2020103772,エイトスターズ,0.016808294074694037,3,9,0,0,0.012469208872367979,0
2026-0801-01-01-03-05,1,2024102763,イントゥーザブルー,0.08010432681645208,1,12,1,0,0,0.0
2026-0801-01-01-03-05,2,2024106832,ハイランドウインド,0.08010432681645208,1,12,0,0,0.0,0.0
2026-0801-01-01-03-05,3,2024106450,ギャルズマインド,0.08010432681645208,1,12,0,0,0.0,0.0
2026-0801-01-01-03-05,4,2024106091,ティアラード,0.08010432681645208,1,12,0,0,0.0,0.0
2026-0801-01-01-03-05,5,2024106867,ベニドルム,0.08010432681645208,1,12,0,0,0.0,0.0
2026-0801-01-01-03-05,6,2024107032,ブルージェイ,0.08010432681645208,1,12,0,0,0.0,0.0
2026-0801-01-01-03-05,7,2024106913,ジューンルル,0.08010432681645208,1,12,0,0,0.0,0.0
2026-0801-01-01-03-05,8,2024106839,アワードリームス,0.08010432681645208,1,12,0,0,0.0,0.0
2026-0801-01-01-03-05,9,2024108302,オーシンヒマワリ,0.08010432681645208,1,12,0,0,0.0,0.0
2026-0801-01-01-03-05,10,2024103622,セールデュクール,0.08010432681645208,1,12,0,0,0.0,0.0
2026-0801-01-01-03-05,11,2024103914,スクレイプバイ,0.08010432681645208,1,12,0,0,0.0,0.0
2026-0801-01-01-03-05,12,2024107243,ヒルノバルデス,0.08010432681645208,1,12,0,0,0.0,0
2026-0801-01-01-03-06,1,2023103929,ウーマンズパワー,0.14541851286399302,1,1,1,0,0,0.05431871413045257
2026-0801-01-01-03-06,2,2022102492,グッバイウェーブ,0.09109979873354045,2,8,0,1,0.05431871413045257,0.015814759202000428
2026-0801-01-01-03-06,3,2023100628,メモリーデイズ,0.07528503953154002,2,8,0,1,0.015814759202000428,0.010641731054500989
2026-0801-01-01-03-06,4,2023105616,テーオーナタリー,0.06464330847703903,2,8,0,1,0.010641731054500989,0.004262749755213346
2026-0801-01-01-03-06,5,2022106835,セガンティーニ,0.06038055872182568,2,8,0,1,0.004262749755213346,0.029102803847404025
2026-0801-01-01-03-06,6,2023105815,エスカレイト,0.03127775487442166,2,8,0,1,0.029102803847404025,0.001918873660626215
2026-0801-01-01-03-06,7,2023103699,パドゼフィール,0.029358881213795443,2,8,0,1,0.001918873660626215,0.0030754275981414655
2026-0801-01-01-03-06,8,2022103485,アスコットアイ,0.026283453615653977,2,8,0,1,0.0030754275981414655,0.017029337202997468
2026-0801-01-01-03-06,9,2022103018,シェーンルスカ,0.00925411641265651,2,8,0,1,0.017029337202997468,0
2026-0801-01-01-03-07,1,2023104491,コスモクラシック,0.16990067123663422,1,12,1,0,0,0.019682458815774212
2026-0801-01-01-03-07,2,2023100926,モンロワイヤル,0.15021821242086,1,12,0,0,0.019682458815774212,0.0030689320851214896
2026-0801-01-01-03-07,3,2023106411,マンサニージャ,0.1471492803357385,1,12,0,0,0.0030689320851214896,0.017169723156582967
2026-0801-01-01-03-07,4,2023106148,ヒメヒオウギ,0.12997955717915555,1,12,0,0,0.017169723156582967,0.001044586242682971
2026-0801-01-01-03-07,5,2023104254,サウンドファミリエ,0.12893497093647258,1,12,0,0,0.001044586242682971,0.03729366387099155
2026-0801-01-01-03-07,6,2023105904,サトノフレア,0.09164130706548103,1,12,0,0,0.03729366387099155,0.03697079521866809
2026-0801-01-01-03-07,7,2023100794,マリノリュミエール,0.05467051184681294,1,12,0,0,0.03697079521866809,0.010317420216826828
2026-0801-01-01-03-07,8,2023103630,ライフイズカラフル,0.04435309162998611,1,12,0,0,0.010317420216826828,0.00033030027698646713
2026-0801-01-01-03-07,9,2023107235,ハヤテノオジョー,0.04402279135299964,1,12,0,0,0.00033030027698646713,0.01140992499889891
2026-0801-01-01-03-07,10,2023107270,フォルストランキル,0.03261286635410073,1,12,0,0,0.01140992499889891,0.0026312298739488045
2026-0801-01-01-03-07,11,2023106285,ボーントゥラブユー,0.029981636480151928,1,12,0,0,0.0026312298739488045,0.010305860885741432
2026-0801-01-01-03-07,12,2023103475,ディープマウンテン,0.019675775594410496,1,12,0,0,0.010305860885741432,0
2026-0801-01-01-03-08,1,2023101793,エスシービクトリア,0.377327589111582,1,1,1,0,0,0.1677172894576423
2026-0801-01-01-03-08,2,2023102354,エタンセル,0.20961029965393968,2,2,0,1,0.1677172894576423,0.028776278381739212
2026-0801-01-01-03-08,3,2023105032,メイショウコシュウ,0.18083402127220047,2,2,0,1,0.028776278381739212,0.10588348574478912
2026-0801-01-01-03-08,4,2023101362,デルマホダカ,0.07495053552741135,3,8,0,0,0.10588348574478912,0.010107686378912822
2026-0801-01-01-03-08,5,2023102469,タマモスカイ,0.06484284914849853,3,8,0,0,0.010107686378912822,0.006840623637298794
2026-0801-01-01-03-08,6,2022103644,ブレイジングスター,0.05800222551119973,3,8,0,0,0.006840623637298794,0.005878886120103781
2026-0801-01-01-03-08,7,2021106180,シーリュウシー,0.05212333939109595,3,8,0,0,0.005878886120103781,0.0009656916206736976
2026-0801-01-01-03-08,8,2022104729,サマーナイト,0.051157647770422254,3,8,0,0,0.0009656916206736976,0.0016472564318309318
2026-0801-01-01-03-08,9,2022103149,タイキインドラ,0.04951039133859132,3,8,0,0,0.0016472564318309318,0.01719783989144124
2026-0801-01-01-03-08,10,2022106045,ウィズマスタング,0.03231255144715008,3,8,0,0,0.01719783989144124,0.00025806369209792346
2026-0801-01-01-03-08,11,2022100557,ロードスカイブルー,0.03205448775505216,3,8,0,0,0.00025806369209792346,0
2026-0801-01-01-03-09,1,2022105438,ジョイエッロ,0.3780939229155571,1,1,1,0,0,0.12004120266801799
2026-0801-01-01-03-09,2,2023100627,テルヒコウ,0.2580527202475391,2,1,0,1,0.12004120266801799,0.09260296518921288
2026-0801-01-01-03-09,3,2022101411,サタデーサンライズ,0.16544975505832624,3,5,0,0,0.09260296518921288,0.040390618898992064
2026-0801-01-01-03-09,4,2022106231,ウインベラーノ,0.12505913615933417,3,5,0,0,0.040390618898992064,0.031491221954570575
2026-0801-01-01-03-09,5,2021100165,フォルテフィオーレ,0.0935679142047636,3,5,0,0,0.031491221954570575,0.02844309892146865
2026-0801-01-01-03-09,6,2022104748,ウィルサヴァイブ,0.06512481528329495,3,5,0,0,0.02844309892146865,0.029857327878626654
2026-0801-01-01-03-09,7,2021107085,ウインアクトゥール,0.03526748740466829,3,5,0,0,0.029857327878626654,0
2026-0801-01-01-03-10,1,2023103086,イヌボウノウタゴエ,0.3768661322250372,1,1,1,0,0,0.1387526231855525
2026-0801-01-01-03-10,2,2023106894,ハヤブササキチャン,0.23811350903948467,2,3,0,1,0.1387526231855525,0.02368887596273847
2026-0801-01-01-03-10,3,2023105344,ルールザウェイヴ,0.2144246330767462,2,3,0,1,0.02368887596273847,0.03217250173516625
2026-0801-01-01-03-10,4,2023105295,ダノンプレサージュ,0.18225213134157994,2,3,0,1,0.03217250173516625,0.06548744913606862
2026-0801-01-01-03-10,5,2023103456,スピナーリート,0.11676468220551132,3,9,0,0,0.06548744913606862,0.023598960339970443
2026-0801-01-01-03-10,6,2022105817,アルディスティーノ,0.09316572186554088,3,9,0,0,0.023598960339970443,0.007105201005254913
2026-0801-01-01-03-10,7,2023103797,アンディムジーク,0.08606052086028597,3,9,0,0,0.007105201005254913,0.02385059369526043
2026-0801-01-01-03-10,8,2023102615,ホワイトオーキッド,0.06220992716502554,3,9,0,0,0.02385059369526043,0.002341225922579661
2026-0801-01-01-03-10,9,2022102088,ユーティジャーニー,0.05986870124244588,3,9,0,0,0.002341225922579661,0.03281467906582722
2026-0801-01-01-03-10,10,2021105057,オンザヴィーナス,0.027054022176618665,3,9,0,0,0.03281467906582722,0.005155928449953169
2026-0801-01-01-03-10,11,2023101056,イズントイット,0.021898093726665496,3,9,0,0,0.005155928449953169,0.0019238965925002967
2026-0801-01-01-03-10,12,2022101039,オーケーダイナ,0.0199741971341652,3,9,0,0,0.0019238965925002967,0.005553696043631774
2026-0801-01-01-03-10,13,2022101408,フェニーチェドーロ,0.014420501090533425,3,9,0,0,0.005553696043631774,0
2026-0801-01-01-03-11,1,2022102199,アルマデオロ,0.12426670230846908,1,16,1,0,0,0.006147743510041048
2026-0801-01-01-03-11,2,2021100789,ハニーコム,0.11811895879842803,1,16,0,0,0.006147743510041048,0.01538634582487601
2026-0801-01-01-03-11,3,2021105616,エルフストラック,0.10273261297355202,1,16,0,0,0.01538634582487601,0.00586551080402814
2026-0801-01-01-03-11,4,2022105166,ヨヒーン,0.09686710216952388,1,16,0,0,0.00586551080402814,0.012107717961296935
2026-0801-01-01-03-11,5,2022106813,マイネルフーガ,0.08475938420822694,1,16,0,0,0.012107717961296935,0.00605871758419807
2026-0801-01-01-03-11,6,2021102800,キャントウェイト,0.07870066662402887,1,16,0,0,0.00605871758419807,0.00486008352333149
2026-0801-01-01-03-11,7,2021103255,ジャスティンガルフ,0.07384058310069738,1,16,0,0,0.00486008352333149,0.007930526224371418
2026-0801-01-01-03-11,8,2020103354,アイスグリーン,0.06591005687632596,1,16,0,0,0.007930526224371418,0.007354190236063214
2026-0801-01-01-03-11,9,2022105801,ショウナンサムデイ,0.05855586664026275,1,16,0,0,0.007354190236063214,0.00089292116808775
2026-0801-01-01-03-11,10,2021105072,ディーガレジェンド,0.057662945472175,1,16,0,0,0.00089292116808775,0.012512165702262976
2026-0801-01-01-03-11,11,2022105984,ディヴァインスター,0.045150779769912025,1,16,0,0,0.012512165702262976,0.0005751181290510193
2026-0801-01-01-03-11,12,2020104550,ワイドアラジン,0.044575661640861006,1,16,0,0,0.0005751181290510193,0.010912112979063221
2026-0801-01-01-03-11,13,2021105384,チルカーノ,0.033663548661797785,1,16,0,0,0.010912112979063221,0.007246710933775529
2026-0801-01-01-03-11,14,2020103794,エゾダイモン,0.026416837728022256,1,16,0,0,0.007246710933775529,0.0025747983112420943
2026-0801-01-01-03-11,15,2019107025,クレバーテースト,0.02384203941678016,1,16,0,0,0.0025747983112420943,0.0029560344843309397
2026-0801-01-01-03-11,16,2019103081,エンドロール,0.02088600493244922,1,16,0,0,0.0029560344843309397,0
2026-0801-01-01-03-12,1,2022102308,エアニゲラ,0.19447591569876424,1,1,1,0,0,0.04325032217234823
2026-0801-01-01-03-12,2,2022102952,ユージュアーナ,0.151225593526416,2,1,0,1,0.04325032217234823,0.05580476228680625
2026-0801-01-01-03-12,3,2022101678,キャットテイル,0.09542083123960976,3,6,0,0,0.05580476228680625,0.004183842873777557
2026-0801-01-01-03-12,4,2022105973,ハヤブサオヒメサマ,0.0912369883658322,3,6,0,0,0.004183842873777557,0.037338025295800346
2026-0801-01-01-03-12,5,2022102263,カスバートテソーロ,0.053898963070031856,3,6,0,0,0.037338025295800346,0.013042920296727496
2026-0801-01-01-03-12,6,2022104512,タマモカンパネラ,0.04085604277330436,3,6,0,0,0.013042920296727496,0.009898433276345892
2026-0801-01-01-03-12,7,2021104856,エーリアル,0.030957609496958468,3,6,0,0,0.009898433276345892,0.00017099619373195027
2026-0801-01-01-03-12,8,2022107254,エンプレスフレーム,0.030786613303226518,3,6,0,0,0.00017099619373195027,0
2026-0801-04-02-03-01,1,2024102927,セイリュウ,0.2715864046397981,1,2,1,0,0,0.032387863972464626
2026-0801-04-02-03-01,2,2024106882,エストレアボニータ,0.23919854066733348,1,2,0,0,0.032387863972464626,0.11433167083391507
2026-0801-04-02-03-01,3,2024102846,スペシャルサンクス,0.12486686983341841,2,1,0,1,0.11433167083391507,0.05607031921392662
2026-0801-04-02-03-01,4,2024102436,コスモルトチェコ,0.06879655061949179,3,8,0,0,0.05607031921392662,0.02373003715033597
2026-0801-04-02-03-01,5,2024103348,クールストラッチン,0.04506651346915582,3,8,0,0,0.02373003715033597,0.0024520418989211062
2026-0801-04-02-03-01,6,2024104566,フォーエバーブルー,0.042614471570234715,3,8,0,0,0.0024520418989211062,0.009380193071823771
2026-0801-04-02-03-01,7,2024105501,サザンキンレンカ,0.033234278498410944,3,8,0,0,0.009380193071823771,0.013237813628929434
2026-0801-04-02-03-01,8,2024104690,ブレイヴアーサー,0.01999646486948151,3,8,0,0,0.013237813628929434,0.0005623235169561376
2026-0801-04-02-03-01,9,2024103170,エバーメテオ,0.019434141352525372,3,8,0,0,0.0005623235169561376,0.00030201015899817413
2026-0801-04-02-03-01,10,2024102463,エレガントステップ,0.019132131193527198,3,8,0,0,0.00030201015899817413,0.002895383852177736
2026-0801-04-02-03-01,11,2024102843,ドリームユー,0.016236747341349462,3,8,0,0,0.002895383852177736,0
2026-0801-04-02-03-02,1,2024103586,アニエーネ,0.11843492100033122,1,8,1,0,0,0.0
2026-0801-04-02-03-02,2,2024105874,シェーンリヒト,0.11843492100033122,1,8,0,0,0.0,0.0
2026-0801-04-02-03-02,3,2024106175,ホウオウモノポリー,0.11843492100033122,1,8,0,0,0.0,0.0
2026-0801-04-02-03-02,4,2024103568,コスモイェーガー,0.11843492100033122,1,8,0,0,0.0,0.0
2026-0801-04-02-03-02,5,2024105454,テングカゼ,0.11843492100033122,1,8,0,0,0.0,0.0
2026-0801-04-02-03-02,6,2024101690,セイウンサイフィー,0.11843492100033122,1,8,0,0,0.0,0.0
2026-0801-04-02-03-02,7,2024103533,ピュアレスト,0.11843492100033122,1,8,0,0,0.0,0.0
2026-0801-04-02-03-02,8,2024103571,マイネルサリーレ,0.11843492100033122,1,8,0,0,0.0,0
2026-0801-04-02-03-03,1,2024100687,ラスティレッド,0.0514680105744287,1,18,1,0,0,0.0
2026-0801-04-02-03-03,2,2024103937,ニシノアトール,0.0514680105744287,1,18,0,0,0.0,0.0
2026-0801-04-02-03-03,3,2024105790,ボーデコール,0.0514680105744287,1,18,0,0,0.0,0.0
2026-0801-04-02-03-03,4,2024100161,フジサンインフレ,0.0514680105744287,1,18,0,0,0.0,0.0
2026-0801-04-02-03-03,5,2024102173,ノワールブレイブ,0.0514680105744287,1,18,0,0,0.0,0.0
2026-0801-04-02-03-03,6,2024105946,ラフエルガ,0.0514680105744287,1,18,0,0,0.0,0.0
2026-0801-04-02-03-03,7,2024102642,ヴォルールドクール,0.0514680105744287,1,18,0,0,0.0,0.0
2026-0801-04-02-03-03,8,2024106096,ランドフォートレス,0.0514680105744287,1,18,0,0,0.0,0.0
2026-0801-04-02-03-03,9,2024101129,ティーシュペランサ,0.0514680105744287,1,18,0,0,0.0,0.0
2026-0801-04-02-03-03,10,2024101869,ニシノタカオ,0.0514680105744287,1,18,0,0,0.0,0.0
2026-0801-04-02-03-03,11,2024106113,ウィルステート,0.0514680105744287,1,18,0,0,0.0,0.0
2026-0801-04-02-03-03,12,2024105581,マルスフィス,0.0514680105744287,1,18,0,0,0.0,0.0
2026-0801-04-02-03-03,13,2024100651,ノーセット,0.0514680105744287,1,18,0,0,0.0,0.0
2026-0801-04-02-03-03,14,2024102477,サイモンオリエント,0.0514680105744287,1,18,0,0,0.0,0.0
2026-0801-04-02-03-03,15,2024101315,ラヴトリガー,0.0514680105744287,1,18,0,0,0.0,0.0
2026-0801-04-02-03-03,16,2024103128,セイカタカキヤチク,0.0514680105744287,1,18,0,0,0.0,0.0
2026-0801-04-02-03-03,17,2024102989,ビーズスティンガー,0.0514680105744287,1,18,0,0,0.0,0.0
2026-0801-04-02-03-03,18,2024106967,ヴォーチェカノーラ,0.0514680105744287,1,18,0,0,0.0,0
2026-0801-04-02-03-04,1,2023105652,ユニバーサルラヴ,0.20229582956945266,1,1,1,0,0,0.052019289267796004
2026-0801-04-02-03-04,2,2023103905,メジロピオラ,0.15027654030165666,2,2,0,1,0.052019289267796004,0.003910771505319766
2026-0801-04-02-03-04,3,2023104727,タマモチョコチップ,0.1463657687963369,2,2,0,1,0.003910771505319766,0.07284842108390817
2026-0801-04-02-03-04,4,2023102033,イデアクリスタル,0.07351734771242872,3,11,0,0,0.07284842108390817,0.0058702481491290925
2026-0801-04-02-03-04,5,2023103045,フィクセルリリア,0.06764709956329963,3,11,0,0,0.0058702481491290925,0.013660554478902555
2026-0801-04-02-03-04,6,2023105022,アジュアカレンツ,0.053986545084397076,3,11,0,0,0.013660554478902555,0.0004421209464893286
2026-0801-04-02-03-04,7,2023107200,ブルージンジャー,0.05354442413790775,3,11,0,0,0.0004421209464893286,0.006657431220548002
2026-0801-04-02-03-04,8,2023106984,アースアクシス,0.046886992917359746,3,11,0,0,0.006657431220548002,0.0013463713528526072
2026-0801-04-02-03-04,9,2023105596,ドナソラーレ,0.04554062156450714,3,11,0,0,0.0013463713528526072,0.012590324617178579
2026-0801-04-02-03-04,10,2023109163,ハニーアンバー,0.03295029694732856,3,11,0,0,0.012590324617178579,0.0017895379188417465
2026-0801-04-02-03-04,11,2023104884,プロミスライン,0.031160759028486813,3,11,0,0,0.0017895379188417465,0.007508875058977137
2026-0801-04-02-03-04,12,2023103659,レディソフィア,0.023651883969509676,3,11,0,0,0.007508875058977137,0.001238463636444108
2026-0801-04-02-03-04,13,2023100513,ノアレジェンド,0.022413420333065568,3,11,0,0,0.001238463636444108,0.011061215047828494
2026-0801-04-02-03-04,14,2023104579,ジュンサク,0.011352205285237074,3,11,0,0,0.011061215047828494,0
2026-0801-04-02-03-05,1,2023102868,サクラドール,0.32679568523961144,1,1,1,0,0,0.08359784235388598
2026-0801-04-02-03-05,2,2023102978,レイズレガシー,0.24319784288572546,2,1,0,1,0.08359784235388598,0.047782082506107326
2026-0801-04-02-03-05,3,2023100102,イイクニパッション,0.19541576037961814,3,4,0,0,0.047782082506107326,0.007814180401357423
2026-0801-04-02-03-05,4,2023103226,エリースノー,0.1876015799782607,3,4,0,0,0.007814180401357423,0.03876674877975875
2026-0801-04-02-03-05,5,2023106167,ヴィスクレス,0.14883483119850197,3,4,0,0,0.03876674877975875,0.0016913415751049488
2026-0801-04-02-03-05,6,2023102518,シェリアドレ,0.14714348962339702,3,4,0,0,0.0016913415751049488,0.0583146233000198
2026-0801-04-02-03-05,7,2023106053,ロンバスブレス,0.08882886632337722,4,9,0,0,0.0583146233000198,0.00030130454007636087
2026-0801-04-02-03-05,8,2023106331,ジーティーニッツァ,0.08852756178330086,4,9,0,0,0.00030130454007636087,0.0033194529617620316
2026-0801-04-02-03-05,9,2023103256,ユキノサイエンス,0.08520810882153883,4,9,0,0,0.0033194529617620316,0.029014430407986444
2026-0801-04-02-03-05,10,2023105579,エクスペクタント,0.056193678413552384,4,9,0,0,0.029014430407986444,0.00699002775991775
2026-0801-04-02-03-05,11,2023103126,ペイシャダンシング,0.049203650653634634,4,9,0,0,0.00699002775991775,0.0
2026-0801-04-02-03-05,12,2023102005,ヒラボクキャンティ,0.049203650653634634,4,9,0,0,0.0,0.03570505834511389
2026-0801-04-02-03-05,13,2023106822,ウィズアバウンス,0.013498592308520749,4,9,0,0,0.03570505834511389,0.006314147725576903
2026-0801-04-02-03-05,14,2023102135,シュンポシオン,0.007184444582943846,4,9,0,0,0.006314147725576903,9.859606266624833e-05
2026-0801-04-02-03-05,15,2023101664,バル,0.0070858485202775975,4,9,0,0,9.859606266624833e-05,0
2026-0801-04-02-03-06,1,2022105421,コンフォルツァ,0.2603860047516274,1,1,1,0,0,0.15956680672403972
2026-0801-04-02-03-06,2,2022100080,リカントロポ,0.10081919802758767,2,11,0,1,0.15956680672403972,0.0011031001487423198
2026-0801-04-02-03-06,3,2022110060,エリカアンディーヴ,0.09971609787884535,2,11,0,1,0.0011031001487423198,0.018981883539867933
2026-0801-04-02-03-06,4,2022105317,ミーントゥビー,0.08073421433897741,2,11,0,1,0.018981883539867933,0.005791067729064431
2026-0801-04-02-03-06,5,2021105580,クラッシファイド,0.07494314660991298,2,11,0,1,0.005791067729064431,0.003906942061948776
2026-0801-04-02-03-06,6,2021105575,セイロンジェムズ,0.07103620454796421,2,11,0,1,0.003906942061948776,0.0016559445951268431
2026-0801-04-02-03-06,7,2022105014,タイセイプランセス,0.06938025995283736,2,11,0,1,0.0016559445951268431,0.018455848620935474
2026-0801-04-02-03-06,8,2021105886,ホウオウトランプ,0.05092441133190189,2,11,0,1,0.018455848620935474,0.006333680495724456
2026-0801-04-02-03-06,9,2021102561,キーウェーブ,0.044590730836177435,2,11,0,1,0.006333680495724456,0.001011004188395427
2026-0801-04-02-03-06,10,2021102106,ツルマウカタチ,0.04357972664778201,2,11,0,1,0.001011004188395427,0.021822205882775933
2026-0801-04-02-03-06,11,2021105244,スピンザブラッド,0.021757520765006075,2,11,0,1,0.021822205882775933,0.01208824526147056
2026-0801-04-02-03-06,12,2020101261,コスモスプモーニ,0.009669275503535515,2,11,0,1,0.01208824526147056,0
2026-0801-04-02-03-07,1,2022103703,ブルータス,0.1440983218864825,1,2,1,0,0,0.010125470361763117
2026-0801-04-02-03-07,2,2022104432,レイバックスピン,0.13397285152471938,1,2,0,0,0.010125470361763117,0.05704696756165541
2026-0801-04-02-03-07,3,2021104092,ペンナヴェローチェ,0.07692588396306398,2,13,0,1,0.05704696756165541,0.019972845564519927
2026-0801-04-02-03-07,4,2022102131,ショウサンジョージ,0.05695303839854405,2,13,0,1,0.019972845564519927,0.009690376930085773
2026-0801-04-02-03-07,5,2021103525,アデランテ,0.04726266146845828,2,13,0,1,0.009690376930085773,0.004505705382727931
2026-0801-04-02-03-07,6,2021107192,アラレタバシル,0.042756956085730345,2,13,0,1,0.004505705382727931,0.006614333929912175
2026-0801-04-02-03-07,7,2020104738,ラフエイジアン,0.03614262215581817,2,13,0,1,0.006614333929912175,0.006505887354775256
2026-0801-04-02-03-07,8,2017104238,フームスムート,0.029636734801042914,2,13,0,1,0.006505887354775256,0.001464221362884422
2026-0801-04-02-03-07,9,2021100260,エイブラムス,0.028172513438158492,2,13,0,1,0.001464221362884422,0.0002712610946373102
2026-0801-04-02-03-07,10,2021102982,ベルダイナフェロー,0.02790125234352118,2,13,0,1,0.0002712610946373102,0.006669199974690523
2026-0801-04-02-03-07,11,2019101864,クロニクル,0.021232052368830658,2,13,0,1,0.006669199974690523,0.0018909725754051518
2026-0801-04-02-03-07,12,2021103288,カフェニクス,0.019341079793425506,2,13,0,1,0.0018909725754051518,0.0031325916249465395
2026-0801-04-02-03-07,13,2021102753,サンセットブライト,0.016208488168478967,2,13,0,1,0.0031325916249465395,0.0053689835787930785
2026-0801-04-02-03-07,14,2018101243,オレデイイノカ,0.010839504589685888,2,13,0,1,0.0053689835787930785,0.0028568724374778455
2026-0801-04-02-03-07,15,2018102832,ゲンパチムサシ,0.007982632152208043,2,13,0,1,0.0028568724374778455,0
2026-0801-04-02-03-08,1,2023104830,リアライズルミナス,0.4025561848963092,1,1,1,0,0,0.22601849725082251
2026-0801-04-02-03-08,2,2023106981,ウィロークリーク,0.17653768764548666,2,11,0,1,0.22601849725082251,0.02834705315182423
2026-0801-04-02-03-08,3,2023107381,ディアアズール,0.14819063449366243,2,11,0,1,0.02834705315182423,0.017281929287844527
2026-0801-04-02-03-08,4,2022103494,スイートオレンジ,0.1309087052058179,2,11,0,1,0.017281929287844527,0.010691742860561362
2026-0801-04-02-03-08,5,2023105433,モウエエデショー,0.12021696234525654,2,11,0,1,0.010691742860561362,0.025194694000900325
2026-0801-04-02-03-08,6,2023103957,ベルウッドクレド,0.09502226834435622,2,11,0,1,0.025194694000900325,0.01779243115065557
2026-0801-04-02-03-08,7,2023101820,サフランルージュ,0.07722983719370065,2,11,0,1,0.01779243115065557,0.002810244847719523
2026-0801-04-02-03-08,8,2023101855,ティラーノ,0.07441959234598113,2,11,0,1,0.002810244847719523,0.006750193960322365
2026-0801-04-02-03-08,9,2022104187,ムーンストラック,0.06766939838565876,2,11,0,1,0.006750193960322365,0.024386693081122283
2026-0801-04-02-03-08,10,2022101498,クモヒトツナイ,0.04328270530453648,2,11,0,1,0.024386693081122283,0.014500326396692683
2026-0801-04-02-03-08,11,2022106770,マイネルボス,0.028782378907843794,2,11,0,1,0.014500326396692683,0.0001786698498589638
2026-0801-04-02-03-08,12,2021103037,デリシュー,0.02860370905798483,2,11,0,1,0.0001786698498589638,0
2026-0801-04-02-03-09,1,2023103341,エアサロメ,0.20451320357711264,1,1,1,0,0,0.09101447458713388
2026-0801-04-02-03-09,2,2023103860,フィールマイプラン,0.11349872898997876,2,13,0,1,0.09101447458713388,0.0201656595287225
2026-0801-04-02-03-09,3,2023104780,クラシオン,0.09333306946125626,2,13,0,1,0.0201656595287225,0.003909424352951343
2026-0801-04-02-03-09,4,2022105300,ブリックンクリック,0.08942364510830492,2,13,0,1,0.003909424352951343,0.00459383944785062
2026-0801-04-02-03-09,5,2020106771,トモジャシーマ,0.0848298056604543,2,13,0,1,0.00459383944785062,0.01762591962542638
2026-0801-04-02-03-09,6,2021102192,グランルチャドール,0.06720388603502792,2,13,0,1,0.01762591962542638,0.005020962330236786
2026-0801-04-02-03-09,7,2023105402,ガルディーノ,0.06218292370479113,2,13,0,1,0.005020962330236786,0.011677515032607007
2026-0801-04-02-03-09,8,2021100506,キングクレオール,0.05050540867218412,2,13,0,1,0.011677515032607007,0.005496378007063228
2026-0801-04-02-03-09,9,2023104174,ホウオウルクソール,0.045009030665120894,2,13,0,1,0.005496378007063228,0.019961048553140584
2026-0801-04-02-03-09,10,2021100675,アルマーレシチー,0.02504798211198031,2,13,0,1,0.019961048553140584,0.002714750497715957
2026-0801-04-02-03-09,11,2021101521,グッドヴァイブス,0.022333231614264353,2,13,0,1,0.002714750497715957,0.00601180937141816
2026-0801-04-02-03-09,12,2020106429,ノーブルミステリー,0.016321422242846193,2,13,0,1,0.00601180937141816,0.0021397823142527
2026-0801-04-02-03-09,13,2022105535,デルマエアロール,0.014181639928593493,2,13,0,1,0.0021397823142527,0.003484074936885755
2026-0801-04-02-03-09,14,2020100081,アカツキロットリー,0.010697564991707738,2,13,0,1,0.003484074936885755,0
2026-0801-04-02-03-10,1,2023104504,ゴールドプレイヤー,0.2895931576907549,1,1,1,0,0,0.2098475592986503
2026-0801-04-02-03-10,2,2023105842,ロードプレリュード,0.07974559839210459,2,13,0,1,0.2098475592986503,0.039645593705081764
2026-0801-04-02-03-10,3,2023104611,ゼンノスタニング,0.04010000468702282,2,13,0,1,0.039645593705081764,0.008471229150840538
2026-0801-04-02-03-10,4,2023103252,タマモブレイキン,0.031628775536182284,2,13,0,1,0.008471229150840538,0.00016566852378314956
2026-0801-04-02-03-10,5,2023100346,ブライトラン,0.031463107012399134,2,13,0,1,0.00016566852378314956,0.0035003124729941805
2026-0801-04-02-03-10,6,2023101129,ノクターナルハント,0.027962794539404954,2,13,0,1,0.0035003124729941805,0.0017937850277291584
2026-0801-04-02-03-10,7,2023105341,ニュークリアス,0.026169009511675796,2,13,0,1,0.0017937850277291584,0.0016469819677348042
2026-0801-04-02-03-10,8,2023107522,デアトゥノウ,0.02452202754394099,2,13,0,1,0.0016469819677348042,0.0007012153156425137
2026-0801-04-02-03-10,9,2023103314,イネガラーブル,0.023820812228298478,2,13,0,1,0.0007012153156425137,0.0024503105654743867
2026-0801-04-02-03-10,10,2023106198,パワポケグッド,0.02137050166282409,2,13,0,1,0.0024503105654743867,0.0023415209350547035
2026-0801-04-02-03-10,11,2023103927,クリアーゲイル,0.019028980727769387,2,13,0,1,0.0023415209350547035,0.0005196626521677648
2026-0801-04-02-03-10,12,2023105465,ダイヒョウカーク,0.018509318075601622,2,13,0,1,0.0005196626521677648,0.0011391951168297117
2026-0801-04-02-03-10,13,2023101095,タニセンローマ,0.01737012295877191,2,13,0,1,0.0011391951168297117,0.0034284235192986144
2026-0801-04-02-03-10,14,2023100304,セイクリッドシチー,0.013941699439473296,2,13,0,1,0.0034284235192986144,0
2026-0801-04-02-03-11,1,2023107406,クリスタルドレス,0.25306279344329363,1,2,1,0,0,0.019603989966788332
2026-0801-04-02-03-11,2,2023107165,ジワタネホ,0.2334588034765053,1,2,0,0,0.019603989966788332,0.07270077875832612
2026-0801-04-02-03-11,3,2023102362,ブライトエアリー,0.16075802471817918,2,1,0,1,0.07270077875832612,0.04671590081096837
2026-0801-04-02-03-11,4,2023105892,ブライスフェアリー,0.11404212390721082,3,15,0,0,0.04671590081096837,0.031681290803681775
2026-0801-04-02-03-11,5,2023106893,ヴェニゼロス,0.08236083310352904,3,15,0,0,0.031681290803681775,0.00678295157988594
2026-0801-04-02-03-11,6,2023104065,ジャストビコーズ,0.0755778815236431,3,15,0,0,0.00678295157988594,0.017772423126886552
2026-0801-04-02-03-11,7,2023102172,フロンテアムーン,0.05780545839675655,3,15,0,0,0.017772423126886552,0.015293675491169147
2026-0801-04-02-03-11,8,2023105230,アニゴザントス,0.0425117829055874,3,15,0,0,0.015293675491169147,1.0815782877933444e-05
2026-0801-04-02-03-11,9,2023106892,ウラヌスリング,0.04250096712270947,3,15,0,0,1.0815782877933444e-05,0.012253829435592292
2026-0801-04-02-03-11,10,2023102090,クイーンアン,0.030247137687117176,3,15,0,0,0.012253829435592292,0.001292918296305446
2026-0801-04-02-03-11,11,2023100312,キリスパークル,0.02895421939081173,3,15,0,0,0.001292918296305446,0.0017778637558321514
2026-0801-04-02-03-11,12,2023102381,カタカムナ,0.02717635563497958,3,15,0,0,0.0017778637558321514,0.01029687222398806
2026-0801-04-02-03-11,13,2023105254,パルミエ,0.01687948341099152,3,15,0,0,0.01029687222398806,0.0037974876034878296
2026-0801-04-02-03-11,14,2023102065,ティンブロポップ,0.01308199580750369,3,15,0,0,0.0037974876034878296,7.555105128637628e-05
2026-0801-04-02-03-11,15,2023106417,フュチュール,0.013006444756217313,3,15,0,0,7.555105128637628e-05,0.002636101184974928
2026-0801-04-02-03-11,16,2023104365,ヤマニンジェンナ,0.010370343571242386,3,15,0,0,0.002636101184974928,0.0016870968544274254
2026-0801-04-02-03-11,17,2023100300,ケープティアラ,0.00868324671681496,3,15,0,0,0.0016870968544274254,0.000231586091112939
2026-0801-04-02-03-11,18,2023104597,ラスターヴァース,0.008451660625702021,3,15,0,0,0.000231586091112939,0
2026-0801-04-02-03-12,1,2023104357,ヤマニンアレシス,0.08719681993301853,1,17,1,0,0,0.006672315394696232
2026-0801-04-02-03-12,2,2022101108,ホウオウショコラ,0.0805245045383223,1,17,0,0,0.006672315394696232,0.0006231042783568508
2026-0801-04-02-03-12,3,2022106203,カシオペア,0.07990140025996545,1,17,0,0,0.0006231042783568508,0.016630924978957698
2026-0801-04-02-03-12,4,2022103155,タイキオーベロン,0.06327047528100775,1,17,0,0,0.016630924978957698,0.004174851437276389
2026-0801-04-02-03-12,5,2023104505,ゴールドパレード,0.05909562384373136,1,17,0,0,0.004174851437276389,0.004809271061140263
2026-0801-04-02-03-12,6,2022106796,レモンバーム,0.0542863527825911,1,17,0,0,0.004809271061140263,0.0013473999929450864
2026-0801-04-02-03-12,7,2023103036,カガラプンツェル,0.05293895278964601,1,17,0,0,0.0013473999929450864,0.00547115709248084
2026-0801-04-02-03-12,8,2023105043,シルフィー,0.04746779569716517,1,17,0,0,0.00547115709248084,0.009387669347279526
2026-0801-04-02-03-12,9,2023106299,ダイユウルミナス,0.03808012634988565,1,17,0,0,0.009387669347279526,0.0035185024492924433
2026-0801-04-02-03-12,10,2022105241,ソナタン,0.034561623900593204,1,17,0,0,0.0035185024492924433,0.006300535243744972
2026-0801-04-02-03-12,11,2023102312,ラブソング,0.028261088656848232,1,17,0,0,0.006300535243744972,0.0020177144110838895
2026-0801-04-02-03-12,12,2023104886,ロードストラダーレ,0.026243374245764343,1,17,0,0,0.0020177144110838895,0.0018809272788474912
2026-0801-04-02-03-12,13,2023102163,ソルトバーン,0.02436244696691685,1,17,0,0,0.0018809272788474912,0.004461712744123401
2026-0801-04-02-03-12,14,2022106719,アスクザアメリカン,0.01990073422279345,1,17,0,0,0.004461712744123401,0.0012428041609385335
2026-0801-04-02-03-12,15,2023103225,グラデュエール,0.018657930061854917,1,17,0,0,0.0012428041609385335,0.005891112478392651
2026-0801-04-02-03-12,16,2020103885,クリノゴッホ,0.012766817583462266,1,17,0,0,0.005891112478392651,0.0031730289425087876
2026-0801-04-02-03-12,17,2023101910,ステキサプライズ,0.009593788640953478,1,17,0,0,0.0031730289425087876,0
2026-0801-07-02-03-01,1,2024100727,オスカーレイア,0.270331737323319,1,3,1,0,0,0.024946415660177357
2026-0801-07-02-03-01,2,2024106076,アーデルボーデン,0.24538532166314164,1,3,0,0,0.024946415660177357,0.017232707824942795
2026-0801-07-02-03-01,3,2024101202,サイモンレガシー,0.22815261383819885,1,3,0,0,0.017232707824942795,0.09910707354094175
2026-0801-07-02-03-01,4,2024106285,シャインラブ,0.1290455402972571,2,4,0,1,0.09910707354094175,0.012498898062235253
2026-0801-07-02-03-01,5,2024103427,ヤマニンイハナ,0.11654664223502184,2,4,0,1,0.012498898062235253,0.0
2026-0801-07-02-03-01,6,2024100018,クラリスバローズ,0.11654664223502184,2,4,0,1,0.0,0.00314672879725357
2026-0801-07-02-03-01,7,2024105969,フェーエンハフト,0.11339991343776827,2,4,0,1,0.00314672879725357,0.06215272091522241
2026-0801-07-02-03-01,8,2024106944,メモリアデルレ,0.05124719252254586,3,3,0,0,0.06215272091522241,0.0023513219048646866
2026-0801-07-02-03-01,9,2024106350,ディーヴァレギオン,0.04889587061768117,3,3,0,0,0.0023513219048646866,0.0071987709139865325
2026-0801-07-02-03-01,10,2024106249,ヴェールダムール,0.04169709970369464,3,3,0,0,0.0071987709139865325,0
2026-0801-07-02-03-02,1,2024102645,ミール,0.07284688664625445,1,13,1,0,0,0.0
2026-0801-07-02-03-02,2,2024104848,ナムラサフラン,0.07284688664625445,1,13,0,0,0.0,0.0
2026-0801-07-02-03-02,3,2024103484,ジョリープリュム,0.07284688664625445,1,13,0,0,0.0,0.0
2026-0801-07-02-03-02,4,2024107104,ノヴァーリス,0.07284688664625445,1,13,0,0,0.0,0.0
2026-0801-07-02-03-02,5,2024104083,プレシャスローズ,0.07284688664625445,1,13,0,0,0.0,0.0
2026-0801-07-02-03-02,6,2024104447,ベニバナ,0.07284688664625445,1,13,0,0,0.0,0.0
2026-0801-07-02-03-02,7,2024107195,ジュンアマンドラ,0.07284688664625445,1,13,0,0,0.0,0.0
2026-0801-07-02-03-02,8,2024105758,ラムラベイ,0.07284688664625445,1,13,0,0,0.0,0.0
2026-0801-07-02-03-02,9,2024102172,マッセート,0.07284688664625445,1,13,0,0,0.0,0.0
2026-0801-07-02-03-02,10,2024102756,ヴァニーユ,0.07284688664625445,1,13,0,0,0.0,0.0
2026-0801-07-02-03-02,11,2024100762,ウインクローバー,0.07284688664625445,1,13,0,0,0.0,0.0
2026-0801-07-02-03-02,12,2024106214,マーゴットユーカー,0.07284688664625445,1,13,0,0,0.0,0.0
2026-0801-07-02-03-02,13,2024106168,バティック,0.07284688664625445,1,13,0,0,0.0,0
2026-0801-07-02-03-03,1,2023105017,チェファルー,0.28453226834545303,1,1,1,0,0,0.15339153384979248
2026-0801-07-02-03-03,2,2023100906,ソルアモール,0.13114073449566055,2,15,0,1,0.15339153384979248,0.014443480382529211
2026-0801-07-02-03-03,3,2023103743,シャリキモン,0.11669725411313134,2,15,0,1,0.014443480382529211,0.0286215549568775
2026-0801-07-02-03-03,4,2023103310,アイルドゥレーヴェ,0.08807569915625384,2,15,0,1,0.0286215549568775,0.015429389681733144
2026-0801-07-02-03-03,5,2023102310,パンキー,0.07264630947452069,2,15,0,1,0.015429389681733144,0.01593579500707875
2026-0801-07-02-03-03,6,2023105211,アージュドール,0.05671051446744194,2,15,0,1,0.01593579500707875,0.018279237583698933
2026-0801-07-02-03-03,7,2023103368,ゴリョウセイ,0.03843127688374301,2,15,0,1,0.018279237583698933,0.004674396320412361
2026-0801-07-02-03-03,8,2023101893,スーパービジー,0.03375688056333065,2,15,0,1,0.004674396320412361,0.0051044753881068945
2026-0801-07-02-03-03,9,2023103081,ヴィーラー,0.028652405175223754,2,15,0,1,0.0051044753881068945,0.0009294816217422404
2026-0801-07-02-03-03,10,2023101197,ゴールドアベニュー,0.027722923553481514,2,15,0,1,0.0009294816217422404,0.0028885486967425295
2026-0801-07-02-03-03,11,2023103332,ウェイヴムーン,0.024834374856738985,2,15,0,1,0.0028885486967425295,0.0015741874671370629
2026-0801-07-02-03-03,12,2023101308,グリミスティ,0.023260187389601922,2,15,0,1,0.0015741874671370629,0.00028123980674850044
2026-0801-07-02-03-03,13,2023101282,メイショウユウゲン,0.02297894758285342,2,15,0,1,0.00028123980674850044,0.006270375473768429
2026-0801-07-02-03-03,14,2023100995,サトノライトニング,0.016708572109084992,2,15,0,1,0.006270375473768429,0.0020209701966813366
2026-0801-07-02-03-03,15,2023110001,シェーネエルデ,0.014687601912403656,2,15,0,1,0.0020209701966813366,0.010036009805046184
2026-0801-07-02-03-03,16,2023103598,レッドジルベスター,0.004651592107357471,2,15,0,1,0.010036009805046184,0
2026-0801-07-02-03-04,1,2023103329,ウンナターシャ,0.215930461472223,1,1,1,0,0,0.0702730634113991
2026-0801-07-02-03-04,2,2023105462,クラテロス,0.1456573980608239,2,15,0,1,0.0702730634113991,0.0033368151441647287
2026-0801-07-02-03-04,3,2023106794,ラミアスペランツァ,0.14232058291665917,2,15,0,1,0.0033368151441647287,0.013788169905042114
2026-0801-07-02-03-04,4,2023104329,タガノアルテミス,0.12853241301161705,2,15,0,1,0.013788169905042114,0.011035583374796695
2026-0801-07-02-03-04,5,2023109040,メイショウメゴヒメ,0.11749682963682036,2,15,0,1,0.011035583374796695,0.0067709736341553806
2026-0801-07-02-03-04,6,2023107064,フィデリス,0.11072585600266498,2,15,0,1,0.0067709736341553806,0.03077669043711452
2026-0801-07-02-03-04,7,2023104362,ヤマニンエルファバ,0.07994916556555046,2,15,0,1,0.03077669043711452,0.027622421351455324
2026-0801-07-02-03-04,8,2023101201,タントレーベル,0.05232674421409513,2,15,0,1,0.027622421351455324,0.005803411635510278
2026-0801-07-02-03-04,9,2023102174,メイショウマグナ,0.046523332578584854,2,15,0,1,0.005803411635510278,0.010631991683622478
2026-0801-07-02-03-04,10,2023106004,スマートエトワール,0.035891340894962376,2,15,0,1,0.010631991683622478,0.0021489950735731483
2026-0801-07-02-03-04,11,2023101946,キーテーマ,0.03374234582138923,2,15,0,1,0.0021489950735731483,0.0033933396302172764
2026-0801-07-02-03-04,12,2023105819,ベイニーニャ,0.03034900619117195,2,15,0,1,0.0033933396302172764,0.0064507376504976364
2026-0801-07-02-03-04,13,2023100605,キミガスキダ,0.023898268540674315,2,15,0,1,0.0064507376504976364,0.01120019542471732
2026-0801-07-02-03-04,14,2023101988,アスタウイン,0.012698073115956995,2,15,0,1,0.01120019542471732,0.0019496448750147156
2026-0801-07-02-03-04,15,2023105385,エアリアルグレース,0.010748428240942279,2,15,0,1,0.0019496448750147156,0.0019936139236710806
2026-0801-07-02-03-04,16,2023106213,ガビーズデトワール,0.008754814317271199,2,15,0,1,0.0019936139236710806,0
2026-0801-07-02-03-05,1,2023103284,メイショウナナシロ,0.17356393905018874,1,4,1,0,0,0.0005904459437604814
2026-0801-07-02-03-05,2,2023104872,ゴールデンドラゴン,0.17297349310642826,1,4,0,0,0.0005904459437604814,0.004273269772796767
2026-0801-07-02-03-05,3,2023103591,ベラジオヴァレル,0.1687002233336315,1,4,0,0,0.004273269772796767,0.016121899459254213
2026-0801-07-02-03-05,4,2023104172,リリーサンダー,0.15257832387437728,1,4,0,0,0.016121899459254213,0.06610919928639604
2026-0801-07-02-03-05,5,2023106888,サトノグロリア,0.08646912458798124,2,12,0,1,0.06610919928639604,0.027005909554536425
2026-0801-07-02-03-05,6,2023105001,クロンヌジャン,0.059463215033444816,2,12,0,1,0.027005909554536425,0.014629088721455658
2026-0801-07-02-03-05,7,2023101043,メイショウジンソウ,0.04483412631198916,2,12,0,1,0.014629088721455658,0.0
2026-0801-07-02-03-05,8,2023106615,レッドバベル,0.04483412631198916,2,12,0,1,0.0,0.014448907066106513
2026-0801-07-02-03-05,9,2023106271,ニシノエビガタメ,0.030385219245882646,2,12,0,1,0.014448907066106513,0.0050564662523975255
2026-0801-07-02-03-05,10,2023101574,サンライズジャッジ,0.02532875299348512,2,12,0,1,0.0050564662523975255,0.0001789532499325147
2026-0801-07-02-03-05,11,2023104747,チアフルラン,0.025149799743552605,2,12,0,1,0.0001789532499325147,0.0024585565906739097
2026-0801-07-02-03-05,12,2023105122,サラサダンディー,0.022691243152878696,2,12,0,1,0.0024585565906739097,0.0036627730790027603
2026-0801-07-02-03-05,13,2023100530,カセノナユタ,0.019028470073875935,2,12,0,1,0.0036627730790027603,0.004229994882481335
2026-0801-07-02-03-05,14,2023105316,フォーシーファイン,0.0147984751913946,2,12,0,1,0.004229994882481335,0.0010115635090707457
2026-0801-07-02-03-05,15,2023104382,レディトゥアタック,0.013786911682323854,2,12,0,1,0.0010115635090707457,0.001240139980183989
2026-0801-07-02-03-05,16,2023100098,ジャッキーバローズ,0.012546771702139865,2,12,0,1,0.001240139980183989,0
2026-0801-07-02-03-06,1,2022110007,スナッピードレッサ,0.22883000642995488,1,1,1,0,0,0.05261648477000372
2026-0801-07-02-03-06,2,2022106920,ニューオーリンズ,0.17621352165995116,2,15,0,1,0.05261648477000372,0.015054790100084009
2026-0801-07-02-03-06,3,2023106651,リサシテーション,0.16115873155986715,2,15,0,1,0.015054790100084009,0.03940358393127212
2026-0801-07-02-03-06,4,2022100204,ピエマンソン,0.12175514762859503,2,15,0,1,0.03940358393127212,0.0020806858410695045
2026-0801-07-02-03-06,5,2022105964,スニーカースキル,0.11967446178752553,2,15,0,1,0.0020806858410695045,0.03563205256847189
2026-0801-07-02-03-06,6,2021106594,ヤマニンアストロン,0.08404240921905363,2,15,0,1,0.03563205256847189,0.016977816095047588
2026-0801-07-02-03-06,7,2022105808,トゥロン,0.06706459312400605,2,15,0,1,0.016977816095047588,0.0030161562596281583
2026-0801-07-02-03-06,8,2022105853,ヴィリアリート,0.06404843686437789,2,15,0,1,0.0030161562596281583,0.010986997505805438
2026-0801-07-02-03-06,9,2021105379,ルシフェル,0.05306143935857245,2,15,0,1,0.010986997505805438,0.007095556508144987
2026-0801-07-02-03-06,10,2021106305,ランウインディ,0.045965882850427464,2,15,0,1,0.007095556508144987,0.02192262370249751
2026-0801-07-02-03-06,11,2020100583,レイズカイザー,0.024043259147929954,2,15,0,1,0.02192262370249751,0.005543201534132465
2026-0801-07-02-03-06,12,2021101235,ゴールデンオスカー,0.01850005761379749,2,15,0,1,0.005543201534132465,0.0016434821431621158
2026-0801-07-02-03-06,13,2019100110,ナッカーフェイス,0.016856575470635373,2,15,0,1,0.0016434821431621158,3.692663451609207e-05
2026-0801-07-02-03-06,14,2020110100,シゲルソロソロ,0.01681964883611928,2,15,0,1,3.692663451609207e-05,0.003532915652716488
2026-0801-07-02-03-06,15,2019101295,ホワイトガーベラ,0.013286733183402793,2,15,0,1,0.003532915652716488,0.0007722886182519248
2026-0801-07-02-03-06,16,2019104260,メイショウクリフト,0.012514444565150868,2,15,0,1,0.0007722886182519248,0
2026-0801-07-02-03-07,1,2023103752,アンドゥーリル,0.1652187187740629,1,3,1,0,0,0.0223545588370887
2026-0801-07-02-03-07,2,2020104520,アイルシャイン,0.1428641599369742,1,3,0,0,0.0223545588370887,0.01929159830458882
2026-0801-07-02-03-07,3,2022105550,ノクナレア,0.12357256163238539,1,3,0,0,0.01929159830458882,0.05232854792779759
2026-0801-07-02-03-07,4,2021105161,ケーブパール,0.0712440137045878,2,8,0,1,0.05232854792779759,0.004195867433126069
2026-0801-07-02-03-07,5,2021105800,ミエスペランサ,0.06704814627146173,2,8,0,1,0.004195867433126069,6.107742576257069e-05
2026-0801-07-02-03-07,6,2022102744,キングメーカー,0.06698706884569916,2,8,0,1,6.107742576257069e-05,0.005996262540820821
2026-0801-07-02-03-07,7,2021105127,テラメリタ,0.06099080630487834,2,8,0,1,0.005996262540820821,0.012284732224223598
2026-0801-07-02-03-07,8,2021104153,エポックヴィーナス,0.04870607408065474,2,8,0,1,0.012284732224223598,0.0019439740852372628
2026-0801-07-02-03-07,9,2021104971,オールセインツ,0.04676209999541748,2,8,0,1,0.0019439740852372628,0.018727428382686772
2026-0801-07-02-03-07,10,2022103754,ミストレス,0.028034671612730707,2,8,0,1,0.018727428382686772,0.0008850845394207454
2026-0801-07-02-03-07,11,2021105255,ハワイアンティアレ,0.02714958707330996,2,8,0,1,0.0008850845394207454,0
2026-0801-07-02-03-08,1,2023100547,ビービークローサー,0.37506508552681056,1,1,1,0,0,0.22724034339409305
2026-0801-07-02-03-08,2,2023102553,ボクマダネムイヨ,0.1478247421327175,2,1,0,1,0.22724034339409305,0.08404468585689312
2026-0801-07-02-03-08,3,2020106205,メイショウクーガー,0.06378005627582439,3,11,0,0,0.08404468585689312,0.0018495617291780161
2026-0801-07-02-03-08,4,2021102595,バルダンツァ,0.06193049454664638,3,11,0,0,0.0018495617291780161,0.00011985815626210095
2026-0801-07-02-03-08,5,2021104872,ビルンバウム,0.061810636390384276,3,11,0,0,0.00011985815626210095,0.0015015241021065912
2026-0801-07-02-03-08,6,2022105055,レッドボブ,0.060309112288277684,3,11,0,0,0.0015015241021065912,0.0016678726459732549
2026-0801-07-02-03-08,7,2021106694,ソウルアンドジャズ,0.05864123964230443,3,11,0,0,0.0016678726459732549,0.01685740199602892
2026-0801-07-02-03-08,8,2021105637,テンエースワン,0.04178383764627551,3,11,0,0,0.01685740199602892,0.01776459319126574
2026-0801-07-02-03-08,9,2022102956,エンマ,0.024019244455009768,3,11,0,0,0.01776459319126574,0.0008155808113102653
2026-0801-07-02-03-08,10,2022107133,タガノマルアフ,0.023203663643699503,3,11,0,0,0.0008155808113102653,0.0035336324233225525
2026-0801-07-02-03-08,11,2022105878,メイケイロゼッタ,0.01967003122037695,3,11,0,0,0.0035336324233225525,0.0028062977004693172
2026-0801-07-02-03-08,12,2022102739,ナリタヒカリ,0.016863733519907633,3,11,0,0,0.0028062977004693172,0.006704530307787327
2026-0801-07-02-03-08,13,2022106893,ホープエトワール,0.010159203212120306,3,11,0,0,0.006704530307787327,0
2026-0801-07-02-03-09,1,2022101139,アバットゥータ,0.23692387082818003,1,3,1,0,0,0.033711877507085514
2026-0801-07-02-03-09,2,2021110061,ソレルビュレット,0.20321199332109452,1,3,0,0,0.033711877507085514,0.014856161384702443
2026-0801-07-02-03-09,3,2020103063,マルディランダ,0.18835583193639208,1,3,0,0,0.014856161384702443,0.06835243903464226
2026-0801-07-02-03-09,4,2021104669,サマーアゲイン,0.12000339290174981,2,1,0,1,0.06835243903464226,0.049053136641108094
2026-0801-07-02-03-09,5,2018103590,リッケンバッカー,0.07095025626064172,3,1,0,0,0.049053136641108094,0.04359744205297239
2026-0801-07-02-03-09,6,2021109096,モナコブル,0.027352814207669326,4,4,0,0,0.04359744205297239,0.011040085979512827
2026-0801-07-02-03-09,7,2020106534,メイショウカゼマチ,0.0163127282281565,4,4,0,0,0.011040085979512827,5.527150782285231e-05
2026-0801-07-02-03-09,8,2019105500,サトノドルチェ,0.016257456720333647,4,4,0,0,5.527150782285231e-05,0.003628178283776687
2026-0801-07-02-03-09,9,2022104753,クロライナ,0.01262927843655696,4,4,0,0,0.003628178283776687,0
2026-0801-07-02-03-10,1,2023102213,プルメリアリノ,0.271728548903867,1,1,1,0,0,0.13559127431472054
2026-0801-07-02-03-10,2,2022105321,ハウリングウィンド,0.13613727458914646,2,1,0,1,0.13559127431472054,0.0425485182479807
2026-0801-07-02-03-10,3,2023100961,エコログロウ,0.09358875634116576,3,14,0,0,0.0425485182479807,0.01023857462143521
2026-0801-07-02-03-10,4,2023106786,ヴェルジーネ,0.08335018171973055,3,14,0,0,0.01023857462143521,0.0018305946031632603
2026-0801-07-02-03-10,5,2023101865,ウォーターデライト,0.08151958711656729,3,14,0,0,0.0018305946031632603,0.008339580792534773
2026-0801-07-02-03-10,6,2022106582,ケイアイマウンガ,0.07318000632403251,3,14,0,0,0.008339580792534773,0.010262910763737337
2026-0801-07-02-03-10,7,2021104101,タイセイブロウ,0.06291709556029518,3,14,0,0,0.010262910763737337,0.0005166123701784361
2026-0801-07-02-03-10,8,2023106989,キンダープンシュ,0.06240048319011674,3,14,0,0,0.0005166123701784361,0.004562898188851798
2026-0801-07-02-03-10,9,2020100683,カフェノワール,0.05783758500126494,3,14,0,0,0.004562898188851798,0.00852085822668669
2026-0801-07-02-03-10,10,2022103728,アメリカンビーチ,0.049316726774578254,3,14,0,0,0.00852085822668669,0.0044667757410748535
2026-0801-07-02-03-10,11,2022104391,ヴィヴァシャス,0.0448499510335034,3,14,0,0,0.0044667757410748535,0.003843555834125559
2026-0801-07-02-03-10,12,2022103249,メイショウアボット,0.04100639519937784,3,14,0,0,0.003843555834125559,0.007097446112733566
2026-0801-07-02-03-10,13,2022105748,リードプリンシパル,0.033908949086644276,3,14,0,0,0.007097446112733566,0.0033971170818845563
2026-0801-07-02-03-10,14,2022101399,ルージュミステリオ,0.03051183200475972,3,14,0,0,0.0033971170818845563,0.011621610587685963
2026-0801-07-02-03-10,15,2022100997,ジョードリウム,0.018890221417073756,3,14,0,0,0.011621610587685963,0.002713236388826045
2026-0801-07-02-03-10,16,2021103943,クインズセレネ,0.01617698502824771,3,14,0,0,0.002713236388826045,0
2026-0801-07-02-03-11,1,2023105288,ピカキウイ,0.3127460013938247,1,5,1,0,0,0.03616421281565657
2026-0801-07-02-03-11,2,2023106219,サムシングスイート,0.2765817885781681,1,5,0,0,0.03616421281565657,0.024964628310790937
2026-0801-07-02-03-11,3,2023104305,エクリュ,0.2516171602673772,1,5,0,0,0.024964628310790937,0.00887329576677759
2026-0801-07-02-03-11,4,2023105484,エイシンウィスパー,0.2427438645005996,1,5,0,0,0.00887329576677759,0.01198558495510127
2026-0801-07-02-03-11,5,2023107244,ヴィスコンテッサ,0.23075827954549832,1,5,0,0,0.01198558495510127,0.12865910356936253
2026-0801-07-02-03-11,6,2022101400,マーゴットレジーナ,0.1020991759761358,2,2,0,1,0.12865910356936253,0.0010510543704870812
2026-0801-07-02-03-11,7,2022102139,シェーラ,0.10104812160564872,2,2,0,1,0.0010510543704870812,0.04711877179979057
2026-0801-07-02-03-11,8,2023106808,シルバーリム,0.053929349805858146,3,2,0,0,0.04711877179979057,0.03077490720992874
2026-0801-07-02-03-11,9,2022106593,カポレイラ,0.023154442595929404,3,2,0,0,0.03077490720992874,0
2026-0801-07-02-03-12,1,2023103440,サーディンラン,0.25817059527233704,1,2,1,0,0,0.004288991151013499
2026-0801-07-02-03-12,2,2023102845,ララファキュルテ,0.25388160412132355,1,2,0,0,0.004288991151013499,0.05483351508241474
2026-0801-07-02-03-12,3,2022104738,パスコード,0.1990480890389088,2,9,0,1,0.05483351508241474,0.012291462785541468
2026-0801-07-02-03-12,4,2023103783,ヴォーカライズ,0.18675662625336734,2,9,0,1,0.012291462785541468,0.020713626561603887
2026-0801-07-02-03-12,5,2022103251,メイショウビストロ,0.16604299969176345,2,9,0,1,0.020713626561603887,0.03118920666969649
2026-0801-07-02-03-12,6,2023102990,キングケープ,0.13485379302206696,2,9,0,1,0.03118920666969649,0.02531941178146814
2026-0801-07-02-03-12,7,2022101690,グレゴリオ,0.10953438124059882,2,9,0,1,0.02531941178146814,0.011634672441567004
2026-0801-07-02-03-12,8,2023110015,パーシャングレー,0.09789970879903181,2,9,0,1,0.011634672441567004,0.021663754993879777
2026-0801-07-02-03-12,9,2021106206,ウインラウダ,0.07623595380515204,2,9,0,1,0.021663754993879777,0.025941028327683587
2026-0801-07-02-03-12,10,2022105936,ウィテカービート,0.05029492547746845,2,9,0,1,0.025941028327683587,0.016617405627608113
2026-0801-07-02-03-12,11,2023104692,サマーブリザード,0.03367751984986034,2,9,0,1,0.016617405627608113,0
2026-0802-01-01-04-01,1,2023104322,タガノシルフィー,0.16577020416990418,1,3,1,0,0,0.011073627803589503
2026-0802-01-01-04-01,2,2023101091,ストリートクイーン,0.15469657636631468,1,3,0,0,0.011073627803589503,0.01684607129734128
2026-0802-01-01-04-01,3,2023105062,フレンチブラッサム,0.1378505050689734,1,3,0,0,0.01684607129734128,0.05275123575131534
2026-0802-01-01-04-01,4,2023103813,ザンシュトーム,0.08509926931765806,2,11,0,1,0.05275123575131534,0.016961608057548677
2026-0802-01-01-04-01,5,2023103191,ワンダーアスク,0.06813766126010938,2,11,0,1,0.016961608057548677,0.0168304255586737
2026-0802-01-01-04-01,6,2023107103,ダノンルミエール,0.05130723570143568,2,11,0,1,0.0168304255586737,0.0016853233264016027
2026-0802-01-01-04-01,7,2023101796,テリオスリコ,0.04962191237503408,2,11,0,1,0.0016853233264016027,0.014459868294946221
2026-0802-01-01-04-01,8,2023104415,アインプロージット,0.035162044080087856,2,11,0,1,0.014459868294946221,0.013405818288237205
2026-0802-01-01-04-01,9,2023100699,ヒマラヤミュサ,0.02175622579185065,2,11,0,1,0.013405818288237205,0.0006274932637199658
2026-0802-01-01-04-01,10,2023101825,ヨドノサファイア,0.021128732528130686,2,11,0,1,0.0006274932637199658,0.0006845341456981902
2026-0802-01-01-04-01,11,2023105004,クルサール,0.020444198382432496,2,11,0,1,0.0006845341456981902,0.0016252570934485143
2026-0802-01-01-04-01,12,2023104384,ローゾフィア,0.01881894128898398,2,11,0,1,0.0016252570934485143,0.006715915891847595
2026-0802-01-01-04-01,13,2023103193,レーヌペスカ,0.012103025397136386,2,11,0,1,0.006715915891847595,0.0025686994437877884
2026-0802-01-01-04-01,14,2023106953,ドゥブルヴェ,0.009534325953348598,2,11,0,1,0.0025686994437877884,0
2026-0802-01-01-04-02,1,2023103155,エグジスタンス,0.24480499168980835,1,2,1,0,0,0.015580386001586427
2026-0802-01-01-04-02,2,2023106578,ペカリーナ,0.22922460568822192,1,2,0,0,0.015580386001586427,0.06824316038354519
2026-0802-01-01-04-02,3,2023105952,ブルーエ,0.16098144530467673,2,12,0,1,0.06824316038354519,0.03880773620647947
2026-0802-01-01-04-02,4,2023106620,ショウナンバーボン,0.12217370909819726,2,12,0,1,0.03880773620647947,0.03976826174490142
2026-0802-01-01-04-02,5,2023110026,スカイピア,0.08240544735329584,2,12,0,1,0.03976826174490142,0.014181256398115474
2026-0802-01-01-04-02,6,2023100179,ニシノマーレ,0.06822419095518037,2,12,0,1,0.014181256398115474,0.011412497478488874
2026-0802-01-01-04-02,7,2023102425,ロックフラワー,0.056811693476691495,2,12,0,1,0.011412497478488874,2.3420251133873804e-05
2026-0802-01-01-04-02,8,2023105470,グローリーバローズ,0.05678827322555762,2,12,0,1,2.3420251133873804e-05,0.01528871873212076
2026-0802-01-01-04-02,9,2023104404,モンテール,0.04149955449343686,2,12,0,1,0.01528871873212076,0.009675359590163052
2026-0802-01-01-04-02,10,2023106742,ポセイドンテソーロ,0.03182419490327381,2,12,0,1,0.009675359590163052,0.002266069536502824
2026-0802-01-01-04-02,11,2023105212,シーシェル,0.029558125366770986,2,12,0,1,0.002266069536502824,0.002366129767294927
2026-0802-01-01-04-02,12,2023101530,ミアエッテ,0.02719199559947606,2,12,0,1,0.002366129767294927,0.008187328030085556
2026-0802-01-01-04-02,13,2023105042,メイショウタダツグ,0.019004667569390503,2,12,0,1,0.008187328030085556,0.011071156697970342
2026-0802-01-01-04-02,14,2023106885,アトリ,0.007933510871420161,2,12,0,1,0.011071156697970342,0
2026-0802-01-01-04-03,1,2023102750,ワンダーブリッツ,0.35095067862505863,1,1,1,0,0,0.11538775391799128
2026-0802-01-01-04-03,2,2023110069,ゴンフィンガー,0.23556292470706736,2,1,0,1,0.11538775391799128,0.14728802636856328
2026-0802-01-01-04-03,3,2023103504,ハイランダー,0.08827489833850408,3,9,0,0,0.14728802636856328,0.02845903855205279
2026-0802-01-01-04-03,4,2023102396,ホウオウロレンシア,0.059815859786451285,3,9,0,0,0.02845903855205279,0.005107835718871898
2026-0802-01-01-04-03,5,2023105739,モズヴイ,0.05470802406757939,3,9,0,0,0.005107835718871898,0.013671500195233277
2026-0802-01-01-04-03,6,2023106657,イーサンミラー,0.04103652387234611,3,9,0,0,0.013671500195233277,0.011805191443640648
2026-0802-01-01-04-03,7,2023101714,ワンダーゾルダート,0.029231332428705462,3,9,0,0,0.011805191443640648,0.016903154339973653
2026-0802-01-01-04-03,8,2023100784,エースオブゴールド,0.012328178088731809,3,9,0,0,0.016903154339973653,0.00011414338327543107
2026-0802-01-01-04-03,9,2023105090,ヘリオポリス,0.012214034705456378,3,9,0,0,0.00011414338327543107,0.0015097182304530787
2026-0802-01-01-04-03,10,2023107544,カンフージョン,0.010704316475003299,3,9,0,0,0.0015097182304530787,0.004434269208321592
2026-0802-01-01-04-03,11,2023104288,イントゥゴールデン,0.006270047266681707,3,9,0,0,0.004434269208321592,0
2026-0802-01-01-04-04,1,2023107050,ワンダフルデイズ,0.25045371708306674,1,1,1,0,0,0.0670192498219089
2026-0802-01-01-04-04,2,2023101050,クオンタムスター,0.18343446726115784,2,1,0,1,0.0670192498219089,0.07778348878140026
2026-0802-01-01-04-04,3,2023106077,タケルフォーカス,0.10565097847975757,3,11,0,0,0.07778348878140026,0.02341902129134696
2026-0802-01-01-04-04,4,2021102379,テイクザクラウン,0.08223195718841061,3,11,0,0,0.02341902129134696,0.01021409290510597
2026-0802-01-01-04-04,5,2023104156,グランアルト,0.07201786428330464,3,11,0,0,0.01021409290510597,0.0016403047571692114
2026-0802-01-01-04-04,6,2022102383,ニヒトツーゼーア,0.07037755952613543,3,11,0,0,0.0016403047571692114,0.011485776991586122
2026-0802-01-01-04-04,7,2022104164,サイモンイロハニー,0.05889178253454931,3,11,0,0,0.011485776991586122,0.013816450819556424
2026-0802-01-01-04-04,8,2022103070,レイデラティエラ,0.04507533171499289,3,11,0,0,0.013816450819556424,0.01700532677058042
2026-0802-01-01-04-04,9,2020105796,ペリプルス,0.028070004944412467,3,11,0,0,0.01700532677058042,0.00042358887282003405
2026-0802-01-01-04-04,10,2022106180,シャインバオバブ,0.027646416071592433,3,11,0,0,0.00042358887282003405,0.006159877722856581
2026-0802-01-01-04-04,11,2023103837,ランブリングマン,0.021486538348735852,3,11,0,0,0.006159877722856581,0.001785270114361432
2026-0802-01-01-04-04,12,2022101425,エナジーショット,0.01970126823437442,3,11,0,0,0.001785270114361432,0.005881088785523646
2026-0802-01-01-04-04,13,2022104661,ジーティートシオー,0.013820179448850774,3,11,0,0,0.005881088785523646,0
2026-0802-01-01-04-05,1,2024107200,ジューンガレン,0.09856933364776119,1,10,1,0,0,0.0
2026-0802-01-01-04-05,2,2024106597,ホウオウプレマ,0.09856933364776119,1,10,0,0,0.0,0.0
2026-0802-01-01-04-05,3,2024103472,オンザボー,0.09856933364776119,1,10,0,0,0.0,0.0
2026-0802-01-01-04-05,4,2024106558,スワッグウォーク,0.09856933364776119,1,10,0,0,0.0,0.0
2026-0802-01-01-04-05,5,2024106823,サーギュスターヴ,0.09856933364776119,1,10,0,0,0.0,0.0
2026-0802-01-01-04-05,6,2024106074,ボンジュールパリ,0.09856933364776119,1,10,0,0,0.0,0.0
2026-0802-01-01-04-05,7,2024103201,ロゼプレミア,0.09856933364776119,1,10,0,0,0.0,0.0
2026-0802-01-01-04-05,8,2024106864,チャームジュネーヴ,0.09856933364776119,1,10,0,0,0.0,0.0
2026-0802-01-01-04-05,9,2024106075,デルマハッコウダ,0.09856933364776119,1,10,0,0,0.0,0.0
2026-0802-01-01-04-05,10,2024104957,グラブザクラウン,0.09856933364776119,1,10,0,0,0.0,0
2026-0802-01-01-04-06,1,2023105786,ロードアマルフィ,0.18834942944240674,1,10,1,0,0,0.013355854736689904
2026-0802-01-01-04-06,2,2022100912,ココデイック,0.17499357470571683,1,10,0,0,0.013355854736689904,0.038843341294062694
2026-0802-01-01-04-06,3,2023100612,タイセイジェイド,0.13615023341165414,1,10,0,0,0.038843341294062694,0.007293429455857814
2026-0802-01-01-04-06,4,2022102300,アスクガンバーレ,0.12885680395579632,1,10,0,0,0.007293429455857814,0.0014198727579389503
2026-0802-01-01-04-06,5,2022101445,マテンロウカナロア,0.12743693119785737,1,10,0,0,0.0014198727579389503,0.013360521521664365
2026-0802-01-01-04-06,6,2023103176,セイントホース,0.11407640967619301,1,10,0,0,0.013360521521664365,0.003027833060487803
2026-0802-01-01-04-06,7,2022101255,ステイアンビシャス,0.1110485766157052,1,10,0,0,0.003027833060487803,0.015900179678231763
2026-0802-01-01-04-06,8,2023100953,グランセレスト,0.09514839693747344,1,10,0,0,0.015900179678231763,0.018814563528401718
2026-0802-01-01-04-06,9,2023102263,ステラデルークス,0.07633383340907172,1,10,0,0,0.018814563528401718,0.013686030115750772
2026-0802-01-01-04-06,10,2023110034,カフジクロミエ,0.06264780329332095,1,10,0,0,0.013686030115750772,0
2026-0802-01-01-04-07,1,2023105003,アールグレイ,0.1361440136175602,1,1,1,0,0,0.05143594688535692
2026-0802-01-01-04-07,2,2023101938,メイショウローゼ,0.08470806673220328,2,11,0,1,0.05143594688535692,0.030539394952446
2026-0802-01-01-04-07,3,2023106211,スリールーディカ,0.05416867177975728,2,11,0,1,0.030539394952446,0.003416649154161455
2026-0802-01-01-04-07,4,2023103196,フクチャンブラック,0.050752022625595826,2,11,0,1,0.003416649154161455,0.0019008842255449562
2026-0802-01-01-04-07,5,2023103776,フォーティンブラス,0.04885113840005087,2,11,0,1,0.0019008842255449562,0.0010310382195723583
2026-0802-01-01-04-07,6,2023102669,ワダツミ,0.04782010018047851,2,11,0,1,0.0010310382195723583,0.013212167588609894
2026-0802-01-01-04-07,7,2023101812,デイズインザサン,0.03460793259186862,2,11,0,1,0.013212167588609894,0.0076903445330588
2026-0802-01-01-04-07,8,2023103601,アイアムコロンブス,0.026917588058809817,2,11,0,1,0.0076903445330588,0.005570552055086844
2026-0802-01-01-04-07,9,2023102802,ヤクジョ,0.021347036003722973,2,11,0,1,0.005570552055086844,0.007201012083461088
2026-0802-01-01-04-07,10,2023105879,ウインベルチェーロ,0.014146023920261885,2,11,0,1,0.007201012083461088,0.004570528507511152
2026-0802-01-01-04-07,11,2023103863,デルマアサマ,0.009575495412750733,2,11,0,1,0.004570528507511152,0.0007343228700334176
2026-0802-01-01-04-07,12,2023105044,ゴールデンボブ,0.008841172542717315,2,11,0,1,0.0007343228700334176,0
2026-0802-01-01-04-08,1,2022103991,ジーティーエスピ,0.23492522385266823,1,1,1,0,0,0.07825357960699816
2026-0802-01-01-04-08,2,2023104875,ダブルチャレンジ,0.15667164424567007,2,13,0,1,0.07825357960699816,0.022821326824247506
2026-0802-01-01-04-08,3,2023102812,ディーズメンフィス,0.13385031742142256,2,13,0,1,0.022821326824247506,0.01926369915076613
2026-0802-01-01-04-08,4,2022101103,ザカリナン,0.11458661827065643,2,13,0,1,0.01926369915076613,0.03291031082885823
2026-0802-01-01-04-08,5,2023100925,サトノワーグナー,0.0816763074417982,2,13,0,1,0.03291031082885823,0.025191100945868863
2026-0802-01-01-04-08,6,2021110014,ブライトアゲイン,0.056485206495929335,2,13,0,1,0.025191100945868863,0.00011661173819027537
2026-0802-01-01-04-08,7,2023102972,グレートスティック,0.05636859475773906,2,13,0,1,0.00011661173819027537,0.0005644642002641739
2026-0802-01-01-04-08,8,2023105797,ロードクラシコ,0.055804130557474886,2,13,0,1,0.0005644642002641739,0.0019867469832713577
2026-0802-01-01-04-08,9,2022105212,エコロハート,0.05381738357420353,2,13,0,1,0.0019867469832713577,0.011063592458982384
2026-0802-01-01-04-08,10,2021103535,シャインズオンユー,0.042753791115221144,2,13,0,1,0.011063592458982384,0.00750506344770753
2026-0802-01-01-04-08,11,2022106016,ブライアーヒル,0.035248727667513614,2,13,0,1,0.00750506344770753,0.0016994312312142712
2026-0802-01-01-04-08,12,2020100084,レッドカメリア,0.03354929643629934,2,13,0,1,0.0016994312312142712,0.007144806538234304
2026-0802-01-01-04-08,13,2023105169,アースコーリング,0.02640448989806504,2,13,0,1,0.007144806538234304,0.008072595218237503
2026-0802-01-01-04-08,14,2021102433,アートフォーム,0.018331894679827536,2,13,0,1,0.008072595218237503,0
2026-0802-01-01-04-09,1,2022104394,ヒットミー,0.23490429312292133,1,2,1,0,0,0.004743168867252234
2026-0802-01-01-04-09,2,2023107523,デアプリームス,0.2301611242556691,1,2,0,0,0.004743168867252234,0.08588376268649389
2026-0802-01-01-04-09,3,2022102427,パールフロント,0.1442773615691752,2,10,0,1,0.08588376268649389,0.02026535979046691
2026-0802-01-01-04-09,4,2022100729,ビーマックス,0.12401200177870829,2,10,0,1,0.02026535979046691,0.006448390006064661
2026-0802-01-01-04-09,5,2023103625,エコロレバン,0.11756361177264363,2,10,0,1,0.006448390006064661,0.01064114956829508
2026-0802-01-01-04-09,6,2022103183,アイアムイチバン,0.10692246220434855,2,10,0,1,0.01064114956829508,0.03037901878457816
2026-0802-01-01-04-09,7,2022103857,クインズシフォン,0.07654344341977039,2,10,0,1,0.03037901878457816,0.017212872911558125
2026-0802-01-01-04-09,8,2022110087,ララアヴリル,0.05933057050821226,2,10,0,1,0.017212872911558125,0.023402498495469083
2026-0802-01-01-04-09,9,2021103748,サベージラヴ,0.03592807201274318,2,10,0,1,0.023402498495469083,0.002983158234043548
2026-0802-01-01-04-09,10,2021103242,ジーベック,0.03294491377869963,2,10,0,1,0.002983158234043548,0.0016928208527948532
2026-0802-01-01-04-09,11,2021100662,ベニシア,0.03125209292590478,2,10,0,1,0.0016928208527948532,0.008882404159330077
2026-0802-01-01-04-09,12,2023105661,ストロングボンド,0.0223696887665747,2,10,0,1,0.008882404159330077,0
2026-0802-01-01-04-10,1,2022104865,ヘニーガイスト,0.3561459016489812,1,1,1,0,0,0.11684881424318244
2026-0802-01-01-04-10,2,2023105351,チャーリー,0.23929708740579875,2,3,0,1,0.11684881424318244,0.007849828192161512
2026-0802-01-01-04-10,3,2022105823,サムシャイン,0.23144725921363724,2,3,0,1,0.007849828192161512,0.01074337873305109
2026-0802-01-01-04-10,4,2023104414,シーズザスローン,0.22070388048058615,2,3,0,1,0.01074337873305109,0.13547067815358133
2026-0802-01-01-04-10,5,2022102735,スマートカイロス,0.08523320232700483,3,6,0,0,0.13547067815358133,0.0025877891837381983
2026-0802-01-01-04-10,6,2021103502,アイウィル,0.08264541314326664,3,6,0,0,0.0025877891837381983,0.037589140868305976
2026-0802-01-01-04-10,7,2023103822,フルールドール,0.04505627227496066,3,6,0,0,0.037589140868305976,0.00017099719506063343
2026-0802-01-01-04-10,8,2021101045,タイセイミッション,0.044885275079900026,3,6,0,0,0.00017099719506063343,0.007893029842050592
2026-0802-01-01-04-10,9,2020102187,スマートケープ,0.036992245237849435,3,6,0,0,0.007893029842050592,0.02848436772554464
2026-0802-01-01-04-10,10,2019102983,キュールエフウジン,0.008507877512304796,3,6,0,0,0.02848436772554464,0
2026-0802-01-01-04-11,1,2021106823,コガネノソラ,0.1669574823211878,1,14,1,0,0,0.0005790291369964229
2026-0802-01-01-04-11,2,2020101607,ココナッツブラウン,0.16637845318419137,1,14,0,0,0.0005790291369964229,0.03195839040291021
2026-0802-01-01-04-11,3,2023107265,フェスティバルヒル,0.13442006278128116,1,14,0,0,0.03195839040291021,0.01034321293729426
2026-0802-01-01-04-11,4,2022102296,ケリフレッドアスク,0.1240768498439869,1,14,0,0,0.01034321293729426,0.0163801190952286
2026-0802-01-01-04-11,5,2022103205,エリカエクスプレス,0.1076967307487583,1,14,0,0,0.0163801190952286,0.022953413791748395
2026-0802-01-01-04-11,6,2022105157,ルージュソリテール,0.0847433169570099,1,14,0,0,0.022953413791748395,0.0030611472601781986
2026-0802-01-01-04-11,7,2021101485,カテリーナ,0.0816821696968317,1,14,0,0,0.0030611472601781986,0.012389010103189893
2026-0802-01-01-04-11,8,2021107179,ボンドガール,0.06929315959364181,1,14,0,0,0.012389010103189893,0.0011364085571879817
2026-0802-01-01-04-11,9,2021105738,アンゴラブラック,0.06815675103645383,1,14,0,0,0.0011364085571879817,0.012086592976156066
2026-0802-01-01-04-11,10,2021105581,フレミングフープ,0.05607015806029776,1,14,0,0,0.012086592976156066,0.004460291368449443
2026-0802-01-01-04-11,11,2022104617,ヴーレヴー,0.05160986669184832,1,14,0,0,0.004460291368449443,0.01155420808350762
2026-0802-01-01-04-11,12,2021103519,リラボニート,0.0400556586083407,1,14,0,0,0.01155420808350762,0.0013031285584459498
2026-0802-01-01-04-11,13,2021105442,エラトー,0.03875253004989475,1,14,0,0,0.0013031285584459498,0.006706897409008622
2026-0802-01-01-04-11,14,2022101250,クリノメイ,0.032045632640886126,1,14,0,0,0.006706897409008622,0
2026-0802-01-01-04-12,1,2023106190,デンプシー,0.2064365279625381,1,1,1,0,0,0.09677445346377549
2026-0802-01-01-04-12,2,2022102594,ミキノバカラ,0.10966207449876263,2,13,0,1,0.09677445346377549,0.006798650591289923
2026-0802-01-01-04-12,3,2023102440,ホウオウヘッセン,0.1028634239074727,2,13,0,1,0.006798650591289923,0.006939373460064319
2026-0802-01-01-04-12,4,2022110093,マテンロウサン,0.09592405044740838,2,13,0,1,0.006939373460064319,0.0103601405222188
2026-0802-01-01-04-12,5,2022106351,ベビーズブレス,0.08556390992518959,2,13,0,1,0.0103601405222188,0.023277406121826404
2026-0802-01-01-04-12,6,2022106389,ベルビースタローン,0.06228650380336318,2,13,0,1,0.023277406121826404,0.005365363757390405
2026-0802-01-01-04-12,7,2021110119,サンドロナイト,0.056921140045972776,2,13,0,1,0.005365363757390405,0.004405692711784322
2026-0802-01-01-04-12,8,2020102050,サンポーニャ,0.052515447334188455,2,13,0,1,0.004405692711784322,0.00023452591036085546
2026-0802-01-01-04-12,9,2022103527,ライツユーアップ,0.0522809214238276,2,13,0,1,0.00023452591036085546,0.0028255684968270522
2026-0802-01-01-04-12,10,2021100365,トウカイエルデ,0.04945535292700055,2,13,0,1,0.0028255684968270522,0.01793397096562182
2026-0802-01-01-04-12,11,2021104210,ニホンピロトッティ,0.03152138196137873,2,13,0,1,0.01793397096562182,0.0025019469114592116
2026-0802-01-01-04-12,12,2019101643,バシレウスシチー,0.029019435049919516,2,13,0,1,0.0025019469114592116,0.005177810577006423
2026-0802-01-01-04-12,13,2020103632,スイミーユニバンス,0.023841624472913093,2,13,0,1,0.005177810577006423,0.009530809823500321
2026-0802-01-01-04-12,14,2020106821,ピースフルナイト,0.014310814649412772,2,13,0,1,0.009530809823500321,0
2026-0802-04-02-04-01,1,2024100178,サノノキセキ,0.27370685156908076,1,3,1,0,0,0.020410698544420403
2026-0802-04-02-04-01,2,2024100076,シュネーバレン,0.25329615302466035,1,3,0,0,0.020410698544420403,0.012023269157219796
2026-0802-04-02-04-01,3,2024101022,デザートスピリット,0.24127288386744056,1,3,0,0,0.012023269157219796,0.12502098523320793
2026-0802-04-02-04-01,4,2024101041,ヴェントリナ,0.11625189863423264,2,9,0,1,0.12502098523320793,0.021733443320253287
2026-0802-04-02-04-01,5,2024104541,エコロテラ,0.09451845531397936,2,9,0,1,0.021733443320253287,0.023959980805447187
2026-0802-04-02-04-01,6,2024105762,ウィールズアップ,0.07055847450853217,2,9,0,1,0.023959980805447187,0.0237574825839805
2026-0802-04-02-04-01,7,2024101497,センカンナガト,0.04680099192455167,2,9,0,1,0.0237574825839805,0.0114226572923476
2026-0802-04-02-04-01,8,2024106066,ホワイトフレアー,0.03537833463220407,2,9,0,1,0.0114226572923476,0.015755249563009454
2026-0802-04-02-04-01,9,2024106831,エレスレイプニル,0.019623085069194617,2,9,0,1,0.015755249563009454,0.0011125036367409732
2026-0802-04-02-04-01,10,2024100464,ノドゥス,0.018510581432453644,2,9,0,1,0.0011125036367409732,0.0013813796276578028
2026-0802-04-02-04-01,11,2024104363,タイセイルミナス,0.01712920180479584,2,9,0,1,0.0013813796276578028,0.002126361015679354
2026-0802-04-02-04-01,12,2024105225,キミヘノメロディー,0.015002840789116487,2,9,0,1,0.002126361015679354,0
2026-0802-04-02-04-02,1,2024104199,ライングラウス,0.08000403698485009,1,12,1,0,0,0.0
2026-0802-04-02-04-02,2,2024106348,ステラガーネット,0.08000403698485009,1,12,0,0,0.0,0.0
2026-0802-04-02-04-02,3,2024105951,ゼノスフィア,0.08000403698485009,1,12,0,0,0.0,0.0
2026-0802-04-02-04-02,4,2024105829,ヴィシーチェック,0.08000403698485009,1,12,0,0,0.0,0.0
2026-0802-04-02-04-02,5,2024108321,リーチツモドライチ,0.08000403698485009,1,12,0,0,0.0,0.0
2026-0802-04-02-04-02,6,2024106108,ラインホルト,0.08000403698485009,1,12,0,0,0.0,0.0
2026-0802-04-02-04-02,7,2024100913,コウユーキミガイテ,0.08000403698485009,1,12,0,0,0.0,0.0
2026-0802-04-02-04-02,8,2024102023,ヌンエリン,0.08000403698485009,1,12,0,0,0.0,0.0
2026-0802-04-02-04-02,9,2024104310,イチザサンダー,0.08000403698485009,1,12,0,0,0.0,0.0
2026-0802-04-02-04-02,10,2024106055,テンユメノオーロラ,0.08000403698485009,1,12,0,0,0.0,0.0
2026-0802-04-02-04-02,11,2024102123,サスケソルトバーン,0.08000403698485009,1,12,0,0,0.0,0.0
2026-0802-04-02-04-02,12,2024106933,グランシュレーム,0.08000403698485009,1,12,0,0,0.0,0
2026-0802-04-02-04-03,1,2024105028,ベールダウン,0.07290930950795577,1,13,1,0,0,0.0
2026-0802-04-02-04-03,2,2024104453,レーゲンシャウアー,0.07290930950795577,1,13,0,0,0.0,0.0
2026-0802-04-02-04-03,3,2024100295,クラオルグジェシダ,0.07290930950795577,1,13,0,0,0.0,0.0
2026-0802-04-02-04-03,4,2024106925,ペアレンツハート,0.07290930950795577,1,13,0,0,0.0,0.0
2026-0802-04-02-04-03,5,2024106697,ファーストアライヴ,0.07290930950795577,1,13,0,0,0.0,0.0
2026-0802-04-02-04-03,6,2024101728,ビスクヴィート,0.07290930950795577,1,13,0,0,0.0,0.0
2026-0802-04-02-04-03,7,2024106419,マイネルリシャール,0.07290930950795577,1,13,0,0,0.0,0.0
2026-0802-04-02-04-03,8,2024103350,コイゾラ,0.07290930950795577,1,13,0,0,0.0,0.0
2026-0802-04-02-04-03,9,2024106408,スカーレットクラン,0.07290930950795577,1,13,0,0,0.0,0.0
2026-0802-04-02-04-03,10,2024102705,アンドレイア,0.07290930950795577,1,13,0,0,0.0,0.0
2026-0802-04-02-04-03,11,2024105987,ヴァルフォース,0.07290930950795577,1,13,0,0,0.0,0.0
2026-0802-04-02-04-03,12,2024105763,コンフィアル,0.07290930950795577,1,13,0,0,0.0,0.0
2026-0802-04-02-04-03,13,2024102993,ニシノトラノスケ,0.07290930950795577,1,13,0,0,0.0,0
2026-0802-04-02-04-04,1,2023106368,ウォーレーションズ,0.1533270867120418,1,1,1,0,0,0.052428694574888676
2026-0802-04-02-04-04,2,2023103438,ツインドライヴ,0.10089839213715311,2,14,0,1,0.052428694574888676,0.019044364492573518
2026-0802-04-02-04-04,3,2023106974,サトノクラシカル,0.0818540276445796,2,14,0,1,0.019044364492573518,0.0107751996264695
2026-0802-04-02-04-04,4,2023106956,サングラント,0.0710788280181101,2,14,0,1,0.0107751996264695,0.012374317356362304
2026-0802-04-02-04-04,5,2023105319,ネイティヴプライド,0.05870451066174779,2,14,0,1,0.012374317356362304,0.010823908454854342
2026-0802-04-02-04-04,6,2023100739,ヤマタケボニータ,0.04788060220689345,2,14,0,1,0.010823908454854342,0.0044640281981071575
2026-0802-04-02-04-04,7,2023107425,ジュングロワール,0.04341657400878629,2,14,0,1,0.0044640281981071575,0.0018278233363691887
2026-0802-04-02-04-04,8,2023107305,グラムエッジ,0.0415887506724171,2,14,0,1,0.0018278233363691887,0.011955339728174766
2026-0802-04-02-04-04,9,2023104854,ヤマメナイト,0.029633410944242336,2,14,0,1,0.011955339728174766,0.015774184684723545
2026-0802-04-02-04-04,10,2023102159,テルケンレンタッチ,0.01385922625951879,2,14,0,1,0.015774184684723545,0.0030403891790489745
2026-0802-04-02-04-04,11,2023104045,カミカクシ,0.010818837080469816,2,14,0,1,0.0030403891790489745,0.00017408089482181047
2026-0802-04-02-04-04,12,2023100637,ブリリアンス,0.010644756185648006,2,14,0,1,0.00017408089482181047,0.0008779422753775658
2026-0802-04-02-04-04,13,2023101970,アルティシエル,0.00976681391027044,2,14,0,1,0.0008779422753775658,0.0001670223662631823
2026-0802-04-02-04-04,14,2023103473,チャリティチャリス,0.009599791544007258,2,14,0,1,0.0001670223662631823,0.00016673462879856701
2026-0802-04-02-04-04,15,2023105577,グランフィエスタ,0.00943305691520869,2,14,0,1,0.00016673462879856701,0
2026-0802-04-02-04-05,1,2023107340,レッドレガリア,0.2510814549459049,1,1,1,0,0,0.16539358764656667
2026-0802-04-02-04-05,2,2023102504,セーヌデローヴ,0.08568786729933822,2,17,0,1,0.16539358764656667,0.006751633555221251
2026-0802-04-02-04-05,3,2023105307,チルチャンプ,0.07893623374411697,2,17,0,1,0.006751633555221251,0.009615977790152913
2026-0802-04-02-04-05,4,2023103971,フキョウワオン,0.06932025595396406,2,17,0,1,0.009615977790152913,0.004317837218544868
2026-0802-04-02-04-05,5,2023106463,ラグアイリータ,0.06500241873541919,2,17,0,1,0.004317837218544868,0.01710833272784943
2026-0802-04-02-04-05,6,2023103421,プラネタリーアワー,0.04789408600756976,2,17,0,1,0.01710833272784943,0.0039392792370553514
2026-0802-04-02-04-05,7,2023101892,エクストラダーク,0.04395480677051441,2,17,0,1,0.0039392792370553514,0.005123929660251339
2026-0802-04-02-04-05,8,2023107051,カルダモン,0.03883087711026307,2,17,0,1,0.005123929660251339,0.00565999319991238
2026-0802-04-02-04-05,9,2023100161,ビップマリク,0.03317088391035069,2,17,0,1,0.00565999319991238,0.004863806492971561
2026-0802-04-02-04-05,10,2023103377,アオゾラランチ,0.028307077417379128,2,17,0,1,0.004863806492971561,0.0023612460517851153
2026-0802-04-02-04-05,11,2023103429,ナイトバード,0.025945831365594012,2,17,0,1,0.0023612460517851153,0.0032705796038491226
2026-0802-04-02-04-05,12,2023106255,ニシノトップダノン,0.02267525176174489,2,17,0,1,0.0032705796038491226,0.005718086057697944
2026-0802-04-02-04-05,13,2023105231,レーザーキック,0.016957165704046945,2,17,0,1,0.005718086057697944,0.0012242835120491284
2026-0802-04-02-04-05,14,2023101298,イバラヒメ,0.015732882191997817,2,17,0,1,0.0012242835120491284,0.00025899274018730857
2026-0802-04-02-04-05,15,2023102715,キタノアヤカ,0.015473889451810508,2,17,0,1,0.00025899274018730857,0.0013481509853085962
2026-0802-04-02-04-05,16,2023107385,ジーナグレイス,0.014125738466501912,2,17,0,1,0.0013481509853085962,0.0036355378425779027
2026-0802-04-02-04-05,17,2023104349,テンノルーキー,0.01049020062392401,2,17,0,1,0.0036355378425779027,0.005324620612624769
2026-0802-04-02-04-05,18,2023107338,ルビーサンセット,0.0051655800112992405,2,17,0,1,0.005324620612624769,0
2026-0802-04-02-04-06,1,2022102965,ブレトワルダ,0.14062472600716125,1,15,1,0,0,0.0013449444465889748
2026-0802-04-02-04-06,2,2023103701,マッドゲイル,0.13927978156057227,1,15,0,0,0.0013449444465889748,0.009580596586875073
2026-0802-04-02-04-06,3,2022105198,ヘリオトロープ,0.1296991849736972,1,15,0,0,0.009580596586875073,0.01349439926639738
2026-0802-04-02-04-06,4,2022105925,フィールオーサム,0.11620478570729982,1,15,0,0,0.01349439926639738,0.011322070210535051
2026-0802-04-02-04-06,5,2021101603,ナイトスラッガー,0.10488271549676477,1,15,0,0,0.011322070210535051,0.020604133839455183
2026-0802-04-02-04-06,6,2022100650,ロードソルスティス,0.08427858165730959,1,15,0,0,0.020604133839455183,0.01610126812907582
2026-0802-04-02-04-06,7,2022106427,ニシノケンタマン,0.06817731352823377,1,15,0,0,0.01610126812907582,0.009523145100874333
2026-0802-04-02-04-06,8,2020105147,ユイノマチブセ,0.05865416842735943,1,15,0,0,0.009523145100874333,0.013671527657722053
2026-0802-04-02-04-06,9,2021104321,カレンワッツアップ,0.04498264076963738,1,15,0,0,0.013671527657722053,0.011965475279676611
2026-0802-04-02-04-06,10,2020106051,セザンワールド,0.03301716548996077,1,15,0,0,0.011965475279676611,0.01063101236958464
2026-0802-04-02-04-06,11,2021105086,フクチャントウメイ,0.022386153120376128,1,15,0,0,0.01063101236958464,0.0045361272613620995
2026-0802-04-02-04-06,12,2020102793,ルーラーリッチ,0.01785002585901403,1,15,0,0,0.0045361272613620995,0.0007778446017035097
2026-0802-04-02-04-06,13,2021105229,シーニックビュー,0.01707218125731052,1,15,0,0,0.0007778446017035097,0.005353676635378699
2026-0802-04-02-04-06,14,2021110106,エリカヴェネチア,0.01171850462193182,1,15,0,0,0.005353676635378699,0.006308298346389504
2026-0802-04-02-04-06,15,2021107266,スプレーフォール,0.005410206275542315,1,15,0,0,0.006308298346389504,0
2026-0802-04-02-04-07,1,2021107058,ピューロマジック,0.16542921424009552,1,1,1,0,0,0.07031068053155926
2026-0802-04-02-04-07,2,2022110105,アメリカンステージ,0.09511853370853626,2,16,0,1,0.07031068053155926,0.02705288087814059
2026-0802-04-02-04-07,3,2020100896,ビッグシーザー,0.06806565283039567,2,16,0,1,0.02705288087814059,0.009571015767876827
2026-0802-04-02-04-07,4,2022107138,アタリダイキチ,0.058494637062518846,2,16,0,1,0.009571015767876827,0.002492006255168766
2026-0802-04-02-04-07,5,2022100098,ベルギューン,0.05600263080735008,2,16,0,1,0.002492006255168766,0.008271845509345697
2026-0802-04-02-04-07,6,2022100627,カウスリップ,0.04773078529800438,2,16,0,1,0.008271845509345697,0.004399631307964176
2026-0802-04-02-04-07,7,2022103324,シュラフ,0.04333115399004021,2,16,0,1,0.004399631307964176,0.001305239902114369
2026-0802-04-02-04-07,8,2017101423,ウイングレイテスト,0.04202591408792584,2,16,0,1,0.001305239902114369,0.0029580455558849417
2026-0802-04-02-04-07,9,2021100157,ロードトレイル,0.039067868532040896,2,16,0,1,0.0029580455558849417,0.00045544932833107427
2026-0802-04-02-04-07,10,2022104197,カウンターセブン,0.03861241920370982,2,16,0,1,0.00045544932833107427,0.004693636177934592
2026-0802-04-02-04-07,11,2020101262,エコロレジーナ,0.03391878302577523,2,16,0,1,0.004693636177934592,0.00512396646298122
2026-0802-04-02-04-07,12,2018103205,クムシラコ,0.02879481656279401,2,16,0,1,0.00512396646298122,0.004149028819070848
2026-0802-04-02-04-07,13,2019110102,デュガ,0.024645787743723162,2,16,0,1,0.004149028819070848,0.0056013736403386985
2026-0802-04-02-04-07,14,2019103422,テイエムスパーダ,0.019044414103384463,2,16,0,1,0.0056013736403386985,0.00282136906410526
2026-0802-04-02-04-07,15,2020101419,ブーケファロス,0.016223045039279203,2,16,0,1,0.00282136906410526,0.0002086986509682344
2026-0802-04-02-04-07,16,2020106015,バグラダス,0.01601434638831097,2,16,0,1,0.0002086986509682344,0.0011651269530252775
2026-0802-04-02-04-07,17,2020103049,ミカッテヨンデイイ,0.014849219435285691,2,16,0,1,0.0011651269530252775,0
2026-0802-04-02-04-08,1,2023107330,ガーヴィ,0.24989775763853742,1,1,1,0,0,0.06479394339143876
2026-0802-04-02-04-08,2,2022105864,キアラメンテ,0.18510381424709865,2,13,0,1,0.06479394339143876,0.030378417711786232
2026-0802-04-02-04-08,3,2022105338,リポサンテ,0.15472539653531242,2,13,0,1,0.030378417711786232,0.01737109833995401
2026-0802-04-02-04-08,4,2023105239,ゴバド,0.1373542981953584,2,13,0,1,0.01737109833995401,0.011025351200082023
2026-0802-04-02-04-08,5,2023105275,ノーザンタイタン,0.1263289469952764,2,13,0,1,0.011025351200082023,0.02971509441210167
2026-0802-04-02-04-08,6,2023103584,トランスマーレ,0.09661385258317472,2,13,0,1,0.02971509441210167,0.004873514054686695
2026-0802-04-02-04-08,7,2021105742,シアブリス,0.09174033852848802,2,13,0,1,0.004873514054686695,0.029144069222615476
2026-0802-04-02-04-08,8,2022102064,ミエノフェアリー,0.06259626930587255,2,13,0,1,0.029144069222615476,0.0076769957050194584
2026-0802-04-02-04-08,9,2022105131,キューティリップ,0.05491927360085309,2,13,0,1,0.0076769957050194584,0.0038588901302850226
2026-0802-04-02-04-08,10,2023106362,ファストフォワード,0.051060383470568065,2,13,0,1,0.0038588901302850226,0.005061395839221328
2026-0802-04-02-04-08,11,2023102403,ルンベーラ,0.04599898763134674,2,13,0,1,0.005061395839221328,0.008823347272214614
2026-0802-04-02-04-08,12,2023106412,ユメシルベ,0.03717564035913212,2,13,0,1,0.008823347272214614,0.0005983752618089339
2026-0802-04-02-04-08,13,2023103069,ノーブルクラウド,0.03657726509732319,2,13,0,1,0.0005983752618089339,0.007554330670614111
2026-0802-04-02-04-08,14,2021107253,ニシノコマチムスメ,0.029022934426709078,2,13,0,1,0.007554330670614111,0
2026-0802-04-02-04-09,1,2023100858,エコロガノン,0.19671383751185703,1,1,1,0,0,0.057020764943051666
2026-0802-04-02-04-09,2,2023100419,メディチパワー,0.13969307256880537,2,4,0,1,0.057020764943051666,0.03586718798859832
2026-0802-04-02-04-09,3,2022104967,サトノシャムロック,0.10382588458020704,2,4,0,1,0.03586718798859832,0.0011765559423422
2026-0802-04-02-04-09,4,2023103709,ウリズンベー,0.10264932863786484,2,4,0,1,0.0011765559423422,0.0005024093027534288
2026-0802-04-02-04-09,5,2023103157,サトノフェンサー,0.10214691933511141,2,4,0,1,0.0005024093027534288,0.05140623402507583
2026-0802-04-02-04-09,6,2023106954,イーグルロック,0.05074068531003558,3,10,0,0,0.05140623402507583,0.014148076047112906
2026-0802-04-02-04-09,7,2023105779,カシノスパーク,0.036592609262922675,3,10,0,0,0.014148076047112906,0.001383438407546407
2026-0802-04-02-04-09,8,2022104786,サトノラポール,0.03520917085537627,3,10,0,0,0.001383438407546407,0.000242849419445558
2026-0802-04-02-04-09,9,2021106057,タニセンドリーム,0.03496632143593071,3,10,0,0,0.000242849419445558,0.005663805895359093
2026-0802-04-02-04-09,10,2023101642,ベルウッドピース,0.029302515540571616,3,10,0,0,0.005663805895359093,0.0020474125623697846
2026-0802-04-02-04-09,11,2022106951,ブレゲアン,0.027255102978201832,3,10,0,0,0.0020474125623697846,0.01373856920654779
2026-0802-04-02-04-09,12,2023107296,セントゴーデンス,0.013516533771654042,3,10,0,0,0.01373856920654779,0.004189542471975611
2026-0802-04-02-04-09,13,2023100729,ヘルメスギャング,0.009326991299678431,3,10,0,0,0.004189542471975611,0.00015645297519841818
2026-0802-04-02-04-09,14,2022100485,スーパーホース,0.009170538324480013,3,10,0,0,0.00015645297519841818,0.00229082291965011
2026-0802-04-02-04-09,15,2022103629,ウーバーストロング,0.006879715404829903,3,10,0,0,0.00229082291965011,0
2026-0802-04-02-04-10,1,2023105429,チームユートピア,0.38463664170483075,1,1,1,0,0,0.12190094702047966
2026-0802-04-02-04-10,2,2023103068,トモジャオーリー,0.2627356946843511,2,1,0,1,0.12190094702047966,0.16427719977845046
2026-0802-04-02-04-10,3,2023107255,レゲンデ,0.09845849490590063,3,12,0,0,0.16427719977845046,0.04157179323816556
2026-0802-04-02-04-10,4,2023105558,カンレイスター,0.056886701667735066,3,12,0,0,0.04157179323816556,0.0068654531829182505
2026-0802-04-02-04-10,5,2023100453,ローズブーケ,0.050021248484816816,3,12,0,0,0.0068654531829182505,0.010965785805798399
2026-0802-04-02-04-10,6,2023100583,フュルスティン,0.03905546267901842,3,12,0,0,0.010965785805798399,0.0032036469750531954
2026-0802-04-02-04-10,7,2023104852,レディサン,0.03585181570396522,3,12,0,0,0.0032036469750531954,0.00038631500176354583
2026-0802-04-02-04-10,8,2022100588,アイアンソリッド,0.035465500702201676,3,12,0,0,0.00038631500176354583,0.009078865616623445
2026-0802-04-02-04-10,9,2021104481,ビアフォーナウ,0.02638663508557823,3,12,0,0,0.009078865616623445,0.0007636098515777234
2026-0802-04-02-04-10,10,2022105119,ベルヴィヴァン,0.025623025234000507,3,12,0,0,0.0007636098515777234,0.0015387094364182723
2026-0802-04-02-04-10,11,2022101864,マオノクラッシュ,0.024084315797582235,3,12,0,0,0.0015387094364182723,0.000763562087003667
2026-0802-04-02-04-10,12,2023106256,セイウンアインス,0.023320753710578568,3,12,0,0,0.000763562087003667,0.0029041310722112794
2026-0802-04-02-04-10,13,2021103343,ハヌル,0.02041662263836729,3,12,0,0,0.0029041310722112794,0.005113642311907345
2026-0802-04-02-04-10,14,2022101917,ゴールドシャーク,0.015302980326459943,3,12,0,0,0.005113642311907345,0
2026-0802-04-02-04-11,1,2023103075,ヤマメホープ,0.2819758357804508,1,1,1,0,0,0.12530006868502686
2026-0802-04-02-04-11,2,2023103686,クイーンズレイン,0.15667576709542397,2,1,0,1,0.12530006868502686,0.06564457431243403
2026-0802-04-02-04-11,3,2023106422,マイネルオラクル,0.09103119278298993,3,5,0,0,0.06564457431243403,0.0010692733564500456
2026-0802-04-02-04-11,4,2023103321,キコリータ,0.08996191942653989,3,5,0,0,0.0010692733564500456,0.002393343153775984
2026-0802-04-02-04-11,5,2023106489,コスモアミュレット,0.0875685762727639,3,5,0,0,0.002393343153775984,0.003914412081733903
2026-0802-04-02-04-11,6,2023100582,ソロンゴ,0.08365416419103,3,5,0,0,0.003914412081733903,0.0013511166563390936
2026-0802-04-02-04-11,7,2023103238,ブラーヴジャン,0.0823030475346909,3,5,0,0,0.0013511166563390936,0.04667260503672691
2026-0802-04-02-04-11,8,2023103799,フォンドルレール,0.035630442497963995,4,6,0,0,0.04667260503672691,0.0006816091069435162
2026-0802-04-02-04-11,9,2023106182,サヴマ,0.03494883339102048,4,6,0,0,0.0006816091069435162,0.005205829583690268
2026-0802-04-02-04-11,10,2023106977,ジーティーホクサイ,0.02974300380733021,4,6,0,0,0.005205829583690268,0.0007542028203082439
2026-0802-04-02-04-11,11,2023105606,レッドリファインド,0.028988800987021966,4,6,0,0,0.0007542028203082439,0.017464520060337343
2026-0802-04-02-04-11,12,2023102175,タイキヴィグルーズ,0.011524280926684624,4,6,0,0,0.017464520060337343,0.004479590417688366
2026-0802-04-02-04-11,13,2023102266,フロステリオン,0.0070446905089962585,4,6,0,0,0.004479590417688366,0
2026-0802-04-02-04-12,1,2023107234,シャインアルプス,0.29331805103138514,1,1,1,0,0,0.13953179998849816
2026-0802-04-02-04-12,2,2023105858,ウインテラジーナ,0.15378625104288698,2,1,0,1,0.13953179998849816,0.07021821341439496
2026-0802-04-02-04-12,3,2023103657,ノーブルクロンヌ,0.08356803762849202,3,15,0,0,0.07021821341439496,0.03139780910769842
2026-0802-04-02-04-12,4,2023104714,ニシノタチアナ,0.0521702285207936,3,15,0,0,0.03139780910769842,0.009092284502792293
2026-0802-04-02-04-12,5,2023100186,セレスティアハート,0.04307794401800131,3,15,0,0,0.009092284502792293,0.002857980563470086
2026-0802-04-02-04-12,6,2023106084,ゴッドレイ,0.04021996345453122,3,15,0,0,0.002857980563470086,0.003188178761795085
2026-0802-04-02-04-12,7,2023101151,アラムベイ,0.03703178469273614,3,15,0,0,0.003188178761795085,0.006952490122401497
2026-0802-04-02-04-12,8,2023100653,ペルシアーノ,0.03007929457033464,3,15,0,0,0.006952490122401497,0.0006064505866826102
2026-0802-04-02-04-12,9,2023105536,エイシンイクサボシ,0.02947284398365203,3,15,0,0,0.0006064505866826102,0.004332793858053536
2026-0802-04-02-04-12,10,2023100999,ブロッコロ,0.025140050125598494,3,15,0,0,0.004332793858053536,0.004598104676990122
2026-0802-04-02-04-12,11,2023107508,ピコバレット,0.02054194544860837,3,15,0,0,0.004598104676990122,1.4256981116574086e-05
2026-0802-04-02-04-12,12,2023105331,ベルバード,0.020527688467491798,3,15,0,0,1.4256981116574086e-05,0.0032669434647506802
2026-0802-04-02-04-12,13,2023102900,ノベンバーベイズ,0.017260745002741117,3,15,0,0,0.0032669434647506802,0.00024032473357443393
2026-0802-04-02-04-12,14,2023100043,モントーヤ,0.017020420269166683,3,15,0,0,0.00024032473357443393,0.0008400429121740612
2026-0802-04-02-04-12,15,2023103955,ノブステップ,0.016180377356992622,3,15,0,0,0.0008400429121740612,0.004877470425062922
2026-0802-04-02-04-12,16,2023106660,ヤマカンドリーミン,0.0113029069319297,3,15,0,0,0.004877470425062922,0.004246264603453882
2026-0802-04-02-04-12,17,2023105361,ホウオウパーソンズ,0.007056642328475818,3,15,0,0,0.004246264603453882,0
2026-0802-07-02-04-01,1,2023106949,ビクスバイト,0.2848282083365824,1,1,1,0,0,0.10039887059577335
2026-0802-07-02-04-01,2,2023101097,ゴールデンテティス,0.18442933774080905,2,2,0,1,0.10039887059577335,0.01220633460479889
2026-0802-07-02-04-01,3,2023105225,タイセイアビオン,0.17222300313601016,2,2,0,1,0.01220633460479889,0.07061107166337392
2026-0802-07-02-04-01,4,2023100446,ワンダーデリエール,0.10161193147263624,3,15,0,0,0.07061107166337392,0.019768926075485846
2026-0802-07-02-04-01,5,2023101585,メイショウプレマ,0.08184300539715039,3,15,0,0,0.019768926075485846,0.025571985015144225
2026-0802-07-02-04-01,6,2023103359,テンダーワーズ,0.05627102038200617,3,15,0,0,0.025571985015144225,0.011134936333896915
2026-0802-07-02-04-01,7,2023106455,ノブレスラブリエ,0.04513608404810925,3,15,0,0,0.011134936333896915,0.0026351169253997844
2026-0802-07-02-04-01,8,2023107297,ルーチェブリラーレ,0.04250096712270947,3,15,0,0,0.0026351169253997844,0.011872249938401705
2026-0802-07-02-04-01,9,2023102073,レーヴドリュヌ,0.030628717184307763,3,15,0,0,0.011872249938401705,0.003841198827190931
2026-0802-07-02-04-01,10,2023101639,ワンダースアン,0.026787518357116832,3,15,0,0,0.003841198827190931,0.002559889975833781
2026-0802-07-02-04-01,11,2023106157,フィールライクユー,0.02422762838128305,3,15,0,0,0.002559889975833781,0.003098139271261822
2026-0802-07-02-04-01,12,2023106797,オーロアルジェント,0.02112948911002123,3,15,0,0,0.003098139271261822,0.003494565368260434
2026-0802-07-02-04-01,13,2023102060,オーマイラッキーン,0.017634923741760795,3,15,0,0,0.003494565368260434,0.002457562798891944
2026-0802-07-02-04-01,14,2023104337,ダンツカレン,0.015177360942868852,3,15,0,0,0.002457562798891944,0.001949687920782199
2026-0802-07-02-04-01,15,2023103708,ノチェブエナ,0.013227673022086653,3,15,0,0,0.001949687920782199,0.00688303239016198
2026-0802-07-02-04-01,16,2023106877,グラディオール,0.006344640631924673,3,15,0,0,0.00688303239016198,0.0003512519202628463
2026-0802-07-02-04-01,17,2023101882,ハギノデュア,0.005993388711661826,3,15,0,0,0.0003512519202628463,0.0004500089789944012
2026-0802-07-02-04-01,18,2023103775,リュネヴィル,0.005543379732667425,3,15,0,0,0.0004500089789944012,0
2026-0802-07-02-04-02,1,2024105728,サンライズエイト,0.11843492100033122,1,8,1,0,0,0.0
2026-0802-07-02-04-02,2,2024101947,アントラヴァースト,0.11843492100033122,1,8,0,0,0.0,0.0
2026-0802-07-02-04-02,3,2024104655,ラッキーハナコ,0.11843492100033122,1,8,0,0,0.0,0.0
2026-0802-07-02-04-02,4,2024108230,ファンビッチャン,0.11843492100033122,1,8,0,0,0.0,0.0
2026-0802-07-02-04-02,5,2024107041,オーリエイト,0.11843492100033122,1,8,0,0,0.0,0.0
2026-0802-07-02-04-02,6,2024100480,イツマデモマツワ,0.11843492100033122,1,8,0,0,0.0,0.0
2026-0802-07-02-04-02,7,2024106362,ハイウェイワン,0.11843492100033122,1,8,0,0,0.0,0.0
2026-0802-07-02-04-02,8,2024108329,エコログレイス,0.11843492100033122,1,8,0,0,0.0,0
2026-0802-07-02-04-03,1,2024100726,ムーンパッセ,0.09856933364776119,1,10,1,0,0,0.0
2026-0802-07-02-04-03,2,2024106741,トゥーレジット,0.09856933364776119,1,10,0,0,0.0,0.0
2026-0802-07-02-04-03,3,2024106294,アレオクール,0.09856933364776119,1,10,0,0,0.0,0.0
2026-0802-07-02-04-03,4,2024101071,サウンドファイト,0.09856933364776119,1,10,0,0,0.0,0.0
2026-0802-07-02-04-03,5,2024104824,ヤマトクオーレ,0.09856933364776119,1,10,0,0,0.0,0.0
2026-0802-07-02-04-03,6,2024106187,ベルコート,0.09856933364776119,1,10,0,0,0.0,0.0
2026-0802-07-02-04-03,7,2024108324,ミライノシャチョウ,0.09856933364776119,1,10,0,0,0.0,0.0
2026-0802-07-02-04-03,8,2024102040,スーサンコルティナ,0.09856933364776119,1,10,0,0,0.0,0.0
2026-0802-07-02-04-03,9,2024101153,リボンロゼッタ,0.09856933364776119,1,10,0,0,0.0,0.0
2026-0802-07-02-04-03,10,2024102891,ジーティーマンフク,0.09856933364776119,1,10,0,0,0.0,0
2026-0802-07-02-04-04,1,2023101500,クロカミジョウ,0.2949739665322798,1,1,1,0,0,0.13359131120103096
2026-0802-07-02-04-04,2,2023106223,ナムラロダン,0.16138265533124885,2,15,0,1,0.13359131120103096,0.016554829913817154
2026-0802-07-02-04-04,3,2023105728,モズタイシソウシ,0.1448278254174317,2,15,0,1,0.016554829913817154,0.012450519403761545
2026-0802-07-02-04-04,4,2023104173,メテオロイド,0.13237730601367015,2,15,0,1,0.012450519403761545,0.0353025782146205
2026-0802-07-02-04-04,5,2023100452,マクアケ,0.09707472779904965,2,15,0,1,0.0353025782146205,0.014178971500805673
2026-0802-07-02-04-04,6,2023100376,プレデンシア,0.08289575629824397,2,15,0,1,0.014178971500805673,0.0009578579926087377
2026-0802-07-02-04-04,7,2023105216,リアライズガイザー,0.08193789830563523,2,15,0,1,0.0009578579926087377,0.006748931527322713
2026-0802-07-02-04-04,8,2023107185,グラマラス,0.07518896677831252,2,15,0,1,0.006748931527322713,0.009139452127586711
2026-0802-07-02-04-04,9,2023104433,ザキノフレンズ,0.06604951465072581,2,15,0,1,0.009139452127586711,0.004064259544273627
2026-0802-07-02-04-04,10,2023100552,ビービーシナジー,0.06198525510645218,2,15,0,1,0.004064259544273627,0.0023471480126722594
2026-0802-07-02-04-04,11,2023104226,チョウスター,0.059638107093779924,2,15,0,1,0.0023471480126722594,0.028752186100253735
2026-0802-07-02-04-04,12,2023103285,ディアデムドール,0.03088592099352619,2,15,0,1,0.028752186100253735,0.012021593062592036
2026-0802-07-02-04-04,13,2023107314,ラジャブルック,0.018864327930934153,2,15,0,1,0.012021593062592036,0.0005620911741042595
2026-0802-07-02-04-04,14,2023104883,アステルディーヴァ,0.018302236756829893,2,15,0,1,0.0005620911741042595,0.001060890014886684
2026-0802-07-02-04-04,15,2023105353,ジーティーリボーン,0.01724134674194321,2,15,0,1,0.001060890014886684,0.00986029961787544
2026-0802-07-02-04-04,16,2023100540,マルカスマッシュ,0.00738104712406777,2,15,0,1,0.00986029961787544,0
2026-0802-07-02-04-05,1,2023100989,アンティスマ,0.15107003519284395,1,9,1,0,0,0.039092596128442
2026-0802-07-02-04-05,2,2023103169,シエーナカラー,0.11197743906440195,1,9,0,0,0.039092596128442,0.013938672609725006
2026-0802-07-02-04-05,3,2023101082,シャンドラテ,0.09803876645467695,1,9,0,0,0.013938672609725006,0.018878619146455763
2026-0802-07-02-04-05,4,2023100112,シャンパンスター,0.07916014730822118,1,9,0,0,0.018878619146455763,0.007841951969881342
2026-0802-07-02-04-05,5,2022104633,アーデルリーベ,0.07131819533833984,1,9,0,0,0.007841951969881342,0.0047543821444561984
2026-0802-07-02-04-05,6,2023103568,シャフメラン,0.06656381319388364,1,9,0,0,0.0047543821444561984,0.016970010140556102
2026-0802-07-02-04-05,7,2023106955,デールエルバハリ,0.04959380305332754,1,9,0,0,0.016970010140556102,0.0031529467270511105
2026-0802-07-02-04-05,8,2023100941,クイーンズホリデー,0.04644085632627643,1,9,0,0,0.0031529467270511105,0.034524209108532544
2026-0802-07-02-04-05,9,2021101391,ブラックドレス,0.011916647217743886,1,9,0,0,0.034524209108532544,0
2026-0802-07-02-04-06,1,2023101159,アイニードユー,0.39815066998026016,1,1,1,0,0,0.12574091951751148
2026-0802-07-02-04-06,2,2023103101,トミーバローズ,0.2724097504627487,2,2,0,1,0.12574091951751148,0.00914739447030083
2026-0802-07-02-04-06,3,2023106431,トライアンフパス,0.26326235599244785,2,2,0,1,0.00914739447030083,0.07253014265213575
2026-0802-07-02-04-06,4,2022104988,ロンドボス,0.1907322133403121,3,1,0,0,0.07253014265213575,0.08502093526553128
2026-0802-07-02-04-06,5,2022100642,キャッスルレイク,0.10571127807478081,4,4,0,0,0.08502093526553128,0.00936552423209322
2026-0802-07-02-04-06,6,2022109145,エイヨーアメジスト,0.09634575384268759,4,4,0,0,0.00936552423209322,0.008962371223443982
2026-0802-07-02-04-06,7,2022106555,タガノアンファン,0.08738338261924361,4,4,0,0,0.008962371223443982,0.009592264302874853
2026-0802-07-02-04-06,8,2022104771,スターウェーブ,0.07779111831636876,4,4,0,0,0.009592264302874853,0.0492501084409892
2026-0802-07-02-04-06,9,2022104121,カウンティフェア,0.02854100987537956,5,1,0,0,0.0492501084409892,0
2026-0802-07-02-04-07,1,2020102750,タイトニット,0.18721146411920866,1,9,1,0,0,0.01862978959780137
2026-0802-07-02-04-07,2,2021101705,ソーニーイシュー,0.1685816745214073,1,9,0,0,0.01862978959780137,0.024471168169699825
2026-0802-07-02-04-07,3,2019105604,ブレイクフォース,0.14411050635170747,1,9,0,0,0.024471168169699825,0.03705283829077839
2026-0802-07-02-04-07,4,2020103387,クールミラボー,0.10705766806092908,1,9,0,0,0.03705283829077839,0.02211943932801165
2026-0802-07-02-04-07,5,2021100561,ハビレ,0.08493822873291743,1,9,0,0,0.02211943932801165,0.032393115546246416
2026-0802-07-02-04-07,6,2020104497,サイモンザナドゥ,0.05254511318667101,1,9,0,0,0.032393115546246416,0.004884258566154653
2026-0802-07-02-04-07,7,2021104873,ポッドロゴ,0.047660854620516356,1,9,0,0,0.004884258566154653,0.01613865212621677
2026-0802-07-02-04-07,8,2020104760,ゼットリアン,0.03152220249429959,1,9,0,0,0.01613865212621677,0.016556018158959376
2026-0802-07-02-04-07,9,2019101198,マリオロード,0.014966184335340211,1,9,0,0,0.016556018158959376,0
2026-0802-07-02-04-08,1,2022102716,サンマルノヴェル,0.18461381063744148,1,11,1,0,0,0.032747638645284266
2026-0802-07-02-04-08,2,2022100654,セルヴァンス,0.1518661719921572,1,11,0,0,0.032747638645284266,0.04080736494501909
2026-0802-07-02-04-08,3,2023100670,ルクスレイモンド,0.11105880704713812,1,11,0,0,0.04080736494501909,0.016248046851987455
2026-0802-07-02-04-08,4,2023110088,ジャンシ,0.09481076019515067,1,11,0,0,0.016248046851987455,0.004726441199622802
2026-0802-07-02-04-08,5,2019101399,ザウリ,0.09008431899552787,1,11,0,0,0.004726441199622802,0.028883875050538535
2026-0802-07-02-04-08,6,2022110001,シルフズミスチーフ,0.06120044394498933,1,11,0,0,0.028883875050538535,0.017015470212841444
2026-0802-07-02-04-08,7,2021105973,ワイノナオミ,0.044184973732147886,1,11,0,0,0.017015470212841444,0.0026826132660564064
2026-0802-07-02-04-08,8,2021105253,ウィップスティッチ,0.04150236046609148,1,11,0,0,0.0026826132660564064,0.011470882295623392
2026-0802-07-02-04-08,9,2021102562,パルプフィクション,0.030031478170468088,1,11,0,0,0.011470882295623392,0.007603263180576962
2026-0802-07-02-04-08,10,2021101461,カツラノキサノキ,0.022428214989891126,1,11,0,0,0.007603263180576962,0.004208094664363539
2026-0802-07-02-04-08,11,2021106936,フレイミングパイ,0.018220120325527587,1,11,0,0,0.004208094664363539,0
2026-0802-07-02-04-09,1,2021103555,ゴールデンステップ,0.2605708208004909,1,1,1,0,0,0.09771593023578079
2026-0802-07-02-04-09,2,2022101461,セイフウサツキ,0.1628548905647101,2,2,0,1,0.09771593023578079,0.0026669810894011103
2026-0802-07-02-04-09,3,2022103551,ボールドハーテッド,0.16018790947530898,2,2,0,1,0.0026669810894011103,0.09013959413981273
2026-0802-07-02-04-09,4,2022106754,オンクラウドナイン,0.07004831533549624,3,6,0,0,0.09013959413981273,0.01658419040594747
2026-0802-07-02-04-09,5,2021104622,メイショウヘール,0.05346412492954877,3,6,0,0,0.01658419040594747,0.014289604816041766
2026-0802-07-02-04-09,6,2021101041,トモジャシャトー,0.03917452011350701,3,6,0,0,0.014289604816041766,0.017726679089275194
2026-0802-07-02-04-09,7,2017105634,メラーキ,0.021447841024231813,3,6,0,0,0.017726679089275194,0.0005525884620177154
2026-0802-07-02-04-09,8,2020100604,テーオーレガシー,0.020895252562214098,3,6,0,0,0.0005525884620177154,0.004136168109512967
2026-0802-07-02-04-09,9,2022101140,ガイ,0.01675908445270113,3,6,0,0,0.004136168109512967,0
2026-0802-07-02-04-10,1,2023100704,スターシップ,0.1621080572726994,1,14,1,0,0,0.0033411692833247575
2026-0802-07-02-04-10,2,2023110070,ブームバップビート,0.15876688798937463,1,14,0,0,0.0033411692833247575,0.02237111552993401
2026-0802-07-02-04-10,3,2023110081,アメリカンイズム,0.13639577245944062,1,14,0,0,0.02237111552993401,0.015128908410619923
2026-0802-07-02-04-10,4,2022105602,エコロスパーダ,0.1212668640488207,1,14,0,0,0.015128908410619923,0.030522745586153144
2026-0802-07-02-04-10,5,2023104072,スナークシャラク,0.09074411846266756,1,14,0,0,0.030522745586153144,0.030516232099677146
2026-0802-07-02-04-10,6,2023105329,エクストラプッシュ,0.06022788636299041,1,14,0,0,0.030516232099677146,0.0033933289835408956
2026-0802-07-02-04-10,7,2023105445,ドメイン,0.056834557379449514,1,14,0,0,0.0033933289835408956,0.001624991230028544
2026-0802-07-02-04-10,8,2023107150,ロックバンド,0.05520956614942097,1,14,0,0,0.001624991230028544,0.011894976217984687
2026-0802-07-02-04-10,9,2019103506,エアフォースワン,0.04331458993143628,1,14,0,0,0.011894976217984687,0.008684058390786877
2026-0802-07-02-04-10,10,2021105526,ジーティーパワー,0.034630531540649406,1,14,0,0,0.008684058390786877,0.001208228605404496
2026-0802-07-02-04-10,11,2022103143,ロックウイズユー,0.03342230293524491,1,14,0,0,0.001208228605404496,0.008357415574272262
2026-0802-07-02-04-10,12,2023104476,カイラーサ,0.02506488736097265,1,14,0,0,0.008357415574272262,0.0002826706741174828
2026-0802-07-02-04-10,13,2022102639,ロードシュヴァリエ,0.024782216686855166,1,14,0,0,0.0002826706741174828,0.0019874193428527365
2026-0802-07-02-04-10,14,2022104841,オーレアミスト,0.02279479734400243,1,14,0,0,0.0019874193428527365,0
2026-0802-07-02-04-11,1,2022105290,レッドヴァリアート,0.1499821464712281,1,3,1,0,0,0.0038673983081134733
2026-0802-07-02-04-11,2,2023105418,ビップヴォルフ,0.14611474816311462,1,3,0,0,0.0038673983081134733,0.03673526262470467
2026-0802-07-02-04-11,3,2023106560,メイショウナルカミ,0.10937948553840995,1,3,0,0,0.03673526262470467,0.04984247911385141
2026-0802-07-02-04-11,4,2022103263,メイショウアゴナス,0.059537006424558545,2,3,0,1,0.04984247911385141,0.005399130402552486
2026-0802-07-02-04-11,5,2023105354,バリオス,0.05413787602200606,2,3,0,1,0.005399130402552486,0.01941939155632738
2026-0802-07-02-04-11,6,2023107059,ジュンプリメーロ,0.03471848446567868,2,3,0,1,0.01941939155632738,0
2026-0802-07-02-04-12,1,2023102939,アラビアンジョイ,0.1934787551083225,1,3,1,0,0,0.0097453364635596
2026-0802-07-02-04-12,2,2023105000,モンシーク,0.1837334186447629,1,3,0,0,0.0097453364635596,0.04175157206483915
2026-0802-07-02-04-12,3,2023105346,ミッキーラヴィータ,0.14198184657992374,1,3,0,0,0.04175157206483915,0.07279070191299646
2026-0802-07-02-04-12,4,2023107057,アルジェンテーラ,0.06919114466692729,2,14,0,1,0.07279070191299646,0.030393636382484573
2026-0802-07-02-04-12,5,2023103334,モカプウイング,0.038797508284442714,2,14,0,1,0.030393636382484573,0.0034604445598634057
2026-0802-07-02-04-12,6,2023105761,ケイアイブラック,0.03533706372457931,2,14,0,1,0.0034604445598634057,0.0073630170291433435
2026-0802-07-02-04-12,7,2023100910,ハピネスサンライズ,0.027974046695435965,2,14,0,1,0.0073630170291433435,0.0028650591954555438
2026-0802-07-02-04-12,8,2023107543,チヨ,0.02510898749998042,2,14,0,1,0.0028650591954555438,0.003857172145368914
2026-0802-07-02-04-12,9,2023100375,エールドリー,0.021251815354611507,2,14,0,1,0.003857172145368914,0.00045228474152766984
2026-0802-07-02-04-12,10,2023101735,リントゥラウル,0.020799530613083837,2,14,0,1,0.00045228474152766984,1.558446218882792e-05
2026-0802-07-02-04-12,11,2023104839,マルモリキャスター,0.02078394615089501,2,14,0,1,1.558446218882792e-05,0.005477194690504816
2026-0802-07-02-04-12,12,2023102144,フィアレスウィル,0.015306751460390193,2,14,0,1,0.005477194690504816,0.0019231183093002709
2026-0802-07-02-04-12,13,2023103330,ルージュエテルナ,0.013383633151089923,2,14,0,1,0.0019231183093002709,0.001496101941077254
2026-0802-07-02-04-12,14,2023104906,グランスプリント,0.011887531210012669,2,14,0,1,0.001496101941077254,0.0010040185840496877
2026-0802-07-02-04-12,15,2023100984,コカボムショット,0.01088351262596298,2,14,0,1,0.0010040185840496877,0.004848710511763489
2026-0802-07-02-04-12,16,2023110039,カフラー,0.006034802114199492,2,14,0,1,0.004848710511763489,0.0
2026-0802-07-02-04-12,17,2023103255,ホウオウスカイハイ,0.006034802114199492,2,14,0,1,0.0,0
2026-0808-01-01-05-01,1,2023106623,ルージュボニート,0.18137374551644952,1,2,1,0,0,0.004270849556525902
2026-0808-01-01-05-01,2,2023107267,ジーティービキニ,0.17710289595992362,1,2,0,0,0.004270849556525902,0.042849210377435915
2026-0808-01-01-05-01,3,2023107055,ジェイストリーク,0.1342536855824877,2,12,0,1,0.042849210377435915,0.0061847099794395954
2026-0808-01-01-05-01,4,2023105228,ルパピヨンブラン,0.1280689756030481,2,12,0,1,0.0061847099794395954,0.01674228981613443
2026-0808-01-01-05-01,5,2023102909,マーゴットクリュグ,0.11132668578691368,2,12,0,1,0.01674228981613443,0.022886421709495133
2026-0808-01-01-05-01,6,2023107306,セラサイト,0.08844026407741855,2,12,0,1,0.022886421709495133,0.009033657394397543
2026-0808-01-01-05-01,7,2023101315,サンエンジェルス,0.079406606683021,2,12,0,1,0.009033657394397543,0.0016910460237565678
2026-0808-01-01-05-01,8,2023101443,フィーユレアル,0.07771556065926444,2,12,0,1,0.0016910460237565678,0.003584710668239871
2026-0808-01-01-05-01,9,2023100709,シャドウルーラー,0.07413084999102457,2,12,0,1,0.003584710668239871,0.017755168063253016
2026-0808-01-01-05-01,10,2023106616,ルージュエピック,0.05637568192777155,2,12,0,1,0.017755168063253016,0.021805639145523116
2026-0808-01-01-05-01,11,2023102549,ワイルドカグラ,0.034570042782248435,2,12,0,1,0.021805639145523116,0.013155998551818184
2026-0808-01-01-05-01,12,2023106163,サマースプラッシュ,0.02141404423043025,2,12,0,1,0.013155998551818184,0.002735655962479072
2026-0808-01-01-05-01,13,2023100285,アルデバローズ,0.01867838826795118,2,12,0,1,0.002735655962479072,0.008038895514082146
2026-0808-01-01-05-01,14,2023104347,ハスカップジャム,0.010639492753869034,2,12,0,1,0.008038895514082146,0
2026-0808-01-01-05-02,1,2024104976,チカバリエンテ,0.2642115337785921,1,1,1,0,0,0.102447643983132
2026-0808-01-01-05-02,2,2024100176,ショパンコンクール,0.16176388979546008,2,3,0,1,0.102447643983132,0.0009191138666276577
2026-0808-01-01-05-02,3,2024102714,リアルジャパン,0.16084477592883242,2,3,0,1,0.0009191138666276577,0.024515229565058583
2026-0808-01-01-05-02,4,2024105362,ライフイズアート,0.13632954636377384,2,3,0,1,0.024515229565058583,0.047013586325858225
2026-0808-01-01-05-02,5,2024100245,トルネードサンダー,0.08931596003791561,3,9,0,0,0.047013586325858225,0.018384753524266217
2026-0808-01-01-05-02,6,2024100800,ルギッドドランジュ,0.0709312065136494,3,9,0,0,0.018384753524266217,0.0075958873149105655
2026-0808-01-01-05-02,7,2024104503,ゴートゥービッツン,0.06333531919873883,3,9,0,0,0.0075958873149105655,0.0199673306062537
2026-0808-01-01-05-02,8,2024103507,サンシルヴァリー,0.043367988592485134,3,9,0,0,0.0199673306062537,0.005345801764567698
2026-0808-01-01-05-02,9,2024101984,ランダムナンバー,0.038022186827917435,3,9,0,0,0.005345801764567698,0.0018292844987176302
2026-0808-01-01-05-02,10,2024106919,アズライトティアラ,0.036192902329199805,3,9,0,0,0.0018292844987176302,0.005421824292822144
2026-0808-01-01-05-02,11,2024105886,ジャストワナフライ,0.03077107803637766,3,9,0,0,0.005421824292822144,0.0004698473836242771
2026-0808-01-01-05-02,12,2024105809,アルデシンザン,0.030301230652753385,3,9,0,0,0.0004698473836242771,0.015215253821801047
2026-0808-01-01-05-02,13,2024102008,リラカリス,0.015085976830952337,3,9,0,0,0.015215253821801047,0
2026-0808-01-01-05-03,1,2023106849,イトシサ,0.18456499427375658,1,14,1,0,0,0.04216452823191441
2026-0808-01-01-05-03,2,2023103621,シンエンドーツダ,0.14240046604184217,1,14,0,0,0.04216452823191441,0.016447262276278962
2026-0808-01-01-05-03,3,2023103424,デルマバンダイサン,0.1259532037655632,1,14,0,0,0.016447262276278962,0.03325882448756691
2026-0808-01-01-05-03,4,2023102170,ビレッジルイーザ,0.0926943792779963,1,14,0,0,0.03325882448756691,0.019430940747494935
2026-0808-01-01-05-03,5,2023101576,リン,0.07326343853050137,1,14,0,0,0.019430940747494935,0.0008929482013401158
2026-0808-01-01-05-03,6,2023100362,ニシノモリミチ,0.07237049032916125,1,14,0,0,0.0008929482013401158,0.0037897167433595808
2026-0808-01-01-05-03,7,2023107245,マルシュボヌール,0.06858077358580167,1,14,0,0,0.0037897167433595808,0.015330916537613176
2026-0808-01-01-05-03,8,2023102942,インタノン,0.05324985704818849,1,14,0,0,0.015330916537613176,0.010495139109874943
2026-0808-01-01-05-03,9,2023103461,ジングアップ,0.04275471793831355,1,14,0,0,0.010495139109874943,0.014827445458090706
2026-0808-01-01-05-03,10,2023102369,フロムザムーン,0.027927272480222844,1,14,0,0,0.014827445458090706,0.00433663107068703
2026-0808-01-01-05-03,11,2023102414,ホウオウチャールズ,0.023590641409535814,1,14,0,0,0.00433663107068703,0.008266399077169329
2026-0808-01-01-05-03,12,2023103655,ダディーズソード,0.015324242332366485,1,14,0,0,0.008266399077169329,0.0002765177197054502
2026-0808-01-01-05-03,13,2023103280,ロスニーニョス,0.015047724612661035,1,14,0,0,0.0002765177197054502,7.701740763355752e-07
2026-0808-01-01-05-03,14,2023105090,ヘリオポリス,0.0150469544385847,1,14,0,0,7.701740763355752e-07,0
2026-0808-01-01-05-04,1,2023106844,モルニケ,0.2726896623809613,1,3,1,0,0,0.035533188634507634
2026-0808-01-01-05-04,2,2022104811,アセンブリールーム,0.23715647374645368,1,3,0,0,0.035533188634507634,0.03466469009557316
2026-0808-01-01-05-04,3,2023103680,グロリアスマーチ,0.20249178365088052,1,3,0,0,0.03466469009557316,0.047102521499042094
2026-0808-01-01-05-04,4,2022104894,ダノンフィオーレ,0.15538926215183843,2,11,0,1,0.047102521499042094,0.012439758871099299
2026-0808-01-01-05-04,5,2023103394,フレッチャアズーラ,0.14294950328073913,2,11,0,1,0.012439758871099299,0.02796399443385597
2026-0808-01-01-05-04,6,2023107172,バルボアパーク,0.11498550884688316,2,11,0,1,0.02796399443385597,0.006345176664878799
2026-0808-01-01-05-04,7,2023105820,ルーチェフィオーレ,0.10864033218200436,2,11,0,1,0.006345176664878799,0.008234504151860944
2026-0808-01-01-05-04,8,2023104690,ネッタイヤライ,0.10040582803014342,2,11,0,1,0.008234504151860944,0.03768116500706625
2026-0808-01-01-05-04,9,2023102475,コスモレッド,0.06272466302307717,2,11,0,1,0.03768116500706625,0.0151037740759528
2026-0808-01-01-05-04,10,2022104221,ペイシャアーサー,0.047620888947124365,2,11,0,1,0.0151037740759528,0.001691935075477484
2026-0808-01-01-05-04,11,2021101304,サンウリエル,0.04592895387164688,2,11,0,1,0.001691935075477484,0.00489266911336194
2026-0808-01-01-05-04,12,2023103388,ブライトフレア,0.04103628475828494,2,11,0,1,0.00489266911336194,0.020677816360578558
2026-0808-01-01-05-04,13,2022105392,スタードメイソン,0.020358468397706383,2,11,0,1,0.020677816360578558,0.008326490475256212
2026-0808-01-01-05-04,14,2021101383,アッシュバーグ,0.012031977922450171,2,11,0,1,0.008326490475256212,0
2026-0808-01-01-05-05,1,2024104493,レイテスツドリーム,0.08000403698485009,1,12,1,0,0,0.0
2026-0808-01-01-05-05,2,2024107398,ジーフォーリア,0.08000403698485009,1,12,0,0,0.0,0.0
2026-0808-01-01-05-05,3,2024102908,イドム,0.08000403698485009,1,12,0,0,0.0,0.0
2026-0808-01-01-05-05,4,2024100038,マーヴィン,0.08000403698485009,1,12,0,0,0.0,0.0
2026-0808-01-01-05-05,5,2024106454,シルバーウィル,0.08000403698485009,1,12,0,0,0.0,0.0
2026-0808-01-01-05-05,6,2024106192,シネファイル,0.08000403698485009,1,12,0,0,0.0,0.0
2026-0808-01-01-05-05,7,2024100119,ムッチリスタイル,0.08000403698485009,1,12,0,0,0.0,0.0
2026-0808-01-01-05-05,8,2024104772,ローレルメビウス,0.08000403698485009,1,12,0,0,0.0,0.0
2026-0808-01-01-05-05,9,2024103490,ロマノヴェリテ,0.08000403698485009,1,12,0,0,0.0,0.0
2026-0808-01-01-05-05,10,2024101393,マルカローゼ,0.08000403698485009,1,12,0,0,0.0,0.0
2026-0808-01-01-05-05,11,2024101437,コジアン,0.08000403698485009,1,12,0,0,0.0,0.0
2026-0808-01-01-05-05,12,2024101830,エイシンジュウライ,0.08000403698485009,1,12,0,0,0.0,0
2026-0808-01-01-05-06,1,2023103380,ウィスカーパッド,0.17885226462567133,1,15,1,0,0,0.0034932122084344874
2026-0808-01-01-05-06,2,2023104486,ゴコウコイコイ,0.17535905241723684,1,15,0,0,0.0034932122084344874,0.04060242268341832
2026-0808-01-01-05-06,3,2023105857,ウインカトリーヌ,0.13475662973381852,1,15,0,0,0.04060242268341832,0.026542701412753777
2026-0808-01-01-05-06,4,2023107205,オズマップ,0.10821392832106475,1,15,0,0,0.026542701412753777,0.00013220244147069127
2026-0808-01-01-05-06,5,2023102923,インフィオラータ,0.10808172587959405,1,15,0,0,0.00013220244147069127,0.023572126299828924
2026-0808-01-01-05-06,6,2023100938,スウィーティーベル,0.08450959957976513,1,15,0,0,0.023572126299828924,0.0024091819092138117
2026-0808-01-01-05-06,7,2023102987,プリュイドール,0.08210041767055132,1,15,0,0,0.0024091819092138117,0.006904647945551512
2026-0808-01-01-05-06,8,2023102311,ジョブックボー,0.0751957697249998,1,15,0,0,0.006904647945551512,0.007055824809772057
2026-0808-01-01-05-06,9,2023105681,ポリメトリック,0.06813994491522775,1,15,0,0,0.007055824809772057,0.00714242653565024
2026-0808-01-01-05-06,10,2023100794,マリノリュミエール,0.06099751837957751,1,15,0,0,0.00714242653565024,0.0202878808581968
2026-0808-01-01-05-06,11,2023103527,カリドーラ,0.04070963752138071,1,15,0,0,0.0202878808581968,0.008922536049886083
2026-0808-01-01-05-06,12,2023104027,ダンツアラーム,0.031787101471494626,1,15,0,0,0.008922536049886083,0.009998202719269905
2026-0808-01-01-05-06,13,2023106418,インテンスゲイズ,0.02178889875222472,1,15,0,0,0.009998202719269905,0.010871399500376204
2026-0808-01-01-05-06,14,2023107365,ラングロワブリッジ,0.010917499251848517,1,15,0,0,0.010871399500376204,0.003687870169647941
2026-0808-01-01-05-06,15,2023105853,ウインアベリア,0.007229629082200576,1,15,0,0,0.003687870169647941,0
2026-0808-01-01-05-07,1,2022103306,ワイドデコラシオン,0.26366874994221245,1,2,1,0,0,0.031099030700119518
2026-0808-01-01-05-07,2,2023105059,グレイトソン,0.23256971924209294,1,2,0,0,0.031099030700119518,0.07566870326370628
2026-0808-01-01-05-07,3,2023100398,ランドスター,0.15690101597838665,2,3,0,1,0.07566870326370628,0.008918194753008202
2026-0808-01-01-05-07,4,2023105616,テーオーナタリー,0.14798282122537845,2,3,0,1,0.008918194753008202,0.01652471934083166
2026-0808-01-01-05-07,5,2022100660,ロードヴァルカン,0.1314581018845468,2,3,0,1,0.01652471934083166,0.0441431840716027
2026-0808-01-01-05-07,6,2023106780,ランプローグ,0.08731491781294409,3,6,0,0,0.0441431840716027,0.00773554542768605
2026-0808-01-01-05-07,7,2022103482,ステラノヴァ,0.07957937238525804,3,6,0,0,0.00773554542768605,0.029245226353741167
2026-0808-01-01-05-07,8,2018103293,ヨドノゴールド,0.050334146031516876,3,6,0,0,0.029245226353741167,0.014930754096749127
2026-0808-01-01-05-07,9,2023100953,グランセレスト,0.03540339193476775,3,6,0,0,0.014930754096749127,0.023469440484537543
2026-0808-01-01-05-07,10,2022103018,シェーンルスカ,0.011933951450230205,3,6,0,0,0.023469440484537543,0.0012464001528864621
2026-0808-01-01-05-07,11,2017104266,カップッチョ,0.010687551297343743,3,6,0,0,0.0012464001528864621,0
2026-0808-01-01-05-08,1,2023100924,マメーアップル,0.22042276566353508,1,16,1,0,0,0.011832601109915936
2026-0808-01-01-05-08,2,2023103726,サトノフレイ,0.20859016455361915,1,16,0,0,0.011832601109915936,0.02178228554796674
2026-0808-01-01-05-08,3,2023102151,スッサンエア,0.1868078790056524,1,16,0,0,0.02178228554796674,0.023269805107687253
2026-0808-01-01-05-08,4,2023105795,クリオロゴールド,0.16353807389796515,1,16,0,0,0.023269805107687253,0.031911334535355856
2026-0808-01-01-05-08,5,2023102408,リネアベルタ,0.1316267393626093,1,16,0,0,0.031911334535355856,0.011019853958385395
2026-0808-01-01-05-08,6,2023106567,メイショウテンジン,0.1206068854042239,1,16,0,0,0.011019853958385395,0.0017303971004086899
2026-0808-01-01-05-08,7,2023105679,ミレニアルピンク,0.11887648830381521,1,16,0,0,0.0017303971004086899,0.015331311866021408
2026-0808-01-01-05-08,8,2023105670,レッドアイスピア,0.1035451764377938,1,16,0,0,0.015331311866021408,0.00019092900936694412
2026-0808-01-01-05-08,9,2023102783,ソワンドヴィクター,0.10335424742842686,1,16,0,0,0.00019092900936694412,0.020075224827700036
2026-0808-01-01-05-08,10,2023101077,アンジュラフィーユ,0.08327902260072682,1,16,0,0,0.020075224827700036,0.0024388700392187213
2026-0808-01-01-05-08,11,2023100695,モノノケ,0.0808401525615081,1,16,0,0,0.0024388700392187213,0.029432203276996027
2026-0808-01-01-05-08,12,2023104140,セイカユウヒ,0.051407949284512075,1,16,0,0,0.029432203276996027,0.0015403062653165933
2026-0808-01-01-05-08,13,2023107102,ダノンベルビュー,0.04986764301919548,1,16,0,0,0.0015403062653165933,0.011196095519668069
2026-0808-01-01-05-08,14,2023100786,クリコイーコ,0.03867154749952741,1,16,0,0,0.011196095519668069,0.01869971343785396
2026-0808-01-01-05-08,15,2023100482,ウインドオルフェ,0.019971834061673452,1,16,0,0,0.01869971343785396,0.007108265815164142
2026-0808-01-01-05-08,16,2023110028,ジューンレトリバー,0.01286356824650931,1,16,0,0,0.007108265815164142,0
2026-0808-01-01-05-09,1,2023105830,ビーチイン,0.21984374376043778,1,1,1,0,0,0.05569259317999062
2026-0808-01-01-05-09,2,2022105343,デルマサクラサク,0.16415115058044716,2,12,0,1,0.05569259317999062,0.022534952245801404
2026-0808-01-01-05-09,3,2022107317,カルミアクラウン,0.14161619833464575,2,12,0,1,0.022534952245801404,0.026490881306642386
2026-0808-01-01-05-09,4,2023104766,ヴェールミューズ,0.11512531702800337,2,12,0,1,0.026490881306642386,0.002869338113798428
2026-0808-01-01-05-09,5,2023103913,オテンバプリンセス,0.11225597891420494,2,12,0,1,0.002869338113798428,0.038014048302278225
2026-0808-01-01-05-09,6,2023105358,ジーティーアリア,0.07424193061192672,2,12,0,1,0.038014048302278225,0.004167022514812074
2026-0808-01-01-05-09,7,2023100471,スリーケイ,0.07007490809711464,2,12,0,1,0.004167022514812074,0.0032530289260102596
2026-0808-01-01-05-09,8,2023102250,ミリオンアップ,0.06682187917110438,2,12,0,1,0.0032530289260102596,0.006671197356281411
2026-0808-01-01-05-09,9,2020101250,ランスノーブル,0.06015068181482297,2,12,0,1,0.006671197356281411,0.01269833061939949
2026-0808-01-01-05-09,10,2022101938,グルーヴィーオン,0.04745235119542348,2,12,0,1,0.01269833061939949,0.017546279549252714
2026-0808-01-01-05-09,11,2021102494,ブーケドグレイス,0.029906071646170766,2,12,0,1,0.017546279549252714,0.002449070607636064
2026-0808-01-01-05-09,12,2022101465,リュミナーズ,0.0274570010385347,2,12,0,1,0.002449070607636064,0.0051613306667076565
2026-0808-01-01-05-09,13,2023102305,マインセーラ,0.022295670371827045,2,12,0,1,0.0051613306667076565,0
2026-0808-01-01-05-10,1,2021105427,スカイサーベイ,0.18436524231010765,1,8,1,0,0,0.004561350267742459
2026-0808-01-01-05-10,2,2022106709,レーヴドロペラ,0.1798038920423652,1,8,0,0,0.004561350267742459,0.03004599361222271
2026-0808-01-01-05-10,3,2022105388,ビーオンザカバー,0.14975789843014248,1,8,0,0,0.03004599361222271,0.03937221026891362
2026-0808-01-01-05-10,4,2022102573,メイショウアイル,0.11038568816122886,1,8,0,0,0.03937221026891362,0.02258488560101786
2026-0808-01-01-05-10,5,2022105018,バルティカ,0.087800802560211,1,8,0,0,0.02258488560101786,0.012016994083845045
2026-0808-01-01-05-10,6,2022101969,デルマジュテーム,0.07578380847636595,1,8,0,0,0.012016994083845045,0.02263990549105413
2026-0808-01-01-05-10,7,2021105865,エボルヴィング,0.053143902985311825,1,8,0,0,0.02263990549105413,0.03976954325616927
2026-0808-01-01-05-10,8,2022103405,ヨシヒロ,0.013374359729142554,1,8,0,0,0.03976954325616927,0
2026-0808-01-01-05-11,1,2022103795,ナチュラルライズ,0.23136306060449996,1,2,1,0,0,0.03990544120842873
2026-0808-01-01-05-11,2,2021102236,テーオーパスワード,0.19145761939607123,1,2,0,0,0.03990544120842873,0.04449211462951791
2026-0808-01-01-05-11,3,2020110024,ウェイワードアクト,0.14696550476655332,2,9,0,1,0.04449211462951791,0.024592132402325897
2026-0808-01-01-05-11,4,2019102437,ヴァルツァーシャル,0.12237337236422742,2,9,0,1,0.024592132402325897,0.0011849512827847158
2026-0808-01-01-05-11,5,2020101874,ペリエール,0.1211884210814427,2,9,0,1,0.0011849512827847158,0.004871476377360046
2026-0808-01-01-05-11,6,2022110083,ルクソールカフェ,0.11631694470408266,2,9,0,1,0.004871476377360046,0.012226082788817136
2026-0808-01-01-05-11,7,2020102904,オメガギネス,0.10409086191526552,2,9,0,1,0.012226082788817136,0.017499207017017737
2026-0808-01-01-05-11,8,2022103614,ヒルノハンブルク,0.08659165489824779,2,9,0,1,0.017499207017017737,0.014447279920350525
2026-0808-01-01-05-11,9,2021103717,レヴォントゥレット,0.07214437497789726,2,9,0,1,0.014447279920350525,0.022157155167286544
2026-0808-01-01-05-11,10,2020100116,アクションプラン,0.04998721981061072,2,9,0,1,0.022157155167286544,0.025909005838705965
2026-0808-01-01-05-11,11,2019101324,テーオードレフォン,0.024078213971904752,2,9,0,1,0.025909005838705965,0
2026-0808-01-01-05-12,1,2023104885,ジーネキング,0.2743615431415554,1,1,1,0,0,0.0629821666106618
2026-0808-01-01-05-12,2,2022106393,ブラックジェダイト,0.21137937653089361,2,4,0,1,0.0629821666106618,0.0006845214011566847
2026-0808-01-01-05-12,3,2023105714,ヒズマスターピース,0.21069485512973693,2,4,0,1,0.0006845214011566847,0.03345589496758175
2026-0808-01-01-05-12,4,2020110058,ホウキボシ,0.17723896016215518,2,4,0,1,0.03345589496758175,0.004245596637991705
2026-0808-01-01-05-12,5,2023105356,マーゴットブロー,0.17299336352416347,2,4,0,1,0.004245596637991705,0.056475892821293394
2026-0808-01-01-05-12,6,2023106619,レッドスティンガー,0.11651747070287008,3,8,0,0,0.056475892821293394,0.0022655882513467757
2026-0808-01-01-05-12,7,2023104960,アスミル,0.1142518824515233,3,8,0,0,0.0022655882513467757,0.022084837986916447
2026-0808-01-01-05-12,8,2022101464,レイユール,0.09216704446460686,3,8,0,0,0.022084837986916447,0.014321940407990882
2026-0808-01-01-05-12,9,2022104784,ルクスジニア,0.07784510405661597,3,8,0,0,0.014321940407990882,0.020600680466373637
2026-0808-01-01-05-12,10,2022104758,ヴィンブルレー,0.05724442359024234,3,8,0,0,0.020600680466373637,0.010449522235510884
2026-0808-01-01-05-12,11,2022106229,ウインイザナミ,0.04679490135473145,3,8,0,0,0.010449522235510884,0.015686989916391166
2026-0808-01-01-05-12,12,2020103538,オーシャントライブ,0.031107911438340286,3,8,0,0,0.015686989916391166,0.018511236196514447
2026-0808-01-01-05-12,13,2021105619,スミレファースト,0.012596675241825839,3,8,0,0,0.018511236196514447,0
2026-0808-04-02-05-01,1,2024101344,グルーヴェンス,0.2207366911811179,1,3,1,0,0,0.039904715468483926
2026-0808-04-02-05-01,2,2024100072,リーディンアクター,0.18083197571263399,1,3,0,0,0.039904715468483926,0.023465163127144334
2026-0808-04-02-05-01,3,2024103860,セイウンイーリス,0.15736681258548965,1,3,0,0,0.023465163127144334,0.07578883721158079
2026-0808-04-02-05-01,4,2024107129,ウインリスノアール,0.08157797537390886,2,10,0,1,0.07578883721158079,0.0016981775655451753
2026-0808-04-02-05-01,5,2024103655,コスモルミナ,0.07987979780836368,2,10,0,1,0.0016981775655451753,0.012979357075477246
2026-0808-04-02-05-01,6,2024101502,ヴィンチェローズ,0.06690044073288644,2,10,0,1,0.012979357075477246,0.007021316991714932
2026-0808-04-02-05-01,7,2024101886,コウソクレムリア,0.059879123741171505,2,10,0,1,0.007021316991714932,0.0063447878903425126
2026-0808-04-02-05-01,8,2024105131,シュアシング,0.05353433585082899,2,10,0,1,0.0063447878903425126,0.003043321994400182
2026-0808-04-02-05-01,9,2024103642,マイネルヴェスペル,0.05049101385642881,2,10,0,1,0.003043321994400182,0.028329825133586208
2026-0808-04-02-05-01,10,2024105497,クールボビー,0.022161188722842604,2,10,0,1,0.028329825133586208,0.0025549964636095227
2026-0808-04-02-05-01,11,2024100050,エルシオン,0.01960619225923308,2,10,0,1,0.0025549964636095227,0.000120563450708943
2026-0808-04-02-05-01,12,2024103471,トランサルピナ,0.019485628808524138,2,10,0,1,0.000120563450708943,0.013108397427893107
2026-0808-04-02-05-01,13,2024100830,アミノショコラ,0.006377231380631031,2,10,0,1,0.013108397427893107,0
2026-0808-04-02-05-02,1,2024102009,リングスター,0.09828090964482881,1,10,1,0,0,0.0
2026-0808-04-02-05-02,2,2024108316,アイビーカイロス,0.09828090964482881,1,10,0,0,0.0,0.0
2026-0808-04-02-05-02,3,2024108325,ジャスパートレノ,0.09828090964482881,1,10,0,0,0.0,0.0
2026-0808-04-02-05-02,4,2024107164,ベアベルヴォワ,0.09828090964482881,1,10,0,0,0.0,0.0
2026-0808-04-02-05-02,5,2024100877,サザンヴィターレ,0.09828090964482881,1,10,0,0,0.0,0.0
2026-0808-04-02-05-02,6,2024103670,ビーテリオス,0.09828090964482881,1,10,0,0,0.0,0.0
2026-0808-04-02-05-02,7,2024101716,スマートブライド,0.09828090964482881,1,10,0,0,0.0,0.0
2026-0808-04-02-05-02,8,2024100828,ナムラアラバイ,0.09828090964482881,1,10,0,0,0.0,0.0
2026-0808-04-02-05-02,9,2024100301,ホシノサミダレ,0.09828090964482881,1,10,0,0,0.0,0.0
2026-0808-04-02-05-02,10,2024104496,ブルドッグドン,0.09828090964482881,1,10,0,0,0.0,0
2026-0808-04-02-05-03,1,2024105369,ソヴリンゲート,0.08000403698485009,1,12,1,0,0,0.0
2026-0808-04-02-05-03,2,2024101272,オペレッタテソーロ,0.08000403698485009,1,12,0,0,0.0,0.0
2026-0808-04-02-05-03,3,2024100684,スヴェンガーリ,0.08000403698485009,1,12,0,0,0.0,0.0
2026-0808-04-02-05-03,4,2024101183,エートレイン,0.08000403698485009,1,12,0,0,0.0,0.0
2026-0808-04-02-05-03,5,2024102786,ニシノアナベル,0.08000403698485009,1,12,0,0,0.0,0.0
2026-0808-04-02-05-03,6,2024106471,コラリオン,0.08000403698485009,1,12,0,0,0.0,0.0
2026-0808-04-02-05-03,7,2024106508,アトミックリーチ,0.08000403698485009,1,12,0,0,0.0,0.0
2026-0808-04-02-05-03,8,2024102622,フォンターナドーロ,0.08000403698485009,1,12,0,0,0.0,0.0
2026-0808-04-02-05-03,9,2024103855,ニシノリリックス,0.08000403698485009,1,12,0,0,0.0,0.0
2026-0808-04-02-05-03,10,2024106448,インテルラゴス,0.08000403698485009,1,12,0,0,0.0,0.0
2026-0808-04-02-05-03,11,2024103576,コスモプルー,0.08000403698485009,1,12,0,0,0.0,0.0
2026-0808-04-02-05-03,12,2024103346,エピックジャーニー,0.08000403698485009,1,12,0,0,0.0,0
2026-0808-04-02-05-04,1,2023102958,スティールヴォーグ,0.25865282817704205,1,1,1,0,0,0.12311272697310938
2026-0808-04-02-05-04,2,2023107524,トラスティア,0.13554010120393267,2,2,0,1,0.12311272697310938,0.0026627781167131437
2026-0808-04-02-05-04,3,2023103693,スノーランス,0.13287732308721953,2,2,0,1,0.0026627781167131437,0.07453070581419716
2026-0808-04-02-05-04,4,2023100789,サリーアン,0.05834661727302237,3,11,0,0,0.07453070581419716,0.005637431992287785
2026-0808-04-02-05-04,5,2023104344,ユイハホンキダゼ,0.05270918528073459,3,11,0,0,0.005637431992287785,0.007712260582777436
2026-0808-04-02-05-04,6,2023102436,ジャストキュート,0.04499692469795715,3,11,0,0,0.007712260582777436,0.008193401160866205
2026-0808-04-02-05-04,7,2023103997,ブレイブシュガー,0.036803523537090946,3,11,0,0,0.008193401160866205,0.007352921434139889
2026-0808-04-02-05-04,8,2023101779,アーリマックス,0.029450602102951057,3,11,0,0,0.007352921434139889,0.013972874448060788
2026-0808-04-02-05-04,9,2023104432,カラクリスピリッツ,0.015477727654890269,3,11,0,0,0.013972874448060788,0.0025604712572571235
2026-0808-04-02-05-04,10,2023100349,ブルーダイヤシチー,0.012917256397633145,3,11,0,0,0.0025604712572571235,0.0010077369016450299
2026-0808-04-02-05-04,11,2023104588,マイチバイ,0.011909519495988116,3,11,0,0,0.0010077369016450299,0.0011759605173865696
2026-0808-04-02-05-04,12,2023101359,デルマシラカミ,0.010733558978601546,3,11,0,0,0.0011759605173865696,0.0006921288646141322
2026-0808-04-02-05-04,13,2023102866,リオダプラタ,0.010041430113987414,3,11,0,0,0.0006921288646141322,0.000280879326512426
2026-0808-04-02-05-04,14,2023102430,ホウオウバトラー,0.009760550787474988,3,11,0,0,0.000280879326512426,0
2026-0808-04-02-05-05,1,2023102398,アラビアンドリーム,0.2975811372059922,1,1,1,0,0,0.16138154527765036
2026-0808-04-02-05-05,2,2023102651,キタノドンカルロ,0.13619959192834186,2,14,0,1,0.16138154527765036,0.006542595603531126
2026-0808-04-02-05-05,3,2023101841,ユイノサダハル,0.12965699632481073,2,14,0,1,0.006542595603531126,0.04077049153293909
2026-0808-04-02-05-05,4,2023101578,コパノミラノ,0.08888650479187164,2,14,0,1,0.04077049153293909,0.011674155775546563
2026-0808-04-02-05-05,5,2023106368,ウォーレーションズ,0.07721234901632508,2,14,0,1,0.011674155775546563,0.015487573162200709
2026-0808-04-02-05-05,6,2023103348,オーロラボレアリス,0.06172477585412437,2,14,0,1,0.015487573162200709,0.015369352484407461
2026-0808-04-02-05-05,7,2023100204,キタイノホシ,0.04635542336971691,2,14,0,1,0.015369352484407461,0.01096937757810787
2026-0808-04-02-05-05,8,2023105601,オウケンサクラコ,0.03538604579160904,2,14,0,1,0.01096937757810787,0.0017232940321130763
2026-0808-04-02-05-05,9,2023107440,パワポケウォーズ,0.033662751759495964,2,14,0,1,0.0017232940321130763,0.002015041737298509
2026-0808-04-02-05-05,10,2023103697,クライングナウ,0.031647710022197455,2,14,0,1,0.002015041737298509,0.0013826363166619497
2026-0808-04-02-05-05,11,2023103932,ロイヤルタイム,0.030265073705535505,2,14,0,1,0.0013826363166619497,0.00617551120498672
2026-0808-04-02-05-05,12,2023100558,シンショク,0.024089562500548785,2,14,0,1,0.00617551120498672,0.007869268024003624
2026-0808-04-02-05-05,13,2023106977,ジーティーホクサイ,0.01622029447654516,2,14,0,1,0.007869268024003624,0.0025830162033148446
2026-0808-04-02-05-05,14,2023101371,デルマカイモン,0.013637278273230316,2,14,0,1,0.0025830162033148446,0.006986236390705645
2026-0808-04-02-05-05,15,2023102123,テキサスバローズ,0.006651041882524671,2,14,0,1,0.006986236390705645,0
2026-0808-04-02-05-06,1,2023103818,ラベルセーヌ,0.32919194975414295,1,1,1,0,0,0.08328522576598271
2026-0808-04-02-05-06,2,2022104818,クライスレリアーナ,0.24590672398816024,2,2,0,1,0.08328522576598271,0.03532429252070479
2026-0808-04-02-05-06,3,2022106616,キスアンドクライ,0.21058243146745545,2,2,0,1,0.03532429252070479,0.12315551959514341
2026-0808-04-02-05-06,4,2022106214,ウインベアトリス,0.08742691187231204,3,1,0,0,0.12315551959514341,0.0442171980065666
2026-0808-04-02-05-06,5,2022105047,メランジェ,0.04320971386574544,4,6,0,0,0.0442171980065666,0.009338721150254449
2026-0808-04-02-05-06,6,2022106803,ミラーダカリエンテ,0.03387099271549099,4,6,0,0,0.009338721150254449,0.0037284967412287255
2026-0808-04-02-05-06,7,2021100469,カフェアローロ,0.030142495974262263,4,6,0,0,0.0037284967412287255,0.00417100986370857
2026-0808-04-02-05-06,8,2021103878,ジャンビ,0.025971486110553693,4,6,0,0,0.00417100986370857,0.00602856886507603
2026-0808-04-02-05-06,9,2022102532,ビッグデイメイク,0.019942917245477663,4,6,0,0,0.00602856886507603,0.0042017606246268595
2026-0808-04-02-05-06,10,2021104899,ドリームクルーズ,0.015741156620850804,4,6,0,0,0.0042017606246268595,0
2026-0808-04-02-05-07,1,2021105661,レガーロデルシエロ,0.17434599454558183,1,1,1,0,0,0.045328639129194825
2026-0808-04-02-05-07,2,2022104750,レイニング,0.129017355416387,2,15,0,1,0.045328639129194825,0.01851153118264695
2026-0808-04-02-05-07,3,2022101192,エストゥペンダ,0.11050582423374006,2,15,0,1,0.01851153118264695,0.04065212524373299
2026-0808-04-02-05-07,4,2021105801,ミアネーロ,0.06985369899000707,2,15,0,1,0.04065212524373299,0.004868368038469725
2026-0808-04-02-05-07,5,2022101227,ヴォンフレ,0.06498533095153734,2,15,0,1,0.004868368038469725,0.004580961070067835
2026-0808-04-02-05-07,6,2021104324,ディマイザキッド,0.06040436988146951,2,15,0,1,0.004580961070067835,0.003954154711322676
2026-0808-04-02-05-07,7,2021105574,シンハナーダ,0.05645021517014683,2,15,0,1,0.003954154711322676,0.012959059682469388
2026-0808-04-02-05-07,8,2020103304,アンリーロード,0.043491155487677444,2,15,0,1,0.012959059682469388,0.004586118100276912
2026-0808-04-02-05-07,9,2019105118,ジュンブロッサム,0.03890503738740053,2,15,0,1,0.004586118100276912,0.00318569698347574
2026-0808-04-02-05-07,10,2018102020,ヤマニンサンパ,0.03571934040392479,2,15,0,1,0.00318569698347574,0.003911959124684804
2026-0808-04-02-05-07,11,2021104825,ゴンバデカーブース,0.03180738127923999,2,15,0,1,0.003911959124684804,0.00044589169884041296
2026-0808-04-02-05-07,12,2020103464,ゴートゥファースト,0.031361489580399575,2,15,0,1,0.00044589169884041296,0.01159910754251035
2026-0808-04-02-05-07,13,2021104894,セントメモリーズ,0.019762382037889225,2,15,0,1,0.01159910754251035,0.0027895087672536387
2026-0808-04-02-05-07,14,2017105194,ラインベック,0.016972873270635586,2,15,0,1,0.0027895087672536387,0.0011401681355030953
2026-0808-04-02-05-07,15,2020100495,ドラゴンヘッド,0.01583270513513249,2,15,0,1,0.0011401681355030953,0.0019980478893436345
2026-0808-04-02-05-07,16,2021106782,コスモブッドレア,0.013834657245788856,2,15,0,1,0.0019980478893436345,0
2026-0808-04-02-05-08,1,2024106482,アンムート,0.17275394540622416,1,6,1,0,0,0.024029188353852204
2026-0808-04-02-05-08,2,2024100660,ルークウォーム,0.14872475705237195,1,6,0,0,0.024029188353852204,0.00013957422760366156
2026-0808-04-02-05-08,3,2024103581,ラヴィサンエール,0.1485851828247683,1,6,0,0,0.00013957422760366156,0.012249209765365893
2026-0808-04-02-05-08,4,2024103977,ニシノイサリビ,0.1363359730594024,1,6,0,0,0.012249209765365893,0.010604804173105609
2026-0808-04-02-05-08,5,2024101292,ラピッドテソーロ,0.1257311688862968,1,6,0,0,0.010604804173105609,0.0195978134323168
2026-0808-04-02-05-08,6,2024105815,カレンハウ,0.10613335545397999,1,6,0,0,0.0195978134323168,0.0472537211293498
2026-0808-04-02-05-08,7,2024103147,ソニックウェーブ,0.05887963432463019,2,3,0,1,0.0472537211293498,0.02452728719861768
2026-0808-04-02-05-08,8,2024108115,トシミチ,0.03435234712601251,2,3,0,1,0.02452728719861768,0.01842759959853038
2026-0808-04-02-05-08,9,2024103180,ウンスイ,0.01592474752748213,2,3,0,1,0.01842759959853038,0
2026-0808-04-02-05-09,1,2022105859,リバースザトレンド,0.14339662605718415,1,15,1,0,0,0.0030342161510537036
2026-0808-04-02-05-09,2,2022105685,ディペンダブル,0.14036240990613044,1,15,0,0,0.0030342161510537036,0.029347459631695008
2026-0808-04-02-05-09,3,2022104570,ラヴアンドライク,0.11101495027443543,1,15,0,0,0.029347459631695008,0.0035875812032052368
2026-0808-04-02-05-09,4,2023105097,サイモンセレーノ,0.1074273690712302,1,15,0,0,0.0035875812032052368,0.015514586216720846
2026-0808-04-02-05-09,5,2022105132,オリオアルセーリオ,0.09191278285450935,1,15,0,0,0.015514586216720846,0.007963533827195626
2026-0808-04-02-05-09,6,2023103595,ルージュカルデア,0.08394924902731372,1,15,0,0,0.007963533827195626,0.005415451009926492
2026-0808-04-02-05-09,7,2023100485,キタノエピックアン,0.07853379801738723,1,15,0,0,0.005415451009926492,0.015157276370190084
2026-0808-04-02-05-09,8,2023106734,ガーネットテソーロ,0.06337652164719715,1,15,0,0,0.015157276370190084,0.004255672827408026
2026-0808-04-02-05-09,9,2022104264,ライヴスプーン,0.05912084881978912,1,15,0,0,0.004255672827408026,0.025256239228274684
2026-0808-04-02-05-09,10,2021105035,イージーブリージー,0.03386460959151444,1,15,0,0,0.025256239228274684,0.00026756827913167885
2026-0808-04-02-05-09,11,2022105325,テルケンユミクイン,0.03359704131238276,1,15,0,0,0.00026756827913167885,0.0002403462757441313
2026-0808-04-02-05-09,12,2022100101,アレーティア,0.03335669503663863,1,15,0,0,0.0002403462757441313,0.00937573549236392
2026-0808-04-02-05-09,13,2022104452,ミュークチェルシー,0.023980959544274708,1,15,0,0,0.00937573549236392,0.0032694525949328694
2026-0808-04-02-05-09,14,2022101198,シャオシンユン,0.02071150694934184,1,15,0,0,0.0032694525949328694,0.01020473782160358
2026-0808-04-02-05-09,15,2022105337,カサビセンス,0.010506769127738258,1,15,0,0,0.01020473782160358,0
2026-0808-04-02-05-10,1,2023107014,サレジオ,0.3507644977754336,1,1,1,0,0,0.10901658563590541
2026-0808-04-02-05-10,2,2023103413,マツリダイコ,0.2417479121395282,2,1,0,1,0.10901658563590541,0.11472663047629736
2026-0808-04-02-05-10,3,2022103501,クリールスル,0.12702128166323085,3,1,0,0,0.11472663047629736,0.04823706736758504
2026-0808-04-02-05-10,4,2023110006,エラルディーク,0.0787842142956458,4,10,0,0,0.04823706736758504,0.010461813043123838
2026-0808-04-02-05-10,5,2023106245,ルモンテ,0.06832240125252197,4,10,0,0,0.010461813043123838,0.005868882895795062
2026-0808-04-02-05-10,6,2022101272,スタニングヴュー,0.062453518356726904,4,10,0,0,0.005868882895795062,0.004076071659268807
2026-0808-04-02-05-10,7,2022104093,ガラク,0.0583774466974581,4,10,0,0,0.004076071659268807,0.023969688958008592
2026-0808-04-02-05-10,8,2022105339,スピリットサージ,0.034407757739449506,4,10,0,0,0.023969688958008592,0.004162544657899135
2026-0808-04-02-05-10,9,2023102984,ハナコトバ,0.03024521308155037,4,10,0,0,0.004162544657899135,0.0020557037341589653
2026-0808-04-02-05-10,10,2022102429,ミッキーコンドル,0.028189509347391405,4,10,0,0,0.0020557037341589653,0.008436922557637273
2026-0808-04-02-05-10,11,2023103051,ミズノミヤコ,0.019752586789754133,4,10,0,0,0.008436922557637273,0.004794533148243997
2026-0808-04-02-05-10,12,2023106660,ヤマカンドリーミン,0.014958053641510136,4,10,0,0,0.004794533148243997,0.0006373793322138454
2026-0808-04-02-05-10,13,2023101029,クリスタルタワー,0.01432067430929629,4,10,0,0,0.0006373793322138454,0
2026-0808-04-02-05-11,1,2023104998,カイショー,0.16633478199269092,1,18,1,0,0,0.03428552671214141
2026-0808-04-02-05-11,2,2022106950,シャンクス,0.1320492552805495,1,18,0,0,0.03428552671214141,0.022562930012930374
2026-0808-04-02-05-11,3,2023101676,ファンシーフリル,0.10948632526761913,1,18,0,0,0.022562930012930374,0.008508291332072107
2026-0808-04-02-05-11,4,2022102465,ブライティアブーケ,0.10097803393554702,1,18,0,0,0.008508291332072107,0.013868486454584189
2026-0808-04-02-05-11,5,2020100795,ベルタソ,0.08710954748096283,1,18,0,0,0.013868486454584189,0.01785977741058828
2026-0808-04-02-05-11,6,2023107539,ダイイズキャスト,0.06924977007037456,1,18,0,0,0.01785977741058828,0.006777524320645212
2026-0808-04-02-05-11,7,2023100397,ミルトメロディー,0.062472245749729344,1,18,0,0,0.006777524320645212,0.00836089948060069
2026-0808-04-02-05-11,8,2023103103,リオクリスハーレー,0.054111346269128655,1,18,0,0,0.00836089948060069,0.012253891233645245
2026-0808-04-02-05-11,9,2022101204,サツキレジーナ,0.04185745503548341,1,18,0,0,0.012253891233645245,0.007816219249475016
2026-0808-04-02-05-11,10,2023104173,メテオロイド,0.03404123578600839,1,18,0,0,0.007816219249475016,0.002908203222269378
2026-0808-04-02-05-11,11,2023100611,オタルイーグル,0.031133032563739015,1,18,0,0,0.002908203222269378,0.005117749736106819
2026-0808-04-02-05-11,12,2022106796,レモンバーム,0.026015282827632196,1,18,0,0,0.005117749736106819,0.001885200660394798
2026-0808-04-02-05-11,13,2022106420,パーティーガール,0.024130082167237398,1,18,0,0,0.001885200660394798,0.006804166383862446
2026-0808-04-02-05-11,14,2021100478,ジュエルドレーサー,0.017325915783374952,1,18,0,0,0.006804166383862446,0.0028162650358717085
2026-0808-04-02-05-11,15,2020101171,ビスケット,0.014509650747503244,1,18,0,0,0.0028162650358717085,0.0009038503816016889
2026-0808-04-02-05-11,16,2019110122,ブラヴィーノ,0.013605800365901555,1,18,0,0,0.0009038503816016889,0.0022225789816996654
2026-0808-04-02-05-11,17,2022102602,フェリスチカ,0.01138322138420189,1,18,0,0,0.0022225789816996654,0.0011754730332689586
2026-0808-04-02-05-11,18,2022106503,セイラダンサー,0.010207748350932931,1,18,0,0,0.0011754730332689586,0
2026-0808-04-02-05-12,1,2023107028,ブラッキッシュ,0.23253713721632036,1,1,1,0,0,0.05154456993822429
2026-0808-04-02-05-12,2,2023102737,ポポラヴィスタ,0.18099256727809607,2,1,0,1,0.05154456993822429,0.06326038695482139
2026-0808-04-02-05-12,3,2023104485,マイネルリーヒム,0.11773218032327468,3,13,0,0,0.06326038695482139,0.028637979431884397
2026-0808-04-02-05-12,4,2023103597,ラクシオンデクラ,0.08909420089139028,3,13,0,0,0.028637979431884397,0.0037546938797666657
2026-0808-04-02-05-12,5,2023106812,オーブレーヌ,0.08533950701162361,3,13,0,0,0.0037546938797666657,0.04154176688095743
2026-0808-04-02-05-12,6,2023102941,フォーエバーラブ,0.04379774013066618,3,13,0,0,0.04154176688095743,0.0053501839309164564
2026-0808-04-02-05-12,7,2023103688,コンフィグシス,0.038447556199749724,3,13,0,0,0.0053501839309164564,0.013537670182591915
2026-0808-04-02-05-12,8,2023106314,ジェイエルグリーン,0.02490988601715781,3,13,0,0,0.013537670182591915,0.00011609861934695764
2026-0808-04-02-05-12,9,2023105163,ディエスルージュ,0.02479378739781085,3,13,0,0,0.00011609861934695764,0.000889560774086539
2026-0808-04-02-05-12,10,2023103465,スカーレットジーン,0.023904226623724312,3,13,0,0,0.000889560774086539,1.314922201925417e-05
2026-0808-04-02-05-12,11,2023104359,ヤマニンリンキング,0.023891077401705058,3,13,0,0,1.314922201925417e-05,0.002987771914683142
2026-0808-04-02-05-12,12,2023104559,ローレルエース,0.020903305487021916,3,13,0,0,0.002987771914683142,0.0006059384095635223
2026-0808-04-02-05-12,13,2023107126,リベルタアーラ,0.020297367077458394,3,13,0,0,0.0006059384095635223,0.0071327830621489095
2026-0808-04-02-05-12,14,2023107476,デリシューズマン,0.013164584015309485,3,13,0,0,0.0071327830621489095,0.003257780603440145
2026-0808-04-02-05-12,15,2023103756,エーデルクラフト,0.00990680341186934,3,13,0,0,0.003257780603440145,0
2026-0808-07-02-05-01,1,2024106677,ジーティーキャリー,0.35735647363469586,1,1,1,0,0,0.07756232809113
2026-0808-07-02-05-01,2,2024102305,メイショウジェード,0.27979414554356585,2,1,0,1,0.07756232809113,0.10392887008340532
2026-0808-07-02-05-01,3,2024103554,プリメラエストレラ,0.17586527546016054,3,2,0,0,0.10392887008340532,0.02869209623151922
2026-0808-07-02-05-01,4,2024105437,シュプレヒコール,0.14717317922864132,3,2,0,0,0.02869209623151922,0.060677221842297444
2026-0808-07-02-05-01,5,2024104426,イザベル,0.08649595738634387,4,5,0,0,0.060677221842297444,0.00016327651149215805
2026-0808-07-02-05-01,6,2024102953,カローナ,0.08633268087485171,4,5,0,0,0.00016327651149215805,0.030577222421061763
2026-0808-07-02-05-01,7,2024101174,タナコクシテンホウ,0.05575545845378995,4,5,0,0,0.030577222421061763,0.009478743530437629
2026-0808-07-02-05-01,8,2024102958,ロンリーマン,0.04627671492335232,4,5,0,0,0.009478743530437629,0.03079490926444576
2026-0808-07-02-05-01,9,2024101083,ララララブソング,0.015481805658906563,4,5,0,0,0.03079490926444576,0
2026-0808-07-02-05-02,1,2024100510,ダイメイアゲイン,0.1257000971466729,1,7,1,0,0,0.0
2026-0808-07-02-05-02,2,2024104182,スターオブザイヤー,0.1257000971466729,1,7,0,0,0.0,0.0
2026-0808-07-02-05-02,3,2024106546,コンテスタード,0.1257000971466729,1,7,0,0,0.0,0.0
2026-0808-07-02-05-02,4,2024108323,モノホンプレイヤー,0.1257000971466729,1,7,0,0,0.0,0.0
2026-0808-07-02-05-02,5,2024103394,エルピスノヴァ,0.1257000971466729,1,7,0,0,0.0,0.0
2026-0808-07-02-05-02,6,2024107253,ブレイズカルナバル,0.1257000971466729,1,7,0,0,0.0,0.0
2026-0808-07-02-05-02,7,2024102682,ベルメサージュ,0.1257000971466729,1,7,0,0,0.0,0
2026-0808-07-02-05-03,1,2023104326,タガノプディング,0.20698539475009867,1,1,1,0,0,0.08927206089489349
2026-0808-07-02-05-03,2,2023105427,ピョイットハレルヤ,0.11771333385520517,2,15,0,1,0.08927206089489349,0.006074074491517686
2026-0808-07-02-05-03,3,2023102968,キャスケード,0.11163925936368749,2,15,0,1,0.006074074491517686,0.00032603783218766724
2026-0808-07-02-05-03,4,2023100990,オーブフレッシュ,0.11131322153149982,2,15,0,1,0.00032603783218766724,0.0012183145052430955
2026-0808-07-02-05-03,5,2023105350,ワイルドチャーム,0.11009490702625672,2,15,0,1,0.0012183145052430955,0.02481961605019957
2026-0808-07-02-05-03,6,2023101047,アスターエポワス,0.08527529097605716,2,15,0,1,0.02481961605019957,0.040881496738301965
2026-0808-07-02-05-03,7,2023100700,エルヴィオラ,0.04439379423775519,2,15,0,1,0.040881496738301965,0.003458737966171549
2026-0808-07-02-05-03,8,2023104826,ジュエルサンライズ,0.04093505627158364,2,15,0,1,0.003458737966171549,0.0027284486565234967
2026-0808-07-02-05-03,9,2023104252,サウンドディアナ,0.038206607615060145,2,15,0,1,0.0027284486565234967,0.0033533427107973815
2026-0808-07-02-05-03,10,2023106996,ゼフィルス,0.034853264904262764,2,15,0,1,0.0033533427107973815,0.004759074396391762
2026-0808-07-02-05-03,11,2023102483,トリビア,0.030094190507871002,2,15,0,1,0.004759074396391762,0.0051438737960829775
2026-0808-07-02-05-03,12,2023101083,エターナルビジョン,0.024950316711788025,2,15,0,1,0.0051438737960829775,0.0025914177304315993
2026-0808-07-02-05-03,13,2023103643,タワワ,0.022358898981356425,2,15,0,1,0.0025914177304315993,0.0038108204221578984
2026-0808-07-02-05-03,14,2023103573,エルヴィッタ,0.018548078559198527,2,15,0,1,0.0038108204221578984,0.003262170168728302
2026-0808-07-02-05-03,15,2023107139,ジャミールアイン,0.015285908390470225,2,15,0,1,0.003262170168728302,0.00903272068440229
2026-0808-07-02-05-03,16,2023106196,スナークオーロラ,0.006253187706067935,2,15,0,1,0.00903272068440229,0
2026-0808-07-02-05-04,1,2023104057,タニセンゴールド,0.17635455850928802,1,1,1,0,0,0.04724519791391324
2026-0808-07-02-05-04,2,2023103754,インドミタビリティ,0.12910936059537478,2,15,0,1,0.04724519791391324,0.011061466085938554
2026-0808-07-02-05-04,3,2023110031,マイカラー,0.11804789450943623,2,15,0,1,0.011061466085938554,0.04029094314561718
2026-0808-07-02-05-04,4,2023110068,マテンロウアワー,0.07775695136381905,2,15,0,1,0.04029094314561718,0.004653558166682684
2026-0808-07-02-05-04,5,2023101006,ラヴィアンコール,0.07310339319713637,2,15,0,1,0.004653558166682684,0.00619806177635937
2026-0808-07-02-05-04,6,2023100477,クリノリキオー,0.066905331420777,2,15,0,1,0.00619806177635937,0.016568808161736344
2026-0808-07-02-05-04,7,2023101233,キタノハイテイル,0.05033652325904065,2,15,0,1,0.016568808161736344,0.020428540512258526
2026-0808-07-02-05-04,8,2023104418,トゥレネヴェリテ,0.029907982746782125,2,15,0,1,0.020428540512258526,0.004337807023652163
2026-0808-07-02-05-04,9,2023100467,レディトゥフライト,0.025570175723129963,2,15,0,1,0.004337807023652163,0.0007406407346983133
2026-0808-07-02-05-04,10,2023102061,メイショウゴッホ,0.02482953498843165,2,15,0,1,0.0007406407346983133,0.0024339779671601475
2026-0808-07-02-05-04,11,2023101181,ブラストオフ,0.022395557021271502,2,15,0,1,0.0024339779671601475,0.0017359206629517406
2026-0808-07-02-05-04,12,2023100855,ガラード,0.02065963635831976,2,15,0,1,0.0017359206629517406,0.0017465186440862174
2026-0808-07-02-05-04,13,2023100945,サンライズナスカ,0.018913117714233544,2,15,0,1,0.0017465186440862174,0.00190902052619241
2026-0808-07-02-05-04,14,2023102028,グランドフィナーレ,0.017004097188041134,2,15,0,1,0.00190902052619241,0.011370996859640464
2026-0808-07-02-05-04,15,2023107469,チュウワヘネシー,0.005633100328400669,2,15,0,1,0.011370996859640464,0.00032504978467145455
2026-0808-07-02-05-04,16,2023101187,イコミキマル,0.005308050543729214,2,15,0,1,0.00032504978467145455,0
2026-0808-07-02-05-05,1,2023103906,レイクラシック,0.3480835718798939,1,1,1,0,0,0.15820239051330215
2026-0808-07-02-05-05,2,2019100915,ゼンノインヴォーク,0.18988118136659177,2,2,0,1,0.15820239051330215,0.007688413876065364
2026-0808-07-02-05-05,3,2023105513,エイシンビーコン,0.1821927674905264,2,2,0,1,0.007688413876065364,0.1364567237589742
2026-0808-07-02-05-05,4,2023100446,ワンダーデリエール,0.045736043731552205,3,5,0,0,0.1364567237589742,0.00927129694227962
2026-0808-07-02-05-05,5,2022104779,リトルスカーレット,0.036464746789272584,3,5,0,0,0.00927129694227962,0.015027194472027178
2026-0808-07-02-05-05,6,2023104883,アステルディーヴァ,0.021437552317245406,3,5,0,0,0.015027194472027178,0.007206301882858066
2026-0808-07-02-05-05,7,2023103501,シンゼンイセ,0.01423125043438734,3,5,0,0,0.007206301882858066,0.002071345916629089
2026-0808-07-02-05-05,8,2022107084,ウインヘリオドール,0.01215990451775825,3,5,0,0,0.002071345916629089,0
2026-0808-07-02-05-06,1,2023100448,テイエムアイラン,0.22189565737837788,1,1,1,0,0,0.04575552606640096
2026-0808-07-02-05-06,2,2022100381,オリバナム,0.17614013131197692,2,2,0,1,0.04575552606640096,0.005716290120598849
2026-0808-07-02-05-06,3,2022100382,ビップディラン,0.17042384119137807,2,2,0,1,0.005716290120598849,0.08052684302408275
2026-0808-07-02-05-06,4,2022104590,ショウナンバルドル,0.08989699816729532,3,8,0,0,0.08052684302408275,0.02389845119522299
2026-0808-07-02-05-06,5,2021105374,クイックバイオ,0.06599854697207233,3,8,0,0,0.02389845119522299,0.013023271310296292
2026-0808-07-02-05-06,6,2021102727,オトコギアンパン,0.05297527566177604,3,8,0,0,0.013023271310296292,0.0038332148331399127
2026-0808-07-02-05-06,7,2022104171,スナークピカソ,0.049142060828636126,3,8,0,0,0.0038332148331399127,0.010940759355052725
2026-0808-07-02-05-06,8,2018106354,バガン,0.0382013014735834,3,8,0,0,0.010940759355052725,0.00042194877390792224
2026-0808-07-02-05-06,9,2019106280,サクラオーラ,0.03777935269967548,3,8,0,0,0.00042194877390792224,0.006136107314497548
2026-0808-07-02-05-06,10,2022109119,ケイテンアイジン,0.03164324538517793,3,8,0,0,0.006136107314497548,0.0032868096269990515
2026-0808-07-02-05-06,11,2020105809,マイネルフォルツァ,0.02835643575817888,3,8,0,0,0.0032868096269990515,0
2026-0808-07-02-05-07,1,2022101821,ロードヴォイジャー,0.23273197103234303,1,3,1,0,0,0.03528705527934503
2026-0808-07-02-05-07,2,2022107134,タガノマカシヤ,0.197444915752998,1,3,0,0,0.03528705527934503,0.01612466012941957
2026-0808-07-02-05-07,3,2022110115,シンビリーブ,0.18132025562357842,1,3,0,0,0.01612466012941957,0.08759913289846419
2026-0808-07-02-05-07,4,2022106395,クァンタムウェーブ,0.09372112272511424,2,5,0,1,0.08759913289846419,0.03714536831637663
2026-0808-07-02-05-07,5,2021106635,インザモーメント,0.056575754408737605,2,5,0,1,0.03714536831637663,0.020199588063495887
2026-0808-07-02-05-07,6,2020106635,メイショウシナノ,0.03637616634524172,2,5,0,1,0.020199588063495887,0.0017015326658848737
2026-0808-07-02-05-07,7,2022110118,ユウトザユウト,0.034674633679356845,2,5,0,1,0.0017015326658848737,0.017896534463037253
2026-0808-07-02-05-07,8,2020100979,メイショウコガシラ,0.016778099216319592,2,5,0,1,0.017896534463037253,0
2026-0808-07-02-05-08,1,2023103893,リアンドゥクール,0.16519069888867813,1,1,1,0,0,0.04759055035219509
2026-0808-07-02-05-08,2,2023103245,ゴンタ,0.11760014853648304,2,11,0,1,0.04759055035219509,0.03488237463631619
2026-0808-07-02-05-08,3,2023101592,テーオーカイザー,0.08271777390016685,2,11,0,1,0.03488237463631619,0.016343380422583487
2026-0808-07-02-05-08,4,2023104066,バケラッタ,0.06637439347758337,2,11,0,1,0.016343380422583487,0.021224006938277855
2026-0808-07-02-05-08,5,2019104261,メイショウオグマ,0.04515038653930551,2,11,0,1,0.021224006938277855,0.006148280427700395
2026-0808-07-02-05-08,6,2023102752,スマートグロワール,0.039002106111605116,2,11,0,1,0.006148280427700395,0.006294809284677988
2026-0808-07-02-05-08,7,2022102710,エイユーファイヤー,0.03270729682692713,2,11,0,1,0.006294809284677988,0.005092252190662568
2026-0808-07-02-05-08,8,2022107325,レーンアジリティ,0.02761504463626456,2,11,0,1,0.005092252190662568,0.011420491586069042
2026-0808-07-02-05-08,9,2022107299,クレスコドルフィン,0.01619455305019552,2,11,0,1,0.011420491586069042,0.0023380843310004343
2026-0808-07-02-05-08,10,2021103316,リアルペガサス,0.013856468719195084,2,11,0,1,0.0023380843310004343,0.0012688995201234985
2026-0808-07-02-05-08,11,2023106129,サンライズオスカー,0.012587569199071585,2,11,0,1,0.0012688995201234985,0.0017816279919488781
2026-0808-07-02-05-08,12,2021106078,ブルーストレイル,0.010805941207122707,2,11,0,1,0.0017816279919488781,0
2026-0808-07-02-05-09,1,2021105335,トーアマリシテン,0.17694221570924948,1,2,1,0,0,0.03808602079709009
2026-0808-07-02-05-09,2,2019101488,クラウンセト,0.1388561949121594,1,2,0,0,0.03808602079709009,0.05342681675381432
2026-0808-07-02-05-09,3,2020102955,ポワンキュルミナン,0.08542937815834507,2,5,0,1,0.05342681675381432,0.004203452363021956
2026-0808-07-02-05-09,4,2022102728,ベイビーベリッシモ,0.08122592579532312,2,5,0,1,0.004203452363021956,0.015818334325466185
2026-0808-07-02-05-09,5,2018102196,ゴールドブリーズ,0.06540759146985693,2,5,0,1,0.015818334325466185,0.0123965490467099
2026-0808-07-02-05-09,6,2021104590,ゲインサポート,0.05301104242314703,2,5,0,1,0.0123965490467099,0.010416800418444547
2026-0808-07-02-05-09,7,2021104974,ヒットアンドロール,0.042594242004702486,2,5,0,1,0.010416800418444547,0
2026-0808-07-02-05-10,1,2023104397,エバイダンス,0.15425401836207406,1,3,1,0,0,0.027350985745243944
2026-0808-07-02-05-10,2,2023101523,モズオサキニ,0.1269030326168301,1,3,0,0,0.027350985745243944,0.021267400765931824
2026-0808-07-02-05-10,3,2023103250,マイベスティー,0.10563563185089829,1,3,0,0,0.021267400765931824,0.04621772408326621
2026-0808-07-02-05-10,4,2023103534,マユナイト,0.05941790776763208,2,13,0,1,0.04621772408326621,0.013883179445039542
2026-0808-07-02-05-10,5,2023104364,ヤマニンコルザ,0.04553472832259254,2,13,0,1,0.013883179445039542,0.0005240178284758312
2026-0808-07-02-05-10,6,2023106926,ガルディエンヌ,0.04501071049411671,2,13,0,1,0.0005240178284758312,0.016567058864607926
2026-0808-07-02-05-10,7,2023104048,カワキタベレッタ,0.028443651629508782,2,13,0,1,0.016567058864607926,0.0005652933886268162
2026-0808-07-02-05-10,8,2023103874,シュクルリー,0.027878358240881966,2,13,0,1,0.0005652933886268162,0.0028220367020604584
2026-0808-07-02-05-10,9,2023101170,ザムーン,0.025056321538821508,2,13,0,1,0.0028220367020604584,0.00019043767593198216
2026-0808-07-02-05-10,10,2023104938,アリュウ,0.024865883862889526,2,13,0,1,0.00019043767593198216,0.0025438995497832316
2026-0808-07-02-05-10,11,2023101803,フェイトブレイカー,0.022321984313106294,2,13,0,1,0.0025438995497832316,0.00254275151657218
2026-0808-07-02-05-10,12,2023102487,ヒルノジェノヴァ,0.019779232796534114,2,13,0,1,0.00254275151657218,0.0010485723586213663
2026-0808-07-02-05-10,13,2023102113,グロリアスニケ,0.018730660437912747,2,13,0,1,0.0010485723586213663,0.0013926255793781477
2026-0808-07-02-05-10,14,2023101738,サンシャインビーチ,0.0173380348585346,2,13,0,1,0.0013926255793781477,0.0021336935484537103
2026-0808-07-02-05-10,15,2023104925,モチモチチャン,0.01520434131008089,2,13,0,1,0.0021336935484537103,0.0020533082592753375
2026-0808-07-02-05-10,16,2023101491,フルドフォルク,0.013151033050805552,2,13,0,1,0.0020533082592753375,0
2026-0808-07-02-05-11,1,2023104034,テイエムスティール,0.26923341789513044,1,2,1,0,0,0.01082559640583508
2026-0808-07-02-05-11,2,2023107241,バルセシート,0.25840782148929536,1,2,0,0,0.01082559640583508,0.12077443180204217
2026-0808-07-02-05-11,3,2022106354,オーバースタンド,0.1376333896872532,2,10,0,1,0.12077443180204217,0.0066536001735300054
2026-0808-07-02-05-11,4,2023106614,レッドリガーレ,0.1309797895137232,2,10,0,1,0.0066536001735300054,0.02100535795545455
2026-0808-07-02-05-11,5,2023105011,オーライカモン,0.10997443155826864,2,10,0,1,0.02100535795545455,0.038945168967862945
2026-0808-07-02-05-11,6,2021105022,グローブアマランス,0.07102926259040569,2,10,0,1,0.038945168967862945,0.023134957806926308
2026-0808-07-02-05-11,7,2021104918,シャーリーゴールド,0.047894304783479384,2,10,0,1,0.023134957806926308,0.01626596273618245
2026-0808-07-02-05-11,8,2023103379,ホールドミーワンス,0.031628342047296934,2,10,0,1,0.01626596273618245,0.002169812611368886
2026-0808-07-02-05-11,9,2023103615,エスティヴァリス,0.029458529435928048,2,10,0,1,0.002169812611368886,0.0006183013350243294
2026-0808-07-02-05-11,10,2022102841,メイショウハボマイ,0.02884022810090372,2,10,0,1,0.0006183013350243294,0.007459984006542596
2026-0808-07-02-05-11,11,2022106996,ゴージャス,0.021380244094361123,2,10,0,1,0.007459984006542596,0.0013826363799831452
2026-0808-07-02-05-11,12,2022104649,インターポーザー,0.019997607714377977,2,10,0,1,0.0013826363799831452,0
2026-0808-07-02-05-12,1,2023105352,ゴッドアイ,0.152067877852351,1,4,1,0,0,0.0012336142428203412
2026-0808-07-02-05-12,2,2023104520,ルナフィオーレ,0.15083426360953067,1,4,0,0,0.0012336142428203412,0.0063005212937165544
2026-0808-07-02-05-12,3,2023107273,エコロディアン,0.14453374231581412,1,4,0,0,0.0063005212937165544,0.03618167641744177
2026-0808-07-02-05-12,4,2023103794,グレンセロース,0.10835206589837235,1,4,0,0,0.03618167641744177,0.048042342455965795
2026-0808-07-02-05-12,5,2023104994,ティグリス,0.06030972344240655,2,14,0,1,0.048042342455965795,0.0064978815794511785
2026-0808-07-02-05-12,6,2023100130,スターアスコット,0.05381184186295537,2,14,0,1,0.0064978815794511785,0.004006635129584331
2026-0808-07-02-05-12,7,2023100918,ウイングサンライズ,0.04980520673337104,2,14,0,1,0.004006635129584331,0.004867382774386919
2026-0808-07-02-05-12,8,2023106988,グッデイ,0.04493782395898412,2,14,0,1,0.004867382774386919,1.2005814216148325e-05
2026-0808-07-02-05-12,9,2023102228,ルージュマデイラ,0.044925818144767975,2,14,0,1,1.2005814216148325e-05,0.0021812865891967723
2026-0808-07-02-05-12,10,2023103629,マスティカーレ,0.0427445315555712,2,14,0,1,0.0021812865891967723,0.003358493117125015
2026-0808-07-02-05-12,11,2023104075,フェブリノ,0.03938603843844619,2,14,0,1,0.003358493117125015,0.006395490655812457
2026-0808-07-02-05-12,12,2023106909,バルフルール,0.03299054778263373,2,14,0,1,0.006395490655812457,0.002660069906198513
2026-0808-07-02-05-12,13,2023102952,ココロザスノ,0.030330477876435218,2,14,0,1,0.002660069906198513,0.004474631209610034
2026-0808-07-02-05-12,14,2023101899,ハッピーリオン,0.025855846666825184,2,14,0,1,0.004474631209610034,0.009517958169311592
2026-0808-07-02-05-12,15,2023104321,タガノプトゥリ,0.01633788849751359,2,14,0,1,0.009517958169311592,0.006631335989117373
2026-0808-07-02-05-12,16,2023107311,ペスキエーラ,0.009706552508396218,2,14,0,1,0.006631335989117373,0.0010512940914635931
2026-0808-07-02-05-12,17,2023106010,ミヤジマミコ,0.008655258416932625,2,14,0,1,0.0010512940914635931,0.002324414629363148
2026-0808-07-02-05-12,18,2023103442,ルージュシャラポワ,0.006330843787569477,2,14,0,1,0.002324414629363148,0
2026-0809-01-01-06-01,1,2024102290,シンゼンノト,0.1318500716594076,1,2,1,0,0,0.0037092387353069023
2026-0809-01-01-06-01,2,2024103569,ヴァイタリズム,0.1281408329241007,1,2,0,0,0.0037092387353069023,0.04352999543144054
2026-0809-01-01-06-01,3,2024106406,サルトヴェローチェ,0.08461083749266016,2,10,0,1,0.04352999543144054,0.025659716833349992
2026-0809-01-01-06-01,4,2024104861,ベイビーブラザー,0.058951120659310165,2,10,0,1,0.025659716833349992,0.0028887763244252046
2026-0809-01-01-06-01,5,2024107403,ハイビスカス,0.05606234433488496,2,10,0,1,0.0028887763244252046,0.016073542262093357
2026-0809-01-01-06-01,6,2024100203,シャムスクッカ,0.0399888020727916,2,10,0,1,0.016073542262093357,0.0019962061595649935
2026-0809-01-01-06-01,7,2024101610,カナデ,0.03799259591322661,2,10,0,1,0.0019962061595649935,0.009115940460739855
2026-0809-01-01-06-01,8,2024100560,テムファイア,0.028876655452486754,2,10,0,1,0.009115940460739855,0.002504555779035099
2026-0809-01-01-06-01,9,2024106587,マーズエクレール,0.026372099673451655,2,10,0,1,0.002504555779035099,0.01111663361206505
2026-0809-01-01-06-01,10,2024107000,イチゴワタアメ,0.015255466061386605,2,10,0,1,0.01111663361206505,0.002709462132169344
2026-0809-01-01-06-01,11,2024103006,モーモーワン,0.01254600392921726,2,10,0,1,0.002709462132169344,0.0011392556008955508
2026-0809-01-01-06-01,12,2024107319,エコロヴァルド,0.01140674832832171,2,10,0,1,0.0011392556008955508,0
2026-0809-01-01-06-02,1,2023101660,スイーヴル,0.28363841942693285,1,1,1,0,0,0.1013413692070784
2026-0809-01-01-06-02,2,2023105310,マーゴットオネイロ,0.18229705021985446,2,3,0,1,0.1013413692070784,0.00567523384885299
2026-0809-01-01-06-02,3,2023103999,カッサンドラ,0.17662181637100147,2,3,0,1,0.00567523384885299,0.03552951657167372
2026-0809-01-01-06-02,4,2023104999,メイショウマドンナ,0.14109229979932775,2,3,0,1,0.03552951657167372,0.07722751952193496
2026-0809-01-01-06-02,5,2023103167,ロングフルスペック,0.06386478027739279,3,7,0,0,0.07722751952193496,0.012463081877437672
2026-0809-01-01-06-02,6,2023101707,フジコンフィデンス,0.05140169839995511,3,7,0,0,0.012463081877437672,0.006487211735153223
2026-0809-01-01-06-02,7,2023104449,テリオスルミ,0.04491448666480189,3,7,0,0,0.006487211735153223,0.004354506346188246
2026-0809-01-01-06-02,8,2023109094,ラブデウザ,0.040559980318613645,3,7,0,0,0.004354506346188246,0.023955853989556023
2026-0809-01-01-06-02,9,2023109076,メイヨシュア,0.01660412632905762,3,7,0,0,0.023955853989556023,0.0019655624271915015
2026-0809-01-01-06-02,10,2023105694,ハクサンレイホウ,0.01463856390186612,3,7,0,0,0.0019655624271915015,0.00500502975786358
2026-0809-01-01-06-02,11,2023102803,ケイベエ,0.00963353414400254,3,7,0,0,0.00500502975786358,0
2026-0809-01-01-06-03,1,2022105060,サウンドサンライズ,0.1670725306579503,1,10,1,0,0,0.03003875197347841
2026-0809-01-01-06-03,2,2023105021,メイショウテンク,0.1370337786844719,1,10,0,0,0.03003875197347841,0.0022162442545247962
2026-0809-01-01-06-03,3,2021103520,デルシエロ,0.1348175344299471,1,10,0,0,0.0022162442545247962,0.02486310873939787
2026-0809-01-01-06-03,4,2020103910,レジェンドシップ,0.10995442569054922,1,10,0,0,0.02486310873939787,0.004162059130084453
2026-0809-01-01-06-03,5,2023107144,エイカイコバチ,0.10579236656046477,1,10,0,0,0.004162059130084453,0.021704402069388132
2026-0809-01-01-06-03,6,2022105400,ピティロディア,0.08408796449107664,1,10,0,0,0.021704402069388132,0.011597429787831126
2026-0809-01-01-06-03,7,2022106824,グランツローゼ,0.07249053470324551,1,10,0,0,0.011597429787831126,0.001619975360007131
2026-0809-01-01-06-03,8,2023104676,マテンロウゼロ,0.07087055934323838,1,10,0,0,0.001619975360007131,0.005795973915288979
2026-0809-01-01-06-03,9,2022103222,エオアリイ,0.0650745854279494,1,10,0,0,0.005795973915288979,0.038904456158334766
2026-0809-01-01-06-03,10,2022106613,ストラニエーロ,0.026170129269614636,1,10,0,0,0.038904456158334766,0
2026-0809-01-01-06-04,1,2023102317,バンダムソレール,0.2126692950621623,1,2,1,0,0,0.038634154179694985
2026-0809-01-01-06-04,2,2023105365,ホウオウファラオ,0.17403514088246733,1,2,0,0,0.038634154179694985,0.09473955704524235
2026-0809-01-01-06-04,3,2023106691,サクセスゴールド,0.07929558383722497,2,12,0,1,0.09473955704524235,0.0007644485596657175
2026-0809-01-01-06-04,4,2023101756,メイショウセンドウ,0.07853113527755926,2,12,0,1,0.0007644485596657175,0.001297225961554599
2026-0809-01-01-06-04,5,2023105363,マイネルトレマーズ,0.07723390931600466,2,12,0,1,0.001297225961554599,0.0014119655968036493
2026-0809-01-01-06-04,6,2023104936,メイショウノヴァス,0.07582194371920101,2,12,0,1,0.0014119655968036493,0.03730608330374555
2026-0809-01-01-06-04,7,2023104684,ロジクリスエス,0.038515860415455454,2,12,0,1,0.03730608330374555,0.0033361575207458555
2026-0809-01-01-06-04,8,2023102282,カプリースカラー,0.0351797028947096,2,12,0,1,0.0033361575207458555,0.00014754440900602295
2026-0809-01-01-06-04,9,2023106106,サクセスブルー,0.035032158485703575,2,12,0,1,0.00014754440900602295,0.018209385130085385
2026-0809-01-01-06-04,10,2023107147,コサージュ,0.01682277335561819,2,12,0,1,0.018209385130085385,0.0040852471274320425
2026-0809-01-01-06-04,11,2023102903,スナークホクサイ,0.012737526228186148,2,12,0,1,0.0040852471274320425,0.0024834203692572273
2026-0809-01-01-06-04,12,2023105412,シーンオブドリーム,0.01025410585892892,2,12,0,1,0.0024834203692572273,0.0013575013878604318
2026-0809-01-01-06-04,13,2023102180,ブルーメンフェスト,0.008896604471068489,2,12,0,1,0.0013575013878604318,0.0018446626086262644
2026-0809-01-01-06-04,14,2023101235,オルビスケリー,0.007051941862442224,2,12,0,1,0.0018446626086262644,0
2026-0809-01-01-06-05,1,2024106936,ガザニア,0.07290930950795577,1,13,1,0,0,0.0
2026-0809-01-01-06-05,2,2024103284,アブリコース,0.07290930950795577,1,13,0,0,0.0,0.0
2026-0809-01-01-06-05,3,2024104987,アスコットペスカ,0.07290930950795577,1,13,0,0,0.0,0.0
2026-0809-01-01-06-05,4,2024106357,ヌーベルフィズ,0.07290930950795577,1,13,0,0,0.0,0.0
2026-0809-01-01-06-05,5,2024100609,チェッリーニ,0.07290930950795577,1,13,0,0,0.0,0.0
2026-0809-01-01-06-05,6,2024101900,ソーハッピー,0.07290930950795577,1,13,0,0,0.0,0.0
2026-0809-01-01-06-05,7,2024105051,ルイスイメル,0.07290930950795577,1,13,0,0,0.0,0.0
2026-0809-01-01-06-05,8,2024101556,インサイドストーム,0.07290930950795577,1,13,0,0,0.0,0.0
2026-0809-01-01-06-05,9,2024107318,バタフライ,0.07290930950795577,1,13,0,0,0.0,0.0
2026-0809-01-01-06-05,10,2024105638,アヴレディール,0.07290930950795577,1,13,0,0,0.0,0.0
2026-0809-01-01-06-05,11,2024106606,ウィエダンド,0.07290930950795577,1,13,0,0,0.0,0.0
2026-0809-01-01-06-05,12,2024105494,セイレイカ,0.07290930950795577,1,13,0,0,0.0,0.0
2026-0809-01-01-06-05,13,2024105934,フォルトゥナロッサ,0.07290930950795577,1,13,0,0,0.0,0
2026-0809-01-01-06-06,1,2023105789,ドンテスタマスター,0.31505050650810834,1,1,1,0,0,0.049313711870739074
2026-0809-01-01-06-06,2,2023107221,シャンドラファール,0.26573679463736927,2,13,0,1,0.049313711870739074,0.019843597746602076
2026-0809-01-01-06-06,3,2023105280,ヘイジュード,0.2458931968907672,2,13,0,1,0.019843597746602076,0.034109521123809106
2026-0809-01-01-06-06,4,2023102695,ギオンバヤシ,0.21178367576695808,2,13,0,1,0.034109521123809106,0.03756271177954021
2026-0809-01-01-06-06,5,2023105302,ラッキーシグネチャ,0.17422096398741788,2,13,0,1,0.03756271177954021,0.002498449483918641
2026-0809-01-01-06-06,6,2023103522,フォーチュンローズ,0.17172251450349924,2,13,0,1,0.002498449483918641,0.03621715915975113
2026-0809-01-01-06-06,7,2023101168,タビニュ,0.1355053553437481,2,13,0,1,0.03621715915975113,0.014968853084072226
2026-0809-01-01-06-06,8,2023104905,テイエムプレミラン,0.12053650225967588,2,13,0,1,0.014968853084072226,0.03724327974971686
2026-0809-01-01-06-06,9,2023102410,ブリックアブラック,0.08329322250995902,2,13,0,1,0.03724327974971686,0.01658017080618608
2026-0809-01-01-06-06,10,2023103548,ダイナソーコー,0.06671305170377294,2,13,0,1,0.01658017080618608,0.025119541728441212
2026-0809-01-01-06-06,11,2023100771,マジックファイヤー,0.041593509975331726,2,13,0,1,0.025119541728441212,0.002729616768536551
2026-0809-01-01-06-06,12,2023103767,ミカレオス,0.038863893206795175,2,13,0,1,0.002729616768536551,0.007906755252030283
2026-0809-01-01-06-06,13,2023103566,エコロゼルダ,0.03095713795476489,2,13,0,1,0.007906755252030283,0.014699211189511459
2026-0809-01-01-06-06,14,2023105065,ハバタクジユウニ,0.016257926765253432,2,13,0,1,0.014699211189511459,0
2026-0809-01-01-06-07,1,2023106438,トリニタリオ,0.294358104132301,1,1,1,0,0,0.12797195843911366
2026-0809-01-01-06-07,2,2023101938,メイショウローゼ,0.16638614569318735,2,2,0,1,0.12797195843911366,0.018266819380980737
2026-0809-01-01-06-07,3,2023103481,デルマフジ,0.14811932631220662,2,2,0,1,0.018266819380980737,0.059408181008880734
2026-0809-01-01-06-07,4,2023104940,メイショウハーブス,0.08871114530332588,3,13,0,0,0.059408181008880734,0.009371406132313853
2026-0809-01-01-06-07,5,2023105298,ピースフルマインド,0.07933973917101203,3,13,0,0,0.009371406132313853,0.005656290800540031
2026-0809-01-01-06-07,6,2023101000,フローレンスフーガ,0.073683448370472,3,13,0,0,0.005656290800540031,0.0052983297897650355
2026-0809-01-01-06-07,7,2023105537,エイシンリーガル,0.06838511858070696,3,13,0,0,0.0052983297897650355,0.004986417762938622
2026-0809-01-01-06-07,8,2023102386,ミリオングローリー,0.06339870081776834,3,13,0,0,0.004986417762938622,0.010276609424382487
2026-0809-01-01-06-07,9,2023103555,オートカリテ,0.053122091393385855,3,13,0,0,0.010276609424382487,0.002295922436469436
2026-0809-01-01-06-07,10,2023102434,グランフルス,0.05082616895691642,3,13,0,0,0.002295922436469436,0.010554356003783086
2026-0809-01-01-06-07,11,2023100604,ショウナンアワード,0.04027181295313333,3,13,0,0,0.010554356003783086,0.011359008291186405
2026-0809-01-01-06-07,12,2023105659,シークレットシティ,0.028912804661946928,3,13,0,0,0.011359008291186405,0.00411871298559419
2026-0809-01-01-06-07,13,2023105881,ウインアトム,0.02479409167635274,3,13,0,0,0.00411871298559419,0.0003371151934260866
2026-0809-01-01-06-07,14,2023105874,ウインブリザード,0.024456976482926652,3,13,0,0,0.0003371151934260866,0.008185246757994109
2026-0809-01-01-06-07,15,2023102112,ハートチャン,0.016271729724932543,3,13,0,0,0.008185246757994109,0.003316961413274408
2026-0809-01-01-06-07,16,2023103433,レフィノス,0.012954768311658135,3,13,0,0,0.003316961413274408,0
2026-0809-01-01-06-08,1,2023100433,サンデーパーティー,0.1805723980481819,1,5,1,0,0,0.011245436050568686
2026-0809-01-01-06-08,2,2022104419,ローズマイスター,0.1693269619976132,1,5,0,0,0.011245436050568686,0.010317514573961795
2026-0809-01-01-06-08,3,2023102019,テイクオンミー,0.15900944742365142,1,5,0,0,0.010317514573961795,0.0043532801215551975
2026-0809-01-01-06-08,4,2021104945,ポンピエ,0.15465616730209622,1,5,0,0,0.0043532801215551975,0.03811974122774915
2026-0809-01-01-06-08,5,2023105032,メイショウコシュウ,0.11653642607434707,1,5,0,0,0.03811974122774915,0.049202714002220774
2026-0809-01-01-06-08,6,2023100715,ピエナオルカ,0.0673337120721263,2,9,0,1,0.049202714002220774,0.005910907008547364
2026-0809-01-01-06-08,7,2022103156,タイキフィアリーベ,0.06142280506357893,2,9,0,1,0.005910907008547364,0.019472089942922696
2026-0809-01-01-06-08,8,2021100303,ブリオメンテ,0.041950715120656235,2,9,0,1,0.019472089942922696,0.0053786681767638775
2026-0809-01-01-06-08,9,2021102498,ディアスポラ,0.03657204694389236,2,9,0,1,0.0053786681767638775,0.0035830900102218344
2026-0809-01-01-06-08,10,2021105772,ホウオウバローロ,0.03298895693367052,2,9,0,1,0.0035830900102218344,0.0006198203421443893
2026-0809-01-01-06-08,11,2022101286,クラウンアールシー,0.03236913659152613,2,9,0,1,0.0006198203421443893,0.0052838340137558
2026-0809-01-01-06-08,12,2023101721,ノリノドラゴン,0.027085302577770334,2,9,0,1,0.0052838340137558,0.0005237511161672627
2026-0809-01-01-06-08,13,2023100581,ホノボノ,0.02656155146160307,2,9,0,1,0.0005237511161672627,0.012997462382335774
2026-0809-01-01-06-08,14,2022107021,ファミーユウルーズ,0.013564089079267297,2,9,0,1,0.012997462382335774,0
2026-0809-01-01-06-09,1,2023105141,ニシノサリーナ,0.29804518363976273,1,1,1,0,0,0.06077794353119606
2026-0809-01-01-06-09,2,2023105317,ウィングブルー,0.23726724010856667,2,3,0,1,0.06077794353119606,0.020265287212780786
2026-0809-01-01-06-09,3,2022104440,ハーモニーソング,0.2170019528957859,2,3,0,1,0.020265287212780786,0.04144396813298418
2026-0809-01-01-06-09,4,2021105749,ルージュベルベット,0.1755579847628017,2,3,0,1,0.04144396813298418,0.07421470611498705
2026-0809-01-01-06-09,5,2023104047,ノアールビーナス,0.10134327864781466,3,12,0,0,0.07421470611498705,0.035328552001663335
2026-0809-01-01-06-09,6,2023106420,コスモファーブロス,0.06601472664615132,3,12,0,0,0.035328552001663335,5.43728891120171e-05
2026-0809-01-01-06-09,7,2023103733,ラプランセス,0.0659603537570393,3,12,0,0,5.43728891120171e-05,0.0089265602512862
2026-0809-01-01-06-09,8,2023102210,アイアムステキ,0.057033793505753105,3,12,0,0,0.0089265602512862,0.005087976150755798
2026-0809-01-01-06-09,9,2021105078,アトリウムチャペル,0.05194581735499731,3,12,0,0,0.005087976150755798,0.01510758877369206
2026-0809-01-01-06-09,10,2020101920,メラヴィリオーザ,0.03683822858130525,3,12,0,0,0.01510758877369206,3.078916987060004e-05
2026-0809-01-01-06-09,11,2022102988,トレヴィ,0.03680743941143465,3,12,0,0,3.078916987060004e-05,0.0003100614765023865
2026-0809-01-01-06-09,12,2022103316,キタノクニカラ,0.03649737793493226,3,12,0,0,0.0003100614765023865,0.0037678763950003483
2026-0809-01-01-06-09,13,2023105290,サトノカスターニャ,0.03272950153993191,3,12,0,0,0.0037678763950003483,0.00019082705577788683
2026-0809-01-01-06-09,14,2022101005,マロンカラノテガミ,0.032538674484154026,3,12,0,0,0.00019082705577788683,0.005411032980086741
2026-0809-01-01-06-09,15,2021103322,スプリングデイ,0.027127641504067285,3,12,0,0,0.005411032980086741,0.00810420477386399
2026-0809-01-01-06-09,16,2020100759,アルマロクザン,0.019023436730203295,3,12,0,0,0.00810420477386399,0
2026-0809-01-01-06-10,1,2022110130,ベラジオワールド,0.2372531989652474,1,2,1,0,0,0.017262418940199753
2026-0809-01-01-06-10,2,2023104324,タガノエルー,0.21999078002504766,1,2,0,0,0.017262418940199753,0.053389667288847587
2026-0809-01-01-06-10,3,2022101572,プライベートアイズ,0.16660111273620007,2,1,0,1,0.053389667288847587,0.0606557033036724
2026-0809-01-01-06-10,4,2023101704,テイエムゴッホ,0.10594540943252767,3,11,0,0,0.0606557033036724,0.016807770116776588
2026-0809-01-01-06-10,5,2023103696,マーゴットサンズ,0.08913763931575108,3,11,0,0,0.016807770116776588,0.03297974808712829
2026-0809-01-01-06-10,6,2022100321,リメンバーヒム,0.056157891228622796,3,11,0,0,0.03297974808712829,0.0015600707535900205
2026-0809-01-01-06-10,7,2023100937,ストラーダ,0.054597820475032775,3,11,0,0,0.0015600707535900205,0.0011098954613590062
2026-0809-01-01-06-10,8,2022102394,マーウォルス,0.05348792501367377,3,11,0,0,0.0011098954613590062,0.007050980957029676
2026-0809-01-01-06-10,9,2022105610,ウインハルモニア,0.04643694405664409,3,11,0,0,0.007050980957029676,0.008096193570447649
2026-0809-01-01-06-10,10,2021101928,チザルピーノ,0.038340750486196444,3,11,0,0,0.008096193570447649,0.0018176927746768184
2026-0809-01-01-06-10,11,2022105486,テルアスワッド,0.036523057711519626,3,11,0,0,0.0018176927746768184,0.0068755266857001285
2026-0809-01-01-06-10,12,2022103753,ネクストダンサー,0.029647531025819497,3,11,0,0,0.0068755266857001285,0.009050568052535714
2026-0809-01-01-06-10,13,2022106851,レディゴディヴァ,0.020596962973283783,3,11,0,0,0.009050568052535714,0.013483059138165384
2026-0809-01-01-06-10,14,2019102163,フォーワンセルフ,0.007113903835118399,3,11,0,0,0.013483059138165384,0
2026-0809-01-01-06-11,1,2023107008,ブラックチャリス,0.24830551614368,1,1,1,0,0,0.05680985272550823
2026-0809-01-01-06-11,2,2023105203,マーブルパレス,0.19149566341817176,2,1,0,1,0.05680985272550823,0.09375395959875885
2026-0809-01-01-06-11,3,2022102887,ナムラクララ,0.09774170381941291,3,14,0,0,0.09375395959875885,0.01575583633940837
2026-0809-01-01-06-11,4,2021105774,ダノンマッキンリー,0.08198586748000454,3,14,0,0,0.01575583633940837,0.00422817780498598
2026-0809-01-01-06-11,5,2022103592,ルシード,0.07775768967501856,3,14,0,0,0.00422817780498598,0.007537546294152944
2026-0809-01-01-06-11,6,2021105358,アスティスプマンテ,0.07022014338086562,3,14,0,0,0.007537546294152944,0.01452322887058402
2026-0809-01-01-06-11,7,2022100490,モズナナスター,0.055696914510281595,3,14,0,0,0.01452322887058402,0.007451814240235027
2026-0809-01-01-06-11,8,2018103515,カンティーユ,0.04824510027004657,3,14,0,0,0.007451814240235027,0.0014170562693798586
2026-0809-01-01-06-11,9,2021100522,ジョーメッドヴィン,0.04682804400066671,3,14,0,0,0.0014170562693798586,0.005019808715411529
2026-0809-01-01-06-11,10,2021100130,ロードフォアエース,0.04180823528525518,3,14,0,0,0.005019808715411529,0.007270186951810517
2026-0809-01-01-06-11,11,2020103356,クファシル,0.03453804833344466,3,14,0,0,0.007270186951810517,0.0022526127281525185
2026-0809-01-01-06-11,12,2020109102,サウザンサニー,0.032285435605292144,3,14,0,0,0.0022526127281525185,0.0011226985642073528
2026-0809-01-01-06-11,13,2021105599,シンバーシア,0.03116273704108479,3,14,0,0,0.0011226985642073528,0.002461202464715151
2026-0809-01-01-06-11,14,2020105203,ウインアイオライト,0.02870153457636964,3,14,0,0,0.002461202464715151,0.008367049351078841
2026-0809-01-01-06-11,15,2020103962,ステークホルダー,0.0203344852252908,3,14,0,0,0.008367049351078841,0.0009192668841829094
2026-0809-01-01-06-11,16,2022103304,ダンツエラン,0.01941521834110789,3,14,0,0,0.0009192668841829094,0
2026-0809-01-01-06-12,1,2023103351,グレーヌドジョワ,0.2287162367708243,1,6,1,0,0,0.015975417105026035
2026-0809-01-01-06-12,2,2023103451,ロングミックス,0.21274081966579828,1,6,0,0,0.015975417105026035,0.003293632692875803
2026-0809-01-01-06-12,3,2022106645,グランセゾン,0.20944718697292247,1,6,0,0,0.003293632692875803,0.006844448794777497
2026-0809-01-01-06-12,4,2023100207,マイネルシンベリン,0.20260273817814498,1,6,0,0,0.006844448794777497,0.030706396878509595
2026-0809-01-01-06-12,5,2023106905,ヴァロアーク,0.17189634129963538,1,6,0,0,0.030706396878509595,0.038388517808409794
2026-0809-01-01-06-12,6,2023100521,ディーリライズ,0.13350782349122559,1,6,0,0,0.038388517808409794,0.07842998258156375
2026-0809-01-01-06-12,7,2022102135,ゴーゴータカシ,0.05507784090966184,2,2,0,1,0.07842998258156375,0.020382508877596447
2026-0809-01-01-06-12,8,2022105766,ドーギッド,0.034695332032065394,2,2,0,1,0.020382508877596447,0
2026-0809-04-02-06-01,1,2024100715,アオイノリプー,0.18183743619580517,1,1,1,0,0,0.05310109630393864
2026-0809-04-02-06-01,2,2024107390,スーパーユタカ,0.12873633989186653,2,2,0,1,0.05310109630393864,0.00071083187345794
2026-0809-04-02-06-01,3,2024104469,エクスマキナ,0.1280255080184086,2,2,0,1,0.00071083187345794,0.07199734452406292
2026-0809-04-02-06-01,4,2024105911,シアルナーレ,0.05602816349434566,3,13,0,0,0.07199734452406292,0.003119652547907928
2026-0809-04-02-06-01,5,2024107201,ウィモウェ,0.05290851094643773,3,13,0,0,0.003119652547907928,0.0045935485789763
2026-0809-04-02-06-01,6,2024106670,ラガリーガ,0.04831496236746143,3,13,0,0,0.0045935485789763,0.0022998881707586433
2026-0809-04-02-06-01,7,2024102852,マイホームパパ,0.04601507419670279,3,13,0,0,0.0022998881707586433,0.002205977961637101
2026-0809-04-02-06-01,8,2024101589,エイシンウルクンデ,0.04380909623506569,3,13,0,0,0.002205977961637101,0.004892558013608529
2026-0809-04-02-06-01,9,2024103368,ツーハーツ,0.03891653822145716,3,13,0,0,0.004892558013608529,0.0024240952733806456
2026-0809-04-02-06-01,10,2024103837,セイウンオオゾラ,0.03649244294807651,3,13,0,0,0.0024240952733806456,0.0043920764322294276
2026-0809-04-02-06-01,11,2024102885,マハロハ,0.032100366515847086,3,13,0,0,0.0043920764322294276,0.004012596981960895
2026-0809-04-02-06-01,12,2024101224,モンサンアミュザン,0.02808776953388619,3,13,0,0,0.004012596981960895,0.0017142332813761228
2026-0809-04-02-06-01,13,2024103591,コスモフラムオット,0.026373536252510068,3,13,0,0,0.0017142332813761228,0.0032027974416910347
2026-0809-04-02-06-01,14,2024102850,セレスタイト,0.023170738810819033,3,13,0,0,0.0032027974416910347,0.0005327950834760412
2026-0809-04-02-06-01,15,2024103638,マスターボリューム,0.022637943727342992,3,13,0,0,0.0005327950834760412,0.012157605105385924
2026-0809-04-02-06-01,16,2024103614,コスモモノポリー,0.010480338621957068,3,13,0,0,0.012157605105385924,0
2026-0809-04-02-06-02,1,2024102437,クリガーレ,0.08760495607052089,1,11,1,0,0,0.0
2026-0809-04-02-06-02,2,2024103173,アーバンアート,0.08760495607052089,1,11,0,0,0.0,0.0
2026-0809-04-02-06-02,3,2024100867,ルブラッシュノモー,0.08760495607052089,1,11,0,0,0.0,0.0
2026-0809-04-02-06-02,4,2024100105,ワイズジュエル,0.08760495607052089,1,11,0,0,0.0,0.0
2026-0809-04-02-06-02,5,2024100002,エスシークザン,0.08760495607052089,1,11,0,0,0.0,0.0
2026-0809-04-02-06-02,6,2024106236,イスクメル,0.08760495607052089,1,11,0,0,0.0,0.0
2026-0809-04-02-06-02,7,2024103919,メジェグレイス,0.08760495607052089,1,11,0,0,0.0,0.0
2026-0809-04-02-06-02,8,2024102067,ゴータマ,0.08760495607052089,1,11,0,0,0.0,0.0
2026-0809-04-02-06-02,9,2024104006,キンバリー,0.08760495607052089,1,11,0,0,0.0,0.0
2026-0809-04-02-06-02,10,2024100678,シジマ,0.08760495607052089,1,11,0,0,0.0,0.0
2026-0809-04-02-06-02,11,2024100754,ドッカイッチャッテ,0.08760495607052089,1,11,0,0,0.0,0
2026-0809-04-02-06-03,1,2023102122,ハングローズ,0.2506161198802605,1,1,1,0,0,0.11168557921089109
2026-0809-04-02-06-03,2,2023107403,エコロセレナ,0.1389305406693694,2,2,0,1,0.11168557921089109,0.01029507031158955
2026-0809-04-02-06-03,3,2023101100,ローズオブジャパン,0.12863547035777986,2,2,0,1,0.01029507031158955,0.05885789060796613
2026-0809-04-02-06-03,4,2023100888,セントリアン,0.06977757974981373,3,12,0,0,0.05885789060796613,0.005949591929272233
2026-0809-04-02-06-03,5,2023106854,テリオスレイ,0.0638279878205415,3,12,0,0,0.005949591929272233,0.014624337166906864
2026-0809-04-02-06-03,6,2023106293,クツワエターナル,0.049203650653634634,3,12,0,0,0.014624337166906864,0.0
2026-0809-04-02-06-03,7,2023104585,ビューティドリーム,0.049203650653634634,3,12,0,0,0.0,0.006035921883954007
2026-0809-04-02-06-03,8,2023104017,ロジザボード,0.04316772876968063,3,12,0,0,0.006035921883954007,0.004273850364906802
2026-0809-04-02-06-03,9,2023107242,ヨルヴィック,0.038893878404773825,3,12,0,0,0.004273850364906802,0.004975229448118561
2026-0809-04-02-06-03,10,2023101141,プティシラー,0.033918648956655265,3,12,0,0,0.004975229448118561,0.005901175662848708
2026-0809-04-02-06-03,11,2023104568,グランキンバリー,0.028017473293806557,3,12,0,0,0.005901175662848708,0.007923650181886066
2026-0809-04-02-06-03,12,2023105243,アルペンローゼ,0.02009382311192049,3,12,0,0,0.007923650181886066,0.0006062701338945785
2026-0809-04-02-06-03,13,2023105068,キョウエイハル,0.019487552978025912,3,12,0,0,0.0006062701338945785,0.007159983949421916
2026-0809-04-02-06-03,14,2023102371,エトワールフィーユ,0.012327569028603996,3,12,0,0,0.007159983949421916,0.002726902849849897
2026-0809-04-02-06-03,15,2023102328,カウガールハット,0.009600666178754099,3,12,0,0,0.002726902849849897,0
2026-0809-04-02-06-04,1,2023102967,クリムゾンリーフ,0.2531738345088865,1,2,1,0,0,0.02658377765193376
2026-0809-04-02-06-04,2,2023106976,モンスターラッシュ,0.22659005685695272,1,2,0,0,0.02658377765193376,0.06182554553921135
2026-0809-04-02-06-04,3,2023105439,カシマライフウ,0.16476451131774136,2,1,0,1,0.06182554553921135,0.07059984415496559
2026-0809-04-02-06-04,4,2023105753,アデルフィー,0.09416466716277577,3,1,0,0,0.07059984415496559,0.050971279501632
2026-0809-04-02-06-04,5,2023105973,ユイノスレチガイ,0.04319338766114377,4,11,0,0,0.050971279501632,0.007133678473950279
2026-0809-04-02-06-04,6,2023105682,キセログラフィカ,0.03605970918719349,4,11,0,0,0.007133678473950279,0.012624701590052384
2026-0809-04-02-06-04,7,2023106151,ラスタリア,0.023435007597141108,4,11,0,0,0.012624701590052384,0.0029156734798783043
2026-0809-04-02-06-04,8,2023105233,レッドリアライズ,0.020519334117262804,4,11,0,0,0.0029156734798783043,0.002863980591508202
2026-0809-04-02-06-04,9,2023106971,クィーンズウィンク,0.0176553535257546,4,11,0,0,0.002863980591508202,0.0021878540048657687
2026-0809-04-02-06-04,10,2023104855,カノープス,0.015467499520888833,4,11,0,0,0.0021878540048657687,0.00028284366788148413
2026-0809-04-02-06-04,11,2023100052,オセアビシャイン,0.015184655853007349,4,11,0,0,0.00028284366788148413,0.004152335855972175
2026-0809-04-02-06-04,12,2023103299,ヌビアン,0.011032319997035174,4,11,0,0,0.004152335855972175,0.0002732663658553125
2026-0809-04-02-06-04,13,2023104860,ハリコミチュウ,0.010759053631179861,4,11,0,0,0.0002732663658553125,0.0006102888243535876
2026-0809-04-02-06-04,14,2023107425,ジュングロワール,0.010148764806826274,4,11,0,0,0.0006102888243535876,0.0016821143586856855
2026-0809-04-02-06-04,15,2023106946,ダゴベルト,0.008466650448140588,4,11,0,0,0.0016821143586856855,0
2026-0809-04-02-06-05,1,2023100359,シュヴァルツシルト,0.2859963995167852,1,2,1,0,0,0.008230590266361915
2026-0809-04-02-06-05,2,2023105083,ベルゼビュート,0.27776580925042327,1,2,0,0,0.008230590266361915,0.06160275021390024
2026-0809-04-02-06-05,3,2023102007,ゼファーテソーロ,0.21616305903652303,2,2,0,1,0.06160275021390024,0.0032611493275478964
2026-0809-04-02-06-05,4,2023103216,アンバサダネージュ,0.21290190970897513,2,2,0,1,0.0032611493275478964,0.12228200803940317
2026-0809-04-02-06-05,5,2023106932,サトノエスケープ,0.09061990166957196,3,11,0,0,0.12228200803940317,0.01662699476862607
2026-0809-04-02-06-05,6,2023100533,タイセイブルーム,0.07399290690094588,3,11,0,0,0.01662699476862607,0.004317087746850093
2026-0809-04-02-06-05,7,2023104992,エコロバロン,0.06967581915409579,3,11,0,0,0.004317087746850093,0.005270935172702093
2026-0809-04-02-06-05,8,2023101039,ベアアッコチャン,0.0644048839813937,3,11,0,0,0.005270935172702093,0.008510719313443958
2026-0809-04-02-06-05,9,2023100949,マジンタクシー,0.05589416466794974,3,11,0,0,0.008510719313443958,0.002502539550190183
2026-0809-04-02-06-05,10,2023106208,スリーコーズ,0.05339162511775956,3,11,0,0,0.002502539550190183,0.011242496637510202
2026-0809-04-02-06-05,11,2022100582,プルシャプラ,0.042149128480249355,3,11,0,0,0.011242496637510202,0.0006257960338699811
2026-0809-04-02-06-05,12,2020100617,ブリングライト,0.041523332446379374,3,11,0,0,0.0006257960338699811,0.009549115547474174
2026-0809-04-02-06-05,13,2021102745,ペッパーミル,0.0319742168989052,3,11,0,0,0.009549115547474174,0.02138410159193282
2026-0809-04-02-06-05,14,2022100323,トキメキジニア,0.010590115306972379,3,11,0,0,0.02138410159193282,0.0011793522711336848
2026-0809-04-02-06-05,15,2022105697,ソリッドベーシス,0.009410763035838694,3,11,0,0,0.0011793522711336848,0
2026-0809-04-02-06-06,1,2023103687,ライヒスアドラー,0.29851204003041315,1,1,1,0,0,0.08830190895358533
2026-0809-04-02-06-06,2,2021104865,カニキュル,0.21021013107682782,2,12,0,1,0.08830190895358533,0.029091038478092024
2026-0809-04-02-06-06,3,2022101134,テンミラクルスター,0.1811190925987358,2,12,0,1,0.029091038478092024,0.034374382981992
2026-0809-04-02-06-06,4,2022100019,マカナ,0.1467447096167438,2,12,0,1,0.034374382981992,0.03620770114579165
2026-0809-04-02-06-06,5,2022110054,デルアヴァー,0.11053700847095214,2,12,0,1,0.03620770114579165,0.005389050244496096
2026-0809-04-02-06-06,6,2021105704,コルレオニス,0.10514795822645605,2,12,0,1,0.005389050244496096,0.03118384492612361
2026-0809-04-02-06-06,7,2021101724,ガジュノリ,0.07396411330033244,2,12,0,1,0.03118384492612361,0.01613134410102242
2026-0809-04-02-06-06,8,2021105453,エラン,0.05783276919931002,2,12,0,1,0.01613134410102242,0.010928547885200562
2026-0809-04-02-06-06,9,2020100976,ハギノアルデバラン,0.04690422131410946,2,12,0,1,0.010928547885200562,0.01582857466988587
2026-0809-04-02-06-06,10,2020106535,モズロックンロール,0.031075646644223586,2,12,0,1,0.01582857466988587,0.001936655011761379
2026-0809-04-02-06-06,11,2018106154,エスコバル,0.029138991632462207,2,12,0,1,0.001936655011761379,0.005350242626441053
2026-0809-04-02-06-06,12,2020104753,サトノヴィレ,0.023788749006021154,2,12,0,1,0.005350242626441053,0.002397293416135083
2026-0809-04-02-06-06,13,2020100934,クリニクラウン,0.02139145558988607,2,12,0,1,0.002397293416135083,0
2026-0809-04-02-06-07,1,2023105303,メルカントゥール,0.25808566848330017,1,1,1,0,0,0.050584077038344444
2026-0809-04-02-06-07,2,2023106821,マクリール,0.20750159144495572,2,1,0,1,0.050584077038344444,0.0682403036709694
2026-0809-04-02-06-07,3,2023101269,ドンエレクトス,0.13926128777398633,3,10,0,0,0.0682403036709694,0.02282509967908733
2026-0809-04-02-06-07,4,2023101134,パイロマンサー,0.116436188094899,3,10,0,0,0.02282509967908733,0.011070427389314866
2026-0809-04-02-06-07,5,2023107036,ショウナンバンライ,0.10536576070558414,3,10,0,0,0.011070427389314866,0.011246711990186828
2026-0809-04-02-06-07,6,2023104733,タガノアバンドーネ,0.09411904871539731,3,10,0,0,0.011246711990186828,0.007666140024678969
2026-0809-04-02-06-07,7,2023104387,チェリヴェント,0.08645290869071834,3,10,0,0,0.007666140024678969,0.017552785435307666
2026-0809-04-02-06-07,8,2023104927,テンカムテキ,0.06890012325541067,3,10,0,0,0.017552785435307666,0.009437589590613617
2026-0809-04-02-06-07,9,2023101154,ファイアマン,0.059462533664797056,3,10,0,0,0.009437589590613617,0.004218057819251185
2026-0809-04-02-06-07,10,2023107091,ヒシアムルーズ,0.05524447584554587,3,10,0,0,0.004218057819251185,0.0034497413049641226
2026-0809-04-02-06-07,11,2023103919,オオツカ,0.05179473454058175,3,10,0,0,0.0034497413049641226,0.000524208845141122
2026-0809-04-02-06-07,12,2023104103,パラダイスフェイス,0.051270525695440626,3,10,0,0,0.000524208845141122,0
2026-0809-04-02-06-08,1,2022101604,ハニーローリエ,0.2657432289126989,1,1,1,0,0,0.10298285648370928
2026-0809-04-02-06-08,2,2023106613,カレンデュラ,0.16276037242898964,2,1,0,1,0.10298285648370928,0.06574418600570484
2026-0809-04-02-06-08,3,2021100144,ロードトレゾール,0.0970161864232848,3,1,0,0,0.06574418600570484,0.047112256546153766
2026-0809-04-02-06-08,4,2022106637,ラヴェンデル,0.049903929877131034,4,14,0,0,0.047112256546153766,0.002178938551305659
2026-0809-04-02-06-08,5,2022104190,ラトルシェ,0.047724991325825375,4,14,0,0,0.002178938551305659,0.0023106698608122006
2026-0809-04-02-06-08,6,2022104387,キントラダンサー,0.045414321465013174,4,14,0,0,0.0023106698608122006,0.00471952427755392
2026-0809-04-02-06-08,7,2020104174,レジーナローズ,0.040694797187459254,4,14,0,0,0.00471952427755392,0.008559101915476652
2026-0809-04-02-06-08,8,2022104216,ペイシャヴァルツー,0.0321356952719826,4,14,0,0,0.008559101915476652,0.002720408758770807
2026-0809-04-02-06-08,9,2021106066,メッエフアパラ,0.029415286513211795,4,14,0,0,0.002720408758770807,0.0020945851030556017
2026-0809-04-02-06-08,10,2021104777,クォーツァイト,0.027320701410156193,4,14,0,0,0.0020945851030556017,0.0008349546942772665
2026-0809-04-02-06-08,11,2021104074,ラブディーヴァ,0.026485746715878927,4,14,0,0,0.0008349546942772665,0.0004547621614809441
2026-0809-04-02-06-08,12,2021100356,クールベイビー,0.026030984554397982,4,14,0,0,0.0004547621614809441,0.0011757444487799536
2026-0809-04-02-06-08,13,2020103477,サトノアルペジオ,0.02485524010561803,4,14,0,0,0.0011757444487799536,0.00335109072001449
2026-0809-04-02-06-08,14,2021106986,ミスエル,0.02150414938560354,4,14,0,0,0.00335109072001449,0.005850086908206657
2026-0809-04-02-06-08,15,2020102674,スペルキャスター,0.015654062477396882,4,14,0,0,0.005850086908206657,0.00035222619856149946
2026-0809-04-02-06-08,16,2021104365,リュウノタブーク,0.015301836278835383,4,14,0,0,0.00035222619856149946,0.004214837559762806
2026-0809-04-02-06-08,17,2022106187,ゼンダンタカ,0.011086998719072576,4,14,0,0,0.004214837559762806,0
2026-0809-04-02-06-09,1,2022110132,ピコテンダー,0.2393185333890594,1,1,1,0,0,0.1510546564476949
2026-0809-04-02-06-09,2,2020100363,キョウエイカンフ,0.0882638769413645,2,14,0,1,0.1510546564476949,0.014947604479861445
2026-0809-04-02-06-09,3,2022105824,フィーチャリング,0.07331627246150306,2,14,0,1,0.014947604479861445,0.006800126333266807
2026-0809-04-02-06-09,4,2022106656,ハッピーウィズユー,0.06651614612823625,2,14,0,1,0.006800126333266807,0.015149651503309276
2026-0809-04-02-06-09,5,2022102347,シャンハイナイト,0.05136649462492698,2,14,0,1,0.015149651503309276,0.0027818729749650092
2026-0809-04-02-06-09,6,2021100158,ダノンモンテローザ,0.04858462164996197,2,14,0,1,0.0027818729749650092,0.0003787167984667314
2026-0809-04-02-06-09,7,2021105779,レッドセニョール,0.048205904851495236,2,14,0,1,0.0003787167984667314,0.0017821894310268288
2026-0809-04-02-06-09,8,2021103706,アルジェンタージョ,0.04642371542046841,2,14,0,1,0.0017821894310268288,0.005197098446748635
2026-0809-04-02-06-09,9,2022105495,マーゴットゲイン,0.04122661697371977,2,14,0,1,0.005197098446748635,0.010438769164826712
2026-0809-04-02-06-09,10,2019105287,フォンメイリー,0.03078784780889306,2,14,0,1,0.010438769164826712,0.002903759440595788
2026-0809-04-02-06-09,11,2021104839,プレアデスグループ,0.027884088368297272,2,14,0,1,0.002903759440595788,0.0008271763262615445
2026-0809-04-02-06-09,12,2022101557,アスタールフナ,0.027056912042035728,2,14,0,1,0.0008271763262615445,0.011972346931468252
2026-0809-04-02-06-09,13,2020105957,ダズリングダンス,0.015084565110567476,2,14,0,1,0.011972346931468252,0.0013528334956080072
2026-0809-04-02-06-09,14,2021106119,タイセイピューマ,0.01373173161495947,2,14,0,1,0.0013528334956080072,0.0070950529385046595
2026-0809-04-02-06-09,15,2020103575,シュバルツガイスト,0.00663667867645481,2,14,0,1,0.0070950529385046595,0
2026-0809-04-02-06-10,1,2023107228,ウップヘリーア,0.4676813841456629,1,1,1,0,0,0.14275247650194728
2026-0809-04-02-06-10,2,2023107277,モートンアイランド,0.3249289076437156,2,1,0,1,0.14275247650194728,0.1375147787080021
2026-0809-04-02-06-10,3,2022103308,ミッドセンチュリー,0.18741412893571352,3,1,0,0,0.1375147787080021,0.0781746602789601
2026-0809-04-02-06-10,4,2022105365,オプレントジュエル,0.10923946865675342,4,3,0,0,0.0781746602789601,0.024258597005433202
2026-0809-04-02-06-10,5,2022105223,イスキオス,0.08498087165132022,4,3,0,0,0.024258597005433202,0.01549451472868306
2026-0809-04-02-06-10,6,2021101088,テイキットイージー,0.06948635692263716,4,3,0,0,0.01549451472868306,0.04608905005169438
2026-0809-04-02-06-10,7,2022101620,トラストモアリズム,0.023397306870942786,5,1,0,0,0.04608905005169438,0
2026-0809-04-02-06-11,1,2023101120,バンオンタイム,0.2473954067757751,1,2,1,0,0,0.04124485082798948
2026-0809-04-02-06-11,2,2023106475,ベルランコントル,0.2061505559477856,1,2,0,0,0.04124485082798948,0.06356050881462119
2026-0809-04-02-06-11,3,2023103550,ワイズファミリア,0.14259004713316442,2,1,0,1,0.06356050881462119,0.04650928592980143
2026-0809-04-02-06-11,4,2023106795,ルシアージュ,0.096080761203363,3,15,0,0,0.04650928592980143,0.016961832257362405
2026-0809-04-02-06-11,5,2023102799,スチールギターラグ,0.07911892894600059,3,15,0,0,0.016961832257362405,0.008565646351346781
2026-0809-04-02-06-11,6,2023105006,フジサン,0.07055328259465381,3,15,0,0,0.008565646351346781,0.002969136249971527
2026-0809-04-02-06-11,7,2023102231,レガリーノ,0.06758414634468228,3,15,0,0,0.002969136249971527,0.006670399236814006
2026-0809-04-02-06-11,8,2023106468,ガミーヌ,0.060913747107868274,3,15,0,0,0.006670399236814006,0.005474965701793802
2026-0809-04-02-06-11,9,2023106058,ダノンドナウ,0.05543878140607447,3,15,0,0,0.005474965701793802,0.012995579184229
2026-0809-04-02-06-11,10,2023103074,リーゼントモニカ,0.04244320222184547,3,15,0,0,0.012995579184229,0.0
2026-0809-04-02-06-11,11,2023100148,ゲンパチロマン,0.04244320222184547,3,15,0,0,0.0,0.016837653406432795
2026-0809-04-02-06-11,12,2023107018,フルールロイヤル,0.025605548815412677,3,15,0,0,0.016837653406432795,0.0024434255059619797
2026-0809-04-02-06-11,13,2023103843,セルリア,0.023162123309450697,3,15,0,0,0.0024434255059619797,4.262070842453794e-05
2026-0809-04-02-06-11,14,2023106332,ジーティージェミル,0.02311950260102616,3,15,0,0,4.262070842453794e-05,0.0018739636287892977
2026-0809-04-02-06-11,15,2023104406,スカイドリーマー,0.021245538972236862,3,15,0,0,0.0018739636287892977,0.004067200865860893
2026-0809-04-02-06-11,16,2023103816,オドラタス,0.01717833810637597,3,15,0,0,0.004067200865860893,0.001181936011597523
2026-0809-04-02-06-11,17,2023104544,ピコプリンセス,0.015996402094778445,3,15,0,0,0.001181936011597523,0.0002342625609132072
2026-0809-04-02-06-11,18,2023106286,フーディエラン,0.015762139533865238,3,15,0,0,0.0002342625609132072,0
2026-0809-04-02-06-12,1,2023105688,オンナキュヌヴィ,0.24300749545059833,1,4,1,0,0,0.037006753229419126
2026-0809-04-02-06-12,2,2023107019,ラルルジェンヌ,0.2060007422211792,1,4,0,0,0.037006753229419126,0.021864524375180217
2026-0809-04-02-06-12,3,2023107342,ルージュフィーリア,0.18413621784599898,1,4,0,0,0.021864524375180217,0.00252625331284001
2026-0809-04-02-06-12,4,2023110025,セリエンクーニゲン,0.18160996453315897,1,4,0,0,0.00252625331284001,0.04661464563696871
2026-0809-04-02-06-12,5,2023104484,エンジェルサン,0.13499531889619026,2,14,0,1,0.04661464563696871,0.0004079580611697775
2026-0809-04-02-06-12,6,2023104434,シルバーアックス,0.1345873608350205,2,14,0,1,0.0004079580611697775,0.017969692430835724
2026-0809-04-02-06-12,7,2023106130,ジェムシリカ,0.11661766840418476,2,14,0,1,0.017969692430835724,0.024414346117499486
2026-0809-04-02-06-12,8,2023109031,ココソラーレ,0.09220332228668528,2,14,0,1,0.024414346117499486,0.0013992771437717488
2026-0809-04-02-06-12,9,2023102931,ミクロスギガース,0.09080404514291353,2,14,0,1,0.0013992771437717488,0.006129799183010418
2026-0809-04-02-06-12,10,2023107541,ルナーファントム,0.08467424595990311,2,14,0,1,0.006129799183010418,0.025674640828055935
2026-0809-04-02-06-12,11,2023105744,シエラモレーナ,0.058999605131847176,2,14,0,1,0.025674640828055935,0.005358640720545066
2026-0809-04-02-06-12,12,2023106441,インザライムライト,0.05364096441130211,2,14,0,1,0.005358640720545066,0.015596349009845717
2026-0809-04-02-06-12,13,2023107370,フレアリングベリー,0.03804461540145639,2,14,0,1,0.015596349009845717,0.008619653476298325
2026-0809-04-02-06-12,14,2023102319,ロジシーザ,0.029424961925158068,2,14,0,1,0.008619653476298325,0.0014935728127436106
2026-0809-04-02-06-12,15,2023105049,ハルカオル,0.027931389112414457,2,14,0,1,0.0014935728127436106,0.004699655813041104
2026-0809-04-02-06-12,16,2023102388,ウィズアツインクル,0.023231733299373353,2,14,0,1,0.004699655813041104,0.0022055572620395918
2026-0809-04-02-06-12,17,2023100960,サンロード,0.02102617603733376,2,14,0,1,0.0022055572620395918,0.010791136192413172
2026-0809-04-02-06-12,18,2023100703,タイセイギガース,0.01023503984492059,2,14,0,1,0.010791136192413172,0
2026-0809-07-02-06-01,1,2023107092,ティタノマキア,0.14003749224027767,1,3,1,0,0,0.010951011487770002
2026-0809-07-02-06-01,2,2023106982,クロスボーダー,0.12908648075250767,1,3,0,0,0.010951011487770002,0.002059769591729016
2026-0809-07-02-06-01,3,2023103387,フィンガーレイクス,0.12702671116077865,1,3,0,0,0.002059769591729016,0.06552814905013088
2026-0809-07-02-06-01,4,2023104944,チュオンソン,0.061498562110647775,2,13,0,1,0.06552814905013088,0.0048957650125460855
2026-0809-07-02-06-01,5,2023105075,ワンダーリュクス,0.05660279709810169,2,13,0,1,0.0048957650125460855,0.00039751802672188113
2026-0809-07-02-06-01,6,2023102640,オレンジフィールド,0.05620527907137981,2,13,0,1,0.00039751802672188113,0.01137115275939065
2026-0809-07-02-06-01,7,2023107155,マイコンプリート,0.04483412631198916,2,13,0,1,0.01137115275939065,0.015830015410177114
2026-0809-07-02-06-01,8,2023103887,レイアン,0.029004110901812045,2,13,0,1,0.015830015410177114,0.0021904059652821974
2026-0809-07-02-06-01,9,2023104405,ラピス,0.026813704936529847,2,13,0,1,0.0021904059652821974,0.003945826579077074
2026-0809-07-02-06-01,10,2023107125,ディアーモルタル,0.022867878357452773,2,13,0,1,0.003945826579077074,0.003941491003063829
2026-0809-07-02-06-01,11,2023109054,カミノトップワン,0.018926387354388945,2,13,0,1,0.003941491003063829,0.0014570730869917954
2026-0809-07-02-06-01,12,2023100505,ゴナビーオーライト,0.01746931426739715,2,13,0,1,0.0014570730869917954,0.001387192950880741
2026-0809-07-02-06-01,13,2023103586,ストラドーネ,0.016082121316516408,2,13,0,1,0.001387192950880741,0.0012239048270146907
2026-0809-07-02-06-01,14,2023104289,キービート,0.014858216489501717,2,13,0,1,0.0012239048270146907,0.003765567189114605
2026-0809-07-02-06-01,15,2023104922,バンブラボー,0.011092649300387112,2,13,0,1,0.003765567189114605,0.0005296874797209236
2026-0809-07-02-06-01,16,2023102190,ニテンイチリュウ,0.010562961820666189,2,13,0,1,0.0005296874797209236,0
2026-0809-07-02-06-02,1,2024106661,ガリアルダ,0.10971093484474069,1,9,1,0,0,0.0
2026-0809-07-02-06-02,2,2024106355,レニュアージュ,0.10971093484474069,1,9,0,0,0.0,0.0
2026-0809-07-02-06-02,3,2024105976,リアンフィニ,0.10971093484474069,1,9,0,0,0.0,0.0
2026-0809-07-02-06-02,4,2024104028,ビップルーチェ,0.10971093484474069,1,9,0,0,0.0,0.0
2026-0809-07-02-06-02,5,2024105997,ピュアノーブル,0.10971093484474069,1,9,0,0,0.0,0.0
2026-0809-07-02-06-02,6,2024107238,ウィンザーローズ,0.10971093484474069,1,9,0,0,0.0,0.0
2026-0809-07-02-06-02,7,2024104727,ミリオンカラー,0.10971093484474069,1,9,0,0,0.0,0.0
2026-0809-07-02-06-02,8,2024104008,ジュエルシップ,0.10971093484474069,1,9,0,0,0.0,0.0
2026-0809-07-02-06-02,9,2024103582,ノンヴェドローラ,0.10971093484474069,1,9,0,0,0.0,0
2026-0809-07-02-06-03,1,2024102103,コパノマハロ,0.11843492100033122,1,8,1,0,0,0.0
2026-0809-07-02-06-03,2,2024107009,ショウナンバトレニ,0.11843492100033122,1,8,0,0,0.0,0.0
2026-0809-07-02-06-03,3,2024100126,ドリームオブコージ,0.11843492100033122,1,8,0,0,0.0,0.0
2026-0809-07-02-06-03,4,2024105941,ダンスコマンド,0.11843492100033122,1,8,0,0,0.0,0.0
2026-0809-07-02-06-03,5,2024100601,ディープナイト,0.11843492100033122,1,8,0,0,0.0,0.0
2026-0809-07-02-06-03,6,2024106649,ドラゴンバルド,0.11843492100033122,1,8,0,0,0.0,0.0
2026-0809-07-02-06-03,7,2024105806,ソウカイファンキー,0.11843492100033122,1,8,0,0,0.0,0.0
2026-0809-07-02-06-03,8,2024104835,リリーギャラクシー,0.11843492100033122,1,8,0,0,0.0,0
2026-0809-07-02-06-04,1,2023105508,エイシンリブウェル,0.3111923556559425,1,1,1,0,0,0.04434558814074746
2026-0809-07-02-06-04,2,2023105683,アラムシャピラス,0.26684676751519504,2,2,0,1,0.04434558814074746,0.008844401388705125
2026-0809-07-02-06-04,3,2023100371,スパルタンエックス,0.2580023661264899,2,2,0,1,0.008844401388705125,0.13324792774472516
2026-0809-07-02-06-04,4,2023102245,メイショウヒタカミ,0.12475443838176474,3,1,0,0,0.13324792774472516,0.05059340349260591
2026-0809-07-02-06-04,5,2023100969,タイセイゼスティ,0.07416103488915883,4,12,0,0,0.05059340349260591,0.010800162707954614
2026-0809-07-02-06-04,6,2023105340,レッドフレーザー,0.06336087218120422,4,12,0,0,0.010800162707954614,0.000396510153848173
2026-0809-07-02-06-04,7,2023102092,ジーティーピカソ,0.06296436202735604,4,12,0,0,0.000396510153848173,0.018130235715366885
2026-0809-07-02-06-04,8,2023101990,グランセンチュリ,0.04483412631198916,4,12,0,0,0.018130235715366885,0.0005977346637152381
2026-0809-07-02-06-04,9,2023106022,ビーウィナー,0.04423639164827392,4,12,0,0,0.0005977346637152381,0.0011076066698445589
2026-0809-07-02-06-04,10,2023100020,アイゼンハイム,0.04312878497842936,4,12,0,0,0.0011076066698445589,0.015929443802454802
2026-0809-07-02-06-04,11,2023100902,サンライズフリード,0.02719934117597456,4,12,0,0,0.015929443802454802,0.001701606216907986
2026-0809-07-02-06-04,12,2023106078,ハオカノア,0.025497734959066574,4,12,0,0,0.001701606216907986,0.004100292438358771
2026-0809-07-02-06-04,13,2023103098,ピースビート,0.021397442520707802,4,12,0,0,0.004100292438358771,0.0056090233406273435
2026-0809-07-02-06-04,14,2023106908,アルヴァルディ,0.01578841918008046,4,12,0,0,0.0056090233406273435,0.0026694696709638963
2026-0809-07-02-06-04,15,2023105699,リリークリスタル,0.013118949509116563,4,12,0,0,0.0026694696709638963,0.00464080814912898
2026-0809-07-02-06-04,16,2023103406,サクライロマウコロ,0.008478141359987583,4,12,0,0,0.00464080814912898,0
2026-0809-07-02-06-05,1,2023102045,バトルアックス,0.145852461715697,1,2,1,0,0,0.006522401582723103
2026-0809-07-02-06-05,2,2023104876,ペプチドレオン,0.1393300601329739,1,2,0,0,0.006522401582723103,0.04474173367071564
2026-0809-07-02-06-05,3,2020103314,カレンパンピナップ,0.09458832646225825,2,14,0,1,0.04474173367071564,0.010410591831734081
2026-0809-07-02-06-05,4,2023103399,オンザノアール,0.08417773463052416,2,14,0,1,0.010410591831734081,0.022000903140238594
2026-0809-07-02-06-05,5,2023105291,サリカリーフォリア,0.06217683149028557,2,14,0,1,0.022000903140238594,0.0018593949041589772
2026-0809-07-02-06-05,6,2023103325,リアライズブライト,0.060317436586126594,2,14,0,1,0.0018593949041589772,0.0012814002815060982
2026-0809-07-02-06-05,7,2023105677,ツァレヴナ,0.059036036304620496,2,14,0,1,0.0012814002815060982,0.008171439149007517
2026-0809-07-02-06-05,8,2023101405,カクウチ,0.05086459715561298,2,14,0,1,0.008171439149007517,0.008054533078457084
2026-0809-07-02-06-05,9,2023102767,ルクスポップスター,0.042810064077155895,2,14,0,1,0.008054533078457084,0.008524256564567331
2026-0809-07-02-06-05,10,2021104242,ショウナンラウール,0.03428580751258856,2,14,0,1,0.008524256564567331,0.00022027337927172513
2026-0809-07-02-06-05,11,2020102910,ハイクライテリア,0.03406553413331684,2,14,0,1,0.00022027337927172513,0.004316552434147556
2026-0809-07-02-06-05,12,2023106874,ジャスティンルマン,0.029748981699169282,2,14,0,1,0.004316552434147556,0.0032409629391056197
2026-0809-07-02-06-05,13,2021105993,マテンロウミラクル,0.026508018760063663,2,14,0,1,0.0032409629391056197,0.001195930165850366
2026-0809-07-02-06-05,14,2022107248,ルシャリオ,0.025312088594213297,2,14,0,1,0.001195930165850366,0.010568747796313614
2026-0809-07-02-06-05,15,2022100027,ロイヤルテール,0.014743340797899683,2,14,0,1,0.010568747796313614,0.0030561016709624595
2026-0809-07-02-06-05,16,2022105689,ヴァリアントマーチ,0.011687239126937223,2,14,0,1,0.0030561016709624595,0
2026-0809-07-02-06-06,1,2023106283,マイバレンタイン,0.24691220070093034,1,2,1,0,0,0.024196496191060485
2026-0809-07-02-06-06,2,2021105585,カリーニョ,0.22271570450986986,1,2,0,0,0.024196496191060485,0.044147317229209504
2026-0809-07-02-06-06,3,2023100553,カレントゥルーシー,0.17856838728066035,2,2,0,1,0.044147317229209504,0.007462854172567812
2026-0809-07-02-06-06,4,2023105380,サトノアイボリー,0.17110553310809254,2,2,0,1,0.007462854172567812,0.0920872155304683
2026-0809-07-02-06-06,5,2020103647,ダイヤモンドハンズ,0.07901831757762424,3,2,0,0,0.0920872155304683,0.02146771807291889
2026-0809-07-02-06-06,6,2019100606,ヤマニンループ,0.057550599504705355,3,2,0,0,0.02146771807291889,0.045273634034695566
2026-0809-07-02-06-06,7,2021105867,ショウナンハウル,0.01227696547000979,4,1,0,0,0.045273634034695566,0
2026-0809-07-02-06-07,1,2023103162,タマモイカロス,0.1792409520718953,1,18,1,0,0,0.004033765625569979
2026-0809-07-02-06-07,2,2023107020,サンアントワーヌ,0.17520718644632532,1,18,0,0,0.004033765625569979,0.0163143964050442
2026-0809-07-02-06-07,3,2022103066,レイピア,0.15889279004128112,1,18,0,0,0.0163143964050442,0.04002953765667837
2026-0809-07-02-06-07,4,2022104933,ディアナザール,0.11886325238460275,1,18,0,0,0.04002953765667837,0.028924624407514393
2026-0809-07-02-06-07,5,2021103932,ジェニファー,0.08993862797708836,1,18,0,0,0.028924624407514393,0.025779760521273662
2026-0809-07-02-06-07,6,2021101598,アンクルクロス,0.0641588674558147,1,18,0,0,0.025779760521273662,0.00010940682804533308
2026-0809-07-02-06-07,7,2021105880,レッドエヴァンス,0.06404946062776937,1,18,0,0,0.00010940682804533308,0.0015201019267740284
2026-0809-07-02-06-07,8,2022110026,コウセキ,0.06252935870099534,1,18,0,0,0.0015201019267740284,0.003233440467138797
2026-0809-07-02-06-07,9,2022106394,クラスペディア,0.05929591823385654,1,18,0,0,0.003233440467138797,0.000761560700493831
2026-0809-07-02-06-07,10,2021110164,インビンシブルパパ,0.05853435753336271,1,18,0,0,0.000761560700493831,0.014026564206823869
2026-0809-07-02-06-07,11,2021107063,イツモニコニコ,0.04450779332653884,1,18,0,0,0.014026564206823869,0.0012653802709591128
2026-0809-07-02-06-07,12,2021103092,ナムラローズマリー,0.04324241305557973,1,18,0,0,0.0012653802709591128,5.0173431434055726e-05
2026-0809-07-02-06-07,13,2022101623,アブキールベイ,0.04319223962414567,1,18,0,0,5.0173431434055726e-05,0.0003812005887481665
2026-0809-07-02-06-07,14,2021101924,フィオライア,0.042811039035397506,1,18,0,0,0.0003812005887481665,0.014504431594002682
2026-0809-07-02-06-07,15,2020105400,タマモブラックタイ,0.028306607441394824,1,18,0,0,0.014504431594002682,0.009333909338326021
2026-0809-07-02-06-07,16,2020110133,フロムダスク,0.018972698103068803,1,18,0,0,0.009333909338326021,0.0010606465278650556
2026-0809-07-02-06-07,17,2019103605,ペプチドヤマト,0.017912051575203747,1,18,0,0,0.0010606465278650556,0.00553227669158439
2026-0809-07-02-06-07,18,2020103325,プロトポロス,0.012379774883619358,1,18,0,0,0.00553227669158439,0
2026-0809-07-02-06-08,1,2023107082,リベッチオ,0.1328133670357912,1,11,1,0,0,0.028760577846747945
2026-0809-07-02-06-08,2,2022110123,クロノスバレット,0.10405278918904325,1,11,0,0,0.028760577846747945,0.03146138394893962
2026-0809-07-02-06-08,3,2022105791,ブルックリンダンス,0.07259140524010363,1,11,0,0,0.03146138394893962,0.0031331932369399185
2026-0809-07-02-06-08,4,2023103628,ケイツーリーブル,0.06945821200316371,1,11,0,0,0.0031331932369399185,0.0077154908190721835
2026-0809-07-02-06-08,5,2021104295,トモジャザーン,0.06174272118409153,1,11,0,0,0.0077154908190721835,0.018891264215141673
2026-0809-07-02-06-08,6,2022102260,ジェシーテソーロ,0.042851456968949854,1,11,0,0,0.018891264215141673,0.0009557945799112191
2026-0809-07-02-06-08,7,2020104561,タイガースパーク,0.041895662389038635,1,11,0,0,0.0009557945799112191,0.0037225359011542197
2026-0809-07-02-06-08,8,2021106164,キングオブフジ,0.038173126487884415,1,11,0,0,0.0037225359011542197,0.0013994536285126813
2026-0809-07-02-06-08,9,2021103821,ハイディージェン,0.036773672859371734,1,11,0,0,0.0013994536285126813,0.012173960211834482
2026-0809-07-02-06-08,10,2020106101,シュヴァルツリーベ,0.024599712647537252,1,11,0,0,0.012173960211834482,0.016263281543256757
2026-0809-07-02-06-08,11,2020106491,メイショウジェンマ,0.008336431104280497,1,11,0,0,0.016263281543256757,0
2026-0809-07-02-06-09,1,2022103255,メイショウソウセキ,0.21944631671577428,1,1,1,0,0,0.12084740222905026
2026-0809-07-02-06-09,2,2019105824,アレナリア,0.09859891448672402,2,12,0,1,0.12084740222905026,0.00268541906295984
2026-0809-07-02-06-09,3,2019104675,アップストローク,0.09591349542376418,2,12,0,1,0.00268541906295984,0.013033784747083776
2026-0809-07-02-06-09,4,2020104005,アナザーエース,0.0828797106766804,2,12,0,1,0.013033784747083776,0.03514236431333831
2026-0809-07-02-06-09,5,2022105072,ナヴァラトゥナ,0.04773734636334209,2,12,0,1,0.03514236431333831,0.006143658141497241
2026-0809-07-02-06-09,6,2020102013,オリンポスカズマ,0.04159368822184485,2,12,0,1,0.006143658141497241,0.010789026212555633
2026-0809-07-02-06-09,7,2022101587,クリアクォーツ,0.03080466200928922,2,12,0,1,0.010789026212555633,0.006058541132448615
2026-0809-07-02-06-09,8,2022106544,ナスノソナタ,0.024746120876840604,2,12,0,1,0.006058541132448615,0.001586995432020552
2026-0809-07-02-06-09,9,2022100548,ヴィーデ,0.02315912544482005,2,12,0,1,0.001586995432020552,0.002329788514586203
2026-0809-07-02-06-09,10,2021102336,ヨシノヤッタルデー,0.02082933693023385,2,12,0,1,0.002329788514586203,0.00027777731282368004
2026-0809-07-02-06-09,11,2021104105,ルクスマーベリック,0.02055155961741017,2,12,0,1,0.00027777731282368004,0.006445801406490283
2026-0809-07-02-06-09,12,2020106585,ヴォンヌヴォー,0.014105758210919885,2,12,0,1,0.006445801406490283,0.006951565265354172
2026-0809-07-02-06-09,13,2023103189,スラッシュ,0.007154192945565714,2,12,0,1,0.006951565265354172,0
2026-0809-07-02-06-10,1,2023102131,ラヴネヴァーダイズ,0.15279546443003783,1,2,1,0,0,0.03210701102333399
2026-0809-07-02-06-10,2,2023101810,ヴォンドゥ,0.12068845340670384,1,2,0,0,0.03210701102333399,0.0452268688275798
2026-0809-07-02-06-10,3,2020104913,グランデスフィーダ,0.07546158457912404,2,14,0,1,0.0452268688275798,0.0020210150391333503
2026-0809-07-02-06-10,4,2023104408,ナウオアネヴァー,0.07344056953999069,2,14,0,1,0.0020210150391333503,0.009111257718794064
2026-0809-07-02-06-10,5,2023106284,リーグナイト,0.06432931182119662,2,14,0,1,0.009111257718794064,0.004107801656997534
2026-0809-07-02-06-10,6,2022110104,アメリカンビヨンド,0.06022151016419909,2,14,0,1,0.004107801656997534,0.01776162224950449
2026-0809-07-02-06-10,7,2022101117,アイファーモービル,0.0424598879146946,2,14,0,1,0.01776162224950449,0.0017052967672651909
2026-0809-07-02-06-10,8,2023110062,プールナバドラ,0.04075459114742941,2,14,0,1,0.0017052967672651909,0.0007108874905916579
2026-0809-07-02-06-10,9,2023105140,サヨノパララックス,0.04004370365683775,2,14,0,1,0.0007108874905916579,0.008243263755415765
2026-0809-07-02-06-10,10,2022100458,シンギタイ,0.031800439901421985,2,14,0,1,0.008243263755415765,0.001906885105268298
2026-0809-07-02-06-10,11,2022102003,スレッドザニードル,0.029893554796153687,2,14,0,1,0.001906885105268298,0.0018171359875199314
2026-0809-07-02-06-10,12,2022104448,ガビーズブラザー,0.028076418808633756,2,14,0,1,0.0018171359875199314,0.0068754054123526705
2026-0809-07-02-06-10,13,2022104944,シュネーグロッケン,0.021201013396281086,2,14,0,1,0.0068754054123526705,0.0037439891835610757
2026-0809-07-02-06-10,14,2022105077,ワイルドブッター,0.01745702421272001,2,14,0,1,0.0037439891835610757,0.0005552535046079998
2026-0809-07-02-06-10,15,2021110063,メイプルギャング,0.01690177070811201,2,14,0,1,0.0005552535046079998,0.001358301615957274
2026-0809-07-02-06-10,16,2022105748,リードプリンシパル,0.015543469092154736,2,14,0,1,0.001358301615957274,0
2026-0809-07-02-06-11,1,2023103836,フロムレイブン,0.1883536832987772,1,1,1,0,0,0.0458943688225224
2026-0809-07-02-06-11,2,2023107545,ウェルカムソング,0.1424593144762548,2,16,0,1,0.0458943688225224,0.018190910063603377
2026-0809-07-02-06-11,3,2023101632,マーゴットミスト,0.12426840441265141,2,16,0,1,0.018190910063603377,0.02755838174471277
2026-0809-07-02-06-11,4,2023109117,カラクニダケ,0.09671002266793864,2,16,0,1,0.02755838174471277,0.006139556122972303
2026-0809-07-02-06-11,5,2022103729,セクシーマージュ,0.09057046654496634,2,16,0,1,0.006139556122972303,0.004920278948212828
2026-0809-07-02-06-11,6,2022105921,アーリントンロウ,0.08565018759675351,2,16,0,1,0.004920278948212828,0.008237747057742217
2026-0809-07-02-06-11,7,2023104358,ヤマニンフェイエル,0.07741244053901129,2,16,0,1,0.008237747057742217,5.1132750777102554e-05
2026-0809-07-02-06-11,8,2021105484,ベランジェール,0.07736130778823419,2,16,0,1,5.1132750777102554e-05,0.005953134301064575
2026-0809-07-02-06-11,9,2022104901,モルティフレーバー,0.07140817348716962,2,16,0,1,0.005953134301064575,0.02067391775989621
2026-0809-07-02-06-11,10,2021103901,マーシーラン,0.05073425572727341,2,16,0,1,0.02067391775989621,0.012095630100698668
2026-0809-07-02-06-11,11,2022103750,スピリットライズ,0.03863862562657474,2,16,0,1,0.012095630100698668,0.00475352549735291
2026-0809-07-02-06-11,12,2021105862,フェリーニ,0.03388510012922183,2,16,0,1,0.00475352549735291,0.0005303179621848342
2026-0809-07-02-06-11,13,2022104648,フランクスピード,0.033354782167036995,2,16,0,1,0.0005303179621848342,0.004456038701093467
2026-0809-07-02-06-11,14,2022104501,パリコレジェンヌ,0.028898743465943528,2,16,0,1,0.004456038701093467,0.004603502963064696
2026-0809-07-02-06-11,15,2020103261,アウクソー,0.02429524050287883,2,16,0,1,0.004603502963064696,0.006651738988337059
2026-0809-07-02-06-11,16,2022102445,トウカイフルーレ,0.017643501514541773,2,16,0,1,0.006651738988337059,0.005875933905479207
2026-0809-07-02-06-11,17,2023102479,パレットフレイバー,0.011767567609062566,2,16,0,1,0.005875933905479207,0
2026-0809-07-02-06-12,1,2023106188,ビッグヒーロー,0.31983565290951843,1,1,1,0,0,0.10093779266815683
2026-0809-07-02-06-12,2,2023102357,ブランチアウト,0.2188978602413616,2,1,0,1,0.10093779266815683,0.08031554575831115
2026-0809-07-02-06-12,3,2023106943,レインボーステート,0.13858231448305044,3,13,0,0,0.08031554575831115,0.020650788597862457
2026-0809-07-02-06-12,4,2023103639,ネッカーズルム,0.11793152588518799,3,13,0,0,0.020650788597862457,0.010680308276724712
2026-0809-07-02-06-12,5,2023103397,カステッロトゥーレ,0.10725121760846328,3,13,0,0,0.010680308276724712,0.02575506828490297
2026-0809-07-02-06-12,6,2023107253,ビシェノ,0.08149614932356031,3,13,0,0,0.02575506828490297,0.021056833734824566
2026-0809-07-02-06-12,7,2023100998,ローズラフィネ,0.06043931558873574,3,13,0,0,0.021056833734824566,0.009990090537666987
2026-0809-07-02-06-12,8,2023103535,プリュスエクラ,0.050449225051068754,3,13,0,0,0.009990090537666987,0.001285338647144585
2026-0809-07-02-06-12,9,2023103605,ルージュソムニウム,0.04916388640392417,3,13,0,0,0.001285338647144585,0.01728263994726581
2026-0809-07-02-06-12,10,2023102421,ヴェネラブル,0.03188124645665836,3,13,0,0,0.01728263994726581,0.0019173220496409606
2026-0809-07-02-06-12,11,2023100823,ジーティーウタマロ,0.0299639244070174,3,13,0,0,0.0019173220496409606,0.0009428607117561542
2026-0809-07-02-06-12,12,2023102878,リノルアナ,0.029021063695261244,3,13,0,0,0.0009428607117561542,0.0036728217651054162
2026-0809-07-02-06-12,13,2023101866,ウォータールスール,0.025348241930155828,3,13,0,0,0.0036728217651054162,0.0007753624645024139
2026-0809-07-02-06-12,14,2023110077,エングルマン,0.024572879465653414,3,13,0,0,0.0007753624645024139,0.011821187810856434
2026-0809-07-02-06-12,15,2023102137,スズノボンライミー,0.01275169165479698,3,13,0,0,0.011821187810856434,0
