date,race_id,horse_id,horse_name,actual_rank,target,odds,win_odds,popularity,ranker_score,ranker_win_probability,prediction_rank,win_payout,model_train_end_date,evaluation_mode
2026-07-11,2026-0711-02-01-09-07,2023103820,ターンザテーブルス,7,0,25.0,2.5,1,0.5957671653452111,0.2378240905845252,1,0.0,2026-06-30,monthly_walk_forward
2026-07-11,2026-0711-02-01-09-07,2022105078,ミッキーマドンナ,13,0,44.0,4.400000095367432,2,0.2981226976811374,0.1554501191241935,2,0.0,2026-06-30,monthly_walk_forward
2026-07-11,2026-0711-02-01-09-07,2023104487,アイドクレース,2,0,77.0,7.699999809265137,5,0.231464014495655,0.1413300892043899,3,0.0,2026-06-30,monthly_walk_forward
2026-07-11,2026-0711-02-01-09-07,2023103766,タイムレスキス,9,0,67.0,6.699999809265137,4,0.0015979651678093,0.1017702826040492,4,0.0,2026-06-30,monthly_walk_forward
2026-07-11,2026-0711-02-01-09-07,2023105222,クシマトゥルー,14,0,320.0,32.0,8,-0.1490427512337879,0.0820654515618351,5,0.0,2026-06-30,monthly_walk_forward
2026-07-11,2026-0711-02-01-09-07,2023106226,ナムラヒナギク,3,0,206.0,20.600000381469727,7,-0.2706006576855317,0.0689831979231927,6,0.0,2026-06-30,monthly_walk_forward
2026-07-11,2026-0711-02-01-09-07,2023106829,ベアサナエチャン,4,0,194.0,19.399999618530273,6,-0.3318948939931053,0.0631997137493207,7,0.0,2026-06-30,monthly_walk_forward
2026-07-11,2026-0711-02-01-09-07,2023105420,ナイスプレーアスク,1,1,58.0,5.800000190734863,3,-0.4529650592331813,0.0531619222525206,8,580.0,2026-06-30,monthly_walk_forward
2026-07-11,2026-0711-02-01-09-07,2023102475,コスモレッド,5,0,622.0,62.20000076293945,9,-0.841182520106636,0.030531105618849,9,0.0,2026-06-30,monthly_walk_forward
2026-07-11,2026-0711-02-01-09-07,2019106416,キセキノエンジェル,11,0,1642.0,164.1999969482422,12,-1.200779408296226,0.0182659045006436,10,0.0,2026-06-30,monthly_walk_forward
2026-07-11,2026-0711-02-01-09-07,2022103063,ルージュスティーズ,6,0,663.0,66.30000305175781,10,-1.2708745830516348,0.016525426851617,11,0.0,2026-06-30,monthly_walk_forward
2026-07-11,2026-0711-02-01-09-07,2021101725,リリーズブルーム,7,0,977.0,97.6999969482422,11,-1.3334983095977109,0.0151112235558387,12,0.0,2026-06-30,monthly_walk_forward
2026-07-11,2026-0711-02-01-09-07,2021104931,ルージュカエラ,10,0,2198.0,219.8000030517578,13,-1.4947732350873035,0.0120016603038074,13,0.0,2026-06-30,monthly_walk_forward
2026-07-11,2026-0711-02-01-09-07,2022104870,フクシマコウヨウ,12,0,3267.0,326.70001220703125,14,-2.303532712636196,0.0037798121652168,14,0.0,2026-06-30,monthly_walk_forward
2026-07-11,2026-0711-02-01-09-08,2022101445,マテンロウカナロア,4,0,33.0,3.299999952316284,1,-0.6957810474703832,0.147606624000338,1,0.0,2026-06-30,monthly_walk_forward
2026-07-11,2026-0711-02-01-09-08,2023104103,パラダイスフェイス,3,0,33.0,3.299999952316284,2,-0.6993536646544752,0.1468551975145836,2,0.0,2026-06-30,monthly_walk_forward
2026-07-11,2026-0711-02-01-09-08,2023100463,ナムラハリス,7,0,187.0,18.700000762939453,7,-0.7184755231402992,0.1428978600522522,3,0.0,2026-06-30,monthly_walk_forward
2026-07-11,2026-0711-02-01-09-08,2023100655,タイセイモノリス,9,0,149.0,14.899999618530272,6,-0.7460093993536695,0.1373862086199997,4,0.0,2026-06-30,monthly_walk_forward
2026-07-11,2026-0711-02-01-09-08,2022104259,アイファーシャドー,1,1,100.0,10.0,5,-0.8104603977189551,0.1253015392067057,5,1000.0,2026-06-30,monthly_walk_forward
2026-07-11,2026-0711-02-01-09-08,2023102706,レイサンソク,11,0,255.0,25.5,8,-1.2202295785429502,0.0697793835805285,6,0.0,2026-06-30,monthly_walk_forward
2026-07-11,2026-0711-02-01-09-08,2023102019,テイクオンミー,2,0,44.0,4.400000095367432,3,-1.366287921547849,0.056638208893511,7,0.0,2026-06-30,monthly_walk_forward
2026-07-11,2026-0711-02-01-09-08,2022104890,エンダードラゴン,5,0,78.0,7.800000190734863,4,-1.3731972955223175,0.0560819095154058,8,0.0,2026-06-30,monthly_walk_forward
2026-07-11,2026-0711-02-01-09-08,2021106070,ブリスフル,6,0,745.0,74.5,10,-1.5808271635637134,0.0416874112522246,9,0.0,2026-06-30,monthly_walk_forward
2026-07-11,2026-0711-02-01-09-08,2019103592,ベイビールビオ,10,0,1219.0,121.9000015258789,11,-1.8106900143545448,0.0300187952452142,10,0.0,2026-06-30,monthly_walk_forward
2026-07-11,2026-0711-02-01-09-08,2021109088,アルニラム,8,0,1893.0,189.3000030517578,12,-1.8144652926188625,0.0298573320352518,11,0.0,2026-06-30,monthly_walk_forward
2026-07-11,2026-0711-02-01-09-08,2023101481,シビックアスコット,12,0,704.0,70.4000015258789,9,-2.256004314985829,0.0158895300839843,12,0.0,2026-06-30,monthly_walk_forward
2026-07-11,2026-0711-02-01-09-09,2023102091,クリスレジーナ,9,0,20.0,2.0,1,0.82803972737559,0.4646343284763297,1,0.0,2026-06-30,monthly_walk_forward
2026-07-11,2026-0711-02-01-09-09,2023106866,サイン,5,0,40.0,4.0,2,-0.1811402523190339,0.1098993580934655,2,0.0,2026-06-30,monthly_walk_forward
2026-07-11,2026-0711-02-01-09-09,2022104724,ハルフロンティア,1,1,187.0,18.700000762939453,8,-0.3717763217336758,0.083699062653333,3,1870.0,2026-06-30,monthly_walk_forward
2026-07-11,2026-0711-02-01-09-09,2023105993,エトワールブーケ,3,0,137.0,13.699999809265137,6,-0.4081671392855386,0.0794589786233073,4,0.0,2026-06-30,monthly_walk_forward
2026-07-11,2026-0711-02-01-09-09,2022104598,ドルチェリターン,8,0,73.0,7.300000190734863,3,-0.4110541606769068,0.0791319395346,5,0.0,2026-06-30,monthly_walk_forward
2026-07-11,2026-0711-02-01-09-09,2022105525,モルビド,6,0,126.0,12.600000381469728,5,-0.4671605639601251,0.0730368841129003,6,0.0,2026-06-30,monthly_walk_forward
2026-07-11,2026-0711-02-01-09-09,2021103520,デルシエロ,2,0,87.0,8.699999809265137,4,-0.4850759914972781,0.0711913347069195,7,0.0,2026-06-30,monthly_walk_forward
2026-07-11,2026-0711-02-01-09-09,2023103986,メイショウソラリス,7,0,179.0,17.899999618530273,7,-1.3095116493186276,0.0219245251916327,8,0.0,2026-06-30,monthly_walk_forward
2026-07-11,2026-0711-02-01-09-09,2019100907,ゼアズノープレイス,10,0,3033.0,303.29998779296875,10,-1.909654999944349,0.0093022679707126,9,0.0,2026-06-30,monthly_walk_forward
2026-07-11,2026-0711-02-01-09-09,2022103222,エオアリイ,4,0,1034.0,103.4000015258789,9,-2.0400459752726627,0.0077213206367988,10,0.0,2026-06-30,monthly_walk_forward
2026-07-11,2026-0711-02-01-09-10,2023110100,アスクケンタッキー,1,1,32.0,3.200000047683716,2,-0.1121704473773879,0.1368705680019896,1,320.0,2026-06-30,monthly_walk_forward
2026-07-11,2026-0711-02-01-09-10,2021101595,ヴィヴァクラウン,7,0,68.0,6.800000190734863,3,-0.1579539525675061,0.1282050214681649,2,0.0,2026-06-30,monthly_walk_forward
2026-07-11,2026-0711-02-01-09-10,2023103293,ラスティングスノー,10,0,165.0,16.5,6,-0.2023505713023073,0.1203262702174517,3,0.0,2026-06-30,monthly_walk_forward
2026-07-11,2026-0711-02-01-09-10,2022106513,キーガッツ,11,0,162.0,16.200000762939453,5,-0.2214055796077899,0.1170949953288461,4,0.0,2026-06-30,monthly_walk_forward
2026-07-11,2026-0711-02-01-09-10,2021110165,ピコアーガイル,2,0,25.0,2.5,1,-0.2525446186010639,0.1120002596765294,5,0.0,2026-06-30,monthly_walk_forward
2026-07-11,2026-0711-02-01-09-10,2021100365,トウカイエルデ,5,0,82.0,8.199999809265137,4,-0.4368649605793246,0.0860721945476065,6,0.0,2026-06-30,monthly_walk_forward
2026-07-11,2026-0711-02-01-09-10,2022103527,ライツユーアップ,4,0,252.0,25.200000762939453,7,-0.6230770489755397,0.0659679584715867,7,0.0,2026-06-30,monthly_walk_forward
2026-07-11,2026-0711-02-01-09-10,2022101464,レイユール,9,0,312.0,31.200000762939453,8,-0.8277146486314935,0.0492460774302953,8,0.0,2026-06-30,monthly_walk_forward
2026-07-11,2026-0711-02-01-09-10,2022103556,キープサインオン,3,0,458.0,45.79999923706055,9,-0.8922436396156863,0.0449093244880189,9,0.0,2026-06-30,monthly_walk_forward
2026-07-11,2026-0711-02-01-09-10,2022100933,エルサトアナ,12,0,509.0,50.900001525878906,11,-0.9792535179505212,0.0396600990010802,10,0.0,2026-06-30,monthly_walk_forward
2026-07-11,2026-0711-02-01-09-10,2021103242,ジーベック,8,0,473.0,47.29999923706055,10,-1.043925022174113,0.0361601526184145,11,0.0,2026-06-30,monthly_walk_forward
2026-07-11,2026-0711-02-01-09-10,2022105443,モレポブラーノ,14,0,842.0,84.19999694824219,12,-1.3027232540196163,0.0249842592452475,12,0.0,2026-06-30,monthly_walk_forward
2026-07-11,2026-0711-02-01-09-10,2021104217,ムチャスグラシアス,6,0,1381.0,138.10000610351562,14,-1.4523846420306965,0.0201749959518622,13,0.0,2026-06-30,monthly_walk_forward
2026-07-11,2026-0711-02-01-09-10,2022102995,フレッシュラン,13,0,1149.0,114.9000015258789,13,-1.5196012289419736,0.0183278235529058,14,0.0,2026-06-30,monthly_walk_forward
2026-07-11,2026-0711-02-01-09-11,2022101230,インパクトシー,7,0,35.0,3.5,1,0.9757020051112048,0.2362629960099573,1,0.0,2026-06-30,monthly_walk_forward
2026-07-11,2026-0711-02-01-09-11,2022104145,インヴォーグ,6,0,51.0,5.099999904632568,4,0.8560002035860945,0.1991270375747743,2,0.0,2026-06-30,monthly_walk_forward
2026-07-11,2026-0711-02-01-09-11,2022102982,ダンツファイター,2,0,48.0,4.800000190734863,3,0.8031526294840233,0.1846471056504486,3,0.0,2026-06-30,monthly_walk_forward
2026-07-11,2026-0711-02-01-09-11,2021106193,ウイントレメンデス,9,0,119.0,11.899999618530272,6,0.2055354053505852,0.0786264042352423,4,0.0,2026-06-30,monthly_walk_forward
2026-07-11,2026-0711-02-01-09-11,2021101485,カテリーナ,1,1,45.0,4.5,2,0.0789515087511802,0.0656195347057622,5,450.0,2026-06-30,monthly_walk_forward
2026-07-11,2026-0711-02-01-09-11,2020103354,アイスグリーン,3,0,471.0,47.099998474121094,8,-0.0259817954631407,0.056484638513232,6,0.0,2026-06-30,monthly_walk_forward
2026-07-11,2026-0711-02-01-09-11,2022105777,ドゥカート,12,0,614.0,61.400001525878906,10,-0.1148495347268616,0.0497502158968121,7,0.0,2026-06-30,monthly_walk_forward
2026-07-11,2026-0711-02-01-09-11,2022103245,ミッキージュエリー,10,0,84.0,8.399999618530273,5,-0.2222215592241848,0.0426755517112728,8,0.0,2026-06-30,monthly_walk_forward
2026-07-11,2026-0711-02-01-09-11,2022105801,ショウナンサムデイ,4,0,184.0,18.399999618530273,7,-0.4377297834463689,0.0313670288639127,9,0.0,2026-06-30,monthly_walk_forward
2026-07-11,2026-0711-02-01-09-11,2019105462,ソリダリティ,13,0,734.0,73.4000015258789,11,-0.6754674200928084,0.0223344897637715,10,0.0,2026-06-30,monthly_walk_forward
2026-07-11,2026-0711-02-01-09-11,2021105412,ウィープディライト,8,0,772.0,77.19999694824219,12,-0.9042891918848186,0.0161068373897671,11,0.0,2026-06-30,monthly_walk_forward
2026-07-11,2026-0711-02-01-09-11,2021102256,ノーブルスカイ,11,0,778.0,77.80000305175781,13,-1.3185610289227954,0.0089122519564365,12,0.0,2026-06-30,monthly_walk_forward
2026-07-11,2026-0711-02-01-09-11,2020106966,ピンクジン,5,0,597.0,59.70000076293945,9,-1.3866739650570967,0.00808590772861,13,0.0,2026-06-30,monthly_walk_forward
2026-07-11,2026-0711-02-01-09-12,2023100095,ビップムーラン,1,1,15.0,1.5,1,0.0574059883100834,0.5682381588565717,1,150.0,2026-06-30,monthly_walk_forward
2026-07-11,2026-0711-02-01-09-12,2022103306,ワイドデコラシオン,2,0,44.0,4.400000095367432,2,-1.0754218008551746,0.1126420634824031,2,0.0,2026-06-30,monthly_walk_forward
2026-07-11,2026-0711-02-01-09-12,2023100533,タイセイブルーム,5,0,91.0,9.100000381469728,3,-1.2352812369840076,0.0896438491826935,3,0.0,2026-06-30,monthly_walk_forward
2026-07-11,2026-0711-02-01-09-12,2023105616,テーオーナタリー,6,0,125.0,12.5,5,-1.352341362018988,0.0758392401228413,4,0.0,2026-06-30,monthly_walk_forward
2026-07-11,2026-0711-02-01-09-12,2021102550,メイショウハッブル,4,0,277.0,27.700000762939453,6,-1.5262970095127053,0.0591518443344307,5,0.0,2026-06-30,monthly_walk_forward
2026-07-11,2026-0711-02-01-09-12,2021101891,スパークルジョイ,8,0,103.0,10.300000190734863,4,-1.7607145095135537,0.0423185543803767,6,0.0,2026-06-30,monthly_walk_forward
2026-07-11,2026-0711-02-01-09-12,2021110162,ジュウオウ,7,0,514.0,51.400001525878906,8,-2.0167232992467317,0.0293560537377912,7,0.0,2026-06-30,monthly_walk_forward
2026-07-11,2026-0711-02-01-09-12,2022110062,レネネト,3,0,281.0,28.100000381469727,7,-2.193325884085069,0.0228102359028915,8,0.0,2026-06-30,monthly_walk_forward
2026-07-11,2026-0711-03-02-05-01,2018102917,ネイチャーシップ,8,0,34.0,3.4000000953674316,2,0.5508728555254154,0.500834901474105,1,0.0,2026-06-30,monthly_walk_forward
2026-07-11,2026-0711-03-02-05-01,2021102973,トゥラッタッタ,2,0,20.0,2.0,1,-0.1678305400442622,0.1793891327519667,2,0.0,2026-06-30,monthly_walk_forward
2026-07-11,2026-0711-03-02-05-01,2020103193,シャンデルナゴル,1,1,74.0,7.400000095367432,3,-0.3682433180995918,0.1347273900159311,3,740.0,2026-06-30,monthly_walk_forward
2026-07-11,2026-0711-03-02-05-01,2020103507,グラニットピーク,9,0,212.0,21.200000762939453,8,-1.0246007459927775,0.0527519076246115,4,0.0,2026-06-30,monthly_walk_forward
2026-07-11,2026-0711-03-02-05-01,2022106304,ナックエルドラド,5,0,904.0,90.4000015258789,11,-1.5046182736616356,0.0265720685600419,5,0.0,2026-06-30,monthly_walk_forward
2026-07-11,2026-0711-03-02-05-01,2019104010,タマモエース,11,0,182.0,18.200000762939453,5,-1.5404411359180132,0.0252464384036519,6,0.0,2026-06-30,monthly_walk_forward
2026-07-11,2026-0711-03-02-05-01,2020103537,ジーククローネ,4,0,123.0,12.300000190734863,4,-1.6444983925029475,0.0217590958205271,7,0.0,2026-06-30,monthly_walk_forward
2026-07-11,2026-0711-03-02-05-01,2017104238,フームスムート,6,0,265.0,26.5,9,-1.681599628922409,0.020635855116453,8,0.0,2026-06-30,monthly_walk_forward
2026-07-11,2026-0711-03-02-05-01,2021104974,ヒットアンドロール,7,0,211.0,21.100000381469727,6,-1.9688796139109843,0.0136895138026702,9,0.0,2026-06-30,monthly_walk_forward
2026-07-11,2026-0711-03-02-05-01,2020105774,コスモチプリア,10,0,212.0,21.200000762939453,7,-2.026326039873146,0.0126109287747043,10,0.0,2026-06-30,monthly_walk_forward
2026-07-11,2026-0711-03-02-05-01,2019101488,クラウンセト,3,0,524.0,52.400001525878906,10,-2.073874033502181,0.0117827676553367,11,0.0,2026-06-30,monthly_walk_forward
2026-07-11,2026-0711-03-02-05-07,2023107032,イモータリス,3,0,41.0,4.099999904632568,3,0.6707012568011186,0.2953341248831244,1,0.0,2026-06-30,monthly_walk_forward
2026-07-11,2026-0711-03-02-05-07,2023103472,ドナルンバ,1,1,22.0,2.200000047683716,1,0.6451642270363183,0.2847540630426454,2,220.0,2026-06-30,monthly_walk_forward
2026-07-11,2026-0711-03-02-05-07,2023107329,ボニープリンス,4,0,30.0,3.0,2,-0.0152472841448176,0.1108503235712455,3,0.0,2026-06-30,monthly_walk_forward
2026-07-11,2026-0711-03-02-05-07,2023107331,ヴァンデスペランス,10,0,86.0,8.600000381469727,4,-0.0189020795414349,0.1102730672035288,4,0.0,2026-06-30,monthly_walk_forward
2026-07-11,2026-0711-03-02-05-07,2022104761,ニヴルヘイム,9,0,235.0,23.5,5,-0.1398433933119684,0.0927758541318576,5,0.0,2026-06-30,monthly_walk_forward
2026-07-11,2026-0711-03-02-05-07,2021106811,マイネルモメンタム,2,0,339.0,33.900001525878906,6,-0.5288389638406755,0.0532223518407761,6,0.0,2026-06-30,monthly_walk_forward
2026-07-11,2026-0711-03-02-05-07,2021106203,ウインボレロ,6,0,504.0,50.400001525878906,7,-1.3097623119465918,0.0174418706101453,7,0.0,2026-06-30,monthly_walk_forward
2026-07-11,2026-0711-03-02-05-07,2021103037,デリシュー,5,0,719.0,71.9000015258789,8,-1.4234078113123394,0.0148280841315946,8,0.0,2026-06-30,monthly_walk_forward
2026-07-11,2026-0711-03-02-05-07,2023100729,ヘルメスギャング,11,0,1887.0,188.6999969482422,10,-1.789830358181924,0.0087851445691173,9,0.0,2026-06-30,monthly_walk_forward
2026-07-11,2026-0711-03-02-05-07,2021103518,リアルセンター,7,0,1513.0,151.3000030517578,9,-1.8397028917747928,0.0081810107070564,10,0.0,2026-06-30,monthly_walk_forward
2026-07-11,2026-0711-03-02-05-07,2022107023,グランプラネッタ,8,0,2477.0,247.6999969482422,11,-2.423301530414852,0.0035541053089079,11,0.0,2026-06-30,monthly_walk_forward
2026-07-11,2026-0711-03-02-05-08,2023106312,ジェイエルキャリア,5,0,81.0,8.100000381469727,4,-0.0244212995199403,0.1526164339254063,1,0.0,2026-06-30,monthly_walk_forward
2026-07-11,2026-0711-03-02-05-08,2023105263,アイムインディ,7,0,34.0,3.4000000953674316,2,-0.0550834137552293,0.1460756715232638,2,0.0,2026-06-30,monthly_walk_forward
2026-07-11,2026-0711-03-02-05-08,2023103802,ブーケドリス,4,0,93.0,9.300000190734863,5,-0.1974767926520416,0.1191884284113627,3,0.0,2026-06-30,monthly_walk_forward
2026-07-11,2026-0711-03-02-05-08,2023103751,グラティアム,2,0,60.0,6.0,3,-0.3181040791601275,0.1003215951946742,4,0.0,2026-06-30,monthly_walk_forward
2026-07-11,2026-0711-03-02-05-08,2023104658,ライヴレッドアイ,1,1,32.0,3.200000047683716,1,-0.3188853409575871,0.1002096898975491,5,320.0,2026-06-30,monthly_walk_forward
2026-07-11,2026-0711-03-02-05-08,2023102007,ゼファーテソーロ,3,0,103.0,10.300000190734863,6,-0.3252734719312426,0.0992993463199215,6,0.0,2026-06-30,monthly_walk_forward
2026-07-11,2026-0711-03-02-05-08,2023103006,マサノピンクレディ,10,0,130.0,13.0,7,-0.5655772095079289,0.0704461039495883,7,0.0,2026-06-30,monthly_walk_forward
2026-07-11,2026-0711-03-02-05-08,2022104609,フラッシュポイント,8,0,661.0,66.0999984741211,9,-0.9176683451716058,0.0426002702778272,8,0.0,2026-06-30,monthly_walk_forward
2026-07-11,2026-0711-03-02-05-08,2022106099,ハルノアラシ,9,0,1028.0,102.8000030517578,11,-0.925104197674557,0.0421501377010917,9,0.0,2026-06-30,monthly_walk_forward
2026-07-11,2026-0711-03-02-05-08,2021106724,チェルシー,11,0,375.0,37.5,8,-0.9402446330829528,0.0412482528994818,10,0.0,2026-06-30,monthly_walk_forward
2026-07-11,2026-0711-03-02-05-08,2022106767,ミッシオーネ,12,0,1643.0,164.3000030517578,13,-1.09032939560179,0.0332881658629596,11,0.0,2026-06-30,monthly_walk_forward
2026-07-11,2026-0711-03-02-05-08,2022105138,ダノンリュラ,15,0,1496.0,149.60000610351562,12,-1.5806467454148618,0.0165229214794004,12,0.0,2026-06-30,monthly_walk_forward
2026-07-11,2026-0711-03-02-05-08,2023106845,ラエトゥス,6,0,2944.0,294.3999938964844,14,-1.7391464610958882,0.0131749912751435,13,0.0,2026-06-30,monthly_walk_forward
2026-07-11,2026-0711-03-02-05-08,2022101908,イズルード,13,0,856.0,85.5999984741211,10,-1.8187832688916752,0.0117582316812002,14,0.0,2026-06-30,monthly_walk_forward
2026-07-11,2026-0711-03-02-05-08,2020101677,エーティータキオン,16,0,7349.0,734.9000244140625,16,-2.264256939150392,0.0062224430715242,15,0.0,2026-06-30,monthly_walk_forward
2026-07-11,2026-0711-03-02-05-08,2019102950,アイファーリーベン,14,0,6073.0,607.2999877929688,15,-2.4347541396338133,0.0048773165296046,16,0.0,2026-06-30,monthly_walk_forward
2026-07-11,2026-0711-03-02-05-09,2022105118,ノクターン,4,0,27.0,2.700000047683716,1,0.9633864896047448,0.2844142153707551,1,0.0,2026-06-30,monthly_walk_forward
2026-07-11,2026-0711-03-02-05-09,2023105807,アメティスタ,8,0,65.0,6.5,5,0.9529611252173076,0.2802097143671222,2,0.0,2026-06-30,monthly_walk_forward
2026-07-11,2026-0711-03-02-05-09,2022105587,サトノソティラス,1,1,60.0,6.0,4,0.3186343921868316,0.1132227656486937,3,600.0,2026-06-30,monthly_walk_forward
2026-07-11,2026-0711-03-02-05-09,2023100021,キンググローリー,2,0,43.0,4.300000190734863,2,0.272045136527913,0.1059324022440962,4,0.0,2026-06-30,monthly_walk_forward
2026-07-11,2026-0711-03-02-05-09,2022103510,キングズトゥルー,6,0,58.0,5.800000190734863,3,-0.0959593261100735,0.062619736946304,5,0.0,2026-06-30,monthly_walk_forward
2026-07-11,2026-0711-03-02-05-09,2021105838,モルトマエストーソ,14,0,861.0,86.0999984741211,11,-0.4129832369181219,0.0398128296731142,6,0.0,2026-06-30,monthly_walk_forward
2026-07-11,2026-0711-03-02-05-09,2021102988,スズカミエール,7,0,402.0,40.20000076293945,7,-0.8395524441636927,0.0216456526340377,7,0.0,2026-06-30,monthly_walk_forward
2026-07-11,2026-0711-03-02-05-09,2021105056,オルトパラティウム,3,0,195.0,19.5,6,-0.9662475896967908,0.0180620231787301,8,0.0,2026-06-30,monthly_walk_forward
2026-07-11,2026-0711-03-02-05-09,2020102760,ビッグベルーガ,10,0,1112.0,111.1999969482422,12,-0.9731043566287508,0.0178859624726973,9,0.0,2026-06-30,monthly_walk_forward
2026-07-11,2026-0711-03-02-05-09,2021103033,ハイラント,9,0,488.0,48.79999923706055,8,-1.066913879124039,0.0156426722769374,10,0.0,2026-06-30,monthly_walk_forward
2026-07-11,2026-0711-03-02-05-09,2020106694,ヴァイザーバルコ,13,0,590.0,59.0,10,-1.1064650167134236,0.0147833412720381,11,0.0,2026-06-30,monthly_walk_forward
2026-07-11,2026-0711-03-02-05-09,2019100212,ウインマイルート,5,0,582.0,58.20000076293945,9,-1.3732631471272747,0.0100982361581117,12,0.0,2026-06-30,monthly_walk_forward
2026-07-11,2026-0711-03-02-05-09,2020103463,サトノトルネード,12,0,1704.0,170.39999389648438,14,-1.7796534143371971,0.005650834572517,13,0.0,2026-06-30,monthly_walk_forward
2026-07-11,2026-0711-03-02-05-09,2021101701,クリフハンガー,11,0,1561.0,156.10000610351562,13,-1.8577792810959253,0.00505407508354,14,0.0,2026-06-30,monthly_walk_forward
2026-07-11,2026-0711-03-02-05-09,2021110062,ヒストリアイ,15,0,2056.0,205.6000061035156,15,-1.8701505173006063,0.0049655381013048,15,0.0,2026-06-30,monthly_walk_forward
2026-07-11,2026-0711-03-02-05-10,2022107138,アタリダイキチ,5,0,68.0,6.800000190734863,3,-0.3216231823827082,0.2036991269528825,1,0.0,2026-06-30,monthly_walk_forward
2026-07-11,2026-0711-03-02-05-10,2021101580,メイショウヨゾラ,1,1,20.0,2.0,1,-0.4549797249785153,0.1683650755934668,2,200.0,2026-06-30,monthly_walk_forward
2026-07-11,2026-0711-03-02-05-10,2022103042,フォルテム,6,0,40.0,4.0,2,-0.531127339710913,0.1510109550150673,3,0.0,2026-06-30,monthly_walk_forward
2026-07-11,2026-0711-03-02-05-10,2019103815,スマイルアップ,3,0,107.0,10.699999809265137,4,-0.583251261442876,0.140174719175209,4,0.0,2026-06-30,monthly_walk_forward
2026-07-11,2026-0711-03-02-05-10,2021103312,ロードマイライフ,4,0,109.0,10.899999618530272,5,-0.719869138516382,0.1153211958781875,5,0.0,2026-06-30,monthly_walk_forward
2026-07-11,2026-0711-03-02-05-10,2018100442,モーデン,2,0,123.0,12.300000190734863,6,-0.8576776405014284,0.0947130651505813,6,0.0,2026-06-30,monthly_walk_forward
2026-07-11,2026-0711-03-02-05-10,2018103926,ショウナンラスボス,9,0,489.0,48.900001525878906,9,-1.0545665435151816,0.0714917524575832,7,0.0,2026-06-30,monthly_walk_forward
2026-07-11,2026-0711-03-02-05-10,2019107016,ウナギノボリ,8,0,230.0,23.0,7,-1.5393629853182758,0.0357666447202998,8,0.0,2026-06-30,monthly_walk_forward
2026-07-11,2026-0711-03-02-05-10,2021105711,ズバットマサムネ,7,0,294.0,29.399999618530273,8,-1.9655124456963735,0.0194574650567223,9,0.0,2026-06-30,monthly_walk_forward
2026-07-11,2026-0711-03-02-05-11,2023103355,クリエープキー,7,0,47.0,4.699999809265137,3,0.4723356490680139,0.282517765380779,1,0.0,2026-06-30,monthly_walk_forward
2026-07-11,2026-0711-03-02-05-11,2021100019,マサノカナリア,1,1,59.0,5.900000095367432,5,0.2196454063625517,0.1969116938956295,2,590.0,2026-06-30,monthly_walk_forward
2026-07-11,2026-0711-03-02-05-11,2019103594,レッドアヴァンティ,5,0,41.0,4.099999904632568,1,0.2045658824991301,0.1927151509657698,3,0.0,2026-06-30,monthly_walk_forward
2026-07-11,2026-0711-03-02-05-11,2018101343,ゾンニッヒ,4,0,57.0,5.699999809265137,4,-0.2849610297233483,0.0957642111759191,4,0.0,2026-06-30,monthly_walk_forward
2026-07-11,2026-0711-03-02-05-11,2021102413,シークレットヴァウ,9,0,167.0,16.700000762939453,7,-0.402182889578456,0.0809983866721653,5,0.0,2026-06-30,monthly_walk_forward
2026-07-11,2026-0711-03-02-05-11,2022104197,カウンターセブン,3,0,46.0,4.599999904632568,2,-0.5791790345744416,0.0629019774455269,6,0.0,2026-06-30,monthly_walk_forward
2026-07-11,2026-0711-03-02-05-11,2019110001,ショウナンハクラク,8,0,83.0,8.300000190734863,6,-0.7930850719487538,0.0463396306133689,7,0.0,2026-06-30,monthly_walk_forward
2026-07-11,2026-0711-03-02-05-11,2018103205,クムシラコ,2,0,390.0,39.0,9,-1.2976777843318037,0.0225368290064292,8,0.0,2026-06-30,monthly_walk_forward
2026-07-11,2026-0711-03-02-05-11,2018102155,マイネルジェロディ,6,0,325.0,32.5,8,-1.4056893397322396,0.0193143548444119,9,0.0,2026-06-30,monthly_walk_forward
2026-07-11,2026-0711-03-02-05-12,2023110007,アンティミスト,1,1,105.0,10.5,5,-0.3352712325302429,0.1587518169309831,1,1050.0,2026-06-30,monthly_walk_forward
2026-07-11,2026-0711-03-02-05-12,2023101661,アトミックブレス,3,0,37.0,3.700000047683716,1,-0.5420797298264172,0.1181436636537739,2,0.0,2026-06-30,monthly_walk_forward
2026-07-11,2026-0711-03-02-05-12,2023103227,エリーニック,5,0,49.0,4.900000095367432,3,-0.5580068697837097,0.1154858850849089,3,0.0,2026-06-30,monthly_walk_forward
2026-07-11,2026-0711-03-02-05-12,2023105162,コパノエイダン,4,0,115.0,11.5,6,-0.5890879034780939,0.1104703146020447,4,0.0,2026-06-30,monthly_walk_forward
2026-07-11,2026-0711-03-02-05-12,2023105177,タケルムサシ,10,0,77.0,7.699999809265137,4,-0.8105059056285548,0.0805143482028883,5,0.0,2026-06-30,monthly_walk_forward
2026-07-11,2026-0711-03-02-05-12,2023100581,ホノボノ,12,0,381.0,38.099998474121094,10,-0.8546713446803742,0.0755913548437078,6,0.0,2026-06-30,monthly_walk_forward
2026-07-11,2026-0711-03-02-05-12,2023106646,スカイレックス,15,0,501.0,50.099998474121094,12,-0.9760585819100268,0.0635566468001029,7,0.0,2026-06-30,monthly_walk_forward
2026-07-11,2026-0711-03-02-05-12,2023100332,アスパラゴ,13,0,762.0,76.19999694824219,13,-1.0479451822701038,0.0573536473971027,8,0.0,2026-06-30,monthly_walk_forward
2026-07-11,2026-0711-03-02-05-12,2021100540,アルプスオジョー,9,0,163.0,16.299999237060547,7,-1.1530192775395292,0.0493595167913767,9,0.0,2026-06-30,monthly_walk_forward
2026-07-11,2026-0711-03-02-05-12,2023100858,エコロガノン,2,0,48.0,4.800000190734863,2,-1.2661048611697898,0.0419962259668567,10,0.0,2026-06-30,monthly_walk_forward
2026-07-11,2026-0711-03-02-05-12,2022106951,ブレゲアン,6,0,192.0,19.200000762939453,8,-1.3679676602603172,0.0363088485000805,11,0.0,2026-06-30,monthly_walk_forward
2026-07-11,2026-0711-03-02-05-12,2020103705,レッドロスタム,7,0,199.0,19.899999618530273,9,-1.488770407056116,0.0305537100252757,12,0.0,2026-06-30,monthly_walk_forward
2026-07-11,2026-0711-03-02-05-12,2023102392,アジアントレジャー,14,0,390.0,39.0,11,-1.6060453193737956,0.025840693849331,13,0.0,2026-06-30,monthly_walk_forward
2026-07-11,2026-0711-03-02-05-12,2022100548,ヴィーデ,8,0,2241.0,224.1000061035156,15,-1.7875856173905522,0.019937597033697,14,0.0,2026-06-30,monthly_walk_forward
2026-07-11,2026-0711-03-02-05-12,2021105074,モヴレクス,11,0,854.0,85.4000015258789,14,-1.9356854293813872,0.0161357303178696,15,0.0,2026-06-30,monthly_walk_forward
2026-07-11,2026-0711-10-02-05-07,2023103371,カラペルソナ,6,0,21.0,2.0999999046325684,1,0.4987318760185272,0.2886485187818736,1,0.0,2026-06-30,monthly_walk_forward
2026-07-11,2026-0711-10-02-05-07,2023103782,ルートサーティーン,10,0,83.0,8.300000190734863,5,0.1320007552529859,0.1709392360922781,2,0.0,2026-06-30,monthly_walk_forward
2026-07-11,2026-0711-10-02-05-07,2021106206,ウインラウダ,4,0,83.0,8.300000190734863,4,-0.008133452293991,0.1399263795299936,3,0.0,2026-06-30,monthly_walk_forward
2026-07-11,2026-0711-10-02-05-07,2023100553,カレントゥルーシー,1,1,40.0,4.0,2,-0.0217703540570431,0.1372268142811803,4,400.0,2026-06-30,monthly_walk_forward
2026-07-11,2026-0711-10-02-05-07,2023105513,エイシンビーコン,2,0,76.0,7.599999904632568,3,-0.4893247145120917,0.0703653064025689,5,0.0,2026-06-30,monthly_walk_forward
2026-07-11,2026-0711-10-02-05-07,2022103249,メイショウアボット,7,0,160.0,16.0,6,-0.9015116143968512,0.0390507431371869,6,0.0,2026-06-30,monthly_walk_forward
2026-07-11,2026-0711-10-02-05-07,2023104011,トモジャプレジール,9,0,760.0,76.0,9,-0.924248624174786,0.0378026975549349,7,0.0,2026-06-30,monthly_walk_forward
2026-07-11,2026-0711-10-02-05-07,2023105338,トップオブザライン,12,0,1070.0,107.0,10,-1.0942346301070731,0.0296524072979283,8,0.0,2026-06-30,monthly_walk_forward
2026-07-11,2026-0711-10-02-05-07,2020103502,トラストエムシー,8,0,1539.0,153.89999389648438,11,-1.159658634102141,0.0270065775631257,9,0.0,2026-06-30,monthly_walk_forward
2026-07-11,2026-0711-10-02-05-07,2020103292,ハレアカラフラ,3,0,582.0,58.20000076293945,8,-1.2973649275833237,0.022183686432914,10,0.0,2026-06-30,monthly_walk_forward
2026-07-11,2026-0711-10-02-05-07,2022101889,ゼットエイト,5,0,2926.0,292.6000061035156,12,-1.376211043832692,0.019820561618623,11,0.0,2026-06-30,monthly_walk_forward
2026-07-11,2026-0711-10-02-05-07,2023103761,サントルドパリ,11,0,213.0,21.299999237060547,7,-1.4683088315539463,0.017377071307392,12,0.0,2026-06-30,monthly_walk_forward
2026-07-11,2026-0711-10-02-05-08,2023107211,ジョアン,5,0,30.0,3.0,1,0.0633615696238053,0.2581509443754679,1,0.0,2026-06-30,monthly_walk_forward
2026-07-11,2026-0711-10-02-05-08,2023107477,オヤツノジカン,3,0,51.0,5.099999904632568,2,0.0065661847956686,0.2380327348313945,2,0.0,2026-06-30,monthly_walk_forward
2026-07-11,2026-0711-10-02-05-08,2023104858,エイコーンドリーム,5,0,63.0,6.300000190734863,4,-0.360089699257475,0.140979443003256,3,0.0,2026-06-30,monthly_walk_forward
2026-07-11,2026-0711-10-02-05-08,2023103169,シエーナカラー,7,0,61.0,6.099999904632568,3,-0.4806488647398954,0.1186747676046731,4,0.0,2026-06-30,monthly_walk_forward
2026-07-11,2026-0711-10-02-05-08,2021103723,アンリーベイビー,2,0,73.0,7.300000190734863,5,-0.5975982331065385,0.1004154600482285,5,0.0,2026-06-30,monthly_walk_forward
2026-07-11,2026-0711-10-02-05-08,2021103776,ベルメサイア,9,0,183.0,18.299999237060547,8,-1.2800418710240589,0.0378789934997305,6,0.0,2026-06-30,monthly_walk_forward
2026-07-11,2026-0711-10-02-05-08,2023104352,マヴィ,1,1,79.0,7.900000095367432,6,-1.387461928357009,0.0324902314194802,7,790.0,2026-06-30,monthly_walk_forward
2026-07-11,2026-0711-10-02-05-08,2022102994,オブシディアーナ,4,0,170.0,17.0,7,-1.391245017338827,0.0323151144244066,8,0.0,2026-06-30,monthly_walk_forward
2026-07-11,2026-0711-10-02-05-08,2022104553,オーケーエンジェル,11,0,1344.0,134.39999389648438,10,-1.7795737297114436,0.0185557507822825,9,0.0,2026-06-30,monthly_walk_forward
2026-07-11,2026-0711-10-02-05-08,2023105023,フェミナンジェンヌ,10,0,1854.0,185.3999938964844,11,-2.11732411075571,0.0114533150472897,10,0.0,2026-06-30,monthly_walk_forward
2026-07-11,2026-0711-10-02-05-08,2022106185,ラグナトーレ,8,0,614.0,61.400001525878906,9,-2.142212726355162,0.0110532449637901,11,0.0,2026-06-30,monthly_walk_forward
2026-07-11,2026-0711-10-02-05-09,2023104315,タガノアルトゥーラ,8,0,30.0,3.0,2,0.2336618466895143,0.2845129910731177,1,0.0,2026-06-30,monthly_walk_forward
2026-07-11,2026-0711-10-02-05-09,2020105189,ウインリュクス,2,0,43.0,4.300000190734863,3,-0.0825919462994819,0.1810888477736494,2,0.0,2026-06-30,monthly_walk_forward
2026-07-11,2026-0711-10-02-05-09,2023107041,ダノンテムズ,7,0,30.0,3.0,1,-0.1483961605020896,0.1648410641684903,3,0.0,2026-06-30,monthly_walk_forward
2026-07-11,2026-0711-10-02-05-09,2023105354,バリオス,10,0,118.0,11.800000190734863,5,-0.4568375578721511,0.1060967267513774,4,0.0,2026-06-30,monthly_walk_forward
2026-07-11,2026-0711-10-02-05-09,2022104899,ジュンライデン,4,0,242.0,24.200000762939453,7,-0.7873462596613257,0.0661679301189895,5,0.0,2026-06-30,monthly_walk_forward
2026-07-11,2026-0711-10-02-05-09,2023104389,フリーガー,6,0,288.0,28.799999237060547,8,-0.8500106312185817,0.0605019366626937,6,0.0,2026-06-30,monthly_walk_forward
2026-07-11,2026-0711-10-02-05-09,2022104723,カレンラップスター,1,1,181.0,18.100000381469727,6,-1.0479488748182313,0.0455999425225887,7,1810.0,2026-06-30,monthly_walk_forward
2026-07-11,2026-0711-10-02-05-09,2022105290,レッドヴァリアート,3,0,94.0,9.399999618530272,4,-1.1492736058227966,0.0394548444827501,8,0.0,2026-06-30,monthly_walk_forward
2026-07-11,2026-0711-10-02-05-09,2022105529,ミッドタウンナイト,5,0,491.0,49.099998474121094,9,-1.5349060470771887,0.0227429078246418,9,0.0,2026-06-30,monthly_walk_forward
2026-07-11,2026-0711-10-02-05-09,2021100695,ヴェストラン,11,0,2140.0,214.0,11,-1.571897890080403,0.0215722520776994,10,0.0,2026-06-30,monthly_walk_forward
2026-07-11,2026-0711-10-02-05-09,2022105687,ダノンアンチュラス,9,0,606.0,60.599998474121094,10,-2.3189055518456083,0.0074205565440014,11,0.0,2026-06-30,monthly_walk_forward
2026-07-11,2026-0711-10-02-05-10,2023104079,メローネ,12,0,128.0,12.800000190734863,5,0.3205613315507364,0.145446989343977,1,0.0,2026-06-30,monthly_walk_forward
2026-07-11,2026-0711-10-02-05-10,2022110063,サディーク,3,0,48.0,4.800000190734863,2,0.1583670603684201,0.1153655270985634,2,0.0,2026-06-30,monthly_walk_forward
2026-07-11,2026-0711-10-02-05-10,2022101686,インブロリオ,1,1,65.0,6.5,3,0.1458848865479428,0.1133265990743624,3,650.0,2026-06-30,monthly_walk_forward
2026-07-11,2026-0711-10-02-05-10,2022103060,ホーリーブラッサム,15,0,78.0,7.800000190734863,4,-0.0383259282889642,0.0871051143552277,4,0.0,2026-06-30,monthly_walk_forward
2026-07-11,2026-0711-10-02-05-10,2023102661,タナスーペルノーバ,9,0,28.0,2.799999952316284,1,-0.0607798257062826,0.0843553812826195,5,0.0,2026-06-30,monthly_walk_forward
2026-07-11,2026-0711-10-02-05-10,2022103039,スネーフリンガ,5,0,398.0,39.79999923706055,12,-0.3209380314677294,0.0581708298848721,6,0.0,2026-06-30,monthly_walk_forward
2026-07-11,2026-0711-10-02-05-10,2021100297,ブルボンクイーン,13,0,421.0,42.099998474121094,13,-0.3699109797851865,0.0542402183703362,7,0.0,2026-06-30,monthly_walk_forward
2026-07-11,2026-0711-10-02-05-10,2021105873,シュブロンレーヴル,8,0,282.0,28.200000762939453,7,-0.3958977123032757,0.0522635279792976,8,0.0,2026-06-30,monthly_walk_forward
2026-07-11,2026-0711-10-02-05-10,2022103880,ユメシバイ,18,0,151.0,15.100000381469728,6,-0.4369548472252615,0.0492862785198811,9,0.0,2026-06-30,monthly_walk_forward
2026-07-11,2026-0711-10-02-05-10,2021107173,オオナミコナミ,4,0,291.0,29.100000381469727,8,-0.4887131180862865,0.0457735003730864,10,0.0,2026-06-30,monthly_walk_forward
2026-07-11,2026-0711-10-02-05-10,2023103721,ルージュサウダージ,14,0,326.0,32.599998474121094,10,-0.5192777878495952,0.043817860807176,11,0.0,2026-06-30,monthly_walk_forward
2026-07-11,2026-0711-10-02-05-10,2020100271,フォティック,16,0,364.0,36.400001525878906,11,-0.5483909940242713,0.04203284013433,12,0.0,2026-06-30,monthly_walk_forward
2026-07-11,2026-0711-10-02-05-10,2020104732,ハルオーブ,11,0,626.0,62.599998474121094,16,-0.7957423564015497,0.0295207123814027,13,0.0,2026-06-30,monthly_walk_forward
2026-07-11,2026-0711-10-02-05-10,2022102594,ミキノバカラ,2,0,2176.0,217.6000061035156,18,-0.8675181622687012,0.026643767706018,14,0.0,2026-06-30,monthly_walk_forward
2026-07-11,2026-0711-10-02-05-10,2021104210,ニホンピロトッティ,10,0,321.0,32.099998474121094,9,-0.9314717006412312,0.0243174224915315,15,0.0,2026-06-30,monthly_walk_forward
2026-07-11,2026-0711-10-02-05-10,2020101992,ライクアフラワー,6,0,558.0,55.79999923706055,15,-1.4030477100422083,0.0123977258298557,16,0.0,2026-06-30,monthly_walk_forward
2026-07-11,2026-0711-10-02-05-10,2021100476,ファイツオン,17,0,435.0,43.5,14,-1.5361921680074535,0.0102502970581884,17,0.0,2026-06-30,monthly_walk_forward
2026-07-11,2026-0711-10-02-05-10,2020102326,サンライズプルート,7,0,1499.0,149.89999389648438,17,-1.948774908860883,0.0056854073092735,18,0.0,2026-06-30,monthly_walk_forward
2026-07-11,2026-0711-10-02-05-11,2022100194,ハヤテノツバサ,6,0,27.0,2.700000047683716,1,0.1208315492519159,0.2084866559767283,1,0.0,2026-06-30,monthly_walk_forward
2026-07-11,2026-0711-10-02-05-11,2022104957,アメリカンビキニ,11,0,29.0,2.9000000953674316,2,0.0016413669934973,0.1758450747247591,2,0.0,2026-06-30,monthly_walk_forward
2026-07-11,2026-0711-10-02-05-11,2021103155,メイショウキルギス,5,0,146.0,14.600000381469728,5,-0.0966055342873784,0.1528184528281367,3,0.0,2026-06-30,monthly_walk_forward
2026-07-11,2026-0711-10-02-05-11,2022100098,ベルギューン,1,1,57.0,5.699999809265137,3,-0.1798940534555681,0.1356756397446589,4,570.0,2026-06-30,monthly_walk_forward
2026-07-11,2026-0711-10-02-05-11,2022101675,スノーサイレンス,2,0,166.0,16.600000381469727,6,-0.3565142478139302,0.1054200105857669,5,0.0,2026-06-30,monthly_walk_forward
2026-07-11,2026-0711-10-02-05-11,2022104600,イマージョン,7,0,199.0,19.899999618530273,7,-0.6942140609009392,0.0650739403632214,6,0.0,2026-06-30,monthly_walk_forward
2026-07-11,2026-0711-10-02-05-11,2021101397,ヴェロクオーレ,3,0,88.0,8.800000190734863,4,-0.7704783312622907,0.0583567602998037,7,0.0,2026-06-30,monthly_walk_forward
2026-07-11,2026-0711-10-02-05-11,2022100648,クーデール,8,0,347.0,34.70000076293945,8,-1.1909087123153148,0.0320071840670235,8,0.0,2026-06-30,monthly_walk_forward
2026-07-11,2026-0711-10-02-05-11,2020103902,ジャーヴィス,4,0,465.0,46.5,9,-1.210718189386353,0.0311141010607333,9,0.0,2026-06-30,monthly_walk_forward
2026-07-11,2026-0711-10-02-05-11,2022104216,ペイシャヴァルツー,10,0,650.0,65.0,10,-1.2772133207530454,0.0282945181780181,10,0.0,2026-06-30,monthly_walk_forward
2026-07-11,2026-0711-10-02-05-11,2022105537,ポッドソル,9,0,731.0,73.0999984741211,11,-2.2642390995433157,0.0069076621711498,11,0.0,2026-06-30,monthly_walk_forward
2026-07-11,2026-0711-10-02-05-12,2023107269,ムーンリットアイル,4,0,24.0,2.4000000953674316,1,0.4029853194916488,0.2710851959550006,1,0.0,2026-06-30,monthly_walk_forward
2026-07-11,2026-0711-10-02-05-12,2022101434,ダノンプリマ,1,1,94.0,9.399999618530272,4,-0.0284047389210552,0.1463735089960605,2,940.0,2026-06-30,monthly_walk_forward
2026-07-11,2026-0711-10-02-05-12,2021103488,ジャンヌローサ,6,0,133.0,13.300000190734863,7,-0.1312383433271855,0.1263753550107687,3,0.0,2026-06-30,monthly_walk_forward
2026-07-11,2026-0711-10-02-05-12,2023102989,タイガーロード,8,0,239.0,23.899999618530273,9,-0.3836947925790401,0.0881116196778745,4,0.0,2026-06-30,monthly_walk_forward
2026-07-11,2026-0711-10-02-05-12,2023106184,ネネキリマル,13,0,64.0,6.400000095367432,3,-0.4262493434711705,0.082914686079078,5,0.0,2026-06-30,monthly_walk_forward
2026-07-11,2026-0711-10-02-05-12,2021103901,マーシーラン,7,0,53.0,5.300000190734863,2,-0.695494149819555,0.0564399230145753,6,0.0,2026-06-30,monthly_walk_forward
2026-07-11,2026-0711-10-02-05-12,2022102638,ダイアナクイーン,2,0,123.0,12.300000190734863,6,-0.7130285404491594,0.0550437120153549,7,0.0,2026-06-30,monthly_walk_forward
2026-07-11,2026-0711-10-02-05-12,2022103729,セクシーマージュ,3,0,115.0,11.5,5,-0.8424811750067889,0.0457501604311911,8,0.0,2026-06-30,monthly_walk_forward
2026-07-11,2026-0711-10-02-05-12,2023105185,ミトノリン,10,0,215.0,21.5,8,-1.01901546497763,0.0355522503628784,9,0.0,2026-06-30,monthly_walk_forward
2026-07-11,2026-0711-10-02-05-12,2021106690,ペルフェツィオーネ,9,0,1019.0,101.9000015258789,12,-1.3672372321992134,0.0216183780402802,10,0.0,2026-06-30,monthly_walk_forward
2026-07-11,2026-0711-10-02-05-12,2022106705,テーオーミリカン,16,0,2505.0,250.5,14,-1.5618124333427548,0.016372108979612,11,0.0,2026-06-30,monthly_walk_forward
2026-07-11,2026-0711-10-02-05-12,2022102841,メイショウハボマイ,11,0,2279.0,227.8999938964844,13,-1.561922544227167,0.0163695338287268,12,0.0,2026-06-30,monthly_walk_forward
2026-07-11,2026-0711-10-02-05-12,2022104117,レインオンミー,5,0,343.0,34.29999923706055,10,-1.6476466245055164,0.0144827594996539,13,0.0,2026-06-30,monthly_walk_forward
2026-07-11,2026-0711-10-02-05-12,2023102479,パレットフレイバー,12,0,3401.0,340.1000061035156,15,-1.8299384345965235,0.0111623004633906,14,0.0,2026-06-30,monthly_walk_forward
2026-07-11,2026-0711-10-02-05-12,2022105734,シヴァールバーニ,14,0,3887.0,388.7000122070313,16,-2.053400761758514,0.0081117219872842,15,0.0,2026-06-30,monthly_walk_forward
2026-07-11,2026-0711-10-02-05-12,2022106719,アスクザアメリカン,15,0,615.0,61.5,11,-2.508054466298936,0.0042367856582696,16,0.0,2026-06-30,monthly_walk_forward
2026-07-12,2026-0712-02-01-10-07,2023100652,コイタマチャン,9,0,49.0,4.900000095367432,3,-0.1053773311937222,0.2593856887942589,1,0.0,2026-06-30,monthly_walk_forward
2026-07-12,2026-0712-02-01-10-07,2022105343,デルマサクラサク,2,0,35.0,3.5,2,-0.4148311756142097,0.1667072332011759,2,0.0,2026-06-30,monthly_walk_forward
2026-07-12,2026-0712-02-01-10-07,2021105238,アリストクラシア,7,0,111.0,11.100000381469728,6,-0.5471049089767709,0.1380031765143374,3,0.0,2026-06-30,monthly_walk_forward
2026-07-12,2026-0712-02-01-10-07,2023100966,マリブサーフ,6,0,60.0,6.0,4,-0.6700494538863376,0.1157741880251641,4,0.0,2026-06-30,monthly_walk_forward
2026-07-12,2026-0712-02-01-10-07,2022102388,ヒミノエトワール,1,1,29.0,2.9000000953674316,1,-0.7326384772504806,0.1058717809686009,5,290.0,2026-06-30,monthly_walk_forward
2026-07-12,2026-0712-02-01-10-07,2021105857,ウィンターガーデン,4,0,1111.0,111.0999984741211,9,-0.9596257417067704,0.0765513094509929,6,0.0,2026-06-30,monthly_walk_forward
2026-07-12,2026-0712-02-01-10-07,2022106631,バシリス,8,0,86.0,8.600000381469727,5,-1.2459310682627711,0.0508537374050386,7,0.0,2026-06-30,monthly_walk_forward
2026-07-12,2026-0712-02-01-10-07,2022105267,サウンドルーチェ,5,0,347.0,34.70000076293945,7,-1.271079217935387,0.0490591979483494,8,0.0,2026-06-30,monthly_walk_forward
2026-07-12,2026-0712-02-01-10-07,2023107412,リピース,3,0,542.0,54.20000076293945,8,-1.4536991336697949,0.0377936876920815,9,0.0,2026-06-30,monthly_walk_forward
2026-07-12,2026-0712-02-01-10-08,2022106566,ダイシンレアレア,2,0,37.0,3.700000047683716,2,-0.441807015663101,0.1857847074465699,1,0.0,2026-06-30,monthly_walk_forward
2026-07-12,2026-0712-02-01-10-08,2021106180,シーリュウシー,6,0,111.0,11.100000381469728,4,-0.5628740171841886,0.1562778725684049,2,0.0,2026-06-30,monthly_walk_forward
2026-07-12,2026-0712-02-01-10-08,2023104100,ハイドパーク,11,0,52.0,5.199999809265137,3,-0.5918307710361034,0.1499450458438523,3,0.0,2026-06-30,monthly_walk_forward
2026-07-12,2026-0712-02-01-10-08,2023107258,シャローファースト,1,1,28.0,2.799999952316284,1,-0.79654437811504,0.1119240880039928,4,280.0,2026-06-30,monthly_walk_forward
2026-07-12,2026-0712-02-01-10-08,2023106516,ミスターエメラルド,3,0,113.0,11.300000190734863,5,-0.802410007340112,0.110990141881991,5,0.0,2026-06-30,monthly_walk_forward
2026-07-12,2026-0712-02-01-10-08,2022101255,ステイアンビシャス,4,0,175.0,17.5,7,-1.013725409605533,0.0820691544994604,6,0.0,2026-06-30,monthly_walk_forward
2026-07-12,2026-0712-02-01-10-08,2022104312,ディースプレマシー,10,0,354.0,35.400001525878906,10,-1.0933233634552797,0.0732479950915243,7,0.0,2026-06-30,monthly_walk_forward
2026-07-12,2026-0712-02-01-10-08,2022105506,シドニーホバート,9,0,281.0,28.100000381469727,9,-1.422906809363372,0.0457420214786566,8,0.0,2026-06-30,monthly_walk_forward
2026-07-12,2026-0712-02-01-10-08,2022104062,カージオイド,8,0,479.0,47.900001525878906,11,-1.6583813259519076,0.0326754887085555,9,0.0,2026-06-30,monthly_walk_forward
2026-07-12,2026-0712-02-01-10-08,2019103219,ブレイクザアイス,7,0,200.0,20.0,8,-1.807061730942016,0.0264227303415333,10,0.0,2026-06-30,monthly_walk_forward
2026-07-12,2026-0712-02-01-10-08,2021104155,サトノリアン,5,0,153.0,15.300000190734863,6,-1.8480283081829192,0.0249207541354587,11,0.0,2026-06-30,monthly_walk_forward
2026-07-12,2026-0712-02-01-10-09,2023106718,コッツォリーノ,14,0,34.0,3.4000000953674316,1,0.7634214518822391,0.2868829901663533,1,0.0,2026-06-30,monthly_walk_forward
2026-07-12,2026-0712-02-01-10-09,2023100627,テルヒコウ,2,0,37.0,3.700000047683716,2,0.495240071975887,0.1955777846711326,2,0.0,2026-06-30,monthly_walk_forward
2026-07-12,2026-0712-02-01-10-09,2022105018,バルティカ,9,0,195.0,19.5,8,0.0675237959511653,0.1061586766560921,3,0.0,2026-06-30,monthly_walk_forward
2026-07-12,2026-0712-02-01-10-09,2022100625,ラブリーリディア,11,0,196.0,19.600000381469727,9,-0.0736313840278166,0.0867720588567787,4,0.0,2026-06-30,monthly_walk_forward
2026-07-12,2026-0712-02-01-10-09,2022101411,サタデーサンライズ,4,0,57.0,5.699999809265137,3,-0.2147454148626516,0.070929980099718,5,0.0,2026-06-30,monthly_walk_forward
2026-07-12,2026-0712-02-01-10-09,2022104748,ウィルサヴァイブ,12,0,119.0,11.899999618530272,7,-0.2957040795308858,0.0631831694433789,6,0.0,2026-06-30,monthly_walk_forward
2026-07-12,2026-0712-02-01-10-09,2022106813,マイネルフーガ,1,1,103.0,10.300000190734863,4,-0.4271249008912308,0.0523679063209452,7,1030.0,2026-06-30,monthly_walk_forward
2026-07-12,2026-0712-02-01-10-09,2020100177,ロードマンハイム,13,0,416.0,41.599998474121094,10,-0.6137291706899902,0.040113638977581,8,0.0,2026-06-30,monthly_walk_forward
2026-07-12,2026-0712-02-01-10-09,2021100165,フォルテフィオーレ,5,0,115.0,11.5,6,-0.7082743447492812,0.0350456629276504,9,0.0,2026-06-30,monthly_walk_forward
2026-07-12,2026-0712-02-01-10-09,2022103310,レイヤードレッド,8,0,978.0,97.8000030517578,12,-1.081226145608805,0.0205706145509954,10,0.0,2026-06-30,monthly_walk_forward
2026-07-12,2026-0712-02-01-10-09,2021103227,ジャズ,3,0,105.0,10.5,5,-1.086285924532509,0.0204224609820516,11,0.0,2026-06-30,monthly_walk_forward
2026-07-12,2026-0712-02-01-10-09,2021103790,フナデ,6,0,778.0,77.80000305175781,11,-1.6939842354629011,0.0085719468700269,12,0.0,2026-06-30,monthly_walk_forward
2026-07-12,2026-0712-02-01-10-09,2020102803,エリム,10,0,1935.0,193.5,14,-1.752199857390871,0.0078878981510012,13,0.0,2026-06-30,monthly_walk_forward
2026-07-12,2026-0712-02-01-10-09,2021105321,エーデル,7,0,1564.0,156.39999389648438,13,-2.0026736718185445,0.0055152113262939,14,0.0,2026-06-30,monthly_walk_forward
2026-07-12,2026-0712-02-01-10-10,2023103625,エコロレバン,12,0,38.0,3.799999952316284,2,0.5366032987020031,0.2244336816626114,1,0.0,2026-06-30,monthly_walk_forward
2026-07-12,2026-0712-02-01-10-10,2023105591,マメタンク,5,0,28.0,2.799999952316284,1,0.4774992340692885,0.2062617268131075,2,0.0,2026-06-30,monthly_walk_forward
2026-07-12,2026-0712-02-01-10-10,2022100574,ルイステソーロ,7,0,83.0,8.300000190734863,5,0.1434095679139516,0.1279801187030861,3,0.0,2026-06-30,monthly_walk_forward
2026-07-12,2026-0712-02-01-10-10,2023107374,クロナ,1,1,98.0,9.800000190734863,6,0.1369493796136923,0.1268044440110487,4,980.0,2026-06-30,monthly_walk_forward
2026-07-12,2026-0712-02-01-10-10,2022104394,ヒットミー,2,0,184.0,18.399999618530273,7,-0.0488588754134281,0.0972422924621952,5,0.0,2026-06-30,monthly_walk_forward
2026-07-12,2026-0712-02-01-10-10,2023107523,デアプリームス,4,0,62.0,6.199999809265137,3,-0.0645959679978239,0.0950805249517659,6,0.0,2026-06-30,monthly_walk_forward
2026-07-12,2026-0712-02-01-10-10,2023100014,カネコメブライト,6,0,79.0,7.900000095367432,4,-0.2669870933861433,0.071207203390065,7,0.0,2026-06-30,monthly_walk_forward
2026-07-12,2026-0712-02-01-10-10,2022100729,ビーマックス,3,0,259.0,25.899999618530273,8,-1.2695045517261527,0.0170036187131104,8,0.0,2026-06-30,monthly_walk_forward
2026-07-12,2026-0712-02-01-10-10,2021103748,サベージラヴ,10,0,738.0,73.80000305175781,10,-1.6094316896359675,0.0104626941235599,9,0.0,2026-06-30,monthly_walk_forward
2026-07-12,2026-0712-02-01-10-10,2020102702,ストリンジェンド,9,0,692.0,69.19999694824219,9,-1.6912744230566854,0.0093082192415903,10,0.0,2026-06-30,monthly_walk_forward
2026-07-12,2026-0712-02-01-10-10,2023105661,ストロングボンド,8,0,2316.0,231.6000061035156,12,-1.7417052113415747,0.0086612046328553,11,0.0,2026-06-30,monthly_walk_forward
2026-07-12,2026-0712-02-01-10-10,2021105821,サンディブロンド,11,0,1395.0,139.5,11,-2.0527058184140343,0.0055542712950036,12,0.0,2026-06-30,monthly_walk_forward
2026-07-12,2026-0712-02-01-10-11,2019106335,タシット,7,0,244.0,24.399999618530273,10,0.628548599577105,0.1610726935677821,1,0.0,2026-06-30,monthly_walk_forward
2026-07-12,2026-0712-02-01-10-11,2022104416,レディネス,10,0,75.0,7.5,4,0.4136823415960626,0.1184989356657005,2,0.0,2026-06-30,monthly_walk_forward
2026-07-12,2026-0712-02-01-10-11,2021105442,エラトー,4,0,95.0,9.5,6,0.3736475122491904,0.1119118340664099,3,0.0,2026-06-30,monthly_walk_forward
2026-07-12,2026-0712-02-01-10-11,2022101669,ストレイトトーカー,14,0,93.0,9.300000190734863,5,0.350632225607202,0.1082921193535771,4,0.0,2026-06-30,monthly_walk_forward
2026-07-12,2026-0712-02-01-10-11,2021103519,リラボニート,6,0,138.0,13.800000190734863,9,0.2368756927374948,0.0920491848263823,5,0.0,2026-06-30,monthly_walk_forward
2026-07-12,2026-0712-02-01-10-11,2020107001,キョウエイブリッサ,5,0,59.0,5.900000095367432,3,0.2086304434812911,0.088408904639773,6,0.0,2026-06-30,monthly_walk_forward
2026-07-12,2026-0712-02-01-10-11,2021105228,レディーヴァリュー,2,0,100.0,10.0,7,0.2050500930402776,0.0879578664469033,7,0.0,2026-06-30,monthly_walk_forward
2026-07-12,2026-0712-02-01-10-11,2021106752,パレハ,8,0,57.0,5.699999809265137,2,0.1290428406965606,0.0789074873759473,8,0.0,2026-06-30,monthly_walk_forward
2026-07-12,2026-0712-02-01-10-11,2020105424,シルトホルン,3,0,46.0,4.599999904632568,1,0.0918074686781443,0.0748198131646079,9,0.0,2026-06-30,monthly_walk_forward
2026-07-12,2026-0712-02-01-10-11,2019103850,パトリックハンサム,9,0,849.0,84.9000015258789,12,-0.6590213913969067,0.0255968699014435,10,0.0,2026-06-30,monthly_walk_forward
2026-07-12,2026-0712-02-01-10-11,2022104617,ヴーレヴー,1,1,111.0,11.100000381469728,8,-0.7704063781542201,0.0218313861250101,11,1110.0,2026-06-30,monthly_walk_forward
2026-07-12,2026-0712-02-01-10-11,2020105295,エエヤン,12,0,1571.0,157.10000610351562,14,-1.1723775842303377,0.0122939108231914,12,0.0,2026-06-30,monthly_walk_forward
2026-07-12,2026-0712-02-01-10-11,2021105926,レディントン,11,0,485.0,48.5,11,-1.2638973007518062,0.0107872149569157,13,0.0,2026-06-30,monthly_walk_forward
2026-07-12,2026-0712-02-01-10-11,2018101615,ウインシュクラン,13,0,1069.0,106.9000015258789,13,-1.5116508030768367,0.0075717790863551,14,0.0,2026-06-30,monthly_walk_forward
2026-07-12,2026-0712-02-01-10-12,2023103137,ハッピーラッキー,6,0,18.0,1.7999999523162842,1,-0.0703535860132106,0.4474545847091333,1,0.0,2026-06-30,monthly_walk_forward
2026-07-12,2026-0712-02-01-10-12,2023100177,シャルトル,7,0,35.0,3.5,2,-0.5790272505211109,0.2163501980961389,2,0.0,2026-06-30,monthly_walk_forward
2026-07-12,2026-0712-02-01-10-12,2023104875,ダブルチャレンジ,3,0,63.0,6.300000190734863,3,-1.1096281215045047,0.1013821599231357,3,0.0,2026-06-30,monthly_walk_forward
2026-07-12,2026-0712-02-01-10-12,2020102050,サンポーニャ,1,1,78.0,7.800000190734863,4,-1.1347327993265774,0.097810634913578,4,780.0,2026-06-30,monthly_walk_forward
2026-07-12,2026-0712-02-01-10-12,2022104221,ペイシャアーサー,5,0,164.0,16.399999618530273,5,-1.499963160685591,0.058048313401969,5,0.0,2026-06-30,monthly_walk_forward
2026-07-12,2026-0712-02-01-10-12,2023109031,ココソラーレ,2,0,310.0,31.0,6,-1.8319767129541376,0.0361244737489299,6,0.0,2026-06-30,monthly_walk_forward
2026-07-12,2026-0712-02-01-10-12,2022102878,ナンナンプー,4,0,351.0,35.099998474121094,7,-2.0768273200877796,0.0254619198601075,7,0.0,2026-06-30,monthly_walk_forward
2026-07-12,2026-0712-02-01-10-12,2023102305,マインセーラ,8,0,1451.0,145.10000610351562,8,-2.344626988077246,0.0173677153470074,8,0.0,2026-06-30,monthly_walk_forward
2026-07-12,2026-0712-03-02-06-01,2021105335,トーアマリシテン,1,1,33.0,3.299999952316284,2,-0.202501098655996,0.2125269937147477,1,330.0,2026-06-30,monthly_walk_forward
2026-07-12,2026-0712-03-02-06-01,2022104992,フェイトライン,13,0,122.0,12.199999809265137,5,-0.3166591344080444,0.1805460917851647,2,0.0,2026-06-30,monthly_walk_forward
2026-07-12,2026-0712-03-02-06-01,2021106353,シグムンド,14,0,185.0,18.5,8,-0.4512523885481372,0.1489647981464808,3,0.0,2026-06-30,monthly_walk_forward
2026-07-12,2026-0712-03-02-06-01,2022101203,ゲレル,9,0,72.0,7.199999809265137,4,-0.7613658898740218,0.0956495256238479,4,0.0,2026-06-30,monthly_walk_forward
2026-07-12,2026-0712-03-02-06-01,2021105501,モスクロッサー,3,0,29.0,2.9000000953674316,1,-0.7845517798820637,0.0925332497200823,5,0.0,2026-06-30,monthly_walk_forward
2026-07-12,2026-0712-03-02-06-01,2020102956,ブライテストドーン,11,0,175.0,17.5,7,-0.9132818987421182,0.0769894089710321,6,0.0,2026-06-30,monthly_walk_forward
2026-07-12,2026-0712-03-02-06-01,2019110088,ジャスパーグレイト,8,0,297.0,29.700000762939453,9,-1.205535303117594,0.0507120220185078,7,0.0,2026-06-30,monthly_walk_forward
2026-07-12,2026-0712-03-02-06-01,2019101464,サラフィエル,4,0,148.0,14.800000190734863,6,-1.2942284218361673,0.0446769874925058,8,0.0,2026-06-30,monthly_walk_forward
2026-07-12,2026-0712-03-02-06-01,2022101532,エポカスピーガ,6,0,70.0,7.0,3,-1.6451378010486566,0.027062782234483,9,0.0,2026-06-30,monthly_walk_forward
2026-07-12,2026-0712-03-02-06-01,2022101278,クラウンウルル,12,0,1436.0,143.60000610351562,11,-1.891479279748052,0.0190343080278872,10,0.0,2026-06-30,monthly_walk_forward
2026-07-12,2026-0712-03-02-06-01,2021101041,トモジャシャトー,5,0,1554.0,155.39999389648438,12,-2.042279119661859,0.0153453837180075,11,0.0,2026-06-30,monthly_walk_forward
2026-07-12,2026-0712-03-02-06-01,2022103588,スノーリン,10,0,2141.0,214.1000061035156,14,-2.1603204872878585,0.0129641022002928,12,0.0,2026-06-30,monthly_walk_forward
2026-07-12,2026-0712-03-02-06-01,2022101614,ノブダブルホワイト,2,0,537.0,53.70000076293945,10,-2.198992408630171,0.0122673169425491,13,0.0,2026-06-30,monthly_walk_forward
2026-07-12,2026-0712-03-02-06-01,2022103503,アウルムレガリア,7,0,2073.0,207.3000030517578,13,-2.2929127371967186,0.0107270294044106,14,0.0,2026-06-30,monthly_walk_forward
2026-07-12,2026-0712-03-02-06-08,2023106190,デンプシー,1,1,29.0,2.9000000953674316,1,0.5370253166171491,0.2669908828210227,1,290.0,2026-06-30,monthly_walk_forward
2026-07-12,2026-0712-03-02-06-08,2023102633,アイアンパイク,2,0,36.0,3.5999999046325684,2,0.2893551195300161,0.1874289694079701,2,0.0,2026-06-30,monthly_walk_forward
2026-07-12,2026-0712-03-02-06-08,2023100831,ミスターマーボー,4,0,49.0,4.900000095367432,3,-0.1261323923890739,0.1035284397709977,3,0.0,2026-06-30,monthly_walk_forward
2026-07-12,2026-0712-03-02-06-08,2022102696,ラブリーガール,8,0,92.0,9.199999809265137,4,-0.2274122430474496,0.089582577579452,4,0.0,2026-06-30,monthly_walk_forward
2026-07-12,2026-0712-03-02-06-08,2023102897,プリティーミズホ,12,0,165.0,16.5,6,-0.2871180693213498,0.0822585073301111,5,0.0,2026-06-30,monthly_walk_forward
2026-07-12,2026-0712-03-02-06-08,2021100958,ビッグフラワー,6,0,182.0,18.200000762939453,8,-0.3313700992010864,0.0772193158726773,6,0.0,2026-06-30,monthly_walk_forward
2026-07-12,2026-0712-03-02-06-08,2022106818,マイネルステラート,9,0,165.0,16.5,5,-0.4749898620094631,0.0628957467141291,7,0.0,2026-06-30,monthly_walk_forward
2026-07-12,2026-0712-03-02-06-08,2023103499,ザバルガド,7,0,174.0,17.399999618530273,7,-0.5977177504914867,0.052781090211896,8,0.0,2026-06-30,monthly_walk_forward
2026-07-12,2026-0712-03-02-06-08,2020100084,レッドカメリア,5,0,730.0,73.0,11,-1.0992334939380943,0.0257826535961926,9,0.0,2026-06-30,monthly_walk_forward
2026-07-12,2026-0712-03-02-06-08,2023100954,テルケンレンスキー,10,0,427.0,42.70000076293945,10,-1.1481313623663414,0.0240430945594517,10,0.0,2026-06-30,monthly_walk_forward
2026-07-12,2026-0712-03-02-06-08,2022101108,ホウオウショコラ,3,0,203.0,20.299999237060547,9,-1.191099790582696,0.0226116295986614,11,0.0,2026-06-30,monthly_walk_forward
2026-07-12,2026-0712-03-02-06-08,2021103332,アイスブレイカー,11,0,2616.0,261.6000061035156,12,-2.2648403655770286,0.0048770925374376,12,0.0,2026-06-30,monthly_walk_forward
2026-07-12,2026-0712-03-02-06-09,2023103543,ルージュリリック,9,0,32.0,3.200000047683716,1,0.2854254612674027,0.2704547247714707,1,0.0,2026-06-30,monthly_walk_forward
2026-07-12,2026-0712-03-02-06-09,2023106802,サルワールカミーズ,10,0,50.0,5.0,3,-0.2016936901575093,0.1348577077851369,2,0.0,2026-06-30,monthly_walk_forward
2026-07-12,2026-0712-03-02-06-09,2022106618,ジェルブロア,2,0,79.0,7.900000095367432,4,-0.332276572238023,0.1119075665362837,3,0.0,2026-06-30,monthly_walk_forward
2026-07-12,2026-0712-03-02-06-09,2023101820,サフランルージュ,6,0,218.0,21.799999237060547,9,-0.4090831957223768,0.1002783163771626,4,0.0,2026-06-30,monthly_walk_forward
2026-07-12,2026-0712-03-02-06-09,2022105131,キューティリップ,4,0,113.0,11.300000190734863,5,-0.4447125100199505,0.0953019682364845,5,0.0,2026-06-30,monthly_walk_forward
2026-07-12,2026-0712-03-02-06-09,2021105168,クイーンズワーフ,7,0,125.0,12.5,6,-0.7448758928439857,0.0620689355380585,6,0.0,2026-06-30,monthly_walk_forward
2026-07-12,2026-0712-03-02-06-09,2022100106,ペプロス,12,0,352.0,35.20000076293945,10,-0.8627905090365594,0.0524466351442919,7,0.0,2026-06-30,monthly_walk_forward
2026-07-12,2026-0712-03-02-06-09,2023106412,ユメシルベ,11,0,181.0,18.100000381469727,8,-0.9557101750454912,0.0459270284639665,8,0.0,2026-06-30,monthly_walk_forward
2026-07-12,2026-0712-03-02-06-09,2022104844,ブルスカメンテ,1,1,47.0,4.699999809265137,2,-0.9814435756541756,0.0442693161032725,9,470.0,2026-06-30,monthly_walk_forward
2026-07-12,2026-0712-03-02-06-09,2022105181,ロゼフェリシア,5,0,163.0,16.299999237060547,7,-1.5366675059814243,0.0200276687500618,10,0.0,2026-06-30,monthly_walk_forward
2026-07-12,2026-0712-03-02-06-09,2021107253,ニシノコマチムスメ,3,0,1763.0,176.3000030517578,14,-1.5478020335549103,0.0197116195556819,11,0.0,2026-06-30,monthly_walk_forward
2026-07-12,2026-0712-03-02-06-09,2023103069,ノーブルクラウド,8,0,499.0,49.900001525878906,11,-1.647881736026636,0.0170856218699288,12,0.0,2026-06-30,monthly_walk_forward
2026-07-12,2026-0712-03-02-06-09,2022101710,ヒサエノオモカゲ,14,0,532.0,53.20000076293945,12,-1.809574810748328,0.0135616665482753,13,0.0,2026-06-30,monthly_walk_forward
2026-07-12,2026-0712-03-02-06-09,2022106347,テンドリームガール,13,0,1195.0,119.5,13,-1.8893331928096475,0.0121012243199238,14,0.0,2026-06-30,monthly_walk_forward
2026-07-12,2026-0712-03-02-06-10,2023105748,リフレックス,2,0,30.0,3.0,1,0.5618096739688094,0.2868830889122226,1,0.0,2026-06-30,monthly_walk_forward
2026-07-12,2026-0712-03-02-06-10,2021105182,ドバイブルース,1,1,43.0,4.300000190734863,2,0.2297826849032136,0.1785289025156614,2,430.0,2026-06-30,monthly_walk_forward
2026-07-12,2026-0712-03-02-06-10,2022101389,サトミノエンジェル,5,0,122.0,12.199999809265137,6,0.1084569218980668,0.150118951283642,3,0.0,2026-06-30,monthly_walk_forward
2026-07-12,2026-0712-03-02-06-10,2022105429,チギリ,10,0,70.0,7.0,4,-0.2676662198290717,0.0877164290742151,4,0.0,2026-06-30,monthly_walk_forward
2026-07-12,2026-0712-03-02-06-10,2022101818,ジェイエルマスター,6,0,45.0,4.5,3,-0.4179382175679316,0.0707699823019131,5,0.0,2026-06-30,monthly_walk_forward
2026-07-12,2026-0712-03-02-06-10,2022104378,ダカラフェスティヴ,7,0,210.0,21.0,7,-0.4784973860218678,0.0649048164406391,6,0.0,2026-06-30,monthly_walk_forward
2026-07-12,2026-0712-03-02-06-10,2020102187,スマートケープ,8,0,76.0,7.599999904632568,5,-0.6274290087486472,0.0524658443034391,7,0.0,2026-06-30,monthly_walk_forward
2026-07-12,2026-0712-03-02-06-10,2018104646,オンザライン,3,0,327.0,32.70000076293945,8,-0.7267581034781165,0.0455250929079276,8,0.0,2026-06-30,monthly_walk_forward
2026-07-12,2026-0712-03-02-06-10,2021104302,ティンティンデオ,11,0,975.0,97.5,11,-0.8353670717073579,0.0389823117168087,9,0.0,2026-06-30,monthly_walk_forward
2026-07-12,2026-0712-03-02-06-10,2020104632,ハッスルダンク,9,0,874.0,87.4000015258789,10,-1.3879620364190062,0.0177021591738714,10,0.0,2026-06-30,monthly_walk_forward
2026-07-12,2026-0712-03-02-06-10,2019102102,ゲキザル,4,0,564.0,56.400001525878906,9,-2.0998692894981135,0.0064024213696593,11,0.0,2026-06-30,monthly_walk_forward
2026-07-12,2026-0712-03-02-06-11,2022104896,カラマティアノス,7,0,47.0,4.699999809265137,1,1.1871907486933553,0.2674495697502029,1,0.0,2026-06-30,monthly_walk_forward
2026-07-12,2026-0712-03-02-06-11,2019105193,バトルボーン,12,0,69.0,6.900000095367432,4,0.771902520325751,0.1477707559461543,2,0.0,2026-06-30,monthly_walk_forward
2026-07-12,2026-0712-03-02-06-11,2020100734,サヴォーナ,10,0,64.0,6.400000095367432,3,0.6895301774141512,0.1313660039860301,3,0.0,2026-06-30,monthly_walk_forward
2026-07-12,2026-0712-03-02-06-11,2022106611,ヤマニンブークリエ,6,0,87.0,8.699999809265137,5,0.5197742337354636,0.1030772657624787,4,0.0,2026-06-30,monthly_walk_forward
2026-07-12,2026-0712-03-02-06-11,2020102740,コントラポスト,9,0,151.0,15.100000381469728,8,0.0927960442844358,0.056008867026875,5,0.0,2026-06-30,monthly_walk_forward
2026-07-12,2026-0712-03-02-06-11,2022101648,センツブラッド,4,0,148.0,14.800000190734863,7,-0.0585321058891715,0.0451200604202312,6,0.0,2026-06-30,monthly_walk_forward
2026-07-12,2026-0712-03-02-06-11,2021104846,オールナット,15,0,322.0,32.20000076293945,12,-0.1257936685284727,0.0409863465251611,7,0.0,2026-06-30,monthly_walk_forward
2026-07-12,2026-0712-03-02-06-11,2019103823,リカンカブール,13,0,231.0,23.100000381469727,10,-0.1393466138079228,0.0402004282785295,8,0.0,2026-06-30,monthly_walk_forward
2026-07-12,2026-0712-03-02-06-11,2021106954,アスクナイスショー,1,1,50.0,5.0,2,-0.2141379008841107,0.0361267270694202,9,500.0,2026-06-30,monthly_walk_forward
2026-07-12,2026-0712-03-02-06-11,2020105749,マイネルモーント,2,0,132.0,13.199999809265137,6,-0.3274249763040029,0.0307286140506726,10,0.0,2026-06-30,monthly_walk_forward
2026-07-12,2026-0712-03-02-06-11,2021101387,オーロラエックス,8,0,311.0,31.100000381469727,11,-0.3309158785631571,0.0305757518322273,11,0.0,2026-06-30,monthly_walk_forward
2026-07-12,2026-0712-03-02-06-11,2021104791,メリオーレム,16,0,229.0,22.899999618530273,9,-0.3590044719744863,0.029373141695253,12,0.0,2026-06-30,monthly_walk_forward
2026-07-12,2026-0712-03-02-06-11,2019104658,ボーンディスウェイ,5,0,456.0,45.599998474121094,14,-0.853892781509027,0.0144847650330244,13,0.0,2026-06-30,monthly_walk_forward
2026-07-12,2026-0712-03-02-06-11,2021105799,クリスマスパレード,11,0,373.0,37.29999923706055,13,-0.9758524822047092,0.0121687265837046,14,0.0,2026-06-30,monthly_walk_forward
2026-07-12,2026-0712-03-02-06-11,2019104756,オニャンコポン,3,0,735.0,73.5,15,-1.1332237678791215,0.0097187124280409,15,0.0,2026-06-30,monthly_walk_forward
2026-07-12,2026-0712-03-02-06-11,2019104998,ショウナンマグマ,14,0,1698.0,169.8000030517578,16,-1.6206042971262171,0.0048442636119935,16,0.0,2026-06-30,monthly_walk_forward
2026-07-12,2026-0712-03-02-06-12,2022102716,サンマルノヴェル,4,0,30.0,3.0,1,0.595220228606381,0.3357045578655899,1,0.0,2026-06-30,monthly_walk_forward
2026-07-12,2026-0712-03-02-06-12,2022110132,ピコテンダー,2,0,40.0,4.0,2,-0.0758134879543922,0.1287164452302333,2,0.0,2026-06-30,monthly_walk_forward
2026-07-12,2026-0712-03-02-06-12,2021102259,クリノオリーブ,1,1,84.0,8.399999618530273,5,-0.2662220795794961,0.098061968675501,3,840.0,2026-06-30,monthly_walk_forward
2026-07-12,2026-0712-03-02-06-12,2021101015,スーパーバイザー,7,0,380.0,38.0,11,-0.394883080912537,0.0815974638958812,4,0.0,2026-06-30,monthly_walk_forward
2026-07-12,2026-0712-03-02-06-12,2021105753,フェンダー,6,0,68.0,6.800000190734863,3,-0.5570449646272655,0.0647244059737603,5,0.0,2026-06-30,monthly_walk_forward
2026-07-12,2026-0712-03-02-06-12,2022106243,サヨノジャンボリー,9,0,173.0,17.299999237060547,7,-0.5571620763610707,0.0647135783260987,6,0.0,2026-06-30,monthly_walk_forward
2026-07-12,2026-0712-03-02-06-12,2021102458,ホーリーブライト,14,0,808.0,80.80000305175781,12,-0.8112469950914508,0.0450148569666464,7,0.0,2026-06-30,monthly_walk_forward
2026-07-12,2026-0712-03-02-06-12,2021105976,ローマンレイク,10,0,345.0,34.5,10,-0.8670212582795263,0.0415673528231723,8,0.0,2026-06-30,monthly_walk_forward
2026-07-12,2026-0712-03-02-06-12,2022103924,ショウナンラリー,13,0,255.0,25.5,8,-1.0645547410242733,0.0313471822175069,9,0.0,2026-06-30,monthly_walk_forward
2026-07-12,2026-0712-03-02-06-12,2021102406,レイワサンサン,3,0,855.0,85.5,13,-1.1471812278126643,0.0278570630142998,10,0.0,2026-06-30,monthly_walk_forward
2026-07-12,2026-0712-03-02-06-12,2019105041,ホウオウプレミア,5,0,261.0,26.100000381469727,9,-1.1868879883752186,0.0263208815566576,11,0.0,2026-06-30,monthly_walk_forward
2026-07-12,2026-0712-03-02-06-12,2022102785,ラーナローザ,11,0,168.0,16.799999237060547,6,-1.3241587477195536,0.0216338996986151,12,0.0,2026-06-30,monthly_walk_forward
2026-07-12,2026-0712-03-02-06-12,2020103937,ラヴァグロウ,8,0,3119.0,311.8999938964844,15,-1.5630546644764467,0.0153786722981246,13,0.0,2026-06-30,monthly_walk_forward
2026-07-12,2026-0712-03-02-06-12,2021101219,マフィン,12,0,3406.0,340.6000061035156,16,-1.9258822404591691,0.0091582629395672,14,0.0,2026-06-30,monthly_walk_forward
2026-07-12,2026-0712-03-02-06-12,2022101959,ペプチドクレマチス,15,0,1451.0,145.10000610351562,14,-2.002956989548607,0.0082034085183452,15,0.0,2026-06-30,monthly_walk_forward
2026-07-12,2026-0712-10-02-06-07,2023104411,コルヴァス,3,0,49.0,4.900000095367432,3,0.2033612716054109,0.3462576651035856,1,0.0,2026-06-30,monthly_walk_forward
2026-07-12,2026-0712-10-02-06-07,2019103506,エアフォースワン,10,0,212.0,21.200000762939453,7,-0.468090859004735,0.1326834034472394,2,0.0,2026-06-30,monthly_walk_forward
2026-07-12,2026-0712-10-02-06-07,2023103919,オオツカ,1,1,44.0,4.400000095367432,2,-0.5935394375210712,0.1109138318577118,3,440.0,2026-06-30,monthly_walk_forward
2026-07-12,2026-0712-10-02-06-07,2023102469,タマモスカイ,6,0,145.0,14.5,6,-0.8294337885845541,0.0791830040277875,4,0.0,2026-06-30,monthly_walk_forward
2026-07-12,2026-0712-10-02-06-07,2023103677,ヴィエントデコラ,9,0,55.0,5.5,4,-1.038365704926529,0.0587497862065313,5,0.0,2026-06-30,monthly_walk_forward
2026-07-12,2026-0712-10-02-06-07,2023103884,キリオス,5,0,91.0,9.100000381469728,5,-1.25641987541801,0.0430250092089561,6,0.0,2026-06-30,monthly_walk_forward
2026-07-12,2026-0712-10-02-06-07,2019104261,メイショウオグマ,4,0,257.0,25.700000762939453,9,-1.2934137871662024,0.0408102432839343,7,0.0,2026-06-30,monthly_walk_forward
2026-07-12,2026-0712-10-02-06-07,2023110043,ラブインアクション,2,0,36.0,3.5999999046325684,1,-1.3266928357997492,0.0389154604574987,8,0.0,2026-06-30,monthly_walk_forward
2026-07-12,2026-0712-10-02-06-07,2023103092,セルジュバローズ,13,0,612.0,61.20000076293945,10,-1.3427552283294089,0.0380326627921857,9,0.0,2026-06-30,monthly_walk_forward
2026-07-12,2026-0712-10-02-06-07,2023107059,ジュンプリメーロ,8,0,224.0,22.399999618530273,8,-1.4236756553381964,0.0338806727921168,10,0.0,2026-06-30,monthly_walk_forward
2026-07-12,2026-0712-10-02-06-07,2021103316,リアルペガサス,11,0,1316.0,131.60000610351562,14,-1.678819755950977,0.0235318107651547,11,0.0,2026-06-30,monthly_walk_forward
2026-07-12,2026-0712-10-02-06-07,2022104403,ニシノミチアキ,12,0,986.0,98.5999984741211,13,-1.754345451842006,0.0211250450144103,12,0.0,2026-06-30,monthly_walk_forward
2026-07-12,2026-0712-10-02-06-07,2022110141,ジェバーダ,14,0,979.0,97.9000015258789,12,-1.7772543717272065,0.0204448757331446,13,0.0,2026-06-30,monthly_walk_forward
2026-07-12,2026-0712-10-02-06-07,2022100725,テーオーノーベル,7,0,692.0,69.19999694824219,11,-2.1246576950907685,0.0124465293097426,14,0.0,2026-06-30,monthly_walk_forward
2026-07-12,2026-0712-10-02-06-08,2023102997,ペイシャシス,2,0,27.0,2.700000047683716,1,0.4964530647546289,0.3676527435983852,1,0.0,2026-06-30,monthly_walk_forward
2026-07-12,2026-0712-10-02-06-08,2023105002,ミッキーマーメイド,5,0,34.0,3.4000000953674316,3,0.0310320502920311,0.1890954090783439,2,0.0,2026-06-30,monthly_walk_forward
2026-07-12,2026-0712-10-02-06-08,2023101180,ミリタリータトゥー,1,1,31.0,3.0999999046325684,2,-0.0137047314947348,0.177388458639556,3,310.0,2026-06-30,monthly_walk_forward
2026-07-12,2026-0712-10-02-06-08,2022102550,メイショウピリカ,4,0,63.0,6.300000190734863,4,-0.1981069434238983,0.1363070795142063,4,0.0,2026-06-30,monthly_walk_forward
2026-07-12,2026-0712-10-02-06-08,2021103236,コンバットペスカ,3,0,187.0,18.700000762939453,5,-0.7837829104110865,0.0590408941616111,5,0.0,2026-06-30,monthly_walk_forward
2026-07-12,2026-0712-10-02-06-08,2022103705,エレガンシア,6,0,227.0,22.700000762939453,6,-1.2314477606358625,0.0311467252278322,6,0.0,2026-06-30,monthly_walk_forward
2026-07-12,2026-0712-10-02-06-08,2022102957,ヴィーナスバブル,7,0,1114.0,111.4000015258789,7,-1.4554118894922816,0.0226183235669665,7,0.0,2026-06-30,monthly_walk_forward
2026-07-12,2026-0712-10-02-06-08,2021105794,レザンクレール,8,0,1395.0,139.5,8,-2.1009505145248712,0.0089940416510039,8,0.0,2026-06-30,monthly_walk_forward
2026-07-12,2026-0712-10-02-06-08,2023104231,タマモヒロイン,9,0,1846.0,184.6000061035156,9,-2.204588129883769,0.0077563245620944,9,0.0,2026-06-30,monthly_walk_forward
2026-07-12,2026-0712-10-02-06-09,2023107036,ショウナンバンライ,1,1,15.0,1.5,1,0.7056556578116376,0.3743069610715574,1,150.0,2026-06-30,monthly_walk_forward
2026-07-12,2026-0712-10-02-06-09,2023106298,ホウショウルクス,3,0,133.0,13.300000190734863,4,0.3761033436719939,0.2337581869898398,2,0.0,2026-06-30,monthly_walk_forward
2026-07-12,2026-0712-10-02-06-09,2021100711,ケイアイアルタイル,10,0,86.0,8.600000381469727,3,-0.4069832256823529,0.0763701637476115,3,0.0,2026-06-30,monthly_walk_forward
2026-07-12,2026-0712-10-02-06-09,2023106546,サンライズケヴィン,2,0,38.0,3.799999952316284,2,-0.4692085425909603,0.0698743607646631,4,0.0,2026-06-30,monthly_walk_forward
2026-07-12,2026-0712-10-02-06-09,2022106564,タガノアニマシオン,7,0,356.0,35.599998474121094,6,-0.5747779158037898,0.0600925210996291,5,0.0,2026-06-30,monthly_walk_forward
2026-07-12,2026-0712-10-02-06-09,2021105637,テンエースワン,5,0,506.0,50.599998474121094,8,-0.6064615121046344,0.0574332332595269,6,0.0,2026-06-30,monthly_walk_forward
2026-07-12,2026-0712-10-02-06-09,2021104295,トモジャザーン,4,0,419.0,41.900001525878906,7,-0.6920819948186755,0.0508209228605609,7,0.0,2026-06-30,monthly_walk_forward
2026-07-12,2026-0712-10-02-06-09,2022105791,ブルックリンダンス,6,0,140.0,14.0,5,-0.7924981195638501,0.0440293532294892,8,0.0,2026-06-30,monthly_walk_forward
2026-07-12,2026-0712-10-02-06-09,2020104791,プウスカンドゥール,9,0,752.0,75.19999694824219,10,-1.408947616518205,0.0182508999627345,9,0.0,2026-06-30,monthly_walk_forward
2026-07-12,2026-0712-10-02-06-09,2022102956,エンマ,8,0,624.0,62.400001525878906,9,-1.543310257195592,0.0150633970143874,10,0.0,2026-06-30,monthly_walk_forward
2026-07-12,2026-0712-10-02-06-10,2023103343,フォーチュンライド,8,0,25.0,2.5,1,-0.26942930968673,0.2299398878607162,1,0.0,2026-06-30,monthly_walk_forward
2026-07-12,2026-0712-10-02-06-10,2021103255,ジャスティンガルフ,1,1,61.0,6.099999904632568,3,-0.3510850855180322,0.2046224981911443,2,610.0,2026-06-30,monthly_walk_forward
2026-07-12,2026-0712-10-02-06-10,2021106904,レイピカケ,10,0,86.0,8.600000381469727,5,-0.7331662981084139,0.1185502007164348,3,0.0,2026-06-30,monthly_walk_forward
2026-07-12,2026-0712-10-02-06-10,2019103827,オウケンボルト,9,0,167.0,16.700000762939453,7,-0.8554970525752971,0.0995418625609107,4,0.0,2026-06-30,monthly_walk_forward
2026-07-12,2026-0712-10-02-06-10,2021106077,プリズマジコ,5,0,48.0,4.800000190734863,2,-1.0807940161260472,0.0721484267608481,5,0.0,2026-06-30,monthly_walk_forward
2026-07-12,2026-0712-10-02-06-10,2022104719,ダノンカゼルタ,2,0,64.0,6.400000095367432,4,-1.1192555524906542,0.0682911667407419,6,0.0,2026-06-30,monthly_walk_forward
2026-07-12,2026-0712-10-02-06-10,2020101031,アスクエピソード,7,0,457.0,45.70000076293945,10,-1.180717353778254,0.0625507266935666,7,0.0,2026-06-30,monthly_walk_forward
2026-07-12,2026-0712-10-02-06-10,2022104623,コリカンチャ,4,0,141.0,14.100000381469728,6,-1.2981461872666722,0.0528904280488768,8,0.0,2026-06-30,monthly_walk_forward
2026-07-12,2026-0712-10-02-06-10,2022100529,ハッピーダンチャン,6,0,645.0,64.5,11,-1.504076499746403,0.0394106552496638,9,0.0,2026-06-30,monthly_walk_forward
2026-07-12,2026-0712-10-02-06-10,2021105867,ショウナンハウル,11,0,428.0,42.79999923706055,9,-1.7504319078543231,0.0277184961180359,10,0.0,2026-06-30,monthly_walk_forward
2026-07-12,2026-0712-10-02-06-10,2022101925,オデット,3,0,374.0,37.400001525878906,8,-1.8415421741692368,0.0243356510590601,11,0.0,2026-06-30,monthly_walk_forward
2026-07-12,2026-0712-10-02-06-11,2020100061,モックモック,8,0,20.0,2.0,1,1.113748986519137,0.362721178901097,1,0.0,2026-06-30,monthly_walk_forward
2026-07-12,2026-0712-10-02-06-11,2021100838,モンブランミノル,9,0,71.0,7.099999904632568,3,0.7242147120644985,0.2079207301443703,2,0.0,2026-06-30,monthly_walk_forward
2026-07-12,2026-0712-10-02-06-11,2022102117,シュラザック,3,0,66.0,6.599999904632568,2,0.0113106842450535,0.0750926418943194,3,0.0,2026-06-30,monthly_walk_forward
2026-07-12,2026-0712-10-02-06-11,2021103987,スナークラファエロ,2,0,107.0,10.699999809265137,5,-0.0067764483604496,0.0731771940453473,4,0.0,2026-06-30,monthly_walk_forward
2026-07-12,2026-0712-10-02-06-11,2021104646,ジンセイ,4,0,82.0,8.199999809265137,4,-0.0734091367710771,0.0665327468834565,5,0.0,2026-06-30,monthly_walk_forward
2026-07-12,2026-0712-10-02-06-11,2020106063,ゴッドブルービー,5,0,141.0,14.100000381469728,7,-0.2314006825299827,0.0530901840087146,6,0.0,2026-06-30,monthly_walk_forward
2026-07-12,2026-0712-10-02-06-11,2022100154,メイショウズイウン,6,0,162.0,16.200000762939453,8,-0.3762185110258182,0.0431684299728715,7,0.0,2026-06-30,monthly_walk_forward
2026-07-12,2026-0712-10-02-06-11,2022104628,レイナデアルシーラ,1,1,119.0,11.899999618530272,6,-0.4778536356136721,0.0373344467298803,8,1190.0,2026-06-30,monthly_walk_forward
2026-07-12,2026-0712-10-02-06-11,2019103419,サンライズアリオン,10,0,872.0,87.19999694824219,10,-0.6104674524977791,0.0308910993495363,9,0.0,2026-06-30,monthly_walk_forward
2026-07-12,2026-0712-10-02-06-11,2022104796,メルキオル,11,0,314.0,31.399999618530273,9,-0.6549863098219014,0.0289876456707309,10,0.0,2026-06-30,monthly_walk_forward
2026-07-12,2026-0712-10-02-06-11,2020102045,フェルヴェンテ,7,0,1325.0,132.5,11,-0.8778448785900368,0.0210837023996758,11,0.0,2026-06-30,monthly_walk_forward
2026-07-12,2026-0712-10-02-06-12,2021101414,ベルファスト,2,0,74.0,7.400000095367432,3,0.1859993453033017,0.2030447313624066,1,0.0,2026-06-30,monthly_walk_forward
2026-07-12,2026-0712-10-02-06-12,2023101174,ドルチェミスト,15,0,121.0,12.100000381469728,8,-0.271636173618322,0.105600307085653,2,0.0,2026-06-30,monthly_walk_forward
2026-07-12,2026-0712-10-02-06-12,2022103058,ノボリリア,1,1,42.0,4.199999809265137,2,-0.2757464956411259,0.1049820507883582,3,420.0,2026-06-30,monthly_walk_forward
2026-07-12,2026-0712-10-02-06-12,2022106217,ウインマスカレード,10,0,35.0,3.5,1,-0.3294237890751851,0.0972327455307801,4,0.0,2026-06-30,monthly_walk_forward
2026-07-12,2026-0712-10-02-06-12,2023104355,テルヴィセクス,7,0,77.0,7.699999809265137,4,-0.3492298610216232,0.0945201608821983,5,0.0,2026-06-30,monthly_walk_forward
2026-07-12,2026-0712-10-02-06-12,2023101865,ウォーターデライト,6,0,120.0,12.0,7,-0.389233281109475,0.089269993415466,6,0.0,2026-06-30,monthly_walk_forward
2026-07-12,2026-0712-10-02-06-12,2023102025,フィラーエ,5,0,118.0,11.800000190734863,6,-0.4659039752442739,0.0800087375737556,7,0.0,2026-06-30,monthly_walk_forward
2026-07-12,2026-0712-10-02-06-12,2023105833,セレブトーチ,13,0,108.0,10.800000190734863,5,-0.8926805558395893,0.0434866945529387,8,0.0,2026-06-30,monthly_walk_forward
2026-07-12,2026-0712-10-02-06-12,2022104901,モルティフレーバー,3,0,329.0,32.900001525878906,10,-1.0240181288373982,0.0360472260933428,9,0.0,2026-06-30,monthly_walk_forward
2026-07-12,2026-0712-10-02-06-12,2021106586,ラブカムーン,8,0,1014.0,101.4000015258789,14,-1.151971728308612,0.0300252609281069,10,0.0,2026-06-30,monthly_walk_forward
2026-07-12,2026-0712-10-02-06-12,2022104392,シャインベック,9,0,836.0,83.5999984741211,12,-1.2261410956673708,0.0270066415531656,11,0.0,2026-06-30,monthly_walk_forward
2026-07-12,2026-0712-10-02-06-12,2023101722,ジューンオアシス,4,0,297.0,29.700000762939453,9,-1.2579361728806902,0.025807400201872,12,0.0,2026-06-30,monthly_walk_forward
2026-07-12,2026-0712-10-02-06-12,2021106648,ベネメレンティ,14,0,573.0,57.29999923706055,11,-1.572063242238855,0.0164760584492077,13,0.0,2026-06-30,monthly_walk_forward
2026-07-12,2026-0712-10-02-06-12,2023101065,リアルアルバ,16,0,1964.0,196.3999938964844,16,-1.6747735557463654,0.0142275368963976,14,0.0,2026-06-30,monthly_walk_forward
2026-07-12,2026-0712-10-02-06-12,2022106715,ギザキズラヴ,12,0,1807.0,180.6999969482422,15,-1.713362490594727,0.0134644416013381,15,0.0,2026-06-30,monthly_walk_forward
2026-07-12,2026-0712-10-02-06-12,2022103150,ジュエルハウス,11,0,887.0,88.69999694824219,13,-1.721431560719818,0.0133101248428104,16,0.0,2026-06-30,monthly_walk_forward
2026-07-12,2026-0712-10-02-06-12,2022104436,アットザラヴアスク,17,0,3078.0,307.79998779296875,17,-2.341363540019759,0.0054898882422017,17,0.0,2026-06-30,monthly_walk_forward
2026-07-18,2026-0718-02-01-11-07,2022106045,ウィズマスタング,12,0,96.0,9.600000381469728,6,-0.2124579739819559,0.2194947860948884,1,0.0,2026-06-30,monthly_walk_forward
2026-07-18,2026-0718-02-01-11-07,2023104103,パラダイスフェイス,1,1,31.0,3.0999999046325684,1,-0.3705055092914539,0.175133105099101,2,310.0,2026-06-30,monthly_walk_forward
2026-07-18,2026-0718-02-01-11-07,2023106397,ストロングボーイ,2,0,35.0,3.5,2,-0.4529229658811147,0.1556806917255406,3,0.0,2026-06-30,monthly_walk_forward
2026-07-18,2026-0718-02-01-11-07,2023100953,グランセレスト,4,0,72.0,7.199999809265137,3,-0.9589566358859962,0.0755580941124126,4,0.0,2026-06-30,monthly_walk_forward
2026-07-18,2026-0718-02-01-11-07,2021105772,ホウオウバローロ,8,0,82.0,8.199999809265137,5,-1.1195720844327897,0.0600664337002871,5,0.0,2026-06-30,monthly_walk_forward
2026-07-18,2026-0718-02-01-11-07,2022104890,エンダードラゴン,6,0,82.0,8.199999809265137,4,-1.1317507964360085,0.0590304267162971,6,0.0,2026-06-30,monthly_walk_forward
2026-07-18,2026-0718-02-01-11-07,2023102352,タイセツナヒ,7,0,314.0,31.399999618530273,8,-1.2008636085082345,0.0534806779767856,7,0.0,2026-06-30,monthly_walk_forward
2026-07-18,2026-0718-02-01-11-07,2023101721,ノリノドラゴン,10,0,318.0,31.799999237060547,9,-1.2064979311911266,0.0530519380522541,8,0.0,2026-06-30,monthly_walk_forward
2026-07-18,2026-0718-02-01-11-07,2021104276,ガラスノブルース,14,0,1430.0,143.0,13,-1.4947608200104294,0.0351444696462386,9,0.0,2026-06-30,monthly_walk_forward
2026-07-18,2026-0718-02-01-11-07,2023101713,イサギ,9,0,386.0,38.599998474121094,10,-1.4980585112047178,0.0349792938678295,10,0.0,2026-06-30,monthly_walk_forward
2026-07-18,2026-0718-02-01-11-07,2021105329,カーマンライン,11,0,550.0,55.0,11,-1.744689448233372,0.0245921275297548,11,0.0,2026-06-30,monthly_walk_forward
2026-07-18,2026-0718-02-01-11-07,2022103986,タイセイデクスター,3,0,902.0,90.1999969482422,12,-1.812226708063195,0.0223303016132723,12,0.0,2026-06-30,monthly_walk_forward
2026-07-18,2026-0718-02-01-11-07,2021102498,ディアスポラ,5,0,308.0,30.799999237060547,7,-1.9126992742081872,0.0193445811339481,13,0.0,2026-06-30,monthly_walk_forward
2026-07-18,2026-0718-02-01-11-07,2022103018,シェーンルスカ,13,0,2122.0,212.1999969482422,14,-2.240388226760311,0.0121130727313896,14,0.0,2026-06-30,monthly_walk_forward
2026-07-18,2026-0718-02-01-11-08,2023105223,アーレムアレス,4,0,14.0,1.399999976158142,1,0.7155268086165454,0.3018059702351479,1,0.0,2026-06-30,monthly_walk_forward
2026-07-18,2026-0718-02-01-11-08,2023101375,マテンロウオリジン,5,0,60.0,6.0,2,0.2144245420910757,0.1475141270020484,2,0.0,2026-06-30,monthly_walk_forward
2026-07-18,2026-0718-02-01-11-08,2023105021,メイショウテンク,10,0,74.0,7.400000095367432,3,0.1560233343048447,0.1357063894221318,3,0.0,2026-06-30,monthly_walk_forward
2026-07-18,2026-0718-02-01-11-08,2021102379,テイクザクラウン,6,0,171.0,17.100000381469727,5,-0.0470374589293826,0.1015353286221203,4,0.0,2026-06-30,monthly_walk_forward
2026-07-18,2026-0718-02-01-11-08,2022106828,マイネルゼウス,1,1,246.0,24.600000381469727,6,-0.0991531985759601,0.0942504637297707,5,2460.0,2026-06-30,monthly_walk_forward
2026-07-18,2026-0718-02-01-11-08,2023104920,バルドル,3,0,256.0,25.600000381469727,7,-0.2476730342887994,0.0762322462758334,6,0.0,2026-06-30,monthly_walk_forward
2026-07-18,2026-0718-02-01-11-08,2023107050,ワンダフルデイズ,2,0,118.0,11.800000190734863,4,-0.4543496938271353,0.056742993255831,7,0.0,2026-06-30,monthly_walk_forward
2026-07-18,2026-0718-02-01-11-08,2022106180,シャインバオバブ,9,0,718.0,71.80000305175781,9,-0.8246276314979483,0.0334336774709103,8,0.0,2026-06-30,monthly_walk_forward
2026-07-18,2026-0718-02-01-11-08,2023105261,アスクファイアモア,7,0,374.0,37.400001525878906,8,-1.0269032050727378,0.025043106358482,9,0.0,2026-06-30,monthly_walk_forward
2026-07-18,2026-0718-02-01-11-08,2020105796,ペリプルス,8,0,880.0,88.0,10,-1.382724423393073,0.0150636200434225,10,0.0,2026-06-30,monthly_walk_forward
2026-07-18,2026-0718-02-01-11-08,2022104661,ジーティートシオー,11,0,2225.0,222.5,11,-1.6862695789255373,0.0097634579100548,11,0.0,2026-06-30,monthly_walk_forward
2026-07-18,2026-0718-02-01-11-08,2022101492,エリナ,12,0,4334.0,433.3999938964844,12,-2.533947180212403,0.0029086196742465,12,0.0,2026-06-30,monthly_walk_forward
2026-07-18,2026-0718-02-01-11-09,2023101382,ドッグウッド,1,1,22.0,2.200000047683716,1,0.4278953658260822,0.229034645210105,1,220.0,2026-06-30,monthly_walk_forward
2026-07-18,2026-0718-02-01-11-09,2022106645,グランセゾン,3,0,149.0,14.899999618530272,7,-0.0108914803506169,0.1223682485992157,2,0.0,2026-06-30,monthly_walk_forward
2026-07-18,2026-0718-02-01-11-09,2023100521,ディーリライズ,5,0,87.0,8.699999809265137,3,-0.0987812819622568,0.1079294820748357,3,0.0,2026-06-30,monthly_walk_forward
2026-07-18,2026-0718-02-01-11-09,2022102135,ゴーゴータカシ,9,0,111.0,11.100000381469728,5,-0.1850358549848823,0.0954170469322295,4,0.0,2026-06-30,monthly_walk_forward
2026-07-18,2026-0718-02-01-11-09,2022101102,ウインポセイドン,12,0,447.0,44.70000076293945,9,-0.3459231836996125,0.075824253651575,5,0.0,2026-06-30,monthly_walk_forward
2026-07-18,2026-0718-02-01-11-09,2023103875,マカナアネラ,8,0,134.0,13.399999618530272,6,-0.4251057301890494,0.0677144965966179,6,0.0,2026-06-30,monthly_walk_forward
2026-07-18,2026-0718-02-01-11-09,2023100207,マイネルシンベリン,2,0,43.0,4.300000190734863,2,-0.4332020906238734,0.0669358071405969,7,0.0,2026-06-30,monthly_walk_forward
2026-07-18,2026-0718-02-01-11-09,2022102397,ビービーバザーク,11,0,663.0,66.30000305175781,11,-0.6915416974729884,0.0462784993582992,8,0.0,2026-06-30,monthly_walk_forward
2026-07-18,2026-0718-02-01-11-09,2020100621,マイバラード,7,0,1235.0,123.5,13,-0.7077252703371055,0.0452208419983434,9,0.0,2026-06-30,monthly_walk_forward
2026-07-18,2026-0718-02-01-11-09,2023104678,コウギョク,6,0,206.0,20.600000381469727,8,-0.7197968950313659,0.0444476862876946,10,0.0,2026-06-30,monthly_walk_forward
2026-07-18,2026-0718-02-01-11-09,2021102708,アドミラルシップ,4,0,99.0,9.899999618530272,4,-0.866854888098256,0.0360256095287314,11,0.0,2026-06-30,monthly_walk_forward
2026-07-18,2026-0718-02-01-11-09,2021105694,ホウオウペトリュス,10,0,943.0,94.3000030517578,12,-0.8797445597371708,0.0353683108222612,12,0.0,2026-06-30,monthly_walk_forward
2026-07-18,2026-0718-02-01-11-09,2022102896,ハミルトン,13,0,569.0,56.900001525878906,10,-1.0575403997319042,0.027435071799494,13,0.0,2026-06-30,monthly_walk_forward
2026-07-18,2026-0718-02-01-11-10,2023100617,マナボニート,2,0,16.0,1.600000023841858,1,0.8195290598922733,0.4605035980319239,1,0.0,2026-06-30,monthly_walk_forward
2026-07-18,2026-0718-02-01-11-10,2022110056,フードマン,3,0,68.0,6.800000190734863,3,-0.2047228603257187,0.1066021457054149,2,0.0,2026-06-30,monthly_walk_forward
2026-07-18,2026-0718-02-01-11-10,2022104174,マジカルフェアリー,5,0,75.0,7.5,4,-0.2548511075375092,0.0992351075432542,3,0.0,2026-06-30,monthly_walk_forward
2026-07-18,2026-0718-02-01-11-10,2020103218,フミサウンド,9,0,184.0,18.399999618530273,5,-0.4457372692618044,0.0755502004267789,4,0.0,2026-06-30,monthly_walk_forward
2026-07-18,2026-0718-02-01-11-10,2021110023,エクストラバック,7,0,288.0,28.799999237060547,7,-0.484011970067141,0.0715301613353636,5,0.0,2026-06-30,monthly_walk_forward
2026-07-18,2026-0718-02-01-11-10,2021110119,サンドロナイト,6,0,268.0,26.799999237060547,6,-0.5320550933935732,0.0667855115655422,6,0.0,2026-06-30,monthly_walk_forward
2026-07-18,2026-0718-02-01-11-10,2022104732,アパッシメント,1,1,51.0,5.099999904632568,2,-0.7275419986005236,0.0505124154645467,7,510.0,2026-06-30,monthly_walk_forward
2026-07-18,2026-0718-02-01-11-10,2021104217,ムチャスグラシアス,8,0,648.0,64.80000305175781,9,-1.0339552382789692,0.0326056620989245,8,0.0,2026-06-30,monthly_walk_forward
2026-07-18,2026-0718-02-01-11-10,2019101643,バシレウスシチー,4,0,327.0,32.70000076293945,8,-1.1538739037582426,0.0274721723570172,9,0.0,2026-06-30,monthly_walk_forward
2026-07-18,2026-0718-02-01-11-10,2020102702,ストリンジェンド,10,0,1240.0,124.0,10,-1.9194228085002796,0.0092030254712333,10,0.0,2026-06-30,monthly_walk_forward
2026-07-18,2026-0718-02-01-11-11,2020110024,ウェイワードアクト,1,1,37.0,3.700000047683716,1,1.3417431819354173,0.3400927323413579,1,370.0,2026-06-30,monthly_walk_forward
2026-07-18,2026-0718-02-01-11-11,2022100699,イガッチ,10,0,84.0,8.399999618530273,5,0.708828705722914,0.1376968851816723,2,0.0,2026-06-30,monthly_walk_forward
2026-07-18,2026-0718-02-01-11-11,2021102009,ラタフォレスト,8,0,78.0,7.800000190734863,4,0.4942582440208239,0.1013444949447962,3,0.0,2026-06-30,monthly_walk_forward
2026-07-18,2026-0718-02-01-11-11,2022103614,ヒルノハンブルク,3,0,71.0,7.099999904632568,3,0.4736931460230702,0.0984104347583912,4,0.0,2026-06-30,monthly_walk_forward
2026-07-18,2026-0718-02-01-11-11,2022102280,チュウワクリスエス,9,0,108.0,10.800000190734863,7,0.1991407781101739,0.0664818630439618,5,0.0,2026-06-30,monthly_walk_forward
2026-07-18,2026-0718-02-01-11-11,2021103717,レヴォントゥレット,2,0,65.0,6.5,2,0.1788105447577114,0.0645787870987529,6,0.0,2026-06-30,monthly_walk_forward
2026-07-18,2026-0718-02-01-11-11,2022106925,ハグ,7,0,103.0,10.300000190734863,6,0.0071295874263124,0.0505330447263852,7,0.0,2026-06-30,monthly_walk_forward
2026-07-18,2026-0718-02-01-11-11,2021103306,コトホドサヨウニ,13,0,143.0,14.300000190734863,9,-0.1935397627951304,0.0379381413073128,8,0.0,2026-06-30,monthly_walk_forward
2026-07-18,2026-0718-02-01-11-11,2019101324,テーオードレフォン,6,0,500.0,50.0,11,-0.2611971963410716,0.0344429212191063,9,0.0,2026-06-30,monthly_walk_forward
2026-07-18,2026-0718-02-01-11-11,2020106873,オウギノカナメ,4,0,193.0,19.299999237060547,10,-0.5547596930915267,0.0226447605106459,10,0.0,2026-06-30,monthly_walk_forward
2026-07-18,2026-0718-02-01-11-11,2020100960,マーブルロック,12,0,127.0,12.699999809265137,8,-0.5620317080888774,0.0224107310366566,11,0.0,2026-06-30,monthly_walk_forward
2026-07-18,2026-0718-02-01-11-11,2021104824,アスクデビューモア,11,0,741.0,74.0999984741211,13,-0.7913194894672181,0.0161510640813008,12,0.0,2026-06-30,monthly_walk_forward
2026-07-18,2026-0718-02-01-11-11,2018100664,ホールシバン,5,0,559.0,55.900001525878906,12,-1.3496817528694705,0.0072741397496595,13,0.0,2026-06-30,monthly_walk_forward
2026-07-18,2026-0718-02-01-11-12,2022104440,ハーモニーソング,2,0,61.0,6.099999904632568,2,0.1426740367494913,0.1793155733208452,1,0.0,2026-06-30,monthly_walk_forward
2026-07-18,2026-0718-02-01-11-12,2023106780,ランプローグ,7,0,65.0,6.5,3,-0.010119338684914,0.1441523869070176,2,0.0,2026-06-30,monthly_walk_forward
2026-07-18,2026-0718-02-01-11-12,2023105035,メイショウハッケイ,10,0,73.0,7.300000190734863,5,-0.0355444192004331,0.1390104956910083,3,0.0,2026-06-30,monthly_walk_forward
2026-07-18,2026-0718-02-01-11-12,2021105749,ルージュベルベット,2,0,109.0,10.899999618530272,7,-0.1995099724987872,0.1099815840596016,4,0.0,2026-06-30,monthly_walk_forward
2026-07-18,2026-0718-02-01-11-12,2023105817,バレンタインビスタ,4,0,35.0,3.5,1,-0.1998100230094364,0.1099344512612533,5,0.0,2026-06-30,monthly_walk_forward
2026-07-18,2026-0718-02-01-11-12,2022105162,ルージュナリッシュ,9,0,97.0,9.699999809265137,6,-0.335480685990248,0.0905651116463621,6,0.0,2026-06-30,monthly_walk_forward
2026-07-18,2026-0718-02-01-11-12,2022105858,ラミアメンテ,1,1,69.0,6.900000095367432,4,-0.626728859670351,0.0597399059328244,7,690.0,2026-06-30,monthly_walk_forward
2026-07-18,2026-0718-02-01-11-12,2022105212,エコロハート,5,0,184.0,18.399999618530273,9,-0.7431204260691782,0.0505886160581112,8,0.0,2026-06-30,monthly_walk_forward
2026-07-18,2026-0718-02-01-11-12,2020100759,アルマロクザン,12,0,439.0,43.900001525878906,10,-0.8346795147351415,0.0443861673088303,9,0.0,2026-06-30,monthly_walk_forward
2026-07-18,2026-0718-02-01-11-12,2021105715,アルバニー,11,0,692.0,69.19999694824219,11,-0.9764196131416922,0.0362500956142752,10,0.0,2026-06-30,monthly_walk_forward
2026-07-18,2026-0718-02-01-11-12,2021105057,オンザヴィーナス,8,0,127.0,12.699999809265137,8,-1.3871654693170197,0.020159229523575,11,0.0,2026-06-30,monthly_walk_forward
2026-07-18,2026-0718-02-01-11-12,2020101920,メラヴィリオーザ,6,0,1241.0,124.0999984741211,12,-1.5525847713536367,0.0159163826762954,12,0.0,2026-06-30,monthly_walk_forward
2026-07-18,2026-0718-03-02-07-08,2023104650,ブルズアイプリンス,10,0,172.0,17.200000762939453,8,-0.0158353733613663,0.1821271583695562,1,0.0,2026-06-30,monthly_walk_forward
2026-07-18,2026-0718-03-02-07-08,2023104521,サムハラ,5,0,62.0,6.199999809265137,3,-0.1129317756371091,0.1585382627221537,2,0.0,2026-06-30,monthly_walk_forward
2026-07-18,2026-0718-03-02-07-08,2021105956,ロンドンアームズ,7,0,53.0,5.300000190734863,2,-0.1922233383837668,0.1415598092943136,3,0.0,2026-06-30,monthly_walk_forward
2026-07-18,2026-0718-03-02-07-08,2023106405,コックオーヴァン,1,1,65.0,6.5,4,-0.4890236018050148,0.0926400850587032,4,650.0,2026-06-30,monthly_walk_forward
2026-07-18,2026-0718-03-02-07-08,2022104757,コルチェスター,11,0,188.0,18.799999237060547,9,-0.6076775280577748,0.0781958301356214,5,0.0,2026-06-30,monthly_walk_forward
2026-07-18,2026-0718-03-02-07-08,2020103121,ダノンゴーイチ,4,0,91.0,9.100000381469728,5,-0.6370121656138582,0.0749866200265743,6,0.0,2026-06-30,monthly_walk_forward
2026-07-18,2026-0718-03-02-07-08,2022105996,ルシェロアズーリ,6,0,38.0,3.799999952316284,1,-0.6606085238131193,0.0725010188477083,7,0.0,2026-06-30,monthly_walk_forward
2026-07-18,2026-0718-03-02-07-08,2023103037,コパノトーマス,15,0,106.0,10.600000381469728,7,-0.7198502566193125,0.0666176507005946,8,0.0,2026-06-30,monthly_walk_forward
2026-07-18,2026-0718-03-02-07-08,2022106221,ウインイルネージュ,14,0,723.0,72.30000305175781,12,-0.93658343060246,0.0488791413388615,9,0.0,2026-06-30,monthly_walk_forward
2026-07-18,2026-0718-03-02-07-08,2023100728,リネンタイリン,9,0,497.0,49.70000076293945,11,-1.426684370775451,0.0242691633791298,10,0.0,2026-06-30,monthly_walk_forward
2026-07-18,2026-0718-03-02-07-08,2022102465,ブライティアブーケ,2,0,99.0,9.899999618530272,6,-1.673579464462849,0.0170559526366617,11,0.0,2026-06-30,monthly_walk_forward
2026-07-18,2026-0718-03-02-07-08,2021106419,ココボロ,3,0,3304.0,330.3999938964844,15,-1.784318115190413,0.0145603371525248,12,0.0,2026-06-30,monthly_walk_forward
2026-07-18,2026-0718-03-02-07-08,2022105000,ミセスリリー,8,0,1871.0,187.1000061035156,14,-2.0467980316793932,0.0100074507374607,13,0.0,2026-06-30,monthly_walk_forward
2026-07-18,2026-0718-03-02-07-08,2021106118,シークレットイスラ,13,0,445.0,44.5,10,-2.0628162572288633,0.0097810487255982,14,0.0,2026-06-30,monthly_walk_forward
2026-07-18,2026-0718-03-02-07-08,2021103440,サトノセレナーデ,12,0,991.0,99.0999984741211,13,-2.179399069216756,0.0082804708745373,15,0.0,2026-06-30,monthly_walk_forward
2026-07-18,2026-0718-03-02-07-09,2023105571,ドリームプレミア,3,0,20.0,2.0,1,0.0478903181334803,0.3486895973618162,1,0.0,2026-06-30,monthly_walk_forward
2026-07-18,2026-0718-03-02-07-09,2023106079,ノリマル,2,0,36.0,3.5999999046325684,2,-0.4512205854260488,0.1709150319947217,2,0.0,2026-06-30,monthly_walk_forward
2026-07-18,2026-0718-03-02-07-09,2023107275,パッセージピーク,9,0,125.0,12.5,4,-0.9249098321205378,0.0868747668589548,3,0.0,2026-06-30,monthly_walk_forward
2026-07-18,2026-0718-03-02-07-09,2023105259,リュクスパトロール,1,1,301.0,30.100000381469727,7,-0.9515610960523178,0.0836293375411046,4,3010.0,2026-06-30,monthly_walk_forward
2026-07-18,2026-0718-03-02-07-09,2023100237,オブラプリーマ,5,0,47.0,4.699999809265137,3,-0.9538063045186548,0.0833615311191845,5,0.0,2026-06-30,monthly_walk_forward
2026-07-18,2026-0718-03-02-07-09,2022105292,オメガストリーム,6,0,193.0,19.299999237060547,5,-1.2005633908936442,0.0585966086473489,6,0.0,2026-06-30,monthly_walk_forward
2026-07-18,2026-0718-03-02-07-09,2022106770,マイネルボス,7,0,782.0,78.19999694824219,10,-1.276746666884182,0.0525541239315211,7,0.0,2026-06-30,monthly_walk_forward
2026-07-18,2026-0718-03-02-07-09,2021101088,テイキットイージー,4,0,275.0,27.5,6,-1.698216226377206,0.028781827542479,8,0.0,2026-06-30,monthly_walk_forward
2026-07-18,2026-0718-03-02-07-09,2022104930,ビリングス,8,0,320.0,32.0,8,-1.7616122609410965,0.0262897317769141,9,0.0,2026-06-30,monthly_walk_forward
2026-07-18,2026-0718-03-02-07-09,2021103578,ビーンスターク,10,0,1736.0,173.60000610351562,12,-1.7918292168280678,0.0251790262518084,10,0.0,2026-06-30,monthly_walk_forward
2026-07-18,2026-0718-03-02-07-09,2021104927,リリエンフェルト,11,0,1596.0,159.60000610351562,11,-1.9731838387914964,0.0194322357757029,11,0.0,2026-06-30,monthly_walk_forward
2026-07-18,2026-0718-03-02-07-09,2022105116,マーキュリーダイム,12,0,718.0,71.80000305175781,9,-2.1226449533911467,0.0156961811984432,12,0.0,2026-06-30,monthly_walk_forward
2026-07-18,2026-0718-03-02-07-10,2022104608,グロスビーク,11,0,27.0,2.700000047683716,1,-0.0472036215762565,0.2167516752333017,1,0.0,2026-06-30,monthly_walk_forward
2026-07-18,2026-0718-03-02-07-10,2022101716,ピコシー,5,0,89.0,8.899999618530273,5,-0.4435133046427277,0.1230506001867136,2,0.0,2026-06-30,monthly_walk_forward
2026-07-18,2026-0718-03-02-07-10,2022104897,レッドベルダンス,3,0,55.0,5.5,2,-0.4501260155951164,0.1218936477114951,3,0.0,2026-06-30,monthly_walk_forward
2026-07-18,2026-0718-03-02-07-10,2022106328,モリノアミーゴ,1,1,183.0,18.299999237060547,8,-0.6531856227714921,0.0912008093386395,4,1830.0,2026-06-30,monthly_walk_forward
2026-07-18,2026-0718-03-02-07-10,2022100333,タケルハーロック,4,0,68.0,6.800000190734863,4,-0.8054319898490172,0.0733739495056491,5,0.0,2026-06-30,monthly_walk_forward
2026-07-18,2026-0718-03-02-07-10,2022103518,リラゲイル,8,0,194.0,19.399999618530273,9,-0.8479982266217151,0.0690451094809285,6,0.0,2026-06-30,monthly_walk_forward
2026-07-18,2026-0718-03-02-07-10,2022105610,ウインハルモニア,10,0,263.0,26.299999237060547,10,-0.9189762041692172,0.0623873755997104,7,0.0,2026-06-30,monthly_walk_forward
2026-07-18,2026-0718-03-02-07-10,2021101449,ライジンマル,6,0,67.0,6.699999809265137,3,-1.0523179001797256,0.0515666323609804,8,0.0,2026-06-30,monthly_walk_forward
2026-07-18,2026-0718-03-02-07-10,2022106893,ホープエトワール,15,0,3302.0,330.20001220703125,15,-1.092657520587575,0.0486789537012704,9,0.0,2026-06-30,monthly_walk_forward
2026-07-18,2026-0718-03-02-07-10,2021104868,フリーマントル,7,0,790.0,79.0,12,-1.2869922470435724,0.0368783897807885,10,0.0,2026-06-30,monthly_walk_forward
2026-07-18,2026-0718-03-02-07-10,2022100432,オーケーマヒナ,2,0,171.0,17.100000381469727,7,-1.337556901819518,0.0343084100673463,11,0.0,2026-06-30,monthly_walk_forward
2026-07-18,2026-0718-03-02-07-10,2022102691,マナエトレ,12,0,169.0,16.899999618530273,6,-1.4924642087913589,0.0274974799631057,12,0.0,2026-06-30,monthly_walk_forward
2026-07-18,2026-0718-03-02-07-10,2021103000,ヴァルドルチャ,14,0,569.0,56.900001525878906,11,-1.8444118081319711,0.0166317260306431,13,0.0,2026-06-30,monthly_walk_forward
2026-07-18,2026-0718-03-02-07-10,2018103473,サヴァビアン,9,0,3047.0,304.70001220703125,14,-1.854684816960924,0.0163894256772838,14,0.0,2026-06-30,monthly_walk_forward
2026-07-18,2026-0718-03-02-07-10,2021103588,グラスブランシュ,13,0,1719.0,171.89999389648438,13,-2.176722775146189,0.0103458153621435,15,0.0,2026-06-30,monthly_walk_forward
2026-07-18,2026-0718-03-02-07-11,2021105859,フォルラニーニ,15,0,40.0,4.0,1,0.7943559896467832,0.2580464089549862,1,0.0,2026-06-30,monthly_walk_forward
2026-07-18,2026-0718-03-02-07-11,2022106793,コスモアンソロジー,4,0,53.0,5.300000190734863,3,0.4951591302115537,0.1682944903372073,2,0.0,2026-06-30,monthly_walk_forward
2026-07-18,2026-0718-03-02-07-11,2021105105,ミラビリスマジック,1,1,48.0,4.800000190734863,2,0.1891035974073423,0.108689280497714,3,480.0,2026-06-30,monthly_walk_forward
2026-07-18,2026-0718-03-02-07-11,2022101227,ヴォンフレ,6,0,171.0,17.100000381469727,7,0.0887877151952503,0.0941778268980818,4,0.0,2026-06-30,monthly_walk_forward
2026-07-18,2026-0718-03-02-07-11,2020106811,タイキラフター,12,0,102.0,10.199999809265137,4,0.0532290466105625,0.0895132512203928,5,0.0,2026-06-30,monthly_walk_forward
2026-07-18,2026-0718-03-02-07-11,2021104189,テリオスサラ,8,0,139.0,13.899999618530272,6,-0.2020295153095821,0.0621612356370238,6,0.0,2026-06-30,monthly_walk_forward
2026-07-18,2026-0718-03-02-07-11,2020100495,ドラゴンヘッド,13,0,195.0,19.5,9,-0.6123589189719828,0.0345893808053995,7,0.0,2026-06-30,monthly_walk_forward
2026-07-18,2026-0718-03-02-07-11,2022100201,コンドゥイア,5,0,244.0,24.399999618530273,11,-0.7380143947301633,0.0289057026535757,8,0.0,2026-06-30,monthly_walk_forward
2026-07-18,2026-0718-03-02-07-11,2020100810,グラニット,10,0,484.0,48.400001525878906,14,-0.7624796240724141,0.0279128895079141,9,0.0,2026-06-30,monthly_walk_forward
2026-07-18,2026-0718-03-02-07-11,2022105696,サヴォンリンナ,16,0,242.0,24.200000762939453,10,-0.7798951215849428,0.0272270043971814,10,0.0,2026-06-30,monthly_walk_forward
2026-07-18,2026-0718-03-02-07-11,2020104550,ワイドアラジン,3,0,127.0,12.699999809265137,5,-0.9071155886481276,0.0227022891981728,11,0.0,2026-06-30,monthly_walk_forward
2026-07-18,2026-0718-03-02-07-11,2020100809,アマイ,11,0,284.0,28.399999618530273,12,-0.966506201015108,0.0208555903202978,12,0.0,2026-06-30,monthly_walk_forward
2026-07-18,2026-0718-03-02-07-11,2018106154,エスコバル,7,0,623.0,62.29999923706055,15,-1.0262490058492777,0.019149472491962,13,0.0,2026-06-30,monthly_walk_forward
2026-07-18,2026-0718-03-02-07-11,2020103928,ホウオウスーペリア,2,0,303.0,30.299999237060547,13,-1.1146449990363132,0.0168777329943907,14,0.0,2026-06-30,monthly_walk_forward
2026-07-18,2026-0718-03-02-07-11,2020105217,ウインオーディン,14,0,171.0,17.100000381469727,8,-1.2629887415260777,0.0136545875134574,15,0.0,2026-06-30,monthly_walk_forward
2026-07-18,2026-0718-03-02-07-11,2021105601,ショーマンフリート,9,0,1542.0,154.1999969482422,16,-1.7068306463131533,0.0072428565722418,16,0.0,2026-06-30,monthly_walk_forward
2026-07-18,2026-0718-03-02-07-12,2023105083,ベルゼビュート,4,0,40.0,4.0,3,0.4726048275463306,0.30069784366661,1,0.0,2026-06-30,monthly_walk_forward
2026-07-18,2026-0718-03-02-07-12,2023101112,ロイヤルスパイア,1,1,40.0,4.0,2,0.0395752773889189,0.1619831432556991,2,400.0,2026-06-30,monthly_walk_forward
2026-07-18,2026-0718-03-02-07-12,2023100955,ソニックブレイカー,2,0,31.0,3.0999999046325684,1,0.0352737740296379,0.1609908081377068,3,0.0,2026-06-30,monthly_walk_forward
2026-07-18,2026-0718-03-02-07-12,2023100633,アイアンナックル,11,0,130.0,13.0,5,-0.2800897577998938,0.1025989747356901,4,0.0,2026-06-30,monthly_walk_forward
2026-07-18,2026-0718-03-02-07-12,2023100479,ディヴァインスカイ,7,0,154.0,15.399999618530272,6,-0.4355201740168335,0.0821695247445257,5,0.0,2026-06-30,monthly_walk_forward
2026-07-18,2026-0718-03-02-07-12,2022110126,エコロカディス,12,0,225.0,22.5,7,-0.7578950199524574,0.0518445072630409,6,0.0,2026-06-30,monthly_walk_forward
2026-07-18,2026-0718-03-02-07-12,2021102784,ノアスペシャル,6,0,291.0,29.100000381469727,8,-1.18790076503955,0.0280490586691074,7,0.0,2026-06-30,monthly_walk_forward
2026-07-18,2026-0718-03-02-07-12,2022106926,ナインオブレター,8,0,2161.0,216.1000061035156,14,-1.3645710024991813,0.0217925685365316,8,0.0,2026-06-30,monthly_walk_forward
2026-07-18,2026-0718-03-02-07-12,2023101039,ベアアッコチャン,5,0,480.0,48.0,9,-1.4061446998358766,0.0205359708202973,9,0.0,2026-06-30,monthly_walk_forward
2026-07-18,2026-0718-03-02-07-12,2023102235,トワイライトサイト,10,0,1621.0,162.10000610351562,13,-1.5425126500078594,0.0169008964563121,10,0.0,2026-06-30,monthly_walk_forward
2026-07-18,2026-0718-03-02-07-12,2023101146,アンプイットアップ,3,0,69.0,6.900000095367432,4,-1.7582517688081785,0.0124182594294872,11,0.0,2026-06-30,monthly_walk_forward
2026-07-18,2026-0718-03-02-07-12,2023103085,トリスティ,15,0,750.0,75.0,10,-1.7734510012803195,0.0121515257117342,12,0.0,2026-06-30,monthly_walk_forward
2026-07-18,2026-0718-03-02-07-12,2020104291,ベリーベリーベリー,9,0,752.0,75.19999694824219,11,-1.9612401092781584,0.0092922858792298,13,0.0,2026-06-30,monthly_walk_forward
2026-07-18,2026-0718-03-02-07-12,2021100568,ロックオブソシジ,16,0,2481.0,248.1000061035156,15,-2.1196335354540152,0.0074105766551964,14,0.0,2026-06-30,monthly_walk_forward
2026-07-18,2026-0718-03-02-07-12,2020104617,ブルーリヴァーサル,14,0,3956.0,395.6000061035156,16,-2.1995288487682867,0.0066112457173565,15,0.0,2026-06-30,monthly_walk_forward
2026-07-18,2026-0718-03-02-07-12,2021103135,マナマカナ,13,0,1486.0,148.60000610351562,12,-2.4606480289444614,0.0045528103214742,16,0.0,2026-06-30,monthly_walk_forward
2026-07-18,2026-0718-10-02-07-01,2019100628,トゥデイイズザデイ,8,0,92.0,9.199999809265137,6,-0.162117772014605,0.3008212878444993,1,0.0,2026-06-30,monthly_walk_forward
2026-07-18,2026-0718-10-02-07-01,2021105646,タイセイレスポンス,4,0,38.0,3.799999952316284,1,-0.5357133101143603,0.1764095796951723,2,0.0,2026-06-30,monthly_walk_forward
2026-07-18,2026-0718-10-02-07-01,2019105759,フジフォンテ,12,0,65.0,6.5,3,-0.5413009852307671,0.1750070144578781,3,0.0,2026-06-30,monthly_walk_forward
2026-07-18,2026-0718-10-02-07-01,2022102738,エーオーキング,9,0,304.0,30.399999618530273,9,-1.1514035984980977,0.0732040607332235,4,0.0,2026-06-30,monthly_walk_forward
2026-07-18,2026-0718-10-02-07-01,2021110065,メイショウトム,2,0,94.0,9.399999618530272,7,-1.215938390493307,0.0667569448078178,5,0.0,2026-06-30,monthly_walk_forward
2026-07-18,2026-0718-10-02-07-01,2020100233,セイウンパシュート,1,1,42.0,4.199999809265137,2,-1.230333873604211,0.0653981099409669,6,420.0,2026-06-30,monthly_walk_forward
2026-07-18,2026-0718-10-02-07-01,2022101461,セイフウサツキ,3,0,69.0,6.900000095367432,4,-1.4179190993783233,0.0500245789727379,7,0.0,2026-06-30,monthly_walk_forward
2026-07-18,2026-0718-10-02-07-01,2021106561,コイヌール,5,0,77.0,7.699999809265137,5,-1.6318098095783091,0.0368537105408315,8,0.0,2026-06-30,monthly_walk_forward
2026-07-18,2026-0718-10-02-07-01,2022103528,ホウオウスターツ,7,0,191.0,19.100000381469727,8,-2.0389289086452593,0.0206013703147356,9,0.0,2026-06-30,monthly_walk_forward
2026-07-18,2026-0718-10-02-07-01,2021107224,アドアプローズ,6,0,770.0,77.0,11,-2.301145614620527,0.0141648323749755,10,0.0,2026-06-30,monthly_walk_forward
2026-07-18,2026-0718-10-02-07-01,2023103189,スラッシュ,11,0,2117.0,211.6999969482422,12,-2.504944280248665,0.0105869419326558,11,0.0,2026-06-30,monthly_walk_forward
2026-07-18,2026-0718-10-02-07-01,2022110139,アスクアットバット,10,0,763.0,76.30000305175781,10,-2.532961733791365,0.0101715683845054,12,0.0,2026-06-30,monthly_walk_forward
2026-07-18,2026-0718-10-02-07-04,2021104924,コンテナワールド,4,0,65.0,6.5,2,-0.0160921449372377,0.2420950925240997,1,0.0,2026-06-30,monthly_walk_forward
2026-07-18,2026-0718-10-02-07-04,2020103446,スマイルスルー,3,0,12.0,1.2000000476837158,1,-0.0372690878688824,0.2348807216102403,2,0.0,2026-06-30,monthly_walk_forward
2026-07-18,2026-0718-10-02-07-04,2017105248,オールザワールド,5,0,78.0,7.800000190734863,3,-0.216131985513889,0.1819186105845267,3,0.0,2026-06-30,monthly_walk_forward
2026-07-18,2026-0718-10-02-07-04,2019100641,アトラクティーボ,2,0,197.0,19.700000762939453,5,-0.4543663364026122,0.1294409257803106,4,0.0,2026-06-30,monthly_walk_forward
2026-07-18,2026-0718-10-02-07-04,2020103173,トーアモルペウス,6,0,736.0,73.5999984741211,7,-0.7836339810404741,0.0808699457274075,5,0.0,2026-06-30,monthly_walk_forward
2026-07-18,2026-0718-10-02-07-04,2020106836,マテンロウジョイ,8,0,124.0,12.399999618530272,4,-0.9374293964574422,0.0649186222201912,6,0.0,2026-06-30,monthly_walk_forward
2026-07-18,2026-0718-10-02-07-04,2021103504,スノーディーヴァ,7,0,249.0,24.899999618530273,6,-1.093735533228409,0.0519270598445884,7,0.0,2026-06-30,monthly_walk_forward
2026-07-18,2026-0718-10-02-07-04,2019105292,ヴァレッタカズマ,1,1,826.0,82.5999984741211,8,-2.0138369960628464,0.0139490217086352,8,8260.0,2026-06-30,monthly_walk_forward
2026-07-18,2026-0718-10-02-07-08,2021105113,ダノンアトラス,5,0,76.0,7.599999904632568,4,0.5294040123276601,0.2528272895609103,1,0.0,2026-06-30,monthly_walk_forward
2026-07-18,2026-0718-10-02-07-08,2023106941,ノンブルドール,2,0,42.0,4.199999809265137,3,0.4078812182554981,0.212534135716088,2,0.0,2026-06-30,monthly_walk_forward
2026-07-18,2026-0718-10-02-07-08,2023104552,フウセン,1,1,27.0,2.700000047683716,1,0.3662921999135184,0.2002746612712818,3,270.0,2026-06-30,monthly_walk_forward
2026-07-18,2026-0718-10-02-07-08,2023103737,ワンダフルボンド,4,0,37.0,3.700000047683716,2,-0.1648918364951663,0.0937709768656434,4,0.0,2026-06-30,monthly_walk_forward
2026-07-18,2026-0718-10-02-07-08,2020102736,ビヨンドザドリーム,8,0,212.0,21.200000762939453,7,-0.20101278902609,0.0890549889487933,5,0.0,2026-06-30,monthly_walk_forward
2026-07-18,2026-0718-10-02-07-08,2023106392,パラディオン,6,0,129.0,12.899999618530272,5,-0.3409285092953684,0.0729208372796424,6,0.0,2026-06-30,monthly_walk_forward
2026-07-18,2026-0718-10-02-07-08,2023107101,ダノンハドソン,10,0,304.0,30.399999618530273,8,-0.909819707795097,0.0323518989626408,7,0.0,2026-06-30,monthly_walk_forward
2026-07-18,2026-0718-10-02-07-08,2023104506,ゴールドアクセス,3,0,193.0,19.299999237060547,6,-1.1671039466121471,0.0224014078464429,8,0.0,2026-06-30,monthly_walk_forward
2026-07-18,2026-0718-10-02-07-08,2021105274,サイレントグルーヴ,9,0,502.0,50.20000076293945,10,-1.501476737273434,0.0138938791181759,9,0.0,2026-06-30,monthly_walk_forward
2026-07-18,2026-0718-10-02-07-08,2022102312,スリーラーケン,7,0,374.0,37.400001525878906,9,-1.7337895086628734,0.009969924430381,10,0.0,2026-06-30,monthly_walk_forward
2026-07-18,2026-0718-10-02-07-09,2024109104,カエリールークス,1,1,19.0,1.899999976158142,1,0.0367441267890849,0.2446478512732406,1,190.0,2026-06-30,monthly_walk_forward
2026-07-18,2026-0718-10-02-07-09,2024108115,トシミチ,15,0,84.0,8.399999618530273,4,-0.1663567882751502,0.1830346850105937,2,0.0,2026-06-30,monthly_walk_forward
2026-07-18,2026-0718-10-02-07-09,2024109107,リエーヴェ,6,0,35.0,3.5,2,-0.1804399749360093,0.1793890358998989,3,0.0,2026-06-30,monthly_walk_forward
2026-07-18,2026-0718-10-02-07-09,2024108118,スイトーヨ,13,0,75.0,7.5,3,-0.8335413240983759,0.0705664560624844,4,0.0,2026-06-30,monthly_walk_forward
2026-07-18,2026-0718-10-02-07-09,2024108116,バミューダボーイ,18,0,3400.0,340.0,15,-1.0535773962525783,0.0515327567598423,5,0.0,2026-06-30,monthly_walk_forward
2026-07-18,2026-0718-10-02-07-09,2024108122,タカヨシ,2,0,238.0,23.799999237060547,6,-1.0535773962525783,0.0515327567598423,6,0.0,2026-06-30,monthly_walk_forward
2026-07-18,2026-0718-10-02-07-09,2024108117,ユイノジカンカセギ,5,0,768.0,76.80000305175781,7,-1.3505536883877454,0.033715774475101,7,0.0,2026-06-30,monthly_walk_forward
2026-07-18,2026-0718-10-02-07-09,2024108030,ヘキレキ,9,0,887.0,88.69999694824219,8,-1.3837731836455596,0.0321531167937587,8,0.0,2026-06-30,monthly_walk_forward
2026-07-18,2026-0718-10-02-07-09,2024108089,ニシノキヅイタラ,16,0,980.0,98.0,10,-1.4518131357572055,0.0291749206907168,9,0.0,2026-06-30,monthly_walk_forward
2026-07-18,2026-0718-10-02-07-09,2024108085,グレートキリシマ,11,0,2155.0,215.5,13,-1.5489608035396456,0.0253943593676699,10,0.0,2026-06-30,monthly_walk_forward
2026-07-18,2026-0718-10-02-07-09,2024109102,タカモリ,3,0,135.0,13.5,5,-1.7896999525628778,0.0180043610155059,11,0.0,2026-06-30,monthly_walk_forward
2026-07-18,2026-0718-10-02-07-09,2024108050,ソゲソゲスマイル,10,0,2062.0,206.1999969482422,12,-1.9297983548308435,0.0147386520261561,12,0.0,2026-06-30,monthly_walk_forward
2026-07-18,2026-0718-10-02-07-09,2024108087,ニシノマティーニ,8,0,957.0,95.6999969482422,9,-1.9785963835671692,0.0137461936852454,13,0.0,2026-06-30,monthly_walk_forward
2026-07-18,2026-0718-10-02-07-09,2024108108,ワッザイカ,14,0,1140.0,114.0,11,-2.089283258281016,0.0117357279077973,14,0.0,2026-06-30,monthly_walk_forward
2026-07-18,2026-0718-10-02-07-09,2024109106,ルーストカール,4,0,2598.0,259.79998779296875,14,-2.099242829041599,0.0115699347075474,15,0.0,2026-06-30,monthly_walk_forward
2026-07-18,2026-0718-10-02-07-09,2024108106,カシノヴィタ,7,0,5581.0,558.0999755859375,17,-2.1431496794463905,0.0108665126460583,16,0.0,2026-06-30,monthly_walk_forward
2026-07-18,2026-0718-10-02-07-09,2024108093,カシノクロサイト,12,0,5197.0,519.7000122070312,16,-2.1986273206791793,0.0100385436879211,17,0.0,2026-06-30,monthly_walk_forward
2026-07-18,2026-0718-10-02-07-09,2024108061,ラブマイティー,17,0,6237.0,623.7000122070312,18,-2.3437994341381043,0.0081583612306189,18,0.0,2026-06-30,monthly_walk_forward
2026-07-18,2026-0718-10-02-07-10,2022104120,コスモストーム,2,0,29.0,2.9000000953674316,1,0.0156436722571306,0.2957158648028509,1,0.0,2026-06-30,monthly_walk_forward
2026-07-18,2026-0718-10-02-07-10,2022103047,ホウショウマリス,9,0,55.0,5.5,4,-0.5598939712861121,0.1299568462558991,2,0.0,2026-06-30,monthly_walk_forward
2026-07-18,2026-0718-10-02-07-10,2022105611,ワイドクリーガー,1,1,50.0,5.0,3,-0.6299845597862115,0.1175746006566677,3,500.0,2026-06-30,monthly_walk_forward
2026-07-18,2026-0718-10-02-07-10,2021100739,ワンダーカモン,3,0,235.0,23.5,7,-0.8200032535009165,0.0896235172268317,4,0.0,2026-06-30,monthly_walk_forward
2026-07-18,2026-0718-10-02-07-10,2022103619,タマモジャスミン,4,0,100.0,10.0,5,-0.8427624544195581,0.0867564363596177,5,0.0,2026-06-30,monthly_walk_forward
2026-07-18,2026-0718-10-02-07-10,2021106177,タマモナポリ,7,0,114.0,11.399999618530272,6,-0.917105902339474,0.0780148883550647,6,0.0,2026-06-30,monthly_walk_forward
2026-07-18,2026-0718-10-02-07-10,2022102739,ナリタヒカリ,10,0,1864.0,186.3999938964844,12,-1.180725183949778,0.0535331298132869,7,0.0,2026-06-30,monthly_walk_forward
2026-07-18,2026-0718-10-02-07-10,2021106544,タガノヘラクレス,6,0,45.0,4.5,2,-1.2760981755075165,0.0467144519452317,8,0.0,2026-06-30,monthly_walk_forward
2026-07-18,2026-0718-10-02-07-10,2021106854,ハピアーザンエバー,12,0,741.0,74.0999984741211,10,-1.3770522512635597,0.0404405693151341,9,0.0,2026-06-30,monthly_walk_forward
2026-07-18,2026-0718-10-02-07-10,2021105939,メイショウザンゲツ,11,0,849.0,84.9000015258789,11,-1.5763232745054028,0.0304218342260534,10,0.0,2026-06-30,monthly_walk_forward
2026-07-18,2026-0718-10-02-07-10,2020106101,シュヴァルツリーベ,5,0,259.0,25.899999618530273,8,-2.009127779884859,0.0163932297780524,11,0.0,2026-06-30,monthly_walk_forward
2026-07-18,2026-0718-10-02-07-10,2021107278,ユーヴェリア,8,0,597.0,59.70000076293945,9,-2.078117501273199,0.0148546312653092,12,0.0,2026-06-30,monthly_walk_forward
2026-07-18,2026-0718-10-02-07-11,2022110026,コウセキ,1,1,18.0,1.7999999523162842,1,0.2809848296441954,0.2546180852142203,1,180.0,2026-06-30,monthly_walk_forward
2026-07-18,2026-0718-10-02-07-11,2022102514,ベイビーキッス,3,0,93.0,9.300000190734863,3,-0.0690032470210793,0.1544363057427266,2,0.0,2026-06-30,monthly_walk_forward
2026-07-18,2026-0718-10-02-07-11,2020104520,アイルシャイン,2,0,177.0,17.700000762939453,7,-0.1948128188819533,0.1290311426308914,3,0.0,2026-06-30,monthly_walk_forward
2026-07-18,2026-0718-10-02-07-11,2021106661,ヒーローインチーフ,7,0,135.0,13.5,5,-0.4351553253630249,0.0915337130576885,4,0.0,2026-06-30,monthly_walk_forward
2026-07-18,2026-0718-10-02-07-11,2019100566,ミロワール,4,0,100.0,10.0,4,-0.5562507547754768,0.0769929517961847,5,0.0,2026-06-30,monthly_walk_forward
2026-07-18,2026-0718-10-02-07-11,2021101654,トーラスシャイン,8,0,55.0,5.5,2,-0.5816293269738297,0.0742515593945521,6,0.0,2026-06-30,monthly_walk_forward
2026-07-18,2026-0718-10-02-07-11,2021100157,ロードトレイル,5,0,184.0,18.399999618530273,8,-0.6581076477651269,0.0665666722361584,7,0.0,2026-06-30,monthly_walk_forward
2026-07-18,2026-0718-10-02-07-11,2021103977,リチャードバローズ,9,0,374.0,37.400001525878906,10,-0.8682059527185272,0.0493068787529974,8,0.0,2026-06-30,monthly_walk_forward
2026-07-18,2026-0718-10-02-07-11,2021107180,ジュンヴァンケット,12,0,166.0,16.600000381469727,6,-1.0514777461527898,0.0379491365778338,9,0.0,2026-06-30,monthly_walk_forward
2026-07-18,2026-0718-10-02-07-11,2022103707,エスペシャリー,11,0,334.0,33.400001525878906,9,-1.2317592904169583,0.0293326634546506,10,0.0,2026-06-30,monthly_walk_forward
2026-07-18,2026-0718-10-02-07-11,2022100791,ブラックケリー,10,0,725.0,72.5,11,-1.5622605235504865,0.0182937060686332,11,0.0,2026-06-30,monthly_walk_forward
2026-07-18,2026-0718-10-02-07-11,2019106739,ダークエクリプス,6,0,999.0,99.9000015258789,12,-1.5858622134124891,0.0176871850734623,12,0.0,2026-06-30,monthly_walk_forward
2026-07-18,2026-0718-10-02-07-12,2023107362,バートラガッツ,1,1,16.0,1.600000023841858,1,0.1438752966527702,0.2027478082192114,1,160.0,2026-06-30,monthly_walk_forward
2026-07-18,2026-0718-10-02-07-12,2022101417,フランキーバローズ,7,0,95.0,9.5,4,-0.0081417029512443,0.1631705120739239,2,0.0,2026-06-30,monthly_walk_forward
2026-07-18,2026-0718-10-02-07-12,2023100297,ブラックレジェンド,2,0,86.0,8.600000381469727,3,-0.3650393231689205,0.0979975028491405,3,0.0,2026-06-30,monthly_walk_forward
2026-07-18,2026-0718-10-02-07-12,2023101231,フリッシュ,11,0,280.0,28.0,8,-0.4124202136143309,0.0915838559320825,4,0.0,2026-06-30,monthly_walk_forward
2026-07-18,2026-0718-10-02-07-12,2022102916,モズプリヴェール,3,0,213.0,21.299999237060547,7,-0.5546696248099073,0.0747419538966819,5,0.0,2026-06-30,monthly_walk_forward
2026-07-18,2026-0718-10-02-07-12,2022103946,スマートクラビ,13,0,1396.0,139.60000610351562,14,-0.5582982312780047,0.0743555147341218,6,0.0,2026-06-30,monthly_walk_forward
2026-07-18,2026-0718-10-02-07-12,2022107325,レーンアジリティ,12,0,656.0,65.5999984741211,10,-0.6252384024190156,0.0675743874147854,7,0.0,2026-06-30,monthly_walk_forward
2026-07-18,2026-0718-10-02-07-12,2023110029,ジューンセクレタ,5,0,68.0,6.800000190734863,2,-0.6757819891654862,0.0628671583741027,8,0.0,2026-06-30,monthly_walk_forward
2026-07-18,2026-0718-10-02-07-12,2023102707,ヨカオウ,4,0,163.0,16.299999237060547,5,-0.8996041950919441,0.0456625229383857,9,0.0,2026-06-30,monthly_walk_forward
2026-07-18,2026-0718-10-02-07-12,2022102429,ミッキーコンドル,14,0,668.0,66.80000305175781,11,-1.1411133989183924,0.032338702933132,10,0.0,2026-06-30,monthly_walk_forward
2026-07-18,2026-0718-10-02-07-12,2023110079,アメリカンスタイル,6,0,166.0,16.600000381469727,6,-1.218760702791274,0.028943337122629,11,0.0,2026-06-30,monthly_walk_forward
2026-07-18,2026-0718-10-02-07-12,2023101694,ケンフィールド,9,0,581.0,58.099998474121094,9,-1.3161385932076677,0.0251845007149583,12,0.0,2026-06-30,monthly_walk_forward
2026-07-18,2026-0718-10-02-07-12,2022104176,チャチャピンク,8,0,911.0,91.0999984741211,12,-1.5355900055573986,0.018406921026945,13,0.0,2026-06-30,monthly_walk_forward
2026-07-18,2026-0718-10-02-07-12,2022106189,デュアルロール,10,0,1211.0,121.0999984741211,13,-1.7062091382335998,0.0144253217698992,14,0.0,2026-06-30,monthly_walk_forward
2026-07-19,2026-0719-02-01-12-07,2023104046,プリンセスアツコ,1,1,33.0,3.299999952316284,1,0.0087062066254134,0.1613184773090474,1,330.0,2026-06-30,monthly_walk_forward
2026-07-19,2026-0719-02-01-12-07,2023107412,リピース,10,0,89.0,8.899999618530273,5,-0.0115679230967894,0.1567132165085904,2,0.0,2026-06-30,monthly_walk_forward
2026-07-19,2026-0719-02-01-12-07,2023105830,ビーチイン,2,0,45.0,4.5,3,-0.0888954722489773,0.1403233722906112,3,0.0,2026-06-30,monthly_walk_forward
2026-07-19,2026-0719-02-01-12-07,2023105358,ジーティーアリア,7,0,54.0,5.400000095367432,4,-0.2575469599796382,0.1102795895693982,4,0.0,2026-06-30,monthly_walk_forward
2026-07-19,2026-0719-02-01-12-07,2023105672,ゴールドヴィーナス,13,0,142.0,14.199999809265137,6,-0.4473880523666415,0.0840840844797061,5,0.0,2026-06-30,monthly_walk_forward
2026-07-19,2026-0719-02-01-12-07,2023106847,ヴァレンティーニ,5,0,44.0,4.400000095367432,2,-0.4869283992840056,0.0794661459612067,6,0.0,2026-06-30,monthly_walk_forward
2026-07-19,2026-0719-02-01-12-07,2023102432,ゴールドドレッサ,3,0,231.0,23.100000381469727,7,-0.4970879098932785,0.0783211363682469,7,0.0,2026-06-30,monthly_walk_forward
2026-07-19,2026-0719-02-01-12-07,2023104420,クッカユフラ,12,0,809.0,80.9000015258789,10,-0.7888904840879727,0.0516224516389662,8,0.0,2026-06-30,monthly_walk_forward
2026-07-19,2026-0719-02-01-12-07,2023102250,ミリオンアップ,4,0,385.0,38.5,8,-0.8174847450573904,0.0495562180291235,9,0.0,2026-06-30,monthly_walk_forward
2026-07-19,2026-0719-02-01-12-07,2022106613,ストラニエーロ,11,0,443.0,44.29999923706055,9,-1.2031221820043676,0.0285654263789059,10,0.0,2026-06-30,monthly_walk_forward
2026-07-19,2026-0719-02-01-12-07,2021102494,ブーケドグレイス,8,0,879.0,87.9000015258789,11,-1.2770951344197223,0.0257007833601819,11,0.0,2026-06-30,monthly_walk_forward
2026-07-19,2026-0719-02-01-12-07,2022101315,スタンピー,14,0,3714.0,371.3999938964844,14,-1.7493959400888477,0.0130894431080796,12,0.0,2026-06-30,monthly_walk_forward
2026-07-19,2026-0719-02-01-12-07,2022101473,ライラックデューン,6,0,1113.0,111.3000030517578,13,-1.896726330365566,0.0106050897354477,13,0.0,2026-06-30,monthly_walk_forward
2026-07-19,2026-0719-02-01-12-07,2022101408,フェニーチェドーロ,9,0,1039.0,103.9000015258789,12,-1.9134609076474676,0.0103545652624876,14,0.0,2026-06-30,monthly_walk_forward
2026-07-19,2026-0719-02-01-12-08,2023102427,イングラム,5,0,24.0,2.4000000953674316,1,-0.0174349743534744,0.2158699081050702,1,0.0,2026-06-30,monthly_walk_forward
2026-07-19,2026-0719-02-01-12-08,2023105059,グレイトソン,3,0,68.0,6.800000190734863,3,-0.0984872426985931,0.1922673774527812,2,0.0,2026-06-30,monthly_walk_forward
2026-07-19,2026-0719-02-01-12-08,2022103306,ワイドデコラシオン,2,0,54.0,5.400000095367432,2,-0.1961587144867618,0.1672276938801077,3,0.0,2026-06-30,monthly_walk_forward
2026-07-19,2026-0719-02-01-12-08,2021101624,キャンドルマス,9,0,68.0,6.800000190734863,4,-0.4122370941989912,0.1228142339450265,4,0.0,2026-06-30,monthly_walk_forward
2026-07-19,2026-0719-02-01-12-08,2023104539,フレンズプラス,1,1,77.0,7.699999809265137,5,-0.5437400349445243,0.1017797919127721,5,770.0,2026-06-30,monthly_walk_forward
2026-07-19,2026-0719-02-01-12-08,2022101418,レストプレドゥモア,4,0,89.0,8.899999618530273,6,-0.8423780023981551,0.0664324677349961,6,0.0,2026-06-30,monthly_walk_forward
2026-07-19,2026-0719-02-01-12-08,2021102550,メイショウハッブル,7,0,241.0,24.100000381469727,8,-0.852688317584308,0.0654611532922705,7,0.0,2026-06-30,monthly_walk_forward
2026-07-19,2026-0719-02-01-12-08,2023100655,タイセイモノリス,10,0,234.0,23.399999618530273,7,-1.2733825011582294,0.0358902329704001,8,0.0,2026-06-30,monthly_walk_forward
2026-07-19,2026-0719-02-01-12-08,2022102492,グッバイウェーブ,6,0,354.0,35.400001525878906,9,-1.5501034351717662,0.0241709035310792,9,0.0,2026-06-30,monthly_walk_forward
2026-07-19,2026-0719-02-01-12-08,2023103809,プレザントトーン,8,0,1640.0,164.0,10,-2.3165936869318307,0.0080862371754961,10,0.0,2026-06-30,monthly_walk_forward
2026-07-19,2026-0719-02-01-12-09,2023106859,モンローウォーク,1,1,15.0,1.5,1,1.0671545188121363,0.3546955686021619,1,150.0,2026-06-30,monthly_walk_forward
2026-07-19,2026-0719-02-01-12-09,2023101591,アストリル,2,0,51.0,5.099999904632568,2,0.5216678161068655,0.1627138522099482,2,0.0,2026-06-30,monthly_walk_forward
2026-07-19,2026-0719-02-01-12-09,2022106709,レーヴドロペラ,4,0,189.0,18.899999618530273,5,0.4361310310396792,0.1439977598623763,3,0.0,2026-06-30,monthly_walk_forward
2026-07-19,2026-0719-02-01-12-09,2022102295,マドモアゼルアスク,7,0,368.0,36.79999923706055,7,0.0144886130568824,0.0788424400770395,4,0.0,2026-06-30,monthly_walk_forward
2026-07-19,2026-0719-02-01-12-09,2022105549,ハートメテオ,11,0,405.0,40.5,8,-0.2336853925860106,0.0553079764519488,5,0.0,2026-06-30,monthly_walk_forward
2026-07-19,2026-0719-02-01-12-09,2022105394,ハニードレス,6,0,489.0,48.900001525878906,9,-0.3466027661726495,0.0470686231593712,6,0.0,2026-06-30,monthly_walk_forward
2026-07-19,2026-0719-02-01-12-09,2022105849,マイスターヴェルク,5,0,65.0,6.5,3,-0.386731013435633,0.0444462474489554,7,0.0,2026-06-30,monthly_walk_forward
2026-07-19,2026-0719-02-01-12-09,2021104978,マルカオペラ,12,0,314.0,31.399999618530273,6,-0.5945883651874216,0.0330275302151864,8,0.0,2026-06-30,monthly_walk_forward
2026-07-19,2026-0719-02-01-12-09,2021105144,トレミニョン,9,0,588.0,58.79999923706055,10,-0.651141761901633,0.0304641595487862,9,0.0,2026-06-30,monthly_walk_forward
2026-07-19,2026-0719-02-01-12-09,2022105977,ロートホルン,3,0,117.0,11.699999809265137,4,-0.7201018215575286,0.0276060934339439,10,0.0,2026-06-30,monthly_walk_forward
2026-07-19,2026-0719-02-01-12-09,2021105321,エーデル,10,0,1673.0,167.3000030517578,11,-1.427864337876452,0.0100437165083377,11,0.0,2026-06-30,monthly_walk_forward
2026-07-19,2026-0719-02-01-12-09,2020102803,エリム,8,0,5827.0,582.7000122070312,13,-1.703328787606195,0.0067762684440099,12,0.0,2026-06-30,monthly_walk_forward
2026-07-19,2026-0719-02-01-12-09,2022105844,タイヨウフレア,13,0,3174.0,317.3999938964844,12,-1.914755217981309,0.0050097640379341,13,0.0,2026-06-30,monthly_walk_forward
2026-07-19,2026-0719-02-01-12-10,2023104324,タガノエルー,2,0,19.0,1.899999976158142,1,0.667815293451641,0.2338645640110305,1,0.0,2026-06-30,monthly_walk_forward
2026-07-19,2026-0719-02-01-12-10,2023104414,シーズザスローン,1,1,41.0,4.099999904632568,2,0.6439936936210929,0.2260398485207446,2,410.0,2026-06-30,monthly_walk_forward
2026-07-19,2026-0719-02-01-12-10,2022106209,ウインシャーガス,6,0,60.0,6.0,3,0.5670637382543102,0.2025144755885432,3,0.0,2026-06-30,monthly_walk_forward
2026-07-19,2026-0719-02-01-12-10,2022101572,プライベートアイズ,3,0,85.0,8.5,4,-0.1951838640578453,0.0681619316612068,4,0.0,2026-06-30,monthly_walk_forward
2026-07-19,2026-0719-02-01-12-10,2022105486,テルアスワッド,12,0,527.0,52.70000076293945,9,-0.2699938984372605,0.0612531174047949,5,0.0,2026-06-30,monthly_walk_forward
2026-07-19,2026-0719-02-01-12-10,2022105569,ルージュマローネ,14,0,487.0,48.70000076293945,8,-0.3196120630149306,0.0570616151914822,6,0.0,2026-06-30,monthly_walk_forward
2026-07-19,2026-0719-02-01-12-10,2021104320,キングベルベット,13,0,158.0,15.800000190734863,5,-0.5283489426230047,0.042348631646401,7,0.0,2026-06-30,monthly_walk_forward
2026-07-19,2026-0719-02-01-12-10,2022102828,メイショウタイピン,7,0,290.0,29.0,7,-0.6463015640357874,0.0357815488433637,8,0.0,2026-06-30,monthly_walk_forward
2026-07-19,2026-0719-02-01-12-10,2021104039,ジュンラトゥール,9,0,262.0,26.200000762939453,6,-0.7239682289293483,0.0320238195452159,9,0.0,2026-06-30,monthly_walk_forward
2026-07-19,2026-0719-02-01-12-10,2022102394,マーウォルス,5,0,764.0,76.4000015258789,10,-1.3639509681739743,0.0128355534096637,10,0.0,2026-06-30,monthly_walk_forward
2026-07-19,2026-0719-02-01-12-10,2022104910,レイザリオ,11,0,1032.0,103.1999969482422,12,-1.5863620884598708,0.009341704766711,11,0.0,2026-06-30,monthly_walk_forward
2026-07-19,2026-0719-02-01-12-10,2020101655,マンダリンボレロ,4,0,782.0,78.19999694824219,11,-1.7362329426535044,0.0075412468910331,12,0.0,2026-06-30,monthly_walk_forward
2026-07-19,2026-0719-02-01-12-10,2022103288,ヤコブセン,8,0,2277.0,227.6999969482422,13,-1.7813221235436598,0.0070708056232278,13,0.0,2026-06-30,monthly_walk_forward
2026-07-19,2026-0719-02-01-12-10,2019102163,フォーワンセルフ,10,0,3543.0,354.29998779296875,14,-2.1524523890432845,0.0041611368965812,14,0.0,2026-06-30,monthly_walk_forward
2026-07-19,2026-0719-02-01-12-11,2024108226,シグレ,5,0,36.0,3.5999999046325684,1,0.4554445040617417,0.1493973932374961,1,0.0,2026-06-30,monthly_walk_forward
2026-07-19,2026-0719-02-01-12-11,2024100445,ロンドンガーズ,12,0,40.0,4.0,3,0.3189321743131925,0.122927187729517,2,0.0,2026-06-30,monthly_walk_forward
2026-07-19,2026-0719-02-01-12-11,2024100768,ノリヤンモーニン,4,0,123.0,12.300000190734863,5,0.3037303383336849,0.1202863682425852,3,0.0,2026-06-30,monthly_walk_forward
2026-07-19,2026-0719-02-01-12-11,2024105568,フェリチタ,1,1,236.0,23.600000381469727,9,0.1950525387311644,0.1029889089604543,4,2360.0,2026-06-30,monthly_walk_forward
2026-07-19,2026-0719-02-01-12-11,2024102354,ダイメイビッグボス,10,0,94.0,9.399999618530272,4,0.107128257848222,0.0908323215876963,5,0.0,2026-06-30,monthly_walk_forward
2026-07-19,2026-0719-02-01-12-11,2024106378,イモージェン,2,0,39.0,3.900000095367432,2,0.0317865401132289,0.081563687887866,6,0.0,2026-06-30,monthly_walk_forward
2026-07-19,2026-0719-02-01-12-11,2024104113,ダマスク,9,0,1042.0,104.1999969482422,13,-0.0133970929191151,0.0764652289796963,7,0.0,2026-06-30,monthly_walk_forward
2026-07-19,2026-0719-02-01-12-11,2024103097,クロリス,11,0,520.0,52.0,11,-0.1114034739448888,0.0664750705621945,8,0.0,2026-06-30,monthly_walk_forward
2026-07-19,2026-0719-02-01-12-11,2024100255,アルテクィーン,8,0,267.0,26.700000762939453,10,-0.3068595077434321,0.0502798345521557,9,0.0,2026-06-30,monthly_walk_forward
2026-07-19,2026-0719-02-01-12-11,2024103288,ダイシンドラゴン,3,0,197.0,19.700000762939453,8,-0.3225780798476905,0.0491633776775655,10,0.0,2026-06-30,monthly_walk_forward
2026-07-19,2026-0719-02-01-12-11,2024107264,セタキト,7,0,179.0,17.899999618530273,7,-0.4318811297175831,0.0420559879115781,11,0.0,2026-06-30,monthly_walk_forward
2026-07-19,2026-0719-02-01-12-11,2024106248,ショウナンカノア,6,0,154.0,15.399999618530272,6,-0.6606872061926694,0.0303299584735408,12,0.0,2026-06-30,monthly_walk_forward
2026-07-19,2026-0719-02-01-12-11,2024103180,ウンスイ,13,0,859.0,85.9000015258789,12,-1.0563360655923055,0.0172346741976535,13,0.0,2026-06-30,monthly_walk_forward
2026-07-19,2026-0719-02-01-12-12,2022101920,マグネシアブリック,3,0,51.0,5.099999904632568,3,-0.2329507438003167,0.1844211675175634,1,0.0,2026-06-30,monthly_walk_forward
2026-07-19,2026-0719-02-01-12-12,2023102440,ホウオウヘッセン,1,1,33.0,3.299999952316284,1,-0.40615756718434,0.1439957487721295,2,330.0,2026-06-30,monthly_walk_forward
2026-07-19,2026-0719-02-01-12-12,2022110039,コモンスナイプ,5,0,74.0,7.400000095367432,4,-0.4079319701941482,0.1436312017339871,3,0.0,2026-06-30,monthly_walk_forward
2026-07-19,2026-0719-02-01-12-12,2023105797,ロードクラシコ,7,0,36.0,3.5999999046325684,2,-0.5314718927944984,0.1203932311448375,4,0.0,2026-06-30,monthly_walk_forward
2026-07-19,2026-0719-02-01-12-12,2022101103,ザカリナン,2,0,107.0,10.699999809265137,5,-0.900467917367842,0.0710672160128134,5,0.0,2026-06-30,monthly_walk_forward
2026-07-19,2026-0719-02-01-12-12,2023102024,アヤサンジョリーン,9,0,928.0,92.8000030517578,12,-0.9357393865073914,0.0675750154331951,6,0.0,2026-06-30,monthly_walk_forward
2026-07-19,2026-0719-02-01-12-12,2023102872,ミスターバッドガイ,6,0,126.0,12.600000381469728,6,-1.0932294949883643,0.0539605083029264,7,0.0,2026-06-30,monthly_walk_forward
2026-07-19,2026-0719-02-01-12-12,2022105415,ソードマスター,14,0,136.0,13.600000381469728,7,-1.0991249991123426,0.0535079532933279,8,0.0,2026-06-30,monthly_walk_forward
2026-07-19,2026-0719-02-01-12-12,2023106197,フレンドモナコ,13,0,893.0,89.30000305175781,11,-1.1085841226996405,0.0527897619181601,9,0.0,2026-06-30,monthly_walk_forward
2026-07-19,2026-0719-02-01-12-12,2021103535,シャインズオンユー,4,0,357.0,35.70000076293945,9,-1.549346731668752,0.0281249307666002,10,0.0,2026-06-30,monthly_walk_forward
2026-07-19,2026-0719-02-01-12-12,2021101100,ルクスアドラー,10,0,330.0,33.0,8,-1.599105975382736,0.0261950841424636,11,0.0,2026-06-30,monthly_walk_forward
2026-07-19,2026-0719-02-01-12-12,2023106823,マイオウンウェイ,11,0,1863.0,186.3000030517578,13,-1.702642476320735,0.0225935050534266,12,0.0,2026-06-30,monthly_walk_forward
2026-07-19,2026-0719-02-01-12-12,2019110122,ブラヴィーノ,12,0,2673.0,267.29998779296875,14,-1.7311635269847592,0.0216914488325423,13,0.0,2026-06-30,monthly_walk_forward
2026-07-19,2026-0719-02-01-12-12,2023105813,ロードヴェルテクス,8,0,624.0,62.400001525878906,10,-2.269480631352948,0.0100532270760261,14,0.0,2026-06-30,monthly_walk_forward
2026-07-19,2026-0719-03-02-08-08,2023103814,アメテュストス,11,0,33.0,3.299999952316284,1,0.7674395743064135,0.1819410499803579,1,0.0,2026-06-30,monthly_walk_forward
2026-07-19,2026-0719-03-02-08-08,2023105257,ミエノストロング,14,0,91.0,9.100000381469728,6,0.4472271013693238,0.115150082588583,2,0.0,2026-06-30,monthly_walk_forward
2026-07-19,2026-0719-03-02-08-08,2023105943,トーセンブリラーレ,10,0,54.0,5.400000095367432,2,0.3542525245173556,0.1008279419811993,3,0.0,2026-06-30,monthly_walk_forward
2026-07-19,2026-0719-03-02-08-08,2023107320,リスレジャンデール,5,0,87.0,8.699999809265137,5,0.3406860616724164,0.0988926440502873,4,0.0,2026-06-30,monthly_walk_forward
2026-07-19,2026-0719-03-02-08-08,2022103308,ミッドセンチュリー,3,0,476.0,47.599998474121094,12,0.275121294765265,0.0900505253410534,5,0.0,2026-06-30,monthly_walk_forward
2026-07-19,2026-0719-03-02-08-08,2023105433,モウエエデショー,4,0,78.0,7.800000190734863,4,0.2515654857446521,0.0870706405678536,6,0.0,2026-06-30,monthly_walk_forward
2026-07-19,2026-0719-03-02-08-08,2022106792,コスモアチーブ,8,0,372.0,37.20000076293945,10,0.0916643404845925,0.0692892341134071,7,0.0,2026-06-30,monthly_walk_forward
2026-07-19,2026-0719-03-02-08-08,2023107353,コズミックボックス,6,0,539.0,53.900001525878906,13,0.0526142980930588,0.0655297191607883,8,0.0,2026-06-30,monthly_walk_forward
2026-07-19,2026-0719-03-02-08-08,2023106852,ロスパレドネス,12,0,70.0,7.0,3,0.0519937529802751,0.0654716532635725,9,0.0,2026-06-30,monthly_walk_forward
2026-07-19,2026-0719-03-02-08-08,2021102717,ジャグアール,13,0,398.0,39.79999923706055,11,-0.205836851624393,0.0452991305530673,10,0.0,2026-06-30,monthly_walk_forward
2026-07-19,2026-0719-03-02-08-08,2022101175,ピエナフェーヴル,1,1,220.0,22.0,8,-0.5009516696896689,0.0297162858898025,11,2200.0,2026-06-30,monthly_walk_forward
2026-07-19,2026-0719-03-02-08-08,2022103494,スイートオレンジ,2,0,97.0,9.699999809265137,7,-0.9005434296261273,0.0167911148854987,12,0.0,2026-06-30,monthly_walk_forward
2026-07-19,2026-0719-03-02-08-08,2022100700,ポッドロルフ,9,0,351.0,35.099998474121094,9,-0.9224045777632718,0.0162748286401698,13,0.0,2026-06-30,monthly_walk_forward
2026-07-19,2026-0719-03-02-08-08,2022104851,アレクレア,7,0,1760.0,176.0,14,-1.044278379058318,0.0136742462587094,14,0.0,2026-06-30,monthly_walk_forward
2026-07-19,2026-0719-03-02-08-08,2021101647,インヴェスター,16,0,7700.0,770.0,16,-2.246701470123061,0.0024541168361446,15,0.0,2026-06-30,monthly_walk_forward
2026-07-19,2026-0719-03-02-08-08,2022101291,クラウンテック,15,0,5713.0,571.2999877929688,15,-2.560819917289923,0.0015667858895049,16,0.0,2026-06-30,monthly_walk_forward
2026-07-19,2026-0719-03-02-08-09,2023107279,ガラベイヤ,3,0,51.0,5.099999904632568,3,0.7873965958540845,0.252263764429197,1,0.0,2026-06-30,monthly_walk_forward
2026-07-19,2026-0719-03-02-08-09,2021101399,ヴァンヴィーヴ,6,0,39.0,3.900000095367432,1,0.4886162894297846,0.1646210581215267,2,0.0,2026-06-30,monthly_walk_forward
2026-07-19,2026-0719-03-02-08-09,2021100144,ロードトレゾール,5,0,98.0,9.800000190734863,5,0.266410439280987,0.1198462038737268,3,0.0,2026-06-30,monthly_walk_forward
2026-07-19,2026-0719-03-02-08-09,2023100797,ハッピーエンジェル,1,1,40.0,4.0,2,0.1466745409221771,0.101003786176123,4,400.0,2026-06-30,monthly_walk_forward
2026-07-19,2026-0719-03-02-08-09,2022104186,ヴェントゥーラ,11,0,62.0,6.199999809265137,4,-0.1409363402534066,0.0669727162052748,5,0.0,2026-06-30,monthly_walk_forward
2026-07-19,2026-0719-03-02-08-09,2023101558,ルージュブリッツ,14,0,293.0,29.299999237060547,9,-0.1850961356005825,0.0628782233879093,6,0.0,2026-06-30,monthly_walk_forward
2026-07-19,2026-0719-03-02-08-09,2021103478,ファビュラススター,7,0,273.0,27.299999237060547,8,-0.4492378023875416,0.0431142968449817,7,0.0,2026-06-30,monthly_walk_forward
2026-07-19,2026-0719-03-02-08-09,2022101906,キョウエイボニータ,9,0,340.0,34.0,10,-0.5564695561767105,0.0369906965246498,8,0.0,2026-06-30,monthly_walk_forward
2026-07-19,2026-0719-03-02-08-09,2022110015,プリティディーヴァ,13,0,456.0,45.599998474121094,12,-0.7112222376766613,0.0296538266095759,9,0.0,2026-06-30,monthly_walk_forward
2026-07-19,2026-0719-03-02-08-09,2021100248,セイウンデセオ,2,0,197.0,19.700000762939453,6,-0.9148920413190684,0.0221676565439543,10,0.0,2026-06-30,monthly_walk_forward
2026-07-19,2026-0719-03-02-08-09,2020103898,イグニション,12,0,688.0,68.80000305175781,13,-0.9482429192089388,0.0211362632518651,11,0.0,2026-06-30,monthly_walk_forward
2026-07-19,2026-0719-03-02-08-09,2021105833,カリーシ,15,0,813.0,81.30000305175781,14,-0.955270309676145,0.020925135117958,12,0.0,2026-06-30,monthly_walk_forward
2026-07-19,2026-0719-03-02-08-09,2022104722,ダンケルド,4,0,381.0,38.099998474121094,11,-0.9938761133987172,0.0198023362948621,13,0.0,2026-06-30,monthly_walk_forward
2026-07-19,2026-0719-03-02-08-09,2022101629,クレオズニードル,8,0,1233.0,123.3000030517578,16,-1.0982719553984122,0.017058745559899,14,0.0,2026-06-30,monthly_walk_forward
2026-07-19,2026-0719-03-02-08-09,2020105803,マイネルラッシュ,10,0,1173.0,117.3000030517578,15,-1.110292762328804,0.0167683038191176,15,0.0,2026-06-30,monthly_walk_forward
2026-07-19,2026-0719-03-02-08-09,2023103983,ポッドデスペア,16,0,204.0,20.399999618530273,7,-1.986344417525836,0.0047969872393781,16,0.0,2026-06-30,monthly_walk_forward
2026-07-19,2026-0719-03-02-08-10,2022104635,アロンズロッド,2,0,28.0,2.799999952316284,1,0.6258871569538244,0.2814141143742851,1,0.0,2026-06-30,monthly_walk_forward
2026-07-19,2026-0719-03-02-08-10,2022106825,コスモイシュタル,3,0,49.0,4.900000095367432,4,0.4813684043252818,0.2289198495251528,2,0.0,2026-06-30,monthly_walk_forward
2026-07-19,2026-0719-03-02-08-10,2022100781,ルールーリマ,1,1,36.0,3.5999999046325684,2,0.4125712586933249,0.2074914851897301,3,360.0,2026-06-30,monthly_walk_forward
2026-07-19,2026-0719-03-02-08-10,2017101772,ヤマニンガラッシア,9,0,200.0,20.0,5,-0.2718238540374051,0.0780526032244634,4,0.0,2026-06-30,monthly_walk_forward
2026-07-19,2026-0719-03-02-08-10,2022103522,ジェットブレード,10,0,237.0,23.700000762939453,7,-0.4206329403508864,0.0631049107044481,5,0.0,2026-06-30,monthly_walk_forward
2026-07-19,2026-0719-03-02-08-10,2022104669,クラヴァンス,4,0,45.0,4.5,3,-0.5393385346591311,0.0532617890255708,6,0.0,2026-06-30,monthly_walk_forward
2026-07-19,2026-0719-03-02-08-10,2021106826,レッセパッセ,8,0,349.0,34.900001525878906,8,-0.9541057978261916,0.0294500176250378,7,0.0,2026-06-30,monthly_walk_forward
2026-07-19,2026-0719-03-02-08-10,2021105375,バードウォッチャー,5,0,232.0,23.200000762939453,6,-1.357645651430524,0.0165470692809768,8,0.0,2026-06-30,monthly_walk_forward
2026-07-19,2026-0719-03-02-08-10,2022104781,ゴーソーファー,12,0,1006.0,100.5999984741211,10,-1.4542338587010102,0.0144143732362757,9,0.0,2026-06-30,monthly_walk_forward
2026-07-19,2026-0719-03-02-08-10,2022106772,バセリーナ,6,0,871.0,87.0999984741211,9,-1.5353934846611854,0.0128363825715167,10,0.0,2026-06-30,monthly_walk_forward
2026-07-19,2026-0719-03-02-08-10,2022103405,ヨシヒロ,11,0,1993.0,199.3000030517578,11,-1.9321071970268335,0.0072830494323212,11,0.0,2026-06-30,monthly_walk_forward
2026-07-19,2026-0719-03-02-08-10,2022102532,ビッグデイメイク,7,0,3877.0,387.7000122070313,12,-1.9377713056598689,0.0072243558102208,12,0.0,2026-06-30,monthly_walk_forward
2026-07-19,2026-0719-03-02-08-11,2022110107,エコロアゼル,9,0,48.0,4.800000190734863,1,0.8649737720724445,0.1992393829208402,1,0.0,2026-06-30,monthly_walk_forward
2026-07-19,2026-0719-03-02-08-11,2021104461,ガビーズシスター,2,0,60.0,6.0,3,0.556964615080142,0.1283157405523889,2,0.0,2026-06-30,monthly_walk_forward
2026-07-19,2026-0719-03-02-08-11,2020104597,ショウナンアビアス,14,0,155.0,15.5,7,0.4915962491235104,0.1168756524063444,3,0.0,2026-06-30,monthly_walk_forward
2026-07-19,2026-0719-03-02-08-11,2020100162,ロードアウォード,8,0,208.0,20.799999237060547,9,0.4149852119739008,0.1047593935728261,4,0.0,2026-06-30,monthly_walk_forward
2026-07-19,2026-0719-03-02-08-11,2021103716,メイショウホウレン,4,0,90.0,9.0,6,0.3934838969648622,0.1015905040392636,5,0.0,2026-06-30,monthly_walk_forward
2026-07-19,2026-0719-03-02-08-11,2020101174,ユキマル,5,0,49.0,4.900000095367432,2,0.2049682502244575,0.0776057870522261,6,0.0,2026-06-30,monthly_walk_forward
2026-07-19,2026-0719-03-02-08-11,2021102153,プレゼンティーア,7,0,158.0,15.800000190734863,8,0.0684496613496216,0.0638550355251098,7,0.0,2026-06-30,monthly_walk_forward
2026-07-19,2026-0719-03-02-08-11,2020110105,マニバドラ,16,0,72.0,7.199999809265137,4,-0.0540173166760416,0.0536060866502561,8,0.0,2026-06-30,monthly_walk_forward
2026-07-19,2026-0719-03-02-08-11,2022110142,ファムエレガンテ,3,0,84.0,8.399999618530273,5,-0.3075804382878636,0.0373162760858608,9,0.0,2026-06-30,monthly_walk_forward
2026-07-19,2026-0719-03-02-08-11,2021110008,ルディック,11,0,280.0,28.0,11,-0.3605966185029073,0.0345944127342898,10,0.0,2026-06-30,monthly_walk_forward
2026-07-19,2026-0719-03-02-08-11,2021100768,ジョーローリット,1,1,222.0,22.200000762939453,10,-0.4686302006037319,0.0296469276244836,11,2220.0,2026-06-30,monthly_walk_forward
2026-07-19,2026-0719-03-02-08-11,2020104228,ケイアイアニラ,15,0,1816.0,181.6000061035156,16,-1.108834292902547,0.0118791079642162,12,0.0,2026-06-30,monthly_walk_forward
2026-07-19,2026-0719-03-02-08-11,2022110151,ゲッティヴィラ,6,0,829.0,82.9000015258789,13,-1.148215467377044,0.0112292547401642,13,0.0,2026-06-30,monthly_walk_forward
2026-07-19,2026-0719-03-02-08-11,2018110126,ジャスパーゴールド,13,0,1581.0,158.10000610351562,14,-1.1577169044853628,0.0110778644288864,14,0.0,2026-06-30,monthly_walk_forward
2026-07-19,2026-0719-03-02-08-11,2021105608,カズゴルティス,12,0,1797.0,179.6999969482422,15,-1.196814401039106,0.0104760882975073,15,0.0,2026-06-30,monthly_walk_forward
2026-07-19,2026-0719-03-02-08-11,2020101182,グッジョブ,10,0,485.0,48.5,12,-1.3915046664205373,0.0079324854053358,16,0.0,2026-06-30,monthly_walk_forward
2026-07-19,2026-0719-03-02-08-12,2023100964,エアトベーレ,1,1,36.0,3.5999999046325684,1,0.3127187999380731,0.3182736376954784,1,360.0,2026-06-30,monthly_walk_forward
2026-07-19,2026-0719-03-02-08-12,2022104619,ヘルヴェティオス,5,0,66.0,6.599999904632568,3,-0.1462317311029463,0.1652183434723231,2,0.0,2026-06-30,monthly_walk_forward
2026-07-19,2026-0719-03-02-08-12,2023102364,サムシングニュー,3,0,95.0,9.5,5,-0.2091181233696786,0.1510227049853087,3,0.0,2026-06-30,monthly_walk_forward
2026-07-19,2026-0719-03-02-08-12,2023102160,アルデキングダム,14,0,70.0,7.0,4,-0.7680521328775196,0.0679622927650291,4,0.0,2026-06-30,monthly_walk_forward
2026-07-19,2026-0719-03-02-08-12,2022104301,リポジノ,11,0,96.0,9.600000381469728,6,-0.8386598718334377,0.061441458963258,5,0.0,2026-06-30,monthly_walk_forward
2026-07-19,2026-0719-03-02-08-12,2023106694,ノーウェアマン,4,0,161.0,16.100000381469727,9,-1.0344393625854036,0.0464510861370644,6,0.0,2026-06-30,monthly_walk_forward
2026-07-19,2026-0719-03-02-08-12,2023107394,イサチルシーキング,15,0,45.0,4.5,2,-1.0709940552141546,0.0440876129912897,7,0.0,2026-06-30,monthly_walk_forward
2026-07-19,2026-0719-03-02-08-12,2022105241,ソナタン,10,0,152.0,15.199999809265137,8,-1.1008178395385029,0.0422486944303298,8,0.0,2026-06-30,monthly_walk_forward
2026-07-19,2026-0719-03-02-08-12,2023106052,ジーティーブラック,2,0,135.0,13.5,7,-1.400485213957955,0.0275355308904737,9,0.0,2026-06-30,monthly_walk_forward
2026-07-19,2026-0719-03-02-08-12,2022102991,カイトヴィント,12,0,357.0,35.70000076293945,10,-1.4495169161067645,0.02567279611406,10,0.0,2026-06-30,monthly_walk_forward
2026-07-19,2026-0719-03-02-08-12,2022105516,メリーサウンド,7,0,1625.0,162.5,11,-1.8241817472511992,0.0150322281745514,11,0.0,2026-06-30,monthly_walk_forward
2026-07-19,2026-0719-03-02-08-12,2020103901,ウインドワンピース,6,0,2689.0,268.8999938964844,14,-2.1149529808808336,0.0099225402751269,12,0.0,2026-06-30,monthly_walk_forward
2026-07-19,2026-0719-03-02-08-12,2021107012,キングプロフィット,9,0,2849.0,284.8999938964844,15,-2.1278073830029656,0.009741991209302,13,0.0,2026-06-30,monthly_walk_forward
2026-07-19,2026-0719-03-02-08-12,2022102349,ノアチュロス,8,0,1630.0,163.0,12,-2.2566115045671804,0.0081046635675978,14,0.0,2026-06-30,monthly_walk_forward
2026-07-19,2026-0719-03-02-08-12,2022100485,スーパーホース,13,0,1893.0,189.3000030517578,13,-2.3313029421402676,0.0072844183288064,15,0.0,2026-06-30,monthly_walk_forward
2026-07-19,2026-0719-10-02-08-01,2022103255,メイショウソウセキ,3,0,30.0,3.0,2,-0.070064195911437,0.372438117888439,1,0.0,2026-06-30,monthly_walk_forward
2026-07-19,2026-0719-10-02-08-01,2018101010,アウスヴァール,4,0,17.0,1.7000000476837158,1,-0.1695019970568773,0.323117778445706,2,0.0,2026-06-30,monthly_walk_forward
2026-07-19,2026-0719-10-02-08-01,2021104910,フラムリンガム,10,0,186.0,18.600000381469727,6,-0.966543547663831,0.1034808021810585,3,0.0,2026-06-30,monthly_walk_forward
2026-07-19,2026-0719-10-02-08-01,2022106999,ニシノクードクール,7,0,186.0,18.600000381469727,5,-1.5326126760082486,0.0460955274094538,4,0.0,2026-06-30,monthly_walk_forward
2026-07-19,2026-0719-10-02-08-01,2021105298,エイカイボクサー,9,0,470.0,47.0,8,-1.6181804831632909,0.040791600963111,5,0.0,2026-06-30,monthly_walk_forward
2026-07-19,2026-0719-10-02-08-01,2022104929,バニーラビット,1,1,98.0,9.800000190734863,3,-1.7281424429796477,0.0348616610263937,6,980.0,2026-06-30,monthly_walk_forward
2026-07-19,2026-0719-10-02-08-01,2022100527,ブランフォルテ,2,0,156.0,15.600000381469728,4,-2.1783602760214325,0.0183241407014899,7,0.0,2026-06-30,monthly_walk_forward
2026-07-19,2026-0719-10-02-08-01,2022103884,スティルシャイニン,11,0,495.0,49.5,9,-2.235277066086395,0.0168931743281694,8,0.0,2026-06-30,monthly_walk_forward
2026-07-19,2026-0719-10-02-08-01,2022103517,シュエットアムール,6,0,1562.0,156.1999969482422,11,-2.236599221958587,0.0168612967147164,9,0.0,2026-06-30,monthly_walk_forward
2026-07-19,2026-0719-10-02-08-01,2022101587,クリアクォーツ,5,0,312.0,31.200000762939453,7,-2.2795309356738813,0.0158582495417291,10,0.0,2026-06-30,monthly_walk_forward
2026-07-19,2026-0719-10-02-08-01,2022102325,ブルーセルリアン,8,0,1219.0,121.9000015258789,10,-2.518137750831329,0.0112776507997328,11,0.0,2026-06-30,monthly_walk_forward
2026-07-19,2026-0719-10-02-08-07,2022102638,ダイアナクイーン,2,0,62.0,6.199999809265137,3,0.0529667953776528,0.1565650580268913,1,0.0,2026-06-30,monthly_walk_forward
2026-07-19,2026-0719-10-02-08-07,2021104671,ミライハーモニー,9,0,64.0,6.400000095367432,4,0.0423956303966015,0.1542184286877164,2,0.0,2026-06-30,monthly_walk_forward
2026-07-19,2026-0719-10-02-08-07,2022103624,ピアストイヤーズ,1,1,45.0,4.5,1,-0.0866634772548126,0.1282523505546011,3,450.0,2026-06-30,monthly_walk_forward
2026-07-19,2026-0719-10-02-08-07,2023107545,ウェルカムソング,4,0,59.0,5.900000095367432,2,-0.2055681943537547,0.108216725096945,4,0.0,2026-06-30,monthly_walk_forward
2026-07-19,2026-0719-10-02-08-07,2022107147,キョラムン,5,0,109.0,10.899999618530272,7,-0.3487096097312938,0.0882036366454446,5,0.0,2026-06-30,monthly_walk_forward
2026-07-19,2026-0719-10-02-08-07,2021104806,レオナルドスター,10,0,363.0,36.29999923706055,10,-0.5302104613141613,0.0680580667195272,6,0.0,2026-06-30,monthly_walk_forward
2026-07-19,2026-0719-10-02-08-07,2023100942,マウンテンバローズ,3,0,151.0,15.100000381469728,8,-0.6848499808284629,0.0545680018268967,7,0.0,2026-06-30,monthly_walk_forward
2026-07-19,2026-0719-10-02-08-07,2022105921,アーリントンロウ,6,0,76.0,7.599999904632568,5,-0.8348023894282797,0.0440457971644007,8,0.0,2026-06-30,monthly_walk_forward
2026-07-19,2026-0719-10-02-08-07,2023102025,フィラーエ,7,0,83.0,8.300000190734863,6,-0.8469994832480894,0.0432849724209795,9,0.0,2026-06-30,monthly_walk_forward
2026-07-19,2026-0719-10-02-08-07,2022107258,ラブアイミー,11,0,387.0,38.70000076293945,11,-0.935808122584707,0.038127508624561,10,0.0,2026-06-30,monthly_walk_forward
2026-07-19,2026-0719-10-02-08-07,2022102406,ヒットザグラウンド,12,0,360.0,36.0,9,-1.1233208405463766,0.029167664670301,11,0.0,2026-06-30,monthly_walk_forward
2026-07-19,2026-0719-10-02-08-07,2021103493,イリスアスール,14,0,486.0,48.599998474121094,12,-1.194276813402641,0.0263559760902957,12,0.0,2026-06-30,monthly_walk_forward
2026-07-19,2026-0719-10-02-08-07,2021105868,バーケンティン,15,0,670.0,67.0,13,-1.2422665156389388,0.0246096422712753,13,0.0,2026-06-30,monthly_walk_forward
2026-07-19,2026-0719-10-02-08-07,2021106690,ペルフェツィオーネ,13,0,1577.0,157.6999969482422,15,-1.295143565392679,0.0228191406480444,14,0.0,2026-06-30,monthly_walk_forward
2026-07-19,2026-0719-10-02-08-07,2022105496,ソリスディエス,16,0,930.0,93.0,14,-2.0355479554837905,0.0079238652913501,15,0.0,2026-06-30,monthly_walk_forward
2026-07-19,2026-0719-10-02-08-07,2022106719,アスクザアメリカン,8,0,1703.0,170.3000030517578,16,-2.28063423888987,0.0055831652607693,16,0.0,2026-06-30,monthly_walk_forward
2026-07-19,2026-0719-10-02-08-08,2023100974,スマッシング,13,0,37.0,3.700000047683716,1,-0.023454893783502,0.2066002990082351,1,0.0,2026-06-30,monthly_walk_forward
2026-07-19,2026-0719-10-02-08-08,2023102036,アイカンアズーラ,4,0,46.0,4.599999904632568,2,-0.2246087115979924,0.154999734976314,2,0.0,2026-06-30,monthly_walk_forward
2026-07-19,2026-0719-10-02-08-08,2021103451,プルミエールパス,10,0,89.0,8.899999618530273,5,-0.305343585668431,0.1381151659093782,3,0.0,2026-06-30,monthly_walk_forward
2026-07-19,2026-0719-10-02-08-08,2023102185,ドラムメジャー,14,0,47.0,4.699999809265137,3,-0.3839580203882988,0.1234432501355547,4,0.0,2026-06-30,monthly_walk_forward
2026-07-19,2026-0719-10-02-08-08,2023104596,ペルセポネ,3,0,62.0,6.199999809265137,4,-0.6690866017794657,0.0821424547096027,5,0.0,2026-06-30,monthly_walk_forward
2026-07-19,2026-0719-10-02-08-08,2023102606,ミヤフロント,11,0,231.0,23.100000381469727,8,-0.7754114740780698,0.0705669791617925,6,0.0,2026-06-30,monthly_walk_forward
2026-07-19,2026-0719-10-02-08-08,2022103307,サンライズジュピタ,8,0,166.0,16.600000381469727,7,-0.820029134182998,0.0662094236085686,7,0.0,2026-06-30,monthly_walk_forward
2026-07-19,2026-0719-10-02-08-08,2018103293,ヨドノゴールド,6,0,695.0,69.5,11,-1.2749548457393405,0.0345680183595238,8,0.0,2026-06-30,monthly_walk_forward
2026-07-19,2026-0719-10-02-08-08,2023103862,ミヤラティーニ,2,0,253.0,25.299999237060547,9,-1.4258698068046978,0.0278640165834632,9,0.0,2026-06-30,monthly_walk_forward
2026-07-19,2026-0719-10-02-08-08,2023110088,ジャンシ,1,1,596.0,59.599998474121094,10,-1.4345768636181748,0.0275195724131108,10,5960.0,2026-06-30,monthly_walk_forward
2026-07-19,2026-0719-10-02-08-08,2022110104,アメリカンビヨンド,5,0,120.0,12.0,6,-1.437739314459032,0.0273955252692117,11,0.0,2026-06-30,monthly_walk_forward
2026-07-19,2026-0719-10-02-08-08,2020103513,ナンヨークリスタル,9,0,1374.0,137.39999389648438,14,-1.8999048615453376,0.0141560655480069,12,0.0,2026-06-30,monthly_walk_forward
2026-07-19,2026-0719-10-02-08-08,2021107123,イイデカンタロウ,12,0,708.0,70.80000305175781,12,-1.939971887047606,0.01336854534162,13,0.0,2026-06-30,monthly_walk_forward
2026-07-19,2026-0719-10-02-08-08,2022102003,スレッドザニードル,7,0,1296.0,129.60000610351562,13,-1.9568025018652204,0.0130509489756171,14,0.0,2026-06-30,monthly_walk_forward
2026-07-19,2026-0719-10-02-08-09,2019100915,ゼンノインヴォーク,3,0,53.0,5.300000190734863,2,0.0896965026907555,0.2996957895225415,1,0.0,2026-06-30,monthly_walk_forward
2026-07-19,2026-0719-10-02-08-09,2022105171,タンテドヴィーヴル,2,0,16.0,1.600000023841858,1,-0.0320029161595426,0.2518696300585334,2,0.0,2026-06-30,monthly_walk_forward
2026-07-19,2026-0719-10-02-08-09,2020106399,ユメハハテシナク,6,0,107.0,10.699999809265137,5,-0.4868193158658047,0.1315219685315006,3,0.0,2026-06-30,monthly_walk_forward
2026-07-19,2026-0719-10-02-08-09,2021103665,クスクス,1,1,70.0,7.0,3,-0.7608449429679566,0.0889174772037927,4,700.0,2026-06-30,monthly_walk_forward
2026-07-19,2026-0719-10-02-08-09,2021103449,モアニ,7,0,91.0,9.100000381469728,4,-0.8233406213546899,0.0813230241724854,5,0.0,2026-06-30,monthly_walk_forward
2026-07-19,2026-0719-10-02-08-09,2021103821,ハイディージェン,8,0,459.0,45.900001525878906,8,-0.9021505835585392,0.0726638139893079,6,0.0,2026-06-30,monthly_walk_forward
2026-07-19,2026-0719-10-02-08-09,2019100606,ヤマニンループ,4,0,130.0,13.0,6,-1.1818343174160342,0.0487300228174439,7,0.0,2026-06-30,monthly_walk_forward
2026-07-19,2026-0719-10-02-08-09,2021102561,キーウェーブ,5,0,321.0,32.099998474121094,7,-1.64127934902822,0.0252782737043942,8,0.0,2026-06-30,monthly_walk_forward
2026-07-19,2026-0719-10-02-08-10,2021100752,アレナパラシオ,8,0,58.0,5.800000190734863,3,0.4630306337138566,0.2091454247442409,1,0.0,2026-06-30,monthly_walk_forward
2026-07-19,2026-0719-10-02-08-10,2022110069,ジューンエオス,2,0,51.0,5.099999904632568,2,0.2271942215774761,0.149324331527222,2,0.0,2026-06-30,monthly_walk_forward
2026-07-19,2026-0719-10-02-08-10,2022102223,サイモンシュバリエ,7,0,126.0,12.600000381469728,7,0.1290931907503684,0.1297976023507462,3,0.0,2026-06-30,monthly_walk_forward
2026-07-19,2026-0719-10-02-08-10,2021105736,カルパ,9,0,88.0,8.800000190734863,4,0.0378489922994804,0.1139349278736314,4,0.0,2026-06-30,monthly_walk_forward
2026-07-19,2026-0719-10-02-08-10,2022104267,レヴァンテシチー,5,0,50.0,5.0,1,-0.0895675666970559,0.094974061890253,5,0.0,2026-06-30,monthly_walk_forward
2026-07-19,2026-0719-10-02-08-10,2022102123,モズカトレア,10,0,96.0,9.600000381469728,5,-0.2335049916738527,0.077322031564999,6,0.0,2026-06-30,monthly_walk_forward
2026-07-19,2026-0719-10-02-08-10,2020103456,ナヴォーナ,16,0,511.0,51.099998474121094,15,-0.4625156712433706,0.0557468449041606,7,0.0,2026-06-30,monthly_walk_forward
2026-07-19,2026-0719-10-02-08-10,2022100664,グランキングオー,1,1,170.0,17.0,8,-0.6237978532826297,0.0442748899423851,8,1700.0,2026-06-30,monthly_walk_forward
2026-07-19,2026-0719-10-02-08-10,2021106635,インザモーメント,6,0,334.0,33.400001525878906,13,-0.9757848288056222,0.0267779600085825,9,0.0,2026-06-30,monthly_walk_forward
2026-07-19,2026-0719-10-02-08-10,2021109027,テーオールビー,12,0,396.0,39.599998474121094,14,-1.0583340319720134,0.0237991943279157,10,0.0,2026-06-30,monthly_walk_forward
2026-07-19,2026-0719-10-02-08-10,2022104550,カミノレアル,11,0,115.0,11.5,6,-1.1978867524497412,0.0194975867028414,11,0.0,2026-06-30,monthly_walk_forward
2026-07-19,2026-0719-10-02-08-10,2021106157,マッシャーブルム,13,0,302.0,30.200000762939453,12,-1.4593920568263483,0.0134195378404225,12,0.0,2026-06-30,monthly_walk_forward
2026-07-19,2026-0719-10-02-08-10,2020106635,メイショウシナノ,4,0,232.0,23.200000762939453,9,-1.5221403890891765,0.0122689443278184,13,0.0,2026-06-30,monthly_walk_forward
2026-07-19,2026-0719-10-02-08-10,2021103073,プロミシングスター,3,0,244.0,24.399999618530273,11,-1.588922998425503,0.0111525424077431,14,0.0,2026-06-30,monthly_walk_forward
2026-07-19,2026-0719-10-02-08-10,2020101209,メイショウオーロラ,15,0,787.0,78.69999694824219,16,-1.701213646565671,0.0094996245703653,15,0.0,2026-06-30,monthly_walk_forward
2026-07-19,2026-0719-10-02-08-10,2021105598,ダノンスウィッチ,14,0,238.0,23.799999237060547,10,-1.7340346468003178,0.0090644950166723,16,0.0,2026-06-30,monthly_walk_forward
2026-07-19,2026-0719-10-02-08-11,2022103995,ジョバンニ,2,0,26.0,2.5999999046325684,1,0.9110973957999942,0.2082846566489341,1,0.0,2026-06-30,monthly_walk_forward
2026-07-19,2026-0719-10-02-08-11,2021106645,ウエストナウ,8,0,114.0,11.399999618530272,5,0.8350801619970007,0.1868506505122558,2,0.0,2026-06-30,monthly_walk_forward
2026-07-19,2026-0719-10-02-08-11,2021105808,ガイアメンテ,4,0,60.0,6.0,2,0.6692726788842265,0.1474430212259698,3,0.0,2026-06-30,monthly_walk_forward
2026-07-19,2026-0719-10-02-08-11,2022101193,ジーティーアダマン,6,0,66.0,6.599999904632568,3,0.4416417706161445,0.1065116951316794,4,0.0,2026-06-30,monthly_walk_forward
2026-07-19,2026-0719-10-02-08-11,2022105346,レーゼドラマ,3,0,126.0,12.600000381469728,6,0.3354999343416518,0.0915260469494138,5,0.0,2026-06-30,monthly_walk_forward
2026-07-19,2026-0719-10-02-08-11,2022106562,タガノアビー,9,0,73.0,7.300000190734863,4,0.2444954024873069,0.0803680833256059,6,0.0,2026-06-30,monthly_walk_forward
2026-07-19,2026-0719-10-02-08-11,2021105541,サフィラ,11,0,208.0,20.799999237060547,8,-0.1246852568930252,0.0474281617411486,7,0.0,2026-06-30,monthly_walk_forward
2026-07-19,2026-0719-10-02-08-11,2022106306,ゼンダンハヤブサ,1,1,331.0,33.099998474121094,10,-0.3598944197794234,0.0338928165922335,8,3310.0,2026-06-30,monthly_walk_forward
2026-07-19,2026-0719-10-02-08-11,2021102895,ナムラエイハブ,5,0,481.0,48.099998474121094,12,-0.6717102761720821,0.0217095415914605,9,0.0,2026-06-30,monthly_walk_forward
2026-07-19,2026-0719-10-02-08-11,2021105160,カエルム,15,0,502.0,50.20000076293945,13,-0.8478283494543243,0.0168804242312352,10,0.0,2026-06-30,monthly_walk_forward
2026-07-19,2026-0719-10-02-08-11,2022103793,ケイズレーヴ,12,0,1915.0,191.5,16,-1.095416189927302,0.0118515386860141,11,0.0,2026-06-30,monthly_walk_forward
2026-07-19,2026-0719-10-02-08-11,2020102344,コパノサントス,14,0,1599.0,159.89999389648438,15,-1.1619479748401298,0.0107769791512645,12,0.0,2026-06-30,monthly_walk_forward
2026-07-19,2026-0719-10-02-08-11,2019103817,テーオーソラネル,17,0,3088.0,308.79998779296875,18,-1.328317127720546,0.0084972457421675,13,0.0,2026-06-30,monthly_walk_forward
2026-07-19,2026-0719-10-02-08-11,2020103082,カネフラ,13,0,1347.0,134.6999969482422,14,-1.3918963947650789,0.0077594740613926,14,0.0,2026-06-30,monthly_walk_forward
2026-07-19,2026-0719-10-02-08-11,2022104971,トータルクラリティ,7,0,2650.0,265.0,17,-1.4585435710169428,0.007054772262712,15,0.0,2026-06-30,monthly_walk_forward
2026-07-19,2026-0719-10-02-08-11,2022102219,ノーランサンライズ,16,0,291.0,29.100000381469727,9,-1.5009370420702512,0.0066402007934692,16,0.0,2026-06-30,monthly_walk_forward
2026-07-19,2026-0719-10-02-08-11,2020105750,マイネルメモリー,10,0,475.0,47.5,11,-1.5132210292662374,0.0065246913530427,17,0.0,2026-06-30,monthly_walk_forward
2026-07-19,2026-0719-10-02-08-12,2023105274,ミッキージャンプ,1,1,22.0,2.200000047683716,1,0.477614229772723,0.42298084952169,1,220.0,2026-06-30,monthly_walk_forward
2026-07-19,2026-0719-10-02-08-12,2023106995,ロングトールサリー,3,0,24.0,2.4000000953674316,2,0.194410229958622,0.2822377391574442,2,0.0,2026-06-30,monthly_walk_forward
2026-07-19,2026-0719-10-02-08-12,2023107007,グラスベルグ,7,0,73.0,7.300000190734863,3,-0.5735940746301266,0.0942170116343626,3,0.0,2026-06-30,monthly_walk_forward
2026-07-19,2026-0719-10-02-08-12,2023101577,フレイムスター,8,0,75.0,7.5,4,-0.656343167359373,0.0837124545463641,4,0.0,2026-06-30,monthly_walk_forward
2026-07-19,2026-0719-10-02-08-12,2022101608,オーシンエス,4,0,195.0,19.5,5,-1.3996707593411668,0.0289477131060451,5,0.0,2026-06-30,monthly_walk_forward
2026-07-19,2026-0719-10-02-08-12,2022102957,ヴィーナスバブル,2,0,384.0,38.400001525878906,7,-1.4061438360704372,0.0286812601720232,6,0.0,2026-06-30,monthly_walk_forward
2026-07-19,2026-0719-10-02-08-12,2022101889,ゼットエイト,5,0,457.0,45.70000076293945,8,-1.5384440288613963,0.0237419536264952,7,0.0,2026-06-30,monthly_walk_forward
2026-07-19,2026-0719-10-02-08-12,2020101781,アウローラシエル,6,0,368.0,36.79999923706055,6,-1.5734622079519704,0.0225834583817017,8,0.0,2026-06-30,monthly_walk_forward
2026-07-19,2026-0719-10-02-08-12,2022102819,ブリッツアロング,9,0,1185.0,118.5,9,-1.965587909341109,0.0128975598538737,9,0.0,2026-06-30,monthly_walk_forward
2026-07-25,2026-0725-01-01-01-07,2023104998,カイショー,7,0,40.0,4.0,2,0.4577806275405059,0.1980774196585927,1,0.0,2026-06-30,monthly_walk_forward
2026-07-25,2026-0725-01-01-01-07,2023105141,ニシノサリーナ,2,0,36.0,3.5999999046325684,1,0.2735408990285179,0.1522400194105304,2,0.0,2026-06-30,monthly_walk_forward
2026-07-25,2026-0725-01-01-01-07,2022103991,ジーティーエスピ,4,0,47.0,4.699999809265137,3,0.2079094456859969,0.1386148371854908,3,0.0,2026-06-30,monthly_walk_forward
2026-07-25,2026-0725-01-01-01-07,2023106780,ランプローグ,11,0,272.0,27.200000762939453,10,-0.044406162953724,0.0966646973575258,4,0.0,2026-06-30,monthly_walk_forward
2026-07-25,2026-0725-01-01-01-07,2023103137,ハッピーラッキー,3,0,108.0,10.800000190734863,5,-0.2075058280689324,0.0765733220786031,5,0.0,2026-06-30,monthly_walk_forward
2026-07-25,2026-0725-01-01-01-07,2023105290,サトノカスターニャ,14,0,223.0,22.299999237060547,7,-0.2523008927947524,0.0718266653447454,6,0.0,2026-06-30,monthly_walk_forward
2026-07-25,2026-0725-01-01-01-07,2022106835,セガンティーニ,12,0,86.0,8.600000381469727,4,-0.3155172980784139,0.0656243384654609,7,0.0,2026-06-30,monthly_walk_forward
2026-07-25,2026-0725-01-01-01-07,2021104404,シュークリーム,6,0,115.0,11.5,6,-0.7377158605064275,0.0359024607195788,8,0.0,2026-06-30,monthly_walk_forward
2026-07-25,2026-0725-01-01-01-07,2023102210,アイアムステキ,8,0,266.0,26.600000381469727,9,-0.7456171172875072,0.0354994898934244,9,0.0,2026-06-30,monthly_walk_forward
2026-07-25,2026-0725-01-01-01-07,2022104221,ペイシャアーサー,9,0,872.0,87.19999694824219,15,-0.8383417978067046,0.0310952320724851,10,0.0,2026-06-30,monthly_walk_forward
2026-07-25,2026-0725-01-01-01-07,2022102878,ナンナンプー,5,0,712.0,71.19999694824219,12,-0.9028780337762146,0.0283566019208827,11,0.0,2026-06-30,monthly_walk_forward
2026-07-25,2026-0725-01-01-01-07,2022101053,ペガサスノース,15,0,260.0,26.0,8,-0.9940041673722866,0.0248953162707382,12,0.0,2026-06-30,monthly_walk_forward
2026-07-25,2026-0725-01-01-01-07,2021102401,グランテレーズ,1,1,612.0,61.20000076293945,11,-1.088018690944755,0.021766524625262,13,6120.0,2026-06-30,monthly_walk_forward
2026-07-25,2026-0725-01-01-01-07,2023104867,マティンデ,13,0,803.0,80.30000305175781,13,-1.241900032126963,0.017471006482768,14,0.0,2026-06-30,monthly_walk_forward
2026-07-25,2026-0725-01-01-01-07,2022101908,イズルード,10,0,864.0,86.4000015258789,14,-2.064829590232078,0.005392068513911,15,0.0,2026-06-30,monthly_walk_forward
2026-07-25,2026-0725-01-01-01-08,2023100715,ピエナオルカ,5,0,25.0,2.5,2,0.0504029493742176,0.2337119835810699,1,0.0,2026-06-30,monthly_walk_forward
2026-07-25,2026-0725-01-01-01-08,2023102178,タイキルッジェーロ,9,0,192.0,19.200000762939453,5,-0.1303318342564559,0.1805300001558395,2,0.0,2026-06-30,monthly_walk_forward
2026-07-25,2026-0725-01-01-01-08,2023102455,オンザムービー,1,1,20.0,2.0,1,-0.1680636693837276,0.1710565747371974,3,200.0,2026-06-30,monthly_walk_forward
2026-07-25,2026-0725-01-01-01-08,2023103806,ジェネラスキング,3,0,86.0,8.600000381469727,3,-0.4628747429173243,0.1122620276820956,4,0.0,2026-06-30,monthly_walk_forward
2026-07-25,2026-0725-01-01-01-08,2022102378,ファンタイムギフト,10,0,179.0,17.899999618530273,4,-0.7151791558325521,0.0782885058661926,5,0.0,2026-06-30,monthly_walk_forward
2026-07-25,2026-0725-01-01-01-08,2022102929,ザハント,2,0,433.0,43.29999923706055,7,-0.9299353355321236,0.057604820515409,6,0.0,2026-06-30,monthly_walk_forward
2026-07-25,2026-0725-01-01-01-08,2022102397,ビービーバザーク,4,0,228.0,22.799999237060547,6,-0.9607833347701868,0.0551213811403038,7,0.0,2026-06-30,monthly_walk_forward
2026-07-25,2026-0725-01-01-01-08,2023105381,ハイライトニング,8,0,519.0,51.900001525878906,9,-1.3779890816247575,0.0303722533709742,8,0.0,2026-06-30,monthly_walk_forward
2026-07-25,2026-0725-01-01-01-08,2022101465,リュミナーズ,7,0,609.0,60.900001525878906,10,-1.4397521998995442,0.0278072408069577,9,0.0,2026-06-30,monthly_walk_forward
2026-07-25,2026-0725-01-01-01-08,2021109088,アルニラム,11,0,3161.0,316.1000061035156,12,-1.482524322561493,0.0261590030221928,10,0.0,2026-06-30,monthly_walk_forward
2026-07-25,2026-0725-01-01-01-08,2021100387,マーベリックシチー,12,0,464.0,46.400001525878906,8,-1.8604705564621509,0.0152452842207251,11,0.0,2026-06-30,monthly_walk_forward
2026-07-25,2026-0725-01-01-01-08,2022103235,カフェブーケット,6,0,1868.0,186.8000030517578,11,-2.037366492991847,0.0118409249010417,12,0.0,2026-06-30,monthly_walk_forward
2026-07-25,2026-0725-01-01-01-09,2023107024,シニャンガ,5,0,29.0,2.9000000953674316,1,0.5010829787763006,0.2359251180914648,1,0.0,2026-06-30,monthly_walk_forward
2026-07-25,2026-0725-01-01-01-09,2022106618,ジェルブロア,8,0,45.0,4.5,3,0.4744812685912895,0.2271276093669267,2,0.0,2026-06-30,monthly_walk_forward
2026-07-25,2026-0725-01-01-01-09,2023102584,ラコンチャビエン,10,0,125.0,12.5,5,0.453810058974553,0.2205185274073089,3,0.0,2026-06-30,monthly_walk_forward
2026-07-25,2026-0725-01-01-01-09,2023106226,ナムラヒナギク,3,0,66.0,6.599999904632568,4,0.0072247431664246,0.1165129811870935,4,0.0,2026-06-30,monthly_walk_forward
2026-07-25,2026-0725-01-01-01-09,2023105820,ルーチェフィオーレ,9,0,30.0,3.0,2,-0.0982512261178297,0.1002154869589989,5,0.0,2026-06-30,monthly_walk_forward
2026-07-25,2026-0725-01-01-01-09,2022105153,ディヒターリーベ,2,0,881.0,88.0999984741211,9,-1.092657520587575,0.0242094321745588,6,0.0,2026-06-30,monthly_walk_forward
2026-07-25,2026-0725-01-01-01-09,2023105977,キタノサリスカ,6,0,1237.0,123.6999969482422,10,-1.1385114075689695,0.0226744051898039,7,0.0,2026-06-30,monthly_walk_forward
2026-07-25,2026-0725-01-01-01-09,2023107075,ガーネットフレア,1,1,247.0,24.700000762939453,6,-1.172375058247907,0.0216036032919234,8,2470.0,2026-06-30,monthly_walk_forward
2026-07-25,2026-0725-01-01-01-09,2022100724,ニシノエピカリ,4,0,255.0,25.5,7,-1.303955604603246,0.0179015609108592,9,0.0,2026-06-30,monthly_walk_forward
2026-07-25,2026-0725-01-01-01-09,2023101090,ジャストビート,7,0,259.0,25.899999618530273,8,-1.5113491256796527,0.0133112754210615,10,0.0,2026-06-30,monthly_walk_forward
2026-07-25,2026-0725-01-01-01-10,2022104692,バースライト,7,0,46.0,4.599999904632568,3,0.6947566626213236,0.3464585197055311,1,0.0,2026-06-30,monthly_walk_forward
2026-07-25,2026-0725-01-01-01-10,2020103208,ジュンツバメガエシ,2,0,43.0,4.300000190734863,2,0.2564663268826772,0.1852366224658778,2,0.0,2026-06-30,monthly_walk_forward
2026-07-25,2026-0725-01-01-01-10,2023103500,ウェイクフィールド,10,0,32.0,3.200000047683716,1,0.2433700725339969,0.1818032599999094,3,0.0,2026-06-30,monthly_walk_forward
2026-07-25,2026-0725-01-01-01-10,2022105839,アスクデッドヒート,4,0,48.0,4.800000190734863,4,-0.1159468714224973,0.1088113004477133,4,0.0,2026-06-30,monthly_walk_forward
2026-07-25,2026-0725-01-01-01-10,2022105485,ボンドロア,1,1,105.0,10.5,5,-0.5619797034893141,0.057536839714867,5,1050.0,2026-06-30,monthly_walk_forward
2026-07-25,2026-0725-01-01-01-10,2022106624,リギーロ,8,0,205.0,20.5,6,-1.097320231146417,0.0267799440489169,6,0.0,2026-06-30,monthly_walk_forward
2026-07-25,2026-0725-01-01-01-10,2022103310,レイヤードレッド,9,0,326.0,32.599998474121094,8,-1.19611730444507,0.0232548700550904,7,0.0,2026-06-30,monthly_walk_forward
2026-07-25,2026-0725-01-01-01-10,2021105475,レイデラルース,5,0,229.0,22.899999618530273,7,-1.1980528162390436,0.0231906587611421,8,0.0,2026-06-30,monthly_walk_forward
2026-07-25,2026-0725-01-01-01-10,2021105285,ライフセービング,3,0,446.0,44.599998474121094,10,-1.198879128382789,0.0231632995938195,9,0.0,2026-06-30,monthly_walk_forward
2026-07-25,2026-0725-01-01-01-10,2020106694,ヴァイザーバルコ,11,0,404.0,40.400001525878906,9,-1.6578384696688448,0.0120240992919289,10,0.0,2026-06-30,monthly_walk_forward
2026-07-25,2026-0725-01-01-01-10,2021110130,ドッビアーコ,6,0,550.0,55.0,11,-1.674541302301717,0.0117405859152032,11,0.0,2026-06-30,monthly_walk_forward
2026-07-25,2026-0725-01-01-01-11,2023104015,ロジケープ,1,1,21.0,2.0999999046325684,1,0.6800104488236375,0.189086992327228,1,210.0,2026-06-30,monthly_walk_forward
2026-07-25,2026-0725-01-01-01-11,2023102577,アンジュプロミス,11,0,157.0,15.699999809265137,7,0.5785902150785871,0.16358310322617,2,0.0,2026-06-30,monthly_walk_forward
2026-07-25,2026-0725-01-01-01-11,2022101443,サウスバンク,3,0,50.0,5.0,2,0.4638850991664784,0.1388586746144287,3,0.0,2026-06-30,monthly_walk_forward
2026-07-25,2026-0725-01-01-01-11,2023103355,クリエープキー,8,0,381.0,38.099998474121094,10,0.2400534124969809,0.1008563406118807,4,0.0,2026-06-30,monthly_walk_forward
2026-07-25,2026-0725-01-01-01-11,2023110100,アスクケンタッキー,12,0,77.0,7.699999809265137,3,0.1625695830088501,0.0902881253129083,5,0.0,2026-06-30,monthly_walk_forward
2026-07-25,2026-0725-01-01-01-11,2021100143,メルトユアハート,2,0,91.0,9.100000381469728,4,0.054925902437782,0.0774187703843318,6,0.0,2026-06-30,monthly_walk_forward
2026-07-25,2026-0725-01-01-01-11,2020104194,ルーフ,4,0,142.0,14.199999809265137,6,-0.0916398256365868,0.0627933798229374,7,0.0,2026-06-30,monthly_walk_forward
2026-07-25,2026-0725-01-01-01-11,2020104616,パクスロマーナ,6,0,189.0,18.899999618530273,8,-0.1979944038801,0.0539422774810305,8,0.0,2026-06-30,monthly_walk_forward
2026-07-25,2026-0725-01-01-01-11,2021105242,シカゴスティング,10,0,110.0,11.0,5,-0.2165793254443052,0.0525289607774576,9,0.0,2026-06-30,monthly_walk_forward
2026-07-25,2026-0725-01-01-01-11,2021105689,エヴァンスウィート,5,0,359.0,35.900001525878906,9,-0.3787843486433769,0.0416642392795733,10,0.0,2026-06-30,monthly_walk_forward
2026-07-25,2026-0725-01-01-01-11,2022109024,ウィルオレオール,7,0,1223.0,122.3000030517578,11,-0.9394890595532036,0.0187021120208736,11,0.0,2026-06-30,monthly_walk_forward
2026-07-25,2026-0725-01-01-01-11,2021105039,ゴールドサーベル,9,0,1910.0,191.0,12,-1.3585970650135983,0.0102770241411795,12,0.0,2026-06-30,monthly_walk_forward
2026-07-25,2026-0725-01-01-01-12,2022104903,セボンサデッセ,1,1,36.0,3.5999999046325684,2,0.898409102165848,0.3590809479161055,1,360.0,2026-06-30,monthly_walk_forward
2026-07-25,2026-0725-01-01-01-12,2022110130,ベラジオワールド,3,0,20.0,2.0,1,0.7940422597879118,0.3093435141255277,2,0.0,2026-06-30,monthly_walk_forward
2026-07-25,2026-0725-01-01-01-12,2022106924,ハイクオリティ,5,0,46.0,4.599999904632568,3,0.3467965846607492,0.1632903594779766,3,0.0,2026-06-30,monthly_walk_forward
2026-07-25,2026-0725-01-01-01-12,2022103778,ライフゲート,2,0,68.0,6.800000190734863,4,-0.3528912403503504,0.0600979617617018,4,0.0,2026-06-30,monthly_walk_forward
2026-07-25,2026-0725-01-01-01-12,2021105931,ギマール,7,0,245.0,24.5,5,-0.7972826735905467,0.0318529825801483,5,0.0,2026-06-30,monthly_walk_forward
2026-07-25,2026-0725-01-01-01-12,2022104605,ショウナンヤッホー,9,0,542.0,54.20000076293945,8,-1.253595181122002,0.0165975652258473,6,0.0,2026-06-30,monthly_walk_forward
2026-07-25,2026-0725-01-01-01-12,2022100028,フェスタリア,10,0,1190.0,119.0,9,-1.3574521692301365,0.0143090025136601,7,0.0,2026-06-30,monthly_walk_forward
2026-07-25,2026-0725-01-01-01-12,2021103809,マッスルバック,8,0,2046.0,204.6000061035156,11,-1.3688187695738174,0.0140785292008053,8,0.0,2026-06-30,monthly_walk_forward
2026-07-25,2026-0725-01-01-01-12,2022100321,リメンバーヒム,4,0,508.0,50.79999923706055,7,-1.3785373358062152,0.0138844182070628,9,0.0,2026-06-30,monthly_walk_forward
2026-07-25,2026-0725-01-01-01-12,2021104039,ジュンラトゥール,11,0,343.0,34.29999923706055,6,-1.3786042945411732,0.0138830901518977,10,0.0,2026-06-30,monthly_walk_forward
2026-07-25,2026-0725-01-01-01-12,2020100673,ヒルノピレネー,6,0,1258.0,125.8000030517578,10,-2.3270020131640536,0.0035816288392665,11,0.0,2026-06-30,monthly_walk_forward
2026-07-25,2026-0725-04-02-01-05,2023106960,キシダンチョウ,3,0,38.0,3.799999952316284,3,0.8083877844592042,0.3753514348968581,1,0.0,2026-06-30,monthly_walk_forward
2026-07-25,2026-0725-04-02-01-05,2023103356,ヴァリスマリネリス,9,0,45.0,4.5,4,0.3479022896189613,0.1944210806364298,2,0.0,2026-06-30,monthly_walk_forward
2026-07-25,2026-0725-04-02-01-05,2022104875,オルグジェシダ,2,0,38.0,3.799999952316284,2,0.1665774080329275,0.1500533324412949,3,0.0,2026-06-30,monthly_walk_forward
2026-07-25,2026-0725-04-02-01-05,2022105532,カリーン,5,0,442.0,44.20000076293945,7,-0.3893864080973375,0.0678131926223801,4,0.0,2026-06-30,monthly_walk_forward
2026-07-25,2026-0725-04-02-01-05,2022107186,フィールドノート,1,1,33.0,3.299999952316284,1,-0.4159793896751253,0.0652852926685003,5,330.0,2026-06-30,monthly_walk_forward
2026-07-25,2026-0725-04-02-01-05,2022106150,スワローシチー,4,0,122.0,12.199999809265137,5,-0.6401613632033251,0.0473945300192048,6,0.0,2026-06-30,monthly_walk_forward
2026-07-25,2026-0725-04-02-01-05,2023106443,コスモナエマ,8,0,167.0,16.700000762939453,6,-0.8789883518803011,0.0336941896722636,7,0.0,2026-06-30,monthly_walk_forward
2026-07-25,2026-0725-04-02-01-05,2021101801,ケイツールピア,11,0,1097.0,109.6999969482422,10,-1.0730890179625752,0.0255347110290894,8,0.0,2026-06-30,monthly_walk_forward
2026-07-25,2026-0725-04-02-01-05,2022100068,メイショウキンタイ,7,0,511.0,51.099998474121094,8,-1.279177486961889,0.0190225790526653,9,0.0,2026-06-30,monthly_walk_forward
2026-07-25,2026-0725-04-02-01-05,2022101620,トラストモアリズム,10,0,816.0,81.5999984741211,9,-1.4615699752877946,0.0146591680794288,10,0.0,2026-06-30,monthly_walk_forward
2026-07-25,2026-0725-04-02-01-05,2021103518,リアルセンター,6,0,2391.0,239.1000061035156,11,-2.0023148302166556,0.0067704888818845,11,0.0,2026-06-30,monthly_walk_forward
2026-07-25,2026-0725-04-02-01-06,2022105038,シャンソンドール,3,0,23.0,2.299999952316284,1,0.7537062052313505,0.2332671090251354,1,0.0,2026-06-30,monthly_walk_forward
2026-07-25,2026-0725-04-02-01-06,2023104885,ジーネキング,2,0,46.0,4.599999904632568,2,0.5516786970909013,0.1747879389523721,2,0.0,2026-06-30,monthly_walk_forward
2026-07-25,2026-0725-04-02-01-06,2022106619,コルドンブルー,5,0,134.0,13.399999618530272,5,0.3351424112100146,0.1282826343375646,3,0.0,2026-06-30,monthly_walk_forward
2026-07-25,2026-0725-04-02-01-06,2023100681,ガリレア,1,1,104.0,10.399999618530272,4,0.0467878009861311,0.0849702124232287,4,1040.0,2026-06-30,monthly_walk_forward
2026-07-25,2026-0725-04-02-01-06,2021105871,ソニックライン,6,0,184.0,18.399999618530273,6,-0.0473848187565253,0.0742745556678332,5,0.0,2026-06-30,monthly_walk_forward
2026-07-25,2026-0725-04-02-01-06,2022105233,ルナルーチェット,9,0,57.0,5.699999809265137,3,-0.2414901572938487,0.0562876470613108,6,0.0,2026-06-30,monthly_walk_forward
2026-07-25,2026-0725-04-02-01-06,2021105765,ミッキースターダム,7,0,250.0,25.0,8,-0.2438505631405276,0.0560981642935628,7,0.0,2026-06-30,monthly_walk_forward
2026-07-25,2026-0725-04-02-01-06,2022102920,ギフテッド,15,0,361.0,36.099998474121094,9,-0.412628381688871,0.0440793721181064,8,0.0,2026-06-30,monthly_walk_forward
2026-07-25,2026-0725-04-02-01-06,2021102597,ラビットアイ,12,0,209.0,20.899999618530273,7,-0.4748279731048908,0.0403316032521111,9,0.0,2026-06-30,monthly_walk_forward
2026-07-25,2026-0725-04-02-01-06,2022105047,メランジェ,8,0,943.0,94.3000030517578,13,-0.7722375203580073,0.0263709909841681,10,0.0,2026-06-30,monthly_walk_forward
2026-07-25,2026-0725-04-02-01-06,2021105150,ナファロア,11,0,1336.0,133.60000610351562,15,-0.8911044522660725,0.0222525070110062,11,0.0,2026-06-30,monthly_walk_forward
2026-07-25,2026-0725-04-02-01-06,2022105552,ナグルファル,13,0,386.0,38.599998474121094,10,-0.982540996145087,0.0195276428305489,12,0.0,2026-06-30,monthly_walk_forward
2026-07-25,2026-0725-04-02-01-06,2021103561,ゴールドスター,10,0,541.0,54.099998474121094,11,-1.001292106960193,0.0190114939621979,13,0.0,2026-06-30,monthly_walk_forward
2026-07-25,2026-0725-04-02-01-06,2021104899,ドリームクルーズ,14,0,655.0,65.5,12,-1.3523361641987033,0.0115138681084063,14,0.0,2026-06-30,monthly_walk_forward
2026-07-25,2026-0725-04-02-01-06,2021103799,ケイケイ,4,0,1319.0,131.89999389648438,14,-1.5291143382339183,0.0089442599724468,15,0.0,2026-06-30,monthly_walk_forward
2026-07-25,2026-0725-04-02-01-07,2022105326,コートアリシアン,4,0,18.0,1.7999999523162842,1,0.7629189888307664,0.2200091735043418,1,0.0,2026-06-30,monthly_walk_forward
2026-07-25,2026-0725-04-02-01-07,2022105435,ボンヌソワレ,5,0,66.0,6.599999904632568,2,0.4076890861260953,0.1324490381428326,2,0.0,2026-06-30,monthly_walk_forward
2026-07-25,2026-0725-04-02-01-07,2022101765,ピコローズ,1,1,95.0,9.5,3,0.280739235291347,0.1104807197560099,3,950.0,2026-06-30,monthly_walk_forward
2026-07-25,2026-0725-04-02-01-07,2022105108,モンテシート,7,0,199.0,19.899999618530273,7,0.1137486159850875,0.0870326204697768,4,0.0,2026-06-30,monthly_walk_forward
2026-07-25,2026-0725-04-02-01-07,2020102310,キタサンダムール,11,0,157.0,15.699999809265137,6,-0.0682950044800323,0.0671024584132217,5,0.0,2026-06-30,monthly_walk_forward
2026-07-25,2026-0725-04-02-01-07,2019103815,スマイルアップ,8,0,295.0,29.5,9,-0.0921644251149187,0.0648528922616209,6,0.0,2026-06-30,monthly_walk_forward
2026-07-25,2026-0725-04-02-01-07,2020103280,エマヌエーレ,3,0,146.0,14.600000381469728,5,-0.3535717444016408,0.0446423286347497,7,0.0,2026-06-30,monthly_walk_forward
2026-07-25,2026-0725-04-02-01-07,2021104401,ヴェサリウス,13,0,540.0,54.0,12,-0.368021828894586,0.0437302246939568,8,0.0,2026-06-30,monthly_walk_forward
2026-07-25,2026-0725-04-02-01-07,2022106603,モジャーリオ,14,0,255.0,25.5,8,-0.4102842683185771,0.0411681372798717,9,0.0,2026-06-30,monthly_walk_forward
2026-07-25,2026-0725-04-02-01-07,2022101573,ポッドロワール,2,0,121.0,12.100000381469728,4,-0.5082631524026855,0.035790938818935,10,0.0,2026-06-30,monthly_walk_forward
2026-07-25,2026-0725-04-02-01-07,2022104918,チューラワンサ,6,0,365.0,36.5,10,-0.542737937855007,0.0340709482009695,11,0.0,2026-06-30,monthly_walk_forward
2026-07-25,2026-0725-04-02-01-07,2020100906,フライングブレード,15,0,792.0,79.19999694824219,14,-0.5912054627318469,0.0317917156278175,12,0.0,2026-06-30,monthly_walk_forward
2026-07-25,2026-0725-04-02-01-07,2021104167,エイムフォーエース,16,0,1213.0,121.3000030517578,16,-0.7089840768013659,0.0268683920240858,13,0.0,2026-06-30,monthly_walk_forward
2026-07-25,2026-0725-04-02-01-07,2021105888,スティールブルー,9,0,441.0,44.099998474121094,11,-0.7952789190356285,0.0237521305064559,14,0.0,2026-06-30,monthly_walk_forward
2026-07-25,2026-0725-04-02-01-07,2020106900,アームテイル,12,0,1060.0,106.0,15,-1.0570802219090072,0.016340886980724,15,0.0,2026-06-30,monthly_walk_forward
2026-07-25,2026-0725-04-02-01-07,2020104332,ルミノメテオール,17,0,1934.0,193.3999938964844,17,-1.3489707072969024,0.0107691327470603,16,0.0,2026-06-30,monthly_walk_forward
2026-07-25,2026-0725-04-02-01-07,2022103754,ミストレス,10,0,788.0,78.80000305175781,13,-1.463154745084048,0.0091482619375694,17,0.0,2026-06-30,monthly_walk_forward
2026-07-25,2026-0725-04-02-01-08,2023103714,インナーパッション,4,0,30.0,3.0,1,-0.3665967242455543,0.1796581316470607,1,0.0,2026-06-30,monthly_walk_forward
2026-07-25,2026-0725-04-02-01-08,2022105367,パイオニアスクエア,2,0,40.0,4.0,2,-0.37099241390335,0.1785334930425863,2,0.0,2026-06-30,monthly_walk_forward
2026-07-25,2026-0725-04-02-01-08,2023101495,アヴァランチ,13,0,115.0,11.5,5,-0.3960694247216483,0.1722508627418473,3,0.0,2026-06-30,monthly_walk_forward
2026-07-25,2026-0725-04-02-01-08,2023100514,ロケットパンチ,1,1,58.0,5.800000190734863,3,-0.6920301764781739,0.1128603083410828,4,580.0,2026-06-30,monthly_walk_forward
2026-07-25,2026-0725-04-02-01-08,2021105730,コッレヴェッキオ,9,0,83.0,8.300000190734863,4,-0.7800296623121583,0.0995278289912046,5,0.0,2026-06-30,monthly_walk_forward
2026-07-25,2026-0725-04-02-01-08,2022105154,イリュストル,10,0,211.0,21.100000381469727,8,-0.8798510972413602,0.0863004872015203,6,0.0,2026-06-30,monthly_walk_forward
2026-07-25,2026-0725-04-02-01-08,2023103677,ヴィエントデコラ,5,0,122.0,12.199999809265137,6,-1.1725189935840856,0.056811470385086,7,0.0,2026-06-30,monthly_walk_forward
2026-07-25,2026-0725-04-02-01-08,2022106099,ハルノアラシ,7,0,442.0,44.20000076293945,11,-1.656269658737995,0.0284647326450052,8,0.0,2026-06-30,monthly_walk_forward
2026-07-25,2026-0725-04-02-01-08,2022101801,ケルピー,11,0,859.0,85.9000015258789,12,-1.9040126411993532,0.0199803106984808,9,0.0,2026-06-30,monthly_walk_forward
2026-07-25,2026-0725-04-02-01-08,2023106753,バッカステソーロ,12,0,208.0,20.799999237060547,7,-1.9123447482362552,0.0197438946818029,10,0.0,2026-06-30,monthly_walk_forward
2026-07-25,2026-0725-04-02-01-08,2022104264,ライヴスプーン,3,0,371.0,37.099998474121094,10,-2.0429509638993943,0.016383324281643,11,0.0,2026-06-30,monthly_walk_forward
2026-07-25,2026-0725-04-02-01-08,2022110061,ブレスドナイル,6,0,220.0,22.0,9,-2.1076501760514716,0.0149369283499431,12,0.0,2026-06-30,monthly_walk_forward
2026-07-25,2026-0725-04-02-01-08,2021110040,メトロポリターナ,8,0,1018.0,101.8000030517578,13,-2.1261073766849834,0.0145482269927364,13,0.0,2026-06-30,monthly_walk_forward
2026-07-25,2026-0725-04-02-01-09,2022103181,モンツァフレイバー,1,1,90.0,9.0,4,-0.0832614767387352,0.3480445582352314,1,900.0,2026-06-30,monthly_walk_forward
2026-07-25,2026-0725-04-02-01-09,2019100718,スコラーリ,5,0,37.0,3.700000047683716,2,-0.1706615599506717,0.3071920895417738,2,0.0,2026-06-30,monthly_walk_forward
2026-07-25,2026-0725-04-02-01-09,2020102864,サングラデーション,2,0,45.0,4.5,3,-0.7992730658254159,0.1251429662558927,3,0.0,2026-06-30,monthly_walk_forward
2026-07-25,2026-0725-04-02-01-09,2020104328,パープルアドミラル,7,0,232.0,23.200000762939453,6,-1.31038273990665,0.0602980724084372,4,0.0,2026-06-30,monthly_walk_forward
2026-07-25,2026-0725-04-02-01-09,2020100948,ウォーターリーダー,6,0,90.0,9.0,5,-1.3282396183975047,0.0587793327992561,5,0.0,2026-06-30,monthly_walk_forward
2026-07-25,2026-0725-04-02-01-09,2018110131,アメリカンピース,3,0,475.0,47.5,8,-1.590619694619842,0.0404053268822599,6,0.0,2026-06-30,monthly_walk_forward
2026-07-25,2026-0725-04-02-01-09,2019103100,サルサロッサ,8,0,302.0,30.200000762939453,7,-1.6086039062310342,0.0393804656993066,7,0.0,2026-06-30,monthly_walk_forward
2026-07-25,2026-0725-04-02-01-09,2021104112,ローンウルフ,4,0,491.0,49.099998474121094,9,-2.05686801204946,0.0207571881778419,8,0.0,2026-06-30,monthly_walk_forward
2026-07-25,2026-0725-04-02-01-12,2023100914,タイセイフレッサ,11,0,44.0,4.400000095367432,2,0.4403096836954822,0.1875473364376543,1,0.0,2026-06-30,monthly_walk_forward
2026-07-25,2026-0725-04-02-01-12,2023107372,ワディアルリヤハ,3,0,89.0,8.899999618530273,4,0.0128587121241061,0.1018383782310017,2,0.0,2026-06-30,monthly_walk_forward
2026-07-25,2026-0725-04-02-01-12,2023104412,リラ,16,0,36.0,3.5999999046325684,1,-0.0060836921046127,0.0991195256778298,3,0.0,2026-06-30,monthly_walk_forward
2026-07-25,2026-0725-04-02-01-12,2022103501,クリールスル,9,0,196.0,19.600000381469727,8,-0.086583371295327,0.0883518298808655,4,0.0,2026-06-30,monthly_walk_forward
2026-07-25,2026-0725-04-02-01-12,2023105345,ルージュダリア,5,0,52.0,5.199999809265137,3,-0.1112899615556675,0.0852878308471358,5,0.0,2026-06-30,monthly_walk_forward
2026-07-25,2026-0725-04-02-01-12,2023104170,テンハートビート,13,0,861.0,86.0999984741211,14,-0.2389596415107778,0.0710686651342139,6,0.0,2026-06-30,monthly_walk_forward
2026-07-25,2026-0725-04-02-01-12,2022104093,ガラク,15,0,108.0,10.800000190734863,5,-0.3859522031998287,0.0576077524857808,7,0.0,2026-06-30,monthly_walk_forward
2026-07-25,2026-0725-04-02-01-12,2023107276,カフェラバー,4,0,151.0,15.100000381469728,7,-0.4733096098655956,0.0508490202662589,8,0.0,2026-06-30,monthly_walk_forward
2026-07-25,2026-0725-04-02-01-12,2022105715,ジョワイユノエル,2,0,418.0,41.79999923706055,11,-0.5032706126862146,0.0487185286379209,9,0.0,2026-06-30,monthly_walk_forward
2026-07-25,2026-0725-04-02-01-12,2022105063,ロジャリーマイン,1,1,346.0,34.599998474121094,10,-0.5065502971706973,0.048490803384514,10,3460.0,2026-06-30,monthly_walk_forward
2026-07-25,2026-0725-04-02-01-12,2023106372,リラベガ,8,0,428.0,42.79999923706055,12,-0.5930318643360319,0.0428552887889872,11,0.0,2026-06-30,monthly_walk_forward
2026-07-25,2026-0725-04-02-01-12,2023104303,リアライズリバティ,6,0,137.0,13.699999809265137,6,-0.7051484600901214,0.0365127858939189,12,0.0,2026-06-30,monthly_walk_forward
2026-07-25,2026-0725-04-02-01-12,2023103361,ミスバレンシア,17,0,208.0,20.799999237060547,9,-0.7730443233530129,0.0331375939688409,13,0.0,2026-06-30,monthly_walk_forward
2026-07-25,2026-0725-04-02-01-12,2022106741,メイリー,7,0,727.0,72.69999694824219,13,-0.9587528170181854,0.0254157880892881,14,0.0,2026-06-30,monthly_walk_forward
2026-07-25,2026-0725-04-02-01-12,2022101749,ブルバンビーナ,14,0,3012.0,301.20001220703125,17,-1.7232076855059646,0.0085274653816479,15,0.0,2026-06-30,monthly_walk_forward
2026-07-25,2026-0725-04-02-01-12,2022101259,ショウナンマリーナ,12,0,1826.0,182.6000061035156,16,-1.7324463463922857,0.0084156585926405,16,0.0,2026-06-30,monthly_walk_forward
2026-07-25,2026-0725-04-02-01-12,2022106212,ウインロゼライト,10,0,1353.0,135.3000030517578,15,-1.9400616699801423,0.0062557483015002,17,0.0,2026-06-30,monthly_walk_forward
2026-07-25,2026-0725-07-02-01-06,2023103365,ヘリテージブルーム,2,0,79.0,7.900000095367432,4,0.8147956361929906,0.2047369427950695,1,0.0,2026-06-30,monthly_walk_forward
2026-07-25,2026-0725-07-02-01-06,2023101157,ゼロヴィジビリティ,11,0,24.0,2.4000000953674316,1,0.7715686244429544,0.1924763088641501,2,0.0,2026-06-30,monthly_walk_forward
2026-07-25,2026-0725-07-02-01-06,2023106940,エブリーポッシブル,1,1,46.0,4.599999904632568,2,0.3715251436020015,0.1086881082482832,3,460.0,2026-06-30,monthly_walk_forward
2026-07-25,2026-0725-07-02-01-06,2022102127,モズケイスター,16,0,174.0,17.399999618530273,5,0.2651835263580113,0.093369598308567,4,0.0,2026-06-30,monthly_walk_forward
2026-07-25,2026-0725-07-02-01-06,2022105963,ポートデラメール,5,0,46.0,4.599999904632568,3,0.2458137200723796,0.0908213727395534,5,0.0,2026-06-30,monthly_walk_forward
2026-07-25,2026-0725-07-02-01-06,2022100476,ザックザク,3,0,314.0,31.399999618530273,8,-0.0013195575672496,0.0638059917819207,6,0.0,2026-06-30,monthly_walk_forward
2026-07-25,2026-0725-07-02-01-06,2022110117,チュウワチーフ,6,0,239.0,23.899999618530273,6,-0.0244508489496909,0.0617319977779335,7,0.0,2026-06-30,monthly_walk_forward
2026-07-25,2026-0725-07-02-01-06,2022106609,ヤマニンバロネス,12,0,423.0,42.29999923706055,9,-0.0342339740484659,0.0608752389130631,8,0.0,2026-06-30,monthly_walk_forward
2026-07-25,2026-0725-07-02-01-06,2021101468,アリエスキング,4,0,294.0,29.399999618530273,7,-0.3524702982994859,0.038636722552861,9,0.0,2026-06-30,monthly_walk_forward
2026-07-25,2026-0725-07-02-01-06,2022106010,モズタチアガレ,9,0,846.0,84.5999984741211,14,-0.6754684629693024,0.0243559758975998,10,0.0,2026-06-30,monthly_walk_forward
2026-07-25,2026-0725-07-02-01-06,2022100327,ジェミート,13,0,477.0,47.70000076293945,10,-0.8101168734802843,0.02009402212269,11,0.0,2026-06-30,monthly_walk_forward
2026-07-25,2026-0725-07-02-01-06,2021103287,アレ,14,0,490.0,49.0,11,-1.205817606270933,0.0114173668361105,12,0.0,2026-06-30,monthly_walk_forward
2026-07-25,2026-0725-07-02-01-06,2022103733,スーパージョック,10,0,725.0,72.5,13,-1.4266701530264565,0.0083280718987256,13,0.0,2026-06-30,monthly_walk_forward
2026-07-25,2026-0725-07-02-01-06,2022106011,ホウオウゴールド,8,0,660.0,66.0,12,-1.458303808499439,0.0079600957466522,14,0.0,2026-06-30,monthly_walk_forward
2026-07-25,2026-0725-07-02-01-06,2020103625,ゴルデールスカー,7,0,1741.0,174.10000610351562,15,-1.4776481022206314,0.007743132511253,15,0.0,2026-06-30,monthly_walk_forward
2026-07-25,2026-0725-07-02-01-06,2021105604,ステラスプレンダー,15,0,2012.0,201.1999969482422,16,-1.7895621709322107,0.0049590530055666,16,0.0,2026-06-30,monthly_walk_forward
2026-07-25,2026-0725-07-02-01-07,2022103207,ミュージシャン,4,0,25.0,2.5,1,0.7777360879160199,0.2857059975993194,1,0.0,2026-06-30,monthly_walk_forward
2026-07-25,2026-0725-07-02-01-07,2020105681,ハーツコンチェルト,3,0,43.0,4.300000190734863,3,0.2989882227320469,0.1441764331744963,2,0.0,2026-06-30,monthly_walk_forward
2026-07-25,2026-0725-07-02-01-07,2020106667,サトノクローク,6,0,191.0,19.100000381469727,6,0.1692151382889023,0.1197789139001173,3,0.0,2026-06-30,monthly_walk_forward
2026-07-25,2026-0725-07-02-01-07,2021106194,ウインデイジー,8,0,111.0,11.100000381469728,4,0.1390203347054173,0.1147220476322861,4,0.0,2026-06-30,monthly_walk_forward
2026-07-25,2026-0725-07-02-01-07,2022104765,ミッキーゴールド,1,1,33.0,3.299999952316284,2,-0.0468119254061299,0.0879736702801202,5,330.0,2026-06-30,monthly_walk_forward
2026-07-25,2026-0725-07-02-01-07,2021105474,サダムオプシス,2,0,135.0,13.5,5,-0.1049159298332877,0.0809662051900474,6,0.0,2026-06-30,monthly_walk_forward
2026-07-25,2026-0725-07-02-01-07,2020103713,タイセイフェリーク,10,0,213.0,21.299999237060547,7,-0.1103287212116067,0.0803425435800024,7,0.0,2026-06-30,monthly_walk_forward
2026-07-25,2026-0725-07-02-01-07,2021103263,メイショウソウタ,11,0,1213.0,121.3000030517578,10,-0.7296922821147259,0.0331649701064818,8,0.0,2026-06-30,monthly_walk_forward
2026-07-25,2026-0725-07-02-01-07,2018104797,リンフレスカンテ,5,0,1294.0,129.39999389648438,11,-1.0431906915707745,0.0211923301527067,9,0.0,2026-06-30,monthly_walk_forward
2026-07-25,2026-0725-07-02-01-07,2021102510,ナムラフッカー,7,0,334.0,33.400001525878906,8,-1.074514287267689,0.0202649205012744,10,0.0,2026-06-30,monthly_walk_forward
2026-07-25,2026-0725-07-02-01-07,2019104800,エイカイマッケンロ,9,0,678.0,67.80000305175781,9,-1.4583103727502034,0.0117119678831475,11,0.0,2026-06-30,monthly_walk_forward
2026-07-25,2026-0725-07-02-01-08,2023103246,ブラックシャリマー,7,0,54.0,5.400000095367432,3,0.8427961799791821,0.2755888351088539,1,0.0,2026-06-30,monthly_walk_forward
2026-07-25,2026-0725-07-02-01-08,2023107516,スノースケープ,2,0,31.0,3.0999999046325684,2,0.7932240308389056,0.2567473869092326,2,0.0,2026-06-30,monthly_walk_forward
2026-07-25,2026-0725-07-02-01-08,2023105818,ロードフィレール,1,1,21.0,2.0999999046325684,1,0.5853593270143873,0.1907842282236623,3,210.0,2026-06-30,monthly_walk_forward
2026-07-25,2026-0725-07-02-01-08,2023101569,サイモンシャリオ,6,0,91.0,9.100000381469728,4,0.1765176360649718,0.10638701561815,4,0.0,2026-06-30,monthly_walk_forward
2026-07-25,2026-0725-07-02-01-08,2023104008,アトレッタ,5,0,223.0,22.299999237060547,7,-0.0697056797435662,0.0748387606882063,5,0.0,2026-06-30,monthly_walk_forward
2026-07-25,2026-0725-07-02-01-08,2022104793,サラコスティ,3,0,142.0,14.199999809265137,5,-0.3353890633044181,0.0512024944703865,6,0.0,2026-06-30,monthly_walk_forward
2026-07-25,2026-0725-07-02-01-08,2023105292,サンダーバード,4,0,188.0,18.799999237060547,6,-0.5148182757288299,0.0396250226839471,7,0.0,2026-06-30,monthly_walk_forward
2026-07-25,2026-0725-07-02-01-08,2022106634,アンビアンス,8,0,1721.0,172.10000610351562,8,-1.98859108757682,0.004826256297561,8,0.0,2026-06-30,monthly_walk_forward
2026-07-25,2026-0725-07-02-01-09,2023106127,ダンシングドール,3,0,52.0,5.199999809265137,2,0.057530207479406,0.2274544745890853,1,0.0,2026-06-30,monthly_walk_forward
2026-07-25,2026-0725-07-02-01-09,2023102208,ワイズギャング,7,0,64.0,6.400000095367432,4,-0.2588080353175159,0.1447543736572714,2,0.0,2026-06-30,monthly_walk_forward
2026-07-25,2026-0725-07-02-01-09,2023107081,ルビドゥソレイユ,1,1,26.0,2.5999999046325684,1,-0.2981156021935182,0.1368498944603737,3,260.0,2026-06-30,monthly_walk_forward
2026-07-25,2026-0725-07-02-01-09,2022106540,イーブンベター,6,0,102.0,10.199999809265137,6,-0.484423188076578,0.1048709944150675,4,0.0,2026-06-30,monthly_walk_forward
2026-07-25,2026-0725-07-02-01-09,2023105126,ステライヴ,8,0,62.0,6.199999809265137,3,-0.5279998666742125,0.0985415781355332,5,0.0,2026-06-30,monthly_walk_forward
2026-07-25,2026-0725-07-02-01-09,2022102994,オブシディアーナ,11,0,236.0,23.600000381469727,8,-0.8570887590187574,0.0615808892588458,6,0.0,2026-06-30,monthly_walk_forward
2026-07-25,2026-0725-07-02-01-09,2022101126,ルクスコスモス,12,0,93.0,9.300000190734863,5,-1.0009169471188222,0.0501431915239893,7,0.0,2026-06-30,monthly_walk_forward
2026-07-25,2026-0725-07-02-01-09,2022105011,リンゲルブルーメ,2,0,1693.0,169.3000030517578,13,-1.1725307072650917,0.0392409258303025,8,0.0,2026-06-30,monthly_walk_forward
2026-07-25,2026-0725-07-02-01-09,2022100416,ヴァカンツァ,5,0,260.0,26.0,9,-1.2960337680908058,0.0328939017821962,9,0.0,2026-06-30,monthly_walk_forward
2026-07-25,2026-0725-07-02-01-09,2023100676,ミスヘンリー,9,0,833.0,83.30000305175781,10,-1.4170528447911113,0.0276714968585858,10,0.0,2026-06-30,monthly_walk_forward
2026-07-25,2026-0725-07-02-01-09,2023103291,ドレドレ,16,0,2685.0,268.5,15,-1.6584611761289167,0.0196000838516368,11,0.0,2026-06-30,monthly_walk_forward
2026-07-25,2026-0725-07-02-01-09,2022105533,ニーナバイリッカ,10,0,1598.0,159.8000030517578,12,-1.8503603077061856,0.0149004621289035,12,0.0,2026-06-30,monthly_walk_forward
2026-07-25,2026-0725-07-02-01-09,2022105857,ラウルベア,15,0,4626.0,462.6000061035156,16,-1.9036740453946115,0.0138077460881271,13,0.0,2026-06-30,monthly_walk_forward
2026-07-25,2026-0725-07-02-01-09,2023106228,ナムラティアラ,4,0,1412.0,141.1999969482422,11,-2.0474531675357213,0.0112439589196814,14,0.0,2026-06-30,monthly_walk_forward
2026-07-25,2026-0725-07-02-01-09,2023107378,テーオーアンジェラ,13,0,2370.0,237.0,14,-2.0842878874954285,0.010667587846278,15,0.0,2026-06-30,monthly_walk_forward
2026-07-25,2026-0725-07-02-01-09,2022107387,リカード,14,0,210.0,21.0,7,-2.5134411629056905,0.0057784406541217,16,0.0,2026-06-30,monthly_walk_forward
2026-07-25,2026-0725-07-02-01-10,2023102919,サイモンゼスト,2,0,65.0,6.5,3,0.1474896532543537,0.3134401310024644,1,0.0,2026-06-30,monthly_walk_forward
2026-07-25,2026-0725-07-02-01-10,2023106403,アスクチャンスマン,3,0,25.0,2.5,1,-0.4208084761359987,0.139178029527515,2,0.0,2026-06-30,monthly_walk_forward
2026-07-25,2026-0725-07-02-01-10,2022105848,ステイクオール,4,0,117.0,11.699999809265137,6,-0.530548514854324,0.1189832132108553,3,0.0,2026-06-30,monthly_walk_forward
2026-07-25,2026-0725-07-02-01-10,2023102836,ミランド,11,0,71.0,7.099999904632568,4,-0.611438909062777,0.1059984754746257,4,0.0,2026-06-30,monthly_walk_forward
2026-07-25,2026-0725-07-02-01-10,2023107295,リヒトミューレ,1,1,79.0,7.900000095367432,5,-0.6280924735148081,0.1035064474878446,5,790.0,2026-06-30,monthly_walk_forward
2026-07-25,2026-0725-07-02-01-10,2023102462,ガウラディスコ,7,0,39.0,3.900000095367432,2,-0.6740660131180954,0.0969269323770476,6,0.0,2026-06-30,monthly_walk_forward
2026-07-25,2026-0725-07-02-01-10,2023107203,インシオン,5,0,119.0,11.899999618530272,7,-1.0926312116266232,0.0533037740630711,7,0.0,2026-06-30,monthly_walk_forward
2026-07-25,2026-0725-07-02-01-10,2021103316,リアルペガサス,8,0,2253.0,225.3000030517578,10,-1.873056090156363,0.0174809978351464,8,0.0,2026-06-30,monthly_walk_forward
2026-07-25,2026-0725-07-02-01-10,2021102894,ルルフィーユ,6,0,1822.0,182.1999969482422,8,-1.874751403503318,0.0174387122482608,9,0.0,2026-06-30,monthly_walk_forward
2026-07-25,2026-0725-07-02-01-10,2023104231,タマモヒロイン,9,0,2334.0,233.3999938964844,11,-2.098942912430683,0.0126596401557644,10,0.0,2026-06-30,monthly_walk_forward
2026-07-25,2026-0725-07-02-01-10,2021106078,ブルーストレイル,10,0,3502.0,350.20001220703125,12,-2.192587332018712,0.0110744566117773,11,0.0,2026-06-30,monthly_walk_forward
2026-07-25,2026-0725-07-02-01-10,2023102827,タイセイフリーデン,12,0,2176.0,217.6000061035156,9,-2.2633836371744582,0.0100091900056267,12,0.0,2026-06-30,monthly_walk_forward
2026-07-25,2026-0725-07-02-01-11,2023105415,ルージュスプリヤ,1,1,15.0,1.5,1,-0.0737124109437984,0.3352087427124687,1,150.0,2026-06-30,monthly_walk_forward
2026-07-25,2026-0725-07-02-01-11,2023107138,ケールハイム,2,0,28.0,2.799999952316284,2,-0.1850906866042923,0.2858998652396849,2,0.0,2026-06-30,monthly_walk_forward
2026-07-25,2026-0725-07-02-01-11,2023104703,ニシノトリビュート,4,0,93.0,9.300000190734863,3,-1.0377718083933778,0.0845654456821747,3,0.0,2026-06-30,monthly_walk_forward
2026-07-25,2026-0725-07-02-01-11,2020103261,アウクソー,6,0,303.0,30.299999237060547,6,-1.1625596783057417,0.0707574162332232,4,0.0,2026-06-30,monthly_walk_forward
2026-07-25,2026-0725-07-02-01-11,2021100683,ビーグラッド,7,0,225.0,22.5,4,-1.1886218294170796,0.0681714400583836,5,0.0,2026-06-30,monthly_walk_forward
2026-07-25,2026-0725-07-02-01-11,2023105140,サヨノパララックス,8,0,310.0,31.0,7,-1.2044666721439068,0.0666456794494861,6,0.0,2026-06-30,monthly_walk_forward
2026-07-25,2026-0725-07-02-01-11,2023104075,フェブリノ,5,0,431.0,43.099998474121094,8,-1.420663546582273,0.0489371852614178,7,0.0,2026-06-30,monthly_walk_forward
2026-07-25,2026-0725-07-02-01-11,2021105484,ベランジェール,3,0,290.0,29.0,5,-1.5650828374547774,0.0398142253631606,8,0.0,2026-06-30,monthly_walk_forward
2026-07-26,2026-0726-01-01-02-07,2023105630,ビタミンドロップ,4,0,30.0,3.0,1,-0.4247232877955592,0.2452661043375454,1,0.0,2026-06-30,monthly_walk_forward
2026-07-26,2026-0726-01-01-02-07,2022100660,ロードヴァルカン,3,0,36.0,3.5999999046325684,3,-0.470795641881427,0.2296430421257549,2,0.0,2026-06-30,monthly_walk_forward
2026-07-26,2026-0726-01-01-02-07,2022103078,ナムラモモ,1,1,36.0,3.5999999046325684,2,-0.5848865155459743,0.1951052487626783,3,360.0,2026-06-30,monthly_walk_forward
2026-07-26,2026-0726-01-01-02-07,2022110062,レネネト,7,0,55.0,5.5,4,-0.742051843719359,0.1558692091660996,4,0.0,2026-06-30,monthly_walk_forward
2026-07-26,2026-0726-01-01-02-07,2023100398,ランドスター,2,0,61.0,6.099999904632568,5,-0.945025862737461,0.1166355794557655,5,0.0,2026-06-30,monthly_walk_forward
2026-07-26,2026-0726-01-01-02-07,2021103550,キープライジング,6,0,415.0,41.5,6,-1.8382177339053571,0.0325593956914649,6,0.0,2026-06-30,monthly_walk_forward
2026-07-26,2026-0726-01-01-02-07,2023109174,ラムールデュヴォン,5,0,910.0,91.0,7,-2.0253545355001767,0.0249214204606909,7,0.0,2026-06-30,monthly_walk_forward
2026-07-26,2026-0726-01-01-02-08,2023107204,デイトナチャンプ,1,1,16.0,1.600000023841858,1,-0.0185094645379279,0.2525212650653187,1,160.0,2026-06-30,monthly_walk_forward
2026-07-26,2026-0726-01-01-02-08,2023102619,ナハトナナレオン,2,0,56.0,5.599999904632568,2,-0.1835433977666953,0.199483734463419,2,0.0,2026-06-30,monthly_walk_forward
2026-07-26,2026-0726-01-01-02-08,2023105035,メイショウハッケイ,10,0,116.0,11.600000381469728,4,-0.3346254741529716,0.1607581664170515,3,0.0,2026-06-30,monthly_walk_forward
2026-07-26,2026-0726-01-01-02-08,2021105168,クイーンズワーフ,8,0,93.0,9.300000190734863,3,-0.7582182707032713,0.0877742868525054,4,0.0,2026-06-30,monthly_walk_forward
2026-07-26,2026-0726-01-01-02-08,2023102475,コスモレッド,7,0,136.0,13.600000381469728,6,-0.8333920165326862,0.0788366138587785,5,0.0,2026-06-30,monthly_walk_forward
2026-07-26,2026-0726-01-01-02-08,2021101304,サンウリエル,6,0,213.0,21.299999237060547,8,-0.9499788606252324,0.0667413631175203,6,0.0,2026-06-30,monthly_walk_forward
2026-07-26,2026-0726-01-01-02-08,2022102988,トレヴィ,9,0,163.0,16.299999237060547,7,-1.205652238067584,0.0463201566584649,7,0.0,2026-06-30,monthly_walk_forward
2026-07-26,2026-0726-01-01-02-08,2022104894,ダノンフィオーレ,3,0,135.0,13.5,5,-1.47689319525802,0.0314402881831464,8,0.0,2026-06-30,monthly_walk_forward
2026-07-26,2026-0726-01-01-02-08,2021101100,ルクスアドラー,4,0,1484.0,148.39999389648438,11,-1.598081750448759,0.0264422636583666,9,0.0,2026-06-30,monthly_walk_forward
2026-07-26,2026-0726-01-01-02-08,2022106357,トップオンザヒル,5,0,918.0,91.8000030517578,10,-1.669144865577597,0.0238896399564803,10,0.0,2026-06-30,monthly_walk_forward
2026-07-26,2026-0726-01-01-02-08,2022110012,マジカルシャイン,11,0,586.0,58.599998474121094,9,-2.0106144455742028,0.0146674566254594,11,0.0,2026-06-30,monthly_walk_forward
2026-07-26,2026-0726-01-01-02-08,2022104870,フクシマコウヨウ,12,0,3550.0,355.0,12,-2.2041346868204856,0.0111247651434884,12,0.0,2026-06-30,monthly_walk_forward
2026-07-26,2026-0726-01-01-02-09,2023103696,マーゴットサンズ,1,1,16.0,1.600000023841858,1,-0.251581921616137,0.2666192384833287,1,160.0,2026-06-30,monthly_walk_forward
2026-07-26,2026-0726-01-01-02-09,2022107317,カルミアクラウン,3,0,55.0,5.5,2,-0.4058190362636771,0.2138944849152044,2,0.0,2026-06-30,monthly_walk_forward
2026-07-26,2026-0726-01-01-02-09,2023104766,ヴェールミューズ,4,0,143.0,14.300000190734863,5,-0.5544860525918018,0.1729670960881572,3,0.0,2026-06-30,monthly_walk_forward
2026-07-26,2026-0726-01-01-02-09,2023107337,ルージュビバーチェ,2,0,68.0,6.800000190734863,4,-0.6964844826283361,0.1412097650624331,4,0.0,2026-06-30,monthly_walk_forward
2026-07-26,2026-0726-01-01-02-09,2022105267,サウンドルーチェ,5,0,150.0,15.0,6,-0.9422360659962584,0.0994020552301282,5,0.0,2026-06-30,monthly_walk_forward
2026-07-26,2026-0726-01-01-02-09,2022104399,ラウニウ,8,0,63.0,6.300000190734863,3,-1.4529639867387665,0.0479213667292574,6,0.0,2026-06-30,monthly_walk_forward
2026-07-26,2026-0726-01-01-02-09,2023100463,ナムラハリス,7,0,431.0,43.099998474121094,7,-1.485822807049989,0.0457238618417164,7,0.0,2026-06-30,monthly_walk_forward
2026-07-26,2026-0726-01-01-02-09,2023102305,マインセーラ,6,0,1855.0,185.5,8,-2.407095968881864,0.0122621316497743,8,0.0,2026-06-30,monthly_walk_forward
2026-07-26,2026-0726-01-01-02-10,2023105714,ヒズマスターピース,5,0,37.0,3.700000047683716,2,0.7424840628009706,0.290570036033217,1,0.0,2026-06-30,monthly_walk_forward
2026-07-26,2026-0726-01-01-02-10,2023105347,ショウナンカリス,9,0,53.0,5.300000190734863,4,0.6697905900504185,0.2619089218802867,2,0.0,2026-06-30,monthly_walk_forward
2026-07-26,2026-0726-01-01-02-10,2023105356,マーゴットブロー,4,0,31.0,3.0999999046325684,1,0.6654289980141903,0.2602820813428301,3,0.0,2026-06-30,monthly_walk_forward
2026-07-26,2026-0726-01-01-02-10,2023105106,アルデトップガン,3,0,52.0,5.199999809265137,3,-0.2540682079930817,0.0699792335171122,4,0.0,2026-06-30,monthly_walk_forward
2026-07-26,2026-0726-01-01-02-10,2021103227,ジャズ,7,0,126.0,12.600000381469728,6,-0.3133901107208703,0.0642931413192915,5,0.0,2026-06-30,monthly_walk_forward
2026-07-26,2026-0726-01-01-02-10,2020101184,シャイニースイフト,6,0,205.0,20.5,7,-1.2770936974319416,0.0162279254120278,6,0.0,2026-06-30,monthly_walk_forward
2026-07-26,2026-0726-01-01-02-10,2022101464,レイユール,2,0,223.0,22.299999237060547,8,-1.3810969697915148,0.0139874072921797,7,0.0,2026-06-30,monthly_walk_forward
2026-07-26,2026-0726-01-01-02-10,2022101412,ワタシマツワ,1,1,92.0,9.199999809265137,5,-1.4206724715454255,0.0132185482621002,8,920.0,2026-06-30,monthly_walk_forward
2026-07-26,2026-0726-01-01-02-10,2022101469,ヴェナートル,8,0,931.0,93.0999984741211,9,-1.6494972235988403,0.0095327049409543,9,0.0,2026-06-30,monthly_walk_forward
2026-07-26,2026-0726-01-01-02-11,2022107282,レクスノヴァス,7,0,35.0,3.5,2,1.192957874370773,0.2225823075611385,1,0.0,2026-06-30,monthly_walk_forward
2026-07-26,2026-0726-01-01-02-11,2022104615,アマキヒ,10,0,101.0,10.100000381469728,4,1.11484896264961,0.1990812026923463,2,0.0,2026-06-30,monthly_walk_forward
2026-07-26,2026-0726-01-01-02-11,2022105109,ミラージュナイト,1,1,21.0,2.0999999046325684,1,1.0268682445904458,0.1755679337916746,3,210.0,2026-06-30,monthly_walk_forward
2026-07-26,2026-0726-01-01-02-11,2022104733,コーチェラバレー,9,0,115.0,11.5,5,0.7937312097359425,0.1258352042602818,4,0.0,2026-06-30,monthly_walk_forward
2026-07-26,2026-0726-01-01-02-11,2021105066,レッドテリオス,8,0,84.0,8.399999618530273,3,0.4028272415497189,0.0719908413849335,5,0.0,2026-06-30,monthly_walk_forward
2026-07-26,2026-0726-01-01-02-11,2020110060,ホールネス,2,0,292.0,29.200000762939453,8,0.1750806803108925,0.0519970339533961,6,0.0,2026-06-30,monthly_walk_forward
2026-07-26,2026-0726-01-01-02-11,2021105559,ギャンブルルーム,3,0,252.0,25.200000762939453,7,0.115170560675073,0.0477319408073647,7,0.0,2026-06-30,monthly_walk_forward
2026-07-26,2026-0726-01-01-02-11,2021105438,スピードリッチ,5,0,231.0,23.100000381469727,6,-0.0673276416873291,0.036777604065762,8,0.0,2026-06-30,monthly_walk_forward
2026-07-26,2026-0726-01-01-02-11,2022106633,バルナバ,12,0,682.0,68.19999694824219,11,-0.3535291414073813,0.0244353239786233,9,0.0,2026-06-30,monthly_walk_forward
2026-07-26,2026-0726-01-01-02-11,2021105391,ラスカンブレス,4,0,657.0,65.69999694824219,10,-0.5384402173832286,0.0187627047469512,10,0.0,2026-06-30,monthly_walk_forward
2026-07-26,2026-0726-01-01-02-11,2019103850,パトリックハンサム,11,0,1066.0,106.5999984741211,13,-0.6493154453894899,0.0160142335970548,11,0.0,2026-06-30,monthly_walk_forward
2026-07-26,2026-0726-01-01-02-11,2021103976,エコロレイズ,6,0,997.0,99.6999969482422,12,-1.0355089534564408,0.0092236691604728,12,0.0,2026-06-30,monthly_walk_forward
2026-07-26,2026-0726-01-01-02-12,2023102091,クリスレジーナ,3,0,22.0,2.200000047683716,1,-0.2042188223864269,0.3253548540850073,1,0.0,2026-06-30,monthly_walk_forward
2026-07-26,2026-0726-01-01-02-12,2021103520,デルシエロ,4,0,28.0,2.799999952316284,2,-0.3598556146603713,0.2604935682140902,2,0.0,2026-06-30,monthly_walk_forward
2026-07-26,2026-0726-01-01-02-12,2023102719,カイシンパジェント,6,0,306.0,30.600000381469727,7,-1.092657520587575,0.0914432265753648,3,0.0,2026-06-30,monthly_walk_forward
2026-07-26,2026-0726-01-01-02-12,2023104389,フリーガー,9,0,88.0,8.800000190734863,4,-1.1414873205935752,0.0852818324781492,4,0.0,2026-06-30,monthly_walk_forward
2026-07-26,2026-0726-01-01-02-12,2022104598,ドルチェリターン,7,0,67.0,6.699999809265137,3,-1.2890755134136114,0.0690700476176877,5,0.0,2026-06-30,monthly_walk_forward
2026-07-26,2026-0726-01-01-02-12,2022105400,ピティロディア,5,0,107.0,10.699999809265137,5,-1.3392076873077283,0.0642964089447521,6,0.0,2026-06-30,monthly_walk_forward
2026-07-26,2026-0726-01-01-02-12,2019106416,キセキノエンジェル,8,0,1204.0,120.4000015258789,9,-1.5209535364847306,0.0495938509785792,7,0.0,2026-06-30,monthly_walk_forward
2026-07-26,2026-0726-01-01-02-12,2022104062,カージオイド,2,0,233.0,23.299999237060547,6,-1.8488681794758808,0.0310443666585149,8,0.0,2026-06-30,monthly_walk_forward
2026-07-26,2026-0726-01-01-02-12,2022101969,デルマジュテーム,1,1,378.0,37.79999923706055,8,-2.0460919569525067,0.0234218444478541,9,3780.0,2026-06-30,monthly_walk_forward
2026-07-26,2026-0726-04-02-02-05,2022105459,エテオクロス,5,0,180.0,18.0,6,-0.2719687557989146,0.1512007714922396,1,0.0,2026-06-30,monthly_walk_forward
2026-07-26,2026-0726-04-02-02-05,2022103911,ショウナンタハティ,3,0,61.0,6.099999904632568,4,-0.2938923858691981,0.1465386321922821,2,0.0,2026-06-30,monthly_walk_forward
2026-07-26,2026-0726-04-02-02-05,2020103939,ホウオウプレシャス,6,0,1354.0,135.39999389648438,12,-0.337836992376639,0.1376220397629738,3,0.0,2026-06-30,monthly_walk_forward
2026-07-26,2026-0726-04-02-02-05,2023102841,ショコラキュイ,1,1,48.0,4.800000190734863,2,-0.5069769536839575,0.1080811754373209,4,480.0,2026-06-30,monthly_walk_forward
2026-07-26,2026-0726-04-02-02-05,2023103216,アンバサダネージュ,2,0,26.0,2.5999999046325684,1,-0.5830895119899043,0.0969456336037003,5,0.0,2026-06-30,monthly_walk_forward
2026-07-26,2026-0726-04-02-02-05,2023104849,ムーンブランシュ,13,0,58.0,5.800000190734863,3,-0.7269857438795733,0.0789318086059565,6,0.0,2026-06-30,monthly_walk_forward
2026-07-26,2026-0726-04-02-02-05,2023103557,ラテラルパーム,4,0,71.0,7.099999904632568,5,-0.8299462707106828,0.0681354632789865,7,0.0,2026-06-30,monthly_walk_forward
2026-07-26,2026-0726-04-02-02-05,2020105525,カツノテンス,13,0,559.0,55.900001525878906,9,-1.057701324767092,0.0492118017484019,8,0.0,2026-06-30,monthly_walk_forward
2026-07-26,2026-0726-04-02-02-05,2023103037,コパノトーマス,15,0,227.0,22.700000762939453,7,-1.067719100663479,0.0485125418444707,9,0.0,2026-06-30,monthly_walk_forward
2026-07-26,2026-0726-04-02-02-05,2022106324,レインボーラッキー,9,0,592.0,59.20000076293945,10,-1.4256626072027965,0.0290923278823,10,0.0,2026-06-30,monthly_walk_forward
2026-07-26,2026-0726-04-02-02-05,2022105909,アースミューズ,7,0,641.0,64.0999984741211,11,-1.440583787538537,0.0284787592761249,11,0.0,2026-06-30,monthly_walk_forward
2026-07-26,2026-0726-04-02-02-05,2022101141,ガンバレベアー,8,0,454.0,45.400001525878906,8,-1.7087762882044335,0.0194146197388147,12,0.0,2026-06-30,monthly_walk_forward
2026-07-26,2026-0726-04-02-02-05,2022104271,スマイルディシー,10,0,2361.0,236.1000061035156,13,-1.808501953484893,0.0168367019078131,13,0.0,2026-06-30,monthly_walk_forward
2026-07-26,2026-0726-04-02-02-05,2022109052,キカオクベシ,11,0,3632.0,363.2000122070313,15,-1.9616077680907291,0.0135290408442933,14,0.0,2026-06-30,monthly_walk_forward
2026-07-26,2026-0726-04-02-02-05,2020103995,サンシップ,12,0,3175.0,317.5,14,-2.377491734973062,0.0074686823843212,15,0.0,2026-06-30,monthly_walk_forward
2026-07-26,2026-0726-04-02-02-06,2021104399,ラヴオントップ,8,0,44.0,4.400000095367432,2,-0.210590870086808,0.2120730980329428,1,0.0,2026-06-30,monthly_walk_forward
2026-07-26,2026-0726-04-02-02-06,2022107359,サマースイートピー,11,0,147.0,14.699999809265137,6,-0.5213269007242486,0.1360499914095357,2,0.0,2026-06-30,monthly_walk_forward
2026-07-26,2026-0726-04-02-02-06,2022106698,オカメノコイ,3,0,244.0,24.399999618530273,7,-0.6029790055512484,0.1210709258656705,3,0.0,2026-06-30,monthly_walk_forward
2026-07-26,2026-0726-04-02-02-06,2021106307,モリノセピア,7,0,66.0,6.599999904632568,4,-0.6559661234494929,0.1122446265768285,4,0.0,2026-06-30,monthly_walk_forward
2026-07-26,2026-0726-04-02-02-06,2023105899,ソウルオンファイア,1,1,24.0,2.4000000953674316,1,-0.6863853603011513,0.1074713824856319,5,240.0,2026-06-30,monthly_walk_forward
2026-07-26,2026-0726-04-02-02-06,2022103577,リッキースタイル,2,0,58.0,5.800000190734863,3,-0.7402830576892409,0.0995069899187998,6,0.0,2026-06-30,monthly_walk_forward
2026-07-26,2026-0726-04-02-02-06,2022105824,フィーチャリング,4,0,329.0,32.900001525878906,8,-1.1128168047937628,0.0584421177849077,7,0.0,2026-06-30,monthly_walk_forward
2026-07-26,2026-0726-04-02-02-06,2021105779,レッドセニョール,5,0,894.0,89.4000015258789,11,-1.1594600364854657,0.0546748398107564,8,0.0,2026-06-30,monthly_walk_forward
2026-07-26,2026-0726-04-02-02-06,2022106169,カワキタマナレア,10,0,98.0,9.800000190734863,5,-1.3169096227079726,0.0436618907492221,9,0.0,2026-06-30,monthly_walk_forward
2026-07-26,2026-0726-04-02-02-06,2020105803,マイネルラッシュ,6,0,623.0,62.29999923706055,10,-1.358041863186124,0.0411702254917633,10,0.0,2026-06-30,monthly_walk_forward
2026-07-26,2026-0726-04-02-02-06,2022103725,ロッカバイベイビー,9,0,397.0,39.70000076293945,9,-2.131650435730197,0.0136339118739407,11,0.0,2026-06-30,monthly_walk_forward
2026-07-26,2026-0726-04-02-02-07,2021110030,アンパドゥ,1,1,48.0,4.800000190734863,1,0.990475122025738,0.1782341642620652,1,480.0,2026-06-30,monthly_walk_forward
2026-07-26,2026-0726-04-02-02-07,2022104814,ダノンセンチュリー,11,0,50.0,5.0,2,0.8870767827755202,0.1537589785552321,2,0.0,2026-06-30,monthly_walk_forward
2026-07-26,2026-0726-04-02-02-07,2020100680,エルトンバローズ,5,0,89.0,8.899999618530273,3,0.8074576148123443,0.1372281176685794,3,0.0,2026-06-30,monthly_walk_forward
2026-07-26,2026-0726-04-02-02-07,2021104893,ファーヴェント,3,0,106.0,10.600000381469728,6,0.6266941501200526,0.1059970339992007,4,0.0,2026-06-30,monthly_walk_forward
2026-07-26,2026-0726-04-02-02-07,2023107053,サンダーストラック,9,0,143.0,14.300000190734863,9,0.3117672400554856,0.0675937502447647,5,0.0,2026-06-30,monthly_walk_forward
2026-07-26,2026-0726-04-02-02-07,2021105454,ブエナオンダ,4,0,432.0,43.20000076293945,14,0.2405758544120265,0.0610573476098096,6,0.0,2026-06-30,monthly_walk_forward
2026-07-26,2026-0726-04-02-02-07,2022104401,ランスオブカオス,13,0,103.0,10.300000190734863,5,0.2162719666352808,0.0589738253658706,7,0.0,2026-06-30,monthly_walk_forward
2026-07-26,2026-0726-04-02-02-07,2019105806,ドロップオブライト,12,0,160.0,16.0,10,0.2011226482260856,0.0577112324354948,8,0.0,2026-06-30,monthly_walk_forward
2026-07-26,2026-0726-04-02-02-07,2021100139,クランフォード,2,0,113.0,11.300000190734863,8,0.1574866502896421,0.0542235157486094,9,0.0,2026-06-30,monthly_walk_forward
2026-07-26,2026-0726-04-02-02-07,2021104094,シリウスコルト,10,0,90.0,9.0,4,-0.0383108725415849,0.0409931072759267,10,0.0,2026-06-30,monthly_walk_forward
2026-07-26,2026-0726-04-02-02-07,2022104813,ジュタ,7,0,375.0,37.5,13,-0.1256765826845004,0.0361832310195614,11,0.0,2026-06-30,monthly_walk_forward
2026-07-26,2026-0726-04-02-02-07,2021105752,レディマリオン,8,0,250.0,25.0,11,-0.4743009333646237,0.0219894104285266,12,0.0,2026-06-30,monthly_walk_forward
2026-07-26,2026-0726-04-02-02-07,2020101772,メタルスピード,14,0,111.0,11.100000381469728,7,-0.7062735752163521,0.0157867582777468,13,0.0,2026-06-30,monthly_walk_forward
2026-07-26,2026-0726-04-02-02-07,2019105546,マテンロウスカイ,6,0,310.0,31.0,12,-1.0072669448001066,0.0102695271086113,14,0.0,2026-06-30,monthly_walk_forward
2026-07-26,2026-0726-04-02-02-08,2022105787,コンアフェット,10,0,73.0,7.300000190734863,4,0.1815474840368009,0.1602521501403894,1,0.0,2026-06-30,monthly_walk_forward
2026-07-26,2026-0726-04-02-02-08,2022105385,ステアハート,15,0,41.0,4.099999904632568,1,0.1450545567031315,0.152111797413267,2,0.0,2026-06-30,monthly_walk_forward
2026-07-26,2026-0726-04-02-02-08,2023103628,ケイツーリーブル,9,0,53.0,5.300000190734863,3,-0.0190253156339626,0.1203273496063378,3,0.0,2026-06-30,monthly_walk_forward
2026-07-26,2026-0726-04-02-02-08,2022105058,ヴァンアグレアブル,8,0,160.0,16.0,8,-0.0751481468592558,0.111056654164972,4,0.0,2026-06-30,monthly_walk_forward
2026-07-26,2026-0726-04-02-02-08,2022103371,パイシャオピン,13,0,48.0,4.800000190734863,2,-0.2432669370802727,0.0873454345174172,5,0.0,2026-06-30,monthly_walk_forward
2026-07-26,2026-0726-04-02-02-08,2022104912,カーラデマドレ,6,0,90.0,9.0,5,-0.30683637249763,0.0797628047179317,6,0.0,2026-06-30,monthly_walk_forward
2026-07-26,2026-0726-04-02-02-08,2021105984,モモンウールー,1,1,134.0,13.399999618530272,7,-0.3844969372546377,0.0713868462058088,7,1340.0,2026-06-30,monthly_walk_forward
2026-07-26,2026-0726-04-02-02-08,2022105803,パースウェイド,2,0,104.0,10.399999618530272,6,-0.492270159803497,0.0612002870009887,8,0.0,2026-06-30,monthly_walk_forward
2026-07-26,2026-0726-04-02-02-08,2021104929,ルトゥール,12,0,1144.0,114.4000015258789,14,-0.8493782063417806,0.0367448296831874,9,0.0,2026-06-30,monthly_walk_forward
2026-07-26,2026-0726-04-02-02-08,2021106707,ヴァズレーヌ,3,0,278.0,27.799999237060547,9,-0.8728043812721892,0.0355354774657961,10,0.0,2026-06-30,monthly_walk_forward
2026-07-26,2026-0726-04-02-02-08,2022105053,スルーザナイト,14,0,287.0,28.700000762939453,10,-0.8914180768670825,0.034603006417742,11,0.0,2026-06-30,monthly_walk_forward
2026-07-26,2026-0726-04-02-02-08,2022104917,エターナルプロミス,7,0,419.0,41.900001525878906,11,-1.3857000036865303,0.0170785541077077,12,0.0,2026-06-30,monthly_walk_forward
2026-07-26,2026-0726-04-02-02-08,2021100606,ベルイストワール,4,0,901.0,90.0999984741211,13,-1.5364141244883367,0.013770348813132,13,0.0,2026-06-30,monthly_walk_forward
2026-07-26,2026-0726-04-02-02-08,2022101457,アンドリーナ,5,0,723.0,72.30000305175781,12,-1.657872856671378,0.0115768240081434,14,0.0,2026-06-30,monthly_walk_forward
2026-07-26,2026-0726-04-02-02-08,2021105895,レーヴドレフォン,11,0,1183.0,118.3000030517578,15,-1.9857037578235104,0.0072476357371781,15,0.0,2026-06-30,monthly_walk_forward
2026-07-26,2026-0726-04-02-02-09,2021105885,キャネル,1,1,37.0,3.700000047683716,2,0.2815006225114135,0.2715230481594376,1,370.0,2026-06-30,monthly_walk_forward
2026-07-26,2026-0726-04-02-02-09,2020102976,ノーブルクライ,6,0,24.0,2.4000000953674316,1,0.2021502330886838,0.2424242592319238,2,0.0,2026-06-30,monthly_walk_forward
2026-07-26,2026-0726-04-02-02-09,2021100557,オーサムストローク,4,0,69.0,6.900000095367432,4,-0.2749140425633977,0.1226296619052092,3,0.0,2026-06-30,monthly_walk_forward
2026-07-26,2026-0726-04-02-02-09,2019106698,バラジ,9,0,60.0,6.0,3,-0.6223755509559322,0.0746488673691788,4,0.0,2026-06-30,monthly_walk_forward
2026-07-26,2026-0726-04-02-02-09,2019104915,バンデルオーラ,10,0,189.0,18.899999618530273,7,-0.8489146337542189,0.05400993926986,5,0.0,2026-06-30,monthly_walk_forward
2026-07-26,2026-0726-04-02-02-09,2019103996,タイキエクセロン,12,0,1087.0,108.6999969482422,12,-0.913043677494746,0.0492818160667867,6,0.0,2026-06-30,monthly_walk_forward
2026-07-26,2026-0726-04-02-02-09,2022101614,ノブダブルホワイト,2,0,153.0,15.300000190734863,6,-0.929166443471563,0.0481597036592483,7,0.0,2026-06-30,monthly_walk_forward
2026-07-26,2026-0726-04-02-02-09,2022107011,ニシノブレイゼスト,11,0,828.0,82.80000305175781,11,-1.1019545692465669,0.0376255171583968,8,0.0,2026-06-30,monthly_walk_forward
2026-07-26,2026-0726-04-02-02-09,2021104844,グロッシェン,5,0,143.0,14.300000190734863,5,-1.1483623945042285,0.0352119521548245,9,0.0,2026-06-30,monthly_walk_forward
2026-07-26,2026-0726-04-02-02-09,2022100737,セイウンビッグバン,3,0,442.0,44.20000076293945,8,-1.4870292098332,0.0217057203984568,10,0.0,2026-06-30,monthly_walk_forward
2026-07-26,2026-0726-04-02-02-09,2020102452,フェスティヴビーム,7,0,590.0,59.0,9,-1.7763166851896723,0.0143580106040568,11,0.0,2026-06-30,monthly_walk_forward
2026-07-26,2026-0726-04-02-02-09,2021103506,ジュリアスローズ,13,0,748.0,74.80000305175781,10,-1.9279988369684908,0.0115607903287418,12,0.0,2026-06-30,monthly_walk_forward
2026-07-26,2026-0726-04-02-02-09,2020100209,コトブキヘスペラス,8,0,2558.0,255.8000030517578,14,-2.0449435165239382,0.0097821118909902,13,0.0,2026-06-30,monthly_walk_forward
2026-07-26,2026-0726-04-02-02-09,2022101826,スマートフランキー,14,0,2329.0,232.8999938964844,13,-2.2713788149658303,0.007078601802888,14,0.0,2026-06-30,monthly_walk_forward
2026-07-26,2026-0726-04-02-02-11,2021104137,ミエノブラボー,2,0,83.0,8.300000190734863,5,-0.5357269011288175,0.1658004443088514,1,0.0,2026-06-30,monthly_walk_forward
2026-07-26,2026-0726-04-02-02-11,2022106950,シャンクス,3,0,88.0,8.800000190734863,6,-0.747581732056237,0.1225029564547284,2,0.0,2026-06-30,monthly_walk_forward
2026-07-26,2026-0726-04-02-02-11,2022106320,ルブリアン,11,0,44.0,4.400000095367432,1,-0.7923444170217064,0.1149145112184942,3,0.0,2026-06-30,monthly_walk_forward
2026-07-26,2026-0726-04-02-02-11,2021105373,パレスドフィーヌ,1,1,60.0,6.0,3,-0.8459301626906552,0.1064459565340762,4,600.0,2026-06-30,monthly_walk_forward
2026-07-26,2026-0726-04-02-02-11,2023101860,コウジハラ,9,0,156.0,15.600000381469728,9,-0.8525842888215062,0.1054388866376996,5,0.0,2026-06-30,monthly_walk_forward
2026-07-26,2026-0726-04-02-02-11,2023103702,リアアーテシアン,10,0,156.0,15.600000381469728,8,-0.92973905494036,0.0944348725027069,6,0.0,2026-06-30,monthly_walk_forward
2026-07-26,2026-0726-04-02-02-11,2022100075,ブラックティンカー,8,0,75.0,7.5,4,-1.034096611769109,0.081355479866414,7,0.0,2026-06-30,monthly_walk_forward
2026-07-26,2026-0726-04-02-02-11,2023101827,ヨドノティアラ,5,0,51.0,5.099999904632568,2,-1.2674800899700371,0.0582895728573152,8,0.0,2026-06-30,monthly_walk_forward
2026-07-26,2026-0726-04-02-02-11,2022104874,ホウオウガイア,14,0,335.0,33.5,10,-1.4635823127123817,0.044047878570918,9,0.0,2026-06-30,monthly_walk_forward
2026-07-26,2026-0726-04-02-02-11,2023102819,マーシャルアン,12,0,1104.0,110.4000015258789,14,-1.919935105235745,0.0229506126446049,10,0.0,2026-06-30,monthly_walk_forward
2026-07-26,2026-0726-04-02-02-11,2023102312,ラブソング,6,0,336.0,33.599998474121094,11,-1.958481307685106,0.0217209802965345,11,0.0,2026-06-30,monthly_walk_forward
2026-07-26,2026-0726-04-02-02-11,2022104122,スカイダイバー,4,0,412.0,41.20000076293945,12,-1.9797426804624056,0.021071159090626,12,0.0,2026-06-30,monthly_walk_forward
2026-07-26,2026-0726-04-02-02-11,2022101571,ハッピーダンシング,15,0,927.0,92.6999969482422,13,-2.184515685276318,0.015726896095119,13,0.0,2026-06-30,monthly_walk_forward
2026-07-26,2026-0726-04-02-02-11,2022101579,オレイア,13,0,3191.0,319.1000061035156,15,-2.2864869073665695,0.0135949608628299,14,0.0,2026-06-30,monthly_walk_forward
2026-07-26,2026-0726-04-02-02-11,2022101265,テンペストヒロイン,7,0,153.0,15.300000190734863,7,-2.3912751197359983,0.011704832059081,15,0.0,2026-06-30,monthly_walk_forward
2026-07-26,2026-0726-07-02-02-06,2023105645,サヴォアフェール,1,1,22.0,2.200000047683716,1,0.996414225412664,0.343728361264726,1,220.0,2026-06-30,monthly_walk_forward
2026-07-26,2026-0726-07-02-02-06,2022103278,ホウオウタイタン,4,0,67.0,6.699999809265137,4,0.6044599521330645,0.1963535816164169,2,0.0,2026-06-30,monthly_walk_forward
2026-07-26,2026-0726-07-02-02-06,2022105098,マディソンガール,7,0,40.0,4.0,2,0.4562115553188656,0.1588775210973919,3,0.0,2026-06-30,monthly_walk_forward
2026-07-26,2026-0726-07-02-02-06,2023107227,レッドラージャ,2,0,43.0,4.300000190734863,3,0.3392436339187621,0.1344290522422128,4,0.0,2026-06-30,monthly_walk_forward
2026-07-26,2026-0726-07-02-02-06,2022105250,エアビッグマム,8,0,132.0,13.199999809265137,5,0.1145763706756288,0.0975225208142137,5,0.0,2026-06-30,monthly_walk_forward
2026-07-26,2026-0726-07-02-02-06,2022101925,オデット,6,0,598.0,59.79999923706055,8,-0.6438009602255882,0.0330059268560842,6,0.0,2026-06-30,monthly_walk_forward
2026-07-26,2026-0726-07-02-02-06,2022104623,コリカンチャ,3,0,592.0,59.20000076293945,7,-1.361876403476609,0.0118326787011376,7,0.0,2026-06-30,monthly_walk_forward
2026-07-26,2026-0726-07-02-02-06,2022100529,ハッピーダンチャン,9,0,2127.0,212.6999969482422,10,-1.5629044921867696,0.0088789392974192,8,0.0,2026-06-30,monthly_walk_forward
2026-07-26,2026-0726-07-02-02-06,2022103651,ツーエムクロノス,10,0,689.0,68.9000015258789,9,-1.661628163906685,0.0077110031136033,9,0.0,2026-06-30,monthly_walk_forward
2026-07-26,2026-0726-07-02-02-06,2021105970,コンフェルマ,5,0,175.0,17.5,6,-1.666235651564771,0.0076604149967941,10,0.0,2026-06-30,monthly_walk_forward
2026-07-26,2026-0726-07-02-02-07,2022106942,ドンインザムード,3,0,18.0,1.7999999523162842,1,1.5447624649192946,0.2285284087474131,1,0.0,2026-06-30,monthly_walk_forward
2026-07-26,2026-0726-07-02-02-07,2022106658,ベルジュロネット,9,0,88.0,8.800000190734863,4,1.4585095217044803,0.2020352201582001,2,0.0,2026-06-30,monthly_walk_forward
2026-07-26,2026-0726-07-02-02-07,2022110138,ドラゴンテイラー,14,0,87.0,8.699999809265137,3,1.3960539565080503,0.1847899553246816,3,0.0,2026-06-30,monthly_walk_forward
2026-07-26,2026-0726-07-02-02-07,2022100623,ダノンフィーゴ,10,0,51.0,5.099999904632568,2,1.1744505123642073,0.1346452382397507,4,0.0,2026-06-30,monthly_walk_forward
2026-07-26,2026-0726-07-02-02-07,2022103264,メイショウハチロー,2,0,140.0,14.0,6,0.8047962472870751,0.0794053648309518,5,0.0,2026-06-30,monthly_walk_forward
2026-07-26,2026-0726-07-02-02-07,2021110126,インユアパレス,4,0,106.0,10.600000381469728,5,0.7044461865691715,0.0688003411507839,6,0.0,2026-06-30,monthly_walk_forward
2026-07-26,2026-0726-07-02-02-07,2019103879,バトルクライ,5,0,399.0,39.900001525878906,8,-0.0360525592390743,0.0238874532472623,7,0.0,2026-06-30,monthly_walk_forward
2026-07-26,2026-0726-07-02-02-07,2022103622,マテンロウコマンド,1,1,163.0,16.299999237060547,7,-0.1020763337012799,0.0217373868539069,8,1630.0,2026-06-30,monthly_walk_forward
2026-07-26,2026-0726-07-02-02-07,2022100140,ハッピーマン,8,0,780.0,78.0,10,-0.2343086500817916,0.0179956554602008,9,0.0,2026-06-30,monthly_walk_forward
2026-07-26,2026-0726-07-02-02-07,2021110148,ノーブルロジャー,7,0,643.0,64.30000305175781,9,-0.5142265301276,0.0120642638232122,10,0.0,2026-06-30,monthly_walk_forward
2026-07-26,2026-0726-07-02-02-07,2017101560,ケイアイドリー,13,0,3182.0,318.20001220703125,14,-0.7703707423973184,0.0083672675734543,11,0.0,2026-06-30,monthly_walk_forward
2026-07-26,2026-0726-07-02-02-07,2020106062,ジュンウィンダム,12,0,2416.0,241.6000061035156,11,-0.8133931276062771,0.0078684951141485,12,0.0,2026-06-30,monthly_walk_forward
2026-07-26,2026-0726-07-02-02-07,2020103876,モンドプリューム,11,0,2666.0,266.6000061035156,12,-0.8414866507797224,0.0075589570293005,13,0.0,2026-06-30,monthly_walk_forward
2026-07-26,2026-0726-07-02-02-07,2022102493,トリリオンボーイ,6,0,3059.0,305.8999938964844,13,-1.6695130970360024,0.0023159924467326,14,0.0,2026-06-30,monthly_walk_forward
2026-07-26,2026-0726-07-02-02-08,2022100439,ハギノコラソン,7,0,51.0,5.099999904632568,3,0.1535871520277711,0.2343045544908686,1,0.0,2026-06-30,monthly_walk_forward
2026-07-26,2026-0726-07-02-02-08,2020100771,ジョータルマエ,8,0,43.0,4.300000190734863,2,0.0942807810440861,0.2152711501290455,2,0.0,2026-06-30,monthly_walk_forward
2026-07-26,2026-0726-07-02-02-08,2023104848,ダンツシタン,1,1,32.0,3.200000047683716,1,0.0268545298558321,0.1955028937168927,3,320.0,2026-06-30,monthly_walk_forward
2026-07-26,2026-0726-07-02-02-08,2022102260,ジェシーテソーロ,9,0,326.0,32.599998474121094,8,-0.632977301260961,0.0761692836212203,4,0.0,2026-06-30,monthly_walk_forward
2026-07-26,2026-0726-07-02-02-08,2022110118,ユウトザユウト,12,0,77.0,7.699999809265137,5,-0.8143344234072832,0.05878440956381,5,0.0,2026-06-30,monthly_walk_forward
2026-07-26,2026-0726-07-02-02-08,2020106393,ノボリクレバー,3,0,110.0,11.0,6,-0.9170346128707562,0.0507627145677749,6,0.0,2026-06-30,monthly_walk_forward
2026-07-26,2026-0726-07-02-02-08,2022103775,テイエムパイロット,4,0,143.0,14.300000190734863,7,-0.9723354237996984,0.0469067205937781,7,0.0,2026-06-30,monthly_walk_forward
2026-07-26,2026-0726-07-02-02-08,2021106164,キングオブフジ,5,0,449.0,44.900001525878906,9,-1.0393241994551308,0.0426259281647445,8,0.0,2026-06-30,monthly_walk_forward
2026-07-26,2026-0726-07-02-02-08,2022104413,マハートマーベル,2,0,463.0,46.29999923706055,10,-1.3120853985461307,0.0288700248563141,9,0.0,2026-06-30,monthly_walk_forward
2026-07-26,2026-0726-07-02-02-08,2022100358,アイブリンク,10,0,71.0,7.099999904632568,4,-1.4174547466140242,0.0248355529820673,10,0.0,2026-06-30,monthly_walk_forward
2026-07-26,2026-0726-07-02-02-08,2020106491,メイショウジェンマ,11,0,1465.0,146.5,11,-1.8494930254154085,0.0133976413580308,11,0.0,2026-06-30,monthly_walk_forward
2026-07-26,2026-0726-07-02-02-08,2020102559,ナチュラルリバー,6,0,2843.0,284.29998779296875,12,-1.8941776565914556,0.0125691259554525,12,0.0,2026-06-30,monthly_walk_forward
2026-07-26,2026-0726-07-02-02-09,2023103247,フルールジェンヌ,5,0,80.0,8.0,6,0.513568004836393,0.2134276691072365,1,0.0,2026-06-30,monthly_walk_forward
2026-07-26,2026-0726-07-02-02-09,2023105300,スウィッチインラヴ,6,0,54.0,5.400000095367432,4,0.3618949276296099,0.1718500276691719,2,0.0,2026-06-30,monthly_walk_forward
2026-07-26,2026-0726-07-02-02-09,2023107105,ルージュバロン,2,0,68.0,6.800000190734863,5,0.3613807742794904,0.1717238493463581,3,0.0,2026-06-30,monthly_walk_forward
2026-07-26,2026-0726-07-02-02-09,2023103160,メイクワンズデイ,3,0,53.0,5.300000190734863,3,0.0889727206631159,0.1163651738973709,4,0.0,2026-06-30,monthly_walk_forward
2026-07-26,2026-0726-07-02-02-09,2023110085,ナルキッソス,1,1,52.0,5.199999809265137,2,-0.068242003559702,0.0929573544824487,5,520.0,2026-06-30,monthly_walk_forward
2026-07-26,2026-0726-07-02-02-09,2023103719,ペアレンツギフト,10,0,36.0,3.5999999046325684,1,-0.0815012987435013,0.091213141652894,6,0.0,2026-06-30,monthly_walk_forward
2026-07-26,2026-0726-07-02-02-09,2021105529,ルクスノア,9,0,279.0,27.899999618530273,8,-0.7137225342778045,0.0369670061871659,7,0.0,2026-06-30,monthly_walk_forward
2026-07-26,2026-0726-07-02-02-09,2023104355,テルヴィセクス,11,0,238.0,23.799999237060547,7,-0.8046944687903447,0.0324618607130214,8,0.0,2026-06-30,monthly_walk_forward
2026-07-26,2026-0726-07-02-02-09,2022104649,インターポーザー,14,0,1354.0,135.39999389648438,11,-1.0271856436519051,0.0236230126259169,9,0.0,2026-06-30,monthly_walk_forward
2026-07-26,2026-0726-07-02-02-09,2022106996,ゴージャス,13,0,417.0,41.70000076293945,9,-1.3930159342147648,0.014007692561385,10,0.0,2026-06-30,monthly_walk_forward
2026-07-26,2026-0726-07-02-02-09,2023106107,ベルフラム,4,0,2533.0,253.3000030517578,14,-1.5539647417788147,0.0111303963925134,11,0.0,2026-06-30,monthly_walk_forward
2026-07-26,2026-0726-07-02-02-09,2023103678,リアライズブラーヴ,8,0,439.0,43.900001525878906,10,-1.7435510783346997,0.008489602299169,12,0.0,2026-06-30,monthly_walk_forward
2026-07-26,2026-0726-07-02-02-09,2022104905,チリーゴールド,7,0,1801.0,180.10000610351562,13,-1.7581096757776329,0.0083148590352632,13,0.0,2026-06-30,monthly_walk_forward
2026-07-26,2026-0726-07-02-02-09,2022104892,ダノンフェルゼン,12,0,1436.0,143.60000610351562,12,-1.83326834579913,0.0074683540300845,14,0.0,2026-06-30,monthly_walk_forward
2026-07-26,2026-0726-07-02-02-10,2023105593,ポッドリプル,1,1,27.0,2.700000047683716,1,0.5190267922584615,0.2941581542849518,1,270.0,2026-06-30,monthly_walk_forward
2026-07-26,2026-0726-07-02-02-10,2023110043,ラブインアクション,3,0,44.0,4.400000095367432,2,-0.1160611833812191,0.1187296459642762,2,0.0,2026-06-30,monthly_walk_forward
2026-07-26,2026-0726-07-02-02-10,2023101501,マイティキングダム,15,0,74.0,7.400000095367432,4,-0.3072698479260625,0.0903502506055235,3,0.0,2026-06-30,monthly_walk_forward
2026-07-26,2026-0726-07-02-02-10,2023103718,アーガイルショア,4,0,99.0,9.899999618530272,5,-0.4265077027382589,0.0761994312050946,4,0.0,2026-06-30,monthly_walk_forward
2026-07-26,2026-0726-07-02-02-10,2020110051,ザングウィル,2,0,150.0,15.0,6,-0.4429139967381255,0.0744342686036977,5,0.0,2026-06-30,monthly_walk_forward
2026-07-26,2026-0726-07-02-02-10,2023106289,シャープインサイト,13,0,724.0,72.4000015258789,12,-0.4940006050112088,0.0691954816451177,6,0.0,2026-06-30,monthly_walk_forward
2026-07-26,2026-0726-07-02-02-10,2022105194,ラトラース,16,0,185.0,18.5,8,-0.6483543575755603,0.0555026188174935,7,0.0,2026-06-30,monthly_walk_forward
2026-07-26,2026-0726-07-02-02-10,2023103151,ハードシングス,12,0,434.0,43.400001525878906,9,-0.8291728818962871,0.0428676742510851,8,0.0,2026-06-30,monthly_walk_forward
2026-07-26,2026-0726-07-02-02-10,2023107536,モンスエ,6,0,168.0,16.799999237060547,7,-0.8712006150590396,0.0403696558177525,9,0.0,2026-06-30,monthly_walk_forward
2026-07-26,2026-0726-07-02-02-10,2022105012,フロンティエール,8,0,573.0,57.29999923706055,10,-0.8888569311985914,0.0393641341262664,10,0.0,2026-06-30,monthly_walk_forward
2026-07-26,2026-0726-07-02-02-10,2023110036,キーンセンス,5,0,63.0,6.300000190734863,3,-1.3208213721608897,0.0212373843589114,11,0.0,2026-06-30,monthly_walk_forward
2026-07-26,2026-0726-07-02-02-10,2021106942,レイム,9,0,632.0,63.20000076293945,11,-1.415897768135604,0.0185401679525423,12,0.0,2026-06-30,monthly_walk_forward
2026-07-26,2026-0726-07-02-02-10,2021104362,イーサンハンター,14,0,2233.0,223.3000030517578,14,-1.45522819867545,0.0175271882513657,13,0.0,2026-06-30,monthly_walk_forward
2026-07-26,2026-0726-07-02-02-10,2022105077,ワイルドブッター,10,0,2243.0,224.3000030517578,15,-1.5013482176880488,0.0164096167183116,14,0.0,2026-06-30,monthly_walk_forward
2026-07-26,2026-0726-07-02-02-10,2023103755,エシェックオロワ,7,0,3095.0,309.5,16,-1.637894486755387,0.0135015088999981,15,0.0,2026-06-30,monthly_walk_forward
2026-07-26,2026-0726-07-02-02-10,2022105619,ダディーズグーグー,11,0,1131.0,113.0999984741211,13,-1.7433788298239612,0.0116128184976114,16,0.0,2026-06-30,monthly_walk_forward
2026-07-26,2026-0726-07-02-02-11,2023102997,ペイシャシス,9,0,73.0,7.300000190734863,5,0.720774907857701,0.2195027084516614,1,0.0,2026-06-30,monthly_walk_forward
2026-07-26,2026-0726-07-02-02-11,2023102906,バースデイフライト,3,0,41.0,4.099999904632568,1,0.3678022741186957,0.1325709471084809,2,0.0,2026-06-30,monthly_walk_forward
2026-07-26,2026-0726-07-02-02-11,2023105792,エンヴェロップ,7,0,137.0,13.699999809265137,7,0.2000035624290916,0.1043139922329634,3,0.0,2026-06-30,monthly_walk_forward
2026-07-26,2026-0726-07-02-02-11,2023102996,エイズルブルーム,10,0,194.0,19.399999618530273,8,0.0886128000589177,0.0889679191889119,4,0.0,2026-06-30,monthly_walk_forward
2026-07-26,2026-0726-07-02-02-11,2023103371,カラペルソナ,5,0,56.0,5.599999904632568,2,0.070698532772674,0.0867199564752024,5,0.0,2026-06-30,monthly_walk_forward
2026-07-26,2026-0726-07-02-02-11,2022105534,シャンパンライフ,2,0,65.0,6.5,3,0.0696255814042314,0.0865871350147964,6,0.0,2026-06-30,monthly_walk_forward
2026-07-26,2026-0726-07-02-02-11,2023105720,ペプチドブッドレア,4,0,98.0,9.800000190734863,6,-0.2764181735142877,0.0528154111945984,7,0.0,2026-06-30,monthly_walk_forward
2026-07-26,2026-0726-07-02-02-11,2023103611,カモメガトンダ,14,0,202.0,20.200000762939453,10,-0.3607558437021354,0.0468204765721602,8,0.0,2026-06-30,monthly_walk_forward
2026-07-26,2026-0726-07-02-02-11,2023103980,ポペット,6,0,197.0,19.700000762939453,9,-0.3937894711475006,0.0446622999627739,9,0.0,2026-06-30,monthly_walk_forward
2026-07-26,2026-0726-07-02-02-11,2022105558,ロケベンドラ,1,1,68.0,6.800000190734863,4,-0.56313625791881,0.0350650799968769,10,680.0,2026-06-30,monthly_walk_forward
2026-07-26,2026-0726-07-02-02-11,2022100404,ウォーターエアリー,11,0,543.0,54.29999923706055,12,-0.6744718859223078,0.0299088632497219,11,0.0,2026-06-30,monthly_walk_forward
2026-07-26,2026-0726-07-02-02-11,2021105416,ラガークイン,15,0,977.0,97.6999969482422,13,-0.7205837279848815,0.0280021363684335,12,0.0,2026-06-30,monthly_walk_forward
2026-07-26,2026-0726-07-02-02-11,2022104779,リトルスカーレット,13,0,1641.0,164.10000610351562,15,-0.8778583491947002,0.0223673605032367,13,0.0,2026-06-30,monthly_walk_forward
2026-07-26,2026-0726-07-02-02-11,2021105739,オリーボーレン,16,0,457.0,45.70000076293945,11,-1.2749698285493507,0.0126834838452389,14,0.0,2026-06-30,monthly_walk_forward
2026-07-26,2026-0726-07-02-02-11,2021105245,マルモア,8,0,1959.0,195.8999938964844,16,-1.94903502540174,0.0048421090563358,15,0.0,2026-06-30,monthly_walk_forward
2026-07-26,2026-0726-07-02-02-11,2022102796,ウォーターエルピス,12,0,1234.0,123.4000015258789,14,-2.053618792920736,0.004170120778607,16,0.0,2026-06-30,monthly_walk_forward
2026-08-01,2026-0801-01-01-03-04,2023104487,アイドクレース,2,0,20.0,2.0,1,0.3263286489825042,0.338267319960578,1,0.0,2026-07-31,monthly_walk_forward
2026-08-01,2026-0801-01-01-03-04,2021102708,アドミラルシップ,3,0,56.0,5.599999904632568,3,-0.2018440916217959,0.1590635779751866,2,0.0,2026-07-31,monthly_walk_forward
2026-08-01,2026-0801-01-01-03-04,2023106921,ブルースカイブルー,5,0,33.0,3.299999952316284,2,-0.3553812617715904,0.1277359406333014,3,0.0,2026-07-31,monthly_walk_forward
2026-08-01,2026-0801-01-01-03-04,2022106846,ゴールドジェスター,4,0,390.0,39.0,7,-0.662013053418773,0.0824275522208173,4,0.0,2026-07-31,monthly_walk_forward
2026-08-01,2026-0801-01-01-03-04,2020100621,マイバラード,7,0,327.0,32.70000076293945,6,-0.6622006670185363,0.0824054629957034,5,0.0,2026-07-31,monthly_walk_forward
2026-08-01,2026-0801-01-01-03-04,2023100840,ミリオンクラウン,1,1,100.0,10.0,4,-1.1069506742681965,0.0436539853269605,6,1000.0,2026-07-31,monthly_walk_forward
2026-08-01,2026-0801-01-01-03-04,2023106439,マイネルマスター,9,0,165.0,16.5,5,-1.1967229042799816,0.0383996573785985,7,0.0,2026-07-31,monthly_walk_forward
2026-08-01,2026-0801-01-01-03-04,2020103772,エイトスターズ,8,0,619.0,61.900001525878906,9,-1.219079283988923,0.0371926384967147,8,0.0,2026-07-31,monthly_walk_forward
2026-08-01,2026-0801-01-01-03-04,2022104940,エイカイカッシーナ,10,0,897.0,89.69999694824219,10,-1.2792797902365811,0.0341277258468883,9,0.0,2026-07-31,monthly_walk_forward
2026-08-01,2026-0801-01-01-03-04,2021101725,リリーズブルーム,11,0,912.0,91.1999969482422,11,-1.3808656178639145,0.0295176242664807,10,0.0,2026-07-31,monthly_walk_forward
2026-08-01,2026-0801-01-01-03-04,2022105766,ドーギッド,6,0,432.0,43.20000076293945,8,-1.437885899821925,0.02720851489877,11,0.0,2026-07-31,monthly_walk_forward
2026-08-01,2026-0801-01-01-03-06,2022106835,セガンティーニ,3,0,87.0,8.699999809265137,4,-0.5279569655705011,0.2847696883985288,1,0.0,2026-07-31,monthly_walk_forward
2026-08-01,2026-0801-01-01-03-06,2023100628,メモリーデイズ,8,0,90.0,9.0,5,-0.8820987054278637,0.1717026104711727,2,0.0,2026-07-31,monthly_walk_forward
2026-08-01,2026-0801-01-01-03-06,2023103929,ウーマンズパワー,1,1,16.0,1.600000023841858,1,-0.9231396545976828,0.1619251261411525,3,160.0,2026-07-31,monthly_walk_forward
2026-08-01,2026-0801-01-01-03-06,2022102492,グッバイウェーブ,5,0,540.0,54.0,8,-1.1842760722085284,0.1115064034080841,4,0.0,2026-07-31,monthly_walk_forward
2026-08-01,2026-0801-01-01-03-06,2023105616,テーオーナタリー,2,0,64.0,6.400000095367432,2,-1.267084906767089,0.0990657413547294,5,0.0,2026-07-31,monthly_walk_forward
2026-08-01,2026-0801-01-01-03-06,2023103699,パドゼフィール,6,0,169.0,16.899999618530273,7,-1.6628752777595963,0.0562816679324153,6,0.0,2026-07-31,monthly_walk_forward
2026-08-01,2026-0801-01-01-03-06,2023105815,エスカレイト,4,0,77.0,7.699999809265137,3,-1.73819059336188,0.0505405285586513,7,0.0,2026-07-31,monthly_walk_forward
2026-08-01,2026-0801-01-01-03-06,2022103485,アスコットアイ,7,0,159.0,15.899999618530272,6,-1.900626420691428,0.0400738650814345,8,0.0,2026-07-31,monthly_walk_forward
2026-08-01,2026-0801-01-01-03-06,2022103018,シェーンルスカ,9,0,1646.0,164.60000610351562,9,-2.2555876485757724,0.024134368653831,9,0.0,2026-07-31,monthly_walk_forward
2026-08-01,2026-0801-01-01-03-08,2023101793,エスシービクトリア,1,1,14.0,1.399999976158142,1,0.5130545045459062,0.3973335831398444,1,140.0,2026-07-31,monthly_walk_forward
2026-08-01,2026-0801-01-01-03-08,2023102354,エタンセル,5,0,108.0,10.800000190734863,3,0.1043992624861015,0.2216241623317095,2,0.0,2026-07-31,monthly_walk_forward
2026-08-01,2026-0801-01-01-03-08,2023105032,メイショウコシュウ,4,0,57.0,5.699999809265137,2,-0.1067401960593736,0.1639161779004992,3,0.0,2026-07-31,monthly_walk_forward
2026-08-01,2026-0801-01-01-03-08,2021106180,シーリュウシー,8,0,348.0,34.79999923706055,9,-0.8878281283471336,0.0537054928252122,4,0.0,2026-07-31,monthly_walk_forward
2026-08-01,2026-0801-01-01-03-08,2022106045,ウィズマスタング,11,0,221.0,22.100000381469727,6,-1.1566062966128363,0.036581639872829,5,0.0,2026-07-31,monthly_walk_forward
2026-08-01,2026-0801-01-01-03-08,2022103149,タイキインドラ,2,0,333.0,33.29999923706055,8,-1.208700345907982,0.0339580656886948,6,0.0,2026-07-31,monthly_walk_forward
2026-08-01,2026-0801-01-01-03-08,2023101362,デルマホダカ,9,0,1609.0,160.89999389648438,11,-1.276569082167041,0.0308202229495132,7,0.0,2026-07-31,monthly_walk_forward
2026-08-01,2026-0801-01-01-03-08,2023102469,タマモスカイ,10,0,163.0,16.299999237060547,4,-1.436360944334527,0.0245300028628453,8,0.0,2026-07-31,monthly_walk_forward
2026-08-01,2026-0801-01-01-03-08,2022104729,サマーナイト,3,0,179.0,17.899999618530273,5,-1.7857892317067017,0.0148903552886897,9,0.0,2026-07-31,monthly_walk_forward
2026-08-01,2026-0801-01-01-03-08,2022100557,ロードスカイブルー,6,0,1172.0,117.1999969482422,10,-1.930052702797094,0.0121171649022005,10,0.0,2026-07-31,monthly_walk_forward
2026-08-01,2026-0801-01-01-03-08,2022103644,ブレイジングスター,7,0,260.0,26.0,7,-2.02878569384816,0.0105231322379617,11,0.0,2026-07-31,monthly_walk_forward
2026-08-01,2026-0801-01-01-03-09,2022105438,ジョイエッロ,4,0,23.0,2.299999952316284,1,0.6978478162727193,0.3635839759408471,1,0.0,2026-07-31,monthly_walk_forward
2026-08-01,2026-0801-01-01-03-09,2023100627,テルヒコウ,6,0,25.0,2.5,2,0.6189216708252856,0.3248159305709136,2,0.0,2026-07-31,monthly_walk_forward
2026-08-01,2026-0801-01-01-03-09,2022101411,サタデーサンライズ,1,1,52.0,5.199999809265137,3,-0.3243893179111602,0.0844087886953949,3,520.0,2026-07-31,monthly_walk_forward
2026-08-01,2026-0801-01-01-03-09,2022106231,ウインベラーノ,2,0,240.0,24.0,6,-0.3455674601541746,0.0818932883951638,4,0.0,2026-07-31,monthly_walk_forward
2026-08-01,2026-0801-01-01-03-09,2021100165,フォルテフィオーレ,7,0,121.0,12.100000381469728,5,-0.5981181354921664,0.0570900793376626,5,0.0,2026-07-31,monthly_walk_forward
2026-08-01,2026-0801-01-01-03-09,2021107085,ウインアクトゥール,5,0,284.0,28.399999618530273,7,-0.7521473664016998,0.0458139486865708,6,0.0,2026-07-31,monthly_walk_forward
2026-08-01,2026-0801-01-01-03-09,2022104748,ウィルサヴァイブ,3,0,119.0,11.899999618530272,4,-0.8064547892826235,0.0423939883734469,7,0.0,2026-07-31,monthly_walk_forward
2026-08-01,2026-0801-01-01-03-10,2023103086,イヌボウノウタゴエ,1,1,30.0,3.0,1,0.951694947427522,0.295088572718888,1,300.0,2026-07-31,monthly_walk_forward
2026-08-01,2026-0801-01-01-03-10,2023106894,ハヤブササキチャン,3,0,58.0,5.800000190734863,4,0.5844003205815185,0.1746124502259961,2,0.0,2026-07-31,monthly_walk_forward
2026-08-01,2026-0801-01-01-03-10,2023105295,ダノンプレサージュ,4,0,56.0,5.599999904632568,3,0.562930582814249,0.1693381992195971,3,0.0,2026-07-31,monthly_walk_forward
2026-08-01,2026-0801-01-01-03-10,2023105344,ルールザウェイヴ,2,0,36.0,3.5999999046325684,2,0.3743656041502236,0.1293496694420568,4,0.0,2026-07-31,monthly_walk_forward
2026-08-01,2026-0801-01-01-03-10,2022102088,ユーティジャーニー,8,0,181.0,18.100000381469727,6,-0.1978709550564497,0.0571133879544521,5,0.0,2026-07-31,monthly_walk_forward
2026-08-01,2026-0801-01-01-03-10,2023102615,ホワイトオーキッド,9,0,220.0,22.0,8,-0.2719806360968239,0.0513758173056789,6,0.0,2026-07-31,monthly_walk_forward
2026-08-01,2026-0801-01-01-03-10,2023103456,スピナーリート,13,0,333.0,33.29999923706055,9,-0.4176233948145345,0.0417252515142959,7,0.0,2026-07-31,monthly_walk_forward
2026-08-01,2026-0801-01-01-03-10,2022105817,アルディスティーノ,7,0,201.0,20.100000381469727,7,-0.6164275451779155,0.0314091913534471,8,0.0,2026-07-31,monthly_walk_forward
2026-08-01,2026-0801-01-01-03-10,2023103797,アンディムジーク,5,0,945.0,94.5,10,-0.7934968690582541,0.0243892970694391,9,0.0,2026-07-31,monthly_walk_forward
2026-08-01,2026-0801-01-01-03-10,2022101039,オーケーダイナ,6,0,1062.0,106.1999969482422,11,-1.3713177481461367,0.0106833450633808,10,0.0,2026-07-31,monthly_walk_forward
2026-08-01,2026-0801-01-01-03-10,2021105057,オンザヴィーナス,10,0,1630.0,163.0,12,-1.550264387350172,0.0082734197533862,11,0.0,2026-07-31,monthly_walk_forward
2026-08-01,2026-0801-01-01-03-10,2022101408,フェニーチェドーロ,11,0,2570.0,257.0,13,-2.0824897505166597,0.003867955176703,12,0.0,2026-07-31,monthly_walk_forward
2026-08-01,2026-0801-01-01-03-10,2023101056,イズントイット,12,0,3364.0,336.3999938964844,14,-2.3153352358067645,0.0027734432026781,13,0.0,2026-07-31,monthly_walk_forward
2026-08-01,2026-0801-01-01-03-11,2022102199,アルマデオロ,2,0,41.0,4.099999904632568,1,0.606993498540453,0.1340204119653011,1,0.0,2026-07-31,monthly_walk_forward
2026-08-01,2026-0801-01-01-03-11,2021105616,エルフストラック,13,0,110.0,11.0,6,0.3699801310718714,0.0955262989731944,2,0.0,2026-07-31,monthly_walk_forward
2026-08-01,2026-0801-01-01-03-11,2021100789,ハニーコム,15,0,49.0,4.900000095367432,2,0.3526108173097677,0.0931851417892155,3,0.0,2026-07-31,monthly_walk_forward
2026-08-01,2026-0801-01-01-03-11,2021105072,ディーガレジェンド,14,0,203.0,20.299999237060547,9,0.33763409366001,0.091212592811364,4,0.0,2026-07-31,monthly_walk_forward
2026-08-01,2026-0801-01-01-03-11,2020103354,アイスグリーン,11,0,196.0,19.600000381469727,8,0.2839117626194571,0.0844742521308521,5,0.0,2026-07-31,monthly_walk_forward
2026-08-01,2026-0801-01-01-03-11,2021103255,ジャスティンガルフ,10,0,456.0,45.599998474121094,14,0.2470032326988876,0.0801356086804291,6,0.0,2026-07-31,monthly_walk_forward
2026-08-01,2026-0801-01-01-03-11,2022106813,マイネルフーガ,8,0,251.0,25.100000381469727,10,0.2312926723180634,0.0783571052267193,7,0.0,2026-07-31,monthly_walk_forward
2026-08-01,2026-0801-01-01-03-11,2022105166,ヨヒーン,1,1,86.0,8.600000381469727,5,0.1671364317963108,0.0714948113291405,8,860.0,2026-07-31,monthly_walk_forward
2026-08-01,2026-0801-01-01-03-11,2021102800,キャントウェイト,9,0,76.0,7.599999904632568,4,0.1578444429733888,0.0705520410549684,9,0.0,2026-07-31,monthly_walk_forward
2026-08-01,2026-0801-01-01-03-11,2022105801,ショウナンサムデイ,3,0,63.0,6.300000190734863,3,-0.0573083361139498,0.0518829124208659,10,0.0,2026-07-31,monthly_walk_forward
2026-08-01,2026-0801-01-01-03-11,2020104550,ワイドアラジン,12,0,448.0,44.79999923706055,13,-0.1739223490336531,0.0439212408139706,11,0.0,2026-07-31,monthly_walk_forward
2026-08-01,2026-0801-01-01-03-11,2022105984,ディヴァインスター,4,0,175.0,17.5,7,-0.4524198949759879,0.0295045477188669,12,0.0,2026-07-31,monthly_walk_forward
2026-08-01,2026-0801-01-01-03-11,2019103081,エンドロール,6,0,1925.0,192.5,16,-0.6012832148894218,0.0238523447730017,13,0.0,2026-07-31,monthly_walk_forward
2026-08-01,2026-0801-01-01-03-11,2021105384,チルカーノ,5,0,324.0,32.400001525878906,11,-0.7432686918644796,0.0194733357064547,14,0.0,2026-07-31,monthly_walk_forward
2026-08-01,2026-0801-01-01-03-11,2020103794,エゾダイモン,16,0,1013.0,101.3000030517578,15,-0.8354603393247877,0.0170703625678439,15,0.0,2026-07-31,monthly_walk_forward
2026-08-01,2026-0801-01-01-03-11,2019107025,クレバーテースト,7,0,358.0,35.79999923706055,12,-0.91041359961051,0.0153369920378113,16,0.0,2026-07-31,monthly_walk_forward
2026-08-01,2026-0801-01-01-03-12,2022102308,エアニゲラ,2,0,28.0,2.799999952316284,1,0.2964875966447629,0.3685284260757645,1,0.0,2026-07-31,monthly_walk_forward
2026-08-01,2026-0801-01-01-03-12,2022102952,ユージュアーナ,8,0,30.0,3.0,2,0.1646004035016497,0.3052428144098565,2,0.0,2026-07-31,monthly_walk_forward
2026-08-01,2026-0801-01-01-03-12,2022101678,キャットテイル,1,1,73.0,7.300000190734863,3,-0.7058182150936256,0.0880277761968218,3,730.0,2026-07-31,monthly_walk_forward
2026-08-01,2026-0801-01-01-03-12,2022105973,ハヤブサオヒメサマ,4,0,91.0,9.100000381469728,4,-0.8873623492737756,0.0679181728514329,4,0.0,2026-07-31,monthly_walk_forward
2026-08-01,2026-0801-01-01-03-12,2022107254,エンプレスフレーム,5,0,141.0,14.100000381469728,7,-1.096192248844614,0.0503991954775166,5,0.0,2026-07-31,monthly_walk_forward
2026-08-01,2026-0801-01-01-03-12,2022102263,カスバートテソーロ,3,0,164.0,16.399999618530273,8,-1.1974708595491816,0.0436102180841076,6,0.0,2026-07-31,monthly_walk_forward
2026-08-01,2026-0801-01-01-03-12,2021104856,エーリアル,7,0,101.0,10.100000381469728,5,-1.25319085803674,0.0402734114130288,7,0.0,2026-07-31,monthly_walk_forward
2026-08-01,2026-0801-01-01-03-12,2022104512,タマモカンパネラ,6,0,104.0,10.399999618530272,6,-1.33171192257724,0.035999985491471,8,0.0,2026-07-31,monthly_walk_forward
2026-08-01,2026-0801-04-02-03-06,2022105421,コンフォルツァ,2,0,30.0,3.0,1,0.7859887777744272,0.3713604318816592,1,0.0,2026-07-31,monthly_walk_forward
2026-08-01,2026-0801-04-02-03-06,2022100080,リカントロポ,3,0,190.0,19.0,8,0.0065596890093004,0.1219612021133343,2,0.0,2026-07-31,monthly_walk_forward
2026-08-01,2026-0801-04-02-03-06,2022110060,エリカアンディーヴ,7,0,92.0,9.199999809265137,5,-0.052763495741001,0.1120511621503125,3,0.0,2026-07-31,monthly_walk_forward
2026-08-01,2026-0801-04-02-03-06,2022105317,ミーントゥビー,6,0,115.0,11.5,7,-0.1514638590331636,0.0973151861853435,4,0.0,2026-07-31,monthly_walk_forward
2026-08-01,2026-0801-04-02-03-06,2021105580,クラッシファイド,9,0,100.0,10.0,6,-0.4777708125604006,0.0610566585741544,5,0.0,2026-07-31,monthly_walk_forward
2026-08-01,2026-0801-04-02-03-06,2022105014,タイセイプランセス,1,1,52.0,5.199999809265137,3,-0.5134216574074945,0.0580249147990251,6,520.0,2026-07-31,monthly_walk_forward
2026-08-01,2026-0801-04-02-03-06,2021105575,セイロンジェムズ,8,0,51.0,5.099999904632568,2,-0.6447610220858556,0.0480982031557088,7,0.0,2026-07-31,monthly_walk_forward
2026-08-01,2026-0801-04-02-03-06,2021102106,ツルマウカタチ,5,0,300.0,30.0,9,-0.7416934866553878,0.0418783870059597,8,0.0,2026-07-31,monthly_walk_forward
2026-08-01,2026-0801-04-02-03-06,2021105886,ホウオウトランプ,11,0,80.0,8.0,4,-0.7424236191173389,0.0418347286790231,9,0.0,2026-07-31,monthly_walk_forward
2026-08-01,2026-0801-04-02-03-06,2021102561,キーウェーブ,10,0,2065.0,206.5,11,-1.0450661763069058,0.0271500887147725,10,0.0,2026-07-31,monthly_walk_forward
2026-08-01,2026-0801-04-02-03-06,2021105244,スピンザブラッド,4,0,357.0,35.70000076293945,10,-1.6685155167716252,0.0111421854869358,11,0.0,2026-07-31,monthly_walk_forward
2026-08-01,2026-0801-04-02-03-06,2020101261,コスモスプモーニ,12,0,2607.0,260.70001220703125,12,-1.8894109118580795,0.0081268512537704,12,0.0,2026-07-31,monthly_walk_forward
2026-08-01,2026-0801-04-02-03-07,2022104432,レイバックスピン,1,1,44.0,4.400000095367432,2,0.8079053381588082,0.3370212681814582,1,440.0,2026-07-31,monthly_walk_forward
2026-08-01,2026-0801-04-02-03-07,2021104092,ペンナヴェローチェ,5,0,40.0,4.0,1,0.3119727187382144,0.1659473995714105,2,0.0,2026-07-31,monthly_walk_forward
2026-08-01,2026-0801-04-02-03-07,2022103703,ブルータス,14,0,67.0,6.699999809265137,5,0.2575969067793855,0.1535446089286964,3,0.0,2026-07-31,monthly_walk_forward
2026-08-01,2026-0801-04-02-03-07,2022102131,ショウサンジョージ,10,0,57.0,5.699999809265137,3,0.1575977215722327,0.1331045830383558,4,0.0,2026-07-31,monthly_walk_forward
2026-08-01,2026-0801-04-02-03-07,2021107192,アラレタバシル,2,0,57.0,5.699999809265137,4,-0.6612674700282173,0.0413192189366721,5,0.0,2026-07-31,monthly_walk_forward
2026-08-01,2026-0801-04-02-03-07,2021103525,アデランテ,6,0,176.0,17.600000381469727,7,-0.685338957842394,0.0399224930859931,6,0.0,2026-07-31,monthly_walk_forward
2026-08-01,2026-0801-04-02-03-07,2021100260,エイブラムス,7,0,282.0,28.200000762939453,9,-1.1656620095499994,0.0201008904161226,7,0.0,2026-07-31,monthly_walk_forward
2026-08-01,2026-0801-04-02-03-07,2021102982,ベルダイナフェロー,9,0,240.0,24.0,8,-1.1959654347674198,0.0192492770837934,8,0.0,2026-07-31,monthly_walk_forward
2026-08-01,2026-0801-04-02-03-07,2020104738,ラフエイジアン,4,0,318.0,31.799999237060547,10,-1.2264203600121513,0.0184297548493521,9,0.0,2026-07-31,monthly_walk_forward
2026-08-01,2026-0801-04-02-03-07,2021103288,カフェニクス,15,0,585.0,58.5,11,-1.3108121635904952,0.0163365797595083,10,0.0,2026-07-31,monthly_walk_forward
2026-08-01,2026-0801-04-02-03-07,2019101864,クロニクル,3,0,155.0,15.5,6,-1.3756110283252434,0.0148921904357061,11,0.0,2026-07-31,monthly_walk_forward
2026-08-01,2026-0801-04-02-03-07,2021102753,サンセットブライト,8,0,698.0,69.80000305175781,12,-1.4259721279662705,0.0138584134242686,12,0.0,2026-07-31,monthly_walk_forward
2026-08-01,2026-0801-04-02-03-07,2017104238,フームスムート,13,0,1272.0,127.1999969482422,13,-1.6077269058548955,0.0106892956368807,13,0.0,2026-07-31,monthly_walk_forward
2026-08-01,2026-0801-04-02-03-07,2018101243,オレデイイノカ,11,0,2055.0,205.5,15,-1.7696947408559411,0.0084812700745213,14,0.0,2026-07-31,monthly_walk_forward
2026-08-01,2026-0801-04-02-03-07,2018102832,ゲンパチムサシ,12,0,1927.0,192.6999969482422,14,-1.8938588176142264,0.0071027565772602,15,0.0,2026-07-31,monthly_walk_forward
2026-08-01,2026-0801-04-02-03-08,2023104830,リアライズルミナス,3,0,14.0,1.399999976158142,1,1.0147369927972805,0.3994351406282868,1,0.0,2026-07-31,monthly_walk_forward
2026-08-01,2026-0801-04-02-03-08,2023105433,モウエエデショー,8,0,151.0,15.100000381469728,4,0.0857331561856953,0.1059431958898091,2,0.0,2026-07-31,monthly_walk_forward
2026-08-01,2026-0801-04-02-03-08,2023103957,ベルウッドクレド,6,0,445.0,44.5,8,0.0143565013229109,0.0956730273477536,3,0.0,2026-07-31,monthly_walk_forward
2026-08-01,2026-0801-04-02-03-08,2023106981,ウィロークリーク,11,0,42.0,4.199999809265137,2,-0.0846296391249192,0.083057043329754,4,0.0,2026-07-31,monthly_walk_forward
2026-08-01,2026-0801-04-02-03-08,2022103494,スイートオレンジ,1,1,110.0,11.0,3,-0.1798136021266629,0.0724973892426534,5,1100.0,2026-07-31,monthly_walk_forward
2026-08-01,2026-0801-04-02-03-08,2023107381,ディアアズール,2,0,227.0,22.700000762939453,5,-0.2500468240797592,0.0655764984579652,6,0.0,2026-07-31,monthly_walk_forward
2026-08-01,2026-0801-04-02-03-08,2023101855,ティラーノ,10,0,309.0,30.899999618530273,6,-0.3524157381146188,0.0566547635197335,7,0.0,2026-07-31,monthly_walk_forward
2026-08-01,2026-0801-04-02-03-08,2022104187,ムーンストラック,4,0,380.0,38.0,7,-0.3959521660662708,0.0532384656550306,8,0.0,2026-07-31,monthly_walk_forward
2026-08-01,2026-0801-04-02-03-08,2023101820,サフランルージュ,5,0,1030.0,103.0,9,-0.7768231538746084,0.0308976386705458,9,0.0,2026-07-31,monthly_walk_forward
2026-08-01,2026-0801-04-02-03-08,2022101498,クモヒトツナイ,9,0,1279.0,127.9000015258789,10,-1.009093133806804,0.0221727821078393,10,0.0,2026-07-31,monthly_walk_forward
2026-08-01,2026-0801-04-02-03-08,2022106770,マイネルボス,12,0,3112.0,311.20001220703125,12,-1.6778596551420388,0.0085291078021847,11,0.0,2026-07-31,monthly_walk_forward
2026-08-01,2026-0801-04-02-03-08,2021103037,デリシュー,7,0,1814.0,181.3999938964844,11,-1.8871477905074137,0.0063249473484433,12,0.0,2026-07-31,monthly_walk_forward
2026-08-01,2026-0801-04-02-03-09,2020106771,トモジャシーマ,3,0,85.0,8.5,5,-0.1171776384856544,0.2016488993332461,1,0.0,2026-07-31,monthly_walk_forward
2026-08-01,2026-0801-04-02-03-09,2023103860,フィールマイプラン,1,1,41.0,4.099999904632568,2,-0.2224022185220435,0.1735051417471922,2,410.0,2026-07-31,monthly_walk_forward
2026-08-01,2026-0801-04-02-03-09,2023103341,エアサロメ,4,0,22.0,2.200000047683716,1,-0.4266670605588203,0.1295932004894842,3,0.0,2026-07-31,monthly_walk_forward
2026-08-01,2026-0801-04-02-03-09,2023104780,クラシオン,7,0,82.0,8.199999809265137,4,-0.4700520998811886,0.1218050346222437,4,0.0,2026-07-31,monthly_walk_forward
2026-08-01,2026-0801-04-02-03-09,2022105300,ブリックンクリック,14,0,150.0,15.0,6,-0.6791630672692294,0.0903500649734001,5,0.0,2026-07-31,monthly_walk_forward
2026-08-01,2026-0801-04-02-03-09,2021102192,グランルチャドール,6,0,355.0,35.5,7,-0.7735274858517815,0.0789555806363077,6,0.0,2026-07-31,monthly_walk_forward
2026-08-01,2026-0801-04-02-03-09,2021100506,キングクレオール,8,0,466.0,46.599998474121094,9,-1.1729882306036574,0.0446220091997021,7,0.0,2026-07-31,monthly_walk_forward
2026-08-01,2026-0801-04-02-03-09,2023105402,ガルディーノ,2,0,460.0,46.0,8,-1.220149116702437,0.0417147391293046,8,0.0,2026-07-31,monthly_walk_forward
2026-08-01,2026-0801-04-02-03-09,2023104174,ホウオウルクソール,5,0,65.0,6.5,3,-1.4953739910181258,0.0281536252842036,9,0.0,2026-07-31,monthly_walk_forward
2026-08-01,2026-0801-04-02-03-09,2021101521,グッドヴァイブス,13,0,1402.0,140.1999969482422,12,-1.6140320564758532,0.0237638283826319,10,0.0,2026-07-31,monthly_walk_forward
2026-08-01,2026-0801-04-02-03-09,2020106429,ノーブルミステリー,10,0,1602.0,160.1999969482422,13,-1.710574361248139,0.0207023460683375,11,0.0,2026-07-31,monthly_walk_forward
2026-08-01,2026-0801-04-02-03-09,2021100675,アルマーレシチー,9,0,490.0,49.0,10,-1.8112277263790184,0.017929663300197,12,0.0,2026-07-31,monthly_walk_forward
2026-08-01,2026-0801-04-02-03-09,2022105535,デルマエアロール,11,0,1095.0,109.5,11,-1.9285866792894104,0.0151621298512501,13,0.0,2026-07-31,monthly_walk_forward
2026-08-01,2026-0801-04-02-03-09,2020100081,アカツキロットリー,12,0,5787.0,578.7000122070312,14,-2.086865882893987,0.0120937369824988,14,0.0,2026-07-31,monthly_walk_forward
2026-08-01,2026-0801-04-02-03-12,2023104357,ヤマニンアレシス,6,0,55.0,5.5,2,-0.1710657526482631,0.1711070814408175,1,0.0,2026-07-31,monthly_walk_forward
2026-08-01,2026-0801-04-02-03-12,2023103036,カガラプンツェル,1,1,55.0,5.5,1,-0.3790386979066718,0.1271268440749229,2,550.0,2026-07-31,monthly_walk_forward
2026-08-01,2026-0801-04-02-03-12,2022101108,ホウオウショコラ,2,0,68.0,6.800000190734863,6,-0.4372457981471081,0.1169834369114916,3,0.0,2026-07-31,monthly_walk_forward
2026-08-01,2026-0801-04-02-03-12,2023104505,ゴールドパレード,7,0,59.0,5.900000095367432,4,-0.4647671435510436,0.1124733328483295,4,0.0,2026-07-31,monthly_walk_forward
2026-08-01,2026-0801-04-02-03-12,2022106796,レモンバーム,16,0,57.0,5.699999809265137,3,-0.7693380141845277,0.072792644166995,5,0.0,2026-07-31,monthly_walk_forward
2026-08-01,2026-0801-04-02-03-12,2023105043,シルフィー,11,0,395.0,39.5,10,-0.7884036502133309,0.0708367749139939,6,0.0,2026-07-31,monthly_walk_forward
2026-08-01,2026-0801-04-02-03-12,2022106203,カシオペア,3,0,101.0,10.100000381469728,7,-0.8147501888527066,0.0682201771133129,7,0.0,2026-07-31,monthly_walk_forward
2026-08-01,2026-0801-04-02-03-12,2022103155,タイキオーベロン,4,0,65.0,6.5,5,-0.9337371459230808,0.0575560356300881,8,0.0,2026-07-31,monthly_walk_forward
2026-08-01,2026-0801-04-02-03-12,2023106299,ダイユウルミナス,8,0,414.0,41.400001525878906,11,-1.0965693401683991,0.0456106656772305,9,0.0,2026-07-31,monthly_walk_forward
2026-08-01,2026-0801-04-02-03-12,2022105241,ソナタン,9,0,290.0,29.0,9,-1.2801240632637776,0.0350901530984534,10,0.0,2026-07-31,monthly_walk_forward
2026-08-01,2026-0801-04-02-03-12,2023104886,ロードストラダーレ,17,0,280.0,28.0,8,-1.5146722108330812,0.0250995965013744,11,0.0,2026-07-31,monthly_walk_forward
2026-08-01,2026-0801-04-02-03-12,2023102163,ソルトバーン,15,0,2948.0,294.79998779296875,16,-1.5365301418005255,0.0243279563148147,12,0.0,2026-07-31,monthly_walk_forward
2026-08-01,2026-0801-04-02-03-12,2020103885,クリノゴッホ,10,0,1720.0,172.0,14,-1.7020867922882617,0.0192039628082797,13,0.0,2026-07-31,monthly_walk_forward
2026-08-01,2026-0801-04-02-03-12,2023102312,ラブソング,12,0,2487.0,248.6999969482422,15,-1.8299068713723048,0.0159988451422326,14,0.0,2026-07-31,monthly_walk_forward
2026-08-01,2026-0801-04-02-03-12,2022106719,アスクザアメリカン,14,0,1593.0,159.3000030517578,13,-1.8811439309011304,0.0148696279754749,15,0.0,2026-07-31,monthly_walk_forward
2026-08-01,2026-0801-04-02-03-12,2023103225,グラデュエール,13,0,4559.0,455.8999938964844,17,-1.89686755088723,0.0145393450651936,16,0.0,2026-07-31,monthly_walk_forward
2026-08-01,2026-0801-04-02-03-12,2023101910,ステキサプライズ,5,0,1433.0,143.3000030517578,12,-2.300895608950504,0.0081635203169938,17,0.0,2026-07-31,monthly_walk_forward
2026-08-01,2026-0801-07-02-03-06,2022110007,スナッピードレッサ,1,1,19.0,1.899999976158142,1,1.4669721090252898,0.3520672620650796,1,190.0,2026-07-31,monthly_walk_forward
2026-08-01,2026-0801-07-02-03-06,2022106920,ニューオーリンズ,3,0,37.0,3.700000047683716,2,0.8863995519497193,0.1536124505205358,2,0.0,2026-07-31,monthly_walk_forward
2026-08-01,2026-0801-07-02-03-06,2023106651,リサシテーション,8,0,61.0,6.099999904632568,3,0.6571451444663365,0.1107113738342379,3,0.0,2026-07-31,monthly_walk_forward
2026-08-01,2026-0801-07-02-03-06,2022105964,スニーカースキル,14,0,145.0,14.5,4,0.5998731564514119,0.1020139382404237,4,0.0,2026-07-31,monthly_walk_forward
2026-08-01,2026-0801-07-02-03-06,2021106594,ヤマニンアストロン,4,0,179.0,17.899999618530273,6,0.4172848029954045,0.0785919241856926,5,0.0,2026-07-31,monthly_walk_forward
2026-08-01,2026-0801-07-02-03-06,2022100204,ピエマンソン,2,0,154.0,15.399999618530272,5,0.2438467566617388,0.0613441805936033,6,0.0,2026-07-31,monthly_walk_forward
2026-08-01,2026-0801-07-02-03-06,2022105808,トゥロン,13,0,1289.0,128.89999389648438,10,0.0725850843956643,0.0480307186937529,7,0.0,2026-07-31,monthly_walk_forward
2026-08-01,2026-0801-07-02-03-06,2022105853,ヴィリアリート,10,0,375.0,37.5,8,-0.2991979150217898,0.0282395141569429,8,0.0,2026-07-31,monthly_walk_forward
2026-08-01,2026-0801-07-02-03-06,2021106305,ランウインディ,9,0,1506.0,150.60000610351562,12,-0.5827174172357446,0.0188345763482269,9,0.0,2026-07-31,monthly_walk_forward
2026-08-01,2026-0801-07-02-03-06,2021105379,ルシフェル,12,0,230.0,23.0,7,-0.5836338018498578,0.0188099357433985,10,0.0,2026-07-31,monthly_walk_forward
2026-08-01,2026-0801-07-02-03-06,2020100583,レイズカイザー,5,0,654.0,65.4000015258789,9,-1.2647884723138731,0.0071086128516269,11,0.0,2026-07-31,monthly_walk_forward
2026-08-01,2026-0801-07-02-03-06,2020110100,シゲルソロソロ,7,0,1366.0,136.60000610351562,11,-1.433791411538718,0.005583826847176,12,0.0,2026-07-31,monthly_walk_forward
2026-08-01,2026-0801-07-02-03-06,2019100110,ナッカーフェイス,6,0,1809.0,180.8999938964844,13,-1.595623171795371,0.0044312695684404,13,0.0,2026-07-31,monthly_walk_forward
2026-08-01,2026-0801-07-02-03-06,2021101235,ゴールデンオスカー,11,0,1935.0,193.5,14,-1.6904465342942143,0.003869882639498,14,0.0,2026-07-31,monthly_walk_forward
2026-08-01,2026-0801-07-02-03-06,2019101295,ホワイトガーベラ,15,0,2995.0,299.5,15,-1.7365310784568992,0.0036233141489798,15,0.0,2026-07-31,monthly_walk_forward
2026-08-01,2026-0801-07-02-03-06,2019104260,メイショウクリフト,16,0,4776.0,477.6000061035156,16,-1.8396024571785232,0.003127219562384,16,0.0,2026-07-31,monthly_walk_forward
2026-08-01,2026-0801-07-02-03-07,2022105550,ノクナレア,4,0,64.0,6.400000095367432,2,0.5346350960870266,0.1884789426543914,1,0.0,2026-07-31,monthly_walk_forward
2026-08-01,2026-0801-07-02-03-07,2023103752,アンドゥーリル,6,0,18.0,1.7999999523162842,1,0.5157938808903221,0.183473504767599,2,0.0,2026-07-31,monthly_walk_forward
2026-08-01,2026-0801-07-02-03-07,2022102744,キングメーカー,11,0,125.0,12.5,5,0.2331343723611066,0.1225195943392453,3,0.0,2026-07-31,monthly_walk_forward
2026-08-01,2026-0801-07-02-03-07,2021104153,エポックヴィーナス,7,0,152.0,15.199999809265137,6,0.2026012728523586,0.1172903233532538,4,0.0,2026-07-31,monthly_walk_forward
2026-08-01,2026-0801-07-02-03-07,2021105127,テラメリタ,2,0,98.0,9.800000190734863,4,0.0049712645726693,0.0884399396975095,5,0.0,2026-07-31,monthly_walk_forward
2026-08-01,2026-0801-07-02-03-07,2020104520,アイルシャイン,9,0,388.0,38.79999923706055,10,-0.0437589925890652,0.0824926353651259,6,0.0,2026-07-31,monthly_walk_forward
2026-08-01,2026-0801-07-02-03-07,2021105161,ケーブパール,3,0,87.0,8.699999809265137,3,-0.0868283600355544,0.0775700464466804,7,0.0,2026-07-31,monthly_walk_forward
2026-08-01,2026-0801-07-02-03-07,2021105800,ミエスペランサ,5,0,162.0,16.200000762939453,8,-0.1682849241112653,0.0690488919849676,8,0.0,2026-07-31,monthly_walk_forward
2026-08-01,2026-0801-07-02-03-07,2021104971,オールセインツ,8,0,322.0,32.20000076293945,9,-0.6590499849070316,0.0342512098842418,9,0.0,2026-07-31,monthly_walk_forward
2026-08-01,2026-0801-07-02-03-07,2021105255,ハワイアンティアレ,1,1,161.0,16.100000381469727,7,-0.900026056508168,0.024275566685504,10,1610.0,2026-07-31,monthly_walk_forward
2026-08-01,2026-0801-07-02-03-07,2022103754,ミストレス,10,0,538.0,53.79999923706055,11,-1.3839867106353774,0.0121593448214809,11,0.0,2026-07-31,monthly_walk_forward
2026-08-01,2026-0801-07-02-03-08,2023100547,ビービークローサー,1,1,12.0,1.2000000476837158,1,1.348485156354475,0.6246973197144506,1,120.0,2026-07-31,monthly_walk_forward
2026-08-01,2026-0801-07-02-03-08,2021104872,ビルンバウム,8,0,153.0,15.300000190734863,4,-0.0190004949162644,0.0885631904480145,2,0.0,2026-07-31,monthly_walk_forward
2026-08-01,2026-0801-07-02-03-08,2023102553,ボクマダネムイヨ,3,0,56.0,5.599999904632568,2,-0.0793159035593428,0.0812516756268682,3,0.0,2026-07-31,monthly_walk_forward
2026-08-01,2026-0801-07-02-03-08,2021106694,ソウルアンドジャズ,2,0,202.0,20.200000762939453,5,-0.2051220693892475,0.0678858996860123,4,0.0,2026-07-31,monthly_walk_forward
2026-08-01,2026-0801-07-02-03-08,2020106205,メイショウクーガー,7,0,413.0,41.29999923706055,7,-0.5635872270721223,0.040679946972431,5,0.0,2026-07-31,monthly_walk_forward
2026-08-01,2026-0801-07-02-03-08,2022105055,レッドボブ,11,0,230.0,23.0,6,-0.7350057539637845,0.0318440852330867,6,0.0,2026-07-31,monthly_walk_forward
2026-08-01,2026-0801-07-02-03-08,2021102595,バルダンツァ,5,0,142.0,14.199999809265137,3,-1.2142175230246828,0.0160589032642497,7,0.0,2026-07-31,monthly_walk_forward
2026-08-01,2026-0801-07-02-03-08,2021105637,テンエースワン,6,0,614.0,61.400001525878906,8,-1.3609938695886763,0.0130212536834717,8,0.0,2026-07-31,monthly_walk_forward
2026-08-01,2026-0801-07-02-03-08,2022105878,メイケイロゼッタ,4,0,1559.0,155.89999389648438,11,-1.5248391666067198,0.0103038561758169,9,0.0,2026-07-31,monthly_walk_forward
2026-08-01,2026-0801-07-02-03-08,2022102739,ナリタヒカリ,12,0,3503.0,350.29998779296875,12,-1.665621444416883,0.0084266615334204,10,0.0,2026-07-31,monthly_walk_forward
2026-08-01,2026-0801-07-02-03-08,2022107133,タガノマルアフ,10,0,1450.0,145.0,10,-1.7351314725775169,0.0076300975571752,11,0.0,2026-07-31,monthly_walk_forward
2026-08-01,2026-0801-07-02-03-08,2022102956,エンマ,9,0,1179.0,117.9000015258789,9,-1.930268253219092,0.0057738193949067,12,0.0,2026-07-31,monthly_walk_forward
2026-08-01,2026-0801-07-02-03-08,2022106893,ホープエトワール,13,0,6112.0,611.2000122070312,13,-2.211538379324977,0.0038632907100953,13,0.0,2026-07-31,monthly_walk_forward
2026-08-01,2026-0801-07-02-03-09,2022101139,アバットゥータ,9,0,30.0,3.0,1,-0.7154375222053525,0.2132109542243865,1,0.0,2026-07-31,monthly_walk_forward
2026-08-01,2026-0801-07-02-03-09,2018103590,リッケンバッカー,5,0,100.0,10.0,6,-0.8427855640487458,0.1777461301163689,2,0.0,2026-07-31,monthly_walk_forward
2026-08-01,2026-0801-07-02-03-09,2020103063,マルディランダ,2,0,32.0,3.200000047683716,2,-0.8787056289293349,0.1688552634264007,3,0.0,2026-07-31,monthly_walk_forward
2026-08-01,2026-0801-07-02-03-09,2021104669,サマーアゲイン,3,0,52.0,5.199999809265137,3,-0.9723949184180086,0.1477024942138669,4,0.0,2026-07-31,monthly_walk_forward
2026-08-01,2026-0801-07-02-03-09,2021110061,ソレルビュレット,1,1,70.0,7.0,4,-1.1587277629306598,0.113183489034625,5,700.0,2026-07-31,monthly_walk_forward
2026-08-01,2026-0801-07-02-03-09,2020106534,メイショウカゼマチ,7,0,393.0,39.29999923706055,7,-1.3919133457869952,0.0811166333854544,6,0.0,2026-07-31,monthly_walk_forward
2026-08-01,2026-0801-07-02-03-09,2021109096,モナコブル,4,0,476.0,47.599998474121094,8,-1.6228179708321933,0.0583246191011404,7,0.0,2026-07-31,monthly_walk_forward
2026-08-01,2026-0801-07-02-03-09,2022104753,クロライナ,6,0,762.0,76.19999694824219,9,-2.3451649471906792,0.0207822661752192,8,0.0,2026-07-31,monthly_walk_forward
2026-08-01,2026-0801-07-02-03-09,2019105500,サトノドルチェ,8,0,1145.0,114.5,10,-2.4050543692727926,0.0190781503225379,9,0.0,2026-07-31,monthly_walk_forward
2026-08-01,2026-0801-07-02-03-10,2023102213,プルメリアリノ,1,1,19.0,1.899999976158142,1,0.6017079938903935,0.3425611135456131,1,190.0,2026-07-31,monthly_walk_forward
2026-08-01,2026-0801-07-02-03-10,2022105321,ハウリングウィンド,10,0,92.0,9.199999809265137,3,-0.2230432291938019,0.1054496979486609,2,0.0,2026-07-31,monthly_walk_forward
2026-08-01,2026-0801-07-02-03-10,2023100961,エコログロウ,16,0,268.0,26.799999237060547,9,-0.3828055777950038,0.0839315945046457,3,0.0,2026-07-31,monthly_walk_forward
2026-08-01,2026-0801-07-02-03-10,2023106786,ヴェルジーネ,2,0,114.0,11.399999618530272,5,-0.4494105328549798,0.0763136773791841,4,0.0,2026-07-31,monthly_walk_forward
2026-08-01,2026-0801-07-02-03-10,2023101865,ウォーターデライト,8,0,244.0,24.399999618530273,8,-0.5100709622270719,0.0699789458963142,5,0.0,2026-07-31,monthly_walk_forward
2026-08-01,2026-0801-07-02-03-10,2022106582,ケイアイマウンガ,4,0,136.0,13.600000381469728,6,-0.6784444368680578,0.0550180266440797,6,0.0,2026-07-31,monthly_walk_forward
2026-08-01,2026-0801-07-02-03-10,2020100683,カフェノワール,3,0,65.0,6.5,2,-0.7444539973943867,0.0500669703647038,7,0.0,2026-07-31,monthly_walk_forward
2026-08-01,2026-0801-07-02-03-10,2021104101,タイセイブロウ,9,0,294.0,29.399999618530273,10,-0.7479690672496829,0.0498161878356461,8,0.0,2026-07-31,monthly_walk_forward
2026-08-01,2026-0801-07-02-03-10,2022104391,ヴィヴァシャス,13,0,573.0,57.29999923706055,12,-0.890947725997416,0.0406128598435347,9,0.0,2026-07-31,monthly_walk_forward
2026-08-01,2026-0801-07-02-03-10,2023106989,キンダープンシュ,6,0,211.0,21.100000381469727,7,-0.971301730777556,0.0362084792912878,10,0.0,2026-07-31,monthly_walk_forward
2026-08-01,2026-0801-07-02-03-10,2022105748,リードプリンシパル,12,0,1335.0,133.5,14,-1.3428397149347262,0.0212961174588451,11,0.0,2026-07-31,monthly_walk_forward
2026-08-01,2026-0801-07-02-03-10,2022101399,ルージュミステリオ,15,0,1379.0,137.89999389648438,15,-1.5018383125877268,0.0169689282788473,12,0.0,2026-07-31,monthly_walk_forward
2026-08-01,2026-0801-07-02-03-10,2022103728,アメリカンビーチ,5,0,114.0,11.399999618530272,4,-1.5169839605131286,0.0166057211485743,13,0.0,2026-07-31,monthly_walk_forward
2026-08-01,2026-0801-07-02-03-10,2022103249,メイショウアボット,7,0,439.0,43.900001525878906,11,-1.6099222594607532,0.0145410878200779,14,0.0,2026-07-31,monthly_walk_forward
2026-08-01,2026-0801-07-02-03-10,2022100997,ジョードリウム,14,0,2590.0,259.0,16,-1.7213085102557228,0.0124019667582692,15,0.0,2026-07-31,monthly_walk_forward
2026-08-01,2026-0801-07-02-03-10,2021103943,クインズセレネ,11,0,1075.0,107.5,13,-2.0084737846612755,0.0082286252817153,16,0.0,2026-07-31,monthly_walk_forward
2026-08-01,2026-0801-07-02-03-11,2023105288,ピカキウイ,3,0,21.0,2.0999999046325684,1,0.737587236879227,0.2837138656653947,1,0.0,2026-07-31,monthly_walk_forward
2026-08-01,2026-0801-07-02-03-11,2023106219,サムシングスイート,1,1,48.0,4.800000190734863,2,0.5310229885289265,0.2112145479198875,2,480.0,2026-07-31,monthly_walk_forward
2026-08-01,2026-0801-07-02-03-11,2023104305,エクリュ,9,0,75.0,7.5,4,0.4107005179715853,0.1778579482244657,3,0.0,2026-07-31,monthly_walk_forward
2026-08-01,2026-0801-07-02-03-11,2023107244,ヴィスコンテッサ,2,0,129.0,12.899999618530272,6,0.1669621962778902,0.1255604838601552,4,0.0,2026-07-31,monthly_walk_forward
2026-08-01,2026-0801-07-02-03-11,2023105484,エイシンウィスパー,8,0,58.0,5.800000190734863,3,-0.3144619628366486,0.0631200700828497,5,0.0,2026-07-31,monthly_walk_forward
2026-08-01,2026-0801-07-02-03-11,2022102139,シェーラ,5,0,168.0,16.799999237060547,7,-0.4763542209531068,0.0500871321804866,6,0.0,2026-07-31,monthly_walk_forward
2026-08-01,2026-0801-07-02-03-11,2022101400,マーゴットレジーナ,7,0,246.0,24.600000381469727,8,-0.5551182697779045,0.044756830173363,7,0.0,2026-07-31,monthly_walk_forward
2026-08-01,2026-0801-07-02-03-11,2023106808,シルバーリム,4,0,104.0,10.399999618530272,5,-0.8534034711898895,0.0292278594842348,8,0.0,2026-07-31,monthly_walk_forward
2026-08-01,2026-0801-07-02-03-11,2022106593,カポレイラ,6,0,2259.0,225.8999938964844,9,-1.3459576521098018,0.0144612624091624,9,0.0,2026-07-31,monthly_walk_forward
2026-08-01,2026-0801-07-02-03-12,2023102845,ララファキュルテ,3,0,47.0,4.699999809265137,3,0.4693580586264645,0.2047900572497681,1,0.0,2026-07-31,monthly_walk_forward
2026-08-01,2026-0801-07-02-03-12,2023103440,サーディンラン,1,1,44.0,4.400000095367432,2,0.2077908160553907,0.1409376866461169,2,440.0,2026-07-31,monthly_walk_forward
2026-08-01,2026-0801-07-02-03-12,2022104738,パスコード,4,0,39.0,3.900000095367432,1,0.2011073511026632,0.1395984443915448,3,0.0,2026-07-31,monthly_walk_forward
2026-08-01,2026-0801-07-02-03-12,2022103251,メイショウビストロ,8,0,148.0,14.800000190734863,6,0.1949183292217884,0.1383696306118193,4,0.0,2026-07-31,monthly_walk_forward
2026-08-01,2026-0801-07-02-03-12,2023103783,ヴォーカライズ,2,0,56.0,5.599999904632568,5,-0.1326857318775789,0.0866539660072928,5,0.0,2026-07-31,monthly_walk_forward
2026-08-01,2026-0801-07-02-03-12,2023102990,キングケープ,10,0,55.0,5.5,4,-0.1590590039103481,0.0834499192644168,6,0.0,2026-07-31,monthly_walk_forward
2026-08-01,2026-0801-07-02-03-12,2022101690,グレゴリオ,7,0,302.0,30.200000762939453,8,-0.2420688340264675,0.0741182070309598,7,0.0,2026-07-31,monthly_walk_forward
2026-08-01,2026-0801-07-02-03-12,2023110015,パーシャングレー,9,0,175.0,17.5,7,-0.4596766655628553,0.0543145898357647,8,0.0,2026-07-31,monthly_walk_forward
2026-08-01,2026-0801-07-02-03-12,2021106206,ウインラウダ,5,0,315.0,31.5,9,-0.5091670488978326,0.0506071227730565,9,0.0,2026-07-31,monthly_walk_forward
2026-08-01,2026-0801-07-02-03-12,2022105936,ウィテカービート,6,0,729.0,72.9000015258789,10,-1.1931184553164669,0.0190490816852445,10,0.0,2026-07-31,monthly_walk_forward
2026-08-01,2026-0801-07-02-03-12,2023104692,サマーブリザード,11,0,2402.0,240.1999969482422,11,-1.7907514502062771,0.0081112945040153,11,0.0,2026-07-31,monthly_walk_forward
2026-08-02,2026-0802-01-01-04-04,2023101050,クオンタムスター,2,0,17.0,1.7000000476837158,1,0.3544716804586185,0.3142743046041196,1,0.0,2026-07-31,monthly_walk_forward
2026-08-02,2026-0802-01-01-04-04,2023107050,ワンダフルデイズ,4,0,32.0,3.200000047683716,2,0.2884523017598607,0.2859888396794585,2,0.0,2026-07-31,monthly_walk_forward
2026-08-02,2026-0802-01-01-04-04,2023106077,タケルフォーカス,3,0,92.0,9.199999809265137,3,-0.3828223071913417,0.1096166260872724,3,0.0,2026-07-31,monthly_walk_forward
2026-08-02,2026-0802-01-01-04-04,2021102379,テイクザクラウン,6,0,223.0,22.299999237060547,5,-0.7435138170452438,0.0654780829620501,4,0.0,2026-07-31,monthly_walk_forward
2026-08-02,2026-0802-01-01-04-04,2022102383,ニヒトツーゼーア,10,0,284.0,28.399999618530273,6,-0.9947376563616832,0.04573318926134,5,0.0,2026-07-31,monthly_walk_forward
2026-08-02,2026-0802-01-01-04-04,2022103070,レイデラティエラ,1,1,375.0,37.5,8,-1.0319518156515386,0.0433653697974926,6,3750.0,2026-07-31,monthly_walk_forward
2026-08-02,2026-0802-01-01-04-04,2022101425,エナジーショット,12,0,456.0,45.599998474121094,9,-1.3690006626249769,0.0267935942610661,7,0.0,2026-07-31,monthly_walk_forward
2026-08-02,2026-0802-01-01-04-04,2022106180,シャインバオバブ,9,0,1245.0,124.5,12,-1.4395556869264745,0.0242246315212055,8,0.0,2026-07-31,monthly_walk_forward
2026-08-02,2026-0802-01-01-04-04,2022104164,サイモンイロハニー,8,0,375.0,37.5,7,-1.4585276255016215,0.0235768943053235,9,0.0,2026-07-31,monthly_walk_forward
2026-08-02,2026-0802-01-01-04-04,2020105796,ペリプルス,5,0,561.0,56.099998474121094,11,-1.511316726490183,0.0218642782768613,10,0.0,2026-07-31,monthly_walk_forward
2026-08-02,2026-0802-01-01-04-04,2023104156,グランアルト,7,0,210.0,21.0,4,-1.7494457754815684,0.0155594756636083,11,0.0,2026-07-31,monthly_walk_forward
2026-08-02,2026-0802-01-01-04-04,2023103837,ランブリングマン,13,0,487.0,48.70000076293945,10,-1.885613069136928,0.0128089624235724,12,0.0,2026-07-31,monthly_walk_forward
2026-08-02,2026-0802-01-01-04-04,2022104661,ジーティートシオー,11,0,2761.0,276.1000061035156,13,-2.010514338988359,0.0107157511566292,13,0.0,2026-07-31,monthly_walk_forward
2026-08-02,2026-0802-01-01-04-06,2022100912,ココデイック,7,0,119.0,11.899999618530272,8,-0.1487211256946975,0.175261895722451,1,0.0,2026-07-31,monthly_walk_forward
2026-08-02,2026-0802-01-01-04-06,2023105786,ロードアマルフィ,4,0,49.0,4.900000095367432,2,-0.2218341306333636,0.1578798423555533,2,0.0,2026-07-31,monthly_walk_forward
2026-08-02,2026-0802-01-01-04-06,2022101445,マテンロウカナロア,9,0,41.0,4.099999904632568,1,-0.3634956564862107,0.1289546308836562,3,0.0,2026-07-31,monthly_walk_forward
2026-08-02,2026-0802-01-01-04-06,2022102300,アスクガンバーレ,3,0,78.0,7.800000190734863,5,-0.4241989709267956,0.1182429756765885,4,0.0,2026-07-31,monthly_walk_forward
2026-08-02,2026-0802-01-01-04-06,2023100612,タイセイジェイド,5,0,61.0,6.099999904632568,3,-0.5362571037704846,0.1007516498500863,5,0.0,2026-07-31,monthly_walk_forward
2026-08-02,2026-0802-01-01-04-06,2022101255,ステイアンビシャス,2,0,415.0,41.5,10,-0.591799886828423,0.093066262871372,6,0.0,2026-07-31,monthly_walk_forward
2026-08-02,2026-0802-01-01-04-06,2023103176,セイントホース,1,1,84.0,8.399999618530273,6,-0.7450975926084863,0.0747623952221056,7,840.0,2026-07-31,monthly_walk_forward
2026-08-02,2026-0802-01-01-04-06,2023102263,ステラデルークス,8,0,77.0,7.699999809265137,4,-0.9322222645290028,0.0572251828437814,8,0.0,2026-07-31,monthly_walk_forward
2026-08-02,2026-0802-01-01-04-06,2023110034,カフジクロミエ,6,0,199.0,19.899999618530273,9,-1.0567579766515445,0.0478985820092535,9,0.0,2026-07-31,monthly_walk_forward
2026-08-02,2026-0802-01-01-04-06,2023100953,グランセレスト,10,0,93.0,9.300000190734863,7,-1.0857301417864385,0.0459565825651516,10,0.0,2026-07-31,monthly_walk_forward
2026-08-02,2026-0802-01-01-04-08,2022103991,ジーティーエスピ,3,0,43.0,4.300000190734863,1,0.3257554461157877,0.266928738085307,1,0.0,2026-07-31,monthly_walk_forward
2026-08-02,2026-0802-01-01-04-08,2022101103,ザカリナン,7,0,50.0,5.0,3,-0.2335500226583262,0.1200578742198245,2,0.0,2026-07-31,monthly_walk_forward
2026-08-02,2026-0802-01-01-04-08,2023104875,ダブルチャレンジ,5,0,94.0,9.399999618530272,5,-0.2612353623848623,0.1154022009629681,3,0.0,2026-07-31,monthly_walk_forward
2026-08-02,2026-0802-01-01-04-08,2023102812,ディーズメンフィス,6,0,67.0,6.699999809265137,4,-0.3787068347339266,0.0975736070511723,4,0.0,2026-07-31,monthly_walk_forward
2026-08-02,2026-0802-01-01-04-08,2022105212,エコロハート,2,0,114.0,11.399999618530272,7,-0.6408089265379505,0.0670994251966029,5,0.0,2026-07-31,monthly_walk_forward
2026-08-02,2026-0802-01-01-04-08,2023100925,サトノワーグナー,1,1,46.0,4.599999904632568,2,-0.6750137178142667,0.0638994970227341,6,460.0,2026-07-31,monthly_walk_forward
2026-08-02,2026-0802-01-01-04-08,2023105797,ロードクラシコ,12,0,98.0,9.800000190734863,6,-0.823707582871786,0.0516707409794479,7,0.0,2026-07-31,monthly_walk_forward
2026-08-02,2026-0802-01-01-04-08,2021110014,ブライトアゲイン,9,0,203.0,20.299999237060547,8,-0.9149649951270248,0.0453551599650387,8,0.0,2026-07-31,monthly_walk_forward
2026-08-02,2026-0802-01-01-04-08,2023105169,アースコーリング,11,0,1082.0,108.1999969482422,14,-1.007088595079073,0.0397622833407584,9,0.0,2026-07-31,monthly_walk_forward
2026-08-02,2026-0802-01-01-04-08,2023102972,グレートスティック,13,0,794.0,79.4000015258789,13,-1.0592070422753244,0.036909312248313,10,0.0,2026-07-31,monthly_walk_forward
2026-08-02,2026-0802-01-01-04-08,2021103535,シャインズオンユー,8,0,241.0,24.100000381469727,9,-1.1248700084399337,0.0336044885647228,11,0.0,2026-07-31,monthly_walk_forward
2026-08-02,2026-0802-01-01-04-08,2020100084,レッドカメリア,4,0,510.0,51.0,11,-1.2067027423282908,0.0298969282417074,12,0.0,2026-07-31,monthly_walk_forward
2026-08-02,2026-0802-01-01-04-08,2021102433,アートフォーム,14,0,783.0,78.30000305175781,12,-1.62625458300073,0.0164182901810733,13,0.0,2026-07-31,monthly_walk_forward
2026-08-02,2026-0802-01-01-04-08,2022106016,ブライアーヒル,10,0,487.0,48.70000076293945,10,-1.6701000037754932,0.015421453940329,14,0.0,2026-07-31,monthly_walk_forward
2026-08-02,2026-0802-01-01-04-09,2022104394,ヒットミー,8,0,57.0,5.699999809265137,4,0.3941679141176472,0.2542274720269739,1,0.0,2026-07-31,monthly_walk_forward
2026-08-02,2026-0802-01-01-04-09,2023107523,デアプリームス,5,0,56.0,5.599999904632568,3,0.2894050481787569,0.2188897521784387,2,0.0,2026-07-31,monthly_walk_forward
2026-08-02,2026-0802-01-01-04-09,2022102427,パールフロント,2,0,33.0,3.299999952316284,1,0.0202607710593329,0.149019379894579,3,0.0,2026-07-31,monthly_walk_forward
2026-08-02,2026-0802-01-01-04-09,2022100729,ビーマックス,4,0,88.0,8.800000190734863,5,-0.1362348984268313,0.1191652424315334,4,0.0,2026-07-31,monthly_walk_forward
2026-08-02,2026-0802-01-01-04-09,2023103625,エコロレバン,12,0,46.0,4.599999904632568,2,-0.374562718588653,0.0847785707339761,5,0.0,2026-07-31,monthly_walk_forward
2026-08-02,2026-0802-01-01-04-09,2022103183,アイアムイチバン,1,1,177.0,17.700000762939453,7,-0.8862131372841925,0.0408176112960415,6,1770.0,2026-07-31,monthly_walk_forward
2026-08-02,2026-0802-01-01-04-09,2021103242,ジーベック,6,0,262.0,26.200000762939453,8,-0.887897109607016,0.0407195354159515,7,0.0,2026-07-31,monthly_walk_forward
2026-08-02,2026-0802-01-01-04-09,2022103857,クインズシフォン,3,0,377.0,37.70000076293945,10,-1.124818325173752,0.0290276575338927,8,0.0,2026-07-31,monthly_walk_forward
2026-08-02,2026-0802-01-01-04-09,2022110087,ララアヴリル,9,0,96.0,9.600000381469728,6,-1.3002389568649444,0.0225931820406189,9,0.0,2026-07-31,monthly_walk_forward
2026-08-02,2026-0802-01-01-04-09,2021103748,サベージラヴ,10,0,355.0,35.5,9,-1.5270901533297505,0.0163393293205956,10,0.0,2026-07-31,monthly_walk_forward
2026-08-02,2026-0802-01-01-04-09,2021100662,ベニシア,7,0,1973.0,197.3000030517578,12,-1.6074053235586736,0.0145681710794835,11,0.0,2026-07-31,monthly_walk_forward
2026-08-02,2026-0802-01-01-04-09,2023105661,ストロングボンド,11,0,809.0,80.9000015258789,11,-1.8810716358452015,0.0098540960479144,12,0.0,2026-07-31,monthly_walk_forward
2026-08-02,2026-0802-01-01-04-10,2022104865,ヘニーガイスト,1,1,17.0,1.7000000476837158,1,1.5427599616718304,0.4136447814008509,1,170.0,2026-07-31,monthly_walk_forward
2026-08-02,2026-0802-01-01-04-10,2022105823,サムシャイン,2,0,46.0,4.599999904632568,2,1.050135616319738,0.2046412661033574,2,0.0,2026-07-31,monthly_walk_forward
2026-08-02,2026-0802-01-01-04-10,2023105351,チャーリー,5,0,47.0,4.699999809265137,3,1.005856338444609,0.1920973766552795,3,0.0,2026-07-31,monthly_walk_forward
2026-08-02,2026-0802-01-01-04-10,2023104414,シーズザスローン,4,0,81.0,8.100000381469727,4,0.6171441316350683,0.1102443494605508,4,0.0,2026-07-31,monthly_walk_forward
2026-08-02,2026-0802-01-01-04-10,2022102735,スマートカイロス,7,0,336.0,33.599998474121094,5,-0.2982448884591194,0.029814673177078,5,0.0,2026-07-31,monthly_walk_forward
2026-08-02,2026-0802-01-01-04-10,2023103822,フルールドール,9,0,653.0,65.30000305175781,8,-0.8899945669364291,0.0128025449743255,6,0.0,2026-07-31,monthly_walk_forward
2026-08-02,2026-0802-01-01-04-10,2021101045,タイセイミッション,10,0,400.0,40.0,7,-0.9697639813216146,0.0114236717408706,7,0.0,2026-07-31,monthly_walk_forward
2026-08-02,2026-0802-01-01-04-10,2021103502,アイウィル,3,0,337.0,33.70000076293945,6,-0.9812391991283692,0.0112379281897638,8,0.0,2026-07-31,monthly_walk_forward
2026-08-02,2026-0802-01-01-04-10,2020102187,スマートケープ,6,0,829.0,82.9000015258789,9,-1.0233943561212435,0.0105811366010897,9,0.0,2026-07-31,monthly_walk_forward
2026-08-02,2026-0802-01-01-04-10,2019102983,キュールエフウジン,8,0,2711.0,271.1000061035156,10,-1.7953612263902057,0.0035122716968333,10,0.0,2026-07-31,monthly_walk_forward
2026-08-02,2026-0802-01-01-04-11,2022102296,ケリフレッドアスク,8,0,131.0,13.100000381469728,5,0.8069814215313067,0.1206845641863767,1,0.0,2026-07-31,monthly_walk_forward
2026-08-02,2026-0802-01-01-04-11,2022103205,エリカエクスプレス,4,0,35.0,3.5,2,0.743857324068283,0.1102778347727038,2,0.0,2026-07-31,monthly_walk_forward
2026-08-02,2026-0802-01-01-04-11,2020101607,ココナッツブラウン,1,1,29.0,2.9000000953674316,1,0.7318609564551004,0.1084040320163647,3,290.0,2026-07-31,monthly_walk_forward
2026-08-02,2026-0802-01-01-04-11,2021106823,コガネノソラ,2,0,88.0,8.800000190734863,3,0.6433775713322571,0.0955319214968507,4,0.0,2026-07-31,monthly_walk_forward
2026-08-02,2026-0802-01-01-04-11,2023107265,フェスティバルヒル,14,0,153.0,15.300000190734863,7,0.6344600201718976,0.0943226252561598,5,0.0,2026-07-31,monthly_walk_forward
2026-08-02,2026-0802-01-01-04-11,2021107179,ボンドガール,10,0,164.0,16.399999618530273,8,0.6058126812050159,0.0905404144374709,6,0.0,2026-07-31,monthly_walk_forward
2026-08-02,2026-0802-01-01-04-11,2022105157,ルージュソリテール,6,0,191.0,19.100000381469727,9,0.4524483439333548,0.0727263966697202,7,0.0,2026-07-31,monthly_walk_forward
2026-08-02,2026-0802-01-01-04-11,2021101485,カテリーナ,5,0,231.0,23.100000381469727,10,0.447011526377828,0.0721637272345174,8,0.0,2026-07-31,monthly_walk_forward
2026-08-02,2026-0802-01-01-04-11,2022104617,ヴーレヴー,3,0,107.0,10.699999809265137,4,0.4236737513340873,0.0697974759646471,9,0.0,2026-07-31,monthly_walk_forward
2026-08-02,2026-0802-01-01-04-11,2021105738,アンゴラブラック,9,0,151.0,15.100000381469728,6,0.3837029218251334,0.0659236110340446,10,0.0,2026-07-31,monthly_walk_forward
2026-08-02,2026-0802-01-01-04-11,2021105581,フレミングフープ,12,0,548.0,54.79999923706055,12,0.1807146377588037,0.04932906199597,11,0.0,2026-07-31,monthly_walk_forward
2026-08-02,2026-0802-01-01-04-11,2021103519,リラボニート,7,0,337.0,33.70000076293945,11,-0.1850589615906294,0.0292529284562432,12,0.0,2026-07-31,monthly_walk_forward
2026-08-02,2026-0802-01-01-04-11,2022101250,クリノメイ,11,0,1404.0,140.39999389648438,14,-0.806688954129777,0.0120364174346902,13,0.0,2026-07-31,monthly_walk_forward
2026-08-02,2026-0802-01-01-04-11,2021105442,エラトー,13,0,1068.0,106.8000030517578,13,-1.0094887392660108,0.00900898904424,14,0.0,2026-07-31,monthly_walk_forward
2026-08-02,2026-0802-01-01-04-12,2023106190,デンプシー,2,0,29.0,2.9000000953674316,1,0.3664705534953503,0.2253475827256233,1,0.0,2026-07-31,monthly_walk_forward
2026-08-02,2026-0802-01-01-04-12,2022110093,マテンロウサン,1,1,54.0,5.400000095367432,2,0.0936248714375674,0.1526067691315377,2,540.0,2026-07-31,monthly_walk_forward
2026-08-02,2026-0802-01-01-04-12,2022102594,ミキノバカラ,5,0,103.0,10.300000190734863,5,-0.0712624157035424,0.120579731844966,3,0.0,2026-07-31,monthly_walk_forward
2026-08-02,2026-0802-01-01-04-12,2023102440,ホウオウヘッセン,14,0,123.0,12.300000190734863,7,-0.2185703077987803,0.0976970499230051,4,0.0,2026-07-31,monthly_walk_forward
2026-08-02,2026-0802-01-01-04-12,2022106351,ベビーズブレス,10,0,155.0,15.5,8,-0.3028438364643386,0.0866156580482245,5,0.0,2026-07-31,monthly_walk_forward
2026-08-02,2026-0802-01-01-04-12,2022106389,ベルビースタローン,6,0,90.0,9.0,4,-0.3483867379374334,0.0811597407201097,6,0.0,2026-07-31,monthly_walk_forward
2026-08-02,2026-0802-01-01-04-12,2022103527,ライツユーアップ,11,0,419.0,41.900001525878906,12,-0.6750770563641835,0.050892667967017,7,0.0,2026-07-31,monthly_walk_forward
2026-08-02,2026-0802-01-01-04-12,2021110119,サンドロナイト,12,0,267.0,26.700000762939453,10,-0.9038580461104032,0.0367041152170693,8,0.0,2026-07-31,monthly_walk_forward
2026-08-02,2026-0802-01-01-04-12,2021100365,トウカイエルデ,8,0,108.0,10.800000190734863,6,-0.9849529813878752,0.0326890111998001,9,0.0,2026-07-31,monthly_walk_forward
2026-08-02,2026-0802-01-01-04-12,2021104210,ニホンピロトッティ,13,0,78.0,7.800000190734863,3,-0.9886574786632152,0.032516473359708,10,0.0,2026-07-31,monthly_walk_forward
2026-08-02,2026-0802-01-01-04-12,2020102050,サンポーニャ,4,0,359.0,35.900001525878906,11,-0.9971942984465632,0.032122328386539,11,0.0,2026-07-31,monthly_walk_forward
2026-08-02,2026-0802-01-01-04-12,2020103632,スイミーユニバンス,7,0,240.0,24.0,9,-1.1897081744089386,0.0243987415192432,12,0.0,2026-07-31,monthly_walk_forward
2026-08-02,2026-0802-01-01-04-12,2019101643,バシレウスシチー,3,0,917.0,91.6999969482422,13,-1.5854005754068323,0.0138634612957302,13,0.0,2026-07-31,monthly_walk_forward
2026-08-02,2026-0802-01-01-04-12,2020106821,ピースフルナイト,9,0,1083.0,108.3000030517578,14,-1.6409040450288803,0.0128066686614262,14,0.0,2026-07-31,monthly_walk_forward
2026-08-02,2026-0802-04-02-04-06,2022105198,ヘリオトロープ,5,0,46.0,4.599999904632568,2,0.5447967764912778,0.2198841674281132,1,0.0,2026-07-31,monthly_walk_forward
2026-08-02,2026-0802-04-02-04-06,2022102965,ブレトワルダ,1,1,52.0,5.199999809265137,3,0.1275523609623829,0.1211509689601109,2,520.0,2026-07-31,monthly_walk_forward
2026-08-02,2026-0802-04-02-04-06,2023103701,マッドゲイル,7,0,67.0,6.699999809265137,4,0.0895781905210505,0.1147537617265734,3,0.0,2026-07-31,monthly_walk_forward
2026-08-02,2026-0802-04-02-04-06,2021101603,ナイトスラッガー,3,0,86.0,8.600000381469727,6,0.0009482294560724,0.1011064983319729,4,0.0,2026-07-31,monthly_walk_forward
2026-08-02,2026-0802-04-02-04-06,2022105925,フィールオーサム,2,0,40.0,4.0,1,-0.0994824725046135,0.0875930773267271,5,0.0,2026-07-31,monthly_walk_forward
2026-08-02,2026-0802-04-02-04-06,2020105147,ユイノマチブセ,12,0,80.0,8.0,5,-0.1630953517065516,0.0799839850014624,6,0.0,2026-07-31,monthly_walk_forward
2026-08-02,2026-0802-04-02-04-06,2022106427,ニシノケンタマン,4,0,203.0,20.299999237060547,8,-0.184162861391325,0.0776126154916881,7,0.0,2026-07-31,monthly_walk_forward
2026-08-02,2026-0802-04-02-04-06,2021104321,カレンワッツアップ,6,0,249.0,24.899999618530273,9,-0.1879377561515269,0.0771951999238049,8,0.0,2026-07-31,monthly_walk_forward
2026-08-02,2026-0802-04-02-04-06,2022100650,ロードソルスティス,14,0,172.0,17.200000762939453,7,-0.3271371736722859,0.0632744090629645,9,0.0,2026-07-31,monthly_walk_forward
2026-08-02,2026-0802-04-02-04-06,2020106051,セザンワールド,13,0,517.0,51.70000076293945,10,-1.451478151120319,0.0126959058928038,10,0.0,2026-07-31,monthly_walk_forward
2026-08-02,2026-0802-04-02-04-06,2020102793,ルーラーリッチ,9,0,1383.0,138.3000030517578,13,-1.4547945836415126,0.0126358979920331,11,0.0,2026-07-31,monthly_walk_forward
2026-08-02,2026-0802-04-02-04-06,2021105086,フクチャントウメイ,8,0,1887.0,188.6999969482422,14,-1.5782900612996866,0.0105922192563211,12,0.0,2026-07-31,monthly_walk_forward
2026-08-02,2026-0802-04-02-04-06,2021110106,エリカヴェネチア,11,0,1190.0,119.0,12,-1.7576058630905935,0.0081985250655101,13,0.0,2026-07-31,monthly_walk_forward
2026-08-02,2026-0802-04-02-04-06,2021107266,スプレーフォール,15,0,4034.0,403.3999938964844,15,-1.8631472781770713,0.0070510801503815,14,0.0,2026-07-31,monthly_walk_forward
2026-08-02,2026-0802-04-02-04-06,2021105229,シーニックビュー,10,0,561.0,56.099998474121094,11,-1.9451419313972025,0.0062716883895323,15,0.0,2026-07-31,monthly_walk_forward
2026-08-02,2026-0802-04-02-04-07,2021107058,ピューロマジック,1,1,27.0,2.700000047683716,1,1.0436967527378989,0.3226492840280185,1,270.0,2026-07-31,monthly_walk_forward
2026-08-02,2026-0802-04-02-04-07,2022110105,アメリカンステージ,5,0,38.0,3.799999952316284,2,0.4796888714855815,0.1441479756599434,2,0.0,2026-07-31,monthly_walk_forward
2026-08-02,2026-0802-04-02-04-07,2020100896,ビッグシーザー,4,0,68.0,6.800000190734863,4,0.222866727654079,0.0998782159976716,3,0.0,2026-07-31,monthly_walk_forward
2026-08-02,2026-0802-04-02-04-07,2022100098,ベルギューン,8,0,531.0,53.099998474121094,12,0.1534185804034515,0.0904448221592527,4,0.0,2026-07-31,monthly_walk_forward
2026-08-02,2026-0802-04-02-04-07,2017101423,ウイングレイテスト,7,0,241.0,24.100000381469727,6,-0.3176552693303102,0.0461444790107191,5,0.0,2026-07-31,monthly_walk_forward
2026-08-02,2026-0802-04-02-04-07,2022100627,カウスリップ,3,0,450.0,45.0,10,-0.4098899234532031,0.0404478516475337,6,0.0,2026-07-31,monthly_walk_forward
2026-08-02,2026-0802-04-02-04-07,2022107138,アタリダイキチ,16,0,729.0,72.9000015258789,13,-0.411066518187589,0.0403799219971965,7,0.0,2026-07-31,monthly_walk_forward
2026-08-02,2026-0802-04-02-04-07,2020101262,エコロレジーナ,6,0,61.0,6.099999904632568,3,-0.4115305880494662,0.0403531607192159,8,0.0,2026-07-31,monthly_walk_forward
2026-08-02,2026-0802-04-02-04-07,2022104197,カウンターセブン,14,0,295.0,29.5,9,-0.5428698782827376,0.0334496782181737,9,0.0,2026-07-31,monthly_walk_forward
2026-08-02,2026-0802-04-02-04-07,2019110102,デュガ,11,0,1314.0,131.39999389648438,15,-0.5793860676742548,0.0317494747500835,10,0.0,2026-07-31,monthly_walk_forward
2026-08-02,2026-0802-04-02-04-07,2018103205,クムシラコ,13,0,243.0,24.299999237060547,7,-0.6769769773495768,0.0276178028795424,11,0.0,2026-07-31,monthly_walk_forward
2026-08-02,2026-0802-04-02-04-07,2022103324,シュラフ,17,0,254.0,25.399999618530273,8,-0.7699427955994347,0.0241830575046271,12,0.0,2026-07-31,monthly_walk_forward
2026-08-02,2026-0802-04-02-04-07,2019103422,テイエムスパーダ,9,0,157.0,15.699999809265137,5,-1.0416886137233266,0.0164026674870938,13,0.0,2026-07-31,monthly_walk_forward
2026-08-02,2026-0802-04-02-04-07,2021100157,ロードトレイル,2,0,895.0,89.5,14,-1.0626421657473692,0.0159189516562073,14,0.0,2026-07-31,monthly_walk_forward
2026-08-02,2026-0802-04-02-04-07,2020103049,ミカッテヨンデイイ,15,0,2173.0,217.3000030517578,16,-1.2886758750916156,0.0115259962590016,15,0.0,2026-07-31,monthly_walk_forward
2026-08-02,2026-0802-04-02-04-07,2020106015,バグラダス,12,0,487.0,48.70000076293945,11,-1.5855728483227722,0.0075418423468511,16,0.0,2026-07-31,monthly_walk_forward
2026-08-02,2026-0802-04-02-04-07,2020101419,ブーケファロス,10,0,2459.0,245.8999938964844,17,-1.621471564586001,0.0071648176788672,17,0.0,2026-07-31,monthly_walk_forward
2026-08-02,2026-0802-04-02-04-08,2023107330,ガーヴィ,4,0,28.0,2.799999952316284,1,0.7658486080263293,0.2816238091154026,1,0.0,2026-07-31,monthly_walk_forward
2026-08-02,2026-0802-04-02-04-08,2022105338,リポサンテ,3,0,41.0,4.099999904632568,2,0.2514219892580396,0.1350543108941982,2,0.0,2026-07-31,monthly_walk_forward
2026-08-02,2026-0802-04-02-04-08,2023105239,ゴバド,6,0,58.0,5.800000190734863,3,0.2379108990544433,0.1324725485256148,3,0.0,2026-07-31,monthly_walk_forward
2026-08-02,2026-0802-04-02-04-08,2022105864,キアラメンテ,2,0,133.0,13.300000190734863,6,0.1069162094451013,0.1098636632590191,4,0.0,2026-07-31,monthly_walk_forward
2026-08-02,2026-0802-04-02-04-08,2023105275,ノーザンタイタン,9,0,91.0,9.100000381469728,5,-0.0099528706324026,0.0929706956973157,5,0.0,2026-07-31,monthly_walk_forward
2026-08-02,2026-0802-04-02-04-08,2021105742,シアブリス,5,0,356.0,35.599998474121094,10,-0.2938896736839431,0.0619706161172671,6,0.0,2026-07-31,monthly_walk_forward
2026-08-02,2026-0802-04-02-04-08,2023103584,トランスマーレ,7,0,91.0,9.100000381469728,4,-0.5231525917177534,0.0446628421797969,7,0.0,2026-07-31,monthly_walk_forward
2026-08-02,2026-0802-04-02-04-08,2022102064,ミエノフェアリー,13,0,182.0,18.200000762939453,7,-0.7906830484722569,0.0304764885151075,8,0.0,2026-07-31,monthly_walk_forward
2026-08-02,2026-0802-04-02-04-08,2023106362,ファストフォワード,1,1,285.0,28.5,9,-0.7956383424127975,0.0302615075387222,9,2850.0,2026-07-31,monthly_walk_forward
2026-08-02,2026-0802-04-02-04-08,2021107253,ニシノコマチムスメ,11,0,800.0,80.0,12,-0.9039245843349552,0.0259243296194812,10,0.0,2026-07-31,monthly_walk_forward
2026-08-02,2026-0802-04-02-04-08,2023102403,ルンベーラ,10,0,273.0,27.299999237060547,8,-1.210452718167616,0.0167313559591788,11,0.0,2026-07-31,monthly_walk_forward
2026-08-02,2026-0802-04-02-04-08,2022105131,キューティリップ,8,0,538.0,53.79999923706055,11,-1.2706625189060792,0.015352380757602,12,0.0,2026-07-31,monthly_walk_forward
2026-08-02,2026-0802-04-02-04-08,2023103069,ノーブルクラウド,14,0,2022.0,202.1999969482422,14,-1.3961730983685008,0.0128323552112837,13,0.0,2026-07-31,monthly_walk_forward
2026-08-02,2026-0802-04-02-04-08,2023106412,ユメシルベ,12,0,1186.0,118.5999984741211,13,-1.5846630895964726,0.0098030966100098,14,0.0,2026-07-31,monthly_walk_forward
2026-08-02,2026-0802-04-02-04-09,2023103157,サトノフェンサー,13,0,136.0,13.600000381469728,6,-0.0881687640085751,0.190516777633418,1,0.0,2026-07-31,monthly_walk_forward
2026-08-02,2026-0802-04-02-04-09,2023103709,ウリズンベー,3,0,44.0,4.400000095367432,3,-0.2517454929461468,0.1508157994411667,2,0.0,2026-07-31,monthly_walk_forward
2026-08-02,2026-0802-04-02-04-09,2023100858,エコロガノン,2,0,40.0,4.0,1,-0.2749384562077848,0.1459007237719478,3,0.0,2026-07-31,monthly_walk_forward
2026-08-02,2026-0802-04-02-04-09,2022104967,サトノシャムロック,12,0,240.0,24.0,8,-0.451391743981016,0.1133919374981291,4,0.0,2026-07-31,monthly_walk_forward
2026-08-02,2026-0802-04-02-04-09,2023100419,メディチパワー,6,0,42.0,4.199999809265137,2,-0.5110699955285776,0.1041253691561652,5,0.0,2026-07-31,monthly_walk_forward
2026-08-02,2026-0802-04-02-04-09,2022104786,サトノラポール,4,0,414.0,41.400001525878906,11,-0.6686900034218151,0.0831315427747358,6,0.0,2026-07-31,monthly_walk_forward
2026-08-02,2026-0802-04-02-04-09,2023106954,イーグルロック,14,0,74.0,7.400000095367432,4,-0.9223145950527882,0.0578644589337297,7,0.0,2026-07-31,monthly_walk_forward
2026-08-02,2026-0802-04-02-04-09,2023105779,カシノスパーク,8,0,332.0,33.20000076293945,10,-1.2079594681130297,0.0384761764552384,8,0.0,2026-07-31,monthly_walk_forward
2026-08-02,2026-0802-04-02-04-09,2021106057,タニセンドリーム,11,0,220.0,22.0,7,-1.4951667755217453,0.0255271630520665,9,0.0,2026-07-31,monthly_walk_forward
2026-08-02,2026-0802-04-02-04-09,2023101642,ベルウッドピース,15,0,86.0,8.600000381469727,5,-1.6029921783411996,0.0218829285200927,10,0.0,2026-07-31,monthly_walk_forward
2026-08-02,2026-0802-04-02-04-09,2023107296,セントゴーデンス,5,0,420.0,42.0,12,-1.7034538133514647,0.0189573210453126,11,0.0,2026-07-31,monthly_walk_forward
2026-08-02,2026-0802-04-02-04-09,2022106951,ブレゲアン,1,1,261.0,26.100000381469727,9,-1.829334614963287,0.0158371821371174,12,2610.0,2026-07-31,monthly_walk_forward
2026-08-02,2026-0802-04-02-04-09,2023100729,ヘルメスギャング,10,0,804.0,80.4000015258789,13,-1.851349706744809,0.0153468515778488,13,0.0,2026-07-31,monthly_walk_forward
2026-08-02,2026-0802-04-02-04-09,2022103629,ウーバーストロング,9,0,2637.0,263.70001220703125,14,-2.070435495472853,0.0112226117116069,14,0.0,2026-07-31,monthly_walk_forward
2026-08-02,2026-0802-04-02-04-09,2022100485,スーパーホース,7,0,2917.0,291.70001220703125,15,-2.400534285243135,0.0070031562914236,15,0.0,2026-07-31,monthly_walk_forward
2026-08-02,2026-0802-04-02-04-10,2023105429,チームユートピア,11,0,26.0,2.5999999046325684,1,0.8377919702133498,0.5399434863953305,1,0.0,2026-07-31,monthly_walk_forward
2026-08-02,2026-0802-04-02-04-10,2023103068,トモジャオーリー,5,0,33.0,3.299999952316284,2,-0.0052020425367184,0.1619337527876315,2,0.0,2026-07-31,monthly_walk_forward
2026-08-02,2026-0802-04-02-04-10,2023107255,レゲンデ,12,0,68.0,6.800000190734863,3,-0.6543166815254133,0.0640638787504852,3,0.0,2026-07-31,monthly_walk_forward
2026-08-02,2026-0802-04-02-04-10,2023100583,フュルスティン,9,0,114.0,11.399999618530272,4,-1.0260302945967736,0.0376698953570733,4,0.0,2026-07-31,monthly_walk_forward
2026-08-02,2026-0802-04-02-04-10,2023105558,カンレイスター,2,0,238.0,23.799999237060547,9,-1.2151155133460936,0.0287529250444505,5,0.0,2026-07-31,monthly_walk_forward
2026-08-02,2026-0802-04-02-04-10,2023100453,ローズブーケ,6,0,172.0,17.200000762939453,6,-1.2335136644601743,0.0280070546359448,6,0.0,2026-07-31,monthly_walk_forward
2026-08-02,2026-0802-04-02-04-10,2022100588,アイアンソリッド,13,0,539.0,53.900001525878906,11,-1.2633110315419624,0.0268398778879771,7,0.0,2026-07-31,monthly_walk_forward
2026-08-02,2026-0802-04-02-04-10,2022101864,マオノクラッシュ,3,0,202.0,20.200000762939453,7,-1.322569878480703,0.0246612519978336,8,0.0,2026-07-31,monthly_walk_forward
2026-08-02,2026-0802-04-02-04-10,2021103343,ハヌル,4,0,445.0,44.5,10,-1.5382700855588631,0.0181213375455343,9,0.0,2026-07-31,monthly_walk_forward
2026-08-02,2026-0802-04-02-04-10,2021104481,ビアフォーナウ,7,0,1475.0,147.5,14,-1.5432301226126677,0.0179933878123316,10,0.0,2026-07-31,monthly_walk_forward
2026-08-02,2026-0802-04-02-04-10,2022105119,ベルヴィヴァン,8,0,206.0,20.600000381469727,8,-1.5824967332920363,0.0170118334728102,11,0.0,2026-07-31,monthly_walk_forward
2026-08-02,2026-0802-04-02-04-10,2023106256,セイウンアインス,10,0,715.0,71.5,12,-1.6302617369623322,0.0158897376337725,12,0.0,2026-07-31,monthly_walk_forward
2026-08-02,2026-0802-04-02-04-10,2023104852,レディサン,1,1,146.0,14.600000381469728,5,-1.772262232174414,0.0129722909685847,13,1460.0,2026-07-31,monthly_walk_forward
2026-08-02,2026-0802-04-02-04-10,2022101917,ゴールドシャーク,14,0,1276.0,127.5999984741211,13,-2.295936828100227,0.0061392897102394,14,0.0,2026-07-31,monthly_walk_forward
2026-08-02,2026-0802-07-02-04-05,2023100989,アンティスマ,1,1,21.0,2.0999999046325684,1,-0.3108026505857676,0.2712520452801217,1,210.0,2026-07-31,monthly_walk_forward
2026-08-02,2026-0802-07-02-04-05,2023100112,シャンパンスター,8,0,108.0,10.800000190734863,6,-0.7270705848771923,0.1496620822068362,2,0.0,2026-07-31,monthly_walk_forward
2026-08-02,2026-0802-07-02-04-05,2023103169,シエーナカラー,5,0,95.0,9.5,5,-0.8564801864723903,0.124400861814275,3,0.0,2026-07-31,monthly_walk_forward
2026-08-02,2026-0802-07-02-04-05,2022104633,アーデルリーベ,4,0,141.0,14.100000381469728,7,-1.0308661518460294,0.0969685113333672,4,0.0,2026-07-31,monthly_walk_forward
2026-08-02,2026-0802-07-02-04-05,2023106955,デールエルバハリ,3,0,51.0,5.099999904632568,2,-1.1038222795139343,0.0873709861102463,5,0.0,2026-07-31,monthly_walk_forward
2026-08-02,2026-0802-07-02-04-05,2023103568,シャフメラン,7,0,56.0,5.599999904632568,3,-1.1160545234155317,0.0858574726540645,6,0.0,2026-07-31,monthly_walk_forward
2026-08-02,2026-0802-07-02-04-05,2023101082,シャンドラテ,9,0,624.0,62.400001525878906,9,-1.13758261818475,0.0832571661971706,7,0.0,2026-07-31,monthly_walk_forward
2026-08-02,2026-0802-07-02-04-05,2023100941,クイーンズホリデー,6,0,88.0,8.800000190734863,4,-1.1754732300917152,0.0788703022786135,8,0.0,2026-07-31,monthly_walk_forward
2026-08-02,2026-0802-07-02-04-05,2021101391,ブラックドレス,2,0,508.0,50.79999923706055,8,-2.0578270976351773,0.0223605721253046,9,0.0,2026-07-31,monthly_walk_forward
2026-08-02,2026-0802-07-02-04-06,2023101159,アイニードユー,2,0,34.0,3.4000000953674316,2,1.0887304234580488,0.2972243866773828,1,0.0,2026-07-31,monthly_walk_forward
2026-08-02,2026-0802-07-02-04-06,2023103101,トミーバローズ,1,1,14.0,1.399999976158142,1,0.8934086502322642,0.2248551145910292,2,140.0,2026-07-31,monthly_walk_forward
2026-08-02,2026-0802-07-02-04-06,2023106431,トライアンフパス,6,0,104.0,10.399999618530272,3,0.4870931400509288,0.1258392791977992,3,0.0,2026-07-31,monthly_walk_forward
2026-08-02,2026-0802-07-02-04-06,2022100642,キャッスルレイク,5,0,309.0,30.899999618530273,6,0.3768276372490678,0.1074991976638608,4,0.0,2026-07-31,monthly_walk_forward
2026-08-02,2026-0802-07-02-04-06,2022104988,ロンドボス,3,0,139.0,13.899999618530272,4,0.1309589121125288,0.0756594498655538,5,0.0,2026-07-31,monthly_walk_forward
2026-08-02,2026-0802-07-02-04-06,2022109145,エイヨーアメジスト,9,0,651.0,65.0999984741211,8,-0.0892470586778513,0.0552386223992727,6,0.0,2026-07-31,monthly_walk_forward
2026-08-02,2026-0802-07-02-04-06,2022104771,スターウェーブ,8,0,333.0,33.29999923706055,7,-0.0974198576411253,0.0545974382240216,7,0.0,2026-07-31,monthly_walk_forward
2026-08-02,2026-0802-07-02-04-06,2022106555,タガノアンファン,4,0,289.0,28.899999618530273,5,-0.1464209803475604,0.0509062323359168,8,0.0,2026-07-31,monthly_walk_forward
2026-08-02,2026-0802-07-02-04-06,2022104121,カウンティフェア,7,0,1167.0,116.6999969482422,9,-1.42620234732106,0.0081802790451628,9,0.0,2026-07-31,monthly_walk_forward
2026-08-02,2026-0802-07-02-04-07,2020102750,タイトニット,6,0,41.0,4.099999904632568,2,0.5236807929698083,0.2441830863984694,1,0.0,2026-07-31,monthly_walk_forward
2026-08-02,2026-0802-07-02-04-07,2021101705,ソーニーイシュー,9,0,39.0,3.900000095367432,1,0.4299497462161019,0.2135811390047943,2,0.0,2026-07-31,monthly_walk_forward
2026-08-02,2026-0802-07-02-04-07,2019105604,ブレイクフォース,5,0,76.0,7.599999904632568,4,0.2042565057547419,0.1547170380683903,3,0.0,2026-07-31,monthly_walk_forward
2026-08-02,2026-0802-07-02-04-07,2020103387,クールミラボー,1,1,45.0,4.5,3,0.1839313152096439,0.1502892696320761,4,450.0,2026-07-31,monthly_walk_forward
2026-08-02,2026-0802-07-02-04-07,2021104873,ポッドロゴ,7,0,143.0,14.300000190734863,8,-0.1998581496256111,0.086859444970988,5,0.0,2026-07-31,monthly_walk_forward
2026-08-02,2026-0802-07-02-04-07,2021100561,ハビレ,4,0,118.0,11.800000190734863,7,-0.4134618017834743,0.0640166472391967,6,0.0,2026-07-31,monthly_walk_forward
2026-08-02,2026-0802-07-02-04-07,2020104760,ゼットリアン,2,0,83.0,8.300000190734863,5,-0.9100694086573072,0.0314910608890287,7,0.0,2026-07-31,monthly_walk_forward
2026-08-02,2026-0802-07-02-04-07,2020104497,サイモンザナドゥ,3,0,102.0,10.199999809265137,6,-0.9143547897200348,0.0312988623835036,8,0.0,2026-07-31,monthly_walk_forward
2026-08-02,2026-0802-07-02-04-07,2019101198,マリオロード,8,0,279.0,27.899999618530273,9,-1.113074225756537,0.0235634514135524,9,0.0,2026-07-31,monthly_walk_forward
2026-08-02,2026-0802-07-02-04-08,2022100654,セルヴァンス,8,0,54.0,5.400000095367432,3,0.1002546990928569,0.2162301720812726,1,0.0,2026-07-31,monthly_walk_forward
2026-08-02,2026-0802-07-02-04-08,2022102716,サンマルノヴェル,1,1,27.0,2.700000047683716,1,0.0401799448980043,0.1984470620013191,2,270.0,2026-07-31,monthly_walk_forward
2026-08-02,2026-0802-07-02-04-08,2019101399,ザウリ,6,0,246.0,24.600000381469727,8,-0.0833685822604552,0.1663384350820091,3,0.0,2026-07-31,monthly_walk_forward
2026-08-02,2026-0802-07-02-04-08,2023110088,ジャンシ,4,0,167.0,16.700000762939453,7,-0.3229915019342571,0.1181205864549929,4,0.0,2026-07-31,monthly_walk_forward
2026-08-02,2026-0802-07-02-04-08,2023100670,ルクスレイモンド,3,0,34.0,3.4000000953674316,2,-0.343802276834324,0.1146605865863521,5,0.0,2026-07-31,monthly_walk_forward
2026-08-02,2026-0802-07-02-04-08,2021105973,ワイノナオミ,11,0,106.0,10.600000381469728,5,-1.0063829730610006,0.0444974770291536,6,0.0,2026-07-31,monthly_walk_forward
2026-08-02,2026-0802-07-02-04-08,2021105253,ウィップスティッチ,5,0,149.0,14.899999618530272,6,-1.0857094324376555,0.0397300956846201,7,0.0,2026-07-31,monthly_walk_forward
2026-08-02,2026-0802-07-02-04-08,2022110001,シルフズミスチーフ,2,0,80.0,8.0,4,-1.104544173345714,0.0386753406899891,8,0.0,2026-07-31,monthly_walk_forward
2026-08-02,2026-0802-07-02-04-08,2021106936,フレイミングパイ,7,0,1110.0,111.0,10,-1.378399480159034,0.0261534297472605,9,0.0,2026-07-31,monthly_walk_forward
2026-08-02,2026-0802-07-02-04-08,2021102562,パルプフィクション,9,0,683.0,68.30000305175781,9,-1.4868306605111845,0.022400396338249,10,0.0,2026-07-31,monthly_walk_forward
2026-08-02,2026-0802-07-02-04-08,2021101461,カツラノキサノキ,10,0,1557.0,155.6999969482422,11,-1.779485558621668,0.0147464183047817,11,0.0,2026-07-31,monthly_walk_forward
2026-08-02,2026-0802-07-02-04-09,2021103555,ゴールデンステップ,2,0,28.0,2.799999952316284,1,-0.4079301695497404,0.3218640687543884,1,0.0,2026-07-31,monthly_walk_forward
2026-08-02,2026-0802-07-02-04-09,2022103551,ボールドハーテッド,1,1,28.0,2.799999952316284,2,-0.6742329384443101,0.2200152325232796,2,280.0,2026-07-31,monthly_walk_forward
2026-08-02,2026-0802-07-02-04-09,2022101461,セイフウサツキ,3,0,86.0,8.600000381469727,5,-1.1189921576519082,0.1165507114306175,3,0.0,2026-07-31,monthly_walk_forward
2026-08-02,2026-0802-07-02-04-09,2022106754,オンクラウドナイン,9,0,607.0,60.70000076293945,9,-1.235728224921925,0.0986482664081592,4,0.0,2026-07-31,monthly_walk_forward
2026-08-02,2026-0802-07-02-04-09,2020100604,テーオーレガシー,4,0,54.0,5.400000095367432,3,-1.516588438635208,0.0660446997963783,5,0.0,2026-07-31,monthly_walk_forward
2026-08-02,2026-0802-07-02-04-09,2021104622,メイショウヘール,5,0,219.0,21.899999618530273,6,-1.5868688752824138,0.0597357792705005,6,0.0,2026-07-31,monthly_walk_forward
2026-08-02,2026-0802-07-02-04-09,2021101041,トモジャシャトー,6,0,332.0,33.20000076293945,7,-1.7245345695847314,0.049070884787511,7,0.0,2026-07-31,monthly_walk_forward
2026-08-02,2026-0802-07-02-04-09,2017105634,メラーキ,7,0,540.0,54.0,8,-1.7593966268380978,0.0466868687538811,8,0.0,2026-07-31,monthly_walk_forward
2026-08-02,2026-0802-07-02-04-09,2022101140,ガイ,8,0,1146.0,114.5999984741211,10,-2.305987352530648,0.021383488275284,9,0.0,2026-07-31,monthly_walk_forward
2026-08-02,2026-0802-07-02-04-10,2023110081,アメリカンイズム,9,0,34.0,3.4000000953674316,2,-0.1007884620390148,0.1927316573442438,1,0.0,2026-07-31,monthly_walk_forward
2026-08-02,2026-0802-07-02-04-10,2023100704,スターシップ,1,1,34.0,3.4000000953674316,1,-0.2980782031046985,0.1453953171258304,2,340.0,2026-07-31,monthly_walk_forward
2026-08-02,2026-0802-07-02-04-10,2022105602,エコロスパーダ,11,0,50.0,5.0,3,-0.4322480201623861,0.1200352188955166,3,0.0,2026-07-31,monthly_walk_forward
2026-08-02,2026-0802-07-02-04-10,2023110070,ブームバップビート,3,0,72.0,7.199999809265137,4,-0.5065710312775051,0.107943663887203,4,0.0,2026-07-31,monthly_walk_forward
2026-08-02,2026-0802-07-02-04-10,2023105329,エクストラプッシュ,13,0,107.0,10.699999809265137,5,-0.600488918524665,0.0943905582867506,5,0.0,2026-07-31,monthly_walk_forward
2026-08-02,2026-0802-07-02-04-10,2023104072,スナークシャラク,6,0,121.0,12.100000381469728,6,-0.6848383687811387,0.0836751328970065,6,0.0,2026-07-31,monthly_walk_forward
2026-08-02,2026-0802-07-02-04-10,2019103506,エアフォースワン,7,0,247.0,24.700000762939453,7,-0.772570696746096,0.0738185413794686,7,0.0,2026-07-31,monthly_walk_forward
2026-08-02,2026-0802-07-02-04-10,2023107150,ロックバンド,14,0,1341.0,134.10000610351562,12,-1.1637662914609537,0.0422143026368177,8,0.0,2026-07-31,monthly_walk_forward
2026-08-02,2026-0802-07-02-04-10,2023105445,ドメイン,5,0,264.0,26.399999618530273,8,-1.3056391261098843,0.0344698011108884,9,0.0,2026-07-31,monthly_walk_forward
2026-08-02,2026-0802-07-02-04-10,2023104476,カイラーサ,2,0,2077.0,207.6999969482422,14,-1.3854863231543568,0.0307538806485791,10,0.0,2026-07-31,monthly_walk_forward
2026-08-02,2026-0802-07-02-04-10,2021105526,ジーティーパワー,10,0,1678.0,167.8000030517578,13,-1.6472247960567024,0.0211598196140429,11,0.0,2026-07-31,monthly_walk_forward
2026-08-02,2026-0802-07-02-04-10,2022104841,オーレアミスト,8,0,373.0,37.29999923706055,9,-1.6910877045443982,0.0198746049628133,12,0.0,2026-07-31,monthly_walk_forward
2026-08-02,2026-0802-07-02-04-10,2022103143,ロックウイズユー,4,0,748.0,74.80000305175781,11,-1.7688063468378927,0.0177860804183838,13,0.0,2026-07-31,monthly_walk_forward
2026-08-02,2026-0802-07-02-04-10,2022102639,ロードシュヴァリエ,12,0,437.0,43.70000076293945,10,-1.8538462543515453,0.0157514207924546,14,0.0,2026-07-31,monthly_walk_forward
2026-08-02,2026-0802-07-02-04-11,2022105290,レッドヴァリアート,4,0,25.0,2.5,2,-0.1506896124489596,0.4030066144669585,1,0.0,2026-07-31,monthly_walk_forward
2026-08-02,2026-0802-07-02-04-11,2023105418,ビップヴォルフ,3,0,22.0,2.200000047683716,1,-0.4655836225672843,0.2570072742573712,2,0.0,2026-07-31,monthly_walk_forward
2026-08-02,2026-0802-07-02-04-11,2023106560,メイショウナルカミ,1,1,52.0,5.199999809265137,3,-0.9466670226434049,0.1292621339780063,3,520.0,2026-07-31,monthly_walk_forward
2026-08-02,2026-0802-07-02-04-11,2023105354,バリオス,6,0,102.0,10.199999809265137,4,-1.267962195480957,0.0816832763304927,4,0.0,2026-07-31,monthly_walk_forward
2026-08-02,2026-0802-07-02-04-11,2022103263,メイショウアゴナス,2,0,204.0,20.399999618530273,6,-1.2814236458970971,0.0801274619700465,5,0.0,2026-07-31,monthly_walk_forward
2026-08-02,2026-0802-07-02-04-11,2023107059,ジュンプリメーロ,5,0,144.0,14.399999618530272,5,-1.6269230276827642,0.0489132389971246,6,0.0,2026-07-31,monthly_walk_forward
2026-08-08,2026-0808-01-01-05-04,2023106844,モルニケ,2,0,55.0,5.5,2,0.6479396317048626,0.2589312021431161,1,0.0,2026-07-31,monthly_walk_forward
2026-08-08,2026-0808-01-01-05-04,2022104811,アセンブリールーム,3,0,70.0,7.0,5,0.4600398629026199,0.1979736926527197,2,0.0,2026-07-31,monthly_walk_forward
2026-08-08,2026-0808-01-01-05-04,2023103680,グロリアスマーチ,11,0,79.0,7.900000095367432,6,0.2220714413326452,0.1409181560804447,3,0.0,2026-07-31,monthly_walk_forward
2026-08-08,2026-0808-01-01-05-04,2023103394,フレッチャアズーラ,5,0,33.0,3.299999952316284,1,-0.1275639545219204,0.0855157125509755,4,0.0,2026-07-31,monthly_walk_forward
2026-08-08,2026-0808-01-01-05-04,2022104894,ダノンフィオーレ,1,1,69.0,6.900000095367432,4,-0.3079099482316767,0.0660930103511576,5,690.0,2026-07-31,monthly_walk_forward
2026-08-08,2026-0808-01-01-05-04,2023104690,ネッタイヤライ,4,0,127.0,12.699999809265137,7,-0.5020138912748187,0.0500875087426141,6,0.0,2026-07-31,monthly_walk_forward
2026-08-08,2026-0808-01-01-05-04,2023105820,ルーチェフィオーレ,14,0,145.0,14.5,8,-0.5235506815478685,0.0485699393314551,7,0.0,2026-07-31,monthly_walk_forward
2026-08-08,2026-0808-01-01-05-04,2023102475,コスモレッド,13,0,729.0,72.9000015258789,11,-0.7521915801705291,0.0350359596310461,8,0.0,2026-07-31,monthly_walk_forward
2026-08-08,2026-0808-01-01-05-04,2023107172,バルボアパーク,6,0,67.0,6.699999809265137,3,-0.7624734799421057,0.034525097517594,9,0.0,2026-07-31,monthly_walk_forward
2026-08-08,2026-0808-01-01-05-04,2021101304,サンウリエル,7,0,475.0,47.5,9,-0.9054153456754446,0.0281482126421635,10,0.0,2026-07-31,monthly_walk_forward
2026-08-08,2026-0808-01-01-05-04,2022104221,ペイシャアーサー,12,0,2877.0,287.70001220703125,14,-1.0149821801556302,0.0240698449284604,11,0.0,2026-07-31,monthly_walk_forward
2026-08-08,2026-0808-01-01-05-04,2023103388,ブライトフレア,9,0,638.0,63.79999923706055,10,-1.258897433101151,0.0169880379758501,12,0.0,2026-07-31,monthly_walk_forward
2026-08-08,2026-0808-01-01-05-04,2021101383,アッシュバーグ,10,0,1777.0,177.6999969482422,12,-1.8872109832527957,0.0069234808901726,13,0.0,2026-07-31,monthly_walk_forward
2026-08-08,2026-0808-01-01-05-04,2022105392,スタードメイソン,8,0,2797.0,279.70001220703125,13,-1.962198843033202,0.00622014456223,14,0.0,2026-07-31,monthly_walk_forward
2026-08-08,2026-0808-01-01-05-07,2023105059,グレイトソン,4,0,32.0,3.200000047683716,1,0.0788661799132197,0.220025406884625,1,0.0,2026-07-31,monthly_walk_forward
2026-08-08,2026-0808-01-01-05-07,2022103306,ワイドデコラシオン,6,0,38.0,3.799999952316284,2,0.0660933527117127,0.2160470330367246,2,0.0,2026-07-31,monthly_walk_forward
2026-08-08,2026-0808-01-01-05-07,2023100398,ランドスター,1,1,68.0,6.800000190734863,4,-0.1736130535534099,0.1534014599688044,3,680.0,2026-07-31,monthly_walk_forward
2026-08-08,2026-0808-01-01-05-07,2022100660,ロードヴァルカン,3,0,112.0,11.199999809265137,5,-0.4195787955359883,0.1079511462106623,4,0.0,2026-07-31,monthly_walk_forward
2026-08-08,2026-0808-01-01-05-07,2023105616,テーオーナタリー,8,0,41.0,4.099999904632568,3,-0.4223180601647084,0.1075295334601219,5,0.0,2026-07-31,monthly_walk_forward
2026-08-08,2026-0808-01-01-05-07,2023106780,ランプローグ,10,0,174.0,17.399999618530273,6,-0.5886308678106144,0.0847898476472289,6,0.0,2026-07-31,monthly_walk_forward
2026-08-08,2026-0808-01-01-05-07,2022103482,ステラノヴァ,9,0,237.0,23.700000762939453,7,-1.1984056494396047,0.0354835420085775,7,0.0,2026-07-31,monthly_walk_forward
2026-08-08,2026-0808-01-01-05-07,2018103293,ヨドノゴールド,2,0,326.0,32.599998474121094,10,-1.206310742230775,0.035085080877511,8,0.0,2026-07-31,monthly_walk_forward
2026-08-08,2026-0808-01-01-05-07,2023100953,グランセレスト,11,0,270.0,27.0,8,-1.4558081841539283,0.0245656979319176,9,0.0,2026-07-31,monthly_walk_forward
2026-08-08,2026-0808-01-01-05-07,2022103018,シェーンルスカ,5,0,3160.0,316.0,12,-2.243361745958686,0.007974704223273,10,0.0,2026-07-31,monthly_walk_forward
2026-08-08,2026-0808-01-01-05-07,2017104266,カップッチョ,7,0,1412.0,141.1999969482422,11,-2.320113352343124,0.0071465477505533,11,0.0,2026-07-31,monthly_walk_forward
2026-08-08,2026-0808-01-01-05-09,2023105830,ビーチイン,10,0,17.0,1.7000000476837158,1,0.4076960528900146,0.3349676638240597,1,0.0,2026-07-31,monthly_walk_forward
2026-08-08,2026-0808-01-01-05-09,2022107317,カルミアクラウン,1,1,60.0,6.0,2,-0.2033559550947099,0.1399244398130925,2,600.0,2026-07-31,monthly_walk_forward
2026-08-08,2026-0808-01-01-05-09,2022105343,デルマサクラサク,5,0,108.0,10.800000190734863,4,-0.2355118379953258,0.133642134011131,3,0.0,2026-07-31,monthly_walk_forward
2026-08-08,2026-0808-01-01-05-09,2023103913,オテンバプリンセス,13,0,98.0,9.800000190734863,3,-0.5533762967255648,0.0848659965928158,4,0.0,2026-07-31,monthly_walk_forward
2026-08-08,2026-0808-01-01-05-09,2023100471,スリーケイ,3,0,189.0,18.899999618530273,7,-0.8919780622807748,0.0523188482784963,5,0.0,2026-07-31,monthly_walk_forward
2026-08-08,2026-0808-01-01-05-09,2023104766,ヴェールミューズ,6,0,167.0,16.700000762939453,6,-0.9770444742146834,0.0463320176613448,6,0.0,2026-07-31,monthly_walk_forward
2026-08-08,2026-0808-01-01-05-09,2022101938,グルーヴィーオン,12,0,314.0,31.399999618530273,9,-1.0218288581068562,0.0434606337452197,7,0.0,2026-07-31,monthly_walk_forward
2026-08-08,2026-0808-01-01-05-09,2020101250,ランスノーブル,2,0,276.0,27.600000381469727,8,-1.0336114469899305,0.0427352149804806,8,0.0,2026-07-31,monthly_walk_forward
2026-08-08,2026-0808-01-01-05-09,2023105358,ジーティーアリア,4,0,108.0,10.800000190734863,5,-1.0751221552093002,0.0402746514756982,9,0.0,2026-07-31,monthly_walk_forward
2026-08-08,2026-0808-01-01-05-09,2023102250,ミリオンアップ,11,0,545.0,54.5,11,-1.1781749439073912,0.0347612759047106,10,0.0,2026-07-31,monthly_walk_forward
2026-08-08,2026-0808-01-01-05-09,2021102494,ブーケドグレイス,8,0,1379.0,137.89999389648438,12,-1.4622746894731535,0.0231651090516873,11,0.0,2026-07-31,monthly_walk_forward
2026-08-08,2026-0808-01-01-05-09,2022101465,リュミナーズ,7,0,497.0,49.70000076293945,10,-1.722805351720904,0.0159659857086122,12,0.0,2026-07-31,monthly_walk_forward
2026-08-08,2026-0808-01-01-05-09,2023102305,マインセーラ,9,0,1436.0,143.60000610351562,13,-2.2437119661029583,0.0075860289526506,13,0.0,2026-07-31,monthly_walk_forward
2026-08-08,2026-0808-01-01-05-10,2022102573,メイショウアイル,4,0,45.0,4.5,2,-0.1232073802871899,0.223893120424544,1,0.0,2026-07-31,monthly_walk_forward
2026-08-08,2026-0808-01-01-05-10,2021105427,スカイサーベイ,8,0,47.0,4.699999809265137,3,-0.2022940264989159,0.1999741031402764,2,0.0,2026-07-31,monthly_walk_forward
2026-08-08,2026-0808-01-01-05-10,2022106709,レーヴドロペラ,5,0,55.0,5.5,4,-0.2934479953776278,0.1755577271279722,3,0.0,2026-07-31,monthly_walk_forward
2026-08-08,2026-0808-01-01-05-10,2022105388,ビーオンザカバー,1,1,25.0,2.5,1,-0.4149558117659953,0.1475822021836201,4,250.0,2026-07-31,monthly_walk_forward
2026-08-08,2026-0808-01-01-05-10,2022105018,バルティカ,2,0,76.0,7.599999904632568,5,-0.5783547135768626,0.1168578595850599,5,0.0,2026-07-31,monthly_walk_forward
2026-08-08,2026-0808-01-01-05-10,2022101969,デルマジュテーム,7,0,175.0,17.5,6,-0.8646284303421057,0.077633254159263,6,0.0,2026-07-31,monthly_walk_forward
2026-08-08,2026-0808-01-01-05-10,2021105865,エボルヴィング,3,0,189.0,18.899999618530273,7,-1.296152330809969,0.0419103642616884,7,0.0,2026-07-31,monthly_walk_forward
2026-08-08,2026-0808-01-01-05-10,2022103405,ヨシヒロ,6,0,1685.0,168.5,8,-1.9448076989727103,0.0165913691175756,8,0.0,2026-07-31,monthly_walk_forward
2026-08-08,2026-0808-01-01-05-11,2021102236,テーオーパスワード,3,0,43.0,4.300000190734863,2,1.24091075426089,0.2340080395717754,1,0.0,2026-07-31,monthly_walk_forward
2026-08-08,2026-0808-01-01-05-11,2020110024,ウェイワードアクト,8,0,30.0,3.0,1,1.2018961532000858,0.2213223702413038,2,0.0,2026-07-31,monthly_walk_forward
2026-08-08,2026-0808-01-01-05-11,2022110083,ルクソールカフェ,1,1,50.0,5.0,3,1.0885740251382,0.1882426031411537,3,500.0,2026-07-31,monthly_walk_forward
2026-08-08,2026-0808-01-01-05-11,2022103795,ナチュラルライズ,4,0,94.0,9.399999618530272,5,0.6272898867175214,0.0973929895868891,4,0.0,2026-07-31,monthly_walk_forward
2026-08-08,2026-0808-01-01-05-11,2020101874,ペリエール,2,0,65.0,6.5,4,0.2864266826396628,0.0598479272007655,5,0.0,2026-07-31,monthly_walk_forward
2026-08-08,2026-0808-01-01-05-11,2022103614,ヒルノハンブルク,7,0,550.0,55.0,10,0.1599432019285064,0.0499546758556469,6,0.0,2026-07-31,monthly_walk_forward
2026-08-08,2026-0808-01-01-05-11,2019102437,ヴァルツァーシャル,5,0,195.0,19.5,7,0.1078578580309156,0.0463725865394618,7,0.0,2026-07-31,monthly_walk_forward
2026-08-08,2026-0808-01-01-05-11,2020102904,オメガギネス,9,0,105.0,10.5,6,-0.0403328381991117,0.0375250039462698,8,0.0,2026-07-31,monthly_walk_forward
2026-08-08,2026-0808-01-01-05-11,2021103717,レヴォントゥレット,10,0,217.0,21.700000762939453,8,-0.1315460086786826,0.0329405016364482,9,0.0,2026-07-31,monthly_walk_forward
2026-08-08,2026-0808-01-01-05-11,2020100116,アクションプラン,11,0,478.0,47.79999923706055,9,-0.2772681092830043,0.0267498408553604,10,0.0,2026-07-31,monthly_walk_forward
2026-08-08,2026-0808-01-01-05-11,2019101324,テーオードレフォン,6,0,2492.0,249.1999969482422,11,-1.3664897525216548,0.0056434614249249,11,0.0,2026-07-31,monthly_walk_forward
2026-08-08,2026-0808-01-01-05-12,2023104885,ジーネキング,2,0,33.0,3.299999952316284,1,0.8358669717532108,0.1934184501424307,1,0.0,2026-07-31,monthly_walk_forward
2026-08-08,2026-0808-01-01-05-12,2022106393,ブラックジェダイト,1,1,62.0,6.199999809265137,3,0.6786266769218464,0.1545050813398139,2,620.0,2026-07-31,monthly_walk_forward
2026-08-08,2026-0808-01-01-05-12,2020110058,ホウキボシ,7,0,82.0,8.199999809265137,5,0.5694661575322238,0.1321956980416823,3,0.0,2026-07-31,monthly_walk_forward
2026-08-08,2026-0808-01-01-05-12,2023105714,ヒズマスターピース,5,0,95.0,9.5,6,0.4159063193250396,0.1061562630359969,4,0.0,2026-07-31,monthly_walk_forward
2026-08-08,2026-0808-01-01-05-12,2023105356,マーゴットブロー,10,0,132.0,13.199999809265137,7,0.3311018663404365,0.0940440199140803,5,0.0,2026-07-31,monthly_walk_forward
2026-08-08,2026-0808-01-01-05-12,2023106619,レッドスティンガー,3,0,46.0,4.599999904632568,2,0.256244834421536,0.0845061533637421,6,0.0,2026-07-31,monthly_walk_forward
2026-08-08,2026-0808-01-01-05-12,2023104960,アスミル,6,0,187.0,18.700000762939453,8,0.1899611558853033,0.0768713606022772,7,0.0,2026-07-31,monthly_walk_forward
2026-08-08,2026-0808-01-01-05-12,2022101464,レイユール,8,0,360.0,36.0,10,-0.0767916516993553,0.0525128522206289,8,0.0,2026-07-31,monthly_walk_forward
2026-08-08,2026-0808-01-01-05-12,2022106229,ウインイザナミ,11,0,268.0,26.799999237060547,9,-0.3224198453327481,0.0369719872432412,9,0.0,2026-07-31,monthly_walk_forward
2026-08-08,2026-0808-01-01-05-12,2022104784,ルクスジニア,4,0,80.0,8.0,4,-0.3616101139305547,0.0349589468661358,10,0.0,2026-07-31,monthly_walk_forward
2026-08-08,2026-0808-01-01-05-12,2020103538,オーシャントライブ,12,0,1391.0,139.10000610351562,12,-0.8157065827996522,0.0182737423484531,11,0.0,2026-07-31,monthly_walk_forward
2026-08-08,2026-0808-01-01-05-12,2022104758,ヴィンブルレー,13,0,562.0,56.20000076293945,11,-1.1306653174007213,0.0116525394604517,12,0.0,2026-07-31,monthly_walk_forward
2026-08-08,2026-0808-01-01-05-12,2021105619,スミレファースト,9,0,2845.0,284.5,13,-1.8909673004461265,0.0039329054210652,13,0.0,2026-07-31,monthly_walk_forward
2026-08-08,2026-0808-04-02-05-06,2023103818,ラベルセーヌ,1,1,15.0,1.5,1,0.9708670348007642,0.4294602928699695,1,150.0,2026-07-31,monthly_walk_forward
2026-08-08,2026-0808-04-02-05-06,2022104818,クライスレリアーナ,2,0,25.0,2.5,2,0.605731424514915,0.2549090938975537,2,0.0,2026-07-31,monthly_walk_forward
2026-08-08,2026-0808-04-02-05-06,2022106616,キスアンドクライ,4,0,103.0,10.300000190734863,3,0.3291635825736324,0.1717105258961749,3,0.0,2026-07-31,monthly_walk_forward
2026-08-08,2026-0808-04-02-05-06,2022106214,ウインベアトリス,6,0,312.0,31.200000762939453,5,-0.5704719649398903,0.0474946194893282,4,0.0,2026-07-31,monthly_walk_forward
2026-08-08,2026-0808-04-02-05-06,2022105047,メランジェ,3,0,294.0,29.399999618530273,4,-0.7619044108553132,0.036130649002511,5,0.0,2026-07-31,monthly_walk_forward
2026-08-08,2026-0808-04-02-05-06,2022106803,ミラーダカリエンテ,9,0,686.0,68.5999984741211,7,-1.2324950254468918,0.0184463994820891,6,0.0,2026-07-31,monthly_walk_forward
2026-08-08,2026-0808-04-02-05-06,2021103878,ジャンビ,5,0,878.0,87.80000305175781,8,-1.4200976271450994,0.0141097420552406,7,0.0,2026-07-31,monthly_walk_forward
2026-08-08,2026-0808-04-02-05-06,2021100469,カフェアローロ,7,0,1055.0,105.5,9,-1.6006277176285364,0.0109022081953468,8,0.0,2026-07-31,monthly_walk_forward
2026-08-08,2026-0808-04-02-05-06,2021104899,ドリームクルーズ,10,0,635.0,63.5,6,-1.714294374175926,0.009268155805206,9,0.0,2026-07-31,monthly_walk_forward
2026-08-08,2026-0808-04-02-05-06,2022102532,ビッグデイメイク,8,0,3513.0,351.29998779296875,10,-1.85612430561338,0.0075683133065796,10,0.0,2026-07-31,monthly_walk_forward
2026-08-08,2026-0808-04-02-05-07,2022104750,レイニング,4,0,40.0,4.0,2,1.0485291321120966,0.2398046835739991,1,0.0,2026-07-31,monthly_walk_forward
2026-08-08,2026-0808-04-02-05-07,2021105661,レガーロデルシエロ,12,0,52.0,5.199999809265137,3,0.9234240752311214,0.2005579562820147,2,0.0,2026-07-31,monthly_walk_forward
2026-08-08,2026-0808-04-02-05-07,2021105574,シンハナーダ,5,0,162.0,16.200000762939453,6,0.2128549550068695,0.0726755141133377,3,0.0,2026-07-31,monthly_walk_forward
2026-08-08,2026-0808-04-02-05-07,2022101192,エストゥペンダ,1,1,31.0,3.0999999046325684,1,0.2006431854903689,0.0714186568433281,4,310.0,2026-07-31,monthly_walk_forward
2026-08-08,2026-0808-04-02-05-07,2020103304,アンリーロード,11,0,448.0,44.79999923706055,13,0.155978424231189,0.0670040009808722,5,0.0,2026-07-31,monthly_walk_forward
2026-08-08,2026-0808-04-02-05-07,2022101227,ヴォンフレ,5,0,235.0,23.5,8,0.1526661461655485,0.066687698653717,6,0.0,2026-07-31,monthly_walk_forward
2026-08-08,2026-0808-04-02-05-07,2018102020,ヤマニンサンパ,13,0,365.0,36.5,9,0.0710059547407369,0.0593447163376765,7,0.0,2026-07-31,monthly_walk_forward
2026-08-08,2026-0808-04-02-05-07,2021104324,ディマイザキッド,7,0,131.0,13.100000381469728,5,-0.0837250703809617,0.0475755403040932,8,0.0,2026-07-31,monthly_walk_forward
2026-08-08,2026-0808-04-02-05-07,2019105118,ジュンブロッサム,9,0,174.0,17.399999618530273,7,-0.1865167126589444,0.041078035670963,9,0.0,2026-07-31,monthly_walk_forward
2026-08-08,2026-0808-04-02-05-07,2017105194,ラインベック,8,0,423.0,42.29999923706055,12,-0.2819313584728684,0.0358436681167624,10,0.0,2026-07-31,monthly_walk_forward
2026-08-08,2026-0808-04-02-05-07,2021105801,ミアネーロ,3,0,106.0,10.600000381469728,4,-0.4230973995416326,0.029297469787599,11,0.0,2026-07-31,monthly_walk_forward
2026-08-08,2026-0808-04-02-05-07,2021104825,ゴンバデカーブース,2,0,366.0,36.599998474121094,10,-0.7030429454273993,0.0196402090804528,12,0.0,2026-07-31,monthly_walk_forward
2026-08-08,2026-0808-04-02-05-07,2020103464,ゴートゥファースト,10,0,394.0,39.400001525878906,11,-0.883037743416169,0.0151870565575187,13,0.0,2026-07-31,monthly_walk_forward
2026-08-08,2026-0808-04-02-05-07,2021104894,セントメモリーズ,14,0,1389.0,138.89999389648438,15,-0.9341254157939094,0.0141181490124831,14,0.0,2026-07-31,monthly_walk_forward
2026-08-08,2026-0808-04-02-05-07,2020100495,ドラゴンヘッド,15,0,533.0,53.29999923706055,14,-1.04220280502579,0.0120982989898994,15,0.0,2026-07-31,monthly_walk_forward
2026-08-08,2026-0808-04-02-05-07,2021106782,コスモブッドレア,16,0,1442.0,144.1999969482422,16,-1.3613775744761252,0.0076683456952824,16,0.0,2026-07-31,monthly_walk_forward
2026-08-08,2026-0808-04-02-05-08,2024106482,アンムート,2,0,28.0,2.799999952316284,2,0.4599325602833868,0.3101066484545262,1,0.0,2026-07-31,monthly_walk_forward
2026-08-08,2026-0808-04-02-05-08,2024100660,ルークウォーム,1,1,24.0,2.4000000953674316,1,0.2106036003024112,0.2171812019328351,2,240.0,2026-07-31,monthly_walk_forward
2026-08-08,2026-0808-04-02-05-08,2024103581,ラヴィサンエール,4,0,334.0,33.400001525878906,6,-0.1470667251845353,0.1302915236189252,3,0.0,2026-07-31,monthly_walk_forward
2026-08-08,2026-0808-04-02-05-08,2024101292,ラピッドテソーロ,6,0,192.0,19.200000762939453,5,-0.2850584143916607,0.1069801651259597,4,0.0,2026-07-31,monthly_walk_forward
2026-08-08,2026-0808-04-02-05-08,2024105815,カレンハウ,3,0,34.0,3.4000000953674316,3,-0.313177319162064,0.10276795479756,5,0.0,2026-07-31,monthly_walk_forward
2026-08-08,2026-0808-04-02-05-08,2024103977,ニシノイサリビ,5,0,133.0,13.300000190734863,4,-0.3780362341224091,0.0936737488087789,6,0.0,2026-07-31,monthly_walk_forward
2026-08-08,2026-0808-04-02-05-08,2024108115,トシミチ,7,0,1612.0,161.1999969482422,8,-1.5582183253565338,0.0173543565319683,7,0.0,2026-07-31,monthly_walk_forward
2026-08-08,2026-0808-04-02-05-08,2024103180,ウンスイ,9,0,1957.0,195.6999969482422,9,-1.8378178422909124,0.0116396304146665,8,0.0,2026-07-31,monthly_walk_forward
2026-08-08,2026-0808-04-02-05-08,2024103147,ソニックウェーブ,8,0,345.0,34.5,7,-1.9437654181181656,0.0100047703147798,9,0.0,2026-07-31,monthly_walk_forward
2026-08-08,2026-0808-04-02-05-09,2023105097,サイモンセレーノ,4,0,35.0,3.5,1,0.2585090912529868,0.2920886640400077,1,0.0,2026-07-31,monthly_walk_forward
2026-08-08,2026-0808-04-02-05-09,2022105685,ディペンダブル,7,0,40.0,4.0,2,-0.4435064101880496,0.1071444701802625,2,0.0,2026-07-31,monthly_walk_forward
2026-08-08,2026-0808-04-02-05-09,2022105132,オリオアルセーリオ,6,0,493.0,49.29999923706055,12,-0.6103187996390432,0.0844259398753622,3,0.0,2026-07-31,monthly_walk_forward
2026-08-08,2026-0808-04-02-05-09,2022105859,リバースザトレンド,1,1,50.0,5.0,3,-0.656839114705244,0.0789975710604711,4,500.0,2026-07-31,monthly_walk_forward
2026-08-08,2026-0808-04-02-05-09,2023103595,ルージュカルデア,10,0,128.0,12.800000190734863,5,-0.7455762187717426,0.0695920136536425,5,0.0,2026-07-31,monthly_walk_forward
2026-08-08,2026-0808-04-02-05-09,2023100485,キタノエピックアン,3,0,145.0,14.5,6,-0.7847619390274289,0.0658033148048323,6,0.0,2026-07-31,monthly_walk_forward
2026-08-08,2026-0808-04-02-05-09,2022104264,ライヴスプーン,13,0,167.0,16.700000762939453,7,-0.832360011621091,0.0614776053270317,7,0.0,2026-07-31,monthly_walk_forward
2026-08-08,2026-0808-04-02-05-09,2022104570,ラヴアンドライク,2,0,66.0,6.599999904632568,4,-0.9568713409178848,0.0514597341095793,8,0.0,2026-07-31,monthly_walk_forward
2026-08-08,2026-0808-04-02-05-09,2021105035,イージーブリージー,5,0,286.0,28.600000381469727,9,-1.022947267978962,0.0468244479393293,9,0.0,2026-07-31,monthly_walk_forward
2026-08-08,2026-0808-04-02-05-09,2023106734,ガーネットテソーロ,8,0,274.0,27.399999618530273,8,-1.1403622348587747,0.039593691159689,10,0.0,2026-07-31,monthly_walk_forward
2026-08-08,2026-0808-04-02-05-09,2022105325,テルケンユミクイン,15,0,294.0,29.399999618530273,10,-1.306862676548083,0.031212292811225,11,0.0,2026-07-31,monthly_walk_forward
2026-08-08,2026-0808-04-02-05-09,2022100101,アレーティア,12,0,395.0,39.5,11,-1.4318426540585438,0.0261087156768101,12,0.0,2026-07-31,monthly_walk_forward
2026-08-08,2026-0808-04-02-05-09,2022104452,ミュークチェルシー,14,0,1703.0,170.3000030517578,15,-1.486052178451037,0.0241631081856197,13,0.0,2026-07-31,monthly_walk_forward
2026-08-08,2026-0808-04-02-05-09,2022101198,シャオシンユン,11,0,1475.0,147.5,13,-2.0125399523272813,0.0113896109942696,14,0.0,2026-07-31,monthly_walk_forward
2026-08-08,2026-0808-04-02-05-09,2022105337,カサビセンス,9,0,1637.0,163.6999969482422,14,-2.1235861274051206,0.0097188201818674,15,0.0,2026-07-31,monthly_walk_forward
2026-08-08,2026-0808-04-02-05-10,2023107014,サレジオ,3,0,24.0,2.4000000953674316,1,0.9273181268966048,0.4119486704717766,1,0.0,2026-07-31,monthly_walk_forward
2026-08-08,2026-0808-04-02-05-10,2023103413,マツリダイコ,2,0,40.0,4.0,3,0.4390112638027954,0.2050630560568391,2,0.0,2026-07-31,monthly_walk_forward
2026-08-08,2026-0808-04-02-05-10,2022103501,クリールスル,13,0,127.0,12.699999809265137,5,0.1989444559550479,0.145527480722642,3,0.0,2026-07-31,monthly_walk_forward
2026-08-08,2026-0808-04-02-05-10,2023106245,ルモンテ,12,0,315.0,31.5,6,-0.2810624093375289,0.0733058816488128,4,0.0,2026-07-31,monthly_walk_forward
2026-08-08,2026-0808-04-02-05-10,2023110006,エラルディーク,1,1,29.0,2.9000000953674316,2,-0.5920873102326171,0.0470080827089616,5,290.0,2026-07-31,monthly_walk_forward
2026-08-08,2026-0808-04-02-05-10,2022104093,ガラク,4,0,116.0,11.600000381469728,4,-0.7528032196567703,0.0373646624368895,6,0.0,2026-07-31,monthly_walk_forward
2026-08-08,2026-0808-04-02-05-10,2022101272,スタニングヴュー,5,0,688.0,68.80000305175781,8,-0.989433292856664,0.0266471563517941,7,0.0,2026-07-31,monthly_walk_forward
2026-08-08,2026-0808-04-02-05-10,2023102984,ハナコトバ,7,0,675.0,67.5,7,-1.519944634253995,0.0124885109364262,8,0.0,2026-07-31,monthly_walk_forward
2026-08-08,2026-0808-04-02-05-10,2022105339,スピリットサージ,8,0,807.0,80.69999694824219,9,-1.5960826064488514,0.0112014200994938,9,0.0,2026-07-31,monthly_walk_forward
2026-08-08,2026-0808-04-02-05-10,2023106660,ヤマカンドリーミン,11,0,3202.0,320.20001220703125,13,-1.7465337441163162,0.009035040152975,10,0.0,2026-07-31,monthly_walk_forward
2026-08-08,2026-0808-04-02-05-10,2023103051,ミズノミヤコ,9,0,1991.0,199.1000061035156,12,-1.8710044786435385,0.0075632049319448,11,0.0,2026-07-31,monthly_walk_forward
2026-08-08,2026-0808-04-02-05-10,2022102429,ミッキーコンドル,6,0,1389.0,138.89999389648438,10,-1.9732657450986384,0.0065352297914401,12,0.0,2026-07-31,monthly_walk_forward
2026-08-08,2026-0808-04-02-05-10,2023101029,クリスタルタワー,10,0,1946.0,194.6000061035156,11,-1.9976381454791825,0.0063116036900038,13,0.0,2026-07-31,monthly_walk_forward
2026-08-08,2026-0808-04-02-05-11,2023104998,カイショー,15,0,51.0,5.099999904632568,3,0.1018553808576357,0.2027416840003143,1,0.0,2026-07-31,monthly_walk_forward
2026-08-08,2026-0808-04-02-05-11,2022106950,シャンクス,7,0,58.0,5.800000190734863,4,-0.1342975551145252,0.1446867902723191,2,0.0,2026-07-31,monthly_walk_forward
2026-08-08,2026-0808-04-02-05-11,2020100795,ベルタソ,12,0,122.0,12.199999809265137,5,-0.2743107240460129,0.118457296230532,3,0.0,2026-07-31,monthly_walk_forward
2026-08-08,2026-0808-04-02-05-11,2023101676,ファンシーフリル,8,0,42.0,4.199999809265137,2,-0.2777686723956432,0.117873568899695,4,0.0,2026-07-31,monthly_walk_forward
2026-08-08,2026-0808-04-02-05-11,2022102465,ブライティアブーケ,3,0,123.0,12.300000190734863,6,-0.4216180549322381,0.0959774705486408,5,0.0,2026-07-31,monthly_walk_forward
2026-08-08,2026-0808-04-02-05-11,2023100397,ミルトメロディー,10,0,594.0,59.400001525878906,11,-0.5820533734127556,0.0763188661134604,6,0.0,2026-07-31,monthly_walk_forward
2026-08-08,2026-0808-04-02-05-11,2023103103,リオクリスハーレー,2,0,31.0,3.0999999046325684,1,-0.6767577888443321,0.0666615382039821,7,0.0,2026-07-31,monthly_walk_forward
2026-08-08,2026-0808-04-02-05-11,2023107539,ダイイズキャスト,9,0,501.0,50.099998474121094,10,-1.0042547269139483,0.0417531701148867,8,0.0,2026-07-31,monthly_walk_forward
2026-08-08,2026-0808-04-02-05-11,2023100611,オタルイーグル,16,0,454.0,45.400001525878906,9,-1.2940660127799093,0.0275984402002965,9,0.0,2026-07-31,monthly_walk_forward
2026-08-08,2026-0808-04-02-05-11,2022106796,レモンバーム,11,0,428.0,42.79999923706055,8,-1.3721015582305456,0.0246870769423061,10,0.0,2026-07-31,monthly_walk_forward
2026-08-08,2026-0808-04-02-05-11,2023104173,メテオロイド,1,1,231.0,23.100000381469727,7,-1.6449038596986263,0.0167192764546118,11,2310.0,2026-07-31,monthly_walk_forward
2026-08-08,2026-0808-04-02-05-11,2022101204,サツキレジーナ,5,0,1523.0,152.3000030517578,15,-1.8512252383666143,0.0124512062504771,12,0.0,2026-07-31,monthly_walk_forward
2026-08-08,2026-0808-04-02-05-11,2019110122,ブラヴィーノ,14,0,4459.0,445.8999938964844,18,-1.90383001248386,0.0115497966239365,13,0.0,2026-07-31,monthly_walk_forward
2026-08-08,2026-0808-04-02-05-11,2022106420,パーティーガール,6,0,735.0,73.5,12,-1.906463697010707,0.0115064232397426,14,0.0,2026-07-31,monthly_walk_forward
2026-08-08,2026-0808-04-02-05-11,2020101171,ビスケット,18,0,3826.0,382.6000061035156,17,-1.9645918501951771,0.0105895239222178,15,0.0,2026-07-31,monthly_walk_forward
2026-08-08,2026-0808-04-02-05-11,2022102602,フェリスチカ,17,0,2663.0,266.29998779296875,16,-2.2201737299710835,0.0073503522120635,16,0.0,2026-07-31,monthly_walk_forward
2026-08-08,2026-0808-04-02-05-11,2021100478,ジュエルドレーサー,4,0,1469.0,146.89999389648438,14,-2.2553053498194884,0.0069905567580898,17,0.0,2026-07-31,monthly_walk_forward
2026-08-08,2026-0808-04-02-05-11,2022106503,セイラダンサー,13,0,1077.0,107.6999969482422,13,-2.35219300132594,0.0060869630124271,18,0.0,2026-07-31,monthly_walk_forward
2026-08-08,2026-0808-07-02-05-05,2023103906,レイクラシック,1,1,11.0,1.100000023841858,1,1.0585267042416209,0.5896851472688365,1,110.0,2026-07-31,monthly_walk_forward
2026-08-08,2026-0808-07-02-05-05,2019100915,ゼンノインヴォーク,3,0,89.0,8.899999618530273,3,0.361131848425696,0.2177418921377669,2,0.0,2026-07-31,monthly_walk_forward
2026-08-08,2026-0808-07-02-05-05,2023105513,エイシンビーコン,5,0,47.0,4.699999809265137,2,0.0038287897565207,0.1306964474555439,3,0.0,2026-07-31,monthly_walk_forward
2026-08-08,2026-0808-07-02-05-05,2022104779,リトルスカーレット,7,0,618.0,61.79999923706055,5,-1.225782371906992,0.0225625187146162,4,0.0,2026-07-31,monthly_walk_forward
2026-08-08,2026-0808-07-02-05-05,2023100446,ワンダーデリエール,2,0,292.0,29.200000762939453,4,-1.3133749534198351,0.0199087195926231,5,0.0,2026-07-31,monthly_walk_forward
2026-08-08,2026-0808-07-02-05-05,2023104883,アステルディーヴァ,4,0,633.0,63.29999923706055,6,-1.9601089118567856,0.0079030767947139,6,0.0,2026-07-31,monthly_walk_forward
2026-08-08,2026-0808-07-02-05-05,2022107084,ウインヘリオドール,6,0,643.0,64.30000305175781,7,-2.1632987030265025,0.0059119813030167,7,0.0,2026-07-31,monthly_walk_forward
2026-08-08,2026-0808-07-02-05-05,2023103501,シンゼンイセ,8,0,1934.0,193.3999938964844,8,-2.2024727772260717,0.0055902167328825,8,0.0,2026-07-31,monthly_walk_forward
2026-08-08,2026-0808-07-02-05-06,2022100382,ビップディラン,2,0,57.0,5.699999809265137,4,0.2632220998893845,0.2139585465179931,1,0.0,2026-07-31,monthly_walk_forward
2026-08-08,2026-0808-07-02-05-06,2023100448,テイエムアイラン,1,1,36.0,3.5999999046325684,1,0.2521759839805844,0.2106087449494375,2,360.0,2026-07-31,monthly_walk_forward
2026-08-08,2026-0808-07-02-05-06,2022104590,ショウナンバルドル,5,0,40.0,4.0,2,-0.128567327339166,0.1222518311094412,3,0.0,2026-07-31,monthly_walk_forward
2026-08-08,2026-0808-07-02-05-06,2022100381,オリバナム,7,0,44.0,4.400000095367432,3,-0.1803542172200483,0.1135339413995428,4,0.0,2026-07-31,monthly_walk_forward
2026-08-08,2026-0808-07-02-05-06,2021105374,クイックバイオ,3,0,193.0,19.299999237060547,7,-0.4191634062472128,0.0807167288894812,5,0.0,2026-07-31,monthly_walk_forward
2026-08-08,2026-0808-07-02-05-06,2018106354,バガン,8,0,490.0,49.0,10,-0.4900013875027078,0.0729481368816781,6,0.0,2026-07-31,monthly_walk_forward
2026-08-08,2026-0808-07-02-05-06,2021102727,オトコギアンパン,10,0,124.0,12.399999618530272,6,-0.6035060961661971,0.0620288221973853,7,0.0,2026-07-31,monthly_walk_forward
2026-08-08,2026-0808-07-02-05-06,2022104171,スナークピカソ,4,0,108.0,10.800000190734863,5,-0.837976807313201,0.0443734355691555,8,0.0,2026-07-31,monthly_walk_forward
2026-08-08,2026-0808-07-02-05-06,2022109119,ケイテンアイジン,9,0,1165.0,116.5,11,-1.0527657673883428,0.0326485231150993,9,0.0,2026-07-31,monthly_walk_forward
2026-08-08,2026-0808-07-02-05-06,2019106280,サクラオーラ,6,0,293.0,29.299999237060547,9,-1.0705621570033543,0.0318289485397001,10,0.0,2026-07-31,monthly_walk_forward
2026-08-08,2026-0808-07-02-05-06,2020105809,マイネルフォルツァ,11,0,256.0,25.600000381469727,8,-1.5924306743766885,0.0151023408310852,11,0.0,2026-07-31,monthly_walk_forward
2026-08-08,2026-0808-07-02-05-07,2022101821,ロードヴォイジャー,8,0,25.0,2.5,1,0.6732169026330809,0.4098474467194119,1,0.0,2026-07-31,monthly_walk_forward
2026-08-08,2026-0808-07-02-05-07,2022107134,タガノマカシヤ,7,0,48.0,4.800000190734863,4,0.4363232304188527,0.292178663819455,2,0.0,2026-07-31,monthly_walk_forward
2026-08-08,2026-0808-07-02-05-07,2022110115,シンビリーブ,1,1,36.0,3.5999999046325684,2,0.0126247613222343,0.1595060655887342,3,360.0,2026-07-31,monthly_walk_forward
2026-08-08,2026-0808-07-02-05-07,2021106635,インザモーメント,4,0,230.0,23.0,6,-0.9070455186173324,0.0428740721589072,4,0.0,2026-07-31,monthly_walk_forward
2026-08-08,2026-0808-07-02-05-07,2022106395,クァンタムウェーブ,6,0,42.0,4.199999809265137,3,-1.113962421602646,0.0319020952339862,5,0.0,2026-07-31,monthly_walk_forward
2026-08-08,2026-0808-07-02-05-07,2022110118,ユウトザユウト,2,0,559.0,55.900001525878906,8,-1.1474460560859867,0.0304120200122047,6,0.0,2026-07-31,monthly_walk_forward
2026-08-08,2026-0808-07-02-05-07,2020106635,メイショウシナノ,3,0,200.0,20.0,5,-1.345085885137659,0.0229311285415166,7,0.0,2026-07-31,monthly_walk_forward
2026-08-08,2026-0808-07-02-05-07,2020100979,メイショウコガシラ,5,0,240.0,24.0,7,-1.9020429605763571,0.0103485079257837,8,0.0,2026-07-31,monthly_walk_forward
2026-08-08,2026-0808-07-02-05-08,2023103893,リアンドゥクール,1,1,17.0,1.7000000476837158,1,0.2758116065038849,0.4063349656203464,1,170.0,2026-07-31,monthly_walk_forward
2026-08-08,2026-0808-07-02-05-08,2023103245,ゴンタ,4,0,90.0,9.0,4,-0.0799952043619071,0.2444186206964894,2,0.0,2026-07-31,monthly_walk_forward
2026-08-08,2026-0808-07-02-05-08,2023101592,テーオーカイザー,3,0,60.0,6.0,2,-0.9752955649885712,0.068025449917075,3,0.0,2026-07-31,monthly_walk_forward
2026-08-08,2026-0808-07-02-05-08,2023104066,バケラッタ,6,0,102.0,10.199999809265137,5,-1.0303944243365497,0.0628762961193695,4,0.0,2026-07-31,monthly_walk_forward
2026-08-08,2026-0808-07-02-05-08,2023102752,スマートグロワール,8,0,60.0,6.0,3,-1.1163002286909622,0.0556146505019139,5,0.0,2026-07-31,monthly_walk_forward
2026-08-08,2026-0808-07-02-05-08,2022102710,エイユーファイヤー,5,0,204.0,20.399999618530273,6,-1.300043879773883,0.0427750819093322,6,0.0,2026-07-31,monthly_walk_forward
2026-08-08,2026-0808-07-02-05-08,2022107325,レーンアジリティ,10,0,394.0,39.400001525878906,7,-1.4095810518774927,0.0365789910375759,7,0.0,2026-07-31,monthly_walk_forward
2026-08-08,2026-0808-07-02-05-08,2019104261,メイショウオグマ,7,0,399.0,39.900001525878906,8,-1.658554552520884,0.0256308737509253,8,0.0,2026-07-31,monthly_walk_forward
2026-08-08,2026-0808-07-02-05-08,2022107299,クレスコドルフィン,11,0,1243.0,124.3000030517578,10,-1.6606861353692006,0.025552943420577,9,0.0,2026-07-31,monthly_walk_forward
2026-08-08,2026-0808-07-02-05-08,2021103316,リアルペガサス,12,0,1591.0,159.10000610351562,11,-2.0788590953937316,0.0140604032903194,10,0.0,2026-07-31,monthly_walk_forward
2026-08-08,2026-0808-07-02-05-08,2023106129,サンライズオスカー,2,0,469.0,46.900001525878906,9,-2.3485569484160886,0.0095647065448128,11,0.0,2026-07-31,monthly_walk_forward
2026-08-08,2026-0808-07-02-05-08,2021106078,ブルーストレイル,9,0,4077.0,407.7000122070313,12,-2.425669160274152,0.0085670171912626,12,0.0,2026-07-31,monthly_walk_forward
2026-08-08,2026-0808-07-02-05-09,2021105335,トーアマリシテン,5,0,137.0,13.699999809265137,4,-0.2219295130540379,0.4191508964564616,1,0.0,2026-07-31,monthly_walk_forward
2026-08-08,2026-0808-07-02-05-09,2020102955,ポワンキュルミナン,7,0,74.0,7.400000095367432,3,-0.9172610290109972,0.1552288147785237,2,0.0,2026-07-31,monthly_walk_forward
2026-08-08,2026-0808-07-02-05-09,2019101488,クラウンセト,1,1,58.0,5.800000190734863,2,-0.9827789571669838,0.1413590648380625,3,580.0,2026-07-31,monthly_walk_forward
2026-08-08,2026-0808-07-02-05-09,2018102196,ゴールドブリーズ,4,0,167.0,16.700000762939453,6,-1.1092286783940664,0.1179971832750229,4,0.0,2026-07-31,monthly_walk_forward
2026-08-08,2026-0808-07-02-05-09,2021104590,ゲインサポート,6,0,379.0,37.900001525878906,9,-1.4251931858005968,0.0751347287953573,5,0.0,2026-07-31,monthly_walk_forward
2026-08-08,2026-0808-07-02-05-09,2022102728,ベイビーベリッシモ,3,0,188.0,18.799999237060547,7,-1.6712589124950517,0.0528660004804186,6,0.0,2026-07-31,monthly_walk_forward
2026-08-08,2026-0808-07-02-05-09,2021104974,ヒットアンドロール,2,0,371.0,37.099998474121094,8,-1.8975471492394715,0.0382633113761532,7,0.0,2026-07-31,monthly_walk_forward
2026-08-08,2026-0808-07-02-05-11,2023107241,バルセシート,1,1,15.0,1.5,1,0.839360820678112,0.3277216606168051,1,150.0,2026-07-31,monthly_walk_forward
2026-08-08,2026-0808-07-02-05-11,2023104034,テイエムスティール,8,0,40.0,4.0,2,0.6091175242251676,0.2358617097194695,2,0.0,2026-07-31,monthly_walk_forward
2026-08-08,2026-0808-07-02-05-11,2023106614,レッドリガーレ,5,0,166.0,16.600000381469727,6,0.1199768601242776,0.1172693329407957,3,0.0,2026-07-31,monthly_walk_forward
2026-08-08,2026-0808-07-02-05-11,2023105011,オーライカモン,11,0,133.0,13.300000190734863,4,0.1063256416375481,0.1150045323731943,4,0.0,2026-07-31,monthly_walk_forward
2026-08-08,2026-0808-07-02-05-11,2022106354,オーバースタンド,3,0,110.0,11.0,3,-0.3081537275687611,0.0636155638446575,5,0.0,2026-07-31,monthly_walk_forward
2026-08-08,2026-0808-07-02-05-11,2021105022,グローブアマランス,4,0,164.0,16.399999618530273,5,-0.4568985232447596,0.0514374028479397,6,0.0,2026-07-31,monthly_walk_forward
2026-08-08,2026-0808-07-02-05-11,2021104918,シャーリーゴールド,2,0,631.0,63.099998474121094,8,-0.7011799887990792,0.0362845513294968,7,0.0,2026-07-31,monthly_walk_forward
2026-08-08,2026-0808-07-02-05-11,2023103379,ホールドミーワンス,10,0,979.0,97.9000015258789,10,-1.4039011842772646,0.0132965505621989,8,0.0,2026-07-31,monthly_walk_forward
2026-08-08,2026-0808-07-02-05-11,2022102841,メイショウハボマイ,12,0,3261.0,326.1000061035156,12,-1.4329626914615647,0.0127558272515204,9,0.0,2026-07-31,monthly_walk_forward
2026-08-08,2026-0808-07-02-05-11,2022104649,インターポーザー,6,0,2276.0,227.6000061035156,11,-1.666898204680714,0.0091320902935355,10,0.0,2026-07-31,monthly_walk_forward
2026-08-08,2026-0808-07-02-05-11,2022106996,ゴージャス,9,0,390.0,39.0,7,-1.686677269882854,0.0088776671023015,11,0.0,2026-07-31,monthly_walk_forward
2026-08-08,2026-0808-07-02-05-11,2023103615,エスティヴァリス,7,0,808.0,80.80000305175781,9,-1.6973681733850394,0.0087431111180847,12,0.0,2026-07-31,monthly_walk_forward
2026-08-09,2026-0809-01-01-06-03,2021103520,デルシエロ,4,0,51.0,5.099999904632568,3,0.059032624545697,0.253523351297566,1,0.0,2026-07-31,monthly_walk_forward
2026-08-09,2026-0809-01-01-06-03,2020103910,レジェンドシップ,1,1,42.0,4.199999809265137,2,-0.0463124507974377,0.2181020275493836,2,420.0,2026-07-31,monthly_walk_forward
2026-08-09,2026-0809-01-01-06-03,2022105060,サウンドサンライズ,8,0,86.0,8.600000381469727,5,-0.4611577955791295,0.1205816073050891,3,0.0,2026-07-31,monthly_walk_forward
2026-08-09,2026-0809-01-01-06-03,2023104676,マテンロウゼロ,6,0,64.0,6.400000095367432,4,-0.5114771114747365,0.112217844884709,4,0.0,2026-07-31,monthly_walk_forward
2026-08-09,2026-0809-01-01-06-03,2023107144,エイカイコバチ,3,0,133.0,13.300000190734863,7,-0.6455579281778376,0.0926563976262463,5,0.0,2026-07-31,monthly_walk_forward
2026-08-09,2026-0809-01-01-06-03,2023105021,メイショウテンク,2,0,30.0,3.0,1,-0.6975802961034299,0.0860200435328575,6,0.0,2026-07-31,monthly_walk_forward
2026-08-09,2026-0809-01-01-06-03,2022105400,ピティロディア,7,0,592.0,59.20000076293945,9,-1.1796741943584184,0.0432014804568816,7,0.0,2026-07-31,monthly_walk_forward
2026-08-09,2026-0809-01-01-06-03,2022106824,グランツローゼ,9,0,696.0,69.5999984741211,10,-1.286486144943983,0.037087732837711,8,0.0,2026-07-31,monthly_walk_forward
2026-08-09,2026-0809-01-01-06-03,2022103222,エオアリイ,5,0,112.0,11.199999809265137,6,-1.7151037559554685,0.0201051377285434,9,0.0,2026-07-31,monthly_walk_forward
2026-08-09,2026-0809-01-01-06-03,2022106613,ストラニエーロ,10,0,343.0,34.29999923706055,8,-1.8532486058763613,0.016504376781012,10,0.0,2026-07-31,monthly_walk_forward
2026-08-09,2026-0809-01-01-06-08,2022104419,ローズマイスター,1,1,44.0,4.400000095367432,2,0.3104258606409461,0.2835711326331334,1,440.0,2026-07-31,monthly_walk_forward
2026-08-09,2026-0809-01-01-06-08,2021104945,ポンピエ,4,0,56.0,5.599999904632568,3,-0.0864912700670524,0.1608445753173412,2,0.0,2026-07-31,monthly_walk_forward
2026-08-09,2026-0809-01-01-06-08,2023100433,サンデーパーティー,14,0,86.0,8.600000381469727,6,-0.12819413271423,0.1515420296560495,3,0.0,2026-07-31,monthly_walk_forward
2026-08-09,2026-0809-01-01-06-08,2023102019,テイクオンミー,3,0,78.0,7.800000190734863,5,-0.2537119495974461,0.1266657646662314,4,0.0,2026-07-31,monthly_walk_forward
2026-08-09,2026-0809-01-01-06-08,2023100715,ピエナオルカ,8,0,35.0,3.5,1,-0.8373341148997107,0.0550260050477679,5,0.0,2026-07-31,monthly_walk_forward
2026-08-09,2026-0809-01-01-06-08,2023105032,メイショウコシュウ,2,0,63.0,6.300000190734863,4,-0.9184359378678496,0.0490061669072613,6,0.0,2026-07-31,monthly_walk_forward
2026-08-09,2026-0809-01-01-06-08,2021100303,ブリオメンテ,9,0,160.0,16.0,7,-1.1535207332545534,0.0350267033505172,7,0.0,2026-07-31,monthly_walk_forward
2026-08-09,2026-0809-01-01-06-08,2022103156,タイキフィアリーベ,5,0,392.0,39.20000076293945,8,-1.2262405103364309,0.0315705690562599,8,0.0,2026-07-31,monthly_walk_forward
2026-08-09,2026-0809-01-01-06-08,2023100581,ホノボノ,13,0,1213.0,121.3000030517578,12,-1.422391387484053,0.0238553804874003,9,0.0,2026-07-31,monthly_walk_forward
2026-08-09,2026-0809-01-01-06-08,2021105772,ホウオウバローロ,6,0,392.0,39.20000076293945,9,-1.5119295765376728,0.0209910905924664,10,0.0,2026-07-31,monthly_walk_forward
2026-08-09,2026-0809-01-01-06-08,2022101286,クラウンアールシー,12,0,955.0,95.5,11,-1.582218342996378,0.0189856905540195,11,0.0,2026-07-31,monthly_walk_forward
2026-08-09,2026-0809-01-01-06-08,2023101721,ノリノドラゴン,10,0,1813.0,181.3000030517578,13,-1.6574531097958976,0.0170509740034798,12,0.0,2026-07-31,monthly_walk_forward
2026-08-09,2026-0809-01-01-06-08,2021102498,ディアスポラ,7,0,407.0,40.70000076293945,10,-1.726849575027427,0.0154416672445672,13,0.0,2026-07-31,monthly_walk_forward
2026-08-09,2026-0809-01-01-06-08,2022107021,ファミーユウルーズ,11,0,2195.0,219.5,14,-2.0020381464606447,0.0104222504835046,14,0.0,2026-07-31,monthly_walk_forward
2026-08-09,2026-0809-01-01-06-09,2023105141,ニシノサリーナ,16,0,34.0,3.4000000953674316,1,0.5918460955460141,0.2421975898638772,1,0.0,2026-07-31,monthly_walk_forward
2026-08-09,2026-0809-01-01-06-09,2023105317,ウィングブルー,2,0,43.0,4.300000190734863,2,0.2740801364502572,0.1538229875652882,2,0.0,2026-07-31,monthly_walk_forward
2026-08-09,2026-0809-01-01-06-09,2022104440,ハーモニーソング,13,0,63.0,6.300000190734863,3,0.1558685966009719,0.1299212998752007,3,0.0,2026-07-31,monthly_walk_forward
2026-08-09,2026-0809-01-01-06-09,2021105749,ルージュベルベット,1,1,98.0,9.800000190734863,5,0.1168795895723797,0.1228827071612024,4,980.0,2026-07-31,monthly_walk_forward
2026-08-09,2026-0809-01-01-06-09,2023104047,ノアールビーナス,7,0,108.0,10.800000190734863,6,-0.2132669295038233,0.0766762809199445,5,0.0,2026-07-31,monthly_walk_forward
2026-08-09,2026-0809-01-01-06-09,2023106420,コスモファーブロス,3,0,86.0,8.600000381469727,4,-0.5432476681079219,0.0478557539566687,6,0.0,2026-07-31,monthly_walk_forward
2026-08-09,2026-0809-01-01-06-09,2023102210,アイアムステキ,11,0,225.0,22.5,8,-0.7479808036883667,0.0357201677617778,7,0.0,2026-07-31,monthly_walk_forward
2026-08-09,2026-0809-01-01-06-09,2022103316,キタノクニカラ,15,0,1245.0,124.5,15,-0.8384266897754632,0.0313905547611845,8,0.0,2026-07-31,monthly_walk_forward
2026-08-09,2026-0809-01-01-06-09,2021105078,アトリウムチャペル,6,0,148.0,14.800000190734863,7,-0.8603513886141759,0.0304226088917505,9,0.0,2026-07-31,monthly_walk_forward
2026-08-09,2026-0809-01-01-06-09,2023103733,ラプランセス,4,0,243.0,24.299999237060547,9,-0.9171385152366376,0.0280520462370429,10,0.0,2026-07-31,monthly_walk_forward
2026-08-09,2026-0809-01-01-06-09,2022102988,トレヴィ,5,0,286.0,28.600000381469727,10,-1.026511433325462,0.0239942580328945,11,0.0,2026-07-31,monthly_walk_forward
2026-08-09,2026-0809-01-01-06-09,2020101920,メラヴィリオーザ,12,0,997.0,99.6999969482422,14,-1.1459594777578987,0.0202301585722519,12,0.0,2026-07-31,monthly_walk_forward
2026-08-09,2026-0809-01-01-06-09,2023105290,サトノカスターニャ,9,0,755.0,75.5,12,-1.242533399997686,0.0176231211846246,13,0.0,2026-07-31,monthly_walk_forward
2026-08-09,2026-0809-01-01-06-09,2020100759,アルマロクザン,10,0,979.0,97.9000015258789,13,-1.3515704477886783,0.0150811336039813,14,0.0,2026-07-31,monthly_walk_forward
2026-08-09,2026-0809-01-01-06-09,2021103322,スプリングデイ,8,0,364.0,36.400001525878906,11,-1.4965581574703788,0.0122597217303238,15,0.0,2026-07-31,monthly_walk_forward
2026-08-09,2026-0809-01-01-06-09,2022101005,マロンカラノテガミ,14,0,2163.0,216.3000030517578,16,-1.5191946809513457,0.0118696098819857,16,0.0,2026-07-31,monthly_walk_forward
2026-08-09,2026-0809-01-01-06-10,2022110130,ベラジオワールド,3,0,37.0,3.700000047683716,2,1.1407968685159715,0.3531593342635928,1,0.0,2026-07-31,monthly_walk_forward
2026-08-09,2026-0809-01-01-06-10,2023104324,タガノエルー,2,0,16.0,1.600000023841858,1,0.767860002249884,0.2072969642581693,2,0.0,2026-07-31,monthly_walk_forward
2026-08-09,2026-0809-01-01-06-10,2023101704,テイエムゴッホ,12,0,118.0,11.800000190734863,3,0.4426500505593501,0.1302644649657241,3,0.0,2026-07-31,monthly_walk_forward
2026-08-09,2026-0809-01-01-06-10,2023103696,マーゴットサンズ,5,0,144.0,14.399999618530272,5,0.3316953510768721,0.1111699394206369,4,0.0,2026-07-31,monthly_walk_forward
2026-08-09,2026-0809-01-01-06-10,2022101572,プライベートアイズ,1,1,122.0,12.199999809265137,4,0.1450757746481639,0.0851539352396891,5,1220.0,2026-07-31,monthly_walk_forward
2026-08-09,2026-0809-01-01-06-10,2023100937,ストラーダ,13,0,460.0,46.0,9,-0.8518232042693439,0.0204978340193225,6,0.0,2026-07-31,monthly_walk_forward
2026-08-09,2026-0809-01-01-06-10,2022100321,リメンバーヒム,4,0,435.0,43.5,8,-0.9135126276356604,0.0187687166395621,7,0.0,2026-07-31,monthly_walk_forward
2026-08-09,2026-0809-01-01-06-10,2022105486,テルアスワッド,11,0,1121.0,112.0999984741211,10,-1.0582022882525437,0.0152639213208326,8,0.0,2026-07-31,monthly_walk_forward
2026-08-09,2026-0809-01-01-06-10,2022102394,マーウォルス,6,0,411.0,41.099998474121094,7,-1.1157670713297654,0.0140589127731907,9,0.0,2026-07-31,monthly_walk_forward
2026-08-09,2026-0809-01-01-06-10,2021101928,チザルピーノ,10,0,274.0,27.399999618530273,6,-1.1286801641888424,0.0138019416318467,10,0.0,2026-07-31,monthly_walk_forward
2026-08-09,2026-0809-01-01-06-10,2022105610,ウインハルモニア,7,0,1517.0,151.6999969482422,11,-1.2419604443553185,0.0117397475241496,11,0.0,2026-07-31,monthly_walk_forward
2026-08-09,2026-0809-01-01-06-10,2022103753,ネクストダンサー,9,0,2525.0,252.5,14,-1.4870990663864865,0.0082712221320751,12,0.0,2026-07-31,monthly_walk_forward
2026-08-09,2026-0809-01-01-06-10,2022106851,レディゴディヴァ,8,0,1532.0,153.1999969482422,12,-1.5532543753390258,0.0075253302210539,13,0.0,2026-07-31,monthly_walk_forward
2026-08-09,2026-0809-01-01-06-10,2019102163,フォーワンセルフ,14,0,2411.0,241.1000061035156,13,-2.1905761532428634,0.003027735590154,14,0.0,2026-07-31,monthly_walk_forward
2026-08-09,2026-0809-01-01-06-11,2023107008,ブラックチャリス,6,0,45.0,4.5,2,0.9740315394000876,0.1781308664099547,1,0.0,2026-07-31,monthly_walk_forward
2026-08-09,2026-0809-01-01-06-11,2023105203,マーブルパレス,9,0,74.0,7.400000095367432,4,0.8960583316810994,0.1593540072419114,2,0.0,2026-07-31,monthly_walk_forward
2026-08-09,2026-0809-01-01-06-11,2022102887,ナムラクララ,1,1,36.0,3.5999999046325684,1,0.7491145604224753,0.1291802240163446,3,360.0,2026-07-31,monthly_walk_forward
2026-08-09,2026-0809-01-01-06-11,2022103592,ルシード,2,0,47.0,4.699999809265137,3,0.5483308583731014,0.0969673820738889,4,0.0,2026-07-31,monthly_walk_forward
2026-08-09,2026-0809-01-01-06-11,2021105774,ダノンマッキンリー,4,0,212.0,21.200000762939453,8,0.475601439460701,0.0873982696839039,5,0.0,2026-07-31,monthly_walk_forward
2026-08-09,2026-0809-01-01-06-11,2021100130,ロードフォアエース,5,0,110.0,11.0,5,0.1431776340255925,0.0543575943456686,6,0.0,2026-07-31,monthly_walk_forward
2026-08-09,2026-0809-01-01-06-11,2021105358,アスティスプマンテ,3,0,202.0,20.200000762939453,7,0.1324129495416704,0.0535280712996161,7,0.0,2026-07-31,monthly_walk_forward
2026-08-09,2026-0809-01-01-06-11,2021100522,ジョーメッドヴィン,8,0,285.0,28.5,10,0.1171412700273563,0.0523729129095075,8,0.0,2026-07-31,monthly_walk_forward
2026-08-09,2026-0809-01-01-06-11,2018103515,カンティーユ,14,0,162.0,16.200000762939453,6,0.007147794355846,0.0447573640872671,9,0.0,2026-07-31,monthly_walk_forward
2026-08-09,2026-0809-01-01-06-11,2022100490,モズナナスター,11,0,279.0,27.899999618530273,9,-0.1577462203349316,0.0353639561528519,10,0.0,2026-07-31,monthly_walk_forward
2026-08-09,2026-0809-01-01-06-11,2020105203,ウインアイオライト,13,0,1397.0,139.6999969482422,14,-0.3938263201104069,0.0252401461550496,11,0.0,2026-07-31,monthly_walk_forward
2026-08-09,2026-0809-01-01-06-11,2020103356,クファシル,16,0,778.0,77.80000305175781,13,-0.442873883488849,0.0235321572785927,12,0.0,2026-07-31,monthly_walk_forward
2026-08-09,2026-0809-01-01-06-11,2020109102,サウザンサニー,10,0,336.0,33.599998474121094,12,-0.4701832988395236,0.0226317645398123,13,0.0,2026-07-31,monthly_walk_forward
2026-08-09,2026-0809-01-01-06-11,2020103962,ステークホルダー,15,0,2856.0,285.6000061035156,16,-0.6928195512884147,0.0164660821983943,14,0.0,2026-07-31,monthly_walk_forward
2026-08-09,2026-0809-01-01-06-11,2021105599,シンバーシア,6,0,323.0,32.29999923706055,11,-0.9902226889431116,0.0107665167320764,15,0.0,2026-07-31,monthly_walk_forward
2026-08-09,2026-0809-01-01-06-11,2022103304,ダンツエラン,12,0,1741.0,174.10000610351562,15,-1.04524175386887,0.0099526848751592,16,0.0,2026-07-31,monthly_walk_forward
2026-08-09,2026-0809-01-01-06-12,2022106645,グランセゾン,2,0,115.0,11.5,6,0.2837321275680767,0.2151342817003146,1,0.0,2026-07-31,monthly_walk_forward
2026-08-09,2026-0809-01-01-06-12,2023103451,ロングミックス,4,0,61.0,6.099999904632568,3,0.2480476638900415,0.2044420566892204,2,0.0,2026-07-31,monthly_walk_forward
2026-08-09,2026-0809-01-01-06-12,2023103351,グレーヌドジョワ,1,1,78.0,7.800000190734863,4,0.2140364261702342,0.1947461881475251,3,780.0,2026-07-31,monthly_walk_forward
2026-08-09,2026-0809-01-01-06-12,2023100207,マイネルシンベリン,3,0,42.0,4.199999809265137,2,-0.0799700604947481,0.1279561778610018,4,0.0,2026-07-31,monthly_walk_forward
2026-08-09,2026-0809-01-01-06-12,2023100521,ディーリライズ,6,0,89.0,8.899999618530273,5,-0.1270798372000797,0.1196281478607526,5,0.0,2026-07-31,monthly_walk_forward
2026-08-09,2026-0809-01-01-06-12,2023106905,ヴァロアーク,7,0,21.0,2.0999999046325684,1,-0.2819289019846422,0.0958874601927641,6,0.0,2026-07-31,monthly_walk_forward
2026-08-09,2026-0809-01-01-06-12,2022102135,ゴーゴータカシ,8,0,150.0,15.0,7,-0.986537060103046,0.0350435695330015,7,0.0,2026-07-31,monthly_walk_forward
2026-08-09,2026-0809-01-01-06-12,2022105766,ドーギッド,5,0,1452.0,145.1999969482422,8,-2.0979875272759925,0.0071621180154196,8,0.0,2026-07-31,monthly_walk_forward
2026-08-09,2026-0809-04-02-06-05,2023100359,シュヴァルツシルト,6,0,34.0,3.4000000953674316,2,0.3613084893210517,0.2214687149210341,1,0.0,2026-07-31,monthly_walk_forward
2026-08-09,2026-0809-04-02-06-05,2023105083,ベルゼビュート,4,0,71.0,7.099999904632568,3,0.2050680958332533,0.1771648713358743,2,0.0,2026-07-31,monthly_walk_forward
2026-08-09,2026-0809-04-02-06-05,2023103216,アンバサダネージュ,7,0,28.0,2.799999952316284,1,0.1536638025421874,0.164621034351317,3,0.0,2026-07-31,monthly_walk_forward
2026-08-09,2026-0809-04-02-06-05,2023102007,ゼファーテソーロ,1,1,83.0,8.300000190734863,4,0.000430612086829,0.1322562743876392,4,830.0,2026-07-31,monthly_walk_forward
2026-08-09,2026-0809-04-02-06-05,2023106932,サトノエスケープ,2,0,93.0,9.300000190734863,5,-0.6305236629348756,0.0536981345723725,5,0.0,2026-07-31,monthly_walk_forward
2026-08-09,2026-0809-04-02-06-05,2023100533,タイセイブルーム,10,0,547.0,54.70000076293945,13,-0.7971142444939266,0.0423255836599858,6,0.0,2026-07-31,monthly_walk_forward
2026-08-09,2026-0809-04-02-06-05,2023101039,ベアアッコチャン,5,0,307.0,30.700000762939453,7,-0.9015839580812336,0.0364575755143152,7,0.0,2026-07-31,monthly_walk_forward
2026-08-09,2026-0809-04-02-06-05,2023104992,エコロバロン,11,0,491.0,49.099998474121094,12,-0.93413713515893,0.034800951599443,8,0.0,2026-07-31,monthly_walk_forward
2026-08-09,2026-0809-04-02-06-05,2023100949,マジンタクシー,15,0,468.0,46.79999923706055,10,-1.0196508201111107,0.0307990031483855,9,0.0,2026-07-31,monthly_walk_forward
2026-08-09,2026-0809-04-02-06-05,2022100582,プルシャプラ,8,0,392.0,39.20000076293945,9,-1.0291998942899518,0.030381710212304,10,0.0,2026-07-31,monthly_walk_forward
2026-08-09,2026-0809-04-02-06-05,2020100617,ブリングライト,12,0,470.0,47.0,11,-1.129622647338599,0.0263213320194594,11,0.0,2026-07-31,monthly_walk_forward
2026-08-09,2026-0809-04-02-06-05,2023106208,スリーコーズ,3,0,156.0,15.600000381469728,6,-1.374086362477593,0.0185625448931952,12,0.0,2026-07-31,monthly_walk_forward
2026-08-09,2026-0809-04-02-06-05,2021102745,ペッパーミル,14,0,353.0,35.29999923706055,8,-1.4306484074613808,0.0171216357730971,13,0.0,2026-07-31,monthly_walk_forward
2026-08-09,2026-0809-04-02-06-05,2022105697,ソリッドベーシス,13,0,2625.0,262.5,14,-2.005768372638443,0.0075288549365577,14,0.0,2026-07-31,monthly_walk_forward
2026-08-09,2026-0809-04-02-06-05,2022100323,トキメキジニア,9,0,5069.0,506.8999938964844,15,-2.109512857031231,0.0064917786750194,15,0.0,2026-07-31,monthly_walk_forward
2026-08-09,2026-0809-04-02-06-06,2023103687,ライヒスアドラー,1,1,12.0,1.2000000476837158,1,1.193473573584423,0.2654619016183,1,120.0,2026-07-31,monthly_walk_forward
2026-08-09,2026-0809-04-02-06-06,2022101134,テンミラクルスター,11,0,281.0,28.100000381469727,6,0.8863883419872352,0.171190701002764,2,0.0,2026-07-31,monthly_walk_forward
2026-08-09,2026-0809-04-02-06-06,2021104865,カニキュル,2,0,98.0,9.800000190734863,2,0.7924890539294757,0.1497004512191905,3,0.0,2026-07-31,monthly_walk_forward
2026-08-09,2026-0809-04-02-06-06,2022100019,マカナ,12,0,104.0,10.399999618530272,3,0.4380991021655427,0.0902302688775102,4,0.0,2026-07-31,monthly_walk_forward
2026-08-09,2026-0809-04-02-06-06,2022110054,デルアヴァー,4,0,214.0,21.399999618530273,5,0.2882593014468006,0.0728431200141982,5,0.0,2026-07-31,monthly_walk_forward
2026-08-09,2026-0809-04-02-06-06,2021105704,コルレオニス,10,0,286.0,28.600000381469727,7,0.1931469866998469,0.0635885455297363,6,0.0,2026-07-31,monthly_walk_forward
2026-08-09,2026-0809-04-02-06-06,2021101724,ガジュノリ,6,0,117.0,11.699999809265137,4,0.189488321388012,0.0632570565669783,7,0.0,2026-07-31,monthly_walk_forward
2026-08-09,2026-0809-04-02-06-06,2021105453,エラン,7,0,922.0,92.1999969482422,11,-0.1375347679955531,0.0396476170115925,8,0.0,2026-07-31,monthly_walk_forward
2026-08-09,2026-0809-04-02-06-06,2020100976,ハギノアルデバラン,5,0,661.0,66.0999984741211,8,-0.4222699710751454,0.0263974197822867,9,0.0,2026-07-31,monthly_walk_forward
2026-08-09,2026-0809-04-02-06-06,2020106535,モズロックンロール,13,0,1021.0,102.0999984741211,13,-0.4839079918689244,0.0241724113127384,10,0.0,2026-07-31,monthly_walk_forward
2026-08-09,2026-0809-04-02-06-06,2018106154,エスコバル,9,0,969.0,96.9000015258789,12,-0.9187085110793164,0.0129885520189284,11,0.0,2026-07-31,monthly_walk_forward
2026-08-09,2026-0809-04-02-06-06,2020104753,サトノヴィレ,3,0,734.0,73.4000015258789,9,-0.9962981208050457,0.0116257917415765,12,0.0,2026-07-31,monthly_walk_forward
2026-08-09,2026-0809-04-02-06-06,2020100934,クリニクラウン,8,0,908.0,90.8000030517578,10,-1.1836222939110286,0.0088961633041996,13,0.0,2026-07-31,monthly_walk_forward
2026-08-09,2026-0809-04-02-06-07,2023105303,メルカントゥール,3,0,27.0,2.700000047683716,1,1.3477057235096193,0.2753157278182236,1,0.0,2026-07-31,monthly_walk_forward
2026-08-09,2026-0809-04-02-06-07,2023101269,ドンエレクトス,4,0,46.0,4.599999904632568,3,1.064615291303835,0.1837366784270295,2,0.0,2026-07-31,monthly_walk_forward
2026-08-09,2026-0809-04-02-06-07,2023106821,マクリール,9,0,135.0,13.5,5,0.8763146433369826,0.1404010136705808,3,0.0,2026-07-31,monthly_walk_forward
2026-08-09,2026-0809-04-02-06-07,2023107036,ショウナンバンライ,6,0,41.0,4.099999904632568,2,0.5759926615548495,0.0914206432326585,4,0.0,2026-07-31,monthly_walk_forward
2026-08-09,2026-0809-04-02-06-07,2023101134,パイロマンサー,2,0,59.0,5.900000095367432,4,0.4412896648323588,0.0754174330941743,5,0.0,2026-07-31,monthly_walk_forward
2026-08-09,2026-0809-04-02-06-07,2023104387,チェリヴェント,1,1,208.0,20.799999237060547,6,0.2570122604897591,0.0579618491973564,6,2080.0,2026-07-31,monthly_walk_forward
2026-08-09,2026-0809-04-02-06-07,2023104733,タガノアバンドーネ,7,0,237.0,23.700000762939453,7,0.1271015823398295,0.0481440875596116,7,0.0,2026-07-31,monthly_walk_forward
2026-08-09,2026-0809-04-02-06-07,2023104927,テンカムテキ,8,0,686.0,68.5999984741211,11,-0.1426734941858959,0.03274680408482,8,0.0,2026-07-31,monthly_walk_forward
2026-08-09,2026-0809-04-02-06-07,2023107091,ヒシアムルーズ,10,0,500.0,50.0,9,-0.2951979309544957,0.0263353809822799,9,0.0,2026-07-31,monthly_walk_forward
2026-08-09,2026-0809-04-02-06-07,2023101154,ファイアマン,11,0,262.0,26.200000762939453,8,-0.3542799133578883,0.0242038203787086,10,0.0,2026-07-31,monthly_walk_forward
2026-08-09,2026-0809-04-02-06-07,2023104103,パラダイスフェイス,12,0,1569.0,156.89999389648438,12,-0.3898686370190006,0.0230040308239697,11,0.0,2026-07-31,monthly_walk_forward
2026-08-09,2026-0809-04-02-06-07,2023103919,オオツカ,5,0,604.0,60.400001525878906,10,-0.4433306168091847,0.0213125307305866,12,0.0,2026-07-31,monthly_walk_forward
2026-08-09,2026-0809-04-02-06-08,2022101604,ハニーローリエ,2,0,25.0,2.5,1,0.4748810201004703,0.3524553261142183,1,0.0,2026-07-31,monthly_walk_forward
2026-08-09,2026-0809-04-02-06-08,2021100144,ロードトレゾール,8,0,52.0,5.199999809265137,3,-0.0856282891813302,0.158253202075637,2,0.0,2026-07-31,monthly_walk_forward
2026-08-09,2026-0809-04-02-06-08,2023106613,カレンデュラ,3,0,133.0,13.300000190734863,6,-0.1785347568635918,0.1385834636626353,3,0.0,2026-07-31,monthly_walk_forward
2026-08-09,2026-0809-04-02-06-08,2020104174,レジーナローズ,9,0,94.0,9.399999618530272,4,-0.6907272055722553,0.0666709463913155,4,0.0,2026-07-31,monthly_walk_forward
2026-08-09,2026-0809-04-02-06-08,2022104387,キントラダンサー,11,0,114.0,11.399999618530272,5,-1.0704380033708487,0.0387575383457469,5,0.0,2026-07-31,monthly_walk_forward
2026-08-09,2026-0809-04-02-06-08,2022104190,ラトルシェ,13,0,623.0,62.29999923706055,10,-1.0970193504492456,0.0373133780000252,6,0.0,2026-07-31,monthly_walk_forward
2026-08-09,2026-0809-04-02-06-08,2022106637,ラヴェンデル,16,0,455.0,45.5,9,-1.1306219848224648,0.0355645074384438,7,0.0,2026-07-31,monthly_walk_forward
2026-08-09,2026-0809-04-02-06-08,2021104074,ラブディーヴァ,10,0,244.0,24.399999618530273,7,-1.3963747839348024,0.0243297845783749,8,0.0,2026-07-31,monthly_walk_forward
2026-08-09,2026-0809-04-02-06-08,2020103477,サトノアルペジオ,15,0,1046.0,104.5999984741211,14,-1.4641683821910545,0.0220839986897366,9,0.0,2026-07-31,monthly_walk_forward
2026-08-09,2026-0809-04-02-06-08,2021100356,クールベイビー,1,1,42.0,4.199999809265137,2,-1.4728524394577365,0.021811721504675,10,420.0,2026-07-31,monthly_walk_forward
2026-08-09,2026-0809-04-02-06-08,2022104216,ペイシャヴァルツー,17,0,736.0,73.5999984741211,11,-1.5530630437320432,0.0194502696060299,11,0.0,2026-07-31,monthly_walk_forward
2026-08-09,2026-0809-04-02-06-08,2021104777,クォーツァイト,6,0,1671.0,167.10000610351562,15,-1.5790718349774469,0.0187408477902739,12,0.0,2026-07-31,monthly_walk_forward
2026-08-09,2026-0809-04-02-06-08,2021106066,メッエフアパラ,14,0,297.0,29.700000762939453,8,-1.6678676647602733,0.016508152173124,13,0.0,2026-07-31,monthly_walk_forward
2026-08-09,2026-0809-04-02-06-08,2020102674,スペルキャスター,4,0,756.0,75.5999984741211,12,-1.7067959142928977,0.0156151648048647,14,0.0,2026-07-31,monthly_walk_forward
2026-08-09,2026-0809-04-02-06-08,2021104365,リュウノタブーク,12,0,3516.0,351.6000061035156,17,-1.9036416852600044,0.0117874369694251,15,0.0,2026-07-31,monthly_walk_forward
2026-08-09,2026-0809-04-02-06-08,2021106986,ミスエル,7,0,2510.0,251.0,16,-1.904753205418037,0.0117687347164441,16,0.0,2026-07-31,monthly_walk_forward
2026-08-09,2026-0809-04-02-06-08,2022106187,ゼンダンタカ,5,0,906.0,90.5999984741211,13,-1.997689439030589,0.0103055271390289,17,0.0,2026-07-31,monthly_walk_forward
2026-08-09,2026-0809-04-02-06-09,2022110132,ピコテンダー,6,0,24.0,2.4000000953674316,1,0.427880933238902,0.3093951396047742,1,0.0,2026-07-31,monthly_walk_forward
2026-08-09,2026-0809-04-02-06-09,2021103706,アルジェンタージョ,5,0,344.0,34.400001525878906,9,-0.4130447700566693,0.0930648717459935,2,0.0,2026-07-31,monthly_walk_forward
2026-08-09,2026-0809-04-02-06-09,2022106656,ハッピーウィズユー,7,0,84.0,8.399999618530273,3,-0.4523766837147505,0.0879798972071892,3,0.0,2026-07-31,monthly_walk_forward
2026-08-09,2026-0809-04-02-06-09,2022102347,シャンハイナイト,13,0,224.0,22.399999618530273,8,-0.5029210131664983,0.081851134351133,4,0.0,2026-07-31,monthly_walk_forward
2026-08-09,2026-0809-04-02-06-09,2020100363,キョウエイカンフ,4,0,140.0,14.0,5,-0.5756622107723234,0.0737725097827217,5,0.0,2026-07-31,monthly_walk_forward
2026-08-09,2026-0809-04-02-06-09,2021100158,ダノンモンテローザ,3,0,111.0,11.100000381469728,4,-0.669253797415915,0.0645399169232551,6,0.0,2026-07-31,monthly_walk_forward
2026-08-09,2026-0809-04-02-06-09,2022105824,フィーチャリング,10,0,143.0,14.300000190734863,6,-0.7036746326510179,0.0614430836776145,7,0.0,2026-07-31,monthly_walk_forward
2026-08-09,2026-0809-04-02-06-09,2019105287,フォンメイリー,14,0,432.0,43.20000076293945,11,-0.8678165959000211,0.0485999624716622,8,0.0,2026-07-31,monthly_walk_forward
2026-08-09,2026-0809-04-02-06-09,2021105779,レッドセニョール,9,0,602.0,60.20000076293945,13,-0.932634246164346,0.0443018357605857,9,0.0,2026-07-31,monthly_walk_forward
2026-08-09,2026-0809-04-02-06-09,2022101557,アスタールフナ,2,0,38.0,3.799999952316284,2,-1.0419646528056148,0.0378957822752252,10,0.0,2026-07-31,monthly_walk_forward
2026-08-09,2026-0809-04-02-06-09,2021104839,プレアデスグループ,12,0,473.0,47.29999923706055,12,-1.1210548525377404,0.0338471168240011,11,0.0,2026-07-31,monthly_walk_forward
2026-08-09,2026-0809-04-02-06-09,2022105495,マーゴットゲイン,1,1,403.0,40.29999923706055,10,-1.3093851750903367,0.0258629256914679,12,4030.0,2026-07-31,monthly_walk_forward
2026-08-09,2026-0809-04-02-06-09,2020105957,ダズリングダンス,11,0,170.0,17.0,7,-1.5610750133988187,0.0180519478099012,13,0.0,2026-07-31,monthly_walk_forward
2026-08-09,2026-0809-04-02-06-09,2021106119,タイセイピューマ,15,0,1344.0,134.39999389648438,14,-1.9145969851616351,0.0108941091983933,14,0.0,2026-07-31,monthly_walk_forward
2026-08-09,2026-0809-04-02-06-09,2020103575,シュバルツガイスト,8,0,2128.0,212.8000030517578,15,-2.0883254277299796,0.0084997666760815,15,0.0,2026-07-31,monthly_walk_forward
2026-08-09,2026-0809-04-02-06-10,2023107228,ウップヘリーア,2,0,17.0,1.7000000476837158,1,0.7605372680580553,0.3872976796267773,1,0.0,2026-07-31,monthly_walk_forward
2026-08-09,2026-0809-04-02-06-10,2023107277,モートンアイランド,1,1,23.0,2.299999952316284,2,0.5830162493020511,0.3005433911283574,2,230.0,2026-07-31,monthly_walk_forward
2026-08-09,2026-0809-04-02-06-10,2022103308,ミッドセンチュリー,5,0,107.0,10.699999809265137,3,0.2985072615450866,0.2001667419396752,3,0.0,2026-07-31,monthly_walk_forward
2026-08-09,2026-0809-04-02-06-10,2022105365,オプレントジュエル,3,0,115.0,11.5,4,-0.6741949161962387,0.0498778087429788,4,0.0,2026-07-31,monthly_walk_forward
2026-08-09,2026-0809-04-02-06-10,2021101088,テイキットイージー,6,0,459.0,45.900001525878906,6,-1.0155973544658567,0.0306262786648972,5,0.0,2026-07-31,monthly_walk_forward
2026-08-09,2026-0809-04-02-06-10,2022105223,イスキオス,7,0,167.0,16.700000762939453,5,-1.4099612337422758,0.017435030856385,6,0.0,2026-07-31,monthly_walk_forward
2026-08-09,2026-0809-04-02-06-10,2022101620,トラストモアリズム,4,0,1301.0,130.10000610351562,7,-1.5609096823855255,0.014053069040929,7,0.0,2026-07-31,monthly_walk_forward
2026-08-09,2026-0809-07-02-06-05,2023104876,ペプチドレオン,3,0,26.0,2.5999999046325684,1,0.374417059748351,0.3122030410958205,1,0.0,2026-07-31,monthly_walk_forward
2026-08-09,2026-0809-07-02-06-05,2020103314,カレンパンピナップ,15,0,409.0,40.900001525878906,9,-0.266449867977189,0.1249769807603494,2,0.0,2026-07-31,monthly_walk_forward
2026-08-09,2026-0809-07-02-06-05,2023101405,カクウチ,9,0,176.0,17.600000381469727,6,-0.3932324811811149,0.1042729048736213,3,0.0,2026-07-31,monthly_walk_forward
2026-08-09,2026-0809-07-02-06-05,2023102045,バトルアックス,5,0,28.0,2.799999952316284,2,-0.4876116153106749,0.0911206281792723,4,0.0,2026-07-31,monthly_walk_forward
2026-08-09,2026-0809-07-02-06-05,2023103399,オンザノアール,10,0,85.0,8.5,4,-0.5809474672466172,0.0797460556698104,5,0.0,2026-07-31,monthly_walk_forward
2026-08-09,2026-0809-07-02-06-05,2023105677,ツァレヴナ,13,0,307.0,30.700000762939453,7,-0.6682944324878212,0.0703910344041378,6,0.0,2026-07-31,monthly_walk_forward
2026-08-09,2026-0809-07-02-06-05,2023103325,リアライズブライト,2,0,158.0,15.800000190734863,5,-1.0918416894818366,0.0384361488411457,7,0.0,2026-07-31,monthly_walk_forward
2026-08-09,2026-0809-07-02-06-05,2023106874,ジャスティンルマン,1,1,386.0,38.599998474121094,8,-1.1911873698872002,0.0333506076394636,8,3860.0,2026-07-31,monthly_walk_forward
2026-08-09,2026-0809-07-02-06-05,2023105291,サリカリーフォリア,14,0,526.0,52.599998474121094,10,-1.2408933709232153,0.0310645537807381,9,0.0,2026-07-31,monthly_walk_forward
2026-08-09,2026-0809-07-02-06-05,2022107248,ルシャリオ,12,0,1208.0,120.8000030517578,13,-1.2591235237697953,0.0302659810414132,10,0.0,2026-07-31,monthly_walk_forward
2026-08-09,2026-0809-07-02-06-05,2020102910,ハイクライテリア,7,0,1951.0,195.1000061035156,14,-1.3850621470123743,0.0252824890818471,11,0.0,2026-07-31,monthly_walk_forward
2026-08-09,2026-0809-07-02-06-05,2021104242,ショウナンラウール,6,0,743.0,74.30000305175781,12,-1.6797136032562603,0.016596326458152,12,0.0,2026-07-31,monthly_walk_forward
2026-08-09,2026-0809-07-02-06-05,2023102767,ルクスポップスター,11,0,79.0,7.900000095367432,3,-1.6898146547470696,0.0163585598670346,13,0.0,2026-07-31,monthly_walk_forward
2026-08-09,2026-0809-07-02-06-05,2021105993,マテンロウミラクル,4,0,681.0,68.0999984741211,11,-1.9622585091805007,0.011084478465356,14,0.0,2026-07-31,monthly_walk_forward
2026-08-09,2026-0809-07-02-06-05,2022105689,ヴァリアントマーチ,16,0,4377.0,437.7000122070313,16,-2.077884919042609,0.0093967624314401,15,0.0,2026-07-31,monthly_walk_forward
2026-08-09,2026-0809-07-02-06-05,2022100027,ロイヤルテール,8,0,3687.0,368.7000122070313,15,-2.4587669917305885,0.0054534474103971,16,0.0,2026-07-31,monthly_walk_forward
2026-08-09,2026-0809-07-02-06-06,2021105585,カリーニョ,1,1,34.0,3.4000000953674316,2,0.4275941532674073,0.2593218700246212,1,340.0,2026-07-31,monthly_walk_forward
2026-08-09,2026-0809-07-02-06-06,2023106283,マイバレンタイン,3,0,24.0,2.4000000953674316,1,0.3911792539857049,0.2461764971723174,2,0.0,2026-07-31,monthly_walk_forward
2026-08-09,2026-0809-07-02-06-06,2023100553,カレントゥルーシー,5,0,38.0,3.799999952316284,3,0.2769817545904228,0.2091202534805591,3,0.0,2026-07-31,monthly_walk_forward
2026-08-09,2026-0809-07-02-06-06,2023105380,サトノアイボリー,2,0,48.0,4.800000190734863,4,0.0961095448751082,0.1615024949229947,4,0.0,2026-07-31,monthly_walk_forward
2026-08-09,2026-0809-07-02-06-06,2020103647,ダイヤモンドハンズ,4,0,288.0,28.799999237060547,6,-0.3752405230934286,0.0823652274618852,5,0.0,2026-07-31,monthly_walk_forward
2026-08-09,2026-0809-07-02-06-06,2019100606,ヤマニンループ,6,0,192.0,19.200000762939453,5,-0.9888584222019274,0.0342801459841563,6,0.0,2026-07-31,monthly_walk_forward
2026-08-09,2026-0809-07-02-06-06,2021105867,ショウナンハウル,7,0,1690.0,169.0,7,-2.077947699664126,0.0072335109534658,7,0.0,2026-07-31,monthly_walk_forward
2026-08-09,2026-0809-07-02-06-07,2022103066,レイピア,2,0,49.0,4.900000095367432,2,1.033096010083554,0.1670737063786511,1,0.0,2026-07-31,monthly_walk_forward
2026-08-09,2026-0809-07-02-06-07,2022104933,ディアナザール,9,0,39.0,3.900000095367432,1,0.678507888532136,0.1006732990611285,2,0.0,2026-07-31,monthly_walk_forward
2026-08-09,2026-0809-07-02-06-07,2023107020,サンアントワーヌ,7,0,155.0,15.5,7,0.646775895740529,0.0962115288470384,3,0.0,2026-07-31,monthly_walk_forward
2026-08-09,2026-0809-07-02-06-07,2023103162,タマモイカロス,6,0,142.0,14.199999809265137,6,0.6366009740785213,0.094823151217527,4,0.0,2026-07-31,monthly_walk_forward
2026-08-09,2026-0809-07-02-06-07,2021103932,ジェニファー,5,0,214.0,21.399999618530273,9,0.358982122836344,0.0637784418801588,5,0.0,2026-07-31,monthly_walk_forward
2026-08-09,2026-0809-07-02-06-07,2021101924,フィオライア,13,0,630.0,63.0,14,0.3466310592027864,0.0626629807783246,6,0.0,2026-07-31,monthly_walk_forward
2026-08-09,2026-0809-07-02-06-07,2021110164,インビンシブルパパ,17,0,84.0,8.399999618530273,5,0.3262971245452028,0.060868900361534,7,0.0,2026-07-31,monthly_walk_forward
2026-08-09,2026-0809-07-02-06-07,2022110026,コウセキ,18,0,157.0,15.699999809265137,8,0.3248592641249213,0.0607439987096144,8,0.0,2026-07-31,monthly_walk_forward
2026-08-09,2026-0809-07-02-06-07,2021105880,レッドエヴァンス,3,0,71.0,7.099999904632568,3,0.3177862291829055,0.0601333114493774,9,0.0,2026-07-31,monthly_walk_forward
2026-08-09,2026-0809-07-02-06-07,2021101598,アンクルクロス,14,0,80.0,8.0,4,0.2826344707887396,0.0571881756339736,10,0.0,2026-07-31,monthly_walk_forward
2026-08-09,2026-0809-07-02-06-07,2022106394,クラスペディア,11,0,310.0,31.0,10,0.1291705251513656,0.0459297451323548,11,0.0,2026-07-31,monthly_walk_forward
2026-08-09,2026-0809-07-02-06-07,2021103092,ナムラローズマリー,12,0,338.0,33.79999923706055,11,0.0443120530764137,0.0406861020271432,12,0.0,2026-07-31,monthly_walk_forward
2026-08-09,2026-0809-07-02-06-07,2022101623,アブキールベイ,8,0,631.0,63.099998474121094,15,-0.3648638677328149,0.022676962263077,13,0.0,2026-07-31,monthly_walk_forward
2026-08-09,2026-0809-07-02-06-07,2021107063,イツモニコニコ,10,0,385.0,38.5,13,-0.404469540977121,0.0214295325777847,14,0.0,2026-07-31,monthly_walk_forward
2026-08-09,2026-0809-07-02-06-07,2020105400,タマモブラックタイ,16,0,781.0,78.0999984741211,16,-0.4224714945968557,0.0208854536922105,15,0.0,2026-07-31,monthly_walk_forward
2026-08-09,2026-0809-07-02-06-07,2019103605,ペプチドヤマト,15,0,2846.0,284.6000061035156,18,-0.923906992404108,0.0102033540597653,16,0.0,2026-07-31,monthly_walk_forward
2026-08-09,2026-0809-07-02-06-07,2020110133,フロムダスク,1,1,351.0,35.099998474121094,12,-0.9941699471457408,0.0092289090552251,17,3510.0,2026-07-31,monthly_walk_forward
2026-08-09,2026-0809-07-02-06-07,2020103325,プロトポロス,4,0,1381.0,138.10000610351562,17,-1.451420651769712,0.0048024468751109,18,0.0,2026-07-31,monthly_walk_forward
2026-08-09,2026-0809-07-02-06-08,2023107082,リベッチオ,1,1,16.0,1.600000023841858,1,0.1101141549128643,0.3721086449764348,1,160.0,2026-07-31,monthly_walk_forward
2026-08-09,2026-0809-07-02-06-08,2022110123,クロノスバレット,4,0,73.0,7.300000190734863,4,-0.5440977983735255,0.1461447199544411,2,0.0,2026-07-31,monthly_walk_forward
2026-08-09,2026-0809-07-02-06-08,2023103628,ケイツーリーブル,2,0,54.0,5.400000095367432,3,-0.8119459386069345,0.099679213323941,3,0.0,2026-07-31,monthly_walk_forward
2026-08-09,2026-0809-07-02-06-08,2020104561,タイガースパーク,8,0,530.0,53.0,8,-1.0596264707612104,0.069974285974718,4,0.0,2026-07-31,monthly_walk_forward
2026-08-09,2026-0809-07-02-06-08,2021103821,ハイディージェン,5,0,750.0,75.0,9,-1.1435458812769328,0.062068769707399,5,0.0,2026-07-31,monthly_walk_forward
2026-08-09,2026-0809-07-02-06-08,2021106164,キングオブフジ,7,0,347.0,34.70000076293945,5,-1.1806879269350714,0.0588612449697045,6,0.0,2026-07-31,monthly_walk_forward
2026-08-09,2026-0809-07-02-06-08,2022102260,ジェシーテソーロ,11,0,413.0,41.29999923706055,7,-1.207486961403229,0.0566503722780714,7,0.0,2026-07-31,monthly_walk_forward
2026-08-09,2026-0809-07-02-06-08,2022105791,ブルックリンダンス,3,0,54.0,5.400000095367432,2,-1.2568230689891275,0.0527951011577263,8,0.0,2026-07-31,monthly_walk_forward
2026-08-09,2026-0809-07-02-06-08,2021104295,トモジャザーン,9,0,412.0,41.20000076293945,6,-1.4120145189473148,0.0422970072913242,9,0.0,2026-07-31,monthly_walk_forward
2026-08-09,2026-0809-07-02-06-08,2020106101,シュヴァルツリーベ,6,0,790.0,79.0,10,-1.933594330173498,0.0200775508527055,10,0.0,2026-07-31,monthly_walk_forward
2026-08-09,2026-0809-07-02-06-08,2020106491,メイショウジェンマ,10,0,3256.0,325.6000061035156,11,-1.9596812954779808,0.0193430895135334,11,0.0,2026-07-31,monthly_walk_forward
2026-08-09,2026-0809-07-02-06-09,2022103255,メイショウソウセキ,1,1,23.0,2.299999952316284,1,0.1183079943386964,0.3906821227541481,1,230.0,2026-07-31,monthly_walk_forward
2026-08-09,2026-0809-07-02-06-09,2019105824,アレナリア,12,0,74.0,7.400000095367432,4,-0.2408861972968103,0.233868662067895,2,0.0,2026-07-31,monthly_walk_forward
2026-08-09,2026-0809-07-02-06-09,2020104005,アナザーエース,6,0,42.0,4.199999809265137,2,-0.7063244738618115,0.1202830675142375,3,0.0,2026-07-31,monthly_walk_forward
2026-08-09,2026-0809-07-02-06-09,2022105072,ナヴァラトゥナ,3,0,147.0,14.699999809265137,5,-1.431839781668787,0.0426657897020583,4,0.0,2026-07-31,monthly_walk_forward
2026-08-09,2026-0809-07-02-06-09,2019104675,アップストローク,2,0,47.0,4.699999809265137,3,-1.6392752287217456,0.0317236058643731,5,0.0,2026-07-31,monthly_walk_forward
2026-08-09,2026-0809-07-02-06-09,2021102336,ヨシノヤッタルデー,7,0,600.0,60.0,9,-1.651155925947541,0.0311897228163715,6,0.0,2026-07-31,monthly_walk_forward
2026-08-09,2026-0809-07-02-06-09,2022100548,ヴィーデ,13,0,711.0,71.0999984741211,11,-1.68368782989678,0.0297733737309635,7,0.0,2026-07-31,monthly_walk_forward
2026-08-09,2026-0809-07-02-06-09,2021104105,ルクスマーベリック,10,0,557.0,55.70000076293945,8,-1.6992295118622138,0.029119617627966,8,0.0,2026-07-31,monthly_walk_forward
2026-08-09,2026-0809-07-02-06-09,2020102013,オリンポスカズマ,4,0,165.0,16.5,6,-1.7977835541730152,0.0252953504792022,9,0.0,2026-07-31,monthly_walk_forward
2026-08-09,2026-0809-07-02-06-09,2022106544,ナスノソナタ,5,0,787.0,78.69999694824219,12,-1.806337450002055,0.024988126002393,10,0.0,2026-07-31,monthly_walk_forward
2026-08-09,2026-0809-07-02-06-09,2022101587,クリアクォーツ,8,0,295.0,29.5,7,-2.1673297245887624,0.0149199240268006,11,0.0,2026-07-31,monthly_walk_forward
2026-08-09,2026-0809-07-02-06-09,2020106585,ヴォンヌヴォー,11,0,655.0,65.5,10,-2.2403440569210566,0.0134420965156707,12,0.0,2026-07-31,monthly_walk_forward
2026-08-09,2026-0809-07-02-06-09,2023103189,スラッシュ,9,0,1452.0,145.1999969482422,13,-2.3169574807895494,0.01204854089792,13,0.0,2026-07-31,monthly_walk_forward
2026-08-09,2026-0809-07-02-06-10,2023102131,ラヴネヴァーダイズ,3,0,25.0,2.5,1,0.0398015411673868,0.2328796711874981,1,0.0,2026-07-31,monthly_walk_forward
2026-08-09,2026-0809-07-02-06-10,2023101810,ヴォンドゥ,5,0,56.0,5.599999904632568,3,-0.2306106981703349,0.1582567459327675,2,0.0,2026-07-31,monthly_walk_forward
2026-08-09,2026-0809-07-02-06-10,2020104913,グランデスフィーダ,6,0,70.0,7.0,4,-0.3016597812213593,0.1429821787503082,3,0.0,2026-07-31,monthly_walk_forward
2026-08-09,2026-0809-07-02-06-10,2023104408,ナウオアネヴァー,14,0,229.0,22.899999618530273,6,-0.5909246386326338,0.0945836367245143,4,0.0,2026-07-31,monthly_walk_forward
2026-08-09,2026-0809-07-02-06-10,2023106284,リーグナイト,10,0,82.0,8.199999809265137,5,-0.6162972624437093,0.0912166897824516,5,0.0,2026-07-31,monthly_walk_forward
2026-08-09,2026-0809-07-02-06-10,2022110104,アメリカンビヨンド,2,0,49.0,4.900000095367432,2,-0.8949036252889396,0.0612662299168829,6,0.0,2026-07-31,monthly_walk_forward
2026-08-09,2026-0809-07-02-06-10,2023105140,サヨノパララックス,11,0,575.0,57.5,11,-1.2674572186051063,0.0359816603358987,7,0.0,2026-07-31,monthly_walk_forward
2026-08-09,2026-0809-07-02-06-10,2023110062,プールナバドラ,16,0,250.0,25.0,7,-1.3025113093515648,0.0342241693647635,8,0.0,2026-07-31,monthly_walk_forward
2026-08-09,2026-0809-07-02-06-10,2022104944,シュネーグロッケン,8,0,951.0,95.0999984741211,13,-1.408976856757275,0.0293954077125315,9,0.0,2026-07-31,monthly_walk_forward
2026-08-09,2026-0809-07-02-06-10,2022101117,アイファーモービル,9,0,325.0,32.5,8,-1.6367801084090217,0.0212297870541805,10,0.0,2026-07-31,monthly_walk_forward
2026-08-09,2026-0809-07-02-06-10,2022104448,ガビーズブラザー,7,0,341.0,34.099998474121094,9,-1.726002322042532,0.0186891836122127,11,0.0,2026-07-31,monthly_walk_forward
2026-08-09,2026-0809-07-02-06-10,2022100458,シンギタイ,15,0,428.0,42.79999923706055,10,-1.7638837833191785,0.0177046721283507,12,0.0,2026-07-31,monthly_walk_forward
2026-08-09,2026-0809-07-02-06-10,2022105077,ワイルドブッター,4,0,2195.0,219.5,15,-1.8011415468243182,0.0167869733594794,13,0.0,2026-07-31,monthly_walk_forward
2026-08-09,2026-0809-07-02-06-10,2021110063,メイプルギャング,13,0,1329.0,132.89999389648438,14,-1.85010966828802,0.0156527830388048,14,0.0,2026-07-31,monthly_walk_forward
2026-08-09,2026-0809-07-02-06-10,2022102003,スレッドザニードル,12,0,832.0,83.19999694824219,12,-1.852126075246782,0.015607758802721,15,0.0,2026-07-31,monthly_walk_forward
2026-08-09,2026-0809-07-02-06-10,2022105748,リードプリンシパル,1,1,2620.0,262.0,16,-1.9514832238450763,0.0135424522966337,16,26200.0,2026-07-31,monthly_walk_forward
2026-08-09,2026-0809-07-02-06-11,2023103836,フロムレイブン,2,0,32.0,3.200000047683716,1,0.0170398577653015,0.1332346129849032,1,0.0,2026-07-31,monthly_walk_forward
2026-08-09,2026-0809-07-02-06-11,2023101632,マーゴットミスト,15,0,54.0,5.400000095367432,3,0.0006961933231825,0.1301598733052213,2,0.0,2026-07-31,monthly_walk_forward
2026-08-09,2026-0809-07-02-06-11,2023107545,ウェルカムソング,11,0,50.0,5.0,2,-0.1035517756085054,0.1121500626542369,3,0.0,2026-07-31,monthly_walk_forward
2026-08-09,2026-0809-07-02-06-11,2022103729,セクシーマージュ,9,0,189.0,18.899999618530273,9,-0.1291266674801074,0.1081265456105698,4,0.0,2026-07-31,monthly_walk_forward
2026-08-09,2026-0809-07-02-06-11,2022105921,アーリントンロウ,4,0,93.0,9.300000190734863,4,-0.1529917245860834,0.104502325118097,5,0.0,2026-07-31,monthly_walk_forward
2026-08-09,2026-0809-07-02-06-11,2023104358,ヤマニンフェイエル,10,0,120.0,12.0,6,-0.3636860711750644,0.077340472642703,6,0.0,2026-07-31,monthly_walk_forward
2026-08-09,2026-0809-07-02-06-11,2021103901,マーシーラン,6,0,111.0,11.100000381469728,5,-0.6368700472775108,0.0523501380509377,7,0.0,2026-07-31,monthly_walk_forward
2026-08-09,2026-0809-07-02-06-11,2023109117,カラクニダケ,17,0,791.0,79.0999984741211,13,-0.668472817575973,0.0500392531124593,8,0.0,2026-07-31,monthly_walk_forward
2026-08-09,2026-0809-07-02-06-11,2021105484,ベランジェール,5,0,181.0,18.100000381469727,8,-0.7818932022438523,0.0425542034542036,9,0.0,2026-07-31,monthly_walk_forward
2026-08-09,2026-0809-07-02-06-11,2022104901,モルティフレーバー,3,0,173.0,17.299999237060547,7,-0.8230660713167482,0.0401234220304594,10,0.0,2026-07-31,monthly_walk_forward
2026-08-09,2026-0809-07-02-06-11,2022103750,スピリットライズ,7,0,1047.0,104.6999969482422,14,-0.9009225478302996,0.0358999792125581,11,0.0,2026-07-31,monthly_walk_forward
2026-08-09,2026-0809-07-02-06-11,2021105862,フェリーニ,13,0,215.0,21.5,10,-0.9379605319989184,0.0340498392130788,12,0.0,2026-07-31,monthly_walk_forward
2026-08-09,2026-0809-07-02-06-11,2022104501,パリコレジェンヌ,1,1,664.0,66.4000015258789,11,-1.1135174008685569,0.0264969540147174,13,6640.0,2026-07-31,monthly_walk_forward
2026-08-09,2026-0809-07-02-06-11,2020103261,アウクソー,8,0,1116.0,111.5999984741211,15,-1.308620093126833,0.0200516541530264,14,0.0,2026-07-31,monthly_walk_forward
2026-08-09,2026-0809-07-02-06-11,2022104648,フランクスピード,14,0,772.0,77.19999694824219,12,-1.507690015193823,0.0150883971651938,15,0.0,2026-07-31,monthly_walk_forward
2026-08-09,2026-0809-07-02-06-11,2022102445,トウカイフルーレ,12,0,1625.0,162.5,16,-1.733915856849219,0.0109216414505086,16,0.0,2026-07-31,monthly_walk_forward
2026-08-09,2026-0809-07-02-06-11,2023102479,パレットフレイバー,16,0,2489.0,248.8999938964844,17,-2.054296107947597,0.0069106258271249,17,0.0,2026-07-31,monthly_walk_forward
