as_of_date,race_id,horse_id,target,date,racecourse,surface,distance,class_code,grade_code,condition_code,race_class_label,race_class_score,race_sex_condition,race_age_condition,is_filly_mare_only,is_2yo_only,is_3yo_only,race_first_prize,race_second_prize,race_third_prize,race_total_top5_prize,race_first_prize_log,race_total_top5_prize_log,first_corner_position,race_position_bias,position_bias_top5_v2,position_bias_top6_v2,position_bias_weighted_top6_v2,position_bias_residual_v2,course_first_corner_distance_m,course_elevation_difference_m,course_final_straight_m,course_start_uphill,course_start_downhill,course_final_uphill,course_final_downhill,course_final_steep_hill,course_rolling_terrain,course_mostly_flat,course_gentle_corners,course_tight_corners,course_up_down_transition_sentence_count,course_geometry_fit,horse_expected_position,position_stability,frontness_mean,frontness_std,gate_position_pct,gate_x_expected_position,front_density,forward_density,mid_density,rear_density,expected_front_count,expected_position_mean,expected_position_std,popularity,odds,actual_rank,umaban,horse_name,field_size,career_races,career_wins,career_win_rate,career_places,career_place_rate,recent3_win_rate,recent3_place_rate,recent5_win_rate,recent5_place_rate,races_last_180d,races_last_365d,last1_finish,last2_finish,last3_finish,last1_margin,last2_margin,last3_margin,best_margin_last3,mean_margin_last3,weighted_margin_last3,last1_winner_strength,last2_winner_strength,last3_winner_strength,last1_field_strength,last2_field_strength,last3_field_strength,margin_x_winner_strength,margin_x_field_strength,last1_distance,last2_distance,last3_distance,last1_class,last2_class,last3_class,current_distance,last1_winner_strength_v2,last2_winner_strength_v2,last3_winner_strength_v2,last1_field_strength_v2,last2_field_strength_v2,last3_field_strength_v2,last1_margin_x_winner_strength_v2,last2_margin_x_winner_strength_v2,last3_margin_x_winner_strength_v2,max_winner_strength_last3,mean_winner_strength_last3,weighted_winner_strength_last3,best_strong_opponent_performance_last3,last1_field_max_strength_v2,last2_field_max_strength_v2,last3_field_max_strength_v2,last1_field_top3_mean_strength_v2,last2_field_top3_mean_strength_v2,last3_field_top3_mean_strength_v2,opponent_history_missing_last3,last1_winner_max_prize_before_target,last2_winner_max_prize_before_target,last3_winner_max_prize_before_target,last1_winner_mean_prize_before_target,last2_winner_mean_prize_before_target,last3_winner_mean_prize_before_target,last1_winner_max_race_class_before_target,last2_winner_max_race_class_before_target,last3_winner_max_race_class_before_target,last1_winner_best_win_class_before_target,last2_winner_best_win_class_before_target,last3_winner_best_win_class_before_target,last1_raw_performance,last2_raw_performance,last3_raw_performance,last1_adjusted_performance,last2_adjusted_performance,last3_adjusted_performance,last1_position_advantage,last2_position_advantage,last3_position_advantage,last1_race_position_bias,last2_race_position_bias,last3_race_position_bias,best_adjusted_performance_last3,mean_adjusted_performance_last3,weighted_adjusted_performance_last3,hidden_strength_last1,hidden_strength_last2,hidden_strength_last3,max_hidden_strength_last3,max_strong_against_bias_last3,strong_against_bias_last1,strong_against_bias_last2,strong_against_bias_last3,strong_against_bias_v2_last1,strong_against_bias_v2_last2,strong_against_bias_v2_last3,setup_benefit_last1,setup_benefit_last2,setup_benefit_last3,adjusted_performance_v2_last1,adjusted_performance_v2_last2,adjusted_performance_v2_last3,mean_adjusted_performance_v2_last3,best_adjusted_performance_v2_last3,weighted_adjusted_performance_v2_last3,max_strong_against_bias_v2_last3,race_position_bias_last1,race_position_bias_last2,race_position_bias_last3,setup_improvement,hidden_strength_x_race_strength,jockey_rides,jockey_win_rate,jockey_top2_rate,jockey_place_rate,jockey_added_value,recent_jockey_added_value,jockey_form_trend,jockey_change_added_value,usable_history_count,usable_position_history_count,usable_performance_history_count,last1_race_first_prize,last2_race_first_prize,last3_race_first_prize,last1_race_first_prize_log,last2_race_first_prize_log,last3_race_first_prize_log,max_race_prize_last3,mean_race_prize_last3,weighted_race_prize_last3,prize_change_from_last1,prize_change_from_last3_mean,prize_ratio_vs_last1,prize_ratio_vs_last3_mean,last1_margin_x_prize_strength,last2_margin_x_prize_strength,last3_margin_x_prize_strength,current_race_class_score,last1_race_class_score,last2_race_class_score,last3_race_class_score,max_race_class_last3,mean_race_class_last3,weighted_race_class_last3,last1_margin_x_race_class,last2_margin_x_race_class,last3_margin_x_race_class,last1_race_class,last2_race_class,last3_race_class,last1_sex_condition,last2_sex_condition,last3_sex_condition,last1_age_condition,last2_age_condition,last3_age_condition,last1_is_filly_mare_only,last2_is_filly_mare_only,last3_is_filly_mare_only,race_class_change,female_only_to_open,open_to_female_only,age_condition_change,predicted_probability,prediction_rank,race_number,win_payout,place_payout,is_win,is_place,ai_vs_favorite,reason_code,prediction_reason
2026-07-04,2026-0704-02-01-07-01,2024100255,0,2026-07-04,函館,芝,1200,grade:unknown|condition:11,unknown,11,UNKNOWN,0,OPEN_SEX,UNKNOWN,0,0,0,5900000.0,2400000.0,1500000.0,11280000.0,15.59046307836746,16.238541892686666,0,0.0,0.0,0.0,0.0,0.09259259259259259,490.0,3.5,262.1,1,0,0,1,0,1,0,1,0,0,0.5422475351821586,0.5,0.0,0.5,0.0,0.2222222222222222,0.1111111111111111,0.0,1.0,1.0,0.0,0,0.5,0.0,1,18.0,2,2,アルテクィーン,9,1,0,0.0,1,1.0,0,1,0,1,1,1,2,0,0,3.0,0.0,0.0,3.0,3.0,1.5,0.0,0.0,0.0,0.0,0.0,0.0,0.0,0.0,1200,0,0,grade:unknown|condition:11,unknown,unknown,1200,0.18333333333333335,0.0,0.0,0.10541666666666667,0.0,0.0,0.55,0.0,0.0,0.18333333333333335,0.18333333333333335,0.09166666666666667,-2.8166666666666664,0.18333333333333335,0.0,0.0,0.1466666666666667,0.0,0.0,0,7800000.0,0.0,0.0,7800000.0,0.0,0.0,0,0,0,0,0,0,0.5422475351821586,0.0,0.0,0.5422475351821586,0.0,0.0,0.0,0.0,0.0,0.0,0.0,0.0,0.5422475351821586,0.5422475351821586,0.2711237675910793,0.0,0.0,0.0,0.0,-0.0,-0.0,0.0,0.0,-0.0,0.0,0.0,0.0,0.0,0.0,0.5422475351821586,0.0,0.0,0.5422475351821586,0.5422475351821586,0.2711237675910793,-0.0,0.0,0.0,0.0,-0.0,0.0,8069,0.07827594748575675,0.16286846668318058,0.24684171414416645,0.03241453403739345,0.15044344544344543,0.0,0.0,1,1,1,7800000.0,0.0,0.0,15.86963441986494,0.0,0.0,7800000.0,7800000.0,3900000.0,-1900000.0,-1900000.0,0.7564102564102564,0.7564102564102564,47.608903259594825,0.0,0.0,0,0,0,0,0,0,0.0,0.0,0,0,UNKNOWN,UNKNOWN,UNKNOWN,OPEN_SEX,UNKNOWN,UNKNOWN,UNKNOWN,UNKNOWN,UNKNOWN,0,0,0,0,0,0,0,0.26380532522160544,1,1,0.0,110.0,0,1,0,V1_LIGHTGBM,LightGBM F_filter-a:近走着差・勝ち馬強度・フィールド強度・基礎能力
2026-07-04,2026-0704-02-01-07-01,2024103505,0,2026-07-04,函館,芝,1200,grade:unknown|condition:11,unknown,11,UNKNOWN,0,OPEN_SEX,UNKNOWN,0,0,0,5900000.0,2400000.0,1500000.0,11280000.0,15.59046307836746,16.238541892686666,0,0.0,0.0,0.0,0.0,0.09259259259259259,490.0,3.5,262.1,1,0,0,1,0,1,0,1,0,0,0.5915624063815121,0.5,0.0,0.5,0.0,0.3333333333333333,0.16666666666666666,0.0,1.0,1.0,0.0,0,0.5,0.0,2,28.0,4,3,ヌーンベルク,9,1,0,0.0,1,1.0,0,1,0,1,1,1,3,0,0,1.0,0.0,0.0,1.0,1.0,0.5,0.0,0.0,0.0,0.0,0.0,0.0,0.0,0.0,1200,0,0,grade:unknown|condition:11,unknown,unknown,1200,0.18333333333333335,0.0,0.0,0.11229166666666668,0.0,0.0,0.18333333333333335,0.0,0.0,0.18333333333333335,0.18333333333333335,0.09166666666666667,-0.8166666666666667,0.18333333333333335,0.0,0.0,0.1466666666666667,0.0,0.0,0,7800000.0,0.0,0.0,7800000.0,0.0,0.0,0,0,0,0,0,0,0.5915624063815121,0.0,0.0,0.5915624063815121,0.0,0.0,0.0,0.0,0.0,0.0,0.0,0.0,0.5915624063815121,0.5915624063815121,0.29578120319075607,0.0,0.0,0.0,0.0,-0.0,-0.0,0.0,0.0,-0.0,0.0,0.0,0.0,0.0,0.0,0.5915624063815121,0.0,0.0,0.5915624063815121,0.5915624063815121,0.29578120319075607,-0.0,0.0,0.0,0.0,-0.0,0.0,6721,0.12221231043710973,0.22420457924472198,0.32188522152839727,0.04733718469725894,0.17330257705257707,0.0,0.0,1,1,1,7800000.0,0.0,0.0,15.86963441986494,0.0,0.0,7800000.0,7800000.0,3900000.0,-1900000.0,-1900000.0,0.7564102564102564,0.7564102564102564,15.86963441986494,0.0,0.0,0,0,0,0,0,0,0.0,0.0,0,0,UNKNOWN,UNKNOWN,UNKNOWN,OPEN_SEX,UNKNOWN,UNKNOWN,UNKNOWN,UNKNOWN,UNKNOWN,0,0,0,0,0,0,0,0.2540507338791967,2,1,0.0,0.0,0,0,0,V1_LIGHTGBM,LightGBM F_filter-a:近走着差・勝ち馬強度・フィールド強度・基礎能力
2026-07-04,2026-0704-02-01-07-01,2024106248,1,2026-07-04,函館,芝,1200,grade:unknown|condition:11,unknown,11,UNKNOWN,0,OPEN_SEX,UNKNOWN,0,0,0,5900000.0,2400000.0,1500000.0,11280000.0,15.59046307836746,16.238541892686666,0,0.0,0.0,0.0,0.0,0.09259259259259259,490.0,3.5,262.1,1,0,0,1,0,1,0,1,0,0,0.3772429151666894,0.5,0.0,0.5,0.0,0.7777777777777778,0.3888888888888889,0.0,1.0,1.0,0.0,0,0.5,0.0,3,70.0,1,7,ショウナンカノア,9,1,0,0.0,0,0.0,0,0,0,0,1,1,6,0,0,7.0,0.0,0.0,7.0,7.0,3.5,0.0,0.0,0.0,0.0,0.0,0.0,0.0,0.0,1200,0,0,grade:unknown|condition:11,unknown,unknown,1200,0.18333333333333335,0.0,0.0,0.10541666666666667,0.0,0.0,1.2833333333333334,0.0,0.0,0.18333333333333335,0.18333333333333335,0.09166666666666667,-6.816666666666666,0.18333333333333335,0.0,0.0,0.1466666666666667,0.0,0.0,0,7800000.0,0.0,0.0,7800000.0,0.0,0.0,0,0,0,0,0,0,0.3772429151666894,0.0,0.0,0.3772429151666894,0.0,0.0,0.0,0.0,0.0,0.0,0.0,0.0,0.3772429151666894,0.3772429151666894,0.1886214575833447,0.0,0.0,0.0,0.0,-0.0,-0.0,0.0,0.0,-0.0,0.0,0.0,0.0,0.0,0.0,0.3772429151666894,0.0,0.0,0.3772429151666894,0.3772429151666894,0.1886214575833447,-0.0,0.0,0.0,0.0,-0.0,0.0,7320,0.09542662116040955,0.18348122866894198,0.26580204778156996,0.02048901866464548,0.04838471713471714,0.0,0.0,1,1,1,7800000.0,0.0,0.0,15.86963441986494,0.0,0.0,7800000.0,7800000.0,3900000.0,-1900000.0,-1900000.0,0.7564102564102564,0.7564102564102564,111.08744093905459,0.0,0.0,0,0,0,0,0,0,0.0,0.0,0,0,UNKNOWN,UNKNOWN,UNKNOWN,OPEN_SEX,UNKNOWN,UNKNOWN,UNKNOWN,UNKNOWN,UNKNOWN,0,0,0,0,0,0,0,0.10601784390946072,3,1,700.0,160.0,1,1,0,V1_LIGHTGBM,LightGBM F_filter-a:近走着差・勝ち馬強度・フィールド強度・基礎能力
2026-07-04,2026-0704-02-01-07-01,2024106857,0,2026-07-04,函館,芝,1200,grade:unknown|condition:11,unknown,11,UNKNOWN,0,OPEN_SEX,UNKNOWN,0,0,0,5900000.0,2400000.0,1500000.0,11280000.0,15.59046307836746,16.238541892686666,0,0.0,0.0,0.0,0.0,0.09259259259259259,490.0,3.5,262.1,1,0,0,1,0,1,0,1,0,0,0.3809679303425063,0.5,0.0,0.5,0.0,0.5555555555555556,0.2777777777777778,0.0,1.0,1.0,0.0,0,0.5,0.0,4,100.0,3,5,トーセンルルド,9,1,0,0.0,0,0.0,0,0,0,0,1,1,5,0,0,9.0,0.0,0.0,9.0,9.0,4.5,0.0,0.0,0.0,0.0,0.0,0.0,0.0,0.0,1200,0,0,grade:unknown|condition:11,unknown,unknown,1200,0.18333333333333335,0.0,0.0,0.10816666666666667,0.0,0.0,1.6500000000000001,0.0,0.0,0.18333333333333335,0.18333333333333335,0.09166666666666667,-8.816666666666666,0.18333333333333335,0.0,0.0,0.1466666666666667,0.0,0.0,0,7800000.0,0.0,0.0,7800000.0,0.0,0.0,0,0,0,0,0,0,0.3809679303425063,0.0,0.0,0.3809679303425063,0.0,0.0,0.0,0.0,0.0,0.0,0.0,0.0,0.3809679303425063,0.3809679303425063,0.19048396517125316,0.0,0.0,0.0,0.0,-0.0,-0.0,0.0,0.0,-0.0,0.0,0.0,0.0,0.0,0.0,0.3809679303425063,0.0,0.0,0.3809679303425063,0.3809679303425063,0.19048396517125316,-0.0,0.0,0.0,0.0,-0.0,0.0,3109,0.08413615928066795,0.1599229287090559,0.24341682723185612,-0.0037300457096873436,0.12414400414400414,0.0,0.0,1,1,1,7800000.0,0.0,0.0,15.86963441986494,0.0,0.0,7800000.0,7800000.0,3900000.0,-1900000.0,-1900000.0,0.7564102564102564,0.7564102564102564,142.82670977878448,0.0,0.0,0,0,0,0,0,0,0.0,0.0,0,0,UNKNOWN,UNKNOWN,UNKNOWN,OPEN_SEX,UNKNOWN,UNKNOWN,UNKNOWN,UNKNOWN,UNKNOWN,0,0,0,0,0,0,0,0.09860056979321852,4,1,0.0,200.0,0,1,0,V1_LIGHTGBM,LightGBM F_filter-a:近走着差・勝ち馬強度・フィールド強度・基礎能力
2026-07-04,2026-0704-02-01-07-01,2024106810,0,2026-07-04,函館,芝,1200,grade:unknown|condition:11,unknown,11,UNKNOWN,0,OPEN_SEX,UNKNOWN,0,0,0,5900000.0,2400000.0,1500000.0,11280000.0,15.59046307836746,16.238541892686666,0,0.0,0.0,0.0,0.0,0.09259259259259259,490.0,3.5,262.1,1,0,0,1,0,1,0,1,0,0,0.0,0.5,0.0,0.5,0.0,0.1111111111111111,0.05555555555555555,0.0,1.0,1.0,0.0,0,0.5,0.0,7,462.0,5,1,テイクケア,9,1,0,0.0,0,0.0,0,0,0,0,1,1,5,0,0,9.0,0.0,0.0,9.0,9.0,4.5,0.0,0.0,0.0,0.0,0.0,0.0,0.0,0.0,1000,0,0,grade:unknown|condition:11,unknown,unknown,1200,0.18333333333333335,0.0,0.0,0.11229166666666668,0.0,0.0,1.6500000000000001,0.0,0.0,0.18333333333333335,0.18333333333333335,0.09166666666666667,-8.816666666666666,0.18333333333333335,0.0,0.0,0.1466666666666667,0.0,0.0,0,7800000.0,0.0,0.0,7800000.0,0.0,0.0,0,0,0,0,0,0,0.3301742795488556,0.0,0.0,0.3301742795488556,0.0,0.0,0.0,0.0,0.0,0.0,0.0,0.0,0.3301742795488556,0.3301742795488556,0.1650871397744278,0.0,0.0,0.0,0.0,-0.0,-0.0,0.0,0.0,-0.0,0.0,0.0,0.0,0.0,0.0,0.3301742795488556,0.0,0.0,0.3301742795488556,0.3301742795488556,0.1650871397744278,-0.0,0.0,0.0,0.0,-0.0,0.0,2370,0.05347368421052632,0.09642105263157895,0.14905263157894738,-0.05118256395434351,-0.1003920153920154,0.0,0.0,1,1,1,7800000.0,0.0,0.0,15.86963441986494,0.0,0.0,7800000.0,7800000.0,3900000.0,-1900000.0,-1900000.0,0.7564102564102564,0.7564102564102564,142.82670977878448,0.0,0.0,0,0,0,0,0,0,0.0,0.0,0,0,UNKNOWN,UNKNOWN,UNKNOWN,OPEN_SEX,UNKNOWN,UNKNOWN,UNKNOWN,UNKNOWN,UNKNOWN,0,0,0,0,0,0,0,0.09764558604787454,5,1,0.0,0.0,0,0,0,V1_LIGHTGBM,LightGBM F_filter-a:近走着差・勝ち馬強度・フィールド強度・基礎能力
2026-07-04,2026-0704-02-01-07-01,2024104503,0,2026-07-04,函館,芝,1200,grade:unknown|condition:11,unknown,11,UNKNOWN,0,OPEN_SEX,UNKNOWN,0,0,0,5900000.0,2400000.0,1500000.0,11280000.0,15.59046307836746,16.238541892686666,0,0.0,0.0,0.0,0.0,0.09259259259259259,490.0,3.5,262.1,1,0,0,1,0,1,0,1,0,0,0.2920321352169241,0.5,0.0,0.5,0.0,0.8888888888888888,0.4444444444444444,0.0,1.0,1.0,0.0,0,0.5,0.0,9,1241.0,6,8,ゴートゥービッツン,9,1,0,0.0,0,0.0,0,0,0,0,1,1,7,0,0,12.0,0.0,0.0,12.0,12.0,6.0,0.0,0.0,0.0,0.0,0.0,0.0,0.0,0.0,1200,0,0,grade:unknown|condition:11,unknown,unknown,1200,0.18333333333333335,0.0,0.0,0.10816666666666667,0.0,0.0,2.2,0.0,0.0,0.18333333333333335,0.18333333333333335,0.09166666666666667,-11.816666666666666,0.18333333333333335,0.0,0.0,0.1466666666666667,0.0,0.0,0,7800000.0,0.0,0.0,7800000.0,0.0,0.0,0,0,0,0,0,0,0.2920321352169241,0.0,0.0,0.2920321352169241,0.0,0.0,0.0,0.0,0.0,0.0,0.0,0.0,0.2920321352169241,0.2920321352169241,0.14601606760846206,0.0,0.0,0.0,0.0,-0.0,-0.0,0.0,0.0,-0.0,0.0,0.0,0.0,0.0,0.0,0.2920321352169241,0.0,0.0,0.2920321352169241,0.2920321352169241,0.14601606760846206,-0.0,0.0,0.0,0.0,-0.0,0.0,511,0.013565891472868217,0.029069767441860465,0.0562015503875969,-0.1312981077413563,-0.1484035409035409,0.0,0.0,1,1,1,7800000.0,0.0,0.0,15.86963441986494,0.0,0.0,7800000.0,7800000.0,3900000.0,-1900000.0,-1900000.0,0.7564102564102564,0.7564102564102564,190.4356130383793,0.0,0.0,0,0,0,0,0,0,0.0,0.0,0,0,UNKNOWN,UNKNOWN,UNKNOWN,OPEN_SEX,UNKNOWN,UNKNOWN,UNKNOWN,UNKNOWN,UNKNOWN,0,0,0,0,0,0,0,0.07336072986095245,6,1,0.0,0.0,0,0,0,V1_LIGHTGBM,LightGBM F_filter-a:近走着差・勝ち馬強度・フィールド強度・基礎能力
2026-07-04,2026-0704-02-01-07-01,2024106919,0,2026-07-04,函館,芝,1200,grade:unknown|condition:11,unknown,11,UNKNOWN,0,OPEN_SEX,UNKNOWN,0,0,0,5900000.0,2400000.0,1500000.0,11280000.0,15.59046307836746,16.238541892686666,0,0.0,0.0,0.0,0.0,0.09259259259259259,490.0,3.5,262.1,1,0,0,1,0,1,0,1,0,0,0.31869638921271937,0.5,0.0,0.5,0.0,0.6666666666666666,0.3333333333333333,0.0,1.0,1.0,0.0,0,0.5,0.0,6,335.0,7,6,アズライトティアラ,9,1,0,0.0,0,0.0,0,0,0,0,1,1,4,0,0,16.0,0.0,0.0,16.0,16.0,8.0,0.0,0.0,0.0,0.0,0.0,0.0,0.0,0.0,1200,0,0,grade:unknown|condition:11,unknown,unknown,1200,0.18333333333333335,0.0,0.0,0.11916666666666668,0.0,0.0,2.9333333333333336,0.0,0.0,0.18333333333333335,0.18333333333333335,0.09166666666666667,-15.816666666666666,0.18333333333333335,0.0,0.0,0.1466666666666667,0.0,0.0,0,7800000.0,0.0,0.0,7800000.0,0.0,0.0,0,0,0,0,0,0,0.31869638921271937,0.0,0.0,0.31869638921271937,0.0,0.0,0.0,0.0,0.0,0.0,0.0,0.0,0.31869638921271937,0.31869638921271937,0.15934819460635968,0.0,0.0,0.0,0.0,-0.0,-0.0,0.0,0.0,-0.0,0.0,0.0,0.0,0.0,0.0,0.31869638921271937,0.0,0.0,0.31869638921271937,0.31869638921271937,0.15934819460635968,-0.0,0.0,0.0,0.0,-0.0,0.0,3101,0.04507405022537025,0.09304571796522859,0.1468126207340631,-0.057761764879487934,-0.10847633847633847,0.0,0.0,1,1,1,7800000.0,0.0,0.0,15.86963441986494,0.0,0.0,7800000.0,7800000.0,3900000.0,-1900000.0,-1900000.0,0.7564102564102564,0.7564102564102564,253.91415071783905,0.0,0.0,0,0,0,0,0,0,0.0,0.0,0,0,UNKNOWN,UNKNOWN,UNKNOWN,OPEN_SEX,UNKNOWN,UNKNOWN,UNKNOWN,UNKNOWN,UNKNOWN,0,0,0,0,0,0,0,0.0729073806483026,7,1,0.0,0.0,0,0,0,V1_LIGHTGBM,LightGBM F_filter-a:近走着差・勝ち馬強度・フィールド強度・基礎能力
2026-07-04,2026-0704-02-01-07-01,2024107158,0,2026-07-04,函館,芝,1200,grade:unknown|condition:11,unknown,11,UNKNOWN,0,OPEN_SEX,UNKNOWN,0,0,0,5900000.0,2400000.0,1500000.0,11280000.0,15.59046307836746,16.238541892686666,0,0.0,0.0,0.0,0.0,0.09259259259259259,490.0,3.5,262.1,1,0,0,1,0,1,0,1,0,0,0.0,0.5,0.0,0.5,0.0,1.0,0.5,0.0,1.0,1.0,0.0,0,0.5,0.0,8,1079.0,9,9,アイシテルヨナオミ,9,1,0,0.0,0,0.0,0,0,0,0,1,1,7,0,0,13.0,0.0,0.0,13.0,13.0,6.5,0.0,0.0,0.0,0.0,0.0,0.0,0.0,0.0,1000,0,0,grade:unknown|condition:11,unknown,unknown,1200,0.18333333333333335,0.0,0.0,0.11229166666666668,0.0,0.0,2.3833333333333337,0.0,0.0,0.18333333333333335,0.18333333333333335,0.09166666666666667,-12.816666666666666,0.18333333333333335,0.0,0.0,0.1466666666666667,0.0,0.0,0,7800000.0,0.0,0.0,7800000.0,0.0,0.0,0,0,0,0,0,0,0.21584010547326937,0.0,0.0,0.21584010547326937,0.0,0.0,0.0,0.0,0.0,0.0,0.0,0.0,0.21584010547326937,0.21584010547326937,0.10792005273663469,0.0,0.0,0.0,0.0,-0.0,-0.0,0.0,0.0,-0.0,0.0,0.0,0.0,0.0,0.0,0.21584010547326937,0.0,0.0,0.21584010547326937,0.21584010547326937,0.10792005273663469,-0.0,0.0,0.0,0.0,-0.0,0.0,8937,0.09125475285171103,0.17859539252963544,0.2574368150301946,0.02510781273640895,0.01789021164021164,0.0,0.0,1,1,1,7800000.0,0.0,0.0,15.86963441986494,0.0,0.0,7800000.0,7800000.0,3900000.0,-1900000.0,-1900000.0,0.7564102564102564,0.7564102564102564,206.30524745824422,0.0,0.0,0,0,0,0,0,0,0.0,0.0,0,0,UNKNOWN,UNKNOWN,UNKNOWN,OPEN_SEX,UNKNOWN,UNKNOWN,UNKNOWN,UNKNOWN,UNKNOWN,0,0,0,0,0,0,0,0.06559853878751933,8,1,0.0,0.0,0,0,0,V1_LIGHTGBM,LightGBM F_filter-a:近走着差・勝ち馬強度・フィールド強度・基礎能力
2026-07-04,2026-0704-02-01-07-01,2024107000,0,2026-07-04,函館,芝,1200,grade:unknown|condition:11,unknown,11,UNKNOWN,0,OPEN_SEX,UNKNOWN,0,0,0,5900000.0,2400000.0,1500000.0,11280000.0,15.59046307836746,16.238541892686666,0,0.0,0.0,0.0,0.0,0.09259259259259259,490.0,3.5,262.1,1,0,0,1,0,1,0,1,0,0,0.0,0.5,0.0,0.5,0.0,0.4444444444444444,0.2222222222222222,0.0,1.0,1.0,0.0,0,0.5,0.0,5,303.0,8,4,イチゴワタアメ,9,1,0,0.0,0,0.0,0,0,0,0,1,1,7,0,0,33.0,0.0,0.0,33.0,33.0,16.5,0.0,0.0,0.0,0.0,0.0,0.0,0.0,0.0,1000,0,0,grade:unknown|condition:11,unknown,unknown,1200,0.18333333333333335,0.0,0.0,0.10666666666666667,0.0,0.0,6.050000000000001,0.0,0.0,0.18333333333333335,0.18333333333333335,0.09166666666666667,-32.81666666666667,0.18333333333333335,0.0,0.0,0.1466666666666667,0.0,0.0,0,7800000.0,0.0,0.0,7800000.0,0.0,0.0,0,0,0,0,0,0,0.31869634419865134,0.0,0.0,0.31869634419865134,0.0,0.0,0.0,0.0,0.0,0.0,0.0,0.0,0.31869634419865134,0.31869634419865134,0.15934817209932567,0.0,0.0,0.0,0.0,-0.0,-0.0,0.0,0.0,-0.0,0.0,0.0,0.0,0.0,0.0,0.31869634419865134,0.0,0.0,0.31869634419865134,0.31869634419865134,0.15934817209932567,-0.0,0.0,0.0,0.0,-0.0,0.0,1222,0.07171964140179299,0.1361043194784026,0.20048899755501223,-0.013198169004706026,0.031111249861249857,0.0,0.0,1,1,1,7800000.0,0.0,0.0,15.86963441986494,0.0,0.0,7800000.0,7800000.0,3900000.0,-1900000.0,-1900000.0,0.7564102564102564,0.7564102564102564,523.697935855543,0.0,0.0,0,0,0,0,0,0,0.0,0.0,0,0,UNKNOWN,UNKNOWN,UNKNOWN,OPEN_SEX,UNKNOWN,UNKNOWN,UNKNOWN,UNKNOWN,UNKNOWN,0,0,0,0,0,0,0,0.04661805084692487,9,1,0.0,0.0,0,0,0,V1_LIGHTGBM,LightGBM F_filter-a:近走着差・勝ち馬強度・フィールド強度・基礎能力
2026-07-04,2026-0704-02-01-07-02,2023106148,0,2026-07-04,函館,芝,1800,grade:unknown|condition:12,unknown,12,UNKNOWN,0,OPEN_SEX,UNKNOWN,0,0,0,5800000.0,2300000.0,1500000.0,11050000.0,15.573368647930426,16.21794107642577,8,0.2791666666666667,0.19916666666666671,0.2236111111111111,0.2302777777777777,0.3020833333333333,275.0,3.5,262.1,0,1,0,1,0,1,0,1,0,0,0.0,0.8181818181818181,0.0,0.8181818181818181,0.0,0.0625,0.05113636363636363,0.0625,1.0,0.9375,0.0,1,0.5198863636363636,0.07701955518026112,5,106.0,4,1,ヒメヒオウギ,16,1,0,0.0,1,1.0,0,1,0,1,0,1,2,0,0,2.0,0.0,0.0,2.0,2.0,1.0,0.0,0.0,0.0,0.0,0.0,0.0,0.0,0.0,1800,0,0,grade:unknown|condition:11,unknown,unknown,1800,0.1625,0.0,0.0,0.10749007936507937,0.0,0.0,0.325,0.0,0.0,0.1625,0.1625,0.08125,-1.8375,0.18,0.0,0.0,0.15694444444444444,0.0,0.0,0,11100000.0,0.0,0.0,9900000.0,0.0,0.0,0,0,0,0,0,0,0.5760746140494073,0.0,0.0,0.5587278509640079,0.0,0.0,0.2954545454545454,0.0,0.0,0.23484848484848486,0.0,0.0,0.5587278509640079,0.5587278509640079,0.27936392548200395,-0.017346763085399397,0.0,0.0,-0.017346763085399397,-0.0693870523415978,-0.0693870523415978,0.0,0.0,-0.0693870523415978,0.0,0.0,0.0693870523415978,0.0,0.0,0.5587278509640079,0.0,0.0,0.5587278509640079,0.5587278509640079,0.27936392548200395,-0.0693870523415978,0.23484848484848486,0.0,0.0,-0.2954545454545454,-0.016326225820239192,1163,0.02482876712328767,0.05650684931506849,0.09674657534246575,-0.10857624320334859,0.0027242202242202234,0.0,0.0,1,1,1,7500000.0,0.0,0.0,15.830413711839864,0.0,0.0,7500000.0,7500000.0,3750000.0,-1700000.0,-1700000.0,0.7733333333333333,0.7733333333333333,31.660827423679727,0.0,0.0,0,0,0,0,0,0,0.0,0.0,0,0,UNKNOWN,UNKNOWN,UNKNOWN,OPEN_SEX,UNKNOWN,UNKNOWN,UNKNOWN,UNKNOWN,UNKNOWN,0,0,0,0,0,0,0,0.14039255588008603,1,2,0.0,0.0,0,0,1,V1_LIGHTGBM,LightGBM F_filter-a:近走着差・勝ち馬強度・フィールド強度・基礎能力
2026-07-04,2026-0704-02-01-07-02,2023106476,0,2026-07-04,函館,芝,1800,grade:unknown|condition:12,unknown,12,UNKNOWN,0,OPEN_SEX,UNKNOWN,0,0,0,5800000.0,2300000.0,1500000.0,11050000.0,15.573368647930426,16.21794107642577,16,0.2791666666666667,0.19916666666666671,0.2236111111111111,0.2302777777777777,0.3020833333333333,275.0,3.5,262.1,0,1,0,1,0,1,0,1,0,0,0.0,0.5,0.0,0.5,0.0,0.5,0.25,0.0625,1.0,0.9375,0.0,1,0.5198863636363636,0.07701955518026112,14,1709.0,15,8,マイネルディザイア,16,1,0,0.0,0,0.0,0,0,0,0,0,1,4,0,0,2.0,0.0,0.0,2.0,2.0,1.0,0.0,0.0,0.0,0.0,0.0,0.0,0.0,0.0,1800,0,0,grade:unknown|condition:11,unknown,unknown,1800,0.17454545454545456,0.0,0.0,0.11139818514818516,0.0,0.0,0.3490909090909091,0.0,0.0,0.17454545454545456,0.17454545454545456,0.08727272727272728,-1.8254545454545454,0.18,0.0,0.0,0.16693181818181818,0.0,0.0,0,150000000.0,0.0,0.0,49016666.666666664,0.0,0.0,8,0,0,0,0,0,0.5124382504130438,0.0,0.0,0.5124382504130438,0.0,0.0,0.0,0.0,0.0,0.0,0.0,0.0,0.5124382504130438,0.5124382504130438,0.2562191252065219,0.0,0.0,0.0,0.0,-0.0,-0.0,0.0,0.0,-0.0,0.0,0.0,0.0,0.0,0.0,0.5124382504130438,0.0,0.0,0.5124382504130438,0.5124382504130438,0.2562191252065219,-0.0,0.0,0.0,0.0,-0.0,0.0,9923,0.05660757453666398,0.13205076551168413,0.20950846091861403,0.016870974463184443,0.14604858104858104,0.0,0.0,1,1,1,7500000.0,0.0,0.0,15.830413711839864,0.0,0.0,7500000.0,7500000.0,3750000.0,-1700000.0,-1700000.0,0.7733333333333333,0.7733333333333333,31.660827423679727,0.0,0.0,0,0,0,0,0,0,0.0,0.0,0,0,UNKNOWN,UNKNOWN,UNKNOWN,OPEN_SEX,UNKNOWN,UNKNOWN,UNKNOWN,UNKNOWN,UNKNOWN,0,0,0,0,0,0,0,0.1228054517127505,2,2,0.0,0.0,0,0,0,V1_LIGHTGBM,LightGBM F_filter-a:近走着差・勝ち馬強度・フィールド強度・基礎能力
2026-07-04,2026-0704-02-01-07-02,2023110027,0,2026-07-04,函館,芝,1800,grade:unknown|condition:12,unknown,12,UNKNOWN,0,OPEN_SEX,UNKNOWN,0,0,0,5800000.0,2300000.0,1500000.0,11050000.0,15.573368647930426,16.21794107642577,12,0.2791666666666667,0.19916666666666671,0.2236111111111111,0.2302777777777777,0.3020833333333333,275.0,3.5,262.1,0,1,0,1,0,1,0,1,0,0,0.0,0.5,0.0,0.5,0.0,0.375,0.1875,0.0625,1.0,0.9375,0.0,1,0.5198863636363636,0.07701955518026112,16,2389.0,14,6,アウェイクネス,16,1,0,0.0,0,0.0,0,0,0,0,0,1,4,0,0,5.0,0.0,0.0,5.0,5.0,2.5,0.0,0.0,0.0,0.0,0.0,0.0,0.0,0.0,1400,0,0,grade:unknown|condition:11,unknown,unknown,1800,0.14545454545454548,0.0,0.0,0.0966621572871573,0.0,0.0,0.7272727272727274,0.0,0.0,0.14545454545454548,0.14545454545454548,0.07272727272727274,-4.8545454545454545,0.14545454545454548,0.0,0.0,0.13404040404040407,0.0,0.0,0,41000000.0,0.0,0.0,14516666.666666666,0.0,0.0,6,0,0,0,0,0,0.4904110806239152,0.0,0.0,0.4904110806239152,0.0,0.0,0.0,0.0,0.0,0.0,0.0,0.0,0.4904110806239152,0.4904110806239152,0.2452055403119576,0.0,0.0,0.0,0.0,-0.0,-0.0,0.0,0.0,-0.0,0.0,0.0,0.0,0.0,0.0,0.4904110806239152,0.0,0.0,0.4904110806239152,0.4904110806239152,0.2452055403119576,-0.0,0.0,0.0,0.0,-0.0,0.0,1019,0.033203125,0.0869140625,0.13671875,-0.08627787014758084,-0.1504042254042254,0.0,0.0,1,1,1,7500000.0,0.0,0.0,15.830413711839864,0.0,0.0,7500000.0,7500000.0,3750000.0,-1700000.0,-1700000.0,0.7733333333333333,0.7733333333333333,79.15206855919932,0.0,0.0,0,0,0,0,0,0,0.0,0.0,0,0,UNKNOWN,UNKNOWN,UNKNOWN,OPEN_SEX,UNKNOWN,UNKNOWN,UNKNOWN,UNKNOWN,UNKNOWN,0,0,0,0,0,0,0,0.08843886486470674,3,2,0.0,0.0,0,0,0,V1_LIGHTGBM,LightGBM F_filter-a:近走着差・勝ち馬強度・フィールド強度・基礎能力
2026-07-04,2026-0704-02-01-07-02,2023104679,0,2026-07-04,函館,芝,1800,grade:unknown|condition:12,unknown,12,UNKNOWN,0,OPEN_SEX,UNKNOWN,0,0,0,5800000.0,2300000.0,1500000.0,11050000.0,15.573368647930426,16.21794107642577,8,0.2791666666666667,0.19916666666666671,0.2236111111111111,0.2302777777777777,0.3020833333333333,275.0,3.5,262.1,0,1,0,1,0,1,0,1,0,0,0.0,0.5,0.0,0.5,0.0,0.6875,0.34375,0.0625,1.0,0.9375,0.0,1,0.5198863636363636,0.07701955518026112,13,1104.0,8,11,タイセイルビー,16,1,0,0.0,0,0.0,0,0,0,0,0,1,6,0,0,8.0,0.0,0.0,8.0,8.0,4.0,0.0,0.0,0.0,0.0,0.0,0.0,0.0,0.0,1800,0,0,grade:unknown|condition:11,unknown,unknown,1800,0.18666666666666665,0.0,0.0,0.10939980158730159,0.0,0.0,1.4933333333333332,0.0,0.0,0.18666666666666665,0.18666666666666665,0.09333333333333332,-7.8133333333333335,0.18666666666666665,0.0,0.0,0.16458333333333333,0.0,0.0,0,11400000.0,0.0,0.0,9550000.0,0.0,0.0,0,0,0,0,0,0,0.3766201403513778,0.0,0.0,0.3766201403513778,0.0,0.0,0.0,0.0,0.0,0.0,0.0,0.0,0.3766201403513778,0.3766201403513778,0.1883100701756889,0.0,0.0,0.0,0.0,-0.0,-0.0,0.0,0.0,-0.0,0.0,0.0,0.0,0.0,0.0,0.3766201403513778,0.0,0.0,0.3766201403513778,0.3766201403513778,0.1883100701756889,-0.0,0.0,0.0,0.0,-0.0,0.0,8070,0.07826625386996904,0.1629721362229102,0.24693498452012383,0.03241051736650902,0.13562863062863062,0.0,0.0,1,1,1,7500000.0,0.0,0.0,15.830413711839864,0.0,0.0,7500000.0,7500000.0,3750000.0,-1700000.0,-1700000.0,0.7733333333333333,0.7733333333333333,126.64330969471891,0.0,0.0,0,0,0,0,0,0,0.0,0.0,0,0,UNKNOWN,UNKNOWN,UNKNOWN,OPEN_SEX,UNKNOWN,UNKNOWN,UNKNOWN,UNKNOWN,UNKNOWN,0,0,0,0,0,0,0,0.07734409104637581,4,2,0.0,0.0,0,0,0,V1_LIGHTGBM,LightGBM F_filter-a:近走着差・勝ち馬強度・フィールド強度・基礎能力
2026-07-04,2026-0704-02-01-07-02,2023103372,0,2026-07-04,函館,芝,1800,grade:unknown|condition:12,unknown,12,UNKNOWN,0,OPEN_SEX,UNKNOWN,0,0,0,5800000.0,2300000.0,1500000.0,11050000.0,15.573368647930426,16.21794107642577,1,0.2791666666666667,0.19916666666666671,0.2236111111111111,0.2302777777777777,0.3020833333333333,275.0,3.5,262.1,0,1,0,1,0,1,0,1,0,0,0.0,0.5,0.0,0.5,0.0,0.8125,0.40625,0.0625,1.0,0.9375,0.0,1,0.5198863636363636,0.07701955518026112,6,130.0,7,13,ユマハム,16,1,0,0.0,0,0.0,0,0,0,0,0,1,5,0,0,27.0,0.0,0.0,27.0,27.0,13.5,0.0,0.0,0.0,0.0,0.0,0.0,0.0,0.0,1600,0,0,grade:unknown|condition:11,unknown,unknown,1800,0.32000000000000006,0.0,0.0,0.12494215506715507,0.0,0.0,8.640000000000002,0.0,0.0,0.32000000000000006,0.32000000000000006,0.16000000000000003,-26.68,0.32000000000000006,0.0,0.0,0.20919871794871797,0.0,0.0,0,300000000.0,0.0,0.0,108250000.0,0.0,0.0,8,0,0,6,0,0,0.3805263593413727,0.0,0.0,0.3805263593413727,0.0,0.0,0.0,0.0,0.0,0.0,0.0,0.0,0.3805263593413727,0.3805263593413727,0.19026317967068634,0.0,0.0,0.0,0.0,-0.0,-0.0,0.0,0.0,-0.0,0.0,0.0,0.0,0.0,0.0,0.3805263593413727,0.0,0.0,0.3805263593413727,0.3805263593413727,0.19026317967068634,-0.0,0.0,0.0,0.0,-0.0,0.0,648,0.08575803981623277,0.15773353751914243,0.23889739663093415,0.0018217931003878841,-0.04825216450216451,0.0,0.0,1,1,1,7500000.0,0.0,0.0,15.830413711839864,0.0,0.0,7500000.0,7500000.0,3750000.0,-1700000.0,-1700000.0,0.7733333333333333,0.7733333333333333,427.4211702196763,0.0,0.0,0,0,0,0,0,0,0.0,0.0,0,0,UNKNOWN,UNKNOWN,UNKNOWN,OPEN_SEX,UNKNOWN,UNKNOWN,UNKNOWN,UNKNOWN,UNKNOWN,0,0,0,0,0,0,0,0.06687719291014663,5,2,0.0,0.0,0,0,0,V1_LIGHTGBM,LightGBM F_filter-a:近走着差・勝ち馬強度・フィールド強度・基礎能力
2026-07-04,2026-0704-02-01-07-02,2023103333,0,2026-07-04,函館,芝,1800,grade:unknown|condition:12,unknown,12,UNKNOWN,0,OPEN_SEX,UNKNOWN,0,0,0,5800000.0,2300000.0,1500000.0,11050000.0,15.573368647930426,16.21794107642577,12,0.2791666666666667,0.19916666666666671,0.2236111111111111,0.2302777777777777,0.3020833333333333,275.0,3.5,262.1,0,1,0,1,0,1,0,1,0,0,0.0,0.5,0.0,0.5,0.0,0.4375,0.21875,0.0625,1.0,0.9375,0.0,1,0.5198863636363636,0.07701955518026112,9,664.0,11,7,スワトウ,16,1,0,0.0,0,0.0,0,0,0,0,0,1,7,0,0,10.0,0.0,0.0,10.0,10.0,5.0,0.0,0.0,0.0,0.0,0.0,0.0,0.0,0.0,1400,0,0,grade:unknown|condition:11,unknown,unknown,1800,0.2630769230769231,0.0,0.0,0.13971672771672772,0.0,0.0,2.630769230769231,0.0,0.0,0.2630769230769231,0.2630769230769231,0.13153846153846155,-9.736923076923077,0.2955555555555555,0.0,0.0,0.2415954415954416,0.0,0.0,0,140000000.0,0.0,0.0,33987500.0,0.0,0.0,8,0,0,0,0,0,0.29165563042363696,0.0,0.0,0.29165563042363696,0.0,0.0,0.0,0.0,0.0,0.0,0.0,0.0,0.29165563042363696,0.29165563042363696,0.14582781521181848,0.0,0.0,0.0,0.0,-0.0,-0.0,0.0,0.0,-0.0,0.0,0.0,0.0,0.0,0.0,0.29165563042363696,0.0,0.0,0.29165563042363696,0.29165563042363696,0.14582781521181848,-0.0,0.0,0.0,0.0,-0.0,0.0,534,0.03153988868274583,0.061224489795918366,0.11873840445269017,-0.0816062532850372,-0.030464230758348407,0.0,0.0,1,1,1,7500000.0,0.0,0.0,15.830413711839864,0.0,0.0,7500000.0,7500000.0,3750000.0,-1700000.0,-1700000.0,0.7733333333333333,0.7733333333333333,158.30413711839864,0.0,0.0,0,0,0,0,0,0,0.0,0.0,0,0,UNKNOWN,UNKNOWN,UNKNOWN,OPEN_SEX,UNKNOWN,UNKNOWN,UNKNOWN,UNKNOWN,UNKNOWN,0,0,0,0,0,0,0,0.06099000759498046,6,2,0.0,0.0,0,0,0,V1_LIGHTGBM,LightGBM F_filter-a:近走着差・勝ち馬強度・フィールド強度・基礎能力
2026-07-04,2026-0704-02-01-07-02,2023101938,0,2026-07-04,函館,芝,1800,grade:unknown|condition:12,unknown,12,UNKNOWN,0,OPEN_SEX,UNKNOWN,0,0,0,5800000.0,2300000.0,1500000.0,11050000.0,15.573368647930426,16.21794107642577,14,0.2791666666666667,0.19916666666666671,0.2236111111111111,0.2302777777777777,0.3020833333333333,275.0,3.5,262.1,0,1,0,1,0,1,0,1,0,0,0.0,0.5,0.0,0.5,0.0,0.75,0.375,0.0625,1.0,0.9375,0.0,1,0.5198863636363636,0.07701955518026112,3,61.0,12,12,メイショウローゼ,16,0,0,0.0,0,0.0,0.0,0.0,0.0,0.0,0,0,0,0,0,0.0,0.0,0.0,0.0,0.0,0,0.0,0.0,0.0,0.0,0.0,0.0,0.0,0.0,0,0,0,unknown,unknown,unknown,1800,0.0,0.0,0.0,0.0,0.0,0.0,0.0,0.0,0.0,0.0,0.0,0,0.0,0.0,0.0,0.0,0.0,0.0,0.0,0,0.0,0.0,0.0,0.0,0.0,0.0,0,0,0,0,0,0,0.0,0.0,0.0,0.0,0.0,0.0,0.0,0.0,0.0,0.0,0.0,0.0,0.0,0.0,0,0.0,0.0,0.0,0.0,0.0,0.0,0.0,0.0,0.0,0.0,0.0,0.0,0.0,0.0,0.0,0.0,0.0,0.0,0.0,0,0.0,0.0,0.0,0.0,0.0,0.0,8938,0.09124454880912446,0.17857542211785754,0.2574080286257408,0.025105003627801162,0.01789021164021164,0.0,0.0,0,0,0,0.0,0.0,0.0,0.0,0.0,0.0,0.0,0.0,0,0.0,0.0,1.0,1.0,0.0,0.0,0.0,0,0,0,0,0,0,0,0,0,0,UNKNOWN,UNKNOWN,UNKNOWN,UNKNOWN,UNKNOWN,UNKNOWN,UNKNOWN,UNKNOWN,UNKNOWN,0,0,0,0,0,0,0,0.052770212242729854,7,2,0.0,0.0,0,0,0,V1_LIGHTGBM,LightGBM F_filter-a:近走着差・勝ち馬強度・フィールド強度・基礎能力
2026-07-04,2026-0704-02-01-07-02,2023101812,0,2026-07-04,函館,芝,1800,grade:unknown|condition:12,unknown,12,UNKNOWN,0,OPEN_SEX,UNKNOWN,0,0,0,5800000.0,2300000.0,1500000.0,11050000.0,15.573368647930426,16.21794107642577,10,0.2791666666666667,0.19916666666666671,0.2236111111111111,0.2302777777777777,0.3020833333333333,275.0,3.5,262.1,0,1,0,1,0,1,0,1,0,0,0.0,0.5,0.0,0.5,0.0,0.125,0.0625,0.0625,1.0,0.9375,0.0,1,0.5198863636363636,0.07701955518026112,11,823.0,13,2,デイズインザサン,16,0,0,0.0,0,0.0,0.0,0.0,0.0,0.0,0,0,0,0,0,0.0,0.0,0.0,0.0,0.0,0,0.0,0.0,0.0,0.0,0.0,0.0,0.0,0.0,0,0,0,unknown,unknown,unknown,1800,0.0,0.0,0.0,0.0,0.0,0.0,0.0,0.0,0.0,0.0,0.0,0,0.0,0.0,0.0,0.0,0.0,0.0,0.0,0,0.0,0.0,0.0,0.0,0.0,0.0,0,0,0,0,0,0,0.0,0.0,0.0,0.0,0.0,0.0,0.0,0.0,0.0,0.0,0.0,0.0,0.0,0.0,0,0.0,0.0,0.0,0.0,0.0,0.0,0.0,0.0,0.0,0.0,0.0,0.0,0.0,0.0,0.0,0.0,0.0,0.0,0.0,0,0.0,0.0,0.0,0.0,0.0,0.0,399,0.01485148514851485,0.034653465346534656,0.054455445544554455,-0.14062888272308877,0.017375541125541124,0.0,0.0,0,0,0,0.0,0.0,0.0,0.0,0.0,0.0,0.0,0.0,0,0.0,0.0,1.0,1.0,0.0,0.0,0.0,0,0,0,0,0,0,0,0,0,0,UNKNOWN,UNKNOWN,UNKNOWN,UNKNOWN,UNKNOWN,UNKNOWN,UNKNOWN,UNKNOWN,UNKNOWN,0,0,0,0,0,0,0,0.05261488066547029,8,2,0.0,0.0,0,0,0,V1_LIGHTGBM,LightGBM F_filter-a:近走着差・勝ち馬強度・フィールド強度・基礎能力
2026-07-04,2026-0704-02-01-07-02,2023104216,0,2026-07-04,函館,芝,1800,grade:unknown|condition:12,unknown,12,UNKNOWN,0,OPEN_SEX,UNKNOWN,0,0,0,5800000.0,2300000.0,1500000.0,11050000.0,15.573368647930426,16.21794107642577,6,0.2791666666666667,0.19916666666666671,0.2236111111111111,0.2302777777777777,0.3020833333333333,275.0,3.5,262.1,0,1,0,1,0,1,0,1,0,0,0.0,0.5,0.0,0.5,0.0,0.3125,0.15625,0.0625,1.0,0.9375,0.0,1,0.5198863636363636,0.07701955518026112,2,48.0,3,5,コワンニシタガウ,16,0,0,0.0,0,0.0,0.0,0.0,0.0,0.0,0,0,0,0,0,0.0,0.0,0.0,0.0,0.0,0,0.0,0.0,0.0,0.0,0.0,0.0,0.0,0.0,0,0,0,unknown,unknown,unknown,1800,0.0,0.0,0.0,0.0,0.0,0.0,0.0,0.0,0.0,0.0,0.0,0,0.0,0.0,0.0,0.0,0.0,0.0,0.0,0,0.0,0.0,0.0,0.0,0.0,0.0,0,0,0,0,0,0,0.0,0.0,0.0,0.0,0.0,0.0,0.0,0.0,0.0,0.0,0.0,0.0,0.0,0.0,0,0.0,0.0,0.0,0.0,0.0,0.0,0.0,0.0,0.0,0.0,0.0,0.0,0.0,0.0,0.0,0.0,0.0,0.0,0.0,0,0.0,0.0,0.0,0.0,0.0,0.0,8853,0.13829306841273425,0.2633777376382931,0.36712576202303004,0.07543432924559942,0.1734729649435532,0.0,0.0,0,0,0,0.0,0.0,0.0,0.0,0.0,0.0,0.0,0.0,0,0.0,0.0,1.0,1.0,0.0,0.0,0.0,0,0,0,0,0,0,0,0,0,0,UNKNOWN,UNKNOWN,UNKNOWN,UNKNOWN,UNKNOWN,UNKNOWN,UNKNOWN,UNKNOWN,UNKNOWN,0,0,0,0,0,0,0,0.05261488066547029,9,2,0.0,150.0,0,1,0,V1_LIGHTGBM,LightGBM F_filter-a:近走着差・勝ち馬強度・フィールド強度・基礎能力
2026-07-04,2026-0704-02-01-07-02,2023105537,0,2026-07-04,函館,芝,1800,grade:unknown|condition:12,unknown,12,UNKNOWN,0,OPEN_SEX,UNKNOWN,0,0,0,5800000.0,2300000.0,1500000.0,11050000.0,15.573368647930426,16.21794107642577,6,0.2791666666666667,0.19916666666666671,0.2236111111111111,0.2302777777777777,0.3020833333333333,275.0,3.5,262.1,0,1,0,1,0,1,0,1,0,0,0.0,0.5,0.0,0.5,0.0,0.9375,0.46875,0.0625,1.0,0.9375,0.0,1,0.5198863636363636,0.07701955518026112,12,869.0,5,15,エイシンリーガル,16,0,0,0.0,0,0.0,0.0,0.0,0.0,0.0,0,0,0,0,0,0.0,0.0,0.0,0.0,0.0,0,0.0,0.0,0.0,0.0,0.0,0.0,0.0,0.0,0,0,0,unknown,unknown,unknown,1800,0.0,0.0,0.0,0.0,0.0,0.0,0.0,0.0,0.0,0.0,0.0,0,0.0,0.0,0.0,0.0,0.0,0.0,0.0,0,0.0,0.0,0.0,0.0,0.0,0.0,0,0,0,0,0,0,0.0,0.0,0.0,0.0,0.0,0.0,0.0,0.0,0.0,0.0,0.0,0.0,0.0,0.0,0,0.0,0.0,0.0,0.0,0.0,0.0,0.0,0.0,0.0,0.0,0.0,0.0,0.0,0.0,0.0,0.0,0.0,0.0,0.0,0,0.0,0.0,0.0,0.0,0.0,0.0,1921,0.0514018691588785,0.0976116303219107,0.1505711318795431,-0.036779042221213865,0.08111198986198986,0.0,0.0,0,0,0,0.0,0.0,0.0,0.0,0.0,0.0,0.0,0.0,0,0.0,0.0,1.0,1.0,0.0,0.0,0.0,0,0,0,0,0,0,0,0,0,0,UNKNOWN,UNKNOWN,UNKNOWN,UNKNOWN,UNKNOWN,UNKNOWN,UNKNOWN,UNKNOWN,UNKNOWN,0,0,0,0,0,0,0,0.05256302250525757,10,2,0.0,0.0,0,0,0,V1_LIGHTGBM,LightGBM F_filter-a:近走着差・勝ち馬強度・フィールド強度・基礎能力
2026-07-04,2026-0704-02-01-07-02,2023101598,0,2026-07-04,函館,芝,1800,grade:unknown|condition:12,unknown,12,UNKNOWN,0,OPEN_SEX,UNKNOWN,0,0,0,5800000.0,2300000.0,1500000.0,11050000.0,15.573368647930426,16.21794107642577,4,0.2791666666666667,0.19916666666666671,0.2236111111111111,0.2302777777777777,0.3020833333333333,275.0,3.5,262.1,0,1,0,1,0,1,0,1,0,0,0.0,0.5,0.0,0.5,0.0,0.25,0.125,0.0625,1.0,0.9375,0.0,1,0.5198863636363636,0.07701955518026112,15,1957.0,10,4,ホウショウリュウ,16,1,0,0.0,0,0.0,0,0,0,0,0,1,8,0,0,16.0,0.0,0.0,16.0,16.0,8.0,0.0,0.0,0.0,0.0,0.0,0.0,0.0,0.0,1600,0,0,grade:unknown|condition:11,unknown,unknown,1800,0.1714285714285714,0.0,0.0,0.10682043650793652,0.0,0.0,2.7428571428571424,0.0,0.0,0.1714285714285714,0.1714285714285714,0.0857142857142857,-15.82857142857143,0.1714285714285714,0.0,0.0,0.14492063492063492,0.0,0.0,0,11400000.0,0.0,0.0,9450000.0,0.0,0.0,0,0,0,0,0,0,0.303758727587014,0.0,0.0,0.303758727587014,0.0,0.0,0.0,0.0,0.0,0.0,0.0,0.0,0.303758727587014,0.303758727587014,0.151879363793507,0.0,0.0,0.0,0.0,-0.0,-0.0,0.0,0.0,-0.0,0.0,0.0,0.0,0.0,0.0,0.303758727587014,0.0,0.0,0.303758727587014,0.303758727587014,0.151879363793507,-0.0,0.0,0.0,0.0,-0.0,0.0,10072,0.1021137243227151,0.2042274486454302,0.3087228341768383,0.0688911595472593,-0.0908387445887446,0.0,0.0,1,1,1,7500000.0,0.0,0.0,15.830413711839864,0.0,0.0,7500000.0,7500000.0,3750000.0,-1700000.0,-1700000.0,0.7733333333333333,0.7733333333333333,253.28661938943782,0.0,0.0,0,0,0,0,0,0,0.0,0.0,0,0,UNKNOWN,UNKNOWN,UNKNOWN,OPEN_SEX,UNKNOWN,UNKNOWN,UNKNOWN,UNKNOWN,UNKNOWN,0,0,0,0,0,0,0,0.04964481654060198,11,2,0.0,0.0,0,0,0,V1_LIGHTGBM,LightGBM F_filter-a:近走着差・勝ち馬強度・フィールド強度・基礎能力
2026-07-04,2026-0704-02-01-07-02,2023106285,0,2026-07-04,函館,芝,1800,grade:unknown|condition:12,unknown,12,UNKNOWN,0,OPEN_SEX,UNKNOWN,0,0,0,5800000.0,2300000.0,1500000.0,11050000.0,15.573368647930426,16.21794107642577,3,0.2791666666666667,0.19916666666666671,0.2236111111111111,0.2302777777777777,0.3020833333333333,275.0,3.5,262.1,0,1,0,1,0,1,0,1,0,0,0.0,0.5,0.0,0.5,0.0,0.625,0.3125,0.0625,1.0,0.9375,0.0,1,0.5198863636363636,0.07701955518026112,7,172.0,6,10,ボーントゥラブユー,16,1,0,0.0,0,0.0,0,0,0,0,0,1,9,0,0,13.0,0.0,0.0,13.0,13.0,6.5,0.0,0.0,0.0,0.0,0.0,0.0,0.0,0.0,1600,0,0,grade:unknown|condition:11,unknown,unknown,1800,0.15000000000000002,0.0,0.0,0.1076388888888889,0.0,0.0,1.9500000000000002,0.0,0.0,0.15000000000000002,0.15000000000000002,0.07500000000000001,-12.85,0.16000000000000003,0.0,0.0,0.14611111111111114,0.0,0.0,0,38000000.0,0.0,0.0,23320000.0,0.0,0.0,6,0,0,0,0,0,0.2673959503410705,0.0,0.0,0.2673959503410705,0.0,0.0,0.0,0.0,0.0,0.0,0.0,0.0,0.2673959503410705,0.2673959503410705,0.13369797517053525,0.0,0.0,0.0,0.0,-0.0,-0.0,0.0,0.0,-0.0,0.0,0.0,0.0,0.0,0.0,0.2673959503410705,0.0,0.0,0.2673959503410705,0.2673959503410705,0.13369797517053525,-0.0,0.0,0.0,0.0,-0.0,0.0,2371,0.05345117845117845,0.09638047138047139,0.14898989898989898,-0.05134842725273663,-0.12354016354016353,0.0,0.0,1,1,1,7500000.0,0.0,0.0,15.830413711839864,0.0,0.0,7500000.0,7500000.0,3750000.0,-1700000.0,-1700000.0,0.7733333333333333,0.7733333333333333,205.79537825391822,0.0,0.0,0,0,0,0,0,0,0.0,0.0,0,0,UNKNOWN,UNKNOWN,UNKNOWN,OPEN_SEX,UNKNOWN,UNKNOWN,UNKNOWN,UNKNOWN,UNKNOWN,0,0,0,0,0,0,0,0.04957801469057619,12,2,0.0,0.0,0,0,0,V1_LIGHTGBM,LightGBM F_filter-a:近走着差・勝ち馬強度・フィールド強度・基礎能力
2026-07-04,2026-0704-02-01-07-02,2023106438,0,2026-07-04,函館,芝,1800,grade:unknown|condition:12,unknown,12,UNKNOWN,0,OPEN_SEX,UNKNOWN,0,0,0,5800000.0,2300000.0,1500000.0,11050000.0,15.573368647930426,16.21794107642577,2,0.2791666666666667,0.19916666666666671,0.2236111111111111,0.2302777777777777,0.3020833333333333,275.0,3.5,262.1,0,1,0,1,0,1,0,1,0,0,0.0,0.5,0.0,0.5,0.0,0.1875,0.09375,0.0625,1.0,0.9375,0.0,1,0.5198863636363636,0.07701955518026112,1,21.0,2,3,トリニタリオ,16,1,0,0.0,0,0.0,0,0,0,0,0,1,11,0,0,26.0,0.0,0.0,26.0,26.0,13.0,0.0,0.0,0.0,0.0,0.0,0.0,0.0,0.0,1800,0,0,grade:unknown|condition:11,unknown,unknown,1800,0.31111111111111106,0.0,0.0,0.12351851851851853,0.0,0.0,8.088888888888887,0.0,0.0,0.31111111111111106,0.31111111111111106,0.15555555555555553,-25.68888888888889,0.31111111111111106,0.0,0.0,0.21907407407407406,0.0,0.0,0,54000000.0,0.0,0.0,21375000.0,0.0,0.0,7,0,0,0,0,0,0.19466777348407865,0.0,0.0,0.19466777348407865,0.0,0.0,0.0,0.0,0.0,0.0,0.0,0.0,0.19466777348407865,0.19466777348407865,0.09733388674203933,0.0,0.0,0.0,0.0,-0.0,-0.0,0.0,0.0,-0.0,0.0,0.0,0.0,0.0,0.0,0.19466777348407865,0.0,0.0,0.19466777348407865,0.19466777348407865,0.09733388674203933,-0.0,0.0,0.0,0.0,-0.0,0.0,6650,0.07978963185574756,0.14755822689706988,0.21773102930127725,0.00554040620051239,0.10413359788359788,0.0,0.0,1,1,1,7500000.0,0.0,0.0,15.830413711839864,0.0,0.0,7500000.0,7500000.0,3750000.0,-1700000.0,-1700000.0,0.7733333333333333,0.7733333333333333,411.59075650783643,0.0,0.0,0,0,0,0,0,0,0.0,0.0,0,0,UNKNOWN,UNKNOWN,UNKNOWN,OPEN_SEX,UNKNOWN,UNKNOWN,UNKNOWN,UNKNOWN,UNKNOWN,0,0,0,0,0,0,0,0.04550473129939722,13,2,0.0,110.0,0,1,0,V1_LIGHTGBM,LightGBM F_filter-a:近走着差・勝ち馬強度・フィールド強度・基礎能力
2026-07-04,2026-0704-02-01-07-02,2023104713,1,2026-07-04,函館,芝,1800,grade:unknown|condition:12,unknown,12,UNKNOWN,0,OPEN_SEX,UNKNOWN,0,0,0,5800000.0,2300000.0,1500000.0,11050000.0,15.573368647930426,16.21794107642577,4,0.2791666666666667,0.19916666666666671,0.2236111111111111,0.2302777777777777,0.3020833333333333,275.0,3.5,262.1,0,1,0,1,0,1,0,1,0,0,0.0,0.5,0.0,0.5,0.0,1.0,0.5,0.0625,1.0,0.9375,0.0,1,0.5198863636363636,0.07701955518026112,4,105.0,1,16,ニシノマルガリート,16,1,0,0.0,0,0.0,0,0,0,0,0,1,12,0,0,12.0,0.0,0.0,12.0,12.0,6.0,0.0,0.0,0.0,0.0,0.0,0.0,0.0,0.0,1600,0,0,grade:unknown|condition:11,unknown,unknown,1800,0.19500000000000003,0.0,0.0,0.10233630952380954,0.0,0.0,2.3400000000000003,0.0,0.0,0.19500000000000003,0.19500000000000003,0.09750000000000002,-11.805,0.19500000000000003,0.0,0.0,0.15055555555555558,0.0,0.0,0,140000000.0,0.0,0.0,56166666.666666664,0.0,0.0,8,0,0,0,0,0,0.26497326147000666,0.0,0.0,0.26497326147000666,0.0,0.0,0.0,0.0,0.0,0.0,0.0,0.0,0.26497326147000666,0.26497326147000666,0.13248663073500333,0.0,0.0,0.0,0.0,-0.0,-0.0,0.0,0.0,-0.0,0.0,0.0,0.0,0.0,0.0,0.26497326147000666,0.0,0.0,0.26497326147000666,0.26497326147000666,0.13248663073500333,-0.0,0.0,0.0,0.0,-0.0,0.0,6722,0.12219414300579753,0.22417125018581835,0.32183737178534266,0.047313613097168444,0.1743607781107781,0.0,0.0,1,1,1,7500000.0,0.0,0.0,15.830413711839864,0.0,0.0,7500000.0,7500000.0,3750000.0,-1700000.0,-1700000.0,0.7733333333333333,0.7733333333333333,189.96496454207835,0.0,0.0,0,0,0,0,0,0,0.0,0.0,0,0,UNKNOWN,UNKNOWN,UNKNOWN,OPEN_SEX,UNKNOWN,UNKNOWN,UNKNOWN,UNKNOWN,UNKNOWN,0,0,0,0,0,0,0,0.04482144329557277,14,2,1050.0,200.0,1,1,0,V1_LIGHTGBM,LightGBM F_filter-a:近走着差・勝ち馬強度・フィールド強度・基礎能力
2026-07-04,2026-0704-02-01-07-02,2023102669,0,2026-07-04,函館,芝,1800,grade:unknown|condition:12,unknown,12,UNKNOWN,0,OPEN_SEX,UNKNOWN,0,0,0,5800000.0,2300000.0,1500000.0,11050000.0,15.573368647930426,16.21794107642577,10,0.2791666666666667,0.19916666666666671,0.2236111111111111,0.2302777777777777,0.3020833333333333,275.0,3.5,262.1,0,1,0,1,0,1,0,1,0,0,0.0,0.5,0.0,0.5,0.0,0.875,0.4375,0.0625,1.0,0.9375,0.0,1,0.5198863636363636,0.07701955518026112,8,543.0,9,14,ワダツミ,16,1,0,0.0,0,0.0,0,0,0,0,0,1,16,0,0,15.0,0.0,0.0,15.0,15.0,7.5,0.0,0.0,0.0,0.0,0.0,0.0,0.0,0.0,1600,0,0,grade:unknown|condition:11,unknown,unknown,1800,0.1714285714285714,0.0,0.0,0.10206349206349206,0.0,0.0,2.571428571428571,0.0,0.0,0.1714285714285714,0.1714285714285714,0.0857142857142857,-14.82857142857143,0.1714285714285714,0.0,0.0,0.14867063492063493,0.0,0.0,0,21000000.0,0.0,0.0,14250000.0,0.0,0.0,5,0,0,0,0,0,0.20536308300873862,0.0,0.0,0.20536308300873862,0.0,0.0,0.0,0.0,0.0,0.0,0.0,0.0,0.20536308300873862,0.20536308300873862,0.10268154150436931,0.0,0.0,0.0,0.0,-0.0,-0.0,0.0,0.0,-0.0,0.0,0.0,0.0,0.0,0.0,0.20536308300873862,0.0,0.0,0.20536308300873862,0.20536308300873862,0.10268154150436931,-0.0,0.0,0.0,0.0,-0.0,0.0,2632,0.04854000758437618,0.10049298445202882,0.16192643155100492,-0.01862842267170226,0.033688647953353835,0.0,0.0,1,1,1,7500000.0,0.0,0.0,15.830413711839864,0.0,0.0,7500000.0,7500000.0,3750000.0,-1700000.0,-1700000.0,0.7733333333333333,0.7733333333333333,237.45620567759795,0.0,0.0,0,0,0,0,0,0,0.0,0.0,0,0,UNKNOWN,UNKNOWN,UNKNOWN,OPEN_SEX,UNKNOWN,UNKNOWN,UNKNOWN,UNKNOWN,UNKNOWN,0,0,0,0,0,0,0,0.03944078952487445,15,2,0.0,0.0,0,0,0,V1_LIGHTGBM,LightGBM F_filter-a:近走着差・勝ち馬強度・フィールド強度・基礎能力
2026-07-04,2026-0704-02-01-07-02,2023106454,0,2026-07-04,函館,芝,1800,grade:unknown|condition:12,unknown,12,UNKNOWN,0,OPEN_SEX,UNKNOWN,0,0,0,5800000.0,2300000.0,1500000.0,11050000.0,15.573368647930426,16.21794107642577,15,0.2791666666666667,0.19916666666666671,0.2236111111111111,0.2302777777777777,0.3020833333333333,275.0,3.5,262.1,0,1,0,1,0,1,0,1,0,0,0.0,0.5,0.0,0.5,0.0,0.5625,0.28125,0.0625,1.0,0.9375,0.0,1,0.5198863636363636,0.07701955518026112,10,801.0,16,9,ヴァールザーゲン,16,1,0,0.0,0,0.0,0,0,0,0,0,1,18,0,0,37.0,0.0,0.0,37.0,37.0,18.5,0.0,0.0,0.0,0.0,0.0,0.0,0.0,0.0,1400,0,0,grade:unknown|condition:11,unknown,unknown,1800,0.15555555555555553,0.0,0.0,0.09847993827160495,0.0,0.0,5.755555555555555,0.0,0.0,0.15555555555555553,0.15555555555555553,0.07777777777777777,-36.84444444444444,0.15555555555555553,0.0,0.0,0.1325462962962963,0.0,0.0,0,21000000.0,0.0,0.0,11950000.0,0.0,0.0,5,0,0,0,0,0,0.15830413711839866,0.0,0.0,0.15830413711839866,0.0,0.0,0.0,0.0,0.0,0.0,0.0,0.0,0.15830413711839866,0.15830413711839866,0.07915206855919933,0.0,0.0,0.0,0.0,-0.0,-0.0,0.0,0.0,-0.0,0.0,0.0,0.0,0.0,0.0,0.15830413711839866,0.0,0.0,0.15830413711839866,0.15830413711839866,0.07915206855919933,-0.0,0.0,0.0,0.0,-0.0,0.0,1223,0.07166123778501629,0.13599348534201955,0.2003257328990228,-0.013550782476038598,0.02296310171310171,0.0,0.0,1,1,1,7500000.0,0.0,0.0,15.830413711839864,0.0,0.0,7500000.0,7500000.0,3750000.0,-1700000.0,-1700000.0,0.7733333333333333,0.7733333333333333,585.7253073380749,0.0,0.0,0,0,0,0,0,0,0.0,0.0,0,0,UNKNOWN,UNKNOWN,UNKNOWN,OPEN_SEX,UNKNOWN,UNKNOWN,UNKNOWN,UNKNOWN,UNKNOWN,0,0,0,0,0,0,0,0.029468475123825024,16,2,0.0,0.0,0,0,0,V1_LIGHTGBM,LightGBM F_filter-a:近走着差・勝ち馬強度・フィールド強度・基礎能力
2026-07-04,2026-0704-02-01-07-03,2023105608,0,2026-07-04,函館,芝,1700,grade:unknown|condition:12,unknown,12,UNKNOWN,0,OPEN_SEX,UNKNOWN,0,0,0,5800000.0,2300000.0,1500000.0,11050000.0,15.573368647930426,16.21794107642577,6,-0.18484848484848487,-0.11818181818181817,-0.03484848484848485,-0.09151515151515155,0.25757575757575757,329.0,3.5,260.3,0,1,0,1,0,0,0,1,0,0,0.0,0.5,0.0,0.5,0.0,0.5454545454545454,0.2727272727272727,0.09090909090909091,1.0,0.9090909090909091,0.0,1,0.5212121212121212,0.06707861703387473,8,311.0,2,6,ルージュリヴィエラ,11,1,0,0.0,1,1.0,0,1,0,1,0,1,2,0,0,11.0,0.0,0.0,11.0,11.0,5.5,0.0,0.0,0.0,0.0,0.0,0.0,0.0,0.0,1400,0,0,grade:unknown|condition:11,unknown,unknown,1700,0.22499999999999998,0.0,0.0,0.10803943452380953,0.0,0.0,2.4749999999999996,0.0,0.0,0.22499999999999998,0.22499999999999998,0.11249999999999999,-10.775,0.22499999999999998,0.0,0.0,0.16277777777777777,0.0,0.0,0,11100000.0,0.0,0.0,8640000.0,0.0,0.0,0,0,0,0,0,0,0.5316441511320481,0.0,0.0,0.5316441511320481,0.0,0.0,0.0,0.0,0.0,0.0,0.0,0.0,0.5316441511320481,0.5316441511320481,0.26582207556602405,0.0,0.0,0.0,0.0,-0.0,-0.0,0.0,0.0,-0.0,0.0,0.0,0.0,0.0,0.0,0.5316441511320481,0.0,0.0,0.5316441511320481,0.5316441511320481,0.26582207556602405,-0.0,0.0,0.0,0.0,-0.0,0.0,6651,0.07977764423076923,0.14768629807692307,0.21784855769230768,0.0055489702651341745,0.103994708994709,0.0,0.0,1,1,1,7500000.0,0.0,0.0,15.830413711839864,0.0,0.0,7500000.0,7500000.0,3750000.0,-1700000.0,-1700000.0,0.7733333333333333,0.7733333333333333,174.1345508302385,0.0,0.0,0,0,0,0,0,0,0.0,0.0,0,0,UNKNOWN,UNKNOWN,UNKNOWN,OPEN_SEX,UNKNOWN,UNKNOWN,UNKNOWN,UNKNOWN,UNKNOWN,0,0,0,0,0,0,0,0.1464305202882529,1,3,0.0,590.0,0,1,1,V1_LIGHTGBM,LightGBM F_filter-a:近走着差・勝ち馬強度・フィールド強度・基礎能力
2026-07-04,2026-0704-02-01-07-03,2023101796,0,2026-07-04,函館,芝,1700,grade:unknown|condition:12,unknown,12,UNKNOWN,0,OPEN_SEX,UNKNOWN,0,0,0,5800000.0,2300000.0,1500000.0,11050000.0,15.573368647930426,16.21794107642577,9,-0.18484848484848487,-0.11818181818181817,-0.03484848484848485,-0.09151515151515155,0.25757575757575757,329.0,3.5,260.3,0,1,0,1,0,0,0,1,0,0,0.0,0.5,0.0,0.5,0.0,0.2727272727272727,0.13636363636363635,0.09090909090909091,1.0,0.9090909090909091,0.0,1,0.5212121212121212,0.06707861703387473,11,3021.0,4,3,テリオスリコ,11,1,0,0.0,1,1.0,0,1,0,1,0,1,3,0,0,6.0,0.0,0.0,6.0,6.0,3.0,0.0,0.0,0.0,0.0,0.0,0.0,0.0,0.0,1400,0,0,grade:unknown|condition:11,unknown,unknown,1700,0.15555555555555553,0.0,0.0,0.10024305555555556,0.0,0.0,0.9333333333333331,0.0,0.0,0.15555555555555553,0.15555555555555553,0.07777777777777777,-5.844444444444444,0.15555555555555553,0.0,0.0,0.13740740740740742,0.0,0.0,0,8200000.0,0.0,0.0,8025000.0,0.0,0.0,0,0,0,0,0,0,0.5059623046557318,0.0,0.0,0.5059623046557318,0.0,0.0,0.0,0.0,0.0,0.0,0.0,0.0,0.5059623046557318,0.5059623046557318,0.2529811523278659,0.0,0.0,0.0,0.0,-0.0,-0.0,0.0,0.0,-0.0,0.0,0.0,0.0,0.0,0.0,0.5059623046557318,0.0,0.0,0.5059623046557318,0.5059623046557318,0.2529811523278659,-0.0,0.0,0.0,0.0,-0.0,0.0,6561,0.05071580871154432,0.10813280536095035,0.1647883033810539,-0.03060910672499207,-0.06732734857734857,0.0,0.0,1,1,1,7500000.0,0.0,0.0,15.830413711839864,0.0,0.0,7500000.0,7500000.0,3750000.0,-1700000.0,-1700000.0,0.7733333333333333,0.7733333333333333,94.98248227103917,0.0,0.0,0,0,0,0,0,0,0.0,0.0,0,0,UNKNOWN,UNKNOWN,UNKNOWN,OPEN_SEX,UNKNOWN,UNKNOWN,UNKNOWN,UNKNOWN,UNKNOWN,0,0,0,0,0,0,0,0.14289061687663948,2,3,0.0,0.0,0,0,0,V1_LIGHTGBM,LightGBM F_filter-a:近走着差・勝ち馬強度・フィールド強度・基礎能力
2026-07-04,2026-0704-02-01-07-03,2023105268,0,2026-07-04,函館,芝,1700,grade:unknown|condition:12,unknown,12,UNKNOWN,0,OPEN_SEX,UNKNOWN,0,0,0,5800000.0,2300000.0,1500000.0,11050000.0,15.573368647930426,16.21794107642577,2,-0.18484848484848487,-0.11818181818181817,-0.03484848484848485,-0.09151515151515155,0.25757575757575757,329.0,3.5,260.3,0,1,0,1,0,0,0,1,0,0,0.0,0.5,0.0,0.5,0.0,0.45454545454545453,0.22727272727272727,0.09090909090909091,1.0,0.9090909090909091,0.0,1,0.5212121212121212,0.06707861703387473,3,36.0,6,5,ラショナルポイント,11,1,0,0.0,0,0.0,0,0,0,0,0,1,7,0,0,9.0,0.0,0.0,9.0,9.0,4.5,0.0,0.0,0.0,0.0,0.0,0.0,0.0,0.0,1600,0,0,grade:unknown|condition:11,unknown,unknown,1700,0.2057142857142857,0.0,0.0,0.10844322344322345,0.0,0.0,1.8514285714285714,0.0,0.0,0.2057142857142857,0.2057142857142857,0.10285714285714286,-8.794285714285714,0.2057142857142857,0.0,0.0,0.16634920634920636,0.0,0.0,0,8200000.0,0.0,0.0,7850000.0,0.0,0.0,0,0,0,0,0,0,0.35835350104003333,0.0,0.0,0.35835350104003333,0.0,0.0,0.0,0.0,0.0,0.0,0.0,0.0,0.35835350104003333,0.35835350104003333,0.17917675052001666,0.0,0.0,0.0,0.0,-0.0,-0.0,0.0,0.0,-0.0,0.0,0.0,0.0,0.0,0.0,0.35835350104003333,0.0,0.0,0.35835350104003333,0.35835350104003333,0.17917675052001666,-0.0,0.0,0.0,0.0,-0.0,0.0,6723,0.12232461355529133,0.22428656361474436,0.3219381688466112,0.04744602219829931,0.19227744477744477,0.0,0.0,1,1,1,7500000.0,0.0,0.0,15.830413711839864,0.0,0.0,7500000.0,7500000.0,3750000.0,-1700000.0,-1700000.0,0.7733333333333333,0.7733333333333333,142.47372340655878,0.0,0.0,0,0,0,0,0,0,0.0,0.0,0,0,UNKNOWN,UNKNOWN,UNKNOWN,OPEN_SEX,UNKNOWN,UNKNOWN,UNKNOWN,UNKNOWN,UNKNOWN,0,0,0,0,0,0,0,0.09509334144753259,3,3,0.0,0.0,0,0,0,V1_LIGHTGBM,LightGBM F_filter-a:近走着差・勝ち馬強度・フィールド強度・基礎能力
2026-07-04,2026-0704-02-01-07-03,2023106623,0,2026-07-04,函館,芝,1700,grade:unknown|condition:12,unknown,12,UNKNOWN,0,OPEN_SEX,UNKNOWN,0,0,0,5800000.0,2300000.0,1500000.0,11050000.0,15.573368647930426,16.21794107642577,3,-0.18484848484848487,-0.11818181818181817,-0.03484848484848485,-0.09151515151515155,0.25757575757575757,329.0,3.5,260.3,0,1,0,1,0,0,0,1,0,0,0.0,0.5,0.0,0.5,0.0,0.7272727272727273,0.36363636363636365,0.09090909090909091,1.0,0.9090909090909091,0.0,1,0.5212121212121212,0.06707861703387473,5,205.0,5,8,ルージュボニート,11,0,0,0.0,0,0.0,0.0,0.0,0.0,0.0,0,0,0,0,0,0.0,0.0,0.0,0.0,0.0,0,0.0,0.0,0.0,0.0,0.0,0.0,0.0,0.0,0,0,0,unknown,unknown,unknown,1700,0.0,0.0,0.0,0.0,0.0,0.0,0.0,0.0,0.0,0.0,0.0,0,0.0,0.0,0.0,0.0,0.0,0.0,0.0,0,0.0,0.0,0.0,0.0,0.0,0.0,0,0,0,0,0,0,0.0,0.0,0.0,0.0,0.0,0.0,0.0,0.0,0.0,0.0,0.0,0.0,0.0,0.0,0,0.0,0.0,0.0,0.0,0.0,0.0,0.0,0.0,0.0,0.0,0.0,0.0,0.0,0.0,0.0,0.0,0.0,0.0,0.0,0,0.0,0.0,0.0,0.0,0.0,0.0,9924,0.05660187330043308,0.1320374660086615,0.2094873602578306,0.01682518939925224,0.12938191438191438,0.0,0.0,0,0,0,0.0,0.0,0.0,0.0,0.0,0.0,0.0,0.0,0,0.0,0.0,1.0,1.0,0.0,0.0,0.0,0,0,0,0,0,0,0,0,0,0,UNKNOWN,UNKNOWN,UNKNOWN,UNKNOWN,UNKNOWN,UNKNOWN,UNKNOWN,UNKNOWN,UNKNOWN,0,0,0,0,0,0,0,0.07909694052853304,4,3,0.0,0.0,0,0,0,V1_LIGHTGBM,LightGBM F_filter-a:近走着差・勝ち馬強度・フィールド強度・基礎能力
2026-07-04,2026-0704-02-01-07-03,2023104347,0,2026-07-04,函館,芝,1700,grade:unknown|condition:12,unknown,12,UNKNOWN,0,OPEN_SEX,UNKNOWN,0,0,0,5800000.0,2300000.0,1500000.0,11050000.0,15.573368647930426,16.21794107642577,1,-0.18484848484848487,-0.11818181818181817,-0.03484848484848485,-0.09151515151515155,0.25757575757575757,329.0,3.5,260.3,0,1,0,1,0,0,0,1,0,0,0.0,0.5,0.0,0.5,0.0,0.09090909090909091,0.045454545454545456,0.09090909090909091,1.0,0.9090909090909091,0.0,1,0.5212121212121212,0.06707861703387473,9,674.0,7,1,ハスカップジャム,11,0,0,0.0,0,0.0,0.0,0.0,0.0,0.0,0,0,0,0,0,0.0,0.0,0.0,0.0,0.0,0,0.0,0.0,0.0,0.0,0.0,0.0,0.0,0.0,0,0,0,unknown,unknown,unknown,1700,0.0,0.0,0.0,0.0,0.0,0.0,0.0,0.0,0.0,0.0,0.0,0,0.0,0.0,0.0,0.0,0.0,0.0,0.0,0,0.0,0.0,0.0,0.0,0.0,0.0,0,0,0,0,0,0,0.0,0.0,0.0,0.0,0.0,0.0,0.0,0.0,0.0,0.0,0.0,0.0,0.0,0.0,0,0.0,0.0,0.0,0.0,0.0,0.0,0.0,0.0,0.0,0.0,0.0,0.0,0.0,0.0,0.0,0.0,0.0,0.0,0.0,0,0.0,0.0,0.0,0.0,0.0,0.0,1279,0.040498442367601244,0.09735202492211838,0.14719626168224298,-0.04466389754241014,-0.015383597883597883,0.0,0.0,0,0,0,0.0,0.0,0.0,0.0,0.0,0.0,0.0,0.0,0,0.0,0.0,1.0,1.0,0.0,0.0,0.0,0,0,0,0,0,0,0,0,0,0,UNKNOWN,UNKNOWN,UNKNOWN,UNKNOWN,UNKNOWN,UNKNOWN,UNKNOWN,UNKNOWN,UNKNOWN,0,0,0,0,0,0,0,0.07887056749172464,5,3,0.0,0.0,0,0,0,V1_LIGHTGBM,LightGBM F_filter-a:近走着差・勝ち馬強度・フィールド強度・基礎能力
2026-07-04,2026-0704-02-01-07-03,2023100609,0,2026-07-04,函館,芝,1700,grade:unknown|condition:12,unknown,12,UNKNOWN,0,OPEN_SEX,UNKNOWN,0,0,0,5800000.0,2300000.0,1500000.0,11050000.0,15.573368647930426,16.21794107642577,5,-0.18484848484848487,-0.11818181818181817,-0.03484848484848485,-0.09151515151515155,0.25757575757575757,329.0,3.5,260.3,0,1,0,1,0,0,0,1,0,0,0.0,0.5,0.0,0.5,0.0,0.36363636363636365,0.18181818181818182,0.09090909090909091,1.0,0.9090909090909091,0.0,1,0.5212121212121212,0.06707861703387473,2,31.0,9,4,ペガサスウィンド,11,0,0,0.0,0,0.0,0.0,0.0,0.0,0.0,0,0,0,0,0,0.0,0.0,0.0,0.0,0.0,0,0.0,0.0,0.0,0.0,0.0,0.0,0.0,0.0,0,0,0,unknown,unknown,unknown,1700,0.0,0.0,0.0,0.0,0.0,0.0,0.0,0.0,0.0,0.0,0.0,0,0.0,0.0,0.0,0.0,0.0,0.0,0.0,0,0.0,0.0,0.0,0.0,0.0,0.0,0,0,0,0,0,0,0.0,0.0,0.0,0.0,0.0,0.0,0.0,0.0,0.0,0.0,0.0,0.0,0.0,0.0,0,0.0,0.0,0.0,0.0,0.0,0.0,0.0,0.0,0.0,0.0,0.0,0.0,0.0,0.0,0.0,0.0,0.0,0.0,0.0,0,0.0,0.0,0.0,0.0,0.0,0.0,8071,0.0782565626547796,0.16295195641406637,0.2469044081228331,0.03242973301297581,0.1335452972952973,0.0,0.0,0,0,0,0.0,0.0,0.0,0.0,0.0,0.0,0.0,0.0,0,0.0,0.0,1.0,1.0,0.0,0.0,0.0,0,0,0,0,0,0,0,0,0,0,UNKNOWN,UNKNOWN,UNKNOWN,UNKNOWN,UNKNOWN,UNKNOWN,UNKNOWN,UNKNOWN,UNKNOWN,0,0,0,0,0,0,0,0.07887056749172464,6,3,0.0,0.0,0,0,0,V1_LIGHTGBM,LightGBM F_filter-a:近走着差・勝ち馬強度・フィールド強度・基礎能力
2026-07-04,2026-0704-02-01-07-03,2023103024,1,2026-07-04,函館,芝,1700,grade:unknown|condition:12,unknown,12,UNKNOWN,0,OPEN_SEX,UNKNOWN,0,0,0,5800000.0,2300000.0,1500000.0,11050000.0,15.573368647930426,16.21794107642577,11,-0.18484848484848487,-0.11818181818181817,-0.03484848484848485,-0.09151515151515155,0.25757575757575757,329.0,3.5,260.3,0,1,0,1,0,0,0,1,0,0,0.0,0.5,0.0,0.5,0.0,0.8181818181818182,0.4090909090909091,0.09090909090909091,1.0,0.9090909090909091,0.0,1,0.5212121212121212,0.06707861703387473,1,25.0,1,9,ギンケイ,11,0,0,0.0,0,0.0,0.0,0.0,0.0,0.0,0,0,0,0,0,0.0,0.0,0.0,0.0,0.0,0,0.0,0.0,0.0,0.0,0.0,0.0,0.0,0.0,0,0,0,unknown,unknown,unknown,1700,0.0,0.0,0.0,0.0,0.0,0.0,0.0,0.0,0.0,0.0,0.0,0,0.0,0.0,0.0,0.0,0.0,0.0,0.0,0,0.0,0.0,0.0,0.0,0.0,0.0,0,0,0,0,0,0,0.0,0.0,0.0,0.0,0.0,0.0,0.0,0.0,0.0,0.0,0.0,0.0,0.0,0.0,0,0.0,0.0,0.0,0.0,0.0,0.0,0.0,0.0,0.0,0.0,0.0,0.0,0.0,0.0,0.0,0.0,0.0,0.0,0.0,0,0.0,0.0,0.0,0.0,0.0,0.0,2372,0.053428691628102654,0.09633992427429533,0.1489272191838452,-0.05122138322775656,-0.10631794131794131,0.0,0.0,0,0,0,0.0,0.0,0.0,0.0,0.0,0.0,0.0,0.0,0,0.0,0.0,1.0,1.0,0.0,0.0,0.0,0,0,0,0,0,0,0,0,0,0,UNKNOWN,UNKNOWN,UNKNOWN,UNKNOWN,UNKNOWN,UNKNOWN,UNKNOWN,UNKNOWN,UNKNOWN,0,0,0,0,0,0,0,0.07879498356604928,7,3,250.0,140.0,1,1,0,V1_LIGHTGBM,LightGBM F_filter-a:近走着差・勝ち馬強度・フィールド強度・基礎能力
2026-07-04,2026-0704-02-01-07-03,2023104338,0,2026-07-04,函館,芝,1700,grade:unknown|condition:12,unknown,12,UNKNOWN,0,OPEN_SEX,UNKNOWN,0,0,0,5800000.0,2300000.0,1500000.0,11050000.0,15.573368647930426,16.21794107642577,9,-0.18484848484848487,-0.11818181818181817,-0.03484848484848485,-0.09151515151515155,0.25757575757575757,329.0,3.5,260.3,0,1,0,1,0,0,0,1,0,0,0.0,0.5,0.0,0.5,0.0,1.0909090909090908,0.5454545454545454,0.09090909090909091,1.0,0.9090909090909091,0.0,1,0.5212121212121212,0.06707861703387473,10,891.0,11,12,ハヤブサブロー,11,0,0,0.0,0,0.0,0.0,0.0,0.0,0.0,0,0,0,0,0,0.0,0.0,0.0,0.0,0.0,0,0.0,0.0,0.0,0.0,0.0,0.0,0.0,0.0,0,0,0,unknown,unknown,unknown,1700,0.0,0.0,0.0,0.0,0.0,0.0,0.0,0.0,0.0,0.0,0.0,0,0.0,0.0,0.0,0.0,0.0,0.0,0.0,0,0.0,0.0,0.0,0.0,0.0,0.0,0,0,0,0,0,0,0.0,0.0,0.0,0.0,0.0,0.0,0.0,0.0,0.0,0.0,0.0,0.0,0.0,0.0,0,0.0,0.0,0.0,0.0,0.0,0.0,0.0,0.0,0.0,0.0,0.0,0.0,0.0,0.0,0.0,0.0,0.0,0.0,0.0,0,0.0,0.0,0.0,0.0,0.0,0.0,8939,0.09123434704830054,0.17855545617173524,0.2573792486583184,0.025102195147699607,0.011223544973544972,0.0,0.0,0,0,0,0.0,0.0,0.0,0.0,0.0,0.0,0.0,0.0,0,0.0,0.0,1.0,1.0,0.0,0.0,0.0,0,0,0,0,0,0,0,0,0,0,UNKNOWN,UNKNOWN,UNKNOWN,UNKNOWN,UNKNOWN,UNKNOWN,UNKNOWN,UNKNOWN,UNKNOWN,0,0,0,0,0,0,0,0.07879498356604928,8,3,0.0,0.0,0,0,0,V1_LIGHTGBM,LightGBM F_filter-a:近走着差・勝ち馬強度・フィールド強度・基礎能力
2026-07-04,2026-0704-02-01-07-03,2023105555,0,2026-07-04,函館,芝,1700,grade:unknown|condition:12,unknown,12,UNKNOWN,0,OPEN_SEX,UNKNOWN,0,0,0,5800000.0,2300000.0,1500000.0,11050000.0,15.573368647930426,16.21794107642577,6,-0.18484848484848487,-0.11818181818181817,-0.03484848484848485,-0.09151515151515155,0.25757575757575757,329.0,3.5,260.3,0,1,0,1,0,0,0,1,0,0,0.0,0.5,0.0,0.5,0.0,0.9090909090909091,0.45454545454545453,0.09090909090909091,1.0,0.9090909090909091,0.0,1,0.5212121212121212,0.06707861703387473,4,128.0,3,10,ウォータースパウト,11,1,0,0.0,0,0.0,0,0,0,0,0,1,7,0,0,28.0,0.0,0.0,28.0,28.0,14.0,0.0,0.0,0.0,0.0,0.0,0.0,0.0,0.0,1700,0,0,grade:unknown|condition:11,unknown,unknown,1700,0.24375000000000002,0.0,0.0,0.1245979020979021,0.0,0.0,6.825000000000001,0.0,0.0,0.24375000000000002,0.24375000000000002,0.12187500000000001,-27.75625,0.24727272727272728,0.0,0.0,0.2103409090909091,0.0,0.0,0,19000000.0,0.0,0.0,12533333.333333334,0.0,0.0,0,0,0,0,0,0,0.35830413711867526,0.0,0.0,0.3588794165401085,0.0,0.0,-0.019230769230769273,0.0,0.0,0.11965811965811957,0.0,0.0,0.3588794165401085,0.3588794165401085,0.17943970827005426,0.0005752794214332613,0.0,0.0,0.0005752794214332613,0.0023011176857330737,0.0023011176857330737,0.0,0.0,0.0023011176857330737,0.0,0.0,-0.0023011176857330737,0.0,0.0,0.3588794165401085,0.0,0.0,0.3588794165401085,0.3588794165401085,0.17943970827005426,0.0023011176857330737,0.11965811965811957,0.0,0.0,0.019230769230769273,0.0005881762842517728,6385,0.036619718309859155,0.08466353677621283,0.14835680751173708,-0.006865310502396498,-0.13028773514067632,0.0,0.0,1,1,1,7500000.0,0.0,0.0,15.830413711839864,0.0,0.0,7500000.0,7500000.0,3750000.0,-1700000.0,-1700000.0,0.7733333333333333,0.7733333333333333,443.25158393151617,0.0,0.0,0,0,0,0,0,0,0.0,0.0,0,0,UNKNOWN,UNKNOWN,UNKNOWN,OPEN_SEX,UNKNOWN,UNKNOWN,UNKNOWN,UNKNOWN,UNKNOWN,0,0,0,0,0,0,0,0.07575048818489434,9,3,0.0,250.0,0,1,0,V1_LIGHTGBM,LightGBM F_filter-a:近走着差・勝ち馬強度・フィールド強度・基礎能力
2026-07-04,2026-0704-02-01-07-03,2023104632,0,2026-07-04,函館,芝,1700,grade:unknown|condition:12,unknown,12,UNKNOWN,0,OPEN_SEX,UNKNOWN,0,0,0,5800000.0,2300000.0,1500000.0,11050000.0,15.573368647930426,16.21794107642577,4,-0.18484848484848487,-0.11818181818181817,-0.03484848484848485,-0.09151515151515155,0.25757575757575757,329.0,3.5,260.3,0,1,0,1,0,0,0,1,0,0,0.0,0.5,0.0,0.5,0.0,0.18181818181818182,0.09090909090909091,0.09090909090909091,1.0,0.9090909090909091,0.0,1,0.5212121212121212,0.06707861703387473,6,253.0,8,2,マスカルポーネ,11,1,0,0.0,0,0.0,0,0,0,0,0,1,11,0,0,23.0,0.0,0.0,23.0,23.0,11.5,0.0,0.0,0.0,0.0,0.0,0.0,0.0,0.0,2000,0,0,grade:unknown|condition:11,unknown,unknown,1700,0.27625,0.0,0.0,0.11216765873015874,0.0,0.0,6.35375,0.0,0.0,0.27625,0.27625,0.138125,-22.72375,0.27625,0.0,0.0,0.1776388888888889,0.0,0.0,0,38000000.0,0.0,0.0,18966666.666666668,0.0,0.0,6,0,0,0,0,0,0.19466777352308254,0.0,0.0,0.19466777352308254,0.0,0.0,0.0,0.0,0.0,0.0,0.0,0.0,0.19466777352308254,0.19466777352308254,0.09733388676154127,0.0,0.0,0.0,0.0,-0.0,-0.0,0.0,0.0,-0.0,0.0,0.0,0.0,0.0,0.0,0.19466777352308254,0.0,0.0,0.19466777352308254,0.19466777352308254,0.09733388676154127,-0.0,0.0,0.0,0.0,-0.0,0.0,649,0.0856269113149847,0.15749235474006115,0.23853211009174313,0.002396798041681585,-0.030990259740259745,0.0,0.0,1,1,1,7500000.0,0.0,0.0,15.830413711839864,0.0,0.0,7500000.0,7500000.0,3750000.0,-1700000.0,-1700000.0,0.7733333333333333,0.7733333333333333,364.0995153723169,0.0,0.0,0,0,0,0,0,0,0.0,0.0,0,0,UNKNOWN,UNKNOWN,UNKNOWN,OPEN_SEX,UNKNOWN,UNKNOWN,UNKNOWN,UNKNOWN,UNKNOWN,0,0,0,0,0,0,0,0.0566980204600843,10,3,0.0,0.0,0,0,0,V1_LIGHTGBM,LightGBM F_filter-a:近走着差・勝ち馬強度・フィールド強度・基礎能力
2026-07-04,2026-0704-02-01-07-03,2023103570,0,2026-07-04,函館,芝,1700,grade:unknown|condition:12,unknown,12,UNKNOWN,0,OPEN_SEX,UNKNOWN,0,0,0,5800000.0,2300000.0,1500000.0,11050000.0,15.573368647930426,16.21794107642577,8,-0.18484848484848487,-0.11818181818181817,-0.03484848484848485,-0.09151515151515155,0.25757575757575757,329.0,3.5,260.3,0,1,0,1,0,0,0,1,0,0,0.0,0.7333333333333334,0.0,0.7333333333333334,0.0,1.0,0.7333333333333334,0.09090909090909091,1.0,0.9090909090909091,0.0,1,0.5212121212121212,0.06707861703387473,7,257.0,10,11,ブリスフルイヤー,11,1,0,0.0,0,0.0,0,0,0,0,0,1,16,0,0,71.0,0.0,0.0,71.0,71.0,35.5,0.0,0.0,0.0,0.0,0.0,0.0,0.0,0.0,1800,0,0,grade:unknown|condition:11,unknown,unknown,1700,0.1625,0.0,0.0,0.10276041666666667,0.0,0.0,11.5375,0.0,0.0,0.1625,0.1625,0.08125,-70.8375,0.195,0.0,0.0,0.16194444444444445,0.0,0.0,0,8200000.0,0.0,0.0,7966666.666666667,0.0,0.0,0,0,0,0,0,0,0.15830413711839864,0.0,0.0,0.15017913711839864,0.0,0.0,0.21666666666666667,0.0,0.0,0.15000000000000002,0.0,0.0,0.15017913711839864,0.15017913711839864,0.07508956855919932,-0.008124999999999993,0.0,0.0,-0.008124999999999993,-0.03250000000000001,-0.03250000000000001,0.0,0.0,-0.03250000000000001,0.0,0.0,0.03250000000000001,0.0,0.0,0.15017913711839864,0.0,0.0,0.15017913711839864,0.15017913711839864,0.07508956855919932,-0.03250000000000001,0.15000000000000002,0.0,0.0,-0.21666666666666667,-0.007646993513221729,1224,0.07160292921074043,0.13588283157038242,0.2001627339300244,-0.013897146215845757,0.006296435046435044,0.0,0.0,1,1,1,7500000.0,0.0,0.0,15.830413711839864,0.0,0.0,7500000.0,7500000.0,3750000.0,-1700000.0,-1700000.0,0.7733333333333333,0.7733333333333333,1123.9593735406304,0.0,0.0,0,0,0,0,0,0,0.0,0.0,0,0,UNKNOWN,UNKNOWN,UNKNOWN,OPEN_SEX,UNKNOWN,UNKNOWN,UNKNOWN,UNKNOWN,UNKNOWN,0,0,0,0,0,0,0,0.0491688862153128,11,3,0.0,0.0,0,0,0,V1_LIGHTGBM,LightGBM F_filter-a:近走着差・勝ち馬強度・フィールド強度・基礎能力
2026-07-04,2026-0704-02-01-07-04,2023102332,0,2026-07-04,函館,芝,1200,grade:unknown|condition:12,unknown,12,UNKNOWN,0,OPEN_SEX,UNKNOWN,0,0,0,5800000.0,2300000.0,1500000.0,11050000.0,15.573368647930426,16.21794107642577,0,0.0,0.0,0.0,0.0,0.2604166666666667,490.0,3.5,262.1,1,0,0,1,0,1,0,1,0,0,0.0,0.5,0.0,0.5,0.0,0.375,0.1875,0.0625,1.0,0.9375,0.0,1,0.53125,0.12103072956898178,11,1024.0,14,6,フクノアンタレス,16,1,0,0.0,1,1.0,0,1,0,1,0,1,3,0,0,2.0,0.0,0.0,2.0,2.0,1.0,0.0,0.0,0.0,0.0,0.0,0.0,0.0,0.0,1600,0,0,grade:unknown|condition:11,unknown,unknown,1200,0.19500000000000003,0.0,0.0,0.10233630952380954,0.0,0.0,0.39000000000000007,0.0,0.0,0.19500000000000003,0.19500000000000003,0.09750000000000002,-1.805,0.19500000000000003,0.0,0.0,0.15055555555555558,0.0,0.0,0,140000000.0,0.0,0.0,56166666.666666664,0.0,0.0,8,0,0,0,0,0,0.5591049170797104,0.0,0.0,0.5591049170797104,0.0,0.0,0.0,0.0,0.0,0.0,0.0,0.0,0.5591049170797104,0.5591049170797104,0.2795524585398552,0.0,0.0,0.0,0.0,-0.0,-0.0,0.0,0.0,-0.0,0.0,0.0,0.0,0.0,0.0,0.5591049170797104,0.0,0.0,0.5591049170797104,0.5591049170797104,0.2795524585398552,-0.0,0.0,0.0,0.0,-0.0,0.0,1020,0.033170731707317075,0.08682926829268292,0.13658536585365855,-0.0866834800788087,-0.1754042254042254,0.0,0.0,1,1,1,7500000.0,0.0,0.0,15.830413711839864,0.0,0.0,7500000.0,7500000.0,3750000.0,-1700000.0,-1700000.0,0.7733333333333333,0.7733333333333333,31.660827423679727,0.0,0.0,0,0,0,0,0,0,0.0,0.0,0,0,UNKNOWN,UNKNOWN,UNKNOWN,OPEN_SEX,UNKNOWN,UNKNOWN,UNKNOWN,UNKNOWN,UNKNOWN,0,0,0,0,0,0,0,0.13681503581621554,1,4,0.0,0.0,0,0,1,V1_LIGHTGBM,LightGBM F_filter-a:近走着差・勝ち馬強度・フィールド強度・基礎能力
2026-07-04,2026-0704-02-01-07-04,2023103518,0,2026-07-04,函館,芝,1200,grade:unknown|condition:12,unknown,12,UNKNOWN,0,OPEN_SEX,UNKNOWN,0,0,0,5800000.0,2300000.0,1500000.0,11050000.0,15.573368647930426,16.21794107642577,0,0.0,0.0,0.0,0.0,0.2604166666666667,490.0,3.5,262.1,1,0,0,1,0,1,0,1,0,0,0.0,0.5,0.0,0.5,0.0,0.3125,0.15625,0.0625,1.0,0.9375,0.0,1,0.53125,0.12103072956898178,7,184.0,5,5,ディサイドオンミー,16,1,0,0.0,0,0.0,0,0,0,0,0,1,4,0,0,7.0,0.0,0.0,7.0,7.0,3.5,0.0,0.0,0.0,0.0,0.0,0.0,0.0,0.0,1400,0,0,grade:unknown|condition:11,unknown,unknown,1200,0.21777777777777776,0.0,0.0,0.10705882352941178,0.0,0.0,1.5244444444444443,0.0,0.0,0.21777777777777776,0.21777777777777776,0.10888888888888888,-6.782222222222222,0.21777777777777776,0.0,0.0,0.17888888888888888,0.0,0.0,0,8200000.0,0.0,0.0,8025000.0,0.0,0.0,0,0,0,0,0,0,0.4836688899046205,0.0,0.0,0.4836688899046205,0.0,0.0,0.0,0.0,0.0,0.0,0.0,0.0,0.4836688899046205,0.4836688899046205,0.24183444495231024,0.0,0.0,0.0,0.0,-0.0,-0.0,0.0,0.0,-0.0,0.0,0.0,0.0,0.0,0.0,0.4836688899046205,0.0,0.0,0.4836688899046205,0.4836688899046205,0.24183444495231024,-0.0,0.0,0.0,0.0,-0.0,0.0,400,0.014814814814814815,0.0345679012345679,0.05432098765432099,-0.14199606051628105,0.007792207792207793,0.0,0.0,1,1,1,7500000.0,0.0,0.0,15.830413711839864,0.0,0.0,7500000.0,7500000.0,3750000.0,-1700000.0,-1700000.0,0.7733333333333333,0.7733333333333333,110.81289598287904,0.0,0.0,0,0,0,0,0,0,0.0,0.0,0,0,UNKNOWN,UNKNOWN,UNKNOWN,OPEN_SEX,UNKNOWN,UNKNOWN,UNKNOWN,UNKNOWN,UNKNOWN,0,0,0,0,0,0,0,0.107872041817907,2,4,0.0,0.0,0,0,0,V1_LIGHTGBM,LightGBM F_filter-a:近走着差・勝ち馬強度・フィールド強度・基礎能力
2026-07-04,2026-0704-02-01-07-04,2023100610,0,2026-07-04,函館,芝,1200,grade:unknown|condition:12,unknown,12,UNKNOWN,0,OPEN_SEX,UNKNOWN,0,0,0,5800000.0,2300000.0,1500000.0,11050000.0,15.573368647930426,16.21794107642577,0,0.0,0.0,0.0,0.0,0.2604166666666667,490.0,3.5,262.1,1,0,0,1,0,1,0,1,0,0,0.0,0.5,0.0,0.5,0.0,0.6875,0.34375,0.0625,1.0,0.9375,0.0,1,0.53125,0.12103072956898178,1,25.0,16,11,フルムーン,16,1,0,0.0,1,1.0,0,1,0,1,0,1,3,0,0,1.0,0.0,0.0,1.0,1.0,0.5,0.0,0.0,0.0,0.0,0.0,0.0,0.0,0.0,1200,0,0,grade:unknown|condition:11,unknown,unknown,1200,0.1625,0.0,0.0,0.10652777777777779,0.0,0.0,0.1625,0.0,0.0,0.1625,0.1625,0.08125,-0.8375,0.1625,0.0,0.0,0.13972222222222225,0.0,0.0,0,31000000.0,0.0,0.0,16533333.333333334,0.0,0.0,6,0,0,0,0,0,0.6054559135869756,0.0,0.0,0.6054559135869756,0.0,0.0,0.0,0.0,0.0,0.0,0.0,0.0,0.6054559135869756,0.6054559135869756,0.3027279567934878,0.0,0.0,0.0,0.0,-0.0,-0.0,0.0,0.0,-0.0,0.0,0.0,0.0,0.0,0.0,0.6054559135869756,0.0,0.0,0.6054559135869756,0.6054559135869756,0.3027279567934878,-0.0,0.0,0.0,0.0,-0.0,0.0,8854,0.13827745795236482,0.2633480076758099,0.3671972005869737,0.07543992735614317,0.15472296494355317,0.0,0.0,1,1,1,7500000.0,0.0,0.0,15.830413711839864,0.0,0.0,7500000.0,7500000.0,3750000.0,-1700000.0,-1700000.0,0.7733333333333333,0.7733333333333333,15.830413711839864,0.0,0.0,0,0,0,0,0,0,0.0,0.0,0,0,UNKNOWN,UNKNOWN,UNKNOWN,OPEN_SEX,UNKNOWN,UNKNOWN,UNKNOWN,UNKNOWN,UNKNOWN,0,0,0,0,0,0,0,0.10762535578949127,3,4,0.0,0.0,0,0,0,V1_LIGHTGBM,LightGBM F_filter-a:近走着差・勝ち馬強度・フィールド強度・基礎能力
2026-07-04,2026-0704-02-01-07-04,2023106965,0,2026-07-04,函館,芝,1200,grade:unknown|condition:12,unknown,12,UNKNOWN,0,OPEN_SEX,UNKNOWN,0,0,0,5800000.0,2300000.0,1500000.0,11050000.0,15.573368647930426,16.21794107642577,0,0.0,0.0,0.0,0.0,0.2604166666666667,490.0,3.5,262.1,1,0,0,1,0,1,0,1,0,0,0.0,0.5,0.0,0.5,0.0,0.5,0.25,0.0625,1.0,0.9375,0.0,1,0.53125,0.12103072956898178,9,258.0,13,8,ソチミルコ,16,1,0,0.0,0,0.0,0,0,0,0,0,1,7,0,0,7.0,0.0,0.0,7.0,7.0,3.5,0.0,0.0,0.0,0.0,0.0,0.0,0.0,0.0,1400,0,0,grade:unknown|condition:11,unknown,unknown,1200,0.1714285714285714,0.0,0.0,0.10480158730158731,0.0,0.0,1.1999999999999997,0.0,0.0,0.1714285714285714,0.1714285714285714,0.0857142857142857,-6.828571428571428,0.17875000000000002,0.0,0.0,0.16172619047619047,0.0,0.0,0,21000000.0,0.0,0.0,14250000.0,0.0,0.0,5,0,0,0,0,0,0.41749241931638514,0.0,0.0,0.41749241931638514,0.0,0.0,0.0,0.0,0.0,0.0,0.0,0.0,0.41749241931638514,0.41749241931638514,0.20874620965819257,0.0,0.0,0.0,0.0,-0.0,-0.0,0.0,0.0,-0.0,0.0,0.0,0.0,0.0,0.0,0.41749241931638514,0.0,0.0,0.41749241931638514,0.41749241931638514,0.20874620965819257,-0.0,0.0,0.0,0.0,-0.0,0.0,6724,0.1223064348342993,0.22425323227819885,0.32189032545697727,0.04742544588760518,0.19227744477744477,0.0,0.0,1,1,1,7500000.0,0.0,0.0,15.830413711839864,0.0,0.0,7500000.0,7500000.0,3750000.0,-1700000.0,-1700000.0,0.7733333333333333,0.7733333333333333,110.81289598287904,0.0,0.0,0,0,0,0,0,0,0.0,0.0,0,0,UNKNOWN,UNKNOWN,UNKNOWN,OPEN_SEX,UNKNOWN,UNKNOWN,UNKNOWN,UNKNOWN,UNKNOWN,0,0,0,0,0,0,0,0.07291482821978962,4,4,0.0,0.0,0,0,0,V1_LIGHTGBM,LightGBM F_filter-a:近走着差・勝ち馬強度・フィールド強度・基礎能力
2026-07-04,2026-0704-02-01-07-04,2023103612,0,2026-07-04,函館,芝,1200,grade:unknown|condition:12,unknown,12,UNKNOWN,0,OPEN_SEX,UNKNOWN,0,0,0,5800000.0,2300000.0,1500000.0,11050000.0,15.573368647930426,16.21794107642577,0,0.0,0.0,0.0,0.0,0.2604166666666667,490.0,3.5,262.1,1,0,0,1,0,1,0,1,0,0,0.0,0.5,0.0,0.5,0.0,0.75,0.375,0.0625,1.0,0.9375,0.0,1,0.53125,0.12103072956898178,8,249.0,8,12,オリヒメボシ,16,1,0,0.0,0,0.0,0,0,0,0,0,1,8,0,0,12.0,0.0,0.0,12.0,12.0,6.0,0.0,0.0,0.0,0.0,0.0,0.0,0.0,0.0,1400,0,0,grade:unknown|condition:11,unknown,unknown,1200,0.1714285714285714,0.0,0.0,0.11094324945887446,0.0,0.0,2.057142857142857,0.0,0.0,0.1714285714285714,0.1714285714285714,0.0857142857142857,-11.82857142857143,0.2057142857142857,0.0,0.0,0.1857142857142857,0.0,0.0,0,11100000.0,0.0,0.0,9300000.0,0.0,0.0,0,0,0,0,0,0,0.37163992813667335,0.0,0.0,0.37163992813667335,0.0,0.0,0.0,0.0,0.0,0.0,0.0,0.0,0.37163992813667335,0.37163992813667335,0.18581996406833667,0.0,0.0,0.0,0.0,-0.0,-0.0,0.0,0.0,-0.0,0.0,0.0,0.0,0.0,0.0,0.37163992813667335,0.0,0.0,0.37163992813667335,0.37163992813667335,0.18581996406833667,-0.0,0.0,0.0,0.0,-0.0,0.0,650,0.08549618320610687,0.15725190839694655,0.2381679389312977,0.0015539498209181592,-0.02189935064935065,0.0,0.0,1,1,1,7500000.0,0.0,0.0,15.830413711839864,0.0,0.0,7500000.0,7500000.0,3750000.0,-1700000.0,-1700000.0,0.7733333333333333,0.7733333333333333,189.96496454207835,0.0,0.0,0,0,0,0,0,0,0.0,0.0,0,0,UNKNOWN,UNKNOWN,UNKNOWN,OPEN_SEX,UNKNOWN,UNKNOWN,UNKNOWN,UNKNOWN,UNKNOWN,0,0,0,0,0,0,0,0.06297332534356194,5,4,0.0,0.0,0,0,0,V1_LIGHTGBM,LightGBM F_filter-a:近走着差・勝ち馬強度・フィールド強度・基礎能力
2026-07-04,2026-0704-02-01-07-04,2023104669,0,2026-07-04,函館,芝,1200,grade:unknown|condition:12,unknown,12,UNKNOWN,0,OPEN_SEX,UNKNOWN,0,0,0,5800000.0,2300000.0,1500000.0,11050000.0,15.573368647930426,16.21794107642577,0,0.0,0.0,0.0,0.0,0.2604166666666667,490.0,3.5,262.1,1,0,0,1,0,1,0,1,0,0,0.0,0.5,0.0,0.5,0.0,0.5625,0.28125,0.0625,1.0,0.9375,0.0,1,0.53125,0.12103072956898178,13,1199.0,6,9,ゲレイロ,16,1,0,0.0,0,0.0,0,0,0,0,0,1,6,0,0,12.0,0.0,0.0,12.0,12.0,6.0,0.0,0.0,0.0,0.0,0.0,0.0,0.0,0.0,1400,0,0,grade:unknown|condition:11,unknown,unknown,1200,0.15000000000000002,0.0,0.0,0.10363636363636365,0.0,0.0,1.8000000000000003,0.0,0.0,0.15000000000000002,0.15000000000000002,0.07500000000000001,-11.85,0.15000000000000002,0.0,0.0,0.13555555555555557,0.0,0.0,0,70000000.0,0.0,0.0,20420000.0,0.0,0.0,8,0,0,0,0,0,0.35830659480334,0.0,0.0,0.35830659480334,0.0,0.0,0.0,0.0,0.0,0.0,0.0,0.0,0.35830659480334,0.35830659480334,0.17915329740167,0.0,0.0,0.0,0.0,-0.0,-0.0,0.0,0.0,-0.0,0.0,0.0,0.0,0.0,0.0,0.35830659480334,0.0,0.0,0.35830659480334,0.35830659480334,0.17915329740167,-0.0,0.0,0.0,0.0,-0.0,0.0,3102,0.04505954296749276,0.09301577084003862,0.1467653685226907,-0.057778963250291165,-0.13509670884670885,0.0,0.0,1,1,1,7500000.0,0.0,0.0,15.830413711839864,0.0,0.0,7500000.0,7500000.0,3750000.0,-1700000.0,-1700000.0,0.7733333333333333,0.7733333333333333,189.96496454207835,0.0,0.0,0,0,0,0,0,0,0.0,0.0,0,0,UNKNOWN,UNKNOWN,UNKNOWN,OPEN_SEX,UNKNOWN,UNKNOWN,UNKNOWN,UNKNOWN,UNKNOWN,0,0,0,0,0,0,0,0.06182772995365788,6,4,0.0,0.0,0,0,0,V1_LIGHTGBM,LightGBM F_filter-a:近走着差・勝ち馬強度・フィールド強度・基礎能力
2026-07-04,2026-0704-02-01-07-04,2023102151,0,2026-07-04,函館,芝,1200,grade:unknown|condition:12,unknown,12,UNKNOWN,0,OPEN_SEX,UNKNOWN,0,0,0,5800000.0,2300000.0,1500000.0,11050000.0,15.573368647930426,16.21794107642577,0,0.0,0.0,0.0,0.0,0.2604166666666667,490.0,3.5,262.1,1,0,0,1,0,1,0,1,0,0,0.0,0.5,0.0,0.5,0.0,0.9375,0.46875,0.0625,1.0,0.9375,0.0,1,0.53125,0.12103072956898178,3,58.0,4,15,スッサンエア,16,0,0,0.0,0,0.0,0.0,0.0,0.0,0.0,0,0,0,0,0,0.0,0.0,0.0,0.0,0.0,0,0.0,0.0,0.0,0.0,0.0,0.0,0.0,0.0,0,0,0,unknown,unknown,unknown,1200,0.0,0.0,0.0,0.0,0.0,0.0,0.0,0.0,0.0,0.0,0.0,0,0.0,0.0,0.0,0.0,0.0,0.0,0.0,0,0.0,0.0,0.0,0.0,0.0,0.0,0,0,0,0,0,0,0.0,0.0,0.0,0.0,0.0,0.0,0.0,0.0,0.0,0.0,0.0,0.0,0.0,0.0,0,0.0,0.0,0.0,0.0,0.0,0.0,0.0,0.0,0.0,0.0,0.0,0.0,0.0,0.0,0.0,0.0,0.0,0.0,0.0,0,0.0,0.0,0.0,0.0,0.0,0.0,8072,0.07824687383929677,0.16293178160207997,0.2468738392967686,0.03236940407497303,0.09964378214378214,0.0,0.0,0,0,0,0.0,0.0,0.0,0.0,0.0,0.0,0.0,0.0,0,0.0,0.0,1.0,1.0,0.0,0.0,0.0,0,0,0,0,0,0,0,0,0,0,UNKNOWN,UNKNOWN,UNKNOWN,UNKNOWN,UNKNOWN,UNKNOWN,UNKNOWN,UNKNOWN,UNKNOWN,0,0,0,0,0,0,0,0.053618078366251265,7,4,0.0,0.0,0,0,0,V1_LIGHTGBM,LightGBM F_filter-a:近走着差・勝ち馬強度・フィールド強度・基礎能力
2026-07-04,2026-0704-02-01-07-04,2023106291,0,2026-07-04,函館,芝,1200,grade:unknown|condition:12,unknown,12,UNKNOWN,0,OPEN_SEX,UNKNOWN,0,0,0,5800000.0,2300000.0,1500000.0,11050000.0,15.573368647930426,16.21794107642577,0,0.0,0.0,0.0,0.0,0.2604166666666667,490.0,3.5,262.1,1,0,0,1,0,1,0,1,0,0,0.0,0.5,0.0,0.5,0.0,1.0,0.5,0.0625,1.0,0.9375,0.0,1,0.53125,0.12103072956898178,10,723.0,7,16,ヤジロベエバランス,16,0,0,0.0,0,0.0,0.0,0.0,0.0,0.0,0,0,0,0,0,0.0,0.0,0.0,0.0,0.0,0,0.0,0.0,0.0,0.0,0.0,0.0,0.0,0.0,0,0,0,unknown,unknown,unknown,1200,0.0,0.0,0.0,0.0,0.0,0.0,0.0,0.0,0.0,0.0,0.0,0,0.0,0.0,0.0,0.0,0.0,0.0,0.0,0,0.0,0.0,0.0,0.0,0.0,0.0,0,0,0,0,0,0,0.0,0.0,0.0,0.0,0.0,0.0,0.0,0.0,0.0,0.0,0.0,0.0,0.0,0.0,0,0.0,0.0,0.0,0.0,0.0,0.0,0.0,0.0,0.0,0.0,0.0,0.0,0.0,0.0,0.0,0.0,0.0,0.0,0.0,0,0.0,0.0,0.0,0.0,0.0,0.0,1164,0.02480752780153978,0.05645851154833191,0.09666381522668947,-0.10864404711812234,-0.01185911310911311,0.0,0.0,0,0,0,0.0,0.0,0.0,0.0,0.0,0.0,0.0,0.0,0,0.0,0.0,1.0,1.0,0.0,0.0,0.0,0,0,0,0,0,0,0,0,0,0,UNKNOWN,UNKNOWN,UNKNOWN,UNKNOWN,UNKNOWN,UNKNOWN,UNKNOWN,UNKNOWN,UNKNOWN,0,0,0,0,0,0,0,0.053618078366251265,8,4,0.0,0.0,0,0,0,V1_LIGHTGBM,LightGBM F_filter-a:近走着差・勝ち馬強度・フィールド強度・基礎能力
2026-07-04,2026-0704-02-01-07-04,2023107192,0,2026-07-04,函館,芝,1200,grade:unknown|condition:12,unknown,12,UNKNOWN,0,OPEN_SEX,UNKNOWN,0,0,0,5800000.0,2300000.0,1500000.0,11050000.0,15.573368647930426,16.21794107642577,0,0.0,0.0,0.0,0.0,0.2604166666666667,490.0,3.5,262.1,1,0,0,1,0,1,0,1,0,0,0.0,0.5,0.0,0.5,0.0,0.0625,0.03125,0.0625,1.0,0.9375,0.0,1,0.53125,0.12103072956898178,5,121.0,3,1,ホウオウザロイヤル,16,0,0,0.0,0,0.0,0.0,0.0,0.0,0.0,0,0,0,0,0,0.0,0.0,0.0,0.0,0.0,0,0.0,0.0,0.0,0.0,0.0,0.0,0.0,0.0,0,0,0,unknown,unknown,unknown,1200,0.0,0.0,0.0,0.0,0.0,0.0,0.0,0.0,0.0,0.0,0.0,0,0.0,0.0,0.0,0.0,0.0,0.0,0.0,0,0.0,0.0,0.0,0.0,0.0,0.0,0,0,0,0,0,0,0.0,0.0,0.0,0.0,0.0,0.0,0.0,0.0,0.0,0.0,0.0,0.0,0.0,0.0,0,0.0,0.0,0.0,0.0,0.0,0.0,0.0,0.0,0.0,0.0,0.0,0.0,0.0,0.0,0.0,0.0,0.0,0.0,0.0,0,0.0,0.0,0.0,0.0,0.0,0.0,9925,0.05659617321248741,0.13202416918429002,0.2094662638469285,0.016841813378337272,0.15544252044252044,0.0,0.0,0,0,0,0.0,0.0,0.0,0.0,0.0,0.0,0.0,0.0,0,0.0,0.0,1.0,1.0,0.0,0.0,0.0,0,0,0,0,0,0,0,0,0,0,UNKNOWN,UNKNOWN,UNKNOWN,UNKNOWN,UNKNOWN,UNKNOWN,UNKNOWN,UNKNOWN,UNKNOWN,0,0,0,0,0,0,0,0.05309353848224041,9,4,0.0,430.0,0,1,0,V1_LIGHTGBM,LightGBM F_filter-a:近走着差・勝ち馬強度・フィールド強度・基礎能力
2026-07-04,2026-0704-02-01-07-04,2023107342,0,2026-07-04,函館,芝,1200,grade:unknown|condition:12,unknown,12,UNKNOWN,0,OPEN_SEX,UNKNOWN,0,0,0,5800000.0,2300000.0,1500000.0,11050000.0,15.573368647930426,16.21794107642577,0,0.0,0.0,0.0,0.0,0.2604166666666667,490.0,3.5,262.1,1,0,0,1,0,1,0,1,0,0,0.0,0.5,0.0,0.5,0.0,0.125,0.0625,0.0625,1.0,0.9375,0.0,1,0.53125,0.12103072956898178,4,71.0,2,2,ルージュフィーリア,16,0,0,0.0,0,0.0,0.0,0.0,0.0,0.0,0,0,0,0,0,0.0,0.0,0.0,0.0,0.0,0,0.0,0.0,0.0,0.0,0.0,0.0,0.0,0.0,0,0,0,unknown,unknown,unknown,1200,0.0,0.0,0.0,0.0,0.0,0.0,0.0,0.0,0.0,0.0,0.0,0,0.0,0.0,0.0,0.0,0.0,0.0,0.0,0,0.0,0.0,0.0,0.0,0.0,0.0,0,0,0,0,0,0,0.0,0.0,0.0,0.0,0.0,0.0,0.0,0.0,0.0,0.0,0.0,0.0,0.0,0.0,0,0.0,0.0,0.0,0.0,0.0,0.0,0.0,0.0,0.0,0.0,0.0,0.0,0.0,0.0,0.0,0.0,0.0,0.0,0.0,0,0.0,0.0,0.0,0.0,0.0,0.0,3110,0.0841091492776886,0.15987158908507224,0.2436597110754414,-0.0036573922473298165,0.11905141155141155,0.0,0.0,0,0,0,0.0,0.0,0.0,0.0,0.0,0.0,0.0,0.0,0,0.0,0.0,1.0,1.0,0.0,0.0,0.0,0,0,0,0,0,0,0,0,0,0,UNKNOWN,UNKNOWN,UNKNOWN,UNKNOWN,UNKNOWN,UNKNOWN,UNKNOWN,UNKNOWN,UNKNOWN,0,0,0,0,0,0,0,0.05309353848224041,10,4,0.0,290.0,0,1,0,V1_LIGHTGBM,LightGBM F_filter-a:近走着差・勝ち馬強度・フィールド強度・基礎能力
2026-07-04,2026-0704-02-01-07-04,2023102402,0,2026-07-04,函館,芝,1200,grade:unknown|condition:12,unknown,12,UNKNOWN,0,OPEN_SEX,UNKNOWN,0,0,0,5800000.0,2300000.0,1500000.0,11050000.0,15.573368647930426,16.21794107642577,0,0.0,0.0,0.0,0.0,0.2604166666666667,490.0,3.5,262.1,1,0,0,1,0,1,0,1,0,0,0.0,0.5,0.0,0.5,0.0,0.1875,0.09375,0.0625,1.0,0.9375,0.0,1,0.53125,0.12103072956898178,15,2834.0,12,3,グローリアスダンス,16,0,0,0.0,0,0.0,0.0,0.0,0.0,0.0,0,0,0,0,0,0.0,0.0,0.0,0.0,0.0,0,0.0,0.0,0.0,0.0,0.0,0.0,0.0,0.0,0,0,0,unknown,unknown,unknown,1200,0.0,0.0,0.0,0.0,0.0,0.0,0.0,0.0,0.0,0.0,0.0,0,0.0,0.0,0.0,0.0,0.0,0.0,0.0,0,0.0,0.0,0.0,0.0,0.0,0.0,0,0,0,0,0,0,0.0,0.0,0.0,0.0,0.0,0.0,0.0,0.0,0.0,0.0,0.0,0.0,0.0,0.0,0,0.0,0.0,0.0,0.0,0.0,0.0,0.0,0.0,0.0,0.0,0.0,0.0,0.0,0.0,0.0,0.0,0.0,0.0,0.0,0,0.0,0.0,0.0,0.0,0.0,0.0,1280,0.04046692607003891,0.09727626459143969,0.14708171206225681,-0.045055140236091494,-0.05023208273208273,0.0,0.0,0,0,0,0.0,0.0,0.0,0.0,0.0,0.0,0.0,0.0,0,0.0,0.0,1.0,1.0,0.0,0.0,0.0,0,0,0,0,0,0,0,0,0,0,UNKNOWN,UNKNOWN,UNKNOWN,UNKNOWN,UNKNOWN,UNKNOWN,UNKNOWN,UNKNOWN,UNKNOWN,0,0,0,0,0,0,0,0.05309353848224041,11,4,0.0,0.0,0,0,0,V1_LIGHTGBM,LightGBM F_filter-a:近走着差・勝ち馬強度・フィールド強度・基礎能力
2026-07-04,2026-0704-02-01-07-04,2023104933,0,2026-07-04,函館,芝,1200,grade:unknown|condition:12,unknown,12,UNKNOWN,0,OPEN_SEX,UNKNOWN,0,0,0,5800000.0,2300000.0,1500000.0,11050000.0,15.573368647930426,16.21794107642577,0,0.0,0.0,0.0,0.0,0.2604166666666667,490.0,3.5,262.1,1,0,0,1,0,1,0,1,0,0,0.0,0.5,0.0,0.5,0.0,0.25,0.125,0.0625,1.0,0.9375,0.0,1,0.53125,0.12103072956898178,2,46.0,9,4,ブラックジャック,16,1,0,0.0,0,0.0,0,0,0,0,0,1,9,0,0,15.0,0.0,0.0,15.0,15.0,7.5,0.0,0.0,0.0,0.0,0.0,0.0,0.0,0.0,1500,0,0,grade:unknown|condition:11,unknown,unknown,1200,0.16285714285714284,0.0,0.0,0.11701839826839827,0.0,0.0,2.4428571428571426,0.0,0.0,0.16285714285714284,0.16285714285714284,0.08142857142857142,-14.837142857142856,0.22666666666666666,0.0,0.0,0.17984126984126983,0.0,0.0,0,31000000.0,0.0,0.0,14355555.555555556,0.0,0.0,6,0,0,0,0,0,0.23830425947932682,0.0,0.0,0.23830425947932682,0.0,0.0,0.0,0.0,0.0,0.0,0.0,0.0,0.23830425947932682,0.23830425947932682,0.11915212973966341,0.0,0.0,0.0,0.0,-0.0,-0.0,0.0,0.0,-0.0,0.0,0.0,0.0,0.0,0.0,0.23830425947932682,0.0,0.0,0.23830425947932682,0.23830425947932682,0.11915212973966341,-0.0,0.0,0.0,0.0,-0.0,0.0,1225,0.07154471544715447,0.13577235772357724,0.2,-0.013885801606689964,0.006296435046435044,0.0,0.0,1,1,1,7500000.0,0.0,0.0,15.830413711839864,0.0,0.0,7500000.0,7500000.0,3750000.0,-1700000.0,-1700000.0,0.7733333333333333,0.7733333333333333,237.45620567759795,0.0,0.0,0,0,0,0,0,0,0.0,0.0,0,0,UNKNOWN,UNKNOWN,UNKNOWN,OPEN_SEX,UNKNOWN,UNKNOWN,UNKNOWN,UNKNOWN,UNKNOWN,0,0,0,0,0,0,0,0.05228705390337647,12,4,0.0,0.0,0,0,0,V1_LIGHTGBM,LightGBM F_filter-a:近走着差・勝ち馬強度・フィールド強度・基礎能力
2026-07-04,2026-0704-02-01-07-04,2023101873,0,2026-07-04,函館,芝,1200,grade:unknown|condition:12,unknown,12,UNKNOWN,0,OPEN_SEX,UNKNOWN,0,0,0,5800000.0,2300000.0,1500000.0,11050000.0,15.573368647930426,16.21794107642577,0,0.0,0.0,0.0,0.0,0.2604166666666667,490.0,3.5,262.1,1,0,0,1,0,1,0,1,0,0,0.0,1.0,0.0,1.0,0.0,0.8125,0.8125,0.0625,1.0,0.9375,0.0,1,0.53125,0.12103072956898178,12,1038.0,15,13,スカイプレリュード,16,1,0,0.0,0,0.0,0,0,0,0,0,1,15,0,0,27.0,0.0,0.0,27.0,27.0,13.5,0.0,0.0,0.0,0.0,0.0,0.0,0.0,0.0,2000,0,0,grade:unknown|condition:11,unknown,unknown,1200,0.1625,0.0,0.0,0.10730392156862746,0.0,0.0,4.3875,0.0,0.0,0.1625,0.1625,0.08125,-26.8375,0.16500000000000004,0.0,0.0,0.1605952380952381,0.0,0.0,0,38000000.0,0.0,0.0,17900000.0,0.0,0.0,6,0,0,0,0,0,0.20830413711915044,0.0,0.0,0.17960423804187248,0.0,0.0,0.5147058823529411,0.0,0.0,0.22303921568627455,0.0,0.0,0.17960423804187248,0.17960423804187248,0.08980211902093624,-0.028699899077277963,0.0,0.0,-0.028699899077277963,-0.11479959630911189,-0.11479959630911189,0.0,0.0,-0.11479959630911189,0.0,0.0,0.11479959630911189,0.0,0.0,0.17960423804187248,0.0,0.0,0.17960423804187248,0.17960423804187248,0.08980211902093624,-0.11479959630911189,0.22303921568627455,0.0,0.0,-0.5147058823529411,-0.027011439024500067,2373,0.05382674516400336,0.09671993271656855,0.14928511354079058,-0.05093162974288871,-0.09066137566137566,0.0,0.0,1,1,1,7500000.0,0.0,0.0,15.830413711839864,0.0,0.0,7500000.0,7500000.0,3750000.0,-1700000.0,-1700000.0,0.7733333333333333,0.7733333333333333,427.4211702196763,0.0,0.0,0,0,0,0,0,0,0.0,0.0,0,0,UNKNOWN,UNKNOWN,UNKNOWN,OPEN_SEX,UNKNOWN,UNKNOWN,UNKNOWN,UNKNOWN,UNKNOWN,0,0,0,0,0,0,0,0.05219652211637286,13,4,0.0,0.0,0,0,0,V1_LIGHTGBM,LightGBM F_filter-a:近走着差・勝ち馬強度・フィールド強度・基礎能力
2026-07-04,2026-0704-02-01-07-04,2023105797,1,2026-07-04,函館,芝,1200,grade:unknown|condition:12,unknown,12,UNKNOWN,0,OPEN_SEX,UNKNOWN,0,0,0,5800000.0,2300000.0,1500000.0,11050000.0,15.573368647930426,16.21794107642577,0,0.0,0.0,0.0,0.0,0.2604166666666667,490.0,3.5,262.1,1,0,0,1,0,1,0,1,0,0,0.0,0.5,0.0,0.5,0.0,0.875,0.4375,0.0625,1.0,0.9375,0.0,1,0.53125,0.12103072956898178,6,172.0,1,14,ロードクラシコ,16,1,0,0.0,0,0.0,0,0,0,0,0,1,11,0,0,11.0,0.0,0.0,11.0,11.0,5.5,0.0,0.0,0.0,0.0,0.0,0.0,0.0,0.0,1600,0,0,grade:unknown|condition:11,unknown,unknown,1200,0.15555555555555553,0.0,0.0,0.10667887667887668,0.0,0.0,1.7111111111111108,0.0,0.0,0.15555555555555553,0.15555555555555553,0.07777777777777777,-10.844444444444445,0.15555555555555553,0.0,0.0,0.14648148148148146,0.0,0.0,0,16000000.0,0.0,0.0,11500000.0,0.0,0.0,0,0,0,0,0,0,0.2249774844653814,0.0,0.0,0.2249774844653814,0.0,0.0,0.0,0.0,0.0,0.0,0.0,0.0,0.2249774844653814,0.2249774844653814,0.1124887422326907,0.0,0.0,0.0,0.0,-0.0,-0.0,0.0,0.0,-0.0,0.0,0.0,0.0,0.0,0.0,0.2249774844653814,0.0,0.0,0.2249774844653814,0.2249774844653814,0.1124887422326907,-0.0,0.0,0.0,0.0,-0.0,0.0,4361,0.06344480073293633,0.12780577187356848,0.18987631699496108,0.00027714498491571783,-0.06832084582084583,0.0,0.0,1,1,1,7500000.0,0.0,0.0,15.830413711839864,0.0,0.0,7500000.0,7500000.0,3750000.0,-1700000.0,-1700000.0,0.7733333333333333,0.7733333333333333,174.1345508302385,0.0,0.0,0,0,0,0,0,0,0.0,0.0,0,0,UNKNOWN,UNKNOWN,UNKNOWN,OPEN_SEX,UNKNOWN,UNKNOWN,UNKNOWN,UNKNOWN,UNKNOWN,0,0,0,0,0,0,0,0.047647928781629635,14,4,1720.0,460.0,1,1,0,V1_LIGHTGBM,LightGBM F_filter-a:近走着差・勝ち馬強度・フィールド強度・基礎能力
2026-07-04,2026-0704-02-01-07-04,2023101675,0,2026-07-04,函館,芝,1200,grade:unknown|condition:12,unknown,12,UNKNOWN,0,OPEN_SEX,UNKNOWN,0,0,0,5800000.0,2300000.0,1500000.0,11050000.0,15.573368647930426,16.21794107642577,0,0.0,0.0,0.0,0.0,0.2604166666666667,490.0,3.5,262.1,1,0,0,1,0,1,0,1,0,0,0.0,0.5,0.0,0.5,0.0,0.625,0.3125,0.0625,1.0,0.9375,0.0,1,0.53125,0.12103072956898178,14,2306.0,10,10,チェリーブルーム,16,1,0,0.0,0,0.0,0,0,0,0,0,1,11,0,0,21.0,0.0,0.0,21.0,21.0,10.5,0.0,0.0,0.0,0.0,0.0,0.0,0.0,0.0,1600,0,0,grade:unknown|condition:11,unknown,unknown,1200,0.1625,0.0,0.0,0.10687701187701189,0.0,0.0,3.4125,0.0,0.0,0.1625,0.1625,0.08125,-20.8375,0.1625,0.0,0.0,0.15196969696969698,0.0,0.0,0,21000000.0,0.0,0.0,16500000.0,0.0,0.0,5,0,0,0,0,0,0.2249708040883677,0.0,0.0,0.2249708040883677,0.0,0.0,0.0,0.0,0.0,0.0,0.0,0.0,0.2249708040883677,0.2249708040883677,0.11248540204418385,0.0,0.0,0.0,0.0,-0.0,-0.0,0.0,0.0,-0.0,0.0,0.0,0.0,0.0,0.0,0.2249708040883677,0.0,0.0,0.2249708040883677,0.2249708040883677,0.11248540204418385,-0.0,0.0,0.0,0.0,-0.0,0.0,512,0.013539651837524178,0.029013539651837523,0.05609284332688588,-0.13060763834689618,-0.13891280016280017,0.0,0.0,1,1,1,7500000.0,0.0,0.0,15.830413711839864,0.0,0.0,7500000.0,7500000.0,3750000.0,-1700000.0,-1700000.0,0.7733333333333333,0.7733333333333333,332.43868794863715,0.0,0.0,0,0,0,0,0,0,0.0,0.0,0,0,UNKNOWN,UNKNOWN,UNKNOWN,OPEN_SEX,UNKNOWN,UNKNOWN,UNKNOWN,UNKNOWN,UNKNOWN,0,0,0,0,0,0,0,0.04029212744960139,15,4,0.0,0.0,0,0,0,V1_LIGHTGBM,LightGBM F_filter-a:近走着差・勝ち馬強度・フィールド強度・基礎能力
2026-07-04,2026-0704-02-01-07-04,2023103668,0,2026-07-04,函館,芝,1200,grade:unknown|condition:12,unknown,12,UNKNOWN,0,OPEN_SEX,UNKNOWN,0,0,0,5800000.0,2300000.0,1500000.0,11050000.0,15.573368647930426,16.21794107642577,0,0.0,0.0,0.0,0.0,0.2604166666666667,490.0,3.5,262.1,1,0,0,1,0,1,0,1,0,0,0.0,0.5,0.0,0.5,0.0,0.4375,0.21875,0.0625,1.0,0.9375,0.0,1,0.53125,0.12103072956898178,16,3471.0,11,7,カテドラルクォーツ,16,1,0,0.0,0,0.0,0,0,0,0,0,1,15,0,0,29.0,0.0,0.0,29.0,29.0,14.5,0.0,0.0,0.0,0.0,0.0,0.0,0.0,0.0,1400,0,0,grade:unknown|condition:11,unknown,unknown,1200,0.15555555555555553,0.0,0.0,0.09935019841269842,0.0,0.0,4.51111111111111,0.0,0.0,0.15555555555555553,0.15555555555555553,0.07777777777777777,-28.844444444444445,0.15555555555555553,0.0,0.0,0.13462962962962963,0.0,0.0,0,11100000.0,0.0,0.0,8750000.0,0.0,0.0,0,0,0,0,0,0,0.18497080378516703,0.0,0.0,0.18497080378516703,0.0,0.0,0.0,0.0,0.0,0.0,0.0,0.0,0.18497080378516703,0.18497080378516703,0.09248540189258352,0.0,0.0,0.0,0.0,-0.0,-0.0,0.0,0.0,-0.0,0.0,0.0,0.0,0.0,0.0,0.18497080378516703,0.0,0.0,0.18497080378516703,0.18497080378516703,0.09248540189258352,-0.0,0.0,0.0,0.0,-0.0,0.0,5286,0.030996030996030995,0.0756000756000756,0.12247212247212247,-0.06951457010046833,-0.05074989824989825,0.0,0.0,1,1,1,7500000.0,0.0,0.0,15.830413711839864,0.0,0.0,7500000.0,7500000.0,3750000.0,-1700000.0,-1700000.0,0.7733333333333333,0.7733333333333333,459.08199764335603,0.0,0.0,0,0,0,0,0,0,0.0,0.0,0,0,UNKNOWN,UNKNOWN,UNKNOWN,OPEN_SEX,UNKNOWN,UNKNOWN,UNKNOWN,UNKNOWN,UNKNOWN,0,0,0,0,0,0,0,0.032684705861657434,16,4,0.0,0.0,0,0,0,V1_LIGHTGBM,LightGBM F_filter-a:近走着差・勝ち馬強度・フィールド強度・基礎能力
2026-07-04,2026-0704-02-01-07-05,2024103569,0,2026-07-04,函館,芝,1000,grade:unknown|condition:11,unknown,11,UNKNOWN,0,OPEN_SEX,UNKNOWN,0,0,0,7800000.0,3100000.0,2000000.0,14880000.0,15.86963441986494,16.51552865457352,0,0.0,0.0,0.0,0.0,1.1102230246251566e-17,366.0,3.5,260.3,1,0,0,1,0,0,0,0,0,0,0.0,0.5,0.0,0.5,0.0,1.0,0.5,0.0,1.0,1.0,0.0,0,0.5,0.0,2,38.0,3,5,ヴァイタリズム,5,0,0,0.0,0,0.0,0.0,0.0,0.0,0.0,0,0,0,0,0,0.0,0.0,0.0,0.0,0.0,0,0.0,0.0,0.0,0.0,0.0,0.0,0.0,0.0,0,0,0,unknown,unknown,unknown,1000,0.0,0.0,0.0,0.0,0.0,0.0,0.0,0.0,0.0,0.0,0.0,0,0.0,0.0,0.0,0.0,0.0,0.0,0.0,0,0.0,0.0,0.0,0.0,0.0,0.0,0,0,0,0,0,0,0.0,0.0,0.0,0.0,0.0,0.0,0.0,0.0,0.0,0.0,0.0,0.0,0.0,0.0,0,0.0,0.0,0.0,0.0,0.0,0.0,0.0,0.0,0.0,0.0,0.0,0.0,0.0,0.0,0.0,0.0,0.0,0.0,0.0,0,0.0,0.0,0.0,0.0,0.0,0.0,6725,0.12228826151560178,0.22421991084695395,0.32184249628528977,0.047371925375205536,0.1818607781107781,0.0,0.0,0,0,0,0.0,0.0,0.0,0.0,0.0,0.0,0.0,0.0,0,0.0,0.0,1.0,1.0,0.0,0.0,0.0,0,0,0,0,0,0,0,0,0,0,UNKNOWN,UNKNOWN,UNKNOWN,UNKNOWN,UNKNOWN,UNKNOWN,UNKNOWN,UNKNOWN,UNKNOWN,0,0,0,0,0,0,0,0.13561406016811015,1,5,0.0,0.0,0,1,1,V1_LIGHTGBM,LightGBM F_filter-a:近走着差・勝ち馬強度・フィールド強度・基礎能力
2026-07-04,2026-0704-02-01-07-05,2024104113,1,2026-07-04,函館,芝,1000,grade:unknown|condition:11,unknown,11,UNKNOWN,0,OPEN_SEX,UNKNOWN,0,0,0,7800000.0,3100000.0,2000000.0,14880000.0,15.86963441986494,16.51552865457352,0,0.0,0.0,0.0,0.0,1.1102230246251566e-17,366.0,3.5,260.3,1,0,0,1,0,0,0,0,0,0,0.0,0.5,0.0,0.5,0.0,0.6,0.3,0.0,1.0,1.0,0.0,0,0.5,0.0,1,15.0,1,3,ダマスク,5,0,0,0.0,0,0.0,0.0,0.0,0.0,0.0,0,0,0,0,0,0.0,0.0,0.0,0.0,0.0,0,0.0,0.0,0.0,0.0,0.0,0.0,0.0,0.0,0,0,0,unknown,unknown,unknown,1000,0.0,0.0,0.0,0.0,0.0,0.0,0.0,0.0,0.0,0.0,0.0,0,0.0,0.0,0.0,0.0,0.0,0.0,0.0,0,0.0,0.0,0.0,0.0,0.0,0.0,0,0,0,0,0,0,0.0,0.0,0.0,0.0,0.0,0.0,0.0,0.0,0.0,0.0,0.0,0.0,0.0,0.0,0,0.0,0.0,0.0,0.0,0.0,0.0,0.0,0.0,0.0,0.0,0.0,0.0,0.0,0.0,0.0,0.0,0.0,0.0,0.0,0,0.0,0.0,0.0,0.0,0.0,0.0,9926,0.05659047427248011,0.13201087503776054,0.20954586647870305,0.016827523451541145,0.14016474266474266,0.0,0.0,0,0,0,0.0,0.0,0.0,0.0,0.0,0.0,0.0,0.0,0,0.0,0.0,1.0,1.0,0.0,0.0,0.0,0,0,0,0,0,0,0,0,0,0,UNKNOWN,UNKNOWN,UNKNOWN,UNKNOWN,UNKNOWN,UNKNOWN,UNKNOWN,UNKNOWN,UNKNOWN,0,0,0,0,0,0,0,0.13162197883728885,2,5,150.0,110.0,1,1,0,V1_LIGHTGBM,LightGBM F_filter-a:近走着差・勝ち馬強度・フィールド強度・基礎能力
2026-07-04,2026-0704-02-01-07-05,2024105019,0,2026-07-04,函館,芝,1000,grade:unknown|condition:11,unknown,11,UNKNOWN,0,OPEN_SEX,UNKNOWN,0,0,0,7800000.0,3100000.0,2000000.0,14880000.0,15.86963441986494,16.51552865457352,0,0.0,0.0,0.0,0.0,1.1102230246251566e-17,366.0,3.5,260.3,1,0,0,1,0,0,0,0,0,0,0.0,0.5,0.0,0.5,0.0,0.8,0.4,0.0,1.0,1.0,0.0,0,0.5,0.0,4,102.0,5,4,ロゼハイスクール,5,0,0,0.0,0,0.0,0.0,0.0,0.0,0.0,0,0,0,0,0,0.0,0.0,0.0,0.0,0.0,0,0.0,0.0,0.0,0.0,0.0,0.0,0.0,0.0,0,0,0,unknown,unknown,unknown,1000,0.0,0.0,0.0,0.0,0.0,0.0,0.0,0.0,0.0,0.0,0.0,0,0.0,0.0,0.0,0.0,0.0,0.0,0.0,0,0.0,0.0,0.0,0.0,0.0,0.0,0,0,0,0,0,0,0.0,0.0,0.0,0.0,0.0,0.0,0.0,0.0,0.0,0.0,0.0,0.0,0.0,0.0,0,0.0,0.0,0.0,0.0,0.0,0.0,0.0,0.0,0.0,0.0,0.0,0.0,0.0,0.0,0.0,0.0,0.0,0.0,0.0,0,0.0,0.0,0.0,0.0,0.0,0.0,1282,0.05516705516705517,0.11888111888111888,0.1592851592851593,-0.03911627600831052,-0.10510702260702261,0.0,0.0,0,0,0,0.0,0.0,0.0,0.0,0.0,0.0,0.0,0.0,0,0.0,0.0,1.0,1.0,0.0,0.0,0.0,0,0,0,0,0,0,0,0,0,0,UNKNOWN,UNKNOWN,UNKNOWN,UNKNOWN,UNKNOWN,UNKNOWN,UNKNOWN,UNKNOWN,UNKNOWN,0,0,0,0,0,0,0,0.13162197883728885,3,5,0.0,0.0,0,0,0,V1_LIGHTGBM,LightGBM F_filter-a:近走着差・勝ち馬強度・フィールド強度・基礎能力
2026-07-04,2026-0704-02-01-07-05,2024105553,0,2026-07-04,函館,芝,1000,grade:unknown|condition:11,unknown,11,UNKNOWN,0,OPEN_SEX,UNKNOWN,0,0,0,7800000.0,3100000.0,2000000.0,14880000.0,15.86963441986494,16.51552865457352,0,0.0,0.0,0.0,0.0,1.1102230246251566e-17,366.0,3.5,260.3,1,0,0,1,0,0,0,0,0,0,0.0,0.5,0.0,0.5,0.0,0.2,0.1,0.0,1.0,1.0,0.0,0,0.5,0.0,3,46.0,4,1,リキサンステラ,5,0,0,0.0,0,0.0,0.0,0.0,0.0,0.0,0,0,0,0,0,0.0,0.0,0.0,0.0,0.0,0,0.0,0.0,0.0,0.0,0.0,0.0,0.0,0.0,0,0,0,unknown,unknown,unknown,1000,0.0,0.0,0.0,0.0,0.0,0.0,0.0,0.0,0.0,0.0,0.0,0,0.0,0.0,0.0,0.0,0.0,0.0,0.0,0,0.0,0.0,0.0,0.0,0.0,0.0,0,0,0,0,0,0,0.0,0.0,0.0,0.0,0.0,0.0,0.0,0.0,0.0,0.0,0.0,0.0,0.0,0.0,0,0.0,0.0,0.0,0.0,0.0,0.0,0.0,0.0,0.0,0.0,0.0,0.0,0.0,0.0,0.0,0.0,0.0,0.0,0.0,0,0.0,0.0,0.0,0.0,0.0,0.0,3103,0.04504504504504504,0.09298584298584299,0.14671814671814673,-0.057699917499968806,-0.11843004218004217,0.0,0.0,0,0,0,0.0,0.0,0.0,0.0,0.0,0.0,0.0,0.0,0,0.0,0.0,1.0,1.0,0.0,0.0,0.0,0,0,0,0,0,0,0,0,0,0,UNKNOWN,UNKNOWN,UNKNOWN,UNKNOWN,UNKNOWN,UNKNOWN,UNKNOWN,UNKNOWN,UNKNOWN,0,0,0,0,0,0,0,0.13083519101256574,4,5,0.0,0.0,0,0,0,V1_LIGHTGBM,LightGBM F_filter-a:近走着差・勝ち馬強度・フィールド強度・基礎能力
2026-07-04,2026-0704-02-01-07-05,2024104218,0,2026-07-04,函館,芝,1000,grade:unknown|condition:11,unknown,11,UNKNOWN,0,OPEN_SEX,UNKNOWN,0,0,0,7800000.0,3100000.0,2000000.0,14880000.0,15.86963441986494,16.51552865457352,0,0.0,0.0,0.0,0.0,1.1102230246251566e-17,366.0,3.5,260.3,1,0,0,1,0,0,0,0,0,0,0.0,0.5,0.0,0.5,0.0,0.4,0.2,0.0,1.0,1.0,0.0,0,0.5,0.0,5,337.0,2,2,リアルクウカイ,5,0,0,0.0,0,0.0,0.0,0.0,0.0,0.0,0,0,0,0,0,0.0,0.0,0.0,0.0,0.0,0,0.0,0.0,0.0,0.0,0.0,0.0,0.0,0.0,0,0,0,unknown,unknown,unknown,1000,0.0,0.0,0.0,0.0,0.0,0.0,0.0,0.0,0.0,0.0,0.0,0,0.0,0.0,0.0,0.0,0.0,0.0,0.0,0,0.0,0.0,0.0,0.0,0.0,0.0,0,0,0,0,0,0,0.0,0.0,0.0,0.0,0.0,0.0,0.0,0.0,0.0,0.0,0.0,0.0,0.0,0.0,0,0.0,0.0,0.0,0.0,0.0,0.0,0.0,0.0,0.0,0.0,0.0,0.0,0.0,0.0,0.0,0.0,0.0,0.0,0.0,0,0.0,0.0,0.0,0.0,0.0,0.0,2662,0.023247094113235847,0.05511811023622047,0.09298837645294339,-0.12311964857817163,-0.13146233396233395,0.0,0.0,0,0,0,0.0,0.0,0.0,0.0,0.0,0.0,0.0,0.0,0,0.0,0.0,1.0,1.0,0.0,0.0,0.0,0,0,0,0,0,0,0,0,0,0,UNKNOWN,UNKNOWN,UNKNOWN,UNKNOWN,UNKNOWN,UNKNOWN,UNKNOWN,UNKNOWN,UNKNOWN,0,0,0,0,0,0,0,0.13083519101256574,5,5,0.0,790.0,0,1,0,V1_LIGHTGBM,LightGBM F_filter-a:近走着差・勝ち馬強度・フィールド強度・基礎能力
2026-07-04,2026-0704-02-01-07-06,2023103441,1,2026-07-04,函館,芝,1700,grade:unknown|condition:12,unknown,12,UNKNOWN,0,OPEN_SEX,UNKNOWN,0,0,0,5800000.0,2300000.0,1500000.0,11050000.0,15.573368647930426,16.21794107642577,4,0.19658119658119655,0.22435897435897434,0.25213675213675213,0.2373219373219374,0.2692307692307692,329.0,3.5,260.3,0,1,0,1,0,0,0,1,0,0,0.0,0.6,0.0,0.6,0.0,0.38461538461538464,0.23076923076923078,0.07692307692307693,0.9230769230769231,0.8461538461538461,0.07692307692307693,1,0.521474358974359,0.11556076298133551,1,21.0,1,5,レッドフロイデ,13,1,0,0.0,0,0.0,0,0,0,0,0,1,4,0,0,20.0,0.0,0.0,20.0,20.0,10.0,0.0,0.0,0.0,0.0,0.0,0.0,0.0,0.0,1800,0,0,grade:unknown|condition:11,unknown,unknown,1700,0.2571428571428571,0.0,0.0,0.11180183531746031,0.0,0.0,5.142857142857142,0.0,0.0,0.2571428571428571,0.2571428571428571,0.12857142857142856,-19.742857142857144,0.2571428571428571,0.0,0.0,0.18423280423280422,0.0,0.0,0,11100000.0,0.0,0.0,9300000.0,0.0,0.0,0,0,0,0,0,0,0.47830413794286014,0.0,0.0,0.47671270275767497,0.0,0.0,0.09166666666666667,0.0,0.0,0.06944444444444453,0.0,0.0,0.47671270275767497,0.47671270275767497,0.23835635137883748,-0.001591435185185175,0.0,0.0,-0.001591435185185175,-0.006365740740740749,-0.006365740740740749,0.0,0.0,-0.006365740740740749,0.0,0.0,0.006365740740740749,0.0,0.0,0.47671270275767497,0.0,0.0,0.47671270275767497,0.47671270275767497,0.23835635137883748,-0.006365740740740749,0.06944444444444453,0.0,0.0,-0.09166666666666667,-0.0016484265313849956,1165,0.024786324786324785,0.05641025641025641,0.09658119658119659,-0.10806795780729134,0.01939088689088689,0.0,0.0,1,1,1,7500000.0,0.0,0.0,15.830413711839864,0.0,0.0,7500000.0,7500000.0,3750000.0,-1700000.0,-1700000.0,0.7733333333333333,0.7733333333333333,316.6082742367973,0.0,0.0,0,0,0,0,0,0,0.0,0.0,0,0,UNKNOWN,UNKNOWN,UNKNOWN,OPEN_SEX,UNKNOWN,UNKNOWN,UNKNOWN,UNKNOWN,UNKNOWN,0,0,0,0,0,0,0,0.14422429174393311,1,6,210.0,110.0,1,1,0,V1_LIGHTGBM,LightGBM F_filter-a:近走着差・勝ち馬強度・フィールド強度・基礎能力
2026-07-04,2026-0704-02-01-07-06,2023101756,0,2026-07-04,函館,芝,1700,grade:unknown|condition:12,unknown,12,UNKNOWN,0,OPEN_SEX,UNKNOWN,0,0,0,5800000.0,2300000.0,1500000.0,11050000.0,15.573368647930426,16.21794107642577,6,0.19658119658119655,0.22435897435897434,0.25213675213675213,0.2373219373219374,0.2692307692307692,329.0,3.5,260.3,0,1,0,1,0,0,0,1,0,0,0.0,0.8666666666666667,0.0,0.8666666666666667,0.0,0.07692307692307693,0.06666666666666667,0.07692307692307693,0.9230769230769231,0.8461538461538461,0.07692307692307693,1,0.521474358974359,0.11556076298133551,5,113.0,4,1,メイショウセンドウ,13,1,0,0.0,0,0.0,0,0,0,0,0,1,4,0,0,22.0,0.0,0.0,22.0,22.0,11.0,0.0,0.0,0.0,0.0,0.0,0.0,0.0,0.0,1800,0,0,grade:unknown|condition:11,unknown,unknown,1700,0.325,0.0,0.0,0.10917782738095239,0.0,0.0,7.15,0.0,0.0,0.325,0.325,0.1625,-21.675,0.325,0.0,0.0,0.1890277777777778,0.0,0.0,0,19000000.0,0.0,0.0,11566666.666666666,0.0,0.0,0,0,0,0,0,0,0.47830413722997744,0.0,0.0,0.4676169265818293,0.0,0.0,0.3458333333333333,0.0,0.0,0.12361111111111112,0.0,0.0,0.4676169265818293,0.4676169265818293,0.23380846329091465,-0.010687210648148149,0.0,0.0,-0.010687210648148149,-0.042748842592592595,-0.042748842592592595,0.0,0.0,-0.042748842592592595,0.0,0.0,0.042748842592592595,0.0,0.0,0.4676169265818293,0.0,0.0,0.4676169265818293,0.4676169265818293,0.23380846329091465,-0.042748842592592595,0.12361111111111112,0.0,0.0,-0.3458333333333333,-0.011795137022733078,8940,0.09122414756847401,0.1785354946897708,0.2573504751257686,0.025099387295893377,0.01539021164021164,0.0,0.0,1,1,1,7500000.0,0.0,0.0,15.830413711839864,0.0,0.0,7500000.0,7500000.0,3750000.0,-1700000.0,-1700000.0,0.7733333333333333,0.7733333333333333,348.269101660477,0.0,0.0,0,0,0,0,0,0,0.0,0.0,0,0,UNKNOWN,UNKNOWN,UNKNOWN,OPEN_SEX,UNKNOWN,UNKNOWN,UNKNOWN,UNKNOWN,UNKNOWN,0,0,0,0,0,0,0,0.14361556454716098,2,6,0.0,0.0,0,0,0,V1_LIGHTGBM,LightGBM F_filter-a:近走着差・勝ち馬強度・フィールド強度・基礎能力
2026-07-04,2026-0704-02-01-07-06,2023104158,0,2026-07-04,函館,芝,1700,grade:unknown|condition:12,unknown,12,UNKNOWN,0,OPEN_SEX,UNKNOWN,0,0,0,5800000.0,2300000.0,1500000.0,11050000.0,15.573368647930426,16.21794107642577,4,0.19658119658119655,0.22435897435897434,0.25213675213675213,0.2373219373219374,0.2692307692307692,329.0,3.5,260.3,0,1,0,1,0,0,0,1,0,0,0.0,0.5,0.0,0.5,0.0,0.7692307692307693,0.38461538461538464,0.07692307692307693,0.9230769230769231,0.8461538461538461,0.07692307692307693,1,0.521474358974359,0.11556076298133551,8,257.0,11,10,シュヴェスター,13,1,0,0.0,1,1.0,0,1,0,1,0,1,3,0,0,12.0,0.0,0.0,12.0,12.0,6.0,0.0,0.0,0.0,0.0,0.0,0.0,0.0,0.0,1400,0,0,grade:unknown|condition:11,unknown,unknown,1700,0.18333333333333335,0.0,0.0,0.10164835164835165,0.0,0.0,2.2,0.0,0.0,0.18333333333333335,0.18333333333333335,0.09166666666666667,-11.816666666666666,0.18333333333333335,0.0,0.0,0.1388888888888889,0.0,0.0,0,7500000.0,0.0,0.0,7500000.0,0.0,0.0,0,0,0,0,0,0,0.49163992813667334,0.0,0.0,0.49163992813667334,0.0,0.0,0.0,0.0,0.0,0.0,0.0,0.0,0.49163992813667334,0.49163992813667334,0.24581996406833667,0.0,0.0,0.0,0.0,-0.0,-0.0,0.0,0.0,-0.0,0.0,0.0,0.0,0.0,0.0,0.49163992813667334,0.0,0.0,0.49163992813667334,0.49163992813667334,0.24581996406833667,-0.0,0.0,0.0,0.0,-0.0,0.0,651,0.08536585365853659,0.15701219512195122,0.23780487804878048,0.0019355873787969332,-0.005232683982683986,0.0,0.0,1,1,1,7500000.0,0.0,0.0,15.830413711839864,0.0,0.0,7500000.0,7500000.0,3750000.0,-1700000.0,-1700000.0,0.7733333333333333,0.7733333333333333,189.96496454207835,0.0,0.0,0,0,0,0,0,0,0.0,0.0,0,0,UNKNOWN,UNKNOWN,UNKNOWN,OPEN_SEX,UNKNOWN,UNKNOWN,UNKNOWN,UNKNOWN,UNKNOWN,0,0,0,0,0,0,0,0.11211216979106256,3,6,0.0,0.0,0,0,0,V1_LIGHTGBM,LightGBM F_filter-a:近走着差・勝ち馬強度・フィールド強度・基礎能力
2026-07-04,2026-0704-02-01-07-06,2023101046,0,2026-07-04,函館,芝,1700,grade:unknown|condition:12,unknown,12,UNKNOWN,0,OPEN_SEX,UNKNOWN,0,0,0,5800000.0,2300000.0,1500000.0,11050000.0,15.573368647930426,16.21794107642577,8,0.19658119658119655,0.22435897435897434,0.25213675213675213,0.2373219373219374,0.2692307692307692,329.0,3.5,260.3,0,1,0,1,0,0,0,1,0,0,0.0,0.5,0.0,0.5,0.0,0.6923076923076923,0.34615384615384615,0.07692307692307693,0.9230769230769231,0.8461538461538461,0.07692307692307693,1,0.521474358974359,0.11556076298133551,13,2912.0,9,9,ライヴマルガリータ,13,1,0,0.0,1,1.0,0,1,0,1,0,1,3,0,0,6.0,0.0,0.0,6.0,6.0,3.0,0.0,0.0,0.0,0.0,0.0,0.0,0.0,0.0,1200,0,0,grade:unknown|condition:11,unknown,unknown,1700,0.17454545454545456,0.0,0.0,0.12274080086580087,0.0,0.0,1.0472727272727274,0.0,0.0,0.17454545454545456,0.17454545454545456,0.08727272727272728,-5.825454545454545,0.22666666666666666,0.0,0.0,0.1765151515151515,0.0,0.0,0,16000000.0,0.0,0.0,11166666.666666666,0.0,0.0,0,0,0,0,0,0,0.4450099237033509,0.0,0.0,0.4450099237033509,0.0,0.0,0.0,0.0,0.0,0.0,0.0,0.0,0.4450099237033509,0.4450099237033509,0.22250496185167545,0.0,0.0,0.0,0.0,-0.0,-0.0,0.0,0.0,-0.0,0.0,0.0,0.0,0.0,0.0,0.4450099237033509,0.0,0.0,0.4450099237033509,0.4450099237033509,0.22250496185167545,-0.0,0.0,0.0,0.0,-0.0,0.0,6562,0.05070808588396528,0.10811633927211817,0.16476320998934063,-0.03061829599414539,-0.05823643948643948,0.0,0.0,1,1,1,7500000.0,0.0,0.0,15.830413711839864,0.0,0.0,7500000.0,7500000.0,3750000.0,-1700000.0,-1700000.0,0.7733333333333333,0.7733333333333333,94.98248227103917,0.0,0.0,0,0,0,0,0,0,0.0,0.0,0,0,UNKNOWN,UNKNOWN,UNKNOWN,OPEN_SEX,UNKNOWN,UNKNOWN,UNKNOWN,UNKNOWN,UNKNOWN,0,0,0,0,0,0,0,0.09628144061930025,4,6,0.0,0.0,0,0,0,V1_LIGHTGBM,LightGBM F_filter-a:近走着差・勝ち馬強度・フィールド強度・基礎能力
2026-07-04,2026-0704-02-01-07-06,2023103065,0,2026-07-04,函館,芝,1700,grade:unknown|condition:12,unknown,12,UNKNOWN,0,OPEN_SEX,UNKNOWN,0,0,0,5800000.0,2300000.0,1500000.0,11050000.0,15.573368647930426,16.21794107642577,13,0.19658119658119655,0.22435897435897434,0.25213675213675213,0.2373219373219374,0.2692307692307692,329.0,3.5,260.3,0,1,0,1,0,0,0,1,0,0,0.0,0.5,0.0,0.5,0.0,0.6153846153846154,0.3076923076923077,0.07692307692307693,0.9230769230769231,0.8461538461538461,0.07692307692307693,1,0.521474358974359,0.11556076298133551,6,121.0,8,8,クラン,13,1,0,0.0,0,0.0,0,0,0,0,0,1,5,0,0,9.0,0.0,0.0,9.0,9.0,4.5,0.0,0.0,0.0,0.0,0.0,0.0,0.0,0.0,1200,0,0,grade:unknown|condition:11,unknown,unknown,1700,0.27636363636363637,0.0,0.0,0.12682178932178934,0.0,0.0,2.4872727272727273,0.0,0.0,0.27636363636363637,0.27636363636363637,0.13818181818181818,-8.723636363636363,0.27636363636363637,0.0,0.0,0.1711952861952862,0.0,0.0,0,16000000.0,0.0,0.0,11133333.333333334,0.0,0.0,0,0,0,0,0,0,0.2916868343733667,0.0,0.0,0.2916868343733667,0.0,0.0,0.0,0.0,0.0,0.0,0.0,0.0,0.2916868343733667,0.2916868343733667,0.14584341718668334,0.0,0.0,0.0,0.0,-0.0,-0.0,0.0,0.0,-0.0,0.0,0.0,0.0,0.0,0.0,0.2916868343733667,0.0,0.0,0.2916868343733667,0.2916868343733667,0.14584341718668334,-0.0,0.0,0.0,0.0,-0.0,0.0,6726,0.12227009359679096,0.22418659931659485,0.3219432476600802,0.04742435298071026,0.17852744477744478,0.0,0.0,1,1,1,7500000.0,0.0,0.0,15.830413711839864,0.0,0.0,7500000.0,7500000.0,3750000.0,-1700000.0,-1700000.0,0.7733333333333333,0.7733333333333333,142.47372340655878,0.0,0.0,0,0,0,0,0,0,0.0,0.0,0,0,UNKNOWN,UNKNOWN,UNKNOWN,OPEN_SEX,UNKNOWN,UNKNOWN,UNKNOWN,UNKNOWN,UNKNOWN,0,0,0,0,0,0,0,0.0722451116047335,5,6,0.0,0.0,0,0,0,V1_LIGHTGBM,LightGBM F_filter-a:近走着差・勝ち馬強度・フィールド強度・基礎能力
2026-07-04,2026-0704-02-01-07-06,2023100637,0,2026-07-04,函館,芝,1700,grade:unknown|condition:12,unknown,12,UNKNOWN,0,OPEN_SEX,UNKNOWN,0,0,0,5800000.0,2300000.0,1500000.0,11050000.0,15.573368647930426,16.21794107642577,10,0.19658119658119655,0.22435897435897434,0.25213675213675213,0.2373219373219374,0.2692307692307692,329.0,3.5,260.3,0,1,0,1,0,0,0,1,0,0,0.0,0.5,0.0,0.5,0.0,0.5384615384615384,0.2692307692307692,0.07692307692307693,0.9230769230769231,0.8461538461538461,0.07692307692307693,1,0.521474358974359,0.11556076298133551,11,1757.0,10,7,ブリリアンス,13,0,0,0.0,0,0.0,0.0,0.0,0.0,0.0,0,0,0,0,0,0.0,0.0,0.0,0.0,0.0,0,0.0,0.0,0.0,0.0,0.0,0.0,0.0,0.0,0,0,0,unknown,unknown,unknown,1700,0.0,0.0,0.0,0.0,0.0,0.0,0.0,0.0,0.0,0.0,0.0,0,0.0,0.0,0.0,0.0,0.0,0.0,0.0,0,0.0,0.0,0.0,0.0,0.0,0.0,0,0,0,0,0,0,0.0,0.0,0.0,0.0,0.0,0.0,0.0,0.0,0.0,0.0,0.0,0.0,0.0,0.0,0,0.0,0.0,0.0,0.0,0.0,0.0,0.0,0.0,0.0,0.0,0.0,0.0,0.0,0.0,0.0,0.0,0.0,0.0,0.0,0,0.0,0.0,0.0,0.0,0.0,0.0,1922,0.05137519460300986,0.0975609756097561,0.15049299429164503,-0.03643472430122364,0.12245814370814372,0.0,0.0,0,0,0,0.0,0.0,0.0,0.0,0.0,0.0,0.0,0.0,0,0.0,0.0,1.0,1.0,0.0,0.0,0.0,0,0,0,0,0,0,0,0,0,0,UNKNOWN,UNKNOWN,UNKNOWN,UNKNOWN,UNKNOWN,UNKNOWN,UNKNOWN,UNKNOWN,UNKNOWN,0,0,0,0,0,0,0,0.06611975455371542,6,6,0.0,0.0,0,0,0,V1_LIGHTGBM,LightGBM F_filter-a:近走着差・勝ち馬強度・フィールド強度・基礎能力
2026-07-04,2026-0704-02-01-07-06,2023101910,0,2026-07-04,函館,芝,1700,grade:unknown|condition:12,unknown,12,UNKNOWN,0,OPEN_SEX,UNKNOWN,0,0,0,5800000.0,2300000.0,1500000.0,11050000.0,15.573368647930426,16.21794107642577,12,0.19658119658119655,0.22435897435897434,0.25213675213675213,0.2373219373219374,0.2692307692307692,329.0,3.5,260.3,0,1,0,1,0,0,0,1,0,0,0.0,0.5,0.0,0.5,0.0,0.3076923076923077,0.15384615384615385,0.07692307692307693,0.9230769230769231,0.8461538461538461,0.07692307692307693,1,0.521474358974359,0.11556076298133551,12,2115.0,12,4,ステキサプライズ,13,0,0,0.0,0,0.0,0.0,0.0,0.0,0.0,0,0,0,0,0,0.0,0.0,0.0,0.0,0.0,0,0.0,0.0,0.0,0.0,0.0,0.0,0.0,0.0,0,0,0,unknown,unknown,unknown,1700,0.0,0.0,0.0,0.0,0.0,0.0,0.0,0.0,0.0,0.0,0.0,0,0.0,0.0,0.0,0.0,0.0,0.0,0.0,0,0.0,0.0,0.0,0.0,0.0,0.0,0,0,0,0,0,0,0.0,0.0,0.0,0.0,0.0,0.0,0.0,0.0,0.0,0.0,0.0,0.0,0.0,0.0,0,0.0,0.0,0.0,0.0,0.0,0.0,0.0,0.0,0.0,0.0,0.0,0.0,0.0,0.0,0.0,0.0,0.0,0.0,0.0,0,0.0,0.0,0.0,0.0,0.0,0.0,2374,0.05380411937788987,0.09667927700714586,0.14922236233711644,-0.050962829561868116,-0.10524470899470899,0.0,0.0,0,0,0,0.0,0.0,0.0,0.0,0.0,0.0,0.0,0.0,0,0.0,0.0,1.0,1.0,0.0,0.0,0.0,0,0,0,0,0,0,0,0,0,0,UNKNOWN,UNKNOWN,UNKNOWN,UNKNOWN,UNKNOWN,UNKNOWN,UNKNOWN,UNKNOWN,UNKNOWN,0,0,0,0,0,0,0,0.06592786293671805,7,6,0.0,0.0,0,0,0,V1_LIGHTGBM,LightGBM F_filter-a:近走着差・勝ち馬強度・フィールド強度・基礎能力
2026-07-04,2026-0704-02-01-07-06,2023106726,0,2026-07-04,函館,芝,1700,grade:unknown|condition:12,unknown,12,UNKNOWN,0,OPEN_SEX,UNKNOWN,0,0,0,5800000.0,2300000.0,1500000.0,11050000.0,15.573368647930426,16.21794107642577,10,0.19658119658119655,0.22435897435897434,0.25213675213675213,0.2373219373219374,0.2692307692307692,329.0,3.5,260.3,0,1,0,1,0,0,0,1,0,0,0.0,0.5,0.0,0.5,0.0,0.46153846153846156,0.23076923076923078,0.07692307692307693,0.9230769230769231,0.8461538461538461,0.07692307692307693,1,0.521474358974359,0.11556076298133551,10,637.0,7,6,フェンリル,13,0,0,0.0,0,0.0,0.0,0.0,0.0,0.0,0,0,0,0,0,0.0,0.0,0.0,0.0,0.0,0,0.0,0.0,0.0,0.0,0.0,0.0,0.0,0.0,0,0,0,unknown,unknown,unknown,1700,0.0,0.0,0.0,0.0,0.0,0.0,0.0,0.0,0.0,0.0,0.0,0,0.0,0.0,0.0,0.0,0.0,0.0,0.0,0,0.0,0.0,0.0,0.0,0.0,0.0,0,0,0,0,0,0,0.0,0.0,0.0,0.0,0.0,0.0,0.0,0.0,0.0,0.0,0.0,0.0,0.0,0.0,0,0.0,0.0,0.0,0.0,0.0,0.0,0.0,0.0,0.0,0.0,0.0,0.0,0.0,0.0,0.0,0.0,0.0,0.0,0.0,0,0.0,0.0,0.0,0.0,0.0,0.0,91,0.0625,0.09375,0.13541666666666666,-0.0349590885305171,-0.03614279239279239,0.0,0.0,0,0,0,0.0,0.0,0.0,0.0,0.0,0.0,0.0,0.0,0,0.0,0.0,1.0,1.0,0.0,0.0,0.0,0,0,0,0,0,0,0,0,0,0,UNKNOWN,UNKNOWN,UNKNOWN,UNKNOWN,UNKNOWN,UNKNOWN,UNKNOWN,UNKNOWN,UNKNOWN,0,0,0,0,0,0,0,0.06592786293671805,8,6,0.0,0.0,0,0,0,V1_LIGHTGBM,LightGBM F_filter-a:近走着差・勝ち馬強度・フィールド強度・基礎能力
2026-07-04,2026-0704-02-01-07-06,2023101091,0,2026-07-04,函館,芝,1700,grade:unknown|condition:12,unknown,12,UNKNOWN,0,OPEN_SEX,UNKNOWN,0,0,0,5800000.0,2300000.0,1500000.0,11050000.0,15.573368647930426,16.21794107642577,3,0.19658119658119655,0.22435897435897434,0.25213675213675213,0.2373219373219374,0.2692307692307692,329.0,3.5,260.3,0,1,0,1,0,0,0,1,0,0,0.0,0.5,0.0,0.5,0.0,0.8461538461538461,0.4230769230769231,0.07692307692307693,0.9230769230769231,0.8461538461538461,0.07692307692307693,1,0.521474358974359,0.11556076298133551,7,200.0,2,11,ストリートクイーン,13,0,0,0.0,0,0.0,0.0,0.0,0.0,0.0,0,0,0,0,0,0.0,0.0,0.0,0.0,0.0,0,0.0,0.0,0.0,0.0,0.0,0.0,0.0,0.0,0,0,0,unknown,unknown,unknown,1700,0.0,0.0,0.0,0.0,0.0,0.0,0.0,0.0,0.0,0.0,0.0,0,0.0,0.0,0.0,0.0,0.0,0.0,0.0,0,0.0,0.0,0.0,0.0,0.0,0.0,0,0,0,0,0,0,0.0,0.0,0.0,0.0,0.0,0.0,0.0,0.0,0.0,0.0,0.0,0.0,0.0,0.0,0,0.0,0.0,0.0,0.0,0.0,0.0,0.0,0.0,0.0,0.0,0.0,0.0,0.0,0.0,0.0,0.0,0.0,0.0,0.0,0,0.0,0.0,0.0,0.0,0.0,0.0,9927,0.05668546113572292,0.13209826822392268,0.20962545308095046,0.016866122472045674,0.147248075998076,0.0,0.0,0,0,0,0.0,0.0,0.0,0.0,0.0,0.0,0.0,0.0,0,0.0,0.0,1.0,1.0,0.0,0.0,0.0,0,0,0,0,0,0,0,0,0,0,UNKNOWN,UNKNOWN,UNKNOWN,UNKNOWN,UNKNOWN,UNKNOWN,UNKNOWN,UNKNOWN,UNKNOWN,0,0,0,0,0,0,0,0.06586379549429314,9,6,0.0,300.0,0,1,0,V1_LIGHTGBM,LightGBM F_filter-a:近走着差・勝ち馬強度・フィールド強度・基礎能力
2026-07-04,2026-0704-02-01-07-06,2023101857,0,2026-07-04,函館,芝,1700,grade:unknown|condition:12,unknown,12,UNKNOWN,0,OPEN_SEX,UNKNOWN,0,0,0,5800000.0,2300000.0,1500000.0,11050000.0,15.573368647930426,16.21794107642577,8,0.19658119658119655,0.22435897435897434,0.25213675213675213,0.2373219373219374,0.2692307692307692,329.0,3.5,260.3,0,1,0,1,0,0,0,1,0,0,0.0,0.5,0.0,0.5,0.0,0.9230769230769231,0.46153846153846156,0.07692307692307693,0.9230769230769231,0.8461538461538461,0.07692307692307693,1,0.521474358974359,0.11556076298133551,2,47.0,13,12,ララニューディー,13,0,0,0.0,0,0.0,0.0,0.0,0.0,0.0,0,0,0,0,0,0.0,0.0,0.0,0.0,0.0,0,0.0,0.0,0.0,0.0,0.0,0.0,0.0,0.0,0,0,0,unknown,unknown,unknown,1700,0.0,0.0,0.0,0.0,0.0,0.0,0.0,0.0,0.0,0.0,0.0,0,0.0,0.0,0.0,0.0,0.0,0.0,0.0,0,0.0,0.0,0.0,0.0,0.0,0.0,0,0,0,0,0,0,0.0,0.0,0.0,0.0,0.0,0.0,0.0,0.0,0.0,0.0,0.0,0.0,0.0,0.0,0,0.0,0.0,0.0,0.0,0.0,0.0,0.0,0.0,0.0,0.0,0.0,0.0,0.0,0.0,0.0,0.0,0.0,0.0,0.0,0,0.0,0.0,0.0,0.0,0.0,0.0,3111,0.0840821566110398,0.16014120667522463,0.24390243902439024,-0.0036562166149777336,0.12738474488474488,0.0,0.0,0,0,0,0.0,0.0,0.0,0.0,0.0,0.0,0.0,0.0,0,0.0,0.0,1.0,1.0,0.0,0.0,0.0,0,0,0,0,0,0,0,0,0,0,UNKNOWN,UNKNOWN,UNKNOWN,UNKNOWN,UNKNOWN,UNKNOWN,UNKNOWN,UNKNOWN,UNKNOWN,0,0,0,0,0,0,0,0.06586379549429314,10,6,0.0,0.0,0,0,0,V1_LIGHTGBM,LightGBM F_filter-a:近走着差・勝ち馬強度・フィールド強度・基礎能力
2026-07-04,2026-0704-02-01-07-06,2023105320,0,2026-07-04,函館,芝,1700,grade:unknown|condition:12,unknown,12,UNKNOWN,0,OPEN_SEX,UNKNOWN,0,0,0,5800000.0,2300000.0,1500000.0,11050000.0,15.573368647930426,16.21794107642577,1,0.19658119658119655,0.22435897435897434,0.25213675213675213,0.2373219373219374,0.2692307692307692,329.0,3.5,260.3,0,1,0,1,0,0,0,1,0,0,0.0,0.5,0.0,0.5,0.0,1.0,0.5,0.07692307692307693,0.9230769230769231,0.8461538461538461,0.07692307692307693,1,0.521474358974359,0.11556076298133551,4,81.0,5,13,チャーチルデュース,13,0,0,0.0,0,0.0,0.0,0.0,0.0,0.0,0,0,0,0,0,0.0,0.0,0.0,0.0,0.0,0,0.0,0.0,0.0,0.0,0.0,0.0,0.0,0.0,0,0,0,unknown,unknown,unknown,1700,0.0,0.0,0.0,0.0,0.0,0.0,0.0,0.0,0.0,0.0,0.0,0,0.0,0.0,0.0,0.0,0.0,0.0,0.0,0,0.0,0.0,0.0,0.0,0.0,0.0,0,0,0,0,0,0,0.0,0.0,0.0,0.0,0.0,0.0,0.0,0.0,0.0,0.0,0.0,0.0,0.0,0.0,0,0.0,0.0,0.0,0.0,0.0,0.0,0.0,0.0,0.0,0.0,0.0,0.0,0.0,0.0,0.0,0.0,0.0,0.0,0.0,0,0.0,0.0,0.0,0.0,0.0,0.0,8855,0.13826185101580135,0.2633182844243792,0.36715575620767493,0.07539611708766704,0.15036690433749256,0.0,0.0,0,0,0,0.0,0.0,0.0,0.0,0.0,0.0,0.0,0.0,0,0.0,0.0,1.0,1.0,0.0,0.0,0.0,0,0,0,0,0,0,0,0,0,0,UNKNOWN,UNKNOWN,UNKNOWN,UNKNOWN,UNKNOWN,UNKNOWN,UNKNOWN,UNKNOWN,UNKNOWN,0,0,0,0,0,0,0,0.06586379549429314,11,6,0.0,0.0,0,0,0,V1_LIGHTGBM,LightGBM F_filter-a:近走着差・勝ち馬強度・フィールド強度・基礎能力
2026-07-04,2026-0704-02-01-07-06,2023101088,0,2026-07-04,函館,芝,1700,grade:unknown|condition:12,unknown,12,UNKNOWN,0,OPEN_SEX,UNKNOWN,0,0,0,5800000.0,2300000.0,1500000.0,11050000.0,15.573368647930426,16.21794107642577,2,0.19658119658119655,0.22435897435897434,0.25213675213675213,0.2373219373219374,0.2692307692307692,329.0,3.5,260.3,0,1,0,1,0,0,0,1,0,0,0.0,0.5,0.0,0.5,0.0,1.0769230769230769,0.5384615384615384,0.07692307692307693,0.9230769230769231,0.8461538461538461,0.07692307692307693,1,0.521474358974359,0.11556076298133551,9,297.0,6,14,トルークマクト,13,0,0,0.0,0,0.0,0.0,0.0,0.0,0.0,0,0,0,0,0,0.0,0.0,0.0,0.0,0.0,0,0.0,0.0,0.0,0.0,0.0,0.0,0.0,0.0,0,0,0,unknown,unknown,unknown,1700,0.0,0.0,0.0,0.0,0.0,0.0,0.0,0.0,0.0,0.0,0.0,0,0.0,0.0,0.0,0.0,0.0,0.0,0.0,0,0.0,0.0,0.0,0.0,0.0,0.0,0,0,0,0,0,0,0.0,0.0,0.0,0.0,0.0,0.0,0.0,0.0,0.0,0.0,0.0,0.0,0.0,0.0,0,0.0,0.0,0.0,0.0,0.0,0.0,0.0,0.0,0.0,0.0,0.0,0.0,0.0,0.0,0.0,0.0,0.0,0.0,0.0,0,0.0,0.0,0.0,0.0,0.0,0.0,1021,0.03313840155945419,0.08674463937621832,0.1364522417153996,-0.08708829547540145,-0.20984866984866984,0.0,0.0,0,0,0,0.0,0.0,0.0,0.0,0.0,0.0,0.0,0.0,0,0.0,0.0,1.0,1.0,0.0,0.0,0.0,0,0,0,0,0,0,0,0,0,0,UNKNOWN,UNKNOWN,UNKNOWN,UNKNOWN,UNKNOWN,UNKNOWN,UNKNOWN,UNKNOWN,UNKNOWN,0,0,0,0,0,0,0,0.06586379549429314,12,6,0.0,0.0,0,0,0,V1_LIGHTGBM,LightGBM F_filter-a:近走着差・勝ち馬強度・フィールド強度・基礎能力
2026-07-04,2026-0704-02-01-07-06,2023103577,0,2026-07-04,函館,芝,1700,grade:unknown|condition:12,unknown,12,UNKNOWN,0,OPEN_SEX,UNKNOWN,0,0,0,5800000.0,2300000.0,1500000.0,11050000.0,15.573368647930426,16.21794107642577,6,0.19658119658119655,0.22435897435897434,0.25213675213675213,0.2373219373219374,0.2692307692307692,329.0,3.5,260.3,0,1,0,1,0,0,0,1,0,0,0.0,0.3125,0.0,0.3125,0.0,0.15384615384615385,0.04807692307692308,0.07692307692307693,0.9230769230769231,0.8461538461538461,0.07692307692307693,1,0.521474358974359,0.11556076298133551,3,78.0,3,2,ブレイズランナー,13,1,0,0.0,0,0.0,0,0,0,0,0,1,10,0,0,11.0,0.0,0.0,11.0,11.0,5.5,0.0,0.0,0.0,0.0,0.0,0.0,0.0,0.0,2000,0,0,grade:unknown|condition:11,unknown,unknown,1700,0.18333333333333335,0.0,0.0,0.10608776844070962,0.0,0.0,2.0166666666666666,0.0,0.0,0.18333333333333335,0.18333333333333335,0.09166666666666667,-10.816666666666666,0.18333333333333335,0.0,0.0,0.1638888888888889,0.0,0.0,0,7500000.0,0.0,0.0,7500000.0,0.0,0.0,0,0,0,0,0,0,0.33331081779871474,0.0,0.0,0.3409926589175152,0.0,0.0,-0.20220588235294112,0.0,0.0,0.1519607843137255,0.0,0.0,0.3409926589175152,0.3409926589175152,0.1704963294587576,0.0076818411188004365,0.0,0.0,0.0076818411188004365,0.03072736447520184,0.03072736447520184,0.0,0.0,0.03072736447520184,0.0,0.0,-0.03072736447520184,0.0,0.0,0.3409926589175152,0.0,0.0,0.3409926589175152,0.3409926589175152,0.1704963294587576,0.03072736447520184,0.1519607843137255,0.0,0.0,0.20220588235294112,0.0073899447203422215,1281,0.04043545878693624,0.09720062208398134,0.1469673405909798,-0.045459078456047707,-0.06481541606541606,0.0,0.0,1,1,1,7500000.0,0.0,0.0,15.830413711839864,0.0,0.0,7500000.0,7500000.0,3750000.0,-1700000.0,-1700000.0,0.7733333333333333,0.7733333333333333,174.1345508302385,0.0,0.0,0,0,0,0,0,0,0.0,0.0,0,0,UNKNOWN,UNKNOWN,UNKNOWN,OPEN_SEX,UNKNOWN,UNKNOWN,UNKNOWN,UNKNOWN,UNKNOWN,0,0,0,0,0,0,0,0.05587946544764755,13,6,0.0,180.0,0,1,0,V1_LIGHTGBM,LightGBM F_filter-a:近走着差・勝ち馬強度・フィールド強度・基礎能力
2026-07-04,2026-0704-02-01-07-07,2023100997,0,2026-07-04,函館,芝,1200,grade:unknown|condition:13,unknown,13,UNKNOWN,0,OPEN_SEX,UNKNOWN,0,0,0,8200000.0,3300000.0,2100000.0,15620000.0,15.919644834185693,16.564062766396297,0,0.0,0.0,0.0,0.0,0.2,490.0,3.5,262.1,1,0,0,1,0,1,0,1,0,0,0.5460424309943493,0.5,0.0,0.5,0.0,0.3,0.15,0.0,0.9,1.0,0.0,0,0.4930555555555556,0.020833333333333325,1,19.0,2,3,デルマリシリ,10,4,0,0.0,4,1.0,0,1,0,1,3,4,2,2,2,3.0,0.0,0.0,0.0,1.0,1.5,0.0,0.0,0.0,0.05416666666666667,0.024444444444444446,0.08333333333333333,0.0,0.1625,1200,1200,1200,grade:E|condition:13,grade:unknown|condition:12,grade:E|condition:12,1200,0.21000000000000002,0.255,0.255,0.13954800194931774,0.12942271617271617,0.13330680868838765,0.6300000000000001,0.0,0.0,0.255,0.24000000000000002,0.23249999999999998,0.255,0.23272727272727273,0.255,0.255,0.214983164983165,0.21702279202279204,0.2124074074074074,0,21000000.0,52000000.0,41000000.0,11260000.0,25940000.0,17420000.0,5,7,6,0,6,0,0.5460424309943493,0.9306250197704284,0.9180467955663957,0.5460424309943493,0.9306250197704284,0.9180467955663957,0.0,0.0,0.0,0.0,0.0,0.0,0.9306250197704284,0.7982380821103912,0.7358180805415823,0.0,0.0,0.0,0.0,-0.0,-0.0,-0.0,-0.0,-0.0,-0.0,-0.0,0.0,0.0,0.0,0.5460424309943493,0.9306250197704284,0.9180467955663957,0.7982380821103912,0.9306250197704284,0.7358180805415823,-0.0,0.0,0.0,0.0,-0.0,0.0,8856,0.1382462476018508,0.26328856788172894,0.36711432118271076,0.07544840541438044,0.16831562228621053,0.0,0.0,4,4,3,11400000.0,8200000.0,11400000.0,16.249124001084017,15.919644834185693,16.249124001084017,11400000.0,10333333.333333334,10440000.0,-3200000.0,-2133333.333333334,0.7192982456140351,0.7935483870967741,48.74737200325205,0.0,0.0,0,0,0,0,0,0,0.0,0.0,0,0,UNKNOWN,UNKNOWN,UNKNOWN,OPEN_SEX,OPEN_SEX,OPEN_SEX,UNKNOWN,UNKNOWN,UNKNOWN,0,0,0,0,0,0,0,0.37298304631630674,1,7,0.0,110.0,0,1,0,V1_LIGHTGBM,LightGBM F_filter-a:近走着差・勝ち馬強度・フィールド強度・基礎能力
2026-07-04,2026-0704-02-01-07-07,2023105035,0,2026-07-04,函館,芝,1200,grade:unknown|condition:13,unknown,13,UNKNOWN,0,OPEN_SEX,UNKNOWN,0,0,0,8200000.0,3300000.0,2100000.0,15620000.0,15.919644834185693,16.564062766396297,0,0.0,0.0,0.0,0.0,0.2,490.0,3.5,262.1,1,0,0,1,0,1,0,1,0,0,0.4970902228390611,0.5,0.0,0.5,0.0,0.7,0.35,0.0,0.9,1.0,0.0,0,0.4930555555555556,0.020833333333333325,3,38.0,8,7,メイショウハッケイ,10,7,0,0.0,4,0.5714285714285714,0,0.3333333333333333,0,0.4,3,7,3,7,6,4.0,9.0,6.0,4.0,6.333333333333333,5.8999999999999995,0.0,0.0,0.0,0.05416666666666667,0.2864583333333333,0.15151515151515152,0.0,0.21666666666666667,1200,1600,1600,grade:E|condition:13,grade:L|condition:12,grade:E|condition:12,1200,0.21000000000000002,0.18666666666666665,0.18666666666666665,0.13954800194931774,0.14125326930014429,0.15269168962350782,0.8400000000000001,1.6799999999999997,1.1199999999999999,0.21000000000000002,0.19444444444444445,0.19833333333333333,-3.79,0.23272727272727273,0.19500000000000003,0.24083333333333332,0.214983164983165,0.18861111111111112,0.20388888888888887,0,21000000.0,140000000.0,140000000.0,11260000.0,52375000.0,52725000.0,5,8,8,0,5,0,0.4970902228390611,0.4086496943547021,0.3634827408815067,0.4970902228390611,0.4086496943547021,0.3634827408815067,0.0,0.0,0.0,0.0,0.0,0.0,0.4970902228390611,0.4230742193584233,0.4438365679022425,0.0,0.0,0.0,0.0,-0.0,-0.0,-0.0,-0.0,-0.0,-0.0,-0.0,0.0,0.0,0.0,0.4970902228390611,0.4086496943547021,0.3634827408815067,0.4230742193584233,0.4970902228390611,0.4438365679022425,-0.0,0.0,0.0,0.0,-0.0,0.0,8113,0.11850209411185021,0.22838137472283815,0.3252032520325203,0.05968757401253181,0.09308261183261184,0.0,0.0,5,5,3,11400000.0,21000000.0,11400000.0,16.249124001084017,16.860033043306743,16.249124001084017,21000000.0,14600000.0,14280000.0,-3200000.0,-6400000.0,0.7192982456140351,0.5616438356164384,64.99649600433607,151.74029738976068,97.4947440065041,0,0,5,0,5,1.6666666666666667,1.5,0.0,45.0,0.0,UNKNOWN,LISTED,UNKNOWN,OPEN_SEX,OPEN_SEX,OPEN_SEX,UNKNOWN,UNKNOWN,UNKNOWN,0,0,0,0,0,0,0,0.22511000761250255,2,7,0.0,0.0,0,0,0,V1_LIGHTGBM,LightGBM F_filter-a:近走着差・勝ち馬強度・フィールド強度・基礎能力
2026-07-04,2026-0704-02-01-07-07,2023103528,0,2026-07-04,函館,芝,1200,grade:unknown|condition:13,unknown,13,UNKNOWN,0,OPEN_SEX,UNKNOWN,0,0,0,8200000.0,3300000.0,2100000.0,15620000.0,15.919644834185693,16.564062766396297,0,0.0,0.0,0.0,0.0,0.2,490.0,3.5,262.1,1,0,0,1,0,1,0,1,0,0,0.666348224810434,0.4305555555555556,0.12028130608117203,0.4305555555555556,0.12028130608117203,0.1,0.04305555555555556,0.0,0.9,1.0,0.0,0,0.4930555555555556,0.020833333333333325,2,37.0,4,1,ツルノマイハシ,10,4,0,0.0,1,0.25,0,0.3333333333333333,0,0.25,2,4,2,7,8,1.0,3.0,31.0,1.0,11.666666666666666,7.6,0.0,0.0,0.0,0.027272727272727275,0.03214285714285715,0.375,0.0,0.027272727272727275,1200,1200,1600,grade:unknown|condition:13,grade:E|condition:12,grade:E|condition:11,1200,0.21777777777777776,0.20363636363636367,0.18666666666666665,0.12575019677292404,0.12164078976578976,0.16383838383838384,0.21777777777777776,0.6109090909090911,5.786666666666666,0.21777777777777776,0.2026936026936027,0.2073131313131313,-0.7822222222222223,0.21777777777777776,0.21777777777777776,0.3490909090909091,0.1825925925925926,0.19865319865319866,0.23525252525252527,0,11400000.0,41000000.0,65000000.0,9800000.0,15633333.333333334,26150000.0,0,6,8,0,0,0,0.666348224810434,0.39779068274260115,0.16222455756374027,0.666348224810434,0.39779068274260115,0.16222455756374027,0.0,0.0,0.0,0.0,0.0,0.0,0.666348224810434,0.4087878217055918,0.48495622874074534,0.0,0.0,0.0,0.0,-0.0,-0.0,-0.0,-0.0,-0.0,-0.0,-0.0,0.0,0.0,0.0,0.666348224810434,0.39779068274260115,0.16222455756374027,0.4087878217055918,0.666348224810434,0.48495622874074534,-0.0,0.0,0.0,0.0,-0.0,0.0,3112,0.08405518126403594,0.16008982996470966,0.2438241899262111,-0.003704478162931196,0.12831714581714582,0.0,0.0,4,4,3,8200000.0,11400000.0,11100000.0,15.919644834185693,16.249124001084017,16.22245575637265,11400000.0,10233333.333333334,9740000.0,0.0,-2033333.333333334,1.0,0.8013029315960911,15.919644834185693,48.74737200325205,502.89612844755214,0,0,0,0,0,0,0.0,0.0,0.0,0.0,UNKNOWN,UNKNOWN,UNKNOWN,OPEN_SEX,OPEN_SEX,OPEN_SEX,UNKNOWN,UNKNOWN,UNKNOWN,0,0,0,0,0,0,0,0.18128753799453037,3,7,0.0,0.0,0,0,0,V1_LIGHTGBM,LightGBM F_filter-a:近走着差・勝ち馬強度・フィールド強度・基礎能力
2026-07-04,2026-0704-02-01-07-07,2022105162,0,2026-07-04,函館,芝,1200,grade:unknown|condition:13,unknown,13,UNKNOWN,0,OPEN_SEX,UNKNOWN,0,0,0,8200000.0,3300000.0,2100000.0,15620000.0,15.919644834185693,16.564062766396297,0,0.0,0.0,0.0,0.0,0.2,490.0,3.5,262.1,1,0,0,1,0,1,0,1,0,0,0.0,0.5,0.0,0.5,0.0,0.9,0.45,0.0,0.9,1.0,0.0,0,0.4930555555555556,0.020833333333333325,5,193.0,5,9,ルージュナリッシュ,10,12,1,0.08333333333333333,3,0.25,0,0,0,0,4,8,6,10,7,6.0,6.0,5.0,5.0,5.666666666666667,5.8,0.0,0.0,0.0,0.022766296203796204,0.01591183574879227,0.030246913580246913,0.0,0.13659777722277722,1400,1200,1400,grade:unknown|condition:14,grade:E|condition:14,grade:unknown|condition:14,1200,0.14166666666666666,0.255,0.2823529411764706,0.10896819972254053,0.13654891606422137,0.10755071062217605,0.85,1.53,1.4117647058823528,0.2823529411764706,0.22633986928104574,0.20380392156862742,-4.7176470588235295,0.1739130434782609,0.255,0.2823529411764706,0.16009519749928958,0.2196969696969697,0.20901960784313725,0,20000000.0,15800000.0,41000000.0,11357142.857142856,10920000.0,12666666.666666666,5,0,6,0,0,0,0.42685461587919016,0.32348274088150675,0.42071515655325586,0.42685461587919016,0.32348274088150675,0.42071515655325586,0.0,0.0,0.0,0.0,0.0,0.0,0.42685461587919016,0.39035083777131757,0.3946151615146982,0.0,0.0,0.0,0.0,-0.0,-0.0,-0.0,-0.0,-0.0,-0.0,-0.0,0.0,0.0,0.0,0.42685461587919016,0.32348274088150675,0.42071515655325586,0.39035083777131757,0.42685461587919016,0.3946151615146982,-0.0,0.0,0.0,0.0,-0.0,0.0,7321,0.09555009555009555,0.1835926835926836,0.2659022659022659,0.020577282241752703,0.0750513838013838,0.0,0.0,5,5,3,8200000.0,11400000.0,8200000.0,15.919644834185693,16.249124001084017,15.919644834185693,11400000.0,9266666.666666666,9160000.0,0.0,-1066666.666666666,1.0,0.8848920863309353,95.51786900511416,97.4947440065041,79.59822417092846,0,0,0,0,0,0,0.0,0.0,0.0,0.0,UNKNOWN,UNKNOWN,UNKNOWN,OPEN_SEX,OPEN_SEX,OPEN_SEX,UNKNOWN,UNKNOWN,UNKNOWN,0,0,0,0,0,0,0,0.1021516133593246,4,7,0.0,0.0,0,0,0,V1_LIGHTGBM,LightGBM F_filter-a:近走着差・勝ち馬強度・フィールド強度・基礎能力
2026-07-04,2026-0704-02-01-07-07,2021102312,1,2026-07-04,函館,芝,1200,grade:unknown|condition:13,unknown,13,UNKNOWN,0,OPEN_SEX,UNKNOWN,0,0,0,8200000.0,3300000.0,2100000.0,15620000.0,15.919644834185693,16.564062766396297,0,0.0,0.0,0.0,0.0,0.2,490.0,3.5,262.1,1,0,0,1,0,1,0,1,0,0,0.49522496047482456,0.5,0.0,0.5,0.0,1.0,0.5,0.0,0.9,1.0,0.0,0,0.4930555555555556,0.020833333333333325,4,126.0,1,10,ストレイトアスク,10,14,0,0.0,2,0.14285714285714285,0,0,0,0.2,2,7,4,14,7,5.0,12.0,3.0,3.0,6.666666666666667,6.699999999999999,0.16666666666666666,0.0,0.0,0.06868131868131867,0.022766296203796204,0.009615384615384616,0.8333333333333333,0.34340659340659335,1200,1400,1600,grade:unknown|condition:13,grade:unknown|condition:14,grade:unknown|condition:13,1200,0.24083333333333332,0.14166666666666666,0.19500000000000003,0.12706506280494134,0.10896819972254053,0.11919732151482723,1.2041666666666666,1.7,0.5850000000000001,0.24083333333333332,0.1925,0.20191666666666666,-2.805,0.24083333333333332,0.1739130434782609,0.19500000000000003,0.1998931623931624,0.16009519749928958,0.1884920634920635,0,38000000.0,20000000.0,15800000.0,12771428.57142857,11357142.857142856,10333333.333333334,6,5,0,0,0,0,0.49522496047482456,0.2125322393601316,0.4188643495935866,0.49522496047482456,0.2125322393601316,0.4188643495935866,0.0,0.0,0.0,0.0,0.0,0.0,0.49522496047482456,0.3755405164761809,0.3951450219641691,0.0,0.0,0.0,0.0,-0.0,-0.0,-0.0,-0.0,-0.0,-0.0,-0.0,0.0,0.0,0.0,0.49522496047482456,0.2125322393601316,0.4188643495935866,0.3755405164761809,0.49522496047482456,0.3951450219641691,-0.0,0.0,0.0,0.0,-0.0,0.0,1226,0.07148659626320066,0.13566206336311942,0.19983753046303818,-0.014129369468348455,-0.016620231620231622,0.0,0.0,5,5,3,8200000.0,8200000.0,8000000.0,15.919644834185693,15.919644834185693,15.894952224644102,8200000.0,8133333.333333333,8160000.0,0.0,66666.66666666698,1.0,1.0081967213114755,79.59822417092846,191.03573801022833,47.68485667393231,0,0,0,0,0,0,0.0,0.0,0.0,0.0,UNKNOWN,UNKNOWN,UNKNOWN,OPEN_SEX,OPEN_SEX,OPEN_SEX,UNKNOWN,UNKNOWN,UNKNOWN,0,0,0,0,0,0,0,0.09657945634563386,5,7,1260.0,190.0,1,1,0,V1_LIGHTGBM,LightGBM F_filter-a:近走着差・勝ち馬強度・フィールド強度・基礎能力
2026-07-04,2026-0704-02-01-07-07,2023105199,0,2026-07-04,函館,芝,1200,grade:unknown|condition:13,unknown,13,UNKNOWN,0,OPEN_SEX,UNKNOWN,0,0,0,8200000.0,3300000.0,2100000.0,15620000.0,15.919644834185693,16.564062766396297,0,0.0,0.0,0.0,0.0,0.2,490.0,3.5,262.1,1,0,0,1,0,1,0,1,0,0,0.0,0.5,0.0,0.5,0.0,0.2,0.1,0.0,0.9,1.0,0.0,0,0.4930555555555556,0.020833333333333325,8,1120.0,9,2,キミノナハオリョウ,10,1,0,0.0,0,0.0,0,0,0,0,0,1,7,0,0,7.0,0.0,0.0,7.0,7.0,3.5,0.0,0.0,0.0,0.0,0.0,0.0,0.0,0.0,1600,0,0,grade:unknown|condition:11,unknown,unknown,1200,0.15000000000000002,0.0,0.0,0.09865079365079366,0.0,0.0,1.0500000000000003,0.0,0.0,0.15000000000000002,0.15000000000000002,0.07500000000000001,-6.85,0.15000000000000002,0.0,0.0,0.13555555555555557,0.0,0.0,0,52000000.0,0.0,0.0,17460000.0,0.0,0.0,7,0,0,0,0,0,0.41749241931638514,0.0,0.0,0.41749241931638514,0.0,0.0,0.0,0.0,0.0,0.0,0.0,0.0,0.41749241931638514,0.41749241931638514,0.20874620965819257,0.0,0.0,0.0,0.0,-0.0,-0.0,0.0,0.0,-0.0,0.0,0.0,0.0,0.0,0.0,0.41749241931638514,0.0,0.0,0.41749241931638514,0.41749241931638514,0.20874620965819257,-0.0,0.0,0.0,0.0,-0.0,0.0,513,0.013513513513513514,0.02895752895752896,0.055984555984555984,-0.13035304256064492,-0.14129375254375254,0.0,0.0,1,1,1,7500000.0,0.0,0.0,15.830413711839864,0.0,0.0,7500000.0,7500000.0,3750000.0,700000.0,700000.0,1.0933333333333333,1.0933333333333333,110.81289598287904,0.0,0.0,0,0,0,0,0,0,0.0,0.0,0,0,UNKNOWN,UNKNOWN,UNKNOWN,OPEN_SEX,UNKNOWN,UNKNOWN,UNKNOWN,UNKNOWN,UNKNOWN,0,0,0,0,0,0,0,0.08506137226749114,6,7,0.0,0.0,0,0,0,V1_LIGHTGBM,LightGBM F_filter-a:近走着差・勝ち馬強度・フィールド強度・基礎能力
2026-07-04,2026-0704-02-01-07-07,2023109031,0,2026-07-04,函館,芝,1200,grade:unknown|condition:13,unknown,13,UNKNOWN,0,OPEN_SEX,UNKNOWN,0,0,0,8200000.0,3300000.0,2100000.0,15620000.0,15.919644834185693,16.564062766396297,0,0.0,0.0,0.0,0.0,0.2,490.0,3.5,262.1,1,0,0,1,0,1,0,1,0,0,0.31830504125016146,0.5,0.0,0.5,0.0,0.4,0.2,0.0,0.9,1.0,0.0,0,0.4930555555555556,0.020833333333333325,10,2303.0,7,4,ココソラーレ,10,1,0,0.0,0,0.0,0,0,0,0,0,1,10,0,0,13.0,0.0,0.0,13.0,13.0,6.5,0.0,0.0,0.0,0.0,0.0,0.0,0.0,0.0,1200,0,0,grade:unknown|condition:11,unknown,unknown,1200,0.17454545454545456,0.0,0.0,0.10154356060606061,0.0,0.0,2.2690909090909095,0.0,0.0,0.17454545454545456,0.17454545454545456,0.08727272727272728,-12.825454545454546,0.17454545454545456,0.0,0.0,0.14095959595959595,0.0,0.0,0,21000000.0,0.0,0.0,11283333.333333334,0.0,0.0,5,0,0,0,0,0,0.31830504125016146,0.0,0.0,0.31830504125016146,0.0,0.0,0.0,0.0,0.0,0.0,0.0,0.0,0.31830504125016146,0.31830504125016146,0.15915252062508073,0.0,0.0,0.0,0.0,-0.0,-0.0,0.0,0.0,-0.0,0.0,0.0,0.0,0.0,0.0,0.31830504125016146,0.0,0.0,0.31830504125016146,0.31830504125016146,0.15915252062508073,-0.0,0.0,0.0,0.0,-0.0,0.0,1283,0.05512422360248447,0.1187888198757764,0.15916149068322982,-0.03924167251960568,-0.08677368927368928,0.0,0.0,1,1,1,7500000.0,0.0,0.0,15.830413711839864,0.0,0.0,7500000.0,7500000.0,3750000.0,700000.0,700000.0,1.0933333333333333,1.0933333333333333,205.79537825391822,0.0,0.0,0,0,0,0,0,0,0.0,0.0,0,0,UNKNOWN,UNKNOWN,UNKNOWN,OPEN_SEX,UNKNOWN,UNKNOWN,UNKNOWN,UNKNOWN,UNKNOWN,0,0,0,0,0,0,0,0.044918509648624316,7,7,0.0,0.0,0,0,0,V1_LIGHTGBM,LightGBM F_filter-a:近走着差・勝ち馬強度・フィールド強度・基礎能力
2026-07-04,2026-0704-02-01-07-07,2023101143,0,2026-07-04,函館,芝,1200,grade:unknown|condition:13,unknown,13,UNKNOWN,0,OPEN_SEX,UNKNOWN,0,0,0,8200000.0,3300000.0,2100000.0,15620000.0,15.919644834185693,16.564062766396297,0,0.0,0.0,0.0,0.0,0.2,490.0,3.5,262.1,1,0,0,1,0,1,0,1,0,0,0.0,0.5,0.0,0.5,0.0,0.5,0.25,0.0,0.9,1.0,0.0,0,0.4930555555555556,0.020833333333333325,6,246.0,3,5,ライトニングロッド,10,1,0,0.0,0,0.0,0,0,0,0,0,1,12,0,0,30.0,0.0,0.0,30.0,30.0,15.0,0.0,0.0,0.0,0.0,0.0,0.0,0.0,0.0,1400,0,0,grade:unknown|condition:11,unknown,unknown,1200,0.2571428571428571,0.0,0.0,0.10569940476190476,0.0,0.0,7.7142857142857135,0.0,0.0,0.2571428571428571,0.2571428571428571,0.12857142857142856,-29.742857142857144,0.2571428571428571,0.0,0.0,0.16849206349206347,0.0,0.0,0,11100000.0,0.0,0.0,9300000.0,0.0,0.0,0,0,0,0,0,0,0.26497080378510274,0.0,0.0,0.26497080378510274,0.0,0.0,0.0,0.0,0.0,0.0,0.0,0.0,0.26497080378510274,0.26497080378510274,0.13248540189255137,0.0,0.0,0.0,0.0,-0.0,-0.0,0.0,0.0,-0.0,0.0,0.0,0.0,0.0,0.0,0.26497080378510274,0.0,0.0,0.26497080378510274,0.26497080378510274,0.13248540189255137,-0.0,0.0,0.0,0.0,-0.0,0.0,2375,0.05378151260504202,0.09663865546218488,0.14915966386554622,-0.051232869504076885,-0.1366549654049654,0.0,0.0,1,1,1,7500000.0,0.0,0.0,15.830413711839864,0.0,0.0,7500000.0,7500000.0,3750000.0,700000.0,700000.0,1.0933333333333333,1.0933333333333333,474.9124113551959,0.0,0.0,0,0,0,0,0,0,0.0,0.0,0,0,UNKNOWN,UNKNOWN,UNKNOWN,OPEN_SEX,UNKNOWN,UNKNOWN,UNKNOWN,UNKNOWN,UNKNOWN,0,0,0,0,0,0,0,0.0333686980659986,8,7,0.0,350.0,0,1,0,V1_LIGHTGBM,LightGBM F_filter-a:近走着差・勝ち馬強度・フィールド強度・基礎能力
2026-07-04,2026-0704-02-01-07-07,2023106912,0,2026-07-04,函館,芝,1200,grade:unknown|condition:13,unknown,13,UNKNOWN,0,OPEN_SEX,UNKNOWN,0,0,0,8200000.0,3300000.0,2100000.0,15620000.0,15.919644834185693,16.564062766396297,0,0.0,0.0,0.0,0.0,0.2,490.0,3.5,262.1,1,0,0,1,0,1,0,1,0,0,0.19919735247361975,0.5,0.0,0.5,0.0,0.8,0.4,0.0,0.9,1.0,0.0,0,0.4930555555555556,0.020833333333333325,9,2003.0,10,8,ジュジュドール,10,6,1,0.16666666666666666,1,0.16666666666666666,0,0,0,0,3,6,10,13,8,13.0,22.0,7.0,7.0,14.0,14.5,0.0,0.0,0.25,0.027272727272727275,0.12666666666666668,0.2638888888888889,0.0,0.35454545454545455,1200,1200,1200,grade:unknown|condition:13,grade:E|condition:12,grade:E|condition:12,1200,0.21777777777777776,0.23071428571428568,0.2076923076923077,0.12575019677292404,0.14297730972730974,0.1745266539016539,2.831111111111111,5.075714285714285,1.453846153846154,0.23071428571428568,0.21872812372812372,0.21964163614163615,-6.792307692307692,0.21777777777777776,0.255,0.255,0.1825925925925926,0.22978354978354978,0.2469047619047619,0,11400000.0,52000000.0,52000000.0,9800000.0,20244444.444444444,20737500.0,0,7,7,0,0,0,0.19919735247361975,0.21963409726527605,0.3458192982407673,0.19919735247361975,0.21963409726527605,0.3458192982407673,0.0,0.0,0.0,0.0,0.0,0.0,0.3458192982407673,0.2548835826598877,0.23465276506454613,0.0,0.0,0.0,0.0,-0.0,-0.0,-0.0,-0.0,-0.0,-0.0,-0.0,0.0,0.0,0.0,0.19919735247361975,0.21963409726527605,0.3458192982407673,0.2548835826598877,0.3458192982407673,0.23465276506454613,-0.0,0.0,0.0,0.0,-0.0,0.0,9928,0.05667975435417296,0.1321856438135508,0.20970502365851204,0.01692640837987329,0.1677608965108965,0.0,0.0,5,5,3,8200000.0,11400000.0,11400000.0,15.919644834185693,16.249124001084017,16.249124001084017,11400000.0,10333333.333333334,9800000.0,0.0,-2133333.333333334,1.0,0.7935483870967741,206.955382844414,357.48072802384837,113.74386800758812,0,0,0,0,0,0,0.0,0.0,0.0,0.0,UNKNOWN,UNKNOWN,UNKNOWN,OPEN_SEX,OPEN_SEX,OPEN_SEX,UNKNOWN,UNKNOWN,UNKNOWN,0,0,0,0,0,0,0,0.02714328230172389,9,7,0.0,0.0,0,0,0,V1_LIGHTGBM,LightGBM F_filter-a:近走着差・勝ち馬強度・フィールド強度・基礎能力
2026-07-04,2026-0704-02-01-07-07,2021105715,0,2026-07-04,函館,芝,1200,grade:unknown|condition:13,unknown,13,UNKNOWN,0,OPEN_SEX,UNKNOWN,0,0,0,8200000.0,3300000.0,2100000.0,15620000.0,15.919644834185693,16.564062766396297,0,0.0,0.0,0.0,0.0,0.2,490.0,3.5,262.1,1,0,0,1,0,1,0,1,0,0,0.15919657070278515,0.5,0.0,0.5,0.0,0.6,0.3,0.0,0.9,1.0,0.0,0,0.4930555555555556,0.020833333333333325,7,878.0,6,6,アルバニー,10,11,1,0.09090909090909091,2,0.18181818181818182,0,0.3333333333333333,0,0.2,4,6,11,3,15,15.0,9.0,19.0,9.0,14.333333333333334,14.0,0.0,0.0,0.0,0.027272727272727275,0.017094017094017092,0.016666666666666666,0.0,0.4090909090909091,1200,1200,1200,grade:unknown|condition:13,grade:unknown|condition:14,grade:unknown|condition:14,1200,0.21777777777777776,0.16285714285714284,0.21333333333333332,0.12575019677292404,0.1061638934614643,0.13155227423648477,3.2666666666666666,1.4657142857142855,4.053333333333333,0.21777777777777776,0.19798941798941797,0.2004126984126984,-8.837142857142856,0.21777777777777776,0.16285714285714284,0.22153846153846155,0.1825925925925926,0.15404761904761904,0.20745726495726496,0,11400000.0,8200000.0,15800000.0,9800000.0,8022222.222222222,9210000.0,0,0,0,0,0,0,0.15919657070278515,0.49257914559682503,0.15919645058297552,0.15919657070278515,0.49257914559682503,0.15919645058297552,0.0,0.0,0.0,0.0,0.0,0.0,0.49257914559682503,0.2703240556275286,0.25921131914703516,0.0,0.0,0.0,0.0,-0.0,-0.0,-0.0,-0.0,-0.0,-0.0,-0.0,0.0,0.0,0.0,0.15919657070278515,0.49257914559682503,0.15919645058297552,0.2703240556275286,0.49257914559682503,0.25921131914703516,-0.0,0.0,0.0,0.0,-0.0,0.0,652,0.0852359208523592,0.1567732115677321,0.2374429223744292,0.0016966583278384198,-0.03536088911088912,0.0,0.0,5,5,3,8200000.0,8200000.0,8200000.0,15.919644834185693,15.919644834185693,15.919644834185693,8200000.0,8200000.0,8200000.0,0.0,0.0,1.0,1.0,238.79467251278538,143.27680350767125,302.47325184952814,0,0,0,0,0,0,0.0,0.0,0.0,0.0,UNKNOWN,UNKNOWN,UNKNOWN,OPEN_SEX,OPEN_SEX,OPEN_SEX,UNKNOWN,UNKNOWN,UNKNOWN,0,0,0,0,0,0,0,0.025304733023578486,10,7,0.0,0.0,0,0,0,V1_LIGHTGBM,LightGBM F_filter-a:近走着差・勝ち馬強度・フィールド強度・基礎能力
2026-07-04,2026-0704-02-01-07-08,2022104973,0,2026-07-04,函館,芝,2600,grade:unknown|condition:13,unknown,13,UNKNOWN,0,OPEN_SEX,UNKNOWN,0,0,0,8200000.0,3300000.0,2100000.0,15620000.0,15.919644834185693,16.564062766396297,1,-0.07936507936507936,-0.09047619047619049,-0.07936507936507936,-0.060846560846560815,0.023809523809523808,260.0,3.5,262.1,1,0,0,1,0,0,0,0,0,0,0.6458037307651314,0.5078388278388278,0.2562557985856955,0.5078388278388278,0.2562557985856955,0.8571428571428571,0.4352904238618524,0.14285714285714285,0.42857142857142855,0.5714285714285714,0.2857142857142857,1,0.44182008467722755,0.21538964709691738,2,24.0,7,6,バズアップビート,7,8,0,0.0,3,0.375,0,0.3333333333333333,0,0.2,4,6,2,4,9,1.0,4.0,4.0,1.0,3.0,2.5,0.0,0.0,0.0,0.0,0.01984126984126984,0.002857142857142857,0.0,0.0,2600,1800,2000,grade:E|condition:13,grade:unknown|condition:14,grade:unknown|condition:14,2600,0.1625,0.21714285714285717,0.20363636363636367,0.11368041680541681,0.11508897094191212,0.14560322492227865,0.1625,0.8685714285714287,0.8145454545454547,0.21714285714285717,0.19442640692640695,0.18712012987012988,-0.8375,0.16999999999999998,0.25333333333333335,0.24923076923076926,0.1616025641025641,0.21682539682539684,0.22673705379587733,0,11400000.0,54000000.0,11400000.0,10100000.0,16300000.0,9550000.0,0,7,0,0,0,0,0.65250015933656,0.48080841818306486,0.3203688577435045,0.6458037307651314,0.48080841818306486,0.31867069327061476,0.3214285714285715,0.0,0.08241758241758246,0.08333333333333337,0.0,0.08241758241758246,0.6458037307651314,0.48176094740627035,0.5308785294916081,-0.006696428571428603,0.0,-0.0016981644728897294,0.0,-0.0,-0.026785714285714305,-0.0,-0.006792657891558997,-0.026785714285714305,-0.0,-0.006792657891558997,0.026785714285714305,0.0,0.006792657891558997,0.6458037307651314,0.48080841818306486,0.31867069327061476,0.48176094740627035,0.6458037307651314,0.5308785294916081,-0.0,0.08333333333333337,0.0,0.08241758241758246,-0.3214285714285715,-0.00641840786858899,8857,0.1382306477093207,0.26337169939065674,0.3671857368539833,0.07548504892737419,0.16792346542346542,0.0,0.0,5,5,3,11400000.0,8200000.0,8200000.0,16.249124001084017,15.919644834185693,15.919644834185693,11400000.0,9266666.666666666,9800000.0,-3200000.0,-1066666.666666666,0.7192982456140351,0.8848920863309353,16.249124001084017,63.67857933674277,63.67857933674277,0,0,0,0,0,0,0.0,0.0,0.0,0.0,UNKNOWN,UNKNOWN,UNKNOWN,OPEN_SEX,OPEN_SEX,OPEN_SEX,UNKNOWN,UNKNOWN,UNKNOWN,0,0,0,0,0,0,0,0.24212261488091935,1,8,0.0,0.0,0,0,1,V1_LIGHTGBM,LightGBM F_filter-a:近走着差・勝ち馬強度・フィールド強度・基礎能力
2026-07-04,2026-0704-02-01-07-08,2023107005,1,2026-07-04,函館,芝,2600,grade:unknown|condition:13,unknown,13,UNKNOWN,0,OPEN_SEX,UNKNOWN,0,0,0,8200000.0,3300000.0,2100000.0,15620000.0,15.919644834185693,16.564062766396297,3,-0.07936507936507936,-0.09047619047619049,-0.07936507936507936,-0.060846560846560815,0.023809523809523808,260.0,3.5,262.1,1,0,0,1,0,0,0,0,0,0,0.0,0.5,0.0,0.5,0.0,0.42857142857142855,0.21428571428571427,0.14285714285714285,0.42857142857142855,0.5714285714285714,0.2857142857142857,1,0.44182008467722755,0.21538964709691738,1,16.0,1,3,ダノンヒストリー,7,2,1,0.5,1,0.5,0.5,0.5,0.5,0.5,0,2,7,1,0,10.0,0.0,0.0,0.0,5.0,5.0,0.0,0.0,0.0,0.41944444444444445,0.0,0.0,0.0,4.194444444444445,1800,1800,0,grade:B|condition:11,grade:unknown|condition:11,unknown,2600,0.21777777777777776,0.1714285714285714,0.0,0.20007550320050319,0.13802164502164502,0.0,2.1777777777777776,0.0,0.0,0.21777777777777776,0.19460317460317458,0.1603174603174603,0.1714285714285714,0.24083333333333332,0.19500000000000003,0.0,0.24027777777777776,0.18722222222222223,0.0,0,300000000.0,38000000.0,0.0,136375000.0,22750000.0,0.0,8,7,0,7,0,0,0.35636730923015136,0.9583041371183987,0.0,0.35636730923015136,0.9583041371183987,0.0,0.0,0.0,0.0,0.0,0.0,0.0,0.9583041371183987,0.657335723174275,0.4656748957505953,0.0,0.0,0.0,0.0,-0.0,-0.0,-0.0,0.0,-0.0,-0.0,0.0,0.0,0.0,0.0,0.35636730923015136,0.9583041371183987,0.0,0.657335723174275,0.9583041371183987,0.4656748957505953,-0.0,0.0,0.0,0.0,-0.0,0.0,8114,0.11848749846040153,0.2283532454735805,0.3251631974381081,0.05969254226813786,0.09433261183261182,0.0,0.0,2,2,2,38000000.0,7500000.0,0.0,17.453096744006448,15.830413711839864,0.0,38000000.0,22750000.0,21250000.0,-29800000.0,-14550000.0,0.21578947368421053,0.36043956043956044,174.53096744006447,0.0,0.0,0,7,0,0,7,3.5,3.5,70.0,0,0,G2,UNKNOWN,UNKNOWN,OPEN_SEX,OPEN_SEX,UNKNOWN,TWO_YEAR_OLD_ONLY,UNKNOWN,UNKNOWN,0,0,0,-7,0,0,1,0.21253190840101252,2,8,160.0,150.0,1,1,0,V1_LIGHTGBM,LightGBM F_filter-a:近走着差・勝ち馬強度・フィールド強度・基礎能力
2026-07-04,2026-0704-02-01-07-08,2023106495,0,2026-07-04,函館,芝,2600,grade:unknown|condition:13,unknown,13,UNKNOWN,0,OPEN_SEX,UNKNOWN,0,0,0,8200000.0,3300000.0,2100000.0,15620000.0,15.919644834185693,16.564062766396297,4,-0.07936507936507936,-0.09047619047619049,-0.07936507936507936,-0.060846560846560815,0.023809523809523808,260.0,3.5,262.1,1,0,0,1,0,0,0,0,0,0,0.0,0.8571428571428572,0.0,0.8571428571428572,0.0,0.7142857142857143,0.6122448979591837,0.14285714285714285,0.42857142857142855,0.5714285714285714,0.2857142857142857,1,0.44182008467722755,0.21538964709691738,7,1064.0,6,5,ニューアライブ,7,1,0,0.0,0,0.0,0,0,0,0,0,1,5,0,0,15.0,0.0,0.0,15.0,15.0,7.5,0.0,0.0,0.0,0.0,0.0,0.0,0.0,0.0,1800,0,0,grade:E|condition:11,unknown,unknown,2600,0.22153846153846155,0.0,0.0,0.12093364968364968,0.0,0.0,3.3230769230769233,0.0,0.0,0.22153846153846155,0.22153846153846155,0.11076923076923077,-14.778461538461539,0.22153846153846155,0.0,0.0,0.17566433566433567,0.0,0.0,0,300000000.0,0.0,0.0,89187500.0,0.0,0.0,8,0,0,0,0,0,0.3373096872165402,0.0,0.0,0.33595445762470344,0.0,0.0,0.3035714285714286,0.0,0.0,0.017857142857142905,0.0,0.0,0.33595445762470344,0.33595445762470344,0.16797722881235172,-0.0013552295918367596,0.0,0.0,-0.0013552295918367596,-0.0054209183673469535,-0.0054209183673469535,0.0,0.0,-0.0054209183673469535,0.0,0.0,0.0054209183673469535,0.0,0.0,0.33595445762470344,0.0,0.0,0.33595445762470344,0.33595445762470344,0.16797722881235172,-0.0054209183673469535,0.017857142857142905,0.0,0.0,-0.3035714285714286,-0.0013789741673478958,92,0.061855670103092786,0.09278350515463918,0.13402061855670103,-0.03625133924046968,-0.03849321974321974,0.0,0.0,1,1,1,16000000.0,0.0,0.0,16.588099342704055,0.0,0.0,16000000.0,16000000.0,8000000.0,-7800000.0,-7800000.0,0.5125,0.5125,248.82149014056083,0.0,0.0,0,0,0,0,0,0,0.0,0.0,0,0,UNKNOWN,UNKNOWN,UNKNOWN,OPEN_SEX,UNKNOWN,UNKNOWN,UNKNOWN,UNKNOWN,UNKNOWN,0,0,0,0,0,0,0,0.15408124110382834,3,8,0.0,0.0,0,0,0,V1_LIGHTGBM,LightGBM F_filter-a:近走着差・勝ち馬強度・フィールド強度・基礎能力
2026-07-04,2026-0704-02-01-07-08,2023104156,0,2026-07-04,函館,芝,2600,grade:unknown|condition:13,unknown,13,UNKNOWN,0,OPEN_SEX,UNKNOWN,0,0,0,8200000.0,3300000.0,2100000.0,15620000.0,15.919644834185693,16.564062766396297,2,-0.07936507936507936,-0.09047619047619049,-0.07936507936507936,-0.060846560846560815,0.023809523809523808,260.0,3.5,262.1,1,0,0,1,0,0,0,0,0,0,0.0,0.4838095238095238,0.269215708133216,0.4838095238095238,0.269215708133216,0.14285714285714285,0.0691156462585034,0.14285714285714285,0.42857142857142855,0.5714285714285714,0.2857142857142857,1,0.44182008467722755,0.21538964709691738,4,162.0,4,1,グランアルト,7,5,0,0.0,0,0.0,0,0,0,0,4,5,6,6,4,10.0,21.0,7.0,7.0,12.666666666666666,12.700000000000001,0.0,0.0,0.0,0.012987012987012986,0.0,0.14583333333333334,0.0,0.12987012987012986,2000,2000,2000,grade:unknown|condition:13,grade:E|condition:12,grade:unknown|condition:12,2600,0.21777777777777776,0.255,0.21777777777777776,0.12295498693225966,0.1325,0.12436582514707514,2.1777777777777776,5.355,1.5244444444444443,0.255,0.2301851851851852,0.22894444444444445,-6.782222222222222,0.21777777777777776,0.255,0.21777777777777776,0.18297720797720798,0.205,0.2057794057794058,0,11400000.0,15800000.0,54000000.0,8750000.0,10860000.0,22675000.0,0,0,7,0,0,0,0.35921460831376195,0.22915790698080923,0.38813262969950735,0.3393385752559107,0.23596062806924462,0.39929334398522165,-0.23636363636363633,-0.19047619047619047,-0.25,-0.3363636363636363,0.1428571428571429,0.1785714285714286,0.39929334398522165,0.3248641824367923,0.3203161448457731,-0.01987603305785124,0.006802721088435382,0.011160714285714302,0.011160714285714302,0.04464285714285715,-0.07950413223140493,0.027210884353741503,0.04464285714285715,-0.07950413223140493,0.027210884353741503,0.04464285714285715,0.07950413223140493,-0.027210884353741503,-0.04464285714285715,0.3393385752559107,0.23596062806924462,0.39929334398522165,0.3248641824367923,0.39929334398522165,0.3203161448457731,0.04464285714285715,-0.3363636363636363,0.1428571428571429,0.1785714285714286,0.23636363636363633,-0.02014952766005277,4362,0.06365926265170598,0.12800549576368217,0.19006182734142432,0.0004633492157765809,-0.01901529026529027,0.0,0.0,5,5,3,8200000.0,11400000.0,8200000.0,15.919644834185693,16.249124001084017,15.919644834185693,11400000.0,9266666.666666666,9160000.0,0.0,-1066666.666666666,1.0,0.8848920863309353,159.19644834185692,341.2316040227644,111.43751383929985,0,0,0,0,0,0,0.0,0.0,0.0,0.0,UNKNOWN,UNKNOWN,UNKNOWN,OPEN_SEX,OPEN_SEX,OPEN_SEX,UNKNOWN,UNKNOWN,UNKNOWN,0,0,0,0,0,0,0,0.10061323931645597,4,8,0.0,0.0,0,0,0,V1_LIGHTGBM,LightGBM F_filter-a:近走着差・勝ち馬強度・フィールド強度・基礎能力
2026-07-04,2026-0704-02-01-07-08,2020105796,0,2026-07-04,函館,芝,2600,grade:unknown|condition:13,unknown,13,UNKNOWN,0,OPEN_SEX,UNKNOWN,0,0,0,8200000.0,3300000.0,2100000.0,15620000.0,15.919644834185693,16.564062766396297,7,-0.07936507936507936,-0.09047619047619049,-0.07936507936507936,-0.060846560846560815,0.023809523809523808,260.0,3.5,262.1,1,0,0,1,0,0,0,0,0,0,0.5135003533054853,0.38256410256410256,0.3352544246644147,0.38256410256410256,0.3352544246644147,1.0,0.38256410256410256,0.14285714285714285,0.42857142857142855,0.5714285714285714,0.2857142857142857,1,0.44182008467722755,0.21538964709691738,3,84.0,5,7,ペリプルス,7,40,0,0.0,6,0.15,0,0.3333333333333333,0,0.2,5,13,3,6,12,2.0,14.0,14.0,2.0,10.0,8.0,0.0,0.16666666666666666,0.0,0.0,0.018229166666666664,0.012605042016806723,0.0,0.0,2600,2600,2600,grade:E|condition:13,grade:E|condition:14,grade:unknown|condition:14,2600,0.1625,0.2125,0.13846153846153847,0.11368041680541681,0.12261978861043758,0.13394314467451113,0.325,2.975,1.9384615384615387,0.2125,0.17115384615384616,0.1726923076923077,-1.8375,0.16999999999999998,0.21333333333333332,0.22666666666666666,0.1616025641025641,0.20416666666666666,0.21015873015873016,0,11400000.0,11400000.0,15800000.0,10100000.0,9700000.0,9237500.0,0,0,0,0,0,0,0.502339639019771,0.4624915726223279,0.22073524249180615,0.5135003533054853,0.46325546151121677,0.21258405302193534,-0.5357142857142857,-0.050000000000000044,0.3296703296703297,0.08333333333333337,0.061111111111111116,0.098901098901099,0.5135003533054853,0.3964466226128791,0.4382436257104947,0.011160714285714302,0.0007638888888888973,-0.008151189469870812,0.011160714285714302,0.044642857142857165,0.044642857142857165,0.0030555555555555583,-0.03260475787948319,0.044642857142857165,0.0030555555555555583,-0.03260475787948319,-0.044642857142857165,-0.0030555555555555583,0.03260475787948319,0.5135003533054853,0.46325546151121677,0.21258405302193534,0.3964466226128791,0.5135003533054853,0.4382436257104947,0.044642857142857165,0.08333333333333337,0.061111111111111116,0.098901098901099,0.5357142857142857,0.010697346447648281,2376,0.05375892482150357,0.09659806803863923,0.1495170096598068,-0.05100086913812399,-0.12951210826210827,0.0,0.0,5,5,3,11400000.0,11400000.0,8200000.0,16.249124001084017,16.249124001084017,15.919644834185693,11400000.0,10333333.333333334,10760000.0,-3200000.0,-2133333.333333334,0.7192982456140351,0.7935483870967741,32.49824800216803,227.48773601517624,222.8750276785997,0,0,0,0,0,0,0.0,0.0,0.0,0.0,UNKNOWN,UNKNOWN,UNKNOWN,OPEN_SEX,OPEN_SEX,OPEN_SEX,UNKNOWN,UNKNOWN,UNKNOWN,0,0,0,0,0,0,0,0.08178057369330573,5,8,0.0,0.0,0,0,0,V1_LIGHTGBM,LightGBM F_filter-a:近走着差・勝ち馬強度・フィールド強度・基礎能力
2026-07-04,2026-0704-02-01-07-08,2023105261,0,2026-07-04,函館,芝,2600,grade:unknown|condition:13,unknown,13,UNKNOWN,0,OPEN_SEX,UNKNOWN,0,0,0,8200000.0,3300000.0,2100000.0,15620000.0,15.919644834185693,16.564062766396297,4,-0.07936507936507936,-0.09047619047619049,-0.07936507936507936,-0.060846560846560815,0.023809523809523808,260.0,3.5,262.1,1,0,0,1,0,0,0,0,0,0,0.17067822150530532,0.1428571428571429,0.0,0.1428571428571429,0.0,0.5714285714285714,0.08163265306122451,0.14285714285714285,0.42857142857142855,0.5714285714285714,0.2857142857142857,1,0.44182008467722755,0.21538964709691738,5,178.0,2,4,アスクファイアモア,7,1,0,0.0,0,0.0,0,0,0,0,1,1,8,0,0,12.0,0.0,0.0,12.0,12.0,6.0,0.0,0.0,0.0,0.0,0.0,0.0,0.0,0.0,2600,0,0,grade:E|condition:13,unknown,unknown,2600,0.1625,0.0,0.0,0.11368041680541681,0.0,0.0,1.9500000000000002,0.0,0.0,0.1625,0.1625,0.08125,-11.8375,0.16999999999999998,0.0,0.0,0.1616025641025641,0.0,0.0,0,11400000.0,0.0,0.0,10100000.0,0.0,0.0,0,0,0,0,0,0,0.1624936976957815,0.0,0.0,0.17067822150530532,0.0,0.0,-0.3928571428571428,0.0,0.0,0.08333333333333337,0.0,0.0,0.17067822150530532,0.17067822150530532,0.08533911075265266,0.008184523809523808,0.0,0.0,0.008184523809523808,0.03273809523809525,0.03273809523809525,0.0,0.0,0.03273809523809525,0.0,0.0,-0.03273809523809525,0.0,0.0,0.17067822150530532,0.0,0.0,0.17067822150530532,0.17067822150530532,0.08533911075265266,0.03273809523809525,0.08333333333333337,0.0,0.0,0.3928571428571428,0.007844720728275394,8941,0.09121395036887994,0.17851553767046724,0.2573217080259334,0.025070769846160114,0.015105311355311353,0.0,0.0,1,1,1,11400000.0,0.0,0.0,16.249124001084017,0.0,0.0,11400000.0,11400000.0,5700000.0,-3200000.0,-3200000.0,0.7192982456140351,0.7192982456140351,194.9894880130082,0.0,0.0,0,0,0,0,0,0,0.0,0.0,0,0,UNKNOWN,UNKNOWN,UNKNOWN,OPEN_SEX,UNKNOWN,UNKNOWN,UNKNOWN,UNKNOWN,UNKNOWN,0,0,0,0,0,0,0,0.07435690995561166,6,8,0.0,440.0,0,1,0,V1_LIGHTGBM,LightGBM F_filter-a:近走着差・勝ち馬強度・フィールド強度・基礎能力
2026-07-04,2026-0704-02-01-07-08,2022104164,0,2026-07-04,函館,芝,2600,grade:unknown|condition:13,unknown,13,UNKNOWN,0,OPEN_SEX,UNKNOWN,0,0,0,8200000.0,3300000.0,2100000.0,15620000.0,15.919644834185693,16.564062766396297,6,-0.07936507936507936,-0.09047619047619049,-0.07936507936507936,-0.060846560846560815,0.023809523809523808,260.0,3.5,262.1,1,0,0,1,0,0,0,0,0,0,0.21925480232087152,0.21852813852813852,0.24446426744798913,0.21852813852813852,0.24446426744798913,0.2857142857142857,0.06243661100803957,0.14285714285714285,0.42857142857142855,0.5714285714285714,0.2857142857142857,1,0.44182008467722755,0.21538964709691738,6,949.0,3,2,サイモンイロハニー,7,7,0,0.0,0,0.0,0,0,0,0,3,6,7,13,10,7.0,13.0,16.0,7.0,12.0,10.600000000000001,0.0,0.0,0.0,0.0,0.004464285714285714,0.0,0.0,0.0,2600,1800,2400,grade:E|condition:13,grade:unknown|condition:14,grade:unknown|condition:14,2600,0.1625,0.3054545454545454,0.2630769230769231,0.11368041680541681,0.11453677187848384,0.13939053383506708,1.1375,3.9709090909090907,4.2092307692307696,0.3054545454545454,0.24367715617715618,0.22550174825174824,-6.8375,0.16999999999999998,0.3054545454545454,0.2907692307692308,0.1616025641025641,0.2366974088713219,0.2512820512820513,0,11400000.0,8200000.0,18700000.0,10100000.0,8100000.0,11700000.0,0,0,0,0,0,0,0.21999884993991914,0.23919735247361973,0.23192376608319953,0.21925480232087152,0.2431397714551012,0.23713209941653285,0.0357142857142857,-0.4541666666666667,-0.08333333333333326,0.08333333333333337,0.03472222222222221,0.25,0.2431397714551012,0.2331755577308352,0.22999575248027268,-0.0007440476190476164,0.0039424189814814825,0.005208333333333315,0.005208333333333315,0.020833333333333315,-0.002976190476190476,0.015769675925925923,0.020833333333333315,-0.002976190476190476,0.015769675925925923,0.020833333333333315,0.002976190476190476,-0.015769675925925923,-0.020833333333333315,0.21925480232087152,0.2431397714551012,0.23713209941653285,0.2331755577308352,0.2431397714551012,0.22999575248027268,0.020833333333333315,0.08333333333333337,0.03472222222222221,0.25,-0.0357142857142857,-0.0007131564298432152,3104,0.045030556449018974,0.09295593438404631,0.1466709552910904,-0.057874627578093814,-0.12890623265623266,0.0,0.0,5,5,3,11400000.0,8200000.0,8200000.0,16.249124001084017,15.919644834185693,15.919644834185693,11400000.0,9266666.666666666,9800000.0,-3200000.0,-1066666.666666666,0.7192982456140351,0.8848920863309353,113.74386800758812,206.955382844414,254.7143173469711,0,0,0,0,0,0,0.0,0.0,0.0,0.0,UNKNOWN,UNKNOWN,UNKNOWN,OPEN_SEX,OPEN_SEX,OPEN_SEX,UNKNOWN,UNKNOWN,UNKNOWN,0,0,0,0,0,0,0,0.036701176631864986,7,8,0.0,0.0,0,1,0,V1_LIGHTGBM,LightGBM F_filter-a:近走着差・勝ち馬強度・フィールド強度・基礎能力
2026-07-04,2026-0704-02-01-07-09,2023103351,0,2026-07-04,函館,芝,1800,grade:E|condition:13,E,13,UNKNOWN,0,OPEN_SEX,UNKNOWN,0,0,0,11400000.0,4600000.0,2900000.0,21740000.0,16.249124001084017,16.894664485655497,3,0.23611111111111116,0.18611111111111112,0.06944444444444453,0.13333333333333341,0.05555555555555557,275.0,3.5,262.1,0,1,0,1,0,1,0,1,0,0,0.6645066610244257,0.7443434343434344,0.04598389855851869,0.7443434343434344,0.04598389855851869,0.7777777777777778,0.5789337822671157,0.3333333333333333,0.5555555555555556,0.5555555555555556,0.1111111111111111,3,0.5754193131970909,0.21312766340730177,1,36.0,2,7,グレーヌドジョワ,9,5,0,0.0,2,0.4,0,0.3333333333333333,0,0.4,4,5,2,11,7,1.0,18.0,8.0,1.0,9.0,7.5,0.0,0.3333333333333333,0.0,0.0,0.06944444444444445,0.16666666666666666,0.0,0.0,1800,2200,2000,grade:unknown|condition:13,grade:E|condition:12,grade:E|condition:12,1800,0.24,0.21818181818181817,0.20363636363636367,0.10963998811645871,0.12174828643578643,0.16334974747474748,0.24,3.9272727272727272,1.6290909090909094,0.24,0.2206060606060606,0.22618181818181815,-0.76,0.24,0.21818181818181817,0.21000000000000002,0.16863636363636364,0.18637806637806636,0.1978787878787879,0,38000000.0,300000000.0,41000000.0,14660000.0,65416666.666666664,18000000.0,7,8,6,0,0,0,0.6619037803659895,0.2363636424556283,0.29595875839533453,0.6645066610244257,0.22666437707454473,0.3071933262965691,0.25555555555555554,0.19696969696969702,0.15555555555555567,-0.040740740740740744,0.19696969696969702,-0.28888888888888886,0.6645066610244257,0.3994547881318465,0.4616913088938901,0.0026028806584361686,-0.009699265381083566,0.01123456790123456,0.01123456790123456,0.0449382716049383,0.010411522633744856,-0.03879706152433427,0.0449382716049383,0.010411522633744856,-0.03879706152433427,0.0449382716049383,-0.010411522633744856,0.03879706152433427,-0.0449382716049383,0.6645066610244257,0.22666437707454473,0.3071933262965691,0.3994547881318465,0.6645066610244257,0.4616913088938901,0.0449382716049383,-0.040740740740740744,0.19696969696969702,-0.28888888888888886,-0.25555555555555554,0.002739417886972306,2339,0.03370307167235495,0.07593856655290103,0.12457337883959044,-0.05464346965616993,0.007795815295815298,0.0,0.0,5,5,3,8200000.0,11400000.0,11400000.0,15.919644834185693,16.249124001084017,16.249124001084017,11400000.0,10333333.333333334,9800000.0,3200000.0,1066666.666666666,1.3902439024390243,1.103225806451613,15.919644834185693,292.4842320195123,129.99299200867213,0,0,0,0,0,0,0.0,0.0,0.0,0.0,UNKNOWN,UNKNOWN,UNKNOWN,OPEN_SEX,OPEN_SEX,OPEN_SEX,UNKNOWN,UNKNOWN,UNKNOWN,0,0,0,0,0,0,0,0.1568299041332739,1,9,0.0,140.0,0,1,0,V1_LIGHTGBM,LightGBM F_filter-a:近走着差・勝ち馬強度・フィールド強度・基礎能力
2026-07-04,2026-0704-02-01-07-09,2022106645,0,2026-07-04,函館,芝,1800,grade:E|condition:13,E,13,UNKNOWN,0,OPEN_SEX,UNKNOWN,0,0,0,11400000.0,4600000.0,2900000.0,21740000.0,16.249124001084017,16.894664485655497,5,0.23611111111111116,0.18611111111111112,0.06944444444444453,0.13333333333333341,0.05555555555555557,275.0,3.5,262.1,0,1,0,1,0,1,0,1,0,0,0.0,0.7266666666666667,0.155492050529208,0.7266666666666667,0.155492050529208,0.1111111111111111,0.08074074074074074,0.3333333333333333,0.5555555555555556,0.5555555555555556,0.1111111111111111,3,0.5754193131970909,0.21312766340730177,3,48.0,3,1,グランセゾン,9,5,0,0.0,2,0.4,0,0.3333333333333333,0,0.4,3,5,2,10,6,2.0,12.0,5.0,2.0,6.333333333333333,5.6,0.0,0.0,0.0,0.00909090909090909,0.004464285714285714,0.02412280701754386,0.0,0.01818181818181818,1800,1800,1800,grade:unknown|condition:14,grade:unknown|condition:14,grade:unknown|condition:14,1800,0.16363636363636364,0.3054545454545454,0.25,0.09841217802870617,0.11453677187848384,0.12219427274114775,0.32727272727272727,3.665454545454545,1.25,0.3054545454545454,0.2396969696969697,0.22345454545454546,-1.8363636363636364,0.16470588235294117,0.3054545454545454,0.25,0.1552807486631016,0.2366974088713219,0.21944444444444444,0,20000000.0,8200000.0,15800000.0,9494117.647058824,8100000.0,10990909.090909092,5,0,0,0,0,0,0.5866638949698354,0.31919890602679835,0.4285582938081579,0.5863687560809465,0.31561817686013166,0.4337622868637135,0.14166666666666672,0.4125,0.13750000000000007,0.008333333333333304,0.03472222222222221,-0.1513888888888889,0.5863687560809465,0.44524973993493056,0.4746222884712554,-0.0002951388888888795,-0.003580729166666685,0.005203993055555578,0.005203993055555578,0.020815972222222236,-0.0011805555555555519,-0.014322916666666661,0.020815972222222236,-0.0011805555555555519,-0.014322916666666661,0.020815972222222236,0.0011805555555555519,0.014322916666666661,-0.020815972222222236,0.5863687560809465,0.31561817686013166,0.4337622868637135,0.44524973993493056,0.5863687560809465,0.4746222884712554,0.020815972222222236,0.008333333333333304,0.03472222222222221,-0.1513888888888889,-0.14166666666666672,-0.00028808287470033104,4363,0.06364468864468864,0.12797619047619047,0.190018315018315,0.00039775727561383454,-0.028539099789099794,0.0,0.0,5,5,3,8200000.0,8200000.0,8200000.0,15.919644834185693,15.919644834185693,15.919644834185693,8200000.0,8200000.0,8200000.0,3200000.0,3200000.0,1.3902439024390243,1.3902439024390243,31.839289668371386,191.03573801022833,79.59822417092846,0,0,0,0,0,0,0.0,0.0,0.0,0.0,UNKNOWN,UNKNOWN,UNKNOWN,OPEN_SEX,OPEN_SEX,OPEN_SEX,UNKNOWN,UNKNOWN,UNKNOWN,0,0,0,0,0,0,0,0.12269848789447771,2,9,0.0,150.0,0,1,0,V1_LIGHTGBM,LightGBM F_filter-a:近走着差・勝ち馬強度・フィールド強度・基礎能力
2026-07-04,2026-0704-02-01-07-09,2022102135,0,2026-07-04,函館,芝,1800,grade:E|condition:13,E,13,UNKNOWN,0,OPEN_SEX,UNKNOWN,0,0,0,11400000.0,4600000.0,2900000.0,21740000.0,16.249124001084017,16.894664485655497,6,0.23611111111111116,0.18611111111111112,0.06944444444444453,0.13333333333333341,0.05555555555555557,275.0,3.5,262.1,0,1,0,1,0,1,0,1,0,0,0.46359673353780273,0.5555555555555556,0.11111111111111112,0.5555555555555556,0.11111111111111112,0.3333333333333333,0.18518518518518517,0.3333333333333333,0.5555555555555556,0.5555555555555556,0.1111111111111111,3,0.5754193131970909,0.21312766340730177,2,40.0,5,3,ゴーゴータカシ,9,22,1,0.045454545454545456,6,0.2727272727272727,0,1,0,0.6,7,12,3,2,2,7.0,1.0,1.0,1.0,3.0,4.0,0.0,0.0,0.0,0.0047619047619047615,0.004545454545454546,0.004048582995951417,0.0,0.03333333333333333,1800,1800,1800,grade:E|condition:13,grade:unknown|condition:14,grade:E|condition:14,1800,0.19384615384615386,0.13846153846153847,0.18999999999999997,0.11679243622721884,0.08891456273901416,0.1009728149343534,1.3569230769230771,0.13846153846153847,0.18999999999999997,0.19384615384615386,0.1741025641025641,0.17646153846153848,-0.81,0.19384615384615386,0.18000000000000002,0.18999999999999997,0.16899810066476734,0.15553656220322887,0.15993827160493826,0,54000000.0,10700000.0,15800000.0,15400000.0,8387500.0,9633333.333333334,7,0,0,0,0,0,0.4739671039081731,0.666348224810434,0.6763096831460838,0.46359673353780273,0.666348224810434,0.6763096831460838,0.2666666666666667,0.0,0.0,0.15555555555555567,0.0,0.0,0.6763096831460838,0.6020848804981068,0.5669647708412484,-0.010370370370370363,0.0,0.0,0.0,-0.0,-0.04148148148148152,-0.0,-0.0,-0.04148148148148152,-0.0,-0.0,0.04148148148148152,0.0,0.0,0.46359673353780273,0.666348224810434,0.6763096831460838,0.6020848804981068,0.6763096831460838,0.5669647708412484,-0.0,0.15555555555555567,0.0,0.0,-0.2666666666666667,-0.010435728114522189,8942,0.09120375544875377,0.17860735442047615,0.25740471666480386,0.025099918080992153,0.028795787545787543,0.0,0.0,5,5,3,11400000.0,8200000.0,11400000.0,16.249124001084017,15.919644834185693,16.249124001084017,11400000.0,10333333.333333334,10440000.0,0.0,1066666.666666666,1.0,1.103225806451613,113.74386800758812,15.919644834185693,16.249124001084017,0,0,0,0,0,0,0.0,0.0,0.0,0.0,UNKNOWN,UNKNOWN,UNKNOWN,OPEN_SEX,OPEN_SEX,OPEN_SEX,UNKNOWN,UNKNOWN,UNKNOWN,0,0,0,0,0,0,0,0.11940549934933192,3,9,0.0,0.0,0,0,0,V1_LIGHTGBM,LightGBM F_filter-a:近走着差・勝ち馬強度・フィールド強度・基礎能力
2026-07-04,2026-0704-02-01-07-09,2023102178,0,2026-07-04,函館,芝,1800,grade:E|condition:13,E,13,UNKNOWN,0,OPEN_SEX,UNKNOWN,0,0,0,11400000.0,4600000.0,2900000.0,21740000.0,16.249124001084017,16.894664485655497,6,0.23611111111111116,0.18611111111111112,0.06944444444444453,0.13333333333333341,0.05555555555555557,275.0,3.5,262.1,0,1,0,1,0,1,0,1,0,0,0.3400089110921084,0.49427609427609426,0.21957612425220663,0.49427609427609426,0.21957612425220663,0.4444444444444444,0.21967826412270855,0.3333333333333333,0.5555555555555556,0.5555555555555556,0.1111111111111111,3,0.5754193131970909,0.21312766340730177,4,52.0,8,4,タイキルッジェーロ,9,3,0,0.0,0,0.0,0,0,0,0,3,3,6,11,8,5.0,8.0,15.0,5.0,9.333333333333334,7.9,0.0,0.0,0.0,0.0,0.15833333333333333,0.08333333333333333,0.0,0.0,1800,1800,1800,grade:unknown|condition:13,grade:B|condition:12,grade:E|condition:12,1800,0.24,0.19500000000000003,0.22749999999999998,0.10963998811645871,0.15540531517094017,0.12543471574721576,1.2,1.5600000000000003,3.4124999999999996,0.24,0.22083333333333333,0.22399999999999998,-4.76,0.24,0.2833333333333333,0.22749999999999998,0.16863636363636364,0.2544444444444444,0.20175925925925925,0,38000000.0,300000000.0,11400000.0,14660000.0,120500000.0,10000000.0,7,8,0,0,7,0,0.3396694049192689,0.31151246461496507,0.3079459078263138,0.3400089110921084,0.29774510350385397,0.3175160409759924,0.033333333333333326,-0.32500000000000007,0.1742424242424243,-0.040740740740740744,-0.16944444444444445,-0.21969696969696967,0.3400089110921084,0.31842335185731824,0.3228311947924089,0.0003395061728395099,-0.013767361111111098,0.009570133149678584,0.009570133149678584,0.038280532598714424,0.0013580246913580244,-0.055069444444444456,0.038280532598714424,0.0013580246913580244,-0.055069444444444456,0.038280532598714424,-0.0013580246913580244,0.055069444444444456,-0.038280532598714424,0.3400089110921084,0.29774510350385397,0.3175160409759924,0.31842335185731824,0.3400089110921084,0.3228311947924089,0.038280532598714424,-0.040740740740740744,-0.16944444444444445,-0.21969696969696967,-0.033333333333333326,0.0003573153765616153,8073,0.07823718742262936,0.16291161178509533,0.2468432780391186,0.0324505548982017,0.10311600436600436,0.0,0.0,3,3,3,8200000.0,54000000.0,11400000.0,15.919644834185693,17.804494623047066,16.249124001084017,54000000.0,24533333.333333332,22580000.0,3200000.0,-13133333.333333332,1.3902439024390243,0.46467391304347827,79.59822417092846,142.43595698437653,243.73686001626024,0,0,7,0,7,2.3333333333333335,2.1,0.0,56.0,0.0,UNKNOWN,G2,UNKNOWN,OPEN_SEX,OPEN_SEX,OPEN_SEX,UNKNOWN,UNKNOWN,UNKNOWN,0,0,0,0,0,0,0,0.11038854595381062,4,9,0.0,0.0,0,0,0,V1_LIGHTGBM,LightGBM F_filter-a:近走着差・勝ち馬強度・フィールド強度・基礎能力
2026-07-04,2026-0704-02-01-07-09,2022106231,1,2026-07-04,函館,芝,1800,grade:E|condition:13,E,13,UNKNOWN,0,OPEN_SEX,UNKNOWN,0,0,0,11400000.0,4600000.0,2900000.0,21740000.0,16.249124001084017,16.894664485655497,1,0.23611111111111116,0.18611111111111112,0.06944444444444453,0.13333333333333341,0.05555555555555557,275.0,3.5,262.1,0,1,0,1,0,1,0,1,0,0,0.4639525754994718,0.9833333333333333,0.03333333333333335,0.9833333333333333,0.03333333333333335,0.6666666666666666,0.6555555555555554,0.3333333333333333,0.5555555555555556,0.5555555555555556,0.1111111111111111,3,0.5754193131970909,0.21312766340730177,5,64.0,1,6,ウインベラーノ,9,6,0,0.0,2,0.3333333333333333,0,0,0,0.2,3,5,4,10,8,3.0,14.0,12.0,3.0,9.666666666666666,8.100000000000001,0.0,0.0,0.0,0.0,0.005555555555555556,0.012487512487512488,0.0,0.0,1800,1800,1800,grade:unknown|condition:13,grade:E|condition:14,grade:unknown|condition:14,1800,0.24,0.36,0.15000000000000002,0.10963998811645871,0.12644413748884123,0.16807676977753705,0.72,5.04,1.8000000000000003,0.36,0.25,0.258,-2.76,0.24,0.36,0.36,0.16863636363636364,0.2331508319914117,0.29083333333333333,0,38000000.0,41000000.0,15800000.0,14660000.0,14940000.0,11000000.0,7,6,0,0,0,0,0.44577794235566925,0.23521884534960052,0.32586557269346494,0.4506441974997022,0.22632306940837002,0.3250163506903968,0.47777777777777775,0.4696969696969697,0.39743589743589736,-0.040740740740740744,0.0757575757575758,0.008547008547008517,0.4506441974997022,0.3339945391994897,0.35822228971044145,0.004866255144032938,-0.008895775941230505,-0.0008492220030681397,0.004866255144032938,0.019465020576131687,0.019465020576131687,-0.03558310376492197,-0.003396888012272615,0.019465020576131687,-0.03558310376492197,-0.003396888012272615,-0.019465020576131687,0.03558310376492197,0.003396888012272615,0.4506441974997022,0.22632306940837002,0.3250163506903968,0.3339945391994897,0.4506441974997022,0.35822228971044145,0.019465020576131687,-0.040740740740740744,0.0757575757575758,0.008547008547008517,-0.47777777777777775,0.0051215203973831135,9929,0.056674048721562315,0.1321723374270183,0.20968391383128648,0.01683406006600685,0.1377608965108965,0.0,0.0,5,5,3,8200000.0,11400000.0,8200000.0,15.919644834185693,16.249124001084017,15.919644834185693,11400000.0,9266666.666666666,9160000.0,3200000.0,2133333.333333334,1.3902439024390243,1.2302158273381296,47.75893450255708,227.48773601517624,191.03573801022833,0,0,0,0,0,0,0.0,0.0,0.0,0.0,UNKNOWN,UNKNOWN,UNKNOWN,OPEN_SEX,OPEN_SEX,OPEN_SEX,UNKNOWN,UNKNOWN,UNKNOWN,0,0,0,0,0,0,0,0.09130521592551621,5,9,640.0,190.0,1,1,0,V1_LIGHTGBM,LightGBM F_filter-a:近走着差・勝ち馬強度・フィールド強度・基礎能力
2026-07-04,2026-0704-02-01-07-09,2022105817,0,2026-07-04,函館,芝,1800,grade:E|condition:13,E,13,UNKNOWN,0,OPEN_SEX,UNKNOWN,0,0,0,11400000.0,4600000.0,2900000.0,21740000.0,16.249124001084017,16.894664485655497,2,0.23611111111111116,0.18611111111111112,0.06944444444444453,0.13333333333333341,0.05555555555555557,275.0,3.5,262.1,0,1,0,1,0,1,0,1,0,0,0.0,0.6181639928698752,0.22888176982063468,0.6181639928698752,0.22888176982063468,0.5555555555555556,0.34342444048326404,0.3333333333333333,0.5555555555555556,0.5555555555555556,0.1111111111111111,3,0.5754193131970909,0.21312766340730177,6,114.0,4,5,アルディスティーノ,9,6,0,0.0,0,0.0,0,0,0,0,4,6,5,8,4,5.0,15.0,4.0,4.0,8.0,7.8,0.0,0.0,0.0,0.016666666666666666,0.019230769230769232,0.002777777777777778,0.0,0.08333333333333333,2000,2000,2000,grade:E|condition:13,grade:unknown|condition:14,grade:unknown|condition:14,1800,0.19500000000000003,0.23272727272727273,0.14545454545454548,0.12705808080808081,0.14868936618936618,0.12181587702421036,0.9750000000000002,3.4909090909090907,0.5818181818181819,0.23272727272727273,0.19106060606060607,0.19640909090909092,-3.8545454545454545,0.20363636363636367,0.3054545454545454,0.26916666666666667,0.18162878787878792,0.2691161616161616,0.24972222222222223,0,21000000.0,15800000.0,15800000.0,13300000.0,9266666.666666666,9850000.0,5,0,0,0,0,0,0.419731873355929,0.3258632373694518,0.495934468603233,0.41862707537613103,0.34229979226754514,0.5010179834906694,-0.08333333333333326,0.3846153846153846,-0.18300653594771243,-0.05303030303030304,-0.1709401709401709,0.11111111111111116,0.5010179834906694,0.4206482837114485,0.41220707206646295,-0.0011047979797979557,0.01643655489809337,0.005083514887436413,0.01643655489809337,0.06574621959237341,-0.0044191919191919156,0.06574621959237341,0.020334059549745834,-0.0044191919191919156,0.06574621959237341,0.020334059549745834,0.0044191919191919156,-0.06574621959237341,-0.020334059549745834,0.41862707537613103,0.34229979226754514,0.5010179834906694,0.4206482837114485,0.5010179834906694,0.41220707206646295,0.06574621959237341,-0.05303030303030304,-0.1709401709401709,0.11111111111111116,0.08333333333333326,-0.0011130355745548061,2377,0.05373635600335852,0.09655751469353484,0.1494542401343409,-0.050859213624934084,-0.12207163207163207,0.0,0.0,5,5,3,11400000.0,8200000.0,8200000.0,16.249124001084017,15.919644834185693,15.919644834185693,11400000.0,9266666.666666666,9800000.0,0.0,2133333.333333334,1.0,1.2302158273381296,81.24562000542008,238.79467251278538,63.67857933674277,0,0,0,0,0,0,0.0,0.0,0.0,0.0,UNKNOWN,UNKNOWN,UNKNOWN,OPEN_SEX,OPEN_SEX,OPEN_SEX,UNKNOWN,UNKNOWN,UNKNOWN,0,0,0,0,0,0,0,0.07254304992159534,6,9,0.0,0.0,0,0,0,V1_LIGHTGBM,LightGBM F_filter-a:近走着差・勝ち馬強度・フィールド強度・基礎能力
2026-07-04,2026-0704-02-01-07-09,2020100621,0,2026-07-04,函館,芝,1800,grade:E|condition:13,E,13,UNKNOWN,0,OPEN_SEX,UNKNOWN,0,0,0,11400000.0,4600000.0,2900000.0,21740000.0,16.249124001084017,16.894664485655497,9,0.23611111111111116,0.18611111111111112,0.06944444444444453,0.13333333333333341,0.05555555555555557,275.0,3.5,262.1,0,1,0,1,0,1,0,1,0,0,0.48603514400175973,0.41107454636866403,0.2226546486603583,0.41107454636866403,0.2226546486603583,0.2222222222222222,0.09134989919303645,0.3333333333333333,0.5555555555555556,0.5555555555555556,0.1111111111111111,3,0.5754193131970909,0.21312766340730177,7,129.0,6,2,マイバラード,9,29,0,0.0,4,0.13793103448275862,0,0.3333333333333333,0,0.2,5,11,3,11,5,3.0,5.0,9.0,3.0,5.666666666666667,4.8,0.0,0.0,0.0,0.0,0.0,0.005555555555555556,0.0,0.0,1800,2000,1800,grade:unknown|condition:13,grade:E|condition:14,grade:E|condition:14,1800,0.24,0.12631578947368421,0.36,0.10963998811645871,0.12062182023118892,0.12644413748884123,0.72,0.631578947368421,3.2399999999999998,0.36,0.24210526315789474,0.22989473684210526,-2.76,0.24,0.2571428571428571,0.36,0.16863636363636364,0.22203142126415784,0.2331508319914117,0,38000000.0,15800000.0,41000000.0,14660000.0,10514285.714285715,14940000.0,7,0,6,0,0,0,0.49022238680011365,0.3298923011634155,0.41708605847792946,0.48603514400175973,0.3313874526008968,0.423686150305294,-0.4111111111111111,0.130718954248366,-0.3484848484848485,-0.040740740740740744,-0.045751633986928,0.0757575757575758,0.48603514400175973,0.4137029156359835,0.4271710378422077,-0.0041872427983539184,0.0014951514374813013,0.00660009182736454,0.00660009182736454,0.026400367309458234,-0.01674897119341564,0.005980605749925228,0.026400367309458234,-0.01674897119341564,0.005980605749925228,0.026400367309458234,0.01674897119341564,-0.005980605749925228,-0.026400367309458234,0.48603514400175973,0.3313874526008968,0.423686150305294,0.4137029156359835,0.48603514400175973,0.4271710378422077,0.026400367309458234,-0.040740740740740744,-0.045751633986928,0.0757575757575758,0.4111111111111111,-0.004406889644259883,1282,0.04040404040404041,0.09712509712509712,0.14763014763014762,-0.04548362135656801,-0.057855709105709106,0.0,0.0,5,5,3,8200000.0,11400000.0,11400000.0,15.919644834185693,16.249124001084017,16.249124001084017,11400000.0,10333333.333333334,9800000.0,3200000.0,1066666.666666666,1.3902439024390243,1.103225806451613,47.75893450255708,81.24562000542008,146.24211600975616,0,0,0,0,0,0,0.0,0.0,0.0,0.0,UNKNOWN,UNKNOWN,UNKNOWN,OPEN_SEX,OPEN_SEX,OPEN_SEX,UNKNOWN,UNKNOWN,UNKNOWN,0,0,0,0,0,0,0,0.048686772164490646,7,9,0.0,0.0,0,0,0,V1_LIGHTGBM,LightGBM F_filter-a:近走着差・勝ち馬強度・フィールド強度・基礎能力
2026-07-04,2026-0704-02-01-07-09,2022105392,0,2026-07-04,函館,芝,1800,grade:E|condition:13,E,13,UNKNOWN,0,OPEN_SEX,UNKNOWN,0,0,0,11400000.0,4600000.0,2900000.0,21740000.0,16.249124001084017,16.894664485655497,4,0.23611111111111116,0.18611111111111112,0.06944444444444453,0.13333333333333341,0.05555555555555557,275.0,3.5,262.1,0,1,0,1,0,1,0,1,0,0,0.15387764066163287,0.20555555555555557,0.23425742935897792,0.20555555555555557,0.23425742935897792,1.0,0.20555555555555557,0.3333333333333333,0.5555555555555556,0.5555555555555556,0.1111111111111111,3,0.5754193131970909,0.21312766340730177,9,1190.0,9,9,スタードメイソン,9,3,0,0.0,0,0.0,0,0,0,0,3,3,10,13,14,15.0,65.0,13.0,13.0,31.0,29.6,0.0,0.0,0.0,0.0,0.0,0.004464285714285714,0.0,0.0,1800,2600,1800,grade:unknown|condition:13,grade:E|condition:14,grade:unknown|condition:14,1800,0.24,0.1217391304347826,0.3054545454545454,0.10963998811645871,0.10256599574054817,0.11453677187848384,3.5999999999999996,7.913043478260869,3.9709090909090907,0.3054545454545454,0.22239789196310933,0.21761264822134385,-12.694545454545455,0.24,0.19047619047619047,0.3054545454545454,0.16863636363636364,0.16904761904761906,0.2366974088713219,0,38000000.0,15800000.0,8200000.0,14660000.0,10361111.111111112,8100000.0,7,0,0,0,0,0,0.15919657070278515,0.16249124001084017,0.21253068580695306,0.15387764066163287,0.16644971031546432,0.2124221788625086,-0.5222222222222223,-0.4358974358974359,0.012499999999999956,-0.040740740740740744,0.03632478632478631,0.03472222222222221,0.2124221788625086,0.17758317661320194,0.16935816919795743,-0.0053189300411522755,0.003958470304624151,-0.00010850694444444753,0.003958470304624151,0.015833881218496597,-0.021275720164609057,0.015833881218496597,-0.0004340277777777761,-0.021275720164609057,0.015833881218496597,-0.0004340277777777761,0.021275720164609057,-0.015833881218496597,0.0004340277777777761,0.15387764066163287,0.16644971031546432,0.2124221788625086,0.17758317661320194,0.2124221788625086,0.16935816919795743,0.015833881218496597,-0.040740740740740744,0.03632478632478631,0.03472222222222221,0.5222222222222223,-0.0055979408994652575,653,0.0851063829787234,0.15653495440729484,0.23708206686930092,0.0010815026489290195,-0.0638457375957376,0.0,0.0,3,3,3,8200000.0,11400000.0,8200000.0,15.919644834185693,16.249124001084017,15.919644834185693,11400000.0,9266666.666666666,9160000.0,3200000.0,2133333.333333334,1.3902439024390243,1.2302158273381296,238.79467251278538,1056.1930600704611,206.955382844414,0,0,0,0,0,0,0.0,0.0,0.0,0.0,UNKNOWN,UNKNOWN,UNKNOWN,OPEN_SEX,OPEN_SEX,OPEN_SEX,UNKNOWN,UNKNOWN,UNKNOWN,0,0,0,0,0,0,0,0.013602398574277207,8,9,0.0,0.0,0,0,0,V1_LIGHTGBM,LightGBM F_filter-a:近走着差・勝ち馬強度・フィールド強度・基礎能力
2026-07-04,2026-0704-02-01-07-09,2019106416,0,2026-07-04,函館,芝,1800,grade:E|condition:13,E,13,UNKNOWN,0,OPEN_SEX,UNKNOWN,0,0,0,11400000.0,4600000.0,2900000.0,21740000.0,16.249124001084017,16.894664485655497,8,0.23611111111111116,0.18611111111111112,0.06944444444444453,0.13333333333333341,0.05555555555555557,275.0,3.5,262.1,0,1,0,1,0,1,0,1,0,0,0.28897906532169926,0.4398046398046398,0.26084787221140376,0.4398046398046398,0.26084787221140376,0.8888888888888888,0.39093745760412424,0.3333333333333333,0.5555555555555556,0.5555555555555556,0.1111111111111111,3,0.5754193131970909,0.21312766340730177,8,926.0,7,8,キセキノエンジェル,9,32,0,0.0,0,0.0,0,0,0,0,3,5,8,8,10,10.0,18.0,36.0,10.0,21.333333333333332,17.599999999999998,1.0,0.0,0.1,0.11666666666666667,0.0,0.007692307692307693,10.0,1.1666666666666667,1800,2000,1800,grade:E|condition:13,grade:unknown|condition:14,grade:unknown|condition:14,1800,0.2571428571428571,0.23272727272727273,0.2421052631578947,0.11010039016017277,0.11721205111291318,0.10354693641636961,2.571428571428571,4.189090909090909,8.71578947368421,0.2571428571428571,0.24399179767600818,0.24681066302118934,-9.742857142857144,0.2571428571428571,0.23272727272727273,0.2421052631578947,0.1960989010989011,0.18916305916305914,0.2036184210526316,0,11400000.0,52000000.0,15800000.0,9450000.0,16116666.666666666,9085714.285714287,0,7,0,0,0,0,0.2889070488607939,0.24808534332273774,0.27919644834185703,0.28897906532169926,0.22465941739681183,0.3068098605706539,0.011111111111111072,0.3666666666666666,-0.35897435897435903,-0.02592592592592602,0.25555555555555554,0.3076923076923077,0.3068098605706539,0.27348278109638835,0.27324932999402396,7.20164609053775e-05,-0.023425925925925906,0.027613412228796874,0.027613412228796874,0.1104536489151874,0.0002880658436213992,-0.09370370370370368,0.1104536489151874,0.0002880658436213992,-0.09370370370370368,0.1104536489151874,-0.0002880658436213992,0.09370370370370368,-0.1104536489151874,0.28897906532169926,0.22465941739681183,0.3068098605706539,0.27348278109638835,0.3068098605706539,0.27324932999402396,0.1104536489151874,-0.02592592592592602,0.25555555555555554,0.3076923076923077,-0.011111111111111072,7.702873868706056e-05,1166,0.025619128949615714,0.05721605465414176,0.09735269000853972,-0.10777735987540753,0.04374986124986125,0.0,0.0,5,5,3,11400000.0,8200000.0,8200000.0,16.249124001084017,15.919644834185693,15.919644834185693,11400000.0,9266666.666666666,9800000.0,0.0,2133333.333333334,1.0,1.2302158273381296,162.49124001084016,286.5536070153425,573.107214030685,0,0,0,0,0,0,0.0,0.0,0.0,0.0,UNKNOWN,UNKNOWN,UNKNOWN,OPEN_SEX,OPEN_SEX,OPEN_SEX,UNKNOWN,UNKNOWN,UNKNOWN,0,0,0,0,0,0,0,0.012117458528213628,9,9,0.0,0.0,0,0,0,V1_LIGHTGBM,LightGBM F_filter-a:近走着差・勝ち馬強度・フィールド強度・基礎能力
2026-07-04,2026-0704-02-01-07-10,2022102905,0,2026-07-04,函館,芝,1700,grade:E|condition:13,E,13,UNKNOWN,0,OPEN_SEX,UNKNOWN,0,0,0,15800000.0,6300000.0,4000000.0,30080000.0,16.575520561288332,17.219371090290593,1,0.02564102564102566,0.13846153846153852,0.1923076923076924,0.1675213675213676,0.13095238095238096,329.0,3.5,260.3,0,1,0,1,0,0,0,1,0,0,0.6654408434221397,0.7424458874458875,0.17361358927036993,0.7424458874458875,0.17361358927036993,1.0,0.7424458874458875,0.5,0.9285714285714286,0.42857142857142855,0.07142857142857142,7,0.6688932496075353,0.1680334555738699,2,52.0,6,14,ディアウス,14,5,1,0.2,4,0.8,0,0.6666666666666666,0.2,0.8,4,5,2,2,7,1.0,0.0,9.0,0.0,3.3333333333333335,2.3,0.0625,0.1111111111111111,0.1111111111111111,0.1333207354418788,0.1850569183902517,0.1222935244674375,0.0625,0.1333207354418788,1700,1800,1700,grade:E|condition:13,grade:E|condition:14,grade:E|condition:14,1700,0.1909090909090909,0.256,0.24705882352941178,0.1762433226052152,0.21904707710590063,0.16679370419160566,0.1909090909090909,0.0,2.223529411764706,0.256,0.23132263814616755,0.2216663101604278,0.256,0.24727272727272728,0.29411764705882354,0.25,0.22606060606060605,0.2696470588235294,0.24568627450980393,0,52000000.0,18700000.0,65000000.0,12717647.05882353,9285000.0,17991666.666666668,7,0,8,0,0,0,0.6890433457178239,0.9379774278351055,0.4280267917567402,0.6654408434221397,0.9367717951190562,0.43310346999748095,0.26515151515151514,0.3472222222222222,-0.12083333333333335,0.3560606060606061,0.01388888888888884,0.1680555555555555,0.9367717951190562,0.6784387028462256,0.7003726542462829,-0.02360250229568417,-0.001205632716049343,0.005076678240740762,0.005076678240740762,0.02030671296296296,-0.09441000918273645,-0.004822530864197513,0.02030671296296296,-0.09441000918273645,-0.004822530864197513,0.02030671296296296,0.09441000918273645,0.004822530864197513,-0.02030671296296296,0.6654408434221397,0.9367717951190562,0.43310346999748095,0.6784387028462256,0.9367717951190562,0.7003726542462829,0.02030671296296296,0.3560606060606061,0.01388888888888884,0.1680555555555555,-0.26515151515151514,-0.024067120361447196,6727,0.1222519310754605,0.22415329768270945,0.32189542483660133,0.04740586815390725,0.18638000888000888,0.0,0.0,5,5,3,15800000.0,15800000.0,15800000.0,16.575520561288332,16.575520561288332,16.575520561288332,15800000.0,15800000.0,15800000.0,0.0,0.0,1.0,1.0,16.575520561288332,0.0,149.179685051595,0,0,0,0,0,0,0.0,0.0,0,0.0,UNKNOWN,UNKNOWN,UNKNOWN,OPEN_SEX,OPEN_SEX,OPEN_SEX,UNKNOWN,UNKNOWN,UNKNOWN,0,0,0,0,0,0,0,0.28759111045599783,1,10,0.0,0.0,0,0,1,V1_LIGHTGBM,LightGBM F_filter-a:近走着差・勝ち馬強度・フィールド強度・基礎能力
2026-07-04,2026-0704-02-01-07-10,2023102769,1,2026-07-04,函館,芝,1700,grade:E|condition:13,E,13,UNKNOWN,0,OPEN_SEX,UNKNOWN,0,0,0,15800000.0,6300000.0,4000000.0,30080000.0,16.575520561288332,17.219371090290593,2,0.02564102564102566,0.13846153846153852,0.1923076923076924,0.1675213675213676,0.13095238095238096,329.0,3.5,260.3,0,1,0,1,0,0,0,1,0,0,0.0,0.8116161616161616,0.04785470135302898,0.8116161616161616,0.04785470135302898,0.14285714285714285,0.11594516594516593,0.5,0.9285714285714286,0.42857142857142855,0.07142857142857142,7,0.6688932496075353,0.1680334555738699,1,19.0,1,2,ケイアイアギト,14,3,1,0.3333333333333333,3,1.0,0.3333333333333333,1,0.3333333333333333,1,1,3,3,1,2,8.0,0.0,6.0,0.0,4.666666666666667,5.2,0.2,0.0,0.0,0.2369047619047619,0.08333333333333333,0.0,1.6,1.8952380952380952,1900,1800,1700,grade:C|condition:12,grade:unknown|condition:11,grade:unknown|condition:11,1700,0.27636363636363637,0.22749999999999998,0.19500000000000003,0.16218029655529653,0.16680203477078479,0.10925283050283051,2.210909090909091,0.0,1.1700000000000002,0.27636363636363637,0.23295454545454547,0.24543181818181817,0.22749999999999998,0.2955555555555555,0.27636363636363637,0.22749999999999998,0.266473063973064,0.2576223776223776,0.1836111111111111,0,37000000.0,37000000.0,8200000.0,12850000.0,17500000.0,7966666.666666667,6,6,0,6,0,0,0.5274069123238883,0.958949522246441,0.5259623046557318,0.5182241758684245,0.9483201819686633,0.5125939066719492,0.303030303030303,0.3291666666666667,0.20512820512820518,0.12121212121212122,0.12916666666666665,0.26068376068376076,0.9483201819686633,0.6597127548363456,0.646126923859201,-0.009182736455463747,-0.010629340277777732,-0.013368397983782643,-0.009182736455463747,-0.03673094582185491,-0.03673094582185491,-0.04251736111111111,-0.053473591935130425,-0.03673094582185491,-0.04251736111111111,-0.053473591935130425,0.03673094582185491,0.04251736111111111,0.053473591935130425,0.5182241758684245,0.9483201819686633,0.5125939066719492,0.6597127548363456,0.9483201819686633,0.646126923859201,-0.03673094582185491,0.12121212121212122,0.12916666666666665,0.26068376068376076,-0.303030303030303,-0.010148206284922454,8074,0.07822750340388662,0.16289144696125757,0.24681272434707266,0.0323914893793334,0.10496785621785622,0.0,0.0,3,3,3,37000000.0,8000000.0,7500000.0,17.426428497635523,15.894952224644102,15.830413711839864,37000000.0,17500000.0,22400000.0,-21200000.0,-1700000.0,0.42702702702702705,0.9028571428571428,139.4114279810842,0.0,94.98248227103917,0,6,0,0,6,2,3.0,48.0,0,0.0,G3,UNKNOWN,UNKNOWN,OPEN_SEX,OPEN_SEX,OPEN_SEX,UNKNOWN,UNKNOWN,UNKNOWN,0,0,0,-6,0,0,0,0.25755502518913104,2,10,190.0,120.0,1,1,0,V1_LIGHTGBM,LightGBM F_filter-a:近走着差・勝ち馬強度・フィールド強度・基礎能力
2026-07-04,2026-0704-02-01-07-10,2022104903,0,2026-07-04,函館,芝,1700,grade:E|condition:13,E,13,UNKNOWN,0,OPEN_SEX,UNKNOWN,0,0,0,15800000.0,6300000.0,4000000.0,30080000.0,16.575520561288332,17.219371090290593,8,0.02564102564102566,0.13846153846153852,0.1923076923076924,0.1675213675213676,0.13095238095238096,329.0,3.5,260.3,0,1,0,1,0,0,0,1,0,0,0.0,0.5476190476190477,0.3000377905147308,0.5476190476190477,0.3000377905147308,0.07142857142857142,0.0391156462585034,0.5,0.9285714285714286,0.42857142857142855,0.07142857142857142,7,0.6688932496075353,0.1680334555738699,4,75.0,2,1,セボンサデッセ,14,9,2,0.2222222222222222,7,0.7777777777777778,0.3333333333333333,0.6666666666666666,0.2,0.6,3,6,2,1,4,1.0,0.0,3.0,0.0,1.3333333333333333,1.1,0.08333333333333333,0.14285714285714285,0.0,0.09666666666666666,0.019345238095238096,0.010416666666666666,0.08333333333333333,0.09666666666666666,1700,1700,1400,grade:E|condition:14,grade:unknown|condition:14,grade:unknown|condition:14,1700,0.22105263157894736,0.33928571428571425,0.2875,0.16042068788910893,0.12186353393338688,0.15545127478515636,0.22105263157894736,0.0,0.8624999999999999,0.33928571428571425,0.2826127819548872,0.26981203007518795,0.33928571428571425,0.33928571428571425,0.33928571428571425,0.33928571428571425,0.2617794486215539,0.24531746031746032,0.3067063492063492,0,18700000.0,15800000.0,18700000.0,11935714.285714285,8822222.222222222,10690909.090909092,0,0,0,0,0,0,0.7010022201766983,0.9877678769132856,0.4991112756890026,0.6916541476143401,0.97029825885773,0.4991112756890026,-0.46190476190476193,0.47916666666666663,0.0,-0.08095238095238094,0.14583333333333326,0.0,0.97029825885773,0.7203545607203575,0.7367388066022895,-0.009348072562358256,-0.01746961805555558,0.0,0.0,-0.0,-0.0373922902494331,-0.06987847222222218,-0.0,-0.0373922902494331,-0.06987847222222218,-0.0,0.0373922902494331,0.06987847222222218,0.0,0.6916541476143401,0.97029825885773,0.4991112756890026,0.7203545607203575,0.97029825885773,0.7367388066022895,-0.0,-0.08095238095238094,0.14583333333333326,0.0,0.46190476190476193,-0.009813874488389475,8858,0.13821505133701906,0.2633419835270224,0.3671443077964572,0.07546039977499391,0.16732822732822733,0.0,0.0,5,5,3,15800000.0,8200000.0,8200000.0,16.575520561288332,15.919644834185693,15.919644834185693,15800000.0,10733333.333333334,12000000.0,0.0,5066666.666666666,1.0,1.4720496894409938,16.575520561288332,0.0,47.75893450255708,0,0,0,0,0,0,0.0,0.0,0,0.0,UNKNOWN,UNKNOWN,UNKNOWN,OPEN_SEX,OPEN_SEX,OPEN_SEX,UNKNOWN,UNKNOWN,UNKNOWN,0,0,0,0,0,0,0,0.19400700728200013,3,10,0.0,220.0,0,1,0,V1_LIGHTGBM,LightGBM F_filter-a:近走着差・勝ち馬強度・フィールド強度・基礎能力
2026-07-04,2026-0704-02-01-07-10,2022102308,0,2026-07-04,函館,芝,1700,grade:E|condition:13,E,13,UNKNOWN,0,OPEN_SEX,UNKNOWN,0,0,0,15800000.0,6300000.0,4000000.0,30080000.0,16.575520561288332,17.219371090290593,2,0.02564102564102566,0.13846153846153852,0.1923076923076924,0.1675213675213676,0.13095238095238096,329.0,3.5,260.3,0,1,0,1,0,0,0,1,0,0,0.4856556849343172,0.9523809523809523,0.03912303982179759,0.9523809523809523,0.03912303982179759,0.6428571428571429,0.6122448979591837,0.5,0.9285714285714286,0.42857142857142855,0.07142857142857142,7,0.6688932496075353,0.1680334555738699,7,346.0,5,9,エアニゲラ,14,6,2,0.3333333333333333,3,0.5,0.6666666666666666,1,0.4,0.6,4,6,3,1,1,3.0,0.0,0.0,0.0,1.0,1.5,0.0625,0.25,0.0,0.1333207354418788,0.022727272727272728,0.0,0.1875,0.3999622063256364,1700,1800,1800,grade:E|condition:13,grade:unknown|condition:14,grade:unknown|condition:14,1700,0.1909090909090909,0.24727272727272728,0.24727272727272728,0.1762433226052152,0.12370801771484294,0.089541195355675,0.5727272727272726,0.0,0.0,0.24727272727272728,0.22848484848484849,0.21909090909090911,0.24727272727272728,0.24727272727272728,0.2947368421052632,0.24727272727272728,0.22606060606060605,0.2288180046074783,0.14983164983164984,0,52000000.0,15800000.0,15800000.0,12717647.05882353,9966666.666666666,9966666.666666666,7,0,0,0,0,0,0.5254427602327562,1.0,0.959196448341857,0.4856556849343172,0.9821143250688705,0.9698493904851838,0.446969696969697,0.4818181818181818,0.39102564102564097,0.3560606060606061,0.14848484848484844,-0.10897435897435903,0.9821143250688705,0.8125398001627905,0.7314320180848566,-0.039787075298438945,-0.01788567493112947,0.010652942143326793,0.010652942143326793,0.04261176857330705,-0.15914830119375575,-0.07154269972451789,0.04261176857330705,-0.15914830119375575,-0.07154269972451789,0.04261176857330705,0.15914830119375575,0.07154269972451789,-0.04261176857330705,0.4856556849343172,0.9821143250688705,0.9698493904851838,0.8125398001627905,0.9821143250688705,0.7314320180848566,0.04261176857330705,0.3560606060606061,0.14848484848484844,-0.10897435897435903,-0.446969696969697,-0.040570288609296616,654,0.08497723823975721,0.15629742033383914,0.23672230652503792,0.0010798489751538986,-0.038845737595737596,0.0,0.0,5,5,3,15800000.0,8200000.0,8200000.0,16.575520561288332,15.919644834185693,15.919644834185693,15800000.0,10733333.333333334,12000000.0,0.0,5066666.666666666,1.0,1.4720496894409938,49.726561683865,0.0,0.0,0,0,0,0,0,0,0.0,0.0,0,0,UNKNOWN,UNKNOWN,UNKNOWN,OPEN_SEX,OPEN_SEX,OPEN_SEX,UNKNOWN,UNKNOWN,UNKNOWN,0,0,0,0,0,0,0,0.16088414278107951,4,10,0.0,0.0,0,0,0,V1_LIGHTGBM,LightGBM F_filter-a:近走着差・勝ち馬強度・フィールド強度・基礎能力
2026-07-04,2026-0704-02-01-07-10,2023100937,0,2026-07-04,函館,芝,1700,grade:E|condition:13,E,13,UNKNOWN,0,OPEN_SEX,UNKNOWN,0,0,0,15800000.0,6300000.0,4000000.0,30080000.0,16.575520561288332,17.219371090290593,4,0.02564102564102566,0.13846153846153852,0.1923076923076924,0.1675213675213676,0.13095238095238096,329.0,3.5,260.3,0,1,0,1,0,0,0,1,0,0,0.9375092055435031,0.6944444444444444,0.19444444444444442,0.6944444444444444,0.19444444444444442,0.7142857142857143,0.49603174603174605,0.5,0.9285714285714286,0.42857142857142855,0.07142857142857142,7,0.6688932496075353,0.1680334555738699,6,174.0,14,10,ストラーダ,14,2,1,0.5,1,0.5,0.5,0.5,0.5,0.5,1,2,1,4,0,0.0,6.0,0.0,0.0,3.0,1.7999999999999998,0.0,0.0,0.0,0.02,0.0,0.0,0.0,0.0,1700,1600,0,grade:unknown|condition:13,grade:unknown|condition:11,unknown,1700,0.1714285714285714,0.1714285714285714,0.0,0.12394269374416433,0.10628652597402598,0.0,0.0,1.0285714285714285,0.0,0.1714285714285714,0.1714285714285714,0.13714285714285712,0.1714285714285714,0.17647058823529416,0.1714285714285714,0.0,0.16318860877684407,0.1657142857142857,0.0,0,8200000.0,8200000.0,0.0,7850000.0,7850000.0,0.0,0,0,0,0,0,0,0.959196448341857,0.4792956379890652,0.0,0.9375092055435031,0.4792956379890652,0.0,0.37777777777777777,0.0,0.0,0.22962962962962963,0.0,0.0,0.9375092055435031,0.7084024217662842,0.6125432941684712,-0.02168724279835388,0.0,0.0,0.0,-0.0,-0.08674897119341564,-0.0,0.0,-0.08674897119341564,-0.0,0.0,0.08674897119341564,0.0,0.0,0.9375092055435031,0.4792956379890652,0.0,0.7084024217662842,0.9375092055435031,0.6125432941684712,-0.0,0.22962962962962963,0.0,0.0,-0.37777777777777777,-0.02169167999723473,6652,0.07976566020730058,0.14781433077963047,0.21796605077362174,0.0056028018035243175,0.12444925444925445,0.0,0.0,2,2,2,8200000.0,7500000.0,0.0,15.919644834185693,15.830413711839864,0.0,8200000.0,7850000.0,6350000.0,7600000.0,7950000.0,1.9268292682926829,2.0127388535031847,0.0,94.98248227103917,0.0,0,0,0,0,0,0,0.0,0,0.0,0,UNKNOWN,UNKNOWN,UNKNOWN,OPEN_SEX,OPEN_SEX,UNKNOWN,UNKNOWN,UNKNOWN,UNKNOWN,0,0,0,0,0,0,0,0.12697459069168113,5,10,0.0,0.0,0,0,0,V1_LIGHTGBM,LightGBM F_filter-a:近走着差・勝ち馬強度・フィールド強度・基礎能力
2026-07-04,2026-0704-02-01-07-10,2021102200,0,2026-07-04,函館,芝,1700,grade:E|condition:13,E,13,UNKNOWN,0,OPEN_SEX,UNKNOWN,0,0,0,15800000.0,6300000.0,4000000.0,30080000.0,16.575520561288332,17.219371090290593,12,0.02564102564102566,0.13846153846153852,0.1923076923076924,0.1675213675213676,0.13095238095238096,329.0,3.5,260.3,0,1,0,1,0,0,0,1,0,0,0.49229063129760015,0.5202380952380953,0.22460597900543222,0.5202380952380953,0.22460597900543222,0.21428571428571427,0.1114795918367347,0.5,0.9285714285714286,0.42857142857142855,0.07142857142857142,7,0.6688932496075353,0.1680334555738699,8,420.0,11,3,レッドライトニング,14,16,1,0.0625,7,0.4375,0,0.6666666666666666,0,0.6,4,7,3,2,8,11.0,1.0,7.0,1.0,6.333333333333333,7.2,0.2,0.05,0.07692307692307693,0.09943718228031953,0.12012733854839118,0.14264872032729176,2.2,1.0938090050835148,1700,1700,1600,grade:E|condition:13,grade:E|condition:14,grade:unknown|condition:14,1700,0.24727272727272728,0.23846153846153847,0.29000000000000004,0.18775752427926343,0.1663954053067555,0.19724635286576905,2.72,0.23846153846153847,2.0300000000000002,0.29000000000000004,0.2585780885780886,0.2531748251748252,-0.7615384615384615,0.24727272727272728,0.23846153846153847,0.315,0.22726551226551228,0.215995115995116,0.2840909090909091,0,19000000.0,15800000.0,18700000.0,11600000.0,10661904.761904761,10060000.000000002,0,0,0,0,0,0,0.5000066806803162,0.6943355535100317,0.36328524320737554,0.49229063129760015,0.6976292043036826,0.36328524320737554,0.11111111111111116,-0.39523809523809517,0.0,0.2777777777777778,0.03333333333333344,0.0,0.6976292043036826,0.5177350262695528,0.5280911255813799,-0.007716049382716028,0.0032936507936508486,0.0,0.0032936507936508486,0.013174603174603214,-0.030864197530864213,0.013174603174603214,-0.0,-0.030864197530864213,0.013174603174603214,-0.0,0.030864197530864213,-0.013174603174603214,0.0,0.49229063129760015,0.6976292043036826,0.36328524320737554,0.5177350262695528,0.6976292043036826,0.5280911255813799,0.013174603174603214,0.2777777777777778,0.03333333333333344,0.0,-0.11111111111111116,-0.00830284533439152,1283,0.040372670807453416,0.09704968944099379,0.14751552795031056,-0.045707978107913896,-0.08355015355015355,0.0,0.0,5,5,3,15800000.0,15800000.0,11900000.0,16.575520561288332,16.575520561288332,16.29204904211537,15800000.0,14500000.0,15020000.0,0.0,1300000.0,1.0,1.089655172413793,182.33072617417164,16.575520561288332,114.04434329480759,0,0,0,0,0,0,0.0,0.0,0.0,0.0,UNKNOWN,UNKNOWN,UNKNOWN,OPEN_SEX,OPEN_SEX,OPEN_SEX,UNKNOWN,UNKNOWN,UNKNOWN,0,0,0,0,0,0,0,0.10306668656269082,6,10,0.0,0.0,0,0,0,V1_LIGHTGBM,LightGBM F_filter-a:近走着差・勝ち馬強度・フィールド強度・基礎能力
2026-07-04,2026-0704-02-01-07-10,2022104601,0,2026-07-04,函館,芝,1700,grade:E|condition:13,E,13,UNKNOWN,0,OPEN_SEX,UNKNOWN,0,0,0,15800000.0,6300000.0,4000000.0,30080000.0,16.575520561288332,17.219371090290593,8,0.02564102564102566,0.13846153846153852,0.1923076923076924,0.1675213675213676,0.13095238095238096,329.0,3.5,260.3,0,1,0,1,0,0,0,1,0,0,0.0,0.7566666666666667,0.15972198067614585,0.7566666666666667,0.15972198067614585,0.5714285714285714,0.43238095238095237,0.5,0.9285714285714286,0.42857142857142855,0.07142857142857142,7,0.6688932496075353,0.1680334555738699,5,139.0,12,8,バタール,14,6,1,0.16666666666666666,4,0.6666666666666666,0.3333333333333333,0.6666666666666666,0.2,0.6,0,5,1,2,16,0.0,3.0,46.0,0.0,16.333333333333332,10.100000000000001,0.0,0.0,0.0,0.003676470588235294,0.007378472222222222,0.0,0.0,0.0,1800,1800,2100,grade:unknown|condition:14,grade:unknown|condition:13,grade:unknown|condition:13,1700,0.23272727272727273,0.21000000000000002,0.18666666666666665,0.11934247815415579,0.14342093160107866,0.13415207060237486,0.0,0.6300000000000001,8.586666666666666,0.23272727272727273,0.2097979797979798,0.2166969696969697,0.23272727272727273,0.23272727272727273,0.23272727272727273,0.2533333333333333,0.20534903692798429,0.21121212121212124,0.2443731431966726,0,8200000.0,15800000.0,15500000.0,7900000.0,11900000.0,12600000.0,0,0,0,0,0,0,0.959196448341857,0.55219768292692,0.15894952224644104,0.956540198341857,0.5037080995935866,0.14101694122792252,0.2250000000000001,0.475,0.2791666666666667,0.047222222222222276,0.4083333333333333,0.2569444444444444,0.956540198341857,0.533755079721122,0.657585917294589,-0.0026562500000000266,-0.04848958333333331,-0.017932581018518523,-0.0026562500000000266,-0.010625000000000016,-0.010625000000000016,-0.19395833333333332,-0.07173032407407406,-0.010625000000000016,-0.19395833333333332,-0.07173032407407406,0.010625000000000016,0.19395833333333332,0.07173032407407406,0.956540198341857,0.5037080995935866,0.14101694122792252,0.533755079721122,0.956540198341857,0.657585917294589,-0.010625000000000016,0.047222222222222276,0.4083333333333333,0.2569444444444444,-0.2250000000000001,-0.0028196181427279535,8115,0.1185960591133005,0.22844827586206898,0.32524630541871924,0.05968518644037839,0.0990945165945166,0.0,0.0,5,5,3,8200000.0,8000000.0,8000000.0,15.919644834185693,15.894952224644102,15.894952224644102,8200000.0,8066666.666666667,8100000.0,7600000.0,7733333.333333333,1.9268292682926829,1.9586776859504131,0.0,47.68485667393231,731.1678023336287,0,0,0,0,0,0,0.0,0,0.0,0.0,UNKNOWN,UNKNOWN,UNKNOWN,OPEN_SEX,OPEN_SEX,OPEN_SEX,UNKNOWN,UNKNOWN,UNKNOWN,0,0,0,0,0,0,0,0.10297394940125958,7,10,0.0,0.0,0,0,0,V1_LIGHTGBM,LightGBM F_filter-a:近走着差・勝ち馬強度・フィールド強度・基礎能力
2026-07-04,2026-0704-02-01-07-10,2022103778,0,2026-07-04,函館,芝,1700,grade:E|condition:13,E,13,UNKNOWN,0,OPEN_SEX,UNKNOWN,0,0,0,15800000.0,6300000.0,4000000.0,30080000.0,16.575520561288332,17.219371090290593,12,0.02564102564102566,0.13846153846153852,0.1923076923076924,0.1675213675213676,0.13095238095238096,329.0,3.5,260.3,0,1,0,1,0,0,0,1,0,0,0.6633940604191944,0.6590476190476191,0.2293755695958871,0.6590476190476191,0.2293755695958871,0.35714285714285715,0.23537414965986397,0.5,0.9285714285714286,0.42857142857142855,0.07142857142857142,7,0.6688932496075353,0.1680334555738699,3,58.0,9,5,ライフゲート,14,13,1,0.07692307692307693,5,0.38461538461538464,0,0.6666666666666666,0,0.4,7,12,2,13,3,1.0,22.0,3.0,1.0,8.666666666666666,7.699999999999999,0.2,0.6666666666666666,0.25,0.09943718228031953,0.15407760642135643,0.12446690214547357,0.2,0.09943718228031953,1700,1600,1600,grade:E|condition:13,grade:E|condition:14,grade:unknown|condition:14,1700,0.24727272727272728,0.31111111111111106,0.37818181818181823,0.18775752427926343,0.18548530722542983,0.18665927125154239,0.24727272727272728,6.844444444444443,1.1345454545454547,0.37818181818181823,0.3121885521885522,0.2926060606060606,-0.7527272727272727,0.24727272727272728,0.31111111111111106,0.37818181818181823,0.22726551226551228,0.2859259259259259,0.28,0,19000000.0,15800000.0,18700000.0,11600000.0,9750000.0,10333333.333333334,0,0,0,0,0,0,0.6971517764685771,0.2800000001115787,0.558376365808684,0.6633940604191944,0.2800000001115787,0.558376365808684,0.48611111111111116,0.0,0.0,0.2777777777777778,0.0,0.0,0.6633940604191944,0.5005901421131523,0.5273723034048077,-0.03375771604938271,0.0,0.0,0.0,-0.0,-0.13503086419753088,-0.0,-0.0,-0.13503086419753088,-0.0,-0.0,0.13503086419753088,0.0,0.0,0.6633940604191944,0.2800000001115787,0.558376365808684,0.5005901421131523,0.6633940604191944,0.5273723034048077,-0.0,0.2777777777777778,0.0,0.0,-0.48611111111111116,-0.036324948337962994,9930,0.05676899849018621,0.1322596879718168,0.20976346250629088,0.016888311978946382,0.13506729381729382,0.0,0.0,5,5,3,15800000.0,15800000.0,11900000.0,16.575520561288332,16.575520561288332,16.29204904211537,15800000.0,14500000.0,15020000.0,0.0,1300000.0,1.0,1.089655172413793,16.575520561288332,364.6614523483433,48.87614712634611,0,0,0,0,0,0,0.0,0.0,0.0,0.0,UNKNOWN,UNKNOWN,UNKNOWN,OPEN_SEX,OPEN_SEX,OPEN_SEX,UNKNOWN,UNKNOWN,UNKNOWN,0,0,0,0,0,0,0,0.0952992993427868,8,10,0.0,0.0,0,0,0,V1_LIGHTGBM,LightGBM F_filter-a:近走着差・勝ち馬強度・フィールド強度・基礎能力
2026-07-04,2026-0704-02-01-07-10,2021105931,0,2026-07-04,函館,芝,1700,grade:E|condition:13,E,13,UNKNOWN,0,OPEN_SEX,UNKNOWN,0,0,0,15800000.0,6300000.0,4000000.0,30080000.0,16.575520561288332,17.219371090290593,14,0.02564102564102566,0.13846153846153852,0.1923076923076924,0.1675213675213676,0.13095238095238096,329.0,3.5,260.3,0,1,0,1,0,0,0,1,0,0,0.39228407297821216,0.6569047619047619,0.15405037901406288,0.6569047619047619,0.15405037901406288,0.9285714285714286,0.6099829931972789,0.5,0.9285714285714286,0.42857142857142855,0.07142857142857142,7,0.6688932496075353,0.1680334555738699,11,841.0,10,13,ギマール,14,11,1,0.09090909090909091,5,0.45454545454545453,0,0.3333333333333333,0,0.2,3,6,5,4,2,15.0,1.0,0.0,0.0,5.333333333333333,7.8,0.2,0.08333333333333333,0.1,0.09943718228031953,0.09666666666666666,0.1075493777056277,3.0,1.491557734204793,1700,1700,1700,grade:E|condition:13,grade:E|condition:14,grade:E|condition:14,1700,0.24727272727272728,0.22105263157894736,0.19999999999999998,0.18775752427926343,0.16042068788910893,0.169916620083706,3.7090909090909094,0.22105263157894736,0.0,0.24727272727272728,0.22277511961722488,0.22995215311004785,0.19999999999999998,0.24727272727272728,0.33928571428571425,0.248,0.22726551226551228,0.2617794486215539,0.24072222222222223,0,19000000.0,18700000.0,18700000.0,11600000.0,11935714.285714285,13200000.0,0,0,0,0,0,0,0.4000001223609282,0.6438593630338412,0.9590885389462167,0.39228407297821216,0.6504126510157006,0.9532855875573278,0.11111111111111116,0.3238095238095239,0.08750000000000002,0.2777777777777778,-0.08095238095238094,0.26527777777777783,0.9532855875573278,0.6653274371837469,0.5819229493052818,-0.007716049382716028,0.00655328798185939,-0.005802951388888866,0.00655328798185939,0.026213151927437645,-0.030864197530864213,0.026213151927437645,-0.023211805555555565,-0.030864197530864213,0.026213151927437645,-0.023211805555555565,0.030864197530864213,-0.026213151927437645,0.023211805555555565,0.39228407297821216,0.6504126510157006,0.9532855875573278,0.6653274371837469,0.9532855875573278,0.5819229493052818,0.026213151927437645,0.2777777777777778,-0.08095238095238094,0.26527777777777783,-0.11111111111111116,-0.00830284533439152,6386,0.03661398842121734,0.08465028946956658,0.14849006415271476,-0.006778821329838254,-0.11014513264513265,0.0,0.0,5,5,3,15800000.0,15800000.0,15800000.0,16.575520561288332,16.575520561288332,16.575520561288332,15800000.0,15800000.0,15800000.0,0.0,0.0,1.0,1.0,248.632808419325,16.575520561288332,0.0,0,0,0,0,0,0,0.0,0.0,0.0,0,UNKNOWN,UNKNOWN,UNKNOWN,OPEN_SEX,OPEN_SEX,OPEN_SEX,UNKNOWN,UNKNOWN,UNKNOWN,0,0,0,0,0,0,0,0.08676239454011227,9,10,0.0,0.0,0,0,0,V1_LIGHTGBM,LightGBM F_filter-a:近走着差・勝ち馬強度・フィールド強度・基礎能力
2026-07-04,2026-0704-02-01-07-10,2022102828,0,2026-07-04,函館,芝,1700,grade:E|condition:13,E,13,UNKNOWN,0,OPEN_SEX,UNKNOWN,0,0,0,15800000.0,6300000.0,4000000.0,30080000.0,16.575520561288332,17.219371090290593,4,0.02564102564102566,0.13846153846153852,0.1923076923076924,0.1675213675213676,0.13095238095238096,329.0,3.5,260.3,0,1,0,1,0,0,0,1,0,0,0.40924752178428847,0.6683982683982684,0.15151144089457566,0.6683982683982684,0.15151144089457566,0.7857142857142857,0.5251700680272109,0.5,0.9285714285714286,0.42857142857142855,0.07142857142857142,7,0.6688932496075353,0.1680334555738699,9,579.0,4,11,メイショウタイピン,14,9,1,0.1111111111111111,2,0.2222222222222222,0,0,0,0,4,8,5,5,5,9.0,5.0,6.0,5.0,6.666666666666667,7.2,0.0625,0.09090909090909091,0.25,0.1333207354418788,0.11959206370971076,0.12446690214547357,0.5625,1.1998866189769093,1700,1600,1600,grade:E|condition:13,grade:E|condition:14,grade:unknown|condition:14,1700,0.1909090909090909,0.2111111111111111,0.37818181818181823,0.1762433226052152,0.16613359194174823,0.18665927125154239,1.718181818181818,1.0555555555555556,2.2690909090909095,0.37818181818181823,0.26006734006734006,0.23442424242424242,-4.788888888888889,0.24727272727272728,0.21777777777777776,0.37818181818181823,0.22606060606060605,0.2075783475783476,0.28,0,52000000.0,18700000.0,18700000.0,12717647.05882353,11907692.307692308,10333333.333333334,7,0,0,0,0,0,0.4328500240799726,0.47234648830862147,0.47791457779374347,0.40924752178428847,0.47234648830862147,0.47791457779374347,0.26515151515151514,0.0,0.0,0.3560606060606061,0.0,0.0,0.47791457779374347,0.45316952929555115,0.4419106229434794,-0.023602502295684114,0.0,0.0,0.0,-0.0,-0.09441000918273645,-0.0,-0.0,-0.09441000918273645,-0.0,-0.0,0.09441000918273645,0.0,0.0,0.40924752178428847,0.47234648830862147,0.47791457779374347,0.45316952929555115,0.47791457779374347,0.4419106229434794,-0.0,0.3560606060606061,0.0,0.0,-0.26515151515151514,-0.024067120361447137,7322,0.0955370547290842,0.1835676265865975,0.26586597516036575,0.020547156964199887,0.07046805046805046,0.0,0.0,5,5,3,15800000.0,15800000.0,11900000.0,16.575520561288332,16.575520561288332,16.29204904211537,15800000.0,14500000.0,15020000.0,0.0,1300000.0,1.0,1.089655172413793,149.179685051595,82.87760280644166,97.75229425269222,0,0,0,0,0,0,0.0,0.0,0.0,0.0,UNKNOWN,UNKNOWN,UNKNOWN,OPEN_SEX,OPEN_SEX,OPEN_SEX,UNKNOWN,UNKNOWN,UNKNOWN,0,0,0,0,0,0,0,0.053038245472237386,10,10,0.0,0.0,0,0,0,V1_LIGHTGBM,LightGBM F_filter-a:近走着差・勝ち馬強度・フィールド強度・基礎能力
2026-07-04,2026-0704-02-01-07-10,2022105443,0,2026-07-04,函館,芝,1700,grade:E|condition:13,E,13,UNKNOWN,0,OPEN_SEX,UNKNOWN,0,0,0,15800000.0,6300000.0,4000000.0,30080000.0,16.575520561288332,17.219371090290593,4,0.02564102564102566,0.13846153846153852,0.1923076923076924,0.1675213675213676,0.13095238095238096,329.0,3.5,260.3,0,1,0,1,0,0,0,1,0,0,0.0,0.8428571428571429,0.20404081224408144,0.8428571428571429,0.20404081224408144,0.5,0.42142857142857143,0.5,0.9285714285714286,0.42857142857142855,0.07142857142857142,7,0.6688932496075353,0.1680334555738699,10,761.0,13,7,モレポブラーノ,14,7,1,0.14285714285714285,2,0.2857142857142857,0.3333333333333333,0.3333333333333333,0.2,0.4,2,6,14,1,11,23.0,0.0,17.0,0.0,13.333333333333334,14.9,0.05,0.0,0.0,0.12012733854839118,0.0,0.021875,1.1500000000000001,2.762928786612997,1700,1700,1800,grade:E|condition:14,grade:unknown|condition:14,grade:unknown|condition:13,1700,0.23846153846153847,0.17,0.24428571428571424,0.1663954053067555,0.09528687595299437,0.15776464854589853,5.484615384615385,0.0,4.152857142857142,0.24428571428571424,0.2175824175824176,0.2190879120879121,0.17,0.23846153846153847,0.17,0.33928571428571425,0.215995115995116,0.15675925925925926,0.3039285714285714,0,15800000.0,15800000.0,15800000.0,10661904.761904761,9028571.42857143,12333333.333333334,0,0,0,0,0,0,0.20432663422535943,0.959196448341857,0.2922828721395253,0.20285838025710545,0.9249603372307459,0.27348223556545126,0.17619047619047623,0.4833333333333333,0.4708333333333333,0.03333333333333344,0.2833333333333333,0.1597222222222222,0.9249603372307459,0.4671003176844342,0.4336137384108667,-0.0014682539682539797,-0.034236111111111134,-0.018800636574074048,-0.0014682539682539797,-0.005873015873015893,-0.005873015873015893,-0.13694444444444442,-0.07520254629629629,-0.005873015873015893,-0.13694444444444442,-0.07520254629629629,0.005873015873015893,0.13694444444444442,0.07520254629629629,0.20285838025710545,0.9249603372307459,0.27348223556545126,0.4671003176844342,0.9249603372307459,0.4336137384108667,-0.005873015873015893,0.03333333333333344,0.2833333333333333,0.1597222222222222,-0.17619047619047623,-0.0015669757921214541,3105,0.04501607717041801,0.09292604501607717,0.1469453376205788,-0.05785598840657108,-0.11640623265623265,0.0,0.0,5,5,3,15800000.0,8200000.0,8000000.0,16.575520561288332,15.919644834185693,15.894952224644102,15800000.0,10666666.666666666,11960000.0,0.0,5133333.333333334,1.0,1.4812500000000002,381.2369729096316,0.0,270.21418781894977,0,0,0,0,0,0,0.0,0.0,0,0.0,UNKNOWN,UNKNOWN,UNKNOWN,OPEN_SEX,OPEN_SEX,OPEN_SEX,UNKNOWN,UNKNOWN,UNKNOWN,0,0,0,0,0,0,0,0.04249908249401365,11,10,0.0,0.0,0,0,0,V1_LIGHTGBM,LightGBM F_filter-a:近走着差・勝ち馬強度・フィールド強度・基礎能力
2026-07-04,2026-0704-02-01-07-10,2020100060,0,2026-07-04,函館,芝,1700,grade:E|condition:13,E,13,UNKNOWN,0,OPEN_SEX,UNKNOWN,0,0,0,15800000.0,6300000.0,4000000.0,30080000.0,16.575520561288332,17.219371090290593,10,0.02564102564102566,0.13846153846153852,0.1923076923076924,0.1675213675213676,0.13095238095238096,329.0,3.5,260.3,0,1,0,1,0,0,0,1,0,0,0.0,0.2114285714285714,0.15102371755888583,0.2114285714285714,0.15102371755888583,0.42857142857142855,0.09061224489795917,0.5,0.9285714285714286,0.42857142857142855,0.07142857142857142,7,0.6688932496075353,0.1680334555738699,12,2289.0,3,6,オセアバトルプラン,14,12,1,0.08333333333333333,3,0.25,0,0.3333333333333333,0,0.2,2,6,10,8,3,22.0,20.0,5.0,5.0,15.666666666666666,18.0,0.14285714285714285,0.1,0.2,0.07688896071249013,0.11909836574908345,0.13998075998075998,3.142857142857143,1.691557135674783,2100,1800,1800,grade:unknown|condition:14,grade:E|condition:14,grade:unknown|condition:13,1700,0.2630769230769231,0.2125,0.27368421052631575,0.15990423059216258,0.196263314007169,0.1660192543476027,5.787692307692308,4.25,1.3684210526315788,0.27368421052631575,0.24975371120107961,0.2500253036437247,-4.726315789473684,0.2630769230769231,0.2714285714285714,0.27368421052631575,0.22547008547008549,0.2611779448621554,0.24833591331269347,0,15800000.0,37000000.0,70000000.0,9975000.0,13027272.727272727,25185714.285714287,0,6,8,0,0,0,0.351491919104161,0.3057552064373448,0.5455523216567771,0.35522455799304986,0.3206450135998792,0.5384434781193622,-0.125,-0.42727272727272725,-0.18095238095238098,0.11944444444444446,0.1393939393939394,-0.15714285714285714,0.5384434781193622,0.40477101657076375,0.38149447870036113,0.0037326388888888618,0.014889807162534408,-0.007108843537414922,0.014889807162534408,0.05955922865013774,0.014930555555555558,0.05955922865013774,-0.028435374149659867,0.014930555555555558,0.05955922865013774,-0.028435374149659867,-0.014930555555555558,-0.05955922865013774,0.028435374149659867,0.35522455799304986,0.3206450135998792,0.5384434781193622,0.40477101657076375,0.5384434781193622,0.38149447870036113,0.05955922865013774,0.11944444444444446,0.1393939393939394,-0.15714285714285714,0.125,0.004075492786378235,6563,0.050700365408038975,0.10809987819732034,0.16473812423873324,-0.03062535142320663,-0.08644156769156769,0.0,0.0,5,5,3,11900000.0,15800000.0,11400000.0,16.29204904211537,16.575520561288332,16.249124001084017,15800000.0,13033333.333333334,12970000.0,3900000.0,2766666.666666666,1.3277310924369747,1.2122762148337596,358.4250789265381,331.51041122576663,81.24562000542008,0,0,0,0,0,0,0.0,0.0,0.0,0.0,UNKNOWN,UNKNOWN,UNKNOWN,OPEN_SEX,OPEN_SEX,OPEN_SEX,UNKNOWN,UNKNOWN,UNKNOWN,0,0,0,0,0,0,0,0.024317359556061006,12,10,0.0,2510.0,0,1,0,V1_LIGHTGBM,LightGBM F_filter-a:近走着差・勝ち馬強度・フィールド強度・基礎能力
2026-07-04,2026-0704-02-01-07-10,2022107254,0,2026-07-04,函館,芝,1700,grade:E|condition:13,E,13,UNKNOWN,0,OPEN_SEX,UNKNOWN,0,0,0,15800000.0,6300000.0,4000000.0,30080000.0,16.575520561288332,17.219371090290593,7,0.02564102564102566,0.13846153846153852,0.1923076923076924,0.1675213675213676,0.13095238095238096,329.0,3.5,260.3,0,1,0,1,0,0,0,1,0,0,0.0,0.6921245421245421,0.14450352139119138,0.6921245421245421,0.14450352139119138,0.8571428571428571,0.5932496075353217,0.5,0.9285714285714286,0.42857142857142855,0.07142857142857142,7,0.6688932496075353,0.1680334555738699,14,2893.0,7,12,エンプレスフレーム,14,13,1,0.07692307692307693,2,0.15384615384615385,0,0,0,0,2,9,10,13,13,14.0,23.0,55.0,14.0,30.666666666666668,24.9,0.0625,0.14285714285714285,0.25,0.15875339937839938,0.10387067453243924,0.1344846706837657,0.875,2.2225475912975914,1600,1800,1800,grade:unknown|condition:14,grade:E|condition:14,grade:E|condition:13,1700,0.25217391304347825,0.2,0.26916666666666667,0.1851563022951122,0.13623958887116783,0.17371523339184305,3.5304347826086957,4.6000000000000005,14.804166666666667,0.26916666666666667,0.24044685990338163,0.23992028985507247,-13.747826086956522,0.2588235294117647,0.21000000000000002,0.26916666666666667,0.25103423520437923,0.198,0.2577894491129785,0,18700000.0,18700000.0,18700000.0,9266666.666666666,10288235.294117648,12500000.0,0,0,0,0,0,0,0.33542082303264137,0.2514694913682166,0.2,0.33542082303264137,0.23854999023442977,0.20308185404339252,0.0,0.2523809523809524,0.3846153846153846,0.0,0.2047619047619048,-0.03205128205128205,0.33542082303264137,0.25901755577015456,0.2798917793953281,0.0,-0.012919501133786843,0.003081854043392507,0.003081854043392507,0.012327416173570017,-0.0,-0.051678004535147405,0.012327416173570017,-0.0,-0.051678004535147405,0.012327416173570017,0.0,0.051678004535147405,-0.012327416173570017,0.33542082303264137,0.23854999023442977,0.20308185404339252,0.25901755577015456,0.33542082303264137,0.2798917793953281,0.012327416173570017,0.0,0.2047619047619048,-0.03205128205128205,-0.0,0.0,2663,0.023238380809595203,0.05547226386806597,0.09332833583208396,-0.12307341513897593,-0.11757344507344507,0.0,0.0,5,5,3,11900000.0,15800000.0,15500000.0,16.29204904211537,16.575520561288332,16.5563506464056,15800000.0,14400000.0,13790000.0,3900000.0,1400000.0,1.3277310924369747,1.0972222222222223,228.08868658961518,381.2369729096316,910.5992855523081,0,0,0,0,0,0,0.0,0.0,0.0,0.0,UNKNOWN,UNKNOWN,UNKNOWN,OPEN_SEX,OPEN_SEX,OPEN_SEX,UNKNOWN,UNKNOWN,UNKNOWN,0,0,0,0,0,0,0,0.014150543981213504,13,10,0.0,0.0,0,0,0,V1_LIGHTGBM,LightGBM F_filter-a:近走着差・勝ち馬強度・フィールド強度・基礎能力
2026-07-04,2026-0704-02-01-07-10,2021103809,0,2026-07-04,函館,芝,1700,grade:E|condition:13,E,13,UNKNOWN,0,OPEN_SEX,UNKNOWN,0,0,0,15800000.0,6300000.0,4000000.0,30080000.0,16.575520561288332,17.219371090290593,10,0.02564102564102566,0.13846153846153852,0.1923076923076924,0.1675213675213676,0.13095238095238096,329.0,3.5,260.3,0,1,0,1,0,0,0,1,0,0,0.0,0.6083333333333333,0.31797973380564853,0.6083333333333333,0.31797973380564853,0.2857142857142857,0.17380952380952377,0.5,0.9285714285714286,0.42857142857142855,0.07142857142857142,7,0.6688932496075353,0.1680334555738699,13,2358.0,8,4,マッスルバック,14,19,1,0.05263157894736842,3,0.15789473684210525,0,0,0,0,3,6,11,7,7,15.0,14.0,8.0,8.0,12.333333333333334,13.299999999999999,0.1111111111111111,0.6666666666666666,0.25,0.09129918634120314,0.18124805477746653,0.14169079794079795,1.6666666666666665,1.369487795118047,1400,1800,1800,grade:E|condition:14,grade:unknown|condition:14,grade:unknown|condition:14,1700,0.2875,0.30000000000000004,0.24083333333333332,0.18178034371643395,0.1786094807858093,0.18060714285714285,4.3125,4.200000000000001,1.9266666666666665,0.30000000000000004,0.2761111111111111,0.2819166666666667,-7.759166666666666,0.2875,0.3125,0.33928571428571425,0.2864035087719298,0.25972222222222224,0.27480158730158727,0,18700000.0,18700000.0,18700000.0,10690909.090909092,11000000.0,13800000.0,0,0,0,0,0,0,0.28028524250372605,0.3000003326114877,0.3334675183844944,0.28028524250372605,0.3097900702658087,0.3532926212651528,0.0,-0.4027777777777778,0.4555555555555555,0.0,0.09722222222222221,-0.1740740740740741,0.3532926212651528,0.3144559780115625,0.30373816658463615,0.0,0.009789737654321007,0.01982510288065842,0.01982510288065842,0.07930041152263374,-0.0,0.039158950617283944,0.07930041152263374,-0.0,0.039158950617283944,0.07930041152263374,0.0,-0.039158950617283944,-0.07930041152263374,0.28028524250372605,0.3097900702658087,0.3532926212651528,0.3144559780115625,0.3532926212651528,0.30373816658463615,0.07930041152263374,0.0,0.09722222222222221,-0.1740740740740741,-0.0,0.0,5287,0.030990173847316706,0.07558578987150416,0.12244897959183673,-0.06954870768887375,-0.04866656491656492,0.0,0.0,5,5,3,15800000.0,11900000.0,11900000.0,16.575520561288332,16.29204904211537,16.29204904211537,15800000.0,13200000.0,13850000.0,0.0,2600000.0,1.0,1.196969696969697,248.632808419325,228.08868658961518,130.33639233692296,0,0,0,0,0,0,0.0,0.0,0.0,0.0,UNKNOWN,UNKNOWN,UNKNOWN,OPEN_SEX,OPEN_SEX,OPEN_SEX,UNKNOWN,UNKNOWN,UNKNOWN,0,0,0,0,0,0,0,0.013810431468745554,14,10,0.0,0.0,0,0,0,V1_LIGHTGBM,LightGBM F_filter-a:近走着差・勝ち馬強度・フィールド強度・基礎能力
