No,feature_name,japanese_meaning,calculation_method,source_data,history_window,category,code_location,includes_maiden_history,related_features,gain_importance,split_importance,human_decision,calculation_detail_status,duplicate_name_count,input_column_type
1,career_races,対象馬の予測レース時点までの通算races,馬ごとのstats（対象日以前に履歴へ反映済みの結果）を集計。率は分子/通算レース数、履歴なしは0.0。,KettoNum別の過去確定結果,全過去走（実装上履歴dequeは最大5走）,Historical Performance,src/backtest.py:963-978,YES,career_races,12791.86939048767,113.0,,CODE_TRACED,1,raw feature
2,career_wins,対象馬の予測レース時点までの通算wins,馬ごとのstats（対象日以前に履歴へ反映済みの結果）を集計。率は分子/通算レース数、履歴なしは0.0。,KettoNum別の過去確定結果,全過去走（実装上履歴dequeは最大5走）,Historical Performance,src/backtest.py:963-978,YES,career_wins,465.2116947174072,6.0,,CODE_TRACED,1,raw feature
3,career_win_rate,対象馬の予測レース時点までの通算win rate,馬ごとのstats（対象日以前に履歴へ反映済みの結果）を集計。率は分子/通算レース数、履歴なしは0.0。,KettoNum別の過去確定結果,全過去走（実装上履歴dequeは最大5走）,Historical Performance,src/backtest.py:963-978,YES,career_win_rate,3168.4807891845703,52.0,,CODE_TRACED,1,raw feature
4,career_places,対象馬の予測レース時点までの通算places,馬ごとのstats（対象日以前に履歴へ反映済みの結果）を集計。率は分子/通算レース数、履歴なしは0.0。,KettoNum別の過去確定結果,全過去走（実装上履歴dequeは最大5走）,Historical Performance,src/backtest.py:963-978,YES,career_places,90.23629760742188,2.0,,CODE_TRACED,1,raw feature
5,career_place_rate,対象馬の予測レース時点までの通算place rate,馬ごとのstats（対象日以前に履歴へ反映済みの結果）を集計。率は分子/通算レース数、履歴なしは0.0。,KettoNum別の過去確定結果,全過去走（実装上履歴dequeは最大5走）,Historical Performance,src/backtest.py:963-978,YES,career_place_rate,30999.513242721558,75.0,,CODE_TRACED,1,raw feature
6,recent3_win_rate,直近3走における対象馬のwin rate,履歴から直近3走を取り出し、win/placeの平均。履歴不足は存在分のみで平均し、履歴なしは0.0。,過去レースの着順・入線結果,直近3走,Historical Performance,src/backtest.py:963-978,YES,recent3_win_rate,798.2856025695801,16.0,,CODE_TRACED,1,raw feature
7,recent3_place_rate,直近3走における対象馬のplace rate,履歴から直近3走を取り出し、win/placeの平均。履歴不足は存在分のみで平均し、履歴なしは0.0。,過去レースの着順・入線結果,直近3走,Historical Performance,src/backtest.py:963-978,YES,recent3_place_rate,11593.966796875,8.0,,CODE_TRACED,1,raw feature
8,recent5_win_rate,直近5走における対象馬のwin rate,履歴から直近5走を取り出し、win/placeの平均。履歴不足は存在分のみで平均し、履歴なしは0.0。,過去レースの着順・入線結果,直近5走,Historical Performance,src/backtest.py:963-978,YES,recent5_win_rate,182.05170059204102,5.0,,CODE_TRACED,1,raw feature
9,recent5_place_rate,直近5走における対象馬のplace rate,履歴から直近5走を取り出し、win/placeの平均。履歴不足は存在分のみで平均し、履歴なしは0.0。,過去レースの着順・入線結果,直近5走,Historical Performance,src/backtest.py:963-978,YES,recent5_place_rate,34211.70217514038,22.0,,CODE_TRACED,1,raw feature
10,races_last_180d,予測日から過去180日以内の出走回数,履歴に保持した過去レース日付を予測日との差で数える。,過去レース日付,過去180日,Historical Performance,src/backtest.py:979-980,YES,races_last_180d,2301.498794555664,39.0,,CODE_TRACED,1,raw feature
11,races_last_365d,予測日から過去365日以内の出走回数,履歴に保持した過去レース日付を予測日との差で数える。,過去レース日付,過去365日,Historical Performance,src/backtest.py:979-980,YES,races_last_365d,66.11549949645996,3.0,,CODE_TRACED,1,raw feature
12,last1_finish,対象馬の前走における finish,対象馬の履歴を新しい順に並べた直近1走目から値を取得。履歴不足は0またはunknownでfallback。,対象馬の過去レース結果・レース条件,直近3走以内,Recent Performance,src/backtest.py:963-1030,YES,lastN_finish,66233.60685539246,71.0,,CODE_TRACED,1,raw feature
13,last2_finish,対象馬の前々走における finish,対象馬の履歴を新しい順に並べた直近2走目から値を取得。履歴不足は0またはunknownでfallback。,対象馬の過去レース結果・レース条件,直近3走以内,Recent Performance,src/backtest.py:963-1030,YES,lastN_finish,4242.764408111572,21.0,,CODE_TRACED,1,raw feature
14,last3_finish,対象馬の3走前における finish,対象馬の履歴を新しい順に並べた直近3走目から値を取得。履歴不足は0またはunknownでfallback。,対象馬の過去レース結果・レース条件,直近3走以内,Recent Performance,src/backtest.py:963-1030,YES,lastN_finish,174.22560119628906,4.0,,CODE_TRACED,1,raw feature
15,last1_margin,対象馬の前走における margin,対象馬の履歴を新しい順に並べた直近1走目から値を取得。履歴不足は0またはunknownでfallback。,対象馬の過去レース結果・レース条件,直近3走以内,Recent Performance,src/backtest.py:963-1030,YES,lastN_margin,118.41500091552734,4.0,,CODE_TRACED,1,raw feature
16,last2_margin,対象馬の前々走における margin,対象馬の履歴を新しい順に並べた直近2走目から値を取得。履歴不足は0またはunknownでfallback。,対象馬の過去レース結果・レース条件,直近3走以内,Recent Performance,src/backtest.py:963-1030,YES,lastN_margin,0.0,0.0,,CODE_TRACED,1,raw feature
17,last3_margin,対象馬の3走前における margin,対象馬の履歴を新しい順に並べた直近3走目から値を取得。履歴不足は0またはunknownでfallback。,対象馬の過去レース結果・レース条件,直近3走以内,Recent Performance,src/backtest.py:963-1030,YES,lastN_margin,0.0,0.0,,CODE_TRACED,1,raw feature
18,best_margin_last3,対象馬の直近3走についてbest margin last3を集約した値,直近3走の履歴値を対象にmax。履歴不足時は空配列の既定値0.0。,対象馬の過去3レース結果,直近3走,Recent Performance,src/backtest.py:963-1020,YES,best_margin_lastN,511.73878479003906,3.0,,CODE_TRACED,1,raw feature
19,mean_margin_last3,対象馬の直近3走についてmean margin last3を集約した値,直近3走の履歴値を対象に平均。履歴不足時は空配列の既定値0.0。,対象馬の過去3レース結果,直近3走,Recent Performance,src/backtest.py:963-1020,YES,mean_margin_lastN,10285.308313369751,31.0,,CODE_TRACED,1,raw feature
20,weighted_margin_last3,対象馬の直近3走についてweighted margin last3を集約した値,"直近3走の履歴値を対象に重み付き平均（0.5,0.3,0.2）。履歴不足時は空配列の既定値0.0。",対象馬の過去3レース結果,直近3走,Recent Performance,src/backtest.py:963-1020,YES,weighted_margin_lastN,7361.657505989075,44.0,,CODE_TRACED,1,raw feature
21,last1_winner_strength,対象馬の直近3走についてlast1 winner strengthを集約した値,直近3走の履歴値を対象に直近3走の派生値。履歴不足時は空配列の既定値0.0。,対象馬の過去3レース結果,直近3走,Opponent / Winner Strength,src/backtest.py:963-1020,YES,lastN_winner_strength,90.80509948730469,1.0,,CODE_TRACED,1,raw feature
22,last2_winner_strength,対象馬の直近3走についてlast2 winner strengthを集約した値,直近3走の履歴値を対象に直近3走の派生値。履歴不足時は空配列の既定値0.0。,対象馬の過去3レース結果,直近3走,Opponent / Winner Strength,src/backtest.py:963-1020,YES,lastN_winner_strength,0.0,0.0,,CODE_TRACED,1,raw feature
23,last3_winner_strength,対象馬の直近3走についてlast3 winner strengthを集約した値,直近3走の履歴値を対象に直近3走の派生値。履歴不足時は空配列の既定値0.0。,対象馬の過去3レース結果,直近3走,Opponent / Winner Strength,src/backtest.py:963-1020,YES,lastN_winner_strength,17.844499588012695,1.0,,CODE_TRACED,1,raw feature
24,last1_field_strength,対象馬の直近3走についてlast1 field strengthを集約した値,直近3走の履歴値を対象に直近3走の派生値。履歴不足時は空配列の既定値0.0。,対象馬の過去3レース結果,直近3走,Opponent / Winner Strength,src/backtest.py:963-1020,YES,lastN_field_strength,197.92109870910645,6.0,,CODE_TRACED,1,raw feature
25,last2_field_strength,対象馬の直近3走についてlast2 field strengthを集約した値,直近3走の履歴値を対象に直近3走の派生値。履歴不足時は空配列の既定値0.0。,対象馬の過去3レース結果,直近3走,Opponent / Winner Strength,src/backtest.py:963-1020,YES,lastN_field_strength,29.57110023498535,1.0,,CODE_TRACED,1,raw feature
26,last3_field_strength,対象馬の直近3走についてlast3 field strengthを集約した値,直近3走の履歴値を対象に直近3走の派生値。履歴不足時は空配列の既定値0.0。,対象馬の過去3レース結果,直近3走,Opponent / Winner Strength,src/backtest.py:963-1020,YES,lastN_field_strength,377.1798973083496,6.0,,CODE_TRACED,1,raw feature
27,margin_x_winner_strength,コード上の特徴量 margin_x_winner_strength,build_v1_featuresのvalues辞書から取得（詳細式は該当ブロックを参照）。,build_v1_featuresの入力行・履歴,当該レースまたは過去履歴（名称から一意に確定不可）,Recent Performance,src/backtest.py:932-1030,YES,margin_x_winner_strength,83.40409851074219,1.0,,CODE_TRACED,1,raw feature
28,margin_x_field_strength,コード上の特徴量 margin_x_field_strength,build_v1_featuresのvalues辞書から取得（詳細式は該当ブロックを参照）。,build_v1_featuresの入力行・履歴,当該レースまたは過去履歴（名称から一意に確定不可）,Recent Performance,src/backtest.py:932-1030,YES,margin_x_field_strength,2127.6723985671997,22.0,,CODE_TRACED,1,raw feature
29,last1_distance,対象馬の前走における distance,対象馬の履歴を新しい順に並べた直近1走目から値を取得。履歴不足は0またはunknownでfallback。,対象馬の過去レース結果・レース条件,直近3走以内,Distance,src/backtest.py:963-1030,YES,lastN_distance,2302.6512126922607,39.0,,CODE_TRACED,1,raw feature
30,last2_distance,対象馬の前々走における distance,対象馬の履歴を新しい順に並べた直近2走目から値を取得。履歴不足は0またはunknownでfallback。,対象馬の過去レース結果・レース条件,直近3走以内,Distance,src/backtest.py:963-1030,YES,lastN_distance,208.28559684753418,5.0,,CODE_TRACED,1,raw feature
31,last3_distance,対象馬の3走前における distance,対象馬の履歴を新しい順に並べた直近3走目から値を取得。履歴不足は0またはunknownでfallback。,対象馬の過去レース結果・レース条件,直近3走以内,Distance,src/backtest.py:963-1030,YES,lastN_distance,88.91990280151367,2.0,,CODE_TRACED,1,raw feature
32,current_distance,当該レースの距離,race_Kyori/Kyori または同一レース行数を使用。,当該レースのrace_Kyori/Kyori,当該レース,Distance,"src/backtest.py:821-823,src/backtest.py:874-875",UNKNOWN,current_distance,3081.3933181762695,66.0,,CODE_TRACED,1,raw feature
33,field_size,当該レースの出走頭数,race_Kyori/Kyori または同一レース行数を使用。,当該レースの全馬行,当該レース,Race Composition,"src/backtest.py:821-823,src/backtest.py:874-875",N/A,field_size,16500.95827293396,131.0,,CODE_TRACED,1,raw feature
34,last1_winner_strength_v2,対象馬の直近3走についてlast1 winner strength v2を集約した値,直近3走の履歴値を対象に直近3走の派生値。履歴不足時は空配列の既定値0.0。,対象馬の過去3レース結果,直近3走,Opponent / Winner Strength,src/backtest.py:963-1020,YES,lastN_winner_strength_v2,17.126100540161133,1.0,,CODE_TRACED,1,raw feature
35,last2_winner_strength_v2,対象馬の直近3走についてlast2 winner strength v2を集約した値,直近3走の履歴値を対象に直近3走の派生値。履歴不足時は空配列の既定値0.0。,対象馬の過去3レース結果,直近3走,Opponent / Winner Strength,src/backtest.py:963-1020,YES,lastN_winner_strength_v2,28.200300216674805,1.0,,CODE_TRACED,1,raw feature
36,last3_winner_strength_v2,対象馬の直近3走についてlast3 winner strength v2を集約した値,直近3走の履歴値を対象に直近3走の派生値。履歴不足時は空配列の既定値0.0。,対象馬の過去3レース結果,直近3走,Opponent / Winner Strength,src/backtest.py:963-1020,YES,lastN_winner_strength_v2,69.08539962768555,3.0,,CODE_TRACED,1,raw feature
37,last1_field_strength_v2,対象馬の直近3走についてlast1 field strength v2を集約した値,直近3走の履歴値を対象に直近3走の派生値。履歴不足時は空配列の既定値0.0。,対象馬の過去3レース結果,直近3走,Opponent / Winner Strength,src/backtest.py:963-1020,YES,lastN_field_strength_v2,592.1326007843018,9.0,,CODE_TRACED,1,raw feature
38,last2_field_strength_v2,対象馬の直近3走についてlast2 field strength v2を集約した値,直近3走の履歴値を対象に直近3走の派生値。履歴不足時は空配列の既定値0.0。,対象馬の過去3レース結果,直近3走,Opponent / Winner Strength,src/backtest.py:963-1020,YES,lastN_field_strength_v2,398.95190238952637,9.0,,CODE_TRACED,1,raw feature
39,last3_field_strength_v2,対象馬の直近3走についてlast3 field strength v2を集約した値,直近3走の履歴値を対象に直近3走の派生値。履歴不足時は空配列の既定値0.0。,対象馬の過去3レース結果,直近3走,Opponent / Winner Strength,src/backtest.py:963-1020,YES,lastN_field_strength_v2,240.76190662384033,5.0,,CODE_TRACED,1,raw feature
40,last1_margin_x_winner_strength_v2,対象馬の前走における margin x winner strength v2,対象馬の履歴を新しい順に並べた直近1走目から値を取得。履歴不足は0またはunknownでfallback。,対象馬の過去レース結果・レース条件,直近3走以内,Recent Performance,src/backtest.py:963-1030,YES,lastN_margin_x_winner_strength_v2,2706.604528427124,14.0,,CODE_TRACED,1,raw feature
41,last2_margin_x_winner_strength_v2,対象馬の前々走における margin x winner strength v2,対象馬の履歴を新しい順に並べた直近2走目から値を取得。履歴不足は0またはunknownでfallback。,対象馬の過去レース結果・レース条件,直近3走以内,Recent Performance,src/backtest.py:963-1030,YES,lastN_margin_x_winner_strength_v2,39.96590042114258,1.0,,CODE_TRACED,1,raw feature
42,last3_margin_x_winner_strength_v2,対象馬の3走前における margin x winner strength v2,対象馬の履歴を新しい順に並べた直近3走目から値を取得。履歴不足は0またはunknownでfallback。,対象馬の過去レース結果・レース条件,直近3走以内,Recent Performance,src/backtest.py:963-1030,YES,lastN_margin_x_winner_strength_v2,0.0,0.0,,CODE_TRACED,1,raw feature
43,max_winner_strength_last3,対象馬の直近3走についてmax winner strength last3を集約した値,直近3走の履歴値を対象にmax。履歴不足時は空配列の既定値0.0。,対象馬の過去3レース結果,直近3走,Opponent / Winner Strength,src/backtest.py:963-1020,YES,max_winner_strength_lastN,0.0,0.0,,CODE_TRACED,1,raw feature
44,mean_winner_strength_last3,対象馬の直近3走についてmean winner strength last3を集約した値,直近3走の履歴値を対象に平均。履歴不足時は空配列の既定値0.0。,対象馬の過去3レース結果,直近3走,Opponent / Winner Strength,src/backtest.py:963-1020,YES,mean_winner_strength_lastN,276.39050102233887,6.0,,CODE_TRACED,1,raw feature
45,weighted_winner_strength_last3,対象馬の直近3走についてweighted winner strength last3を集約した値,"直近3走の履歴値を対象に重み付き平均（0.5,0.3,0.2）。履歴不足時は空配列の既定値0.0。",対象馬の過去3レース結果,直近3走,Opponent / Winner Strength,src/backtest.py:963-1020,YES,weighted_winner_strength_lastN,0.0,0.0,,CODE_TRACED,1,raw feature
46,best_strong_opponent_performance_last3,対象馬の直近3走についてbest strong opponent performance last3を集約した値,直近3走の履歴値を対象にmax。履歴不足時は空配列の既定値0.0。,対象馬の過去3レース結果,直近3走,Recent Performance,src/backtest.py:963-1020,YES,best_strong_opponent_performance_lastN,8930.00468635559,44.0,,CODE_TRACED,1,raw feature
47,last1_field_max_strength_v2,対象馬の直近3走についてlast1 field max strength v2を集約した値,直近3走の履歴値を対象に直近3走の派生値。履歴不足時は空配列の既定値0.0。,対象馬の過去3レース結果,直近3走,Other,src/backtest.py:963-1020,YES,lastN_field_max_strength_v2,28.369699478149414,1.0,,CODE_TRACED,1,raw feature
48,last2_field_max_strength_v2,対象馬の直近3走についてlast2 field max strength v2を集約した値,直近3走の履歴値を対象に直近3走の派生値。履歴不足時は空配列の既定値0.0。,対象馬の過去3レース結果,直近3走,Other,src/backtest.py:963-1020,YES,lastN_field_max_strength_v2,74.66485118865967,3.0,,CODE_TRACED,1,raw feature
49,last3_field_max_strength_v2,対象馬の直近3走についてlast3 field max strength v2を集約した値,直近3走の履歴値を対象に直近3走の派生値。履歴不足時は空配列の既定値0.0。,対象馬の過去3レース結果,直近3走,Other,src/backtest.py:963-1020,YES,lastN_field_max_strength_v2,44.51259994506836,3.0,,CODE_TRACED,1,raw feature
50,last1_field_top3_mean_strength_v2,対象馬の直近3走についてlast1 field top3 mean strength v2を集約した値,直近3走の履歴値を対象に直近3走の派生値。履歴不足時は空配列の既定値0.0。,対象馬の過去3レース結果,直近3走,Other,src/backtest.py:963-1020,YES,lastN_field_top3_mean_strength_v2,1820.2678899765015,38.0,,CODE_TRACED,1,raw feature
51,last2_field_top3_mean_strength_v2,対象馬の直近3走についてlast2 field top3 mean strength v2を集約した値,直近3走の履歴値を対象に直近3走の派生値。履歴不足時は空配列の既定値0.0。,対象馬の過去3レース結果,直近3走,Other,src/backtest.py:963-1020,YES,lastN_field_top3_mean_strength_v2,718.4754981994629,17.0,,CODE_TRACED,1,raw feature
52,last3_field_top3_mean_strength_v2,対象馬の直近3走についてlast3 field top3 mean strength v2を集約した値,直近3走の履歴値を対象に直近3走の派生値。履歴不足時は空配列の既定値0.0。,対象馬の過去3レース結果,直近3走,Other,src/backtest.py:963-1020,YES,lastN_field_top3_mean_strength_v2,1118.5353031158447,19.0,,CODE_TRACED,1,raw feature
53,opponent_history_missing_last3,対象馬の直近3走についてopponent history missing last3を集約した値,直近3走の履歴値を対象に直近3走の派生値。履歴不足時は空配列の既定値0.0。,対象馬の過去3レース結果,直近3走,Opponent / Winner Strength,src/backtest.py:963-1020,YES,opponent_history_missing_lastN,0.0,0.0,,CODE_TRACED,1,raw feature
54,last1_winner_max_race_class_before_target,対象馬の前走における winner max race class before target,対象馬の履歴を新しい順に並べた直近1走目から値を取得。履歴不足は0またはunknownでfallback。,対象馬の過去レース結果・レース条件,直近3走以内,Opponent / Winner Strength,src/backtest.py:963-1030,YES,lastN_winner_max_race_class_before_target,0.0,0.0,,CODE_TRACED,1,raw feature
55,last2_winner_max_race_class_before_target,対象馬の前々走における winner max race class before target,対象馬の履歴を新しい順に並べた直近2走目から値を取得。履歴不足は0またはunknownでfallback。,対象馬の過去レース結果・レース条件,直近3走以内,Opponent / Winner Strength,src/backtest.py:963-1030,YES,lastN_winner_max_race_class_before_target,0.0,0.0,,CODE_TRACED,1,raw feature
56,last3_winner_max_race_class_before_target,対象馬の3走前における winner max race class before target,対象馬の履歴を新しい順に並べた直近3走目から値を取得。履歴不足は0またはunknownでfallback。,対象馬の過去レース結果・レース条件,直近3走以内,Opponent / Winner Strength,src/backtest.py:963-1030,YES,lastN_winner_max_race_class_before_target,0.0,0.0,,CODE_TRACED,1,raw feature
57,last1_winner_best_win_class_before_target,対象馬の直近3走についてlast1 winner best win class before targetを集約した値,直近3走の履歴値を対象に直近3走の派生値。履歴不足時は空配列の既定値0.0。,対象馬の過去3レース結果,直近3走,Opponent / Winner Strength,src/backtest.py:963-1020,YES,lastN_winner_best_win_class_before_target,0.0,0.0,,CODE_TRACED,1,raw feature
58,last2_winner_best_win_class_before_target,対象馬の直近3走についてlast2 winner best win class before targetを集約した値,直近3走の履歴値を対象に直近3走の派生値。履歴不足時は空配列の既定値0.0。,対象馬の過去3レース結果,直近3走,Opponent / Winner Strength,src/backtest.py:963-1020,YES,lastN_winner_best_win_class_before_target,0.0,0.0,,CODE_TRACED,1,raw feature
59,last3_winner_best_win_class_before_target,対象馬の直近3走についてlast3 winner best win class before targetを集約した値,直近3走の履歴値を対象に直近3走の派生値。履歴不足時は空配列の既定値0.0。,対象馬の過去3レース結果,直近3走,Opponent / Winner Strength,src/backtest.py:963-1020,YES,lastN_winner_best_win_class_before_target,0.0,0.0,,CODE_TRACED,1,raw feature
60,last1_winner_max_prize_before_target,対象馬の前走における winner max prize before target,対象馬の履歴を新しい順に並べた直近1走目から値を取得。履歴不足は0またはunknownでfallback。,対象馬の過去レース結果・レース条件,直近3走以内,Opponent / Winner Strength,src/backtest.py:963-1030,YES,lastN_winner_max_prize_before_target,0.0,0.0,,CODE_TRACED,1,raw feature
61,last2_winner_max_prize_before_target,対象馬の前々走における winner max prize before target,対象馬の履歴を新しい順に並べた直近2走目から値を取得。履歴不足は0またはunknownでfallback。,対象馬の過去レース結果・レース条件,直近3走以内,Opponent / Winner Strength,src/backtest.py:963-1030,YES,lastN_winner_max_prize_before_target,16.16659927368164,1.0,,CODE_TRACED,1,raw feature
62,last3_winner_max_prize_before_target,対象馬の3走前における winner max prize before target,対象馬の履歴を新しい順に並べた直近3走目から値を取得。履歴不足は0またはunknownでfallback。,対象馬の過去レース結果・レース条件,直近3走以内,Opponent / Winner Strength,src/backtest.py:963-1030,YES,lastN_winner_max_prize_before_target,0.0,0.0,,CODE_TRACED,1,raw feature
63,last1_winner_mean_prize_before_target,対象馬の前走における winner mean prize before target,対象馬の履歴を新しい順に並べた直近1走目から値を取得。履歴不足は0またはunknownでfallback。,対象馬の過去レース結果・レース条件,直近3走以内,Opponent / Winner Strength,src/backtest.py:963-1030,YES,lastN_winner_mean_prize_before_target,11.805999755859375,1.0,,CODE_TRACED,1,raw feature
64,last2_winner_mean_prize_before_target,対象馬の前々走における winner mean prize before target,対象馬の履歴を新しい順に並べた直近2走目から値を取得。履歴不足は0またはunknownでfallback。,対象馬の過去レース結果・レース条件,直近3走以内,Opponent / Winner Strength,src/backtest.py:963-1030,YES,lastN_winner_mean_prize_before_target,0.0,0.0,,CODE_TRACED,1,raw feature
65,last3_winner_mean_prize_before_target,対象馬の3走前における winner mean prize before target,対象馬の履歴を新しい順に並べた直近3走目から値を取得。履歴不足は0またはunknownでfallback。,対象馬の過去レース結果・レース条件,直近3走以内,Opponent / Winner Strength,src/backtest.py:963-1030,YES,lastN_winner_mean_prize_before_target,19.326799392700195,1.0,,CODE_TRACED,1,raw feature
66,last1_raw_performance,対象馬の前走における raw performance,対象馬の履歴を新しい順に並べた直近1走目から値を取得。履歴不足は0またはunknownでfallback。,対象馬の過去レース結果・レース条件,直近3走以内,Recent Performance,src/backtest.py:963-1030,YES,lastN_raw_performance,132143.1885471344,36.0,,CODE_TRACED,1,raw feature
67,last2_raw_performance,対象馬の前々走における raw performance,対象馬の履歴を新しい順に並べた直近2走目から値を取得。履歴不足は0またはunknownでfallback。,対象馬の過去レース結果・レース条件,直近3走以内,Recent Performance,src/backtest.py:963-1030,YES,lastN_raw_performance,6879.94980430603,33.0,,CODE_TRACED,1,raw feature
68,last3_raw_performance,対象馬の3走前における raw performance,対象馬の履歴を新しい順に並べた直近3走目から値を取得。履歴不足は0またはunknownでfallback。,対象馬の過去レース結果・レース条件,直近3走以内,Recent Performance,src/backtest.py:963-1030,YES,lastN_raw_performance,337.6285037994385,6.0,,CODE_TRACED,1,raw feature
69,last1_position_advantage,対象馬の前走における position advantage,対象馬の履歴を新しい順に並べた直近1走目から値を取得。履歴不足は0またはunknownでfallback。,対象馬の過去レース結果・レース条件,直近3走以内,Recent Performance,src/backtest.py:963-1030,YES,lastN_position_advantage,265.7129955291748,6.0,,CODE_TRACED,1,raw feature
70,last2_position_advantage,対象馬の前々走における position advantage,対象馬の履歴を新しい順に並べた直近2走目から値を取得。履歴不足は0またはunknownでfallback。,対象馬の過去レース結果・レース条件,直近3走以内,Recent Performance,src/backtest.py:963-1030,YES,lastN_position_advantage,869.2403936386108,26.0,,CODE_TRACED,1,raw feature
71,last3_position_advantage,対象馬の3走前における position advantage,対象馬の履歴を新しい順に並べた直近3走目から値を取得。履歴不足は0またはunknownでfallback。,対象馬の過去レース結果・レース条件,直近3走以内,Recent Performance,src/backtest.py:963-1030,YES,lastN_position_advantage,409.414005279541,12.0,,CODE_TRACED,1,raw feature
72,last1_adjusted_performance,対象馬の前走における adjusted performance,対象馬の履歴を新しい順に並べた直近1走目から値を取得。履歴不足は0またはunknownでfallback。,対象馬の過去レース結果・レース条件,直近3走以内,Recent Performance,src/backtest.py:963-1030,YES,lastN_adjusted_performance,2667.3683280944824,19.0,,CODE_TRACED,1,raw feature
73,last2_adjusted_performance,対象馬の前々走における adjusted performance,対象馬の履歴を新しい順に並べた直近2走目から値を取得。履歴不足は0またはunknownでfallback。,対象馬の過去レース結果・レース条件,直近3走以内,Recent Performance,src/backtest.py:963-1030,YES,lastN_adjusted_performance,2307.9833965301514,19.0,,CODE_TRACED,1,raw feature
74,last3_adjusted_performance,対象馬の3走前における adjusted performance,対象馬の履歴を新しい順に並べた直近3走目から値を取得。履歴不足は0またはunknownでfallback。,対象馬の過去レース結果・レース条件,直近3走以内,Recent Performance,src/backtest.py:963-1030,YES,lastN_adjusted_performance,210.42150497436523,3.0,,CODE_TRACED,1,raw feature
75,best_adjusted_performance_last3,対象馬の直近3走についてbest adjusted performance last3を集約した値,直近3走の履歴値を対象にmax。履歴不足時は空配列の既定値0.0。,対象馬の過去3レース結果,直近3走,Recent Performance,src/backtest.py:963-1020,YES,best_adjusted_performance_lastN,2727.0938720703125,21.0,,CODE_TRACED,1,raw feature
76,mean_adjusted_performance_last3,対象馬の直近3走についてmean adjusted performance last3を集約した値,直近3走の履歴値を対象に平均。履歴不足時は空配列の既定値0.0。,対象馬の過去3レース結果,直近3走,Recent Performance,src/backtest.py:963-1020,YES,mean_adjusted_performance_lastN,59191.32723617554,90.0,,CODE_TRACED,1,raw feature
77,weighted_adjusted_performance_last3,対象馬の直近3走についてweighted adjusted performance last3を集約した値,"直近3走の履歴値を対象に重み付き平均（0.5,0.3,0.2）。履歴不足時は空配列の既定値0.0。",対象馬の過去3レース結果,直近3走,Recent Performance,src/backtest.py:963-1020,YES,weighted_adjusted_performance_lastN,1273.1373805999756,17.0,,CODE_TRACED,1,raw feature
78,hidden_strength_last1,対象馬の直近3走についてhidden strength last1を集約した値,直近3走の履歴値を対象に直近3走の派生値。履歴不足時は空配列の既定値0.0。,対象馬の過去3レース結果,直近3走,Recent Performance,src/backtest.py:963-1020,YES,hidden_strength_lastN,0.0,0.0,,CODE_TRACED,1,raw feature
79,hidden_strength_last2,対象馬の直近3走についてhidden strength last2を集約した値,直近3走の履歴値を対象に直近3走の派生値。履歴不足時は空配列の既定値0.0。,対象馬の過去3レース結果,直近3走,Recent Performance,src/backtest.py:963-1020,YES,hidden_strength_lastN,0.0,0.0,,CODE_TRACED,1,raw feature
80,hidden_strength_last3,対象馬の直近3走についてhidden strength last3を集約した値,直近3走の履歴値を対象に直近3走の派生値。履歴不足時は空配列の既定値0.0。,対象馬の過去3レース結果,直近3走,Recent Performance,src/backtest.py:963-1020,YES,hidden_strength_lastN,0.0,0.0,,CODE_TRACED,1,raw feature
81,max_hidden_strength_last3,対象馬の直近3走についてmax hidden strength last3を集約した値,直近3走の履歴値を対象にmax。履歴不足時は空配列の既定値0.0。,対象馬の過去3レース結果,直近3走,Recent Performance,src/backtest.py:963-1020,YES,max_hidden_strength_lastN,0.0,0.0,,CODE_TRACED,1,raw feature
82,max_strong_against_bias_last3,対象馬の直近3走についてmax strong against bias last3を集約した値,直近3走の履歴値を対象にmax。履歴不足時は空配列の既定値0.0。,対象馬の過去3レース結果,直近3走,Recent Performance,src/backtest.py:963-1020,YES,max_strong_against_bias_lastN,0.0,0.0,,CODE_TRACED,1,raw feature
83,strong_against_bias_last1,対象馬の直近3走についてstrong against bias last1を集約した値,直近3走の履歴値を対象に直近3走の派生値。履歴不足時は空配列の既定値0.0。,対象馬の過去3レース結果,直近3走,Recent Performance,src/backtest.py:963-1020,YES,strong_against_bias_lastN,0.0,0.0,,CODE_TRACED,1,raw feature
84,strong_against_bias_last2,対象馬の直近3走についてstrong against bias last2を集約した値,直近3走の履歴値を対象に直近3走の派生値。履歴不足時は空配列の既定値0.0。,対象馬の過去3レース結果,直近3走,Recent Performance,src/backtest.py:963-1020,YES,strong_against_bias_lastN,0.0,0.0,,CODE_TRACED,1,raw feature
85,strong_against_bias_last3,対象馬の直近3走についてstrong against bias last3を集約した値,直近3走の履歴値を対象に直近3走の派生値。履歴不足時は空配列の既定値0.0。,対象馬の過去3レース結果,直近3走,Recent Performance,src/backtest.py:963-1020,YES,strong_against_bias_lastN,0.0,0.0,,CODE_TRACED,1,raw feature
86,race_position_bias_last1,対象馬の直近3走についてrace position bias last1を集約した値,直近3走の履歴値を対象に直近3走の派生値。履歴不足時は空配列の既定値0.0。,対象馬の過去3レース結果,直近3走,Pace / Position,src/backtest.py:963-1020,YES,race_position_bias_lastN,0.0,0.0,,CODE_TRACED,1,raw feature
87,race_position_bias_last2,対象馬の直近3走についてrace position bias last2を集約した値,直近3走の履歴値を対象に直近3走の派生値。履歴不足時は空配列の既定値0.0。,対象馬の過去3レース結果,直近3走,Pace / Position,src/backtest.py:963-1020,YES,race_position_bias_lastN,0.0,0.0,,CODE_TRACED,1,raw feature
88,race_position_bias_last3,対象馬の直近3走についてrace position bias last3を集約した値,直近3走の履歴値を対象に直近3走の派生値。履歴不足時は空配列の既定値0.0。,対象馬の過去3レース結果,直近3走,Pace / Position,src/backtest.py:963-1020,YES,race_position_bias_lastN,0.0,0.0,,CODE_TRACED,1,raw feature
89,setup_improvement,コード上の特徴量 setup_improvement,build_v1_featuresのvalues辞書から取得（詳細式は該当ブロックを参照）。,build_v1_featuresの入力行・履歴,当該レースまたは過去履歴（名称から一意に確定不可）,Recent Performance,src/backtest.py:932-1030,UNKNOWN,setup_improvement,110.25669860839844,3.0,,CODE_TRACED,1,raw feature
90,hidden_strength_x_race_strength,コード上の特徴量 hidden_strength_x_race_strength,build_v1_featuresのvalues辞書から取得（詳細式は該当ブロックを参照）。,build_v1_featuresの入力行・履歴,当該レースまたは過去履歴（名称から一意に確定不可）,Recent Performance,src/backtest.py:932-1030,YES,hidden_strength_x_race_strength,9.386150360107422,1.0,,CODE_TRACED,1,raw feature
91,course_first_corner_distance_m,当該コース形状のfirst corner distance m,入力行のcourse_*列をgeometry_valueで数値化。欠損は0.0。,raw race dataのcourse_*列,当該レース,Course,"src/backtest.py:405-409,src/backtest.py:889-901",N/A,course_first_corner_distance_m,1897.9770984649658,22.0,,CODE_TRACED,1,raw feature
92,course_elevation_difference_m,当該コース形状のelevation difference m,入力行のcourse_*列をgeometry_valueで数値化。欠損は0.0。,raw race dataのcourse_*列,当該レース,Course,"src/backtest.py:405-409,src/backtest.py:889-901",N/A,course_elevation_difference_m,2015.339687347412,29.0,,CODE_TRACED,1,raw feature
93,course_final_straight_m,当該コース形状のfinal straight m,入力行のcourse_*列をgeometry_valueで数値化。欠損は0.0。,raw race dataのcourse_*列,当該レース,Course,"src/backtest.py:405-409,src/backtest.py:889-901",N/A,course_final_straight_m,5633.410729408264,64.0,,CODE_TRACED,1,raw feature
94,course_start_uphill,当該コース形状のstart uphill,入力行のcourse_*列をgeometry_valueで数値化。欠損は0.0。,raw race dataのcourse_*列,当該レース,Course,"src/backtest.py:405-409,src/backtest.py:889-901",N/A,course_start_uphill,0.0,0.0,,CODE_TRACED,1,raw feature
95,course_start_downhill,当該コース形状のstart downhill,入力行のcourse_*列をgeometry_valueで数値化。欠損は0.0。,raw race dataのcourse_*列,当該レース,Course,"src/backtest.py:405-409,src/backtest.py:889-901",N/A,course_start_downhill,0.0,0.0,,CODE_TRACED,1,raw feature
96,course_final_uphill,当該コース形状のfinal uphill,入力行のcourse_*列をgeometry_valueで数値化。欠損は0.0。,raw race dataのcourse_*列,当該レース,Course,"src/backtest.py:405-409,src/backtest.py:889-901",N/A,course_final_uphill,57.86610221862793,2.0,,CODE_TRACED,1,raw feature
97,course_final_downhill,当該コース形状のfinal downhill,入力行のcourse_*列をgeometry_valueで数値化。欠損は0.0。,raw race dataのcourse_*列,当該レース,Course,"src/backtest.py:405-409,src/backtest.py:889-901",N/A,course_final_downhill,0.0,0.0,,CODE_TRACED,1,raw feature
98,course_final_steep_hill,当該コース形状のfinal steep hill,入力行のcourse_*列をgeometry_valueで数値化。欠損は0.0。,raw race dataのcourse_*列,当該レース,Course,"src/backtest.py:405-409,src/backtest.py:889-901",N/A,course_final_steep_hill,0.0,0.0,,CODE_TRACED,1,raw feature
99,course_rolling_terrain,当該コース形状のrolling terrain,入力行のcourse_*列をgeometry_valueで数値化。欠損は0.0。,raw race dataのcourse_*列,当該レース,Course,"src/backtest.py:405-409,src/backtest.py:889-901",N/A,course_rolling_terrain,0.0,0.0,,CODE_TRACED,1,raw feature
100,course_mostly_flat,当該コース形状のmostly flat,入力行のcourse_*列をgeometry_valueで数値化。欠損は0.0。,raw race dataのcourse_*列,当該レース,Course,"src/backtest.py:405-409,src/backtest.py:889-901",N/A,course_mostly_flat,262.01210021972656,6.0,,CODE_TRACED,1,raw feature
101,course_gentle_corners,当該コース形状のgentle corners,入力行のcourse_*列をgeometry_valueで数値化。欠損は0.0。,raw race dataのcourse_*列,当該レース,Course,"src/backtest.py:405-409,src/backtest.py:889-901",N/A,course_gentle_corners,309.70179748535156,7.0,,CODE_TRACED,1,raw feature
102,course_tight_corners,当該コース形状のtight corners,入力行のcourse_*列をgeometry_valueで数値化。欠損は0.0。,raw race dataのcourse_*列,当該レース,Course,"src/backtest.py:405-409,src/backtest.py:889-901",N/A,course_tight_corners,0.0,0.0,,CODE_TRACED,1,raw feature
103,course_up_down_transition_sentence_count,当該コース形状のup down transition sentence count,入力行のcourse_*列をgeometry_valueで数値化。欠損は0.0。,raw race dataのcourse_*列,当該レース,Course,"src/backtest.py:405-409,src/backtest.py:889-901",N/A,course_up_down_transition_sentence_count,0.0,0.0,,CODE_TRACED,1,raw feature
104,course_geometry_fit,当該コース形状のgeometry fit,入力行のcourse_*列をgeometry_valueで数値化。欠損は0.0。,raw race dataのcourse_*列,当該レース,Course,"src/backtest.py:405-409,src/backtest.py:889-901",N/A,course_geometry_fit,3489.358896255493,44.0,,CODE_TRACED,1,raw feature
105,horse_expected_position,対象馬のhorse expected position,対象馬の履歴から平均・標準偏差、または同一geometryのadjusted performance平均を計算。履歴なしは0.0/0.5。,対象馬の過去レース履歴と当該コースgeometry,全保持履歴（最大5走）,Pace / Position,src/backtest.py:891-906,YES,horse_expected_position,4428.836008071899,67.0,,CODE_TRACED,1,raw feature
106,position_stability,対象馬のposition stability,対象馬の履歴から平均・標準偏差、または同一geometryのadjusted performance平均を計算。履歴なしは0.0/0.5。,対象馬の過去レース履歴と当該コースgeometry,全保持履歴（最大5走）,Pace / Position,src/backtest.py:891-906,YES,position_stability,0.0,0.0,,CODE_TRACED,1,raw feature
107,frontness_mean,対象馬のfrontness mean,対象馬の履歴から平均・標準偏差、または同一geometryのadjusted performance平均を計算。履歴なしは0.0/0.5。,対象馬の過去レース履歴と当該コースgeometry,全保持履歴（最大5走）,Pace / Position,src/backtest.py:891-906,UNKNOWN,frontness_mean,0.0,0.0,,CODE_TRACED,1,raw feature
108,frontness_std,対象馬のfrontness std,対象馬の履歴から平均・標準偏差、または同一geometryのadjusted performance平均を計算。履歴なしは0.0/0.5。,対象馬の過去レース履歴と当該コースgeometry,全保持履歴（最大5走）,Pace / Position,src/backtest.py:891-906,UNKNOWN,frontness_std,0.0,0.0,,CODE_TRACED,1,raw feature
109,front_density,当該レースの展開・位置取り構成を表すfront density,同一レース出走馬の過去位置取りからfrontnessを作り、平均・密度・上位入線馬との差を計算。,同一レースの全出走馬と各馬の過去位置履歴,当該レース＋各馬の保持履歴,Pace / Position,"src/backtest.py:835-860,src/backtest.py:901-915",UNKNOWN,front_density,44.69420051574707,3.0,,CODE_TRACED,1,raw feature
110,forward_density,当該レースの展開・位置取り構成を表すforward density,同一レース出走馬の過去位置取りからfrontnessを作り、平均・密度・上位入線馬との差を計算。,同一レースの全出走馬と各馬の過去位置履歴,当該レース＋各馬の保持履歴,Pace / Position,"src/backtest.py:835-860,src/backtest.py:901-915",UNKNOWN,forward_density,30.889500617980957,2.0,,CODE_TRACED,1,raw feature
111,mid_density,当該レースの展開・位置取り構成を表すmid density,同一レース出走馬の過去位置取りからfrontnessを作り、平均・密度・上位入線馬との差を計算。,同一レースの全出走馬と各馬の過去位置履歴,当該レース＋各馬の保持履歴,Pace / Position,"src/backtest.py:835-860,src/backtest.py:901-915",UNKNOWN,mid_density,0.0,0.0,,CODE_TRACED,1,raw feature
112,rear_density,当該レースの展開・位置取り構成を表すrear density,同一レース出走馬の過去位置取りからfrontnessを作り、平均・密度・上位入線馬との差を計算。,同一レースの全出走馬と各馬の過去位置履歴,当該レース＋各馬の保持履歴,Pace / Position,"src/backtest.py:835-860,src/backtest.py:901-915",UNKNOWN,rear_density,119.956298828125,3.0,,CODE_TRACED,1,raw feature
113,expected_front_count,当該レースの展開・位置取り構成を表すexpected front count,同一レース出走馬の過去位置取りからfrontnessを作り、平均・密度・上位入線馬との差を計算。,同一レースの全出走馬と各馬の過去位置履歴,当該レース＋各馬の保持履歴,Pace / Position,"src/backtest.py:835-860,src/backtest.py:901-915",UNKNOWN,expected_front_count,204.2671012878418,5.0,,CODE_TRACED,1,raw feature
114,expected_position_mean,当該レースの展開・位置取り構成を表すexpected position mean,同一レース出走馬の過去位置取りからfrontnessを作り、平均・密度・上位入線馬との差を計算。,同一レースの全出走馬と各馬の過去位置履歴,当該レース＋各馬の保持履歴,Pace / Position,"src/backtest.py:835-860,src/backtest.py:901-915",YES,expected_position_mean,1238.6014022827148,30.0,,CODE_TRACED,1,raw feature
115,expected_position_std,当該レースの展開・位置取り構成を表すexpected position std,同一レース出走馬の過去位置取りからfrontnessを作り、平均・密度・上位入線馬との差を計算。,同一レースの全出走馬と各馬の過去位置履歴,当該レース＋各馬の保持履歴,Pace / Position,"src/backtest.py:835-860,src/backtest.py:901-915",YES,expected_position_std,1134.1587982177734,15.0,,CODE_TRACED,1,raw feature
116,gate_position_pct,コード上の特徴量 gate_position_pct,build_v1_featuresのvalues辞書から取得（詳細式は該当ブロックを参照）。,build_v1_featuresの入力行・履歴,当該レースまたは過去履歴（名称から一意に確定不可）,Pace / Position,src/backtest.py:932-1030,YES,gate_position_pct,333.2567014694214,11.0,,CODE_TRACED,1,raw feature
117,gate_x_expected_position,コード上の特徴量 gate_x_expected_position,build_v1_featuresのvalues辞書から取得（詳細式は該当ブロックを参照）。,build_v1_featuresの入力行・履歴,当該レースまたは過去履歴（名称から一意に確定不可）,Pace / Position,src/backtest.py:932-1030,YES,gate_x_expected_position,449.9027099609375,12.0,,CODE_TRACED,1,raw feature
118,position_bias_top5_v2,当該レースの展開・位置取り構成を表すposition bias top5 v2,同一レース出走馬の過去位置取りからfrontnessを作り、平均・密度・上位入線馬との差を計算。,同一レースの全出走馬と各馬の過去位置履歴,当該レース＋各馬の保持履歴,Pace / Position,"src/backtest.py:835-860,src/backtest.py:901-915",YES,position_bias_top5_v2,0.0,0.0,,CODE_TRACED,1,raw feature
119,position_bias_top6_v2,当該レースの展開・位置取り構成を表すposition bias top6 v2,同一レース出走馬の過去位置取りからfrontnessを作り、平均・密度・上位入線馬との差を計算。,同一レースの全出走馬と各馬の過去位置履歴,当該レース＋各馬の保持履歴,Pace / Position,"src/backtest.py:835-860,src/backtest.py:901-915",YES,position_bias_top6_v2,392.7903995513916,8.0,,CODE_TRACED,1,raw feature
120,position_bias_weighted_top6_v2,当該レースの展開・位置取り構成を表すposition bias weighted top6 v2,同一レース出走馬の過去位置取りからfrontnessを作り、平均・密度・上位入線馬との差を計算。,同一レースの全出走馬と各馬の過去位置履歴,当該レース＋各馬の保持履歴,Pace / Position,"src/backtest.py:835-860,src/backtest.py:901-915",YES,position_bias_weighted_top6_v2,6376.527627944946,81.0,,CODE_TRACED,1,raw feature
121,position_bias_residual_v2,当該レースの展開・位置取り構成を表すposition bias residual v2,同一レース出走馬の過去位置取りからfrontnessを作り、平均・密度・上位入線馬との差を計算。,同一レースの全出走馬と各馬の過去位置履歴,当該レース＋各馬の保持履歴,Pace / Position,"src/backtest.py:835-860,src/backtest.py:901-915",YES,position_bias_variant,5365.676523208618,90.0,,CODE_TRACED,1,raw feature
122,strong_against_bias_v2_last1,対象馬の直近3走についてstrong against bias v2 last1を集約した値,直近3走の履歴値を対象に直近3走の派生値。履歴不足時は空配列の既定値0.0。,対象馬の過去3レース結果,直近3走,Recent Performance,src/backtest.py:963-1020,YES,strong_against_bias_v2_lastN,0.0,0.0,,CODE_TRACED,1,raw feature
123,strong_against_bias_v2_last2,対象馬の直近3走についてstrong against bias v2 last2を集約した値,直近3走の履歴値を対象に直近3走の派生値。履歴不足時は空配列の既定値0.0。,対象馬の過去3レース結果,直近3走,Recent Performance,src/backtest.py:963-1020,YES,strong_against_bias_v2_lastN,0.0,0.0,,CODE_TRACED,1,raw feature
124,strong_against_bias_v2_last3,対象馬の直近3走についてstrong against bias v2 last3を集約した値,直近3走の履歴値を対象に直近3走の派生値。履歴不足時は空配列の既定値0.0。,対象馬の過去3レース結果,直近3走,Recent Performance,src/backtest.py:963-1020,YES,strong_against_bias_v2_lastN,0.0,0.0,,CODE_TRACED,1,raw feature
125,setup_benefit_last1,対象馬の直近3走についてsetup benefit last1を集約した値,直近3走の履歴値を対象に直近3走の派生値。履歴不足時は空配列の既定値0.0。,対象馬の過去3レース結果,直近3走,Recent Performance,src/backtest.py:963-1020,YES,setup_benefit_lastN,15.277700424194336,1.0,,CODE_TRACED,1,raw feature
126,setup_benefit_last2,対象馬の直近3走についてsetup benefit last2を集約した値,直近3走の履歴値を対象に直近3走の派生値。履歴不足時は空配列の既定値0.0。,対象馬の過去3レース結果,直近3走,Recent Performance,src/backtest.py:963-1020,YES,setup_benefit_lastN,0.0,0.0,,CODE_TRACED,1,raw feature
127,setup_benefit_last3,対象馬の直近3走についてsetup benefit last3を集約した値,直近3走の履歴値を対象に直近3走の派生値。履歴不足時は空配列の既定値0.0。,対象馬の過去3レース結果,直近3走,Recent Performance,src/backtest.py:963-1020,YES,setup_benefit_lastN,0.0,0.0,,CODE_TRACED,1,raw feature
128,adjusted_performance_v2_last1,対象馬の直近3走についてadjusted performance v2 last1を集約した値,直近3走の履歴値を対象に直近3走の派生値。履歴不足時は空配列の既定値0.0。,対象馬の過去3レース結果,直近3走,Recent Performance,src/backtest.py:963-1020,YES,adjusted_performance_v2_lastN,0.0,0.0,,CODE_TRACED,1,raw feature
129,adjusted_performance_v2_last2,対象馬の直近3走についてadjusted performance v2 last2を集約した値,直近3走の履歴値を対象に直近3走の派生値。履歴不足時は空配列の既定値0.0。,対象馬の過去3レース結果,直近3走,Recent Performance,src/backtest.py:963-1020,YES,adjusted_performance_v2_lastN,0.0,0.0,,CODE_TRACED,1,raw feature
130,adjusted_performance_v2_last3,対象馬の直近3走についてadjusted performance v2 last3を集約した値,直近3走の履歴値を対象に直近3走の派生値。履歴不足時は空配列の既定値0.0。,対象馬の過去3レース結果,直近3走,Recent Performance,src/backtest.py:963-1020,YES,adjusted_performance_v2_lastN,0.0,0.0,,CODE_TRACED,1,raw feature
131,mean_adjusted_performance_v2_last3,対象馬の直近3走についてmean adjusted performance v2 last3を集約した値,直近3走の履歴値を対象に平均。履歴不足時は空配列の既定値0.0。,対象馬の過去3レース結果,直近3走,Recent Performance,src/backtest.py:963-1020,YES,mean_adjusted_performance_v2_lastN,0.0,0.0,,CODE_TRACED,1,raw feature
132,best_adjusted_performance_v2_last3,対象馬の直近3走についてbest adjusted performance v2 last3を集約した値,直近3走の履歴値を対象にmax。履歴不足時は空配列の既定値0.0。,対象馬の過去3レース結果,直近3走,Recent Performance,src/backtest.py:963-1020,YES,best_adjusted_performance_v2_lastN,0.0,0.0,,CODE_TRACED,1,raw feature
133,weighted_adjusted_performance_v2_last3,対象馬の直近3走についてweighted adjusted performance v2 last3を集約した値,"直近3走の履歴値を対象に重み付き平均（0.5,0.3,0.2）。履歴不足時は空配列の既定値0.0。",対象馬の過去3レース結果,直近3走,Recent Performance,src/backtest.py:963-1020,YES,weighted_adjusted_performance_v2_lastN,0.0,0.0,,CODE_TRACED,1,raw feature
134,max_strong_against_bias_v2_last3,対象馬の直近3走についてmax strong against bias v2 last3を集約した値,直近3走の履歴値を対象にmax。履歴不足時は空配列の既定値0.0。,対象馬の過去3レース結果,直近3走,Recent Performance,src/backtest.py:963-1020,YES,max_strong_against_bias_v2_lastN,0.0,0.0,,CODE_TRACED,1,raw feature
135,jockey_rides,予測時点までの騎手履歴に基づくjockey rides,jockey_stateを日付単位で更新し、率は平滑化（分子+1)/(騎乗数+5)。added valueは履歴平均。,KisyuCode別の過去騎乗結果,騎手の過去全履歴（recentは最大30件）,Jockey,src/backtest.py:1023-1028,N/A,jockey_rides,0.0,0.0,,CODE_TRACED,1,raw feature
136,jockey_win_rate,予測時点までの騎手履歴に基づくjockey win rate,jockey_stateを日付単位で更新し、率は平滑化（分子+1)/(騎乗数+5)。added valueは履歴平均。,KisyuCode別の過去騎乗結果,騎手の過去全履歴（recentは最大30件）,Jockey,src/backtest.py:1023-1028,N/A,jockey_win_rate,14175.206993103027,62.0,,CODE_TRACED,1,raw feature
137,jockey_top2_rate,予測時点までの騎手履歴に基づくjockey top2 rate,jockey_stateを日付単位で更新し、率は平滑化（分子+1)/(騎乗数+5)。added valueは履歴平均。,KisyuCode別の過去騎乗結果,騎手の過去全履歴（recentは最大30件）,Jockey,src/backtest.py:1023-1028,N/A,jockey_top2_rate,28523.781249046326,72.0,,CODE_TRACED,1,raw feature
138,jockey_place_rate,予測時点までの騎手履歴に基づくjockey place rate,jockey_stateを日付単位で更新し、率は平滑化（分子+1)/(騎乗数+5)。added valueは履歴平均。,KisyuCode別の過去騎乗結果,騎手の過去全履歴（recentは最大30件）,Jockey,src/backtest.py:1023-1028,N/A,jockey_place_rate,46154.71141242981,115.0,,CODE_TRACED,1,raw feature
139,jockey_added_value,予測時点までの騎手履歴に基づくjockey added value,jockey_stateを日付単位で更新し、率は平滑化（分子+1)/(騎乗数+5)。added valueは履歴平均。,KisyuCode別の過去騎乗結果,騎手の過去全履歴（recentは最大30件）,Jockey,src/backtest.py:1023-1028,N/A,jockey_added_value,1672.4772968292236,27.0,,CODE_TRACED,1,raw feature
140,recent_jockey_added_value,予測時点までの騎手履歴に基づくrecent jockey added value,jockey_stateを日付単位で更新し、率は平滑化（分子+1)/(騎乗数+5)。added valueは履歴平均。,KisyuCode別の過去騎乗結果,騎手の過去全履歴（recentは最大30件）,Jockey,src/backtest.py:1023-1028,N/A,recent_jockey_added_value,415.50339698791504,13.0,,CODE_TRACED,1,raw feature
141,jockey_form_trend,騎手のフォーム変化または乗替効果を表す想定の列（現コードでは常に0.0）,build_v1_features内で0.0を代入。履歴集計や乗替計算は行っていない。,jockey_state（ただし未使用）,N/A,Jockey,src/backtest.py:1028,N/A,jockey_form_trend,0.0,0.0,,PARTIALLY_UNCERTAIN,1,raw feature
142,jockey_change_added_value,騎手のフォーム変化または乗替効果を表す想定の列（現コードでは常に0.0）,build_v1_features内で0.0を代入。履歴集計や乗替計算は行っていない。,jockey_state（ただし未使用）,N/A,Jockey,src/backtest.py:1028,N/A,jockey_change_added_value,0.0,0.0,,PARTIALLY_UNCERTAIN,1,raw feature
143,race_class_score,レース格に関するrace class score,race_conditionsでクラス名をラベル/スコア化（未勝利=0、未知は賞金fallback）。直近値は過去条件を集約。,race条件名・grade・本賞金,当該レースまたは直近3走/過去勝利履歴,Race Class / Strength,"src/backtest.py:680-723,src/backtest.py:1070-1085",YES,race_class_score,224.0547981262207,3.0,,CODE_TRACED,1,raw feature
144,current_race_class_score,レース格に関するcurrent race class score,race_conditionsでクラス名をラベル/スコア化（未勝利=0、未知は賞金fallback）。直近値は過去条件を集約。,race条件名・grade・本賞金,当該レースまたは直近3走/過去勝利履歴,Race Class / Strength,"src/backtest.py:680-723,src/backtest.py:1070-1085",YES,current_race_class_score,0.0,0.0,,CODE_TRACED,1,raw feature
145,last1_race_class_score,前走のレース格が『score』であることを表す0/1列,元のカテゴリ列 last1_race_class を学習期間と評価月を結合した後に pandas.get_dummies(dummy_na=True) でone-hot化。,当該レース条件または過去1のレース条件,N/A,Race Class / Strength,src/backtest.py:1182-1199,N/A,lastN_race_class_score,0.0,0.0,,CODE_TRACED,1,one-hot
146,last2_race_class_score,前々走のレース格が『score』であることを表す0/1列,元のカテゴリ列 last2_race_class を学習期間と評価月を結合した後に pandas.get_dummies(dummy_na=True) でone-hot化。,当該レース条件または過去2のレース条件,N/A,Race Class / Strength,src/backtest.py:1182-1199,N/A,lastN_race_class_score,0.0,0.0,,CODE_TRACED,1,one-hot
147,last3_race_class_score,3走前のレース格が『score』であることを表す0/1列,元のカテゴリ列 last3_race_class を学習期間と評価月を結合した後に pandas.get_dummies(dummy_na=True) でone-hot化。,当該レース条件または過去3のレース条件,N/A,Race Class / Strength,src/backtest.py:1182-1199,N/A,lastN_race_class_score,0.0,0.0,,CODE_TRACED,1,one-hot
148,max_race_class_last3,対象馬の直近3走についてmax race class last3を集約した値,直近3走の履歴値を対象にmax。履歴不足時は空配列の既定値0.0。,対象馬の過去3レース結果,直近3走,Race Class / Strength,src/backtest.py:963-1020,YES,max_race_class_lastN,0.0,0.0,,CODE_TRACED,1,raw feature
149,mean_race_class_last3,対象馬の直近3走についてmean race class last3を集約した値,直近3走の履歴値を対象に平均。履歴不足時は空配列の既定値0.0。,対象馬の過去3レース結果,直近3走,Race Class / Strength,src/backtest.py:963-1020,YES,mean_race_class_lastN,0.0,0.0,,CODE_TRACED,1,raw feature
150,weighted_race_class_last3,対象馬の直近3走についてweighted race class last3を集約した値,"直近3走の履歴値を対象に重み付き平均（0.5,0.3,0.2）。履歴不足時は空配列の既定値0.0。",対象馬の過去3レース結果,直近3走,Race Class / Strength,src/backtest.py:963-1020,YES,weighted_race_class_lastN,0.0,0.0,,CODE_TRACED,1,raw feature
151,last1_margin_x_race_class,対象馬の前走における margin x race class,対象馬の履歴を新しい順に並べた直近1走目から値を取得。履歴不足は0またはunknownでfallback。,対象馬の過去レース結果・レース条件,直近3走以内,Recent Performance,src/backtest.py:963-1030,YES,lastN_margin_x_race_class,0.0,0.0,,CODE_TRACED,1,raw feature
152,last2_margin_x_race_class,対象馬の前々走における margin x race class,対象馬の履歴を新しい順に並べた直近2走目から値を取得。履歴不足は0またはunknownでfallback。,対象馬の過去レース結果・レース条件,直近3走以内,Recent Performance,src/backtest.py:963-1030,YES,lastN_margin_x_race_class,0.0,0.0,,CODE_TRACED,1,raw feature
153,last3_margin_x_race_class,対象馬の3走前における margin x race class,対象馬の履歴を新しい順に並べた直近3走目から値を取得。履歴不足は0またはunknownでfallback。,対象馬の過去レース結果・レース条件,直近3走以内,Recent Performance,src/backtest.py:963-1030,YES,lastN_margin_x_race_class,0.0,0.0,,CODE_TRACED,1,raw feature
154,is_filly_mare_only,当該レース条件のis filly mare only,race_conditionsのクラス・性別・年齢判定と、前走条件との差分。,レース名・条件名・grade,当該レース＋前走,Race Composition,"src/backtest.py:810-818,src/backtest.py:1070-1085",UNKNOWN,is_filly_mare_only,0.0,0.0,,CODE_TRACED,1,raw feature
155,is_2yo_only,当該レース条件のis 2yo only,race_conditionsのクラス・性別・年齢判定と、前走条件との差分。,レース名・条件名・grade,当該レース＋前走,Race Composition,"src/backtest.py:810-818,src/backtest.py:1070-1085",UNKNOWN,is_2yo_only,0.0,0.0,,CODE_TRACED,1,raw feature
156,is_3yo_only,当該レース条件のis 3yo only,race_conditionsのクラス・性別・年齢判定と、前走条件との差分。,レース名・条件名・grade,当該レース＋前走,Race Composition,"src/backtest.py:810-818,src/backtest.py:1070-1085",UNKNOWN,is_3yo_only,0.0,0.0,,CODE_TRACED,1,raw feature
157,last1_is_filly_mare_only,対象馬の前走における is filly mare only,対象馬の履歴を新しい順に並べた直近1走目から値を取得。履歴不足は0またはunknownでfallback。,対象馬の過去レース結果・レース条件,直近3走以内,Other,src/backtest.py:963-1030,YES,lastN_is_filly_mare_only,0.0,0.0,,CODE_TRACED,1,raw feature
158,last2_is_filly_mare_only,対象馬の前々走における is filly mare only,対象馬の履歴を新しい順に並べた直近2走目から値を取得。履歴不足は0またはunknownでfallback。,対象馬の過去レース結果・レース条件,直近3走以内,Other,src/backtest.py:963-1030,YES,lastN_is_filly_mare_only,0.0,0.0,,CODE_TRACED,1,raw feature
159,last3_is_filly_mare_only,対象馬の3走前における is filly mare only,対象馬の履歴を新しい順に並べた直近3走目から値を取得。履歴不足は0またはunknownでfallback。,対象馬の過去レース結果・レース条件,直近3走以内,Other,src/backtest.py:963-1030,YES,lastN_is_filly_mare_only,0.0,0.0,,CODE_TRACED,1,raw feature
160,race_class_change,レース格に関するrace class change,race_conditionsでクラス名をラベル/スコア化（未勝利=0、未知は賞金fallback）。直近値は過去条件を集約。,race条件名・grade・本賞金,当該レースまたは直近3走/過去勝利履歴,Race Class / Strength,"src/backtest.py:680-723,src/backtest.py:1070-1085",YES,race_class_change,33.755300521850586,2.0,,CODE_TRACED,1,raw feature
161,female_only_to_open,当該レース条件のfemale only to open,race_conditionsのクラス・性別・年齢判定と、前走条件との差分。,レース名・条件名・grade,当該レース＋前走,Other,"src/backtest.py:810-818,src/backtest.py:1070-1085",UNKNOWN,female_only_to_open,0.0,0.0,,CODE_TRACED,1,raw feature
162,open_to_female_only,当該レース条件のopen to female only,race_conditionsのクラス・性別・年齢判定と、前走条件との差分。,レース名・条件名・grade,当該レース＋前走,Other,"src/backtest.py:810-818,src/backtest.py:1070-1085",UNKNOWN,open_to_female_only,0.0,0.0,,CODE_TRACED,1,raw feature
163,age_condition_change,当該レース条件のage condition change,race_conditionsのクラス・性別・年齢判定と、前走条件との差分。,レース名・条件名・grade,当該レース＋前走,Other,"src/backtest.py:810-818,src/backtest.py:1070-1085",UNKNOWN,age_condition_change,0.0,0.0,,CODE_TRACED,1,raw feature
164,race_first_prize,当該レースまたは直近3走・勝者履歴の賞金に関するrace first prize,race_Honsyokin0-4を円換算し、log1p・平均・最大・比率・差分などを計算。比率のゼロ除算は1.0。,race_Honsyokin0-4,当該レース／直近3走／勝者の対象レース以前の履歴,Race Class / Strength,"src/backtest.py:813-820,src/backtest.py:1055-1068",YES,race_first_prize,7727.232168197632,54.0,,CODE_TRACED,1,raw feature
165,race_second_prize,当該レースまたは直近3走・勝者履歴の賞金に関するrace second prize,race_Honsyokin0-4を円換算し、log1p・平均・最大・比率・差分などを計算。比率のゼロ除算は1.0。,race_Honsyokin0-4,当該レース／直近3走／勝者の対象レース以前の履歴,Race Class / Strength,"src/backtest.py:813-820,src/backtest.py:1055-1068",YES,race_second_prize,0.0,0.0,,CODE_TRACED,1,raw feature
166,race_third_prize,当該レースまたは直近3走・勝者履歴の賞金に関するrace third prize,race_Honsyokin0-4を円換算し、log1p・平均・最大・比率・差分などを計算。比率のゼロ除算は1.0。,race_Honsyokin0-4,当該レース／直近3走／勝者の対象レース以前の履歴,Race Class / Strength,"src/backtest.py:813-820,src/backtest.py:1055-1068",YES,race_third_prize,803.9788904190063,10.0,,CODE_TRACED,1,raw feature
167,race_total_top5_prize,当該レースまたは直近3走・勝者履歴の賞金に関するrace total top5 prize,race_Honsyokin0-4を円換算し、log1p・平均・最大・比率・差分などを計算。比率のゼロ除算は1.0。,race_Honsyokin0-4,当該レース／直近3走／勝者の対象レース以前の履歴,Race Class / Strength,"src/backtest.py:813-820,src/backtest.py:1055-1068",YES,race_total_top5_prize,356.53829765319824,5.0,,CODE_TRACED,1,raw feature
168,race_first_prize_log,当該レースまたは直近3走・勝者履歴の賞金に関するrace first prize log,race_Honsyokin0-4を円換算し、log1p・平均・最大・比率・差分などを計算。比率のゼロ除算は1.0。,race_Honsyokin0-4,当該レース／直近3走／勝者の対象レース以前の履歴,Race Class / Strength,"src/backtest.py:813-820,src/backtest.py:1055-1068",YES,race_first_prize_log,0.0,0.0,,CODE_TRACED,1,raw feature
169,race_total_top5_prize_log,当該レースまたは直近3走・勝者履歴の賞金に関するrace total top5 prize log,race_Honsyokin0-4を円換算し、log1p・平均・最大・比率・差分などを計算。比率のゼロ除算は1.0。,race_Honsyokin0-4,当該レース／直近3走／勝者の対象レース以前の履歴,Race Class / Strength,"src/backtest.py:813-820,src/backtest.py:1055-1068",YES,race_total_top5_prize_log,0.0,0.0,,CODE_TRACED,1,raw feature
170,last1_race_first_prize,対象馬の前走における race first prize,対象馬の履歴を新しい順に並べた直近1走目から値を取得。履歴不足は0またはunknownでfallback。,対象馬の過去レース結果・レース条件,直近3走以内,Race Class / Strength,src/backtest.py:963-1030,YES,lastN_race_first_prize,767.4922924041748,12.0,,CODE_TRACED,1,raw feature
171,last2_race_first_prize,対象馬の前々走における race first prize,対象馬の履歴を新しい順に並べた直近2走目から値を取得。履歴不足は0またはunknownでfallback。,対象馬の過去レース結果・レース条件,直近3走以内,Race Class / Strength,src/backtest.py:963-1030,YES,lastN_race_first_prize,26.01849937438965,1.0,,CODE_TRACED,1,raw feature
172,last3_race_first_prize,対象馬の3走前における race first prize,対象馬の履歴を新しい順に並べた直近3走目から値を取得。履歴不足は0またはunknownでfallback。,対象馬の過去レース結果・レース条件,直近3走以内,Race Class / Strength,src/backtest.py:963-1030,YES,lastN_race_first_prize,16.617900848388672,1.0,,CODE_TRACED,1,raw feature
173,last1_race_first_prize_log,対象馬の前走における race first prize log,対象馬の履歴を新しい順に並べた直近1走目から値を取得。履歴不足は0またはunknownでfallback。,対象馬の過去レース結果・レース条件,直近3走以内,Race Class / Strength,src/backtest.py:963-1030,YES,lastN_race_first_prize_log,0.0,0.0,,CODE_TRACED,1,raw feature
174,last2_race_first_prize_log,対象馬の前々走における race first prize log,対象馬の履歴を新しい順に並べた直近2走目から値を取得。履歴不足は0またはunknownでfallback。,対象馬の過去レース結果・レース条件,直近3走以内,Race Class / Strength,src/backtest.py:963-1030,YES,lastN_race_first_prize_log,0.0,0.0,,CODE_TRACED,1,raw feature
175,last3_race_first_prize_log,対象馬の3走前における race first prize log,対象馬の履歴を新しい順に並べた直近3走目から値を取得。履歴不足は0またはunknownでfallback。,対象馬の過去レース結果・レース条件,直近3走以内,Race Class / Strength,src/backtest.py:963-1030,YES,lastN_race_first_prize_log,0.0,0.0,,CODE_TRACED,1,raw feature
176,max_race_prize_last3,対象馬の直近3走についてmax race prize last3を集約した値,直近3走の履歴値を対象にmax。履歴不足時は空配列の既定値0.0。,対象馬の過去3レース結果,直近3走,Race Class / Strength,src/backtest.py:963-1020,YES,max_race_prize_lastN,94.66680145263672,2.0,,CODE_TRACED,1,raw feature
177,mean_race_prize_last3,対象馬の直近3走についてmean race prize last3を集約した値,直近3走の履歴値を対象に平均。履歴不足時は空配列の既定値0.0。,対象馬の過去3レース結果,直近3走,Race Class / Strength,src/backtest.py:963-1020,YES,mean_race_prize_lastN,211.8724946975708,5.0,,CODE_TRACED,1,raw feature
178,weighted_race_prize_last3,対象馬の直近3走についてweighted race prize last3を集約した値,"直近3走の履歴値を対象に重み付き平均（0.5,0.3,0.2）。履歴不足時は空配列の既定値0.0。",対象馬の過去3レース結果,直近3走,Race Class / Strength,src/backtest.py:963-1020,YES,weighted_race_prize_lastN,259.5249996185303,6.0,,CODE_TRACED,1,raw feature
179,prize_change_from_last1,対象馬の直近3走についてprize change from last1を集約した値,直近3走の履歴値を対象に直近3走の派生値。履歴不足時は空配列の既定値0.0。,対象馬の過去3レース結果,直近3走,Race Class / Strength,src/backtest.py:963-1020,YES,prize_change_from_lastN,5713.745090484619,12.0,,CODE_TRACED,1,raw feature
180,prize_change_from_last3_mean,対象馬の直近3走についてprize change from last3 meanを集約した値,直近3走の履歴値を対象に直近3走の派生値。履歴不足時は空配列の既定値0.0。,対象馬の過去3レース結果,直近3走,Race Class / Strength,src/backtest.py:963-1020,YES,prize_change_from_last3_mean,17647.1319065094,64.0,,CODE_TRACED,1,raw feature
181,prize_ratio_vs_last1,対象馬の直近3走についてprize ratio vs last1を集約した値,直近3走の履歴値を対象に直近3走の派生値。履歴不足時は空配列の既定値0.0。,対象馬の過去3レース結果,直近3走,Race Class / Strength,src/backtest.py:963-1020,YES,prize_ratio_vs_lastN,6486.998893737793,34.0,,CODE_TRACED,1,raw feature
182,prize_ratio_vs_last3_mean,対象馬の直近3走についてprize ratio vs last3 meanを集約した値,直近3走の履歴値を対象に直近3走の派生値。履歴不足時は空配列の既定値0.0。,対象馬の過去3レース結果,直近3走,Race Class / Strength,src/backtest.py:963-1020,YES,prize_ratio_vs_last3_mean,15488.502010345459,147.0,,CODE_TRACED,1,raw feature
183,last1_margin_x_prize_strength,対象馬の前走における margin x prize strength,対象馬の履歴を新しい順に並べた直近1走目から値を取得。履歴不足は0またはunknownでfallback。,対象馬の過去レース結果・レース条件,直近3走以内,Recent Performance,src/backtest.py:963-1030,YES,lastN_margin_x_prize_strength,4308.671380996704,14.0,,CODE_TRACED,1,raw feature
184,last2_margin_x_prize_strength,対象馬の前々走における margin x prize strength,対象馬の履歴を新しい順に並べた直近2走目から値を取得。履歴不足は0またはunknownでfallback。,対象馬の過去レース結果・レース条件,直近3走以内,Recent Performance,src/backtest.py:963-1030,YES,lastN_margin_x_prize_strength,181.5838966369629,4.0,,CODE_TRACED,1,raw feature
185,last3_margin_x_prize_strength,対象馬の3走前における margin x prize strength,対象馬の履歴を新しい順に並べた直近3走目から値を取得。履歴不足は0またはunknownでfallback。,対象馬の過去レース結果・レース条件,直近3走以内,Recent Performance,src/backtest.py:963-1030,YES,lastN_margin_x_prize_strength,53.78729820251465,2.0,,CODE_TRACED,1,raw feature
186,racecourse_中京,競馬場カテゴリが『中京』であることを表す0/1列,元のカテゴリ列 racecourse を学習期間と評価月を結合した後に pandas.get_dummies(dummy_na=True) でone-hot化。,当該レース条件または過去のレース条件,N/A,Course / Surface,src/backtest.py:1182-1199,N/A,racecourse_中京,40.18939971923828,1.0,,CODE_TRACED,1,one-hot
187,racecourse_中山,競馬場カテゴリが『中山』であることを表す0/1列,元のカテゴリ列 racecourse を学習期間と評価月を結合した後に pandas.get_dummies(dummy_na=True) でone-hot化。,当該レース条件または過去のレース条件,N/A,Course / Surface,src/backtest.py:1182-1199,N/A,racecourse_中山,0.0,0.0,,CODE_TRACED,1,one-hot
188,racecourse_京都,競馬場カテゴリが『京都』であることを表す0/1列,元のカテゴリ列 racecourse を学習期間と評価月を結合した後に pandas.get_dummies(dummy_na=True) でone-hot化。,当該レース条件または過去のレース条件,N/A,Course / Surface,src/backtest.py:1182-1199,N/A,racecourse_京都,0.0,0.0,,CODE_TRACED,1,one-hot
189,racecourse_函館,競馬場カテゴリが『函館』であることを表す0/1列,元のカテゴリ列 racecourse を学習期間と評価月を結合した後に pandas.get_dummies(dummy_na=True) でone-hot化。,当該レース条件または過去のレース条件,N/A,Course / Surface,src/backtest.py:1182-1199,N/A,racecourse_函館,0.0,0.0,,CODE_TRACED,1,one-hot
190,racecourse_小倉,競馬場カテゴリが『小倉』であることを表す0/1列,元のカテゴリ列 racecourse を学習期間と評価月を結合した後に pandas.get_dummies(dummy_na=True) でone-hot化。,当該レース条件または過去のレース条件,N/A,Course / Surface,src/backtest.py:1182-1199,N/A,racecourse_小倉,0.0,0.0,,CODE_TRACED,1,one-hot
191,racecourse_新潟,競馬場カテゴリが『新潟』であることを表す0/1列,元のカテゴリ列 racecourse を学習期間と評価月を結合した後に pandas.get_dummies(dummy_na=True) でone-hot化。,当該レース条件または過去のレース条件,N/A,Course / Surface,src/backtest.py:1182-1199,N/A,racecourse_新潟,551.2570934295654,12.0,,CODE_TRACED,1,one-hot
192,racecourse_札幌,競馬場カテゴリが『札幌』であることを表す0/1列,元のカテゴリ列 racecourse を学習期間と評価月を結合した後に pandas.get_dummies(dummy_na=True) でone-hot化。,当該レース条件または過去のレース条件,N/A,Course / Surface,src/backtest.py:1182-1199,N/A,racecourse_札幌,171.69259643554688,5.0,,CODE_TRACED,1,one-hot
193,racecourse_東京,競馬場カテゴリが『東京』であることを表す0/1列,元のカテゴリ列 racecourse を学習期間と評価月を結合した後に pandas.get_dummies(dummy_na=True) でone-hot化。,当該レース条件または過去のレース条件,N/A,Course / Surface,src/backtest.py:1182-1199,N/A,racecourse_東京,36.26530075073242,1.0,,CODE_TRACED,1,one-hot
194,racecourse_福島,競馬場カテゴリが『福島』であることを表す0/1列,元のカテゴリ列 racecourse を学習期間と評価月を結合した後に pandas.get_dummies(dummy_na=True) でone-hot化。,当該レース条件または過去のレース条件,N/A,Course / Surface,src/backtest.py:1182-1199,N/A,racecourse_福島,493.21120262145996,10.0,,CODE_TRACED,1,one-hot
195,racecourse_阪神,競馬場カテゴリが『阪神』であることを表す0/1列,元のカテゴリ列 racecourse を学習期間と評価月を結合した後に pandas.get_dummies(dummy_na=True) でone-hot化。,当該レース条件または過去のレース条件,N/A,Course / Surface,src/backtest.py:1182-1199,N/A,racecourse_阪神,0.0,0.0,,CODE_TRACED,1,one-hot
196,racecourse_nan,競馬場カテゴリが『nan』であることを表す0/1列,元のカテゴリ列 racecourse を学習期間と評価月を結合した後に pandas.get_dummies(dummy_na=True) でone-hot化。,当該レース条件または過去のレース条件,N/A,Course / Surface,src/backtest.py:1182-1199,N/A,racecourse_nan,0.0,0.0,,CODE_TRACED,1,one-hot
197,surface_芝,芝・ダート等の馬場種別が『芝』であることを表す0/1列,元のカテゴリ列 surface を学習期間と評価月を結合した後に pandas.get_dummies(dummy_na=True) でone-hot化。,当該レース条件または過去のレース条件,N/A,Course / Surface,src/backtest.py:1182-1199,N/A,surface_芝,0.0,0.0,,CODE_TRACED,1,one-hot
198,surface_nan,芝・ダート等の馬場種別が『nan』であることを表す0/1列,元のカテゴリ列 surface を学習期間と評価月を結合した後に pandas.get_dummies(dummy_na=True) でone-hot化。,当該レース条件または過去のレース条件,N/A,Course / Surface,src/backtest.py:1182-1199,N/A,surface_nan,0.0,0.0,,CODE_TRACED,1,one-hot
199,grade_code_A,グレード区分が『A』であることを表す0/1列,元のカテゴリ列 grade_code を学習期間と評価月を結合した後に pandas.get_dummies(dummy_na=True) でone-hot化。,当該レース条件または過去のレース条件,N/A,Race Class / Strength,src/backtest.py:1182-1199,N/A,grade_code_A,0.0,0.0,,CODE_TRACED,1,one-hot
200,grade_code_B,グレード区分が『B』であることを表す0/1列,元のカテゴリ列 grade_code を学習期間と評価月を結合した後に pandas.get_dummies(dummy_na=True) でone-hot化。,当該レース条件または過去のレース条件,N/A,Race Class / Strength,src/backtest.py:1182-1199,N/A,grade_code_B,0.0,0.0,,CODE_TRACED,1,one-hot
201,grade_code_C,グレード区分が『C』であることを表す0/1列,元のカテゴリ列 grade_code を学習期間と評価月を結合した後に pandas.get_dummies(dummy_na=True) でone-hot化。,当該レース条件または過去のレース条件,N/A,Race Class / Strength,src/backtest.py:1182-1199,N/A,grade_code_C,0.0,0.0,,CODE_TRACED,1,one-hot
202,grade_code_D,グレード区分が『D』であることを表す0/1列,元のカテゴリ列 grade_code を学習期間と評価月を結合した後に pandas.get_dummies(dummy_na=True) でone-hot化。,当該レース条件または過去のレース条件,N/A,Race Class / Strength,src/backtest.py:1182-1199,N/A,grade_code_D,0.0,0.0,,CODE_TRACED,1,one-hot
203,grade_code_E,グレード区分が『E』であることを表す0/1列,元のカテゴリ列 grade_code を学習期間と評価月を結合した後に pandas.get_dummies(dummy_na=True) でone-hot化。,当該レース条件または過去のレース条件,N/A,Race Class / Strength,src/backtest.py:1182-1199,N/A,grade_code_E,0.0,0.0,,CODE_TRACED,1,one-hot
204,grade_code_F,グレード区分が『F』であることを表す0/1列,元のカテゴリ列 grade_code を学習期間と評価月を結合した後に pandas.get_dummies(dummy_na=True) でone-hot化。,当該レース条件または過去のレース条件,N/A,Race Class / Strength,src/backtest.py:1182-1199,N/A,grade_code_F,0.0,0.0,,CODE_TRACED,1,one-hot
205,grade_code_G,グレード区分が『G』であることを表す0/1列,元のカテゴリ列 grade_code を学習期間と評価月を結合した後に pandas.get_dummies(dummy_na=True) でone-hot化。,当該レース条件または過去のレース条件,N/A,Race Class / Strength,src/backtest.py:1182-1199,N/A,grade_code_G,0.0,0.0,,CODE_TRACED,1,one-hot
206,grade_code_H,グレード区分が『H』であることを表す0/1列,元のカテゴリ列 grade_code を学習期間と評価月を結合した後に pandas.get_dummies(dummy_na=True) でone-hot化。,当該レース条件または過去のレース条件,N/A,Race Class / Strength,src/backtest.py:1182-1199,N/A,grade_code_H,0.0,0.0,,CODE_TRACED,1,one-hot
207,grade_code_L,グレード区分が『L』であることを表す0/1列,元のカテゴリ列 grade_code を学習期間と評価月を結合した後に pandas.get_dummies(dummy_na=True) でone-hot化。,当該レース条件または過去のレース条件,N/A,Race Class / Strength,src/backtest.py:1182-1199,N/A,grade_code_L,0.0,0.0,,CODE_TRACED,1,one-hot
208,grade_code_unknown,グレード区分が『unknown』であることを表す0/1列,元のカテゴリ列 grade_code を学習期間と評価月を結合した後に pandas.get_dummies(dummy_na=True) でone-hot化。,当該レース条件または過去のレース条件,N/A,Race Class / Strength,src/backtest.py:1182-1199,N/A,grade_code_unknown,0.0,0.0,,CODE_TRACED,1,one-hot
209,grade_code_nan,グレード区分が『nan』であることを表す0/1列,元のカテゴリ列 grade_code を学習期間と評価月を結合した後に pandas.get_dummies(dummy_na=True) でone-hot化。,当該レース条件または過去のレース条件,N/A,Race Class / Strength,src/backtest.py:1182-1199,N/A,grade_code_nan,0.0,0.0,,CODE_TRACED,1,one-hot
210,condition_code_11,レース条件コードが『11』であることを表す0/1列,元のカテゴリ列 condition_code を学習期間と評価月を結合した後に pandas.get_dummies(dummy_na=True) でone-hot化。,当該レース条件または過去のレース条件,N/A,Race Composition,src/backtest.py:1182-1199,N/A,condition_code_11,0.0,0.0,,CODE_TRACED,1,one-hot
211,condition_code_12,レース条件コードが『12』であることを表す0/1列,元のカテゴリ列 condition_code を学習期間と評価月を結合した後に pandas.get_dummies(dummy_na=True) でone-hot化。,当該レース条件または過去のレース条件,N/A,Race Composition,src/backtest.py:1182-1199,N/A,condition_code_12,563.9949054718018,11.0,,CODE_TRACED,1,one-hot
212,condition_code_13,レース条件コードが『13』であることを表す0/1列,元のカテゴリ列 condition_code を学習期間と評価月を結合した後に pandas.get_dummies(dummy_na=True) でone-hot化。,当該レース条件または過去のレース条件,N/A,Race Composition,src/backtest.py:1182-1199,N/A,condition_code_13,1203.2485065460205,17.0,,CODE_TRACED,1,one-hot
213,condition_code_14,レース条件コードが『14』であることを表す0/1列,元のカテゴリ列 condition_code を学習期間と評価月を結合した後に pandas.get_dummies(dummy_na=True) でone-hot化。,当該レース条件または過去のレース条件,N/A,Race Composition,src/backtest.py:1182-1199,N/A,condition_code_14,65.56189918518066,2.0,,CODE_TRACED,1,one-hot
214,condition_code_18,レース条件コードが『18』であることを表す0/1列,元のカテゴリ列 condition_code を学習期間と評価月を結合した後に pandas.get_dummies(dummy_na=True) でone-hot化。,当該レース条件または過去のレース条件,N/A,Race Composition,src/backtest.py:1182-1199,N/A,condition_code_18,0.0,0.0,,CODE_TRACED,1,one-hot
215,condition_code_19,レース条件コードが『19』であることを表す0/1列,元のカテゴリ列 condition_code を学習期間と評価月を結合した後に pandas.get_dummies(dummy_na=True) でone-hot化。,当該レース条件または過去のレース条件,N/A,Race Composition,src/backtest.py:1182-1199,N/A,condition_code_19,0.0,0.0,,CODE_TRACED,1,one-hot
216,condition_code_nan,レース条件コードが『nan』であることを表す0/1列,元のカテゴリ列 condition_code を学習期間と評価月を結合した後に pandas.get_dummies(dummy_na=True) でone-hot化。,当該レース条件または過去のレース条件,N/A,Race Composition,src/backtest.py:1182-1199,N/A,condition_code_nan,0.0,0.0,,CODE_TRACED,1,one-hot
217,last1_class_grade:A|condition:11,前走のグレード×条件コードが『A|condition:11』であることを表す0/1列,元のカテゴリ列 last1_class_grade を学習期間と評価月を結合した後に pandas.get_dummies(dummy_na=True) でone-hot化。,当該レース条件または過去1のレース条件,N/A,Race Class / Strength,src/backtest.py:1182-1199,N/A,lastN_class_grade:A|condition:11,0.0,0.0,,CODE_TRACED,1,one-hot
218,last1_class_grade:A|condition:12,前走のグレード×条件コードが『A|condition:12』であることを表す0/1列,元のカテゴリ列 last1_class_grade を学習期間と評価月を結合した後に pandas.get_dummies(dummy_na=True) でone-hot化。,当該レース条件または過去1のレース条件,N/A,Race Class / Strength,src/backtest.py:1182-1199,N/A,lastN_class_grade:A|condition:12,0.0,0.0,,CODE_TRACED,1,one-hot
219,last1_class_grade:A|condition:13,前走のグレード×条件コードが『A|condition:13』であることを表す0/1列,元のカテゴリ列 last1_class_grade を学習期間と評価月を結合した後に pandas.get_dummies(dummy_na=True) でone-hot化。,当該レース条件または過去1のレース条件,N/A,Race Class / Strength,src/backtest.py:1182-1199,N/A,lastN_class_grade:A|condition:13,0.0,0.0,,CODE_TRACED,1,one-hot
220,last1_class_grade:A|condition:14,前走のグレード×条件コードが『A|condition:14』であることを表す0/1列,元のカテゴリ列 last1_class_grade を学習期間と評価月を結合した後に pandas.get_dummies(dummy_na=True) でone-hot化。,当該レース条件または過去1のレース条件,N/A,Race Class / Strength,src/backtest.py:1182-1199,N/A,lastN_class_grade:A|condition:14,0.0,0.0,,CODE_TRACED,1,one-hot
221,last1_class_grade:B|condition:11,前走のグレード×条件コードが『B|condition:11』であることを表す0/1列,元のカテゴリ列 last1_class_grade を学習期間と評価月を結合した後に pandas.get_dummies(dummy_na=True) でone-hot化。,当該レース条件または過去1のレース条件,N/A,Race Class / Strength,src/backtest.py:1182-1199,N/A,lastN_class_grade:B|condition:11,0.0,0.0,,CODE_TRACED,1,one-hot
222,last1_class_grade:B|condition:12,前走のグレード×条件コードが『B|condition:12』であることを表す0/1列,元のカテゴリ列 last1_class_grade を学習期間と評価月を結合した後に pandas.get_dummies(dummy_na=True) でone-hot化。,当該レース条件または過去1のレース条件,N/A,Race Class / Strength,src/backtest.py:1182-1199,N/A,lastN_class_grade:B|condition:12,0.0,0.0,,CODE_TRACED,1,one-hot
223,last1_class_grade:B|condition:13,前走のグレード×条件コードが『B|condition:13』であることを表す0/1列,元のカテゴリ列 last1_class_grade を学習期間と評価月を結合した後に pandas.get_dummies(dummy_na=True) でone-hot化。,当該レース条件または過去1のレース条件,N/A,Race Class / Strength,src/backtest.py:1182-1199,N/A,lastN_class_grade:B|condition:13,0.0,0.0,,CODE_TRACED,1,one-hot
224,last1_class_grade:B|condition:14,前走のグレード×条件コードが『B|condition:14』であることを表す0/1列,元のカテゴリ列 last1_class_grade を学習期間と評価月を結合した後に pandas.get_dummies(dummy_na=True) でone-hot化。,当該レース条件または過去1のレース条件,N/A,Race Class / Strength,src/backtest.py:1182-1199,N/A,lastN_class_grade:B|condition:14,0.0,0.0,,CODE_TRACED,1,one-hot
225,last1_class_grade:C|condition:11,前走のグレード×条件コードが『C|condition:11』であることを表す0/1列,元のカテゴリ列 last1_class_grade を学習期間と評価月を結合した後に pandas.get_dummies(dummy_na=True) でone-hot化。,当該レース条件または過去1のレース条件,N/A,Race Class / Strength,src/backtest.py:1182-1199,N/A,lastN_class_grade:C|condition:11,0.0,0.0,,CODE_TRACED,1,one-hot
226,last1_class_grade:C|condition:12,前走のグレード×条件コードが『C|condition:12』であることを表す0/1列,元のカテゴリ列 last1_class_grade を学習期間と評価月を結合した後に pandas.get_dummies(dummy_na=True) でone-hot化。,当該レース条件または過去1のレース条件,N/A,Race Class / Strength,src/backtest.py:1182-1199,N/A,lastN_class_grade:C|condition:12,0.0,0.0,,CODE_TRACED,1,one-hot
227,last1_class_grade:C|condition:13,前走のグレード×条件コードが『C|condition:13』であることを表す0/1列,元のカテゴリ列 last1_class_grade を学習期間と評価月を結合した後に pandas.get_dummies(dummy_na=True) でone-hot化。,当該レース条件または過去1のレース条件,N/A,Race Class / Strength,src/backtest.py:1182-1199,N/A,lastN_class_grade:C|condition:13,0.0,0.0,,CODE_TRACED,1,one-hot
228,last1_class_grade:C|condition:14,前走のグレード×条件コードが『C|condition:14』であることを表す0/1列,元のカテゴリ列 last1_class_grade を学習期間と評価月を結合した後に pandas.get_dummies(dummy_na=True) でone-hot化。,当該レース条件または過去1のレース条件,N/A,Race Class / Strength,src/backtest.py:1182-1199,N/A,lastN_class_grade:C|condition:14,0.0,0.0,,CODE_TRACED,1,one-hot
229,last1_class_grade:D|condition:11,前走のグレード×条件コードが『D|condition:11』であることを表す0/1列,元のカテゴリ列 last1_class_grade を学習期間と評価月を結合した後に pandas.get_dummies(dummy_na=True) でone-hot化。,当該レース条件または過去1のレース条件,N/A,Race Class / Strength,src/backtest.py:1182-1199,N/A,lastN_class_grade:D|condition:11,0.0,0.0,,CODE_TRACED,1,one-hot
230,last1_class_grade:D|condition:12,前走のグレード×条件コードが『D|condition:12』であることを表す0/1列,元のカテゴリ列 last1_class_grade を学習期間と評価月を結合した後に pandas.get_dummies(dummy_na=True) でone-hot化。,当該レース条件または過去1のレース条件,N/A,Race Class / Strength,src/backtest.py:1182-1199,N/A,lastN_class_grade:D|condition:12,0.0,0.0,,CODE_TRACED,1,one-hot
231,last1_class_grade:D|condition:13,前走のグレード×条件コードが『D|condition:13』であることを表す0/1列,元のカテゴリ列 last1_class_grade を学習期間と評価月を結合した後に pandas.get_dummies(dummy_na=True) でone-hot化。,当該レース条件または過去1のレース条件,N/A,Race Class / Strength,src/backtest.py:1182-1199,N/A,lastN_class_grade:D|condition:13,0.0,0.0,,CODE_TRACED,1,one-hot
232,last1_class_grade:E|condition:11,前走のグレード×条件コードが『E|condition:11』であることを表す0/1列,元のカテゴリ列 last1_class_grade を学習期間と評価月を結合した後に pandas.get_dummies(dummy_na=True) でone-hot化。,当該レース条件または過去1のレース条件,N/A,Race Class / Strength,src/backtest.py:1182-1199,N/A,lastN_class_grade:E|condition:11,347.54460525512695,10.0,,CODE_TRACED,1,one-hot
233,last1_class_grade:E|condition:12,前走のグレード×条件コードが『E|condition:12』であることを表す0/1列,元のカテゴリ列 last1_class_grade を学習期間と評価月を結合した後に pandas.get_dummies(dummy_na=True) でone-hot化。,当該レース条件または過去1のレース条件,N/A,Race Class / Strength,src/backtest.py:1182-1199,N/A,lastN_class_grade:E|condition:12,0.0,0.0,,CODE_TRACED,1,one-hot
234,last1_class_grade:E|condition:13,前走のグレード×条件コードが『E|condition:13』であることを表す0/1列,元のカテゴリ列 last1_class_grade を学習期間と評価月を結合した後に pandas.get_dummies(dummy_na=True) でone-hot化。,当該レース条件または過去1のレース条件,N/A,Race Class / Strength,src/backtest.py:1182-1199,N/A,lastN_class_grade:E|condition:13,0.0,0.0,,CODE_TRACED,1,one-hot
235,last1_class_grade:E|condition:14,前走のグレード×条件コードが『E|condition:14』であることを表す0/1列,元のカテゴリ列 last1_class_grade を学習期間と評価月を結合した後に pandas.get_dummies(dummy_na=True) でone-hot化。,当該レース条件または過去1のレース条件,N/A,Race Class / Strength,src/backtest.py:1182-1199,N/A,lastN_class_grade:E|condition:14,0.0,0.0,,CODE_TRACED,1,one-hot
236,last1_class_grade:E|condition:18,前走のグレード×条件コードが『E|condition:18』であることを表す0/1列,元のカテゴリ列 last1_class_grade を学習期間と評価月を結合した後に pandas.get_dummies(dummy_na=True) でone-hot化。,当該レース条件または過去1のレース条件,N/A,Race Class / Strength,src/backtest.py:1182-1199,N/A,lastN_class_grade:E|condition:18,0.0,0.0,,CODE_TRACED,1,one-hot
237,last1_class_grade:E|condition:19,前走のグレード×条件コードが『E|condition:19』であることを表す0/1列,元のカテゴリ列 last1_class_grade を学習期間と評価月を結合した後に pandas.get_dummies(dummy_na=True) でone-hot化。,当該レース条件または過去1のレース条件,N/A,Race Class / Strength,src/backtest.py:1182-1199,N/A,lastN_class_grade:E|condition:19,0.0,0.0,,CODE_TRACED,1,one-hot
238,last1_class_grade:F|condition:18,前走のグレード×条件コードが『F|condition:18』であることを表す0/1列,元のカテゴリ列 last1_class_grade を学習期間と評価月を結合した後に pandas.get_dummies(dummy_na=True) でone-hot化。,当該レース条件または過去1のレース条件,N/A,Race Class / Strength,src/backtest.py:1182-1199,N/A,lastN_class_grade:F|condition:18,0.0,0.0,,CODE_TRACED,1,one-hot
239,last1_class_grade:F|condition:19,前走のグレード×条件コードが『F|condition:19』であることを表す0/1列,元のカテゴリ列 last1_class_grade を学習期間と評価月を結合した後に pandas.get_dummies(dummy_na=True) でone-hot化。,当該レース条件または過去1のレース条件,N/A,Race Class / Strength,src/backtest.py:1182-1199,N/A,lastN_class_grade:F|condition:19,0.0,0.0,,CODE_TRACED,1,one-hot
240,last1_class_grade:G|condition:18,前走のグレード×条件コードが『G|condition:18』であることを表す0/1列,元のカテゴリ列 last1_class_grade を学習期間と評価月を結合した後に pandas.get_dummies(dummy_na=True) でone-hot化。,当該レース条件または過去1のレース条件,N/A,Race Class / Strength,src/backtest.py:1182-1199,N/A,lastN_class_grade:G|condition:18,0.0,0.0,,CODE_TRACED,1,one-hot
241,last1_class_grade:G|condition:19,前走のグレード×条件コードが『G|condition:19』であることを表す0/1列,元のカテゴリ列 last1_class_grade を学習期間と評価月を結合した後に pandas.get_dummies(dummy_na=True) でone-hot化。,当該レース条件または過去1のレース条件,N/A,Race Class / Strength,src/backtest.py:1182-1199,N/A,lastN_class_grade:G|condition:19,0.0,0.0,,CODE_TRACED,1,one-hot
242,last1_class_grade:H|condition:18,前走のグレード×条件コードが『H|condition:18』であることを表す0/1列,元のカテゴリ列 last1_class_grade を学習期間と評価月を結合した後に pandas.get_dummies(dummy_na=True) でone-hot化。,当該レース条件または過去1のレース条件,N/A,Race Class / Strength,src/backtest.py:1182-1199,N/A,lastN_class_grade:H|condition:18,0.0,0.0,,CODE_TRACED,1,one-hot
243,last1_class_grade:H|condition:19,前走のグレード×条件コードが『H|condition:19』であることを表す0/1列,元のカテゴリ列 last1_class_grade を学習期間と評価月を結合した後に pandas.get_dummies(dummy_na=True) でone-hot化。,当該レース条件または過去1のレース条件,N/A,Race Class / Strength,src/backtest.py:1182-1199,N/A,lastN_class_grade:H|condition:19,0.0,0.0,,CODE_TRACED,1,one-hot
244,last1_class_grade:L|condition:11,前走のグレード×条件コードが『L|condition:11』であることを表す0/1列,元のカテゴリ列 last1_class_grade を学習期間と評価月を結合した後に pandas.get_dummies(dummy_na=True) でone-hot化。,当該レース条件または過去1のレース条件,N/A,Race Class / Strength,src/backtest.py:1182-1199,N/A,lastN_class_grade:L|condition:11,0.0,0.0,,CODE_TRACED,1,one-hot
245,last1_class_grade:L|condition:12,前走のグレード×条件コードが『L|condition:12』であることを表す0/1列,元のカテゴリ列 last1_class_grade を学習期間と評価月を結合した後に pandas.get_dummies(dummy_na=True) でone-hot化。,当該レース条件または過去1のレース条件,N/A,Race Class / Strength,src/backtest.py:1182-1199,N/A,lastN_class_grade:L|condition:12,0.0,0.0,,CODE_TRACED,1,one-hot
246,last1_class_grade:L|condition:13,前走のグレード×条件コードが『L|condition:13』であることを表す0/1列,元のカテゴリ列 last1_class_grade を学習期間と評価月を結合した後に pandas.get_dummies(dummy_na=True) でone-hot化。,当該レース条件または過去1のレース条件,N/A,Race Class / Strength,src/backtest.py:1182-1199,N/A,lastN_class_grade:L|condition:13,0.0,0.0,,CODE_TRACED,1,one-hot
247,last1_class_grade:L|condition:14,前走のグレード×条件コードが『L|condition:14』であることを表す0/1列,元のカテゴリ列 last1_class_grade を学習期間と評価月を結合した後に pandas.get_dummies(dummy_na=True) でone-hot化。,当該レース条件または過去1のレース条件,N/A,Race Class / Strength,src/backtest.py:1182-1199,N/A,lastN_class_grade:L|condition:14,0.0,0.0,,CODE_TRACED,1,one-hot
248,last1_class_grade:unknown|condition:11,前走のグレード×条件コードが『unknown|condition:11』であることを表す0/1列,元のカテゴリ列 last1_class_grade を学習期間と評価月を結合した後に pandas.get_dummies(dummy_na=True) でone-hot化。,当該レース条件または過去1のレース条件,N/A,Race Class / Strength,src/backtest.py:1182-1199,N/A,lastN_class_grade:unknown|condition:11,0.0,0.0,,CODE_TRACED,1,one-hot
249,last1_class_grade:unknown|condition:12,前走のグレード×条件コードが『unknown|condition:12』であることを表す0/1列,元のカテゴリ列 last1_class_grade を学習期間と評価月を結合した後に pandas.get_dummies(dummy_na=True) でone-hot化。,当該レース条件または過去1のレース条件,N/A,Race Class / Strength,src/backtest.py:1182-1199,N/A,lastN_class_grade:unknown|condition:12,0.0,0.0,,CODE_TRACED,1,one-hot
250,last1_class_grade:unknown|condition:13,前走のグレード×条件コードが『unknown|condition:13』であることを表す0/1列,元のカテゴリ列 last1_class_grade を学習期間と評価月を結合した後に pandas.get_dummies(dummy_na=True) でone-hot化。,当該レース条件または過去1のレース条件,N/A,Race Class / Strength,src/backtest.py:1182-1199,N/A,lastN_class_grade:unknown|condition:13,71.50950241088867,2.0,,CODE_TRACED,1,one-hot
251,last1_class_grade:unknown|condition:14,前走のグレード×条件コードが『unknown|condition:14』であることを表す0/1列,元のカテゴリ列 last1_class_grade を学習期間と評価月を結合した後に pandas.get_dummies(dummy_na=True) でone-hot化。,当該レース条件または過去1のレース条件,N/A,Race Class / Strength,src/backtest.py:1182-1199,N/A,lastN_class_grade:unknown|condition:14,0.0,0.0,,CODE_TRACED,1,one-hot
252,last1_class_grade:unknown|condition:18,前走のグレード×条件コードが『unknown|condition:18』であることを表す0/1列,元のカテゴリ列 last1_class_grade を学習期間と評価月を結合した後に pandas.get_dummies(dummy_na=True) でone-hot化。,当該レース条件または過去1のレース条件,N/A,Race Class / Strength,src/backtest.py:1182-1199,N/A,lastN_class_grade:unknown|condition:18,0.0,0.0,,CODE_TRACED,1,one-hot
253,last1_class_grade:unknown|condition:19,前走のグレード×条件コードが『unknown|condition:19』であることを表す0/1列,元のカテゴリ列 last1_class_grade を学習期間と評価月を結合した後に pandas.get_dummies(dummy_na=True) でone-hot化。,当該レース条件または過去1のレース条件,N/A,Race Class / Strength,src/backtest.py:1182-1199,N/A,lastN_class_grade:unknown|condition:19,0.0,0.0,,CODE_TRACED,1,one-hot
254,last1_class_unknown,対象馬の直近3走についてlast1 class unknownを集約した値,直近3走の履歴値を対象に直近3走の派生値。履歴不足時は空配列の既定値0.0。,対象馬の過去3レース結果,直近3走,Other,src/backtest.py:963-1020,YES,lastN_class_unknown,0.0,0.0,,CODE_TRACED,1,raw feature
255,last1_class_nan,対象馬の直近3走についてlast1 class nanを集約した値,直近3走の履歴値を対象に直近3走の派生値。履歴不足時は空配列の既定値0.0。,対象馬の過去3レース結果,直近3走,Other,src/backtest.py:963-1020,YES,lastN_class_nan,0.0,0.0,,CODE_TRACED,1,raw feature
256,last2_class_grade:A|condition:11,前々走のグレード×条件コードが『A|condition:11』であることを表す0/1列,元のカテゴリ列 last2_class_grade を学習期間と評価月を結合した後に pandas.get_dummies(dummy_na=True) でone-hot化。,当該レース条件または過去2のレース条件,N/A,Race Class / Strength,src/backtest.py:1182-1199,N/A,lastN_class_grade:A|condition:11,0.0,0.0,,CODE_TRACED,1,one-hot
257,last2_class_grade:A|condition:12,前々走のグレード×条件コードが『A|condition:12』であることを表す0/1列,元のカテゴリ列 last2_class_grade を学習期間と評価月を結合した後に pandas.get_dummies(dummy_na=True) でone-hot化。,当該レース条件または過去2のレース条件,N/A,Race Class / Strength,src/backtest.py:1182-1199,N/A,lastN_class_grade:A|condition:12,0.0,0.0,,CODE_TRACED,1,one-hot
258,last2_class_grade:A|condition:13,前々走のグレード×条件コードが『A|condition:13』であることを表す0/1列,元のカテゴリ列 last2_class_grade を学習期間と評価月を結合した後に pandas.get_dummies(dummy_na=True) でone-hot化。,当該レース条件または過去2のレース条件,N/A,Race Class / Strength,src/backtest.py:1182-1199,N/A,lastN_class_grade:A|condition:13,0.0,0.0,,CODE_TRACED,1,one-hot
259,last2_class_grade:A|condition:14,前々走のグレード×条件コードが『A|condition:14』であることを表す0/1列,元のカテゴリ列 last2_class_grade を学習期間と評価月を結合した後に pandas.get_dummies(dummy_na=True) でone-hot化。,当該レース条件または過去2のレース条件,N/A,Race Class / Strength,src/backtest.py:1182-1199,N/A,lastN_class_grade:A|condition:14,0.0,0.0,,CODE_TRACED,1,one-hot
260,last2_class_grade:B|condition:11,前々走のグレード×条件コードが『B|condition:11』であることを表す0/1列,元のカテゴリ列 last2_class_grade を学習期間と評価月を結合した後に pandas.get_dummies(dummy_na=True) でone-hot化。,当該レース条件または過去2のレース条件,N/A,Race Class / Strength,src/backtest.py:1182-1199,N/A,lastN_class_grade:B|condition:11,0.0,0.0,,CODE_TRACED,1,one-hot
261,last2_class_grade:B|condition:12,前々走のグレード×条件コードが『B|condition:12』であることを表す0/1列,元のカテゴリ列 last2_class_grade を学習期間と評価月を結合した後に pandas.get_dummies(dummy_na=True) でone-hot化。,当該レース条件または過去2のレース条件,N/A,Race Class / Strength,src/backtest.py:1182-1199,N/A,lastN_class_grade:B|condition:12,0.0,0.0,,CODE_TRACED,1,one-hot
262,last2_class_grade:B|condition:13,前々走のグレード×条件コードが『B|condition:13』であることを表す0/1列,元のカテゴリ列 last2_class_grade を学習期間と評価月を結合した後に pandas.get_dummies(dummy_na=True) でone-hot化。,当該レース条件または過去2のレース条件,N/A,Race Class / Strength,src/backtest.py:1182-1199,N/A,lastN_class_grade:B|condition:13,0.0,0.0,,CODE_TRACED,1,one-hot
263,last2_class_grade:B|condition:14,前々走のグレード×条件コードが『B|condition:14』であることを表す0/1列,元のカテゴリ列 last2_class_grade を学習期間と評価月を結合した後に pandas.get_dummies(dummy_na=True) でone-hot化。,当該レース条件または過去2のレース条件,N/A,Race Class / Strength,src/backtest.py:1182-1199,N/A,lastN_class_grade:B|condition:14,0.0,0.0,,CODE_TRACED,1,one-hot
264,last2_class_grade:C|condition:11,前々走のグレード×条件コードが『C|condition:11』であることを表す0/1列,元のカテゴリ列 last2_class_grade を学習期間と評価月を結合した後に pandas.get_dummies(dummy_na=True) でone-hot化。,当該レース条件または過去2のレース条件,N/A,Race Class / Strength,src/backtest.py:1182-1199,N/A,lastN_class_grade:C|condition:11,0.0,0.0,,CODE_TRACED,1,one-hot
265,last2_class_grade:C|condition:12,前々走のグレード×条件コードが『C|condition:12』であることを表す0/1列,元のカテゴリ列 last2_class_grade を学習期間と評価月を結合した後に pandas.get_dummies(dummy_na=True) でone-hot化。,当該レース条件または過去2のレース条件,N/A,Race Class / Strength,src/backtest.py:1182-1199,N/A,lastN_class_grade:C|condition:12,0.0,0.0,,CODE_TRACED,1,one-hot
266,last2_class_grade:C|condition:13,前々走のグレード×条件コードが『C|condition:13』であることを表す0/1列,元のカテゴリ列 last2_class_grade を学習期間と評価月を結合した後に pandas.get_dummies(dummy_na=True) でone-hot化。,当該レース条件または過去2のレース条件,N/A,Race Class / Strength,src/backtest.py:1182-1199,N/A,lastN_class_grade:C|condition:13,0.0,0.0,,CODE_TRACED,1,one-hot
267,last2_class_grade:C|condition:14,前々走のグレード×条件コードが『C|condition:14』であることを表す0/1列,元のカテゴリ列 last2_class_grade を学習期間と評価月を結合した後に pandas.get_dummies(dummy_na=True) でone-hot化。,当該レース条件または過去2のレース条件,N/A,Race Class / Strength,src/backtest.py:1182-1199,N/A,lastN_class_grade:C|condition:14,0.0,0.0,,CODE_TRACED,1,one-hot
268,last2_class_grade:D|condition:11,前々走のグレード×条件コードが『D|condition:11』であることを表す0/1列,元のカテゴリ列 last2_class_grade を学習期間と評価月を結合した後に pandas.get_dummies(dummy_na=True) でone-hot化。,当該レース条件または過去2のレース条件,N/A,Race Class / Strength,src/backtest.py:1182-1199,N/A,lastN_class_grade:D|condition:11,0.0,0.0,,CODE_TRACED,1,one-hot
269,last2_class_grade:D|condition:12,前々走のグレード×条件コードが『D|condition:12』であることを表す0/1列,元のカテゴリ列 last2_class_grade を学習期間と評価月を結合した後に pandas.get_dummies(dummy_na=True) でone-hot化。,当該レース条件または過去2のレース条件,N/A,Race Class / Strength,src/backtest.py:1182-1199,N/A,lastN_class_grade:D|condition:12,0.0,0.0,,CODE_TRACED,1,one-hot
270,last2_class_grade:D|condition:13,前々走のグレード×条件コードが『D|condition:13』であることを表す0/1列,元のカテゴリ列 last2_class_grade を学習期間と評価月を結合した後に pandas.get_dummies(dummy_na=True) でone-hot化。,当該レース条件または過去2のレース条件,N/A,Race Class / Strength,src/backtest.py:1182-1199,N/A,lastN_class_grade:D|condition:13,0.0,0.0,,CODE_TRACED,1,one-hot
271,last2_class_grade:E|condition:11,前々走のグレード×条件コードが『E|condition:11』であることを表す0/1列,元のカテゴリ列 last2_class_grade を学習期間と評価月を結合した後に pandas.get_dummies(dummy_na=True) でone-hot化。,当該レース条件または過去2のレース条件,N/A,Race Class / Strength,src/backtest.py:1182-1199,N/A,lastN_class_grade:E|condition:11,14.2524995803833,1.0,,CODE_TRACED,1,one-hot
272,last2_class_grade:E|condition:12,前々走のグレード×条件コードが『E|condition:12』であることを表す0/1列,元のカテゴリ列 last2_class_grade を学習期間と評価月を結合した後に pandas.get_dummies(dummy_na=True) でone-hot化。,当該レース条件または過去2のレース条件,N/A,Race Class / Strength,src/backtest.py:1182-1199,N/A,lastN_class_grade:E|condition:12,0.0,0.0,,CODE_TRACED,1,one-hot
273,last2_class_grade:E|condition:13,前々走のグレード×条件コードが『E|condition:13』であることを表す0/1列,元のカテゴリ列 last2_class_grade を学習期間と評価月を結合した後に pandas.get_dummies(dummy_na=True) でone-hot化。,当該レース条件または過去2のレース条件,N/A,Race Class / Strength,src/backtest.py:1182-1199,N/A,lastN_class_grade:E|condition:13,0.0,0.0,,CODE_TRACED,1,one-hot
274,last2_class_grade:E|condition:14,前々走のグレード×条件コードが『E|condition:14』であることを表す0/1列,元のカテゴリ列 last2_class_grade を学習期間と評価月を結合した後に pandas.get_dummies(dummy_na=True) でone-hot化。,当該レース条件または過去2のレース条件,N/A,Race Class / Strength,src/backtest.py:1182-1199,N/A,lastN_class_grade:E|condition:14,0.0,0.0,,CODE_TRACED,1,one-hot
275,last2_class_grade:E|condition:18,前々走のグレード×条件コードが『E|condition:18』であることを表す0/1列,元のカテゴリ列 last2_class_grade を学習期間と評価月を結合した後に pandas.get_dummies(dummy_na=True) でone-hot化。,当該レース条件または過去2のレース条件,N/A,Race Class / Strength,src/backtest.py:1182-1199,N/A,lastN_class_grade:E|condition:18,0.0,0.0,,CODE_TRACED,1,one-hot
276,last2_class_grade:E|condition:19,前々走のグレード×条件コードが『E|condition:19』であることを表す0/1列,元のカテゴリ列 last2_class_grade を学習期間と評価月を結合した後に pandas.get_dummies(dummy_na=True) でone-hot化。,当該レース条件または過去2のレース条件,N/A,Race Class / Strength,src/backtest.py:1182-1199,N/A,lastN_class_grade:E|condition:19,0.0,0.0,,CODE_TRACED,1,one-hot
277,last2_class_grade:F|condition:18,前々走のグレード×条件コードが『F|condition:18』であることを表す0/1列,元のカテゴリ列 last2_class_grade を学習期間と評価月を結合した後に pandas.get_dummies(dummy_na=True) でone-hot化。,当該レース条件または過去2のレース条件,N/A,Race Class / Strength,src/backtest.py:1182-1199,N/A,lastN_class_grade:F|condition:18,0.0,0.0,,CODE_TRACED,1,one-hot
278,last2_class_grade:F|condition:19,前々走のグレード×条件コードが『F|condition:19』であることを表す0/1列,元のカテゴリ列 last2_class_grade を学習期間と評価月を結合した後に pandas.get_dummies(dummy_na=True) でone-hot化。,当該レース条件または過去2のレース条件,N/A,Race Class / Strength,src/backtest.py:1182-1199,N/A,lastN_class_grade:F|condition:19,0.0,0.0,,CODE_TRACED,1,one-hot
279,last2_class_grade:G|condition:18,前々走のグレード×条件コードが『G|condition:18』であることを表す0/1列,元のカテゴリ列 last2_class_grade を学習期間と評価月を結合した後に pandas.get_dummies(dummy_na=True) でone-hot化。,当該レース条件または過去2のレース条件,N/A,Race Class / Strength,src/backtest.py:1182-1199,N/A,lastN_class_grade:G|condition:18,0.0,0.0,,CODE_TRACED,1,one-hot
280,last2_class_grade:G|condition:19,前々走のグレード×条件コードが『G|condition:19』であることを表す0/1列,元のカテゴリ列 last2_class_grade を学習期間と評価月を結合した後に pandas.get_dummies(dummy_na=True) でone-hot化。,当該レース条件または過去2のレース条件,N/A,Race Class / Strength,src/backtest.py:1182-1199,N/A,lastN_class_grade:G|condition:19,0.0,0.0,,CODE_TRACED,1,one-hot
281,last2_class_grade:H|condition:18,前々走のグレード×条件コードが『H|condition:18』であることを表す0/1列,元のカテゴリ列 last2_class_grade を学習期間と評価月を結合した後に pandas.get_dummies(dummy_na=True) でone-hot化。,当該レース条件または過去2のレース条件,N/A,Race Class / Strength,src/backtest.py:1182-1199,N/A,lastN_class_grade:H|condition:18,0.0,0.0,,CODE_TRACED,1,one-hot
282,last2_class_grade:H|condition:19,前々走のグレード×条件コードが『H|condition:19』であることを表す0/1列,元のカテゴリ列 last2_class_grade を学習期間と評価月を結合した後に pandas.get_dummies(dummy_na=True) でone-hot化。,当該レース条件または過去2のレース条件,N/A,Race Class / Strength,src/backtest.py:1182-1199,N/A,lastN_class_grade:H|condition:19,0.0,0.0,,CODE_TRACED,1,one-hot
283,last2_class_grade:L|condition:11,前々走のグレード×条件コードが『L|condition:11』であることを表す0/1列,元のカテゴリ列 last2_class_grade を学習期間と評価月を結合した後に pandas.get_dummies(dummy_na=True) でone-hot化。,当該レース条件または過去2のレース条件,N/A,Race Class / Strength,src/backtest.py:1182-1199,N/A,lastN_class_grade:L|condition:11,0.0,0.0,,CODE_TRACED,1,one-hot
284,last2_class_grade:L|condition:12,前々走のグレード×条件コードが『L|condition:12』であることを表す0/1列,元のカテゴリ列 last2_class_grade を学習期間と評価月を結合した後に pandas.get_dummies(dummy_na=True) でone-hot化。,当該レース条件または過去2のレース条件,N/A,Race Class / Strength,src/backtest.py:1182-1199,N/A,lastN_class_grade:L|condition:12,0.0,0.0,,CODE_TRACED,1,one-hot
285,last2_class_grade:L|condition:13,前々走のグレード×条件コードが『L|condition:13』であることを表す0/1列,元のカテゴリ列 last2_class_grade を学習期間と評価月を結合した後に pandas.get_dummies(dummy_na=True) でone-hot化。,当該レース条件または過去2のレース条件,N/A,Race Class / Strength,src/backtest.py:1182-1199,N/A,lastN_class_grade:L|condition:13,0.0,0.0,,CODE_TRACED,1,one-hot
286,last2_class_grade:L|condition:14,前々走のグレード×条件コードが『L|condition:14』であることを表す0/1列,元のカテゴリ列 last2_class_grade を学習期間と評価月を結合した後に pandas.get_dummies(dummy_na=True) でone-hot化。,当該レース条件または過去2のレース条件,N/A,Race Class / Strength,src/backtest.py:1182-1199,N/A,lastN_class_grade:L|condition:14,0.0,0.0,,CODE_TRACED,1,one-hot
287,last2_class_grade:unknown|condition:11,前々走のグレード×条件コードが『unknown|condition:11』であることを表す0/1列,元のカテゴリ列 last2_class_grade を学習期間と評価月を結合した後に pandas.get_dummies(dummy_na=True) でone-hot化。,当該レース条件または過去2のレース条件,N/A,Race Class / Strength,src/backtest.py:1182-1199,N/A,lastN_class_grade:unknown|condition:11,112.82760047912598,5.0,,CODE_TRACED,1,one-hot
288,last2_class_grade:unknown|condition:12,前々走のグレード×条件コードが『unknown|condition:12』であることを表す0/1列,元のカテゴリ列 last2_class_grade を学習期間と評価月を結合した後に pandas.get_dummies(dummy_na=True) でone-hot化。,当該レース条件または過去2のレース条件,N/A,Race Class / Strength,src/backtest.py:1182-1199,N/A,lastN_class_grade:unknown|condition:12,0.0,0.0,,CODE_TRACED,1,one-hot
289,last2_class_grade:unknown|condition:13,前々走のグレード×条件コードが『unknown|condition:13』であることを表す0/1列,元のカテゴリ列 last2_class_grade を学習期間と評価月を結合した後に pandas.get_dummies(dummy_na=True) でone-hot化。,当該レース条件または過去2のレース条件,N/A,Race Class / Strength,src/backtest.py:1182-1199,N/A,lastN_class_grade:unknown|condition:13,0.0,0.0,,CODE_TRACED,1,one-hot
290,last2_class_grade:unknown|condition:14,前々走のグレード×条件コードが『unknown|condition:14』であることを表す0/1列,元のカテゴリ列 last2_class_grade を学習期間と評価月を結合した後に pandas.get_dummies(dummy_na=True) でone-hot化。,当該レース条件または過去2のレース条件,N/A,Race Class / Strength,src/backtest.py:1182-1199,N/A,lastN_class_grade:unknown|condition:14,60.59859848022461,1.0,,CODE_TRACED,1,one-hot
291,last2_class_grade:unknown|condition:18,前々走のグレード×条件コードが『unknown|condition:18』であることを表す0/1列,元のカテゴリ列 last2_class_grade を学習期間と評価月を結合した後に pandas.get_dummies(dummy_na=True) でone-hot化。,当該レース条件または過去2のレース条件,N/A,Race Class / Strength,src/backtest.py:1182-1199,N/A,lastN_class_grade:unknown|condition:18,0.0,0.0,,CODE_TRACED,1,one-hot
292,last2_class_grade:unknown|condition:19,前々走のグレード×条件コードが『unknown|condition:19』であることを表す0/1列,元のカテゴリ列 last2_class_grade を学習期間と評価月を結合した後に pandas.get_dummies(dummy_na=True) でone-hot化。,当該レース条件または過去2のレース条件,N/A,Race Class / Strength,src/backtest.py:1182-1199,N/A,lastN_class_grade:unknown|condition:19,0.0,0.0,,CODE_TRACED,1,one-hot
293,last2_class_unknown,対象馬の直近3走についてlast2 class unknownを集約した値,直近3走の履歴値を対象に直近3走の派生値。履歴不足時は空配列の既定値0.0。,対象馬の過去3レース結果,直近3走,Other,src/backtest.py:963-1020,YES,lastN_class_unknown,0.0,0.0,,CODE_TRACED,1,raw feature
294,last2_class_nan,対象馬の直近3走についてlast2 class nanを集約した値,直近3走の履歴値を対象に直近3走の派生値。履歴不足時は空配列の既定値0.0。,対象馬の過去3レース結果,直近3走,Other,src/backtest.py:963-1020,YES,lastN_class_nan,0.0,0.0,,CODE_TRACED,1,raw feature
295,last3_class_grade:A|condition:11,3走前のグレード×条件コードが『A|condition:11』であることを表す0/1列,元のカテゴリ列 last3_class_grade を学習期間と評価月を結合した後に pandas.get_dummies(dummy_na=True) でone-hot化。,当該レース条件または過去3のレース条件,N/A,Race Class / Strength,src/backtest.py:1182-1199,N/A,lastN_class_grade:A|condition:11,0.0,0.0,,CODE_TRACED,1,one-hot
296,last3_class_grade:A|condition:12,3走前のグレード×条件コードが『A|condition:12』であることを表す0/1列,元のカテゴリ列 last3_class_grade を学習期間と評価月を結合した後に pandas.get_dummies(dummy_na=True) でone-hot化。,当該レース条件または過去3のレース条件,N/A,Race Class / Strength,src/backtest.py:1182-1199,N/A,lastN_class_grade:A|condition:12,0.0,0.0,,CODE_TRACED,1,one-hot
297,last3_class_grade:A|condition:13,3走前のグレード×条件コードが『A|condition:13』であることを表す0/1列,元のカテゴリ列 last3_class_grade を学習期間と評価月を結合した後に pandas.get_dummies(dummy_na=True) でone-hot化。,当該レース条件または過去3のレース条件,N/A,Race Class / Strength,src/backtest.py:1182-1199,N/A,lastN_class_grade:A|condition:13,0.0,0.0,,CODE_TRACED,1,one-hot
298,last3_class_grade:A|condition:14,3走前のグレード×条件コードが『A|condition:14』であることを表す0/1列,元のカテゴリ列 last3_class_grade を学習期間と評価月を結合した後に pandas.get_dummies(dummy_na=True) でone-hot化。,当該レース条件または過去3のレース条件,N/A,Race Class / Strength,src/backtest.py:1182-1199,N/A,lastN_class_grade:A|condition:14,0.0,0.0,,CODE_TRACED,1,one-hot
299,last3_class_grade:B|condition:11,3走前のグレード×条件コードが『B|condition:11』であることを表す0/1列,元のカテゴリ列 last3_class_grade を学習期間と評価月を結合した後に pandas.get_dummies(dummy_na=True) でone-hot化。,当該レース条件または過去3のレース条件,N/A,Race Class / Strength,src/backtest.py:1182-1199,N/A,lastN_class_grade:B|condition:11,0.0,0.0,,CODE_TRACED,1,one-hot
300,last3_class_grade:B|condition:12,3走前のグレード×条件コードが『B|condition:12』であることを表す0/1列,元のカテゴリ列 last3_class_grade を学習期間と評価月を結合した後に pandas.get_dummies(dummy_na=True) でone-hot化。,当該レース条件または過去3のレース条件,N/A,Race Class / Strength,src/backtest.py:1182-1199,N/A,lastN_class_grade:B|condition:12,0.0,0.0,,CODE_TRACED,1,one-hot
301,last3_class_grade:B|condition:13,3走前のグレード×条件コードが『B|condition:13』であることを表す0/1列,元のカテゴリ列 last3_class_grade を学習期間と評価月を結合した後に pandas.get_dummies(dummy_na=True) でone-hot化。,当該レース条件または過去3のレース条件,N/A,Race Class / Strength,src/backtest.py:1182-1199,N/A,lastN_class_grade:B|condition:13,0.0,0.0,,CODE_TRACED,1,one-hot
302,last3_class_grade:B|condition:14,3走前のグレード×条件コードが『B|condition:14』であることを表す0/1列,元のカテゴリ列 last3_class_grade を学習期間と評価月を結合した後に pandas.get_dummies(dummy_na=True) でone-hot化。,当該レース条件または過去3のレース条件,N/A,Race Class / Strength,src/backtest.py:1182-1199,N/A,lastN_class_grade:B|condition:14,0.0,0.0,,CODE_TRACED,1,one-hot
303,last3_class_grade:C|condition:11,3走前のグレード×条件コードが『C|condition:11』であることを表す0/1列,元のカテゴリ列 last3_class_grade を学習期間と評価月を結合した後に pandas.get_dummies(dummy_na=True) でone-hot化。,当該レース条件または過去3のレース条件,N/A,Race Class / Strength,src/backtest.py:1182-1199,N/A,lastN_class_grade:C|condition:11,0.0,0.0,,CODE_TRACED,1,one-hot
304,last3_class_grade:C|condition:12,3走前のグレード×条件コードが『C|condition:12』であることを表す0/1列,元のカテゴリ列 last3_class_grade を学習期間と評価月を結合した後に pandas.get_dummies(dummy_na=True) でone-hot化。,当該レース条件または過去3のレース条件,N/A,Race Class / Strength,src/backtest.py:1182-1199,N/A,lastN_class_grade:C|condition:12,0.0,0.0,,CODE_TRACED,1,one-hot
305,last3_class_grade:C|condition:13,3走前のグレード×条件コードが『C|condition:13』であることを表す0/1列,元のカテゴリ列 last3_class_grade を学習期間と評価月を結合した後に pandas.get_dummies(dummy_na=True) でone-hot化。,当該レース条件または過去3のレース条件,N/A,Race Class / Strength,src/backtest.py:1182-1199,N/A,lastN_class_grade:C|condition:13,0.0,0.0,,CODE_TRACED,1,one-hot
306,last3_class_grade:C|condition:14,3走前のグレード×条件コードが『C|condition:14』であることを表す0/1列,元のカテゴリ列 last3_class_grade を学習期間と評価月を結合した後に pandas.get_dummies(dummy_na=True) でone-hot化。,当該レース条件または過去3のレース条件,N/A,Race Class / Strength,src/backtest.py:1182-1199,N/A,lastN_class_grade:C|condition:14,0.0,0.0,,CODE_TRACED,1,one-hot
307,last3_class_grade:D|condition:11,3走前のグレード×条件コードが『D|condition:11』であることを表す0/1列,元のカテゴリ列 last3_class_grade を学習期間と評価月を結合した後に pandas.get_dummies(dummy_na=True) でone-hot化。,当該レース条件または過去3のレース条件,N/A,Race Class / Strength,src/backtest.py:1182-1199,N/A,lastN_class_grade:D|condition:11,0.0,0.0,,CODE_TRACED,1,one-hot
308,last3_class_grade:D|condition:12,3走前のグレード×条件コードが『D|condition:12』であることを表す0/1列,元のカテゴリ列 last3_class_grade を学習期間と評価月を結合した後に pandas.get_dummies(dummy_na=True) でone-hot化。,当該レース条件または過去3のレース条件,N/A,Race Class / Strength,src/backtest.py:1182-1199,N/A,lastN_class_grade:D|condition:12,0.0,0.0,,CODE_TRACED,1,one-hot
309,last3_class_grade:D|condition:13,3走前のグレード×条件コードが『D|condition:13』であることを表す0/1列,元のカテゴリ列 last3_class_grade を学習期間と評価月を結合した後に pandas.get_dummies(dummy_na=True) でone-hot化。,当該レース条件または過去3のレース条件,N/A,Race Class / Strength,src/backtest.py:1182-1199,N/A,lastN_class_grade:D|condition:13,0.0,0.0,,CODE_TRACED,1,one-hot
310,last3_class_grade:E|condition:11,3走前のグレード×条件コードが『E|condition:11』であることを表す0/1列,元のカテゴリ列 last3_class_grade を学習期間と評価月を結合した後に pandas.get_dummies(dummy_na=True) でone-hot化。,当該レース条件または過去3のレース条件,N/A,Race Class / Strength,src/backtest.py:1182-1199,N/A,lastN_class_grade:E|condition:11,0.0,0.0,,CODE_TRACED,1,one-hot
311,last3_class_grade:E|condition:12,3走前のグレード×条件コードが『E|condition:12』であることを表す0/1列,元のカテゴリ列 last3_class_grade を学習期間と評価月を結合した後に pandas.get_dummies(dummy_na=True) でone-hot化。,当該レース条件または過去3のレース条件,N/A,Race Class / Strength,src/backtest.py:1182-1199,N/A,lastN_class_grade:E|condition:12,0.0,0.0,,CODE_TRACED,1,one-hot
312,last3_class_grade:E|condition:13,3走前のグレード×条件コードが『E|condition:13』であることを表す0/1列,元のカテゴリ列 last3_class_grade を学習期間と評価月を結合した後に pandas.get_dummies(dummy_na=True) でone-hot化。,当該レース条件または過去3のレース条件,N/A,Race Class / Strength,src/backtest.py:1182-1199,N/A,lastN_class_grade:E|condition:13,0.0,0.0,,CODE_TRACED,1,one-hot
313,last3_class_grade:E|condition:14,3走前のグレード×条件コードが『E|condition:14』であることを表す0/1列,元のカテゴリ列 last3_class_grade を学習期間と評価月を結合した後に pandas.get_dummies(dummy_na=True) でone-hot化。,当該レース条件または過去3のレース条件,N/A,Race Class / Strength,src/backtest.py:1182-1199,N/A,lastN_class_grade:E|condition:14,0.0,0.0,,CODE_TRACED,1,one-hot
314,last3_class_grade:E|condition:18,3走前のグレード×条件コードが『E|condition:18』であることを表す0/1列,元のカテゴリ列 last3_class_grade を学習期間と評価月を結合した後に pandas.get_dummies(dummy_na=True) でone-hot化。,当該レース条件または過去3のレース条件,N/A,Race Class / Strength,src/backtest.py:1182-1199,N/A,lastN_class_grade:E|condition:18,0.0,0.0,,CODE_TRACED,1,one-hot
315,last3_class_grade:E|condition:19,3走前のグレード×条件コードが『E|condition:19』であることを表す0/1列,元のカテゴリ列 last3_class_grade を学習期間と評価月を結合した後に pandas.get_dummies(dummy_na=True) でone-hot化。,当該レース条件または過去3のレース条件,N/A,Race Class / Strength,src/backtest.py:1182-1199,N/A,lastN_class_grade:E|condition:19,0.0,0.0,,CODE_TRACED,1,one-hot
316,last3_class_grade:F|condition:18,3走前のグレード×条件コードが『F|condition:18』であることを表す0/1列,元のカテゴリ列 last3_class_grade を学習期間と評価月を結合した後に pandas.get_dummies(dummy_na=True) でone-hot化。,当該レース条件または過去3のレース条件,N/A,Race Class / Strength,src/backtest.py:1182-1199,N/A,lastN_class_grade:F|condition:18,0.0,0.0,,CODE_TRACED,1,one-hot
317,last3_class_grade:F|condition:19,3走前のグレード×条件コードが『F|condition:19』であることを表す0/1列,元のカテゴリ列 last3_class_grade を学習期間と評価月を結合した後に pandas.get_dummies(dummy_na=True) でone-hot化。,当該レース条件または過去3のレース条件,N/A,Race Class / Strength,src/backtest.py:1182-1199,N/A,lastN_class_grade:F|condition:19,0.0,0.0,,CODE_TRACED,1,one-hot
318,last3_class_grade:G|condition:18,3走前のグレード×条件コードが『G|condition:18』であることを表す0/1列,元のカテゴリ列 last3_class_grade を学習期間と評価月を結合した後に pandas.get_dummies(dummy_na=True) でone-hot化。,当該レース条件または過去3のレース条件,N/A,Race Class / Strength,src/backtest.py:1182-1199,N/A,lastN_class_grade:G|condition:18,0.0,0.0,,CODE_TRACED,1,one-hot
319,last3_class_grade:G|condition:19,3走前のグレード×条件コードが『G|condition:19』であることを表す0/1列,元のカテゴリ列 last3_class_grade を学習期間と評価月を結合した後に pandas.get_dummies(dummy_na=True) でone-hot化。,当該レース条件または過去3のレース条件,N/A,Race Class / Strength,src/backtest.py:1182-1199,N/A,lastN_class_grade:G|condition:19,0.0,0.0,,CODE_TRACED,1,one-hot
320,last3_class_grade:H|condition:18,3走前のグレード×条件コードが『H|condition:18』であることを表す0/1列,元のカテゴリ列 last3_class_grade を学習期間と評価月を結合した後に pandas.get_dummies(dummy_na=True) でone-hot化。,当該レース条件または過去3のレース条件,N/A,Race Class / Strength,src/backtest.py:1182-1199,N/A,lastN_class_grade:H|condition:18,0.0,0.0,,CODE_TRACED,1,one-hot
321,last3_class_grade:H|condition:19,3走前のグレード×条件コードが『H|condition:19』であることを表す0/1列,元のカテゴリ列 last3_class_grade を学習期間と評価月を結合した後に pandas.get_dummies(dummy_na=True) でone-hot化。,当該レース条件または過去3のレース条件,N/A,Race Class / Strength,src/backtest.py:1182-1199,N/A,lastN_class_grade:H|condition:19,0.0,0.0,,CODE_TRACED,1,one-hot
322,last3_class_grade:L|condition:11,3走前のグレード×条件コードが『L|condition:11』であることを表す0/1列,元のカテゴリ列 last3_class_grade を学習期間と評価月を結合した後に pandas.get_dummies(dummy_na=True) でone-hot化。,当該レース条件または過去3のレース条件,N/A,Race Class / Strength,src/backtest.py:1182-1199,N/A,lastN_class_grade:L|condition:11,0.0,0.0,,CODE_TRACED,1,one-hot
323,last3_class_grade:L|condition:12,3走前のグレード×条件コードが『L|condition:12』であることを表す0/1列,元のカテゴリ列 last3_class_grade を学習期間と評価月を結合した後に pandas.get_dummies(dummy_na=True) でone-hot化。,当該レース条件または過去3のレース条件,N/A,Race Class / Strength,src/backtest.py:1182-1199,N/A,lastN_class_grade:L|condition:12,0.0,0.0,,CODE_TRACED,1,one-hot
324,last3_class_grade:L|condition:13,3走前のグレード×条件コードが『L|condition:13』であることを表す0/1列,元のカテゴリ列 last3_class_grade を学習期間と評価月を結合した後に pandas.get_dummies(dummy_na=True) でone-hot化。,当該レース条件または過去3のレース条件,N/A,Race Class / Strength,src/backtest.py:1182-1199,N/A,lastN_class_grade:L|condition:13,0.0,0.0,,CODE_TRACED,1,one-hot
325,last3_class_grade:L|condition:14,3走前のグレード×条件コードが『L|condition:14』であることを表す0/1列,元のカテゴリ列 last3_class_grade を学習期間と評価月を結合した後に pandas.get_dummies(dummy_na=True) でone-hot化。,当該レース条件または過去3のレース条件,N/A,Race Class / Strength,src/backtest.py:1182-1199,N/A,lastN_class_grade:L|condition:14,0.0,0.0,,CODE_TRACED,1,one-hot
326,last3_class_grade:unknown|condition:11,3走前のグレード×条件コードが『unknown|condition:11』であることを表す0/1列,元のカテゴリ列 last3_class_grade を学習期間と評価月を結合した後に pandas.get_dummies(dummy_na=True) でone-hot化。,当該レース条件または過去3のレース条件,N/A,Race Class / Strength,src/backtest.py:1182-1199,N/A,lastN_class_grade:unknown|condition:11,0.0,0.0,,CODE_TRACED,1,one-hot
327,last3_class_grade:unknown|condition:12,3走前のグレード×条件コードが『unknown|condition:12』であることを表す0/1列,元のカテゴリ列 last3_class_grade を学習期間と評価月を結合した後に pandas.get_dummies(dummy_na=True) でone-hot化。,当該レース条件または過去3のレース条件,N/A,Race Class / Strength,src/backtest.py:1182-1199,N/A,lastN_class_grade:unknown|condition:12,0.0,0.0,,CODE_TRACED,1,one-hot
328,last3_class_grade:unknown|condition:13,3走前のグレード×条件コードが『unknown|condition:13』であることを表す0/1列,元のカテゴリ列 last3_class_grade を学習期間と評価月を結合した後に pandas.get_dummies(dummy_na=True) でone-hot化。,当該レース条件または過去3のレース条件,N/A,Race Class / Strength,src/backtest.py:1182-1199,N/A,lastN_class_grade:unknown|condition:13,0.0,0.0,,CODE_TRACED,1,one-hot
329,last3_class_grade:unknown|condition:14,3走前のグレード×条件コードが『unknown|condition:14』であることを表す0/1列,元のカテゴリ列 last3_class_grade を学習期間と評価月を結合した後に pandas.get_dummies(dummy_na=True) でone-hot化。,当該レース条件または過去3のレース条件,N/A,Race Class / Strength,src/backtest.py:1182-1199,N/A,lastN_class_grade:unknown|condition:14,140.95549964904785,4.0,,CODE_TRACED,1,one-hot
330,last3_class_grade:unknown|condition:18,3走前のグレード×条件コードが『unknown|condition:18』であることを表す0/1列,元のカテゴリ列 last3_class_grade を学習期間と評価月を結合した後に pandas.get_dummies(dummy_na=True) でone-hot化。,当該レース条件または過去3のレース条件,N/A,Race Class / Strength,src/backtest.py:1182-1199,N/A,lastN_class_grade:unknown|condition:18,0.0,0.0,,CODE_TRACED,1,one-hot
331,last3_class_grade:unknown|condition:19,3走前のグレード×条件コードが『unknown|condition:19』であることを表す0/1列,元のカテゴリ列 last3_class_grade を学習期間と評価月を結合した後に pandas.get_dummies(dummy_na=True) でone-hot化。,当該レース条件または過去3のレース条件,N/A,Race Class / Strength,src/backtest.py:1182-1199,N/A,lastN_class_grade:unknown|condition:19,0.0,0.0,,CODE_TRACED,1,one-hot
332,last3_class_unknown,対象馬の直近3走についてlast3 class unknownを集約した値,直近3走の履歴値を対象に直近3走の派生値。履歴不足時は空配列の既定値0.0。,対象馬の過去3レース結果,直近3走,Other,src/backtest.py:963-1020,YES,lastN_class_unknown,0.0,0.0,,CODE_TRACED,1,raw feature
333,last3_class_nan,対象馬の直近3走についてlast3 class nanを集約した値,直近3走の履歴値を対象に直近3走の派生値。履歴不足時は空配列の既定値0.0。,対象馬の過去3レース結果,直近3走,Other,src/backtest.py:963-1020,YES,lastN_class_nan,0.0,0.0,,CODE_TRACED,1,raw feature
334,race_class_label_G1,当該レースの格ラベルが『G1』であることを表す0/1列,元のカテゴリ列 race_class_label を学習期間と評価月を結合した後に pandas.get_dummies(dummy_na=True) でone-hot化。,当該レース条件または過去のレース条件,N/A,Race Class / Strength,src/backtest.py:1182-1199,N/A,race_class_label_G1,0.0,0.0,,CODE_TRACED,2,one-hot
335,race_class_label_G2,当該レースの格ラベルが『G2』であることを表す0/1列,元のカテゴリ列 race_class_label を学習期間と評価月を結合した後に pandas.get_dummies(dummy_na=True) でone-hot化。,当該レース条件または過去のレース条件,N/A,Race Class / Strength,src/backtest.py:1182-1199,N/A,race_class_label_G2,0.0,0.0,,CODE_TRACED,2,one-hot
336,race_class_label_G3,当該レースの格ラベルが『G3』であることを表す0/1列,元のカテゴリ列 race_class_label を学習期間と評価月を結合した後に pandas.get_dummies(dummy_na=True) でone-hot化。,当該レース条件または過去のレース条件,N/A,Race Class / Strength,src/backtest.py:1182-1199,N/A,race_class_label_G3,0.0,0.0,,CODE_TRACED,2,one-hot
337,race_class_label_LISTED,当該レースの格ラベルが『LISTED』であることを表す0/1列,元のカテゴリ列 race_class_label を学習期間と評価月を結合した後に pandas.get_dummies(dummy_na=True) でone-hot化。,当該レース条件または過去のレース条件,N/A,Race Class / Strength,src/backtest.py:1182-1199,N/A,race_class_label_LISTED,0.0,0.0,,CODE_TRACED,2,one-hot
338,race_class_label_OPEN,当該レースの格ラベルが『OPEN』であることを表す0/1列,元のカテゴリ列 race_class_label を学習期間と評価月を結合した後に pandas.get_dummies(dummy_na=True) でone-hot化。,当該レース条件または過去のレース条件,N/A,Race Class / Strength,src/backtest.py:1182-1199,N/A,race_class_label_OPEN,0.0,0.0,,CODE_TRACED,2,one-hot
339,race_class_label_UNKNOWN,当該レースの格ラベルが『UNKNOWN』であることを表す0/1列,元のカテゴリ列 race_class_label を学習期間と評価月を結合した後に pandas.get_dummies(dummy_na=True) でone-hot化。,当該レース条件または過去のレース条件,N/A,Race Class / Strength,src/backtest.py:1182-1199,N/A,race_class_label_UNKNOWN,0.0,0.0,,CODE_TRACED,2,one-hot
340,race_class_label_nan,当該レースの格ラベルが『nan』であることを表す0/1列,元のカテゴリ列 race_class_label を学習期間と評価月を結合した後に pandas.get_dummies(dummy_na=True) でone-hot化。,当該レース条件または過去のレース条件,N/A,Race Class / Strength,src/backtest.py:1182-1199,N/A,race_class_label_nan,0.0,0.0,,CODE_TRACED,2,one-hot
341,race_class_label_G1,当該レースの格ラベルが『G1』であることを表す0/1列,元のカテゴリ列 race_class_label を学習期間と評価月を結合した後に pandas.get_dummies(dummy_na=True) でone-hot化。,当該レース条件または過去のレース条件,N/A,Race Class / Strength,src/backtest.py:1182-1199,N/A,race_class_label_G1,0.0,0.0,,CODE_TRACED,2,one-hot
342,race_class_label_G2,当該レースの格ラベルが『G2』であることを表す0/1列,元のカテゴリ列 race_class_label を学習期間と評価月を結合した後に pandas.get_dummies(dummy_na=True) でone-hot化。,当該レース条件または過去のレース条件,N/A,Race Class / Strength,src/backtest.py:1182-1199,N/A,race_class_label_G2,0.0,0.0,,CODE_TRACED,2,one-hot
343,race_class_label_G3,当該レースの格ラベルが『G3』であることを表す0/1列,元のカテゴリ列 race_class_label を学習期間と評価月を結合した後に pandas.get_dummies(dummy_na=True) でone-hot化。,当該レース条件または過去のレース条件,N/A,Race Class / Strength,src/backtest.py:1182-1199,N/A,race_class_label_G3,0.0,0.0,,CODE_TRACED,2,one-hot
344,race_class_label_LISTED,当該レースの格ラベルが『LISTED』であることを表す0/1列,元のカテゴリ列 race_class_label を学習期間と評価月を結合した後に pandas.get_dummies(dummy_na=True) でone-hot化。,当該レース条件または過去のレース条件,N/A,Race Class / Strength,src/backtest.py:1182-1199,N/A,race_class_label_LISTED,0.0,0.0,,CODE_TRACED,2,one-hot
345,race_class_label_OPEN,当該レースの格ラベルが『OPEN』であることを表す0/1列,元のカテゴリ列 race_class_label を学習期間と評価月を結合した後に pandas.get_dummies(dummy_na=True) でone-hot化。,当該レース条件または過去のレース条件,N/A,Race Class / Strength,src/backtest.py:1182-1199,N/A,race_class_label_OPEN,0.0,0.0,,CODE_TRACED,2,one-hot
346,race_class_label_UNKNOWN,当該レースの格ラベルが『UNKNOWN』であることを表す0/1列,元のカテゴリ列 race_class_label を学習期間と評価月を結合した後に pandas.get_dummies(dummy_na=True) でone-hot化。,当該レース条件または過去のレース条件,N/A,Race Class / Strength,src/backtest.py:1182-1199,N/A,race_class_label_UNKNOWN,0.0,0.0,,CODE_TRACED,2,one-hot
347,race_class_label_nan,当該レースの格ラベルが『nan』であることを表す0/1列,元のカテゴリ列 race_class_label を学習期間と評価月を結合した後に pandas.get_dummies(dummy_na=True) でone-hot化。,当該レース条件または過去のレース条件,N/A,Race Class / Strength,src/backtest.py:1182-1199,N/A,race_class_label_nan,0.0,0.0,,CODE_TRACED,2,one-hot
348,last1_race_class_G1,前走のレース格が『G1』であることを表す0/1列,元のカテゴリ列 last1_race_class を学習期間と評価月を結合した後に pandas.get_dummies(dummy_na=True) でone-hot化。,当該レース条件または過去1のレース条件,N/A,Race Class / Strength,src/backtest.py:1182-1199,N/A,lastN_race_class_G1,0.0,0.0,,CODE_TRACED,2,one-hot
349,last1_race_class_G2,前走のレース格が『G2』であることを表す0/1列,元のカテゴリ列 last1_race_class を学習期間と評価月を結合した後に pandas.get_dummies(dummy_na=True) でone-hot化。,当該レース条件または過去1のレース条件,N/A,Race Class / Strength,src/backtest.py:1182-1199,N/A,lastN_race_class_G2,0.0,0.0,,CODE_TRACED,2,one-hot
350,last1_race_class_G3,前走のレース格が『G3』であることを表す0/1列,元のカテゴリ列 last1_race_class を学習期間と評価月を結合した後に pandas.get_dummies(dummy_na=True) でone-hot化。,当該レース条件または過去1のレース条件,N/A,Race Class / Strength,src/backtest.py:1182-1199,N/A,lastN_race_class_G3,0.0,0.0,,CODE_TRACED,2,one-hot
351,last1_race_class_LISTED,前走のレース格が『LISTED』であることを表す0/1列,元のカテゴリ列 last1_race_class を学習期間と評価月を結合した後に pandas.get_dummies(dummy_na=True) でone-hot化。,当該レース条件または過去1のレース条件,N/A,Race Class / Strength,src/backtest.py:1182-1199,N/A,lastN_race_class_LISTED,0.0,0.0,,CODE_TRACED,2,one-hot
352,last1_race_class_OPEN,前走のレース格が『OPEN』であることを表す0/1列,元のカテゴリ列 last1_race_class を学習期間と評価月を結合した後に pandas.get_dummies(dummy_na=True) でone-hot化。,当該レース条件または過去1のレース条件,N/A,Race Class / Strength,src/backtest.py:1182-1199,N/A,lastN_race_class_OPEN,0.0,0.0,,CODE_TRACED,2,one-hot
353,last1_race_class_UNKNOWN,前走のレース格が『UNKNOWN』であることを表す0/1列,元のカテゴリ列 last1_race_class を学習期間と評価月を結合した後に pandas.get_dummies(dummy_na=True) でone-hot化。,当該レース条件または過去1のレース条件,N/A,Race Class / Strength,src/backtest.py:1182-1199,N/A,lastN_race_class_UNKNOWN,0.0,0.0,,CODE_TRACED,2,one-hot
354,last1_race_class_nan,前走のレース格が『nan』であることを表す0/1列,元のカテゴリ列 last1_race_class を学習期間と評価月を結合した後に pandas.get_dummies(dummy_na=True) でone-hot化。,当該レース条件または過去1のレース条件,N/A,Race Class / Strength,src/backtest.py:1182-1199,N/A,lastN_race_class_nan,0.0,0.0,,CODE_TRACED,2,one-hot
355,last1_race_class_G1,前走のレース格が『G1』であることを表す0/1列,元のカテゴリ列 last1_race_class を学習期間と評価月を結合した後に pandas.get_dummies(dummy_na=True) でone-hot化。,当該レース条件または過去1のレース条件,N/A,Race Class / Strength,src/backtest.py:1182-1199,N/A,lastN_race_class_G1,0.0,0.0,,CODE_TRACED,2,one-hot
356,last1_race_class_G2,前走のレース格が『G2』であることを表す0/1列,元のカテゴリ列 last1_race_class を学習期間と評価月を結合した後に pandas.get_dummies(dummy_na=True) でone-hot化。,当該レース条件または過去1のレース条件,N/A,Race Class / Strength,src/backtest.py:1182-1199,N/A,lastN_race_class_G2,0.0,0.0,,CODE_TRACED,2,one-hot
357,last1_race_class_G3,前走のレース格が『G3』であることを表す0/1列,元のカテゴリ列 last1_race_class を学習期間と評価月を結合した後に pandas.get_dummies(dummy_na=True) でone-hot化。,当該レース条件または過去1のレース条件,N/A,Race Class / Strength,src/backtest.py:1182-1199,N/A,lastN_race_class_G3,0.0,0.0,,CODE_TRACED,2,one-hot
358,last1_race_class_LISTED,前走のレース格が『LISTED』であることを表す0/1列,元のカテゴリ列 last1_race_class を学習期間と評価月を結合した後に pandas.get_dummies(dummy_na=True) でone-hot化。,当該レース条件または過去1のレース条件,N/A,Race Class / Strength,src/backtest.py:1182-1199,N/A,lastN_race_class_LISTED,0.0,0.0,,CODE_TRACED,2,one-hot
359,last1_race_class_OPEN,前走のレース格が『OPEN』であることを表す0/1列,元のカテゴリ列 last1_race_class を学習期間と評価月を結合した後に pandas.get_dummies(dummy_na=True) でone-hot化。,当該レース条件または過去1のレース条件,N/A,Race Class / Strength,src/backtest.py:1182-1199,N/A,lastN_race_class_OPEN,0.0,0.0,,CODE_TRACED,2,one-hot
360,last1_race_class_UNKNOWN,前走のレース格が『UNKNOWN』であることを表す0/1列,元のカテゴリ列 last1_race_class を学習期間と評価月を結合した後に pandas.get_dummies(dummy_na=True) でone-hot化。,当該レース条件または過去1のレース条件,N/A,Race Class / Strength,src/backtest.py:1182-1199,N/A,lastN_race_class_UNKNOWN,0.0,0.0,,CODE_TRACED,2,one-hot
361,last1_race_class_nan,前走のレース格が『nan』であることを表す0/1列,元のカテゴリ列 last1_race_class を学習期間と評価月を結合した後に pandas.get_dummies(dummy_na=True) でone-hot化。,当該レース条件または過去1のレース条件,N/A,Race Class / Strength,src/backtest.py:1182-1199,N/A,lastN_race_class_nan,0.0,0.0,,CODE_TRACED,2,one-hot
362,last2_race_class_G1,前々走のレース格が『G1』であることを表す0/1列,元のカテゴリ列 last2_race_class を学習期間と評価月を結合した後に pandas.get_dummies(dummy_na=True) でone-hot化。,当該レース条件または過去2のレース条件,N/A,Race Class / Strength,src/backtest.py:1182-1199,N/A,lastN_race_class_G1,0.0,0.0,,CODE_TRACED,2,one-hot
363,last2_race_class_G2,前々走のレース格が『G2』であることを表す0/1列,元のカテゴリ列 last2_race_class を学習期間と評価月を結合した後に pandas.get_dummies(dummy_na=True) でone-hot化。,当該レース条件または過去2のレース条件,N/A,Race Class / Strength,src/backtest.py:1182-1199,N/A,lastN_race_class_G2,0.0,0.0,,CODE_TRACED,2,one-hot
364,last2_race_class_G3,前々走のレース格が『G3』であることを表す0/1列,元のカテゴリ列 last2_race_class を学習期間と評価月を結合した後に pandas.get_dummies(dummy_na=True) でone-hot化。,当該レース条件または過去2のレース条件,N/A,Race Class / Strength,src/backtest.py:1182-1199,N/A,lastN_race_class_G3,0.0,0.0,,CODE_TRACED,2,one-hot
365,last2_race_class_LISTED,前々走のレース格が『LISTED』であることを表す0/1列,元のカテゴリ列 last2_race_class を学習期間と評価月を結合した後に pandas.get_dummies(dummy_na=True) でone-hot化。,当該レース条件または過去2のレース条件,N/A,Race Class / Strength,src/backtest.py:1182-1199,N/A,lastN_race_class_LISTED,0.0,0.0,,CODE_TRACED,2,one-hot
366,last2_race_class_OPEN,前々走のレース格が『OPEN』であることを表す0/1列,元のカテゴリ列 last2_race_class を学習期間と評価月を結合した後に pandas.get_dummies(dummy_na=True) でone-hot化。,当該レース条件または過去2のレース条件,N/A,Race Class / Strength,src/backtest.py:1182-1199,N/A,lastN_race_class_OPEN,0.0,0.0,,CODE_TRACED,2,one-hot
367,last2_race_class_UNKNOWN,前々走のレース格が『UNKNOWN』であることを表す0/1列,元のカテゴリ列 last2_race_class を学習期間と評価月を結合した後に pandas.get_dummies(dummy_na=True) でone-hot化。,当該レース条件または過去2のレース条件,N/A,Race Class / Strength,src/backtest.py:1182-1199,N/A,lastN_race_class_UNKNOWN,0.0,0.0,,CODE_TRACED,2,one-hot
368,last2_race_class_nan,前々走のレース格が『nan』であることを表す0/1列,元のカテゴリ列 last2_race_class を学習期間と評価月を結合した後に pandas.get_dummies(dummy_na=True) でone-hot化。,当該レース条件または過去2のレース条件,N/A,Race Class / Strength,src/backtest.py:1182-1199,N/A,lastN_race_class_nan,0.0,0.0,,CODE_TRACED,2,one-hot
369,last2_race_class_G1,前々走のレース格が『G1』であることを表す0/1列,元のカテゴリ列 last2_race_class を学習期間と評価月を結合した後に pandas.get_dummies(dummy_na=True) でone-hot化。,当該レース条件または過去2のレース条件,N/A,Race Class / Strength,src/backtest.py:1182-1199,N/A,lastN_race_class_G1,0.0,0.0,,CODE_TRACED,2,one-hot
370,last2_race_class_G2,前々走のレース格が『G2』であることを表す0/1列,元のカテゴリ列 last2_race_class を学習期間と評価月を結合した後に pandas.get_dummies(dummy_na=True) でone-hot化。,当該レース条件または過去2のレース条件,N/A,Race Class / Strength,src/backtest.py:1182-1199,N/A,lastN_race_class_G2,0.0,0.0,,CODE_TRACED,2,one-hot
371,last2_race_class_G3,前々走のレース格が『G3』であることを表す0/1列,元のカテゴリ列 last2_race_class を学習期間と評価月を結合した後に pandas.get_dummies(dummy_na=True) でone-hot化。,当該レース条件または過去2のレース条件,N/A,Race Class / Strength,src/backtest.py:1182-1199,N/A,lastN_race_class_G3,0.0,0.0,,CODE_TRACED,2,one-hot
372,last2_race_class_LISTED,前々走のレース格が『LISTED』であることを表す0/1列,元のカテゴリ列 last2_race_class を学習期間と評価月を結合した後に pandas.get_dummies(dummy_na=True) でone-hot化。,当該レース条件または過去2のレース条件,N/A,Race Class / Strength,src/backtest.py:1182-1199,N/A,lastN_race_class_LISTED,0.0,0.0,,CODE_TRACED,2,one-hot
373,last2_race_class_OPEN,前々走のレース格が『OPEN』であることを表す0/1列,元のカテゴリ列 last2_race_class を学習期間と評価月を結合した後に pandas.get_dummies(dummy_na=True) でone-hot化。,当該レース条件または過去2のレース条件,N/A,Race Class / Strength,src/backtest.py:1182-1199,N/A,lastN_race_class_OPEN,0.0,0.0,,CODE_TRACED,2,one-hot
374,last2_race_class_UNKNOWN,前々走のレース格が『UNKNOWN』であることを表す0/1列,元のカテゴリ列 last2_race_class を学習期間と評価月を結合した後に pandas.get_dummies(dummy_na=True) でone-hot化。,当該レース条件または過去2のレース条件,N/A,Race Class / Strength,src/backtest.py:1182-1199,N/A,lastN_race_class_UNKNOWN,0.0,0.0,,CODE_TRACED,2,one-hot
375,last2_race_class_nan,前々走のレース格が『nan』であることを表す0/1列,元のカテゴリ列 last2_race_class を学習期間と評価月を結合した後に pandas.get_dummies(dummy_na=True) でone-hot化。,当該レース条件または過去2のレース条件,N/A,Race Class / Strength,src/backtest.py:1182-1199,N/A,lastN_race_class_nan,0.0,0.0,,CODE_TRACED,2,one-hot
376,last3_race_class_G1,3走前のレース格が『G1』であることを表す0/1列,元のカテゴリ列 last3_race_class を学習期間と評価月を結合した後に pandas.get_dummies(dummy_na=True) でone-hot化。,当該レース条件または過去3のレース条件,N/A,Race Class / Strength,src/backtest.py:1182-1199,N/A,lastN_race_class_G1,0.0,0.0,,CODE_TRACED,2,one-hot
377,last3_race_class_G2,3走前のレース格が『G2』であることを表す0/1列,元のカテゴリ列 last3_race_class を学習期間と評価月を結合した後に pandas.get_dummies(dummy_na=True) でone-hot化。,当該レース条件または過去3のレース条件,N/A,Race Class / Strength,src/backtest.py:1182-1199,N/A,lastN_race_class_G2,0.0,0.0,,CODE_TRACED,2,one-hot
378,last3_race_class_G3,3走前のレース格が『G3』であることを表す0/1列,元のカテゴリ列 last3_race_class を学習期間と評価月を結合した後に pandas.get_dummies(dummy_na=True) でone-hot化。,当該レース条件または過去3のレース条件,N/A,Race Class / Strength,src/backtest.py:1182-1199,N/A,lastN_race_class_G3,0.0,0.0,,CODE_TRACED,2,one-hot
379,last3_race_class_LISTED,3走前のレース格が『LISTED』であることを表す0/1列,元のカテゴリ列 last3_race_class を学習期間と評価月を結合した後に pandas.get_dummies(dummy_na=True) でone-hot化。,当該レース条件または過去3のレース条件,N/A,Race Class / Strength,src/backtest.py:1182-1199,N/A,lastN_race_class_LISTED,0.0,0.0,,CODE_TRACED,2,one-hot
380,last3_race_class_OPEN,3走前のレース格が『OPEN』であることを表す0/1列,元のカテゴリ列 last3_race_class を学習期間と評価月を結合した後に pandas.get_dummies(dummy_na=True) でone-hot化。,当該レース条件または過去3のレース条件,N/A,Race Class / Strength,src/backtest.py:1182-1199,N/A,lastN_race_class_OPEN,0.0,0.0,,CODE_TRACED,2,one-hot
381,last3_race_class_UNKNOWN,3走前のレース格が『UNKNOWN』であることを表す0/1列,元のカテゴリ列 last3_race_class を学習期間と評価月を結合した後に pandas.get_dummies(dummy_na=True) でone-hot化。,当該レース条件または過去3のレース条件,N/A,Race Class / Strength,src/backtest.py:1182-1199,N/A,lastN_race_class_UNKNOWN,0.0,0.0,,CODE_TRACED,2,one-hot
382,last3_race_class_nan,3走前のレース格が『nan』であることを表す0/1列,元のカテゴリ列 last3_race_class を学習期間と評価月を結合した後に pandas.get_dummies(dummy_na=True) でone-hot化。,当該レース条件または過去3のレース条件,N/A,Race Class / Strength,src/backtest.py:1182-1199,N/A,lastN_race_class_nan,0.0,0.0,,CODE_TRACED,2,one-hot
383,last3_race_class_G1,3走前のレース格が『G1』であることを表す0/1列,元のカテゴリ列 last3_race_class を学習期間と評価月を結合した後に pandas.get_dummies(dummy_na=True) でone-hot化。,当該レース条件または過去3のレース条件,N/A,Race Class / Strength,src/backtest.py:1182-1199,N/A,lastN_race_class_G1,0.0,0.0,,CODE_TRACED,2,one-hot
384,last3_race_class_G2,3走前のレース格が『G2』であることを表す0/1列,元のカテゴリ列 last3_race_class を学習期間と評価月を結合した後に pandas.get_dummies(dummy_na=True) でone-hot化。,当該レース条件または過去3のレース条件,N/A,Race Class / Strength,src/backtest.py:1182-1199,N/A,lastN_race_class_G2,0.0,0.0,,CODE_TRACED,2,one-hot
385,last3_race_class_G3,3走前のレース格が『G3』であることを表す0/1列,元のカテゴリ列 last3_race_class を学習期間と評価月を結合した後に pandas.get_dummies(dummy_na=True) でone-hot化。,当該レース条件または過去3のレース条件,N/A,Race Class / Strength,src/backtest.py:1182-1199,N/A,lastN_race_class_G3,0.0,0.0,,CODE_TRACED,2,one-hot
386,last3_race_class_LISTED,3走前のレース格が『LISTED』であることを表す0/1列,元のカテゴリ列 last3_race_class を学習期間と評価月を結合した後に pandas.get_dummies(dummy_na=True) でone-hot化。,当該レース条件または過去3のレース条件,N/A,Race Class / Strength,src/backtest.py:1182-1199,N/A,lastN_race_class_LISTED,0.0,0.0,,CODE_TRACED,2,one-hot
387,last3_race_class_OPEN,3走前のレース格が『OPEN』であることを表す0/1列,元のカテゴリ列 last3_race_class を学習期間と評価月を結合した後に pandas.get_dummies(dummy_na=True) でone-hot化。,当該レース条件または過去3のレース条件,N/A,Race Class / Strength,src/backtest.py:1182-1199,N/A,lastN_race_class_OPEN,0.0,0.0,,CODE_TRACED,2,one-hot
388,last3_race_class_UNKNOWN,3走前のレース格が『UNKNOWN』であることを表す0/1列,元のカテゴリ列 last3_race_class を学習期間と評価月を結合した後に pandas.get_dummies(dummy_na=True) でone-hot化。,当該レース条件または過去3のレース条件,N/A,Race Class / Strength,src/backtest.py:1182-1199,N/A,lastN_race_class_UNKNOWN,0.0,0.0,,CODE_TRACED,2,one-hot
389,last3_race_class_nan,3走前のレース格が『nan』であることを表す0/1列,元のカテゴリ列 last3_race_class を学習期間と評価月を結合した後に pandas.get_dummies(dummy_na=True) でone-hot化。,当該レース条件または過去3のレース条件,N/A,Race Class / Strength,src/backtest.py:1182-1199,N/A,lastN_race_class_nan,0.0,0.0,,CODE_TRACED,2,one-hot
390,race_sex_condition_FEMALE_ONLY,当該レースの性別条件が『FEMALE_ONLY』であることを表す0/1列,元のカテゴリ列 race_sex_condition を学習期間と評価月を結合した後に pandas.get_dummies(dummy_na=True) でone-hot化。,当該レース条件または過去のレース条件,N/A,Race Composition,src/backtest.py:1182-1199,N/A,race_sex_condition_FEMALE_ONLY,0.0,0.0,,CODE_TRACED,2,one-hot
391,race_sex_condition_OPEN_SEX,当該レースの性別条件が『OPEN_SEX』であることを表す0/1列,元のカテゴリ列 race_sex_condition を学習期間と評価月を結合した後に pandas.get_dummies(dummy_na=True) でone-hot化。,当該レース条件または過去のレース条件,N/A,Race Composition,src/backtest.py:1182-1199,N/A,race_sex_condition_OPEN_SEX,0.0,0.0,,CODE_TRACED,2,one-hot
392,race_sex_condition_nan,当該レースの性別条件が『nan』であることを表す0/1列,元のカテゴリ列 race_sex_condition を学習期間と評価月を結合した後に pandas.get_dummies(dummy_na=True) でone-hot化。,当該レース条件または過去のレース条件,N/A,Race Composition,src/backtest.py:1182-1199,N/A,race_sex_condition_nan,0.0,0.0,,CODE_TRACED,2,one-hot
393,race_sex_condition_FEMALE_ONLY,当該レースの性別条件が『FEMALE_ONLY』であることを表す0/1列,元のカテゴリ列 race_sex_condition を学習期間と評価月を結合した後に pandas.get_dummies(dummy_na=True) でone-hot化。,当該レース条件または過去のレース条件,N/A,Race Composition,src/backtest.py:1182-1199,N/A,race_sex_condition_FEMALE_ONLY,0.0,0.0,,CODE_TRACED,2,one-hot
394,race_sex_condition_OPEN_SEX,当該レースの性別条件が『OPEN_SEX』であることを表す0/1列,元のカテゴリ列 race_sex_condition を学習期間と評価月を結合した後に pandas.get_dummies(dummy_na=True) でone-hot化。,当該レース条件または過去のレース条件,N/A,Race Composition,src/backtest.py:1182-1199,N/A,race_sex_condition_OPEN_SEX,0.0,0.0,,CODE_TRACED,2,one-hot
395,race_sex_condition_nan,当該レースの性別条件が『nan』であることを表す0/1列,元のカテゴリ列 race_sex_condition を学習期間と評価月を結合した後に pandas.get_dummies(dummy_na=True) でone-hot化。,当該レース条件または過去のレース条件,N/A,Race Composition,src/backtest.py:1182-1199,N/A,race_sex_condition_nan,0.0,0.0,,CODE_TRACED,2,one-hot
396,race_age_condition_TWO_YEAR_OLD_ONLY,当該レースの年齢条件が『TWO_YEAR_OLD_ONLY』であることを表す0/1列,元のカテゴリ列 race_age_condition を学習期間と評価月を結合した後に pandas.get_dummies(dummy_na=True) でone-hot化。,当該レース条件または過去のレース条件,N/A,Race Composition,src/backtest.py:1182-1199,N/A,race_age_condition_TWO_YEAR_OLD_ONLY,0.0,0.0,,CODE_TRACED,2,one-hot
397,race_age_condition_UNKNOWN,当該レースの年齢条件が『UNKNOWN』であることを表す0/1列,元のカテゴリ列 race_age_condition を学習期間と評価月を結合した後に pandas.get_dummies(dummy_na=True) でone-hot化。,当該レース条件または過去のレース条件,N/A,Race Composition,src/backtest.py:1182-1199,N/A,race_age_condition_UNKNOWN,0.0,0.0,,CODE_TRACED,2,one-hot
398,race_age_condition_nan,当該レースの年齢条件が『nan』であることを表す0/1列,元のカテゴリ列 race_age_condition を学習期間と評価月を結合した後に pandas.get_dummies(dummy_na=True) でone-hot化。,当該レース条件または過去のレース条件,N/A,Race Composition,src/backtest.py:1182-1199,N/A,race_age_condition_nan,0.0,0.0,,CODE_TRACED,2,one-hot
399,race_age_condition_TWO_YEAR_OLD_ONLY,当該レースの年齢条件が『TWO_YEAR_OLD_ONLY』であることを表す0/1列,元のカテゴリ列 race_age_condition を学習期間と評価月を結合した後に pandas.get_dummies(dummy_na=True) でone-hot化。,当該レース条件または過去のレース条件,N/A,Race Composition,src/backtest.py:1182-1199,N/A,race_age_condition_TWO_YEAR_OLD_ONLY,0.0,0.0,,CODE_TRACED,2,one-hot
400,race_age_condition_UNKNOWN,当該レースの年齢条件が『UNKNOWN』であることを表す0/1列,元のカテゴリ列 race_age_condition を学習期間と評価月を結合した後に pandas.get_dummies(dummy_na=True) でone-hot化。,当該レース条件または過去のレース条件,N/A,Race Composition,src/backtest.py:1182-1199,N/A,race_age_condition_UNKNOWN,0.0,0.0,,CODE_TRACED,2,one-hot
401,race_age_condition_nan,当該レースの年齢条件が『nan』であることを表す0/1列,元のカテゴリ列 race_age_condition を学習期間と評価月を結合した後に pandas.get_dummies(dummy_na=True) でone-hot化。,当該レース条件または過去のレース条件,N/A,Race Composition,src/backtest.py:1182-1199,N/A,race_age_condition_nan,0.0,0.0,,CODE_TRACED,2,one-hot
402,last1_sex_condition_FEMALE_ONLY,前走の性別条件が『FEMALE_ONLY』であることを表す0/1列,元のカテゴリ列 last1_sex_condition を学習期間と評価月を結合した後に pandas.get_dummies(dummy_na=True) でone-hot化。,当該レース条件または過去1のレース条件,N/A,Race Composition,src/backtest.py:1182-1199,N/A,lastN_sex_condition_FEMALE_ONLY,0.0,0.0,,CODE_TRACED,2,one-hot
403,last1_sex_condition_OPEN_SEX,前走の性別条件が『OPEN_SEX』であることを表す0/1列,元のカテゴリ列 last1_sex_condition を学習期間と評価月を結合した後に pandas.get_dummies(dummy_na=True) でone-hot化。,当該レース条件または過去1のレース条件,N/A,Race Composition,src/backtest.py:1182-1199,N/A,lastN_sex_condition_OPEN_SEX,0.0,0.0,,CODE_TRACED,2,one-hot
404,last1_sex_condition_UNKNOWN,前走の性別条件が『UNKNOWN』であることを表す0/1列,元のカテゴリ列 last1_sex_condition を学習期間と評価月を結合した後に pandas.get_dummies(dummy_na=True) でone-hot化。,当該レース条件または過去1のレース条件,N/A,Race Composition,src/backtest.py:1182-1199,N/A,lastN_sex_condition_UNKNOWN,0.0,0.0,,CODE_TRACED,2,one-hot
405,last1_sex_condition_nan,前走の性別条件が『nan』であることを表す0/1列,元のカテゴリ列 last1_sex_condition を学習期間と評価月を結合した後に pandas.get_dummies(dummy_na=True) でone-hot化。,当該レース条件または過去1のレース条件,N/A,Race Composition,src/backtest.py:1182-1199,N/A,lastN_sex_condition_nan,0.0,0.0,,CODE_TRACED,2,one-hot
406,last1_sex_condition_FEMALE_ONLY,前走の性別条件が『FEMALE_ONLY』であることを表す0/1列,元のカテゴリ列 last1_sex_condition を学習期間と評価月を結合した後に pandas.get_dummies(dummy_na=True) でone-hot化。,当該レース条件または過去1のレース条件,N/A,Race Composition,src/backtest.py:1182-1199,N/A,lastN_sex_condition_FEMALE_ONLY,0.0,0.0,,CODE_TRACED,2,one-hot
407,last1_sex_condition_OPEN_SEX,前走の性別条件が『OPEN_SEX』であることを表す0/1列,元のカテゴリ列 last1_sex_condition を学習期間と評価月を結合した後に pandas.get_dummies(dummy_na=True) でone-hot化。,当該レース条件または過去1のレース条件,N/A,Race Composition,src/backtest.py:1182-1199,N/A,lastN_sex_condition_OPEN_SEX,0.0,0.0,,CODE_TRACED,2,one-hot
408,last1_sex_condition_UNKNOWN,前走の性別条件が『UNKNOWN』であることを表す0/1列,元のカテゴリ列 last1_sex_condition を学習期間と評価月を結合した後に pandas.get_dummies(dummy_na=True) でone-hot化。,当該レース条件または過去1のレース条件,N/A,Race Composition,src/backtest.py:1182-1199,N/A,lastN_sex_condition_UNKNOWN,0.0,0.0,,CODE_TRACED,2,one-hot
409,last1_sex_condition_nan,前走の性別条件が『nan』であることを表す0/1列,元のカテゴリ列 last1_sex_condition を学習期間と評価月を結合した後に pandas.get_dummies(dummy_na=True) でone-hot化。,当該レース条件または過去1のレース条件,N/A,Race Composition,src/backtest.py:1182-1199,N/A,lastN_sex_condition_nan,0.0,0.0,,CODE_TRACED,2,one-hot
410,last2_sex_condition_FEMALE_ONLY,前々走の性別条件が『FEMALE_ONLY』であることを表す0/1列,元のカテゴリ列 last2_sex_condition を学習期間と評価月を結合した後に pandas.get_dummies(dummy_na=True) でone-hot化。,当該レース条件または過去2のレース条件,N/A,Race Composition,src/backtest.py:1182-1199,N/A,lastN_sex_condition_FEMALE_ONLY,0.0,0.0,,CODE_TRACED,2,one-hot
411,last2_sex_condition_OPEN_SEX,前々走の性別条件が『OPEN_SEX』であることを表す0/1列,元のカテゴリ列 last2_sex_condition を学習期間と評価月を結合した後に pandas.get_dummies(dummy_na=True) でone-hot化。,当該レース条件または過去2のレース条件,N/A,Race Composition,src/backtest.py:1182-1199,N/A,lastN_sex_condition_OPEN_SEX,0.0,0.0,,CODE_TRACED,2,one-hot
412,last2_sex_condition_UNKNOWN,前々走の性別条件が『UNKNOWN』であることを表す0/1列,元のカテゴリ列 last2_sex_condition を学習期間と評価月を結合した後に pandas.get_dummies(dummy_na=True) でone-hot化。,当該レース条件または過去2のレース条件,N/A,Race Composition,src/backtest.py:1182-1199,N/A,lastN_sex_condition_UNKNOWN,0.0,0.0,,CODE_TRACED,2,one-hot
413,last2_sex_condition_nan,前々走の性別条件が『nan』であることを表す0/1列,元のカテゴリ列 last2_sex_condition を学習期間と評価月を結合した後に pandas.get_dummies(dummy_na=True) でone-hot化。,当該レース条件または過去2のレース条件,N/A,Race Composition,src/backtest.py:1182-1199,N/A,lastN_sex_condition_nan,0.0,0.0,,CODE_TRACED,2,one-hot
414,last2_sex_condition_FEMALE_ONLY,前々走の性別条件が『FEMALE_ONLY』であることを表す0/1列,元のカテゴリ列 last2_sex_condition を学習期間と評価月を結合した後に pandas.get_dummies(dummy_na=True) でone-hot化。,当該レース条件または過去2のレース条件,N/A,Race Composition,src/backtest.py:1182-1199,N/A,lastN_sex_condition_FEMALE_ONLY,0.0,0.0,,CODE_TRACED,2,one-hot
415,last2_sex_condition_OPEN_SEX,前々走の性別条件が『OPEN_SEX』であることを表す0/1列,元のカテゴリ列 last2_sex_condition を学習期間と評価月を結合した後に pandas.get_dummies(dummy_na=True) でone-hot化。,当該レース条件または過去2のレース条件,N/A,Race Composition,src/backtest.py:1182-1199,N/A,lastN_sex_condition_OPEN_SEX,0.0,0.0,,CODE_TRACED,2,one-hot
416,last2_sex_condition_UNKNOWN,前々走の性別条件が『UNKNOWN』であることを表す0/1列,元のカテゴリ列 last2_sex_condition を学習期間と評価月を結合した後に pandas.get_dummies(dummy_na=True) でone-hot化。,当該レース条件または過去2のレース条件,N/A,Race Composition,src/backtest.py:1182-1199,N/A,lastN_sex_condition_UNKNOWN,0.0,0.0,,CODE_TRACED,2,one-hot
417,last2_sex_condition_nan,前々走の性別条件が『nan』であることを表す0/1列,元のカテゴリ列 last2_sex_condition を学習期間と評価月を結合した後に pandas.get_dummies(dummy_na=True) でone-hot化。,当該レース条件または過去2のレース条件,N/A,Race Composition,src/backtest.py:1182-1199,N/A,lastN_sex_condition_nan,0.0,0.0,,CODE_TRACED,2,one-hot
418,last3_sex_condition_FEMALE_ONLY,3走前の性別条件が『FEMALE_ONLY』であることを表す0/1列,元のカテゴリ列 last3_sex_condition を学習期間と評価月を結合した後に pandas.get_dummies(dummy_na=True) でone-hot化。,当該レース条件または過去3のレース条件,N/A,Race Composition,src/backtest.py:1182-1199,N/A,lastN_sex_condition_FEMALE_ONLY,0.0,0.0,,CODE_TRACED,2,one-hot
419,last3_sex_condition_OPEN_SEX,3走前の性別条件が『OPEN_SEX』であることを表す0/1列,元のカテゴリ列 last3_sex_condition を学習期間と評価月を結合した後に pandas.get_dummies(dummy_na=True) でone-hot化。,当該レース条件または過去3のレース条件,N/A,Race Composition,src/backtest.py:1182-1199,N/A,lastN_sex_condition_OPEN_SEX,0.0,0.0,,CODE_TRACED,2,one-hot
420,last3_sex_condition_UNKNOWN,3走前の性別条件が『UNKNOWN』であることを表す0/1列,元のカテゴリ列 last3_sex_condition を学習期間と評価月を結合した後に pandas.get_dummies(dummy_na=True) でone-hot化。,当該レース条件または過去3のレース条件,N/A,Race Composition,src/backtest.py:1182-1199,N/A,lastN_sex_condition_UNKNOWN,0.0,0.0,,CODE_TRACED,2,one-hot
421,last3_sex_condition_nan,3走前の性別条件が『nan』であることを表す0/1列,元のカテゴリ列 last3_sex_condition を学習期間と評価月を結合した後に pandas.get_dummies(dummy_na=True) でone-hot化。,当該レース条件または過去3のレース条件,N/A,Race Composition,src/backtest.py:1182-1199,N/A,lastN_sex_condition_nan,0.0,0.0,,CODE_TRACED,2,one-hot
422,last3_sex_condition_FEMALE_ONLY,3走前の性別条件が『FEMALE_ONLY』であることを表す0/1列,元のカテゴリ列 last3_sex_condition を学習期間と評価月を結合した後に pandas.get_dummies(dummy_na=True) でone-hot化。,当該レース条件または過去3のレース条件,N/A,Race Composition,src/backtest.py:1182-1199,N/A,lastN_sex_condition_FEMALE_ONLY,0.0,0.0,,CODE_TRACED,2,one-hot
423,last3_sex_condition_OPEN_SEX,3走前の性別条件が『OPEN_SEX』であることを表す0/1列,元のカテゴリ列 last3_sex_condition を学習期間と評価月を結合した後に pandas.get_dummies(dummy_na=True) でone-hot化。,当該レース条件または過去3のレース条件,N/A,Race Composition,src/backtest.py:1182-1199,N/A,lastN_sex_condition_OPEN_SEX,0.0,0.0,,CODE_TRACED,2,one-hot
424,last3_sex_condition_UNKNOWN,3走前の性別条件が『UNKNOWN』であることを表す0/1列,元のカテゴリ列 last3_sex_condition を学習期間と評価月を結合した後に pandas.get_dummies(dummy_na=True) でone-hot化。,当該レース条件または過去3のレース条件,N/A,Race Composition,src/backtest.py:1182-1199,N/A,lastN_sex_condition_UNKNOWN,0.0,0.0,,CODE_TRACED,2,one-hot
425,last3_sex_condition_nan,3走前の性別条件が『nan』であることを表す0/1列,元のカテゴリ列 last3_sex_condition を学習期間と評価月を結合した後に pandas.get_dummies(dummy_na=True) でone-hot化。,当該レース条件または過去3のレース条件,N/A,Race Composition,src/backtest.py:1182-1199,N/A,lastN_sex_condition_nan,0.0,0.0,,CODE_TRACED,2,one-hot
426,last1_age_condition_TWO_YEAR_OLD_ONLY,前走の年齢条件が『TWO_YEAR_OLD_ONLY』であることを表す0/1列,元のカテゴリ列 last1_age_condition を学習期間と評価月を結合した後に pandas.get_dummies(dummy_na=True) でone-hot化。,当該レース条件または過去1のレース条件,N/A,Race Composition,src/backtest.py:1182-1199,N/A,lastN_age_condition_TWO_YEAR_OLD_ONLY,0.0,0.0,,CODE_TRACED,2,one-hot
427,last1_age_condition_UNKNOWN,前走の年齢条件が『UNKNOWN』であることを表す0/1列,元のカテゴリ列 last1_age_condition を学習期間と評価月を結合した後に pandas.get_dummies(dummy_na=True) でone-hot化。,当該レース条件または過去1のレース条件,N/A,Race Composition,src/backtest.py:1182-1199,N/A,lastN_age_condition_UNKNOWN,0.0,0.0,,CODE_TRACED,2,one-hot
428,last1_age_condition_nan,前走の年齢条件が『nan』であることを表す0/1列,元のカテゴリ列 last1_age_condition を学習期間と評価月を結合した後に pandas.get_dummies(dummy_na=True) でone-hot化。,当該レース条件または過去1のレース条件,N/A,Race Composition,src/backtest.py:1182-1199,N/A,lastN_age_condition_nan,0.0,0.0,,CODE_TRACED,2,one-hot
429,last1_age_condition_TWO_YEAR_OLD_ONLY,前走の年齢条件が『TWO_YEAR_OLD_ONLY』であることを表す0/1列,元のカテゴリ列 last1_age_condition を学習期間と評価月を結合した後に pandas.get_dummies(dummy_na=True) でone-hot化。,当該レース条件または過去1のレース条件,N/A,Race Composition,src/backtest.py:1182-1199,N/A,lastN_age_condition_TWO_YEAR_OLD_ONLY,0.0,0.0,,CODE_TRACED,2,one-hot
430,last1_age_condition_UNKNOWN,前走の年齢条件が『UNKNOWN』であることを表す0/1列,元のカテゴリ列 last1_age_condition を学習期間と評価月を結合した後に pandas.get_dummies(dummy_na=True) でone-hot化。,当該レース条件または過去1のレース条件,N/A,Race Composition,src/backtest.py:1182-1199,N/A,lastN_age_condition_UNKNOWN,0.0,0.0,,CODE_TRACED,2,one-hot
431,last1_age_condition_nan,前走の年齢条件が『nan』であることを表す0/1列,元のカテゴリ列 last1_age_condition を学習期間と評価月を結合した後に pandas.get_dummies(dummy_na=True) でone-hot化。,当該レース条件または過去1のレース条件,N/A,Race Composition,src/backtest.py:1182-1199,N/A,lastN_age_condition_nan,0.0,0.0,,CODE_TRACED,2,one-hot
432,last2_age_condition_TWO_YEAR_OLD_ONLY,前々走の年齢条件が『TWO_YEAR_OLD_ONLY』であることを表す0/1列,元のカテゴリ列 last2_age_condition を学習期間と評価月を結合した後に pandas.get_dummies(dummy_na=True) でone-hot化。,当該レース条件または過去2のレース条件,N/A,Race Composition,src/backtest.py:1182-1199,N/A,lastN_age_condition_TWO_YEAR_OLD_ONLY,0.0,0.0,,CODE_TRACED,2,one-hot
433,last2_age_condition_UNKNOWN,前々走の年齢条件が『UNKNOWN』であることを表す0/1列,元のカテゴリ列 last2_age_condition を学習期間と評価月を結合した後に pandas.get_dummies(dummy_na=True) でone-hot化。,当該レース条件または過去2のレース条件,N/A,Race Composition,src/backtest.py:1182-1199,N/A,lastN_age_condition_UNKNOWN,0.0,0.0,,CODE_TRACED,2,one-hot
434,last2_age_condition_nan,前々走の年齢条件が『nan』であることを表す0/1列,元のカテゴリ列 last2_age_condition を学習期間と評価月を結合した後に pandas.get_dummies(dummy_na=True) でone-hot化。,当該レース条件または過去2のレース条件,N/A,Race Composition,src/backtest.py:1182-1199,N/A,lastN_age_condition_nan,0.0,0.0,,CODE_TRACED,2,one-hot
435,last2_age_condition_TWO_YEAR_OLD_ONLY,前々走の年齢条件が『TWO_YEAR_OLD_ONLY』であることを表す0/1列,元のカテゴリ列 last2_age_condition を学習期間と評価月を結合した後に pandas.get_dummies(dummy_na=True) でone-hot化。,当該レース条件または過去2のレース条件,N/A,Race Composition,src/backtest.py:1182-1199,N/A,lastN_age_condition_TWO_YEAR_OLD_ONLY,0.0,0.0,,CODE_TRACED,2,one-hot
436,last2_age_condition_UNKNOWN,前々走の年齢条件が『UNKNOWN』であることを表す0/1列,元のカテゴリ列 last2_age_condition を学習期間と評価月を結合した後に pandas.get_dummies(dummy_na=True) でone-hot化。,当該レース条件または過去2のレース条件,N/A,Race Composition,src/backtest.py:1182-1199,N/A,lastN_age_condition_UNKNOWN,0.0,0.0,,CODE_TRACED,2,one-hot
437,last2_age_condition_nan,前々走の年齢条件が『nan』であることを表す0/1列,元のカテゴリ列 last2_age_condition を学習期間と評価月を結合した後に pandas.get_dummies(dummy_na=True) でone-hot化。,当該レース条件または過去2のレース条件,N/A,Race Composition,src/backtest.py:1182-1199,N/A,lastN_age_condition_nan,0.0,0.0,,CODE_TRACED,2,one-hot
438,last3_age_condition_TWO_YEAR_OLD_ONLY,3走前の年齢条件が『TWO_YEAR_OLD_ONLY』であることを表す0/1列,元のカテゴリ列 last3_age_condition を学習期間と評価月を結合した後に pandas.get_dummies(dummy_na=True) でone-hot化。,当該レース条件または過去3のレース条件,N/A,Race Composition,src/backtest.py:1182-1199,N/A,lastN_age_condition_TWO_YEAR_OLD_ONLY,0.0,0.0,,CODE_TRACED,2,one-hot
439,last3_age_condition_UNKNOWN,3走前の年齢条件が『UNKNOWN』であることを表す0/1列,元のカテゴリ列 last3_age_condition を学習期間と評価月を結合した後に pandas.get_dummies(dummy_na=True) でone-hot化。,当該レース条件または過去3のレース条件,N/A,Race Composition,src/backtest.py:1182-1199,N/A,lastN_age_condition_UNKNOWN,0.0,0.0,,CODE_TRACED,2,one-hot
440,last3_age_condition_nan,3走前の年齢条件が『nan』であることを表す0/1列,元のカテゴリ列 last3_age_condition を学習期間と評価月を結合した後に pandas.get_dummies(dummy_na=True) でone-hot化。,当該レース条件または過去3のレース条件,N/A,Race Composition,src/backtest.py:1182-1199,N/A,lastN_age_condition_nan,0.0,0.0,,CODE_TRACED,2,one-hot
441,last3_age_condition_TWO_YEAR_OLD_ONLY,3走前の年齢条件が『TWO_YEAR_OLD_ONLY』であることを表す0/1列,元のカテゴリ列 last3_age_condition を学習期間と評価月を結合した後に pandas.get_dummies(dummy_na=True) でone-hot化。,当該レース条件または過去3のレース条件,N/A,Race Composition,src/backtest.py:1182-1199,N/A,lastN_age_condition_TWO_YEAR_OLD_ONLY,0.0,0.0,,CODE_TRACED,2,one-hot
442,last3_age_condition_UNKNOWN,3走前の年齢条件が『UNKNOWN』であることを表す0/1列,元のカテゴリ列 last3_age_condition を学習期間と評価月を結合した後に pandas.get_dummies(dummy_na=True) でone-hot化。,当該レース条件または過去3のレース条件,N/A,Race Composition,src/backtest.py:1182-1199,N/A,lastN_age_condition_UNKNOWN,0.0,0.0,,CODE_TRACED,2,one-hot
443,last3_age_condition_nan,3走前の年齢条件が『nan』であることを表す0/1列,元のカテゴリ列 last3_age_condition を学習期間と評価月を結合した後に pandas.get_dummies(dummy_na=True) でone-hot化。,当該レース条件または過去3のレース条件,N/A,Race Composition,src/backtest.py:1182-1199,N/A,lastN_age_condition_nan,0.0,0.0,,CODE_TRACED,2,one-hot
