horse_id,horse_name,races,first_date,last_date,bets,wins_when_bet,total_staked,total_return,avg_pred_prob,avg_odds,avg_popularity,mean_prediction_rank,last_race_id,last_actual_rank,roi
2023103899.0,カフジエメンタール,1,2026-08-30,2026-08-30,1,1,100.0,620.0,0.2267132625037728,62.0,3.0,1.0,2026-0830-07-03-04-08,1.0,5.2
2022104317.0,ミサビスケッツ,1,2026-08-22,2026-08-22,1,1,100.0,470.0,0.2338048503854237,47.0,2.0,1.0,2026-0822-01-02-01-07,1.0,3.7
2021103486.0,ホウオウシェリー,1,2026-08-23,2026-08-23,1,1,100.0,420.0,0.238487660459033,42.0,2.0,1.0,2026-0823-04-03-02-08,1.0,3.2
2024107032.0,ブルージェイ,1,2026-08-22,2026-08-22,1,1,100.0,400.0,0.191652134907224,40.0,2.0,1.0,2026-0822-01-02-01-09,1.0,3.0
2023103471.0,プレイザリード,1,2026-08-29,2026-08-29,1,1,100.0,320.0,0.1719520171851419,32.0,1.0,1.0,2026-0829-04-03-03-09,1.0,2.2
2023103451.0,ロングミックス,1,2026-08-22,2026-08-22,1,1,100.0,300.0,0.3418574115064173,30.0,1.0,1.0,2026-0822-01-02-01-12,1.0,2.0
2023104690.0,ネッタイヤライ,1,2026-08-30,2026-08-30,1,1,100.0,290.0,0.321816047065629,29.0,1.0,1.0,2026-0830-01-02-04-08,1.0,1.9
2024106687.0,レッチュベルク,1,2026-08-23,2026-08-23,1,1,100.0,280.0,0.2407862711580202,28.0,1.0,1.0,2026-0823-04-03-02-07,1.0,1.7999999999999998
2022105184.0,ライネリーベ,1,2026-08-29,2026-08-29,1,1,100.0,270.0,0.2456168655289252,27.0,1.0,1.0,2026-0829-04-03-03-10,1.0,1.7000000000000002
2022100204.0,ピエマンソン,1,2026-08-22,2026-08-22,1,1,100.0,260.0,0.2657945346605803,26.0,1.0,1.0,2026-0822-07-03-01-07,1.0,1.6
2021105885.0,キャネル,1,2026-08-22,2026-08-22,1,1,100.0,260.0,0.5468323249200495,26.0,2.0,1.0,2026-0822-07-03-01-09,1.0,1.6
2023102919.0,サイモンゼスト,1,2026-08-22,2026-08-22,1,1,100.0,250.0,0.3337568528919675,25.0,1.0,1.0,2026-0822-07-03-01-08,1.0,1.5
2023105295.0,ダノンプレサージュ,1,2026-08-23,2026-08-23,1,1,100.0,240.0,0.2352407587262316,24.0,1.0,1.0,2026-0823-01-02-02-08,1.0,1.4
2023104487.0,アイドクレース,1,2026-08-29,2026-08-29,1,1,100.0,220.0,0.2952065423006092,22.0,1.0,1.0,2026-0829-01-02-03-09,1.0,1.2000000000000002
2023103013.0,ルーナディサングエ,1,2026-08-29,2026-08-29,1,1,100.0,210.0,0.4175506621544537,21.0,1.0,1.0,2026-0829-04-03-03-06,1.0,1.1
2023106494.0,ビービーアジャイル,1,2026-08-30,2026-08-30,1,1,100.0,190.0,0.2256155113216807,19.0,1.0,1.0,2026-0830-04-03-04-06,1.0,0.8999999999999999
2024107165.0,ジーティーマイカ,1,2026-08-30,2026-08-30,1,1,100.0,170.0,0.2095295100859744,17.0,1.0,1.0,2026-0830-07-03-04-07,1.0,0.7
2021106965.0,アルヴィア,1,2026-08-23,2026-08-23,1,1,100.0,160.0,0.3912365321804186,16.0,1.0,1.0,2026-0823-07-03-02-09,1.0,0.6000000000000001
2023102213.0,プルメリアリノ,1,2026-08-22,2026-08-22,1,1,100.0,140.0,0.4975571331113207,14.0,1.0,1.0,2026-0822-04-03-01-08,1.0,0.3999999999999999
2023100547.0,ビービークローサー,1,2026-08-30,2026-08-30,1,1,100.0,130.0,0.4031402416014583,13.0,1.0,1.0,2026-0830-07-03-04-06,1.0,0.30000000000000004
2023104398.0,アビヤント,1,2026-08-29,2026-08-29,0,0,0.0,0.0,0.161045228292508,52.0,3.0,2.0,2026-0829-04-03-03-06,7.0,
2023104430.0,リアンマヒナ,1,2026-08-29,2026-08-29,0,0,0.0,0.0,0.1122744801720921,51.0,3.0,4.0,2026-0829-07-03-03-11,2.0,
2023104413.0,ロイスター,1,2026-08-22,2026-08-22,0,0,0.0,0.0,0.071453303231053,61.0,3.0,4.0,2026-0822-07-03-01-06,12.0,
2023104384.0,ローゾフィア,1,2026-08-22,2026-08-22,0,0,0.0,0.0,0.0697980915972894,58.0,3.0,7.0,2026-0822-01-02-01-08,10.0,
2023104395.0,レッドホット,1,2026-08-22,2026-08-22,0,0,0.0,0.0,0.070339193849804,67.0,5.0,5.0,2026-0822-07-03-01-10,8.0,
2023104372.0,セレーノ,1,2026-08-29,2026-08-29,0,0,0.0,0.0,0.065496608256061,32.0,2.0,6.0,2026-0829-07-03-03-09,1.0,
2023104352.0,マヴィ,1,2026-08-22,2026-08-22,0,0,0.0,0.0,0.0544325655757903,199.0,6.0,6.0,2026-0822-07-03-01-06,11.0,
2023104339.0,ルファーダ,1,2026-08-22,2026-08-22,0,0,0.0,0.0,0.1190610767776552,66.0,4.0,3.0,2026-0822-07-03-01-10,4.0,
2023104324.0,タガノエルー,1,2026-08-29,2026-08-29,1,0,100.0,0.0,0.2579588794610781,49.0,2.0,1.0,2026-0829-01-02-03-12,2.0,-1.0
2023104313.0,タガノアラリア,1,2026-08-22,2026-08-22,1,0,100.0,0.0,0.1281889963247833,46.0,2.0,1.0,2026-0822-04-03-01-07,5.0,-1.0
2023104485.0,マイネルリーヒム,1,2026-08-29,2026-08-29,0,0,0.0,0.0,0.0997716552004654,73.0,4.0,6.0,2026-0829-04-03-03-09,9.0,
2023103566.0,エコロゼルダ,1,2026-08-29,2026-08-29,0,0,0.0,0.0,0.0121076532623557,742.0,8.0,8.0,2026-0829-01-02-03-08,10.0,
2023104576.0,カンティーナ,1,2026-08-30,2026-08-30,0,0,0.0,0.0,0.0851261528287758,144.0,6.0,6.0,2026-0830-04-03-04-11,13.0,
2023104603.0,チェイサー,1,2026-08-30,2026-08-30,1,0,100.0,0.0,0.2729780926984146,44.0,2.0,1.0,2026-0830-01-02-04-09,5.0,-1.0
2023104174.0,ホウオウルクソール,1,2026-08-23,2026-08-23,0,0,0.0,0.0,0.0597289249418188,40.0,2.0,6.0,2026-0823-04-03-02-09,4.0,
2023103528.0,ツルノマイハシ,1,2026-08-29,2026-08-29,0,0,0.0,0.0,0.1469918863287341,58.0,1.0,2.0,2026-0829-01-02-03-07,1.0,
2023103519.0,サウジバラード,1,2026-08-29,2026-08-29,0,0,0.0,0.0,0.0334678172871603,449.0,10.0,7.0,2026-0829-04-03-03-06,13.0,
2023104727.0,タマモチョコチップ,1,2026-08-22,2026-08-22,0,0,0.0,0.0,0.1662869992556937,51.0,3.0,2.0,2026-0822-04-03-01-09,1.0,
2023104766.0,ヴェールミューズ,1,2026-08-30,2026-08-30,0,0,0.0,0.0,0.0838005140890169,60.0,2.0,5.0,2026-0830-01-02-04-06,3.0,
2023104805.0,オプティモ,1,2026-08-23,2026-08-23,0,0,0.0,0.0,0.0447220868929479,94.0,4.0,6.0,2026-0823-07-03-02-08,5.0,
2023104848.0,ダンツシタン,1,2026-08-30,2026-08-30,0,0,0.0,0.0,0.0880526469566031,129.0,3.0,3.0,2026-0830-07-03-04-06,2.0,
2023104852.0,レディサン,1,2026-08-22,2026-08-22,0,0,0.0,0.0,0.0566649428400308,452.0,9.0,4.0,2026-0822-04-03-01-08,14.0,
2023104960.0,アスミル,1,2026-08-22,2026-08-22,0,0,0.0,0.0,0.1321950767618019,43.0,1.0,3.0,2026-0822-01-02-01-10,1.0,
2023105005.0,ブランドブラン,1,2026-08-29,2026-08-29,0,0,0.0,0.0,0.1087594426941232,56.0,3.0,3.0,2026-0829-01-02-03-09,8.0,
2023105021.0,メイショウテンク,1,2026-08-23,2026-08-23,0,0,0.0,0.0,0.0435350189499825,42.0,2.0,7.0,2026-0823-01-02-02-09,4.0,
2023103518.0,ディサイドオンミー,1,2026-08-29,2026-08-29,0,0,0.0,0.0,0.0039244395308544,4479.0,18.0,18.0,2026-0829-04-03-03-10,15.0,
2023104679.0,タイセイルビー,1,2026-08-30,2026-08-30,0,0,0.0,0.0,0.0239810383502837,90.0,5.0,8.0,2026-0830-01-02-04-06,7.0,
2023104060.0,ジャンヌドゥレーヴ,1,2026-08-29,2026-08-29,0,0,0.0,0.0,0.1370945475454473,55.0,2.0,3.0,2026-0829-07-03-03-10,1.0,
2023104150.0,カセノアステリア,1,2026-08-23,2026-08-23,0,0,0.0,0.0,0.0902792846379485,50.0,3.0,5.0,2026-0823-04-03-02-09,2.0,
2023104066.0,バケラッタ,1,2026-08-22,2026-08-22,0,0,0.0,0.0,0.0859135701612381,93.0,4.0,3.0,2026-0822-07-03-01-08,6.0,
2023103661.0,ロザーンジュ,1,2026-08-22,2026-08-22,0,0,0.0,0.0,0.0878539870781842,80.0,3.0,4.0,2026-0822-07-03-01-03,2.0,
2023103676.0,アグレイビューティ,1,2026-08-23,2026-08-23,0,0,0.0,0.0,0.0235651121693741,266.0,9.0,10.0,2026-0823-07-03-02-05,2.0,
2023103678.0,リアライズブラーヴ,1,2026-08-23,2026-08-23,0,0,0.0,0.0,0.0111551363290494,280.0,9.0,15.0,2026-0823-07-03-02-11,8.0,
2023103680.0,グロリアスマーチ,1,2026-08-29,2026-08-29,0,0,0.0,0.0,0.0321457758611107,75.0,4.0,11.0,2026-0829-01-02-03-07,8.0,
2023103696.0,マーゴットサンズ,1,2026-08-29,2026-08-29,0,0,0.0,0.0,0.071203319063698,110.0,3.0,5.0,2026-0829-01-02-03-12,5.0,
2023103702.0,リアアーテシアン,1,2026-08-23,2026-08-23,0,0,0.0,0.0,0.0138819938462872,227.0,8.0,13.0,2026-0823-04-03-02-11,16.0,
2023103718.0,アーガイルショア,1,2026-08-30,2026-08-30,0,0,0.0,0.0,0.0612407584851725,122.0,3.0,4.0,2026-0830-07-03-04-12,4.0,
2023103719.0,ペアレンツギフト,1,2026-08-23,2026-08-23,0,0,0.0,0.0,0.0219375997230297,117.0,5.0,9.0,2026-0823-07-03-02-11,13.0,
2023103733.0,ラプランセス,1,2026-08-29,2026-08-29,0,0,0.0,0.0,0.0488355950884371,60.0,2.0,9.0,2026-0829-01-02-03-07,4.0,
2023103746.0,メイワキラリ,1,2026-08-22,2026-08-22,0,0,0.0,0.0,0.0872504857661417,93.0,7.0,6.0,2026-0822-01-02-01-07,11.0,
2023103749.0,ルーリングクラス,1,2026-08-23,2026-08-23,0,0,0.0,0.0,0.0620847738826602,102.0,4.0,5.0,2026-0823-04-03-02-10,10.0,
2023103750.0,アチーヴァー,1,2026-08-29,2026-08-29,1,0,100.0,0.0,0.329601639216698,28.0,1.0,1.0,2026-0829-01-02-03-08,2.0,-1.0
2023103783.0,ヴォーカライズ,1,2026-08-29,2026-08-29,0,0,0.0,0.0,0.1496253235194508,28.0,2.0,3.0,2026-0829-07-03-03-11,1.0,
2023103823.0,ワンモメンタム,1,2026-08-23,2026-08-23,0,0,0.0,0.0,0.0114029043327742,662.0,12.0,13.0,2026-0823-04-03-02-09,13.0,
2023103873.0,サーロー,1,2026-08-29,2026-08-29,0,0,0.0,0.0,0.0497394371973903,139.0,6.0,8.0,2026-0829-04-03-03-10,13.0,
2023103885.0,ナックホワイト,1,2026-08-30,2026-08-30,0,0,0.0,0.0,0.0331708013644528,146.0,7.0,8.0,2026-0830-04-03-04-11,10.0,
2023103886.0,ダンデノン,1,2026-08-23,2026-08-23,1,0,100.0,0.0,0.2828406380942141,23.0,1.0,1.0,2026-0823-07-03-02-11,4.0,-1.0
2023103557.0,ラテラルパーム,1,2026-08-22,2026-08-22,0,0,0.0,0.0,0.1140670569916698,70.0,4.0,4.0,2026-0822-01-02-01-07,4.0,
2023103917.0,タイセイアストロ,1,2026-08-22,2026-08-22,1,0,100.0,0.0,0.2964846139801133,22.0,1.0,1.0,2026-0822-04-03-01-10,2.0,-1.0
2023103931.0,ゴーゴーパンチ,1,2026-08-30,2026-08-30,0,0,0.0,0.0,0.029397049034478,147.0,6.0,8.0,2026-0830-04-03-04-12,6.0,
2023103936.0,ハネマン,1,2026-08-30,2026-08-30,0,0,0.0,0.0,0.0113059996678917,2359.0,13.0,14.0,2026-0830-01-02-04-08,14.0,
2023103942.0,ソードスレイプニル,1,2026-08-29,2026-08-29,0,0,0.0,0.0,0.0247630120163787,97.0,3.0,10.0,2026-0829-04-03-03-10,5.0,
2023103958.0,アロンソア,1,2026-08-23,2026-08-23,0,0,0.0,0.0,0.14095109112712,105.0,5.0,2.0,2026-0823-07-03-02-06,12.0,
2023103962.0,オクトーバーナイン,1,2026-08-30,2026-08-30,0,0,0.0,0.0,0.133049114092519,54.0,2.0,4.0,2026-0830-04-03-04-06,13.0,
2023103980.0,ポペット,1,2026-08-22,2026-08-22,0,0,0.0,0.0,0.0985772563422656,59.0,2.0,2.0,2026-0822-04-03-01-10,1.0,
2023105024.0,ダノンステート,1,2026-08-30,2026-08-30,0,0,0.0,0.0,0.0320928154626856,198.0,6.0,6.0,2026-0830-07-03-04-12,1.0,
2023104015.0,ロジケープ,1,2026-08-23,2026-08-23,0,0,0.0,0.0,0.1127348322757293,63.0,2.0,3.0,2026-0823-01-02-02-11,6.0,
2023104050.0,ゼンノフォトン,1,2026-08-23,2026-08-23,0,0,0.0,0.0,0.1156310554447584,142.0,5.0,5.0,2026-0823-07-03-02-08,12.0,
2023103648.0,ファンクション,1,2026-08-30,2026-08-30,0,0,0.0,0.0,0.1867439202029495,34.0,2.0,2.0,2026-0830-01-02-04-08,3.0,
2023103996.0,オモイヲノセテ,1,2026-08-23,2026-08-23,0,0,0.0,0.0,0.0297986208935179,492.0,10.0,7.0,2026-0823-07-03-02-05,5.0,
2017101429.0,ウインカーネリアン,1,2026-08-23,2026-08-23,0,0,0.0,0.0,0.1340744960159559,98.0,3.0,2.0,2026-0823-01-02-02-11,3.0,
2023105027.0,タイニーワンダー,1,2026-08-29,2026-08-29,1,0,100.0,0.0,0.1996445501744263,24.0,1.0,1.0,2026-0829-07-03-03-10,2.0,-1.0
2023105032.0,メイショウコシュウ,1,2026-08-22,2026-08-22,0,0,0.0,0.0,0.0831797589715335,57.0,3.0,4.0,2026-0822-01-02-01-12,4.0,
2023106372.0,リラベガ,1,2026-08-29,2026-08-29,0,0,0.0,0.0,0.0815234586088621,169.0,8.0,4.0,2026-0829-04-03-03-10,2.0,
2023106325.0,ホットゥトロット,1,2026-08-29,2026-08-29,0,0,0.0,0.0,0.0277545040029338,499.0,11.0,9.0,2026-0829-04-03-03-10,6.0,
2023106323.0,ワイドグンサ,1,2026-08-29,2026-08-29,0,0,0.0,0.0,0.0919875276070949,82.0,4.0,5.0,2026-0829-07-03-03-10,5.0,
2023106321.0,アパレイユ,1,2026-08-23,2026-08-23,0,0,0.0,0.0,0.126813426454483,27.0,1.0,3.0,2026-0823-07-03-02-08,15.0,
2023106299.0,ダイユウルミナス,1,2026-08-29,2026-08-29,0,0,0.0,0.0,0.0207706327609633,1548.0,14.0,12.0,2026-0829-04-03-03-10,4.0,
2023106217.0,ミルボナー,1,2026-08-22,2026-08-22,0,0,0.0,0.0,0.1121007749890566,69.0,4.0,4.0,2026-0822-01-02-01-08,2.0,
2023106214.0,ガビーズメロディ,1,2026-08-29,2026-08-29,0,0,0.0,0.0,0.0068936050073916,1605.0,9.0,10.0,2026-0829-01-02-03-08,9.0,
2023106208.0,スリーコーズ,1,2026-08-30,2026-08-30,0,0,0.0,0.0,0.0770152470152024,84.0,4.0,4.0,2026-0830-04-03-04-12,7.0,
2023106190.0,デンプシー,1,2026-08-30,2026-08-30,1,0,100.0,0.0,0.2556861506225145,36.0,1.0,1.0,2026-0830-01-02-04-10,5.0,-1.0
2023106172.0,クラックショット,1,2026-08-30,2026-08-30,0,0,0.0,0.0,0.0363090499177916,121.0,4.0,8.0,2026-0830-07-03-04-05,6.0,
2023106163.0,サマースプラッシュ,1,2026-08-30,2026-08-30,0,0,0.0,0.0,0.0065645456101842,3716.0,12.0,12.0,2026-0830-01-02-04-06,8.0,
2023106162.0,ラベンダーヘイズ,1,2026-08-30,2026-08-30,0,0,0.0,0.0,0.0829408310018605,63.0,3.0,3.0,2026-0830-04-03-04-12,3.0,
2023106086.0,コマチチャン,1,2026-08-23,2026-08-23,0,0,0.0,0.0,0.0107982930041897,421.0,11.0,12.0,2026-0823-07-03-02-08,14.0,
2023106079.0,ノリマル,1,2026-08-30,2026-08-30,0,0,0.0,0.0,0.100259266648912,51.0,2.0,5.0,2026-0830-01-02-04-12,7.0,
2023106077.0,タケルフォーカス,1,2026-08-30,2026-08-30,0,0,0.0,0.0,0.0764276896042712,111.0,6.0,7.0,2026-0830-01-02-04-12,1.0,
2023106388.0,ヒルノプーリア,1,2026-08-30,2026-08-30,1,0,100.0,0.0,0.509130032098298,18.0,1.0,1.0,2026-0830-07-03-04-12,2.0,-1.0
2023106392.0,パラディオン,1,2026-08-22,2026-08-22,0,0,0.0,0.0,0.0586935688151852,230.0,5.0,5.0,2026-0822-07-03-01-03,5.0,
2023106405.0,コックオーヴァン,1,2026-08-30,2026-08-30,0,0,0.0,0.0,0.023693709853412,943.0,15.0,13.0,2026-0830-01-02-04-10,16.0,
2023106560.0,メイショウナルカミ,1,2026-08-30,2026-08-30,0,0,0.0,0.0,0.0213152996803719,102.0,6.0,12.0,2026-0830-07-03-04-08,12.0,
2023106665.0,ウチュウノセカイ,1,2026-08-22,2026-08-22,1,0,100.0,0.0,0.1737339840230393,78.0,4.0,1.0,2026-0822-01-02-01-10,13.0,-1.0
2023106623.0,ルージュボニート,1,2026-08-30,2026-08-30,1,0,100.0,0.0,0.3187389720288611,21.0,1.0,1.0,2026-0830-01-02-04-06,2.0,-1.0
2023106616.0,ルージュエピック,1,2026-08-29,2026-08-29,0,0,0.0,0.0,0.0070902758123044,1795.0,10.0,9.0,2026-0829-01-02-03-08,6.0,
2023106614.0,レッドリガーレ,1,2026-08-29,2026-08-29,0,0,0.0,0.0,0.0646308567954472,341.0,7.0,7.0,2026-0829-07-03-03-11,4.0,
2023106613.0,カレンデュラ,1,2026-08-30,2026-08-30,0,0,0.0,0.0,0.1632093042451736,135.0,6.0,2.0,2026-0830-04-03-04-09,9.0,
2023106568.0,メイショウアカリ,1,2026-08-29,2026-08-29,0,0,0.0,0.0,0.1977248313253644,29.0,1.0,2.0,2026-0829-07-03-03-09,6.0,
2023106516.0,ミスターエメラルド,1,2026-08-23,2026-08-23,0,0,0.0,0.0,0.1345238196164504,52.0,2.0,3.0,2026-0823-01-02-02-07,10.0,
2023106412.0,ユメシルベ,1,2026-08-23,2026-08-23,0,0,0.0,0.0,0.0162580659653225,781.0,12.0,11.0,2026-0823-01-02-02-09,11.0,
2023106495.0,ニューアライブ,1,2026-08-30,2026-08-30,0,0,0.0,0.0,0.0118926047991075,2975.0,14.0,11.0,2026-0830-01-02-04-12,13.0,
2023106484.0,フェーダーローター,1,2026-08-29,2026-08-29,0,0,0.0,0.0,0.0099900235404133,1434.0,13.0,13.0,2026-0829-04-03-03-10,16.0,
2023106477.0,ベレーバスク,1,2026-08-29,2026-08-29,0,0,0.0,0.0,0.0598100466777132,101.0,4.0,7.0,2026-0829-04-03-03-10,11.0,
2023106468.0,ガミーヌ,2,2026-08-22,2026-08-29,0,0,0.0,0.0,0.0927435849172227,155.0,6.5,3.5,2026-0829-04-03-03-10,10.0,
2023106439.0,マイネルマスター,1,2026-08-23,2026-08-23,0,0,0.0,0.0,0.0400928122356523,671.0,11.0,8.0,2026-0823-01-02-02-09,3.0,
2023106431.0,トライアンフパス,1,2026-08-29,2026-08-29,0,0,0.0,0.0,0.0897310723855624,41.0,2.0,5.0,2026-0829-07-03-03-08,1.0,
2023105981.0,ララオウ,1,2026-08-23,2026-08-23,0,0,0.0,0.0,0.0242685792165056,142.0,5.0,8.0,2026-0823-01-02-02-08,10.0,
2023105977.0,キタノサリスカ,1,2026-08-29,2026-08-29,0,0,0.0,0.0,0.0509195916030185,80.0,4.0,7.0,2026-0829-01-02-03-09,6.0,
2023105822.0,ロードメルヴェイユ,1,2026-08-30,2026-08-30,0,0,0.0,0.0,0.0814713169437657,142.0,6.0,4.0,2026-0830-07-03-04-10,8.0,
2023105344.0,ルールザウェイヴ,1,2026-08-23,2026-08-23,1,0,100.0,0.0,0.4286018121852267,29.0,2.0,1.0,2026-0823-01-02-02-06,2.0,-1.0
2023105405.0,フクシマブリルハム,1,2026-08-30,2026-08-30,0,0,0.0,0.0,0.0543171638391426,138.0,7.0,7.0,2026-0830-01-02-04-09,8.0,
2023105402.0,ガルディーノ,1,2026-08-30,2026-08-30,0,0,0.0,0.0,0.0530254239426591,141.0,5.0,5.0,2026-0830-04-03-04-12,4.0,
2023105394.0,サンセットゴールド,1,2026-08-23,2026-08-23,0,0,0.0,0.0,0.0309807733750836,406.0,8.0,7.0,2026-0823-01-02-02-06,1.0,
2023105387.0,マシン,1,2026-08-22,2026-08-22,0,0,0.0,0.0,0.1773534851218685,37.0,2.0,2.0,2026-0822-07-03-01-10,1.0,
2023105358.0,ジーティーアリア,1,2026-08-22,2026-08-22,0,0,0.0,0.0,0.1558482329896104,117.0,6.0,2.0,2026-0822-01-02-01-08,4.0,
2023105347.0,ショウナンカリス,1,2026-08-30,2026-08-30,0,0,0.0,0.0,0.0556639034280917,198.0,8.0,6.0,2026-0830-01-02-04-10,15.0,
2023105286.0,サガルマータ,1,2026-08-30,2026-08-30,0,0,0.0,0.0,0.1739575705039776,37.0,2.0,2.0,2026-0830-07-03-04-08,10.0,
2023105418.0,ビップヴォルフ,1,2026-08-22,2026-08-22,0,0,0.0,0.0,0.1253374461314057,74.0,2.0,3.0,2026-0822-07-03-01-03,1.0,
2023105277.0,ファニーバニー,1,2026-08-23,2026-08-23,0,0,0.0,0.0,0.0387189366047525,194.0,5.0,5.0,2026-0823-01-02-02-06,13.0,
2023105257.0,ミエノストロング,1,2026-08-29,2026-08-29,0,0,0.0,0.0,0.0574774208883975,125.0,6.0,6.0,2026-0829-01-02-03-09,12.0,
2023105224.0,リアライズタキオン,1,2026-08-23,2026-08-23,0,0,0.0,0.0,0.0214527836553118,520.0,10.0,10.0,2026-0823-04-03-02-09,10.0,
2023105140.0,サヨノパララックス,1,2026-08-30,2026-08-30,0,0,0.0,0.0,0.0082056972057129,1522.0,12.0,12.0,2026-0830-07-03-04-12,5.0,
2023103503.0,プレセピオ,1,2026-08-30,2026-08-30,0,0,0.0,0.0,0.079538179258954,119.0,5.0,4.0,2026-0830-01-02-04-10,9.0,
2023105065.0,ハバタクジユウニ,1,2026-08-30,2026-08-30,0,0,0.0,0.0,0.0055635482917888,2832.0,13.0,13.0,2026-0830-01-02-04-12,12.0,
2023105412.0,シーンオブドリーム,1,2026-08-30,2026-08-30,0,0,0.0,0.0,0.004049682752653,1363.0,11.0,14.0,2026-0830-01-02-04-12,14.0,
2023105427.0,ピョイットハレルヤ,1,2026-08-29,2026-08-29,0,0,0.0,0.0,0.0524246865937229,324.0,10.0,7.0,2026-0829-07-03-03-10,16.0,
2023105813.0,ロードヴェルテクス,1,2026-08-29,2026-08-29,0,0,0.0,0.0,0.0051372771912136,1801.0,16.0,16.0,2026-0829-01-02-03-07,15.0,
2023105789.0,ドンテスタマスター,1,2026-08-30,2026-08-30,0,0,0.0,0.0,0.096338142499102,89.0,4.0,6.0,2026-0830-01-02-04-12,8.0,
2023105812.0,ラスベガスサイン,1,2026-08-30,2026-08-30,0,0,0.0,0.0,0.0585695731322188,322.0,8.0,6.0,2026-0830-01-02-04-07,11.0,
2023105811.0,ハニーオーケストラ,1,2026-08-30,2026-08-30,0,0,0.0,0.0,0.0099046841686061,1108.0,9.0,10.0,2026-0830-04-03-04-11,8.0,
2023105810.0,オックスアイ,1,2026-08-23,2026-08-23,0,0,0.0,0.0,0.0821356457934643,476.0,10.0,6.0,2026-0823-07-03-02-06,5.0,
2023105804.0,ファルカータ,1,2026-08-29,2026-08-29,1,0,100.0,0.0,0.2574413930746527,23.0,1.0,1.0,2026-0829-07-03-03-11,9.0,-1.0
2023105793.0,ロードスタニング,1,2026-08-30,2026-08-30,0,0,0.0,0.0,0.0487675055698284,24.0,1.0,5.0,2026-0830-07-03-04-10,5.0,
2023105792.0,エンヴェロップ,1,2026-08-23,2026-08-23,0,0,0.0,0.0,0.0648338858108683,214.0,7.0,6.0,2026-0823-07-03-02-11,11.0,
2023105679.0,ミレニアルピンク,1,2026-08-29,2026-08-29,0,0,0.0,0.0,0.0454990916336491,145.0,9.0,10.0,2026-0829-01-02-03-07,10.0,
2023105433.0,モウエエデショー,1,2026-08-23,2026-08-23,0,0,0.0,0.0,0.0515338563825882,118.0,5.0,7.0,2026-0823-04-03-02-10,2.0,
2023105608.0,ルージュリヴィエラ,1,2026-08-30,2026-08-30,0,0,0.0,0.0,0.0436410273181233,113.0,6.0,7.0,2026-0830-01-02-04-06,4.0,
2023105558.0,カンレイスター,1,2026-08-23,2026-08-23,0,0,0.0,0.0,0.0993846098102537,58.0,4.0,4.0,2026-0823-04-03-02-09,6.0,
2023105545.0,スターオブロンドン,1,2026-08-29,2026-08-29,0,0,0.0,0.0,0.0416313830511802,72.0,5.0,6.0,2026-0829-01-02-03-08,1.0,
2023105521.0,エイシンインアウト,1,2026-08-23,2026-08-23,0,0,0.0,0.0,0.0642471832664542,54.0,3.0,6.0,2026-0823-01-02-02-09,1.0,
2023105505.0,エイシンディード,1,2026-08-23,2026-08-23,0,0,0.0,0.0,0.0741899296634865,162.0,6.0,5.0,2026-0823-01-02-02-11,15.0,
2023105462.0,クラテロス,1,2026-08-29,2026-08-29,0,0,0.0,0.0,0.1026014043831497,86.0,4.0,4.0,2026-0829-07-03-03-09,2.0,
2023105083.0,ベルゼビュート,1,2026-08-23,2026-08-23,0,0,0.0,0.0,0.1834480033600542,38.0,1.0,2.0,2026-0823-04-03-02-09,1.0,
2023103441.0,レッドフロイデ,1,2026-08-29,2026-08-29,0,0,0.0,0.0,0.194148649256884,55.0,4.0,3.0,2026-0829-01-02-03-08,3.0,
2023103470.0,ダノンシーホーク,1,2026-08-23,2026-08-23,0,0,0.0,0.0,0.0123568471879565,346.0,9.0,12.0,2026-0823-01-02-02-09,13.0,
2023106734.0,ガーネットテソーロ,1,2026-08-22,2026-08-22,0,0,0.0,0.0,0.052685576097845,107.0,5.0,6.0,2026-0822-04-03-01-09,3.0,
2022110093.0,マテンロウサン,1,2026-08-30,2026-08-30,0,0,0.0,0.0,0.1294231913961237,145.0,8.0,2.0,2026-0830-01-02-04-11,14.0,
2022110082.0,パヴィーア,1,2026-08-29,2026-08-29,0,0,0.0,0.0,0.0789605548926704,166.0,6.0,6.0,2026-0829-07-03-03-10,11.0,
2022110066.0,ラージギャラリー,1,2026-08-22,2026-08-22,0,0,0.0,0.0,0.0389354636431595,333.0,9.0,8.0,2026-0822-04-03-01-06,13.0,
2022110061.0,ブレスドナイル,1,2026-08-22,2026-08-22,0,0,0.0,0.0,0.0195554752752577,272.0,7.0,9.0,2026-0822-07-03-01-08,3.0,
2022110056.0,フードマン,1,2026-08-22,2026-08-22,0,0,0.0,0.0,0.0962181319307078,45.0,2.0,5.0,2026-0822-01-02-01-10,7.0,
2022110001.0,シルフズミスチーフ,1,2026-08-29,2026-08-29,0,0,0.0,0.0,0.1440747030742824,39.0,2.0,2.0,2026-0829-07-03-03-06,4.0,
2022109038.0,クリノラピダス,1,2026-08-23,2026-08-23,0,0,0.0,0.0,0.0057110436585165,1800.0,13.0,14.0,2026-0823-01-02-02-10,9.0,
2022107340.0,ラパンチュール,1,2026-08-23,2026-08-23,0,0,0.0,0.0,0.0787733984595994,60.0,3.0,5.0,2026-0823-04-03-02-08,2.0,
2022107299.0,クレスコドルフィン,1,2026-08-22,2026-08-22,0,0,0.0,0.0,0.0114941228989875,768.0,10.0,10.0,2026-0822-07-03-01-08,8.0,
2022107254.0,エンプレスフレーム,1,2026-08-29,2026-08-29,0,0,0.0,0.0,0.0239937415065157,1410.0,10.0,7.0,2026-0829-01-02-03-12,9.0,
2022107185.0,エテルノレガーメ,1,2026-08-30,2026-08-30,0,0,0.0,0.0,0.0364112138625516,52.0,3.0,6.0,2026-0830-07-03-04-10,2.0,
2022107084.0,ウインヘリオドール,1,2026-08-22,2026-08-22,0,0,0.0,0.0,0.0219938128897023,1326.0,8.0,6.0,2026-0822-07-03-01-03,8.0,
2022106999.0,ニシノクードクール,1,2026-08-30,2026-08-30,0,0,0.0,0.0,0.0262809235742558,531.0,9.0,8.0,2026-0830-04-03-04-01,12.0,
2022106998.0,ニシノジェダイ,1,2026-08-22,2026-08-22,0,0,0.0,0.0,0.0476709990778135,311.0,9.0,9.0,2026-0822-07-03-01-06,4.0,
2022106926.0,ナインオブレター,1,2026-08-30,2026-08-30,0,0,0.0,0.0,0.0231183262657748,533.0,9.0,9.0,2026-0830-04-03-04-12,11.0,
2022110094.0,ビリオネアボーイ,1,2026-08-29,2026-08-29,0,0,0.0,0.0,0.0051807375673782,1279.0,12.0,17.0,2026-0829-04-03-03-10,14.0,
2022110113.0,ジャスパーノベル,1,2026-08-23,2026-08-23,0,0,0.0,0.0,0.0080380435695748,1161.0,13.0,14.0,2026-0823-07-03-02-08,11.0,
2022110139.0,アスクアットバット,1,2026-08-29,2026-08-29,0,0,0.0,0.0,0.0191826062466561,809.0,10.0,12.0,2026-0829-04-03-03-01,6.0,
2023100421.0,カシノリアーナ,1,2026-08-29,2026-08-29,0,0,0.0,0.0,0.0089542509513332,3214.0,16.0,14.0,2026-0829-04-03-03-10,18.0,
2023100615.0,ジャケットポケット,1,2026-08-23,2026-08-23,0,0,0.0,0.0,0.0329211458623132,85.0,5.0,10.0,2026-0823-01-02-02-09,5.0,
2023100566.0,ハッピーラブソング,1,2026-08-29,2026-08-29,0,0,0.0,0.0,0.0128991381201423,1944.0,16.0,13.0,2026-0829-07-03-03-10,8.0,
2023100521.0,ディーリライズ,1,2026-08-30,2026-08-30,0,0,0.0,0.0,0.1040260908671436,99.0,5.0,3.0,2026-0830-01-02-04-12,3.0,
2023100515.0,ドラリズム,1,2026-08-30,2026-08-30,0,0,0.0,0.0,0.0677800034637767,358.0,7.0,5.0,2026-0830-01-02-04-08,4.0,
2023100485.0,キタノエピックアン,1,2026-08-22,2026-08-22,1,0,100.0,0.0,0.2498113648163409,31.0,1.0,1.0,2026-0822-04-03-01-09,4.0,-1.0
2023100471.0,スリーケイ,1,2026-08-30,2026-08-30,0,0,0.0,0.0,0.236074796358748,61.0,3.0,2.0,2026-0830-01-02-04-06,1.0,
2023100351.0,ヤマヤロード,1,2026-08-30,2026-08-30,0,0,0.0,0.0,0.0077451575889511,2983.0,11.0,11.0,2026-0830-01-02-04-06,11.0,
2023100095.0,ビップムーラン,1,2026-08-30,2026-08-30,0,0,0.0,0.0,0.1183891786658721,77.0,3.0,3.0,2026-0830-04-03-04-09,3.0,
2023100332.0,アスパラゴ,1,2026-08-22,2026-08-22,0,0,0.0,0.0,0.031265935614349,980.0,11.0,10.0,2026-0822-04-03-01-09,8.0,
2023100241.0,セイウンバジリスク,2,2026-08-22,2026-08-30,0,0,0.0,0.0,0.0647617604336347,73.0,5.0,7.0,2026-0830-01-02-04-07,7.0,
2023100214.0,シーグルロス,1,2026-08-30,2026-08-30,0,0,0.0,0.0,0.0747278200753361,163.0,7.0,5.0,2026-0830-01-02-04-10,11.0,
2023100207.0,マイネルシンベリン,1,2026-08-23,2026-08-23,0,0,0.0,0.0,0.1995337857697419,32.0,2.0,2.0,2026-0823-01-02-02-08,2.0,
2023100145.0,アトモス,1,2026-08-30,2026-08-30,0,0,0.0,0.0,0.1762887207281605,34.0,2.0,2.0,2026-0830-07-03-04-05,1.0,
2023100126.0,ラッキーバック,1,2026-08-23,2026-08-23,0,0,0.0,0.0,0.0310676623380564,232.0,9.0,9.0,2026-0823-07-03-02-08,7.0,
2022106924.0,ハイクオリティ,1,2026-08-23,2026-08-23,0,0,0.0,0.0,0.1622718541530278,58.0,1.0,2.0,2026-0823-01-02-02-10,13.0,
2022106923.0,バッハアルプゼー,1,2026-08-29,2026-08-29,0,0,0.0,0.0,0.141577750533532,68.0,4.0,3.0,2026-0829-07-03-03-06,13.0,
2022106851.0,レディゴディヴァ,1,2026-08-29,2026-08-29,0,0,0.0,0.0,0.0061225606571401,3206.0,12.0,11.0,2026-0829-01-02-03-12,6.0,
2022106420.0,パーティーガール,1,2026-08-23,2026-08-23,0,0,0.0,0.0,0.0446545108014697,83.0,4.0,8.0,2026-0823-04-03-02-11,1.0,
2022106566.0,ダイシンレアレア,1,2026-08-23,2026-08-23,0,0,0.0,0.0,0.1943635543681897,34.0,1.0,2.0,2026-0823-01-02-02-07,2.0,
2022106564.0,タガノアニマシオン,1,2026-08-22,2026-08-22,0,0,0.0,0.0,0.0133583192589306,1219.0,13.0,12.0,2026-0822-07-03-01-06,7.0,
2022106553.0,タガノバビロン,1,2026-08-29,2026-08-29,1,0,100.0,0.0,0.3135662170081535,20.0,1.0,1.0,2026-0829-04-03-03-08,2.0,-1.0
2022106471.0,キタノライブリー,1,2026-08-22,2026-08-22,0,0,0.0,0.0,0.014941326809428,333.0,8.0,12.0,2026-0822-04-03-01-08,5.0,
2022106453.0,ハリーケーン,1,2026-08-22,2026-08-22,0,0,0.0,0.0,0.0275748300207809,87.0,4.0,9.0,2026-0822-07-03-01-07,3.0,
2022106427.0,ニシノケンタマン,1,2026-08-30,2026-08-30,0,0,0.0,0.0,0.0431098516792964,83.0,5.0,7.0,2026-0830-04-03-04-06,9.0,
2022106395.0,クァンタムウェーブ,1,2026-08-30,2026-08-30,0,0,0.0,0.0,0.006353243715271,230.0,7.0,13.0,2026-0830-07-03-04-06,13.0,
2022106590.0,バダジェフスカ,1,2026-08-29,2026-08-29,0,0,0.0,0.0,0.0278820247170255,1075.0,11.0,11.0,2026-0829-04-03-03-01,12.0,
2022106389.0,ベルビースタローン,1,2026-08-22,2026-08-22,0,0,0.0,0.0,0.1109314428903607,154.0,7.0,4.0,2026-0822-01-02-01-10,14.0,
2022106354.0,オーバースタンド,1,2026-08-29,2026-08-29,0,0,0.0,0.0,0.0724864924030483,152.0,4.0,6.0,2026-0829-07-03-03-11,11.0,
2022106231.0,ウインベラーノ,1,2026-08-23,2026-08-23,0,0,0.0,0.0,0.2159533372057051,72.0,3.0,2.0,2026-0823-01-02-02-12,7.0,
2022106221.0,ウインイルネージュ,1,2026-08-29,2026-08-29,0,0,0.0,0.0,0.0066361358337821,1949.0,12.0,12.0,2026-0829-01-02-03-09,9.0,
2022106187.0,ゼンダンタカ,1,2026-08-30,2026-08-30,0,0,0.0,0.0,0.0442215377853162,724.0,13.0,8.0,2026-0830-04-03-04-09,12.0,
2022106186.0,ゴッドエスパーダ,1,2026-08-30,2026-08-30,0,0,0.0,0.0,0.1672563952235356,87.0,2.0,2.0,2026-0830-07-03-04-06,4.0,
2022106582.0,ケイアイマウンガ,1,2026-08-23,2026-08-23,0,0,0.0,0.0,0.1492700636550541,149.0,6.0,2.0,2026-0823-07-03-02-08,2.0,
2022106593.0,カポレイラ,1,2026-08-23,2026-08-23,0,0,0.0,0.0,0.0186405322103473,1109.0,11.0,11.0,2026-0823-07-03-02-05,10.0,
2022106846.0,ゴールドジェスター,1,2026-08-23,2026-08-23,0,0,0.0,0.0,0.0175846794299324,1373.0,10.0,10.0,2026-0823-01-02-02-08,4.0,
2022106772.0,バセリーナ,1,2026-08-23,2026-08-23,0,0,0.0,0.0,0.0110733283399069,302.0,10.0,12.0,2026-0823-01-02-02-12,11.0,
2022106835.0,セガンティーニ,1,2026-08-22,2026-08-22,0,0,0.0,0.0,0.081477004421535,82.0,5.0,7.0,2026-0822-01-02-01-07,8.0,
2022106832.0,コスモキャバリエ,1,2026-08-29,2026-08-29,0,0,0.0,0.0,0.0943106750887345,181.0,7.0,4.0,2026-0829-01-02-03-09,10.0,
2022106824.0,グランツローゼ,1,2026-08-23,2026-08-23,0,0,0.0,0.0,0.0079041947194007,1637.0,13.0,13.0,2026-0823-01-02-02-09,12.0,
2022106817.0,マイネルアレス,1,2026-08-29,2026-08-29,0,0,0.0,0.0,0.1165891492839829,115.0,5.0,3.0,2026-0829-04-03-03-07,6.0,
2022106800.0,コスモグラニット,1,2026-08-29,2026-08-29,0,0,0.0,0.0,0.0437054797951916,517.0,9.0,9.0,2026-0829-04-03-03-01,11.0,
2022106785.0,コスモシェルベット,1,2026-08-29,2026-08-29,0,0,0.0,0.0,0.0093006203514074,542.0,11.0,11.0,2026-0829-04-03-03-06,12.0,
2022106741.0,メイリー,1,2026-08-29,2026-08-29,0,0,0.0,0.0,0.0662734323940755,304.0,9.0,6.0,2026-0829-04-03-03-10,7.0,
2022106603.0,モジャーリオ,1,2026-08-29,2026-08-29,0,0,0.0,0.0,0.0843235750999886,230.0,7.0,6.0,2026-0829-07-03-03-07,15.0,
2022106715.0,ギザキズラヴ,1,2026-08-29,2026-08-29,0,0,0.0,0.0,0.0113953892018013,1393.0,11.0,10.0,2026-0829-07-03-03-11,7.0,
2022106698.0,オカメノコイ,1,2026-08-22,2026-08-22,0,0,0.0,0.0,0.0167273009281934,284.0,7.0,11.0,2026-0822-04-03-01-08,11.0,
2022106645.0,グランセゾン,1,2026-08-29,2026-08-29,0,0,0.0,0.0,0.1858257206659189,46.0,2.0,2.0,2026-0829-01-02-03-09,5.0,
2022106626.0,ロールザダイス,1,2026-08-29,2026-08-29,0,0,0.0,0.0,0.0381278359766333,231.0,8.0,9.0,2026-0829-04-03-03-07,2.0,
2022106619.0,コルドンブルー,1,2026-08-23,2026-08-23,0,0,0.0,0.0,0.1027556093115991,81.0,4.0,4.0,2026-0823-07-03-02-06,7.0,
2022106618.0,ジェルブロア,1,2026-08-23,2026-08-23,0,0,0.0,0.0,0.0973706457139029,78.0,4.0,5.0,2026-0823-01-02-02-08,3.0,
2023100626.0,マルターズドン,1,2026-08-30,2026-08-30,0,0,0.0,0.0,0.0161457277953735,374.0,8.0,10.0,2026-0830-04-03-04-12,12.0,
2023100627.0,テルヒコウ,1,2026-08-23,2026-08-23,1,0,100.0,0.0,0.2311601622490116,94.0,6.0,1.0,2026-0823-01-02-02-12,14.0,-1.0
2023100670.0,ルクスレイモンド,1,2026-08-29,2026-08-29,1,0,100.0,0.0,0.1556912690782189,33.0,1.0,1.0,2026-0829-07-03-03-06,9.0,-1.0
2023102719.0,カイシンパジェント,1,2026-08-29,2026-08-29,0,0,0.0,0.0,0.0448864861909082,696.0,10.0,8.0,2026-0829-01-02-03-09,4.0,
2023102996.0,エイズルブルーム,1,2026-08-29,2026-08-29,0,0,0.0,0.0,0.1539432036182142,312.0,6.0,2.0,2026-0829-07-03-03-11,6.0,
2023102939.0,アラビアンジョイ,1,2026-08-23,2026-08-23,0,0,0.0,0.0,0.0837782919635633,91.0,4.0,5.0,2026-0823-07-03-02-11,7.0,
2023102810.0,エチゴドラゴン,1,2026-08-23,2026-08-23,0,0,0.0,0.0,0.2174842814985489,40.0,1.0,2.0,2026-0823-01-02-02-09,7.0,
2023102806.0,ソルパッサーレ,1,2026-08-30,2026-08-30,0,0,0.0,0.0,0.0681584848963241,70.0,4.0,5.0,2026-0830-07-03-04-08,6.0,
2023102783.0,ソワンドヴィクター,1,2026-08-23,2026-08-23,0,0,0.0,0.0,0.0132499504052869,2541.0,11.0,11.0,2026-0823-01-02-02-08,11.0,
2023102748.0,ドリームガッサン,1,2026-08-22,2026-08-22,0,0,0.0,0.0,0.128905797680694,33.0,1.0,3.0,2026-0822-01-02-01-07,3.0,
2023102701.0,ブラッドムーン,1,2026-08-29,2026-08-29,0,0,0.0,0.0,0.0306342095085925,158.0,6.0,9.0,2026-0829-07-03-03-09,7.0,
2023103036.0,カガラプンツェル,1,2026-08-30,2026-08-30,0,0,0.0,0.0,0.0494791714860214,206.0,9.0,8.0,2026-0830-01-02-04-10,7.0,
2023102615.0,ホワイトオーキッド,1,2026-08-22,2026-08-22,0,0,0.0,0.0,0.0303510998526677,253.0,8.0,9.0,2026-0822-01-02-01-08,9.0,
2023102471.0,バーバラップ,1,2026-08-30,2026-08-30,0,0,0.0,0.0,0.0178363969200126,420.0,7.0,9.0,2026-0830-07-03-04-10,10.0,
2023102455.0,オンザムービー,1,2026-08-29,2026-08-29,0,0,0.0,0.0,0.1324906900250974,12.0,1.0,4.0,2026-0829-01-02-03-12,1.0,
2023102440.0,ホウオウヘッセン,1,2026-08-22,2026-08-22,0,0,0.0,0.0,0.0520088160654888,189.0,10.0,7.0,2026-0822-01-02-01-10,6.0,
2023102376.0,ベルシュヴァル,1,2026-08-23,2026-08-23,0,0,0.0,0.0,0.1140967195004978,96.0,4.0,3.0,2026-0823-07-03-02-05,7.0,
2023102354.0,エタンセル,1,2026-08-29,2026-08-29,0,0,0.0,0.0,0.0671702433508348,87.0,6.0,5.0,2026-0829-01-02-03-08,8.0,
2023103016.0,ボールドタワー,1,2026-08-29,2026-08-29,0,0,0.0,0.0,0.0399086261967704,372.0,8.0,6.0,2026-0829-04-03-03-06,15.0,
2023103061.0,ゴールドブレイズ,1,2026-08-22,2026-08-22,0,0,0.0,0.0,0.2906980092709113,61.0,4.0,2.0,2026-0822-01-02-01-12,10.0,
2023102313.0,アオハルブルース,1,2026-08-23,2026-08-23,1,0,100.0,0.0,0.241105597012658,60.0,2.0,1.0,2026-0823-01-02-02-10,3.0,-1.0
2023103245.0,ゴンタ,1,2026-08-22,2026-08-22,1,0,100.0,0.0,0.3965185379195732,34.0,1.0,1.0,2026-0822-07-03-01-10,5.0,-1.0
2023103440.0,サーディンラン,1,2026-08-23,2026-08-23,1,0,100.0,0.0,0.1654310617056449,25.0,1.0,1.0,2026-0823-07-03-02-06,6.0,-1.0
2023103423.0,シャドウマスター,1,2026-08-30,2026-08-30,0,0,0.0,0.0,0.0821365271996122,190.0,7.0,4.0,2026-0830-07-03-04-08,14.0,
2023103400.0,ハルヒメ,1,2026-08-29,2026-08-29,0,0,0.0,0.0,0.0705444092568375,82.0,5.0,6.0,2026-0829-01-02-03-07,11.0,
2023103399.0,オンザノアール,1,2026-08-30,2026-08-30,0,0,0.0,0.0,0.0364263555973816,135.0,4.0,5.0,2026-0830-07-03-04-12,10.0,
2023103388.0,ブライトフレア,1,2026-08-23,2026-08-23,0,0,0.0,0.0,0.0112860741832605,2482.0,13.0,10.0,2026-0823-01-02-02-06,5.0,
2023103356.0,ヴァリスマリネリス,1,2026-08-30,2026-08-30,0,0,0.0,0.0,0.0995546114601661,128.0,5.0,5.0,2026-0830-04-03-04-11,7.0,
2023103218.0,グラスゴー,1,2026-08-30,2026-08-30,0,0,0.0,0.0,0.0257050410331026,309.0,8.0,8.0,2026-0830-07-03-04-12,9.0,
2023103085.0,トリスティ,1,2026-08-30,2026-08-30,0,0,0.0,0.0,0.0126650272808012,479.0,9.0,13.0,2026-0830-01-02-04-08,13.0,
2023103180.0,メイショウソウテン,1,2026-08-22,2026-08-22,0,0,0.0,0.0,0.0401061330775268,119.0,6.0,6.0,2026-0822-07-03-01-10,3.0,
2023103178.0,テンユウ,1,2026-08-30,2026-08-30,0,0,0.0,0.0,0.0197375223874043,120.0,5.0,9.0,2026-0830-01-02-04-08,8.0,
2023103176.0,セイントホース,1,2026-08-23,2026-08-23,0,0,0.0,0.0,0.1070391185516291,85.0,4.0,3.0,2026-0823-01-02-02-10,12.0,
2023103169.0,シエーナカラー,1,2026-08-29,2026-08-29,1,0,100.0,0.0,0.3242879024069199,48.0,3.0,1.0,2026-0829-07-03-03-09,8.0,-1.0
2023103160.0,メイクワンズデイ,1,2026-08-23,2026-08-23,0,0,0.0,0.0,0.1295402867822499,51.0,2.0,3.0,2026-0823-07-03-02-11,3.0,
2023103137.0,ハッピーラッキー,1,2026-08-29,2026-08-29,0,0,0.0,0.0,0.133996838485969,103.0,7.0,3.0,2026-0829-01-02-03-07,14.0,
2023102336.0,ダンシングアウェイ,1,2026-08-29,2026-08-29,0,0,0.0,0.0,0.006128553695644,1928.0,10.0,11.0,2026-0829-04-03-03-09,8.0,
2023102263.0,ステラデルークス,1,2026-08-30,2026-08-30,0,0,0.0,0.0,0.0945809846099563,65.0,4.0,5.0,2026-0830-01-02-04-09,6.0,
2023100676.0,ミスヘンリー,1,2026-08-30,2026-08-30,0,0,0.0,0.0,0.0096579026678641,900.0,10.0,11.0,2026-0830-07-03-04-12,6.0,
2023100914.0,タイセイフレッサ,1,2026-08-29,2026-08-29,0,0,0.0,0.0,0.1856231292148547,33.0,2.0,2.0,2026-0829-04-03-03-10,3.0,
2023101050.0,クオンタムスター,1,2026-08-30,2026-08-30,1,0,100.0,0.0,0.2714985298827536,21.0,1.0,1.0,2026-0830-01-02-04-12,9.0,-1.0
2023101004.0,ハンザキ,1,2026-08-29,2026-08-29,0,0,0.0,0.0,0.0125207281609991,878.0,13.0,14.0,2026-0829-07-03-03-10,6.0,
2023100978.0,マダムカマラード,1,2026-08-29,2026-08-29,0,0,0.0,0.0,0.0050212567591722,137.0,5.0,16.0,2026-0829-07-03-03-10,14.0,
2023100967.0,バークシャーシチー,1,2026-08-30,2026-08-30,0,0,0.0,0.0,0.1044118592155172,79.0,5.0,3.0,2026-0830-07-03-04-10,7.0,
2023100956.0,オンザマーチ,1,2026-08-23,2026-08-23,0,0,0.0,0.0,0.0301182944281005,1087.0,14.0,8.0,2026-0823-07-03-02-11,17.0,
2023100925.0,サトノワーグナー,1,2026-08-30,2026-08-30,0,0,0.0,0.0,0.1171198966824811,36.0,2.0,2.0,2026-0830-01-02-04-10,1.0,
2023100840.0,ミリオンクラウン,1,2026-08-23,2026-08-23,0,0,0.0,0.0,0.1739353329686289,43.0,2.0,3.0,2026-0823-01-02-02-12,1.0,
2023101168.0,タビニュ,1,2026-08-30,2026-08-30,0,0,0.0,0.0,0.0201279398015209,626.0,10.0,9.0,2026-0830-01-02-04-12,11.0,
2023100803.0,ジャックナダル,1,2026-08-30,2026-08-30,0,0,0.0,0.0,0.2785530301204382,25.0,1.0,2.0,2026-0830-04-03-04-12,1.0,
2023100772.0,ストームサンダー,1,2026-08-23,2026-08-23,0,0,0.0,0.0,0.024369900144006,280.0,9.0,8.0,2026-0823-01-02-02-12,6.0,
2023100718.0,メメボス,1,2026-08-30,2026-08-30,0,0,0.0,0.0,0.0128893703380623,416.0,8.0,12.0,2026-0830-01-02-04-08,5.0,
2023100715.0,ピエナオルカ,1,2026-08-29,2026-08-29,0,0,0.0,0.0,0.1268068140845482,42.0,2.0,4.0,2026-0829-01-02-03-08,5.0,
2023100704.0,スターシップ,1,2026-08-30,2026-08-30,0,0,0.0,0.0,0.1776519710573391,72.0,3.0,3.0,2026-0830-04-03-04-06,7.0,
2023100695.0,モノノケ,1,2026-08-30,2026-08-30,0,0,0.0,0.0,0.020354968592064,1073.0,11.0,9.0,2026-0830-07-03-04-12,13.0,
2023101115.0,カーリキュー,1,2026-08-23,2026-08-23,0,0,0.0,0.0,0.1210500703895057,71.0,3.0,4.0,2026-0823-07-03-02-08,1.0,
2023101313.0,リピ,1,2026-08-23,2026-08-23,0,0,0.0,0.0,0.0609292465932277,290.0,10.0,7.0,2026-0823-07-03-02-11,5.0,
2023102235.0,トワイライトサイト,1,2026-08-30,2026-08-30,0,0,0.0,0.0,0.025230529695833,1096.0,10.0,9.0,2026-0830-07-03-04-05,12.0,
2023101721.0,ノリノドラゴン,1,2026-08-29,2026-08-29,0,0,0.0,0.0,0.013217117646439,613.0,7.0,7.0,2026-0829-01-02-03-08,7.0,
2023102150.0,クロミ,1,2026-08-30,2026-08-30,0,0,0.0,0.0,0.0083360393795989,1271.0,10.0,10.0,2026-0830-01-02-04-06,12.0,
2023102131.0,ラヴネヴァーダイズ,1,2026-08-30,2026-08-30,0,0,0.0,0.0,0.1313945384643743,33.0,2.0,2.0,2026-0830-07-03-04-12,11.0,
2023102124.0,ヒラボクソライア,1,2026-08-22,2026-08-22,0,0,0.0,0.0,0.0765662596466405,99.0,5.0,4.0,2026-0822-07-03-01-08,5.0,
2023102075.0,ソルチェリア,1,2026-08-22,2026-08-22,1,0,100.0,0.0,0.2542847767906269,26.0,1.0,1.0,2026-0822-07-03-01-06,8.0,-1.0
2023101827.0,ヨドノティアラ,1,2026-08-23,2026-08-23,0,0,0.0,0.0,0.1146782964385439,30.0,1.0,3.0,2026-0823-04-03-02-11,4.0,
2023101810.0,ヴォンドゥ,1,2026-08-30,2026-08-30,0,0,0.0,0.0,0.1180259831261527,146.0,5.0,3.0,2026-0830-07-03-04-12,3.0,
2023101713.0,イサギ,1,2026-08-30,2026-08-30,0,0,0.0,0.0,0.0279101697081849,132.0,6.0,9.0,2026-0830-01-02-04-09,10.0,
2023101362.0,デルマホダカ,1,2026-08-30,2026-08-30,0,0,0.0,0.0,0.0281713583814939,799.0,10.0,8.0,2026-0830-01-02-04-09,4.0,
2023101577.0,フレイムスター,1,2026-08-29,2026-08-29,0,0,0.0,0.0,0.0085753580625346,407.0,9.0,12.0,2026-0829-07-03-03-11,8.0,
2023101484.0,リバーソニック,1,2026-08-23,2026-08-23,1,0,100.0,0.0,0.2361239433721443,58.0,4.0,1.0,2026-0823-01-02-02-07,4.0,-1.0
2023101483.0,シャルマンナナ,1,2026-08-23,2026-08-23,0,0,0.0,0.0,0.0254240859880723,194.0,7.0,10.0,2026-0823-04-03-02-11,13.0,
2023101459.0,シャルムグリーン,1,2026-08-23,2026-08-23,0,0,0.0,0.0,0.0332697969464752,335.0,8.0,7.0,2026-0823-01-02-02-08,6.0,
2023101427.0,ムーンウォーリア,1,2026-08-23,2026-08-23,0,0,0.0,0.0,0.0035239348030701,4070.0,14.0,14.0,2026-0823-07-03-02-06,14.0,
2023101399.0,ゴーゴーリチャード,1,2026-08-23,2026-08-23,0,0,0.0,0.0,0.0096995976705208,406.0,9.0,11.0,2026-0823-01-02-02-06,14.0,
2023106711.0,ヴァイヴァーイ,1,2026-08-30,2026-08-30,0,0,0.0,0.0,0.1821078140738915,151.0,6.0,2.0,2026-0830-04-03-04-06,3.0,
2023106808.0,シルバーリム,1,2026-08-23,2026-08-23,0,0,0.0,0.0,0.0758403375881381,107.0,5.0,4.0,2026-0823-07-03-02-05,1.0,
2023106747.0,ダイヤテソーロ,1,2026-08-22,2026-08-22,0,0,0.0,0.0,0.0811152796061159,74.0,3.0,5.0,2026-0822-04-03-01-10,7.0,
ダンデノン,ダンデノン,1,2026-09-21,2026-09-21,0,0,0.0,0.0,0.436988,,,,,,
ノースブルースカイ,ノースブルースカイ,1,2026-09-21,2026-09-21,0,0,0.0,0.0,-1.286149,,,,,,
ニシノブレイゼスト,ニシノブレイゼスト,1,2026-09-21,2026-09-21,0,0,0.0,0.0,-1.085179,,,,,,
ナリタエスペランサ,ナリタエスペランサ,1,2026-09-21,2026-09-21,0,0,0.0,0.0,1.119999,,,,,,
ナックスプレンダー,ナックスプレンダー,1,2026-09-21,2026-09-21,0,0,0.0,0.0,-0.53077,,,,,,
ドメイン,ドメイン,1,2026-09-21,2026-09-21,0,0,0.0,0.0,-1.46936,,,,,,
デルマエアロール,デルマエアロール,1,2026-09-21,2026-09-21,0,0,0.0,0.0,-2.064361,,,,,,
デイトナチャンプ,デイトナチャンプ,1,2026-09-21,2026-09-21,0,0,0.0,0.0,0.056474,,,,,,
ディープサミット,ディープサミット,1,2026-09-21,2026-09-21,0,0,0.0,0.0,-1.383831,,,,,,
ディーズゴールド,ディーズゴールド,1,2026-09-21,2026-09-21,0,0,0.0,0.0,1.035289,,,,,,
ディーエストッキー,ディーエストッキー,1,2026-09-21,2026-09-21,0,0,0.0,0.0,-0.469005,,,,,,
ディニテ,ディニテ,1,2026-09-21,2026-09-21,0,0,0.0,0.0,-0.903247,,,,,,
テーオーダグラス,テーオーダグラス,1,2026-09-21,2026-09-21,0,0,0.0,0.0,-0.319847,,,,,,
テンプーシャオン,テンプーシャオン,1,2026-09-21,2026-09-21,0,0,0.0,0.0,-1.223178,,,,,,
テイクイットオール,テイクイットオール,1,2026-09-21,2026-09-21,0,0,0.0,0.0,-1.902474,,,,,,
テイキットイージー,テイキットイージー,1,2026-09-21,2026-09-21,0,0,0.0,0.0,-1.573938,,,,,,
ハッスルダンク,ハッスルダンク,1,2026-09-21,2026-09-21,0,0,0.0,0.0,-1.258354,,,,,,
バンデルオーラ,バンデルオーラ,1,2026-09-21,2026-09-21,0,0,0.0,0.0,-0.664362,,,,,,
バーケンティン,バーケンティン,1,2026-09-21,2026-09-21,0,0,0.0,0.0,-1.49154,,,,,,
フィールオーサム,フィールオーサム,1,2026-09-21,2026-09-21,0,0,0.0,0.0,0.236993,,,,,,
ブリックアブラック,ブリックアブラック,1,2026-09-21,2026-09-21,0,0,0.0,0.0,-1.242228,,,,,,
ブランフォルテ,ブランフォルテ,1,2026-09-21,2026-09-21,0,0,0.0,0.0,-1.002808,,,,,,
フリッシュ,フリッシュ,1,2026-09-21,2026-09-21,0,0,0.0,0.0,-1.580256,,,,,,
フュルスティン,フュルスティン,1,2026-09-21,2026-09-21,0,0,0.0,0.0,-0.559279,,,,,,
フミサウンド,フミサウンド,1,2026-09-21,2026-09-21,0,0,0.0,0.0,-1.333191,,,,,,
フォーグッド,フォーグッド,1,2026-09-21,2026-09-21,0,0,0.0,0.0,-1.309506,,,,,,
フィサブロス,フィサブロス,1,2026-09-21,2026-09-21,0,0,0.0,0.0,-0.448251,,,,,,
パースウェイド,パースウェイド,1,2026-09-21,2026-09-21,0,0,0.0,0.0,0.405186,,,,,,
ファームツエンティ,ファームツエンティ,1,2026-09-21,2026-09-21,0,0,0.0,0.0,0.114038,,,,,,
ファイブタンゴ,ファイブタンゴ,1,2026-09-21,2026-09-21,0,0,0.0,0.0,-0.282778,,,,,,
ピースヒロフェイス,ピースヒロフェイス,1,2026-09-21,2026-09-21,0,0,0.0,0.0,-1.495081,,,,,,
ピカラ,ピカラ,1,2026-09-21,2026-09-21,0,0,0.0,0.0,0.867465,,,,,,
ビリオネアボーイ,ビリオネアボーイ,1,2026-09-21,2026-09-21,0,0,0.0,0.0,-1.923189,,,,,,
ビゾー,ビゾー,1,2026-09-21,2026-09-21,0,0,0.0,0.0,-1.5722,,,,,,
チルカーノ,チルカーノ,1,2026-09-21,2026-09-21,0,0,0.0,0.0,-1.473821,,,,,,
ダカラフェスティヴ,ダカラフェスティヴ,1,2026-09-21,2026-09-21,0,0,0.0,0.0,-1.109226,,,,,,
2023106786.0,ヴェルジーネ,1,2026-08-23,2026-08-23,1,0,100.0,0.0,0.2582762085107393,40.0,2.0,1.0,2026-0823-07-03-02-08,4.0,-1.0
ダイシンリンク,ダイシンリンク,1,2026-09-21,2026-09-21,0,0,0.0,0.0,-0.109335,,,,,,
シルバードン,シルバードン,1,2026-09-21,2026-09-21,0,0,0.0,0.0,-0.896553,,,,,,
ショウナンハヤナミ,ショウナンハヤナミ,1,2026-09-21,2026-09-21,0,0,0.0,0.0,0.60965,,,,,,
シュハリ,シュハリ,1,2026-09-21,2026-09-21,0,0,0.0,0.0,-1.887483,,,,,,
シュネーグロッケン,シュネーグロッケン,1,2026-09-21,2026-09-21,0,0,0.0,0.0,-0.995144,,,,,,
シャープインサイト,シャープインサイト,1,2026-09-21,2026-09-21,0,0,0.0,0.0,-1.269976,,,,,,
シャインベック,シャインベック,1,2026-09-21,2026-09-21,0,0,0.0,0.0,-1.754028,,,,,,
サークルオブジョイ,サークルオブジョイ,1,2026-09-21,2026-09-21,0,0,0.0,0.0,0.191731,,,,,,
サヴァビアン,サヴァビアン,1,2026-09-21,2026-09-21,0,0,0.0,0.0,-2.039424,,,,,,
サンコンクエスト,サンコンクエスト,1,2026-09-21,2026-09-21,0,0,0.0,0.0,-1.351522,,,,,,
サムワンライクユー,サムワンライクユー,1,2026-09-21,2026-09-21,0,0,0.0,0.0,-1.828939,,,,,,
サムシングニュー,サムシングニュー,1,2026-09-21,2026-09-21,0,0,0.0,0.0,0.1121,,,,,,
サフランルージュ,サフランルージュ,1,2026-09-21,2026-09-21,0,0,0.0,0.0,0.087586,,,,,,
サファイアテソーロ,サファイアテソーロ,1,2026-09-21,2026-09-21,0,0,0.0,0.0,-0.003507,,,,,,
サノノワンダー,サノノワンダー,1,2026-09-21,2026-09-21,0,0,0.0,0.0,-0.389093,,,,,,
サトノドルチェ,サトノドルチェ,1,2026-09-21,2026-09-21,0,0,0.0,0.0,-1.802278,,,,,,
シンゼンカガ,シンゼンカガ,1,2026-09-21,2026-09-21,0,0,0.0,0.0,-0.511446,,,,,,
シートゥサミット,シートゥサミット,1,2026-09-21,2026-09-21,0,0,0.0,0.0,-0.121802,,,,,,
シーニックビュー,シーニックビュー,1,2026-09-21,2026-09-21,0,0,0.0,0.0,-1.855305,,,,,,
スパークリシャール,スパークリシャール,1,2026-09-21,2026-09-21,0,0,0.0,0.0,-0.134144,,,,,,
タンゴバイラリン,タンゴバイラリン,1,2026-09-21,2026-09-21,0,0,0.0,0.0,-1.02949,,,,,,
タケルムサシ,タケルムサシ,1,2026-09-21,2026-09-21,0,0,0.0,0.0,0.068993,,,,,,
タイセイフェリーク,タイセイフェリーク,1,2026-09-21,2026-09-21,0,0,0.0,0.0,-1.031711,,,,,,
ソードスレイプニル,ソードスレイプニル,1,2026-09-21,2026-09-21,0,0,0.0,0.0,-0.210535,,,,,,
セレーノ,セレーノ,1,2026-09-21,2026-09-21,0,0,0.0,0.0,-0.545814,,,,,,
セブンマイスター,セブンマイスター,1,2026-09-21,2026-09-21,0,0,0.0,0.0,-0.444067,,,,,,
ステラスプレンダー,ステラスプレンダー,1,2026-09-21,2026-09-21,0,0,0.0,0.0,-1.726206,,,,,,
ジェイエルキャリア,ジェイエルキャリア,1,2026-09-21,2026-09-21,0,0,0.0,0.0,0.133512,,,,,,
スターオブロンドン,スターオブロンドン,1,2026-09-21,2026-09-21,0,0,0.0,0.0,-1.163204,,,,,,
スコーピオンイメル,スコーピオンイメル,1,2026-09-21,2026-09-21,0,0,0.0,0.0,-1.685071,,,,,,
ジーティーアメリカ,ジーティーアメリカ,1,2026-09-21,2026-09-21,0,0,0.0,0.0,-1.280735,,,,,,
ジョイボーイ,ジョイボーイ,1,2026-09-21,2026-09-21,0,0,0.0,0.0,1.351536,,,,,,
ジャルディニエ,ジャルディニエ,1,2026-09-21,2026-09-21,0,0,0.0,0.0,-1.29687,,,,,,
ジャカルタバオ,ジャカルタバオ,1,2026-09-21,2026-09-21,0,0,0.0,0.0,-0.174192,,,,,,
ブルーカミング,ブルーカミング,1,2026-09-21,2026-09-21,0,0,0.0,0.0,-1.628762,,,,,,
ブルータス,ブルータス,1,2026-09-21,2026-09-21,0,0,0.0,0.0,-0.252975,,,,,,
ブレスドナイル,ブレスドナイル,1,2026-09-21,2026-09-21,0,0,0.0,0.0,-0.925931,,,,,,
ブロッケンボウ,ブロッケンボウ,1,2026-09-21,2026-09-21,0,0,0.0,0.0,-0.773061,,,,,,
レッドフレーザー,レッドフレーザー,1,2026-09-21,2026-09-21,0,0,0.0,0.0,0.179106,,,,,,
レジェンドシップ,レジェンドシップ,1,2026-09-21,2026-09-21,0,0,0.0,0.0,0.217673,,,,,,
ルーラーリッチ,ルーラーリッチ,1,2026-09-21,2026-09-21,0,0,0.0,0.0,-0.900188,,,,,,
ルージュマローネ,ルージュマローネ,1,2026-09-21,2026-09-21,0,0,0.0,0.0,-1.585887,,,,,,
ルディシャ,ルディシャ,1,2026-09-21,2026-09-21,0,0,0.0,0.0,-2.445726,,,,,,
ルシタニア,ルシタニア,1,2026-09-21,2026-09-21,0,0,0.0,0.0,-0.415002,,,,,,
ルクスノア,ルクスノア,1,2026-09-21,2026-09-21,0,0,0.0,0.0,-1.161784,,,,,,
リン,リン,1,2026-09-21,2026-09-21,0,0,0.0,0.0,-0.028585,,,,,,
リリーサンダー,リリーサンダー,1,2026-09-21,2026-09-21,0,0,0.0,0.0,-1.077181,,,,,,
リリエンフェルト,リリエンフェルト,1,2026-09-21,2026-09-21,0,0,0.0,0.0,-1.756175,,,,,,
リュウジンマル,リュウジンマル,1,2026-09-21,2026-09-21,0,0,0.0,0.0,-2.39373,,,,,,
リフレックス,リフレックス,1,2026-09-21,2026-09-21,0,0,0.0,0.0,0.893863,,,,,,
リピ,リピ,1,2026-09-21,2026-09-21,0,0,0.0,0.0,-0.508422,,,,,,
ラルガメンテ,ラルガメンテ,1,2026-09-21,2026-09-21,0,0,0.0,0.0,-1.496658,,,,,,
ラピダリア,ラピダリア,1,2026-09-21,2026-09-21,0,0,0.0,0.0,-1.724925,,,,,,
レッドレナート,レッドレナート,1,2026-09-21,2026-09-21,0,0,0.0,0.0,-1.527184,,,,,,
レディーフランシス,レディーフランシス,1,2026-09-21,2026-09-21,0,0,0.0,0.0,-0.032601,,,,,,
レボルシオン,レボルシオン,1,2026-09-21,2026-09-21,0,0,0.0,0.0,-1.314341,,,,,,
ロードオルデン,ロードオルデン,1,2026-09-21,2026-09-21,0,0,0.0,0.0,-1.484892,,,,,,
ヴァージル,ヴァージル,1,2026-09-21,2026-09-21,0,0,0.0,0.0,0.037082,,,,,,
ヴァリオーサ,ヴァリオーサ,1,2026-09-21,2026-09-21,0,0,0.0,0.0,-1.508629,,,,,,
ヴァズレーヌ,ヴァズレーヌ,1,2026-09-21,2026-09-21,0,0,0.0,0.0,0.223155,,,,,,
ワーズワース,ワーズワース,1,2026-09-21,2026-09-21,0,0,0.0,0.0,-0.838589,,,,,,
ロードストラダーレ,ロードストラダーレ,1,2026-09-21,2026-09-21,0,0,0.0,0.0,-1.322771,,,,,,
ロードガレリア,ロードガレリア,1,2026-09-21,2026-09-21,0,0,0.0,0.0,0.589597,,,,,,
ロードアルディート,ロードアルディート,1,2026-09-21,2026-09-21,0,0,0.0,0.0,-0.193218,,,,,,
レーンアジリティ,レーンアジリティ,1,2026-09-21,2026-09-21,0,0,0.0,0.0,-1.657441,,,,,,
ロブチェン,ロブチェン,1,2026-09-21,2026-09-21,0,0,0.0,0.0,1.823619,,,,,,
ロットブラータ,ロットブラータ,1,2026-09-21,2026-09-21,0,0,0.0,0.0,-0.679354,,,,,,
ロゼル,ロゼル,1,2026-09-21,2026-09-21,0,0,0.0,0.0,-1.851529,,,,,,
ロイスター,ロイスター,1,2026-09-21,2026-09-21,0,0,0.0,0.0,-0.835157,,,,,,
ロイガヴェーグル,ロイガヴェーグル,1,2026-09-21,2026-09-21,0,0,0.0,0.0,-1.710189,,,,,,
レーヴドレフォン,レーヴドレフォン,1,2026-09-21,2026-09-21,0,0,0.0,0.0,-1.86393,,,,,,
ラテライト,ラテライト,1,2026-09-21,2026-09-21,0,0,0.0,0.0,-0.621364,,,,,,
ラオラシオン,ラオラシオン,1,2026-09-21,2026-09-21,0,0,0.0,0.0,-0.444974,,,,,,
ライトオブヌカタ,ライトオブヌカタ,1,2026-09-21,2026-09-21,0,0,0.0,0.0,0.034832,,,,,,
ベルサンローラン,ベルサンローラン,1,2026-09-21,2026-09-21,0,0,0.0,0.0,-0.380668,,,,,,
ホーナー,ホーナー,1,2026-09-21,2026-09-21,0,0,0.0,0.0,-1.521586,,,,,,
ホットシート,ホットシート,1,2026-09-21,2026-09-21,0,0,0.0,0.0,0.118037,,,,,,
ホウオウガイア,ホウオウガイア,1,2026-09-21,2026-09-21,0,0,0.0,0.0,-1.451132,,,,,,
ペールノエル,ペールノエル,1,2026-09-21,2026-09-21,0,0,0.0,0.0,-0.241716,,,,,,
ペルヴォルム,ペルヴォルム,1,2026-09-21,2026-09-21,0,0,0.0,0.0,-2.469406,,,,,,
ベルセクレト,ベルセクレト,1,2026-09-21,2026-09-21,0,0,0.0,0.0,-0.796258,,,,,,
ベルサ,ベルサ,1,2026-09-21,2026-09-21,0,0,0.0,0.0,-0.547612,,,,,,
マジックブルー,マジックブルー,1,2026-09-21,2026-09-21,0,0,0.0,0.0,-1.786918,,,,,,
ベルウッドクレド,ベルウッドクレド,1,2026-09-21,2026-09-21,0,0,0.0,0.0,0.018069,,,,,,
ベトルス,ベトルス,1,2026-09-21,2026-09-21,0,0,0.0,0.0,0.534247,,,,,,
プルーヴンウィナー,プルーヴンウィナー,1,2026-09-21,2026-09-21,0,0,0.0,0.0,-0.627629,,,,,,
プリムツァール,プリムツァール,1,2026-09-21,2026-09-21,0,0,0.0,0.0,0.460604,,,,,,
プラチナムディスク,プラチナムディスク,1,2026-09-21,2026-09-21,0,0,0.0,0.0,-1.224576,,,,,,
プチプラージュ,プチプラージュ,1,2026-09-21,2026-09-21,0,0,0.0,0.0,-1.987283,,,,,,
ポートデラメール,ポートデラメール,1,2026-09-21,2026-09-21,0,0,0.0,0.0,0.536732,,,,,,
マダムカマラード,マダムカマラード,1,2026-09-21,2026-09-21,0,0,0.0,0.0,-2.173699,,,,,,
ユーヴェリア,ユーヴェリア,1,2026-09-21,2026-09-21,0,0,0.0,0.0,-1.999249,,,,,,
メイショウサトノヒ,メイショウサトノヒ,1,2026-09-21,2026-09-21,0,0,0.0,0.0,-1.007661,,,,,,
ユキノサイエンス,ユキノサイエンス,1,2026-09-21,2026-09-21,0,0,0.0,0.0,-1.122528,,,,,,
ユアフェリシティ,ユアフェリシティ,1,2026-09-21,2026-09-21,0,0,0.0,0.0,0.663068,,,,,,
ヤマニンバロネス,ヤマニンバロネス,1,2026-09-21,2026-09-21,0,0,0.0,0.0,-1.254274,,,,,,
モズタチアガレ,モズタチアガレ,1,2026-09-21,2026-09-21,0,0,0.0,0.0,-0.448854,,,,,,
メトロポリターナ,メトロポリターナ,1,2026-09-21,2026-09-21,0,0,0.0,0.0,-1.780863,,,,,,
メイショウジンライ,メイショウジンライ,1,2026-09-21,2026-09-21,0,0,0.0,0.0,-0.007675,,,,,,
メイショウカスガイ,メイショウカスガイ,1,2026-09-21,2026-09-21,0,0,0.0,0.0,-1.771553,,,,,,
マルカベント,マルカベント,1,2026-09-21,2026-09-21,0,0,0.0,0.0,-2.271581,,,,,,
メイクワンズデイ,メイクワンズデイ,1,2026-09-21,2026-09-21,0,0,0.0,0.0,0.465462,,,,,,
メアヴィア,メアヴィア,1,2026-09-21,2026-09-21,0,0,0.0,0.0,-1.44602,,,,,,
ムーンライトダイヤ,ムーンライトダイヤ,1,2026-09-21,2026-09-21,0,0,0.0,0.0,-0.287748,,,,,,
ミスタージーティー,ミスタージーティー,1,2026-09-21,2026-09-21,0,0,0.0,0.0,-0.126332,,,,,,
マーシヴィガラス,マーシヴィガラス,1,2026-09-21,2026-09-21,0,0,0.0,0.0,-0.635178,,,,,,
マーゴットソラーレ,マーゴットソラーレ,1,2026-09-21,2026-09-21,0,0,0.0,0.0,-0.912914,,,,,,
サトノクローク,サトノクローク,1,2026-09-21,2026-09-21,0,0,0.0,0.0,0.292097,,,,,,
ゴールドコット,ゴールドコット,1,2026-09-21,2026-09-21,0,0,0.0,0.0,-0.649955,,,,,,
ゴーラッキー,ゴーラッキー,1,2026-09-21,2026-09-21,0,0,0.0,0.0,1.046472,,,,,,
2024106603.0,シスキンブルーム,1,2026-08-30,2026-08-30,0,0,0.0,0.0,0.1969030317623607,97.0,4.0,2.0,2026-0830-07-03-04-07,2.0,
2024102340.0,シアンディオ,1,2026-08-22,2026-08-22,0,0,0.0,0.0,0.0214145329608553,689.0,8.0,9.0,2026-0822-01-02-01-09,12.0,
2024101644.0,マルモリムソウ,1,2026-08-30,2026-08-30,0,0,0.0,0.0,0.1045883417370326,190.0,6.0,5.0,2026-0830-07-03-04-07,7.0,
2024101636.0,ラビリンスティアラ,1,2026-08-29,2026-08-29,0,0,0.0,0.0,0.0274246271212645,156.0,7.0,7.0,2026-0829-01-02-03-10,5.0,
2024101438.0,ピクニックマーチ,1,2026-08-29,2026-08-29,0,0,0.0,0.0,0.0897468876845921,146.0,6.0,5.0,2026-0829-01-02-03-10,6.0,
2024101160.0,トラデスカンティア,1,2026-08-29,2026-08-29,0,0,0.0,0.0,0.0264503313736051,332.0,9.0,8.0,2026-0829-01-02-03-10,11.0,
2024100671.0,フレイコン,1,2026-08-22,2026-08-22,0,0,0.0,0.0,0.187959882572851,19.0,1.0,2.0,2026-0822-01-02-01-09,2.0,
2024100521.0,トップチェッカー,1,2026-08-23,2026-08-23,0,0,0.0,0.0,0.1905914084291681,82.0,5.0,2.0,2026-0823-04-03-02-07,3.0,
2024100213.0,スターオブヴェイズ,1,2026-08-22,2026-08-22,0,0,0.0,0.0,0.0199479388223,2196.0,13.0,12.0,2026-0822-01-02-01-09,14.0,
2024100120.0,ステラトップガン,1,2026-08-22,2026-08-22,0,0,0.0,0.0,0.0712806131117791,124.0,5.0,7.0,2026-0822-01-02-01-09,7.0,
2023110085.0,ナルキッソス,1,2026-08-23,2026-08-23,0,0,0.0,0.0,0.1426746768603624,23.0,1.0,4.0,2026-0823-04-03-02-08,4.0,
2023110070.0,ブームバップビート,1,2026-08-30,2026-08-30,1,0,100.0,0.0,0.3121289554630435,23.0,1.0,1.0,2026-0830-07-03-04-05,4.0,-1.0
2023110065.0,ユウファラオ,1,2026-08-29,2026-08-29,0,0,0.0,0.0,0.0848744661980179,92.0,4.0,5.0,2026-0829-07-03-03-07,10.0,
2023110029.0,ジューンセクレタ,1,2026-08-29,2026-08-29,0,0,0.0,0.0,0.164116301671509,55.0,3.0,2.0,2026-0829-07-03-03-10,4.0,
2023110023.0,チャンピオンロード,1,2026-08-29,2026-08-29,0,0,0.0,0.0,0.0063308497456795,1807.0,12.0,13.0,2026-0829-07-03-03-11,13.0,
2023109076.0,メイヨシュア,1,2026-08-23,2026-08-23,0,0,0.0,0.0,0.0131653920303415,1779.0,14.0,16.0,2026-0823-04-03-02-11,6.0,
2024102830.0,アイデアルカット,1,2026-08-23,2026-08-23,0,0,0.0,0.0,0.012652881331477,1106.0,8.0,8.0,2026-0823-04-03-02-07,8.0,
2024102852.0,マイホームパパ,1,2026-08-23,2026-08-23,0,0,0.0,0.0,0.0063831115972626,1850.0,10.0,10.0,2026-0823-04-03-02-07,10.0,
2024103226.0,マインドフルネス,1,2026-08-23,2026-08-23,0,0,0.0,0.0,0.0259180812892426,403.0,7.0,7.0,2026-0823-04-03-02-07,6.0,
2024105166.0,タイフーンナイン,1,2026-08-29,2026-08-29,1,0,100.0,0.0,0.2547908863283674,53.0,3.0,1.0,2026-0829-01-02-03-10,10.0,-1.0
2024106276.0,ムーンベリル,1,2026-08-29,2026-08-29,0,0,0.0,0.0,0.1589604060506952,84.0,4.0,3.0,2026-0829-01-02-03-10,9.0,
2024106262.0,ビスケットサンド,1,2026-08-30,2026-08-30,0,0,0.0,0.0,0.1828168963130168,40.0,2.0,3.0,2026-0830-07-03-04-07,3.0,
2024106025.0,シャンデヴァーグ,1,2026-08-23,2026-08-23,0,0,0.0,0.0,0.170450121104387,43.0,3.0,3.0,2026-0823-04-03-02-07,5.0,
2024105617.0,スハッチェ,1,2026-08-29,2026-08-29,0,0,0.0,0.0,0.0264503313736051,1513.0,12.0,10.0,2026-0829-01-02-03-10,4.0,
2024105590.0,エイシンウルトラン,1,2026-08-22,2026-08-22,0,0,0.0,0.0,0.0199479388223,604.0,7.0,13.0,2026-0822-01-02-01-09,3.0,
2024105383.0,ルベルグラン,1,2026-08-29,2026-08-29,0,0,0.0,0.0,0.0264503313736051,821.0,10.0,9.0,2026-0829-01-02-03-10,12.0,
2024104976.0,チカバリエンテ,1,2026-08-22,2026-08-22,0,0,0.0,0.0,0.0722730094332507,241.0,6.0,6.0,2026-0822-01-02-01-09,9.0,
2024103505.0,ヌーンベルク,1,2026-08-29,2026-08-29,0,0,0.0,0.0,0.0529767780081447,89.0,5.0,6.0,2026-0829-01-02-03-10,7.0,
2024104696.0,トウシンマジック,1,2026-08-23,2026-08-23,0,0,0.0,0.0,0.1032062931325833,40.0,2.0,5.0,2026-0823-04-03-02-07,2.0,
2024104483.0,スイートアリッサム,1,2026-08-23,2026-08-23,0,0,0.0,0.0,0.0887853617451176,198.0,6.0,6.0,2026-0823-04-03-02-07,4.0,
2024104113.0,ダマスク,1,2026-08-22,2026-08-22,0,0,0.0,0.0,0.1084397022179318,896.0,10.0,4.0,2026-0822-01-02-01-09,8.0,
2024104065.0,コパノシチリア,1,2026-08-22,2026-08-22,0,0,0.0,0.0,0.0206827194832535,2162.0,12.0,10.0,2026-0822-01-02-01-09,6.0,
2024103547.0,ウインガラハッド,1,2026-08-29,2026-08-29,0,0,0.0,0.0,0.1020934459780379,26.0,1.0,4.0,2026-0829-01-02-03-10,2.0,
2024103538.0,ラードンチェイス,1,2026-08-22,2026-08-22,0,0,0.0,0.0,0.0894966229514537,48.0,3.0,5.0,2026-0822-01-02-01-09,4.0,
2023109031.0,ココソラーレ,2,2026-08-23,2026-08-30,0,0,0.0,0.0,0.06486303722974104,818.5,9.5,7.0,2026-0830-04-03-04-11,9.0,
2023107517.0,ジャスパーメルチェ,1,2026-08-23,2026-08-23,0,0,0.0,0.0,0.0223018897033113,337.0,10.0,10.0,2026-0823-07-03-02-08,8.0,
2023107516.0,スノースケープ,1,2026-08-22,2026-08-22,1,0,100.0,0.0,0.50447227127795,12.0,1.0,1.0,2026-0822-07-03-01-03,6.0,-1.0
2023106916.0,リゾートアイランド,1,2026-08-30,2026-08-30,0,0,0.0,0.0,0.0668327476383951,212.0,10.0,8.0,2026-0830-01-02-04-11,4.0,
2023107047.0,ラヴィニール,1,2026-08-23,2026-08-23,0,0,0.0,0.0,0.0539098633857903,206.0,7.0,6.0,2026-0823-04-03-02-10,8.0,
2023107032.0,イモータリス,1,2026-08-23,2026-08-23,1,0,100.0,0.0,0.2477726948051756,94.0,3.0,1.0,2026-0823-04-03-02-10,4.0,-1.0
2023107024.0,シニャンガ,1,2026-08-23,2026-08-23,0,0,0.0,0.0,0.1696710974310896,54.0,3.0,3.0,2026-0823-01-02-02-08,5.0,
2023107017.0,アビラーシャ,1,2026-08-22,2026-08-22,0,0,0.0,0.0,0.0237331265168327,192.0,7.0,8.0,2026-0822-07-03-01-10,2.0,
2023107013.0,ランブルスコ,1,2026-08-29,2026-08-29,0,0,0.0,0.0,0.1224344992643884,33.0,2.0,5.0,2026-0829-04-03-03-09,4.0,
2023106932.0,サトノエスケープ,1,2026-08-30,2026-08-30,1,0,100.0,0.0,0.3336396466063018,30.0,2.0,1.0,2026-0830-04-03-04-12,2.0,-1.0
2023106912.0,ジュジュドール,1,2026-08-22,2026-08-22,0,0,0.0,0.0,0.0068344208451657,2254.0,11.0,10.0,2026-0822-01-02-01-12,8.0,
2023107078.0,スマイルカーブ,1,2026-08-22,2026-08-22,0,0,0.0,0.0,0.0673331327828306,143.0,6.0,6.0,2026-0822-04-03-01-10,11.0,
2023106866.0,サイン,1,2026-08-23,2026-08-23,0,0,0.0,0.0,0.085798605588583,151.0,7.0,5.0,2026-0823-01-02-02-09,8.0,
2023106850.0,ゾロアストロ,1,2026-08-30,2026-08-30,0,0,0.0,0.0,0.1291854713003547,35.0,2.0,3.0,2026-0830-04-03-04-08,1.0,
2023106844.0,モルニケ,1,2026-08-23,2026-08-23,0,0,0.0,0.0,0.2149419229439862,40.0,3.0,2.0,2026-0823-01-02-02-06,7.0,
2023106836.0,アドマイヤウルトラ,1,2026-08-22,2026-08-22,0,0,0.0,0.0,0.0405631571003898,158.0,7.0,9.0,2026-0822-04-03-01-10,4.0,
2023106829.0,ベアサナエチャン,1,2026-08-23,2026-08-23,0,0,0.0,0.0,0.0375935903519124,160.0,4.0,6.0,2026-0823-01-02-02-06,4.0,
2022106123.0,ガンマジーティーピ,1,2026-08-29,2026-08-29,0,0,0.0,0.0,0.1111924926971681,94.0,5.0,3.0,2026-0829-07-03-03-07,4.0,
2023107050.0,ワンダフルデイズ,1,2026-08-30,2026-08-30,0,0,0.0,0.0,0.138403226279723,65.0,3.0,2.0,2026-0830-01-02-04-12,2.0,
2023107093.0,ゴンファロニエーレ,1,2026-08-29,2026-08-29,0,0,0.0,0.0,0.1666672170398564,39.0,3.0,2.0,2026-0829-04-03-03-09,2.0,
2023107412.0,リピース,1,2026-08-22,2026-08-22,0,0,0.0,0.0,0.0658404972500322,256.0,9.0,8.0,2026-0822-01-02-01-08,8.0,
2023107244.0,ヴィスコンテッサ,1,2026-08-23,2026-08-23,1,0,100.0,0.0,0.4480775972039245,17.0,1.0,1.0,2026-0823-07-03-02-05,3.0,-1.0
2023107389.0,チャリングクロス,1,2026-08-30,2026-08-30,0,0,0.0,0.0,0.1748876788516717,35.0,1.0,2.0,2026-0830-04-03-04-07,7.0,
2023107379.0,サトノビダーヤ,1,2026-08-22,2026-08-22,0,0,0.0,0.0,0.0127658964145057,412.0,6.0,8.0,2026-0822-07-03-01-03,4.0,
2023107351.0,クラッチスラッガー,1,2026-08-22,2026-08-22,0,0,0.0,0.0,0.0360332222866454,70.0,3.0,6.0,2026-0822-07-03-01-08,10.0,
2023107337.0,ルージュビバーチェ,1,2026-08-22,2026-08-22,0,0,0.0,0.0,0.1237210685947331,33.0,2.0,3.0,2026-0822-01-02-01-08,1.0,
2023107299.0,ホールオブミラーズ,1,2026-08-22,2026-08-22,0,0,0.0,0.0,0.3323480361261935,27.0,2.0,2.0,2026-0822-07-03-01-08,2.0,
2023107251.0,モノポリオ,1,2026-08-23,2026-08-23,0,0,0.0,0.0,0.126808628714412,24.0,1.0,3.0,2026-0823-01-02-02-06,8.0,
2023107231.0,ニルマーネル,1,2026-08-29,2026-08-29,0,0,0.0,0.0,0.0557527013604088,64.0,3.0,7.0,2026-0829-01-02-03-07,5.0,
2023107121.0,タッセルノット,1,2026-08-30,2026-08-30,0,0,0.0,0.0,0.1431505937784844,23.0,1.0,3.0,2026-0830-04-03-04-11,1.0,
2023107194.0,ブランヴァンダイク,1,2026-08-23,2026-08-23,0,0,0.0,0.0,0.0212916985231632,213.0,7.0,9.0,2026-0823-01-02-02-08,8.0,
2023107179.0,ダーリングハースト,1,2026-08-30,2026-08-30,0,0,0.0,0.0,0.192204451144039,32.0,2.0,2.0,2026-0830-04-03-04-11,2.0,
2023107169.0,エルハーベン,1,2026-08-23,2026-08-23,0,0,0.0,0.0,0.1441746121789568,67.0,3.0,2.0,2026-0823-07-03-02-11,1.0,
2023107166.0,ロデオドライブ,1,2026-08-30,2026-08-30,1,0,100.0,0.0,0.3090398295882909,37.0,3.0,1.0,2026-0830-04-03-04-08,2.0,-1.0
2023107157.0,ブレットパス,1,2026-08-30,2026-08-30,0,0,0.0,0.0,0.1290770597419878,35.0,1.0,3.0,2026-0830-07-03-04-08,7.0,
2023107143.0,ノチェセラーダ,1,2026-08-30,2026-08-30,0,0,0.0,0.0,0.066389858059948,97.0,5.0,6.0,2026-0830-07-03-04-08,2.0,
2024106282.0,インカルナータ,1,2026-08-23,2026-08-23,0,0,0.0,0.0,0.1534031131044648,50.0,4.0,4.0,2026-0823-04-03-02-07,9.0,
2024106606.0,ウィエダンド,1,2026-08-22,2026-08-22,0,0,0.0,0.0,0.1119986008919019,106.0,4.0,3.0,2026-0822-01-02-01-09,5.0,
ゴーツウキリシマ,ゴーツウキリシマ,1,2026-09-21,2026-09-21,0,0,0.0,0.0,-1.494134,,,,,,
2024106654.0,サンタンジェロ,1,2026-08-30,2026-08-30,0,0,0.0,0.0,0.1016768497887311,54.0,3.0,6.0,2026-0830-07-03-04-07,5.0,
キタノサワヤカ,キタノサワヤカ,1,2026-09-21,2026-09-21,0,0,0.0,0.0,-1.885163,,,,,,
キタサンハナビラ,キタサンハナビラ,1,2026-09-21,2026-09-21,0,0,0.0,0.0,0.14546,,,,,,
キイチムーブメント,キイチムーブメント,1,2026-09-21,2026-09-21,0,0,0.0,0.0,-1.627811,,,,,,
カルマンフィルター,カルマンフィルター,1,2026-09-21,2026-09-21,0,0,0.0,0.0,-0.896656,,,,,,
カムアップローゼス,カムアップローゼス,1,2026-09-21,2026-09-21,0,0,0.0,0.0,0.15781,,,,,,
カフジエメンタール,カフジエメンタール,1,2026-09-21,2026-09-21,0,0,0.0,0.0,0.576769,,,,,,
カスバートテソーロ,カスバートテソーロ,1,2026-09-21,2026-09-21,0,0,0.0,0.0,-1.139847,,,,,,
カシノリアーナ,カシノリアーナ,1,2026-09-21,2026-09-21,0,0,0.0,0.0,-1.807067,,,,,,
カサブランカキッド,カサブランカキッド,1,2026-09-21,2026-09-21,0,0,0.0,0.0,-1.462305,,,,,,
カイラーサ,カイラーサ,1,2026-09-21,2026-09-21,0,0,0.0,0.0,-0.302088,,,,,,
オーレアミスト,オーレアミスト,1,2026-09-21,2026-09-21,0,0,0.0,0.0,-1.5815,,,,,,
オーケーダイナ,オーケーダイナ,1,2026-09-21,2026-09-21,0,0,0.0,0.0,-1.613004,,,,,,
オレデイイノカ,オレデイイノカ,1,2026-09-21,2026-09-21,0,0,0.0,0.0,-1.650247,,,,,,
オコタンペ,オコタンペ,1,2026-09-21,2026-09-21,0,0,0.0,0.0,-1.150191,,,,,,
オウケンヴィーナス,オウケンヴィーナス,1,2026-09-21,2026-09-21,0,0,0.0,0.0,-2.401446,,,,,,
キョウエイフロイデ,キョウエイフロイデ,1,2026-09-21,2026-09-21,0,0,0.0,0.0,0.593761,,,,,,
クイノールト,クイノールト,1,2026-09-21,2026-09-21,0,0,0.0,0.0,-1.465633,,,,,,
クラッチスラッガー,クラッチスラッガー,1,2026-09-21,2026-09-21,0,0,0.0,0.0,-0.962498,,,,,,
コウセイケンタロス,コウセイケンタロス,1,2026-09-21,2026-09-21,0,0,0.0,0.0,-2.370139,,,,,,
ゴーゴーパンチ,ゴーゴーパンチ,1,2026-09-21,2026-09-21,0,0,0.0,0.0,-0.855518,,,,,,
コンジェスタス,コンジェスタス,1,2026-09-21,2026-09-21,0,0,0.0,0.0,1.599485,,,,,,
コンアフェット,コンアフェット,1,2026-09-21,2026-09-21,0,0,0.0,0.0,-0.289015,,,,,,
コロナドブリッジ,コロナドブリッジ,1,2026-09-21,2026-09-21,0,0,0.0,0.0,0.33989,,,,,,
コパノエビータ,コパノエビータ,1,2026-09-21,2026-09-21,0,0,0.0,0.0,-1.782252,,,,,,
コトブキヘスペラス,コトブキヘスペラス,1,2026-09-21,2026-09-21,0,0,0.0,0.0,-1.744746,,,,,,
ゲキザル,ゲキザル,1,2026-09-21,2026-09-21,0,0,0.0,0.0,-0.049079,,,,,,
クリノゴッホ,クリノゴッホ,1,2026-09-21,2026-09-21,0,0,0.0,0.0,-1.905493,,,,,,
ケールハイム,ケールハイム,1,2026-09-21,2026-09-21,0,0,0.0,0.0,0.19975,,,,,,
グレイテストソング,グレイテストソング,1,2026-09-21,2026-09-21,0,0,0.0,0.0,-0.713038,,,,,,
グリーンエナジー,グリーンエナジー,1,2026-09-21,2026-09-21,0,0,0.0,0.0,0.317287,,,,,,
グランナヴィール,グランナヴィール,1,2026-09-21,2026-09-21,0,0,0.0,0.0,-0.000137,,,,,,
クレスコドルフィン,クレスコドルフィン,1,2026-09-21,2026-09-21,0,0,0.0,0.0,-2.031138,,,,,,
クリノセーラーマン,クリノセーラーマン,1,2026-09-21,2026-09-21,0,0,0.0,0.0,-1.907462,,,,,,
エリム,エリム,1,2026-09-21,2026-09-21,0,0,0.0,0.0,-1.61983,,,,,,
エムズビギン,エムズビギン,1,2026-09-21,2026-09-21,0,0,0.0,0.0,0.175434,,,,,,
エフエイト,エフエイト,1,2026-09-21,2026-09-21,0,0,0.0,0.0,-1.295974,,,,,,
2024108325.0,ジャスパートレノ,1,2026-08-30,2026-08-30,0,0,0.0,0.0,0.1518333467990419,344.0,7.0,4.0,2026-0830-07-03-04-07,4.0,
アバットゥータ,アバットゥータ,1,2026-09-21,2026-09-21,0,0,0.0,0.0,-1.314584,,,,,,
アドアプローズ,アドアプローズ,1,2026-09-21,2026-09-21,0,0,0.0,0.0,-2.03814,,,,,,
アイスヴィレッジ,アイスヴィレッジ,1,2026-09-21,2026-09-21,0,0,0.0,0.0,-1.126571,,,,,,
2024109031.0,ピンクゴールド,1,2026-08-29,2026-08-29,0,0,0.0,0.0,0.0264503313736051,998.0,11.0,12.0,2026-0829-01-02-03-10,3.0,
2024108327.0,ピコジャック,1,2026-08-30,2026-08-30,0,0,0.0,0.0,0.0048362359865258,1517.0,9.0,8.0,2026-0830-07-03-04-07,9.0,
2024108326.0,ピコキング,1,2026-08-30,2026-08-30,0,0,0.0,0.0,0.0041366061720128,1378.0,8.0,9.0,2026-0830-07-03-04-07,8.0,
2024108273.0,バクソウシャチョウ,1,2026-08-30,2026-08-30,0,0,0.0,0.0,0.0436791813553035,174.0,5.0,7.0,2026-0830-07-03-04-07,6.0,
アルシミスト,アルシミスト,1,2026-09-21,2026-09-21,0,0,0.0,0.0,-1.564668,,,,,,
2024108150.0,エンジェルボヌール,1,2026-08-22,2026-08-22,0,0,0.0,0.0,0.0199479388223,4082.0,14.0,14.0,2026-0822-01-02-01-09,11.0,
2024107393.0,ルアシュエル,1,2026-08-29,2026-08-29,0,0,0.0,0.0,0.0264503313736051,198.0,8.0,11.0,2026-0829-01-02-03-10,8.0,
2024107239.0,ワールドエンジェル,1,2026-08-29,2026-08-29,0,0,0.0,0.0,0.1817553119608721,46.0,2.0,2.0,2026-0829-01-02-03-10,1.0,
2024107053.0,モンビスキュイ,1,2026-08-22,2026-08-22,0,0,0.0,0.0,0.0206827194832535,757.0,9.0,11.0,2026-0822-01-02-01-09,10.0,
2024106853.0,ライーリーアース,1,2026-08-22,2026-08-22,0,0,0.0,0.0,0.0442756455193447,1011.0,11.0,8.0,2026-0822-01-02-01-09,13.0,
2024106831.0,エレスレイプニル,1,2026-08-23,2026-08-23,0,0,0.0,0.0,0.0078233571082763,1134.0,9.0,9.0,2026-0823-04-03-02-07,7.0,
アメリカンバー,アメリカンバー,1,2026-09-21,2026-09-21,0,0,0.0,0.0,-0.961192,,,,,,
アルシャンティ,アルシャンティ,1,2026-09-21,2026-09-21,0,0,0.0,0.0,-1.628863,,,,,,
エコロバロン,エコロバロン,1,2026-09-21,2026-09-21,0,0,0.0,0.0,-1.180255,,,,,,
イモータリス,イモータリス,1,2026-09-21,2026-09-21,0,0,0.0,0.0,0.593646,,,,,,
エイユーファイヤー,エイユーファイヤー,1,2026-09-21,2026-09-21,0,0,0.0,0.0,-0.935828,,,,,,
エイシンティザー,エイシンティザー,1,2026-09-21,2026-09-21,0,0,0.0,0.0,0.438521,,,,,,
エイシンインアウト,エイシンインアウト,1,2026-09-21,2026-09-21,0,0,0.0,0.0,0.278062,,,,,,
エアフォースワン,エアフォースワン,1,2026-09-21,2026-09-21,0,0,0.0,0.0,-1.393845,,,,,,
エアトベーレ,エアトベーレ,1,2026-09-21,2026-09-21,0,0,0.0,0.0,0.460543,,,,,,
ウイントリベルガ,ウイントリベルガ,1,2026-09-21,2026-09-21,0,0,0.0,0.0,-1.896347,,,,,,
アンビシャスヨシノ,アンビシャスヨシノ,1,2026-09-21,2026-09-21,0,0,0.0,0.0,-0.452796,,,,,,
アルデトップガン,アルデトップガン,1,2026-09-21,2026-09-21,0,0,0.0,0.0,0.089946,,,,,,
アンシュウマト,アンシュウマト,1,2026-09-21,2026-09-21,0,0,0.0,0.0,-0.779707,,,,,,
アロンソア,アロンソア,1,2026-09-21,2026-09-21,0,0,0.0,0.0,-0.070858,,,,,,
アレーティア,アレーティア,1,2026-09-21,2026-09-21,0,0,0.0,0.0,-1.5513,,,,,,
アルマデオロ,アルマデオロ,1,2026-09-21,2026-09-21,0,0,0.0,0.0,0.735827,,,,,,
アルマグラース,アルマグラース,1,2026-09-21,2026-09-21,0,0,0.0,0.0,-1.883768,,,,,,
アルトラムス,アルトラムス,1,2026-09-21,2026-09-21,0,0,0.0,0.0,0.838073,,,,,,
2022106185.0,ラグナトーレ,1,2026-08-29,2026-08-29,0,0,0.0,0.0,0.0731109848655242,285.0,8.0,5.0,2026-0829-07-03-03-09,3.0,
2022105954.0,コンテナライン,1,2026-08-29,2026-08-29,0,0,0.0,0.0,0.0357006186458128,295.0,9.0,7.0,2026-0829-07-03-03-09,9.0,
2022106016.0,ブライアーヒル,1,2026-08-30,2026-08-30,0,0,0.0,0.0,0.0389951041751924,1361.0,11.0,8.0,2026-0830-01-02-04-07,12.0,
2021102276.0,マクミランテソーロ,1,2026-08-22,2026-08-22,0,0,0.0,0.0,0.1144614922987501,158.0,5.0,2.0,2026-0822-04-03-01-08,4.0,
2021103278.0,メイショウミリオレ,1,2026-08-22,2026-08-22,0,0,0.0,0.0,0.0275513861435718,183.0,9.0,11.0,2026-0822-01-02-01-10,10.0,
2021103242.0,ジーベック,1,2026-08-22,2026-08-22,0,0,0.0,0.0,0.0140803064718685,511.0,13.0,13.0,2026-0822-01-02-01-10,9.0,
2021103154.0,メイショウカシワデ,1,2026-08-22,2026-08-22,0,0,0.0,0.0,0.1055520678290444,162.0,6.0,3.0,2026-0822-07-03-01-07,14.0,
2021103116.0,ヤブサメ,1,2026-08-22,2026-08-22,0,0,0.0,0.0,0.10046537985349,89.0,4.0,4.0,2026-0822-04-03-01-07,12.0,
2021103002.0,アラナコア,1,2026-08-29,2026-08-29,0,0,0.0,0.0,0.0572779525372406,228.0,5.0,6.0,2026-0829-01-02-03-12,4.0,
2021102835.0,メイショウマドロス,1,2026-08-30,2026-08-30,0,0,0.0,0.0,0.1422458983397341,54.0,3.0,3.0,2026-0830-07-03-04-05,8.0,
2021102800.0,キャントウェイト,1,2026-08-22,2026-08-22,0,0,0.0,0.0,0.0682730862157191,62.0,4.0,8.0,2026-0822-01-02-01-11,1.0,
2021102754.0,ランスオブセヘル,1,2026-08-22,2026-08-22,0,0,0.0,0.0,0.0271836001019524,88.0,2.0,8.0,2026-0822-04-03-01-08,2.0,
2021102753.0,サンセットブライト,1,2026-08-30,2026-08-30,0,0,0.0,0.0,0.0059628878619171,3469.0,15.0,14.0,2026-0830-07-03-04-06,14.0,
2021102708.0,アドミラルシップ,1,2026-08-23,2026-08-23,0,0,0.0,0.0,0.1227970332972566,95.0,6.0,3.0,2026-0823-01-02-02-09,9.0,
2021102550.0,メイショウハッブル,2,2026-08-22,2026-08-30,0,0,0.0,0.0,0.1154224578947681,430.5,7.0,5.0,2026-0830-01-02-04-07,6.0,
2021102510.0,ナムラフッカー,1,2026-08-30,2026-08-30,0,0,0.0,0.0,0.0138755391466027,887.0,11.0,11.0,2026-0830-04-03-04-07,11.0,
2021102494.0,ブーケドグレイス,1,2026-08-23,2026-08-23,0,0,0.0,0.0,0.0164323727363321,1174.0,10.0,11.0,2026-0823-01-02-02-07,8.0,
2021102409.0,ホレーショ,1,2026-08-29,2026-08-29,0,0,0.0,0.0,0.2476475112461803,269.0,6.0,2.0,2026-0829-01-02-03-12,7.0,
2021102379.0,テイクザクラウン,1,2026-08-30,2026-08-30,0,0,0.0,0.0,0.0183058300425622,571.0,9.0,10.0,2026-0830-01-02-04-12,6.0,
2021103293.0,リアンクトワ,1,2026-08-29,2026-08-29,0,0,0.0,0.0,0.1396431639427512,242.0,7.0,3.0,2026-0829-07-03-03-09,5.0,
2021103299.0,シアター,1,2026-08-29,2026-08-29,0,0,0.0,0.0,0.0167703176404833,695.0,10.0,12.0,2026-0829-07-03-03-06,11.0,
2021103312.0,ロードマイライフ,1,2026-08-29,2026-08-29,0,0,0.0,0.0,0.0530311488880552,419.0,11.0,8.0,2026-0829-07-03-03-07,7.0,
2021103582.0,サンダーバース,1,2026-08-22,2026-08-22,0,0,0.0,0.0,0.0052651772621647,1102.0,12.0,16.0,2026-0822-07-03-01-07,2.0,
2021103799.0,ケイケイ,1,2026-08-23,2026-08-23,0,0,0.0,0.0,0.0475793413016673,158.0,6.0,6.0,2026-0823-04-03-02-08,7.0,
2021103744.0,マンウォル,1,2026-08-23,2026-08-23,0,0,0.0,0.0,0.0100006569150771,739.0,9.0,10.0,2026-0823-04-03-02-08,10.0,
2021103727.0,キーチパルフェ,1,2026-08-30,2026-08-30,0,0,0.0,0.0,0.0742687144635314,231.0,8.0,5.0,2026-0830-07-03-04-06,8.0,
2021103706.0,アルジェンタージョ,1,2026-08-22,2026-08-22,0,0,0.0,0.0,0.027879408016661,962.0,12.0,7.0,2026-0822-04-03-01-08,9.0,
2021103682.0,マジックブルー,1,2026-08-30,2026-08-30,0,0,0.0,0.0,0.0216714663330723,1126.0,11.0,10.0,2026-0830-07-03-04-05,10.0,
2021103595.0,ビーコング,1,2026-08-22,2026-08-22,0,0,0.0,0.0,0.0456432516144236,86.0,5.0,9.0,2026-0822-01-02-01-10,4.0,
2021103574.0,インジケーター,1,2026-08-30,2026-08-30,0,0,0.0,0.0,0.0090343079535786,1391.0,13.0,11.0,2026-0830-07-03-04-06,10.0,
2021103322.0,スプリングデイ,1,2026-08-29,2026-08-29,0,0,0.0,0.0,0.0109704349816208,438.0,11.0,15.0,2026-0829-01-02-03-07,2.0,
2021103555.0,ゴールデンステップ,1,2026-08-30,2026-08-30,1,0,100.0,0.0,0.3500173010293236,29.0,2.0,1.0,2026-0830-04-03-04-01,2.0,-1.0
2021103520.0,デルシエロ,1,2026-08-23,2026-08-23,0,0,0.0,0.0,0.0905906328735503,163.0,8.0,4.0,2026-0823-01-02-02-09,6.0,
2021103518.0,リアルセンター,1,2026-08-30,2026-08-30,0,0,0.0,0.0,0.0279573390898935,471.0,8.0,8.0,2026-0830-07-03-04-10,3.0,
2021103478.0,ファビュラススター,1,2026-08-30,2026-08-30,0,0,0.0,0.0,0.0240853298763504,222.0,10.0,12.0,2026-0830-01-02-04-10,2.0,
2021103451.0,プルミエールパス,1,2026-08-30,2026-08-30,0,0,0.0,0.0,0.0602070778524944,42.0,3.0,5.0,2026-0830-01-02-04-07,1.0,
2021103343.0,ハヌル,1,2026-08-23,2026-08-23,0,0,0.0,0.0,0.0295427711673539,294.0,8.0,9.0,2026-0823-04-03-02-09,8.0,
2021102336.0,ヨシノヤッタルデー,1,2026-08-30,2026-08-30,0,0,0.0,0.0,0.0241392115428381,1595.0,10.0,9.0,2026-0830-04-03-04-01,9.0,
2021102246.0,テーオーダグラス,1,2026-08-22,2026-08-22,1,0,100.0,0.0,0.1660801219494432,161.0,7.0,1.0,2026-0822-01-02-01-11,7.0,-1.0
2021105971.0,フラッシング,1,2026-08-30,2026-08-30,0,0,0.0,0.0,0.0142388479501153,1364.0,11.0,11.0,2026-0830-04-03-04-06,8.0,
2021102219.0,コパノエビータ,1,2026-08-30,2026-08-30,0,0,0.0,0.0,0.0134379736774412,3356.0,15.0,12.0,2026-0830-04-03-04-06,10.0,
2021100606.0,ベルイストワール,1,2026-08-29,2026-08-29,0,0,0.0,0.0,0.0161364968751376,528.0,8.0,11.0,2026-0829-04-03-03-08,6.0,
2021100564.0,エフォートレス,1,2026-08-30,2026-08-30,0,0,0.0,0.0,0.0720852323605659,85.0,5.0,7.0,2026-0830-01-02-04-11,3.0,
2021100561.0,ハビレ,1,2026-08-29,2026-08-29,0,0,0.0,0.0,0.0946361309551287,84.0,6.0,3.0,2026-0829-04-03-03-08,5.0,
2021100557.0,オーサムストローク,1,2026-08-30,2026-08-30,0,0,0.0,0.0,0.0887261034354441,56.0,3.0,3.0,2026-0830-04-03-04-01,1.0,
2021100540.0,アルプスオジョー,1,2026-08-29,2026-08-29,0,0,0.0,0.0,0.0211921806844042,240.0,8.0,10.0,2026-0829-07-03-03-10,13.0,
2021100522.0,ジョーメッドヴィン,1,2026-08-23,2026-08-23,0,0,0.0,0.0,0.0178441360339047,1383.0,14.0,14.0,2026-0823-01-02-02-11,12.0,
2021100494.0,ガロンヌ,1,2026-08-22,2026-08-22,0,0,0.0,0.0,0.0127359883348619,611.0,14.0,15.0,2026-0822-04-03-01-07,2.0,
2021100478.0,ジュエルドレーサー,1,2026-08-23,2026-08-23,0,0,0.0,0.0,0.0461556729324164,140.0,6.0,7.0,2026-0823-04-03-02-11,8.0,
2021100476.0,ファイツオン,1,2026-08-30,2026-08-30,0,0,0.0,0.0,0.0516428264024922,340.0,8.0,6.0,2026-0830-04-03-04-09,7.0,
2021100469.0,カフェアローロ,1,2026-08-29,2026-08-29,0,0,0.0,0.0,0.0101541771784279,2410.0,16.0,16.0,2026-0829-04-03-03-07,13.0,
2021100363.0,パワーホール,1,2026-08-30,2026-08-30,0,0,0.0,0.0,0.0059047620061127,145.0,7.0,14.0,2026-0830-01-02-04-11,13.0,
2021100362.0,ホウオウドルーリー,1,2026-08-23,2026-08-23,0,0,0.0,0.0,0.0147638855394133,1497.0,15.0,12.0,2026-0823-07-03-02-11,14.0,
2021100303.0,ブリオメンテ,2,2026-08-22,2026-08-30,0,0,0.0,0.0,0.09049154996465195,152.0,4.0,4.5,2026-0830-01-02-04-09,2.0,
2021100300.0,エンセリオ,1,2026-08-23,2026-08-23,0,0,0.0,0.0,0.0120577796286273,1444.0,14.0,15.0,2026-0823-04-03-02-06,12.0,
2021100292.0,パフ,1,2026-08-23,2026-08-23,0,0,0.0,0.0,0.041409425450012,152.0,7.0,9.0,2026-0823-04-03-02-06,11.0,
2021100786.0,ゲーベル,1,2026-08-29,2026-08-29,0,0,0.0,0.0,0.0469470843942899,462.0,9.0,8.0,2026-0829-07-03-03-06,10.0,
2021100935.0,ララマセラシオン,1,2026-08-22,2026-08-22,0,0,0.0,0.0,0.1257642034559518,196.0,8.0,2.0,2026-0822-04-03-01-07,3.0,
2021101019.0,コト,1,2026-08-29,2026-08-29,0,0,0.0,0.0,0.0094340809233178,314.0,9.0,15.0,2026-0829-07-03-03-07,11.0,
2021101733.0,クロドラバール,1,2026-08-30,2026-08-30,0,0,0.0,0.0,0.0047056617169407,1805.0,13.0,15.0,2026-0830-04-03-04-06,4.0,
2021102203.0,トレベルオール,1,2026-08-29,2026-08-29,0,0,0.0,0.0,0.1033136499360484,174.0,6.0,3.0,2026-0829-04-03-03-06,6.0,
2021102200.0,レッドライトニング,1,2026-08-23,2026-08-23,0,0,0.0,0.0,0.0643269739965402,94.0,6.0,7.0,2026-0823-01-02-02-10,4.0,
2021102106.0,ツルマウカタチ,1,2026-08-29,2026-08-29,0,0,0.0,0.0,0.017352259122846,180.0,6.0,14.0,2026-0829-04-03-03-07,10.0,
2021101896.0,ダイユウファリーナ,1,2026-08-23,2026-08-23,0,0,0.0,0.0,0.0061126948708549,4355.0,15.0,15.0,2026-0823-04-03-02-09,15.0,
2021101891.0,スパークルジョイ,1,2026-08-30,2026-08-30,0,0,0.0,0.0,0.030590176225507,411.0,9.0,9.0,2026-0830-01-02-04-07,4.0,
2021101801.0,ケイツールピア,1,2026-08-30,2026-08-30,0,0,0.0,0.0,0.0087105518759577,1622.0,11.0,12.0,2026-0830-04-03-04-11,6.0,
2021101595.0,ヴィヴァクラウン,1,2026-08-22,2026-08-22,0,0,0.0,0.0,0.0513571944789232,180.0,8.0,8.0,2026-0822-01-02-01-10,11.0,
2021101088.0,テイキットイージー,1,2026-08-29,2026-08-29,0,0,0.0,0.0,0.0240387985610089,492.0,8.0,8.0,2026-0829-04-03-03-09,5.0,
2021101554.0,アルベリック,1,2026-08-30,2026-08-30,0,0,0.0,0.0,0.0129083261836164,760.0,9.0,13.0,2026-0830-04-03-04-06,11.0,
2021101304.0,サンウリエル,1,2026-08-23,2026-08-23,0,0,0.0,0.0,0.0125938003775618,1242.0,11.0,9.0,2026-0823-01-02-02-06,6.0,
2021101259.0,カズタンジャー,1,2026-08-29,2026-08-29,0,0,0.0,0.0,0.245883910591128,58.0,2.0,2.0,2026-0829-04-03-03-08,4.0,
2021101166.0,ノーマジック,1,2026-08-29,2026-08-29,0,0,0.0,0.0,0.0060340908203353,3362.0,12.0,12.0,2026-0829-04-03-03-09,6.0,
2021101106.0,スマートスピア,1,2026-08-22,2026-08-22,0,0,0.0,0.0,0.1572305224746776,65.0,4.0,3.0,2026-0822-07-03-01-06,5.0,
2021101100.0,ルクスアドラー,2,2026-08-23,2026-08-30,0,0,0.0,0.0,0.06563241427147676,222.5,5.0,4.0,2026-0830-01-02-04-08,2.0,
2021103878.0,ジャンビ,1,2026-08-29,2026-08-29,0,0,0.0,0.0,0.0314421190171799,1331.0,14.0,10.0,2026-0829-04-03-03-07,11.0,
2021103943.0,クインズセレネ,1,2026-08-23,2026-08-23,0,0,0.0,0.0,0.0042712914560042,2503.0,17.0,17.0,2026-0823-07-03-02-11,16.0,
2021103987.0,スナークラファエロ,1,2026-08-23,2026-08-23,0,0,0.0,0.0,0.0761129563287278,41.0,2.0,4.0,2026-0823-07-03-02-07,16.0,
2021104052.0,ウヌボレヤサン,1,2026-08-30,2026-08-30,0,0,0.0,0.0,0.0167128444454741,993.0,11.0,10.0,2026-0830-01-02-04-09,11.0,
2021105659.0,アムールリーベ,1,2026-08-29,2026-08-29,0,0,0.0,0.0,0.0840606118373745,244.0,8.0,7.0,2026-0829-07-03-03-08,2.0,
2021105647.0,ペッレグリーニ,1,2026-08-29,2026-08-29,0,0,0.0,0.0,0.0441501964607755,425.0,10.0,7.0,2026-0829-04-03-03-07,9.0,
2021105643.0,チェルヴィニア,1,2026-08-30,2026-08-30,0,0,0.0,0.0,0.041775145005039,155.0,6.0,7.0,2026-0830-04-03-04-08,8.0,
2021105609.0,スパークリシャール,1,2026-08-22,2026-08-22,0,0,0.0,0.0,0.0237484792433921,611.0,12.0,12.0,2026-0822-01-02-01-11,2.0,
2021105601.0,ショーマンフリート,1,2026-08-22,2026-08-22,0,0,0.0,0.0,0.0119775262017382,2834.0,18.0,17.0,2026-0822-04-03-01-06,10.0,
2021105596.0,シトラール,1,2026-08-22,2026-08-22,0,0,0.0,0.0,0.089540261785076,404.0,11.0,3.0,2026-0822-04-03-01-10,3.0,
2021105584.0,ツーネサーン,1,2026-08-29,2026-08-29,1,0,100.0,0.0,0.1835479311879791,165.0,7.0,1.0,2026-0829-07-03-03-08,8.0,-1.0
2021105540.0,サロニコス,1,2026-08-29,2026-08-29,0,0,0.0,0.0,0.0383117737701344,538.0,10.0,9.0,2026-0829-07-03-03-08,6.0,
2021105529.0,ルクスノア,1,2026-08-23,2026-08-23,0,0,0.0,0.0,0.0189165895402704,541.0,11.0,10.0,2026-0823-07-03-02-11,10.0,
2021105526.0,ジーティーパワー,1,2026-08-22,2026-08-22,0,0,0.0,0.0,0.0226113220234903,665.0,9.0,8.0,2026-0822-07-03-01-08,9.0,
2021105508.0,リューデスハイム,1,2026-08-30,2026-08-30,0,0,0.0,0.0,0.0361060061828697,167.0,4.0,7.0,2026-0830-07-03-04-06,9.0,
2021105489.0,シークレットキー,1,2026-08-23,2026-08-23,0,0,0.0,0.0,0.0429438298269845,239.0,5.0,5.0,2026-0823-07-03-02-09,2.0,
2021105485.0,エリカカリーナ,1,2026-08-30,2026-08-30,0,0,0.0,0.0,0.0117731918326591,429.0,10.0,13.0,2026-0830-04-03-04-09,18.0,
2021105474.0,サダムオプシス,1,2026-08-30,2026-08-30,0,0,0.0,0.0,0.1140834220991642,44.0,3.0,3.0,2026-0830-04-03-04-07,4.0,
2021105473.0,ラヴスコール,1,2026-08-22,2026-08-22,0,0,0.0,0.0,0.0564387109223635,447.0,12.0,7.0,2026-0822-04-03-01-10,5.0,
2021105688.0,セブンマイスター,1,2026-08-23,2026-08-23,0,0,0.0,0.0,0.0363079895538822,163.0,6.0,10.0,2026-0823-07-03-02-06,10.0,
2021105694.0,ホウオウペトリュス,1,2026-08-23,2026-08-23,0,0,0.0,0.0,0.0071029945584067,1656.0,12.0,13.0,2026-0823-01-02-02-06,9.0,
2021105742.0,シアブリス,1,2026-08-30,2026-08-30,0,0,0.0,0.0,0.1301516327878175,103.0,4.0,4.0,2026-0830-04-03-04-11,4.0,
2021105774.0,ダノンマッキンリー,1,2026-08-23,2026-08-23,0,0,0.0,0.0,0.042694706536967,226.0,9.0,9.0,2026-0823-01-02-02-11,8.0,
2021105868.0,バーケンティン,1,2026-08-23,2026-08-23,0,0,0.0,0.0,0.0076500520678509,1880.0,16.0,16.0,2026-0823-07-03-02-11,9.0,
2021105867.0,ショウナンハウル,1,2026-08-30,2026-08-30,0,0,0.0,0.0,0.0040309785477895,3092.0,15.0,15.0,2026-0830-07-03-04-08,15.0,
2021105865.0,エボルヴィング,1,2026-08-29,2026-08-29,0,0,0.0,0.0,0.041776755121077,181.0,8.0,9.0,2026-0829-01-02-03-11,13.0,
2021105857.0,ウィンターガーデン,1,2026-08-30,2026-08-30,0,0,0.0,0.0,0.0906902744703347,243.0,7.0,4.0,2026-0830-01-02-04-06,5.0,
2021105849.0,オコタンペ,1,2026-08-29,2026-08-29,0,0,0.0,0.0,0.0571598893530016,241.0,7.0,6.0,2026-0829-07-03-03-06,8.0,
2021105812.0,ビップジーニー,1,2026-08-29,2026-08-29,0,0,0.0,0.0,0.0203673473902729,785.0,13.0,13.0,2026-0829-07-03-03-07,12.0,
2021105772.0,ホウオウバローロ,1,2026-08-30,2026-08-30,0,0,0.0,0.0,0.1039285895829033,144.0,8.0,4.0,2026-0830-01-02-04-09,3.0,
2021105743.0,ステレンボッシュ,1,2026-08-30,2026-08-30,0,0,0.0,0.0,0.0558109305714444,133.0,5.0,5.0,2026-0830-04-03-04-08,11.0,
2021105765.0,ミッキースターダム,1,2026-08-23,2026-08-23,0,0,0.0,0.0,0.0463821962766426,211.0,8.0,9.0,2026-0823-07-03-02-06,4.0,
2021105763.0,ビップチェイス,1,2026-08-30,2026-08-30,0,0,0.0,0.0,0.0330554069467845,1106.0,12.0,10.0,2026-0830-07-03-04-08,13.0,
2021105757.0,テウメッサ,1,2026-08-22,2026-08-22,0,0,0.0,0.0,0.0354602096304309,1106.0,15.0,10.0,2026-0822-04-03-01-06,17.0,
2021105752.0,レディマリオン,1,2026-08-22,2026-08-22,0,0,0.0,0.0,0.0150371599686094,562.0,13.0,14.0,2026-0822-04-03-01-07,9.0,
2021105749.0,ルージュベルベット,1,2026-08-30,2026-08-30,0,0,0.0,0.0,0.0520956791819739,147.0,6.0,7.0,2026-0830-01-02-04-10,6.0,
2021105747.0,プリュノワール,1,2026-08-29,2026-08-29,0,0,0.0,0.0,0.0534772502779528,219.0,10.0,8.0,2026-0829-01-02-03-07,12.0,
2021105438.0,スピードリッチ,1,2026-08-22,2026-08-22,0,0,0.0,0.0,0.1143667316408071,46.0,1.0,2.0,2026-0822-01-02-01-11,5.0,
2021105436.0,アーバンシック,1,2026-08-30,2026-08-30,0,0,0.0,0.0,0.0529976353630464,184.0,7.0,6.0,2026-0830-04-03-04-08,5.0,
2021105412.0,ウィープディライト,1,2026-08-22,2026-08-22,0,0,0.0,0.0,0.1114195313220964,261.0,9.0,3.0,2026-0822-01-02-01-11,10.0,
2021104556.0,カルチャーデイ,1,2026-08-22,2026-08-22,0,0,0.0,0.0,0.0360039629386958,202.0,9.0,12.0,2026-0822-04-03-01-07,8.0,
2021104941.0,セシリエプラージュ,1,2026-08-29,2026-08-29,0,0,0.0,0.0,0.0258793539694677,321.0,10.0,11.0,2026-0829-07-03-03-07,6.0,
2021104928.0,トラペジスト,1,2026-08-30,2026-08-30,0,0,0.0,0.0,0.0070772972058928,1259.0,14.0,13.0,2026-0830-01-02-04-11,11.0,
2021104872.0,ビルンバウム,1,2026-08-22,2026-08-22,0,0,0.0,0.0,0.0218185889053153,668.0,11.0,11.0,2026-0822-07-03-01-06,6.0,
2021104770.0,フォーディアライフ,1,2026-08-29,2026-08-29,0,0,0.0,0.0,0.1406406723479479,38.0,2.0,3.0,2026-0829-04-03-03-01,4.0,
2021104622.0,メイショウヘール,1,2026-08-23,2026-08-23,0,0,0.0,0.0,0.0455139666084998,73.0,3.0,4.0,2026-0823-07-03-02-09,3.0,
2021104618.0,タリスマン,1,2026-08-30,2026-08-30,0,0,0.0,0.0,0.052536446687031,185.0,7.0,6.0,2026-0830-07-03-04-05,9.0,
2021104365.0,リュウノタブーク,1,2026-08-30,2026-08-30,0,0,0.0,0.0,0.008693226094783,2492.0,17.0,16.0,2026-0830-04-03-04-09,11.0,
2021104978.0,マルカオペラ,1,2026-08-23,2026-08-23,0,0,0.0,0.0,0.0133488863590458,168.0,8.0,11.0,2026-0823-01-02-02-12,9.0,
2021104326.0,ユキノロイヤル,1,2026-08-23,2026-08-23,0,0,0.0,0.0,0.020839655566837,809.0,13.0,11.0,2026-0823-04-03-02-06,5.0,
2021104313.0,キミハスコール,1,2026-08-22,2026-08-22,0,0,0.0,0.0,0.0121507717781698,782.0,11.0,13.0,2026-0822-04-03-01-08,8.0,
2021104217.0,ムチャスグラシアス,1,2026-08-30,2026-08-30,0,0,0.0,0.0,0.0173064890592442,1622.0,16.0,15.0,2026-0830-01-02-04-10,10.0,
2021104137.0,ミエノブラボー,1,2026-08-23,2026-08-23,1,0,100.0,0.0,0.1943073984813729,41.0,2.0,1.0,2026-0823-04-03-02-11,5.0,-1.0
2021104101.0,タイセイブロウ,1,2026-08-30,2026-08-30,0,0,0.0,0.0,0.0107323938930894,210.0,7.0,10.0,2026-0830-07-03-04-12,8.0,
2021104092.0,ペンナヴェローチェ,1,2026-08-30,2026-08-30,0,0,0.0,0.0,0.0365539031189218,205.0,5.0,6.0,2026-0830-07-03-04-06,6.0,
2021104945.0,ポンピエ,1,2026-08-22,2026-08-22,0,0,0.0,0.0,0.1426632653537324,72.0,5.0,3.0,2026-0822-01-02-01-12,5.0,
2021105022.0,グローブアマランス,1,2026-08-29,2026-08-29,0,0,0.0,0.0,0.0807250285426327,178.0,5.0,5.0,2026-0829-07-03-03-11,5.0,
2021105384.0,チルカーノ,1,2026-08-22,2026-08-22,0,0,0.0,0.0,0.0431547485953629,410.0,10.0,11.0,2026-0822-01-02-01-11,12.0,
2021105161.0,ケーブパール,1,2026-08-22,2026-08-22,0,0,0.0,0.0,0.0960843628507332,127.0,4.0,3.0,2026-0822-04-03-01-06,1.0,
2021105367.0,コンテネレッツア,1,2026-08-23,2026-08-23,0,0,0.0,0.0,0.0429590609032829,299.0,8.0,7.0,2026-0823-04-03-02-08,5.0,
2021105352.0,ベンサレム,1,2026-08-30,2026-08-30,0,0,0.0,0.0,0.0221162831513784,149.0,6.0,10.0,2026-0830-04-03-04-07,5.0,
2021105264.0,アムールドパリ,1,2026-08-29,2026-08-29,0,0,0.0,0.0,0.0572998380678258,80.0,5.0,6.0,2026-0829-04-03-03-08,10.0,
2021105244.0,スピンザブラッド,1,2026-08-29,2026-08-29,0,0,0.0,0.0,0.0129187703042399,504.0,11.0,15.0,2026-0829-04-03-03-07,3.0,
2021105202.0,ポエットリー,1,2026-08-29,2026-08-29,0,0,0.0,0.0,0.0359746560817034,602.0,12.0,9.0,2026-0829-07-03-03-07,9.0,
2021105168.0,クイーンズワーフ,1,2026-08-23,2026-08-23,0,0,0.0,0.0,0.0273145367166775,381.0,6.0,8.0,2026-0823-01-02-02-06,10.0,
2021105123.0,グランコネクシオン,1,2026-08-22,2026-08-22,0,0,0.0,0.0,0.0346584811863297,197.0,7.0,8.0,2026-0822-04-03-01-09,7.0,
2021105035.0,イージーブリージー,1,2026-08-22,2026-08-22,0,0,0.0,0.0,0.0553010843347414,96.0,4.0,5.0,2026-0822-04-03-01-09,5.0,
2021105120.0,グラウンドビート,1,2026-08-23,2026-08-23,0,0,0.0,0.0,0.2348767227493071,114.0,4.0,2.0,2026-0823-07-03-02-09,5.0,
2021105112.0,ミッキークレスト,1,2026-08-23,2026-08-23,0,0,0.0,0.0,0.0165383029027706,321.0,10.0,11.0,2026-0823-07-03-02-07,7.0,
2021105077.0,レイククレセント,1,2026-08-23,2026-08-23,0,0,0.0,0.0,0.1839815697264169,68.0,4.0,2.0,2026-0823-04-03-02-08,3.0,
2021105072.0,ディーガレジェンド,1,2026-08-22,2026-08-22,0,0,0.0,0.0,0.0894376908794052,93.0,6.0,6.0,2026-0822-01-02-01-11,4.0,
2021105056.0,オルトパラティウム,1,2026-08-30,2026-08-30,0,0,0.0,0.0,0.0518861592702577,379.0,10.0,8.0,2026-0830-07-03-04-08,11.0,
2021105054.0,モンシュマン,1,2026-08-22,2026-08-22,0,0,0.0,0.0,0.0631329662886105,476.0,11.0,7.0,2026-0822-07-03-01-07,13.0,
2021100248.0,セイウンデセオ,1,2026-08-30,2026-08-30,0,0,0.0,0.0,0.0467198300494624,78.0,3.0,9.0,2026-0830-01-02-04-10,14.0,
2021100165.0,フォルテフィオーレ,1,2026-08-29,2026-08-29,0,0,0.0,0.0,0.029522715458871,358.0,12.0,12.0,2026-0829-01-02-03-11,14.0,
2021100158.0,ダノンモンテローザ,1,2026-08-29,2026-08-29,0,0,0.0,0.0,0.141511131100769,133.0,6.0,4.0,2026-0829-07-03-03-06,3.0,
2020101579.0,レッドプロフェシー,1,2026-08-23,2026-08-23,0,0,0.0,0.0,0.0691433360032472,126.0,6.0,6.0,2026-0823-07-03-02-07,5.0,
2019105859.0,エーティーマクフィ,1,2026-08-23,2026-08-23,0,0,0.0,0.0,0.0976896966072143,121.0,4.0,4.0,2026-0823-01-02-02-11,4.0,
2019105793.0,アイキャンドウイッ,1,2026-08-23,2026-08-23,0,0,0.0,0.0,0.0059534619312217,833.0,12.0,13.0,2026-0823-07-03-02-06,8.0,
2019105745.0,フレイムジョーカー,1,2026-08-30,2026-08-30,0,0,0.0,0.0,0.0159286905438983,394.0,7.0,10.0,2026-0830-04-03-04-01,8.0,
2019105578.0,ヴラディア,1,2026-08-22,2026-08-22,0,0,0.0,0.0,0.0303818194899465,173.0,5.0,4.0,2026-0822-07-03-01-09,3.0,
2019105500.0,サトノドルチェ,1,2026-08-23,2026-08-23,0,0,0.0,0.0,0.0210097898483199,715.0,8.0,6.0,2026-0823-07-03-02-09,4.0,
2019105490.0,ディーンズリスター,1,2026-08-29,2026-08-29,0,0,0.0,0.0,0.0633050107648429,215.0,7.0,7.0,2026-0829-04-03-03-09,7.0,
2019105197.0,ブラックシールド,1,2026-08-30,2026-08-30,0,0,0.0,0.0,0.0576254598956426,69.0,4.0,5.0,2026-0830-04-03-04-01,6.0,
2019105118.0,ジュンブロッサム,1,2026-08-30,2026-08-30,0,0,0.0,0.0,0.0300996390374682,605.0,10.0,9.0,2026-0830-04-03-04-08,9.0,
2019105076.0,フォーグッド,1,2026-08-29,2026-08-29,0,0,0.0,0.0,0.0186496431687027,912.0,9.0,9.0,2026-0829-04-03-03-09,12.0,
2019104850.0,バレエマスター,1,2026-08-30,2026-08-30,0,0,0.0,0.0,0.0182562004218493,369.0,9.0,11.0,2026-0830-04-03-04-08,10.0,
2019104658.0,ボーンディスウェイ,1,2026-08-30,2026-08-30,0,0,0.0,0.0,0.0210946198478471,851.0,11.0,10.0,2026-0830-04-03-04-08,7.0,
2019104632.0,プルートマスター,1,2026-08-23,2026-08-23,0,0,0.0,0.0,0.0711167856863731,93.0,4.0,6.0,2026-0823-04-03-02-06,10.0,
2019104531.0,バンフィエルド,1,2026-08-29,2026-08-29,0,0,0.0,0.0,0.0056795899172567,4033.0,17.0,17.0,2026-0829-04-03-03-07,17.0,
2019104108.0,エナジーグラン,1,2026-08-29,2026-08-29,1,0,100.0,0.0,0.1760771574996294,281.0,8.0,1.0,2026-0829-04-03-03-01,8.0,-1.0
2019104092.0,メイショウゲキリン,1,2026-08-23,2026-08-23,0,0,0.0,0.0,0.2332084162611146,30.0,2.0,3.0,2026-0823-07-03-02-09,6.0,
2019105993.0,ラインオブソウル,1,2026-08-23,2026-08-23,0,0,0.0,0.0,0.0102909134816137,816.0,13.0,14.0,2026-0823-07-03-02-07,14.0,
2019106280.0,サクラオーラ,1,2026-08-29,2026-08-29,0,0,0.0,0.0,0.0176162710579427,844.0,11.0,10.0,2026-0829-07-03-03-08,12.0,
2019106739.0,ダークエクリプス,1,2026-08-29,2026-08-29,0,0,0.0,0.0,0.016611224215757,1634.0,15.0,14.0,2026-0829-07-03-03-07,13.0,
2020100795.0,ベルタソ,1,2026-08-23,2026-08-23,0,0,0.0,0.0,0.1098317057719049,95.0,5.0,4.0,2026-0823-04-03-02-11,2.0,
2020101250.0,ランスノーブル,1,2026-08-22,2026-08-22,0,0,0.0,0.0,0.0788597236132648,215.0,7.0,6.0,2026-0822-01-02-01-08,7.0,
2020101024.0,ピースオブザライフ,1,2026-08-29,2026-08-29,0,0,0.0,0.0,0.0214525120028598,1793.0,11.0,10.0,2026-0829-04-03-03-08,11.0,
2020101020.0,ペイシャモノノフ,1,2026-08-23,2026-08-23,0,0,0.0,0.0,0.0780691244510912,212.0,8.0,3.0,2026-0823-07-03-02-07,13.0,
2020100934.0,クリニクラウン,1,2026-08-30,2026-08-30,0,0,0.0,0.0,0.0099515250563259,673.0,10.0,12.0,2026-0830-04-03-04-07,10.0,
2020100906.0,フライングブレード,1,2026-08-29,2026-08-29,0,0,0.0,0.0,0.0247471066089265,980.0,14.0,12.0,2026-0829-07-03-03-07,14.0,
2020100810.0,グラニット,1,2026-08-22,2026-08-22,0,0,0.0,0.0,0.016344143723293,1707.0,16.0,15.0,2026-0822-04-03-01-06,15.0,
2020100761.0,マンマリアーレ,1,2026-08-23,2026-08-23,0,0,0.0,0.0,0.0126214318898012,836.0,14.0,13.0,2026-0823-07-03-02-07,9.0,
2019106748.0,リチュアル,1,2026-08-23,2026-08-23,0,0,0.0,0.0,0.0271565799698102,150.0,7.0,10.0,2026-0823-07-03-02-07,10.0,
2020100734.0,サヴォーナ,1,2026-08-30,2026-08-30,0,0,0.0,0.0,0.0321565040358196,265.0,8.0,8.0,2026-0830-04-03-04-08,4.0,
2020100673.0,ヒルノピレネー,1,2026-08-23,2026-08-23,0,0,0.0,0.0,0.0228531079544249,102.0,9.0,10.0,2026-0823-01-02-02-10,7.0,
2020100621.0,マイバラード,1,2026-08-29,2026-08-29,0,0,0.0,0.0,0.0379984753164746,453.0,9.0,10.0,2026-0829-01-02-03-09,2.0,
2020100555.0,リッチハンター,1,2026-08-23,2026-08-23,0,0,0.0,0.0,0.0079833695654869,2244.0,14.0,14.0,2026-0823-04-03-02-09,11.0,
2020100084.0,レッドカメリア,1,2026-08-29,2026-08-29,0,0,0.0,0.0,0.0962969043785662,843.0,14.0,4.0,2026-0829-01-02-03-07,16.0,
2019107007.0,パワポケビー,1,2026-08-30,2026-08-30,0,0,0.0,0.0,0.0034980600963938,3193.0,14.0,14.0,2026-0830-07-03-04-12,14.0,
2019104091.0,メイショウブレゲ,1,2026-08-30,2026-08-30,0,0,0.0,0.0,0.0404471249650395,183.0,6.0,6.0,2026-0830-04-03-04-01,7.0,
2019104089.0,メイショウユズルハ,1,2026-08-23,2026-08-23,0,0,0.0,0.0,0.0068456980859013,941.0,15.0,16.0,2026-0823-07-03-02-07,11.0,
2019103594.0,レッドアヴァンティ,1,2026-08-23,2026-08-23,0,0,0.0,0.0,0.017860093922556,2062.0,15.0,13.0,2026-0823-01-02-02-11,16.0,
2018103473.0,サヴァビアン,1,2026-08-29,2026-08-29,0,0,0.0,0.0,0.0060228615892045,3425.0,14.0,14.0,2026-0829-07-03-03-08,13.0,
2018104797.0,リンフレスカンテ,1,2026-08-30,2026-08-30,0,0,0.0,0.0,0.0423702646311967,1331.0,12.0,7.0,2026-0830-04-03-04-07,9.0,
2018104646.0,オンザライン,1,2026-08-23,2026-08-23,0,0,0.0,0.0,0.0499724105158038,264.0,10.0,8.0,2026-0823-04-03-02-06,1.0,
2018104534.0,アスクキングコング,1,2026-08-29,2026-08-29,0,0,0.0,0.0,0.0102710208852248,1428.0,13.0,12.0,2026-0829-07-03-03-08,10.0,
2018103590.0,リッケンバッカー,1,2026-08-29,2026-08-29,0,0,0.0,0.0,0.0687505910325148,64.0,4.0,7.0,2026-0829-04-03-03-01,1.0,
2018103560.0,ワザモノ,1,2026-08-23,2026-08-23,0,0,0.0,0.0,0.0495071193572812,84.0,5.0,6.0,2026-0823-01-02-02-12,3.0,
2018103485.0,ジャガード,1,2026-08-22,2026-08-22,0,0,0.0,0.0,0.0125281866888869,1216.0,14.0,14.0,2026-0822-01-02-01-10,12.0,
2018103293.0,ヨドノゴールド,1,2026-08-30,2026-08-30,1,0,100.0,0.0,0.2396593928439941,40.0,2.0,1.0,2026-0830-01-02-04-07,5.0,-1.0
2018105454.0,グレイイングリーン,1,2026-08-22,2026-08-22,0,0,0.0,0.0,0.0127253544678943,829.0,16.0,16.0,2026-0822-04-03-01-07,4.0,
2018102576.0,ロードプレジール,1,2026-08-23,2026-08-23,0,0,0.0,0.0,0.0374847477056325,247.0,9.0,9.0,2026-0823-07-03-02-07,8.0,
2018102155.0,マイネルジェロディ,1,2026-08-23,2026-08-23,0,0,0.0,0.0,0.0037059918429919,2917.0,16.0,16.0,2026-0823-01-02-02-11,14.0,
2018101615.0,ウインシュクラン,1,2026-08-29,2026-08-29,0,0,0.0,0.0,0.1071368037306089,55.0,3.0,4.0,2026-0829-04-03-03-01,2.0,
2018101343.0,ゾンニッヒ,1,2026-08-23,2026-08-23,0,0,0.0,0.0,0.0252850776516168,449.0,11.0,12.0,2026-0823-01-02-02-11,10.0,
2017110086.0,ジッピーレーサー,1,2026-08-23,2026-08-23,0,0,0.0,0.0,0.0081566357831594,2230.0,11.0,11.0,2026-0823-04-03-02-08,12.0,
2017104266.0,カップッチョ,2,2026-08-22,2026-08-30,0,0,0.0,0.0,0.01081344448039185,2108.5,11.5,12.0,2026-0830-01-02-04-07,9.0,
2018105047.0,ホウオウサンデー,1,2026-08-29,2026-08-29,0,0,0.0,0.0,0.0783661915300986,76.0,5.0,6.0,2026-0829-04-03-03-01,7.0,
2018106354.0,バガン,1,2026-08-29,2026-08-29,0,0,0.0,0.0,0.0201946781692021,1714.0,15.0,12.0,2026-0829-04-03-03-07,15.0,
2019103593.0,ハセドン,1,2026-08-29,2026-08-29,0,0,0.0,0.0,0.0789504141765851,652.0,10.0,5.0,2026-0829-04-03-03-08,8.0,
2019101399.0,ザウリ,1,2026-08-29,2026-08-29,0,0,0.0,0.0,0.0563167216341067,451.0,8.0,7.0,2026-0829-07-03-03-06,5.0,
2019103506.0,エアフォースワン,1,2026-08-22,2026-08-22,0,0,0.0,0.0,0.0268455659527631,149.0,6.0,7.0,2026-0822-07-03-01-08,4.0,
2019102665.0,フタイテンロック,1,2026-08-29,2026-08-29,0,0,0.0,0.0,0.0249755707112884,530.0,9.0,9.0,2026-0829-04-03-03-08,9.0,
2019102648.0,エスティメート,1,2026-08-23,2026-08-23,0,0,0.0,0.0,0.0205400442605012,2336.0,15.0,12.0,2026-0823-04-03-02-06,14.0,
2019102186.0,オーロラアーク,1,2026-08-23,2026-08-23,0,0,0.0,0.0,0.0080934670868352,2478.0,14.0,12.0,2026-0823-01-02-02-10,11.0,
2019101864.0,クロニクル,1,2026-08-23,2026-08-23,0,0,0.0,0.0,0.0707681530893943,138.0,6.0,7.0,2026-0823-04-03-02-06,15.0,
2019101643.0,バシレウスシチー,1,2026-08-30,2026-08-30,0,0,0.0,0.0,0.0295669036293257,396.0,12.0,10.0,2026-0830-01-02-04-10,13.0,
2019101348.0,ビーアストニッシド,1,2026-08-22,2026-08-22,0,0,0.0,0.0,0.0078838537667019,3172.0,18.0,18.0,2026-0822-04-03-01-07,13.0,
2019100110.0,ナッカーフェイス,1,2026-08-22,2026-08-22,0,0,0.0,0.0,0.0077653334744379,1171.0,14.0,14.0,2026-0822-07-03-01-07,8.0,
2019101198.0,マリオロード,1,2026-08-23,2026-08-23,0,0,0.0,0.0,0.0162401998512162,1036.0,16.0,12.0,2026-0823-07-03-02-07,3.0,
2019100915.0,ゼンノインヴォーク,1,2026-08-30,2026-08-30,1,0,100.0,0.0,0.4205193927189055,41.0,2.0,1.0,2026-0830-07-03-04-10,4.0,-1.0
2019100871.0,ブルーノート,1,2026-08-29,2026-08-29,0,0,0.0,0.0,0.0148574893832586,1245.0,13.0,13.0,2026-0829-07-03-03-06,6.0,
2019100768.0,マイネルニコラス,1,2026-08-29,2026-08-29,0,0,0.0,0.0,0.0660419749111711,202.0,7.0,8.0,2026-0829-04-03-03-01,10.0,
2019100630.0,ハピ,1,2026-08-23,2026-08-23,0,0,0.0,0.0,0.054511933103581,82.0,4.0,8.0,2026-0823-07-03-02-07,4.0,
2019100606.0,ヤマニンループ,1,2026-08-30,2026-08-30,0,0,0.0,0.0,0.0167495739528248,1524.0,13.0,13.0,2026-0830-07-03-04-08,3.0,
2020101261.0,コスモスプモーニ,1,2026-08-23,2026-08-23,0,0,0.0,0.0,0.006765820280503,2309.0,14.0,14.0,2026-0823-01-02-02-12,8.0,
2020101641.0,エムズマインド,1,2026-08-22,2026-08-22,0,0,0.0,0.0,0.0507970048644809,168.0,7.0,8.0,2026-0822-07-03-01-07,10.0,
2021100148.0,ロードオールライト,1,2026-08-22,2026-08-22,0,0,0.0,0.0,0.3484338052460176,57.0,3.0,2.0,2026-0822-07-03-01-09,5.0,
2020101813.0,クルゼイロドスル,1,2026-08-22,2026-08-22,0,0,0.0,0.0,0.0892931329890666,124.0,6.0,5.0,2026-0822-04-03-01-07,14.0,
2020105354.0,サクセスアイ,1,2026-08-30,2026-08-30,0,0,0.0,0.0,0.0148325330970191,443.0,12.0,12.0,2026-0830-01-02-04-11,6.0,
2020105299.0,リアライズ,1,2026-08-29,2026-08-29,0,0,0.0,0.0,0.0760900508560152,132.0,6.0,8.0,2026-0829-07-03-03-08,11.0,
2020104936.0,カサブランカキッド,1,2026-08-23,2026-08-23,0,0,0.0,0.0,0.0440298089003821,339.0,9.0,7.0,2026-0823-04-03-02-09,12.0,
2020104893.0,セミマル,1,2026-08-22,2026-08-22,0,0,0.0,0.0,0.0765299185639839,114.0,5.0,6.0,2026-0822-07-03-01-07,16.0,
2020104845.0,ギーロカスタル,1,2026-08-22,2026-08-22,0,0,0.0,0.0,0.0073584686603142,2368.0,16.0,15.0,2026-0822-07-03-01-07,11.0,
2020104753.0,サトノヴィレ,1,2026-08-22,2026-08-22,0,0,0.0,0.0,0.0376114727367714,493.0,10.0,9.0,2026-0822-04-03-01-06,14.0,
2020104708.0,ウィステリアリヴァ,1,2026-08-22,2026-08-22,0,0,0.0,0.0,0.0152590510747175,901.0,13.0,16.0,2026-0822-04-03-01-06,18.0,
2020104676.0,マイレーヌ,1,2026-08-22,2026-08-22,0,0,0.0,0.0,0.0033659268717228,1878.0,14.0,14.0,2026-0822-04-03-01-08,13.0,
2020104567.0,ヴァナルガンド,1,2026-08-23,2026-08-23,0,0,0.0,0.0,0.0246877072230895,234.0,9.0,10.0,2026-0823-04-03-02-06,4.0,
2020104561.0,タイガースパーク,1,2026-08-22,2026-08-22,0,0,0.0,0.0,0.0079821267186635,1088.0,12.0,13.0,2026-0822-07-03-01-06,3.0,
2020104550.0,ワイドアラジン,1,2026-08-22,2026-08-22,0,0,0.0,0.0,0.0456856031389871,636.0,13.0,10.0,2026-0822-01-02-01-11,11.0,
2020104297.0,ルクスビッグスター,1,2026-08-23,2026-08-23,0,0,0.0,0.0,0.0192072956191854,393.0,12.0,13.0,2026-0823-04-03-02-06,7.0,
2020104174.0,レジーナローズ,1,2026-08-30,2026-08-30,0,0,0.0,0.0,0.1044113394496256,128.0,5.0,4.0,2026-0830-04-03-04-09,4.0,
2020104099.0,マーシヴィガラス,1,2026-08-23,2026-08-23,0,0,0.0,0.0,0.0076395642578415,865.0,12.0,13.0,2026-0823-01-02-02-10,1.0,
2020103947.0,ホウオウムサシ,1,2026-08-22,2026-08-22,0,0,0.0,0.0,0.0210974989669705,1710.0,17.0,13.0,2026-0822-04-03-01-06,8.0,
2020105639.0,ハギノサステナブル,1,2026-08-23,2026-08-23,0,0,0.0,0.0,0.0693309164592279,71.0,3.0,5.0,2026-0823-07-03-02-07,6.0,
2020105809.0,マイネルフォルツァ,2,2026-08-23,2026-08-29,0,0,0.0,0.0,0.0248013442225932,382.0,10.0,11.5,2026-0829-01-02-03-11,4.0,
2020105949.0,ケンキョ,1,2026-08-30,2026-08-30,0,0,0.0,0.0,0.0098931943914404,1145.0,15.0,15.0,2026-0830-04-03-04-09,10.0,
2020106922.0,メイショウクモイ,1,2026-08-22,2026-08-22,0,0,0.0,0.0,0.0888606364225913,50.0,3.0,4.0,2026-0822-07-03-01-10,11.0,
2021100130.0,ロードフォアエース,1,2026-08-23,2026-08-23,0,0,0.0,0.0,0.0514942711809952,552.0,12.0,7.0,2026-0823-01-02-02-11,5.0,
2021100019.0,マサノカナリア,1,2026-08-22,2026-08-22,0,0,0.0,0.0,0.0474212090128519,281.0,11.0,9.0,2026-0822-04-03-01-07,7.0,
2020110100.0,シゲルソロソロ,1,2026-08-22,2026-08-22,0,0,0.0,0.0,0.0100225602405002,1201.0,15.0,13.0,2026-0822-07-03-01-07,4.0,
2020110039.0,ユハンヌス,1,2026-08-29,2026-08-29,0,0,0.0,0.0,0.0357006055262968,198.0,6.0,10.0,2026-0829-07-03-03-07,8.0,
2020107018.0,レジェンダリーデイ,1,2026-08-30,2026-08-30,0,0,0.0,0.0,0.028131522703419,813.0,9.0,7.0,2026-0830-07-03-04-12,12.0,
2020106966.0,ピンクジン,1,2026-08-22,2026-08-22,0,0,0.0,0.0,0.0645298346495235,185.0,8.0,9.0,2026-0822-01-02-01-11,6.0,
2020106821.0,ピースフルナイト,1,2026-08-22,2026-08-22,0,0,0.0,0.0,0.017584050762831,405.0,12.0,12.0,2026-0822-01-02-01-10,8.0,
2020106131.0,ジオパーククラウン,1,2026-08-23,2026-08-23,0,0,0.0,0.0,0.0068459657193868,3041.0,12.0,12.0,2026-0823-04-03-02-08,11.0,
2020106811.0,タイキラフター,1,2026-08-22,2026-08-22,0,0,0.0,0.0,0.0703956820244332,491.0,11.0,7.0,2026-0822-01-02-01-11,9.0,
2020106698.0,バンディート,1,2026-08-30,2026-08-30,0,0,0.0,0.0,0.0086295696162397,578.0,12.0,17.0,2026-0830-04-03-04-09,8.0,
2020106694.0,ヴァイザーバルコ,1,2026-08-22,2026-08-22,0,0,0.0,0.0,0.0062340434713005,826.0,14.0,13.0,2026-0822-01-02-01-11,8.0,
2020106635.0,メイショウシナノ,1,2026-08-30,2026-08-30,0,0,0.0,0.0,0.018625162957674,493.0,11.0,10.0,2026-0830-07-03-04-06,12.0,
2020106562.0,バンブトンプロ,1,2026-08-22,2026-08-22,0,0,0.0,0.0,0.0021921871857978,3842.0,15.0,15.0,2026-0822-04-03-01-08,12.0,
2020106393.0,ノボリクレバー,1,2026-08-22,2026-08-22,0,0,0.0,0.0,0.033247677574289,227.0,8.0,10.0,2026-0822-07-03-01-06,9.0,
2020103931.0,ヴィクトリーロード,1,2026-08-22,2026-08-22,0,0,0.0,0.0,0.0256663576190186,988.0,13.0,9.0,2026-0822-04-03-01-08,15.0,
2020103910.0,レジェンドシップ,1,2026-08-29,2026-08-29,0,0,0.0,0.0,0.0626805703762538,117.0,5.0,6.0,2026-0829-01-02-03-11,1.0,
2020103902.0,ジャーヴィス,1,2026-08-22,2026-08-22,0,0,0.0,0.0,0.0205175482268576,366.0,10.0,10.0,2026-0822-07-03-01-07,12.0,
2020102674.0,スペルキャスター,1,2026-08-30,2026-08-30,0,0,0.0,0.0,0.0385579898348524,83.0,4.0,10.0,2026-0830-04-03-04-09,5.0,
2020103048.0,ティムール,1,2026-08-29,2026-08-29,0,0,0.0,0.0,0.0200798535028222,805.0,12.0,13.0,2026-0829-04-03-03-07,14.0,
2020102836.0,セフィロ,1,2026-08-22,2026-08-22,0,0,0.0,0.0,0.1255398051734994,33.0,1.0,3.0,2026-0822-04-03-01-07,17.0,
2020102737.0,マリアナトレンチ,1,2026-08-23,2026-08-23,0,0,0.0,0.0,0.0100220430509727,583.0,11.0,15.0,2026-0823-07-03-02-07,12.0,
2020102724.0,クールブロン,1,2026-08-22,2026-08-22,0,0,0.0,0.0,0.0840883381106988,322.0,9.0,5.0,2026-0822-07-03-01-07,9.0,
2020102711.0,ノルドヴェスト,1,2026-08-30,2026-08-30,0,0,0.0,0.0,0.0066673576105113,783.0,10.0,14.0,2026-0830-04-03-04-06,15.0,
2020102703.0,リバートゥルー,1,2026-08-23,2026-08-23,0,0,0.0,0.0,0.1136526868020936,127.0,5.0,2.0,2026-0823-04-03-02-06,6.0,
2020102648.0,ラパンラピッド,1,2026-08-29,2026-08-29,0,0,0.0,0.0,0.1524239522211826,33.0,1.0,2.0,2026-0829-04-03-03-01,5.0,
2020103063.0,マルディランダ,1,2026-08-30,2026-08-30,0,0,0.0,0.0,0.2706052469043788,25.0,1.0,2.0,2026-0830-04-03-04-01,4.0,
2020102552.0,クラウドセイル,1,2026-08-23,2026-08-23,0,0,0.0,0.0,0.0124246251466216,2403.0,12.0,10.0,2026-0823-04-03-02-10,11.0,
2020102140.0,アンビバレント,1,2026-08-30,2026-08-30,0,0,0.0,0.0,0.0442417537583155,626.0,13.0,9.0,2026-0830-01-02-04-11,7.0,
2020102081.0,テンクウハット,1,2026-08-22,2026-08-22,0,0,0.0,0.0,0.0288245796459817,1820.0,13.0,11.0,2026-0822-04-03-01-09,13.0,
2020102013.0,オリンポスカズマ,1,2026-08-29,2026-08-29,0,0,0.0,0.0,0.0851668650684442,104.0,6.0,5.0,2026-0829-04-03-03-01,3.0,
2020101920.0,メラヴィリオーザ,1,2026-08-30,2026-08-30,0,0,0.0,0.0,0.0054039305742888,2268.0,13.0,13.0,2026-0830-07-03-04-12,7.0,
2020101872.0,デイトナモード,1,2026-08-22,2026-08-22,0,0,0.0,0.0,0.011483198881003,2748.0,17.0,17.0,2026-0822-04-03-01-07,18.0,
2020103053.0,シャンドゥレール,1,2026-08-22,2026-08-22,0,0,0.0,0.0,0.0189021681593831,296.0,6.0,5.0,2026-0822-07-03-01-09,2.0,
2020103066.0,マルチャン,1,2026-08-22,2026-08-22,0,0,0.0,0.0,0.0170966929063083,858.0,12.0,14.0,2026-0822-04-03-01-06,7.0,
2020103901.0,ウインドワンピース,1,2026-08-22,2026-08-22,0,0,0.0,0.0,0.0136138687585457,1802.0,11.0,10.0,2026-0822-07-03-01-10,6.0,
2020103537.0,ジーククローネ,1,2026-08-22,2026-08-22,0,0,0.0,0.0,0.0554498821846031,67.0,4.0,3.0,2026-0822-07-03-01-09,4.0,
2020103881.0,コスモサガルマータ,1,2026-08-22,2026-08-22,0,0,0.0,0.0,0.0292760501163928,187.0,6.0,12.0,2026-0822-04-03-01-06,16.0,
2020103772.0,エイトスターズ,1,2026-08-29,2026-08-29,0,0,0.0,0.0,0.0070606915012363,1570.0,11.0,11.0,2026-0829-01-02-03-09,11.0,
2020103727.0,ゴールドシーン,1,2026-08-22,2026-08-22,0,0,0.0,0.0,0.0340475495369662,133.0,5.0,10.0,2026-0822-04-03-01-10,13.0,
2020103713.0,タイセイフェリーク,1,2026-08-30,2026-08-30,0,0,0.0,0.0,0.0284123175047795,625.0,9.0,9.0,2026-0830-04-03-04-07,8.0,
2020103650.0,ドゥレッツァ,1,2026-08-30,2026-08-30,0,0,0.0,0.0,0.0647006126688993,92.0,4.0,4.0,2026-0830-04-03-04-08,6.0,
2020103632.0,スイミーユニバンス,1,2026-08-30,2026-08-30,0,0,0.0,0.0,0.0285589778120321,391.0,11.0,11.0,2026-0830-01-02-04-10,3.0,
2020103517.0,レッドシュヴェルト,1,2026-08-22,2026-08-22,0,0,0.0,0.0,0.0184864400272619,470.0,12.0,13.0,2026-0822-04-03-01-07,10.0,
2020103148.0,ショウナンライシン,1,2026-08-29,2026-08-29,0,0,0.0,0.0,0.0324673163302513,333.0,7.0,8.0,2026-0829-04-03-03-08,7.0,
2020103486.0,トラマンダーレ,1,2026-08-30,2026-08-30,0,0,0.0,0.0,0.0757294841405086,149.0,5.0,4.0,2026-0830-04-03-04-01,5.0,
2020103477.0,サトノアルペジオ,1,2026-08-30,2026-08-30,0,0,0.0,0.0,0.0110147828009077,1502.0,16.0,14.0,2026-0830-04-03-04-09,16.0,
2020103280.0,エマヌエーレ,1,2026-08-30,2026-08-30,0,0,0.0,0.0,0.0311715784493597,113.0,6.0,11.0,2026-0830-01-02-04-11,8.0,
2020103256.0,カフジキアッキエレ,1,2026-08-23,2026-08-23,0,0,0.0,0.0,0.017308206808725,800.0,12.0,11.0,2026-0823-07-03-02-08,10.0,
2020103218.0,フミサウンド,1,2026-08-30,2026-08-30,0,0,0.0,0.0,0.0202353516800421,792.0,14.0,14.0,2026-0830-01-02-04-10,8.0,
2020103199.0,ビップスコーピオン,1,2026-08-30,2026-08-30,0,0,0.0,0.0,0.003173253072639,1159.0,12.0,15.0,2026-0830-07-03-04-06,16.0,
2021105896.0,ケープウィッカム,1,2026-08-22,2026-08-22,1,0,100.0,0.0,0.2364021550378955,32.0,1.0,1.0,2026-0822-01-02-01-08,3.0,-1.0
2021105976.0,ローマンレイク,1,2026-08-29,2026-08-29,0,0,0.0,0.0,0.0457520690484873,829.0,11.0,9.0,2026-0829-07-03-03-06,12.0,
2022105979.0,ピカピカサンダー,1,2026-08-29,2026-08-29,0,0,0.0,0.0,0.0809469778068242,73.0,3.0,4.0,2026-0829-04-03-03-08,3.0,
2022104496.0,スコーピオンイメル,1,2026-08-30,2026-08-30,0,0,0.0,0.0,0.03985424607914,555.0,9.0,7.0,2026-0830-07-03-04-05,11.0,
2022104715.0,ジーティーマン,1,2026-08-23,2026-08-23,0,0,0.0,0.0,0.0773508466380838,53.0,3.0,8.0,2026-0823-07-03-02-06,2.0,
2022104694.0,ブルクトーア,1,2026-08-29,2026-08-29,0,0,0.0,0.0,0.0752648801027639,230.0,8.0,7.0,2026-0829-07-03-03-07,1.0,
2022104692.0,バースライト,1,2026-08-29,2026-08-29,0,0,0.0,0.0,0.1375709531526407,99.0,4.0,2.0,2026-0829-01-02-03-11,5.0,
2022104691.0,トライゴーニック,1,2026-08-23,2026-08-23,0,0,0.0,0.0,0.0419522179973876,158.0,7.0,8.0,2026-0823-01-02-02-07,3.0,
2022104684.0,ウィンスタンリー,1,2026-08-23,2026-08-23,0,0,0.0,0.0,0.0350773684939302,208.0,8.0,8.0,2026-0823-04-03-02-10,5.0,
2022104674.0,フィドルファドル,1,2026-08-29,2026-08-29,0,0,0.0,0.0,0.0320534387810131,40.0,3.0,11.0,2026-0829-07-03-03-06,1.0,
2022104647.0,エーデルヴェーグ,1,2026-08-29,2026-08-29,0,0,0.0,0.0,0.084539532660422,51.0,3.0,6.0,2026-0829-07-03-03-08,3.0,
2022104645.0,ダノンシーマ,1,2026-08-30,2026-08-30,0,0,0.0,0.0,0.2448834121599407,32.0,1.0,2.0,2026-0830-04-03-04-08,3.0,
2022104640.0,ルシタニア,1,2026-08-30,2026-08-30,0,0,0.0,0.0,0.0114007428937318,1352.0,12.0,12.0,2026-0830-07-03-04-05,2.0,
2022104637.0,ホウオウブースター,1,2026-08-30,2026-08-30,0,0,0.0,0.0,0.0172822676396576,434.0,13.0,16.0,2026-0830-01-02-04-10,12.0,
2022104624.0,アロマフェリス,1,2026-08-22,2026-08-22,0,0,0.0,0.0,0.1742820612352879,107.0,4.0,2.0,2026-0822-07-03-01-03,3.0,
2022104623.0,コリカンチャ,1,2026-08-29,2026-08-29,0,0,0.0,0.0,0.0765339156850545,325.0,10.0,5.0,2026-0829-01-02-03-11,10.0,
2022104605.0,ショウナンヤッホー,1,2026-08-23,2026-08-23,0,0,0.0,0.0,0.0195027956459545,848.0,13.0,9.0,2026-0823-01-02-02-12,13.0,
2022104597.0,モンテディアーナ,1,2026-08-29,2026-08-29,0,0,0.0,0.0,0.0146835053211089,1001.0,12.0,11.0,2026-0829-07-03-03-08,14.0,
2022104596.0,ガルダイア,1,2026-08-22,2026-08-22,0,0,0.0,0.0,0.0093453758097847,1056.0,14.0,18.0,2026-0822-04-03-01-06,11.0,
2022104716.0,シェーンシュティア,1,2026-08-30,2026-08-30,1,0,100.0,0.0,0.2279772737760783,71.0,3.0,1.0,2026-0830-04-03-04-11,3.0,-1.0
2022104724.0,ハルフロンティア,1,2026-08-23,2026-08-23,1,0,100.0,0.0,0.2283167779594684,63.0,4.0,1.0,2026-0823-01-02-02-09,2.0,-1.0
2022104729.0,サマーナイト,2,2026-08-22,2026-08-30,0,0,0.0,0.0,0.0822166816723713,40.0,2.5,4.5,2026-0830-01-02-04-09,1.0,
2022104824.0,エンベッカ,1,2026-08-29,2026-08-29,0,0,0.0,0.0,0.0292542335556156,488.0,10.0,9.0,2026-0829-07-03-03-11,3.0,
2022104899.0,ジュンライデン,1,2026-08-30,2026-08-30,0,0,0.0,0.0,0.0393350652218559,550.0,11.0,9.0,2026-0830-07-03-04-08,8.0,
2022104887.0,シュバルツマサムネ,1,2026-08-30,2026-08-30,0,0,0.0,0.0,0.0306232415392356,460.0,8.0,8.0,2026-0830-04-03-04-07,12.0,
2022104879.0,テーオーシュタイン,1,2026-08-23,2026-08-23,0,0,0.0,0.0,0.0821063699384895,308.0,9.0,7.0,2026-0823-07-03-02-06,3.0,
2022104875.0,オルグジェシダ,1,2026-08-23,2026-08-23,0,0,0.0,0.0,0.1872073005682193,33.0,2.0,3.0,2026-0823-04-03-02-10,3.0,
2022104858.0,セイルロケット,1,2026-08-30,2026-08-30,0,0,0.0,0.0,0.0161664212528128,290.0,7.0,11.0,2026-0830-01-02-04-07,10.0,
2022104841.0,オーレアミスト,1,2026-08-30,2026-08-30,0,0,0.0,0.0,0.0174304407643372,432.0,8.0,11.0,2026-0830-07-03-04-05,7.0,
2022104817.0,ペールノエル,1,2026-08-23,2026-08-23,0,0,0.0,0.0,0.084507003625416,140.0,6.0,4.0,2026-0823-07-03-02-11,6.0,
2022104745.0,シャルクハフト,1,2026-08-30,2026-08-30,0,0,0.0,0.0,0.0068512648521205,2019.0,14.0,12.0,2026-0830-07-03-04-06,5.0,
2022104801.0,ハッコウイチウ,1,2026-08-22,2026-08-22,0,0,0.0,0.0,0.1101157911202584,239.0,6.0,3.0,2026-0822-04-03-01-08,3.0,
2022104786.0,サトノラポール,1,2026-08-29,2026-08-29,0,0,0.0,0.0,0.0250288418954249,176.0,7.0,9.0,2026-0829-04-03-03-06,9.0,
2022104784.0,ルクスジニア,1,2026-08-23,2026-08-23,0,0,0.0,0.0,0.1308468646644466,36.0,1.0,4.0,2026-0823-01-02-02-12,4.0,
2022104751.0,アルテヴェローチェ,1,2026-08-22,2026-08-22,0,0,0.0,0.0,0.037509968019967,658.0,15.0,11.0,2026-0822-04-03-01-07,11.0,
2022104748.0,ウィルサヴァイブ,1,2026-08-29,2026-08-29,0,0,0.0,0.0,0.1222764907512387,128.0,6.0,3.0,2026-0829-01-02-03-11,7.0,
2022104746.0,サトノビーツ,1,2026-08-22,2026-08-22,0,0,0.0,0.0,0.0269955842018463,316.0,10.0,11.0,2026-0822-04-03-01-10,15.0,
2022104515.0,ビーアイフォルテ,1,2026-08-30,2026-08-30,0,0,0.0,0.0,0.0175241264247657,539.0,11.0,12.0,2026-0830-04-03-04-09,17.0,
2022104419.0,ローズマイスター,1,2026-08-23,2026-08-23,0,0,0.0,0.0,0.0881694101281024,79.0,3.0,6.0,2026-0823-01-02-02-10,2.0,
2021105984.0,モモンウールー,1,2026-08-23,2026-08-23,0,0,0.0,0.0,0.0738745866351908,169.0,8.0,4.0,2026-0823-04-03-02-06,13.0,
2022104391.0,ヴィヴァシャス,1,2026-08-29,2026-08-29,0,0,0.0,0.0,0.009567465661665,1561.0,15.0,15.0,2026-0829-07-03-03-10,12.0,
2022103991.0,ジーティーエスピ,1,2026-08-29,2026-08-29,1,0,100.0,0.0,0.1623747949363205,105.0,8.0,1.0,2026-0829-01-02-03-07,7.0,-1.0
2022103785.0,マタミカンサン,1,2026-08-22,2026-08-22,0,0,0.0,0.0,0.1576011459968829,32.0,2.0,3.0,2026-0822-04-03-01-09,2.0,
2022103705.0,エレガンシア,1,2026-08-23,2026-08-23,0,0,0.0,0.0,0.0398980889336405,181.0,7.0,6.0,2026-0823-07-03-02-05,6.0,
2022103634.0,メイショウサトノヒ,1,2026-08-29,2026-08-29,0,0,0.0,0.0,0.0143988586745187,1204.0,14.0,12.0,2026-0829-07-03-03-10,7.0,
2022103623.0,ガイラルディア,1,2026-08-22,2026-08-22,0,0,0.0,0.0,0.054875572736816,517.0,8.0,5.0,2026-0822-07-03-01-08,7.0,
2022103594.0,サンタアニタ,1,2026-08-30,2026-08-30,0,0,0.0,0.0,0.1051916247779191,275.0,11.0,4.0,2026-0830-01-02-04-11,10.0,
2022103592.0,ルシード,1,2026-08-23,2026-08-23,0,0,0.0,0.0,0.0484126836455779,184.0,7.0,8.0,2026-0823-01-02-02-11,11.0,
2022103588.0,スノーリン,1,2026-08-30,2026-08-30,0,0,0.0,0.0,0.0076886691532343,2837.0,12.0,12.0,2026-0830-04-03-04-01,11.0,
2022103577.0,リッキースタイル,1,2026-08-22,2026-08-22,0,0,0.0,0.0,0.0298807686181691,100.0,3.0,6.0,2026-0822-04-03-01-08,6.0,
2022103522.0,ジェットブレード,1,2026-08-30,2026-08-30,0,0,0.0,0.0,0.005097010612242,2004.0,14.0,14.0,2026-0830-07-03-04-08,4.0,
2022103517.0,シュエットアムール,1,2026-08-30,2026-08-30,0,0,0.0,0.0,0.0082279377126358,2851.0,10.0,10.0,2026-0830-07-03-04-10,9.0,
2022103515.0,ユウェンタース,1,2026-08-23,2026-08-23,0,0,0.0,0.0,0.0259164420573943,94.0,5.0,9.0,2026-0823-01-02-02-10,6.0,
2022103494.0,スイートオレンジ,1,2026-08-30,2026-08-30,0,0,0.0,0.0,0.0296763997090654,288.0,9.0,11.0,2026-0830-07-03-04-08,5.0,
2022103485.0,アスコットアイ,1,2026-08-30,2026-08-30,0,0,0.0,0.0,0.0244597970799359,543.0,10.0,10.0,2026-0830-01-02-04-07,8.0,
2022103482.0,ステラノヴァ,1,2026-08-30,2026-08-30,0,0,0.0,0.0,0.0397757110563372,287.0,6.0,7.0,2026-0830-01-02-04-07,2.0,
2022104000.0,ディベルティスマン,1,2026-08-30,2026-08-30,0,0,0.0,0.0,0.103584744001935,165.0,7.0,4.0,2026-0830-01-02-04-12,4.0,
2022104062.0,カージオイド,1,2026-08-29,2026-08-29,0,0,0.0,0.0,0.0394740371558692,120.0,5.0,9.0,2026-0829-01-02-03-09,3.0,
2022104092.0,サクラアドリア,1,2026-08-23,2026-08-23,0,0,0.0,0.0,0.1120700105711452,180.0,6.0,4.0,2026-0823-01-02-02-08,9.0,
2022104186.0,ヴェントゥーラ,1,2026-08-30,2026-08-30,0,0,0.0,0.0,0.0639991131833567,29.0,1.0,5.0,2026-0830-04-03-04-09,1.0,
2022104387.0,キントラダンサー,1,2026-08-30,2026-08-30,0,0,0.0,0.0,0.0331413499264531,1075.0,14.0,11.0,2026-0830-04-03-04-09,13.0,
2022104362.0,キョウエイグッド,1,2026-08-23,2026-08-23,0,0,0.0,0.0,0.0122677443440499,624.0,10.0,11.0,2026-0823-04-03-02-10,6.0,
2022104316.0,ユキノエミリオ,1,2026-08-23,2026-08-23,0,0,0.0,0.0,0.0337939396589486,790.0,10.0,8.0,2026-0823-04-03-02-08,9.0,
2022104267.0,レヴァンテシチー,1,2026-08-30,2026-08-30,0,0,0.0,0.0,0.0320054877424932,207.0,6.0,8.0,2026-0830-07-03-04-06,3.0,
2022104221.0,ペイシャアーサー,1,2026-08-29,2026-08-29,0,0,0.0,0.0,0.0148835746620654,829.0,13.0,13.0,2026-0829-01-02-03-07,9.0,
2022104190.0,ラトルシェ,1,2026-08-30,2026-08-30,0,0,0.0,0.0,0.0481406969813893,360.0,9.0,7.0,2026-0830-04-03-04-09,2.0,
2022104180.0,ワンコールアウェイ,1,2026-08-29,2026-08-29,0,0,0.0,0.0,0.1079260537179326,99.0,4.0,4.0,2026-0829-07-03-03-08,9.0,
2022104106.0,ロンティケチャップ,1,2026-08-23,2026-08-23,0,0,0.0,0.0,0.011837057582224,855.0,12.0,14.0,2026-0823-07-03-02-11,12.0,
2022104179.0,ツインピークス,1,2026-08-22,2026-08-22,0,0,0.0,0.0,0.0517054812343156,116.0,4.0,8.0,2026-0822-04-03-01-10,8.0,
2022104177.0,シュガーハイ,1,2026-08-22,2026-08-22,0,0,0.0,0.0,0.0134113239102654,724.0,10.0,11.0,2026-0822-07-03-01-10,12.0,
2022104164.0,サイモンイロハニー,1,2026-08-30,2026-08-30,0,0,0.0,0.0,0.0144033723908791,934.0,9.0,9.0,2026-0830-01-02-04-06,10.0,
2022104122.0,スカイダイバー,1,2026-08-23,2026-08-23,0,0,0.0,0.0,0.0586304677199667,452.0,10.0,6.0,2026-0823-04-03-02-11,10.0,
2022104121.0,カウンティフェア,1,2026-08-29,2026-08-29,0,0,0.0,0.0,0.0098153279826902,354.0,9.0,13.0,2026-0829-07-03-03-08,5.0,
2022104110.0,コンパクトファイト,1,2026-08-30,2026-08-30,0,0,0.0,0.0,0.0312203567603848,1727.0,12.0,7.0,2026-0830-04-03-04-12,14.0,
2022104905.0,チリーゴールド,1,2026-08-23,2026-08-23,0,0,0.0,0.0,0.0121452837619984,907.0,13.0,13.0,2026-0823-07-03-02-11,15.0,
2022104907.0,サトノパトリオット,1,2026-08-30,2026-08-30,0,0,0.0,0.0,0.1056798245696156,51.0,4.0,4.0,2026-0830-04-03-04-07,6.0,
2022104922.0,リラエンブレム,1,2026-08-23,2026-08-23,0,0,0.0,0.0,0.0560891295272041,316.0,10.0,6.0,2026-0823-01-02-02-11,9.0,
2022104928.0,トリポリタニア,1,2026-08-23,2026-08-23,0,0,0.0,0.0,0.1670118621395473,31.0,1.0,2.0,2026-0823-07-03-02-07,1.0,
2022105708.0,ヴェーヌドール,1,2026-08-29,2026-08-29,0,0,0.0,0.0,0.010453649727893,1428.0,12.0,10.0,2026-0829-04-03-03-06,5.0,
2022105705.0,バルジール,1,2026-08-23,2026-08-23,0,0,0.0,0.0,0.1059888035884662,158.0,7.0,3.0,2026-0823-04-03-02-09,3.0,
2022105610.0,ウインハルモニア,1,2026-08-23,2026-08-23,0,0,0.0,0.0,0.0196691005863518,180.0,11.0,11.0,2026-0823-01-02-02-10,14.0,
2022105601.0,エルマーゴ,1,2026-08-30,2026-08-30,0,0,0.0,0.0,0.1027495535218828,62.0,3.0,5.0,2026-0830-01-02-04-11,9.0,
2022105590.0,ワンモアスマイル,1,2026-08-23,2026-08-23,0,0,0.0,0.0,0.0275142777261968,568.0,11.0,11.0,2026-0823-07-03-02-06,13.0,
2022105569.0,ルージュマローネ,1,2026-08-29,2026-08-29,0,0,0.0,0.0,0.0121136225682244,1374.0,9.0,9.0,2026-0829-01-02-03-12,12.0,
2022105552.0,ナグルファル,1,2026-08-29,2026-08-29,0,0,0.0,0.0,0.0164345242906651,351.0,11.0,13.0,2026-0829-01-02-03-11,9.0,
2022105529.0,ミッドタウンナイト,1,2026-08-30,2026-08-30,0,0,0.0,0.0,0.0105103182624144,1683.0,12.0,12.0,2026-0830-01-02-04-12,5.0,
2022105525.0,モルビド,1,2026-08-30,2026-08-30,0,0,0.0,0.0,0.0390123862661122,364.0,8.0,8.0,2026-0830-01-02-04-12,10.0,
2022105520.0,ミッキーソルジャー,1,2026-08-22,2026-08-22,0,0,0.0,0.0,0.0549814521983865,29.0,1.0,5.0,2026-0822-04-03-01-06,2.0,
2022105506.0,シドニーホバート,1,2026-08-23,2026-08-23,0,0,0.0,0.0,0.0223801962904938,1233.0,11.0,10.0,2026-0823-01-02-02-07,9.0,
2022105478.0,ダノンミッション,1,2026-08-30,2026-08-30,0,0,0.0,0.0,0.1291543640518914,67.0,4.0,3.0,2026-0830-01-02-04-11,5.0,
2022105475.0,レディーミコノス,1,2026-08-22,2026-08-22,0,0,0.0,0.0,0.0529561552481719,130.0,5.0,6.0,2026-0822-04-03-01-06,12.0,
2022105461.0,コウセイケンタロス,1,2026-08-29,2026-08-29,0,0,0.0,0.0,0.0038676835686035,3495.0,13.0,13.0,2026-0829-04-03-03-09,13.0,
2022105459.0,エテオクロス,1,2026-08-30,2026-08-30,0,0,0.0,0.0,0.0362890437577128,281.0,7.0,6.0,2026-0830-04-03-04-12,5.0,
2022105738.0,ロフティストーリー,1,2026-08-23,2026-08-23,0,0,0.0,0.0,0.0883335435963686,62.0,3.0,3.0,2026-0823-04-03-02-06,8.0,
2022105748.0,リードプリンシパル,1,2026-08-29,2026-08-29,0,0,0.0,0.0,0.040918564563117,971.0,12.0,10.0,2026-0829-07-03-03-06,7.0,
2022105755.0,スリールミニョン,1,2026-08-22,2026-08-22,0,0,0.0,0.0,0.0542379147003068,241.0,10.0,7.0,2026-0822-04-03-01-07,15.0,
2022105813.0,ルージュミレネール,1,2026-08-22,2026-08-22,0,0,0.0,0.0,0.0223616603908738,513.0,10.0,13.0,2026-0822-04-03-01-09,12.0,
2022105973.0,ハヤブサオヒメサマ,1,2026-08-23,2026-08-23,0,0,0.0,0.0,0.1000126172585897,99.0,8.0,4.0,2026-0823-01-02-02-10,8.0,
2017104238.0,フームスムート,1,2026-08-30,2026-08-30,0,0,0.0,0.0,0.0021825342575768,4090.0,16.0,16.0,2026-0830-07-03-04-06,15.0,
2022105863.0,ルシャルムール,1,2026-08-29,2026-08-29,0,0,0.0,0.0,0.0427983752277545,43.0,2.0,5.0,2026-0829-04-03-03-06,4.0,
2022105848.0,ステイクオール,1,2026-08-30,2026-08-30,0,0,0.0,0.0,0.0587391952143689,123.0,5.0,5.0,2026-0830-07-03-04-05,3.0,
2022105830.0,モンドデラモーレ,1,2026-08-30,2026-08-30,0,0,0.0,0.0,0.091857794234672,41.0,1.0,6.0,2026-0830-01-02-04-11,2.0,
2022105814.0,サイモンノーブル,1,2026-08-30,2026-08-30,0,0,0.0,0.0,0.0345181066804833,1090.0,9.0,7.0,2026-0830-07-03-04-10,6.0,
2022105807.0,パワースナッチ,1,2026-08-23,2026-08-23,0,0,0.0,0.0,0.182969514189863,87.0,5.0,3.0,2026-0823-04-03-02-08,6.0,
2022105766.0,ドーギッド,1,2026-08-23,2026-08-23,0,0,0.0,0.0,0.0376974005955105,601.0,10.0,9.0,2026-0823-01-02-02-09,10.0,
2022105801.0,ショウナンサムデイ,1,2026-08-22,2026-08-22,0,0,0.0,0.0,0.0996105628730925,49.0,3.0,4.0,2026-0822-01-02-01-11,3.0,
2022105796.0,アリスメティーク,1,2026-08-29,2026-08-29,1,0,100.0,0.0,0.2191021364506197,25.0,1.0,1.0,2026-0829-01-02-03-11,12.0,-1.0
2022105794.0,ラテライト,2,2026-08-22,2026-08-29,0,0,0.0,0.0,0.033481642393814,202.0,6.5,7.5,2026-0829-07-03-03-09,4.0,
2022105791.0,ブルックリンダンス,1,2026-08-22,2026-08-22,0,0,0.0,0.0,0.051424349621254,342.0,10.0,7.0,2026-0822-07-03-01-06,14.0,
2022105775.0,ルグランヴァン,1,2026-08-22,2026-08-22,0,0,0.0,0.0,0.0975013521066596,44.0,2.0,4.0,2026-0822-07-03-01-07,7.0,
2022105773.0,リアライズオーラム,1,2026-08-29,2026-08-29,0,0,0.0,0.0,0.0081007014681747,135.0,4.0,13.0,2026-0829-04-03-03-06,3.0,
2022105456.0,オストラヴァ,1,2026-08-30,2026-08-30,1,0,100.0,0.0,0.2964860878681234,36.0,2.0,1.0,2026-0830-04-03-04-07,3.0,-1.0
2022105454.0,シャドウメテオ,1,2026-08-30,2026-08-30,0,0,0.0,0.0,0.1053383573977127,90.0,5.0,5.0,2026-0830-04-03-04-07,1.0,
2022105435.0,ボンヌソワレ,1,2026-08-29,2026-08-29,1,0,100.0,0.0,0.2109982805504652,46.0,2.0,1.0,2026-0829-07-03-03-07,3.0,-1.0
2022105070.0,ジャサルディア,1,2026-08-22,2026-08-22,1,0,100.0,0.0,0.2688036394228121,33.0,2.0,1.0,2026-0822-04-03-01-06,3.0,-1.0
2022105190.0,ブルーミングローズ,1,2026-08-23,2026-08-23,0,0,0.0,0.0,0.0286391489940923,94.0,3.0,8.0,2026-0823-07-03-02-05,7.0,
2022105130.0,スターエンブレム,1,2026-08-22,2026-08-22,0,0,0.0,0.0,0.018184390633366,652.0,13.0,13.0,2026-0822-04-03-01-10,12.0,
2022105100.0,フォンデネージュ,1,2026-08-22,2026-08-22,0,0,0.0,0.0,0.0372266674939045,172.0,6.0,7.0,2026-0822-04-03-01-09,9.0,
2022105095.0,ツァガーンサル,1,2026-08-22,2026-08-22,0,0,0.0,0.0,0.0343093682742517,215.0,8.0,9.0,2026-0822-04-03-01-09,10.0,
2022105077.0,ワイルドブッター,1,2026-08-23,2026-08-23,0,0,0.0,0.0,0.0378551967122467,172.0,7.0,7.0,2026-0823-07-03-02-08,3.0,
2022105071.0,ショウナンザナドゥ,1,2026-08-22,2026-08-22,0,0,0.0,0.0,0.0527333982662156,124.0,5.0,8.0,2026-0822-04-03-01-07,1.0,
2022105030.0,エリーナストーム,1,2026-08-29,2026-08-29,0,0,0.0,0.0,0.0239155230845141,195.0,7.0,11.0,2026-0829-04-03-03-07,16.0,
2022105201.0,ラマンシュ,1,2026-08-22,2026-08-22,0,0,0.0,0.0,0.0060086998690061,1274.0,14.0,14.0,2026-0822-07-03-01-06,10.0,
2022105022.0,ライノ,1,2026-08-22,2026-08-22,0,0,0.0,0.0,0.049804905387976,109.0,5.0,8.0,2026-0822-07-03-01-06,1.0,
2022105018.0,バルティカ,1,2026-08-29,2026-08-29,0,0,0.0,0.0,0.095187183612383,54.0,2.0,4.0,2026-0829-01-02-03-11,2.0,
2022105011.0,リンゲルブルーメ,1,2026-08-29,2026-08-29,0,0,0.0,0.0,0.0181836298757121,191.0,7.0,11.0,2026-0829-07-03-03-10,9.0,
2022105002.0,ボウウィンドウ,1,2026-08-29,2026-08-29,0,0,0.0,0.0,0.0955453311622619,20.0,1.0,5.0,2026-0829-04-03-03-07,1.0,
2022105001.0,グレヴィレア,1,2026-08-22,2026-08-22,0,0,0.0,0.0,0.0277519748291172,1240.0,12.0,12.0,2026-0822-04-03-01-09,11.0,
2022104942.0,シルバーレイン,1,2026-08-23,2026-08-23,0,0,0.0,0.0,0.0237775800232025,297.0,7.0,9.0,2026-0823-04-03-02-08,8.0,
2022105191.0,スペードギニー,1,2026-08-23,2026-08-23,0,0,0.0,0.0,0.0197187060378843,520.0,9.0,9.0,2026-0823-04-03-02-10,9.0,
2022105217.0,ヴァイオパイシーズ,1,2026-08-22,2026-08-22,0,0,0.0,0.0,0.101915162063688,308.0,9.0,4.0,2026-0822-04-03-01-09,6.0,
2022105400.0,ピティロディア,1,2026-08-23,2026-08-23,0,0,0.0,0.0,0.0764489972665252,820.0,9.0,6.0,2026-0823-01-02-02-08,7.0,
2022105339.0,スピリットサージ,1,2026-08-22,2026-08-22,0,0,0.0,0.0,0.0120101865471381,727.0,14.0,15.0,2026-0822-04-03-01-10,10.0,
2022105394.0,ハニードレス,1,2026-08-29,2026-08-29,0,0,0.0,0.0,0.0491403606006984,152.0,7.0,8.0,2026-0829-01-02-03-11,3.0,
2022105392.0,スタードメイソン,1,2026-08-30,2026-08-30,0,0,0.0,0.0,0.0185322173278978,521.0,10.0,10.0,2026-0830-01-02-04-08,11.0,
2022105376.0,ティピティーナ,1,2026-08-23,2026-08-23,1,0,100.0,0.0,0.271471696871971,147.0,6.0,1.0,2026-0823-04-03-02-09,14.0,-1.0
2022105365.0,オプレントジュエル,1,2026-08-29,2026-08-29,0,0,0.0,0.0,0.1462534666908535,143.0,6.0,4.0,2026-0829-04-03-03-09,11.0,
2022105362.0,マルカベント,1,2026-08-29,2026-08-29,0,0,0.0,0.0,0.0040507319403531,2742.0,14.0,14.0,2026-0829-04-03-03-06,11.0,
2022105343.0,デルマサクラサク,1,2026-08-30,2026-08-30,0,0,0.0,0.0,0.1222267289924809,64.0,4.0,3.0,2026-0830-01-02-04-06,9.0,
2022105338.0,リポサンテ,1,2026-08-23,2026-08-23,0,0,0.0,0.0,0.2025063428027837,21.0,1.0,2.0,2026-0823-04-03-02-10,1.0,
2022105252.0,バトラーズワーフ,1,2026-08-23,2026-08-23,0,0,0.0,0.0,0.0152642470189487,503.0,7.0,8.0,2026-0823-07-03-02-09,7.0,
2022105326.0,コートアリシアン,1,2026-08-22,2026-08-22,0,0,0.0,0.0,0.1508080432550061,51.0,3.0,2.0,2026-0822-04-03-01-06,5.0,
2022105317.0,ミーントゥビー,1,2026-08-23,2026-08-23,0,0,0.0,0.0,0.0458493597605344,74.0,4.0,7.0,2026-0823-01-02-02-12,5.0,
2022105293.0,キャトルエピス,1,2026-08-29,2026-08-29,0,0,0.0,0.0,0.0231132232763794,141.0,7.0,11.0,2026-0829-04-03-03-10,9.0,
2022105291.0,ランフォーヴァウ,1,2026-08-22,2026-08-22,0,0,0.0,0.0,0.0436016227503776,143.0,7.0,10.0,2026-0822-04-03-01-07,16.0,
2022105290.0,レッドヴァリアート,1,2026-08-30,2026-08-30,0,0,0.0,0.0,0.219878931286406,60.0,4.0,2.0,2026-0830-07-03-04-10,1.0,
2022105267.0,サウンドルーチェ,1,2026-08-22,2026-08-22,0,0,0.0,0.0,0.0211394786321606,513.0,10.0,10.0,2026-0822-01-02-01-08,5.0,
2022103473.0,ベルサ,1,2026-08-23,2026-08-23,0,0,0.0,0.0,0.0166008445235622,249.0,8.0,11.0,2026-0823-07-03-02-11,2.0,
2022103443.0,ポップグルーヴ,1,2026-08-23,2026-08-23,0,0,0.0,0.0,0.0305073821699653,1152.0,13.0,9.0,2026-0823-04-03-02-11,9.0,
2022103394.0,ドルビナ,1,2026-08-22,2026-08-22,0,0,0.0,0.0,0.0165287573380561,2081.0,15.0,14.0,2026-0822-04-03-01-10,14.0,
2022101418.0,レストプレドゥモア,1,2026-08-22,2026-08-22,0,0,0.0,0.0,0.0998588335902397,134.0,8.0,5.0,2026-0822-01-02-01-07,2.0,
2022100816.0,ジンガー,1,2026-08-29,2026-08-29,0,0,0.0,0.0,0.002961066632741,3123.0,15.0,15.0,2026-0829-04-03-03-06,14.0,
2022100660.0,ロードヴァルカン,1,2026-08-22,2026-08-22,0,0,0.0,0.0,0.177040937323466,66.0,3.0,2.0,2026-0822-01-02-01-07,7.0,
2022100642.0,キャッスルレイク,1,2026-08-29,2026-08-29,0,0,0.0,0.0,0.1243222330093572,119.0,5.0,3.0,2026-0829-07-03-03-08,4.0,
2022100637.0,ロードアルディート,1,2026-08-29,2026-08-29,0,0,0.0,0.0,0.2013326193113638,52.0,3.0,2.0,2026-0829-01-02-03-08,4.0,
2022100622.0,マジックローズ,1,2026-08-30,2026-08-30,1,0,100.0,0.0,0.1655474773642575,57.0,2.0,1.0,2026-0830-01-02-04-11,12.0,-1.0
2022100557.0,ロードスカイブルー,1,2026-08-22,2026-08-22,0,0,0.0,0.0,0.0091922938185307,799.0,8.0,8.0,2026-0822-01-02-01-12,6.0,
2022100526.0,コスモコンフェルマ,1,2026-08-30,2026-08-30,0,0,0.0,0.0,0.0431634151343056,82.0,4.0,6.0,2026-0830-04-03-04-06,12.0,
2022100511.0,サザンティスプーン,1,2026-08-22,2026-08-22,0,0,0.0,0.0,0.022288683479475,299.0,9.0,12.0,2026-0822-04-03-01-10,6.0,
2022100497.0,スマートブル,1,2026-08-30,2026-08-30,0,0,0.0,0.0,0.0102449287372507,842.0,10.0,12.0,2026-0830-04-03-04-12,9.0,
2022100458.0,シンギタイ,1,2026-08-30,2026-08-30,0,0,0.0,0.0,0.0091551410912005,2351.0,13.0,13.0,2026-0830-07-03-04-05,13.0,
2022100439.0,ハギノコラソン,1,2026-08-29,2026-08-29,0,0,0.0,0.0,0.0747997519387465,841.0,13.0,6.0,2026-0829-04-03-03-07,12.0,
2022100390.0,アバレリュウ,1,2026-08-29,2026-08-29,0,0,0.0,0.0,0.0315289763279189,403.0,9.0,8.0,2026-0829-04-03-03-06,8.0,
2022100382.0,ビップディラン,1,2026-08-23,2026-08-23,0,0,0.0,0.0,0.1186133315339175,47.0,2.0,3.0,2026-0823-07-03-02-06,1.0,
2022100381.0,オリバナム,1,2026-08-29,2026-08-29,0,0,0.0,0.0,0.0408518738767483,236.0,9.0,8.0,2026-0829-04-03-03-07,8.0,
2022100366.0,リトムテール,1,2026-08-23,2026-08-23,0,0,0.0,0.0,0.0076764685340887,2472.0,16.0,15.0,2026-0823-07-03-02-08,16.0,
2022100912.0,ココデイック,1,2026-08-22,2026-08-22,0,0,0.0,0.0,0.0696437659700923,115.0,6.0,5.0,2026-0822-01-02-01-12,7.0,
2022101005.0,マロンカラノテガミ,1,2026-08-22,2026-08-22,0,0,0.0,0.0,0.0062501632353552,972.0,9.0,11.0,2026-0822-01-02-01-12,11.0,
2022101032.0,ワカミヤイリオス,1,2026-08-29,2026-08-29,0,0,0.0,0.0,0.0069901085392851,2430.0,15.0,15.0,2026-0829-04-03-03-10,17.0,
2022101265.0,テンペストヒロイン,1,2026-08-23,2026-08-23,0,0,0.0,0.0,0.0132726888526037,530.0,11.0,14.0,2026-0823-04-03-02-11,14.0,
2022101405.0,ララバニュルス,1,2026-08-30,2026-08-30,0,0,0.0,0.0,0.1082403396651,84.0,4.0,3.0,2026-0830-01-02-04-10,4.0,
2022101403.0,タイセイレグノ,1,2026-08-29,2026-08-29,0,0,0.0,0.0,0.0268619977584432,707.0,12.0,9.0,2026-0829-07-03-03-10,10.0,
2022101400.0,マーゴットレジーナ,1,2026-08-23,2026-08-23,0,0,0.0,0.0,0.0281872950468453,172.0,6.0,9.0,2026-0823-07-03-02-05,4.0,
2022101396.0,サンライズブレイク,1,2026-08-23,2026-08-23,0,0,0.0,0.0,0.0332613033582611,176.0,8.0,8.0,2026-0823-07-03-02-08,9.0,
2022101286.0,クラウンアールシー,1,2026-08-30,2026-08-30,0,0,0.0,0.0,0.0410764616846965,687.0,11.0,6.0,2026-0830-01-02-04-08,7.0,
2022101281.0,クラウンフリード,1,2026-08-30,2026-08-30,0,0,0.0,0.0,0.0047677757359385,5232.0,15.0,14.0,2026-0830-04-03-04-12,10.0,
2022101255.0,ステイアンビシャス,1,2026-08-23,2026-08-23,0,0,0.0,0.0,0.1170754025400034,59.0,5.0,4.0,2026-0823-01-02-02-07,6.0,
2022101039.0,オーケーダイナ,1,2026-08-23,2026-08-23,0,0,0.0,0.0,0.0095495503603978,553.0,10.0,12.0,2026-0823-01-02-02-06,11.0,
2022101204.0,サツキレジーナ,1,2026-08-23,2026-08-23,0,0,0.0,0.0,0.168647587277048,51.0,3.0,2.0,2026-0823-04-03-02-11,3.0,
2022101197.0,マイエレメント,1,2026-08-22,2026-08-22,0,0,0.0,0.0,0.0331319298896623,193.0,7.0,11.0,2026-0822-04-03-01-06,9.0,
2022101175.0,ピエナフェーヴル,1,2026-08-29,2026-08-29,0,0,0.0,0.0,0.1170474336667244,66.0,2.0,2.0,2026-0829-04-03-03-07,5.0,
2022101141.0,ガンバレベアー,1,2026-08-30,2026-08-30,0,0,0.0,0.0,0.0144829440059649,909.0,11.0,11.0,2026-0830-04-03-04-12,8.0,
2022101114.0,アイファージェット,1,2026-08-30,2026-08-30,0,0,0.0,0.0,0.0040067902087373,3633.0,13.0,15.0,2026-0830-04-03-04-12,15.0,
2022101053.0,ペガサスノース,1,2026-08-29,2026-08-29,0,0,0.0,0.0,0.0123952145821125,897.0,15.0,14.0,2026-0829-01-02-03-07,3.0,
2022100348.0,ヨドノタイヨウ,1,2026-08-29,2026-08-29,0,0,0.0,0.0,0.1016477668023137,136.0,5.0,4.0,2026-0829-04-03-03-06,2.0,
2022100321.0,リメンバーヒム,1,2026-08-29,2026-08-29,0,0,0.0,0.0,0.0174636663880513,941.0,7.0,8.0,2026-0829-01-02-03-12,3.0,
2022100274.0,マイネルアズーロ,1,2026-08-29,2026-08-29,0,0,0.0,0.0,0.1024395993315391,89.0,4.0,4.0,2026-0829-04-03-03-07,4.0,
2021106550.0,タガノエルピーダ,1,2026-08-22,2026-08-22,0,0,0.0,0.0,0.0808884110684611,79.0,3.0,6.0,2026-0822-04-03-01-07,6.0,
2021106827.0,マイネルバーテクス,1,2026-08-29,2026-08-29,0,0,0.0,0.0,0.0386198489661805,714.0,14.0,11.0,2026-0829-01-02-03-11,11.0,
2021106826.0,レッセパッセ,1,2026-08-23,2026-08-23,0,0,0.0,0.0,0.0145596989258119,726.0,12.0,10.0,2026-0823-01-02-02-12,10.0,
2021106811.0,マイネルモメンタム,1,2026-08-23,2026-08-23,0,0,0.0,0.0,0.107144143851891,171.0,6.0,4.0,2026-0823-04-03-02-10,7.0,
2021106694.0,ソウルアンドジャズ,1,2026-08-22,2026-08-22,0,0,0.0,0.0,0.167541726186313,43.0,2.0,2.0,2026-0822-07-03-01-06,2.0,
2021106635.0,インザモーメント,1,2026-08-30,2026-08-30,0,0,0.0,0.0,0.0250071178744615,427.0,10.0,9.0,2026-0830-07-03-04-06,7.0,
2021106618.0,マハナ,1,2026-08-30,2026-08-30,0,0,0.0,0.0,0.0316226127443131,2084.0,14.0,9.0,2026-0830-04-03-04-06,14.0,
2021106369.0,チャンネルトンネル,1,2026-08-29,2026-08-29,0,0,0.0,0.0,0.088158054610079,57.0,3.0,4.0,2026-0829-07-03-03-07,2.0,
2021107025.0,スカイダンスタイム,1,2026-08-30,2026-08-30,0,0,0.0,0.0,0.003430687177052,4593.0,13.0,13.0,2026-0830-04-03-04-11,12.0,
2021106194.0,ウインデイジー,1,2026-08-30,2026-08-30,0,0,0.0,0.0,0.0561754581841931,323.0,7.0,6.0,2026-0830-04-03-04-07,2.0,
2021106193.0,ウイントレメンデス,1,2026-08-22,2026-08-22,0,0,0.0,0.0,0.0970638839964366,88.0,5.0,5.0,2026-0822-01-02-01-11,13.0,
2021106180.0,シーリュウシー,1,2026-08-23,2026-08-23,0,0,0.0,0.0,0.022464114646447,426.0,9.0,9.0,2026-0823-01-02-02-07,11.0,
2021106171.0,ブルーサン,1,2026-08-23,2026-08-23,0,0,0.0,0.0,0.0624193287028733,686.0,12.0,7.0,2026-0823-07-03-02-07,15.0,
2021106105.0,クアトロジャック,1,2026-08-22,2026-08-22,0,0,0.0,0.0,0.0120513777536799,1109.0,13.0,12.0,2026-0822-07-03-01-07,15.0,
2021106078.0,ブルーストレイル,1,2026-08-22,2026-08-22,0,0,0.0,0.0,0.0062061107102318,2518.0,12.0,12.0,2026-0822-07-03-01-10,9.0,
2021106986.0,ミスエル,1,2026-08-30,2026-08-30,0,0,0.0,0.0,0.0434845487781339,231.0,7.0,9.0,2026-0830-04-03-04-09,6.0,
2021107063.0,イツモニコニコ,1,2026-08-23,2026-08-23,0,0,0.0,0.0,0.0147636476547097,793.0,13.0,15.0,2026-0823-01-02-02-11,7.0,
2022100216.0,アルマグラース,1,2026-08-23,2026-08-23,0,0,0.0,0.0,0.0132117369735204,2868.0,16.0,15.0,2026-0823-04-03-02-11,12.0,
2021110127.0,テリフィックプラン,1,2026-08-22,2026-08-22,0,0,0.0,0.0,0.0143834649347354,239.0,8.0,11.0,2026-0822-07-03-01-07,6.0,
2022100162.0,ゴットランド,1,2026-08-29,2026-08-29,0,0,0.0,0.0,0.0088432857590774,1594.0,13.0,12.0,2026-0829-04-03-03-06,10.0,
2022100154.0,メイショウズイウン,1,2026-08-29,2026-08-29,0,0,0.0,0.0,0.0336846154748173,78.0,4.0,7.0,2026-0829-04-03-03-08,1.0,
2022100084.0,ジェットマグナム,1,2026-08-22,2026-08-22,0,0,0.0,0.0,0.0652510596238512,795.0,11.0,4.0,2026-0822-04-03-01-06,6.0,
2022100080.0,リカントロポ,1,2026-08-23,2026-08-23,0,0,0.0,0.0,0.09747425999023,200.0,7.0,5.0,2026-0823-07-03-02-06,11.0,
2022100044.0,ディープサミット,1,2026-08-22,2026-08-22,0,0,0.0,0.0,0.0146009561577784,427.0,7.0,7.0,2026-0822-07-03-01-03,7.0,
2021110130.0,ドッビアーコ,1,2026-08-29,2026-08-29,0,0,0.0,0.0,0.0142988436496875,595.0,13.0,14.0,2026-0829-01-02-03-11,8.0,
2021110107.0,グランメドウ,1,2026-08-29,2026-08-29,0,0,0.0,0.0,0.1066158437857685,251.0,9.0,4.0,2026-0829-07-03-03-10,15.0,
2021107192.0,アラレタバシル,1,2026-08-23,2026-08-23,0,0,0.0,0.0,0.0716889253394045,42.0,2.0,5.0,2026-0823-04-03-02-06,2.0,
2021110023.0,エクストラバック,1,2026-08-22,2026-08-22,0,0,0.0,0.0,0.0338220414959877,281.0,11.0,10.0,2026-0822-01-02-01-10,5.0,
2021110012.0,アークドール,1,2026-08-23,2026-08-23,0,0,0.0,0.0,0.017836857865315,332.0,11.0,14.0,2026-0823-04-03-02-06,9.0,
2021110002.0,ワールドシリーズ,1,2026-08-29,2026-08-29,0,0,0.0,0.0,0.034625680899529,1123.0,12.0,10.0,2026-0829-04-03-03-01,9.0,
2021109016.0,エフエイト,1,2026-08-23,2026-08-23,0,0,0.0,0.0,0.0180770783320185,527.0,11.0,11.0,2026-0823-04-03-02-09,7.0,
2021107279.0,トクシージェネラル,1,2026-08-30,2026-08-30,0,0,0.0,0.0,0.0237350322367803,1188.0,12.0,8.0,2026-0830-01-02-04-08,12.0,
2021107253.0,ニシノコマチムスメ,1,2026-08-30,2026-08-30,0,0,0.0,0.0,0.036950432448056,342.0,8.0,7.0,2026-0830-04-03-04-11,5.0,
2022101412.0,ワタシマツワ,1,2026-08-30,2026-08-30,0,0,0.0,0.0,0.0339300901375922,179.0,9.0,10.0,2026-0830-01-02-04-11,1.0,
2022101445.0,マテンロウカナロア,1,2026-08-30,2026-08-30,0,0,0.0,0.0,0.0807450734467229,72.0,5.0,6.0,2026-0830-01-02-04-09,7.0,
2022103308.0,ミッドセンチュリー,1,2026-08-29,2026-08-29,0,0,0.0,0.0,0.1635333366789621,105.0,5.0,3.0,2026-0829-04-03-03-09,3.0,
2022101462.0,クラインシュミット,1,2026-08-23,2026-08-23,0,0,0.0,0.0,0.0050661240701116,4108.0,14.0,14.0,2026-0823-01-02-02-06,12.0,
2022102961.0,シックスパック,1,2026-08-30,2026-08-30,0,0,0.0,0.0,0.016527267092666,743.0,9.0,11.0,2026-0830-01-02-04-09,9.0,
2022102939.0,アオイレーギーナ,1,2026-08-29,2026-08-29,0,0,0.0,0.0,0.1063695714154395,103.0,5.0,5.0,2026-0829-07-03-03-06,2.0,
2022102920.0,ギフテッド,1,2026-08-23,2026-08-23,0,0,0.0,0.0,0.0134999236704371,1179.0,13.0,12.0,2026-0823-07-03-02-06,9.0,
2022102905.0,ディアウス,1,2026-08-29,2026-08-29,0,0,0.0,0.0,0.1572654854069357,170.0,4.0,3.0,2026-0829-01-02-03-12,8.0,
2022102887.0,ナムラクララ,1,2026-08-23,2026-08-23,0,0,0.0,0.0,0.0303153906454274,220.0,8.0,11.0,2026-0823-01-02-02-11,13.0,
2022102882.0,タイセイカイザー,1,2026-08-30,2026-08-30,0,0,0.0,0.0,0.0854268321653475,385.0,9.0,4.0,2026-0830-07-03-04-06,11.0,
2022102878.0,ナンナンプー,1,2026-08-29,2026-08-29,0,0,0.0,0.0,0.0149504494032431,487.0,12.0,12.0,2026-0829-01-02-03-07,13.0,
2022102756.0,オドラニャソンソン,1,2026-08-23,2026-08-23,0,0,0.0,0.0,0.0090791917438928,1754.0,15.0,13.0,2026-0823-07-03-02-08,6.0,
2022102745.0,ベネスピラ,1,2026-08-23,2026-08-23,0,0,0.0,0.0,0.053736678077046,135.0,7.0,5.0,2026-0823-01-02-02-12,12.0,
2022102726.0,ベルピルエット,1,2026-08-23,2026-08-23,0,0,0.0,0.0,0.0068508328801646,1232.0,14.0,16.0,2026-0823-07-03-02-08,13.0,
2022102722.0,ドゥラエテルノ,1,2026-08-22,2026-08-22,0,0,0.0,0.0,0.0637414393282907,220.0,7.0,5.0,2026-0822-07-03-01-06,13.0,
2022102700.0,トゥーザムーン,1,2026-08-30,2026-08-30,0,0,0.0,0.0,0.0518483729065604,248.0,7.0,5.0,2026-0830-04-03-04-06,2.0,
2022102594.0,ミキノバカラ,1,2026-08-22,2026-08-22,0,0,0.0,0.0,0.1610362583049847,124.0,6.0,2.0,2026-0822-01-02-01-10,3.0,
2022102573.0,メイショウアイル,1,2026-08-29,2026-08-29,0,0,0.0,0.0,0.0566437294615604,74.0,3.0,7.0,2026-0829-01-02-03-11,6.0,
2022102550.0,メイショウピリカ,1,2026-08-23,2026-08-23,0,0,0.0,0.0,0.1474732034423629,65.0,2.0,2.0,2026-0823-07-03-02-05,11.0,
2022102965.0,ブレトワルダ,1,2026-08-23,2026-08-23,1,0,100.0,0.0,0.3040141427218031,31.0,1.0,1.0,2026-0823-04-03-02-06,3.0,-1.0
2022102978.0,アルシャンティ,1,2026-08-29,2026-08-29,0,0,0.0,0.0,0.0060839834205306,3424.0,17.0,16.0,2026-0829-04-03-03-10,12.0,
2022102995.0,フレッシュラン,1,2026-08-30,2026-08-30,0,0,0.0,0.0,0.0073565646864057,3269.0,18.0,18.0,2026-0830-04-03-04-09,15.0,
2022103229.0,ウォーターパラディ,1,2026-08-29,2026-08-29,0,0,0.0,0.0,0.0485107320343031,438.0,11.0,8.0,2026-0829-07-03-03-10,3.0,
2022103306.0,ワイドデコラシオン,1,2026-08-30,2026-08-30,0,0,0.0,0.0,0.1592744346135171,25.0,1.0,3.0,2026-0830-01-02-04-07,3.0,
2022103288.0,ヤコブセン,1,2026-08-29,2026-08-29,0,0,0.0,0.0,0.0058429215012636,2294.0,11.0,12.0,2026-0829-01-02-03-12,10.0,
2022103285.0,バトンロード,1,2026-08-30,2026-08-30,0,0,0.0,0.0,0.0078440616134282,2553.0,11.0,11.0,2026-0830-04-03-04-01,10.0,
2022103278.0,ホウオウタイタン,1,2026-08-29,2026-08-29,1,0,100.0,0.0,0.2287118580060984,70.0,3.0,1.0,2026-0829-04-03-03-07,7.0,-1.0
2022103251.0,メイショウビストロ,1,2026-08-29,2026-08-29,0,0,0.0,0.0,0.0434267413009748,364.0,8.0,8.0,2026-0829-07-03-03-11,12.0,
2022103237.0,メイショウホダワラ,1,2026-08-30,2026-08-30,0,0,0.0,0.0,0.0168627757981235,344.0,6.0,11.0,2026-0830-01-02-04-08,10.0,
2022103222.0,エオアリイ,1,2026-08-29,2026-08-29,0,0,0.0,0.0,0.0714447807609273,303.0,8.0,5.0,2026-0829-01-02-03-09,7.0,
2022103018.0,シェーンルスカ,2,2026-08-22,2026-08-30,0,0,0.0,0.0,0.020591037227768352,2901.5,13.0,9.0,2026-0830-01-02-04-08,9.0,
2022103214.0,ルクスコロン,1,2026-08-23,2026-08-23,0,0,0.0,0.0,0.0167086133202368,2469.0,15.0,11.0,2026-0823-04-03-02-11,15.0,
2022103195.0,ヴェントインコーダ,1,2026-08-22,2026-08-22,0,0,0.0,0.0,0.0379974278188757,620.0,10.0,5.0,2026-0822-04-03-01-08,7.0,
2022103156.0,タイキフィアリーベ,1,2026-08-23,2026-08-23,0,0,0.0,0.0,0.0560327294631922,204.0,8.0,6.0,2026-0823-01-02-02-07,7.0,
2022103155.0,タイキオーベロン,1,2026-08-29,2026-08-29,0,0,0.0,0.0,0.076588499446964,343.0,10.0,5.0,2026-0829-04-03-03-10,8.0,
2022103100.0,リオンプライム,1,2026-08-29,2026-08-29,0,0,0.0,0.0,0.0098906500078557,1999.0,13.0,11.0,2026-0829-07-03-03-11,10.0,
2022103053.0,ケイアイワイラーパ,1,2026-08-22,2026-08-22,0,0,0.0,0.0,0.0146334988133004,720.0,9.0,9.0,2026-0822-07-03-01-10,10.0,
2022102500.0,マトラコーニッシュ,1,2026-08-22,2026-08-22,0,0,0.0,0.0,0.045579872701809,216.0,8.0,7.0,2026-0822-04-03-01-06,4.0,
2022102492.0,グッバイウェーブ,1,2026-08-22,2026-08-22,0,0,0.0,0.0,0.0198394802707904,1422.0,10.0,9.0,2026-0822-01-02-01-07,10.0,
2022102421.0,ビービーエフォート,1,2026-08-22,2026-08-22,0,0,0.0,0.0,0.0713098723671237,60.0,3.0,6.0,2026-0822-01-02-01-10,2.0,
2022101601.0,ニュークレド,1,2026-08-30,2026-08-30,0,0,0.0,0.0,0.0524213431531851,222.0,8.0,7.0,2026-0830-07-03-04-08,9.0,
2022101819.0,ジェイエルライナー,1,2026-08-30,2026-08-30,0,0,0.0,0.0,0.0051528790119223,3883.0,14.0,13.0,2026-0830-04-03-04-12,13.0,
2022101781.0,スペルビア,1,2026-08-23,2026-08-23,0,0,0.0,0.0,0.0164551062394256,1007.0,12.0,12.0,2026-0823-04-03-02-11,17.0,
2022101749.0,ブルバンビーナ,1,2026-08-30,2026-08-30,0,0,0.0,0.0,0.0094363756193261,1746.0,12.0,11.0,2026-0830-04-03-04-11,11.0,
2022101732.0,パンジャタワー,1,2026-08-23,2026-08-23,1,0,100.0,0.0,0.2408571670824497,19.0,1.0,1.0,2026-0823-01-02-02-11,2.0,-1.0
2022101716.0,ピコシー,1,2026-08-30,2026-08-30,0,0,0.0,0.0,0.0401586662091156,528.0,8.0,8.0,2026-0830-04-03-04-06,5.0,
2022101604.0,ハニーローリエ,1,2026-08-30,2026-08-30,1,0,100.0,0.0,0.2159174589001324,32.0,2.0,1.0,2026-0830-04-03-04-09,14.0,-1.0
2022101599.0,ピラニアキッス,1,2026-08-22,2026-08-22,0,0,0.0,0.0,0.1059388774432891,104.0,5.0,5.0,2026-0822-01-02-01-08,6.0,
2022101920.0,マグネシアブリック,1,2026-08-29,2026-08-29,0,0,0.0,0.0,0.0957478015717579,87.0,6.0,5.0,2026-0829-01-02-03-07,6.0,
2022101579.0,オレイア,1,2026-08-23,2026-08-23,0,0,0.0,0.0,0.0109730382685293,3175.0,17.0,17.0,2026-0823-04-03-02-11,11.0,
2022101573.0,ポッドロワール,1,2026-08-29,2026-08-29,0,0,0.0,0.0,0.1234427271377192,26.0,1.0,2.0,2026-0829-07-03-03-07,5.0,
2022101532.0,エポカスピーガ,1,2026-08-30,2026-08-30,0,0,0.0,0.0,0.0349677232020076,435.0,8.0,7.0,2026-0830-04-03-04-01,3.0,
2022101495.0,シャインフリーリー,1,2026-08-29,2026-08-29,0,0,0.0,0.0,0.0073640273611943,2659.0,11.0,10.0,2026-0829-04-03-03-09,10.0,
2022101476.0,ジェーケーボンバー,1,2026-08-30,2026-08-30,0,0,0.0,0.0,0.0197145036423528,1464.0,12.0,10.0,2026-0830-04-03-04-06,6.0,
2022101473.0,ライラックデューン,1,2026-08-30,2026-08-30,0,0,0.0,0.0,0.0437975334225377,254.0,8.0,6.0,2026-0830-01-02-04-06,6.0,
2022101864.0,マオノクラッシュ,1,2026-08-23,2026-08-23,0,0,0.0,0.0,0.0343329121902083,88.0,5.0,8.0,2026-0823-04-03-02-09,5.0,
2022101938.0,グルーヴィーオン,1,2026-08-22,2026-08-22,0,0,0.0,0.0,0.0083929039492556,1541.0,10.0,9.0,2026-0822-01-02-01-12,9.0,
2022102399.0,マーズオデッセイ,1,2026-08-23,2026-08-23,1,0,100.0,0.0,0.2862006258739848,112.0,5.0,1.0,2026-0823-07-03-02-07,2.0,-1.0
2022102263.0,カスバートテソーロ,1,2026-08-23,2026-08-23,0,0,0.0,0.0,0.0525012253604418,121.0,10.0,8.0,2026-0823-01-02-02-10,10.0,
2022102397.0,ビービーバザーク,1,2026-08-30,2026-08-30,0,0,0.0,0.0,0.0970091667925551,145.0,6.0,4.0,2026-0830-07-03-04-05,5.0,
2022102388.0,ヒミノエトワール,1,2026-08-23,2026-08-23,0,0,0.0,0.0,0.0946904779376461,98.0,7.0,5.0,2026-0823-01-02-02-10,5.0,
2022102383.0,ニヒトツーゼーア,1,2026-08-23,2026-08-23,0,0,0.0,0.0,0.0425560376452809,95.0,6.0,7.0,2026-0823-01-02-02-07,1.0,
2022102347.0,シャンハイナイト,1,2026-08-29,2026-08-29,0,0,0.0,0.0,0.0106196496385741,1050.0,8.0,10.0,2026-0829-01-02-03-12,11.0,
2022102325.0,ブルーセルリアン,1,2026-08-23,2026-08-23,0,0,0.0,0.0,0.0159464955064063,373.0,6.0,7.0,2026-0823-07-03-02-09,8.0,
2022102300.0,アスクガンバーレ,1,2026-08-23,2026-08-23,0,0,0.0,0.0,0.1160956113240781,57.0,3.0,5.0,2026-0823-01-02-02-07,5.0,
2022102202.0,ヨリノレジェンド,1,2026-08-22,2026-08-22,0,0,0.0,0.0,0.1516650570024701,62.0,3.0,2.0,2026-0822-07-03-01-07,5.0,
2022101987.0,シルバードン,1,2026-08-23,2026-08-23,0,0,0.0,0.0,0.0167643537750965,1490.0,13.0,12.0,2026-0823-04-03-02-09,9.0,
2022102153.0,ダガーリング,1,2026-08-29,2026-08-29,0,0,0.0,0.0,0.1530617537390509,26.0,1.0,2.0,2026-0829-07-03-03-08,7.0,
2022102141.0,モルゲンゾンネ,1,2026-08-23,2026-08-23,0,0,0.0,0.0,0.0083525802984052,1570.0,11.0,12.0,2026-0823-04-03-02-10,12.0,
2022102139.0,シェーラ,1,2026-08-23,2026-08-23,0,0,0.0,0.0,0.0457833440172587,182.0,8.0,5.0,2026-0823-07-03-02-05,9.0,
2022102088.0,ユーティジャーニー,1,2026-08-30,2026-08-30,0,0,0.0,0.0,0.1422129171556255,54.0,4.0,3.0,2026-0830-01-02-04-08,6.0,
2022102057.0,サウンドモリアーナ,1,2026-08-23,2026-08-23,0,0,0.0,0.0,0.0319887497132127,129.0,5.0,10.0,2026-0823-01-02-02-11,1.0,
2022102026.0,アクアマリーナ,1,2026-08-22,2026-08-22,0,0,0.0,0.0,0.0232155648816507,110.0,4.0,10.0,2026-0822-04-03-01-08,10.0,
ヴンダーバール,ヴンダーバール,1,2026-09-21,2026-09-21,0,0,0.0,0.0,1.001522,,,,,,
