date,race_id,horse_id,horse_name,actual_rank,target,odds,win_odds,popularity,ranker_score,ranker_win_probability,prediction_rank,win_payout,model_train_end_date,evaluation_mode
2026-07-11,2026-0711-02-01-09-07,2023103820,ターンザテーブルス,7,0,25.0,2.5,1,0.6275873957095918,0.23543600534763565,1,0.0,2026-06-30,monthly_walk_forward
2026-07-11,2026-0711-02-01-09-07,2022105078,ミッキーマドンナ,13,0,44.0,4.4,2,0.43100871394490964,0.17779166594710902,2,0.0,2026-06-30,monthly_walk_forward
2026-07-11,2026-0711-02-01-09-07,2023104487,アイドクレース,2,0,77.0,7.7,5,0.1686628727637104,0.12222121929847922,3,0.0,2026-06-30,monthly_walk_forward
2026-07-11,2026-0711-02-01-09-07,2023105420,ナイスプレーアスク,1,1,58.0,5.8,3,-0.1042083125892538,0.08276594600017502,4,580.0,2026-06-30,monthly_walk_forward
2026-07-11,2026-0711-02-01-09-07,2023103766,タイムレスキス,9,0,67.0,6.7,4,-0.14037950818855235,0.07859778827393336,5,0.0,2026-06-30,monthly_walk_forward
2026-07-11,2026-0711-02-01-09-07,2023105222,クシマトゥルー,14,0,320.0,32.0,8,-0.14253521410176256,0.07835611242790234,6,0.0,2026-06-30,monthly_walk_forward
2026-07-11,2026-0711-02-01-09-07,2023106226,ナムラヒナギク,3,0,206.0,20.6,7,-0.2718755292371272,0.06513695813346264,7,0.0,2026-06-30,monthly_walk_forward
2026-07-11,2026-0711-02-01-09-07,2023106829,ベアサナエチャン,4,0,194.0,19.4,6,-0.33628140199254386,0.05941125649745993,8,0.0,2026-06-30,monthly_walk_forward
2026-07-11,2026-0711-02-01-09-07,2023102475,コスモレッド,5,0,622.0,62.2,9,-0.8818349689735834,0.027251851757251592,9,0.0,2026-06-30,monthly_walk_forward
2026-07-11,2026-0711-02-01-09-07,2019106416,キセキノエンジェル,11,0,1642.0,164.2,12,-1.0713897575757905,0.0207870234214671,10,0.0,2026-06-30,monthly_walk_forward
2026-07-11,2026-0711-02-01-09-07,2022103063,ルージュスティーズ,6,0,663.0,66.3,10,-1.1506345436963525,0.018562103957899034,11,0.0,2026-06-30,monthly_walk_forward
2026-07-11,2026-0711-02-01-09-07,2021101725,リリーズブルーム,7,0,977.0,97.7,11,-1.1827991217579172,0.017728485274090638,12,0.0,2026-06-30,monthly_walk_forward
2026-07-11,2026-0711-02-01-09-07,2021104931,ルージュカエラ,10,0,2198.0,219.8,13,-1.4339567188264168,0.012383638385235325,13,0.0,2026-06-30,monthly_walk_forward
2026-07-11,2026-0711-02-01-09-07,2022104870,フクシマコウヨウ,12,0,3267.0,326.7,14,-2.3046348130619667,0.003569945277899013,14,0.0,2026-06-30,monthly_walk_forward
2026-07-11,2026-0711-02-01-09-08,2023100463,ナムラハリス,7,0,187.0,18.7,7,-0.612241237969536,0.17686045652345334,1,0.0,2026-06-30,monthly_walk_forward
2026-07-11,2026-0711-02-01-09-08,2022101445,マテンロウカナロア,4,0,33.0,3.3,1,-0.6702897032824325,0.16278570806170695,2,0.0,2026-06-30,monthly_walk_forward
2026-07-11,2026-0711-02-01-09-08,2023104103,パラダイスフェイス,3,0,33.0,3.3,2,-0.7694981355254493,0.14127499775435212,3,0.0,2026-06-30,monthly_walk_forward
2026-07-11,2026-0711-02-01-09-08,2023100655,タイセイモノリス,9,0,149.0,14.9,6,-0.9420712437961971,0.11040719654394958,4,0.0,2026-06-30,monthly_walk_forward
2026-07-11,2026-0711-02-01-09-08,2023102706,レイサンソク,11,0,255.0,25.5,8,-1.2069947488866897,0.07561942296208206,5,0.0,2026-06-30,monthly_walk_forward
2026-07-11,2026-0711-02-01-09-08,2022104890,エンダードラゴン,5,0,78.0,7.8,4,-1.2346299415819149,0.07269221689502185,6,0.0,2026-06-30,monthly_walk_forward
2026-07-11,2026-0711-02-01-09-08,2022104259,アイファーシャドー,1,1,100.0,10.0,5,-1.34365221569175,0.06220828654682403,7,1000.0,2026-06-30,monthly_walk_forward
2026-07-11,2026-0711-02-01-09-08,2023102019,テイクオンミー,2,0,44.0,4.4,3,-1.3671734939994697,0.06015270359408458,8,0.0,2026-06-30,monthly_walk_forward
2026-07-11,2026-0711-02-01-09-08,2021106070,ブリスフル,6,0,745.0,74.5,10,-1.5735383960525107,0.04479423221851943,9,0.0,2026-06-30,monthly_walk_forward
2026-07-11,2026-0711-02-01-09-08,2019103592,ベイビールビオ,10,0,1219.0,121.9,11,-1.6567230078192001,0.03977522481369604,10,0.0,2026-06-30,monthly_walk_forward
2026-07-11,2026-0711-02-01-09-08,2021109088,アルニラム,8,0,1893.0,189.3,12,-1.7176775061338492,0.03645819900644858,11,0.0,2026-06-30,monthly_walk_forward
2026-07-11,2026-0711-02-01-09-08,2023101481,シビックアスコット,12,0,704.0,70.4,9,-2.2529251169728157,0.016971355079861458,12,0.0,2026-06-30,monthly_walk_forward
2026-07-11,2026-0711-02-01-09-09,2023102091,クリスレジーナ,9,0,20.0,2.0,1,0.6921906425240177,0.42335200222461394,1,0.0,2026-06-30,monthly_walk_forward
2026-07-11,2026-0711-02-01-09-09,2023105993,エトワールブーケ,3,0,137.0,13.7,6,-0.29116699885531944,0.10389776211246857,2,0.0,2026-06-30,monthly_walk_forward
2026-07-11,2026-0711-02-01-09-09,2022104598,ドルチェリターン,8,0,73.0,7.3,3,-0.3196527327910843,0.09975462827005833,3,0.0,2026-06-30,monthly_walk_forward
2026-07-11,2026-0711-02-01-09-09,2021103520,デルシエロ,2,0,87.0,8.7,4,-0.37665520250738566,0.09195334729340741,4,0.0,2026-06-30,monthly_walk_forward
2026-07-11,2026-0711-02-01-09-09,2022105525,モルビド,6,0,126.0,12.6,5,-0.4696448513581781,0.08051463734717511,5,0.0,2026-06-30,monthly_walk_forward
2026-07-11,2026-0711-02-01-09-09,2022104724,ハルフロンティア,1,1,187.0,18.7,8,-0.4765582220517153,0.07972336896684039,6,1870.0,2026-06-30,monthly_walk_forward
2026-07-11,2026-0711-02-01-09-09,2023106866,サイン,5,0,40.0,4.0,2,-0.48158367368159594,0.07915306724113107,7,0.0,2026-06-30,monthly_walk_forward
2026-07-11,2026-0711-02-01-09-09,2023103986,メイショウソラリス,7,0,179.0,17.9,7,-1.3613818341654464,0.022522820121609194,8,0.0,2026-06-30,monthly_walk_forward
2026-07-11,2026-0711-02-01-09-09,2019100907,ゼアズノープレイス,10,0,3033.0,303.3,10,-1.9371494741590527,0.009894745145789072,9,0.0,2026-06-30,monthly_walk_forward
2026-07-11,2026-0711-02-01-09-09,2022103222,エオアリイ,4,0,1034.0,103.4,9,-1.9855562336802741,0.009233621276906816,10,0.0,2026-06-30,monthly_walk_forward
2026-07-11,2026-0711-02-01-09-10,2021101595,ヴィヴァクラウン,7,0,68.0,6.8,3,0.06983845684585561,0.14577791698017137,1,0.0,2026-06-30,monthly_walk_forward
2026-07-11,2026-0711-02-01-09-10,2023103293,ラスティングスノー,10,0,165.0,16.5,6,0.052625089512511755,0.14223687794226458,2,0.0,2026-06-30,monthly_walk_forward
2026-07-11,2026-0711-02-01-09-10,2021110165,ピコアーガイル,2,0,25.0,2.5,1,-0.1309136153041703,0.1094311596502378,3,0.0,2026-06-30,monthly_walk_forward
2026-07-11,2026-0711-02-01-09-10,2023110100,アスクケンタッキー,1,1,32.0,3.2,2,-0.1494310871192166,0.10657427302735191,4,320.0,2026-06-30,monthly_walk_forward
2026-07-11,2026-0711-02-01-09-10,2022106513,キーガッツ,11,0,162.0,16.2,5,-0.15897146919587207,0.1051316131856893,5,0.0,2026-06-30,monthly_walk_forward
2026-07-11,2026-0711-02-01-09-10,2021100365,トウカイエルデ,5,0,82.0,8.2,4,-0.28740633971953183,0.08750838677983037,6,0.0,2026-06-30,monthly_walk_forward
2026-07-11,2026-0711-02-01-09-10,2022103527,ライツユーアップ,4,0,252.0,25.2,7,-0.5108034267812083,0.06359888519934749,7,0.0,2026-06-30,monthly_walk_forward
2026-07-11,2026-0711-02-01-09-10,2022101464,レイユール,9,0,312.0,31.2,8,-0.5298531923963016,0.06189144671115164,8,0.0,2026-06-30,monthly_walk_forward
2026-07-11,2026-0711-02-01-09-10,2022103556,キープサインオン,3,0,458.0,45.8,9,-0.7315099815292816,0.04640006516590236,9,0.0,2026-06-30,monthly_walk_forward
2026-07-11,2026-0711-02-01-09-10,2022100933,エルサトアナ,12,0,509.0,50.9,11,-0.8347355243915734,0.04003827223079457,10,0.0,2026-06-30,monthly_walk_forward
2026-07-11,2026-0711-02-01-09-10,2021103242,ジーベック,8,0,473.0,47.3,10,-0.917807551641137,0.03555786885168166,11,0.0,2026-06-30,monthly_walk_forward
2026-07-11,2026-0711-02-01-09-10,2022105443,モレポブラーノ,14,0,842.0,84.2,12,-1.243254573247986,0.022336836155624793,12,0.0,2026-06-30,monthly_walk_forward
2026-07-11,2026-0711-02-01-09-10,2021104217,ムチャスグラシアス,6,0,1381.0,138.1,14,-1.4311276827850323,0.017078955015594602,13,0.0,2026-06-30,monthly_walk_forward
2026-07-11,2026-0711-02-01-09-10,2022102995,フレッシュラン,13,0,1149.0,114.9,13,-1.4579272920773267,0.016437443104357633,14,0.0,2026-06-30,monthly_walk_forward
2026-07-11,2026-0711-02-01-09-11,2022101230,インパクトシー,7,0,35.0,3.5,1,1.0136611931401107,0.23246398490113507,1,0.0,2026-06-30,monthly_walk_forward
2026-07-11,2026-0711-02-01-09-11,2022104145,インヴォーグ,6,0,51.0,5.1,4,0.9396197096737297,0.20913119066455735,2,0.0,2026-06-30,monthly_walk_forward
2026-07-11,2026-0711-02-01-09-11,2022102982,ダンツファイター,2,0,48.0,4.8,3,0.7838911652394178,0.1674177879183745,3,0.0,2026-06-30,monthly_walk_forward
2026-07-11,2026-0711-02-01-09-11,2021101485,カテリーナ,1,1,45.0,4.5,2,0.3292110142919831,0.08743969358683988,4,450.0,2026-06-30,monthly_walk_forward
2026-07-11,2026-0711-02-01-09-11,2021106193,ウイントレメンデス,9,0,119.0,11.9,6,0.1441970452720992,0.06713084796570168,5,0.0,2026-06-30,monthly_walk_forward
2026-07-11,2026-0711-02-01-09-11,2020103354,アイスグリーン,3,0,471.0,47.1,8,0.1290368816104264,0.06569260045595567,6,0.0,2026-06-30,monthly_walk_forward
2026-07-11,2026-0711-02-01-09-11,2022105777,ドゥカート,12,0,614.0,61.4,10,-0.08313548865654521,0.048515479249724366,7,0.0,2026-06-30,monthly_walk_forward
2026-07-11,2026-0711-02-01-09-11,2022105801,ショウナンサムデイ,4,0,184.0,18.4,7,-0.41996976716170414,0.029984814805850687,8,0.0,2026-06-30,monthly_walk_forward
2026-07-11,2026-0711-02-01-09-11,2022103245,ミッキージュエリー,10,0,84.0,8.4,5,-0.4885672600871727,0.0271857968396986,9,0.0,2026-06-30,monthly_walk_forward
2026-07-11,2026-0711-02-01-09-11,2019105462,ソリダリティ,13,0,734.0,73.4,11,-0.5422957310549261,0.02517722216390531,10,0.0,2026-06-30,monthly_walk_forward
2026-07-11,2026-0711-02-01-09-11,2021105412,ウィープディライト,8,0,772.0,77.2,12,-0.8078678183657136,0.01722825911166335,11,0.0,2026-06-30,monthly_walk_forward
2026-07-11,2026-0711-02-01-09-11,2021102256,ノーブルスカイ,11,0,778.0,77.8,13,-1.0441307940403328,0.012293030435823506,12,0.0,2026-06-30,monthly_walk_forward
2026-07-11,2026-0711-02-01-09-11,2020106966,ピンクジン,5,0,597.0,59.7,9,-1.1652875537946739,0.010339291900769952,13,0.0,2026-06-30,monthly_walk_forward
2026-07-11,2026-0711-02-01-09-12,2023100095,ビップムーラン,1,1,15.0,1.5,1,-0.06499227310122786,0.50017269591531,1,150.0,2026-06-30,monthly_walk_forward
2026-07-11,2026-0711-02-01-09-12,2022103306,ワイドデコラシオン,2,0,44.0,4.4,2,-0.9603919688483482,0.13918597772929506,2,0.0,2026-06-30,monthly_walk_forward
2026-07-11,2026-0711-02-01-09-12,2023105616,テーオーナタリー,6,0,125.0,12.5,5,-1.2151551243765162,0.09672420129623113,3,0.0,2026-06-30,monthly_walk_forward
2026-07-11,2026-0711-02-01-09-12,2023100533,タイセイブルーム,5,0,91.0,9.1,3,-1.2657664867030956,0.08997768515829914,4,0.0,2026-06-30,monthly_walk_forward
2026-07-11,2026-0711-02-01-09-12,2021102550,メイショウハッブル,4,0,277.0,27.7,6,-1.4555944792954851,0.06860592150636274,5,0.0,2026-06-30,monthly_walk_forward
2026-07-11,2026-0711-02-01-09-12,2021101891,スパークルジョイ,8,0,103.0,10.3,4,-1.6587773522738631,0.05132190213313917,6,0.0,2026-06-30,monthly_walk_forward
2026-07-11,2026-0711-02-01-09-12,2021110162,ジュウオウ,7,0,514.0,51.4,8,-2.002118485341805,0.03142583327002439,7,0.0,2026-06-30,monthly_walk_forward
2026-07-11,2026-0711-02-01-09-12,2022110062,レネネト,3,0,281.0,28.1,7,-2.233335228529224,0.022585782991338173,8,0.0,2026-06-30,monthly_walk_forward
2026-07-11,2026-0711-03-02-05-01,2018102917,ネイチャーシップ,8,0,34.0,3.4,2,0.38773904371633766,0.478591036123561,1,0.0,2026-06-30,monthly_walk_forward
2026-07-11,2026-0711-03-02-05-01,2020103193,シャンデルナゴル,1,1,74.0,7.4,3,-0.47723113817538254,0.13909744873226804,2,740.0,2026-06-30,monthly_walk_forward
2026-07-11,2026-0711-03-02-05-01,2021102973,トゥラッタッタ,2,0,20.0,2.0,1,-0.7092455957103593,0.09985563894837467,3,0.0,2026-06-30,monthly_walk_forward
2026-07-11,2026-0711-03-02-05-01,2020103507,グラニットピーク,9,0,212.0,21.2,8,-0.8091778594504687,0.08657102330352888,4,0.0,2026-06-30,monthly_walk_forward
2026-07-11,2026-0711-03-02-05-01,2019104010,タマモエース,11,0,182.0,18.2,5,-1.4378972726943569,0.03526160043033579,5,0.0,2026-06-30,monthly_walk_forward
2026-07-11,2026-0711-03-02-05-01,2017104238,フームスムート,6,0,265.0,26.5,9,-1.4843172007214915,0.03299910310452423,6,0.0,2026-06-30,monthly_walk_forward
2026-07-11,2026-0711-03-02-05-01,2020103537,ジーククローネ,4,0,123.0,12.3,4,-1.516946769723329,0.0314961939782343,7,0.0,2026-06-30,monthly_walk_forward
2026-07-11,2026-0711-03-02-05-01,2022106304,ナックエルドラド,5,0,904.0,90.4,11,-1.553215460032571,0.02990585551114254,8,0.0,2026-06-30,monthly_walk_forward
2026-07-11,2026-0711-03-02-05-01,2020105774,コスモチプリア,10,0,212.0,21.2,7,-1.6590828273200564,0.025708333539869406,9,0.0,2026-06-30,monthly_walk_forward
2026-07-11,2026-0711-03-02-05-01,2019101488,クラウンセト,3,0,524.0,52.4,10,-1.815793397376046,0.020551685533100144,10,0.0,2026-06-30,monthly_walk_forward
2026-07-11,2026-0711-03-02-05-01,2021104974,ヒットアンドロール,7,0,211.0,21.1,6,-1.8361693088443585,0.019962080795061087,11,0.0,2026-06-30,monthly_walk_forward
2026-07-11,2026-0711-03-02-05-07,2023103472,ドナルンバ,1,1,22.0,2.2,1,0.5912330383245493,0.2767781346786563,1,220.0,2026-06-30,monthly_walk_forward
2026-07-11,2026-0711-03-02-05-07,2023107032,イモータリス,3,0,41.0,4.1,3,0.4609842167652599,0.2297855499205049,2,0.0,2026-06-30,monthly_walk_forward
2026-07-11,2026-0711-03-02-05-07,2023107329,ボニープリンス,4,0,30.0,3.0,2,0.13061203852452324,0.14333524077967372,3,0.0,2026-06-30,monthly_walk_forward
2026-07-11,2026-0711-03-02-05-07,2022104761,ニヴルヘイム,9,0,235.0,23.5,5,-0.03897802421780634,0.1124956674663634,4,0.0,2026-06-30,monthly_walk_forward
2026-07-11,2026-0711-03-02-05-07,2023107331,ヴァンデスペランス,10,0,86.0,8.6,4,-0.04898742670355445,0.11089852157181822,5,0.0,2026-06-30,monthly_walk_forward
2026-07-11,2026-0711-03-02-05-07,2021106811,マイネルモメンタム,2,0,339.0,33.9,6,-0.4675889932830203,0.06098410918755516,6,0.0,2026-06-30,monthly_walk_forward
2026-07-11,2026-0711-03-02-05-07,2021106203,ウインボレロ,6,0,504.0,50.4,7,-0.9441556806993296,0.03087058447181085,7,0.0,2026-06-30,monthly_walk_forward
2026-07-11,2026-0711-03-02-05-07,2021103037,デリシュー,5,0,719.0,71.9,8,-1.4060139554413724,0.0159587335331932,8,0.0,2026-06-30,monthly_walk_forward
2026-07-11,2026-0711-03-02-05-07,2021103518,リアルセンター,7,0,1513.0,151.3,9,-1.8724272345595885,0.00819645342743323,9,0.0,2026-06-30,monthly_walk_forward
2026-07-11,2026-0711-03-02-05-07,2023100729,ヘルメスギャング,11,0,1887.0,188.7,10,-1.9430199646578066,0.0074101804747522,10,0.0,2026-06-30,monthly_walk_forward
2026-07-11,2026-0711-03-02-05-07,2022107023,グランプラネッタ,8,0,2477.0,247.7,11,-2.512072992593517,0.003286824488238802,11,0.0,2026-06-30,monthly_walk_forward
2026-07-11,2026-0711-03-02-05-08,2023106312,ジェイエルキャリア,5,0,81.0,8.1,4,-0.15761415919789418,0.14456065542791535,1,0.0,2026-06-30,monthly_walk_forward
2026-07-11,2026-0711-03-02-05-08,2023105263,アイムインディ,7,0,34.0,3.4,2,-0.17066655020004157,0.141890113206269,2,0.0,2026-06-30,monthly_walk_forward
2026-07-11,2026-0711-03-02-05-08,2023103751,グラティアム,2,0,60.0,6.0,3,-0.29987567769004503,0.11797449293379052,3,0.0,2026-06-30,monthly_walk_forward
2026-07-11,2026-0711-03-02-05-08,2023104658,ライヴレッドアイ,1,1,32.0,3.2,1,-0.35231362308873543,0.10945977048845397,4,320.0,2026-06-30,monthly_walk_forward
2026-07-11,2026-0711-03-02-05-08,2023102007,ゼファーテソーロ,3,0,103.0,10.3,6,-0.43996921663923916,0.09657643935474433,5,0.0,2026-06-30,monthly_walk_forward
2026-07-11,2026-0711-03-02-05-08,2023103802,ブーケドリス,4,0,93.0,9.3,5,-0.48277536223395273,0.09084758170012497,6,0.0,2026-06-30,monthly_walk_forward
2026-07-11,2026-0711-03-02-05-08,2023103006,マサノピンクレディ,10,0,130.0,13.0,7,-0.7059865182434706,0.06604326753013519,7,0.0,2026-06-30,monthly_walk_forward
2026-07-11,2026-0711-03-02-05-08,2022106099,ハルノアラシ,9,0,1028.0,102.8,11,-0.7686565731904538,0.060387458699118754,8,0.0,2026-06-30,monthly_walk_forward
2026-07-11,2026-0711-03-02-05-08,2022104609,フラッシュポイント,8,0,661.0,66.1,9,-0.8490782275533956,0.05383336101946728,9,0.0,2026-06-30,monthly_walk_forward
2026-07-11,2026-0711-03-02-05-08,2021106724,チェルシー,11,0,375.0,37.5,8,-1.0295300071324323,0.04160020569084658,10,0.0,2026-06-30,monthly_walk_forward
2026-07-11,2026-0711-03-02-05-08,2022106767,ミッシオーネ,12,0,1643.0,164.3,13,-1.507196532461174,0.02102525556921368,11,0.0,2026-06-30,monthly_walk_forward
2026-07-11,2026-0711-03-02-05-08,2022105138,ダノンリュラ,15,0,1496.0,149.6,12,-1.6293251931740358,0.017659163832870476,12,0.0,2026-06-30,monthly_walk_forward
2026-07-11,2026-0711-03-02-05-08,2022101908,イズルード,13,0,856.0,85.6,10,-1.8022316163743548,0.01379416490774844,13,0.0,2026-06-30,monthly_walk_forward
2026-07-11,2026-0711-03-02-05-08,2023106845,ラエトゥス,6,0,2944.0,294.4,14,-1.8378244206127212,0.013110308206600318,14,0.0,2026-06-30,monthly_walk_forward
2026-07-11,2026-0711-03-02-05-08,2020101677,エーティータキオン,16,0,7349.0,734.9,16,-2.3445605640628533,0.006356577034949314,15,0.0,2026-06-30,monthly_walk_forward
2026-07-11,2026-0711-03-02-05-08,2019102950,アイファーリーベン,14,0,6073.0,607.3,15,-2.5294320589428647,0.004881184397751908,16,0.0,2026-06-30,monthly_walk_forward
2026-07-11,2026-0711-03-02-05-09,2023105807,アメティスタ,8,0,65.0,6.5,5,1.0293911881251656,0.2986736916681931,1,0.0,2026-06-30,monthly_walk_forward
2026-07-11,2026-0711-03-02-05-09,2022105118,ノクターン,4,0,27.0,2.7,1,0.9972208843468373,0.28525800983898014,2,0.0,2026-06-30,monthly_walk_forward
2026-07-11,2026-0711-03-02-05-09,2023100021,キンググローリー,2,0,43.0,4.3,2,0.2974679080858006,0.10497759636827377,3,0.0,2026-06-30,monthly_walk_forward
2026-07-11,2026-0711-03-02-05-09,2022105587,サトノソティラス,1,1,60.0,6.0,4,0.1770081498085207,0.0883814044400638,4,600.0,2026-06-30,monthly_walk_forward
2026-07-11,2026-0711-03-02-05-09,2022103510,キングズトゥルー,6,0,58.0,5.8,3,0.018729664429459218,0.07049554163033574,5,0.0,2026-06-30,monthly_walk_forward
2026-07-11,2026-0711-03-02-05-09,2021105838,モルトマエストーソ,14,0,861.0,86.1,11,-0.4933134878147604,0.0339218466590368,6,0.0,2026-06-30,monthly_walk_forward
2026-07-11,2026-0711-03-02-05-09,2021102988,スズカミエール,7,0,402.0,40.2,7,-0.8363484285059053,0.02078038131850656,7,0.0,2026-06-30,monthly_walk_forward
2026-07-11,2026-0711-03-02-05-09,2021103033,ハイラント,9,0,488.0,48.8,8,-0.8469167611794981,0.020469003503498524,8,0.0,2026-06-30,monthly_walk_forward
2026-07-11,2026-0711-03-02-05-09,2021105056,オルトパラティウム,3,0,195.0,19.5,6,-0.912018413522086,0.018651178923964472,9,0.0,2026-06-30,monthly_walk_forward
2026-07-11,2026-0711-03-02-05-09,2020106694,ヴァイザーバルコ,13,0,590.0,59.0,10,-0.9710889201260979,0.0171418513227775,10,0.0,2026-06-30,monthly_walk_forward
2026-07-11,2026-0711-03-02-05-09,2019100212,ウインマイルート,5,0,582.0,58.2,9,-1.0435391216191234,0.015456391874074786,11,0.0,2026-06-30,monthly_walk_forward
2026-07-11,2026-0711-03-02-05-09,2020102760,ビッグベルーガ,10,0,1112.0,111.2,12,-1.3768571348641254,0.009600873087665827,12,0.0,2026-06-30,monthly_walk_forward
2026-07-11,2026-0711-03-02-05-09,2021101701,クリフハンガー,11,0,1561.0,156.1,13,-1.7343326924380802,0.005761366424256394,13,0.0,2026-06-30,monthly_walk_forward
2026-07-11,2026-0711-03-02-05-09,2020103463,サトノトルネード,12,0,1704.0,170.4,14,-1.7834253725671703,0.005371151259693286,14,0.0,2026-06-30,monthly_walk_forward
2026-07-11,2026-0711-03-02-05-09,2021110062,ヒストリアイ,15,0,2056.0,205.6,15,-1.8252383124421794,0.005059711680679259,15,0.0,2026-06-30,monthly_walk_forward
2026-07-11,2026-0711-03-02-05-10,2022107138,アタリダイキチ,5,0,68.0,6.8,3,-0.2176628613494747,0.21403972279054928,1,0.0,2026-06-30,monthly_walk_forward
2026-07-11,2026-0711-03-02-05-10,2021101580,メイショウヨゾラ,1,1,20.0,2.0,1,-0.347792617731093,0.17772936400631895,2,200.0,2026-06-30,monthly_walk_forward
2026-07-11,2026-0711-03-02-05-10,2022103042,フォルテム,6,0,40.0,4.0,2,-0.4197211070410687,0.160373742452434,3,0.0,2026-06-30,monthly_walk_forward
2026-07-11,2026-0711-03-02-05-10,2021103312,ロードマイライフ,4,0,109.0,10.9,5,-0.5566003807338258,0.1318895938073767,4,0.0,2026-06-30,monthly_walk_forward
2026-07-11,2026-0711-03-02-05-10,2018103926,ショウナンラスボス,9,0,489.0,48.9,9,-0.7711454892370249,0.09707386173284749,5,0.0,2026-06-30,monthly_walk_forward
2026-07-11,2026-0711-03-02-05-10,2018100442,モーデン,2,0,123.0,12.3,6,-0.900158021112748,0.08073470504356359,6,0.0,2026-06-30,monthly_walk_forward
2026-07-11,2026-0711-03-02-05-10,2019103815,スマイルアップ,3,0,107.0,10.7,4,-0.9212352380724121,0.07833999175525701,7,0.0,2026-06-30,monthly_walk_forward
2026-07-11,2026-0711-03-02-05-10,2019107016,ウナギノボリ,8,0,230.0,23.0,7,-1.3888113604207608,0.04016887065859323,8,0.0,2026-06-30,monthly_walk_forward
2026-07-11,2026-0711-03-02-05-10,2021105711,ズバットマサムネ,7,0,294.0,29.4,8,-1.8893165938999565,0.01965014775305965,9,0.0,2026-06-30,monthly_walk_forward
2026-07-11,2026-0711-03-02-05-11,2023103355,クリエープキー,7,0,47.0,4.7,3,0.41949253675387643,0.23359841142525212,1,0.0,2026-06-30,monthly_walk_forward
2026-07-11,2026-0711-03-02-05-11,2021100019,マサノカナリア,1,1,59.0,5.9,5,0.317160054955705,0.2018276652242143,2,590.0,2026-06-30,monthly_walk_forward
2026-07-11,2026-0711-03-02-05-11,2019103594,レッドアヴァンティ,5,0,41.0,4.1,1,0.21710771353416708,0.17494686066999446,3,0.0,2026-06-30,monthly_walk_forward
2026-07-11,2026-0711-03-02-05-11,2018101343,ゾンニッヒ,4,0,57.0,5.7,4,0.15631416631437947,0.16039417028214212,4,0.0,2026-06-30,monthly_walk_forward
2026-07-11,2026-0711-03-02-05-11,2021102413,シークレットヴァウ,9,0,167.0,16.7,7,-0.29475530082523743,0.08420458696983649,5,0.0,2026-06-30,monthly_walk_forward
2026-07-11,2026-0711-03-02-05-11,2022104197,カウンターセブン,3,0,46.0,4.6,2,-0.5445339351602243,0.05893427125459631,6,0.0,2026-06-30,monthly_walk_forward
2026-07-11,2026-0711-03-02-05-11,2019110001,ショウナンハクラク,8,0,83.0,8.3,6,-0.7623770915812633,0.04317312810887019,7,0.0,2026-06-30,monthly_walk_forward
2026-07-11,2026-0711-03-02-05-11,2018103205,クムシラコ,2,0,390.0,39.0,9,-1.1536867657688992,0.024685214148501538,8,0.0,2026-06-30,monthly_walk_forward
2026-07-11,2026-0711-03-02-05-11,2018102155,マイネルジェロディ,6,0,325.0,32.5,8,-1.3656633410377306,0.018235691916592415,9,0.0,2026-06-30,monthly_walk_forward
2026-07-11,2026-0711-03-02-05-12,2023101661,アトミックブレス,3,0,37.0,3.7,1,-0.502180080427635,0.133609336855371,1,0.0,2026-06-30,monthly_walk_forward
2026-07-11,2026-0711-03-02-05-12,2023103227,エリーニック,5,0,49.0,4.9,3,-0.5307128962879196,0.12827276584863295,2,0.0,2026-06-30,monthly_walk_forward
2026-07-11,2026-0711-03-02-05-12,2023110007,アンティミスト,1,1,105.0,10.5,5,-0.5665503726163286,0.12187093623301924,3,1050.0,2026-06-30,monthly_walk_forward
2026-07-11,2026-0711-03-02-05-12,2023105162,コパノエイダン,4,0,115.0,11.5,6,-0.5886398883446246,0.11808516884555048,4,0.0,2026-06-30,monthly_walk_forward
2026-07-11,2026-0711-03-02-05-12,2023100581,ホノボノ,12,0,381.0,38.1,10,-0.8102198689962563,0.08604438815970467,5,0.0,2026-06-30,monthly_walk_forward
2026-07-11,2026-0711-03-02-05-12,2023100332,アスパラゴ,13,0,762.0,76.2,13,-1.010295214122699,0.0646534444926823,6,0.0,2026-06-30,monthly_walk_forward
2026-07-11,2026-0711-03-02-05-12,2021100540,アルプスオジョー,9,0,163.0,16.3,7,-1.0832360565930104,0.05825559733119928,7,0.0,2026-06-30,monthly_walk_forward
2026-07-11,2026-0711-03-02-05-12,2023105177,タケルムサシ,10,0,77.0,7.7,4,-1.112993937191181,0.055830980496878305,8,0.0,2026-06-30,monthly_walk_forward
2026-07-11,2026-0711-03-02-05-12,2023100858,エコロガノン,2,0,48.0,4.8,2,-1.135738977866359,0.05404602541828046,9,0.0,2026-06-30,monthly_walk_forward
2026-07-11,2026-0711-03-02-05-12,2023106646,スカイレックス,15,0,501.0,50.1,12,-1.2802350570948606,0.04396584294669627,10,0.0,2026-06-30,monthly_walk_forward
2026-07-11,2026-0711-03-02-05-12,2022106951,ブレゲアン,6,0,192.0,19.2,8,-1.3327196070843639,0.04078992469732736,11,0.0,2026-06-30,monthly_walk_forward
2026-07-11,2026-0711-03-02-05-12,2020103705,レッドロスタム,7,0,199.0,19.9,9,-1.4247062708806364,0.03576699667091426,12,0.0,2026-06-30,monthly_walk_forward
2026-07-11,2026-0711-03-02-05-12,2023102392,アジアントレジャー,14,0,390.0,39.0,11,-1.6302115205946475,0.026667528369760555,13,0.0,2026-06-30,monthly_walk_forward
2026-07-11,2026-0711-03-02-05-12,2022100548,ヴィーデ,8,0,2241.0,224.1,15,-1.9413659339612828,0.017097638499716607,14,0.0,2026-06-30,monthly_walk_forward
2026-07-11,2026-0711-03-02-05-12,2021105074,モヴレクス,11,0,854.0,85.4,14,-2.0309654628298603,0.015043425134266208,15,0.0,2026-06-30,monthly_walk_forward
2026-07-11,2026-0711-10-02-05-07,2023103371,カラペルソナ,6,0,21.0,2.1,1,0.5742278927163441,0.3208980818926546,1,0.0,2026-06-30,monthly_walk_forward
2026-07-11,2026-0711-10-02-05-07,2023103782,ルートサーティーン,10,0,83.0,8.3,5,0.24639568698378356,0.2008969014482905,2,0.0,2026-06-30,monthly_walk_forward
2026-07-11,2026-0711-10-02-05-07,2021106206,ウインラウダ,4,0,83.0,8.3,4,0.02571523804608646,0.1465745340830081,3,0.0,2026-06-30,monthly_walk_forward
2026-07-11,2026-0711-10-02-05-07,2023105513,エイシンビーコン,2,0,76.0,7.6,3,-0.4751668668130605,0.07166397639405002,4,0.0,2026-06-30,monthly_walk_forward
2026-07-11,2026-0711-10-02-05-07,2023100553,カレントゥルーシー,1,1,40.0,4.0,2,-0.553026775628722,0.06412022000640163,5,400.0,2026-06-30,monthly_walk_forward
2026-07-11,2026-0711-10-02-05-07,2023104011,トモジャプレジール,9,0,760.0,76.0,9,-0.8632341788015153,0.04116573871451562,6,0.0,2026-06-30,monthly_walk_forward
2026-07-11,2026-0711-10-02-05-07,2022103249,メイショウアボット,7,0,160.0,16.0,6,-0.9526964284012677,0.03622694257704208,7,0.0,2026-06-30,monthly_walk_forward
2026-07-11,2026-0711-10-02-05-07,2020103502,トラストエムシー,8,0,1539.0,153.9,11,-1.0699601188500825,0.03063930170482264,8,0.0,2026-06-30,monthly_walk_forward
2026-07-11,2026-0711-10-02-05-07,2020103292,ハレアカラフラ,3,0,582.0,58.2,8,-1.1679702239348675,0.026636144746179383,9,0.0,2026-06-30,monthly_walk_forward
2026-07-11,2026-0711-10-02-05-07,2023105338,トップオブザライン,12,0,1070.0,107.0,10,-1.2973264126827524,0.022141962484250138,10,0.0,2026-06-30,monthly_walk_forward
2026-07-11,2026-0711-10-02-05-07,2023103761,サントルドパリ,11,0,213.0,21.3,7,-1.3770391876434507,0.019758804121268545,11,0.0,2026-06-30,monthly_walk_forward
2026-07-11,2026-0711-10-02-05-07,2022101889,ゼットエイト,5,0,2926.0,292.6,12,-1.3943055058972147,0.019277391827516536,12,0.0,2026-06-30,monthly_walk_forward
2026-07-11,2026-0711-10-02-05-08,2023107211,ジョアン,5,0,30.0,3.0,1,0.03152308033745673,0.2652923864437697,1,0.0,2026-06-30,monthly_walk_forward
2026-07-11,2026-0711-10-02-05-08,2023107477,オヤツノジカン,3,0,51.0,5.1,2,-0.087729593765297,0.22373707716844804,2,0.0,2026-06-30,monthly_walk_forward
2026-07-11,2026-0711-10-02-05-08,2023104858,エイコーンドリーム,5,0,63.0,6.3,4,-0.3449024217698525,0.15494680206478115,3,0.0,2026-06-30,monthly_walk_forward
2026-07-11,2026-0711-10-02-05-08,2023103169,シエーナカラー,7,0,61.0,6.1,3,-0.51100321212103,0.12221661488256609,4,0.0,2026-06-30,monthly_walk_forward
2026-07-11,2026-0711-10-02-05-08,2021103723,アンリーベイビー,2,0,73.0,7.3,5,-0.7123229427819041,0.091670019705454,5,0.0,2026-06-30,monthly_walk_forward
2026-07-11,2026-0711-10-02-05-08,2021103776,ベルメサイア,9,0,183.0,18.3,8,-1.243529044726949,0.042919639870539913,6,0.0,2026-06-30,monthly_walk_forward
2026-07-11,2026-0711-10-02-05-08,2023104352,マヴィ,1,1,79.0,7.9,6,-1.5319736934659987,0.02842490629610197,7,790.0,2026-06-30,monthly_walk_forward
2026-07-11,2026-0711-10-02-05-08,2022102994,オブシディアーナ,4,0,170.0,17.0,7,-1.6508057195646795,0.023986848615865104,8,0.0,2026-06-30,monthly_walk_forward
2026-07-11,2026-0711-10-02-05-08,2022104553,オーケーエンジェル,11,0,1344.0,134.4,10,-1.673610919781069,0.02321797697816531,9,0.0,2026-06-30,monthly_walk_forward
2026-07-11,2026-0711-10-02-05-08,2022106185,ラグナトーレ,8,0,614.0,61.4,9,-2.0791343257427064,0.013008561231665019,10,0.0,2026-06-30,monthly_walk_forward
2026-07-11,2026-0711-10-02-05-08,2023105023,フェミナンジェンヌ,10,0,1854.0,185.4,11,-2.2238390477548906,0.010579166742643765,11,0.0,2026-06-30,monthly_walk_forward
2026-07-11,2026-0711-10-02-05-09,2023104315,タガノアルトゥーラ,8,0,30.0,3.0,2,0.2000322461791375,0.27901034101961314,1,0.0,2026-06-30,monthly_walk_forward
2026-07-11,2026-0711-10-02-05-09,2020105189,ウインリュクス,2,0,43.0,4.3,3,-0.14127391078465218,0.17134321007658052,2,0.0,2026-06-30,monthly_walk_forward
2026-07-11,2026-0711-10-02-05-09,2023107041,ダノンテムズ,7,0,30.0,3.0,1,-0.321207828182064,0.1325049718425188,3,0.0,2026-06-30,monthly_walk_forward
2026-07-11,2026-0711-10-02-05-09,2023105354,バリオス,10,0,118.0,11.8,5,-0.42817352951983106,0.11372827189686407,4,0.0,2026-06-30,monthly_walk_forward
2026-07-11,2026-0711-10-02-05-09,2022104899,ジュンライデン,4,0,242.0,24.2,7,-0.6405012574862692,0.08397227607397252,5,0.0,2026-06-30,monthly_walk_forward
2026-07-11,2026-0711-10-02-05-09,2023104389,フリーガー,6,0,288.0,28.8,8,-0.8712128486610915,0.06039454040652695,6,0.0,2026-06-30,monthly_walk_forward
2026-07-11,2026-0711-10-02-05-09,2022104723,カレンラップスター,1,1,181.0,18.1,6,-0.9861266102071765,0.0512510545165987,7,1810.0,2026-06-30,monthly_walk_forward
2026-07-11,2026-0711-10-02-05-09,2022105290,レッドヴァリアート,3,0,94.0,9.4,4,-1.0752192345325335,0.04512611006517813,8,0.0,2026-06-30,monthly_walk_forward
2026-07-11,2026-0711-10-02-05-09,2022105529,ミッドタウンナイト,5,0,491.0,49.1,9,-1.3009588242955084,0.03268694909196427,9,0.0,2026-06-30,monthly_walk_forward
2026-07-11,2026-0711-10-02-05-09,2021100695,ヴェストラン,11,0,2140.0,214.0,11,-1.5827945354179256,0.021853332857627347,10,0.0,2026-06-30,monthly_walk_forward
2026-07-11,2026-0711-10-02-05-09,2022105687,ダノンアンチュラス,9,0,606.0,60.6,10,-2.2750403868356024,0.008128942152555612,11,0.0,2026-06-30,monthly_walk_forward
2026-07-11,2026-0711-10-02-05-10,2023104079,メローネ,12,0,128.0,12.8,5,0.2960581631486485,0.13503930818315965,1,0.0,2026-06-30,monthly_walk_forward
2026-07-11,2026-0711-10-02-05-10,2022110063,サディーク,3,0,48.0,4.8,2,0.22112587487518032,0.12133068862426646,2,0.0,2026-06-30,monthly_walk_forward
2026-07-11,2026-0711-10-02-05-10,2022101686,インブロリオ,1,1,65.0,6.5,3,0.19006663838258947,0.11606489145981795,3,650.0,2026-06-30,monthly_walk_forward
2026-07-11,2026-0711-10-02-05-10,2022103060,ホーリーブラッサム,15,0,78.0,7.8,4,0.07124748097474677,0.09794516589513318,4,0.0,2026-06-30,monthly_walk_forward
2026-07-11,2026-0711-10-02-05-10,2023102661,タナスーペルノーバ,9,0,28.0,2.8,1,-0.1485411251250779,0.07155197204461476,5,0.0,2026-06-30,monthly_walk_forward
2026-07-11,2026-0711-10-02-05-10,2022103039,スネーフリンガ,5,0,398.0,39.8,12,-0.2314702876158985,0.06355806104240887,6,0.0,2026-06-30,monthly_walk_forward
2026-07-11,2026-0711-10-02-05-10,2021107173,オオナミコナミ,4,0,291.0,29.1,8,-0.3550928247289409,0.05326876893847275,7,0.0,2026-06-30,monthly_walk_forward
2026-07-11,2026-0711-10-02-05-10,2021100297,ブルボンクイーン,13,0,421.0,42.1,13,-0.3679533326342263,0.05229904216533771,8,0.0,2026-06-30,monthly_walk_forward
2026-07-11,2026-0711-10-02-05-10,2021105873,シュブロンレーヴル,8,0,282.0,28.2,7,-0.40152389274666916,0.04985008061944239,9,0.0,2026-06-30,monthly_walk_forward
2026-07-11,2026-0711-10-02-05-10,2020100271,フォティック,16,0,364.0,36.4,11,-0.4908766039449648,0.043876259299797826,10,0.0,2026-06-30,monthly_walk_forward
2026-07-11,2026-0711-10-02-05-10,2023103721,ルージュサウダージ,14,0,326.0,32.6,10,-0.5165734141641741,0.04229477916667709,11,0.0,2026-06-30,monthly_walk_forward
2026-07-11,2026-0711-10-02-05-10,2022103880,ユメシバイ,18,0,151.0,15.1,6,-0.516885132093469,0.042275949015368366,12,0.0,2026-06-30,monthly_walk_forward
2026-07-11,2026-0711-10-02-05-10,2020104732,ハルオーブ,11,0,626.0,62.6,16,-0.713298370000245,0.03193261825744486,13,0.0,2026-06-30,monthly_walk_forward
2026-07-11,2026-0711-10-02-05-10,2021104210,ニホンピロトッティ,10,0,321.0,32.1,9,-0.849832619001625,0.026273979482449958,14,0.0,2026-06-30,monthly_walk_forward
2026-07-11,2026-0711-10-02-05-10,2022102594,ミキノバカラ,2,0,2176.0,217.6,18,-0.9302584604590454,0.02342221701274946,15,0.0,2026-06-30,monthly_walk_forward
2026-07-11,2026-0711-10-02-05-10,2020101992,ライクアフラワー,6,0,558.0,55.8,15,-1.27410825593077,0.014331659245579071,16,0.0,2026-06-30,monthly_walk_forward
2026-07-11,2026-0711-10-02-05-10,2021100476,ファイツオン,17,0,435.0,43.5,14,-1.647370843792609,0.008408463473802417,17,0.0,2026-06-30,monthly_walk_forward
2026-07-11,2026-0711-10-02-05-10,2020102326,サンライズプルート,7,0,1499.0,149.9,17,-1.852114272319777,0.006276096073477224,18,0.0,2026-06-30,monthly_walk_forward
2026-07-11,2026-0711-10-02-05-11,2022100194,ハヤテノツバサ,6,0,27.0,2.7,1,0.08020230721861715,0.1879648324667995,1,0.0,2026-06-30,monthly_walk_forward
2026-07-11,2026-0711-10-02-05-11,2021103155,メイショウキルギス,5,0,146.0,14.6,5,0.04915505126056603,0.17981016602660083,2,0.0,2026-06-30,monthly_walk_forward
2026-07-11,2026-0711-10-02-05-11,2022100098,ベルギューン,1,1,57.0,5.7,3,0.0046975770362978194,0.16874538542085138,3,570.0,2026-06-30,monthly_walk_forward
2026-07-11,2026-0711-10-02-05-11,2022104957,アメリカンビキニ,11,0,29.0,2.9,2,-0.2492377096147699,0.11740462343390537,4,0.0,2026-06-30,monthly_walk_forward
2026-07-11,2026-0711-10-02-05-11,2022101675,スノーサイレンス,2,0,166.0,16.6,6,-0.29724315889553193,0.10962298561069339,5,0.0,2026-06-30,monthly_walk_forward
2026-07-11,2026-0711-10-02-05-11,2022104600,イマージョン,7,0,199.0,19.9,7,-0.5722237729158391,0.07401128833589722,6,0.0,2026-06-30,monthly_walk_forward
2026-07-11,2026-0711-10-02-05-11,2021101397,ヴェロクオーレ,3,0,88.0,8.8,4,-0.7293402405728847,0.05913160363706537,7,0.0,2026-06-30,monthly_walk_forward
2026-07-11,2026-0711-10-02-05-11,2020103902,ジャーヴィス,4,0,465.0,46.5,9,-1.093957220018442,0.0351239814998932,8,0.0,2026-06-30,monthly_walk_forward
2026-07-11,2026-0711-10-02-05-11,2022104216,ペイシャヴァルツー,10,0,650.0,65.0,10,-1.1706292420349624,0.03148000778237261,9,0.0,2026-06-30,monthly_walk_forward
2026-07-11,2026-0711-10-02-05-11,2022100648,クーデール,8,0,347.0,34.7,8,-1.1787042726304442,0.03111894858069467,10,0.0,2026-06-30,monthly_walk_forward
2026-07-11,2026-0711-10-02-05-11,2022105537,ポッドソル,9,0,731.0,73.1,11,-2.3809694784882347,0.005586177205226726,11,0.0,2026-06-30,monthly_walk_forward
2026-07-11,2026-0711-10-02-05-12,2023107269,ムーンリットアイル,4,0,24.0,2.4,1,0.38236594042481065,0.2557143742082835,1,0.0,2026-06-30,monthly_walk_forward
2026-07-11,2026-0711-10-02-05-12,2022101434,ダノンプリマ,1,1,94.0,9.4,4,0.03514761832021726,0.15571616912769598,2,940.0,2026-06-30,monthly_walk_forward
2026-07-11,2026-0711-10-02-05-12,2021103488,ジャンヌローサ,6,0,133.0,13.3,7,-0.19353071898281618,0.11231995980386601,3,0.0,2026-06-30,monthly_walk_forward
2026-07-11,2026-0711-10-02-05-12,2023102989,タイガーロード,8,0,239.0,23.9,9,-0.36230679529277104,0.08825610765404998,4,0.0,2026-06-30,monthly_walk_forward
2026-07-11,2026-0711-10-02-05-12,2021103901,マーシーラン,7,0,53.0,5.3,2,-0.42144436884579156,0.08110630113967966,5,0.0,2026-06-30,monthly_walk_forward
2026-07-11,2026-0711-10-02-05-12,2023106184,ネネキリマル,13,0,64.0,6.4,3,-0.49167309437447876,0.07336404043723119,6,0.0,2026-06-30,monthly_walk_forward
2026-07-11,2026-0711-10-02-05-12,2022103729,セクシーマージュ,3,0,115.0,11.5,5,-0.7076573365294316,0.05388676960501585,7,0.0,2026-06-30,monthly_walk_forward
2026-07-11,2026-0711-10-02-05-12,2023105185,ミトノリン,10,0,215.0,21.5,8,-0.7785895819593253,0.04869387278768384,8,0.0,2026-06-30,monthly_walk_forward
2026-07-11,2026-0711-10-02-05-12,2022102638,ダイアナクイーン,2,0,123.0,12.3,6,-0.9631124015082314,0.03741041639200599,9,0.0,2026-06-30,monthly_walk_forward
2026-07-11,2026-0711-10-02-05-12,2021106690,ペルフェツィオーネ,9,0,1019.0,101.9,12,-1.288398095609482,0.023505991123463865,10,0.0,2026-06-30,monthly_walk_forward
2026-07-11,2026-0711-10-02-05-12,2022106705,テーオーミリカン,16,0,2505.0,250.5,14,-1.5131068474368536,0.017051579307940823,11,0.0,2026-06-30,monthly_walk_forward
2026-07-11,2026-0711-10-02-05-12,2022102841,メイショウハボマイ,11,0,2279.0,227.9,13,-1.5134138077715444,0.01704410357789623,12,0.0,2026-06-30,monthly_walk_forward
2026-07-11,2026-0711-10-02-05-12,2022104117,レインオンミー,5,0,343.0,34.3,10,-1.645310452455817,0.014117011147990908,13,0.0,2026-06-30,monthly_walk_forward
2026-07-11,2026-0711-10-02-05-12,2023102479,パレットフレイバー,12,0,3401.0,340.1,15,-1.8468082395032779,0.01058593838600854,14,0.0,2026-06-30,monthly_walk_forward
2026-07-11,2026-0711-10-02-05-12,2022105734,シヴァールバーニ,14,0,3887.0,388.7,16,-2.079028809717561,0.00759722372609488,15,0.0,2026-06-30,monthly_walk_forward
2026-07-11,2026-0711-10-02-05-12,2022106719,アスクザアメリカン,15,0,615.0,61.5,11,-2.5959866724234884,0.0036301415750927993,16,0.0,2026-06-30,monthly_walk_forward
2026-07-12,2026-0712-02-01-10-07,2023100652,コイタマチャン,9,0,49.0,4.9,3,-0.15061212673614657,0.24459547417070465,1,0.0,2026-06-30,monthly_walk_forward
2026-07-12,2026-0712-02-01-10-07,2021105238,アリストクラシア,7,0,111.0,11.1,6,-0.3651801048766305,0.1800221748731977,2,0.0,2026-06-30,monthly_walk_forward
2026-07-12,2026-0712-02-01-10-07,2022102388,ヒミノエトワール,1,1,29.0,2.9,1,-0.6092542884373991,0.12702737722854082,3,290.0,2026-06-30,monthly_walk_forward
2026-07-12,2026-0712-02-01-10-07,2022105343,デルマサクラサク,2,0,35.0,3.5,2,-0.6499407914309696,0.11985456581708202,4,0.0,2026-06-30,monthly_walk_forward
2026-07-12,2026-0712-02-01-10-07,2023100966,マリブサーフ,6,0,60.0,6.0,4,-0.6596439520532079,0.11820464455302,5,0.0,2026-06-30,monthly_walk_forward
2026-07-12,2026-0712-02-01-10-07,2021105857,ウィンターガーデン,4,0,1111.0,111.1,9,-1.042321505888891,0.0684247894926441,6,0.0,2026-06-30,monthly_walk_forward
2026-07-12,2026-0712-02-01-10-07,2022106631,バシリス,8,0,86.0,8.6,5,-1.0714556153966504,0.06563538933212394,7,0.0,2026-06-30,monthly_walk_forward
2026-07-12,2026-0712-02-01-10-07,2022105267,サウンドルーチェ,5,0,347.0,34.7,7,-1.3703016675010866,0.04282799983468744,8,0.0,2026-06-30,monthly_walk_forward
2026-07-12,2026-0712-02-01-10-07,2023107412,リピース,3,0,542.0,54.2,8,-1.5441880581281986,0.03340758469799928,9,0.0,2026-06-30,monthly_walk_forward
2026-07-12,2026-0712-02-01-10-08,2022106566,ダイシンレアレア,2,0,37.0,3.7,2,-0.5743969231531749,0.18142529132510243,1,0.0,2026-06-30,monthly_walk_forward
2026-07-12,2026-0712-02-01-10-08,2023104100,ハイドパーク,11,0,52.0,5.2,3,-0.5761150624889185,0.18098053176256904,2,0.0,2026-06-30,monthly_walk_forward
2026-07-12,2026-0712-02-01-10-08,2021106180,シーリュウシー,6,0,111.0,11.1,4,-0.760446579530149,0.13908131019374737,3,0.0,2026-06-30,monthly_walk_forward
2026-07-12,2026-0712-02-01-10-08,2022104312,ディースプレマシー,10,0,354.0,35.4,10,-0.9545855407288206,0.10539522741471906,4,0.0,2026-06-30,monthly_walk_forward
2026-07-12,2026-0712-02-01-10-08,2023106516,ミスターエメラルド,3,0,113.0,11.3,5,-1.0607286683261359,0.09056649343071915,5,0.0,2026-06-30,monthly_walk_forward
2026-07-12,2026-0712-02-01-10-08,2023107258,シャローファースト,1,1,28.0,2.8,1,-1.109329212878053,0.08449184033369045,6,280.0,2026-06-30,monthly_walk_forward
2026-07-12,2026-0712-02-01-10-08,2022101255,ステイアンビシャス,4,0,175.0,17.5,7,-1.3420307968949117,0.06059571198767239,7,0.0,2026-06-30,monthly_walk_forward
2026-07-12,2026-0712-02-01-10-08,2022105506,シドニーホバート,9,0,281.0,28.1,9,-1.479119021655055,0.04981837093118938,8,0.0,2026-06-30,monthly_walk_forward
2026-07-12,2026-0712-02-01-10-08,2022104062,カージオイド,8,0,479.0,47.9,11,-1.562551708020521,0.04422075540903983,9,0.0,2026-06-30,monthly_walk_forward
2026-07-12,2026-0712-02-01-10-08,2019103219,ブレイクザアイス,7,0,200.0,20.0,8,-1.6807718428040195,0.03734908268941564,10,0.0,2026-06-30,monthly_walk_forward
2026-07-12,2026-0712-02-01-10-08,2021104155,サトノリアン,5,0,153.0,15.3,6,-1.9322934655130202,0.0260753845221352,11,0.0,2026-06-30,monthly_walk_forward
2026-07-12,2026-0712-02-01-10-09,2023106718,コッツォリーノ,14,0,34.0,3.4,1,0.6800573075941679,0.2591187138083311,1,0.0,2026-06-30,monthly_walk_forward
2026-07-12,2026-0712-02-01-10-09,2023100627,テルヒコウ,2,0,37.0,3.7,2,0.4767326498832163,0.19379918894345255,2,0.0,2026-06-30,monthly_walk_forward
2026-07-12,2026-0712-02-01-10-09,2022100625,ラブリーリディア,11,0,196.0,19.6,9,0.1191309642059231,0.11627556839450429,3,0.0,2026-06-30,monthly_walk_forward
2026-07-12,2026-0712-02-01-10-09,2022104748,ウィルサヴァイブ,12,0,119.0,11.9,7,-0.13913852456462847,0.08039938693205749,4,0.0,2026-06-30,monthly_walk_forward
2026-07-12,2026-0712-02-01-10-09,2022101411,サタデーサンライズ,4,0,57.0,5.7,3,-0.2349309789968709,0.0701166432539885,5,0.0,2026-06-30,monthly_walk_forward
2026-07-12,2026-0712-02-01-10-09,2020100177,ロードマンハイム,13,0,416.0,41.6,10,-0.3647003942737114,0.05825181836302113,6,0.0,2026-06-30,monthly_walk_forward
2026-07-12,2026-0712-02-01-10-09,2022105018,バルティカ,9,0,195.0,19.5,8,-0.3935956862106871,0.0558961955670083,7,0.0,2026-06-30,monthly_walk_forward
2026-07-12,2026-0712-02-01-10-09,2022106813,マイネルフーガ,1,1,103.0,10.3,4,-0.45237251094715775,0.05139441081439596,8,1030.0,2026-06-30,monthly_walk_forward
2026-07-12,2026-0712-02-01-10-09,2021100165,フォルテフィオーレ,5,0,115.0,11.5,6,-0.6208909238573215,0.04039834576255675,9,0.0,2026-06-30,monthly_walk_forward
2026-07-12,2026-0712-02-01-10-09,2021103227,ジャズ,3,0,105.0,10.5,5,-0.868428905954799,0.028365203042167542,10,0.0,2026-06-30,monthly_walk_forward
2026-07-12,2026-0712-02-01-10-09,2022103310,レイヤードレッド,8,0,978.0,97.8,12,-1.118675058693602,0.019839375906456107,11,0.0,2026-06-30,monthly_walk_forward
2026-07-12,2026-0712-02-01-10-09,2020102803,エリム,10,0,1935.0,193.5,14,-1.5701032374295303,0.010410045431557385,12,0.0,2026-06-30,monthly_walk_forward
2026-07-12,2026-0712-02-01-10-09,2021103790,フナデ,6,0,778.0,77.8,11,-1.584861126298296,0.010192870939800515,13,0.0,2026-06-30,monthly_walk_forward
2026-07-12,2026-0712-02-01-10-09,2021105321,エーデル,7,0,1564.0,156.4,13,-2.011364888638618,0.005542232840702285,14,0.0,2026-06-30,monthly_walk_forward
2026-07-12,2026-0712-02-01-10-10,2023103625,エコロレバン,12,0,38.0,3.8,2,0.5192650571178411,0.23341735525566681,1,0.0,2026-06-30,monthly_walk_forward
2026-07-12,2026-0712-02-01-10-10,2023105591,マメタンク,5,0,28.0,2.8,1,0.2928725872564291,0.168917471515649,2,0.0,2026-06-30,monthly_walk_forward
2026-07-12,2026-0712-02-01-10-10,2023107374,クロナ,1,1,98.0,9.8,6,0.11977975693579967,0.13191196780514874,3,980.0,2026-06-30,monthly_walk_forward
2026-07-12,2026-0712-02-01-10-10,2022100574,ルイステソーロ,7,0,83.0,8.3,5,0.004129199867287295,0.111823273288861,4,0.0,2026-06-30,monthly_walk_forward
2026-07-12,2026-0712-02-01-10-10,2023107523,デアプリームス,4,0,62.0,6.2,3,-0.0332202568946994,0.10601317101019694,5,0.0,2026-06-30,monthly_walk_forward
2026-07-12,2026-0712-02-01-10-10,2022104394,ヒットミー,2,0,184.0,18.4,7,-0.11015219499450084,0.09497945190726542,6,0.0,2026-06-30,monthly_walk_forward
2026-07-12,2026-0712-02-01-10-10,2023100014,カネコメブライト,6,0,79.0,7.9,4,-0.13423583119518434,0.09176724061751686,7,0.0,2026-06-30,monthly_walk_forward
2026-07-12,2026-0712-02-01-10-10,2022100729,ビーマックス,3,0,259.0,25.9,8,-1.21738669950655,0.019528930756484385,8,0.0,2026-06-30,monthly_walk_forward
2026-07-12,2026-0712-02-01-10-10,2021103748,サベージラヴ,10,0,738.0,73.8,10,-1.4024036472967196,0.014993054629952752,9,0.0,2026-06-30,monthly_walk_forward
2026-07-12,2026-0712-02-01-10-10,2020102702,ストリンジェンド,9,0,692.0,69.2,9,-1.6318422652895146,0.010802932390641827,10,0.0,2026-06-30,monthly_walk_forward
2026-07-12,2026-0712-02-01-10-10,2023105661,ストロングボンド,8,0,2316.0,231.6,12,-1.707278098442473,0.0096992846851887,11,0.0,2026-06-30,monthly_walk_forward
2026-07-12,2026-0712-02-01-10-10,2021105821,サンディブロンド,11,0,1395.0,139.5,11,-2.026668817615966,0.006145866137427576,12,0.0,2026-06-30,monthly_walk_forward
2026-07-12,2026-0712-02-01-10-11,2019106335,タシット,7,0,244.0,24.4,10,0.7697284473724597,0.17216799394352902,1,0.0,2026-06-30,monthly_walk_forward
2026-07-12,2026-0712-02-01-10-11,2022101669,ストレイトトーカー,14,0,93.0,9.3,5,0.5674127834070438,0.12895304321681136,2,0.0,2026-06-30,monthly_walk_forward
2026-07-12,2026-0712-02-01-10-11,2021105442,エラトー,4,0,95.0,9.5,6,0.4470955073884474,0.10858860863564804,3,0.0,2026-06-30,monthly_walk_forward
2026-07-12,2026-0712-02-01-10-11,2021105228,レディーヴァリュー,2,0,100.0,10.0,7,0.39964827339406833,0.10147218751387335,4,0.0,2026-06-30,monthly_walk_forward
2026-07-12,2026-0712-02-01-10-11,2022104416,レディネス,10,0,75.0,7.5,4,0.3886494276777344,0.09989025262309344,5,0.0,2026-06-30,monthly_walk_forward
2026-07-12,2026-0712-02-01-10-11,2020107001,キョウエイブリッサ,5,0,59.0,5.9,3,0.27383907668207946,0.08477980131767272,6,0.0,2026-06-30,monthly_walk_forward
2026-07-12,2026-0712-02-01-10-11,2021103519,リラボニート,6,0,138.0,13.8,9,0.2452848146759802,0.08139106655882344,7,0.0,2026-06-30,monthly_walk_forward
2026-07-12,2026-0712-02-01-10-11,2021106752,パレハ,8,0,57.0,5.7,2,0.2142671583892692,0.07786328886156868,8,0.0,2026-06-30,monthly_walk_forward
2026-07-12,2026-0712-02-01-10-11,2020105424,シルトホルン,3,0,46.0,4.6,1,0.14689076118644265,0.07071817316088819,9,0.0,2026-06-30,monthly_walk_forward
2026-07-12,2026-0712-02-01-10-11,2019103850,パトリックハンサム,9,0,849.0,84.9,12,-0.5535610703577215,0.025998974953013388,10,0.0,2026-06-30,monthly_walk_forward
2026-07-12,2026-0712-02-01-10-11,2022104617,ヴーレヴー,1,1,111.0,11.1,8,-0.6509307275266356,0.02262278540444931,11,1110.0,2026-06-30,monthly_walk_forward
2026-07-12,2026-0712-02-01-10-11,2021105926,レディントン,11,0,485.0,48.5,11,-1.1559279140391032,0.010996016270300914,12,0.0,2026-06-30,monthly_walk_forward
2026-07-12,2026-0712-02-01-10-11,2020105295,エエヤン,12,0,1571.0,157.1,14,-1.356581094224056,0.00825554957281039,13,0.0,2026-06-30,monthly_walk_forward
2026-07-12,2026-0712-02-01-10-11,2018101615,ウインシュクラン,13,0,1069.0,106.9,13,-1.5455654653007147,0.006302257967517794,14,0.0,2026-06-30,monthly_walk_forward
2026-07-12,2026-0712-02-01-10-12,2023103137,ハッピーラッキー,6,0,18.0,1.8,1,-0.046498631132859986,0.41492537581430994,1,0.0,2026-06-30,monthly_walk_forward
2026-07-12,2026-0712-02-01-10-12,2023100177,シャルトル,7,0,35.0,3.5,2,-0.24531468179089946,0.3123348211882184,2,0.0,2026-06-30,monthly_walk_forward
2026-07-12,2026-0712-02-01-10-12,2023104875,ダブルチャレンジ,3,0,63.0,6.3,3,-1.180528149331328,0.08210972954415106,3,0.0,2026-06-30,monthly_walk_forward
2026-07-12,2026-0712-02-01-10-12,2020102050,サンポーニャ,1,1,78.0,7.8,4,-1.3665462757371347,0.06294846257969894,4,780.0,2026-06-30,monthly_walk_forward
2026-07-12,2026-0712-02-01-10-12,2022104221,ペイシャアーサー,5,0,164.0,16.4,5,-1.456950455036978,0.055321825753004476,5,0.0,2026-06-30,monthly_walk_forward
2026-07-12,2026-0712-02-01-10-12,2023109031,ココソラーレ,2,0,310.0,31.0,6,-1.8521256230717225,0.03145731524817538,6,0.0,2026-06-30,monthly_walk_forward
2026-07-12,2026-0712-02-01-10-12,2022102878,ナンナンプー,4,0,351.0,35.1,7,-1.9822374548497295,0.02612146813153271,7,0.0,2026-06-30,monthly_walk_forward
2026-07-12,2026-0712-02-01-10-12,2023102305,マインセーラ,8,0,1451.0,145.1,8,-2.3808278288484743,0.01478100174090899,8,0.0,2026-06-30,monthly_walk_forward
2026-07-12,2026-0712-03-02-06-01,2022104992,フェイトライン,13,0,122.0,12.2,5,-0.21496943394678492,0.2195340084396268,1,0.0,2026-06-30,monthly_walk_forward
2026-07-12,2026-0712-03-02-06-01,2021105335,トーアマリシテン,1,1,33.0,3.3,2,-0.23369516302102544,0.21373910054681222,2,330.0,2026-06-30,monthly_walk_forward
2026-07-12,2026-0712-03-02-06-01,2021106353,シグムンド,14,0,185.0,18.5,8,-0.5977314079490855,0.1270657077416464,3,0.0,2026-06-30,monthly_walk_forward
2026-07-12,2026-0712-03-02-06-01,2021105501,モスクロッサー,3,0,29.0,2.9,1,-0.9632670188916039,0.07537763451452341,4,0.0,2026-06-30,monthly_walk_forward
2026-07-12,2026-0712-03-02-06-01,2019101464,サラフィエル,4,0,148.0,14.8,6,-0.9705835563506041,0.07459387581195742,5,0.0,2026-06-30,monthly_walk_forward
2026-07-12,2026-0712-03-02-06-01,2022101203,ゲレル,9,0,72.0,7.2,4,-1.0127605135530764,0.07023211002124709,6,0.0,2026-06-30,monthly_walk_forward
2026-07-12,2026-0712-03-02-06-01,2019110088,ジャスパーグレイト,8,0,297.0,29.7,9,-1.0856394659006994,0.06328781566610127,7,0.0,2026-06-30,monthly_walk_forward
2026-07-12,2026-0712-03-02-06-01,2020102956,ブライテストドーン,11,0,175.0,17.5,7,-1.2520196181045256,0.04989929594678327,8,0.0,2026-06-30,monthly_walk_forward
2026-07-12,2026-0712-03-02-06-01,2022101532,エポカスピーガ,6,0,70.0,7.0,3,-1.5696287123991577,0.03169882505899366,9,0.0,2026-06-30,monthly_walk_forward
2026-07-12,2026-0712-03-02-06-01,2022101278,クラウンウルル,12,0,1436.0,143.6,11,-1.9072140419938364,0.019570334216172148,10,0.0,2026-06-30,monthly_walk_forward
2026-07-12,2026-0712-03-02-06-01,2021101041,トモジャシャトー,5,0,1554.0,155.4,12,-1.9575843500308885,0.01821157309505003,11,0.0,2026-06-30,monthly_walk_forward
2026-07-12,2026-0712-03-02-06-01,2022103588,スノーリン,10,0,2141.0,214.1,14,-2.1737825762699425,0.013372530863781288,12,0.0,2026-06-30,monthly_walk_forward
2026-07-12,2026-0712-03-02-06-01,2022101614,ノブダブルホワイト,2,0,537.0,53.7,10,-2.212986465865361,0.012644181019199988,13,0.0,2026-06-30,monthly_walk_forward
2026-07-12,2026-0712-03-02-06-01,2022103503,アウルムレガリア,7,0,2073.0,207.3,13,-2.325093882112455,0.010773007058104965,14,0.0,2026-06-30,monthly_walk_forward
2026-07-12,2026-0712-03-02-06-08,2023106190,デンプシー,1,1,29.0,2.9,1,0.5117438839943543,0.2657595009701194,1,290.0,2026-06-30,monthly_walk_forward
2026-07-12,2026-0712-03-02-06-08,2023102633,アイアンパイク,2,0,36.0,3.6,2,0.25692062609981736,0.18466780134969085,2,0.0,2026-06-30,monthly_walk_forward
2026-07-12,2026-0712-03-02-06-08,2023100831,ミスターマーボー,4,0,49.0,4.9,3,-0.11140972641623548,0.10911172144271782,3,0.0,2026-06-30,monthly_walk_forward
2026-07-12,2026-0712-03-02-06-08,2021100958,ビッグフラワー,6,0,182.0,18.2,8,-0.31927158395088123,0.08107922912142046,4,0.0,2026-06-30,monthly_walk_forward
2026-07-12,2026-0712-03-02-06-08,2022106818,マイネルステラート,9,0,165.0,16.5,5,-0.3891802478907481,0.07337309343754365,5,0.0,2026-06-30,monthly_walk_forward
2026-07-12,2026-0712-03-02-06-08,2023102897,プリティーミズホ,12,0,165.0,16.5,6,-0.4041650813348049,0.0718190950936121,6,0.0,2026-06-30,monthly_walk_forward
2026-07-12,2026-0712-03-02-06-08,2022102696,ラブリーガール,8,0,92.0,9.2,4,-0.427660669308157,0.06944848560360455,7,0.0,2026-06-30,monthly_walk_forward
2026-07-12,2026-0712-03-02-06-08,2023103499,ザバルガド,7,0,174.0,17.4,7,-0.6284613432997783,0.052129299321032746,8,0.0,2026-06-30,monthly_walk_forward
2026-07-12,2026-0712-03-02-06-08,2020100084,レッドカメリア,5,0,730.0,73.0,11,-0.9629936051758277,0.032324450537441894,9,0.0,2026-06-30,monthly_walk_forward
2026-07-12,2026-0712-03-02-06-08,2023100954,テルケンレンスキー,10,0,427.0,42.7,10,-0.976998385475392,0.031684167160273766,10,0.0,2026-06-30,monthly_walk_forward
2026-07-12,2026-0712-03-02-06-08,2022101108,ホウオウショコラ,3,0,203.0,20.3,9,-1.1922718516323092,0.02329604431719194,11,0.0,2026-06-30,monthly_walk_forward
2026-07-12,2026-0712-03-02-06-08,2021103332,アイスブレイカー,11,0,2616.0,261.6,12,-2.2277369349875626,0.005307111645350885,12,0.0,2026-06-30,monthly_walk_forward
2026-07-12,2026-0712-03-02-06-09,2023103543,ルージュリリック,9,0,32.0,3.2,1,0.47389184651007393,0.31031053446250273,1,0.0,2026-06-30,monthly_walk_forward
2026-07-12,2026-0712-03-02-06-09,2023106802,サルワールカミーズ,10,0,50.0,5.0,3,-0.23195755294101345,0.1132069132741713,2,0.0,2026-06-30,monthly_walk_forward
2026-07-12,2026-0712-03-02-06-09,2022106618,ジェルブロア,2,0,79.0,7.9,4,-0.23630295995289213,0.11250633272265217,3,0.0,2026-06-30,monthly_walk_forward
2026-07-12,2026-0712-03-02-06-09,2022105131,キューティリップ,4,0,113.0,11.3,5,-0.2373941122558678,0.11233109570254844,4,0.0,2026-06-30,monthly_walk_forward
2026-07-12,2026-0712-03-02-06-09,2023101820,サフランルージュ,6,0,218.0,21.8,9,-0.3775574274226271,0.09194746805300126,5,0.0,2026-06-30,monthly_walk_forward
2026-07-12,2026-0712-03-02-06-09,2023106412,ユメシルベ,11,0,181.0,18.1,8,-0.7792524951651726,0.051798817341924513,6,0.0,2026-06-30,monthly_walk_forward
2026-07-12,2026-0712-03-02-06-09,2021105168,クイーンズワーフ,7,0,125.0,12.5,6,-0.8087110932550396,0.04966416298013875,7,0.0,2026-06-30,monthly_walk_forward
2026-07-12,2026-0712-03-02-06-09,2022100106,ペプロス,12,0,352.0,35.2,10,-0.826877423583324,0.048391864257595174,8,0.0,2026-06-30,monthly_walk_forward
2026-07-12,2026-0712-03-02-06-09,2022104844,ブルスカメンテ,1,1,47.0,4.7,2,-1.1642580385303143,0.029885081179680775,9,470.0,2026-06-30,monthly_walk_forward
2026-07-12,2026-0712-03-02-06-09,2022105181,ロゼフェリシア,5,0,163.0,16.3,7,-1.412224616747555,0.02097059943348335,10,0.0,2026-06-30,monthly_walk_forward
2026-07-12,2026-0712-03-02-06-09,2021107253,ニシノコマチムスメ,3,0,1763.0,176.3,14,-1.472516034217926,0.019239988228378725,11,0.0,2026-06-30,monthly_walk_forward
2026-07-12,2026-0712-03-02-06-09,2023103069,ノーブルクラウド,8,0,499.0,49.9,11,-1.5869910506646772,0.016337369572953862,12,0.0,2026-06-30,monthly_walk_forward
2026-07-12,2026-0712-03-02-06-09,2022106347,テンドリームガール,13,0,1195.0,119.5,13,-1.7714214499783656,0.012553293941602815,13,0.0,2026-06-30,monthly_walk_forward
2026-07-12,2026-0712-03-02-06-09,2022101710,ヒサエノオモカゲ,14,0,532.0,53.2,12,-1.8730761960778377,0.010856478849366016,14,0.0,2026-06-30,monthly_walk_forward
2026-07-12,2026-0712-03-02-06-10,2023105748,リフレックス,2,0,30.0,3.0,1,0.4113401989302075,0.25937881800018814,1,0.0,2026-06-30,monthly_walk_forward
2026-07-12,2026-0712-03-02-06-10,2022101389,サトミノエンジェル,5,0,122.0,12.2,6,0.12687130862198837,0.1727603686310354,2,0.0,2026-06-30,monthly_walk_forward
2026-07-12,2026-0712-03-02-06-10,2021105182,ドバイブルース,1,1,43.0,4.3,2,0.08910050391137743,0.1636855467539157,3,430.0,2026-06-30,monthly_walk_forward
2026-07-12,2026-0712-03-02-06-10,2022105429,チギリ,10,0,70.0,7.0,4,-0.18000871561645082,0.11144213050439947,4,0.0,2026-06-30,monthly_walk_forward
2026-07-12,2026-0712-03-02-06-10,2022101818,ジェイエルマスター,6,0,45.0,4.5,3,-0.37150371761263723,0.08476995355054312,5,0.0,2026-06-30,monthly_walk_forward
2026-07-12,2026-0712-03-02-06-10,2022104378,ダカラフェスティヴ,7,0,210.0,21.0,7,-0.6327885851456169,0.05836270438002844,6,0.0,2026-06-30,monthly_walk_forward
2026-07-12,2026-0712-03-02-06-10,2020102187,スマートケープ,8,0,76.0,7.6,5,-0.7665148943040637,0.04821351990530171,7,0.0,2026-06-30,monthly_walk_forward
2026-07-12,2026-0712-03-02-06-10,2021104302,ティンティンデオ,11,0,975.0,97.5,11,-0.8137084698004721,0.04507014636130737,8,0.0,2026-06-30,monthly_walk_forward
2026-07-12,2026-0712-03-02-06-10,2018104646,オンザライン,3,0,327.0,32.7,8,-1.1885051795761366,0.02638501441026437,9,0.0,2026-06-30,monthly_walk_forward
2026-07-12,2026-0712-03-02-06-10,2020104632,ハッスルダンク,9,0,874.0,87.4,10,-1.2929353027886252,0.022728288150949395,10,0.0,2026-06-30,monthly_walk_forward
2026-07-12,2026-0712-03-02-06-10,2019102102,ゲキザル,4,0,564.0,56.4,9,-2.0972647065839976,0.007203509352066912,11,0.0,2026-06-30,monthly_walk_forward
2026-07-12,2026-0712-03-02-06-11,2022104896,カラマティアノス,7,0,47.0,4.7,1,1.0194654599492294,0.21607429885118287,1,0.0,2026-06-30,monthly_walk_forward
2026-07-12,2026-0712-03-02-06-11,2020100734,サヴォーナ,10,0,64.0,6.4,3,0.8681539848985678,0.17407096739041522,2,0.0,2026-06-30,monthly_walk_forward
2026-07-12,2026-0712-03-02-06-11,2022106611,ヤマニンブークリエ,6,0,87.0,8.7,5,0.6433284668113111,0.12625248650810345,3,0.0,2026-06-30,monthly_walk_forward
2026-07-12,2026-0712-03-02-06-11,2019105193,バトルボーン,12,0,69.0,6.9,4,0.5549226914936141,0.1112733512988022,4,0.0,2026-06-30,monthly_walk_forward
2026-07-12,2026-0712-03-02-06-11,2020102740,コントラポスト,9,0,151.0,15.1,8,0.10357008001637821,0.05839325306015104,5,0.0,2026-06-30,monthly_walk_forward
2026-07-12,2026-0712-03-02-06-11,2019103823,リカンカブール,13,0,231.0,23.1,10,-0.005594140260324069,0.04996143796947442,6,0.0,2026-06-30,monthly_walk_forward
2026-07-12,2026-0712-03-02-06-11,2020105749,マイネルモーント,2,0,132.0,13.2,6,-0.1424621118192399,0.04108839796120994,7,0.0,2026-06-30,monthly_walk_forward
2026-07-12,2026-0712-03-02-06-11,2021104791,メリオーレム,16,0,229.0,22.9,9,-0.14782119910616537,0.04077503286933599,8,0.0,2026-06-30,monthly_walk_forward
2026-07-12,2026-0712-03-02-06-11,2021101387,オーロラエックス,8,0,311.0,31.1,11,-0.22528455886335735,0.03650349509791569,9,0.0,2026-06-30,monthly_walk_forward
2026-07-12,2026-0712-03-02-06-11,2021104846,オールナット,15,0,322.0,32.2,12,-0.24444533024110435,0.03551785335853409,10,0.0,2026-06-30,monthly_walk_forward
2026-07-12,2026-0712-03-02-06-11,2021106954,アスクナイスショー,1,1,50.0,5.0,2,-0.3092139224398968,0.03237896298358599,11,500.0,2026-06-30,monthly_walk_forward
2026-07-12,2026-0712-03-02-06-11,2022101648,センツブラッド,4,0,148.0,14.8,7,-0.329530204041883,0.0314527261635753,12,0.0,2026-06-30,monthly_walk_forward
2026-07-12,2026-0712-03-02-06-11,2019104658,ボーンディスウェイ,5,0,456.0,45.6,14,-0.724804463958409,0.017882241898187566,13,0.0,2026-06-30,monthly_walk_forward
2026-07-12,2026-0712-03-02-06-11,2021105799,クリスマスパレード,11,0,373.0,37.3,13,-0.9408747694951809,0.01313310685097372,14,0.0,2026-06-30,monthly_walk_forward
2026-07-12,2026-0712-03-02-06-11,2019104756,オニャンコポン,3,0,735.0,73.5,15,-1.1421547413748192,0.009851201876571496,15,0.0,2026-06-30,monthly_walk_forward
2026-07-12,2026-0712-03-02-06-11,2019104998,ショウナンマグマ,14,0,1698.0,169.8,16,-1.5641344067865006,0.005391185861981074,16,0.0,2026-06-30,monthly_walk_forward
2026-07-12,2026-0712-03-02-06-12,2022102716,サンマルノヴェル,4,0,30.0,3.0,1,0.5280636369875933,0.3005443168389162,1,0.0,2026-06-30,monthly_walk_forward
2026-07-12,2026-0712-03-02-06-12,2022110132,ピコテンダー,2,0,40.0,4.0,2,-0.034180118002588994,0.13461109669573362,2,0.0,2026-06-30,monthly_walk_forward
2026-07-12,2026-0712-03-02-06-12,2021101015,スーパーバイザー,7,0,380.0,38.0,11,-0.18505817176181763,0.10851080779488113,3,0.0,2026-06-30,monthly_walk_forward
2026-07-12,2026-0712-03-02-06-12,2021102259,クリノオリーブ,1,1,84.0,8.4,5,-0.2584514528403125,0.09770983649987296,4,840.0,2026-06-30,monthly_walk_forward
2026-07-12,2026-0712-03-02-06-12,2021105753,フェンダー,6,0,68.0,6.8,3,-0.39868557358225204,0.07997129649118492,5,0.0,2026-06-30,monthly_walk_forward
2026-07-12,2026-0712-03-02-06-12,2022106243,サヨノジャンボリー,9,0,173.0,17.3,7,-0.5902481367192032,0.06082537001668197,6,0.0,2026-06-30,monthly_walk_forward
2026-07-12,2026-0712-03-02-06-12,2021102458,ホーリーブライト,14,0,808.0,80.8,12,-0.7238168917843887,0.05025924271813046,7,0.0,2026-06-30,monthly_walk_forward
2026-07-12,2026-0712-03-02-06-12,2021105976,ローマンレイク,10,0,345.0,34.5,10,-0.8415292795643862,0.04248002267622636,8,0.0,2026-06-30,monthly_walk_forward
2026-07-12,2026-0712-03-02-06-12,2022103924,ショウナンラリー,13,0,255.0,25.5,8,-1.1504241661529742,0.02732372852268486,9,0.0,2026-06-30,monthly_walk_forward
2026-07-12,2026-0712-03-02-06-12,2021102406,レイワサンサン,3,0,855.0,85.5,13,-1.1550305600470594,0.027144513328918818,10,0.0,2026-06-30,monthly_walk_forward
2026-07-12,2026-0712-03-02-06-12,2019105041,ホウオウプレミア,5,0,261.0,26.1,9,-1.3162949986925039,0.021559082061375388,11,0.0,2026-06-30,monthly_walk_forward
2026-07-12,2026-0712-03-02-06-12,2022102785,ラーナローザ,11,0,168.0,16.8,6,-1.4427413591482408,0.017996179967352876,12,0.0,2026-06-30,monthly_walk_forward
2026-07-12,2026-0712-03-02-06-12,2020103937,ラヴァグロウ,8,0,3119.0,311.9,15,-1.6195719587180153,0.013978834567984882,13,0.0,2026-06-30,monthly_walk_forward
2026-07-12,2026-0712-03-02-06-12,2021101219,マフィン,12,0,3406.0,340.6,16,-1.8812042661017423,0.00961941959767369,14,0.0,2026-06-30,monthly_walk_forward
2026-07-12,2026-0712-03-02-06-12,2022101959,ペプチドクレマチス,15,0,1451.0,145.1,14,-2.0585778031795363,0.007466252222381839,15,0.0,2026-06-30,monthly_walk_forward
2026-07-12,2026-0712-10-02-06-07,2023104411,コルヴァス,3,0,49.0,4.9,3,0.24689112710239178,0.3686711567829021,1,0.0,2026-06-30,monthly_walk_forward
2026-07-12,2026-0712-10-02-06-07,2023103919,オオツカ,1,1,44.0,4.4,2,-0.6215007494098412,0.10662790485409071,2,440.0,2026-06-30,monthly_walk_forward
2026-07-12,2026-0712-10-02-06-07,2023102469,タマモスカイ,6,0,145.0,14.5,6,-0.6385003944535562,0.1040696141335928,3,0.0,2026-06-30,monthly_walk_forward
2026-07-12,2026-0712-10-02-06-07,2019103506,エアフォースワン,10,0,212.0,21.2,7,-0.8786145340532575,0.07385028310297061,4,0.0,2026-06-30,monthly_walk_forward
2026-07-12,2026-0712-10-02-06-07,2023103677,ヴィエントデコラ,9,0,55.0,5.5,4,-0.9858651021932838,0.06335949297043203,5,0.0,2026-06-30,monthly_walk_forward
2026-07-12,2026-0712-10-02-06-07,2019104261,メイショウオグマ,4,0,257.0,25.7,9,-1.1080502156478917,0.05321150237508358,6,0.0,2026-06-30,monthly_walk_forward
2026-07-12,2026-0712-10-02-06-07,2023103884,キリオス,5,0,91.0,9.1,5,-1.204365171873809,0.04637134892401954,7,0.0,2026-06-30,monthly_walk_forward
2026-07-12,2026-0712-10-02-06-07,2023103092,セルジュバローズ,13,0,612.0,61.2,10,-1.3429054017179354,0.03804490506778273,8,0.0,2026-06-30,monthly_walk_forward
2026-07-12,2026-0712-10-02-06-07,2023107059,ジュンプリメーロ,8,0,224.0,22.4,8,-1.4642838233801627,0.03198827499122674,9,0.0,2026-06-30,monthly_walk_forward
2026-07-12,2026-0712-10-02-06-07,2023110043,ラブインアクション,2,0,36.0,3.6,1,-1.4665801787779649,0.03188350914499013,10,0.0,2026-06-30,monthly_walk_forward
2026-07-12,2026-0712-10-02-06-07,2021103316,リアルペガサス,11,0,1316.0,131.6,14,-1.6009166085087494,0.02631606886558051,11,0.0,2026-06-30,monthly_walk_forward
2026-07-12,2026-0712-10-02-06-07,2022104403,ニシノミチアキ,12,0,986.0,98.6,13,-1.7158629971447752,0.022330883026415168,12,0.0,2026-06-30,monthly_walk_forward
2026-07-12,2026-0712-10-02-06-07,2022110141,ジェバーダ,14,0,979.0,97.9,12,-1.7924001514357657,0.020017998975628094,13,0.0,2026-06-30,monthly_walk_forward
2026-07-12,2026-0712-10-02-06-07,2022100725,テーオーノーベル,7,0,692.0,69.2,11,-2.080871425014212,0.013257056785285245,14,0.0,2026-06-30,monthly_walk_forward
2026-07-12,2026-0712-10-02-06-08,2023102997,ペイシャシス,2,0,27.0,2.7,1,0.6117519267001359,0.3951516923562876,1,0.0,2026-06-30,monthly_walk_forward
2026-07-12,2026-0712-10-02-06-08,2023105002,ミッキーマーメイド,5,0,34.0,3.4,3,0.23353620541850836,0.23020300480052244,2,0.0,2026-06-30,monthly_walk_forward
2026-07-12,2026-0712-10-02-06-08,2023101180,ミリタリータトゥー,1,1,31.0,3.1,2,-0.010996766674345518,0.16232958307281214,3,310.0,2026-06-30,monthly_walk_forward
2026-07-12,2026-0712-10-02-06-08,2022102550,メイショウピリカ,4,0,63.0,6.3,4,-0.4681246256567735,0.0844862613339521,4,0.0,2026-06-30,monthly_walk_forward
2026-07-12,2026-0712-10-02-06-08,2021103236,コンバットペスカ,3,0,187.0,18.7,5,-0.773798790884612,0.054593321285108985,5,0.0,2026-06-30,monthly_walk_forward
2026-07-12,2026-0712-10-02-06-08,2022103705,エレガンシア,6,0,227.0,22.7,6,-1.0261963578711863,0.03806684151076076,6,0.0,2026-06-30,monthly_walk_forward
2026-07-12,2026-0712-10-02-06-08,2022102957,ヴィーナスバブル,7,0,1114.0,111.4,7,-1.4800133191078935,0.019906248093961607,7,0.0,2026-06-30,monthly_walk_forward
2026-07-12,2026-0712-10-02-06-08,2021105794,レザンクレール,8,0,1395.0,139.5,8,-2.0555150288353836,0.008748553368711201,8,0.0,2026-06-30,monthly_walk_forward
2026-07-12,2026-0712-10-02-06-08,2023104231,タマモヒロイン,9,0,1846.0,184.6,9,-2.261916181462375,0.006514494177883212,9,0.0,2026-06-30,monthly_walk_forward
2026-07-12,2026-0712-10-02-06-09,2023107036,ショウナンバンライ,1,1,15.0,1.5,1,0.6626487297387931,0.36329796431926276,1,150.0,2026-06-30,monthly_walk_forward
2026-07-12,2026-0712-10-02-06-09,2023106298,ホウショウルクス,3,0,133.0,13.3,4,0.3775676555642177,0.24176463216348415,2,0.0,2026-06-30,monthly_walk_forward
2026-07-12,2026-0712-10-02-06-09,2021100711,ケイアイアルタイル,10,0,86.0,8.6,3,-0.432186529141508,0.0760334189054872,3,0.0,2026-06-30,monthly_walk_forward
2026-07-12,2026-0712-10-02-06-09,2021105637,テンエースワン,5,0,506.0,50.6,8,-0.5228236467056545,0.06679921771075344,4,0.0,2026-06-30,monthly_walk_forward
2026-07-12,2026-0712-10-02-06-09,2022106564,タガノアニマシオン,7,0,356.0,35.6,6,-0.5785084335066507,0.06169122338069804,5,0.0,2026-06-30,monthly_walk_forward
2026-07-12,2026-0712-10-02-06-09,2023106546,サンライズケヴィン,2,0,38.0,3.8,2,-0.5911843595850643,0.060584143977401306,6,0.0,2026-06-30,monthly_walk_forward
2026-07-12,2026-0712-10-02-06-09,2022105791,ブルックリンダンス,6,0,140.0,14.0,5,-0.6467073403102611,0.05596433788572302,7,0.0,2026-06-30,monthly_walk_forward
2026-07-12,2026-0712-10-02-06-09,2021104295,トモジャザーン,4,0,419.0,41.9,7,-0.7843341020634843,0.04597533259676067,8,0.0,2026-06-30,monthly_walk_forward
2026-07-12,2026-0712-10-02-06-09,2022102956,エンマ,8,0,624.0,62.4,9,-1.419763829339077,0.01854774561555722,9,0.0,2026-06-30,monthly_walk_forward
2026-07-12,2026-0712-10-02-06-09,2020104791,プウスカンドゥール,9,0,752.0,75.2,10,-1.8998445924235356,0.009341983444872174,10,0.0,2026-06-30,monthly_walk_forward
2026-07-12,2026-0712-10-02-06-10,2023103343,フォーチュンライド,8,0,25.0,2.5,1,-0.35799078274036117,0.20191420824047066,1,0.0,2026-06-30,monthly_walk_forward
2026-07-12,2026-0712-10-02-06-10,2021103255,ジャスティンガルフ,1,1,61.0,6.1,3,-0.37533568430687947,0.1969725668938975,2,610.0,2026-06-30,monthly_walk_forward
2026-07-12,2026-0712-10-02-06-10,2021106904,レイピカケ,10,0,86.0,8.6,5,-0.5980034416782868,0.14330391696077802,3,0.0,2026-06-30,monthly_walk_forward
2026-07-12,2026-0712-10-02-06-10,2022104719,ダノンカゼルタ,2,0,64.0,6.4,4,-0.9794237552529177,0.08310305849691678,4,0.0,2026-06-30,monthly_walk_forward
2026-07-12,2026-0712-10-02-06-10,2021106077,プリズマジコ,5,0,48.0,4.8,2,-0.9968700132353442,0.08105745956362587,5,0.0,2026-06-30,monthly_walk_forward
2026-07-12,2026-0712-10-02-06-10,2020101031,アスクエピソード,7,0,457.0,45.7,10,-1.0483427899703,0.0753109650440316,6,0.0,2026-06-30,monthly_walk_forward
2026-07-12,2026-0712-10-02-06-10,2019103827,オウケンボルト,9,0,167.0,16.7,7,-1.1309942915336304,0.0669236333553186,7,0.0,2026-06-30,monthly_walk_forward
2026-07-12,2026-0712-10-02-06-10,2022104623,コリカンチャ,4,0,141.0,14.1,6,-1.2298492389975113,0.058109596081725126,8,0.0,2026-06-30,monthly_walk_forward
2026-07-12,2026-0712-10-02-06-10,2022100529,ハッピーダンチャン,6,0,645.0,64.5,11,-1.5781027008831257,0.03533330026638816,9,0.0,2026-06-30,monthly_walk_forward
2026-07-12,2026-0712-10-02-06-10,2022101925,オデット,3,0,374.0,37.4,8,-1.7000321826021043,0.02968497114559102,10,0.0,2026-06-30,monthly_walk_forward
2026-07-12,2026-0712-10-02-06-10,2021105867,ショウナンハウル,11,0,428.0,42.8,9,-1.7338159049262596,0.028286323951256624,11,0.0,2026-06-30,monthly_walk_forward
2026-07-12,2026-0712-10-02-06-11,2020100061,モックモック,8,0,20.0,2.0,1,0.9684189790934017,0.3495389885321534,1,0.0,2026-06-30,monthly_walk_forward
2026-07-12,2026-0712-10-02-06-11,2021100838,モンブランミノル,9,0,71.0,7.1,3,0.5670877701595516,0.19701597407894708,2,0.0,2026-06-30,monthly_walk_forward
2026-07-12,2026-0712-10-02-06-11,2022102117,シュラザック,3,0,66.0,6.6,2,-0.039577664150665194,0.08281588625644042,3,0.0,2026-06-30,monthly_walk_forward
2026-07-12,2026-0712-10-02-06-11,2020106063,ゴッドブルービー,5,0,141.0,14.1,7,-0.14039722371257798,0.07170725756534573,4,0.0,2026-06-30,monthly_walk_forward
2026-07-12,2026-0712-10-02-06-11,2022100154,メイショウズイウン,6,0,162.0,16.2,8,-0.26781048366554294,0.059774133724424576,5,0.0,2026-06-30,monthly_walk_forward
2026-07-12,2026-0712-10-02-06-11,2022104628,レイナデアルシーラ,1,1,119.0,11.9,6,-0.3453269836964659,0.05350821340888207,6,1190.0,2026-06-30,monthly_walk_forward
2026-07-12,2026-0712-10-02-06-11,2021104646,ジンセイ,4,0,82.0,8.2,4,-0.43610542273103386,0.04700019165393144,7,0.0,2026-06-30,monthly_walk_forward
2026-07-12,2026-0712-10-02-06-11,2021103987,スナークラファエロ,2,0,107.0,10.7,5,-0.510133446951559,0.04228351776318096,8,0.0,2026-06-30,monthly_walk_forward
2026-07-12,2026-0712-10-02-06-11,2022104796,メルキオル,11,0,314.0,31.4,9,-0.6715395002967874,0.03357619329393436,9,0.0,2026-06-30,monthly_walk_forward
2026-07-12,2026-0712-10-02-06-11,2020102045,フェルヴェンテ,7,0,1325.0,132.5,11,-0.6787548239549375,0.03323188071603626,10,0.0,2026-06-30,monthly_walk_forward
2026-07-12,2026-0712-10-02-06-11,2019103419,サンライズアリオン,10,0,872.0,87.2,10,-0.7610059710324019,0.029547763006723633,11,0.0,2026-06-30,monthly_walk_forward
2026-07-12,2026-0712-10-02-06-12,2021101414,ベルファスト,2,0,74.0,7.4,3,0.03663805974547599,0.162945335960198,1,0.0,2026-06-30,monthly_walk_forward
2026-07-12,2026-0712-10-02-06-12,2023101865,ウォーターデライト,6,0,120.0,12.0,7,-0.1840486462278073,0.11888397999836757,2,0.0,2026-06-30,monthly_walk_forward
2026-07-12,2026-0712-10-02-06-12,2022103058,ノボリリア,1,1,42.0,4.2,2,-0.23026504843242857,0.11128835523806999,3,420.0,2026-06-30,monthly_walk_forward
2026-07-12,2026-0712-10-02-06-12,2023102025,フィラーエ,5,0,118.0,11.8,6,-0.28375876693451113,0.10310058137532335,4,0.0,2026-06-30,monthly_walk_forward
2026-07-12,2026-0712-10-02-06-12,2023101174,ドルチェミスト,15,0,121.0,12.1,8,-0.3084505938796549,0.09952720177348018,5,0.0,2026-06-30,monthly_walk_forward
2026-07-12,2026-0712-10-02-06-12,2023104355,テルヴィセクス,7,0,77.0,7.7,4,-0.4129502164509988,0.08572511298639249,6,0.0,2026-06-30,monthly_walk_forward
2026-07-12,2026-0712-10-02-06-12,2022106217,ウインマスカレード,10,0,35.0,3.5,1,-0.45678680129653915,0.0805213304389146,7,0.0,2026-06-30,monthly_walk_forward
2026-07-12,2026-0712-10-02-06-12,2022104901,モルティフレーバー,3,0,329.0,32.9,10,-0.7872125562807455,0.0502236148229373,8,0.0,2026-06-30,monthly_walk_forward
2026-07-12,2026-0712-10-02-06-12,2023105833,セレブトーチ,13,0,108.0,10.8,5,-0.9747678240631011,0.038418888783442316,9,0.0,2026-06-30,monthly_walk_forward
2026-07-12,2026-0712-10-02-06-12,2022104392,シャインベック,9,0,836.0,83.6,12,-1.14609817525651,0.03007792727098782,10,0.0,2026-06-30,monthly_walk_forward
2026-07-12,2026-0712-10-02-06-12,2023101722,ジューンオアシス,4,0,297.0,29.7,9,-1.1539861749087048,0.029740894519171144,11,0.0,2026-06-30,monthly_walk_forward
2026-07-12,2026-0712-10-02-06-12,2021106586,ラブカムーン,8,0,1014.0,101.4,14,-1.2509482406297328,0.02589385758806391,12,0.0,2026-06-30,monthly_walk_forward
2026-07-12,2026-0712-10-02-06-12,2021106648,ベネメレンティ,14,0,573.0,57.3,11,-1.537238263378242,0.017201903306178757,13,0.0,2026-06-30,monthly_walk_forward
2026-07-12,2026-0712-10-02-06-12,2023101065,リアルアルバ,16,0,1964.0,196.4,16,-1.585114872195831,0.016064709017479695,14,0.0,2026-06-30,monthly_walk_forward
2026-07-12,2026-0712-10-02-06-12,2022103150,ジュエルハウス,11,0,887.0,88.7,13,-1.6831521287374396,0.013965243782870925,15,0.0,2026-06-30,monthly_walk_forward
2026-07-12,2026-0712-10-02-06-12,2022106715,ギザキズラヴ,12,0,1807.0,180.7,15,-1.824775099173067,0.011407295726991463,16,0.0,2026-06-30,monthly_walk_forward
2026-07-12,2026-0712-10-02-06-12,2022104436,アットザラヴアスク,17,0,3078.0,307.8,17,-2.400220960360932,0.00501376741113044,17,0.0,2026-06-30,monthly_walk_forward
2026-07-18,2026-0718-02-01-11-07,2022106045,ウィズマスタング,12,0,96.0,9.6,6,-0.36396811769267645,0.1783201213340906,1,0.0,2026-06-30,monthly_walk_forward
2026-07-18,2026-0718-02-01-11-07,2023104103,パラダイスフェイス,1,1,31.0,3.1,1,-0.3685487284490128,0.17715705222375083,2,310.0,2026-06-30,monthly_walk_forward
2026-07-18,2026-0718-02-01-11-07,2023106397,ストロングボーイ,2,0,35.0,3.5,2,-0.6044832012026375,0.12646775734908247,3,0.0,2026-06-30,monthly_walk_forward
2026-07-18,2026-0718-02-01-11-07,2023100953,グランセレスト,4,0,72.0,7.2,3,-0.8069181840477575,0.09470762936162004,4,0.0,2026-06-30,monthly_walk_forward
2026-07-18,2026-0718-02-01-11-07,2021105772,ホウオウバローロ,8,0,82.0,8.2,5,-0.8736413840324803,0.08609709777917363,5,0.0,2026-06-30,monthly_walk_forward
2026-07-18,2026-0718-02-01-11-07,2022104890,エンダードラゴン,6,0,82.0,8.2,4,-0.9556879806435983,0.0765746651273534,6,0.0,2026-06-30,monthly_walk_forward
2026-07-18,2026-0718-02-01-11-07,2023101721,ノリノドラゴン,10,0,318.0,31.8,9,-1.1578799667500375,0.05736420973875374,7,0.0,2026-06-30,monthly_walk_forward
2026-07-18,2026-0718-02-01-11-07,2023102352,タイセツナヒ,7,0,314.0,31.4,8,-1.1960030419489742,0.05432361597948048,8,0.0,2026-06-30,monthly_walk_forward
2026-07-18,2026-0718-02-01-11-07,2021104276,ガラスノブルース,14,0,1430.0,143.0,13,-1.4950722774703267,0.03543561132448834,9,0.0,2026-06-30,monthly_walk_forward
2026-07-18,2026-0718-02-01-11-07,2023101713,イサギ,9,0,386.0,38.6,10,-1.5488068300742157,0.03281722852942277,10,0.0,2026-06-30,monthly_walk_forward
2026-07-18,2026-0718-02-01-11-07,2021105329,カーマンライン,11,0,550.0,55.0,11,-1.6816741808114308,0.027143650088886535,11,0.0,2026-06-30,monthly_walk_forward
2026-07-18,2026-0718-02-01-11-07,2022103986,タイセイデクスター,3,0,902.0,90.2,12,-1.7814590111501198,0.023537464337644552,12,0.0,2026-06-30,monthly_walk_forward
2026-07-18,2026-0718-02-01-11-07,2021102498,ディアスポラ,5,0,308.0,30.8,7,-1.89105744391482,0.020126235026316556,13,0.0,2026-06-30,monthly_walk_forward
2026-07-18,2026-0718-02-01-11-07,2022103018,シェーンルスカ,13,0,2122.0,212.2,14,-2.385746888915116,0.009927661799936236,14,0.0,2026-06-30,monthly_walk_forward
2026-07-18,2026-0718-02-01-11-08,2023105223,アーレムアレス,4,0,14.0,1.4,1,0.526515650349245,0.24964601902888425,1,0.0,2026-06-30,monthly_walk_forward
2026-07-18,2026-0718-02-01-11-08,2023101375,マテンロウオリジン,5,0,60.0,6.0,2,0.16276410809365707,0.14847237741172944,2,0.0,2026-06-30,monthly_walk_forward
2026-07-18,2026-0718-02-01-11-08,2023105021,メイショウテンク,10,0,74.0,7.4,3,0.07374885398358498,0.13074309378062185,3,0.0,2026-06-30,monthly_walk_forward
2026-07-18,2026-0718-02-01-11-08,2022106828,マイネルゼウス,1,1,246.0,24.6,6,0.05402289824186701,0.12711018957657896,4,2460.0,2026-06-30,monthly_walk_forward
2026-07-18,2026-0718-02-01-11-08,2021102379,テイクザクラウン,6,0,171.0,17.1,5,-0.023875392929111117,0.11372361463154691,5,0.0,2026-06-30,monthly_walk_forward
2026-07-18,2026-0718-02-01-11-08,2023104920,バルドル,3,0,256.0,25.6,7,-0.1455098377492363,0.09558420426392995,6,0.0,2026-06-30,monthly_walk_forward
2026-07-18,2026-0718-02-01-11-08,2023107050,ワンダフルデイズ,2,0,118.0,11.8,4,-0.6331083591007926,0.047628830603156806,7,0.0,2026-06-30,monthly_walk_forward
2026-07-18,2026-0718-02-01-11-08,2022106180,シャインバオバブ,9,0,718.0,71.8,9,-0.7336373088476551,0.04125719317061133,8,0.0,2026-06-30,monthly_walk_forward
2026-07-18,2026-0718-02-01-11-08,2020105796,ペリプルス,8,0,880.0,88.0,10,-1.3714877962229475,0.016586854689945703,9,0.0,2026-06-30,monthly_walk_forward
2026-07-18,2026-0718-02-01-11-08,2023105261,アスクファイアモア,7,0,374.0,37.4,8,-1.4639942538795427,0.014533530282462223,10,0.0,2026-06-30,monthly_walk_forward
2026-07-18,2026-0718-02-01-11-08,2022104661,ジーティートシオー,11,0,2225.0,222.5,11,-1.6018884413162784,0.011934898039869404,11,0.0,2026-06-30,monthly_walk_forward
2026-07-18,2026-0718-02-01-11-08,2022101492,エリナ,12,0,4334.0,433.4,12,-2.6220023416123466,0.0027791945206630804,12,0.0,2026-06-30,monthly_walk_forward
2026-07-18,2026-0718-02-01-11-09,2023101382,ドッグウッド,1,1,22.0,2.2,1,0.25266259390263845,0.18755102408687988,1,220.0,2026-06-30,monthly_walk_forward
2026-07-18,2026-0718-02-01-11-09,2022106645,グランセゾン,3,0,149.0,14.9,7,-0.023819269279410537,0.12635265499003398,2,0.0,2026-06-30,monthly_walk_forward
2026-07-18,2026-0718-02-01-11-09,2023100521,ディーリライズ,5,0,87.0,8.7,3,-0.18373405903592704,0.10054718772849557,3,0.0,2026-06-30,monthly_walk_forward
2026-07-18,2026-0718-02-01-11-09,2022101102,ウインポセイドン,12,0,447.0,44.7,9,-0.23848592817553982,0.09298239656855206,4,0.0,2026-06-30,monthly_walk_forward
2026-07-18,2026-0718-02-01-11-09,2022102135,ゴーゴータカシ,9,0,111.0,11.1,5,-0.2663306683158659,0.08935632166658442,5,0.0,2026-06-30,monthly_walk_forward
2026-07-18,2026-0718-02-01-11-09,2023100207,マイネルシンベリン,2,0,43.0,4.3,2,-0.32826767459527983,0.08178963738796753,6,0.0,2026-06-30,monthly_walk_forward
2026-07-18,2026-0718-02-01-11-09,2022102397,ビービーバザーク,11,0,663.0,66.3,11,-0.5669253919793639,0.05816076328503598,7,0.0,2026-06-30,monthly_walk_forward
2026-07-18,2026-0718-02-01-11-09,2021102708,アドミラルシップ,4,0,99.0,9.9,4,-0.609637485154473,0.054718052426379525,8,0.0,2026-06-30,monthly_walk_forward
2026-07-18,2026-0718-02-01-11-09,2020100621,マイバラード,7,0,1235.0,123.5,13,-0.6155492005332792,0.05425788749003931,9,0.0,2026-06-30,monthly_walk_forward
2026-07-18,2026-0718-02-01-11-09,2023103875,マカナアネラ,8,0,134.0,13.4,6,-0.7413406940703041,0.04533349846852625,10,0.0,2026-06-30,monthly_walk_forward
2026-07-18,2026-0718-02-01-11-09,2023104678,コウギョク,6,0,206.0,20.6,8,-0.7996415165419937,0.04171076923522859,11,0.0,2026-06-30,monthly_walk_forward
2026-07-18,2026-0718-02-01-11-09,2021105694,ホウオウペトリュス,10,0,943.0,94.3,12,-0.913444975903865,0.035452117385701705,12,0.0,2026-06-30,monthly_walk_forward
2026-07-18,2026-0718-02-01-11-09,2022102896,ハミルトン,13,0,569.0,56.9,10,-0.9898177021915384,0.03178768928057507,13,0.0,2026-06-30,monthly_walk_forward
2026-07-18,2026-0718-02-01-11-10,2023100617,マナボニート,2,0,16.0,1.6,1,0.6632500185409234,0.352220288756114,1,0.0,2026-06-30,monthly_walk_forward
2026-07-18,2026-0718-02-01-11-10,2021110023,エクストラバック,7,0,288.0,28.8,7,-0.08231221401020544,0.12140935033485319,2,0.0,2026-06-30,monthly_walk_forward
2026-07-18,2026-0718-02-01-11-10,2020103218,フミサウンド,9,0,184.0,18.4,5,-0.10793127747583305,0.11704625920134915,3,0.0,2026-06-30,monthly_walk_forward
2026-07-18,2026-0718-02-01-11-10,2022110056,フードマン,3,0,68.0,6.8,3,-0.17843959243701896,0.10583095640166906,4,0.0,2026-06-30,monthly_walk_forward
2026-07-18,2026-0718-02-01-11-10,2022104174,マジカルフェアリー,5,0,75.0,7.5,4,-0.23450157538069794,0.09768563564906939,5,0.0,2026-06-30,monthly_walk_forward
2026-07-18,2026-0718-02-01-11-10,2021110119,サンドロナイト,6,0,268.0,26.8,6,-0.33623661752287987,0.0844718842869678,6,0.0,2026-06-30,monthly_walk_forward
2026-07-18,2026-0718-02-01-11-10,2021104217,ムチャスグラシアス,8,0,648.0,64.8,9,-0.9045554418674748,0.037507267488252866,7,0.0,2026-06-30,monthly_walk_forward
2026-07-18,2026-0718-02-01-11-10,2019101643,バシレウスシチー,4,0,327.0,32.7,8,-0.9190163543434255,0.036740374298194906,8,0.0,2026-06-30,monthly_walk_forward
2026-07-18,2026-0718-02-01-11-10,2022104732,アパッシメント,1,1,51.0,5.1,2,-0.9277692820980254,0.03628382628107405,9,510.0,2026-06-30,monthly_walk_forward
2026-07-18,2026-0718-02-01-11-10,2020102702,ストリンジェンド,10,0,1240.0,124.0,10,-1.775778044756063,0.010804157302455656,10,0.0,2026-06-30,monthly_walk_forward
2026-07-18,2026-0718-02-01-11-11,2020110024,ウェイワードアクト,1,1,37.0,3.7,1,1.464937918548874,0.42077674932901193,1,370.0,2026-06-30,monthly_walk_forward
2026-07-18,2026-0718-02-01-11-11,2022100699,イガッチ,10,0,84.0,8.4,5,0.8100853490993639,0.16510782342128852,2,0.0,2026-06-30,monthly_walk_forward
2026-07-18,2026-0718-02-01-11-11,2021102009,ラタフォレスト,8,0,78.0,7.8,4,0.37276619367049807,0.08839868422024474,3,0.0,2026-06-30,monthly_walk_forward
2026-07-18,2026-0718-02-01-11-11,2022103614,ヒルノハンブルク,3,0,71.0,7.1,3,0.1878768015384809,0.06787918148988556,4,0.0,2026-06-30,monthly_walk_forward
2026-07-18,2026-0718-02-01-11-11,2022102280,チュウワクリスエス,9,0,108.0,10.8,7,0.16433565524687116,0.06563434909156839,5,0.0,2026-06-30,monthly_walk_forward
2026-07-18,2026-0718-02-01-11-11,2021103306,コトホドサヨウニ,13,0,143.0,14.3,9,-0.2803954381927662,0.034770490038194095,6,0.0,2026-06-30,monthly_walk_forward
2026-07-18,2026-0718-02-01-11-11,2019101324,テーオードレフォン,6,0,500.0,50.0,11,-0.3349465410558331,0.03216371303389083,7,0.0,2026-06-30,monthly_walk_forward
2026-07-18,2026-0718-02-01-11-11,2021103717,レヴォントゥレット,2,0,65.0,6.5,2,-0.40523902969274866,0.0290907732010442,8,0.0,2026-06-30,monthly_walk_forward
2026-07-18,2026-0718-02-01-11-11,2020106873,オウギノカナメ,4,0,193.0,19.3,10,-0.45986122128599854,0.026907077322497048,9,0.0,2026-06-30,monthly_walk_forward
2026-07-18,2026-0718-02-01-11-11,2020100960,マーブルロック,12,0,127.0,12.7,8,-0.537861127915973,0.024069871458275504,10,0.0,2026-06-30,monthly_walk_forward
2026-07-18,2026-0718-02-01-11-11,2022106925,ハグ,7,0,103.0,10.3,6,-0.5692576268624288,0.023014139090089477,11,0.0,2026-06-30,monthly_walk_forward
2026-07-18,2026-0718-02-01-11-11,2021104824,アスクデビューモア,11,0,741.0,74.1,13,-0.9026293447167781,0.014294337200596923,12,0.0,2026-06-30,monthly_walk_forward
2026-07-18,2026-0718-02-01-11-11,2018100664,ホールシバン,5,0,559.0,55.9,12,-1.3183671151403717,0.007892811103412932,13,0.0,2026-06-30,monthly_walk_forward
2026-07-18,2026-0718-02-01-11-12,2023106780,ランプローグ,7,0,65.0,6.5,3,0.18124557475367928,0.18002767532009475,1,0.0,2026-06-30,monthly_walk_forward
2026-07-18,2026-0718-02-01-11-12,2023105035,メイショウハッケイ,10,0,73.0,7.3,5,0.056504732434806235,0.15064248606080674,2,0.0,2026-06-30,monthly_walk_forward
2026-07-18,2026-0718-02-01-11-12,2023105817,バレンタインビスタ,4,0,35.0,3.5,1,0.0013183979583823984,0.13922227642099716,3,0.0,2026-06-30,monthly_walk_forward
2026-07-18,2026-0718-02-01-11-12,2022104440,ハーモニーソング,2,0,61.0,6.1,2,-0.03461133861667727,0.13225654667073725,4,0.0,2026-06-30,monthly_walk_forward
2026-07-18,2026-0718-02-01-11-12,2022105162,ルージュナリッシュ,9,0,97.0,9.7,6,-0.3385094040987047,0.08567863359175339,5,0.0,2026-06-30,monthly_walk_forward
2026-07-18,2026-0718-02-01-11-12,2022105858,ラミアメンテ,1,1,69.0,6.9,4,-0.4177179556680892,0.0765120622239598,6,690.0,2026-06-30,monthly_walk_forward
2026-07-18,2026-0718-02-01-11-12,2021105749,ルージュベルベット,2,0,109.0,10.9,7,-0.4485834284853328,0.07321167274157822,7,0.0,2026-06-30,monthly_walk_forward
2026-07-18,2026-0718-02-01-11-12,2020100759,アルマロクザン,12,0,439.0,43.9,10,-0.6612303581203992,0.054031842239960076,8,0.0,2026-06-30,monthly_walk_forward
2026-07-18,2026-0718-02-01-11-12,2022105212,エコロハート,5,0,184.0,18.4,9,-0.6801056860086493,0.052594354745863506,9,0.0,2026-06-30,monthly_walk_forward
2026-07-18,2026-0718-02-01-11-12,2021105715,アルバニー,11,0,692.0,69.2,11,-1.3243468474523623,0.020952632051908778,10,0.0,2026-06-30,monthly_walk_forward
2026-07-18,2026-0718-02-01-11-12,2021105057,オンザヴィーナス,8,0,127.0,12.7,8,-1.3505232073334479,0.020183581433469745,11,0.0,2026-06-30,monthly_walk_forward
2026-07-18,2026-0718-02-01-11-12,2020101920,メラヴィリオーザ,6,0,1241.0,124.1,12,-1.573094305024659,0.014686236498870592,12,0.0,2026-06-30,monthly_walk_forward
2026-07-18,2026-0718-03-02-07-08,2021105956,ロンドンアームズ,7,0,53.0,5.3,2,-0.12056457416817523,0.17079204108907478,1,0.0,2026-06-30,monthly_walk_forward
2026-07-18,2026-0718-03-02-07-08,2023104521,サムハラ,5,0,62.0,6.2,3,-0.25002856728888223,0.1419532986595982,2,0.0,2026-06-30,monthly_walk_forward
2026-07-18,2026-0718-03-02-07-08,2023106405,コックオーヴァン,1,1,65.0,6.5,4,-0.45045342187407905,0.10660995565347167,3,650.0,2026-06-30,monthly_walk_forward
2026-07-18,2026-0718-03-02-07-08,2023103037,コパノトーマス,15,0,106.0,10.6,7,-0.4763926813882689,0.10273170818235983,4,0.0,2026-06-30,monthly_walk_forward
2026-07-18,2026-0718-03-02-07-08,2022104757,コルチェスター,11,0,188.0,18.8,9,-0.5779986083685793,0.08885177134139388,5,0.0,2026-06-30,monthly_walk_forward
2026-07-18,2026-0718-03-02-07-08,2023104650,ブルズアイプリンス,10,0,172.0,17.2,8,-0.5968186395605692,0.0864947511603073,6,0.0,2026-06-30,monthly_walk_forward
2026-07-18,2026-0718-03-02-07-08,2022105996,ルシェロアズーリ,6,0,38.0,3.8,1,-0.6108266109180844,0.08478107487232209,7,0.0,2026-06-30,monthly_walk_forward
2026-07-18,2026-0718-03-02-07-08,2020103121,ダノンゴーイチ,4,0,91.0,9.1,5,-0.6432380555358522,0.08094502985109059,8,0.0,2026-06-30,monthly_walk_forward
2026-07-18,2026-0718-03-02-07-08,2022106221,ウインイルネージュ,14,0,723.0,72.3,12,-1.0530422485423463,0.04507535834535582,9,0.0,2026-06-30,monthly_walk_forward
2026-07-18,2026-0718-03-02-07-08,2023100728,リネンタイリン,9,0,497.0,49.7,11,-1.3994577210902235,0.027479945182588672,10,0.0,2026-06-30,monthly_walk_forward
2026-07-18,2026-0718-03-02-07-08,2022102465,ブライティアブーケ,2,0,99.0,9.9,6,-1.605671101291365,0.02046806628477647,11,0.0,2026-06-30,monthly_walk_forward
2026-07-18,2026-0718-03-02-07-08,2021106419,ココボロ,3,0,3304.0,330.4,15,-1.9237269105703028,0.012994166000853895,12,0.0,2026-06-30,monthly_walk_forward
2026-07-18,2026-0718-03-02-07-08,2022105000,ミセスリリー,8,0,1871.0,187.1,14,-2.019521202171676,0.011332237040713303,13,0.0,2026-06-30,monthly_walk_forward
2026-07-18,2026-0718-03-02-07-08,2021106118,シークレットイスラ,13,0,445.0,44.5,10,-2.031664202945998,0.011137350344270968,14,0.0,2026-06-30,monthly_walk_forward
2026-07-18,2026-0718-03-02-07-08,2021103440,サトノセレナーデ,12,0,991.0,99.1,13,-2.233022108468322,0.00835324599182249,15,0.0,2026-06-30,monthly_walk_forward
2026-07-18,2026-0718-03-02-07-09,2023105571,ドリームプレミア,3,0,20.0,2.0,1,-0.1217748786547225,0.31103086072356567,1,0.0,2026-06-30,monthly_walk_forward
2026-07-18,2026-0718-03-02-07-09,2023106079,ノリマル,2,0,36.0,3.6,2,-0.45914783905821893,0.19208361381954836,2,0.0,2026-06-30,monthly_walk_forward
2026-07-18,2026-0718-03-02-07-09,2023107275,パッセージピーク,9,0,125.0,12.5,4,-1.0671984747431007,0.0805829429035321,3,0.0,2026-06-30,monthly_walk_forward
2026-07-18,2026-0718-03-02-07-09,2022106770,マイネルボス,7,0,782.0,78.2,10,-1.0841441320328549,0.07865560710037159,4,0.0,2026-06-30,monthly_walk_forward
2026-07-18,2026-0718-03-02-07-09,2023105259,リュクスパトロール,1,1,301.0,30.1,7,-1.089066556692737,0.07810443829082396,5,3010.0,2026-06-30,monthly_walk_forward
2026-07-18,2026-0718-03-02-07-09,2022105292,オメガストリーム,6,0,193.0,19.3,5,-1.2091860058494655,0.06578867232906682,6,0.0,2026-06-30,monthly_walk_forward
2026-07-18,2026-0718-03-02-07-09,2023100237,オブラプリーマ,5,0,47.0,4.7,3,-1.4610185035362828,0.04591018369615914,7,0.0,2026-06-30,monthly_walk_forward
2026-07-18,2026-0718-03-02-07-09,2021101088,テイキットイージー,4,0,275.0,27.5,6,-1.574851366926374,0.03901977555798971,8,0.0,2026-06-30,monthly_walk_forward
2026-07-18,2026-0718-03-02-07-09,2022104930,ビリングス,8,0,320.0,32.0,8,-1.647982638010423,0.03514897084213037,9,0.0,2026-06-30,monthly_walk_forward
2026-07-18,2026-0718-03-02-07-09,2021103578,ビーンスターク,10,0,1736.0,173.6,12,-1.7490022129110734,0.030425517883421398,10,0.0,2026-06-30,monthly_walk_forward
2026-07-18,2026-0718-03-02-07-09,2021104927,リリエンフェルト,11,0,1596.0,159.6,11,-1.827930488983285,0.02718123866277245,11,0.0,2026-06-30,monthly_walk_forward
2026-07-18,2026-0718-03-02-07-09,2022105116,マーキュリーダイム,12,0,718.0,71.8,9,-2.195910810817407,0.016068178190618412,12,0.0,2026-06-30,monthly_walk_forward
2026-07-18,2026-0718-03-02-07-10,2022104608,グロスビーク,11,0,27.0,2.7,1,-0.22139996501948647,0.18409737455171954,1,0.0,2026-06-30,monthly_walk_forward
2026-07-18,2026-0718-03-02-07-10,2022101716,ピコシー,5,0,89.0,8.9,5,-0.3645456025228128,0.15005037323467751,2,0.0,2026-06-30,monthly_walk_forward
2026-07-18,2026-0718-03-02-07-10,2022106328,モリノアミーゴ,1,1,183.0,18.3,8,-0.6344220707861679,0.10204697510166104,3,1830.0,2026-06-30,monthly_walk_forward
2026-07-18,2026-0718-03-02-07-10,2022104897,レッドベルダンス,3,0,55.0,5.5,2,-0.6431613313364111,0.10078087339341471,4,0.0,2026-06-30,monthly_walk_forward
2026-07-18,2026-0718-03-02-07-10,2022105610,ウインハルモニア,10,0,263.0,26.3,10,-0.8830917606645693,0.07153528563626566,5,0.0,2026-06-30,monthly_walk_forward
2026-07-18,2026-0718-03-02-07-10,2021101449,ライジンマル,6,0,67.0,6.7,3,-0.9130175723484584,0.0685415186832157,6,0.0,2026-06-30,monthly_walk_forward
2026-07-18,2026-0718-03-02-07-10,2022100333,タケルハーロック,4,0,68.0,6.8,4,-0.9898089234584296,0.06142013688385678,7,0.0,2026-06-30,monthly_walk_forward
2026-07-18,2026-0718-03-02-07-10,2022106893,ホープエトワール,15,0,3302.0,330.2,15,-1.1193806101281614,0.051041311494666626,8,0.0,2026-06-30,monthly_walk_forward
2026-07-18,2026-0718-03-02-07-10,2022103518,リラゲイル,8,0,194.0,19.4,9,-1.1763897371061858,0.04704919348215681,9,0.0,2026-06-30,monthly_walk_forward
2026-07-18,2026-0718-03-02-07-10,2022100432,オーケーマヒナ,2,0,171.0,17.1,7,-1.2074092696072611,0.04500979380978413,10,0.0,2026-06-30,monthly_walk_forward
2026-07-18,2026-0718-03-02-07-10,2021104868,フリーマントル,7,0,790.0,79.0,12,-1.2534945122557344,0.042141965329223735,11,0.0,2026-06-30,monthly_walk_forward
2026-07-18,2026-0718-03-02-07-10,2022102691,マナエトレ,12,0,169.0,16.9,6,-1.4464357703581794,0.03198969042473341,12,0.0,2026-06-30,monthly_walk_forward
2026-07-18,2026-0718-03-02-07-10,2018103473,サヴァビアン,9,0,3047.0,304.7,14,-1.8595149626883245,0.01773075220548012,13,0.0,2026-06-30,monthly_walk_forward
2026-07-18,2026-0718-03-02-07-10,2021103000,ヴァルドルチャ,14,0,569.0,56.9,11,-1.9833839991613593,0.014855122843314708,14,0.0,2026-06-30,monthly_walk_forward
2026-07-18,2026-0718-03-02-07-10,2021103588,グラスブランシュ,13,0,1719.0,171.9,13,-2.149937062987591,0.01170963292582948,15,0.0,2026-06-30,monthly_walk_forward
2026-07-18,2026-0718-03-02-07-11,2021105859,フォルラニーニ,15,0,40.0,4.0,1,0.7412701754760402,0.21394028051480962,1,0.0,2026-06-30,monthly_walk_forward
2026-07-18,2026-0718-03-02-07-11,2022106793,コスモアンソロジー,4,0,53.0,5.3,3,0.4846175892875875,0.14827228713189575,2,0.0,2026-06-30,monthly_walk_forward
2026-07-18,2026-0718-03-02-07-11,2021105105,ミラビリスマジック,1,1,48.0,4.8,2,0.4459823566421337,0.14031040850816676,3,480.0,2026-06-30,monthly_walk_forward
2026-07-18,2026-0718-03-02-07-11,2022101227,ヴォンフレ,6,0,171.0,17.1,7,0.15633245518228184,0.09276520268037382,4,0.0,2026-06-30,monthly_walk_forward
2026-07-18,2026-0718-03-02-07-11,2020106811,タイキラフター,12,0,102.0,10.2,4,0.14442269221455178,0.09120025118148915,5,0.0,2026-06-30,monthly_walk_forward
2026-07-18,2026-0718-03-02-07-11,2021104189,テリオスサラ,8,0,139.0,13.9,6,-0.07300316466543613,0.06684986501261363,6,0.0,2026-06-30,monthly_walk_forward
2026-07-18,2026-0718-03-02-07-11,2020100495,ドラゴンヘッド,13,0,195.0,19.5,9,-0.2627366012951563,0.05097837471857093,7,0.0,2026-06-30,monthly_walk_forward
2026-07-18,2026-0718-03-02-07-11,2020100810,グラニット,10,0,484.0,48.4,14,-0.5784375505126665,0.03247271381100519,8,0.0,2026-06-30,monthly_walk_forward
2026-07-18,2026-0718-03-02-07-11,2020104550,ワイドアラジン,3,0,127.0,12.7,5,-0.6837393539839048,0.02793747601453043,9,0.0,2026-06-30,monthly_walk_forward
2026-07-18,2026-0718-03-02-07-11,2022100201,コンドゥイア,5,0,244.0,24.4,11,-0.7395549251027514,0.025796336446916406,10,0.0,2026-06-30,monthly_walk_forward
2026-07-18,2026-0718-03-02-07-11,2020100809,アマイ,11,0,284.0,28.4,12,-0.7437146279299961,0.025643498021766277,11,0.0,2026-06-30,monthly_walk_forward
2026-07-18,2026-0718-03-02-07-11,2022105696,サヴォンリンナ,16,0,242.0,24.2,10,-0.790352174456025,0.023990669515920115,12,0.0,2026-06-30,monthly_walk_forward
2026-07-18,2026-0718-03-02-07-11,2020103928,ホウオウスーペリア,2,0,303.0,30.3,13,-0.8985753911451789,0.020554099072864686,13,0.0,2026-06-30,monthly_walk_forward
2026-07-18,2026-0718-03-02-07-11,2018106154,エスコバル,7,0,623.0,62.3,15,-0.9162603112882128,0.020041321510578306,14,0.0,2026-06-30,monthly_walk_forward
2026-07-18,2026-0718-03-02-07-11,2020105217,ウインオーディン,14,0,171.0,17.1,8,-1.1743476434602949,0.013861289526541275,15,0.0,2026-06-30,monthly_walk_forward
2026-07-18,2026-0718-03-02-07-11,2021105601,ショーマンフリート,9,0,1542.0,154.2,16,-1.8360651420435183,0.005385926331957541,16,0.0,2026-06-30,monthly_walk_forward
2026-07-18,2026-0718-03-02-07-12,2023105083,ベルゼビュート,4,0,40.0,4.0,3,0.4042792462137979,0.28078088293297243,1,0.0,2026-06-30,monthly_walk_forward
2026-07-18,2026-0718-03-02-07-12,2023100955,ソニックブレイカー,2,0,31.0,3.1,1,0.0846823753464062,0.1778619398864756,2,0.0,2026-06-30,monthly_walk_forward
2026-07-18,2026-0718-03-02-07-12,2023101112,ロイヤルスパイア,1,1,40.0,4.0,2,0.0024233719403694556,0.15814222221117014,3,400.0,2026-06-30,monthly_walk_forward
2026-07-18,2026-0718-03-02-07-12,2023100633,アイアンナックル,11,0,130.0,13.0,5,-0.43403256012039715,0.084773779785932,4,0.0,2026-06-30,monthly_walk_forward
2026-07-18,2026-0718-03-02-07-12,2023100479,ディヴァインスカイ,7,0,154.0,15.4,6,-0.4935778931765345,0.07786071558782778,5,0.0,2026-06-30,monthly_walk_forward
2026-07-18,2026-0718-03-02-07-12,2022110126,エコロカディス,12,0,225.0,22.5,7,-0.5512186495666972,0.07170622723854493,6,0.0,2026-06-30,monthly_walk_forward
2026-07-18,2026-0718-03-02-07-12,2021102784,ノアスペシャル,6,0,291.0,29.1,8,-1.129190985995763,0.0314029811286856,7,0.0,2026-06-30,monthly_walk_forward
2026-07-18,2026-0718-03-02-07-12,2022106926,ナインオブレター,8,0,2161.0,216.1,14,-1.3129045386708005,0.024154118320242304,8,0.0,2026-06-30,monthly_walk_forward
2026-07-18,2026-0718-03-02-07-12,2023101039,ベアアッコチャン,5,0,480.0,48.0,9,-1.3686879354842227,0.02230396197091642,9,0.0,2026-06-30,monthly_walk_forward
2026-07-18,2026-0718-03-02-07-12,2023101146,アンプイットアップ,3,0,69.0,6.9,4,-1.637554314909722,0.015190488900813053,10,0.0,2026-06-30,monthly_walk_forward
2026-07-18,2026-0718-03-02-07-12,2023102235,トワイライトサイト,10,0,1621.0,162.1,13,-1.6512225854571119,0.014896754955486403,11,0.0,2026-06-30,monthly_walk_forward
2026-07-18,2026-0718-03-02-07-12,2023103085,トリスティ,15,0,750.0,75.0,10,-1.7950839744489775,0.012129337817908214,12,0.0,2026-06-30,monthly_walk_forward
2026-07-18,2026-0718-03-02-07-12,2020104291,ベリーベリーベリー,9,0,752.0,75.2,11,-1.9240131641307086,0.010088968249027844,13,0.0,2026-06-30,monthly_walk_forward
2026-07-18,2026-0718-03-02-07-12,2021100568,ロックオブソシジ,16,0,2481.0,248.1,15,-2.111710055951373,0.00771606220975243,14,0.0,2026-06-30,monthly_walk_forward
2026-07-18,2026-0718-03-02-07-12,2020104617,ブルーリヴァーサル,14,0,3956.0,395.6,16,-2.2677174353960714,0.006174552884508756,15,0.0,2026-06-30,monthly_walk_forward
2026-07-18,2026-0718-03-02-07-12,2021103135,マナマカナ,13,0,1486.0,148.6,12,-2.4415161765626614,0.004817005919736051,16,0.0,2026-06-30,monthly_walk_forward
2026-07-18,2026-0718-10-02-07-01,2019100628,トゥデイイズザデイ,8,0,92.0,9.2,6,-0.17567376273018603,0.265270460950315,1,0.0,2026-06-30,monthly_walk_forward
2026-07-18,2026-0718-10-02-07-01,2021105646,タイセイレスポンス,4,0,38.0,3.8,1,-0.328169860840877,0.21334239090483828,2,0.0,2026-06-30,monthly_walk_forward
2026-07-18,2026-0718-10-02-07-01,2019105759,フジフォンテ,12,0,65.0,6.5,3,-0.6222582461837016,0.14015824130959234,3,0.0,2026-06-30,monthly_walk_forward
2026-07-18,2026-0718-10-02-07-01,2020100233,セイウンパシュート,1,1,42.0,4.2,2,-1.0215987624545326,0.07922450262565078,4,420.0,2026-06-30,monthly_walk_forward
2026-07-18,2026-0718-10-02-07-01,2022102738,エーオーキング,9,0,304.0,30.4,9,-1.0342380209546902,0.07780685547815988,5,0.0,2026-06-30,monthly_walk_forward
2026-07-18,2026-0718-10-02-07-01,2021110065,メイショウトム,2,0,94.0,9.4,7,-1.0676470002950635,0.0741805829520015,6,0.0,2026-06-30,monthly_walk_forward
2026-07-18,2026-0718-10-02-07-01,2022101461,セイフウサツキ,3,0,69.0,6.9,4,-1.3563272802382116,0.04911193254966431,7,0.0,2026-06-30,monthly_walk_forward
2026-07-18,2026-0718-10-02-07-01,2021106561,コイヌール,5,0,77.0,7.7,5,-1.420510020936423,0.044809151860436144,8,0.0,2026-06-30,monthly_walk_forward
2026-07-18,2026-0718-10-02-07-01,2022103528,ホウオウスターツ,7,0,191.0,19.1,8,-1.948598386097116,0.021073165438713376,9,0.0,2026-06-30,monthly_walk_forward
2026-07-18,2026-0718-10-02-07-01,2021107224,アドアプローズ,6,0,770.0,77.0,11,-2.103770721937039,0.01688331211800938,10,0.0,2026-06-30,monthly_walk_forward
2026-07-18,2026-0718-10-02-07-01,2023103189,スラッシュ,11,0,2117.0,211.7,12,-2.485604663780214,0.009784980672862653,11,0.0,2026-06-30,monthly_walk_forward
2026-07-18,2026-0718-10-02-07-01,2022110139,アスクアットバット,10,0,763.0,76.3,10,-2.5962449205826936,0.00835442313975636,12,0.0,2026-06-30,monthly_walk_forward
2026-07-18,2026-0718-10-02-07-04,2021104924,コンテナワールド,4,0,65.0,6.5,2,-0.10460847198078511,0.2824897543515113,1,0.0,2026-06-30,monthly_walk_forward
2026-07-18,2026-0718-10-02-07-04,2020103446,スマイルスルー,3,0,12.0,1.2,1,-0.21092684069124296,0.24268368759924094,2,0.0,2026-06-30,monthly_walk_forward
2026-07-18,2026-0718-10-02-07-04,2019100641,アトラクティーボ,2,0,197.0,19.7,5,-0.39319355578714515,0.18705035837219364,3,0.0,2026-06-30,monthly_walk_forward
2026-07-18,2026-0718-10-02-07-04,2017105248,オールザワールド,5,0,78.0,7.8,3,-0.9247519296886341,0.08753237904442311,4,0.0,2026-06-30,monthly_walk_forward
2026-07-18,2026-0718-10-02-07-04,2021103504,スノーディーヴァ,7,0,249.0,24.9,6,-1.0784188992115067,0.07027980782950527,5,0.0,2026-06-30,monthly_walk_forward
2026-07-18,2026-0718-10-02-07-04,2020103173,トーアモルペウス,6,0,736.0,73.6,7,-1.2260222984022098,0.05691862009914927,6,0.0,2026-06-30,monthly_walk_forward
2026-07-18,2026-0718-10-02-07-04,2020106836,マテンロウジョイ,8,0,124.0,12.4,4,-1.322500557573841,0.049590359285016664,7,0.0,2026-06-30,monthly_walk_forward
2026-07-18,2026-0718-10-02-07-04,2019105292,ヴァレッタカズマ,1,1,826.0,82.6,8,-1.8465984878695492,0.023455033418959815,8,8260.0,2026-06-30,monthly_walk_forward
2026-07-18,2026-0718-10-02-07-08,2021105113,ダノンアトラス,5,0,76.0,7.6,4,0.5161788330254745,0.26902194550775016,1,0.0,2026-06-30,monthly_walk_forward
2026-07-18,2026-0718-10-02-07-08,2023106941,ノンブルドール,2,0,42.0,4.2,3,0.2846863360005554,0.19327023499937576,2,0.0,2026-06-30,monthly_walk_forward
2026-07-18,2026-0718-10-02-07-08,2023104552,フウセン,1,1,27.0,2.7,1,0.18030889337652195,0.16649724430934637,3,270.0,2026-06-30,monthly_walk_forward
2026-07-18,2026-0718-10-02-07-08,2023106392,パラディオン,6,0,129.0,12.9,5,-0.08340703654193167,0.11423317062358065,4,0.0,2026-06-30,monthly_walk_forward
2026-07-18,2026-0718-10-02-07-08,2020102736,ビヨンドザドリーム,8,0,212.0,21.2,7,-0.1374375072267783,0.10574762183923367,5,0.0,2026-06-30,monthly_walk_forward
2026-07-18,2026-0718-10-02-07-08,2023103737,ワンダフルボンド,4,0,37.0,3.7,2,-0.4802547784156273,0.06480069770251717,6,0.0,2026-06-30,monthly_walk_forward
2026-07-18,2026-0718-10-02-07-08,2023107101,ダノンハドソン,10,0,304.0,30.4,8,-0.9927000666577209,0.03116362885009886,7,0.0,2026-06-30,monthly_walk_forward
2026-07-18,2026-0718-10-02-07-08,2023104506,ゴールドアクセス,3,0,193.0,19.3,6,-1.0177242243828792,0.03006924462327467,8,0.0,2026-06-30,monthly_walk_forward
2026-07-18,2026-0718-10-02-07-08,2021105274,サイレントグルーヴ,9,0,502.0,50.2,10,-1.546262481764235,0.014132091761870358,9,0.0,2026-06-30,monthly_walk_forward
2026-07-18,2026-0718-10-02-07-08,2022102312,スリーラーケン,7,0,374.0,37.4,9,-1.7175810431643608,0.011064119782952353,10,0.0,2026-06-30,monthly_walk_forward
2026-07-18,2026-0718-10-02-07-09,2024109104,カエリールークス,1,1,19.0,1.9,1,0.029354896422999578,0.24248391572432382,1,190.0,2026-06-30,monthly_walk_forward
2026-07-18,2026-0718-10-02-07-09,2024109107,リエーヴェ,6,0,35.0,3.5,2,-0.09649389938329167,0.20258334604152717,2,0.0,2026-06-30,monthly_walk_forward
2026-07-18,2026-0718-10-02-07-09,2024108115,トシミチ,15,0,84.0,8.4,4,-0.16376865740988816,0.18402002626402658,3,0.0,2026-06-30,monthly_walk_forward
2026-07-18,2026-0718-10-02-07-09,2024108118,スイトーヨ,13,0,75.0,7.5,3,-0.8059789754249875,0.07352322028919525,4,0.0,2026-06-30,monthly_walk_forward
2026-07-18,2026-0718-10-02-07-09,2024108116,バミューダボーイ,18,0,3400.0,340.0,15,-1.0208350099233336,0.05409079840696253,5,0.0,2026-06-30,monthly_walk_forward
2026-07-18,2026-0718-10-02-07-09,2024108122,タカヨシ,2,0,238.0,23.8,6,-1.0208350099233336,0.05409079840696253,6,0.0,2026-06-30,monthly_walk_forward
2026-07-18,2026-0718-10-02-07-09,2024108117,ユイノジカンカセギ,5,0,768.0,76.8,7,-1.345127659228489,0.03403498183533258,7,0.0,2026-06-30,monthly_walk_forward
2026-07-18,2026-0718-10-02-07-09,2024108030,ヘキレキ,9,0,887.0,88.7,8,-1.5894025696792407,0.02400890289230123,8,0.0,2026-06-30,monthly_walk_forward
2026-07-18,2026-0718-10-02-07-09,2024109102,タカモリ,3,0,135.0,13.5,5,-1.7666230773387182,0.018638932934362036,9,0.0,2026-06-30,monthly_walk_forward
2026-07-18,2026-0718-10-02-07-09,2024108085,グレートキリシマ,11,0,2155.0,215.5,13,-1.7882615687847903,0.018071578056350516,10,0.0,2026-06-30,monthly_walk_forward
2026-07-18,2026-0718-10-02-07-09,2024108050,ソゲソゲスマイル,10,0,2062.0,206.2,12,-1.8386845030676653,0.016815610774223794,11,0.0,2026-06-30,monthly_walk_forward
2026-07-18,2026-0718-10-02-07-09,2024108089,ニシノキヅイタラ,16,0,980.0,98.0,10,-1.8835976698372974,0.01577057719131678,12,0.0,2026-06-30,monthly_walk_forward
2026-07-18,2026-0718-10-02-07-09,2024108087,ニシノマティーニ,8,0,957.0,95.7,9,-2.0804302132588655,0.011904978252109082,13,0.0,2026-06-30,monthly_walk_forward
2026-07-18,2026-0718-10-02-07-09,2024108108,ワッザイカ,14,0,1140.0,114.0,11,-2.0909496715875098,0.01172741021833338,14,0.0,2026-06-30,monthly_walk_forward
2026-07-18,2026-0718-10-02-07-09,2024109106,ルーストカール,4,0,2598.0,259.8,14,-2.149269266394697,0.010789950035953049,15,0.0,2026-06-30,monthly_walk_forward
2026-07-18,2026-0718-10-02-07-09,2024108106,カシノヴィタ,7,0,5581.0,558.1,17,-2.1978717257581493,0.010066197854328216,16,0.0,2026-06-30,monthly_walk_forward
2026-07-18,2026-0718-10-02-07-09,2024108093,カシノクロサイト,12,0,5197.0,519.7,16,-2.2172982335253377,0.00979067997211127,17,0.0,2026-06-30,monthly_walk_forward
2026-07-18,2026-0718-10-02-07-09,2024108061,ラブマイティー,17,0,6237.0,623.7,18,-2.395693484042361,0.0075880948502802525,18,0.0,2026-06-30,monthly_walk_forward
2026-07-18,2026-0718-10-02-07-10,2022104120,コスモストーム,2,0,29.0,2.9,1,-0.0881116141881576,0.2678581258963491,1,0.0,2026-06-30,monthly_walk_forward
2026-07-18,2026-0718-10-02-07-10,2022103047,ホウショウマリス,9,0,55.0,5.5,4,-0.5297533232700136,0.14252832217932151,2,0.0,2026-06-30,monthly_walk_forward
2026-07-18,2026-0718-10-02-07-10,2022105611,ワイドクリーガー,1,1,50.0,5.0,3,-0.6079120113443245,0.12747056349809613,3,500.0,2026-06-30,monthly_walk_forward
2026-07-18,2026-0718-10-02-07-10,2022103619,タマモジャスミン,4,0,100.0,10.0,5,-0.8181283540305239,0.09440333514354794,4,0.0,2026-06-30,monthly_walk_forward
2026-07-18,2026-0718-10-02-07-10,2021100739,ワンダーカモン,3,0,235.0,23.5,7,-0.8304523244535617,0.0927558461163221,5,0.0,2026-06-30,monthly_walk_forward
2026-07-18,2026-0718-10-02-07-10,2022102739,ナリタヒカリ,10,0,1864.0,186.4,12,-1.070478692985929,0.06583001690093578,6,0.0,2026-06-30,monthly_walk_forward
2026-07-18,2026-0718-10-02-07-10,2021106854,ハピアーザンエバー,12,0,741.0,74.1,10,-1.3126029142822235,0.04658060130745993,7,0.0,2026-06-30,monthly_walk_forward
2026-07-18,2026-0718-10-02-07-10,2021106177,タマモナポリ,7,0,114.0,11.4,6,-1.3144583631569362,0.04645729633502082,8,0.0,2026-06-30,monthly_walk_forward
2026-07-18,2026-0718-10-02-07-10,2021106544,タガノヘラクレス,6,0,45.0,4.5,2,-1.332559841194618,0.045271345284577755,9,0.0,2026-06-30,monthly_walk_forward
2026-07-18,2026-0718-10-02-07-10,2021105939,メイショウザンゲツ,11,0,849.0,84.9,11,-1.5372650205831966,0.03379248050128509,10,0.0,2026-06-30,monthly_walk_forward
2026-07-18,2026-0718-10-02-07-10,2020106101,シュヴァルツリーベ,5,0,259.0,25.9,8,-1.870988893702883,0.02097832825901597,11,0.0,2026-06-30,monthly_walk_forward
2026-07-18,2026-0718-10-02-07-10,2021107278,ユーヴェリア,8,0,597.0,59.7,9,-2.057401078532174,0.01607373857806792,12,0.0,2026-06-30,monthly_walk_forward
2026-07-18,2026-0718-10-02-07-11,2022110026,コウセキ,1,1,18.0,1.8,1,0.12623961892574329,0.21220213599514753,1,180.0,2026-06-30,monthly_walk_forward
2026-07-18,2026-0718-10-02-07-11,2020104520,アイルシャイン,2,0,177.0,17.7,7,-0.19174702812737918,0.13472998351804555,2,0.0,2026-06-30,monthly_walk_forward
2026-07-18,2026-0718-10-02-07-11,2022102514,ベイビーキッス,3,0,93.0,9.3,3,-0.22192153985227517,0.12904564875882854,3,0.0,2026-06-30,monthly_walk_forward
2026-07-18,2026-0718-10-02-07-11,2019100566,ミロワール,4,0,100.0,10.0,4,-0.3925867562356872,0.10112513962927872,4,0.0,2026-06-30,monthly_walk_forward
2026-07-18,2026-0718-10-02-07-11,2021106661,ヒーローインチーフ,7,0,135.0,13.5,5,-0.4115087421114132,0.09842819993865307,5,0.0,2026-06-30,monthly_walk_forward
2026-07-18,2026-0718-10-02-07-11,2021100157,ロードトレイル,5,0,184.0,18.4,8,-0.5333618614153638,0.08270263494613647,6,0.0,2026-06-30,monthly_walk_forward
2026-07-18,2026-0718-10-02-07-11,2021103977,リチャードバローズ,9,0,374.0,37.4,10,-0.7508148042328475,0.060618759134978044,7,0.0,2026-06-30,monthly_walk_forward
2026-07-18,2026-0718-10-02-07-11,2021101654,トーラスシャイン,8,0,55.0,5.5,2,-0.7861665126134233,0.05763338274186226,8,0.0,2026-06-30,monthly_walk_forward
2026-07-18,2026-0718-10-02-07-11,2021107180,ジュンヴァンケット,12,0,166.0,16.6,6,-0.959745839100864,0.04497611157375693,9,0.0,2026-06-30,monthly_walk_forward
2026-07-18,2026-0718-10-02-07-11,2022103707,エスペシャリー,11,0,334.0,33.4,9,-1.1058006281081565,0.036506188578747926,10,0.0,2026-06-30,monthly_walk_forward
2026-07-18,2026-0718-10-02-07-11,2019106739,ダークエクリプス,6,0,999.0,99.9,12,-1.4801542225254394,0.02138502577904956,11,0.0,2026-06-30,monthly_walk_forward
2026-07-18,2026-0718-10-02-07-11,2022100791,ブラックケリー,10,0,725.0,72.5,11,-1.5047460041193956,0.020646789405515398,12,0.0,2026-06-30,monthly_walk_forward
2026-07-18,2026-0718-10-02-07-12,2023107362,バートラガッツ,1,1,16.0,1.6,1,-0.0904121599089264,0.1685060714607338,1,160.0,2026-06-30,monthly_walk_forward
2026-07-18,2026-0718-10-02-07-12,2022101417,フランキーバローズ,7,0,95.0,9.5,4,-0.23763345106040354,0.13654519399090592,2,0.0,2026-06-30,monthly_walk_forward
2026-07-18,2026-0718-10-02-07-12,2023101231,フリッシュ,11,0,280.0,28.0,8,-0.4196806686775227,0.10527628684188599,3,0.0,2026-06-30,monthly_walk_forward
2026-07-18,2026-0718-10-02-07-12,2023110029,ジューンセクレタ,5,0,68.0,6.8,2,-0.49417043624039264,0.09464889887475679,4,0.0,2026-06-30,monthly_walk_forward
2026-07-18,2026-0718-10-02-07-12,2023102707,ヨカオウ,4,0,163.0,16.3,5,-0.5570852304316227,0.08651311029167406,5,0.0,2026-06-30,monthly_walk_forward
2026-07-18,2026-0718-10-02-07-12,2022103946,スマートクラビ,13,0,1396.0,139.6,14,-0.6484039370186748,0.07593218743579937,6,0.0,2026-06-30,monthly_walk_forward
2026-07-18,2026-0718-10-02-07-12,2022107325,レーンアジリティ,12,0,656.0,65.6,10,-0.6775551536218495,0.07283496120416305,7,0.0,2026-06-30,monthly_walk_forward
2026-07-18,2026-0718-10-02-07-12,2022102916,モズプリヴェール,3,0,213.0,21.3,7,-0.702783025028588,0.070256740932978,8,0.0,2026-06-30,monthly_walk_forward
2026-07-18,2026-0718-10-02-07-12,2023100297,ブラックレジェンド,2,0,86.0,8.6,3,-0.9844361567022358,0.04698341388083089,9,0.0,2026-06-30,monthly_walk_forward
2026-07-18,2026-0718-10-02-07-12,2022102429,ミッキーコンドル,14,0,668.0,66.8,11,-1.2149888768407582,0.03379908105865772,10,0.0,2026-06-30,monthly_walk_forward
2026-07-18,2026-0718-10-02-07-12,2022104176,チャチャピンク,8,0,911.0,91.1,12,-1.2356446222936697,0.032816302085331074,11,0.0,2026-06-30,monthly_walk_forward
2026-07-18,2026-0718-10-02-07-12,2023101694,ケンフィールド,9,0,581.0,58.1,9,-1.305825138287925,0.029685761697228738,12,0.0,2026-06-30,monthly_walk_forward
2026-07-18,2026-0718-10-02-07-12,2023110079,アメリカンスタイル,6,0,166.0,16.6,6,-1.325270702020904,0.02887245856670842,13,0.0,2026-06-30,monthly_walk_forward
2026-07-18,2026-0718-10-02-07-12,2022106189,デュアルロール,10,0,1211.0,121.1,13,-1.6826039512687727,0.017329531678346236,14,0.0,2026-06-30,monthly_walk_forward
2026-07-19,2026-0719-02-01-12-07,2023107412,リピース,10,0,89.0,8.9,5,0.1325588135291616,0.20251921415668558,1,0.0,2026-06-30,monthly_walk_forward
2026-07-19,2026-0719-02-01-12-07,2023104046,プリンセスアツコ,1,1,33.0,3.3,1,-0.029497818372072583,0.1606656170737371,2,330.0,2026-06-30,monthly_walk_forward
2026-07-19,2026-0719-02-01-12-07,2023105358,ジーティーアリア,7,0,54.0,5.4,4,-0.1404289065982953,0.13711943158328407,3,0.0,2026-06-30,monthly_walk_forward
2026-07-19,2026-0719-02-01-12-07,2023105830,ビーチイン,2,0,45.0,4.5,3,-0.3269190843498904,0.10505014103062442,4,0.0,2026-06-30,monthly_walk_forward
2026-07-19,2026-0719-02-01-12-07,2023106847,ヴァレンティーニ,5,0,44.0,4.4,2,-0.5045545767350372,0.08150568567345529,5,0.0,2026-06-30,monthly_walk_forward
2026-07-19,2026-0719-02-01-12-07,2023105672,ゴールドヴィーナス,13,0,142.0,14.2,6,-0.6143954499771357,0.06966912484112091,6,0.0,2026-06-30,monthly_walk_forward
2026-07-19,2026-0719-02-01-12-07,2023104420,クッカユフラ,12,0,809.0,80.9,10,-0.7787878448604875,0.05508684660564401,7,0.0,2026-06-30,monthly_walk_forward
2026-07-19,2026-0719-02-01-12-07,2023102250,ミリオンアップ,4,0,385.0,38.5,8,-0.8135790912739591,0.05241585849003839,8,0.0,2026-06-30,monthly_walk_forward
2026-07-19,2026-0719-02-01-12-07,2023102432,ゴールドドレッサ,3,0,231.0,23.1,7,-0.9227940921245175,0.04484390844665771,9,0.0,2026-06-30,monthly_walk_forward
2026-07-19,2026-0719-02-01-12-07,2022106613,ストラニエーロ,11,0,443.0,44.3,9,-1.1623752696614162,0.03184654610645271,10,0.0,2026-06-30,monthly_walk_forward
2026-07-19,2026-0719-02-01-12-07,2021102494,ブーケドグレイス,8,0,879.0,87.9,11,-1.5713097565361525,0.0177562365569821,11,0.0,2026-06-30,monthly_walk_forward
2026-07-19,2026-0719-02-01-12-07,2022101315,スタンピー,14,0,3714.0,371.4,14,-1.5986100499353302,0.017077065942736527,12,0.0,2026-06-30,monthly_walk_forward
2026-07-19,2026-0719-02-01-12-07,2022101473,ライラックデューン,6,0,1113.0,111.3,13,-1.736970391817854,0.014014307318936815,13,0.0,2026-06-30,monthly_walk_forward
2026-07-19,2026-0719-02-01-12-07,2022101408,フェニーチェドーロ,9,0,1039.0,103.9,12,-1.9437440494220937,0.010430016173644502,14,0.0,2026-06-30,monthly_walk_forward
2026-07-19,2026-0719-02-01-12-08,2022103306,ワイドデコラシオン,2,0,54.0,5.4,2,0.04022514898308789,0.23374039835233407,1,0.0,2026-06-30,monthly_walk_forward
2026-07-19,2026-0719-02-01-12-08,2023105059,グレイトソン,3,0,68.0,6.8,3,-0.009817784499040914,0.21761363759370203,2,0.0,2026-06-30,monthly_walk_forward
2026-07-19,2026-0719-02-01-12-08,2023102427,イングラム,5,0,24.0,2.4,1,-0.12973853479520697,0.18335163800117868,3,0.0,2026-06-30,monthly_walk_forward
2026-07-19,2026-0719-02-01-12-08,2023104539,フレンズプラス,1,1,77.0,7.7,5,-0.6392955383717701,0.0885411354774622,4,770.0,2026-06-30,monthly_walk_forward
2026-07-19,2026-0719-02-01-12-08,2021102550,メイショウハッブル,7,0,241.0,24.1,8,-0.6470757389517718,0.08756248733188192,5,0.0,2026-06-30,monthly_walk_forward
2026-07-19,2026-0719-02-01-12-08,2021101624,キャンドルマス,9,0,68.0,6.8,4,-0.8071923649986825,0.06965919036563527,6,0.0,2026-06-30,monthly_walk_forward
2026-07-19,2026-0719-02-01-12-08,2022101418,レストプレドゥモア,4,0,89.0,8.9,6,-1.0420204608070984,0.04980652173121617,7,0.0,2026-06-30,monthly_walk_forward
2026-07-19,2026-0719-02-01-12-08,2023100655,タイセイモノリス,10,0,234.0,23.4,7,-1.3320717590997824,0.032910341390306345,8,0.0,2026-06-30,monthly_walk_forward
2026-07-19,2026-0719-02-01-12-08,2022102492,グッバイウェーブ,6,0,354.0,35.4,9,-1.3896081817172898,0.03031346632340618,9,0.0,2026-06-30,monthly_walk_forward
2026-07-19,2026-0719-02-01-12-08,2023103809,プレザントトーン,8,0,1640.0,164.0,10,-2.467333655699029,0.006501183432877255,10,0.0,2026-06-30,monthly_walk_forward
2026-07-19,2026-0719-02-01-12-09,2023106859,モンローウォーク,1,1,15.0,1.5,1,1.0576378508952318,0.3742359094028509,1,150.0,2026-06-30,monthly_walk_forward
2026-07-19,2026-0719-02-01-12-09,2023101591,アストリル,2,0,51.0,5.1,2,0.5454689635847771,0.18004674891240538,2,0.0,2026-06-30,monthly_walk_forward
2026-07-19,2026-0719-02-01-12-09,2022106709,レーヴドロペラ,4,0,189.0,18.9,5,0.05205703172045578,0.08897383564304087,3,0.0,2026-06-30,monthly_walk_forward
2026-07-19,2026-0719-02-01-12-09,2022102295,マドモアゼルアスク,7,0,368.0,36.8,7,0.024910266324008393,0.08558938355352977,4,0.0,2026-06-30,monthly_walk_forward
2026-07-19,2026-0719-02-01-12-09,2022105549,ハートメテオ,11,0,405.0,40.5,8,-0.25438260615360475,0.05743026526101685,5,0.0,2026-06-30,monthly_walk_forward
2026-07-19,2026-0719-02-01-12-09,2022105394,ハニードレス,6,0,489.0,48.9,9,-0.34964311486103283,0.05012325102321074,6,0.0,2026-06-30,monthly_walk_forward
2026-07-19,2026-0719-02-01-12-09,2021104978,マルカオペラ,12,0,314.0,31.4,6,-0.46329078393229123,0.042611798701603434,7,0.0,2026-06-30,monthly_walk_forward
2026-07-19,2026-0719-02-01-12-09,2021105144,トレミニョン,9,0,588.0,58.8,10,-0.4695436473976218,0.04223285690185939,8,0.0,2026-06-30,monthly_walk_forward
2026-07-19,2026-0719-02-01-12-09,2022105977,ロートホルン,3,0,117.0,11.7,4,-0.722249971767519,0.02943514836355672,9,0.0,2026-06-30,monthly_walk_forward
2026-07-19,2026-0719-02-01-12-09,2022105849,マイスターヴェルク,5,0,65.0,6.5,3,-0.8285277338790346,0.02528886318238154,10,0.0,2026-06-30,monthly_walk_forward
2026-07-19,2026-0719-02-01-12-09,2021105321,エーデル,10,0,1673.0,167.3,11,-1.383999973635676,0.011436755519828843,11,0.0,2026-06-30,monthly_walk_forward
2026-07-19,2026-0719-02-01-12-09,2020102803,エリム,8,0,5827.0,582.7,13,-1.667069040070659,0.0076327481447931314,12,0.0,2026-06-30,monthly_walk_forward
2026-07-19,2026-0719-02-01-12-09,2022105844,タイヨウフレア,13,0,3174.0,317.4,12,-1.9684549713742014,0.004962435389922479,13,0.0,2026-06-30,monthly_walk_forward
2026-07-19,2026-0719-02-01-12-10,2023104324,タガノエルー,2,0,19.0,1.9,1,0.6855216570286617,0.23995221546007137,1,0.0,2026-06-30,monthly_walk_forward
2026-07-19,2026-0719-02-01-12-10,2023104414,シーズザスローン,1,1,41.0,4.1,2,0.6236884865187605,0.21966566821934866,2,410.0,2026-06-30,monthly_walk_forward
2026-07-19,2026-0719-02-01-12-10,2022106209,ウインシャーガス,6,0,60.0,6.0,3,0.41709549022145886,0.1635263024556168,3,0.0,2026-06-30,monthly_walk_forward
2026-07-19,2026-0719-02-01-12-10,2022105486,テルアスワッド,12,0,527.0,52.7,9,0.06680949902160503,0.09914320199985556,4,0.0,2026-06-30,monthly_walk_forward
2026-07-19,2026-0719-02-01-12-10,2022105569,ルージュマローネ,14,0,487.0,48.7,8,-0.25548757567211977,0.06256092596826619,5,0.0,2026-06-30,monthly_walk_forward
2026-07-19,2026-0719-02-01-12-10,2022102828,メイショウタイピン,7,0,290.0,29.0,7,-0.44505452528823636,0.047719063368562555,6,0.0,2026-06-30,monthly_walk_forward
2026-07-19,2026-0719-02-01-12-10,2022101572,プライベートアイズ,3,0,85.0,8.5,4,-0.44880639821574786,0.04746398205686974,7,0.0,2026-06-30,monthly_walk_forward
2026-07-19,2026-0719-02-01-12-10,2021104320,キングベルベット,13,0,158.0,15.8,5,-0.5564705337758142,0.040697442106877514,8,0.0,2026-06-30,monthly_walk_forward
2026-07-19,2026-0719-02-01-12-10,2021104039,ジュンラトゥール,9,0,262.0,26.2,6,-0.7482886074435923,0.030942771676938555,9,0.0,2026-06-30,monthly_walk_forward
2026-07-19,2026-0719-02-01-12-10,2022102394,マーウォルス,5,0,764.0,76.4,10,-1.2611652429928142,0.014871676762149821,10,0.0,2026-06-30,monthly_walk_forward
2026-07-19,2026-0719-02-01-12-10,2022104910,レイザリオ,11,0,1032.0,103.2,12,-1.439367192677612,0.01152921561089016,11,0.0,2026-06-30,monthly_walk_forward
2026-07-19,2026-0719-02-01-12-10,2020101655,マンダリンボレロ,4,0,782.0,78.2,11,-1.5753379177909792,0.009493813810626299,12,0.0,2026-06-30,monthly_walk_forward
2026-07-19,2026-0719-02-01-12-10,2022103288,ヤコブセン,8,0,2277.0,227.7,13,-1.7573782889191025,0.007319798026827807,13,0.0,2026-06-30,monthly_walk_forward
2026-07-19,2026-0719-02-01-12-10,2019102163,フォーワンセルフ,10,0,3543.0,354.3,14,-2.008409501400844,0.005113922477098939,14,0.0,2026-06-30,monthly_walk_forward
2026-07-19,2026-0719-02-01-12-11,2024108226,シグレ,5,0,36.0,3.6,1,0.3479885773458074,0.13545378053726992,1,0.0,2026-06-30,monthly_walk_forward
2026-07-19,2026-0719-02-01-12-11,2024100445,ロンドンガーズ,12,0,40.0,4.0,3,0.27324091419551155,0.12173518894123911,2,0.0,2026-06-30,monthly_walk_forward
2026-07-19,2026-0719-02-01-12-11,2024100768,ノリヤンモーニン,4,0,123.0,12.3,5,0.23012273240839204,0.11446289399995047,3,0.0,2026-06-30,monthly_walk_forward
2026-07-19,2026-0719-02-01-12-11,2024105568,フェリチタ,1,1,236.0,23.6,9,0.11747674959191391,0.09744887368470437,4,2360.0,2026-06-30,monthly_walk_forward
2026-07-19,2026-0719-02-01-12-11,2024102354,ダイメイビッグボス,10,0,94.0,9.4,4,0.07039097969373719,0.09110953668070852,5,0.0,2026-06-30,monthly_walk_forward
2026-07-19,2026-0719-02-01-12-11,2024106378,イモージェン,2,0,39.0,3.9,2,-0.011439013419229474,0.08105780095937451,6,0.0,2026-06-30,monthly_walk_forward
2026-07-19,2026-0719-02-01-12-11,2024104113,ダマスク,9,0,1042.0,104.2,13,-0.05112159291946377,0.07659050343309762,7,0.0,2026-06-30,monthly_walk_forward
2026-07-19,2026-0719-02-01-12-11,2024103097,クロリス,11,0,520.0,52.0,11,-0.12456411887213706,0.06896197038210226,8,0.0,2026-06-30,monthly_walk_forward
2026-07-19,2026-0719-02-01-12-11,2024103288,ダイシンドラゴン,3,0,197.0,19.7,8,-0.1806178194586035,0.06365503864728048,9,0.0,2026-06-30,monthly_walk_forward
2026-07-19,2026-0719-02-01-12-11,2024100255,アルテクィーン,8,0,267.0,26.7,10,-0.3348033831088729,0.0510708248924436,10,0.0,2026-06-30,monthly_walk_forward
2026-07-19,2026-0719-02-01-12-11,2024107264,セタキト,7,0,179.0,17.9,7,-0.39747855592320214,0.04669688366741353,11,0.0,2026-06-30,monthly_walk_forward
2026-07-19,2026-0719-02-01-12-11,2024106248,ショウナンカノア,6,0,154.0,15.4,6,-0.6417136822623164,0.03294271382317725,12,0.0,2026-06-30,monthly_walk_forward
2026-07-19,2026-0719-02-01-12-11,2024103180,ウンスイ,13,0,859.0,85.9,12,-1.0338322255239456,0.01881399035123842,13,0.0,2026-06-30,monthly_walk_forward
2026-07-19,2026-0719-02-01-12-12,2022101920,マグネシアブリック,3,0,51.0,5.1,3,-0.14663291120660885,0.2017635909777106,1,0.0,2026-06-30,monthly_walk_forward
2026-07-19,2026-0719-02-01-12-12,2023102440,ホウオウヘッセン,1,1,33.0,3.3,1,-0.3277480697177329,0.15576691099522488,2,330.0,2026-06-30,monthly_walk_forward
2026-07-19,2026-0719-02-01-12-12,2022110039,コモンスナイプ,5,0,74.0,7.4,4,-0.5458802986674997,0.11406212540645636,3,0.0,2026-06-30,monthly_walk_forward
2026-07-19,2026-0719-02-01-12-12,2023105797,ロードクラシコ,7,0,36.0,3.6,2,-0.5862505731686448,0.10767004792609083,4,0.0,2026-06-30,monthly_walk_forward
2026-07-19,2026-0719-02-01-12-12,2022101103,ザカリナン,2,0,107.0,10.7,5,-0.7459771473108843,0.08570323893336945,5,0.0,2026-06-30,monthly_walk_forward
2026-07-19,2026-0719-02-01-12-12,2023102024,アヤサンジョリーン,9,0,928.0,92.8,12,-0.8600599477767767,0.0728145057023646,6,0.0,2026-06-30,monthly_walk_forward
2026-07-19,2026-0719-02-01-12-12,2022105415,ソードマスター,14,0,136.0,13.6,7,-1.0390426092728933,0.056386269094045226,7,0.0,2026-06-30,monthly_walk_forward
2026-07-19,2026-0719-02-01-12-12,2023102872,ミスターバッドガイ,6,0,126.0,12.6,6,-1.0623396538085443,0.05454053468405326,8,0.0,2026-06-30,monthly_walk_forward
2026-07-19,2026-0719-02-01-12-12,2023106197,フレンドモナコ,13,0,893.0,89.3,11,-1.2346854530187221,0.04263757455429152,9,0.0,2026-06-30,monthly_walk_forward
2026-07-19,2026-0719-02-01-12-12,2021103535,シャインズオンユー,4,0,357.0,35.7,9,-1.4606446051370734,0.030874700903471004,10,0.0,2026-06-30,monthly_walk_forward
2026-07-19,2026-0719-02-01-12-12,2021101100,ルクスアドラー,10,0,330.0,33.0,8,-1.584807338941815,0.025856493627264953,11,0.0,2026-06-30,monthly_walk_forward
2026-07-19,2026-0719-02-01-12-12,2019110122,ブラヴィーノ,12,0,2673.0,267.3,14,-1.6204994881400865,0.02457114996324016,12,0.0,2026-06-30,monthly_walk_forward
2026-07-19,2026-0719-02-01-12-12,2023106823,マイオウンウェイ,11,0,1863.0,186.3,13,-1.8449030043925725,0.017832034614008414,13,0.0,2026-06-30,monthly_walk_forward
2026-07-19,2026-0719-02-01-12-12,2023105813,ロードヴェルテクス,8,0,624.0,62.4,10,-2.284163702235219,0.00952082261840866,14,0.0,2026-06-30,monthly_walk_forward
2026-07-19,2026-0719-03-02-08-08,2023103814,アメテュストス,11,0,33.0,3.3,1,0.62597014355031,0.15551853548120387,1,0.0,2026-06-30,monthly_walk_forward
2026-07-19,2026-0719-03-02-08-08,2023107320,リスレジャンデール,5,0,87.0,8.7,5,0.43478799827090003,0.11835014644549442,2,0.0,2026-06-30,monthly_walk_forward
2026-07-19,2026-0719-03-02-08-08,2023105257,ミエノストロング,14,0,91.0,9.1,6,0.3989777616682599,0.11244791003342262,3,0.0,2026-06-30,monthly_walk_forward
2026-07-19,2026-0719-03-02-08-08,2023105433,モウエエデショー,4,0,78.0,7.8,4,0.3640953460455797,0.10698172978113284,4,0.0,2026-06-30,monthly_walk_forward
2026-07-19,2026-0719-03-02-08-08,2023107353,コズミックボックス,6,0,539.0,53.9,13,0.19692922585516817,0.08425511900115608,5,0.0,2026-06-30,monthly_walk_forward
2026-07-19,2026-0719-03-02-08-08,2023105943,トーセンブリラーレ,10,0,54.0,5.4,2,0.16118632230876806,0.08006093532237091,6,0.0,2026-06-30,monthly_walk_forward
2026-07-19,2026-0719-03-02-08-08,2023106852,ロスパレドネス,12,0,70.0,7.0,3,0.13773485865349167,0.07742315881423079,7,0.0,2026-06-30,monthly_walk_forward
2026-07-19,2026-0719-03-02-08-08,2022103308,ミッドセンチュリー,3,0,476.0,47.6,12,-0.005043155139940549,0.06313765572252143,8,0.0,2026-06-30,monthly_walk_forward
2026-07-19,2026-0719-03-02-08-08,2022106792,コスモアチーブ,8,0,372.0,37.2,10,-0.012634965107281019,0.06245659974072195,9,0.0,2026-06-30,monthly_walk_forward
2026-07-19,2026-0719-03-02-08-08,2021102717,ジャグアール,13,0,398.0,39.8,11,-0.17192128851008417,0.049745500674349956,10,0.0,2026-06-30,monthly_walk_forward
2026-07-19,2026-0719-03-02-08-08,2022101175,ピエナフェーヴル,1,1,220.0,22.0,8,-0.5884876808642784,0.02743515374828401,11,2200.0,2026-06-30,monthly_walk_forward
2026-07-19,2026-0719-03-02-08-08,2022103494,スイートオレンジ,2,0,97.0,9.7,7,-0.729304108280045,0.022435821366674814,12,0.0,2026-06-30,monthly_walk_forward
2026-07-19,2026-0719-03-02-08-08,2022100700,ポッドロルフ,9,0,351.0,35.1,9,-0.7626590037856513,0.021391828407464487,13,0.0,2026-06-30,monthly_walk_forward
2026-07-19,2026-0719-03-02-08-08,2022104851,アレクレア,7,0,1760.0,176.0,14,-1.0361931387669536,0.014472437074310176,14,0.0,2026-06-30,monthly_walk_forward
2026-07-19,2026-0719-03-02-08-08,2021101647,インヴェスター,16,0,7700.0,770.0,16,-2.3715298519697563,0.002148182365126732,15,0.0,2026-06-30,monthly_walk_forward
2026-07-19,2026-0719-03-02-08-08,2022101291,クラウンテック,15,0,5713.0,571.3,15,-2.5193330154797358,0.001739286021534985,16,0.0,2026-06-30,monthly_walk_forward
2026-07-19,2026-0719-03-02-08-09,2023107279,ガラベイヤ,3,0,51.0,5.1,3,0.7267275021399854,0.23212331384696303,1,0.0,2026-06-30,monthly_walk_forward
2026-07-19,2026-0719-03-02-08-09,2021101399,ヴァンヴィーヴ,6,0,39.0,3.9,1,0.33166561121089055,0.1320122373862045,2,0.0,2026-06-30,monthly_walk_forward
2026-07-19,2026-0719-03-02-08-09,2021100144,ロードトレゾール,5,0,98.0,9.8,5,0.19755468070661084,0.10899560738348252,3,0.0,2026-06-30,monthly_walk_forward
2026-07-19,2026-0719-03-02-08-09,2022104186,ヴェントゥーラ,11,0,62.0,6.2,4,0.15591650374398366,0.10270126889734184,4,0.0,2026-06-30,monthly_walk_forward
2026-07-19,2026-0719-03-02-08-09,2023100797,ハッピーエンジェル,1,1,40.0,4.0,2,0.07000834354602874,0.09083989206934466,5,400.0,2026-06-30,monthly_walk_forward
2026-07-19,2026-0719-03-02-08-09,2023101558,ルージュブリッツ,14,0,293.0,29.3,9,-0.08917243132304058,0.07236316665964496,6,0.0,2026-06-30,monthly_walk_forward
2026-07-19,2026-0719-03-02-08-09,2021103478,ファビュラススター,7,0,273.0,27.3,8,-0.45126602914867403,0.043138715001802205,7,0.0,2026-06-30,monthly_walk_forward
2026-07-19,2026-0719-03-02-08-09,2022101906,キョウエイボニータ,9,0,340.0,34.0,10,-0.4887630260051387,0.04088869894487151,8,0.0,2026-06-30,monthly_walk_forward
2026-07-19,2026-0719-03-02-08-09,2022110015,プリティディーヴァ,13,0,456.0,45.6,12,-0.7063922400509804,0.029962746846566208,9,0.0,2026-06-30,monthly_walk_forward
2026-07-19,2026-0719-03-02-08-09,2021100248,セイウンデセオ,2,0,197.0,19.7,6,-0.7131049144093385,0.029676791324611457,10,0.0,2026-06-30,monthly_walk_forward
2026-07-19,2026-0719-03-02-08-09,2020103898,イグニション,12,0,688.0,68.8,13,-0.7910910362775437,0.026548056882767995,11,0.0,2026-06-30,monthly_walk_forward
2026-07-19,2026-0719-03-02-08-09,2022104722,ダンケルド,4,0,381.0,38.1,11,-0.8472101769269866,0.02450277452340573,12,0.0,2026-06-30,monthly_walk_forward
2026-07-19,2026-0719-03-02-08-09,2021105833,カリーシ,15,0,813.0,81.3,14,-0.8624500946525875,0.023975082118976768,13,0.0,2026-06-30,monthly_walk_forward
2026-07-19,2026-0719-03-02-08-09,2022101629,クレオズニードル,8,0,1233.0,123.3,16,-1.0165667120426307,0.01923724896224892,14,0.0,2026-06-30,monthly_walk_forward
2026-07-19,2026-0719-03-02-08-09,2020105803,マイネルラッシュ,10,0,1173.0,117.3,15,-1.0317867932978784,0.01882348846545154,15,0.0,2026-06-30,monthly_walk_forward
2026-07-19,2026-0719-03-02-08-09,2023103983,ポッドデスペア,16,0,204.0,20.4,7,-2.079985369282766,0.004210910686316168,16,0.0,2026-06-30,monthly_walk_forward
2026-07-19,2026-0719-03-02-08-10,2022104635,アロンズロッド,2,0,28.0,2.8,1,0.5510928763668599,0.2552359349220258,1,0.0,2026-06-30,monthly_walk_forward
2026-07-19,2026-0719-03-02-08-10,2022100781,ルールーリマ,1,1,36.0,3.6,2,0.48182348849252954,0.2311881968917564,2,360.0,2026-06-30,monthly_walk_forward
2026-07-19,2026-0719-03-02-08-10,2022106825,コスモイシュタル,3,0,49.0,4.9,4,0.31867138693483676,0.18312292583192522,3,0.0,2026-06-30,monthly_walk_forward
2026-07-19,2026-0719-03-02-08-10,2022103522,ジェットブレード,10,0,237.0,23.7,7,-0.10364495113470303,0.10016798221421143,4,0.0,2026-06-30,monthly_walk_forward
2026-07-19,2026-0719-03-02-08-10,2017101772,ヤマニンガラッシア,9,0,200.0,20.0,5,-0.2624695516305457,0.0798345455479605,5,0.0,2026-06-30,monthly_walk_forward
2026-07-19,2026-0719-03-02-08-10,2022104669,クラヴァンス,4,0,45.0,4.5,3,-0.4825148604262309,0.05830022025147725,6,0.0,2026-06-30,monthly_walk_forward
2026-07-19,2026-0719-03-02-08-10,2021106826,レッセパッセ,8,0,349.0,34.9,8,-0.924085037545654,0.03102493799396283,7,0.0,2026-06-30,monthly_walk_forward
2026-07-19,2026-0719-03-02-08-10,2021105375,バードウォッチャー,5,0,232.0,23.2,6,-1.2422067559100536,0.01969434886293375,8,0.0,2026-06-30,monthly_walk_forward
2026-07-19,2026-0719-03-02-08-10,2022104781,ゴーソーファー,12,0,1006.0,100.6,10,-1.4704940077861368,0.014213711386242948,9,0.0,2026-06-30,monthly_walk_forward
2026-07-19,2026-0719-03-02-08-10,2022106772,バセリーナ,6,0,871.0,87.1,9,-1.47866878926303,0.014048685463027916,10,0.0,2026-06-30,monthly_walk_forward
2026-07-19,2026-0719-03-02-08-10,2022103405,ヨシヒロ,11,0,1993.0,199.3,11,-1.9519337134645773,0.0071451662647348336,11,0.0,2026-06-30,monthly_walk_forward
2026-07-19,2026-0719-03-02-08-10,2022102532,ビッグデイメイク,7,0,3877.0,387.7,12,-2.071489116552542,0.006023344369741137,12,0.0,2026-06-30,monthly_walk_forward
2026-07-19,2026-0719-03-02-08-11,2022110107,エコロアゼル,9,0,48.0,4.8,1,0.644709892762364,0.15593291097420592,1,0.0,2026-06-30,monthly_walk_forward
2026-07-19,2026-0719-03-02-08-11,2021104461,ガビーズシスター,2,0,60.0,6.0,3,0.6107526064909748,0.14854908582949042,2,0.0,2026-06-30,monthly_walk_forward
2026-07-19,2026-0719-03-02-08-11,2021103716,メイショウホウレン,4,0,90.0,9.0,6,0.48848433660358337,0.124741861116146,3,0.0,2026-06-30,monthly_walk_forward
2026-07-19,2026-0719-03-02-08-11,2020104597,ショウナンアビアス,14,0,155.0,15.5,7,0.44119959341598824,0.1165938884438272,4,0.0,2026-06-30,monthly_walk_forward
2026-07-19,2026-0719-03-02-08-11,2020100162,ロードアウォード,8,0,208.0,20.8,9,0.413388269972761,0.1120523749826857,5,0.0,2026-06-30,monthly_walk_forward
2026-07-19,2026-0719-03-02-08-11,2021102153,プレゼンティーア,7,0,158.0,15.8,8,0.08529067300926353,0.07012332958030822,6,0.0,2026-06-30,monthly_walk_forward
2026-07-19,2026-0719-03-02-08-11,2020101174,ユキマル,5,0,49.0,4.9,2,-0.023715999217946704,0.060011230847044385,7,0.0,2026-06-30,monthly_walk_forward
2026-07-19,2026-0719-03-02-08-11,2020110105,マニバドラ,16,0,72.0,7.2,4,-0.191981549046459,0.04718860144379864,8,0.0,2026-06-30,monthly_walk_forward
2026-07-19,2026-0719-03-02-08-11,2021110008,ルディック,11,0,280.0,28.0,11,-0.24265464895589448,0.04389332357162156,9,0.0,2026-06-30,monthly_walk_forward
2026-07-19,2026-0719-03-02-08-11,2022110142,ファムエレガンテ,3,0,84.0,8.4,5,-0.40379653653381414,0.034867652234410525,10,0.0,2026-06-30,monthly_walk_forward
2026-07-19,2026-0719-03-02-08-11,2021100768,ジョーローリット,1,1,222.0,22.2,10,-0.7047012792186673,0.02268481167189363,11,2220.0,2026-06-30,monthly_walk_forward
2026-07-19,2026-0719-03-02-08-11,2021105608,カズゴルティス,12,0,1797.0,179.7,15,-1.0683208682247778,0.013493917865983408,12,0.0,2026-06-30,monthly_walk_forward
2026-07-19,2026-0719-03-02-08-11,2018110126,ジャスパーゴールド,13,0,1581.0,158.1,14,-1.073984075658018,0.013385188491236369,13,0.0,2026-06-30,monthly_walk_forward
2026-07-19,2026-0719-03-02-08-11,2022110151,ゲッティヴィラ,6,0,829.0,82.9,13,-1.0874970130529515,0.013129276222842113,14,0.0,2026-06-30,monthly_walk_forward
2026-07-19,2026-0719-03-02-08-11,2020104228,ケイアイアニラ,15,0,1816.0,181.6,16,-1.1164986398271228,0.012596432859381132,15,0.0,2026-06-30,monthly_walk_forward
2026-07-19,2026-0719-03-02-08-11,2020101182,グッジョブ,10,0,485.0,48.5,12,-1.2270561798783306,0.010756113865124673,16,0.0,2026-06-30,monthly_walk_forward
2026-07-19,2026-0719-03-02-08-12,2023100964,エアトベーレ,1,1,36.0,3.6,1,0.20936962459967756,0.3127570306993957,1,360.0,2026-06-30,monthly_walk_forward
2026-07-19,2026-0719-03-02-08-12,2022104619,ヘルヴェティオス,5,0,66.0,6.6,3,-0.16950098999505928,0.18203207252438613,2,0.0,2026-06-30,monthly_walk_forward
2026-07-19,2026-0719-03-02-08-12,2023102364,サムシングニュー,3,0,95.0,9.5,5,-0.41307626047557205,0.12853718271104098,3,0.0,2026-06-30,monthly_walk_forward
2026-07-19,2026-0719-03-02-08-12,2023102160,アルデキングダム,14,0,70.0,7.0,4,-0.6992543897209339,0.08540394748260019,4,0.0,2026-06-30,monthly_walk_forward
2026-07-19,2026-0719-03-02-08-12,2022105241,ソナタン,10,0,152.0,15.2,8,-0.9654284353214032,0.058389944197191755,5,0.0,2026-06-30,monthly_walk_forward
2026-07-19,2026-0719-03-02-08-12,2023107394,イサチルシーキング,15,0,45.0,4.5,2,-0.9903549899868813,0.05634729990287117,6,0.0,2026-06-30,monthly_walk_forward
2026-07-19,2026-0719-03-02-08-12,2022104301,リポジノ,11,0,96.0,9.6,6,-1.3066043539468515,0.03586455626520171,7,0.0,2026-06-30,monthly_walk_forward
2026-07-19,2026-0719-03-02-08-12,2022102991,カイトヴィント,12,0,357.0,35.7,10,-1.4629925251326754,0.028683953187633896,8,0.0,2026-06-30,monthly_walk_forward
2026-07-19,2026-0719-03-02-08-12,2023106694,ノーウェアマン,4,0,161.0,16.1,9,-1.481899689672825,0.027919562526755076,9,0.0,2026-06-30,monthly_walk_forward
2026-07-19,2026-0719-03-02-08-12,2023106052,ジーティーブラック,2,0,135.0,13.5,7,-1.4956108296303225,0.027378013551816897,10,0.0,2026-06-30,monthly_walk_forward
2026-07-19,2026-0719-03-02-08-12,2022105516,メリーサウンド,7,0,1625.0,162.5,11,-1.7610681183343586,0.018737288353359624,11,0.0,2026-06-30,monthly_walk_forward
2026-07-19,2026-0719-03-02-08-12,2020103901,ウインドワンピース,6,0,2689.0,268.9,14,-2.0911398912499144,0.011692930914342368,12,0.0,2026-06-30,monthly_walk_forward
2026-07-19,2026-0719-03-02-08-12,2021107012,キングプロフィット,9,0,2849.0,284.9,15,-2.1441873205603126,0.01083956018638633,13,0.0,2026-06-30,monthly_walk_forward
2026-07-19,2026-0719-03-02-08-12,2022102349,ノアチュロス,8,0,1630.0,163.0,12,-2.298049364550098,0.008700665369520546,14,0.0,2026-06-30,monthly_walk_forward
2026-07-19,2026-0719-03-02-08-12,2022100485,スーパーホース,13,0,1893.0,189.3,13,-2.4792849190345816,0.006715992127497702,15,0.0,2026-06-30,monthly_walk_forward
2026-07-19,2026-0719-10-02-08-01,2018101010,アウスヴァール,4,0,17.0,1.7,1,-0.009641821878883136,0.38637235433306677,1,0.0,2026-06-30,monthly_walk_forward
2026-07-19,2026-0719-10-02-08-01,2022103255,メイショウソウセキ,3,0,30.0,3.0,2,-0.15067703693097603,0.31586745341549366,2,0.0,2026-06-30,monthly_walk_forward
2026-07-19,2026-0719-10-02-08-01,2021104910,フラムリンガム,10,0,186.0,18.6,6,-1.0740356654844894,0.08445669512742855,3,0.0,2026-06-30,monthly_walk_forward
2026-07-19,2026-0719-10-02-08-01,2022106999,ニシノクードクール,7,0,186.0,18.6,5,-1.3804534466861982,0.05451627232462529,4,0.0,2026-06-30,monthly_walk_forward
2026-07-19,2026-0719-10-02-08-01,2021105298,エイカイボクサー,9,0,470.0,47.0,8,-1.5968979867906279,0.04001653509231375,5,0.0,2026-06-30,monthly_walk_forward
2026-07-19,2026-0719-10-02-08-01,2022104929,バニーラビット,1,1,98.0,9.8,3,-1.6317714603172708,0.03807178658004156,6,980.0,2026-06-30,monthly_walk_forward
2026-07-19,2026-0719-10-02-08-01,2022103884,スティルシャイニン,11,0,495.0,49.5,9,-2.1257924511092927,0.01879760044056736,7,0.0,2026-06-30,monthly_walk_forward
2026-07-19,2026-0719-10-02-08-01,2022100527,ブランフォルテ,2,0,156.0,15.6,4,-2.1644666803775734,0.017787221862221536,8,0.0,2026-06-30,monthly_walk_forward
2026-07-19,2026-0719-10-02-08-01,2022103517,シュエットアムール,6,0,1562.0,156.2,11,-2.170415783518127,0.017636693819655956,9,0.0,2026-06-30,monthly_walk_forward
2026-07-19,2026-0719-10-02-08-01,2022101587,クリアクォーツ,5,0,312.0,31.2,7,-2.217188486213143,0.01649675114334237,10,0.0,2026-06-30,monthly_walk_forward
2026-07-19,2026-0719-10-02-08-01,2022102325,ブルーセルリアン,8,0,1219.0,121.9,10,-2.5689501477024543,0.009980635861243141,11,0.0,2026-06-30,monthly_walk_forward
2026-07-19,2026-0719-10-02-08-07,2021104671,ミライハーモニー,9,0,64.0,6.4,4,-0.02982728334927419,0.14631756300309776,1,0.0,2026-06-30,monthly_walk_forward
2026-07-19,2026-0719-10-02-08-07,2022102638,ダイアナクイーン,2,0,62.0,6.2,3,-0.06305515514563748,0.13953437133468383,2,0.0,2026-06-30,monthly_walk_forward
2026-07-19,2026-0719-10-02-08-07,2022103624,ピアストイヤーズ,1,1,45.0,4.5,1,-0.2096875531512041,0.11316377504451648,3,450.0,2026-06-30,monthly_walk_forward
2026-07-19,2026-0719-10-02-08-07,2022107147,キョラムン,5,0,109.0,10.9,7,-0.3050108147367572,0.09875677589993614,4,0.0,2026-06-30,monthly_walk_forward
2026-07-19,2026-0719-10-02-08-07,2023107545,ウェルカムソング,4,0,59.0,5.9,2,-0.43114772293317527,0.08247246128397757,5,0.0,2026-06-30,monthly_walk_forward
2026-07-19,2026-0719-10-02-08-07,2021104806,レオナルドスター,10,0,363.0,36.3,10,-0.5259353900036293,0.07202789554021805,6,0.0,2026-06-30,monthly_walk_forward
2026-07-19,2026-0719-10-02-08-07,2023100942,マウンテンバローズ,3,0,151.0,15.1,8,-0.6422789679783593,0.060998444914743245,7,0.0,2026-06-30,monthly_walk_forward
2026-07-19,2026-0719-10-02-08-07,2023102025,フィラーエ,7,0,83.0,8.3,6,-0.7852566302065772,0.04972931346904013,8,0.0,2026-06-30,monthly_walk_forward
2026-07-19,2026-0719-10-02-08-07,2022107258,ラブアイミー,11,0,387.0,38.7,11,-0.8094929846669889,0.04803698350638296,9,0.0,2026-06-30,monthly_walk_forward
2026-07-19,2026-0719-10-02-08-07,2022105921,アーリントンロウ,6,0,76.0,7.6,5,-0.9014259395096155,0.04212487457908762,10,0.0,2026-06-30,monthly_walk_forward
2026-07-19,2026-0719-10-02-08-07,2021103493,イリスアスール,14,0,486.0,48.6,12,-1.0193829194589263,0.035592268594516654,11,0.0,2026-06-30,monthly_walk_forward
2026-07-19,2026-0719-10-02-08-07,2021106690,ペルフェツィオーネ,13,0,1577.0,157.7,15,-1.0410732652097612,0.034506310893067584,12,0.0,2026-06-30,monthly_walk_forward
2026-07-19,2026-0719-10-02-08-07,2022102406,ヒットザグラウンド,12,0,360.0,36.0,9,-1.048082752172179,0.03416250436213408,13,0.0,2026-06-30,monthly_walk_forward
2026-07-19,2026-0719-10-02-08-07,2021105868,バーケンティン,15,0,670.0,67.0,13,-1.1090594376452103,0.03131255477879687,14,0.0,2026-06-30,monthly_walk_forward
2026-07-19,2026-0719-10-02-08-07,2022105496,ソリスディエス,16,0,930.0,93.0,14,-2.229895184854006,0.006314352416566778,15,0.0,2026-06-30,monthly_walk_forward
2026-07-19,2026-0719-10-02-08-07,2022106719,アスクザアメリカン,8,0,1703.0,170.3,16,-2.4003651094475487,0.004949550379234265,16,0.0,2026-06-30,monthly_walk_forward
2026-07-19,2026-0719-10-02-08-08,2023100974,スマッシング,13,0,37.0,3.7,1,-0.029637987231852795,0.24395426976574203,1,0.0,2026-06-30,monthly_walk_forward
2026-07-19,2026-0719-10-02-08-08,2023102036,アイカンアズーラ,4,0,46.0,4.6,2,-0.4946540421544979,0.12554598914861537,2,0.0,2026-06-30,monthly_walk_forward
2026-07-19,2026-0719-10-02-08-08,2023102185,ドラムメジャー,14,0,47.0,4.7,3,-0.5088358157982021,0.12302806034150654,3,0.0,2026-06-30,monthly_walk_forward
2026-07-19,2026-0719-10-02-08-08,2021103451,プルミエールパス,10,0,89.0,8.9,5,-0.5622018926981812,0.11399735079653575,4,0.0,2026-06-30,monthly_walk_forward
2026-07-19,2026-0719-10-02-08-08,2023102606,ミヤフロント,11,0,231.0,23.1,8,-0.6667626065193468,0.09818002283193228,5,0.0,2026-06-30,monthly_walk_forward
2026-07-19,2026-0719-10-02-08-08,2022103307,サンライズジュピタ,8,0,166.0,16.6,7,-1.0871003637487606,0.05385634644844236,6,0.0,2026-06-30,monthly_walk_forward
2026-07-19,2026-0719-10-02-08-08,2018103293,ヨドノゴールド,6,0,695.0,69.5,11,-1.1208285276914645,0.05132290580833293,7,0.0,2026-06-30,monthly_walk_forward
2026-07-19,2026-0719-10-02-08-08,2023104596,ペルセポネ,3,0,62.0,6.2,4,-1.2784140962039339,0.040977163297203696,8,0.0,2026-06-30,monthly_walk_forward
2026-07-19,2026-0719-10-02-08-08,2023103862,ミヤラティーニ,2,0,253.0,25.3,9,-1.3894487026005315,0.03496662560743545,9,0.0,2026-06-30,monthly_walk_forward
2026-07-19,2026-0719-10-02-08-08,2022110104,アメリカンビヨンド,5,0,120.0,12.0,6,-1.40421546561515,0.034236717413985124,10,0.0,2026-06-30,monthly_walk_forward
2026-07-19,2026-0719-10-02-08-08,2023110088,ジャンシ,1,1,596.0,59.6,10,-1.5431177937957186,0.028074642852721682,11,5960.0,2026-06-30,monthly_walk_forward
2026-07-19,2026-0719-10-02-08-08,2020103513,ナンヨークリスタル,9,0,1374.0,137.4,14,-1.7049607602433483,0.02227940126684035,12,0.0,2026-06-30,monthly_walk_forward
2026-07-19,2026-0719-10-02-08-08,2022102003,スレッドザニードル,7,0,1296.0,129.6,13,-1.9769180352282503,0.015106908394130349,13,0.0,2026-06-30,monthly_walk_forward
2026-07-19,2026-0719-10-02-08-08,2021107123,イイデカンタロウ,12,0,708.0,70.8,12,-2.0068963213058932,0.014473596026576234,14,0.0,2026-06-30,monthly_walk_forward
2026-07-19,2026-0719-10-02-08-09,2019100915,ゼンノインヴォーク,3,0,53.0,5.3,2,0.2236957793398971,0.3407995928169128,1,0.0,2026-06-30,monthly_walk_forward
2026-07-19,2026-0719-10-02-08-09,2022105171,タンテドヴィーヴル,2,0,16.0,1.6,1,-0.048020743039743956,0.2311641674308386,2,0.0,2026-06-30,monthly_walk_forward
2026-07-19,2026-0719-10-02-08-09,2020106399,ユメハハテシナク,6,0,107.0,10.7,5,-0.4478136999200669,0.13058121156920025,3,0.0,2026-06-30,monthly_walk_forward
2026-07-19,2026-0719-10-02-08-09,2021103821,ハイディージェン,8,0,459.0,45.9,8,-0.7552855280053747,0.08416253547601901,4,0.0,2026-06-30,monthly_walk_forward
2026-07-19,2026-0719-10-02-08-09,2021103665,クスクス,1,1,70.0,7.0,3,-0.9359546826502431,0.06501715011647258,5,700.0,2026-06-30,monthly_walk_forward
2026-07-19,2026-0719-10-02-08-09,2021103449,モアニ,7,0,91.0,9.1,4,-0.9442792475020911,0.06424853021849775,6,0.0,2026-06-30,monthly_walk_forward
2026-07-19,2026-0719-10-02-08-09,2019100606,ヤマニンループ,4,0,130.0,13.0,6,-1.049313595054306,0.05529650908074585,7,0.0,2026-06-30,monthly_walk_forward
2026-07-19,2026-0719-10-02-08-09,2021102561,キーウェーブ,5,0,321.0,32.1,7,-1.5076437400983862,0.028730303291313253,8,0.0,2026-06-30,monthly_walk_forward
2026-07-19,2026-0719-10-02-08-10,2021100752,アレナパラシオ,8,0,58.0,5.8,3,0.3166941046589903,0.18529662835562696,1,0.0,2026-06-30,monthly_walk_forward
2026-07-19,2026-0719-10-02-08-10,2022102223,サイモンシュバリエ,7,0,126.0,12.6,7,0.2108495409340322,0.15929397873379145,2,0.0,2026-06-30,monthly_walk_forward
2026-07-19,2026-0719-10-02-08-10,2022110069,ジューンエオス,2,0,51.0,5.1,2,0.02819737620961069,0.1227094976311794,3,0.0,2026-06-30,monthly_walk_forward
2026-07-19,2026-0719-10-02-08-10,2022104267,レヴァンテシチー,5,0,50.0,5.0,1,-0.05243817302091167,0.1093579134152197,4,0.0,2026-06-30,monthly_walk_forward
2026-07-19,2026-0719-10-02-08-10,2021105736,カルパ,9,0,88.0,8.8,4,-0.07994225491668697,0.1051443919276533,5,0.0,2026-06-30,monthly_walk_forward
2026-07-19,2026-0719-10-02-08-10,2022102123,モズカトレア,10,0,96.0,9.6,5,-0.43053177299864315,0.06371961213592683,6,0.0,2026-06-30,monthly_walk_forward
2026-07-19,2026-0719-10-02-08-10,2022100664,グランキングオー,1,1,170.0,17.0,8,-0.5764039304574348,0.05173339968478059,7,1700.0,2026-06-30,monthly_walk_forward
2026-07-19,2026-0719-10-02-08-10,2020103456,ナヴォーナ,16,0,511.0,51.1,15,-0.6567598857573645,0.046122891094629324,8,0.0,2026-06-30,monthly_walk_forward
2026-07-19,2026-0719-10-02-08-10,2021106635,インザモーメント,6,0,334.0,33.4,13,-0.8758650098092468,0.0337271131944998,9,0.0,2026-06-30,monthly_walk_forward
2026-07-19,2026-0719-10-02-08-10,2021109027,テーオールビー,12,0,396.0,39.6,14,-0.8873723501846633,0.03317720361700289,10,0.0,2026-06-30,monthly_walk_forward
2026-07-19,2026-0719-10-02-08-10,2022104550,カミノレアル,11,0,115.0,11.5,6,-1.0725379559126602,0.025465910334069135,11,0.0,2026-06-30,monthly_walk_forward
2026-07-19,2026-0719-10-02-08-10,2020106635,メイショウシナノ,4,0,232.0,23.2,9,-1.3776189125251237,0.016469509628400294,12,0.0,2026-06-30,monthly_walk_forward
2026-07-19,2026-0719-10-02-08-10,2021106157,マッシャーブルム,13,0,302.0,30.2,12,-1.4963362522381198,0.01390035765709057,13,0.0,2026-06-30,monthly_walk_forward
2026-07-19,2026-0719-10-02-08-10,2021103073,プロミシングスター,3,0,244.0,24.4,11,-1.4973632198788223,0.013879979441282955,14,0.0,2026-06-30,monthly_walk_forward
2026-07-19,2026-0719-10-02-08-10,2020101209,メイショウオーロラ,15,0,787.0,78.7,16,-1.649221929054548,0.0111730704708874,15,0.0,2026-06-30,monthly_walk_forward
2026-07-19,2026-0719-10-02-08-10,2021105598,ダノンスウィッチ,14,0,238.0,23.8,10,-1.8140834804073718,0.008828542677959251,16,0.0,2026-06-30,monthly_walk_forward
2026-07-19,2026-0719-10-02-08-11,2022103995,ジョバンニ,2,0,26.0,2.6,1,0.9433165455622051,0.21762696113566832,1,0.0,2026-06-30,monthly_walk_forward
2026-07-19,2026-0719-10-02-08-11,2021106645,ウエストナウ,8,0,114.0,11.4,5,0.7361027634678423,0.16186501074692705,2,0.0,2026-06-30,monthly_walk_forward
2026-07-19,2026-0719-10-02-08-11,2021105808,ガイアメンテ,4,0,60.0,6.0,2,0.5669596914253059,0.12711977608962607,3,0.0,2026-06-30,monthly_walk_forward
2026-07-19,2026-0719-10-02-08-11,2022105346,レーゼドラマ,3,0,126.0,12.6,6,0.5307870328025116,0.12071767251112062,4,0.0,2026-06-30,monthly_walk_forward
2026-07-19,2026-0719-10-02-08-11,2022106562,タガノアビー,9,0,73.0,7.3,4,0.372900822103363,0.09634185007728367,5,0.0,2026-06-30,monthly_walk_forward
2026-07-19,2026-0719-10-02-08-11,2022101193,ジーティーアダマン,6,0,66.0,6.6,3,0.2345547119150968,0.07906462091577969,6,0.0,2026-06-30,monthly_walk_forward
2026-07-19,2026-0719-10-02-08-11,2021105541,サフィラ,11,0,208.0,20.8,8,-0.006025974857360974,0.05606876080218314,7,0.0,2026-06-30,monthly_walk_forward
2026-07-19,2026-0719-10-02-08-11,2022106306,ゼンダンハヤブサ,1,1,331.0,33.1,10,-0.19070008162590812,0.04306706950459651,8,3310.0,2026-06-30,monthly_walk_forward
2026-07-19,2026-0719-10-02-08-11,2021102895,ナムラエイハブ,5,0,481.0,48.1,12,-0.6431027942653235,0.02256655779909065,9,0.0,2026-06-30,monthly_walk_forward
2026-07-19,2026-0719-10-02-08-11,2021105160,カエルム,15,0,502.0,50.2,13,-0.8649708076465118,0.016436669141625695,10,0.0,2026-06-30,monthly_walk_forward
2026-07-19,2026-0719-10-02-08-11,2020102344,コパノサントス,14,0,1599.0,159.9,15,-1.0030000075164045,0.013495147695900862,11,0.0,2026-06-30,monthly_walk_forward
2026-07-19,2026-0719-10-02-08-11,2022103793,ケイズレーヴ,12,0,1915.0,191.5,16,-1.1171966489383696,0.011463775780116273,12,0.0,2026-06-30,monthly_walk_forward
2026-07-19,2026-0719-10-02-08-11,2020103082,カネフラ,13,0,1347.0,134.7,14,-1.3451718242087798,0.008277270877603273,13,0.0,2026-06-30,monthly_walk_forward
2026-07-19,2026-0719-10-02-08-11,2019103817,テーオーソラネル,17,0,3088.0,308.8,18,-1.446142276288854,0.007165442421311954,14,0.0,2026-06-30,monthly_walk_forward
2026-07-19,2026-0719-10-02-08-11,2020105750,マイネルメモリー,10,0,475.0,47.5,11,-1.4726394398880283,0.006899277638732688,15,0.0,2026-06-30,monthly_walk_forward
2026-07-19,2026-0719-10-02-08-11,2022104971,トータルクラリティ,7,0,2650.0,265.0,17,-1.5392123322076736,0.006273363060909642,16,0.0,2026-06-30,monthly_walk_forward
2026-07-19,2026-0719-10-02-08-11,2022102219,ノーランサンライズ,16,0,291.0,29.1,9,-1.624875001930457,0.0055507738015238926,17,0.0,2026-06-30,monthly_walk_forward
2026-07-19,2026-0719-10-02-08-12,2023105274,ミッキージャンプ,1,1,22.0,2.2,1,0.4894854317302212,0.39593704922381534,1,220.0,2026-06-30,monthly_walk_forward
2026-07-19,2026-0719-10-02-08-12,2023106995,ロングトールサリー,3,0,24.0,2.4,2,0.3450646136138904,0.3221250349785871,2,0.0,2026-06-30,monthly_walk_forward
2026-07-19,2026-0719-10-02-08-12,2023107007,グラスベルグ,7,0,73.0,7.3,3,-0.4363216674846925,0.10549606585051889,3,0.0,2026-06-30,monthly_walk_forward
2026-07-19,2026-0719-10-02-08-12,2023101577,フレイムスター,8,0,75.0,7.5,4,-0.8058377339345963,0.06222728485199892,4,0.0,2026-06-30,monthly_walk_forward
2026-07-19,2026-0719-10-02-08-12,2022102957,ヴィーナスバブル,2,0,384.0,38.4,7,-1.3173024848589476,0.029967984751755248,5,0.0,2026-06-30,monthly_walk_forward
2026-07-19,2026-0719-10-02-08-12,2020101781,アウローラシエル,6,0,368.0,36.8,6,-1.407287512856945,0.026352933495330685,6,0.0,2026-06-30,monthly_walk_forward
2026-07-19,2026-0719-10-02-08-12,2022101608,オーシンエス,4,0,195.0,19.5,5,-1.5026468183310073,0.02299672967183211,7,0.0,2026-06-30,monthly_walk_forward
2026-07-19,2026-0719-10-02-08-12,2022101889,ゼットエイト,5,0,457.0,45.7,8,-1.5157204076918809,0.022571215891717598,8,0.0,2026-06-30,monthly_walk_forward
2026-07-19,2026-0719-10-02-08-12,2022102819,ブリッツアロング,9,0,1185.0,118.5,9,-1.9392125983182784,0.01232570128444409,9,0.0,2026-06-30,monthly_walk_forward
2026-07-25,2026-0725-01-01-01-07,2023105141,ニシノサリーナ,2,0,36.0,3.6,1,0.28996667658377356,0.1497440878946205,1,0.0,2026-06-30,monthly_walk_forward
2026-07-25,2026-0725-01-01-01-07,2023104998,カイショー,7,0,40.0,4.0,2,0.22798057591508095,0.13705416107220283,2,0.0,2026-06-30,monthly_walk_forward
2026-07-25,2026-0725-01-01-01-07,2022103991,ジーティーエスピ,4,0,47.0,4.7,3,0.2155970446789245,0.13465088947799728,3,0.0,2026-06-30,monthly_walk_forward
2026-07-25,2026-0725-01-01-01-07,2023106780,ランプローグ,11,0,272.0,27.2,10,0.05957310696153749,0.10774788343450972,4,0.0,2026-06-30,monthly_walk_forward
2026-07-25,2026-0725-01-01-01-07,2023103137,ハッピーラッキー,3,0,108.0,10.8,5,-0.09000076770475995,0.08701818516375837,5,0.0,2026-06-30,monthly_walk_forward
2026-07-25,2026-0725-01-01-01-07,2023105290,サトノカスターニャ,14,0,223.0,22.3,7,-0.124161653672334,0.08287354203511028,6,0.0,2026-06-30,monthly_walk_forward
2026-07-25,2026-0725-01-01-01-07,2022106835,セガンティーニ,12,0,86.0,8.6,4,-0.26163490800177586,0.06809647792717834,7,0.0,2026-06-30,monthly_walk_forward
2026-07-25,2026-0725-01-01-01-07,2022102878,ナンナンプー,5,0,712.0,71.2,12,-0.5169475898502365,0.04728499856153569,8,0.0,2026-06-30,monthly_walk_forward
2026-07-25,2026-0725-01-01-01-07,2022104221,ペイシャアーサー,9,0,872.0,87.2,15,-0.6332009505537379,0.04004952689036305,9,0.0,2026-06-30,monthly_walk_forward
2026-07-25,2026-0725-01-01-01-07,2023102210,アイアムステキ,8,0,266.0,26.6,9,-0.6625685832457794,0.038404056785958415,10,0.0,2026-06-30,monthly_walk_forward
2026-07-25,2026-0725-01-01-01-07,2021104404,シュークリーム,6,0,115.0,11.5,6,-0.8018045570855313,0.0314769195769581,11,0.0,2026-06-30,monthly_walk_forward
2026-07-25,2026-0725-01-01-01-07,2022101053,ペガサスノース,15,0,260.0,26.0,8,-0.8647447537442706,0.02877019624675649,12,0.0,2026-06-30,monthly_walk_forward
2026-07-25,2026-0725-01-01-01-07,2023104867,マティンデ,13,0,803.0,80.3,13,-1.0710101702625507,0.02142749944798105,13,0.0,2026-06-30,monthly_walk_forward
2026-07-25,2026-0725-01-01-01-07,2021102401,グランテレーズ,1,1,612.0,61.2,11,-1.1141734670490415,0.020146151255851584,14,6120.0,2026-06-30,monthly_walk_forward
2026-07-25,2026-0725-01-01-01-07,2022101908,イズルード,10,0,864.0,86.4,14,-2.054800242056613,0.005255424229218478,15,0.0,2026-06-30,monthly_walk_forward
2026-07-25,2026-0725-01-01-01-08,2023100715,ピエナオルカ,5,0,25.0,2.5,2,0.14828742236545747,0.26387463021289576,1,0.0,2026-06-30,monthly_walk_forward
2026-07-25,2026-0725-01-01-01-08,2023102455,オンザムービー,1,1,20.0,2.0,1,-0.21362501574891135,0.15734743719061614,2,200.0,2026-06-30,monthly_walk_forward
2026-07-25,2026-0725-01-01-01-08,2023102178,タイキルッジェーロ,9,0,192.0,19.2,5,-0.22015780472561397,0.1558858144182406,3,0.0,2026-06-30,monthly_walk_forward
2026-07-25,2026-0725-01-01-01-08,2023103806,ジェネラスキング,3,0,86.0,8.6,3,-0.37727785751478016,0.124544933458998,4,0.0,2026-06-30,monthly_walk_forward
2026-07-25,2026-0725-01-01-01-08,2022102397,ビービーバザーク,4,0,228.0,22.8,6,-0.7507253365180406,0.07305190117556308,5,0.0,2026-06-30,monthly_walk_forward
2026-07-25,2026-0725-01-01-01-08,2022102929,ザハント,2,0,433.0,43.3,7,-0.8329809185946746,0.06495288683323747,6,0.0,2026-06-30,monthly_walk_forward
2026-07-25,2026-0725-01-01-01-08,2022102378,ファンタイムギフト,10,0,179.0,17.9,4,-0.9978478345002821,0.05132295015397477,7,0.0,2026-06-30,monthly_walk_forward
2026-07-25,2026-0725-01-01-01-08,2022101465,リュミナーズ,7,0,609.0,60.9,10,-1.459781520859362,0.026528848335984557,8,0.0,2026-06-30,monthly_walk_forward
2026-07-25,2026-0725-01-01-01-08,2021109088,アルニラム,11,0,3161.0,316.1,12,-1.463418660834119,0.026391364202084752,9,0.0,2026-06-30,monthly_walk_forward
2026-07-25,2026-0725-01-01-01-08,2023105381,ハイライトニング,8,0,519.0,51.9,9,-1.473497799181127,0.026014083748900428,10,0.0,2026-06-30,monthly_walk_forward
2026-07-25,2026-0725-01-01-01-08,2021100387,マーベリックシチー,12,0,464.0,46.4,8,-1.7584887296291336,0.017313874484011265,11,0.0,2026-06-30,monthly_walk_forward
2026-07-25,2026-0725-01-01-01-08,2022103235,カフェブーケット,6,0,1868.0,186.8,11,-1.9715054520275916,0.01277127578549314,12,0.0,2026-06-30,monthly_walk_forward
2026-07-25,2026-0725-01-01-01-09,2022106618,ジェルブロア,8,0,45.0,4.5,3,0.4066140311313775,0.24349660533390216,1,0.0,2026-06-30,monthly_walk_forward
2026-07-25,2026-0725-01-01-01-09,2023107024,シニャンガ,5,0,29.0,2.9,1,0.37910228539290547,0.23411220462595114,2,0.0,2026-06-30,monthly_walk_forward
2026-07-25,2026-0725-01-01-01-09,2023102584,ラコンチャビエン,10,0,125.0,12.5,5,0.3259868058788674,0.2170051857956813,3,0.0,2026-06-30,monthly_walk_forward
2026-07-25,2026-0725-01-01-01-09,2023105820,ルーチェフィオーレ,9,0,30.0,3.0,2,-0.16432105520480972,0.10771420282064684,4,0.0,2026-06-30,monthly_walk_forward
2026-07-25,2026-0725-01-01-01-09,2023106226,ナムラヒナギク,3,0,66.0,6.6,4,-0.3680479450082703,0.08051496239208449,5,0.0,2026-06-30,monthly_walk_forward
2026-07-25,2026-0725-01-01-01-09,2023107075,ガーネットフレア,1,1,247.0,24.7,6,-1.0482106140369711,0.03047120318121553,6,2470.0,2026-06-30,monthly_walk_forward
2026-07-25,2026-0725-01-01-01-09,2022105153,ディヒターリーベ,2,0,881.0,88.1,9,-1.1193806101281614,0.027525439688587516,7,0.0,2026-06-30,monthly_walk_forward
2026-07-25,2026-0725-01-01-01-09,2022100724,ニシノエピカリ,4,0,255.0,25.5,7,-1.1749602350531718,0.025424447025532777,8,0.0,2026-06-30,monthly_walk_forward
2026-07-25,2026-0725-01-01-01-09,2023105977,キタノサリスカ,6,0,1237.0,123.7,10,-1.364502730500321,0.019393465878718544,9,0.0,2026-06-30,monthly_walk_forward
2026-07-25,2026-0725-01-01-01-09,2023101090,ジャストビート,7,0,259.0,25.9,8,-1.575709637931794,0.01434228325767981,10,0.0,2026-06-30,monthly_walk_forward
2026-07-25,2026-0725-01-01-01-10,2022104692,バースライト,7,0,46.0,4.6,3,0.5135815694105602,0.278482208689516,1,0.0,2026-06-30,monthly_walk_forward
2026-07-25,2026-0725-01-01-01-10,2022105839,アスクデッドヒート,4,0,48.0,4.8,4,0.18316893727801636,0.1737011213332,2,0.0,2026-06-30,monthly_walk_forward
2026-07-25,2026-0725-01-01-01-10,2023103500,ウェイクフィールド,10,0,32.0,3.2,1,0.1555077741221584,0.1669710061431837,3,0.0,2026-06-30,monthly_walk_forward
2026-07-25,2026-0725-01-01-01-10,2020103208,ジュンツバメガエシ,2,0,43.0,4.3,2,0.07309428751730604,0.14842601656412488,4,0.0,2026-06-30,monthly_walk_forward
2026-07-25,2026-0725-01-01-01-10,2022105485,ボンドロア,1,1,105.0,10.5,5,-0.33285496680036647,0.08310950893845306,5,1050.0,2026-06-30,monthly_walk_forward
2026-07-25,2026-0725-01-01-01-10,2021105285,ライフセービング,3,0,446.0,44.6,10,-0.8028129715160356,0.042469685743697666,6,0.0,2026-06-30,monthly_walk_forward
2026-07-25,2026-0725-01-01-01-10,2022106624,リギーロ,8,0,205.0,20.5,6,-1.0464611593880269,0.029985733093368678,7,0.0,2026-06-30,monthly_walk_forward
2026-07-25,2026-0725-01-01-01-10,2022103310,レイヤードレッド,9,0,326.0,32.6,8,-1.2006996042272011,0.024055918782770372,8,0.0,2026-06-30,monthly_walk_forward
2026-07-25,2026-0725-01-01-01-10,2021105475,レイデラルース,5,0,229.0,22.9,7,-1.2364245850236513,0.022859010738636092,9,0.0,2026-06-30,monthly_walk_forward
2026-07-25,2026-0725-01-01-01-10,2020106694,ヴァイザーバルコ,11,0,404.0,40.4,9,-1.5247536074513017,0.015141612967942811,10,0.0,2026-06-30,monthly_walk_forward
2026-07-25,2026-0725-01-01-01-10,2021110130,ドッビアーコ,6,0,550.0,55.0,11,-1.5408135543851993,0.014798177005106885,11,0.0,2026-06-30,monthly_walk_forward
2026-07-25,2026-0725-01-01-01-11,2023102577,アンジュプロミス,11,0,157.0,15.7,7,0.6975236841906713,0.18769896877599782,1,0.0,2026-06-30,monthly_walk_forward
2026-07-25,2026-0725-01-01-01-11,2023104015,ロジケープ,1,1,21.0,2.1,1,0.636802432574352,0.17210328734664757,2,210.0,2026-06-30,monthly_walk_forward
2026-07-25,2026-0725-01-01-01-11,2022101443,サウスバンク,3,0,50.0,5.0,2,0.3881180484892624,0.12064247245945316,3,0.0,2026-06-30,monthly_walk_forward
2026-07-25,2026-0725-01-01-01-11,2023103355,クリエープキー,8,0,381.0,38.1,10,0.1675599423213537,0.08803622607942842,4,0.0,2026-06-30,monthly_walk_forward
2026-07-25,2026-0725-01-01-01-11,2023110100,アスクケンタッキー,12,0,77.0,7.7,3,0.09932477968731188,0.07985955952260292,5,0.0,2026-06-30,monthly_walk_forward
2026-07-25,2026-0725-01-01-01-11,2021105242,シカゴスティング,10,0,110.0,11.0,5,0.052126360313442935,0.07465244472478408,6,0.0,2026-06-30,monthly_walk_forward
2026-07-25,2026-0725-01-01-01-11,2021100143,メルトユアハート,2,0,91.0,9.1,4,0.03929774589598651,0.07329678012569324,7,0.0,2026-06-30,monthly_walk_forward
2026-07-25,2026-0725-01-01-01-11,2020104194,ルーフ,4,0,142.0,14.2,6,0.002960094369342876,0.06958894717909904,8,0.0,2026-06-30,monthly_walk_forward
2026-07-25,2026-0725-01-01-01-11,2021105689,エヴァンスウィート,5,0,359.0,35.9,9,-0.13661832511836844,0.05700893487289327,9,0.0,2026-06-30,monthly_walk_forward
2026-07-25,2026-0725-01-01-01-11,2020104616,パクスロマーナ,6,0,189.0,18.9,8,-0.26750539467660217,0.04728657742073682,10,0.0,2026-06-30,monthly_walk_forward
2026-07-25,2026-0725-01-01-01-11,2022109024,ウィルオレオール,7,0,1223.0,122.3,11,-0.8622099380088261,0.020219521744575007,11,0.0,2026-06-30,monthly_walk_forward
2026-07-25,2026-0725-01-01-01-11,2021105039,ゴールドサーベル,9,0,1910.0,191.0,12,-1.3831720129825633,0.009606279748088666,12,0.0,2026-06-30,monthly_walk_forward
2026-07-25,2026-0725-01-01-01-12,2022104903,セボンサデッセ,1,1,36.0,3.6,2,0.9485492273634645,0.37780709002449553,1,360.0,2026-06-30,monthly_walk_forward
2026-07-25,2026-0725-01-01-01-12,2022110130,ベラジオワールド,3,0,20.0,2.0,1,0.7383023672911662,0.2797876896365113,2,0.0,2026-06-30,monthly_walk_forward
2026-07-25,2026-0725-01-01-01-12,2022106924,ハイクオリティ,5,0,46.0,4.6,3,0.28306509448798006,0.14601248081745383,3,0.0,2026-06-30,monthly_walk_forward
2026-07-25,2026-0725-01-01-01-12,2022103778,ライフゲート,2,0,68.0,6.8,4,-0.3790279395878195,0.05670400887906904,4,0.0,2026-06-30,monthly_walk_forward
2026-07-25,2026-0725-01-01-01-12,2021105931,ギマール,7,0,245.0,24.5,5,-0.3893951175493442,0.05587039633575996,5,0.0,2026-06-30,monthly_walk_forward
2026-07-25,2026-0725-01-01-01-12,2022104605,ショウナンヤッホー,9,0,542.0,54.2,8,-1.1635117579660978,0.018488589212427367,6,0.0,2026-06-30,monthly_walk_forward
2026-07-25,2026-0725-01-01-01-12,2021104039,ジュンラトゥール,11,0,343.0,34.3,6,-1.1874477581693237,0.017867071834443454,7,0.0,2026-06-30,monthly_walk_forward
2026-07-25,2026-0725-01-01-01-12,2021103809,マッスルバック,8,0,2046.0,204.6,11,-1.2054896588593909,0.017412447301210884,8,0.0,2026-06-30,monthly_walk_forward
2026-07-25,2026-0725-01-01-01-12,2022100321,リメンバーヒム,4,0,508.0,50.8,7,-1.3676398999303874,0.013812059827522562,9,0.0,2026-06-30,monthly_walk_forward
2026-07-25,2026-0725-01-01-01-12,2022100028,フェスタリア,10,0,1190.0,119.0,9,-1.4457781156907985,0.012353211732357606,10,0.0,2026-06-30,monthly_walk_forward
2026-07-25,2026-0725-01-01-01-12,2020100673,ヒルノピレネー,6,0,1258.0,125.8,10,-2.2555415055022605,0.0038849543987484495,11,0.0,2026-06-30,monthly_walk_forward
2026-07-25,2026-0725-04-02-01-05,2023106960,キシダンチョウ,3,0,38.0,3.8,3,0.8189579154849441,0.3723294563317814,1,0.0,2026-06-30,monthly_walk_forward
2026-07-25,2026-0725-04-02-01-05,2023103356,ヴァリスマリネリス,9,0,45.0,4.5,4,0.5622733912254505,0.25803285457201336,2,0.0,2026-06-30,monthly_walk_forward
2026-07-25,2026-0725-04-02-01-05,2022104875,オルグジェシダ,2,0,38.0,3.8,2,-0.01646507433405581,0.1128791394127511,3,0.0,2026-06-30,monthly_walk_forward
2026-07-25,2026-0725-04-02-01-05,2022107186,フィールドノート,1,1,33.0,3.3,1,-0.38246760469010405,0.0669172596709214,4,330.0,2026-06-30,monthly_walk_forward
2026-07-25,2026-0725-04-02-01-05,2022105532,カリーン,5,0,442.0,44.2,7,-0.6076104798119873,0.04851263343434229,5,0.0,2026-06-30,monthly_walk_forward
2026-07-25,2026-0725-04-02-01-05,2022106150,スワローシチー,4,0,122.0,12.2,5,-0.6117397041447585,0.0482273050417879,6,0.0,2026-06-30,monthly_walk_forward
2026-07-25,2026-0725-04-02-01-05,2023106443,コスモナエマ,8,0,167.0,16.7,6,-0.9167670555928897,0.031192322664506472,7,0.0,2026-06-30,monthly_walk_forward
2026-07-25,2026-0725-04-02-01-05,2022100068,メイショウキンタイ,7,0,511.0,51.1,8,-1.1754233111582244,0.021556190976166907,8,0.0,2026-06-30,monthly_walk_forward
2026-07-25,2026-0725-04-02-01-05,2021101801,ケイツールピア,11,0,1097.0,109.7,10,-1.2486939362387992,0.019413927833145692,9,0.0,2026-06-30,monthly_walk_forward
2026-07-25,2026-0725-04-02-01-05,2022101620,トラストモアリズム,10,0,816.0,81.6,9,-1.4704927674526829,0.01414180444125067,10,0.0,2026-06-30,monthly_walk_forward
2026-07-25,2026-0725-04-02-01-05,2021103518,リアルセンター,6,0,2391.0,239.1,11,-1.9833396385022903,0.0067971056213327755,11,0.0,2026-06-30,monthly_walk_forward
2026-07-25,2026-0725-04-02-01-06,2022105038,シャンソンドール,3,0,23.0,2.3,1,0.6249105127044184,0.21294086880673221,1,0.0,2026-06-30,monthly_walk_forward
2026-07-25,2026-0725-04-02-01-06,2023104885,ジーネキング,2,0,46.0,4.6,2,0.450874070513369,0.16606695112714803,2,0.0,2026-06-30,monthly_walk_forward
2026-07-25,2026-0725-04-02-01-06,2022106619,コルドンブルー,5,0,134.0,13.4,5,0.28116450500164175,0.1303142434169242,3,0.0,2026-06-30,monthly_walk_forward
2026-07-25,2026-0725-04-02-01-06,2023100681,ガリレア,1,1,104.0,10.4,4,0.041935621343811756,0.09259112016985892,4,1040.0,2026-06-30,monthly_walk_forward
2026-07-25,2026-0725-04-02-01-06,2021105871,ソニックライン,6,0,184.0,18.4,6,-0.10814595172588828,0.07472322807811078,5,0.0,2026-06-30,monthly_walk_forward
2026-07-25,2026-0725-04-02-01-06,2021102597,ラビットアイ,12,0,209.0,20.9,7,-0.3617699119964106,0.052011822685407307,6,0.0,2026-06-30,monthly_walk_forward
2026-07-25,2026-0725-04-02-01-06,2021105765,ミッキースターダム,7,0,250.0,25.0,8,-0.3793709963706434,0.050720321347523765,7,0.0,2026-06-30,monthly_walk_forward
2026-07-25,2026-0725-04-02-01-06,2022105233,ルナルーチェット,9,0,57.0,5.7,3,-0.4711655193826882,0.044486759828221915,8,0.0,2026-06-30,monthly_walk_forward
2026-07-25,2026-0725-04-02-01-06,2022102920,ギフテッド,15,0,361.0,36.1,9,-0.5101319643781337,0.04207800943281108,9,0.0,2026-06-30,monthly_walk_forward
2026-07-25,2026-0725-04-02-01-06,2022105047,メランジェ,8,0,943.0,94.3,13,-0.7524627555590965,0.029765155129858462,10,0.0,2026-06-30,monthly_walk_forward
2026-07-25,2026-0725-04-02-01-06,2022105552,ナグルファル,13,0,386.0,38.6,10,-0.8372993271154382,0.02636779334062317,11,0.0,2026-06-30,monthly_walk_forward
2026-07-25,2026-0725-04-02-01-06,2021105150,ナファロア,11,0,1336.0,133.6,15,-0.8439336313366225,0.02611907104102533,12,0.0,2026-06-30,monthly_walk_forward
2026-07-25,2026-0725-04-02-01-06,2021103561,ゴールドスター,10,0,541.0,54.1,11,-0.8633997415407194,0.02540273917810847,13,0.0,2026-06-30,monthly_walk_forward
2026-07-25,2026-0725-04-02-01-06,2021104899,ドリームクルーズ,14,0,655.0,65.5,12,-1.2794787711922069,0.014019628677836213,14,0.0,2026-06-30,monthly_walk_forward
2026-07-25,2026-0725-04-02-01-06,2021103799,ケイケイ,4,0,1319.0,131.9,14,-1.3658476225939595,0.012392287739809988,15,0.0,2026-06-30,monthly_walk_forward
2026-07-25,2026-0725-04-02-01-07,2022105326,コートアリシアン,4,0,18.0,1.8,1,0.7491095216797573,0.19889784646525902,1,0.0,2026-06-30,monthly_walk_forward
2026-07-25,2026-0725-04-02-01-07,2022105435,ボンヌソワレ,5,0,66.0,6.6,2,0.5459825698544942,0.14880102321608038,2,0.0,2026-06-30,monthly_walk_forward
2026-07-25,2026-0725-04-02-01-07,2022101765,ピコローズ,1,1,95.0,9.5,3,0.4400513162983262,0.12790395575487937,3,950.0,2026-06-30,monthly_walk_forward
2026-07-25,2026-0725-04-02-01-07,2022105108,モンテシート,7,0,199.0,19.9,7,0.29569776095616346,0.10406963806391432,4,0.0,2026-06-30,monthly_walk_forward
2026-07-25,2026-0725-04-02-01-07,2020102310,キタサンダムール,11,0,157.0,15.7,6,-0.07721756813053655,0.061088527795084877,5,0.0,2026-06-30,monthly_walk_forward
2026-07-25,2026-0725-04-02-01-07,2021104401,ヴェサリウス,13,0,540.0,54.0,12,-0.16922520158747606,0.05356439693320432,6,0.0,2026-06-30,monthly_walk_forward
2026-07-25,2026-0725-04-02-01-07,2022106603,モジャーリオ,14,0,255.0,25.5,8,-0.1808256129412625,0.052684041657084776,7,0.0,2026-06-30,monthly_walk_forward
2026-07-25,2026-0725-04-02-01-07,2022104918,チューラワンサ,6,0,365.0,36.5,10,-0.36887694523932435,0.04027245894292312,8,0.0,2026-06-30,monthly_walk_forward
2026-07-25,2026-0725-04-02-01-07,2020100906,フライングブレード,15,0,792.0,79.2,14,-0.40984905076543204,0.0379829074689107,9,0.0,2026-06-30,monthly_walk_forward
2026-07-25,2026-0725-04-02-01-07,2022101573,ポッドロワール,2,0,121.0,12.1,4,-0.5856659946429297,0.029546615198538035,10,0.0,2026-06-30,monthly_walk_forward
2026-07-25,2026-0725-04-02-01-07,2019103815,スマイルアップ,8,0,295.0,29.5,9,-0.617353740732135,0.02823891478811451,11,0.0,2026-06-30,monthly_walk_forward
2026-07-25,2026-0725-04-02-01-07,2021105888,スティールブルー,9,0,441.0,44.1,11,-0.6275958423334542,0.027828743071122423,12,0.0,2026-06-30,monthly_walk_forward
2026-07-25,2026-0725-04-02-01-07,2021104167,エイムフォーエース,16,0,1213.0,121.3,16,-0.675649814699551,0.02598243877375471,13,0.0,2026-06-30,monthly_walk_forward
2026-07-25,2026-0725-04-02-01-07,2020103280,エマヌエーレ,3,0,146.0,14.6,5,-0.6809881696479213,0.025785044586900285,14,0.0,2026-06-30,monthly_walk_forward
2026-07-25,2026-0725-04-02-01-07,2020106900,アームテイル,12,0,1060.0,106.0,15,-0.948661202429485,0.017591302607094364,15,0.0,2026-06-30,monthly_walk_forward
2026-07-25,2026-0725-04-02-01-07,2020104332,ルミノメテオール,17,0,1934.0,193.4,17,-1.2984862771930863,0.010672330985174266,16,0.0,2026-06-30,monthly_walk_forward
2026-07-25,2026-0725-04-02-01-07,2022103754,ミストレス,10,0,788.0,78.8,13,-1.4108363408929685,0.009089813691960569,17,0.0,2026-06-30,monthly_walk_forward
2026-07-25,2026-0725-04-02-01-08,2023103714,インナーパッション,4,0,30.0,3.0,1,-0.18071345742798772,0.21317272995658287,1,0.0,2026-06-30,monthly_walk_forward
2026-07-25,2026-0725-04-02-01-08,2022105367,パイオニアスクエア,2,0,40.0,4.0,2,-0.2938316670755752,0.18136386795793902,2,0.0,2026-06-30,monthly_walk_forward
2026-07-25,2026-0725-04-02-01-08,2023101495,アヴァランチ,13,0,115.0,11.5,5,-0.4183681963835503,0.1518048790733274,3,0.0,2026-06-30,monthly_walk_forward
2026-07-25,2026-0725-04-02-01-08,2022105154,イリュストル,10,0,211.0,21.1,8,-0.7368627498891378,0.09631304643331122,4,0.0,2026-06-30,monthly_walk_forward
2026-07-25,2026-0725-04-02-01-08,2021105730,コッレヴェッキオ,9,0,83.0,8.3,4,-0.7411324560174648,0.09572736530424378,5,0.0,2026-06-30,monthly_walk_forward
2026-07-25,2026-0725-04-02-01-08,2023100514,ロケットパンチ,1,1,58.0,5.8,3,-0.7816288341633453,0.0903464963498622,6,580.0,2026-06-30,monthly_walk_forward
2026-07-25,2026-0725-04-02-01-08,2023103677,ヴィエントデコラ,5,0,122.0,12.2,6,-1.114812863811995,0.05613025951651599,7,0.0,2026-06-30,monthly_walk_forward
2026-07-25,2026-0725-04-02-01-08,2022106099,ハルノアラシ,7,0,442.0,44.2,11,-1.5683208648359848,0.029365087818158293,8,0.0,2026-06-30,monthly_walk_forward
2026-07-25,2026-0725-04-02-01-08,2022101801,ケルピー,11,0,859.0,85.9,12,-1.7888646754122153,0.021428973174422834,9,0.0,2026-06-30,monthly_walk_forward
2026-07-25,2026-0725-04-02-01-08,2023106753,バッカステソーロ,12,0,208.0,20.8,7,-1.791959336326738,0.021334445984209405,10,0.0,2026-06-30,monthly_walk_forward
2026-07-25,2026-0725-04-02-01-08,2022104264,ライヴスプーン,3,0,371.0,37.1,10,-1.988098967690025,0.0161210113745196,11,0.0,2026-06-30,monthly_walk_forward
2026-07-25,2026-0725-04-02-01-08,2022110061,ブレスドナイル,6,0,220.0,22.0,9,-2.0591216055341706,0.014565599709440494,12,0.0,2026-06-30,monthly_walk_forward
2026-07-25,2026-0725-04-02-01-08,2021110040,メトロポリターナ,8,0,1018.0,101.8,13,-2.1759743247803693,0.012326237347466854,13,0.0,2026-06-30,monthly_walk_forward
2026-07-25,2026-0725-04-02-01-09,2022103181,モンツァフレイバー,1,1,90.0,9.0,4,-0.07351959738328472,0.3543990236734801,1,900.0,2026-06-30,monthly_walk_forward
2026-07-25,2026-0725-04-02-01-09,2019100718,スコラーリ,5,0,37.0,3.7,2,-0.2968498801334672,0.25759284102288005,2,0.0,2026-06-30,monthly_walk_forward
2026-07-25,2026-0725-04-02-01-09,2020102864,サングラデーション,2,0,45.0,4.5,3,-0.7891902008013949,0.12748986707821047,3,0.0,2026-06-30,monthly_walk_forward
2026-07-25,2026-0725-04-02-01-09,2020104328,パープルアドミラル,7,0,232.0,23.2,6,-1.16264094394675,0.07477890495652023,4,0.0,2026-06-30,monthly_walk_forward
2026-07-25,2026-0725-04-02-01-09,2020100948,ウォーターリーダー,6,0,90.0,9.0,5,-1.3007221411424297,0.06139184279164236,5,0.0,2026-06-30,monthly_walk_forward
2026-07-25,2026-0725-04-02-01-09,2018110131,アメリカンピース,3,0,475.0,47.5,8,-1.4553441774989677,0.049224346536520754,6,0.0,2026-06-30,monthly_walk_forward
2026-07-25,2026-0725-04-02-01-09,2019103100,サルサロッサ,8,0,302.0,30.2,7,-1.500714992412737,0.04613504698839007,7,0.0,2026-06-30,monthly_walk_forward
2026-07-25,2026-0725-04-02-01-09,2021104112,ローンウルフ,4,0,491.0,49.1,9,-1.825995590580145,0.028988126952355916,8,0.0,2026-06-30,monthly_walk_forward
2026-07-25,2026-0725-04-02-01-12,2023100914,タイセイフレッサ,11,0,44.0,4.4,2,0.2917355797377387,0.1432229275177438,1,0.0,2026-06-30,monthly_walk_forward
2026-07-25,2026-0725-04-02-01-12,2023104412,リラ,16,0,36.0,3.6,1,0.17102913327610877,0.1205379413583539,2,0.0,2026-06-30,monthly_walk_forward
2026-07-25,2026-0725-04-02-01-12,2023107372,ワディアルリヤハ,3,0,89.0,8.9,4,0.04193123500071835,0.10023716223199339,3,0.0,2026-06-30,monthly_walk_forward
2026-07-25,2026-0725-04-02-01-12,2023105345,ルージュダリア,5,0,52.0,5.2,3,-0.054414307626038064,0.08734820710754818,4,0.0,2026-06-30,monthly_walk_forward
2026-07-25,2026-0725-04-02-01-12,2022104093,ガラク,15,0,108.0,10.8,5,-0.05844528524939374,0.08684665450121658,5,0.0,2026-06-30,monthly_walk_forward
2026-07-25,2026-0725-04-02-01-12,2022103501,クリールスル,9,0,196.0,19.6,8,-0.23554595848569396,0.067433573008679,6,0.0,2026-06-30,monthly_walk_forward
2026-07-25,2026-0725-04-02-01-12,2022105063,ロジャリーマイン,1,1,346.0,34.6,10,-0.32483490665354353,0.05935802753894787,7,3460.0,2026-06-30,monthly_walk_forward
2026-07-25,2026-0725-04-02-01-12,2023104170,テンハートビート,13,0,861.0,86.1,14,-0.38438368109408405,0.05451727869749398,8,0.0,2026-06-30,monthly_walk_forward
2026-07-25,2026-0725-04-02-01-12,2022105715,ジョワイユノエル,2,0,418.0,41.8,11,-0.38590901711818576,0.05439861207887879,9,0.0,2026-06-30,monthly_walk_forward
2026-07-25,2026-0725-04-02-01-12,2023107276,カフェラバー,4,0,151.0,15.1,7,-0.4224226400400574,0.05163379096500215,10,0.0,2026-06-30,monthly_walk_forward
2026-07-25,2026-0725-04-02-01-12,2023106372,リラベガ,8,0,428.0,42.8,12,-0.4238618556245486,0.051527739800362495,11,0.0,2026-06-30,monthly_walk_forward
2026-07-25,2026-0725-04-02-01-12,2023104303,リアライズリバティ,6,0,137.0,13.7,6,-0.6168217376728998,0.039113329827713254,12,0.0,2026-06-30,monthly_walk_forward
2026-07-25,2026-0725-04-02-01-12,2023103361,ミスバレンシア,17,0,208.0,20.8,9,-0.7123212795859734,0.034125175903859245,13,0.0,2026-06-30,monthly_walk_forward
2026-07-25,2026-0725-04-02-01-12,2022106741,メイリー,7,0,727.0,72.7,13,-0.9403016028393903,0.024639460228324535,14,0.0,2026-06-30,monthly_walk_forward
2026-07-25,2026-0725-04-02-01-12,2022101259,ショウナンマリーナ,12,0,1826.0,182.6,16,-1.5283136109037825,0.010636931800669176,15,0.0,2026-06-30,monthly_walk_forward
2026-07-25,2026-0725-04-02-01-12,2022101749,ブルバンビーナ,14,0,3012.0,301.2,17,-1.642432838589224,0.009036795302409929,16,0.0,2026-06-30,monthly_walk_forward
2026-07-25,2026-0725-04-02-01-12,2022106212,ウインロゼライト,10,0,1353.0,135.3,15,-2.004633007197612,0.005386392130803814,17,0.0,2026-06-30,monthly_walk_forward
2026-07-25,2026-0725-07-02-01-06,2023101157,ゼロヴィジビリティ,11,0,24.0,2.4,1,0.7175961803188932,0.18875380337887981,1,0.0,2026-06-30,monthly_walk_forward
2026-07-25,2026-0725-07-02-01-06,2023103365,ヘリテージブルーム,2,0,79.0,7.9,4,0.681155724976609,0.1791790786162084,2,0.0,2026-06-30,monthly_walk_forward
2026-07-25,2026-0725-07-02-01-06,2023106940,エブリーポッシブル,1,1,46.0,4.6,2,0.5934910698136284,0.158087791839941,3,460.0,2026-06-30,monthly_walk_forward
2026-07-25,2026-0725-07-02-01-06,2022102127,モズケイスター,16,0,174.0,17.4,5,0.1904082424789079,0.0888827346539788,4,0.0,2026-06-30,monthly_walk_forward
2026-07-25,2026-0725-07-02-01-06,2022105963,ポートデラメール,5,0,46.0,4.6,3,0.057972956957754576,0.07356171014465408,5,0.0,2026-06-30,monthly_walk_forward
2026-07-25,2026-0725-07-02-01-06,2022100476,ザックザク,3,0,314.0,31.4,8,-0.07654382888916604,0.06070085665132116,6,0.0,2026-06-30,monthly_walk_forward
2026-07-25,2026-0725-07-02-01-06,2021101468,アリエスキング,4,0,294.0,29.4,7,-0.11038026654549908,0.057836498756180375,7,0.0,2026-06-30,monthly_walk_forward
2026-07-25,2026-0725-07-02-01-06,2022110117,チュウワチーフ,6,0,239.0,23.9,6,-0.18207712726953784,0.05220592300647412,8,0.0,2026-06-30,monthly_walk_forward
2026-07-25,2026-0725-07-02-01-06,2022106609,ヤマニンバロネス,12,0,423.0,42.3,9,-0.27972839041322034,0.04540826566209768,9,0.0,2026-06-30,monthly_walk_forward
2026-07-25,2026-0725-07-02-01-06,2022100327,ジェミート,13,0,477.0,47.7,10,-0.7180862111471046,0.024275526267046113,10,0.0,2026-06-30,monthly_walk_forward
2026-07-25,2026-0725-07-02-01-06,2022106010,モズタチアガレ,9,0,846.0,84.6,14,-0.8260078466485807,0.02080711360178239,11,0.0,2026-06-30,monthly_walk_forward
2026-07-25,2026-0725-07-02-01-06,2021103287,アレ,14,0,490.0,49.0,11,-1.1198219439395263,0.013674879049465731,12,0.0,2026-06-30,monthly_walk_forward
2026-07-25,2026-0725-07-02-01-06,2020103625,ゴルデールスカー,7,0,1741.0,174.1,15,-1.2764657227390601,0.010932977459611177,13,0.0,2026-06-30,monthly_walk_forward
2026-07-25,2026-0725-07-02-01-06,2022106011,ホウオウゴールド,8,0,660.0,66.0,12,-1.3415915754516528,0.009961690083701262,14,0.0,2026-06-30,monthly_walk_forward
2026-07-25,2026-0725-07-02-01-06,2022103733,スーパージョック,10,0,725.0,72.5,13,-1.3451384347821747,0.009911342440822883,15,0.0,2026-06-30,monthly_walk_forward
2026-07-25,2026-0725-07-02-01-06,2021105604,ステラスプレンダー,15,0,2012.0,201.2,16,-1.7178271597713026,0.0058198083878349014,16,0.0,2026-06-30,monthly_walk_forward
2026-07-25,2026-0725-07-02-01-07,2022103207,ミュージシャン,4,0,25.0,2.5,1,0.7648273162917069,0.25531345634980457,1,0.0,2026-06-30,monthly_walk_forward
2026-07-25,2026-0725-07-02-01-07,2020105681,ハーツコンチェルト,3,0,43.0,4.3,3,0.38848794590418995,0.14913685269456978,2,0.0,2026-06-30,monthly_walk_forward
2026-07-25,2026-0725-07-02-01-07,2020106667,サトノクローク,6,0,191.0,19.1,6,0.23366964454870984,0.11954529735717553,3,0.0,2026-06-30,monthly_walk_forward
2026-07-25,2026-0725-07-02-01-07,2020103713,タイセイフェリーク,10,0,213.0,21.3,7,0.14398677519128628,0.10516988258842806,4,0.0,2026-06-30,monthly_walk_forward
2026-07-25,2026-0725-07-02-01-07,2021105474,サダムオプシス,2,0,135.0,13.5,5,0.12656519473226233,0.10258472064407612,5,0.0,2026-06-30,monthly_walk_forward
2026-07-25,2026-0725-07-02-01-07,2021106194,ウインデイジー,8,0,111.0,11.1,4,0.03666951951857137,0.09022139615685654,6,0.0,2026-06-30,monthly_walk_forward
2026-07-25,2026-0725-07-02-01-07,2022104765,ミッキーゴールド,1,1,33.0,3.3,2,-0.056779885806759994,0.0789462669943685,7,330.0,2026-06-30,monthly_walk_forward
2026-07-25,2026-0725-07-02-01-07,2021103263,メイショウソウタ,11,0,1213.0,121.3,10,-0.56162463778568,0.03838092793603003,8,0.0,2026-06-30,monthly_walk_forward
2026-07-25,2026-0725-07-02-01-07,2021102510,ナムラフッカー,7,0,334.0,33.4,8,-0.8247941132245982,0.02635358382812138,9,0.0,2026-06-30,monthly_walk_forward
2026-07-25,2026-0725-07-02-01-07,2018104797,リンフレスカンテ,5,0,1294.0,129.4,11,-0.956373758617025,0.021837602133069692,10,0.0,2026-06-30,monthly_walk_forward
2026-07-25,2026-0725-07-02-01-07,2019104800,エイカイマッケンロ,9,0,678.0,67.8,9,-1.346346532983446,0.01251001331749991,11,0.0,2026-06-30,monthly_walk_forward
2026-07-25,2026-0725-07-02-01-08,2023103246,ブラックシャリマー,7,0,54.0,5.4,3,0.9041877089400753,0.28812617253163025,1,0.0,2026-06-30,monthly_walk_forward
2026-07-25,2026-0725-07-02-01-08,2023107516,スノースケープ,2,0,31.0,3.1,2,0.8453194197263164,0.26488636620456324,2,0.0,2026-06-30,monthly_walk_forward
2026-07-25,2026-0725-07-02-01-08,2023105818,ロードフィレール,1,1,21.0,2.1,1,0.5990896450776402,0.18633462310608798,3,210.0,2026-06-30,monthly_walk_forward
2026-07-25,2026-0725-07-02-01-08,2023101569,サイモンシャリオ,6,0,91.0,9.1,4,0.11974008055394474,0.09394965128494878,4,0.0,2026-06-30,monthly_walk_forward
2026-07-25,2026-0725-07-02-01-08,2023104008,アトレッタ,5,0,223.0,22.3,7,-0.004501378200534028,0.07867073380428642,5,0.0,2026-06-30,monthly_walk_forward
2026-07-25,2026-0725-07-02-01-08,2022104793,サラコスティ,3,0,142.0,14.2,5,-0.42521357776854507,0.0431315085977181,6,0.0,2026-06-30,monthly_walk_forward
2026-07-25,2026-0725-07-02-01-08,2023105292,サンダーバード,4,0,188.0,18.8,6,-0.4819593926009137,0.03977300191266482,7,0.0,2026-06-30,monthly_walk_forward
2026-07-25,2026-0725-07-02-01-08,2022106634,アンビアンス,8,0,1721.0,172.1,8,-1.9158980667906313,0.00512794255810042,8,0.0,2026-06-30,monthly_walk_forward
2026-07-25,2026-0725-07-02-01-09,2023106127,ダンシングドール,3,0,52.0,5.2,2,0.019352396414045382,0.25251409824584037,1,0.0,2026-06-30,monthly_walk_forward
2026-07-25,2026-0725-07-02-01-09,2023107081,ルビドゥソレイユ,1,1,26.0,2.6,1,-0.3596229218672681,0.14694726339008246,2,260.0,2026-06-30,monthly_walk_forward
2026-07-25,2026-0725-07-02-01-09,2023105126,ステライヴ,8,0,62.0,6.2,3,-0.5275460885761231,0.11560549986666036,3,0.0,2026-06-30,monthly_walk_forward
2026-07-25,2026-0725-07-02-01-09,2022106540,イーブンベター,6,0,102.0,10.2,6,-0.5559795147408191,0.11100379074360278,4,0.0,2026-06-30,monthly_walk_forward
2026-07-25,2026-0725-07-02-01-09,2023102208,ワイズギャング,7,0,64.0,6.4,4,-0.855107151575397,0.07240237886436598,5,0.0,2026-06-30,monthly_walk_forward
2026-07-25,2026-0725-07-02-01-09,2022101126,ルクスコスモス,12,0,93.0,9.3,5,-1.032221323603489,0.05621698358904871,6,0.0,2026-06-30,monthly_walk_forward
2026-07-25,2026-0725-07-02-01-09,2022100416,ヴァカンツァ,5,0,260.0,26.0,9,-1.1647144615741527,0.04652282251463584,7,0.0,2026-06-30,monthly_walk_forward
2026-07-25,2026-0725-07-02-01-09,2022102994,オブシディアーナ,11,0,236.0,23.6,8,-1.1968881723568499,0.04443291639339962,8,0.0,2026-06-30,monthly_walk_forward
2026-07-25,2026-0725-07-02-01-09,2022105011,リンゲルブルーメ,2,0,1693.0,169.3,13,-1.2803599301445108,0.03943821171166213,9,0.0,2026-06-30,monthly_walk_forward
2026-07-25,2026-0725-07-02-01-09,2023100676,ミスヘンリー,9,0,833.0,83.3,10,-1.3659070231512132,0.03490133406525701,10,0.0,2026-06-30,monthly_walk_forward
2026-07-25,2026-0725-07-02-01-09,2023103291,ドレドレ,16,0,2685.0,268.5,15,-1.8590759142057962,0.017253207472416095,11,0.0,2026-06-30,monthly_walk_forward
2026-07-25,2026-0725-07-02-01-09,2022105857,ラウルベア,15,0,4626.0,462.6,16,-1.9208999258758346,0.015794757006802888,12,0.0,2026-06-30,monthly_walk_forward
2026-07-25,2026-0725-07-02-01-09,2022105533,ニーナバイリッカ,10,0,1598.0,159.8,12,-1.9559514794185013,0.015023331139904025,13,0.0,2026-06-30,monthly_walk_forward
2026-07-25,2026-0725-07-02-01-09,2023106228,ナムラティアラ,4,0,1412.0,141.2,11,-1.9854085262456513,0.014404244305131701,14,0.0,2026-06-30,monthly_walk_forward
2026-07-25,2026-0725-07-02-01-09,2023107378,テーオーアンジェラ,13,0,2370.0,237.0,14,-2.1263115132382624,0.011777994589484586,15,0.0,2026-06-30,monthly_walk_forward
2026-07-25,2026-0725-07-02-01-09,2022107387,リカード,14,0,210.0,21.0,7,-2.626876629140069,0.00576116610170552,16,0.0,2026-06-30,monthly_walk_forward
2026-07-25,2026-0725-07-02-01-10,2023102919,サイモンゼスト,2,0,65.0,6.5,3,-0.07945970651174995,0.24959022723160018,1,0.0,2026-06-30,monthly_walk_forward
2026-07-25,2026-0725-07-02-01-10,2023107295,リヒトミューレ,1,1,79.0,7.9,5,-0.3413125167654105,0.17169935971236303,2,790.0,2026-06-30,monthly_walk_forward
2026-07-25,2026-0725-07-02-01-10,2023102836,ミランド,11,0,71.0,7.1,4,-0.571531043145188,0.12357662755311614,3,0.0,2026-06-30,monthly_walk_forward
2026-07-25,2026-0725-07-02-01-10,2023102462,ガウラディスコ,7,0,39.0,3.9,2,-0.5872869786281287,0.12082617595717274,4,0.0,2026-06-30,monthly_walk_forward
2026-07-25,2026-0725-07-02-01-10,2022105848,ステイクオール,4,0,117.0,11.7,6,-0.601056683217045,0.11847262768095852,5,0.0,2026-06-30,monthly_walk_forward
2026-07-25,2026-0725-07-02-01-10,2023106403,アスクチャンスマン,3,0,25.0,2.5,1,-0.7687074983956012,0.09324036971135839,6,0.0,2026-06-30,monthly_walk_forward
2026-07-25,2026-0725-07-02-01-10,2023107203,インシオン,5,0,119.0,11.9,7,-1.261525685017137,0.046115761906444244,7,0.0,2026-06-30,monthly_walk_forward
2026-07-25,2026-0725-07-02-01-10,2021103316,リアルペガサス,8,0,2253.0,225.3,10,-1.8132544267888298,0.020967442585547835,8,0.0,2026-06-30,monthly_walk_forward
2026-07-25,2026-0725-07-02-01-10,2021102894,ルルフィーユ,6,0,1822.0,182.2,8,-1.836715665769977,0.020276342775082754,9,0.0,2026-06-30,monthly_walk_forward
2026-07-25,2026-0725-07-02-01-10,2023104231,タマモヒロイン,9,0,2334.0,233.4,11,-2.174613671647131,0.01251269074597425,10,0.0,2026-06-30,monthly_walk_forward
2026-07-25,2026-0725-07-02-01-10,2021106078,ブルーストレイル,10,0,3502.0,350.2,12,-2.1978682103814027,0.012103838326162873,11,0.0,2026-06-30,monthly_walk_forward
2026-07-25,2026-0725-07-02-01-10,2023102827,タイセイフリーデン,12,0,2176.0,217.6,9,-2.2895132489226415,0.01061853581421901,12,0.0,2026-06-30,monthly_walk_forward
2026-07-25,2026-0725-07-02-01-11,2023105415,ルージュスプリヤ,1,1,15.0,1.5,1,0.004326435739420096,0.3254328658494282,1,150.0,2026-06-30,monthly_walk_forward
2026-07-25,2026-0725-07-02-01-11,2023107138,ケールハイム,2,0,28.0,2.8,2,-0.08638415580534138,0.2858792822603843,2,0.0,2026-06-30,monthly_walk_forward
2026-07-25,2026-0725-07-02-01-11,2023105140,サヨノパララックス,8,0,310.0,31.0,7,-0.9366290274805111,0.08485416700702421,3,0.0,2026-06-30,monthly_walk_forward
2026-07-25,2026-0725-07-02-01-11,2021100683,ビーグラッド,7,0,225.0,22.5,4,-1.0481783145823926,0.07235452369803742,4,0.0,2026-06-30,monthly_walk_forward
2026-07-25,2026-0725-07-02-01-11,2020103261,アウクソー,6,0,303.0,30.3,6,-1.0693753588409414,0.07019636187332073,5,0.0,2026-06-30,monthly_walk_forward
2026-07-25,2026-0725-07-02-01-11,2023104703,ニシノトリビュート,4,0,93.0,9.3,3,-1.0877289310272915,0.06837977513093625,6,0.0,2026-06-30,monthly_walk_forward
2026-07-25,2026-0725-07-02-01-11,2023104075,フェブリノ,5,0,431.0,43.1,8,-1.1874602187382544,0.059299675127179055,7,0.0,2026-06-30,monthly_walk_forward
2026-07-25,2026-0725-07-02-01-11,2021105484,ベランジェール,3,0,290.0,29.0,5,-1.5850448826533587,0.03360334905368974,8,0.0,2026-06-30,monthly_walk_forward
2026-07-26,2026-0726-01-01-02-07,2022100660,ロードヴァルカン,3,0,36.0,3.6,3,-0.42395336227439884,0.2510469591729412,1,0.0,2026-06-30,monthly_walk_forward
2026-07-26,2026-0726-01-01-02-07,2023105630,ビタミンドロップ,4,0,30.0,3.0,1,-0.4442747013751762,0.24386371533527598,2,0.0,2026-06-30,monthly_walk_forward
2026-07-26,2026-0726-01-01-02-07,2022103078,ナムラモモ,1,1,36.0,3.6,2,-0.528817974622566,0.21611991612961015,3,360.0,2026-06-30,monthly_walk_forward
2026-07-26,2026-0726-01-01-02-07,2022110062,レネネト,7,0,55.0,5.5,4,-0.8530940197473589,0.13599007809177102,4,0.0,2026-06-30,monthly_walk_forward
2026-07-26,2026-0726-01-01-02-07,2023100398,ランドスター,2,0,61.0,6.1,5,-1.0702787519356556,0.099715190230057,5,0.0,2026-06-30,monthly_walk_forward
2026-07-26,2026-0726-01-01-02-07,2021103550,キープライジング,6,0,415.0,41.5,6,-1.8553364941108526,0.03248592649055127,6,0.0,2026-06-30,monthly_walk_forward
2026-07-26,2026-0726-01-01-02-07,2023109174,ラムールデュヴォン,5,0,910.0,91.0,7,-2.1681678269670117,0.020778214549793405,7,0.0,2026-06-30,monthly_walk_forward
2026-07-26,2026-0726-01-01-02-08,2023107204,デイトナチャンプ,1,1,16.0,1.6,1,-0.11154001403165303,0.2199484510186755,1,160.0,2026-06-30,monthly_walk_forward
2026-07-26,2026-0726-01-01-02-08,2023102619,ナハトナナレオン,2,0,56.0,5.6,2,-0.2684628607972656,0.1757772748737665,2,0.0,2026-06-30,monthly_walk_forward
2026-07-26,2026-0726-01-01-02-08,2023105035,メイショウハッケイ,10,0,116.0,11.6,4,-0.38929843818607196,0.14790873920128633,3,0.0,2026-06-30,monthly_walk_forward
2026-07-26,2026-0726-01-01-02-08,2021101304,サンウリエル,6,0,213.0,21.3,8,-0.6174787996672567,0.10676429045499582,4,0.0,2026-06-30,monthly_walk_forward
2026-07-26,2026-0726-01-01-02-08,2023102475,コスモレッド,7,0,136.0,13.6,6,-0.6698906811403138,0.09906234458278326,5,0.0,2026-06-30,monthly_walk_forward
2026-07-26,2026-0726-01-01-02-08,2021105168,クイーンズワーフ,8,0,93.0,9.3,3,-0.7930771526752824,0.08307706920203482,6,0.0,2026-06-30,monthly_walk_forward
2026-07-26,2026-0726-01-01-02-08,2022102988,トレヴィ,9,0,163.0,16.3,7,-1.0435477478537993,0.058087679559669626,7,0.0,2026-06-30,monthly_walk_forward
2026-07-26,2026-0726-01-01-02-08,2022104894,ダノンフィオーレ,3,0,135.0,13.5,5,-1.4732080737150115,0.03144226855713901,8,0.0,2026-06-30,monthly_walk_forward
2026-07-26,2026-0726-01-01-02-08,2021101100,ルクスアドラー,4,0,1484.0,148.4,11,-1.543508619288276,0.02843792862895955,9,0.0,2026-06-30,monthly_walk_forward
2026-07-26,2026-0726-01-01-02-08,2022106357,トップオンザヒル,5,0,918.0,91.8,10,-1.6608287013000944,0.02404972716759184,10,0.0,2026-06-30,monthly_walk_forward
2026-07-26,2026-0726-01-01-02-08,2022110012,マジカルシャイン,11,0,586.0,58.6,9,-2.036939370396059,0.01405281450351525,11,0.0,2026-06-30,monthly_walk_forward
2026-07-26,2026-0726-01-01-02-08,2022104870,フクシマコウヨウ,12,0,3550.0,355.0,12,-2.1839134257182047,0.011391412249582455,12,0.0,2026-06-30,monthly_walk_forward
2026-07-26,2026-0726-01-01-02-09,2023103696,マーゴットサンズ,1,1,16.0,1.6,1,0.06610768677055946,0.35260355422418727,1,160.0,2026-06-30,monthly_walk_forward
2026-07-26,2026-0726-01-01-02-09,2022107317,カルミアクラウン,3,0,55.0,5.5,2,-0.4880530924400357,0.15976214157098165,2,0.0,2026-06-30,monthly_walk_forward
2026-07-26,2026-0726-01-01-02-09,2022105267,サウンドルーチェ,5,0,150.0,15.0,6,-0.5016321147278199,0.15669284544716053,3,0.0,2026-06-30,monthly_walk_forward
2026-07-26,2026-0726-01-01-02-09,2023107337,ルージュビバーチェ,2,0,68.0,6.8,4,-0.5762999892543313,0.14083924005868992,4,0.0,2026-06-30,monthly_walk_forward
2026-07-26,2026-0726-01-01-02-09,2023104766,ヴェールミューズ,4,0,143.0,14.3,5,-0.7614795961716505,0.10810217048098353,5,0.0,2026-06-30,monthly_walk_forward
2026-07-26,2026-0726-01-01-02-09,2022104399,ラウニウ,8,0,63.0,6.3,3,-1.4385332342589043,0.041093802522146325,6,0.0,2026-06-30,monthly_walk_forward
2026-07-26,2026-0726-01-01-02-09,2023100463,ナムラハリス,7,0,431.0,43.1,7,-1.6373342957452885,0.03093399693418447,7,0.0,2026-06-30,monthly_walk_forward
2026-07-26,2026-0726-01-01-02-09,2023102305,マインセーラ,6,0,1855.0,185.5,8,-2.4297690802446934,0.00997224876166648,8,0.0,2026-06-30,monthly_walk_forward
2026-07-26,2026-0726-01-01-02-10,2023105347,ショウナンカリス,9,0,53.0,5.3,4,0.8565237347305938,0.34794187261149945,1,0.0,2026-06-30,monthly_walk_forward
2026-07-26,2026-0726-01-01-02-10,2023105714,ヒズマスターピース,5,0,37.0,3.7,2,0.5954548709701905,0.23962612913335685,2,0.0,2026-06-30,monthly_walk_forward
2026-07-26,2026-0726-01-01-02-10,2023105356,マーゴットブロー,4,0,31.0,3.1,1,0.4682422315529585,0.19980613499326538,3,0.0,2026-06-30,monthly_walk_forward
2026-07-26,2026-0726-01-01-02-10,2023105106,アルデトップガン,3,0,52.0,5.2,3,-0.12718455327049277,0.0853480736355102,4,0.0,2026-06-30,monthly_walk_forward
2026-07-26,2026-0726-01-01-02-10,2021103227,ジャズ,7,0,126.0,12.6,6,-0.40857639827359576,0.05709688311847882,5,0.0,2026-06-30,monthly_walk_forward
2026-07-26,2026-0726-01-01-02-10,2022101464,レイユール,2,0,223.0,22.3,8,-1.0739736206420243,0.022069180070827407,6,0.0,2026-06-30,monthly_walk_forward
2026-07-26,2026-0726-01-01-02-10,2020101184,シャイニースイフト,6,0,205.0,20.5,7,-1.0966741604056163,0.02136497129964451,7,0.0,2026-06-30,monthly_walk_forward
2026-07-26,2026-0726-01-01-02-10,2022101412,ワタシマツワ,1,1,92.0,9.2,5,-1.3378709540403293,0.015137663014059038,8,920.0,2026-06-30,monthly_walk_forward
2026-07-26,2026-0726-01-01-02-10,2022101469,ヴェナートル,8,0,931.0,93.1,9,-1.523649052052107,0.011609092123358396,9,0.0,2026-06-30,monthly_walk_forward
2026-07-26,2026-0726-01-01-02-11,2022107282,レクスノヴァス,7,0,35.0,3.5,2,1.196855011421505,0.23947046847648745,1,0.0,2026-06-30,monthly_walk_forward
2026-07-26,2026-0726-01-01-02-11,2022105109,ミラージュナイト,1,1,21.0,2.1,1,0.9966840826381177,0.17991268226388848,2,210.0,2026-06-30,monthly_walk_forward
2026-07-26,2026-0726-01-01-02-11,2022104615,アマキヒ,10,0,101.0,10.1,4,0.8961550612876045,0.15584450495070606,3,0.0,2026-06-30,monthly_walk_forward
2026-07-26,2026-0726-01-01-02-11,2021105066,レッドテリオス,8,0,84.0,8.4,3,0.7098373184839204,0.11942523690755086,4,0.0,2026-06-30,monthly_walk_forward
2026-07-26,2026-0726-01-01-02-11,2022104733,コーチェラバレー,9,0,115.0,11.5,5,0.5498798044008913,0.09502878147437575,5,0.0,2026-06-30,monthly_walk_forward
2026-07-26,2026-0726-01-01-02-11,2020110060,ホールネス,2,0,292.0,29.2,8,0.22700195949055,0.059914931296264275,6,0.0,2026-06-30,monthly_walk_forward
2026-07-26,2026-0726-01-01-02-11,2021105559,ギャンブルルーム,3,0,252.0,25.2,7,0.09812551768663134,0.049839933582804884,7,0.0,2026-06-30,monthly_walk_forward
2026-07-26,2026-0726-01-01-02-11,2022106633,バルナバ,12,0,682.0,68.2,11,-0.3088490501120154,0.02786647357182219,8,0.0,2026-06-30,monthly_walk_forward
2026-07-26,2026-0726-01-01-02-11,2021105438,スピードリッチ,5,0,231.0,23.1,6,-0.38209079315650035,0.025098127472500273,9,0.0,2026-06-30,monthly_walk_forward
2026-07-26,2026-0726-01-01-02-11,2021105391,ラスカンブレス,4,0,657.0,65.7,10,-0.4597625803926868,0.022462192097486216,10,0.0,2026-06-30,monthly_walk_forward
2026-07-26,2026-0726-01-01-02-11,2019103850,パトリックハンサム,11,0,1066.0,106.6,13,-0.7308990731692395,0.01524872202328791,11,0.0,2026-06-30,monthly_walk_forward
2026-07-26,2026-0726-01-01-02-11,2021103976,エコロレイズ,6,0,997.0,99.7,12,-1.0341245622428148,0.009887945882825502,12,0.0,2026-06-30,monthly_walk_forward
2026-07-26,2026-0726-01-01-02-12,2021103520,デルシエロ,4,0,28.0,2.8,2,-0.5207079381711608,0.24504800468298396,1,0.0,2026-06-30,monthly_walk_forward
2026-07-26,2026-0726-01-01-02-12,2023102091,クリスレジーナ,3,0,22.0,2.2,1,-0.5459387038133867,0.23637279012555543,2,0.0,2026-06-30,monthly_walk_forward
2026-07-26,2026-0726-01-01-02-12,2023102719,カイシンパジェント,6,0,306.0,30.6,7,-1.1193806101281614,0.10418909346599498,3,0.0,2026-06-30,monthly_walk_forward
2026-07-26,2026-0726-01-01-02-12,2023104389,フリーガー,9,0,88.0,8.8,4,-1.1532767818270964,0.09926413744377348,4,0.0,2026-06-30,monthly_walk_forward
2026-07-26,2026-0726-01-01-02-12,2022105400,ピティロディア,5,0,107.0,10.7,5,-1.218952383708906,0.09037449239218134,5,0.0,2026-06-30,monthly_walk_forward
2026-07-26,2026-0726-01-01-02-12,2022104598,ドルチェリターン,7,0,67.0,6.7,3,-1.2343413995737138,0.08840935195558285,6,0.0,2026-06-30,monthly_walk_forward
2026-07-26,2026-0726-01-01-02-12,2019106416,キセキノエンジェル,8,0,1204.0,120.4,9,-1.3705662384566617,0.07277488014543906,7,0.0,2026-06-30,monthly_walk_forward
2026-07-26,2026-0726-01-01-02-12,2022104062,カージオイド,2,0,233.0,23.3,6,-1.8957187790596528,0.03436892893413804,8,0.0,2026-06-30,monthly_walk_forward
2026-07-26,2026-0726-01-01-02-12,2022101969,デルマジュテーム,1,1,378.0,37.8,8,-2.0098479865113528,0.02919832085435092,9,3780.0,2026-06-30,monthly_walk_forward
2026-07-26,2026-0726-04-02-02-05,2020103939,ホウオウプレシャス,6,0,1354.0,135.4,12,-0.3000327307414972,0.1706439848132339,1,0.0,2026-06-30,monthly_walk_forward
2026-07-26,2026-0726-04-02-02-05,2022103911,ショウナンタハティ,3,0,61.0,6.1,4,-0.4192053156638699,0.14393083564425588,2,0.0,2026-06-30,monthly_walk_forward
2026-07-26,2026-0726-04-02-02-05,2022105459,エテオクロス,5,0,180.0,18.0,6,-0.6569806564061352,0.10247858172488403,3,0.0,2026-06-30,monthly_walk_forward
2026-07-26,2026-0726-04-02-02-05,2023103216,アンバサダネージュ,2,0,26.0,2.6,1,-0.6638630018921149,0.10147595722977078,4,0.0,2026-06-30,monthly_walk_forward
2026-07-26,2026-0726-04-02-02-05,2023102841,ショコラキュイ,1,1,48.0,4.8,2,-0.672078648574334,0.10029193246866963,5,480.0,2026-06-30,monthly_walk_forward
2026-07-26,2026-0726-04-02-02-05,2023103037,コパノトーマス,15,0,227.0,22.7,7,-0.8230541327545353,0.08083467298699269,6,0.0,2026-06-30,monthly_walk_forward
2026-07-26,2026-0726-04-02-02-05,2023104849,ムーンブランシュ,13,0,58.0,5.8,3,-0.8895802028377989,0.07350612614308437,7,0.0,2026-06-30,monthly_walk_forward
2026-07-26,2026-0726-04-02-02-05,2020105525,カツノテンス,13,0,559.0,55.9,9,-0.9566537508176803,0.06678973475315514,8,0.0,2026-06-30,monthly_walk_forward
2026-07-26,2026-0726-04-02-02-05,2023103557,ラテラルパーム,4,0,71.0,7.1,5,-1.3789606995877168,0.03653438077465646,9,0.0,2026-06-30,monthly_walk_forward
2026-07-26,2026-0726-04-02-02-05,2022106324,レインボーラッキー,9,0,592.0,59.2,10,-1.4238938874203166,0.03426291205401841,10,0.0,2026-06-30,monthly_walk_forward
2026-07-26,2026-0726-04-02-02-05,2022101141,ガンバレベアー,8,0,454.0,45.4,8,-1.650389088615473,0.02479145196204556,11,0.0,2026-06-30,monthly_walk_forward
2026-07-26,2026-0726-04-02-02-05,2022105909,アースミューズ,7,0,641.0,64.1,11,-1.6625261163791902,0.02436530766901193,12,0.0,2026-06-30,monthly_walk_forward
2026-07-26,2026-0726-04-02-02-05,2022104271,スマイルディシー,10,0,2361.0,236.1,13,-1.8344325245557553,0.019059767895961924,13,0.0,2026-06-30,monthly_walk_forward
2026-07-26,2026-0726-04-02-02-05,2022109052,キカオクベシ,11,0,3632.0,363.2,15,-2.0512525859551256,0.01398292266989411,14,0.0,2026-06-30,monthly_walk_forward
2026-07-26,2026-0726-04-02-02-05,2020103995,サンシップ,12,0,3175.0,317.5,14,-2.5304769056312777,0.00705143121036501,15,0.0,2026-06-30,monthly_walk_forward
2026-07-26,2026-0726-04-02-02-06,2021104399,ラヴオントップ,8,0,44.0,4.4,2,-0.2652264654736951,0.20784018585745512,1,0.0,2026-06-30,monthly_walk_forward
2026-07-26,2026-0726-04-02-02-06,2022107359,サマースイートピー,11,0,147.0,14.7,6,-0.36375120393188787,0.18055217980466592,2,0.0,2026-06-30,monthly_walk_forward
2026-07-26,2026-0726-04-02-02-06,2023105899,ソウルオンファイア,1,1,24.0,2.4,1,-0.7099710425536705,0.11010341398947462,3,240.0,2026-06-30,monthly_walk_forward
2026-07-26,2026-0726-04-02-02-06,2022103577,リッキースタイル,2,0,58.0,5.8,3,-0.8242708435093015,0.09351619420867957,4,0.0,2026-06-30,monthly_walk_forward
2026-07-26,2026-0726-04-02-02-06,2022106698,オカメノコイ,3,0,244.0,24.4,7,-0.8326030737514593,0.09240965230155045,5,0.0,2026-06-30,monthly_walk_forward
2026-07-26,2026-0726-04-02-02-06,2022105824,フィーチャリング,4,0,329.0,32.9,8,-0.9979848814622342,0.07296440430953366,6,0.0,2026-06-30,monthly_walk_forward
2026-07-26,2026-0726-04-02-02-06,2021106307,モリノセピア,7,0,66.0,6.6,4,-1.032700853237643,0.06943405579345796,7,0.0,2026-06-30,monthly_walk_forward
2026-07-26,2026-0726-04-02-02-06,2021105779,レッドセニョール,5,0,894.0,89.4,11,-1.0532014112093575,0.06743006274368726,8,0.0,2026-06-30,monthly_walk_forward
2026-07-26,2026-0726-04-02-02-06,2020105803,マイネルラッシュ,6,0,623.0,62.3,10,-1.2480513911732483,0.05104633956047728,9,0.0,2026-06-30,monthly_walk_forward
2026-07-26,2026-0726-04-02-02-06,2022106169,カワキタマナレア,10,0,98.0,9.8,5,-1.4311670693859717,0.03929667905922207,10,0.0,2026-06-30,monthly_walk_forward
2026-07-26,2026-0726-04-02-02-06,2022103725,ロッカバイベイビー,9,0,397.0,39.7,9,-2.086597328406028,0.015406832371796087,11,0.0,2026-06-30,monthly_walk_forward
2026-07-26,2026-0726-04-02-02-07,2021110030,アンパドゥ,1,1,48.0,4.8,1,1.0380890358415364,0.17559319303855198,1,480.0,2026-06-30,monthly_walk_forward
2026-07-26,2026-0726-04-02-02-07,2020100680,エルトンバローズ,5,0,89.0,8.9,3,0.9345248395887413,0.15144477917978846,2,0.0,2026-06-30,monthly_walk_forward
2026-07-26,2026-0726-04-02-02-07,2022104814,ダノンセンチュリー,11,0,50.0,5.0,2,0.8700708144090135,0.1381229023864727,3,0.0,2026-06-30,monthly_walk_forward
2026-07-26,2026-0726-04-02-02-07,2021104893,ファーヴェント,3,0,106.0,10.6,6,0.7472972755658916,0.11590293992108543,4,0.0,2026-06-30,monthly_walk_forward
2026-07-26,2026-0726-04-02-02-07,2022104401,ランスオブカオス,13,0,103.0,10.3,5,0.477730688784231,0.0788587274949658,5,0.0,2026-06-30,monthly_walk_forward
2026-07-26,2026-0726-04-02-02-07,2023107053,サンダーストラック,9,0,143.0,14.3,9,0.3570682244060208,0.06637251519158292,6,0.0,2026-06-30,monthly_walk_forward
2026-07-26,2026-0726-04-02-02-07,2021105454,ブエナオンダ,4,0,432.0,43.2,14,0.2935230456542807,0.06061268630694814,7,0.0,2026-06-30,monthly_walk_forward
2026-07-26,2026-0726-04-02-02-07,2021100139,クランフォード,2,0,113.0,11.3,8,0.1769888700703615,0.051317243303543036,8,0.0,2026-06-30,monthly_walk_forward
2026-07-26,2026-0726-04-02-02-07,2019105806,ドロップオブライト,12,0,160.0,16.0,10,0.06990825846687894,0.044038071457006785,9,0.0,2026-06-30,monthly_walk_forward
2026-07-26,2026-0726-04-02-02-07,2021104094,シリウスコルト,10,0,90.0,9.0,4,-0.08317647086550144,0.035387620291870044,10,0.0,2026-06-30,monthly_walk_forward
2026-07-26,2026-0726-04-02-02-07,2022104813,ジュタ,7,0,375.0,37.5,13,-0.16050461646259845,0.031686580725122086,11,0.0,2026-06-30,monthly_walk_forward
2026-07-26,2026-0726-04-02-02-07,2021105752,レディマリオン,8,0,250.0,25.0,11,-0.395956564448331,0.022635814053026632,12,0.0,2026-06-30,monthly_walk_forward
2026-07-26,2026-0726-04-02-02-07,2020101772,メタルスピード,14,0,111.0,11.1,7,-0.6387556908646598,0.01600141970249271,13,0.0,2026-06-30,monthly_walk_forward
2026-07-26,2026-0726-04-02-02-07,2019105546,マテンロウスカイ,6,0,310.0,31.0,12,-0.8387089246289301,0.012025506947543396,14,0.0,2026-06-30,monthly_walk_forward
2026-07-26,2026-0726-04-02-02-08,2023103628,ケイツーリーブル,9,0,53.0,5.3,3,0.0007384222234300313,0.15057292081901802,1,0.0,2026-06-30,monthly_walk_forward
2026-07-26,2026-0726-04-02-02-08,2022103371,パイシャオピン,13,0,48.0,4.8,2,-0.06594251125859302,0.13689155104768244,2,0.0,2026-06-30,monthly_walk_forward
2026-07-26,2026-0726-04-02-02-08,2022105385,ステアハート,15,0,41.0,4.1,1,-0.2470599412119869,0.10568361096710108,3,0.0,2026-06-30,monthly_walk_forward
2026-07-26,2026-0726-04-02-02-08,2022105787,コンアフェット,10,0,73.0,7.3,4,-0.28473570524712005,0.10014581845895099,4,0.0,2026-06-30,monthly_walk_forward
2026-07-26,2026-0726-04-02-02-08,2022105058,ヴァンアグレアブル,8,0,160.0,16.0,8,-0.3663142320696486,0.08912916019548041,5,0.0,2026-06-30,monthly_walk_forward
2026-07-26,2026-0726-04-02-02-08,2022105803,パースウェイド,2,0,104.0,10.4,6,-0.4609884211942329,0.07785418968589586,6,0.0,2026-06-30,monthly_walk_forward
2026-07-26,2026-0726-04-02-02-08,2021105984,モモンウールー,1,1,134.0,13.4,7,-0.528024926307197,0.07074425121943467,7,1340.0,2026-06-30,monthly_walk_forward
2026-07-26,2026-0726-04-02-02-08,2022104912,カーラデマドレ,6,0,90.0,9.0,5,-0.5577093078864473,0.06780697182750993,8,0.0,2026-06-30,monthly_walk_forward
2026-07-26,2026-0726-04-02-02-08,2021106707,ヴァズレーヌ,3,0,278.0,27.8,9,-0.7982565997404084,0.048087680931139715,9,0.0,2026-06-30,monthly_walk_forward
2026-07-26,2026-0726-04-02-02-08,2021104929,ルトゥール,12,0,1144.0,114.4,14,-0.8229135888082076,0.04642331263398768,10,0.0,2026-06-30,monthly_walk_forward
2026-07-26,2026-0726-04-02-02-08,2022105053,スルーザナイト,14,0,287.0,28.7,10,-0.8622549053146688,0.04388619824128778,11,0.0,2026-06-30,monthly_walk_forward
2026-07-26,2026-0726-04-02-02-08,2021100606,ベルイストワール,4,0,901.0,90.1,13,-1.4117506098712134,0.02001748248817925,12,0.0,2026-06-30,monthly_walk_forward
2026-07-26,2026-0726-04-02-02-08,2022104917,エターナルプロミス,7,0,419.0,41.9,11,-1.4384200327256238,0.019269178310151385,13,0.0,2026-06-30,monthly_walk_forward
2026-07-26,2026-0726-04-02-02-08,2022101457,アンドリーナ,5,0,723.0,72.3,12,-1.709330241181188,0.013085336565475997,14,0.0,2026-06-30,monthly_walk_forward
2026-07-26,2026-0726-04-02-02-08,2021105895,レーヴドレフォン,11,0,1183.0,118.3,15,-1.8699535027902183,0.010402336608704732,15,0.0,2026-06-30,monthly_walk_forward
2026-07-26,2026-0726-04-02-02-09,2020102976,ノーブルクライ,6,0,24.0,2.4,1,0.035822484880707904,0.23058630143520337,1,0.0,2026-06-30,monthly_walk_forward
2026-07-26,2026-0726-04-02-02-09,2021105885,キャネル,1,1,37.0,3.7,2,-0.12733047848370424,0.1826459428167987,2,370.0,2026-06-30,monthly_walk_forward
2026-07-26,2026-0726-04-02-02-09,2019106698,バラジ,9,0,60.0,6.0,3,-0.5325035398584834,0.1023840440872751,3,0.0,2026-06-30,monthly_walk_forward
2026-07-26,2026-0726-04-02-02-09,2019103996,タイキエクセロン,12,0,1087.0,108.7,12,-0.6869457386892864,0.08211323163959902,4,0.0,2026-06-30,monthly_walk_forward
2026-07-26,2026-0726-04-02-02-09,2021100557,オーサムストローク,4,0,69.0,6.9,4,-0.7056577090968571,0.07994730915311596,5,0.0,2026-06-30,monthly_walk_forward
2026-07-26,2026-0726-04-02-02-09,2019104915,バンデルオーラ,10,0,189.0,18.9,7,-0.7289796729366937,0.07732758055779827,6,0.0,2026-06-30,monthly_walk_forward
2026-07-26,2026-0726-04-02-02-09,2022101614,ノブダブルホワイト,2,0,153.0,15.3,6,-0.9339044399981105,0.05770253020899758,7,0.0,2026-06-30,monthly_walk_forward
2026-07-26,2026-0726-04-02-02-09,2021104844,グロッシェン,5,0,143.0,14.3,5,-1.0064657139595214,0.05202071792461146,8,0.0,2026-06-30,monthly_walk_forward
2026-07-26,2026-0726-04-02-02-09,2022107011,ニシノブレイゼスト,11,0,828.0,82.8,11,-1.0884672318652249,0.04627014956159746,9,0.0,2026-06-30,monthly_walk_forward
2026-07-26,2026-0726-04-02-02-09,2022100737,セイウンビッグバン,3,0,442.0,44.2,8,-1.3717113382478592,0.030872400516025245,10,0.0,2026-06-30,monthly_walk_forward
2026-07-26,2026-0726-04-02-02-09,2020102452,フェスティヴビーム,7,0,590.0,59.0,9,-1.6517147867612405,0.02069428698555935,11,0.0,2026-06-30,monthly_walk_forward
2026-07-26,2026-0726-04-02-02-09,2021103506,ジュリアスローズ,13,0,748.0,74.8,10,-1.863252819050291,0.015297057385541473,12,0.0,2026-06-30,monthly_walk_forward
2026-07-26,2026-0726-04-02-02-09,2020100209,コトブキヘスペラス,8,0,2558.0,255.8,14,-1.9392986036717657,0.013722319214707544,13,0.0,2026-06-30,monthly_walk_forward
2026-07-26,2026-0726-04-02-02-09,2022101826,スマートフランキー,14,0,2329.0,232.9,13,-2.281510208375572,0.008416128513169262,14,0.0,2026-06-30,monthly_walk_forward
2026-07-26,2026-0726-04-02-02-11,2021105373,パレスドフィーヌ,1,1,60.0,6.0,3,-0.5960779316318353,0.1486849670166019,1,600.0,2026-06-30,monthly_walk_forward
2026-07-26,2026-0726-04-02-02-11,2021104137,ミエノブラボー,2,0,83.0,8.3,5,-0.6639872756972959,0.1349381335816891,2,0.0,2026-06-30,monthly_walk_forward
2026-07-26,2026-0726-04-02-02-11,2022106950,シャンクス,3,0,88.0,8.8,6,-0.6850647358458473,0.13093561924872502,3,0.0,2026-06-30,monthly_walk_forward
2026-07-26,2026-0726-04-02-02-11,2022106320,ルブリアン,11,0,44.0,4.4,1,-0.7506933685919278,0.11921761930187082,4,0.0,2026-06-30,monthly_walk_forward
2026-07-26,2026-0726-04-02-02-11,2023103702,リアアーテシアン,10,0,156.0,15.6,8,-0.909723225930194,0.09498937527731496,5,0.0,2026-06-30,monthly_walk_forward
2026-07-26,2026-0726-04-02-02-11,2022100075,ブラックティンカー,8,0,75.0,7.5,4,-1.0128779967916917,0.08197391507261512,6,0.0,2026-06-30,monthly_walk_forward
2026-07-26,2026-0726-04-02-02-11,2023101860,コウジハラ,9,0,156.0,15.6,9,-1.0231346873966118,0.08078155603983297,7,0.0,2026-06-30,monthly_walk_forward
2026-07-26,2026-0726-04-02-02-11,2023101827,ヨドノティアラ,5,0,51.0,5.1,2,-1.2570043405409437,0.05783818329113905,8,0.0,2026-06-30,monthly_walk_forward
2026-07-26,2026-0726-04-02-02-11,2022104874,ホウオウガイア,14,0,335.0,33.5,10,-1.3588661233712573,0.05000546680392155,9,0.0,2026-06-30,monthly_walk_forward
2026-07-26,2026-0726-04-02-02-11,2023102312,ラブソング,6,0,336.0,33.6,11,-1.8665334583525546,0.024213087325460535,10,0.0,2026-06-30,monthly_walk_forward
2026-07-26,2026-0726-04-02-02-11,2022104122,スカイダイバー,4,0,412.0,41.2,12,-1.9763206199704777,0.020698360272507748,11,0.0,2026-06-30,monthly_walk_forward
2026-07-26,2026-0726-04-02-02-11,2023102819,マーシャルアン,12,0,1104.0,110.4,14,-1.9898466231674863,0.020302248054863054,12,0.0,2026-06-30,monthly_walk_forward
2026-07-26,2026-0726-04-02-02-11,2022101571,ハッピーダンシング,15,0,927.0,92.7,13,-2.2287793153617423,0.01443129632430281,13,0.0,2026-06-30,monthly_walk_forward
2026-07-26,2026-0726-04-02-02-11,2022101579,オレイア,13,0,3191.0,319.1,15,-2.3647283377594532,0.011883921059305459,14,0.0,2026-06-30,monthly_walk_forward
2026-07-26,2026-0726-04-02-02-11,2022101265,テンペストヒロイン,7,0,153.0,15.3,7,-2.551085962343254,0.009106251329849732,15,0.0,2026-06-30,monthly_walk_forward
2026-07-26,2026-0726-07-02-02-06,2023105645,サヴォアフェール,1,1,22.0,2.2,1,1.0230524677276718,0.36100273310302405,1,220.0,2026-06-30,monthly_walk_forward
2026-07-26,2026-0726-07-02-02-06,2022105098,マディソンガール,7,0,40.0,4.0,2,0.5608654139500424,0.186534891904409,2,0.0,2026-06-30,monthly_walk_forward
2026-07-26,2026-0726-07-02-02-06,2022103278,ホウオウタイタン,4,0,67.0,6.7,4,0.4573086147936117,0.1608834234937778,3,0.0,2026-06-30,monthly_walk_forward
2026-07-26,2026-0726-07-02-02-06,2023107227,レッドラージャ,2,0,43.0,4.3,3,0.33787515623917425,0.13564766133601633,4,0.0,2026-06-30,monthly_walk_forward
2026-07-26,2026-0726-07-02-02-06,2022105250,エアビッグマム,8,0,132.0,13.2,5,0.08972644722440087,0.09516028142267238,5,0.0,2026-06-30,monthly_walk_forward
2026-07-26,2026-0726-07-02-02-06,2022101925,オデット,6,0,598.0,59.8,8,-1.0508308193051965,0.01865650948387879,6,0.0,2026-06-30,monthly_walk_forward
2026-07-26,2026-0726-07-02-02-06,2022104623,コリカンチャ,3,0,592.0,59.2,7,-1.1716336960053293,0.015699354251594983,7,0.0,2026-06-30,monthly_walk_forward
2026-07-26,2026-0726-07-02-02-06,2022100529,ハッピーダンチャン,9,0,2127.0,212.7,10,-1.4649867635217824,0.010324748397805826,8,0.0,2026-06-30,monthly_walk_forward
2026-07-26,2026-0726-07-02-02-06,2022103651,ツーエムクロノス,10,0,689.0,68.9,9,-1.583894335649258,0.008711777188972746,9,0.0,2026-06-30,monthly_walk_forward
2026-07-26,2026-0726-07-02-02-06,2021105970,コンフェルマ,5,0,175.0,17.5,6,-1.700156817478915,0.007378619417848082,10,0.0,2026-06-30,monthly_walk_forward
2026-07-26,2026-0726-07-02-02-07,2022106942,ドンインザムード,3,0,18.0,1.8,1,1.6447255401170209,0.25620126027718776,1,0.0,2026-06-30,monthly_walk_forward
2026-07-26,2026-0726-07-02-02-07,2022106658,ベルジュロネット,9,0,88.0,8.8,4,1.5897332207361838,0.23684427373188455,2,0.0,2026-06-30,monthly_walk_forward
2026-07-26,2026-0726-07-02-02-07,2022110138,ドラゴンテイラー,14,0,87.0,8.7,3,1.3177927813778116,0.16059995324191262,3,0.0,2026-06-30,monthly_walk_forward
2026-07-26,2026-0726-07-02-02-07,2022100623,ダノンフィーゴ,10,0,51.0,5.1,2,1.1643694754521423,0.12899070648879954,4,0.0,2026-06-30,monthly_walk_forward
2026-07-26,2026-0726-07-02-02-07,2021110126,インユアパレス,4,0,106.0,10.6,5,0.6723303691910596,0.06386856821198963,5,0.0,2026-06-30,monthly_walk_forward
2026-07-26,2026-0726-07-02-02-07,2022103264,メイショウハチロー,2,0,140.0,14.0,6,0.6687676573178126,0.06354432930990628,6,0.0,2026-06-30,monthly_walk_forward
2026-07-26,2026-0726-07-02-02-07,2019103879,バトルクライ,5,0,399.0,39.9,8,0.08985052358405912,0.027791029393799224,7,0.0,2026-06-30,monthly_walk_forward
2026-07-26,2026-0726-07-02-02-07,2017101560,ケイアイドリー,13,0,3182.0,318.2,14,-0.34984986037296106,0.014828779884419814,8,0.0,2026-06-30,monthly_walk_forward
2026-07-26,2026-0726-07-02-02-07,2022100140,ハッピーマン,8,0,780.0,78.0,10,-0.46576624705219544,0.01256575229139536,9,0.0,2026-06-30,monthly_walk_forward
2026-07-26,2026-0726-07-02-02-07,2022103622,マテンロウコマンド,1,1,163.0,16.3,7,-0.635443943295942,0.009860908775431528,10,1630.0,2026-06-30,monthly_walk_forward
2026-07-26,2026-0726-07-02-02-07,2020106062,ジュンウィンダム,12,0,2416.0,241.6,11,-0.6928218367322335,0.009084865644910569,11,0.0,2026-06-30,monthly_walk_forward
2026-07-26,2026-0726-07-02-02-07,2020103876,モンドプリューム,11,0,2666.0,266.6,12,-0.8866693725121438,0.00688733943684266,12,0.0,2026-06-30,monthly_walk_forward
2026-07-26,2026-0726-07-02-02-07,2021110148,ノーブルロジャー,7,0,643.0,64.3,9,-0.9238938731584219,0.006530653428393639,13,0.0,2026-06-30,monthly_walk_forward
2026-07-26,2026-0726-07-02-02-07,2022102493,トリリオンボーイ,6,0,3059.0,305.9,13,-1.624160012087569,0.002401579883126926,14,0.0,2026-06-30,monthly_walk_forward
2026-07-26,2026-0726-07-02-02-08,2022100439,ハギノコラソン,7,0,51.0,5.1,3,-0.005724278962203022,0.23874440069598096,1,0.0,2026-06-30,monthly_walk_forward
2026-07-26,2026-0726-07-02-02-08,2023104848,ダンツシタン,1,1,32.0,3.2,1,-0.14682904541766229,0.1951591322741981,2,320.0,2026-06-30,monthly_walk_forward
2026-07-26,2026-0726-07-02-02-08,2020100771,ジョータルマエ,8,0,43.0,4.3,2,-0.3227840741750165,0.15178286228482468,3,0.0,2026-06-30,monthly_walk_forward
2026-07-26,2026-0726-07-02-02-08,2022102260,ジェシーテソーロ,9,0,326.0,32.6,8,-0.6462139845648188,0.0956225081060561,4,0.0,2026-06-30,monthly_walk_forward
2026-07-26,2026-0726-07-02-02-08,2022110118,ユウトザユウト,12,0,77.0,7.7,5,-0.893907447924719,0.06712526012039319,5,0.0,2026-06-30,monthly_walk_forward
2026-07-26,2026-0726-07-02-02-08,2021106164,キングオブフジ,5,0,449.0,44.9,9,-0.9699667110467348,0.06021396714691929,6,0.0,2026-06-30,monthly_walk_forward
2026-07-26,2026-0726-07-02-02-08,2022103775,テイエムパイロット,4,0,143.0,14.3,7,-1.139200433132979,0.04728257704725956,7,0.0,2026-06-30,monthly_walk_forward
2026-07-26,2026-0726-07-02-02-08,2022100358,アイブリンク,10,0,71.0,7.1,4,-1.3177457609811773,0.03663767650459612,8,0.0,2026-06-30,monthly_walk_forward
2026-07-26,2026-0726-07-02-02-08,2020106393,ノボリクレバー,3,0,110.0,11.0,6,-1.3211904669602073,0.03645782507373598,9,0.0,2026-06-30,monthly_walk_forward
2026-07-26,2026-0726-07-02-02-08,2022104413,マハートマーベル,2,0,463.0,46.3,10,-1.3522307053348948,0.03487648840113888,10,0.0,2026-06-30,monthly_walk_forward
2026-07-26,2026-0726-07-02-02-08,2020106491,メイショウジェンマ,11,0,1465.0,146.5,11,-1.7913887587392818,0.01862387332240616,11,0.0,2026-06-30,monthly_walk_forward
2026-07-26,2026-0726-07-02-02-08,2020102559,ナチュラルリバー,6,0,2843.0,284.3,12,-1.8360227776584785,0.01747342902249117,12,0.0,2026-06-30,monthly_walk_forward
2026-07-26,2026-0726-07-02-02-09,2023103247,フルールジェンヌ,5,0,80.0,8.0,6,0.6607800735477822,0.24819160003472357,1,0.0,2026-06-30,monthly_walk_forward
2026-07-26,2026-0726-07-02-02-09,2023105300,スウィッチインラヴ,6,0,54.0,5.4,4,0.38692912907935806,0.16783567801793997,2,0.0,2026-06-30,monthly_walk_forward
2026-07-26,2026-0726-07-02-02-09,2023107105,ルージュバロン,2,0,68.0,6.8,5,0.29843930853289863,0.1479051757977465,3,0.0,2026-06-30,monthly_walk_forward
2026-07-26,2026-0726-07-02-02-09,2023103160,メイクワンズデイ,3,0,53.0,5.3,3,0.11513925146268988,0.11383091435830182,4,0.0,2026-06-30,monthly_walk_forward
2026-07-26,2026-0726-07-02-02-09,2023110085,ナルキッソス,1,1,52.0,5.2,2,0.0603733400504345,0.10526459404046991,5,520.0,2026-06-30,monthly_walk_forward
2026-07-26,2026-0726-07-02-02-09,2023103719,ペアレンツギフト,10,0,36.0,3.6,1,-0.18901692176199134,0.073714927374254,6,0.0,2026-06-30,monthly_walk_forward
2026-07-26,2026-0726-07-02-02-09,2021105529,ルクスノア,9,0,279.0,27.9,8,-0.5996514806770045,0.041000510696045295,7,0.0,2026-06-30,monthly_walk_forward
2026-07-26,2026-0726-07-02-02-09,2022104649,インターポーザー,14,0,1354.0,135.4,11,-0.77980646984685,0.0316969433639881,8,0.0,2026-06-30,monthly_walk_forward
2026-07-26,2026-0726-07-02-02-09,2023104355,テルヴィセクス,11,0,238.0,23.8,7,-0.9641705925133399,0.024357576092287683,9,0.0,2026-06-30,monthly_walk_forward
2026-07-26,2026-0726-07-02-02-09,2022106996,ゴージャス,13,0,417.0,41.7,9,-1.377106087927456,0.013503313282952503,10,0.0,2026-06-30,monthly_walk_forward
2026-07-26,2026-0726-07-02-02-09,2023106107,ベルフラム,4,0,2533.0,253.3,14,-1.6338770579333897,0.009356950276732792,11,0.0,2026-06-30,monthly_walk_forward
2026-07-26,2026-0726-07-02-02-09,2022104905,チリーゴールド,7,0,1801.0,180.1,13,-1.64160006587369,0.009254283669899097,12,0.0,2026-06-30,monthly_walk_forward
2026-07-26,2026-0726-07-02-02-09,2022104892,ダノンフェルゼン,12,0,1436.0,143.6,12,-1.8042959881228349,0.007335046842268453,13,0.0,2026-06-30,monthly_walk_forward
2026-07-26,2026-0726-07-02-02-09,2023103678,リアライズブラーヴ,8,0,439.0,43.9,10,-1.8622231173554529,0.006752486152390362,14,0.0,2026-06-30,monthly_walk_forward
2026-07-26,2026-0726-07-02-02-10,2023105593,ポッドリプル,1,1,27.0,2.7,1,0.4957653565478557,0.3047895774989976,1,270.0,2026-06-30,monthly_walk_forward
2026-07-26,2026-0726-07-02-02-10,2023101501,マイティキングダム,15,0,74.0,7.4,4,-0.33185146507161073,0.09343928653414421,2,0.0,2026-06-30,monthly_walk_forward
2026-07-26,2026-0726-07-02-02-10,2023110043,ラブインアクション,3,0,44.0,4.4,2,-0.40163777639883974,0.0845731764444505,3,0.0,2026-06-30,monthly_walk_forward
2026-07-26,2026-0726-07-02-02-10,2023103718,アーガイルショア,4,0,99.0,9.9,5,-0.44682879110367185,0.07928576153256262,4,0.0,2026-06-30,monthly_walk_forward
2026-07-26,2026-0726-07-02-02-10,2022105194,ラトラース,16,0,185.0,18.5,8,-0.5277151134802938,0.07063365082251263,5,0.0,2026-06-30,monthly_walk_forward
2026-07-26,2026-0726-07-02-02-10,2023106289,シャープインサイト,13,0,724.0,72.4,12,-0.5449121406947537,0.06891952294382112,6,0.0,2026-06-30,monthly_walk_forward
2026-07-26,2026-0726-07-02-02-10,2020110051,ザングウィル,2,0,150.0,15.0,6,-0.61338473386642,0.0624971839862628,7,0.0,2026-06-30,monthly_walk_forward
2026-07-26,2026-0726-07-02-02-10,2023103151,ハードシングス,12,0,434.0,43.4,9,-0.855689658681699,0.04421091069453368,8,0.0,2026-06-30,monthly_walk_forward
2026-07-26,2026-0726-07-02-02-10,2023107536,モンスエ,6,0,168.0,16.8,7,-0.9219221479631634,0.0402195728955933,9,0.0,2026-06-30,monthly_walk_forward
2026-07-26,2026-0726-07-02-02-10,2022105012,フロンティエール,8,0,573.0,57.3,10,-0.9502592737208811,0.03862393480054715,10,0.0,2026-06-30,monthly_walk_forward
2026-07-26,2026-0726-07-02-02-10,2021106942,レイム,9,0,632.0,63.2,11,-1.3081328584754772,0.023164575152440282,11,0.0,2026-06-30,monthly_walk_forward
2026-07-26,2026-0726-07-02-02-10,2023110036,キーンセンス,5,0,63.0,6.3,3,-1.3501841017260674,0.021813978371149748,12,0.0,2026-06-30,monthly_walk_forward
2026-07-26,2026-0726-07-02-02-10,2021104362,イーサンハンター,14,0,2233.0,223.3,14,-1.3929931511554796,0.020519900863851057,13,0.0,2026-06-30,monthly_walk_forward
2026-07-26,2026-0726-07-02-02-10,2022105077,ワイルドブッター,10,0,2243.0,224.3,15,-1.4387752968290377,0.019220782660186876,14,0.0,2026-06-30,monthly_walk_forward
2026-07-26,2026-0726-07-02-02-10,2022105619,ダディーズグーグー,11,0,1131.0,113.1,13,-1.625509213393935,0.014720327856264695,15,0.0,2026-06-30,monthly_walk_forward
2026-07-26,2026-0726-07-02-02-10,2023103755,エシェックオロワ,7,0,3095.0,309.5,16,-1.6929726206891191,0.013367856942681588,16,0.0,2026-06-30,monthly_walk_forward
2026-07-26,2026-0726-07-02-02-11,2023102997,ペイシャシス,9,0,73.0,7.3,5,0.770471085571699,0.20086845493125277,1,0.0,2026-06-30,monthly_walk_forward
2026-07-26,2026-0726-07-02-02-11,2023102906,バースデイフライト,3,0,41.0,4.1,1,0.6059632782511812,0.15879897393375286,2,0.0,2026-06-30,monthly_walk_forward
2026-07-26,2026-0726-07-02-02-11,2022105534,シャンパンライフ,2,0,65.0,6.5,3,0.27247421868537103,0.09861527270294827,3,0.0,2026-06-30,monthly_walk_forward
2026-07-26,2026-0726-07-02-02-11,2023105792,エンヴェロップ,7,0,137.0,13.7,7,0.23587043880038538,0.09359107543860798,4,0.0,2026-06-30,monthly_walk_forward
2026-07-26,2026-0726-07-02-02-11,2023102996,エイズルブルーム,10,0,194.0,19.4,8,0.15161904572900353,0.08297803200291573,5,0.0,2026-06-30,monthly_walk_forward
2026-07-26,2026-0726-07-02-02-11,2023103371,カラペルソナ,5,0,56.0,5.6,2,0.15050696573596128,0.08284631064931816,6,0.0,2026-06-30,monthly_walk_forward
2026-07-26,2026-0726-07-02-02-11,2023103980,ポペット,6,0,197.0,19.7,9,-0.027007849787347857,0.06428939057468896,7,0.0,2026-06-30,monthly_walk_forward
2026-07-26,2026-0726-07-02-02-11,2023105720,ペプチドブッドレア,4,0,98.0,9.8,6,-0.31603007493551666,0.04254259144346081,8,0.0,2026-06-30,monthly_walk_forward
2026-07-26,2026-0726-07-02-02-11,2023103611,カモメガトンダ,14,0,202.0,20.2,10,-0.3749804994827726,0.03910658368518537,9,0.0,2026-06-30,monthly_walk_forward
2026-07-26,2026-0726-07-02-02-11,2021105416,ラガークイン,15,0,977.0,97.7,13,-0.49457747671138297,0.03296472363362845,10,0.0,2026-06-30,monthly_walk_forward
2026-07-26,2026-0726-07-02-02-11,2022100404,ウォーターエアリー,11,0,543.0,54.3,12,-0.5359389045189935,0.031073341182846808,11,0.0,2026-06-30,monthly_walk_forward
2026-07-26,2026-0726-07-02-02-11,2022105558,ロケベンドラ,1,1,68.0,6.8,4,-0.620400564263148,0.02754141139694891,12,680.0,2026-06-30,monthly_walk_forward
2026-07-26,2026-0726-07-02-02-11,2022104779,リトルスカーレット,13,0,1641.0,164.1,15,-0.6769983939640185,0.025402223219959007,13,0.0,2026-06-30,monthly_walk_forward
2026-07-26,2026-0726-07-02-02-11,2021105739,オリーボーレン,16,0,457.0,45.7,11,-1.190169251662652,0.01220365470979972,14,0.0,2026-06-30,monthly_walk_forward
2026-07-26,2026-0726-07-02-02-11,2021105245,マルモア,8,0,1959.0,195.9,16,-1.9850413929728634,0.003920439805588077,15,0.0,2026-06-30,monthly_walk_forward
2026-07-26,2026-0726-07-02-02-11,2022102796,ウォーターエルピス,12,0,1234.0,123.4,14,-2.1147076160898073,0.0032575206890981786,16,0.0,2026-06-30,monthly_walk_forward
2026-08-01,2026-0801-01-01-03-04,2023104487,アイドクレース,2,0,20.0,2.0,1,0.29828503027682807,0.3430809663850756,1,0.0,2026-07-31,monthly_walk_forward
2026-08-01,2026-0801-01-01-03-04,2021102708,アドミラルシップ,3,0,56.0,5.6,3,-0.03097158670945129,0.2143477888136315,2,0.0,2026-07-31,monthly_walk_forward
2026-08-01,2026-0801-01-01-03-04,2020100621,マイバラード,7,0,327.0,32.7,6,-0.7323177664429857,0.07870264498518308,3,0.0,2026-07-31,monthly_walk_forward
2026-08-01,2026-0801-01-01-03-04,2023106921,ブルースカイブルー,5,0,33.0,3.3,2,-0.7369040103474865,0.07818868830868965,4,0.0,2026-07-31,monthly_walk_forward
2026-08-01,2026-0801-01-01-03-04,2022106846,ゴールドジェスター,4,0,390.0,39.0,7,-0.8109011760016365,0.07034521397760002,5,0.0,2026-07-31,monthly_walk_forward
2026-08-01,2026-0801-01-01-03-04,2023106439,マイネルマスター,9,0,165.0,16.5,5,-1.0657005001721607,0.048882316979761205,6,0.0,2026-07-31,monthly_walk_forward
2026-08-01,2026-0801-01-01-03-04,2020103772,エイトスターズ,8,0,619.0,61.9,9,-1.1119092492354015,0.045759673704582025,7,0.0,2026-07-31,monthly_walk_forward
2026-08-01,2026-0801-01-01-03-04,2021101725,リリーズブルーム,11,0,912.0,91.2,11,-1.2448715151407672,0.03784342006299515,8,0.0,2026-07-31,monthly_walk_forward
2026-08-01,2026-0801-01-01-03-04,2023100840,ミリオンクラウン,1,1,100.0,10.0,4,-1.3721999884773917,0.0315495492885757,9,1000.0,2026-07-31,monthly_walk_forward
2026-08-01,2026-0801-01-01-03-04,2022105766,ドーギッド,6,0,432.0,43.2,8,-1.4907534852152882,0.02663422825394902,10,0.0,2026-07-31,monthly_walk_forward
2026-08-01,2026-0801-01-01-03-04,2022104940,エイカイカッシーナ,10,0,897.0,89.7,10,-1.5445073842490011,0.02466550923995725,11,0.0,2026-07-31,monthly_walk_forward
2026-08-01,2026-0801-01-01-03-06,2022106835,セガンティーニ,3,0,87.0,8.7,4,-0.49865988293907243,0.27666220970607464,1,0.0,2026-07-31,monthly_walk_forward
2026-08-01,2026-0801-01-01-03-06,2023100628,メモリーデイズ,8,0,90.0,9.0,5,-0.866728947255154,0.16352802027355004,2,0.0,2026-07-31,monthly_walk_forward
2026-08-01,2026-0801-01-01-03-06,2023103929,ウーマンズパワー,1,1,16.0,1.6,1,-0.9814061231333845,0.13881745775616702,3,160.0,2026-07-31,monthly_walk_forward
2026-08-01,2026-0801-01-01-03-06,2022102492,グッバイウェーブ,5,0,540.0,54.0,8,-0.9889485877183046,0.13732973612828925,4,0.0,2026-07-31,monthly_walk_forward
2026-08-01,2026-0801-01-01-03-06,2023105616,テーオーナタリー,2,0,64.0,6.4,2,-1.0930274602729038,0.11835644166854482,5,0.0,2026-07-31,monthly_walk_forward
2026-08-01,2026-0801-01-01-03-06,2023105815,エスカレイト,4,0,77.0,7.7,3,-1.6331100203001347,0.054715894830286764,6,0.0,2026-07-31,monthly_walk_forward
2026-08-01,2026-0801-01-01-03-06,2022103485,アスコットアイ,7,0,159.0,15.9,6,-1.7434334945854355,0.04673761429930234,7,0.0,2026-07-31,monthly_walk_forward
2026-08-01,2026-0801-01-01-03-06,2023103699,パドゼフィール,6,0,169.0,16.9,7,-1.798040774433662,0.04323018102152002,8,0.0,2026-07-31,monthly_walk_forward
2026-08-01,2026-0801-01-01-03-06,2022103018,シェーンルスカ,9,0,1646.0,164.6,9,-2.316151985863681,0.020622444316265028,9,0.0,2026-07-31,monthly_walk_forward
2026-08-01,2026-0801-01-01-03-08,2023101793,エスシービクトリア,1,1,14.0,1.4,1,0.2577337899678412,0.30213261193231605,1,140.0,2026-07-31,monthly_walk_forward
2026-08-01,2026-0801-01-01-03-08,2023102354,エタンセル,5,0,108.0,10.8,3,0.18420840912611788,0.27200753687370066,2,0.0,2026-07-31,monthly_walk_forward
2026-08-01,2026-0801-01-01-03-08,2023105032,メイショウコシュウ,4,0,57.0,5.7,2,-0.05404450207600843,0.1935369544468742,3,0.0,2026-07-31,monthly_walk_forward
2026-08-01,2026-0801-01-01-03-08,2021106180,シーリュウシー,8,0,348.0,34.8,9,-0.9662048826689931,0.05258243955814405,4,0.0,2026-07-31,monthly_walk_forward
2026-08-01,2026-0801-01-01-03-08,2022103149,タイキインドラ,2,0,333.0,33.3,8,-1.1923385794751264,0.03806647893949828,5,0.0,2026-07-31,monthly_walk_forward
2026-08-01,2026-0801-01-01-03-08,2022106045,ウィズマスタング,11,0,221.0,22.1,6,-1.2642523577761182,0.034349934368721406,6,0.0,2026-07-31,monthly_walk_forward
2026-08-01,2026-0801-01-01-03-08,2023101362,デルマホダカ,9,0,1609.0,160.9,11,-1.3868967721580174,0.028829345280822267,7,0.0,2026-07-31,monthly_walk_forward
2026-08-01,2026-0801-01-01-03-08,2023102469,タマモスカイ,10,0,163.0,16.3,4,-1.4352974650178874,0.026903326880104234,8,0.0,2026-07-31,monthly_walk_forward
2026-08-01,2026-0801-01-01-03-08,2022104729,サマーナイト,3,0,179.0,17.9,5,-1.5701135807420892,0.022190305487878457,9,0.0,2026-07-31,monthly_walk_forward
2026-08-01,2026-0801-01-01-03-08,2022100557,ロードスカイブルー,6,0,1172.0,117.2,10,-1.8130776824385555,0.015682789955253736,10,0.0,2026-07-31,monthly_walk_forward
2026-08-01,2026-0801-01-01-03-08,2022103644,ブレイジングスター,7,0,260.0,26.0,7,-1.9067621483620678,0.013718276276686816,11,0.0,2026-07-31,monthly_walk_forward
2026-08-01,2026-0801-01-01-03-09,2022105438,ジョイエッロ,4,0,23.0,2.3,1,0.5922193694445681,0.30836130344067614,1,0.0,2026-07-31,monthly_walk_forward
2026-08-01,2026-0801-01-01-03-09,2023100627,テルヒコウ,6,0,25.0,2.5,2,0.5879251131043509,0.3064754047605924,2,0.0,2026-07-31,monthly_walk_forward
2026-08-01,2026-0801-01-01-03-09,2022101411,サタデーサンライズ,1,1,52.0,5.2,3,-0.03032071953680943,0.12671356865009822,3,520.0,2026-07-31,monthly_walk_forward
2026-08-01,2026-0801-01-01-03-09,2022106231,ウインベラーノ,2,0,240.0,24.0,6,-0.22332168265508076,0.0961792379578717,4,0.0,2026-07-31,monthly_walk_forward
2026-08-01,2026-0801-01-01-03-09,2022104748,ウィルサヴァイブ,3,0,119.0,11.9,4,-0.4971306271366102,0.06504360413028071,5,0.0,2026-07-31,monthly_walk_forward
2026-08-01,2026-0801-01-01-03-09,2021100165,フォルテフィオーレ,7,0,121.0,12.1,5,-0.5460400040208734,0.06065410638450374,6,0.0,2026-07-31,monthly_walk_forward
2026-08-01,2026-0801-01-01-03-09,2021107085,ウインアクトゥール,5,0,284.0,28.4,7,-0.9001582699644477,0.03657277467597723,7,0.0,2026-07-31,monthly_walk_forward
2026-08-01,2026-0801-01-01-03-10,2023103086,イヌボウノウタゴエ,1,1,30.0,3.0,1,0.7964494535198415,0.2350914680242867,1,300.0,2026-07-31,monthly_walk_forward
2026-08-01,2026-0801-01-01-03-10,2023106894,ハヤブササキチャン,3,0,58.0,5.8,4,0.6525584210280468,0.19140967880420875,2,0.0,2026-07-31,monthly_walk_forward
2026-08-01,2026-0801-01-01-03-10,2023105295,ダノンプレサージュ,4,0,56.0,5.6,3,0.5745963780197847,0.17123582483851077,3,0.0,2026-07-31,monthly_walk_forward
2026-08-01,2026-0801-01-01-03-10,2023105344,ルールザウェイヴ,2,0,36.0,3.6,2,0.4247645734346727,0.13824068551635277,4,0.0,2026-07-31,monthly_walk_forward
2026-08-01,2026-0801-01-01-03-10,2022102088,ユーティジャーニー,8,0,181.0,18.1,6,-0.0303727042483582,0.07215381450780084,5,0.0,2026-07-31,monthly_walk_forward
2026-08-01,2026-0801-01-01-03-10,2022105817,アルディスティーノ,7,0,201.0,20.1,7,-0.1951810447627734,0.0570175814350752,6,0.0,2026-07-31,monthly_walk_forward
2026-08-01,2026-0801-01-01-03-10,2023102615,ホワイトオーキッド,9,0,220.0,22.0,8,-0.4208227313755773,0.04130627394432452,7,0.0,2026-07-31,monthly_walk_forward
2026-08-01,2026-0801-01-01-03-10,2023103456,スピナーリート,13,0,333.0,33.3,9,-0.42997044847486543,0.040769988413110636,8,0.0,2026-07-31,monthly_walk_forward
2026-08-01,2026-0801-01-01-03-10,2023103797,アンディムジーク,5,0,945.0,94.5,10,-0.7399071061201924,0.026184812807227297,9,0.0,2026-07-31,monthly_walk_forward
2026-08-01,2026-0801-01-01-03-10,2022101039,オーケーダイナ,6,0,1062.0,106.2,11,-1.2862388106884715,0.011997589026957127,10,0.0,2026-07-31,monthly_walk_forward
2026-08-01,2026-0801-01-01-03-10,2021105057,オンザヴィーナス,10,0,1630.0,163.0,12,-1.5559616935667733,0.008161168123087858,11,0.0,2026-07-31,monthly_walk_forward
2026-08-01,2026-0801-01-01-03-10,2022101408,フェニーチェドーロ,11,0,2570.0,257.0,13,-2.1604468397564185,0.003441258000065096,12,0.0,2026-07-31,monthly_walk_forward
2026-08-01,2026-0801-01-01-03-10,2023101056,イズントイット,12,0,3364.0,336.4,14,-2.2588750224462464,0.0029898565589922786,13,0.0,2026-07-31,monthly_walk_forward
2026-08-01,2026-0801-01-01-03-11,2022102199,アルマデオロ,2,0,41.0,4.1,1,0.5136479445534019,0.12058817755566292,1,0.0,2026-07-31,monthly_walk_forward
2026-08-01,2026-0801-01-01-03-11,2021105072,ディーガレジェンド,14,0,203.0,20.3,9,0.3456155251844814,0.09485362708632476,2,0.0,2026-07-31,monthly_walk_forward
2026-08-01,2026-0801-01-01-03-11,2021105616,エルフストラック,13,0,110.0,11.0,6,0.31628790825485975,0.09096168194137673,3,0.0,2026-07-31,monthly_walk_forward
2026-08-01,2026-0801-01-01-03-11,2022106813,マイネルフーガ,8,0,251.0,25.1,10,0.27874554613406605,0.0862117426805906,4,0.0,2026-07-31,monthly_walk_forward
2026-08-01,2026-0801-01-01-03-11,2020103354,アイスグリーン,11,0,196.0,19.6,8,0.2368483130323214,0.08120308217271502,5,0.0,2026-07-31,monthly_walk_forward
2026-08-01,2026-0801-01-01-03-11,2022105801,ショウナンサムデイ,3,0,63.0,6.3,3,0.22433629536088553,0.07976452791441056,6,0.0,2026-07-31,monthly_walk_forward
2026-08-01,2026-0801-01-01-03-11,2022105166,ヨヒーン,1,1,86.0,8.6,5,0.21189080885969322,0.07835890561413382,7,860.0,2026-07-31,monthly_walk_forward
2026-08-01,2026-0801-01-01-03-11,2021100789,ハニーコム,15,0,49.0,4.9,2,0.09135259826894433,0.06596354118782266,8,0.0,2026-07-31,monthly_walk_forward
2026-08-01,2026-0801-01-01-03-11,2021103255,ジャスティンガルフ,10,0,456.0,45.6,14,0.050239724716436306,0.062200902335728454,9,0.0,2026-07-31,monthly_walk_forward
2026-08-01,2026-0801-01-01-03-11,2021102800,キャントウェイト,9,0,76.0,7.6,4,-0.024998785376445093,0.055862086984291896,10,0.0,2026-07-31,monthly_walk_forward
2026-08-01,2026-0801-01-01-03-11,2020104550,ワイドアラジン,12,0,448.0,44.8,13,-0.15610302040877416,0.04632094138026294,11,0.0,2026-07-31,monthly_walk_forward
2026-08-01,2026-0801-01-01-03-11,2022105984,ディヴァインスター,4,0,175.0,17.5,7,-0.3694172913971429,0.034153309213671885,12,0.0,2026-07-31,monthly_walk_forward
2026-08-01,2026-0801-01-01-03-11,2021105384,チルカーノ,5,0,324.0,32.4,11,-0.3849342885163797,0.03340455757062727,13,0.0,2026-07-31,monthly_walk_forward
2026-08-01,2026-0801-01-01-03-11,2019107025,クレバーテースト,7,0,358.0,35.8,12,-0.596843788408825,0.0246792914191784,14,0.0,2026-07-31,monthly_walk_forward
2026-08-01,2026-0801-01-01-03-11,2019103081,エンドロール,6,0,1925.0,192.5,16,-0.6181284667586429,0.02394017008013421,15,0.0,2026-07-31,monthly_walk_forward
2026-08-01,2026-0801-01-01-03-11,2020103794,エゾダイモン,16,0,1013.0,101.3,15,-0.6922934938050261,0.021533454863067885,16,0.0,2026-07-31,monthly_walk_forward
2026-08-01,2026-0801-01-01-03-12,2022102308,エアニゲラ,2,0,28.0,2.8,1,0.2434223240677661,0.3326173027248161,1,0.0,2026-07-31,monthly_walk_forward
2026-08-01,2026-0801-01-01-03-12,2022102952,ユージュアーナ,8,0,30.0,3.0,2,0.14917570107316072,0.2907182413041634,2,0.0,2026-07-31,monthly_walk_forward
2026-08-01,2026-0801-01-01-03-12,2022101678,キャットテイル,1,1,73.0,7.3,3,-0.5319106497116012,0.10987837300046113,3,730.0,2026-07-31,monthly_walk_forward
2026-08-01,2026-0801-01-01-03-12,2022105973,ハヤブサオヒメサマ,4,0,91.0,9.1,4,-0.8359196952986226,0.07117028725660111,4,0.0,2026-07-31,monthly_walk_forward
2026-08-01,2026-0801-01-01-03-12,2022107254,エンプレスフレーム,5,0,141.0,14.1,7,-0.8480118904941425,0.06995140963471097,5,0.0,2026-07-31,monthly_walk_forward
2026-08-01,2026-0801-01-01-03-12,2022102263,カスバートテソーロ,3,0,164.0,16.4,8,-1.0220227234643229,0.054555249949286025,6,0.0,2026-07-31,monthly_walk_forward
2026-08-01,2026-0801-01-01-03-12,2022104512,タマモカンパネラ,6,0,104.0,10.4,6,-1.2883463910340907,0.03729098343473354,7,0.0,2026-07-31,monthly_walk_forward
2026-08-01,2026-0801-01-01-03-12,2021104856,エーリアル,7,0,101.0,10.1,5,-1.3567740833349267,0.0338181526952278,8,0.0,2026-07-31,monthly_walk_forward
2026-08-01,2026-0801-04-02-03-06,2022105421,コンフォルツァ,2,0,30.0,3.0,1,0.5316657817962995,0.2816843956789948,1,0.0,2026-07-31,monthly_walk_forward
2026-08-01,2026-0801-04-02-03-06,2022110060,エリカアンディーヴ,7,0,92.0,9.2,5,-0.10229645815863646,0.11387791313904236,2,0.0,2026-07-31,monthly_walk_forward
2026-08-01,2026-0801-04-02-03-06,2022100080,リカントロポ,3,0,190.0,19.0,8,-0.12396668955562389,0.11040655021385976,3,0.0,2026-07-31,monthly_walk_forward
2026-08-01,2026-0801-04-02-03-06,2022105317,ミーントゥビー,6,0,115.0,11.5,7,-0.15628219587584802,0.10542549076176076,4,0.0,2026-07-31,monthly_walk_forward
2026-08-01,2026-0801-04-02-03-06,2021105580,クラッシファイド,9,0,100.0,10.0,6,-0.31645425062363236,0.0838632279920586,5,0.0,2026-07-31,monthly_walk_forward
2026-08-01,2026-0801-04-02-03-06,2021105575,セイロンジェムズ,8,0,51.0,5.1,2,-0.4561051944353828,0.06869565047291971,6,0.0,2026-07-31,monthly_walk_forward
2026-08-01,2026-0801-04-02-03-06,2022105014,タイセイプランセス,1,1,52.0,5.2,3,-0.5012877556099112,0.06440165743625609,7,520.0,2026-07-31,monthly_walk_forward
2026-08-01,2026-0801-04-02-03-06,2021105886,ホウオウトランプ,11,0,80.0,8.0,4,-0.5855076933024821,0.05710120231033314,8,0.0,2026-07-31,monthly_walk_forward
2026-08-01,2026-0801-04-02-03-06,2021102106,ツルマウカタチ,5,0,300.0,30.0,9,-0.6703082307826237,0.05058633839734527,9,0.0,2026-07-31,monthly_walk_forward
2026-08-01,2026-0801-04-02-03-06,2021102561,キーウェーブ,10,0,2065.0,206.5,11,-0.8291601779731909,0.040316071845983556,10,0.0,2026-07-31,monthly_walk_forward
2026-08-01,2026-0801-04-02-03-06,2021105244,スピンザブラッド,4,0,357.0,35.7,10,-1.5035025790676009,0.015385167674498297,11,0.0,2026-07-31,monthly_walk_forward
2026-08-01,2026-0801-04-02-03-06,2020101261,コスモスプモーニ,12,0,2607.0,260.7,12,-1.9391988432998168,0.008256334076947586,12,0.0,2026-07-31,monthly_walk_forward
2026-08-01,2026-0801-04-02-03-07,2022104432,レイバックスピン,1,1,44.0,4.4,2,0.7594455779551024,0.30575091391406134,1,440.0,2026-07-31,monthly_walk_forward
2026-08-01,2026-0801-04-02-03-07,2021104092,ペンナヴェローチェ,5,0,40.0,4.0,1,0.31676239355172625,0.16244934246698076,2,0.0,2026-07-31,monthly_walk_forward
2026-08-01,2026-0801-04-02-03-07,2022103703,ブルータス,14,0,67.0,6.7,5,0.31349141189316293,0.16169201496292632,3,0.0,2026-07-31,monthly_walk_forward
2026-08-01,2026-0801-04-02-03-07,2022102131,ショウサンジョージ,10,0,57.0,5.7,3,0.22681116311535526,0.1428599038568794,4,0.0,2026-07-31,monthly_walk_forward
2026-08-01,2026-0801-04-02-03-07,2021107192,アラレタバシル,2,0,57.0,5.7,4,-0.3315978753531214,0.06433715218902025,5,0.0,2026-07-31,monthly_walk_forward
2026-08-01,2026-0801-04-02-03-07,2021100260,エイブラムス,7,0,282.0,28.2,9,-1.0379486672578309,0.023454554530025304,6,0.0,2026-07-31,monthly_walk_forward
2026-08-01,2026-0801-04-02-03-07,2021103525,アデランテ,6,0,176.0,17.6,7,-1.0832513995930826,0.021984694572851158,7,0.0,2026-07-31,monthly_walk_forward
2026-08-01,2026-0801-04-02-03-07,2021102982,ベルダイナフェロー,9,0,240.0,24.0,8,-1.1171929242877856,0.020944134218448235,8,0.0,2026-07-31,monthly_walk_forward
2026-08-01,2026-0801-04-02-03-07,2020104738,ラフエイジアン,4,0,318.0,31.8,10,-1.1732432808784337,0.019332481868118194,9,0.0,2026-07-31,monthly_walk_forward
2026-08-01,2026-0801-04-02-03-07,2019101864,クロニクル,3,0,155.0,15.5,6,-1.2857102073247,0.016463069196735017,10,0.0,2026-07-31,monthly_walk_forward
2026-08-01,2026-0801-04-02-03-07,2021103288,カフェニクス,15,0,585.0,58.5,11,-1.290903374674476,0.01634138474119238,11,0.0,2026-07-31,monthly_walk_forward
2026-08-01,2026-0801-04-02-03-07,2021102753,サンセットブライト,8,0,698.0,69.8,12,-1.4112659721469616,0.013759840811496466,12,0.0,2026-07-31,monthly_walk_forward
2026-08-01,2026-0801-04-02-03-07,2017104238,フームスムート,13,0,1272.0,127.2,13,-1.4383130178845946,0.013238319635918917,13,0.0,2026-07-31,monthly_walk_forward
2026-08-01,2026-0801-04-02-03-07,2018101243,オレデイイノカ,11,0,2055.0,205.5,15,-1.6213485825279421,0.010192337868836202,14,0.0,2026-07-31,monthly_walk_forward
2026-08-01,2026-0801-04-02-03-07,2018102832,ゲンパチムサシ,12,0,1927.0,192.7,14,-1.8646513195613557,0.007199855166510108,15,0.0,2026-07-31,monthly_walk_forward
2026-08-01,2026-0801-04-02-03-08,2023104830,リアライズルミナス,3,0,14.0,1.4,1,1.0533355031706697,0.37827118386983405,1,0.0,2026-07-31,monthly_walk_forward
2026-08-01,2026-0801-04-02-03-08,2023106981,ウィロークリーク,11,0,42.0,4.2,2,0.2466357977335079,0.1194840877281917,2,0.0,2026-07-31,monthly_walk_forward
2026-08-01,2026-0801-04-02-03-08,2023105433,モウエエデショー,8,0,151.0,15.1,4,0.14070585035462535,0.10270437431507894,3,0.0,2026-07-31,monthly_walk_forward
2026-08-01,2026-0801-04-02-03-08,2023103957,ベルウッドクレド,6,0,445.0,44.5,8,0.11615798472250746,0.09916511902142079,4,0.0,2026-07-31,monthly_walk_forward
2026-08-01,2026-0801-04-02-03-08,2022103494,スイートオレンジ,1,1,110.0,11.0,3,-0.10297971222008218,0.07251057961321178,5,1100.0,2026-07-31,monthly_walk_forward
2026-08-01,2026-0801-04-02-03-08,2022104187,ムーンストラック,4,0,380.0,38.0,7,-0.22722602937332856,0.060717850855836156,6,0.0,2026-07-31,monthly_walk_forward
2026-08-01,2026-0801-04-02-03-08,2023107381,ディアアズール,2,0,227.0,22.7,5,-0.29087680721418846,0.05544037148318401,7,0.0,2026-07-31,monthly_walk_forward
2026-08-01,2026-0801-04-02-03-08,2023101855,ティラーノ,10,0,309.0,30.9,6,-0.3264727069664511,0.052691637942175386,8,0.0,2026-07-31,monthly_walk_forward
2026-08-01,2026-0801-04-02-03-08,2023101820,サフランルージュ,5,0,1030.0,103.0,9,-0.9191981468267478,0.02259449159332833,9,0.0,2026-07-31,monthly_walk_forward
2026-08-01,2026-0801-04-02-03-08,2022101498,クモヒトツナイ,9,0,1279.0,127.9,10,-0.963615551108462,0.021205333009049525,10,0.0,2026-07-31,monthly_walk_forward
2026-08-01,2026-0801-04-02-03-08,2022106770,マイネルボス,12,0,3112.0,311.2,12,-1.5444305054111753,0.009249014987992974,11,0.0,2026-07-31,monthly_walk_forward
2026-08-01,2026-0801-04-02-03-08,2021103037,デリシュー,7,0,1814.0,181.4,11,-1.851343977600022,0.0059659555806963836,12,0.0,2026-07-31,monthly_walk_forward
2026-08-01,2026-0801-04-02-03-09,2023103860,フィールマイプラン,1,1,41.0,4.1,2,-0.12551966438222942,0.196563963735988,1,410.0,2026-07-31,monthly_walk_forward
2026-08-01,2026-0801-04-02-03-09,2020106771,トモジャシーマ,3,0,85.0,8.5,5,-0.1462306685935254,0.19083339018317225,2,0.0,2026-07-31,monthly_walk_forward
2026-08-01,2026-0801-04-02-03-09,2023104780,クラシオン,7,0,82.0,8.2,4,-0.508313620619956,0.113765508229945,3,0.0,2026-07-31,monthly_walk_forward
2026-08-01,2026-0801-04-02-03-09,2021102192,グランルチャドール,6,0,355.0,35.5,7,-0.6481495285142591,0.09316515719185144,4,0.0,2026-07-31,monthly_walk_forward
2026-08-01,2026-0801-04-02-03-09,2023103341,エアサロメ,4,0,22.0,2.2,1,-0.6778105611080495,0.08929994734262323,5,0.0,2026-07-31,monthly_walk_forward
2026-08-01,2026-0801-04-02-03-09,2021100506,キングクレオール,8,0,466.0,46.6,9,-0.7501465013167409,0.08053274249307447,6,0.0,2026-07-31,monthly_walk_forward
2026-08-01,2026-0801-04-02-03-09,2022105300,ブリックンクリック,14,0,150.0,15.0,6,-0.8615679827938973,0.06868221563717938,7,0.0,2026-07-31,monthly_walk_forward
2026-08-01,2026-0801-04-02-03-09,2023105402,ガルディーノ,2,0,460.0,46.0,8,-1.2491840130781078,0.03947837721269286,8,0.0,2026-07-31,monthly_walk_forward
2026-08-01,2026-0801-04-02-03-09,2020106429,ノーブルミステリー,10,0,1602.0,160.2,13,-1.4291805565966207,0.03052711149876602,9,0.0,2026-07-31,monthly_walk_forward
2026-08-01,2026-0801-04-02-03-09,2023104174,ホウオウルクソール,5,0,65.0,6.5,3,-1.4485907016000978,0.029692260178521945,10,0.0,2026-07-31,monthly_walk_forward
2026-08-01,2026-0801-04-02-03-09,2021101521,グッドヴァイブス,13,0,1402.0,140.2,12,-1.5931047907190954,0.024153703274816207,11,0.0,2026-07-31,monthly_walk_forward
2026-08-01,2026-0801-04-02-03-09,2021100675,アルマーレシチー,9,0,490.0,49.0,10,-1.7862616428175195,0.01832927214963872,12,0.0,2026-07-31,monthly_walk_forward
2026-08-01,2026-0801-04-02-03-09,2022105535,デルマエアロール,11,0,1095.0,109.5,11,-1.999198046370374,0.013521817481653268,13,0.0,2026-07-31,monthly_walk_forward
2026-08-01,2026-0801-04-02-03-09,2020100081,アカツキロットリー,12,0,5787.0,578.7,14,-2.11534128322413,0.011454533390077154,14,0.0,2026-07-31,monthly_walk_forward
2026-08-01,2026-0801-04-02-03-12,2023104357,ヤマニンアレシス,6,0,55.0,5.5,2,-0.19045773264067375,0.15782130284191576,1,0.0,2026-07-31,monthly_walk_forward
2026-08-01,2026-0801-04-02-03-12,2023103036,カガラプンツェル,1,1,55.0,5.5,1,-0.34420369739804935,0.12670053448011043,2,550.0,2026-07-31,monthly_walk_forward
2026-08-01,2026-0801-04-02-03-12,2023104505,ゴールドパレード,7,0,59.0,5.9,4,-0.4119916626534268,0.11500623628096493,3,0.0,2026-07-31,monthly_walk_forward
2026-08-01,2026-0801-04-02-03-12,2022101108,ホウオウショコラ,2,0,68.0,6.8,6,-0.471452565515276,0.10564054098896312,4,0.0,2026-07-31,monthly_walk_forward
2026-08-01,2026-0801-04-02-03-12,2022106796,レモンバーム,16,0,57.0,5.7,3,-0.7093700489606373,0.07520066614817186,5,0.0,2026-07-31,monthly_walk_forward
2026-08-01,2026-0801-04-02-03-12,2023105043,シルフィー,11,0,395.0,39.5,10,-0.7386230250994965,0.07212279290267369,6,0.0,2026-07-31,monthly_walk_forward
2026-08-01,2026-0801-04-02-03-12,2022106203,カシオペア,3,0,101.0,10.1,7,-0.7714666504290567,0.06881698975732234,7,0.0,2026-07-31,monthly_walk_forward
2026-08-01,2026-0801-04-02-03-12,2022103155,タイキオーベロン,4,0,65.0,6.5,5,-0.8167233091458088,0.06450858327669054,8,0.0,2026-07-31,monthly_walk_forward
2026-08-01,2026-0801-04-02-03-12,2023106299,ダイユウルミナス,8,0,414.0,41.4,11,-1.0265582415004584,0.047800404410259796,9,0.0,2026-07-31,monthly_walk_forward
2026-08-01,2026-0801-04-02-03-12,2022105241,ソナタン,9,0,290.0,29.0,9,-1.082476071205245,0.04413051468156523,10,0.0,2026-07-31,monthly_walk_forward
2026-08-01,2026-0801-04-02-03-12,2023104886,ロードストラダーレ,17,0,280.0,28.0,8,-1.3608223663399641,0.029651535795366932,11,0.0,2026-07-31,monthly_walk_forward
2026-08-01,2026-0801-04-02-03-12,2023102163,ソルトバーン,15,0,2948.0,294.8,16,-1.5155153522075178,0.023772369045809844,12,0.0,2026-07-31,monthly_walk_forward
2026-08-01,2026-0801-04-02-03-12,2020103885,クリノゴッホ,10,0,1720.0,172.0,14,-1.654890256115689,0.019480557875777682,13,0.0,2026-07-31,monthly_walk_forward
2026-08-01,2026-0801-04-02-03-12,2023102312,ラブソング,12,0,2487.0,248.7,15,-1.8028226783911683,0.015769613693258196,14,0.0,2026-07-31,monthly_walk_forward
2026-08-01,2026-0801-04-02-03-12,2022106719,アスクザアメリカン,14,0,1593.0,159.3,13,-1.8982701252594367,0.013759526338561508,15,0.0,2026-07-31,monthly_walk_forward
2026-08-01,2026-0801-04-02-03-12,2023103225,グラデュエール,13,0,4559.0,455.9,17,-1.9366931341892597,0.013024619785568231,16,0.0,2026-07-31,monthly_walk_forward
2026-08-01,2026-0801-04-02-03-12,2023101910,ステキサプライズ,5,0,1433.0,143.3,12,-2.3923354278463664,0.006793211697019998,17,0.0,2026-07-31,monthly_walk_forward
2026-08-01,2026-0801-07-02-03-06,2022110007,スナッピードレッサ,1,1,19.0,1.9,1,1.3633532394896983,0.33909237625823613,1,190.0,2026-07-31,monthly_walk_forward
2026-08-01,2026-0801-07-02-03-06,2022106920,ニューオーリンズ,3,0,37.0,3.7,2,0.9594525583679152,0.19042750930523283,2,0.0,2026-07-31,monthly_walk_forward
2026-08-01,2026-0801-07-02-03-06,2023106651,リサシテーション,8,0,61.0,6.1,3,0.703228555544522,0.1320574828351703,3,0.0,2026-07-31,monthly_walk_forward
2026-08-01,2026-0801-07-02-03-06,2022105964,スニーカースキル,14,0,145.0,14.5,4,0.4281457420027894,0.08914478591093805,4,0.0,2026-07-31,monthly_walk_forward
2026-08-01,2026-0801-07-02-03-06,2022105808,トゥロン,13,0,1289.0,128.9,10,0.18388267267648375,0.0628854372099616,5,0.0,2026-07-31,monthly_walk_forward
2026-08-01,2026-0801-07-02-03-06,2021106594,ヤマニンアストロン,4,0,179.0,17.9,6,0.08830080590654951,0.05485915541157866,6,0.0,2026-07-31,monthly_walk_forward
2026-08-01,2026-0801-07-02-03-06,2022100204,ピエマンソン,2,0,154.0,15.4,5,-0.16492035680444964,0.03820722263256268,7,0.0,2026-07-31,monthly_walk_forward
2026-08-01,2026-0801-07-02-03-06,2022105853,ヴィリアリート,10,0,375.0,37.5,8,-0.3989658356356485,0.02734883379292795,8,0.0,2026-07-31,monthly_walk_forward
2026-08-01,2026-0801-07-02-03-06,2021106305,ランウインディ,9,0,1506.0,150.6,12,-0.6071021469860202,0.020314528103540865,9,0.0,2026-07-31,monthly_walk_forward
2026-08-01,2026-0801-07-02-03-06,2021105379,ルシフェル,12,0,230.0,23.0,7,-0.9145235197401846,0.013094115234718333,10,0.0,2026-07-31,monthly_walk_forward
2026-08-01,2026-0801-07-02-03-06,2020100583,レイズカイザー,5,0,654.0,65.4,9,-1.132582872404607,0.0095893158806099,11,0.0,2026-07-31,monthly_walk_forward
2026-08-01,2026-0801-07-02-03-06,2020110100,シゲルソロソロ,7,0,1366.0,136.6,11,-1.384244113799485,0.0066934771365546155,12,0.0,2026-07-31,monthly_walk_forward
2026-08-01,2026-0801-07-02-03-06,2019100110,ナッカーフェイス,6,0,1809.0,180.9,13,-1.597538832931958,0.004935365578434195,13,0.0,2026-07-31,monthly_walk_forward
2026-08-01,2026-0801-07-02-03-06,2021101235,ゴールデンオスカー,11,0,1935.0,193.5,14,-1.7445864792517232,0.004000257294518059,14,0.0,2026-07-31,monthly_walk_forward
2026-08-01,2026-0801-07-02-03-06,2019101295,ホワイトガーベラ,15,0,2995.0,299.5,15,-1.7496300660478847,0.003971538530072091,15,0.0,2026-07-31,monthly_walk_forward
2026-08-01,2026-0801-07-02-03-06,2019104260,メイショウクリフト,16,0,4776.0,477.6,16,-1.8628147923982183,0.0033785988849438,16,0.0,2026-07-31,monthly_walk_forward
2026-08-01,2026-0801-07-02-03-07,2023103752,アンドゥーリル,6,0,18.0,1.8,1,0.6556369319136247,0.1926886975556342,1,0.0,2026-07-31,monthly_walk_forward
2026-08-01,2026-0801-07-02-03-07,2022105550,ノクナレア,4,0,64.0,6.4,2,0.4678997055590032,0.14736019311323204,2,0.0,2026-07-31,monthly_walk_forward
2026-08-01,2026-0801-07-02-03-07,2021104153,エポックヴィーナス,7,0,152.0,15.2,6,0.4327545689871897,0.14014429144541546,3,0.0,2026-07-31,monthly_walk_forward
2026-08-01,2026-0801-07-02-03-07,2022102744,キングメーカー,11,0,125.0,12.5,5,0.24059814559335735,0.1065019578720485,4,0.0,2026-07-31,monthly_walk_forward
2026-08-01,2026-0801-07-02-03-07,2021105161,ケーブパール,3,0,87.0,8.7,3,0.1501907797939023,0.09359809109974582,5,0.0,2026-07-31,monthly_walk_forward
2026-08-01,2026-0801-07-02-03-07,2021105800,ミエスペランサ,5,0,162.0,16.2,8,0.12158626394466594,0.08985042964056304,6,0.0,2026-07-31,monthly_walk_forward
2026-08-01,2026-0801-07-02-03-07,2021105127,テラメリタ,2,0,98.0,9.8,4,0.1139351097996114,0.0888736923598506,7,0.0,2026-07-31,monthly_walk_forward
2026-08-01,2026-0801-07-02-03-07,2020104520,アイルシャイン,9,0,388.0,38.8,10,-0.12500884126510026,0.06317241113960435,8,0.0,2026-07-31,monthly_walk_forward
2026-08-01,2026-0801-07-02-03-07,2021104971,オールセインツ,8,0,322.0,32.2,9,-0.5791392786571188,0.03301988334215268,9,0.0,2026-07-31,monthly_walk_forward
2026-08-01,2026-0801-07-02-03-07,2021105255,ハワイアンティアレ,1,1,161.0,16.1,7,-0.592369423059851,0.032401661399663634,10,1610.0,2026-07-31,monthly_walk_forward
2026-08-01,2026-0801-07-02-03-07,2022103754,ミストレス,10,0,538.0,53.8,11,-1.2653673824828418,0.012388691032089796,11,0.0,2026-07-31,monthly_walk_forward
2026-08-01,2026-0801-07-02-03-08,2023100547,ビービークローサー,1,1,12.0,1.2,1,1.3560454997465157,0.6255172322057967,1,120.0,2026-07-31,monthly_walk_forward
2026-08-01,2026-0801-07-02-03-08,2023102553,ボクマダネムイヨ,3,0,56.0,5.6,2,-0.1308349274533589,0.07477353281683163,2,0.0,2026-07-31,monthly_walk_forward
2026-08-01,2026-0801-07-02-03-08,2021106694,ソウルアンドジャズ,2,0,202.0,20.2,5,-0.1963485049009582,0.06809291421885402,3,0.0,2026-07-31,monthly_walk_forward
2026-08-01,2026-0801-07-02-03-08,2021104872,ビルンバウム,8,0,153.0,15.3,4,-0.26089649075884735,0.06209476896504099,4,0.0,2026-07-31,monthly_walk_forward
2026-08-01,2026-0801-07-02-03-08,2020106205,メイショウクーガー,7,0,413.0,41.3,7,-0.3642567891641525,0.05357080198535685,5,0.0,2026-07-31,monthly_walk_forward
2026-08-01,2026-0801-07-02-03-08,2022105055,レッドボブ,11,0,230.0,23.0,6,-0.5904965784685198,0.03877611566991282,6,0.0,2026-07-31,monthly_walk_forward
2026-08-01,2026-0801-07-02-03-08,2021102595,バルダンツァ,5,0,142.0,14.2,3,-1.0390823897754806,0.020429248178432422,7,0.0,2026-07-31,monthly_walk_forward
2026-08-01,2026-0801-07-02-03-08,2021105637,テンエースワン,6,0,614.0,61.4,8,-1.1969239982024864,0.016305126967392343,8,0.0,2026-07-31,monthly_walk_forward
2026-08-01,2026-0801-07-02-03-08,2022105878,メイケイロゼッタ,4,0,1559.0,155.9,11,-1.401003070968005,0.012181739445599428,9,0.0,2026-07-31,monthly_walk_forward
2026-08-01,2026-0801-07-02-03-08,2022102739,ナリタヒカリ,12,0,3503.0,350.3,12,-1.6342933234206307,0.008729134940379758,10,0.0,2026-07-31,monthly_walk_forward
2026-08-01,2026-0801-07-02-03-08,2022107133,タガノマルアフ,10,0,1450.0,145.0,10,-1.6627584805002689,0.00838128936121707,11,0.0,2026-07-31,monthly_walk_forward
2026-08-01,2026-0801-07-02-03-08,2022102956,エンマ,9,0,1179.0,117.9,9,-1.7791190600460058,0.007097711193959262,12,0.0,2026-07-31,monthly_walk_forward
2026-08-01,2026-0801-07-02-03-08,2022106893,ホープエトワール,13,0,6112.0,611.2,13,-2.1717915227053246,0.004050384051226608,13,0.0,2026-07-31,monthly_walk_forward
2026-08-01,2026-0801-07-02-03-09,2021104669,サマーアゲイン,3,0,52.0,5.2,3,-0.6901178721380061,0.19537222406810548,1,0.0,2026-07-31,monthly_walk_forward
2026-08-01,2026-0801-07-02-03-09,2022101139,アバットゥータ,9,0,30.0,3.0,1,-0.784911437247153,0.17062824800566528,2,0.0,2026-07-31,monthly_walk_forward
2026-08-01,2026-0801-07-02-03-09,2018103590,リッケンバッカー,5,0,100.0,10.0,6,-0.8109464597822424,0.16439865681322413,3,0.0,2026-07-31,monthly_walk_forward
2026-08-01,2026-0801-07-02-03-09,2021110061,ソレルビュレット,1,1,70.0,7.0,4,-0.8484935969425075,0.15581284024770023,4,700.0,2026-07-31,monthly_walk_forward
2026-08-01,2026-0801-07-02-03-09,2020103063,マルディランダ,2,0,32.0,3.2,2,-0.9082331238090112,0.1430670445999035,5,0.0,2026-07-31,monthly_walk_forward
2026-08-01,2026-0801-07-02-03-09,2020106534,メイショウカゼマチ,7,0,393.0,39.3,7,-1.3135529173820504,0.08018088038090425,6,0.0,2026-07-31,monthly_walk_forward
2026-08-01,2026-0801-07-02-03-09,2021109096,モナコブル,4,0,476.0,47.6,8,-1.51406781107761,0.06020980658154935,7,0.0,2026-07-31,monthly_walk_forward
2026-08-01,2026-0801-07-02-03-09,2019105500,サトノドルチェ,8,0,1145.0,114.5,10,-2.4728020938869335,0.015305539704573604,8,0.0,2026-07-31,monthly_walk_forward
2026-08-01,2026-0801-07-02-03-09,2022104753,クロライナ,6,0,762.0,76.2,9,-2.485762842299693,0.015024759598374068,9,0.0,2026-07-31,monthly_walk_forward
2026-08-01,2026-0801-07-02-03-10,2023102213,プルメリアリノ,1,1,19.0,1.9,1,0.5602715147986762,0.3192574669063741,1,190.0,2026-07-31,monthly_walk_forward
2026-08-01,2026-0801-07-02-03-10,2022105321,ハウリングウィンド,10,0,92.0,9.2,3,-0.25124800589574275,0.10015152433820902,2,0.0,2026-07-31,monthly_walk_forward
2026-08-01,2026-0801-07-02-03-10,2023106786,ヴェルジーネ,2,0,114.0,11.4,5,-0.3236212228454153,0.09031413415737344,3,0.0,2026-07-31,monthly_walk_forward
2026-08-01,2026-0801-07-02-03-10,2023100961,エコログロウ,16,0,268.0,26.8,9,-0.4297316157175613,0.07761088570756228,4,0.0,2026-07-31,monthly_walk_forward
2026-08-01,2026-0801-07-02-03-10,2023101865,ウォーターデライト,8,0,244.0,24.4,8,-0.5137600476384111,0.06883188484226148,5,0.0,2026-07-31,monthly_walk_forward
2026-08-01,2026-0801-07-02-03-10,2021104101,タイセイブロウ,9,0,294.0,29.4,10,-0.5764376433712695,0.0629365866012008,6,0.0,2026-07-31,monthly_walk_forward
2026-08-01,2026-0801-07-02-03-10,2023106989,キンダープンシュ,6,0,211.0,21.1,7,-0.6958668707921715,0.05306483541059175,7,0.0,2026-07-31,monthly_walk_forward
2026-08-01,2026-0801-07-02-03-10,2022106582,ケイアイマウンガ,4,0,136.0,13.6,6,-0.7244411088035723,0.05094232627837933,8,0.0,2026-07-31,monthly_walk_forward
2026-08-01,2026-0801-07-02-03-10,2022104391,ヴィヴァシャス,13,0,573.0,57.3,12,-0.7835790033621296,0.046815363502704974,9,0.0,2026-07-31,monthly_walk_forward
2026-08-01,2026-0801-07-02-03-10,2020100683,カフェノワール,3,0,65.0,6.5,2,-1.0832367748877105,0.030512270014543878,10,0.0,2026-07-31,monthly_walk_forward
2026-08-01,2026-0801-07-02-03-10,2022105748,リードプリンシパル,12,0,1335.0,133.5,14,-1.2313199674736954,0.024694523052795504,11,0.0,2026-07-31,monthly_walk_forward
2026-08-01,2026-0801-07-02-03-10,2022103728,アメリカンビーチ,5,0,114.0,11.4,4,-1.4708591104349833,0.01753822359824353,12,0.0,2026-07-31,monthly_walk_forward
2026-08-01,2026-0801-07-02-03-10,2022101399,ルージュミステリオ,15,0,1379.0,137.9,15,-1.5015783230934499,0.016785209556829186,13,0.0,2026-07-31,monthly_walk_forward
2026-08-01,2026-0801-07-02-03-10,2022103249,メイショウアボット,7,0,439.0,43.9,11,-1.566756978009851,0.0152928553838009,14,0.0,2026-07-31,monthly_walk_forward
2026-08-01,2026-0801-07-02-03-10,2022100997,ジョードリウム,14,0,2590.0,259.0,16,-1.5894738543046636,0.014804527860991654,15,0.0,2026-07-31,monthly_walk_forward
2026-08-01,2026-0801-07-02-03-10,2021103943,クインズセレネ,11,0,1075.0,107.5,13,-1.8334809563759966,0.010447382788138258,16,0.0,2026-07-31,monthly_walk_forward
2026-08-01,2026-0801-07-02-03-11,2023105288,ピカキウイ,3,0,21.0,2.1,1,0.5764261382086401,0.2307752657725769,1,0.0,2026-07-31,monthly_walk_forward
2026-08-01,2026-0801-07-02-03-11,2023106219,サムシングスイート,1,1,48.0,4.8,2,0.5021832398283145,0.2075522423051899,2,480.0,2026-07-31,monthly_walk_forward
2026-08-01,2026-0801-07-02-03-11,2023104305,エクリュ,9,0,75.0,7.5,4,0.4843493866174853,0.2023312376924167,3,0.0,2026-07-31,monthly_walk_forward
2026-08-01,2026-0801-07-02-03-11,2023107244,ヴィスコンテッサ,2,0,129.0,12.9,6,0.22101714999103705,0.13889485881477992,4,0.0,2026-07-31,monthly_walk_forward
2026-08-01,2026-0801-07-02-03-11,2023105484,エイシンウィスパー,8,0,58.0,5.8,3,-0.2594483295412413,0.06991903844445453,5,0.0,2026-07-31,monthly_walk_forward
2026-08-01,2026-0801-07-02-03-11,2022102139,シェーラ,5,0,168.0,16.8,7,-0.3652667978411353,0.06010955047196758,6,0.0,2026-07-31,monthly_walk_forward
2026-08-01,2026-0801-07-02-03-11,2022101400,マーゴットレジーナ,7,0,246.0,24.6,8,-0.5053954338862209,0.04920449459196369,7,0.0,2026-07-31,monthly_walk_forward
2026-08-01,2026-0801-07-02-03-11,2023106808,シルバーリム,4,0,104.0,10.4,5,-0.9421423355764494,0.02636561838690552,8,0.0,2026-07-31,monthly_walk_forward
2026-08-01,2026-0801-07-02-03-11,2022106593,カポレイラ,6,0,2259.0,225.9,9,-1.3440937406060047,0.014847693519745258,9,0.0,2026-07-31,monthly_walk_forward
2026-08-01,2026-0801-07-02-03-12,2023102845,ララファキュルテ,3,0,47.0,4.7,3,0.4121942818626637,0.2018362561659818,1,0.0,2026-07-31,monthly_walk_forward
2026-08-01,2026-0801-07-02-03-12,2022103251,メイショウビストロ,8,0,148.0,14.8,6,0.1990058397812971,0.1488444555771427,2,0.0,2026-07-31,monthly_walk_forward
2026-08-01,2026-0801-07-02-03-12,2022104738,パスコード,4,0,39.0,3.9,1,0.19296206486117856,0.1475648697784386,3,0.0,2026-07-31,monthly_walk_forward
2026-08-01,2026-0801-07-02-03-12,2023103440,サーディンラン,1,1,44.0,4.4,2,0.0685336819961335,0.12353358242112182,4,440.0,2026-07-31,monthly_walk_forward
2026-08-01,2026-0801-07-02-03-12,2023102990,キングケープ,10,0,55.0,5.5,4,-0.2081713222768273,0.08319773952562996,5,0.0,2026-07-31,monthly_walk_forward
2026-08-01,2026-0801-07-02-03-12,2021106206,ウインラウダ,5,0,315.0,31.5,9,-0.26720543088366194,0.07646902351277639,6,0.0,2026-07-31,monthly_walk_forward
2026-08-01,2026-0801-07-02-03-12,2022101690,グレゴリオ,7,0,302.0,30.2,8,-0.30821577131953,0.07211770218308286,7,0.0,2026-07-31,monthly_walk_forward
2026-08-01,2026-0801-07-02-03-12,2023103783,ヴォーカライズ,2,0,56.0,5.6,5,-0.4619997092910855,0.05789367837539232,8,0.0,2026-07-31,monthly_walk_forward
2026-08-01,2026-0801-07-02-03-12,2023110015,パーシャングレー,9,0,175.0,17.5,7,-0.4709941536319128,0.057154549344152795,9,0.0,2026-07-31,monthly_walk_forward
2026-08-01,2026-0801-07-02-03-12,2022105936,ウィテカービート,6,0,729.0,72.9,10,-1.0909238809351036,0.023574016140959667,10,0.0,2026-07-31,monthly_walk_forward
2026-08-01,2026-0801-07-02-03-12,2023104692,サマーブリザード,11,0,2402.0,240.2,11,-1.8638721747278957,0.007814126975321176,11,0.0,2026-07-31,monthly_walk_forward
2026-08-02,2026-0802-01-01-04-04,2023101050,クオンタムスター,2,0,17.0,1.7,1,0.40943138018027103,0.34819334300881866,1,0.0,2026-07-31,monthly_walk_forward
2026-08-02,2026-0802-01-01-04-04,2023107050,ワンダフルデイズ,4,0,32.0,3.2,2,0.2237893883536555,0.26708182266632857,2,0.0,2026-07-31,monthly_walk_forward
2026-08-02,2026-0802-01-01-04-04,2023106077,タケルフォーカス,3,0,92.0,9.2,3,-0.4266834919034985,0.10545750669026448,3,0.0,2026-07-31,monthly_walk_forward
2026-08-02,2026-0802-01-01-04-04,2021102379,テイクザクラウン,6,0,223.0,22.3,5,-0.6396840816469893,0.07779067262162859,4,0.0,2026-07-31,monthly_walk_forward
2026-08-02,2026-0802-01-01-04-04,2022103070,レイデラティエラ,1,1,375.0,37.5,8,-1.2275843786521334,0.03358783566585177,5,3750.0,2026-07-31,monthly_walk_forward
2026-08-02,2026-0802-01-01-04-04,2022102383,ニヒトツーゼーア,10,0,284.0,28.4,6,-1.2533558223142955,0.03237374062262734,6,0.0,2026-07-31,monthly_walk_forward
2026-08-02,2026-0802-01-01-04-04,2022101425,エナジーショット,12,0,456.0,45.6,9,-1.2799338751045972,0.031167596229668335,7,0.0,2026-07-31,monthly_walk_forward
2026-08-02,2026-0802-01-01-04-04,2022106180,シャインバオバブ,9,0,1245.0,124.5,12,-1.331453496149334,0.02895606016097023,8,0.0,2026-07-31,monthly_walk_forward
2026-08-02,2026-0802-01-01-04-04,2020105796,ペリプルス,5,0,561.0,56.1,11,-1.5840133775861711,0.020185805986353608,9,0.0,2026-07-31,monthly_walk_forward
2026-08-02,2026-0802-01-01-04-04,2023104156,グランアルト,7,0,210.0,21.0,4,-1.762697951989703,0.015638190097489867,10,0.0,2026-07-31,monthly_walk_forward
2026-08-02,2026-0802-01-01-04-04,2022104661,ジーティートシオー,11,0,2761.0,276.1,13,-1.810337344966929,0.014609320713754334,11,0.0,2026-07-31,monthly_walk_forward
2026-08-02,2026-0802-01-01-04-04,2022104164,サイモンイロハニー,8,0,375.0,37.5,7,-1.8534422012992313,0.013736841222353543,12,0.0,2026-07-31,monthly_walk_forward
2026-08-02,2026-0802-01-01-04-04,2023103837,ランブリングマン,13,0,487.0,48.7,10,-1.9950317516318603,0.011221264313890686,13,0.0,2026-07-31,monthly_walk_forward
2026-08-02,2026-0802-01-01-04-06,2023105786,ロードアマルフィ,4,0,49.0,4.9,2,-0.19706326703453753,0.1703560201325135,1,0.0,2026-07-31,monthly_walk_forward
2026-08-02,2026-0802-01-01-04-06,2022101445,マテンロウカナロア,9,0,41.0,4.1,1,-0.23029296231441174,0.16245799726859375,2,0.0,2026-07-31,monthly_walk_forward
2026-08-02,2026-0802-01-01-04-06,2022100912,ココデイック,7,0,119.0,11.9,8,-0.3214796202655994,0.1426155909986988,3,0.0,2026-07-31,monthly_walk_forward
2026-08-02,2026-0802-01-01-04-06,2022102300,アスクガンバーレ,3,0,78.0,7.8,5,-0.471202483208309,0.11515315576639798,4,0.0,2026-07-31,monthly_walk_forward
2026-08-02,2026-0802-01-01-04-06,2022101255,ステイアンビシャス,2,0,415.0,41.5,10,-0.7274372480746052,0.0798550700638939,5,0.0,2026-07-31,monthly_walk_forward
2026-08-02,2026-0802-01-01-04-06,2023103176,セイントホース,1,1,84.0,8.4,6,-0.7645587947714709,0.07573062124418048,6,840.0,2026-07-31,monthly_walk_forward
2026-08-02,2026-0802-01-01-04-06,2023100612,タイセイジェイド,5,0,61.0,6.1,3,-0.767011595232777,0.07546572546595741,7,0.0,2026-07-31,monthly_walk_forward
2026-08-02,2026-0802-01-01-04-06,2023100953,グランセレスト,10,0,93.0,9.3,7,-0.8993471669750733,0.062466334840328014,8,0.0,2026-07-31,monthly_walk_forward
2026-08-02,2026-0802-01-01-04-06,2023110034,カフジクロミエ,6,0,199.0,19.9,9,-0.9057246172352597,0.061899810966862284,9,0.0,2026-07-31,monthly_walk_forward
2026-08-02,2026-0802-01-01-04-06,2023102263,ステラデルークス,8,0,77.0,7.7,4,-1.001302008354992,0.05399967325257382,10,0.0,2026-07-31,monthly_walk_forward
2026-08-02,2026-0802-01-01-04-08,2022103991,ジーティーエスピ,3,0,43.0,4.3,1,0.17528990644914522,0.21608930695010103,1,0.0,2026-07-31,monthly_walk_forward
2026-08-02,2026-0802-01-01-04-08,2022101103,ザカリナン,7,0,50.0,5.0,3,-0.19114123362554422,0.1280241250466057,2,0.0,2026-07-31,monthly_walk_forward
2026-08-02,2026-0802-01-01-04-08,2023104875,ダブルチャレンジ,5,0,94.0,9.4,5,-0.25749390323242194,0.1164461803566753,3,0.0,2026-07-31,monthly_walk_forward
2026-08-02,2026-0802-01-01-04-08,2022105212,エコロハート,2,0,114.0,11.4,7,-0.40070316439389464,0.09490197685011607,4,0.0,2026-07-31,monthly_walk_forward
2026-08-02,2026-0802-01-01-04-08,2023102812,ディーズメンフィス,6,0,67.0,6.7,4,-0.6560443502753497,0.06589558300800544,5,0.0,2026-07-31,monthly_walk_forward
2026-08-02,2026-0802-01-01-04-08,2021110014,ブライトアゲイン,9,0,203.0,20.3,8,-0.6814119670987728,0.06355031542145949,6,0.0,2026-07-31,monthly_walk_forward
2026-08-02,2026-0802-01-01-04-08,2023100925,サトノワーグナー,1,1,46.0,4.6,2,-0.7047559226907373,0.0614659555345876,7,460.0,2026-07-31,monthly_walk_forward
2026-08-02,2026-0802-01-01-04-08,2023105797,ロードクラシコ,12,0,98.0,9.8,6,-0.807942339577688,0.053041481965441256,8,0.0,2026-07-31,monthly_walk_forward
2026-08-02,2026-0802-01-01-04-08,2023105169,アースコーリング,11,0,1082.0,108.2,14,-0.9496814021709025,0.04331893818550016,9,0.0,2026-07-31,monthly_walk_forward
2026-08-02,2026-0802-01-01-04-08,2020100084,レッドカメリア,4,0,510.0,51.0,11,-0.9831066590550364,0.041299051925385334,10,0.0,2026-07-31,monthly_walk_forward
2026-08-02,2026-0802-01-01-04-08,2021103535,シャインズオンユー,8,0,241.0,24.1,9,-0.9980219627439391,0.04042837812448207,11,0.0,2026-07-31,monthly_walk_forward
2026-08-02,2026-0802-01-01-04-08,2023102972,グレートスティック,13,0,794.0,79.4,13,-1.0333456229300253,0.03843888569462691,12,0.0,2026-07-31,monthly_walk_forward
2026-08-02,2026-0802-01-01-04-08,2021102433,アートフォーム,14,0,783.0,78.3,12,-1.511935593099165,0.019401873588335273,13,0.0,2026-07-31,monthly_walk_forward
2026-08-02,2026-0802-01-01-04-08,2022106016,ブライアーヒル,10,0,487.0,48.7,10,-1.5762802750886735,0.017697947348678376,14,0.0,2026-07-31,monthly_walk_forward
2026-08-02,2026-0802-01-01-04-09,2022104394,ヒットミー,8,0,57.0,5.7,4,0.3641477027460584,0.25177502425818554,1,0.0,2026-07-31,monthly_walk_forward
2026-08-02,2026-0802-01-01-04-09,2023107523,デアプリームス,5,0,56.0,5.6,3,0.34416033436399085,0.24468766107656056,2,0.0,2026-07-31,monthly_walk_forward
2026-08-02,2026-0802-01-01-04-09,2022102427,パールフロント,2,0,33.0,3.3,1,-0.042158216975499097,0.14090683111095317,3,0.0,2026-07-31,monthly_walk_forward
2026-08-02,2026-0802-01-01-04-09,2022100729,ビーマックス,4,0,88.0,8.8,5,-0.18074444666346504,0.11559799035138225,4,0.0,2026-07-31,monthly_walk_forward
2026-08-02,2026-0802-01-01-04-09,2023103625,エコロレバン,12,0,46.0,4.6,2,-0.6275363697979032,0.06105923115994194,5,0.0,2026-07-31,monthly_walk_forward
2026-08-02,2026-0802-01-01-04-09,2021103242,ジーベック,6,0,262.0,26.2,8,-0.8393433855998326,0.04511717274944419,6,0.0,2026-07-31,monthly_walk_forward
2026-08-02,2026-0802-01-01-04-09,2022103183,アイアムイチバン,1,1,177.0,17.7,7,-0.9638555091151552,0.037765216567844324,7,1770.0,2026-07-31,monthly_walk_forward
2026-08-02,2026-0802-01-01-04-09,2022103857,クインズシフォン,3,0,377.0,37.7,10,-1.09669497182949,0.03123745393050984,8,0.0,2026-07-31,monthly_walk_forward
2026-08-02,2026-0802-01-01-04-09,2022110087,ララアヴリル,9,0,96.0,9.6,6,-1.290608954280478,0.023679219434831034,9,0.0,2026-07-31,monthly_walk_forward
2026-08-02,2026-0802-01-01-04-09,2021103748,サベージラヴ,10,0,355.0,35.5,9,-1.4109953125232022,0.019937798149518394,10,0.0,2026-07-31,monthly_walk_forward
2026-08-02,2026-0802-01-01-04-09,2021100662,ベニシア,7,0,1973.0,197.3,12,-1.4995684485152925,0.01756809166824799,11,0.0,2026-07-31,monthly_walk_forward
2026-08-02,2026-0802-01-01-04-09,2023105661,ストロングボンド,11,0,809.0,80.9,11,-1.8487331114498304,0.010668309542580585,12,0.0,2026-07-31,monthly_walk_forward
2026-08-02,2026-0802-01-01-04-10,2022104865,ヘニーガイスト,1,1,17.0,1.7,1,1.565406301889148,0.4359867899519028,1,170.0,2026-07-31,monthly_walk_forward
2026-08-02,2026-0802-01-01-04-10,2022105823,サムシャイン,2,0,46.0,4.6,2,1.0095360079990277,0.19706064515130153,2,0.0,2026-07-31,monthly_walk_forward
2026-08-02,2026-0802-01-01-04-10,2023105351,チャーリー,5,0,47.0,4.7,3,0.8689333723999542,0.16120077161794266,3,0.0,2026-07-31,monthly_walk_forward
2026-08-02,2026-0802-01-01-04-10,2023104414,シーズザスローン,4,0,81.0,8.1,4,0.6350770775375826,0.11541913969231558,4,0.0,2026-07-31,monthly_walk_forward
2026-08-02,2026-0802-01-01-04-10,2022102735,スマートカイロス,7,0,336.0,33.6,5,-0.3047437408040776,0.030143491417358424,5,0.0,2026-07-31,monthly_walk_forward
2026-08-02,2026-0802-01-01-04-10,2023103822,フルールドール,9,0,653.0,65.3,8,-0.6782707310464815,0.01767867375292227,6,0.0,2026-07-31,monthly_walk_forward
2026-08-02,2026-0802-01-01-04-10,2021103502,アイウィル,3,0,337.0,33.7,6,-0.7273565019014677,0.016481466556947627,7,0.0,2026-07-31,monthly_walk_forward
2026-08-02,2026-0802-01-01-04-10,2021101045,タイセイミッション,10,0,400.0,40.0,7,-0.9065650194305384,0.012758839719765614,8,0.0,2026-07-31,monthly_walk_forward
2026-08-02,2026-0802-01-01-04-10,2020102187,スマートケープ,6,0,829.0,82.9,9,-1.0536294567780449,0.010341162491197528,9,0.0,2026-07-31,monthly_walk_forward
2026-08-02,2026-0802-01-01-04-10,2019102983,キュールエフウジン,8,0,2711.0,271.1,10,-1.9366546161181701,0.0029290196483459175,10,0.0,2026-07-31,monthly_walk_forward
2026-08-02,2026-0802-01-01-04-11,2020101607,ココナッツブラウン,1,1,29.0,2.9,1,0.8879743100726362,0.13707842771653367,1,290.0,2026-07-31,monthly_walk_forward
2026-08-02,2026-0802-01-01-04-11,2022103205,エリカエクスプレス,4,0,35.0,3.5,2,0.7732375212223583,0.1163547284449907,2,0.0,2026-07-31,monthly_walk_forward
2026-08-02,2026-0802-01-01-04-11,2022102296,ケリフレッドアスク,8,0,131.0,13.1,5,0.7511648969455015,0.11274303564543688,3,0.0,2026-07-31,monthly_walk_forward
2026-08-02,2026-0802-01-01-04-11,2021106823,コガネノソラ,2,0,88.0,8.8,3,0.6587409065074035,0.09879795797877501,4,0.0,2026-07-31,monthly_walk_forward
2026-08-02,2026-0802-01-01-04-11,2021107179,ボンドガール,10,0,164.0,16.4,8,0.5203847626189423,0.08107910655189254,5,0.0,2026-07-31,monthly_walk_forward
2026-08-02,2026-0802-01-01-04-11,2021105738,アンゴラブラック,9,0,151.0,15.1,6,0.4748952294035483,0.07597772876174012,6,0.0,2026-07-31,monthly_walk_forward
2026-08-02,2026-0802-01-01-04-11,2021101485,カテリーナ,5,0,231.0,23.1,10,0.45273568346294885,0.07361021158936376,7,0.0,2026-07-31,monthly_walk_forward
2026-08-02,2026-0802-01-01-04-11,2021105581,フレミングフープ,12,0,548.0,54.8,12,0.4498854069853166,0.0733110931890158,8,0.0,2026-07-31,monthly_walk_forward
2026-08-02,2026-0802-01-01-04-11,2023107265,フェスティバルヒル,14,0,153.0,15.3,7,0.4265236387679147,0.07090478937575846,9,0.0,2026-07-31,monthly_walk_forward
2026-08-02,2026-0802-01-01-04-11,2022104617,ヴーレヴー,3,0,107.0,10.7,4,0.294138505102488,0.05868688999972776,10,0.0,2026-07-31,monthly_walk_forward
2026-08-02,2026-0802-01-01-04-11,2022105157,ルージュソリテール,6,0,191.0,19.1,9,0.08670207877254926,0.04363583039759138,11,0.0,2026-07-31,monthly_walk_forward
2026-08-02,2026-0802-01-01-04-11,2021103519,リラボニート,7,0,337.0,33.7,11,-0.09542996897536185,0.033639129953997725,12,0.0,2026-07-31,monthly_walk_forward
2026-08-02,2026-0802-01-01-04-11,2022101250,クリノメイ,11,0,1404.0,140.4,14,-0.7368712725639837,0.01345492556368318,13,0.0,2026-07-31,monthly_walk_forward
2026-08-02,2026-0802-01-01-04-11,2021105442,エラトー,13,0,1068.0,106.8,13,-0.8955340065903111,0.010726144831492979,14,0.0,2026-07-31,monthly_walk_forward
2026-08-02,2026-0802-01-01-04-12,2023106190,デンプシー,2,0,29.0,2.9,1,0.3521794302521801,0.19362196126438502,1,0.0,2026-07-31,monthly_walk_forward
2026-08-02,2026-0802-01-01-04-12,2022102594,ミキノバカラ,5,0,103.0,10.3,5,0.05093086797371372,0.125908130213769,2,0.0,2026-07-31,monthly_walk_forward
2026-08-02,2026-0802-01-01-04-12,2022106351,ベビーズブレス,10,0,155.0,15.5,8,0.014727237027102687,0.11956175820564019,3,0.0,2026-07-31,monthly_walk_forward
2026-08-02,2026-0802-01-01-04-12,2022106389,ベルビースタローン,6,0,90.0,9.0,4,-0.032371787280048935,0.11178179616942437,4,0.0,2026-07-31,monthly_walk_forward
2026-08-02,2026-0802-01-01-04-12,2022110093,マテンロウサン,1,1,54.0,5.4,2,-0.07016557583080929,0.10590660237130399,5,540.0,2026-07-31,monthly_walk_forward
2026-08-02,2026-0802-01-01-04-12,2023102440,ホウオウヘッセン,14,0,123.0,12.3,7,-0.12804535155735694,0.09750193286922006,6,0.0,2026-07-31,monthly_walk_forward
2026-08-02,2026-0802-01-01-04-12,2022103527,ライツユーアップ,11,0,419.0,41.9,12,-0.5335672993913886,0.05462846772456126,7,0.0,2026-07-31,monthly_walk_forward
2026-08-02,2026-0802-01-01-04-12,2021110119,サンドロナイト,12,0,267.0,26.7,10,-0.7441034046545418,0.04043878176168153,8,0.0,2026-07-31,monthly_walk_forward
2026-08-02,2026-0802-01-01-04-12,2020102050,サンポーニャ,4,0,359.0,35.9,11,-0.8977794163231939,0.03246790651454951,9,0.0,2026-07-31,monthly_walk_forward
2026-08-02,2026-0802-01-01-04-12,2021100365,トウカイエルデ,8,0,108.0,10.8,6,-0.9009827437116338,0.032319666910115494,10,0.0,2026-07-31,monthly_walk_forward
2026-08-02,2026-0802-01-01-04-12,2021104210,ニホンピロトッティ,13,0,78.0,7.8,3,-0.9347690730686665,0.030796767796636624,11,0.0,2026-07-31,monthly_walk_forward
2026-08-02,2026-0802-01-01-04-12,2020103632,スイミーユニバンス,7,0,240.0,24.0,9,-1.0498790670949507,0.026126938126567384,12,0.0,2026-07-31,monthly_walk_forward
2026-08-02,2026-0802-01-01-04-12,2019101643,バシレウスシチー,3,0,917.0,91.7,13,-1.4164567916552397,0.015475907046785376,13,0.0,2026-07-31,monthly_walk_forward
2026-08-02,2026-0802-01-01-04-12,2020106821,ピースフルナイト,9,0,1083.0,108.3,14,-1.513974350761063,0.013463383025360175,14,0.0,2026-07-31,monthly_walk_forward
2026-08-02,2026-0802-04-02-04-06,2022105198,ヘリオトロープ,5,0,46.0,4.6,2,0.4303370393088326,0.18806820460743254,1,0.0,2026-07-31,monthly_walk_forward
2026-08-02,2026-0802-04-02-04-06,2022102965,ブレトワルダ,1,1,52.0,5.2,3,0.3501479955346662,0.16771211539637332,2,520.0,2026-07-31,monthly_walk_forward
2026-08-02,2026-0802-04-02-04-06,2021101603,ナイトスラッガー,3,0,86.0,8.6,6,0.12955947849824742,0.1223789597424391,3,0.0,2026-07-31,monthly_walk_forward
2026-08-02,2026-0802-04-02-04-06,2023103701,マッドゲイル,7,0,67.0,6.7,4,0.03969775828219429,0.10763529041078533,4,0.0,2026-07-31,monthly_walk_forward
2026-08-02,2026-0802-04-02-04-06,2021104321,カレンワッツアップ,6,0,249.0,24.9,9,-0.07497109495683768,0.09137171112533597,5,0.0,2026-07-31,monthly_walk_forward
2026-08-02,2026-0802-04-02-04-06,2022106427,ニシノケンタマン,4,0,203.0,20.3,8,-0.21544600495305194,0.07475809355659237,6,0.0,2026-07-31,monthly_walk_forward
2026-08-02,2026-0802-04-02-04-06,2022105925,フィールオーサム,2,0,40.0,4.0,1,-0.2180406151498437,0.07448150916255313,7,0.0,2026-07-31,monthly_walk_forward
2026-08-02,2026-0802-04-02-04-06,2020105147,ユイノマチブセ,12,0,80.0,8.0,5,-0.35998597056554205,0.06081106826603198,8,0.0,2026-07-31,monthly_walk_forward
2026-08-02,2026-0802-04-02-04-06,2022100650,ロードソルスティス,14,0,172.0,17.2,7,-0.5018859686486942,0.049652936526173495,9,0.0,2026-07-31,monthly_walk_forward
2026-08-02,2026-0802-04-02-04-06,2020106051,セザンワールド,13,0,517.0,51.7,10,-1.2505693582607882,0.017039085188371425,10,0.0,2026-07-31,monthly_walk_forward
2026-08-02,2026-0802-04-02-04-06,2020102793,ルーラーリッチ,9,0,1383.0,138.3,13,-1.3382742631084636,0.015032538914518197,11,0.0,2026-07-31,monthly_walk_forward
2026-08-02,2026-0802-04-02-04-06,2021105086,フクチャントウメイ,8,0,1887.0,188.7,14,-1.618265675343481,0.010076735800223833,12,0.0,2026-07-31,monthly_walk_forward
2026-08-02,2026-0802-04-02-04-06,2021110106,エリカヴェネチア,11,0,1190.0,119.0,12,-1.763147771239448,0.008192793760109379,13,0.0,2026-07-31,monthly_walk_forward
2026-08-02,2026-0802-04-02-04-06,2021105229,シーニックビュー,10,0,561.0,56.1,11,-1.921878073843476,0.006530590598018069,14,0.0,2026-07-31,monthly_walk_forward
2026-08-02,2026-0802-04-02-04-06,2021107266,スプレーフォール,15,0,4034.0,403.4,15,-1.9516827461668393,0.0062583669450418464,15,0.0,2026-07-31,monthly_walk_forward
2026-08-02,2026-0802-04-02-04-07,2021107058,ピューロマジック,1,1,27.0,2.7,1,1.136996574686278,0.3416690119264273,1,270.0,2026-07-31,monthly_walk_forward
2026-08-02,2026-0802-04-02-04-07,2022110105,アメリカンステージ,5,0,38.0,3.8,2,0.46524419028942215,0.13086891896124234,2,0.0,2026-07-31,monthly_walk_forward
2026-08-02,2026-0802-04-02-04-07,2022100098,ベルギューン,8,0,531.0,53.1,12,0.25732393838614004,0.09723855336090972,3,0.0,2026-07-31,monthly_walk_forward
2026-08-02,2026-0802-04-02-04-07,2020100896,ビッグシーザー,4,0,68.0,6.8,4,0.2377223496538788,0.0945534234923812,4,0.0,2026-07-31,monthly_walk_forward
2026-08-02,2026-0802-04-02-04-07,2017101423,ウイングレイテスト,7,0,241.0,24.1,6,-0.2370316513832616,0.04798771310889162,5,0.0,2026-07-31,monthly_walk_forward
2026-08-02,2026-0802-04-02-04-07,2022107138,アタリダイキチ,16,0,729.0,72.9,13,-0.24108130032809708,0.047710895474329086,6,0.0,2026-07-31,monthly_walk_forward
2026-08-02,2026-0802-04-02-04-07,2022100627,カウスリップ,3,0,450.0,45.0,10,-0.4280404844945155,0.03652785936261896,7,0.0,2026-07-31,monthly_walk_forward
2026-08-02,2026-0802-04-02-04-07,2020101262,エコロレジーナ,6,0,61.0,6.1,3,-0.4680413249138376,0.03449902911036327,8,0.0,2026-07-31,monthly_walk_forward
2026-08-02,2026-0802-04-02-04-07,2018103205,クムシラコ,13,0,243.0,24.3,7,-0.49054453249365904,0.03340761080751283,9,0.0,2026-07-31,monthly_walk_forward
2026-08-02,2026-0802-04-02-04-07,2019110102,デュガ,11,0,1314.0,131.4,15,-0.5342334927968831,0.03138628274090191,10,0.0,2026-07-31,monthly_walk_forward
2026-08-02,2026-0802-04-02-04-07,2022104197,カウンターセブン,14,0,295.0,29.5,9,-0.6143271908484158,0.027992913068286756,11,0.0,2026-07-31,monthly_walk_forward
2026-08-02,2026-0802-04-02-04-07,2022103324,シュラフ,17,0,254.0,25.4,8,-0.697983120497387,0.024839693114684407,12,0.0,2026-07-31,monthly_walk_forward
2026-08-02,2026-0802-04-02-04-07,2021100157,ロードトレイル,2,0,895.0,89.5,14,-1.0052233445734597,0.01601504025573213,13,0.0,2026-07-31,monthly_walk_forward
2026-08-02,2026-0802-04-02-04-07,2019103422,テイエムスパーダ,9,0,157.0,15.7,5,-1.053936125374999,0.01493845274612883,14,0.0,2026-07-31,monthly_walk_forward
2026-08-02,2026-0802-04-02-04-07,2020103049,ミカッテヨンデイイ,15,0,2173.0,217.3,16,-1.3725795254836783,0.009475729617859655,15,0.0,2026-07-31,monthly_walk_forward
2026-08-02,2026-0802-04-02-04-07,2020106015,バグラダス,12,0,487.0,48.7,11,-1.7195960951302542,0.0057718681400371775,16,0.0,2026-07-31,monthly_walk_forward
2026-08-02,2026-0802-04-02-04-07,2020101419,ブーケファロス,10,0,2459.0,245.9,17,-1.803894676822545,0.00511700471169288,17,0.0,2026-07-31,monthly_walk_forward
2026-08-02,2026-0802-04-02-04-08,2023107330,ガーヴィ,4,0,28.0,2.8,1,0.8907553880917474,0.31557402616449554,1,0.0,2026-07-31,monthly_walk_forward
2026-08-02,2026-0802-04-02-04-08,2023105239,ゴバド,6,0,58.0,5.8,3,0.25755075107638215,0.12771678979817153,2,0.0,2026-07-31,monthly_walk_forward
2026-08-02,2026-0802-04-02-04-08,2022105338,リポサンテ,3,0,41.0,4.1,2,0.20927501022705042,0.11920561852250351,3,0.0,2026-07-31,monthly_walk_forward
2026-08-02,2026-0802-04-02-04-08,2022105864,キアラメンテ,2,0,133.0,13.3,6,0.19821361296145484,0.11733673672433334,4,0.0,2026-07-31,monthly_walk_forward
2026-08-02,2026-0802-04-02-04-08,2023105275,ノーザンタイタン,9,0,91.0,9.1,5,0.0038105461094847743,0.08888374018641015,5,0.0,2026-07-31,monthly_walk_forward
2026-08-02,2026-0802-04-02-04-08,2021105742,シアブリス,5,0,356.0,35.6,10,-0.3357865354098258,0.054717880437347856,6,0.0,2026-07-31,monthly_walk_forward
2026-08-02,2026-0802-04-02-04-08,2023103584,トランスマーレ,7,0,91.0,9.1,4,-0.4862866860483901,0.044132228594223215,7,0.0,2026-07-31,monthly_walk_forward
2026-08-02,2026-0802-04-02-04-08,2022102064,ミエノフェアリー,13,0,182.0,18.2,7,-0.8285624709536876,0.027064554389595225,8,0.0,2026-07-31,monthly_walk_forward
2026-08-02,2026-0802-04-02-04-08,2023106362,ファストフォワード,1,1,285.0,28.5,9,-0.8329815218982809,0.026894235924305187,9,2850.0,2026-07-31,monthly_walk_forward
2026-08-02,2026-0802-04-02-04-08,2023102403,ルンベーラ,10,0,273.0,27.3,8,-1.065664790482157,0.019288466301826526,10,0.0,2026-07-31,monthly_walk_forward
2026-08-02,2026-0802-04-02-04-08,2022105131,キューティリップ,8,0,538.0,53.8,11,-1.1122363802310686,0.01804694600087586,11,0.0,2026-07-31,monthly_walk_forward
2026-08-02,2026-0802-04-02-04-08,2021107253,ニシノコマチムスメ,11,0,800.0,80.0,12,-1.176186422066129,0.01647129668514458,12,0.0,2026-07-31,monthly_walk_forward
2026-08-02,2026-0802-04-02-04-08,2023106412,ユメシルベ,12,0,1186.0,118.6,13,-1.288281446622124,0.014034007929476514,13,0.0,2026-07-31,monthly_walk_forward
2026-08-02,2026-0802-04-02-04-08,2023103069,ノーブルクラウド,14,0,2022.0,202.2,14,-1.4825151561962333,0.010633472341290903,14,0.0,2026-07-31,monthly_walk_forward
2026-08-02,2026-0802-04-02-04-09,2023103157,サトノフェンサー,13,0,136.0,13.6,6,-0.12451716639611818,0.20816831023577181,1,0.0,2026-07-31,monthly_walk_forward
2026-08-02,2026-0802-04-02-04-09,2023103709,ウリズンベー,3,0,44.0,4.4,3,-0.1348910632631111,0.2051060338372445,2,0.0,2026-07-31,monthly_walk_forward
2026-08-02,2026-0802-04-02-04-09,2023100419,メディチパワー,6,0,42.0,4.2,2,-0.5803151284785363,0.10854957602168867,3,0.0,2026-07-31,monthly_walk_forward
2026-08-02,2026-0802-04-02-04-09,2022104967,サトノシャムロック,12,0,240.0,24.0,8,-0.6747122159341435,0.09485543620105831,4,0.0,2026-07-31,monthly_walk_forward
2026-08-02,2026-0802-04-02-04-09,2022104786,サトノラポール,4,0,414.0,41.4,11,-0.7304000541872092,0.0876016605449896,5,0.0,2026-07-31,monthly_walk_forward
2026-08-02,2026-0802-04-02-04-09,2023100858,エコロガノン,2,0,40.0,4.0,1,-0.7929369857861539,0.080114870020175,6,0.0,2026-07-31,monthly_walk_forward
2026-08-02,2026-0802-04-02-04-09,2023106954,イーグルロック,14,0,74.0,7.4,4,-1.210011676858444,0.044152100077668455,7,0.0,2026-07-31,monthly_walk_forward
2026-08-02,2026-0802-04-02-04-09,2023105779,カシノスパーク,8,0,332.0,33.2,10,-1.4134127761677422,0.033018482940577444,8,0.0,2026-07-31,monthly_walk_forward
2026-08-02,2026-0802-04-02-04-09,2021106057,タニセンドリーム,11,0,220.0,22.0,7,-1.4794500585966837,0.030045969300359108,9,0.0,2026-07-31,monthly_walk_forward
2026-08-02,2026-0802-04-02-04-09,2023101642,ベルウッドピース,15,0,86.0,8.6,5,-1.534040083079116,0.027791848815423858,10,0.0,2026-07-31,monthly_walk_forward
2026-08-02,2026-0802-04-02-04-09,2022106951,ブレゲアン,1,1,261.0,26.1,9,-1.716675054649889,0.021409519667303756,11,2610.0,2026-07-31,monthly_walk_forward
2026-08-02,2026-0802-04-02-04-09,2023107296,セントゴーデンス,5,0,420.0,42.0,12,-1.721231693219973,0.02127060736281761,12,0.0,2026-07-31,monthly_walk_forward
2026-08-02,2026-0802-04-02-04-09,2023100729,ヘルメスギャング,10,0,804.0,80.4,13,-1.8637945909413685,0.01735125609623421,13,0.0,2026-07-31,monthly_walk_forward
2026-08-02,2026-0802-04-02-04-09,2022103629,ウーバーストロング,9,0,2637.0,263.7,14,-2.1350639874676407,0.011776867098095323,14,0.0,2026-07-31,monthly_walk_forward
2026-08-02,2026-0802-04-02-04-09,2022100485,スーパーホース,7,0,2917.0,291.7,15,-2.340031886331807,0.00878746178059248,15,0.0,2026-07-31,monthly_walk_forward
2026-08-02,2026-0802-04-02-04-10,2023105429,チームユートピア,11,0,26.0,2.6,1,0.819719904055111,0.5410411201350389,1,0.0,2026-07-31,monthly_walk_forward
2026-08-02,2026-0802-04-02-04-10,2023103068,トモジャオーリー,5,0,33.0,3.3,2,-0.14217128145649305,0.13691564668723852,2,0.0,2026-07-31,monthly_walk_forward
2026-08-02,2026-0802-04-02-04-10,2023107255,レゲンデ,12,0,68.0,6.8,3,-0.6182940165045894,0.06935163224364874,3,0.0,2026-07-31,monthly_walk_forward
2026-08-02,2026-0802-04-02-04-10,2023105558,カンレイスター,2,0,238.0,23.8,9,-0.9472116969649141,0.04335002509608706,4,0.0,2026-07-31,monthly_walk_forward
2026-08-02,2026-0802-04-02-04-10,2022100588,アイアンソリッド,13,0,539.0,53.9,11,-1.115173744472117,0.03410218641551474,5,0.0,2026-07-31,monthly_walk_forward
2026-08-02,2026-0802-04-02-04-10,2022101864,マオノクラッシュ,3,0,202.0,20.2,7,-1.1837005913837606,0.030921941239677484,6,0.0,2026-07-31,monthly_walk_forward
2026-08-02,2026-0802-04-02-04-10,2023100583,フュルスティン,9,0,114.0,11.4,4,-1.3415925141909921,0.02467785085160429,7,0.0,2026-07-31,monthly_walk_forward
2026-08-02,2026-0802-04-02-04-10,2021103343,ハヌル,4,0,445.0,44.5,10,-1.4554073708289563,0.020974626857757615,8,0.0,2026-07-31,monthly_walk_forward
2026-08-02,2026-0802-04-02-04-10,2021104481,ビアフォーナウ,7,0,1475.0,147.5,14,-1.4564767878541303,0.02094260757530609,9,0.0,2026-07-31,monthly_walk_forward
2026-08-02,2026-0802-04-02-04-10,2023100453,ローズブーケ,6,0,172.0,17.2,6,-1.4841592135216817,0.02013056690294528,10,0.0,2026-07-31,monthly_walk_forward
2026-08-02,2026-0802-04-02-04-10,2023106256,セイウンアインス,10,0,715.0,71.5,12,-1.509013796793786,0.019428340562880723,11,0.0,2026-07-31,monthly_walk_forward
2026-08-02,2026-0802-04-02-04-10,2023104852,レディサン,1,1,146.0,14.6,5,-1.6310646252490535,0.016319725465908107,12,1460.0,2026-07-31,monthly_walk_forward
2026-08-02,2026-0802-04-02-04-10,2022105119,ベルヴィヴァン,8,0,206.0,20.6,8,-1.6442321875189625,0.01601560763902389,13,0.0,2026-07-31,monthly_walk_forward
2026-08-02,2026-0802-04-02-04-10,2022101917,ゴールドシャーク,14,0,1276.0,127.6,13,-2.351840380069418,0.005828122327368451,14,0.0,2026-07-31,monthly_walk_forward
2026-08-02,2026-0802-07-02-04-05,2023100989,アンティスマ,1,1,21.0,2.1,1,-0.40626354513692425,0.24479953840886362,1,210.0,2026-07-31,monthly_walk_forward
2026-08-02,2026-0802-07-02-04-05,2023103169,シエーナカラー,5,0,95.0,9.5,5,-0.8286577600273805,0.13389010587436692,2,0.0,2026-07-31,monthly_walk_forward
2026-08-02,2026-0802-07-02-04-05,2023100112,シャンパンスター,8,0,108.0,10.8,6,-0.8524969894618144,0.12940710864829436,3,0.0,2026-07-31,monthly_walk_forward
2026-08-02,2026-0802-07-02-04-05,2023103568,シャフメラン,7,0,56.0,5.6,3,-0.9424433573633274,0.1138029569079139,4,0.0,2026-07-31,monthly_walk_forward
2026-08-02,2026-0802-07-02-04-05,2023101082,シャンドラテ,9,0,624.0,62.4,9,-1.006795264883106,0.10380739472000212,5,0.0,2026-07-31,monthly_walk_forward
2026-08-02,2026-0802-07-02-04-05,2022104633,アーデルリーベ,4,0,141.0,14.1,7,-1.0302025459756072,0.10039357741909559,6,0.0,2026-07-31,monthly_walk_forward
2026-08-02,2026-0802-07-02-04-05,2023106955,デールエルバハリ,3,0,51.0,5.1,2,-1.1297821163055257,0.08708126004566165,7,0.0,2026-07-31,monthly_walk_forward
2026-08-02,2026-0802-07-02-04-05,2023100941,クイーンズホリデー,6,0,88.0,8.8,4,-1.373919020928601,0.06144083625297195,8,0.0,2026-07-31,monthly_walk_forward
2026-08-02,2026-0802-07-02-04-05,2021101391,ブラックドレス,2,0,508.0,50.8,8,-1.992874918297022,0.025377221722829902,9,0.0,2026-07-31,monthly_walk_forward
2026-08-02,2026-0802-07-02-04-06,2023101159,アイニードユー,2,0,34.0,3.4,2,1.0772139159457332,0.25873549744025504,1,0.0,2026-07-31,monthly_walk_forward
2026-08-02,2026-0802-07-02-04-06,2023103101,トミーバローズ,1,1,14.0,1.4,1,1.073137348821886,0.2572330869948485,2,140.0,2026-07-31,monthly_walk_forward
2026-08-02,2026-0802-07-02-04-06,2022100642,キャッスルレイク,5,0,309.0,30.9,6,0.7031626882447463,0.1516306148518261,3,0.0,2026-07-31,monthly_walk_forward
2026-08-02,2026-0802-07-02-04-06,2023106431,トライアンフパス,6,0,104.0,10.4,3,0.5187757492475156,0.11651703493098543,4,0.0,2026-07-31,monthly_walk_forward
2026-08-02,2026-0802-07-02-04-06,2022109145,エイヨーアメジスト,9,0,651.0,65.1,8,0.19939998089055097,0.0738315677358559,5,0.0,2026-07-31,monthly_walk_forward
2026-08-02,2026-0802-07-02-04-06,2022104771,スターウェーブ,8,0,333.0,33.3,7,-0.12315321168277657,0.04657184211967456,6,0.0,2026-07-31,monthly_walk_forward
2026-08-02,2026-0802-07-02-04-06,2022104988,ロンドボス,3,0,139.0,13.9,4,-0.13948750922166359,0.04549768299040385,7,0.0,2026-07-31,monthly_walk_forward
2026-08-02,2026-0802-07-02-04-06,2022106555,タガノアンファン,4,0,289.0,28.9,5,-0.1967223348641728,0.04192563127077778,8,0.0,2026-07-31,monthly_walk_forward
2026-08-02,2026-0802-07-02-04-06,2022104121,カウンティフェア,7,0,1167.0,116.7,9,-1.351267975107063,0.008057041665372763,9,0.0,2026-07-31,monthly_walk_forward
2026-08-02,2026-0802-07-02-04-07,2021101705,ソーニーイシュー,9,0,39.0,3.9,1,0.4821128101016071,0.23879941422863288,1,0.0,2026-07-31,monthly_walk_forward
2026-08-02,2026-0802-07-02-04-07,2020102750,タイトニット,6,0,41.0,4.1,2,0.45803864084775114,0.23072632275534394,2,0.0,2026-07-31,monthly_walk_forward
2026-08-02,2026-0802-07-02-04-07,2019105604,ブレイクフォース,5,0,76.0,7.6,4,0.040062956363338106,0.12699200573157127,3,0.0,2026-07-31,monthly_walk_forward
2026-08-02,2026-0802-07-02-04-07,2021104873,ポッドロゴ,7,0,143.0,14.3,8,0.030078695852701842,0.12519354604562377,4,0.0,2026-07-31,monthly_walk_forward
2026-08-02,2026-0802-07-02-04-07,2020103387,クールミラボー,1,1,45.0,4.5,3,-0.10834131793249854,0.10273142221595963,5,450.0,2026-07-31,monthly_walk_forward
2026-08-02,2026-0802-07-02-04-07,2021100561,ハビレ,4,0,118.0,11.8,7,-0.2889159129755662,0.07937268759606977,6,0.0,2026-07-31,monthly_walk_forward
2026-08-02,2026-0802-07-02-04-07,2020104760,ゼットリアン,2,0,83.0,8.3,5,-0.6544096688859977,0.047088103388152384,7,0.0,2026-07-31,monthly_walk_forward
2026-08-02,2026-0802-07-02-04-07,2020104497,サイモンザナドゥ,3,0,102.0,10.2,6,-1.0681968883374158,0.02607288245759887,8,0.0,2026-07-31,monthly_walk_forward
2026-08-02,2026-0802-07-02-04-07,2019101198,マリオロード,8,0,279.0,27.9,9,-1.1552596223816,0.023023615581047537,9,0.0,2026-07-31,monthly_walk_forward
2026-08-02,2026-0802-07-02-04-08,2022102716,サンマルノヴェル,1,1,27.0,2.7,1,-0.028575563176649485,0.21516090159088644,1,270.0,2026-07-31,monthly_walk_forward
2026-08-02,2026-0802-07-02-04-08,2022100654,セルヴァンス,8,0,54.0,5.4,3,-0.24323924219164242,0.15833669221500374,2,0.0,2026-07-31,monthly_walk_forward
2026-08-02,2026-0802-07-02-04-08,2023110088,ジャンシ,4,0,167.0,16.7,7,-0.3079761173723745,0.144350227028645,3,0.0,2026-07-31,monthly_walk_forward
2026-08-02,2026-0802-07-02-04-08,2019101399,ザウリ,6,0,246.0,24.6,8,-0.3931611055617622,0.12781062019424477,4,0.0,2026-07-31,monthly_walk_forward
2026-08-02,2026-0802-07-02-04-08,2023100670,ルクスレイモンド,3,0,34.0,3.4,2,-0.47429037462951157,0.11382369119877045,5,0.0,2026-07-31,monthly_walk_forward
2026-08-02,2026-0802-07-02-04-08,2022110001,シルフズミスチーフ,2,0,80.0,8.0,4,-0.9117351316443291,0.06093023988682122,6,0.0,2026-07-31,monthly_walk_forward
2026-08-02,2026-0802-07-02-04-08,2021105253,ウィップスティッチ,5,0,149.0,14.9,6,-0.9706873496485846,0.05600898627454609,7,0.0,2026-07-31,monthly_walk_forward
2026-08-02,2026-0802-07-02-04-08,2021105973,ワイノナオミ,11,0,106.0,10.6,5,-1.1449876077525487,0.043663467929620066,8,0.0,2026-07-31,monthly_walk_forward
2026-08-02,2026-0802-07-02-04-08,2021106936,フレイミングパイ,7,0,1110.0,111.0,10,-1.3802580874898502,0.03119978154383358,9,0.0,2026-07-31,monthly_walk_forward
2026-08-02,2026-0802-07-02-04-08,2021102562,パルプフィクション,9,0,683.0,68.3,9,-1.3954101978209694,0.03053169184674728,10,0.0,2026-07-31,monthly_walk_forward
2026-08-02,2026-0802-07-02-04-08,2021101461,カツラノキサノキ,10,0,1557.0,155.7,11,-1.7581779295098434,0.018183700290881327,11,0.0,2026-07-31,monthly_walk_forward
2026-08-02,2026-0802-07-02-04-09,2022103551,ボールドハーテッド,1,1,28.0,2.8,2,-0.6885172853334525,0.29269344527918895,1,280.0,2026-07-31,monthly_walk_forward
2026-08-02,2026-0802-07-02-04-09,2021103555,ゴールデンステップ,2,0,28.0,2.8,1,-0.9323150785209817,0.20661212386587305,2,0.0,2026-07-31,monthly_walk_forward
2026-08-02,2026-0802-07-02-04-09,2022101461,セイフウサツキ,3,0,86.0,8.6,5,-1.3537985495015925,0.11315108866928034,3,0.0,2026-07-31,monthly_walk_forward
2026-08-02,2026-0802-07-02-04-09,2020100604,テーオーレガシー,4,0,54.0,5.4,3,-1.4232898792300976,0.10245776504474217,4,0.0,2026-07-31,monthly_walk_forward
2026-08-02,2026-0802-07-02-04-09,2021104622,メイショウヘール,5,0,219.0,21.9,6,-1.5837153083306224,0.08147298402109028,5,0.0,2026-07-31,monthly_walk_forward
2026-08-02,2026-0802-07-02-04-09,2017105634,メラーキ,7,0,540.0,54.0,8,-1.7009986656537572,0.06890466121176379,6,0.0,2026-07-31,monthly_walk_forward
2026-08-02,2026-0802-07-02-04-09,2021101041,トモジャシャトー,6,0,332.0,33.2,7,-1.774380216536445,0.06204705449096769,7,0.0,2026-07-31,monthly_walk_forward
2026-08-02,2026-0802-07-02-04-09,2022106754,オンクラウドナイン,9,0,607.0,60.7,9,-1.933657085220472,0.0494199731254655,8,0.0,2026-07-31,monthly_walk_forward
2026-08-02,2026-0802-07-02-04-09,2022101140,ガイ,8,0,1146.0,114.6,10,-2.461765655395228,0.02324090429162832,9,0.0,2026-07-31,monthly_walk_forward
2026-08-02,2026-0802-07-02-04-10,2023110081,アメリカンイズム,9,0,34.0,3.4,2,-0.07552404437208607,0.22157785311686437,1,0.0,2026-07-31,monthly_walk_forward
2026-08-02,2026-0802-07-02-04-10,2023105329,エクストラプッシュ,13,0,107.0,10.7,5,-0.429706025876442,0.13359325185752474,2,0.0,2026-07-31,monthly_walk_forward
2026-08-02,2026-0802-07-02-04-10,2023104072,スナークシャラク,6,0,121.0,12.1,6,-0.47426062539931824,0.1253550764373744,3,0.0,2026-07-31,monthly_walk_forward
2026-08-02,2026-0802-07-02-04-10,2022105602,エコロスパーダ,11,0,50.0,5.0,3,-0.6003749226822316,0.10468826610974515,4,0.0,2026-07-31,monthly_walk_forward
2026-08-02,2026-0802-07-02-04-10,2023100704,スターシップ,1,1,34.0,3.4,1,-0.7579320781168762,0.08358845307469143,5,340.0,2026-07-31,monthly_walk_forward
2026-08-02,2026-0802-07-02-04-10,2023110070,ブームバップビート,3,0,72.0,7.2,4,-0.7908208818423693,0.0797519652594294,6,0.0,2026-07-31,monthly_walk_forward
2026-08-02,2026-0802-07-02-04-10,2019103506,エアフォースワン,7,0,247.0,24.7,7,-1.1746502327233677,0.04608989552628674,7,0.0,2026-07-31,monthly_walk_forward
2026-08-02,2026-0802-07-02-04-10,2023105445,ドメイン,5,0,264.0,26.4,8,-1.1827518670165478,0.04555953702810765,8,0.0,2026-07-31,monthly_walk_forward
2026-08-02,2026-0802-07-02-04-10,2023107150,ロックバンド,14,0,1341.0,134.1,12,-1.2841120153242478,0.03941788963301292,9,0.0,2026-07-31,monthly_walk_forward
2026-08-02,2026-0802-07-02-04-10,2023104476,カイラーサ,2,0,2077.0,207.7,14,-1.4774084463367463,0.029906684170439197,10,0.0,2026-07-31,monthly_walk_forward
2026-08-02,2026-0802-07-02-04-10,2021105526,ジーティーパワー,10,0,1678.0,167.8,13,-1.532457890540092,0.027644863525988248,11,0.0,2026-07-31,monthly_walk_forward
2026-08-02,2026-0802-07-02-04-10,2022102639,ロードシュヴァリエ,12,0,437.0,43.7,10,-1.6775129667920885,0.02247083858292413,12,0.0,2026-07-31,monthly_walk_forward
2026-08-02,2026-0802-07-02-04-10,2022103143,ロックウイズユー,4,0,748.0,74.8,11,-1.7229931047074984,0.02105728919047168,13,0.0,2026-07-31,monthly_walk_forward
2026-08-02,2026-0802-07-02-04-10,2022104841,オーレアミスト,8,0,373.0,37.3,9,-1.7840598753962835,0.019298136487139923,14,0.0,2026-07-31,monthly_walk_forward
2026-08-02,2026-0802-07-02-04-11,2022105290,レッドヴァリアート,4,0,25.0,2.5,2,-0.3977584832213318,0.33282122015846216,1,0.0,2026-07-31,monthly_walk_forward
2026-08-02,2026-0802-07-02-04-11,2023105418,ビップヴォルフ,3,0,22.0,2.2,1,-0.4897521987195016,0.2918342125651867,2,0.0,2026-07-31,monthly_walk_forward
2026-08-02,2026-0802-07-02-04-11,2022103263,メイショウアゴナス,2,0,204.0,20.4,6,-1.06781957828905,0.12778834410510395,3,0.0,2026-07-31,monthly_walk_forward
2026-08-02,2026-0802-07-02-04-11,2023106560,メイショウナルカミ,1,1,52.0,5.2,3,-1.194585299162285,0.10662110194922694,4,520.0,2026-07-31,monthly_walk_forward
2026-08-02,2026-0802-07-02-04-11,2023105354,バリオス,6,0,102.0,10.2,4,-1.4114655742601951,0.07821429897755036,5,0.0,2026-07-31,monthly_walk_forward
2026-08-02,2026-0802-07-02-04-11,2023107059,ジュンプリメーロ,5,0,144.0,14.4,5,-1.5659968718031585,0.06272082224447002,6,0.0,2026-07-31,monthly_walk_forward
2026-08-08,2026-0808-01-01-05-04,2023106844,モルニケ,2,0,55.0,5.5,2,0.43988182638015916,0.20256341247692308,1,0.0,2026-07-31,monthly_walk_forward
2026-08-08,2026-0808-01-01-05-04,2022104811,アセンブリールーム,3,0,70.0,7.0,5,0.3620009144028053,0.18123500148410165,2,0.0,2026-07-31,monthly_walk_forward
2026-08-08,2026-0808-01-01-05-04,2023103680,グロリアスマーチ,11,0,79.0,7.9,6,0.30822628692702514,0.16783370592269906,3,0.0,2026-07-31,monthly_walk_forward
2026-08-08,2026-0808-01-01-05-04,2023103394,フレッチャアズーラ,5,0,33.0,3.3,1,-0.1705091133175078,0.08469579281758748,4,0.0,2026-07-31,monthly_walk_forward
2026-08-08,2026-0808-01-01-05-04,2023104690,ネッタイヤライ,4,0,127.0,12.7,7,-0.3054397893661716,0.06984704781758319,5,0.0,2026-07-31,monthly_walk_forward
2026-08-08,2026-0808-01-01-05-04,2023105820,ルーチェフィオーレ,14,0,145.0,14.5,8,-0.31267146328298207,0.06912917511208096,6,0.0,2026-07-31,monthly_walk_forward
2026-08-08,2026-0808-01-01-05-04,2022104894,ダノンフィオーレ,1,1,69.0,6.9,4,-0.43391576762030354,0.05813516372560316,7,690.0,2026-07-31,monthly_walk_forward
2026-08-08,2026-0808-01-01-05-04,2021101304,サンウリエル,7,0,475.0,47.5,9,-0.6450918957212646,0.042995287876239976,8,0.0,2026-07-31,monthly_walk_forward
2026-08-08,2026-0808-01-01-05-04,2023102475,コスモレッド,13,0,729.0,72.9,11,-0.7445203219717981,0.0373021108606154,9,0.0,2026-07-31,monthly_walk_forward
2026-08-08,2026-0808-01-01-05-04,2022104221,ペイシャアーサー,12,0,2877.0,287.7,14,-0.9643703950356614,0.02724795257809172,10,0.0,2026-07-31,monthly_walk_forward
2026-08-08,2026-0808-01-01-05-04,2023107172,バルボアパーク,6,0,67.0,6.7,3,-1.0033171199049018,0.02577332919622188,11,0.0,2026-07-31,monthly_walk_forward
2026-08-08,2026-0808-01-01-05-04,2023103388,ブライトフレア,9,0,638.0,63.8,10,-1.2196027619449452,0.018922670801370098,12,0.0,2026-07-31,monthly_walk_forward
2026-08-08,2026-0808-01-01-05-04,2021101383,アッシュバーグ,10,0,1777.0,177.7,12,-1.8296475504463767,0.007915858572281243,13,0.0,2026-07-31,monthly_walk_forward
2026-08-08,2026-0808-01-01-05-04,2022105392,スタードメイソン,8,0,2797.0,279.7,13,-1.9780649726194186,0.006403490758601238,14,0.0,2026-07-31,monthly_walk_forward
2026-08-08,2026-0808-01-01-05-07,2022103306,ワイドデコラシオン,6,0,38.0,3.8,2,0.1134739029431026,0.2322051542252748,1,0.0,2026-07-31,monthly_walk_forward
2026-08-08,2026-0808-01-01-05-07,2023105059,グレイトソン,4,0,32.0,3.2,1,0.05362276045256732,0.21317632373827355,2,0.0,2026-07-31,monthly_walk_forward
2026-08-08,2026-0808-01-01-05-07,2023100398,ランドスター,1,1,68.0,6.8,4,-0.38572106863694056,0.11380490158445049,3,680.0,2026-07-31,monthly_walk_forward
2026-08-08,2026-0808-01-01-05-07,2022100660,ロードヴァルカン,3,0,112.0,11.2,5,-0.40261330149213453,0.11109146060636084,4,0.0,2026-07-31,monthly_walk_forward
2026-08-08,2026-0808-01-01-05-07,2023105616,テーオーナタリー,8,0,41.0,4.1,3,-0.4302101283470546,0.10679699539218578,5,0.0,2026-07-31,monthly_walk_forward
2026-08-08,2026-0808-01-01-05-07,2023106780,ランプローグ,10,0,174.0,17.4,6,-0.49011834178372904,0.09803716397775127,6,0.0,2026-07-31,monthly_walk_forward
2026-08-08,2026-0808-01-01-05-07,2018103293,ヨドノゴールド,2,0,326.0,32.6,10,-1.0931138520351142,0.041426653314327086,7,0.0,2026-07-31,monthly_walk_forward
2026-08-08,2026-0808-01-01-05-07,2022103482,ステラノヴァ,9,0,237.0,23.7,7,-1.1349436696285236,0.0390236390216365,8,0.0,2026-07-31,monthly_walk_forward
2026-08-08,2026-0808-01-01-05-07,2023100953,グランセレスト,11,0,270.0,27.0,8,-1.3180434106919656,0.030042003906355273,9,0.0,2026-07-31,monthly_walk_forward
2026-08-08,2026-0808-01-01-05-07,2017104266,カップッチョ,7,0,1412.0,141.2,11,-2.283197471961707,0.0075670630242439295,10,0.0,2026-07-31,monthly_walk_forward
2026-08-08,2026-0808-01-01-05-07,2022103018,シェーンルスカ,5,0,3160.0,316.0,12,-2.35507298700476,0.006828641209140429,11,0.0,2026-07-31,monthly_walk_forward
2026-08-08,2026-0808-01-01-05-09,2023105830,ビーチイン,10,0,17.0,1.7,1,0.38494522177975654,0.3638970880922787,1,0.0,2026-07-31,monthly_walk_forward
2026-08-08,2026-0808-01-01-05-09,2022105343,デルマサクラサク,5,0,108.0,10.8,4,-0.40991143811596814,0.11690499407777097,2,0.0,2026-07-31,monthly_walk_forward
2026-08-08,2026-0808-01-01-05-09,2022107317,カルミアクラウン,1,1,60.0,6.0,2,-0.5275798230918468,0.09881643090980605,3,600.0,2026-07-31,monthly_walk_forward
2026-08-08,2026-0808-01-01-05-09,2023103913,オテンバプリンセス,13,0,98.0,9.8,3,-0.6024092131861375,0.08879805680887129,4,0.0,2026-07-31,monthly_walk_forward
2026-08-08,2026-0808-01-01-05-09,2023100471,スリーケイ,3,0,189.0,18.9,7,-0.870399013399116,0.06055319259767565,5,0.0,2026-07-31,monthly_walk_forward
2026-08-08,2026-0808-01-01-05-09,2023105358,ジーティーアリア,4,0,108.0,10.8,5,-0.9753025486210235,0.05212579866275009,6,0.0,2026-07-31,monthly_walk_forward
2026-08-08,2026-0808-01-01-05-09,2023104766,ヴェールミューズ,6,0,167.0,16.7,6,-0.9870013871333556,0.05126187895367206,7,0.0,2026-07-31,monthly_walk_forward
2026-08-08,2026-0808-01-01-05-09,2020101250,ランスノーブル,2,0,276.0,27.6,8,-1.0242843802822101,0.04860303399499502,8,0.0,2026-07-31,monthly_walk_forward
2026-08-08,2026-0808-01-01-05-09,2023102250,ミリオンアップ,11,0,545.0,54.5,11,-1.1571013315069232,0.040203234600574136,9,0.0,2026-07-31,monthly_walk_forward
2026-08-08,2026-0808-01-01-05-09,2022101938,グルーヴィーオン,12,0,314.0,31.4,9,-1.220081718151982,0.03674401936937946,10,0.0,2026-07-31,monthly_walk_forward
2026-08-08,2026-0808-01-01-05-09,2022101465,リュミナーズ,7,0,497.0,49.7,10,-1.6158408602699625,0.020876106412769203,11,0.0,2026-07-31,monthly_walk_forward
2026-08-08,2026-0808-01-01-05-09,2021102494,ブーケドグレイス,8,0,1379.0,137.9,12,-1.926344221000449,0.013396976424406789,12,0.0,2026-07-31,monthly_walk_forward
2026-08-08,2026-0808-01-01-05-09,2023102305,マインセーラ,9,0,1436.0,143.6,13,-2.303257953042419,0.007819189095050685,13,0.0,2026-07-31,monthly_walk_forward
2026-08-08,2026-0808-01-01-05-10,2022102573,メイショウアイル,4,0,45.0,4.5,2,0.026348870885108257,0.2556804804214645,1,0.0,2026-07-31,monthly_walk_forward
2026-08-08,2026-0808-01-01-05-10,2021105427,スカイサーベイ,8,0,47.0,4.7,3,-0.2046409997536667,0.18381742546402538,2,0.0,2026-07-31,monthly_walk_forward
2026-08-08,2026-0808-01-01-05-10,2022105388,ビーオンザカバー,1,1,25.0,2.5,1,-0.2909835527256619,0.1624867577762504,3,250.0,2026-07-31,monthly_walk_forward
2026-08-08,2026-0808-01-01-05-10,2022106709,レーヴドロペラ,5,0,55.0,5.5,4,-0.31157851581437973,0.15777581483586173,4,0.0,2026-07-31,monthly_walk_forward
2026-08-08,2026-0808-01-01-05-10,2022105018,バルティカ,2,0,76.0,7.6,5,-0.6103414460614118,0.10296312824470025,5,0.0,2026-07-31,monthly_walk_forward
2026-08-08,2026-0808-01-01-05-10,2022101969,デルマジュテーム,7,0,175.0,17.5,6,-0.8043581166849281,0.07803865443492665,6,0.0,2026-07-31,monthly_walk_forward
2026-08-08,2026-0808-01-01-05-10,2021105865,エボルヴィング,3,0,189.0,18.9,7,-1.198083961947942,0.04446661933493775,7,0.0,2026-07-31,monthly_walk_forward
2026-08-08,2026-0808-01-01-05-10,2022103405,ヨシヒロ,6,0,1685.0,168.5,8,-1.9695293863496286,0.01477111948783329,8,0.0,2026-07-31,monthly_walk_forward
2026-08-08,2026-0808-01-01-05-11,2020110024,ウェイワードアクト,8,0,30.0,3.0,1,1.2430037845625328,0.24823768047137054,1,0.0,2026-07-31,monthly_walk_forward
2026-08-08,2026-0808-01-01-05-11,2021102236,テーオーパスワード,3,0,43.0,4.3,2,1.1577842053164658,0.21978381851646073,2,0.0,2026-07-31,monthly_walk_forward
2026-08-08,2026-0808-01-01-05-11,2022110083,ルクソールカフェ,1,1,50.0,5.0,3,1.0620700073173814,0.1916958212756636,3,500.0,2026-07-31,monthly_walk_forward
2026-08-08,2026-0808-01-01-05-11,2022103795,ナチュラルライズ,4,0,94.0,9.4,5,0.7738544675739567,0.12699825754130287,4,0.0,2026-07-31,monthly_walk_forward
2026-08-08,2026-0808-01-01-05-11,2020101874,ペリエール,2,0,65.0,6.5,4,0.275959869109667,0.062358211804094545,5,0.0,2026-07-31,monthly_walk_forward
2026-08-08,2026-0808-01-01-05-11,2020102904,オメガギネス,9,0,105.0,10.5,6,0.16290422275632882,0.05305808740625131,6,0.0,2026-07-31,monthly_walk_forward
2026-08-08,2026-0808-01-01-05-11,2022103614,ヒルノハンブルク,7,0,550.0,55.0,10,-0.17742509480820384,0.03262903586982147,7,0.0,2026-07-31,monthly_walk_forward
2026-08-08,2026-0808-01-01-05-11,2019102437,ヴァルツァーシャル,5,0,195.0,19.5,7,-0.269266736368592,0.028616979135258805,8,0.0,2026-07-31,monthly_walk_forward
2026-08-08,2026-0808-01-01-05-11,2020100116,アクションプラン,11,0,478.0,47.8,9,-0.672889725186614,0.016077100783926643,9,0.0,2026-07-31,monthly_walk_forward
2026-08-08,2026-0808-01-01-05-11,2021103717,レヴォントゥレット,10,0,217.0,21.7,8,-0.7091725731037447,0.015265010409503253,10,0.0,2026-07-31,monthly_walk_forward
2026-08-08,2026-0808-01-01-05-11,2019101324,テーオードレフォン,6,0,2492.0,249.2,11,-1.4523190464280982,0.005279996786346322,11,0.0,2026-07-31,monthly_walk_forward
2026-08-08,2026-0808-01-01-05-12,2023104885,ジーネキング,2,0,33.0,3.3,1,1.0136196679542349,0.2489350619316247,1,0.0,2026-07-31,monthly_walk_forward
2026-08-08,2026-0808-01-01-05-12,2022106393,ブラックジェダイト,1,1,62.0,6.2,3,0.7373017170108201,0.16774620238854457,2,620.0,2026-07-31,monthly_walk_forward
2026-08-08,2026-0808-01-01-05-12,2020110058,ホウキボシ,7,0,82.0,8.2,5,0.3828789435508012,0.1011024024931932,3,0.0,2026-07-31,monthly_walk_forward
2026-08-08,2026-0808-01-01-05-12,2023105356,マーゴットブロー,10,0,132.0,13.2,7,0.3231876333546231,0.09283842243811972,4,0.0,2026-07-31,monthly_walk_forward
2026-08-08,2026-0808-01-01-05-12,2023104960,アスミル,6,0,187.0,18.7,8,0.23006292527611064,0.0812739292537843,5,0.0,2026-07-31,monthly_walk_forward
2026-08-08,2026-0808-01-01-05-12,2023105714,ヒズマスターピース,5,0,95.0,9.5,6,0.1941395511072863,0.07720823989964776,6,0.0,2026-07-31,monthly_walk_forward
2026-08-08,2026-0808-01-01-05-12,2023106619,レッドスティンガー,3,0,46.0,4.6,2,0.011220382806358536,0.05945341639698046,7,0.0,2026-07-31,monthly_walk_forward
2026-08-08,2026-0808-01-01-05-12,2022106229,ウインイザナミ,11,0,268.0,26.8,9,-0.08837997511693178,0.05156828556044059,8,0.0,2026-07-31,monthly_walk_forward
2026-08-08,2026-0808-01-01-05-12,2022101464,レイユール,8,0,360.0,36.0,10,-0.17140920636610465,0.04580043894884535,9,0.0,2026-07-31,monthly_walk_forward
2026-08-08,2026-0808-01-01-05-12,2022104784,ルクスジニア,4,0,80.0,8.0,4,-0.2982798793280487,0.03820818870301278,10,0.0,2026-07-31,monthly_walk_forward
2026-08-08,2026-0808-01-01-05-12,2020103538,オーシャントライブ,12,0,1391.0,139.1,12,-0.8874756787267187,0.016466723249722544,11,0.0,2026-07-31,monthly_walk_forward
2026-08-08,2026-0808-01-01-05-12,2022104758,ヴィンブルレー,13,0,562.0,56.2,11,-0.9352433171446672,0.015380524839244958,12,0.0,2026-07-31,monthly_walk_forward
2026-08-08,2026-0808-01-01-05-12,2021105619,スミレファースト,9,0,2845.0,284.5,13,-1.8748372395943473,0.004018163896839018,13,0.0,2026-07-31,monthly_walk_forward
2026-08-08,2026-0808-04-02-05-06,2023103818,ラベルセーヌ,1,1,15.0,1.5,1,0.8827627040274674,0.398639178419838,1,150.0,2026-07-31,monthly_walk_forward
2026-08-08,2026-0808-04-02-05-06,2022104818,クライスレリアーナ,2,0,25.0,2.5,2,0.58633399644674,0.26101741017653246,2,0.0,2026-07-31,monthly_walk_forward
2026-08-08,2026-0808-04-02-05-06,2022106616,キスアンドクライ,4,0,103.0,10.3,3,0.33758202208181864,0.18295260813760092,3,0.0,2026-07-31,monthly_walk_forward
2026-08-08,2026-0808-04-02-05-06,2022106214,ウインベアトリス,6,0,312.0,31.2,5,-0.5708380654628592,0.049973065244511734,4,0.0,2026-07-31,monthly_walk_forward
2026-08-08,2026-0808-04-02-05-06,2022105047,メランジェ,3,0,294.0,29.4,4,-0.719466537347671,0.040413253041886615,5,0.0,2026-07-31,monthly_walk_forward
2026-08-08,2026-0808-04-02-05-06,2022106803,ミラーダカリエンテ,9,0,686.0,68.6,7,-1.234244932218694,0.019370670066099716,6,0.0,2026-07-31,monthly_walk_forward
2026-08-08,2026-0808-04-02-05-06,2021103878,ジャンビ,5,0,878.0,87.8,8,-1.3198155062331558,0.01714173944639755,7,0.0,2026-07-31,monthly_walk_forward
2026-08-08,2026-0808-04-02-05-06,2021100469,カフェアローロ,7,0,1055.0,105.5,9,-1.516761045973862,0.012937959943510713,8,0.0,2026-07-31,monthly_walk_forward
2026-08-08,2026-0808-04-02-05-06,2021104899,ドリームクルーズ,10,0,635.0,63.5,6,-1.6569357780664147,0.010590061895495669,9,0.0,2026-07-31,monthly_walk_forward
2026-08-08,2026-0808-04-02-05-06,2022102532,ビッグデイメイク,8,0,3513.0,351.3,10,-1.950343775233065,0.006964053628126644,10,0.0,2026-07-31,monthly_walk_forward
2026-08-08,2026-0808-04-02-05-07,2022104750,レイニング,4,0,40.0,4.0,2,1.0175180572683529,0.21190337003661727,1,0.0,2026-07-31,monthly_walk_forward
2026-08-08,2026-0808-04-02-05-07,2021105661,レガーロデルシエロ,12,0,52.0,5.2,3,0.8142601453409867,0.158501161828422,2,0.0,2026-07-31,monthly_walk_forward
2026-08-08,2026-0808-04-02-05-07,2022101192,エストゥペンダ,1,1,31.0,3.1,1,0.4563494840534329,0.09505550448656412,3,310.0,2026-07-31,monthly_walk_forward
2026-08-08,2026-0808-04-02-05-07,2020103304,アンリーロード,11,0,448.0,44.8,13,0.3608948208099685,0.08293831793496786,4,0.0,2026-07-31,monthly_walk_forward
2026-08-08,2026-0808-04-02-05-07,2022101227,ヴォンフレ,5,0,235.0,23.5,8,0.30399429637149844,0.07646328650160227,5,0.0,2026-07-31,monthly_walk_forward
2026-08-08,2026-0808-04-02-05-07,2021105574,シンハナーダ,5,0,162.0,16.2,6,0.26013047035538256,0.07181893084030197,6,0.0,2026-07-31,monthly_walk_forward
2026-08-08,2026-0808-04-02-05-07,2021104324,ディマイザキッド,7,0,131.0,13.1,5,0.2547662806350804,0.07127067652261034,7,0.0,2026-07-31,monthly_walk_forward
2026-08-08,2026-0808-04-02-05-07,2018102020,ヤマニンサンパ,13,0,365.0,36.5,9,0.013264437275389227,0.05047521079860161,8,0.0,2026-07-31,monthly_walk_forward
2026-08-08,2026-0808-04-02-05-07,2019105118,ジュンブロッサム,9,0,174.0,17.4,7,-0.056759976184931005,0.04567026657285024,9,0.0,2026-07-31,monthly_walk_forward
2026-08-08,2026-0808-04-02-05-07,2017105194,ラインベック,8,0,423.0,42.3,12,-0.08653928145964146,0.043768115664788144,10,0.0,2026-07-31,monthly_walk_forward
2026-08-08,2026-0808-04-02-05-07,2021104825,ゴンバデカーブース,2,0,366.0,36.6,10,-0.5553565568503623,0.022402367261486044,11,0.0,2026-07-31,monthly_walk_forward
2026-08-08,2026-0808-04-02-05-07,2020103464,ゴートゥファースト,10,0,394.0,39.4,11,-0.6496867832631729,0.01957805249750249,12,0.0,2026-07-31,monthly_walk_forward
2026-08-08,2026-0808-04-02-05-07,2021105801,ミアネーロ,3,0,106.0,10.6,4,-0.7653255597061964,0.016596816771615175,13,0.0,2026-07-31,monthly_walk_forward
2026-08-08,2026-0808-04-02-05-07,2020100495,ドラゴンヘッド,15,0,533.0,53.3,14,-0.8600960694220455,0.014495300214897575,14,0.0,2026-07-31,monthly_walk_forward
2026-08-08,2026-0808-04-02-05-07,2021104894,セントメモリーズ,14,0,1389.0,138.9,15,-1.0785100890472907,0.010610079502246012,15,0.0,2026-07-31,monthly_walk_forward
2026-08-08,2026-0808-04-02-05-07,2021106782,コスモブッドレア,16,0,1442.0,144.2,16,-1.2376460971090253,0.008452542564926838,16,0.0,2026-07-31,monthly_walk_forward
2026-08-08,2026-0808-04-02-05-08,2024106482,アンムート,2,0,28.0,2.8,2,0.36337273783966606,0.29329793173407537,1,0.0,2026-07-31,monthly_walk_forward
2026-08-08,2026-0808-04-02-05-08,2024100660,ルークウォーム,1,1,24.0,2.4,1,0.19760360969697835,0.23145278125172852,2,240.0,2026-07-31,monthly_walk_forward
2026-08-08,2026-0808-04-02-05-08,2024103581,ラヴィサンエール,4,0,334.0,33.4,6,-0.195219495229107,0.13205255930216545,3,0.0,2026-07-31,monthly_walk_forward
2026-08-08,2026-0808-04-02-05-08,2024103977,ニシノイサリビ,5,0,133.0,13.3,4,-0.3807787860925722,0.10130292835977042,4,0.0,2026-07-31,monthly_walk_forward
2026-08-08,2026-0808-04-02-05-08,2024105815,カレンハウ,3,0,34.0,3.4,3,-0.3848698765874232,0.10071259875240204,5,0.0,2026-07-31,monthly_walk_forward
2026-08-08,2026-0808-04-02-05-08,2024101292,ラピッドテソーロ,6,0,192.0,19.2,5,-0.3913565593768029,0.09978363719781015,6,0.0,2026-07-31,monthly_walk_forward
2026-08-08,2026-0808-04-02-05-08,2024108115,トシミチ,7,0,1612.0,161.2,8,-1.622429905793897,0.01719000318667173,7,0.0,2026-07-31,monthly_walk_forward
2026-08-08,2026-0808-04-02-05-08,2024103147,ソニックウェーブ,8,0,345.0,34.5,7,-1.8584656015031495,0.012269716505392485,8,0.0,2026-07-31,monthly_walk_forward
2026-08-08,2026-0808-04-02-05-08,2024103180,ウンスイ,9,0,1957.0,195.7,9,-1.8776600606395666,0.011937843709983997,9,0.0,2026-07-31,monthly_walk_forward
2026-08-08,2026-0808-04-02-05-09,2023105097,サイモンセレーノ,4,0,35.0,3.5,1,0.19752583646852565,0.2460994803717866,1,0.0,2026-07-31,monthly_walk_forward
2026-08-08,2026-0808-04-02-05-09,2022105859,リバースザトレンド,1,1,50.0,5.0,3,-0.16642291504543738,0.14632191007134498,2,500.0,2026-07-31,monthly_walk_forward
2026-08-08,2026-0808-04-02-05-09,2022105132,オリオアルセーリオ,6,0,493.0,49.3,12,-0.34636882819444714,0.11315329223469765,3,0.0,2026-07-31,monthly_walk_forward
2026-08-08,2026-0808-04-02-05-09,2022105685,ディペンダブル,7,0,40.0,4.0,2,-0.5727029047317759,0.08189263604204701,4,0.0,2026-07-31,monthly_walk_forward
2026-08-08,2026-0808-04-02-05-09,2023103595,ルージュカルデア,10,0,128.0,12.8,5,-0.6935745931834237,0.06890544704521624,5,0.0,2026-07-31,monthly_walk_forward
2026-08-08,2026-0808-04-02-05-09,2022104570,ラヴアンドライク,2,0,66.0,6.6,4,-0.7569362310511931,0.06294231088408997,6,0.0,2026-07-31,monthly_walk_forward
2026-08-08,2026-0808-04-02-05-09,2023100485,キタノエピックアン,3,0,145.0,14.5,6,-0.794429312071798,0.05965971859802512,7,0.0,2026-07-31,monthly_walk_forward
2026-08-08,2026-0808-04-02-05-09,2021105035,イージーブリージー,5,0,286.0,28.6,9,-0.8272633420716737,0.05692595026958061,8,0.0,2026-07-31,monthly_walk_forward
2026-08-08,2026-0808-04-02-05-09,2023106734,ガーネットテソーロ,8,0,274.0,27.4,8,-1.02717121597458,0.04278418941579285,9,0.0,2026-07-31,monthly_walk_forward
2026-08-08,2026-0808-04-02-05-09,2022104264,ライヴスプーン,13,0,167.0,16.7,7,-1.1285874862039924,0.03701370472827937,10,0.0,2026-07-31,monthly_walk_forward
2026-08-08,2026-0808-04-02-05-09,2022104452,ミュークチェルシー,14,0,1703.0,170.3,15,-1.4360263160113123,0.023857291975911837,11,0.0,2026-07-31,monthly_walk_forward
2026-08-08,2026-0808-04-02-05-09,2022100101,アレーティア,12,0,395.0,39.5,11,-1.4543550159024983,0.02324072335295957,12,0.0,2026-07-31,monthly_walk_forward
2026-08-08,2026-0808-04-02-05-09,2022105325,テルケンユミクイン,15,0,294.0,29.4,10,-1.7420198160258762,0.015409070697889013,13,0.0,2026-07-31,monthly_walk_forward
2026-08-08,2026-0808-04-02-05-09,2022101198,シャオシンユン,11,0,1475.0,147.5,13,-1.9298275523926702,0.011783020754716692,14,0.0,2026-07-31,monthly_walk_forward
2026-08-08,2026-0808-04-02-05-09,2022105337,カサビセンス,9,0,1637.0,163.7,14,-2.0438923844762624,0.010011253557662537,15,0.0,2026-07-31,monthly_walk_forward
2026-08-08,2026-0808-04-02-05-10,2023107014,サレジオ,3,0,24.0,2.4,1,0.7235995689711517,0.358801085336102,1,0.0,2026-07-31,monthly_walk_forward
2026-08-08,2026-0808-04-02-05-10,2023103413,マツリダイコ,2,0,40.0,4.0,3,0.41745841667706995,0.23169541710505306,2,0.0,2026-07-31,monthly_walk_forward
2026-08-08,2026-0808-04-02-05-10,2022103501,クリールスル,13,0,127.0,12.7,5,0.036146653293223766,0.1343828157968411,3,0.0,2026-07-31,monthly_walk_forward
2026-08-08,2026-0808-04-02-05-10,2023106245,ルモンテ,12,0,315.0,31.5,6,-0.44920595949822867,0.06717705097421241,4,0.0,2026-07-31,monthly_walk_forward
2026-08-08,2026-0808-04-02-05-10,2023110006,エラルディーク,1,1,29.0,2.9,2,-0.5125649736332836,0.06136372168576155,5,290.0,2026-07-31,monthly_walk_forward
2026-08-08,2026-0808-04-02-05-10,2022104093,ガラク,4,0,116.0,11.6,4,-0.6440979392178698,0.0508517517854105,6,0.0,2026-07-31,monthly_walk_forward
2026-08-08,2026-0808-04-02-05-10,2022101272,スタニングヴュー,5,0,688.0,68.8,8,-0.9657347790267856,0.032118538032141326,7,0.0,2026-07-31,monthly_walk_forward
2026-08-08,2026-0808-04-02-05-10,2023102984,ハナコトバ,7,0,675.0,67.5,7,-1.3693714888931445,0.018043932902565035,8,0.0,2026-07-31,monthly_walk_forward
2026-08-08,2026-0808-04-02-05-10,2022105339,スピリットサージ,8,0,807.0,80.7,9,-1.7896372457906926,0.00989896145678701,9,0.0,2026-07-31,monthly_walk_forward
2026-08-08,2026-0808-04-02-05-10,2022102429,ミッキーコンドル,6,0,1389.0,138.9,10,-1.7972544109345034,0.009791828230456318,10,0.0,2026-07-31,monthly_walk_forward
2026-08-08,2026-0808-04-02-05-10,2023106660,ヤマカンドリーミン,11,0,3202.0,320.2,13,-1.8024076613351414,0.009720007572201995,11,0.0,2026-07-31,monthly_walk_forward
2026-08-08,2026-0808-04-02-05-10,2023103051,ミズノミヤコ,9,0,1991.0,199.1,12,-1.8465285892633077,0.009126264821742704,12,0.0,2026-07-31,monthly_walk_forward
2026-08-08,2026-0808-04-02-05-10,2023101029,クリスタルタワー,10,0,1946.0,194.6,11,-2.02934444177589,0.007028624300725005,13,0.0,2026-07-31,monthly_walk_forward
2026-08-08,2026-0808-04-02-05-11,2023104998,カイショー,15,0,51.0,5.1,3,0.09298213263525242,0.19423222910731675,1,0.0,2026-07-31,monthly_walk_forward
2026-08-08,2026-0808-04-02-05-11,2022106950,シャンクス,7,0,58.0,5.8,4,-0.08307881915162457,0.15103911681260754,2,0.0,2026-07-31,monthly_walk_forward
2026-08-08,2026-0808-04-02-05-11,2023101676,ファンシーフリル,8,0,42.0,4.2,2,-0.227304948174256,0.12291604088043682,3,0.0,2026-07-31,monthly_walk_forward
2026-08-08,2026-0808-04-02-05-11,2020100795,ベルタソ,12,0,122.0,12.2,5,-0.2893818702768488,0.1124850372460248,4,0.0,2026-07-31,monthly_walk_forward
2026-08-08,2026-0808-04-02-05-11,2022102465,ブライティアブーケ,3,0,123.0,12.3,6,-0.41691148294758773,0.0937503173192196,5,0.0,2026-07-31,monthly_walk_forward
2026-08-08,2026-0808-04-02-05-11,2023100397,ミルトメロディー,10,0,594.0,59.4,11,-0.6067090606759987,0.0714855729793862,6,0.0,2026-07-31,monthly_walk_forward
2026-08-08,2026-0808-04-02-05-11,2023103103,リオクリスハーレー,2,0,31.0,3.1,1,-0.6329731404390263,0.06885311991937372,7,0.0,2026-07-31,monthly_walk_forward
2026-08-08,2026-0808-04-02-05-11,2023107539,ダイイズキャスト,9,0,501.0,50.1,10,-1.0033476774599797,0.04056351662898446,8,0.0,2026-07-31,monthly_walk_forward
2026-08-08,2026-0808-04-02-05-11,2022106796,レモンバーム,11,0,428.0,42.8,8,-1.198255693363947,0.030705108294308222,9,0.0,2026-07-31,monthly_walk_forward
2026-08-08,2026-0808-04-02-05-11,2023100611,オタルイーグル,16,0,454.0,45.4,9,-1.2892034321620844,0.02696402832761759,10,0.0,2026-07-31,monthly_walk_forward
2026-08-08,2026-0808-04-02-05-11,2023104173,メテオロイド,1,1,231.0,23.1,7,-1.4819216228593985,0.020474741255520363,11,2310.0,2026-07-31,monthly_walk_forward
2026-08-08,2026-0808-04-02-05-11,2022101204,サツキレジーナ,5,0,1523.0,152.3,15,-1.7266243937753571,0.014434434049801182,12,0.0,2026-07-31,monthly_walk_forward
2026-08-08,2026-0808-04-02-05-11,2019110122,ブラヴィーノ,14,0,4459.0,445.9,18,-1.770731257812842,0.013552984749383509,13,0.0,2026-07-31,monthly_walk_forward
2026-08-08,2026-0808-04-02-05-11,2020101171,ビスケット,18,0,3826.0,382.6,17,-1.9733206657566567,0.0101471548906618,14,0.0,2026-07-31,monthly_walk_forward
2026-08-08,2026-0808-04-02-05-11,2022106420,パーティーガール,6,0,735.0,73.5,12,-2.0196253772053563,0.009497644040105002,15,0.0,2026-07-31,monthly_walk_forward
2026-08-08,2026-0808-04-02-05-11,2021100478,ジュエルドレーサー,4,0,1469.0,146.9,14,-2.2694347087721574,0.006647051004924776,16,0.0,2026-07-31,monthly_walk_forward
2026-08-08,2026-0808-04-02-05-11,2022102602,フェリスチカ,17,0,2663.0,266.3,16,-2.279892096555789,0.006548487932518284,17,0.0,2026-07-31,monthly_walk_forward
2026-08-08,2026-0808-04-02-05-11,2022106503,セイラダンサー,13,0,1077.0,107.7,13,-2.3766104886648636,0.005703414561809448,18,0.0,2026-07-31,monthly_walk_forward
2026-08-08,2026-0808-07-02-05-05,2023103906,レイクラシック,1,1,11.0,1.1,1,1.0286212207641003,0.6087929781772842,1,110.0,2026-07-31,monthly_walk_forward
2026-08-08,2026-0808-07-02-05-05,2019100915,ゼンノインヴォーク,3,0,89.0,8.9,3,0.210746792883063,0.18925328171031505,2,0.0,2026-07-31,monthly_walk_forward
2026-08-08,2026-0808-07-02-05-05,2023105513,エイシンビーコン,5,0,47.0,4.7,2,-0.04640290041451095,0.131069737392902,3,0.0,2026-07-31,monthly_walk_forward
2026-08-08,2026-0808-07-02-05-05,2022104779,リトルスカーレット,7,0,618.0,61.8,5,-1.0966550389349936,0.029235079184615615,4,0.0,2026-07-31,monthly_walk_forward
2026-08-08,2026-0808-07-02-05-05,2023100446,ワンダーデリエール,2,0,292.0,29.2,4,-1.3321418742275657,0.020883504009372375,5,0.0,2026-07-31,monthly_walk_forward
2026-08-08,2026-0808-07-02-05-05,2023104883,アステルディーヴァ,4,0,633.0,63.3,6,-1.87945380363984,0.0095551987738604,6,0.0,2026-07-31,monthly_walk_forward
2026-08-08,2026-0808-07-02-05-05,2022107084,ウインヘリオドール,6,0,643.0,64.3,7,-2.1962777300961673,0.006076809295942126,7,0.0,2026-07-31,monthly_walk_forward
2026-08-08,2026-0808-07-02-05-05,2023103501,シンゼンイセ,8,0,1934.0,193.4,8,-2.3143742625644057,0.005133411455708342,8,0.0,2026-07-31,monthly_walk_forward
2026-08-08,2026-0808-07-02-05-06,2022100382,ビップディラン,2,0,57.0,5.7,4,0.3985575650348698,0.23754130266476944,1,0.0,2026-07-31,monthly_walk_forward
2026-08-08,2026-0808-07-02-05-06,2023100448,テイエムアイラン,1,1,36.0,3.6,1,0.31167452085544367,0.20981430545050753,2,360.0,2026-07-31,monthly_walk_forward
2026-08-08,2026-0808-07-02-05-06,2021105374,クイックバイオ,3,0,193.0,19.3,7,-0.19122255001181457,0.10228862690380715,3,0.0,2026-07-31,monthly_walk_forward
2026-08-08,2026-0808-07-02-05-06,2022100381,オリバナム,7,0,44.0,4.4,3,-0.2660513321768546,0.09191830859933663,4,0.0,2026-07-31,monthly_walk_forward
2026-08-08,2026-0808-07-02-05-06,2022104590,ショウナンバルドル,5,0,40.0,4.0,2,-0.34025179359415064,0.08267353786795986,5,0.0,2026-07-31,monthly_walk_forward
2026-08-08,2026-0808-07-02-05-06,2018106354,バガン,8,0,490.0,49.0,10,-0.4396160331218227,0.07173298328862293,6,0.0,2026-07-31,monthly_walk_forward
2026-08-08,2026-0808-07-02-05-06,2021102727,オトコギアンパン,10,0,124.0,12.4,6,-0.44653317681928556,0.07102763494912734,7,0.0,2026-07-31,monthly_walk_forward
2026-08-08,2026-0808-07-02-05-06,2022104171,スナークピカソ,4,0,108.0,10.8,5,-0.7457587001841474,0.046321397000098734,8,0.0,2026-07-31,monthly_walk_forward
2026-08-08,2026-0808-07-02-05-06,2022109119,ケイテンアイジン,9,0,1165.0,116.5,11,-0.911453444076736,0.03655789672695645,9,0.0,2026-07-31,monthly_walk_forward
2026-08-08,2026-0808-07-02-05-06,2019106280,サクラオーラ,6,0,293.0,29.3,9,-0.9379340953503034,0.035200761424976856,10,0.0,2026-07-31,monthly_walk_forward
2026-08-08,2026-0808-07-02-05-06,2020105809,マイネルフォルツァ,11,0,256.0,25.6,8,-1.5386374440770758,0.014923245123837183,11,0.0,2026-07-31,monthly_walk_forward
2026-08-08,2026-0808-07-02-05-07,2022101821,ロードヴォイジャー,8,0,25.0,2.5,1,0.7139948172683384,0.42154794490032993,1,0.0,2026-07-31,monthly_walk_forward
2026-08-08,2026-0808-07-02-05-07,2022107134,タガノマカシヤ,7,0,48.0,4.8,4,0.33267268926846544,0.24449323067018136,2,0.0,2026-07-31,monthly_walk_forward
2026-08-08,2026-0808-07-02-05-07,2022110115,シンビリーブ,1,1,36.0,3.6,2,0.06411627124957453,0.16658998208295098,3,360.0,2026-07-31,monthly_walk_forward
2026-08-08,2026-0808-07-02-05-07,2022106395,クァンタムウェーブ,6,0,42.0,4.2,3,-0.6868607960663204,0.056980620254621105,4,0.0,2026-07-31,monthly_walk_forward
2026-08-08,2026-0808-07-02-05-07,2021106635,インザモーメント,4,0,230.0,23.0,6,-0.829332554119719,0.04648734530405407,5,0.0,2026-07-31,monthly_walk_forward
2026-08-08,2026-0808-07-02-05-07,2020106635,メイショウシナノ,3,0,200.0,20.0,5,-1.1918773957605298,0.02769519491054877,6,0.0,2026-07-31,monthly_walk_forward
2026-08-08,2026-0808-07-02-05-07,2022110118,ユウトザユウト,2,0,559.0,55.9,8,-1.28223827923714,0.024341238091867896,7,0.0,2026-07-31,monthly_walk_forward
2026-08-08,2026-0808-07-02-05-07,2020100979,メイショウコガシラ,5,0,240.0,24.0,7,-1.7852764390750477,0.01186444378544575,8,0.0,2026-07-31,monthly_walk_forward
2026-08-08,2026-0808-07-02-05-08,2023103893,リアンドゥクール,1,1,17.0,1.7,1,0.3159855208241014,0.41223693427659774,1,170.0,2026-07-31,monthly_walk_forward
2026-08-08,2026-0808-07-02-05-08,2023103245,ゴンタ,4,0,90.0,9.0,4,-0.010602337810368527,0.25853838739509233,2,0.0,2026-07-31,monthly_walk_forward
2026-08-08,2026-0808-07-02-05-08,2023101592,テーオーカイザー,3,0,60.0,6.0,2,-0.8549513293594264,0.07738796971021343,3,0.0,2026-07-31,monthly_walk_forward
2026-08-08,2026-0808-07-02-05-08,2023104066,バケラッタ,6,0,102.0,10.2,5,-1.1678667892659822,0.049491911532240515,4,0.0,2026-07-31,monthly_walk_forward
2026-08-08,2026-0808-07-02-05-08,2022102710,エイユーファイヤー,5,0,204.0,20.4,6,-1.25189168900941,0.04389382641234943,5,0.0,2026-07-31,monthly_walk_forward
2026-08-08,2026-0808-07-02-05-08,2023102752,スマートグロワール,8,0,60.0,6.0,3,-1.2869634133263887,0.041748821295773814,6,0.0,2026-07-31,monthly_walk_forward
2026-08-08,2026-0808-07-02-05-08,2022107325,レーンアジリティ,10,0,394.0,39.4,7,-1.3778749669641155,0.03666408151153384,7,0.0,2026-07-31,monthly_walk_forward
2026-08-08,2026-0808-07-02-05-08,2022107299,クレスコドルフィン,11,0,1243.0,124.3,10,-1.6282274143036353,0.025639938079813997,8,0.0,2026-07-31,monthly_walk_forward
2026-08-08,2026-0808-07-02-05-08,2019104261,メイショウオグマ,7,0,399.0,39.9,8,-1.6416726699240338,0.025152158276746116,9,0.0,2026-07-31,monthly_walk_forward
2026-08-08,2026-0808-07-02-05-08,2021103316,リアルペガサス,12,0,1591.0,159.1,11,-2.044405830974586,0.014148528444435052,10,0.0,2026-07-31,monthly_walk_forward
2026-08-08,2026-0808-07-02-05-08,2023106129,サンライズオスカー,2,0,469.0,46.9,9,-2.406011865934752,0.008440407351833214,11,0.0,2026-07-31,monthly_walk_forward
2026-08-08,2026-0808-07-02-05-08,2021106078,ブルーストレイル,9,0,4077.0,407.7,12,-2.572161258077521,0.006657035713370712,12,0.0,2026-07-31,monthly_walk_forward
2026-08-08,2026-0808-07-02-05-09,2021105335,トーアマリシテン,5,0,137.0,13.7,4,-0.21284311117806554,0.41992696323884154,1,0.0,2026-07-31,monthly_walk_forward
2026-08-08,2026-0808-07-02-05-09,2018102196,ゴールドブリーズ,4,0,167.0,16.7,6,-0.8995954192683574,0.15743396071081786,2,0.0,2026-07-31,monthly_walk_forward
2026-08-08,2026-0808-07-02-05-09,2020102955,ポワンキュルミナン,7,0,74.0,7.4,3,-0.9500885225286829,0.14647768098186728,3,0.0,2026-07-31,monthly_walk_forward
2026-08-08,2026-0808-07-02-05-09,2021104590,ゲインサポート,6,0,379.0,37.9,9,-1.2823983706798354,0.09111702907752943,4,0.0,2026-07-31,monthly_walk_forward
2026-08-08,2026-0808-07-02-05-09,2019101488,クラウンセト,1,1,58.0,5.8,2,-1.2867285571339138,0.09055512066801195,5,580.0,2026-07-31,monthly_walk_forward
2026-08-08,2026-0808-07-02-05-09,2022102728,ベイビーベリッシモ,3,0,188.0,18.8,7,-1.715805797855135,0.04905741008690953,6,0.0,2026-07-31,monthly_walk_forward
2026-08-08,2026-0808-07-02-05-09,2021104974,ヒットアンドロール,2,0,371.0,37.1,8,-1.7695505173781239,0.045431835236022386,7,0.0,2026-07-31,monthly_walk_forward
2026-08-08,2026-0808-07-02-05-11,2023107241,バルセシート,1,1,15.0,1.5,1,0.9880289703498097,0.3593035012697617,1,150.0,2026-07-31,monthly_walk_forward
2026-08-08,2026-0808-07-02-05-11,2023104034,テイエムスティール,8,0,40.0,4.0,2,0.491835284526305,0.1768530773074722,2,0.0,2026-07-31,monthly_walk_forward
2026-08-08,2026-0808-07-02-05-11,2023105011,オーライカモン,11,0,133.0,13.3,4,0.196105609981245,0.1159139786359014,3,0.0,2026-07-31,monthly_walk_forward
2026-08-08,2026-0808-07-02-05-11,2023106614,レッドリガーレ,5,0,166.0,16.6,6,0.16192242221774172,0.11038952279851288,4,0.0,2026-07-31,monthly_walk_forward
2026-08-08,2026-0808-07-02-05-11,2022106354,オーバースタンド,3,0,110.0,11.0,3,-0.15916155085520692,0.06977835330139559,5,0.0,2026-07-31,monthly_walk_forward
2026-08-08,2026-0808-07-02-05-11,2021105022,グローブアマランス,4,0,164.0,16.4,5,-0.23405153134804604,0.06269853929453106,6,0.0,2026-07-31,monthly_walk_forward
2026-08-08,2026-0808-07-02-05-11,2021104918,シャーリーゴールド,2,0,631.0,63.1,8,-0.3241434638588399,0.05512676712264647,7,0.0,2026-07-31,monthly_walk_forward
2026-08-08,2026-0808-07-02-05-11,2022102841,メイショウハボマイ,12,0,3261.0,326.1,12,-1.320151967218137,0.013286734073685509,8,0.0,2026-07-31,monthly_walk_forward
2026-08-08,2026-0808-07-02-05-11,2023103615,エスティヴァリス,7,0,808.0,80.8,9,-1.4292284444690748,0.011369593560397856,9,0.0,2026-07-31,monthly_walk_forward
2026-08-08,2026-0808-07-02-05-11,2022104649,インターポーザー,6,0,2276.0,227.6,11,-1.5774067625756778,0.009200513050656372,10,0.0,2026-07-31,monthly_walk_forward
2026-08-08,2026-0808-07-02-05-11,2023103379,ホールドミーワンス,10,0,979.0,97.9,10,-1.6003239685897588,0.008904176026413196,11,0.0,2026-07-31,monthly_walk_forward
2026-08-08,2026-0808-07-02-05-11,2022106996,ゴージャス,9,0,390.0,39.0,7,-1.7514425422229032,0.00717524355862578,12,0.0,2026-07-31,monthly_walk_forward
2026-08-09,2026-0809-01-01-06-03,2021103520,デルシエロ,4,0,51.0,5.1,3,-0.04737355221770743,0.21401753564609732,1,0.0,2026-07-31,monthly_walk_forward
2026-08-09,2026-0809-01-01-06-03,2020103910,レジェンドシップ,1,1,42.0,4.2,2,-0.08154863590293991,0.20381982765272244,2,420.0,2026-07-31,monthly_walk_forward
2026-08-09,2026-0809-01-01-06-03,2022105060,サウンドサンライズ,8,0,86.0,8.6,5,-0.4031554404806157,0.12874041801124458,3,0.0,2026-07-31,monthly_walk_forward
2026-08-09,2026-0809-01-01-06-03,2023104676,マテンロウゼロ,6,0,64.0,6.4,4,-0.4670047018541056,0.11751722082136033,4,0.0,2026-07-31,monthly_walk_forward
2026-08-09,2026-0809-01-01-06-03,2023105021,メイショウテンク,2,0,30.0,3.0,1,-0.5101652840531204,0.11049020875249038,5,0.0,2026-07-31,monthly_walk_forward
2026-08-09,2026-0809-01-01-06-03,2023107144,エイカイコバチ,3,0,133.0,13.3,7,-0.664262392328499,0.08865816945875882,6,0.0,2026-07-31,monthly_walk_forward
2026-08-09,2026-0809-01-01-06-03,2022105400,ピティロディア,7,0,592.0,59.2,9,-0.9738653737218341,0.056968484358267305,7,0.0,2026-07-31,monthly_walk_forward
2026-08-09,2026-0809-01-01-06-03,2022106824,グランツローゼ,9,0,696.0,69.6,10,-1.2613693875121834,0.03777993680002513,8,0.0,2026-07-31,monthly_walk_forward
2026-08-09,2026-0809-01-01-06-03,2022106613,ストラニエーロ,10,0,343.0,34.3,8,-1.6691847351069864,0.021098138957442333,9,0.0,2026-07-31,monthly_walk_forward
2026-08-09,2026-0809-01-01-06-03,2022103222,エオアリイ,5,0,112.0,11.2,6,-1.6754528673052802,0.02091005954159123,10,0.0,2026-07-31,monthly_walk_forward
2026-08-09,2026-0809-01-01-06-08,2022104419,ローズマイスター,1,1,44.0,4.4,2,0.2346277825958225,0.27436088416987964,1,440.0,2026-07-31,monthly_walk_forward
2026-08-09,2026-0809-01-01-06-08,2023102019,テイクオンミー,3,0,78.0,7.8,5,-0.21769023908477336,0.14377876052577887,2,0.0,2026-07-31,monthly_walk_forward
2026-08-09,2026-0809-01-01-06-08,2021104945,ポンピエ,4,0,56.0,5.6,3,-0.21792458574530105,0.1437306341929979,3,0.0,2026-07-31,monthly_walk_forward
2026-08-09,2026-0809-01-01-06-08,2023100433,サンデーパーティー,14,0,86.0,8.6,6,-0.5283452547688792,0.09224820763855897,4,0.0,2026-07-31,monthly_walk_forward
2026-08-09,2026-0809-01-01-06-08,2023100715,ピエナオルカ,8,0,35.0,3.5,1,-0.5341215020384376,0.09149012761349466,5,0.0,2026-07-31,monthly_walk_forward
2026-08-09,2026-0809-01-01-06-08,2022103156,タイキフィアリーベ,5,0,392.0,39.2,8,-1.0703436760964065,0.04252956130678843,6,0.0,2026-07-31,monthly_walk_forward
2026-08-09,2026-0809-01-01-06-08,2023105032,メイショウコシュウ,2,0,63.0,6.3,4,-1.106819565871373,0.04037016331600094,7,0.0,2026-07-31,monthly_walk_forward
2026-08-09,2026-0809-01-01-06-08,2021100303,ブリオメンテ,9,0,160.0,16.0,7,-1.1121317535465571,0.04006496015818165,8,0.0,2026-07-31,monthly_walk_forward
2026-08-09,2026-0809-01-01-06-08,2021105772,ホウオウバローロ,6,0,392.0,39.2,9,-1.226938002084118,0.03400451174918037,9,0.0,2026-07-31,monthly_walk_forward
2026-08-09,2026-0809-01-01-06-08,2023100581,ホノボノ,13,0,1213.0,121.3,12,-1.373070467037056,0.027597703151159673,10,0.0,2026-07-31,monthly_walk_forward
2026-08-09,2026-0809-01-01-06-08,2021102498,ディアスポラ,7,0,407.0,40.7,10,-1.5633902957237866,0.02102783593155506,11,0.0,2026-07-31,monthly_walk_forward
2026-08-09,2026-0809-01-01-06-08,2022101286,クラウンアールシー,12,0,955.0,95.5,11,-1.6120520312775635,0.019615700970408597,12,0.0,2026-07-31,monthly_walk_forward
2026-08-09,2026-0809-01-01-06-08,2023101721,ノリノドラゴン,10,0,1813.0,181.3,13,-1.6300840925829316,0.01911685158276517,13,0.0,2026-07-31,monthly_walk_forward
2026-08-09,2026-0809-01-01-06-08,2022107021,ファミーユウルーズ,11,0,2195.0,219.5,14,-2.079201167129649,0.010064097693250007,14,0.0,2026-07-31,monthly_walk_forward
2026-08-09,2026-0809-01-01-06-09,2023105141,ニシノサリーナ,16,0,34.0,3.4,1,0.46845078209719515,0.21630703449612268,1,0.0,2026-07-31,monthly_walk_forward
2026-08-09,2026-0809-01-01-06-09,2023105317,ウィングブルー,2,0,43.0,4.3,2,0.1581541280726906,0.13885329165862856,2,0.0,2026-07-31,monthly_walk_forward
2026-08-09,2026-0809-01-01-06-09,2022104440,ハーモニーソング,13,0,63.0,6.3,3,0.08430514995659492,0.12495071504153667,3,0.0,2026-07-31,monthly_walk_forward
2026-08-09,2026-0809-01-01-06-09,2021105749,ルージュベルベット,1,1,98.0,9.8,5,-0.02210252766415506,0.10733002268557743,4,980.0,2026-07-31,monthly_walk_forward
2026-08-09,2026-0809-01-01-06-09,2023104047,ノアールビーナス,7,0,108.0,10.8,6,-0.11416588402898749,0.09410294394043808,5,0.0,2026-07-31,monthly_walk_forward
2026-08-09,2026-0809-01-01-06-09,2023106420,コスモファーブロス,3,0,86.0,8.6,4,-0.5477953942680581,0.05064895518877153,6,0.0,2026-07-31,monthly_walk_forward
2026-08-09,2026-0809-01-01-06-09,2021105078,アトリウムチャペル,6,0,148.0,14.8,7,-0.6611363119472897,0.043077594197775834,7,0.0,2026-07-31,monthly_walk_forward
2026-08-09,2026-0809-01-01-06-09,2022103316,キタノクニカラ,15,0,1245.0,124.5,15,-0.686580693034338,0.04153987834824917,8,0.0,2026-07-31,monthly_walk_forward
2026-08-09,2026-0809-01-01-06-09,2023102210,アイアムステキ,11,0,225.0,22.5,8,-0.8233550275222598,0.034167058682803654,9,0.0,2026-07-31,monthly_walk_forward
2026-08-09,2026-0809-01-01-06-09,2022102988,トレヴィ,5,0,286.0,28.6,10,-0.8712690976557759,0.03190661362175597,10,0.0,2026-07-31,monthly_walk_forward
2026-08-09,2026-0809-01-01-06-09,2023103733,ラプランセス,4,0,243.0,24.3,9,-1.0723568453613952,0.023939865953861106,11,0.0,2026-07-31,monthly_walk_forward
2026-08-09,2026-0809-01-01-06-09,2020101920,メラヴィリオーザ,12,0,997.0,99.7,14,-1.1129658034740448,0.02259056414884309,12,0.0,2026-07-31,monthly_walk_forward
2026-08-09,2026-0809-01-01-06-09,2023105290,サトノカスターニャ,9,0,755.0,75.5,12,-1.1224395259170445,0.022286885568012758,13,0.0,2026-07-31,monthly_walk_forward
2026-08-09,2026-0809-01-01-06-09,2020100759,アルマロクザン,10,0,979.0,97.9,13,-1.2264060642647965,0.01921084163467393,14,0.0,2026-07-31,monthly_walk_forward
2026-08-09,2026-0809-01-01-06-09,2021103322,スプリングデイ,8,0,364.0,36.4,11,-1.3228648656314352,0.016737914918682102,15,0.0,2026-07-31,monthly_walk_forward
2026-08-09,2026-0809-01-01-06-09,2022101005,マロンカラノテガミ,14,0,2163.0,216.3,16,-1.535689379174672,0.01234981991426743,16,0.0,2026-07-31,monthly_walk_forward
2026-08-09,2026-0809-01-01-06-10,2022110130,ベラジオワールド,3,0,37.0,3.7,2,1.0635783259034228,0.33458931881000425,1,0.0,2026-07-31,monthly_walk_forward
2026-08-09,2026-0809-01-01-06-10,2023104324,タガノエルー,2,0,16.0,1.6,1,0.7784845594665762,0.2226557945003734,2,0.0,2026-07-31,monthly_walk_forward
2026-08-09,2026-0809-01-01-06-10,2023103696,マーゴットサンズ,5,0,144.0,14.4,5,0.499114139266011,0.14938493878862574,3,0.0,2026-07-31,monthly_walk_forward
2026-08-09,2026-0809-01-01-06-10,2023101704,テイエムゴッホ,12,0,118.0,11.8,3,0.31234204279022465,0.11440092626284461,4,0.0,2026-07-31,monthly_walk_forward
2026-08-09,2026-0809-01-01-06-10,2022101572,プライベートアイズ,1,1,122.0,12.2,4,-0.26573274291432825,0.050093339401809045,5,1220.0,2026-07-31,monthly_walk_forward
2026-08-09,2026-0809-01-01-06-10,2022100321,リメンバーヒム,4,0,435.0,43.5,8,-0.6170532651410691,0.03032588362354229,6,0.0,2026-07-31,monthly_walk_forward
2026-08-09,2026-0809-01-01-06-10,2022102394,マーウォルス,6,0,411.0,41.1,7,-0.9404319481920262,0.01910656600058489,7,0.0,2026-07-31,monthly_walk_forward
2026-08-09,2026-0809-01-01-06-10,2023100937,ストラーダ,13,0,460.0,46.0,9,-1.0031862485628822,0.017468216770287568,8,0.0,2026-07-31,monthly_walk_forward
2026-08-09,2026-0809-01-01-06-10,2022105486,テルアスワッド,11,0,1121.0,112.1,10,-1.0060373876392792,0.017397212448691458,9,0.0,2026-07-31,monthly_walk_forward
2026-08-09,2026-0809-01-01-06-10,2021101928,チザルピーノ,10,0,274.0,27.4,6,-1.2404331720358113,0.012446741586817866,10,0.0,2026-07-31,monthly_walk_forward
2026-08-09,2026-0809-01-01-06-10,2022105610,ウインハルモニア,7,0,1517.0,151.7,11,-1.3130513936050274,0.011220231718952124,11,0.0,2026-07-31,monthly_walk_forward
2026-08-09,2026-0809-01-01-06-10,2022103753,ネクストダンサー,9,0,2525.0,252.5,14,-1.453832968702989,0.009176097601162517,12,0.0,2026-07-31,monthly_walk_forward
2026-08-09,2026-0809-01-01-06-10,2022106851,レディゴディヴァ,8,0,1532.0,153.2,12,-1.505707320618708,0.00852067701311585,13,0.0,2026-07-31,monthly_walk_forward
2026-08-09,2026-0809-01-01-06-10,2019102163,フォーワンセルフ,14,0,2411.0,241.1,13,-2.1881809112229313,0.003214055473188473,14,0.0,2026-07-31,monthly_walk_forward
2026-08-09,2026-0809-01-01-06-11,2023105203,マーブルパレス,9,0,74.0,7.4,4,1.1209482279034197,0.19690274328016882,1,0.0,2026-07-31,monthly_walk_forward
2026-08-09,2026-0809-01-01-06-11,2023107008,ブラックチャリス,6,0,45.0,4.5,2,0.9644009264809806,0.15744416947013723,2,0.0,2026-07-31,monthly_walk_forward
2026-08-09,2026-0809-01-01-06-11,2022102887,ナムラクララ,1,1,36.0,3.6,1,0.6985695557137749,0.10769593231350626,3,360.0,2026-07-31,monthly_walk_forward
2026-08-09,2026-0809-01-01-06-11,2022103592,ルシード,2,0,47.0,4.7,3,0.5845234558631638,0.09150456072109302,4,0.0,2026-07-31,monthly_walk_forward
2026-08-09,2026-0809-01-01-06-11,2021105774,ダノンマッキンリー,4,0,212.0,21.2,8,0.5561695327505555,0.08787217577876136,5,0.0,2026-07-31,monthly_walk_forward
2026-08-09,2026-0809-01-01-06-11,2021100130,ロードフォアエース,5,0,110.0,11.0,5,0.2900664225241284,0.060083538982032614,6,0.0,2026-07-31,monthly_walk_forward
2026-08-09,2026-0809-01-01-06-11,2021105358,アスティスプマンテ,3,0,202.0,20.2,7,0.23718502699934496,0.05571174906704056,7,0.0,2026-07-31,monthly_walk_forward
2026-08-09,2026-0809-01-01-06-11,2021100522,ジョーメッドヴィン,8,0,285.0,28.5,10,0.21261801373937522,0.053790416871547356,8,0.0,2026-07-31,monthly_walk_forward
2026-08-09,2026-0809-01-01-06-11,2018103515,カンティーユ,14,0,162.0,16.2,6,0.2084225612999636,0.05346898802522911,9,0.0,2026-07-31,monthly_walk_forward
2026-08-09,2026-0809-01-01-06-11,2020103356,クファシル,16,0,778.0,77.8,13,-0.2950649995194243,0.026045210119606105,10,0.0,2026-07-31,monthly_walk_forward
2026-08-09,2026-0809-01-01-06-11,2022100490,モズナナスター,11,0,279.0,27.9,9,-0.33807638101334625,0.024493041284905856,11,0.0,2026-07-31,monthly_walk_forward
2026-08-09,2026-0809-01-01-06-11,2020109102,サウザンサニー,10,0,336.0,33.6,12,-0.35923594590494934,0.023763744958530227,12,0.0,2026-07-31,monthly_walk_forward
2026-08-09,2026-0809-01-01-06-11,2020105203,ウインアイオライト,13,0,1397.0,139.7,14,-0.37385079239984,0.02327274063959282,13,0.0,2026-07-31,monthly_walk_forward
2026-08-09,2026-0809-01-01-06-11,2020103962,ステークホルダー,15,0,2856.0,285.6,16,-0.5535104208475063,0.018004579351750948,14,0.0,2026-07-31,monthly_walk_forward
2026-08-09,2026-0809-01-01-06-11,2022103304,ダンツエラン,12,0,1741.0,174.1,15,-0.9020364042382363,0.010943348972881167,15,0.0,2026-07-31,monthly_walk_forward
2026-08-09,2026-0809-01-01-06-11,2021105599,シンバーシア,6,0,323.0,32.3,11,-1.0386535382519801,0.009003060163216595,16,0.0,2026-07-31,monthly_walk_forward
2026-08-09,2026-0809-01-01-06-12,2023103451,ロングミックス,4,0,61.0,6.1,3,0.21266012658513414,0.20564025780238857,1,0.0,2026-07-31,monthly_walk_forward
2026-08-09,2026-0809-01-01-06-12,2022106645,グランセゾン,2,0,115.0,11.5,6,0.15988801460009988,0.1907072613900532,2,0.0,2026-07-31,monthly_walk_forward
2026-08-09,2026-0809-01-01-06-12,2023100207,マイネルシンベリン,3,0,42.0,4.2,2,0.10912025242745042,0.177365790827178,3,0.0,2026-07-31,monthly_walk_forward
2026-08-09,2026-0809-01-01-06-12,2023103351,グレーヌドジョワ,1,1,78.0,7.8,4,0.0751659601727959,0.16896778629473647,4,780.0,2026-07-31,monthly_walk_forward
2026-08-09,2026-0809-01-01-06-12,2023100521,ディーリライズ,6,0,89.0,8.9,5,-0.0232375054994929,0.14680889449992834,5,0.0,2026-07-31,monthly_walk_forward
2026-08-09,2026-0809-01-01-06-12,2023106905,ヴァロアーク,7,0,21.0,2.1,1,-0.5188000299277725,0.07232611303609675,6,0.0,2026-07-31,monthly_walk_forward
2026-08-09,2026-0809-01-01-06-12,2022102135,ゴーゴータカシ,8,0,150.0,15.0,7,-1.0981910969631523,0.03161032209327782,7,0.0,2026-07-31,monthly_walk_forward
2026-08-09,2026-0809-01-01-06-12,2022105766,ドーギッド,5,0,1452.0,145.2,8,-2.1974893213184252,0.006573574056341017,8,0.0,2026-07-31,monthly_walk_forward
2026-08-09,2026-0809-04-02-06-05,2023100359,シュヴァルツシルト,6,0,34.0,3.4,2,0.47068173369372845,0.2567921133334004,1,0.0,2026-07-31,monthly_walk_forward
2026-08-09,2026-0809-04-02-06-05,2023105083,ベルゼビュート,4,0,71.0,7.1,3,0.25524675224325727,0.18876495198583326,2,0.0,2026-07-31,monthly_walk_forward
2026-08-09,2026-0809-04-02-06-05,2023103216,アンバサダネージュ,7,0,28.0,2.8,1,0.050080903342509205,0.14080958700815357,3,0.0,2026-07-31,monthly_walk_forward
2026-08-09,2026-0809-04-02-06-05,2023102007,ゼファーテソーロ,1,1,83.0,8.3,4,-0.3800314464426129,0.07616959116540564,4,830.0,2026-07-31,monthly_walk_forward
2026-08-09,2026-0809-04-02-06-05,2023101039,ベアアッコチャン,5,0,307.0,30.7,7,-0.49214752810286166,0.06489668124945755,5,0.0,2026-07-31,monthly_walk_forward
2026-08-09,2026-0809-04-02-06-05,2023100533,タイセイブルーム,10,0,547.0,54.7,13,-0.6869134258838396,0.049134404358980435,6,0.0,2026-07-31,monthly_walk_forward
2026-08-09,2026-0809-04-02-06-05,2023106932,サトノエスケープ,2,0,93.0,9.3,5,-0.7124993965148236,0.04737089935874101,7,0.0,2026-07-31,monthly_walk_forward
2026-08-09,2026-0809-04-02-06-05,2022100582,プルシャプラ,8,0,392.0,39.2,9,-0.9353734975609992,0.03445370468354534,8,0.0,2026-07-31,monthly_walk_forward
2026-08-09,2026-0809-04-02-06-05,2023100949,マジンタクシー,15,0,468.0,46.8,10,-1.022936936567634,0.030402532246015863,9,0.0,2026-07-31,monthly_walk_forward
2026-08-09,2026-0809-04-02-06-05,2020100617,ブリングライト,12,0,470.0,47.0,11,-1.0840925098538856,0.027859131602377164,10,0.0,2026-07-31,monthly_walk_forward
2026-08-09,2026-0809-04-02-06-05,2023104992,エコロバロン,11,0,491.0,49.1,12,-1.0960523723718736,0.02738718709988389,11,0.0,2026-07-31,monthly_walk_forward
2026-08-09,2026-0809-04-02-06-05,2021102745,ペッパーミル,14,0,353.0,35.3,8,-1.2409611519704848,0.022266042001324052,12,0.0,2026-07-31,monthly_walk_forward
2026-08-09,2026-0809-04-02-06-05,2023106208,スリーコーズ,3,0,156.0,15.6,6,-1.2666015952165752,0.021465211030630812,13,0.0,2026-07-31,monthly_walk_forward
2026-08-09,2026-0809-04-02-06-05,2022100323,トキメキジニア,9,0,5069.0,506.9,15,-2.1331172226896125,0.00622487937835733,14,0.0,2026-07-31,monthly_walk_forward
2026-08-09,2026-0809-04-02-06-05,2022105697,ソリッドベーシス,13,0,2625.0,262.5,14,-2.15851379085051,0.0060030834978936545,15,0.0,2026-07-31,monthly_walk_forward
2026-08-09,2026-0809-04-02-06-06,2023103687,ライヒスアドラー,1,1,12.0,1.2,1,1.2082620050664667,0.2566299800367731,1,120.0,2026-07-31,monthly_walk_forward
2026-08-09,2026-0809-04-02-06-06,2022101134,テンミラクルスター,11,0,281.0,28.1,6,1.0049994372739244,0.19195484924582534,2,0.0,2026-07-31,monthly_walk_forward
2026-08-09,2026-0809-04-02-06-06,2021104865,カニキュル,2,0,98.0,9.8,2,0.563727006047743,0.10219379858583949,3,0.0,2026-07-31,monthly_walk_forward
2026-08-09,2026-0809-04-02-06-06,2022100019,マカナ,12,0,104.0,10.4,3,0.5063848774374454,0.09415606487135063,4,0.0,2026-07-31,monthly_walk_forward
2026-08-09,2026-0809-04-02-06-06,2021101724,ガジュノリ,6,0,117.0,11.7,4,0.4435893307745108,0.0860773014278891,5,0.0,2026-07-31,monthly_walk_forward
2026-08-09,2026-0809-04-02-06-06,2022110054,デルアヴァー,4,0,214.0,21.4,5,0.39238497022665525,0.08000560220959954,6,0.0,2026-07-31,monthly_walk_forward
2026-08-09,2026-0809-04-02-06-06,2021105704,コルレオニス,10,0,286.0,28.6,7,0.2917781016206675,0.06929498671703238,7,0.0,2026-07-31,monthly_walk_forward
2026-08-09,2026-0809-04-02-06-06,2021105453,エラン,7,0,922.0,92.2,11,-0.10407563284640116,0.03936461147897697,8,0.0,2026-07-31,monthly_walk_forward
2026-08-09,2026-0809-04-02-06-06,2020106535,モズロックンロール,13,0,1021.0,102.1,13,-0.32898893548796465,0.028547304228410977,9,0.0,2026-07-31,monthly_walk_forward
2026-08-09,2026-0809-04-02-06-06,2020100976,ハギノアルデバラン,5,0,661.0,66.1,8,-0.7533045626643198,0.015570799404480416,10,0.0,2026-07-31,monthly_walk_forward
2026-08-09,2026-0809-04-02-06-06,2018106154,エスコバル,9,0,969.0,96.9,12,-0.8545478889212474,0.0134740283139971,11,0.0,2026-07-31,monthly_walk_forward
2026-08-09,2026-0809-04-02-06-06,2020104753,サトノヴィレ,3,0,734.0,73.4,9,-0.9150875182009299,0.012357693433859852,12,0.0,2026-07-31,monthly_walk_forward
2026-08-09,2026-0809-04-02-06-06,2020100934,クリニクラウン,8,0,908.0,90.8,10,-1.0376396447052072,0.010372980045965045,13,0.0,2026-07-31,monthly_walk_forward
2026-08-09,2026-0809-04-02-06-07,2023105303,メルカントゥール,3,0,27.0,2.7,1,1.2306812580197097,0.26132844134632,1,0.0,2026-07-31,monthly_walk_forward
2026-08-09,2026-0809-04-02-06-07,2023101269,ドンエレクトス,4,0,46.0,4.6,3,0.9338420435416649,0.17100999267412745,2,0.0,2026-07-31,monthly_walk_forward
2026-08-09,2026-0809-04-02-06-07,2023106821,マクリール,9,0,135.0,13.5,5,0.886467947829066,0.15981944541762919,3,0.0,2026-07-31,monthly_walk_forward
2026-08-09,2026-0809-04-02-06-07,2023101134,パイロマンサー,2,0,59.0,5.9,4,0.3700900576857999,0.07642898520261383,4,0.0,2026-07-31,monthly_walk_forward
2026-08-09,2026-0809-04-02-06-07,2023107036,ショウナンバンライ,6,0,41.0,4.1,2,0.30475325624902916,0.06961803963574802,5,0.0,2026-07-31,monthly_walk_forward
2026-08-09,2026-0809-04-02-06-07,2023104387,チェリヴェント,1,1,208.0,20.8,6,0.26696200467165215,0.06595919027871756,6,2080.0,2026-07-31,monthly_walk_forward
2026-08-09,2026-0809-04-02-06-07,2023104733,タガノアバンドーネ,7,0,237.0,23.7,7,0.05138197216143432,0.04847580205112872,7,0.0,2026-07-31,monthly_walk_forward
2026-08-09,2026-0809-04-02-06-07,2023101154,ファイアマン,11,0,262.0,26.2,8,-0.06029293139531001,0.04132754265837252,8,0.0,2026-07-31,monthly_walk_forward
2026-08-09,2026-0809-04-02-06-07,2023104927,テンカムテキ,8,0,686.0,68.6,11,-0.28100507599856644,0.03015124170071994,9,0.0,2026-07-31,monthly_walk_forward
2026-08-09,2026-0809-04-02-06-07,2023107091,ヒシアムルーズ,10,0,500.0,50.0,9,-0.33096572922265116,0.028074276911168258,10,0.0,2026-07-31,monthly_walk_forward
2026-08-09,2026-0809-04-02-06-07,2023103919,オオツカ,5,0,604.0,60.4,10,-0.39817438030235974,0.02550415515116984,11,0.0,2026-07-31,monthly_walk_forward
2026-08-09,2026-0809-04-02-06-07,2023104103,パラダイスフェイス,12,0,1569.0,156.9,12,-0.4920620589894718,0.022302886972284764,12,0.0,2026-07-31,monthly_walk_forward
2026-08-09,2026-0809-04-02-06-08,2022101604,ハニーローリエ,2,0,25.0,2.5,1,0.2755089654781698,0.2693462620806512,1,0.0,2026-07-31,monthly_walk_forward
2026-08-09,2026-0809-04-02-06-08,2023106613,カレンデュラ,3,0,133.0,13.3,6,-0.07708690072177006,0.16276206186593045,2,0.0,2026-07-31,monthly_walk_forward
2026-08-09,2026-0809-04-02-06-08,2021100144,ロードトレゾール,8,0,52.0,5.2,3,-0.08607501740064936,0.1606855298997271,3,0.0,2026-07-31,monthly_walk_forward
2026-08-09,2026-0809-04-02-06-08,2020104174,レジーナローズ,9,0,94.0,9.4,4,-0.6334484319648166,0.07351483361150311,4,0.0,2026-07-31,monthly_walk_forward
2026-08-09,2026-0809-04-02-06-08,2022104190,ラトルシェ,13,0,623.0,62.3,10,-0.8696813975056154,0.05245793123887488,5,0.0,2026-07-31,monthly_walk_forward
2026-08-09,2026-0809-04-02-06-08,2022104387,キントラダンサー,11,0,114.0,11.4,5,-0.9284433929181003,0.0482340802776304,6,0.0,2026-07-31,monthly_walk_forward
2026-08-09,2026-0809-04-02-06-08,2022106637,ラヴェンデル,16,0,455.0,45.5,9,-1.102899850143387,0.03759391945092784,7,0.0,2026-07-31,monthly_walk_forward
2026-08-09,2026-0809-04-02-06-08,2021104074,ラブディーヴァ,10,0,244.0,24.4,7,-1.3183210464444084,0.027635405385157515,8,0.0,2026-07-31,monthly_walk_forward
2026-08-09,2026-0809-04-02-06-08,2022104216,ペイシャヴァルツー,17,0,736.0,73.6,11,-1.3536332690354442,0.02627588825209339,9,0.0,2026-07-31,monthly_walk_forward
2026-08-09,2026-0809-04-02-06-08,2021100356,クールベイビー,1,1,42.0,4.2,2,-1.4320559009316718,0.02349104749458565,10,420.0,2026-07-31,monthly_walk_forward
2026-08-09,2026-0809-04-02-06-08,2021104777,クォーツァイト,6,0,1671.0,167.1,15,-1.447974181363763,0.022962879796727245,11,0.0,2026-07-31,monthly_walk_forward
2026-08-09,2026-0809-04-02-06-08,2020103477,サトノアルペジオ,15,0,1046.0,104.6,14,-1.4871231025023754,0.021713885920701035,12,0.0,2026-07-31,monthly_walk_forward
2026-08-09,2026-0809-04-02-06-08,2021104365,リュウノタブーク,12,0,3516.0,351.6,17,-1.6744519277303322,0.016615555794333478,13,0.0,2026-07-31,monthly_walk_forward
2026-08-09,2026-0809-04-02-06-08,2021106066,メッエフアパラ,14,0,297.0,29.7,8,-1.6752860141630277,0.016595769285488175,14,0.0,2026-07-31,monthly_walk_forward
2026-08-09,2026-0809-04-02-06-08,2020102674,スペルキャスター,4,0,756.0,75.6,12,-1.7219951978287655,0.015524515123060374,15,0.0,2026-07-31,monthly_walk_forward
2026-08-09,2026-0809-04-02-06-08,2021106986,ミスエル,7,0,2510.0,251.0,16,-1.8574797989689737,0.012792652275475882,16,0.0,2026-07-31,monthly_walk_forward
2026-08-09,2026-0809-04-02-06-08,2022106187,ゼンダンタカ,5,0,906.0,90.6,13,-1.914151376500142,0.011797782247132176,17,0.0,2026-07-31,monthly_walk_forward
2026-08-09,2026-0809-04-02-06-09,2022110132,ピコテンダー,6,0,24.0,2.4,1,0.21849772972445736,0.225366069987857,1,0.0,2026-07-31,monthly_walk_forward
2026-08-09,2026-0809-04-02-06-09,2022106656,ハッピーウィズユー,7,0,84.0,8.4,3,-0.2428009352718869,0.11659751540470682,2,0.0,2026-07-31,monthly_walk_forward
2026-08-09,2026-0809-04-02-06-09,2021103706,アルジェンタージョ,5,0,344.0,34.4,9,-0.29334070731549905,0.10847592843601349,3,0.0,2026-07-31,monthly_walk_forward
2026-08-09,2026-0809-04-02-06-09,2020100363,キョウエイカンフ,4,0,140.0,14.0,5,-0.4842696099086228,0.08258042900775492,4,0.0,2026-07-31,monthly_walk_forward
2026-08-09,2026-0809-04-02-06-09,2022102347,シャンハイナイト,13,0,224.0,22.4,8,-0.5291317913749674,0.07745397467889616,5,0.0,2026-07-31,monthly_walk_forward
2026-08-09,2026-0809-04-02-06-09,2022105824,フィーチャリング,10,0,143.0,14.3,6,-0.5738085760327336,0.0726650049901931,6,0.0,2026-07-31,monthly_walk_forward
2026-08-09,2026-0809-04-02-06-09,2021100158,ダノンモンテローザ,3,0,111.0,11.1,4,-0.7164362016729389,0.05927017070008401,7,0.0,2026-07-31,monthly_walk_forward
2026-08-09,2026-0809-04-02-06-09,2021105779,レッドセニョール,9,0,602.0,60.2,13,-0.8708484187081746,0.04753742399255277,8,0.0,2026-07-31,monthly_walk_forward
2026-08-09,2026-0809-04-02-06-09,2019105287,フォンメイリー,14,0,432.0,43.2,11,-0.8920607795145578,0.046118487582915216,9,0.0,2026-07-31,monthly_walk_forward
2026-08-09,2026-0809-04-02-06-09,2022105495,マーゴットゲイン,1,1,403.0,40.3,10,-0.9317711859684269,0.04357505047273444,10,4030.0,2026-07-31,monthly_walk_forward
2026-08-09,2026-0809-04-02-06-09,2022101557,アスタールフナ,2,0,38.0,3.8,2,-0.9559768592962825,0.04209400015400553,11,0.0,2026-07-31,monthly_walk_forward
2026-08-09,2026-0809-04-02-06-09,2021104839,プレアデスグループ,12,0,473.0,47.3,12,-1.0069218025394968,0.039139286251824605,12,0.0,2026-07-31,monthly_walk_forward
2026-08-09,2026-0809-04-02-06-09,2020105957,ダズリングダンス,11,0,170.0,17.0,7,-1.533168139443556,0.018455201312937847,13,0.0,2026-07-31,monthly_walk_forward
2026-08-09,2026-0809-04-02-06-09,2021106119,タイセイピューマ,15,0,1344.0,134.4,14,-1.9261777180417625,0.010526585289920802,14,0.0,2026-07-31,monthly_walk_forward
2026-08-09,2026-0809-04-02-06-09,2020103575,シュバルツガイスト,8,0,2128.0,212.8,15,-1.952032679562856,0.010144871737603275,15,0.0,2026-07-31,monthly_walk_forward
2026-08-09,2026-0809-04-02-06-10,2023107277,モートンアイランド,1,1,23.0,2.3,2,0.5794476246360215,0.33561066430508907,1,230.0,2026-07-31,monthly_walk_forward
2026-08-09,2026-0809-04-02-06-10,2023107228,ウップヘリーア,2,0,17.0,1.7,1,0.5756277539372608,0.3337842388542227,2,0.0,2026-07-31,monthly_walk_forward
2026-08-09,2026-0809-04-02-06-10,2022103308,ミッドセンチュリー,5,0,107.0,10.7,3,0.1827311189164889,0.19041652043949206,3,0.0,2026-07-31,monthly_walk_forward
2026-08-09,2026-0809-04-02-06-10,2022105365,オプレントジュエル,3,0,115.0,11.5,4,-0.5435734040153147,0.06746682500839261,4,0.0,2026-07-31,monthly_walk_forward
2026-08-09,2026-0809-04-02-06-10,2021101088,テイキットイージー,6,0,459.0,45.9,6,-0.9460699225120867,0.03796409973203666,5,0.0,2026-07-31,monthly_walk_forward
2026-08-09,2026-0809-04-02-06-10,2022105223,イスキオス,7,0,167.0,16.7,5,-1.4008419399849135,0.019825453820943417,6,0.0,2026-07-31,monthly_walk_forward
2026-08-09,2026-0809-04-02-06-10,2022101620,トラストモアリズム,4,0,1301.0,130.1,7,-1.599254733763657,0.014932197839823507,7,0.0,2026-07-31,monthly_walk_forward
2026-08-09,2026-0809-07-02-06-05,2023104876,ペプチドレオン,3,0,26.0,2.6,1,0.4104456563534921,0.3443328104254341,1,0.0,2026-07-31,monthly_walk_forward
2026-08-09,2026-0809-07-02-06-05,2020103314,カレンパンピナップ,15,0,409.0,40.9,9,-0.4104670938847496,0.10657789875677205,2,0.0,2026-07-31,monthly_walk_forward
2026-08-09,2026-0809-07-02-06-05,2023102045,バトルアックス,5,0,28.0,2.8,2,-0.5673874059829828,0.08517468685701948,3,0.0,2026-07-31,monthly_walk_forward
2026-08-09,2026-0809-07-02-06-05,2023101405,カクウチ,9,0,176.0,17.6,6,-0.6086382595998743,0.08030039148275936,4,0.0,2026-07-31,monthly_walk_forward
2026-08-09,2026-0809-07-02-06-05,2023103399,オンザノアール,10,0,85.0,8.5,4,-0.6450678727234906,0.07622825478982415,5,0.0,2026-07-31,monthly_walk_forward
2026-08-09,2026-0809-07-02-06-05,2023105677,ツァレヴナ,13,0,307.0,30.7,7,-0.7345561797667135,0.06708039014798255,6,0.0,2026-07-31,monthly_walk_forward
2026-08-09,2026-0809-07-02-06-05,2023105291,サリカリーフォリア,14,0,526.0,52.6,10,-1.0522301403015668,0.04260926890238388,7,0.0,2026-07-31,monthly_walk_forward
2026-08-09,2026-0809-07-02-06-05,2023106874,ジャスティンルマン,1,1,386.0,38.6,8,-1.0723333522263476,0.041402983162403345,8,3860.0,2026-07-31,monthly_walk_forward
2026-08-09,2026-0809-07-02-06-05,2023103325,リアライズブライト,2,0,158.0,15.8,5,-1.1047057129643663,0.039531851168565495,9,0.0,2026-07-31,monthly_walk_forward
2026-08-09,2026-0809-07-02-06-05,2020102910,ハイクライテリア,7,0,1951.0,195.1,14,-1.3905948979803362,0.026276988237681088,10,0.0,2026-07-31,monthly_walk_forward
2026-08-09,2026-0809-07-02-06-05,2021104242,ショウナンラウール,6,0,743.0,74.3,12,-1.498725652758744,0.022515885389190037,11,0.0,2026-07-31,monthly_walk_forward
2026-08-09,2026-0809-07-02-06-05,2022107248,ルシャリオ,12,0,1208.0,120.8,13,-1.5064403626217993,0.022269099910118103,12,0.0,2026-07-31,monthly_walk_forward
2026-08-09,2026-0809-07-02-06-05,2023102767,ルクスポップスター,11,0,79.0,7.9,3,-1.6533926347849324,0.018052212364327334,13,0.0,2026-07-31,monthly_walk_forward
2026-08-09,2026-0809-07-02-06-05,2021105993,マテンロウミラクル,4,0,681.0,68.1,11,-1.907357492103828,0.012559298491614362,14,0.0,2026-07-31,monthly_walk_forward
2026-08-09,2026-0809-07-02-06-05,2022105689,ヴァリアントマーチ,16,0,4377.0,437.7,16,-2.036077139265548,0.010449729539316142,15,0.0,2026-07-31,monthly_walk_forward
2026-08-09,2026-0809-07-02-06-05,2022100027,ロイヤルテール,8,0,3687.0,368.7,15,-2.604644352452143,0.004638250374608445,16,0.0,2026-07-31,monthly_walk_forward
2026-08-09,2026-0809-07-02-06-06,2023106283,マイバレンタイン,3,0,24.0,2.4,1,0.4840749944628915,0.3298564950572726,1,0.0,2026-07-31,monthly_walk_forward
2026-08-09,2026-0809-07-02-06-06,2023100553,カレントゥルーシー,5,0,38.0,3.8,3,0.13309960781082977,0.19978949493199316,2,0.0,2026-07-31,monthly_walk_forward
2026-08-09,2026-0809-07-02-06-06,2023105380,サトノアイボリー,2,0,48.0,4.8,4,-0.027929092469662357,0.15873295890229885,3,0.0,2026-07-31,monthly_walk_forward
2026-08-09,2026-0809-07-02-06-06,2021105585,カリーニョ,1,1,34.0,3.4,2,-0.054814183476769494,0.1527520492458104,4,340.0,2026-07-31,monthly_walk_forward
2026-08-09,2026-0809-07-02-06-06,2020103647,ダイヤモンドハンズ,4,0,288.0,28.8,6,-0.3851964894011862,0.09528203575993803,5,0.0,2026-07-31,monthly_walk_forward
2026-08-09,2026-0809-07-02-06-06,2019100606,ヤマニンループ,6,0,192.0,19.2,5,-0.7967585634151444,0.052926040190561185,6,0.0,2026-07-31,monthly_walk_forward
2026-08-09,2026-0809-07-02-06-06,2021105867,ショウナンハウル,7,0,1690.0,169.0,7,-1.9183757015692666,0.010660925912125757,7,0.0,2026-07-31,monthly_walk_forward
2026-08-09,2026-0809-07-02-06-07,2022103066,レイピア,2,0,49.0,4.9,2,1.1107175310362012,0.17792574696507044,1,0.0,2026-07-31,monthly_walk_forward
2026-08-09,2026-0809-07-02-06-07,2023103162,タマモイカロス,6,0,142.0,14.2,6,0.6854794350161153,0.09691975005485345,2,0.0,2026-07-31,monthly_walk_forward
2026-08-09,2026-0809-07-02-06-07,2022104933,ディアナザール,9,0,39.0,3.9,1,0.6345481278897833,0.09011839509600231,3,0.0,2026-07-31,monthly_walk_forward
2026-08-09,2026-0809-07-02-06-07,2023107020,サンアントワーヌ,7,0,155.0,15.5,7,0.5788736109111468,0.0832284538398589,4,0.0,2026-07-31,monthly_walk_forward
2026-08-09,2026-0809-07-02-06-07,2021110164,インビンシブルパパ,17,0,84.0,8.4,5,0.5475241852537467,0.07958330931025738,5,0.0,2026-07-31,monthly_walk_forward
2026-08-09,2026-0809-07-02-06-07,2021103932,ジェニファー,5,0,214.0,21.4,9,0.48079826940390924,0.07234755452640661,6,0.0,2026-07-31,monthly_walk_forward
2026-08-09,2026-0809-07-02-06-07,2021101924,フィオライア,13,0,630.0,63.0,14,0.3843289914458613,0.06303363026399748,7,0.0,2026-07-31,monthly_walk_forward
2026-08-09,2026-0809-07-02-06-07,2021101598,アンクルクロス,14,0,80.0,8.0,4,0.3231170973925933,0.05775574556434048,8,0.0,2026-07-31,monthly_walk_forward
2026-08-09,2026-0809-07-02-06-07,2022110026,コウセキ,18,0,157.0,15.7,8,0.267104380738559,0.053314304277160246,9,0.0,2026-07-31,monthly_walk_forward
2026-08-09,2026-0809-07-02-06-07,2021103092,ナムラローズマリー,12,0,338.0,33.8,11,0.23387071453483047,0.05084226526578541,10,0.0,2026-07-31,monthly_walk_forward
2026-08-09,2026-0809-07-02-06-07,2022106394,クラスペディア,11,0,310.0,31.0,10,0.04646894620757724,0.03890065895486425,11,0.0,2026-07-31,monthly_walk_forward
2026-08-09,2026-0809-07-02-06-07,2021105880,レッドエヴァンス,3,0,71.0,7.1,3,0.026840737644697774,0.03782502392709146,12,0.0,2026-07-31,monthly_walk_forward
2026-08-09,2026-0809-07-02-06-07,2021107063,イツモニコニコ,10,0,385.0,38.5,13,-0.21348571371427427,0.026833400270505584,13,0.0,2026-07-31,monthly_walk_forward
2026-08-09,2026-0809-07-02-06-07,2022101623,アブキールベイ,8,0,631.0,63.1,15,-0.2214878390563873,0.026528398021718483,14,0.0,2026-07-31,monthly_walk_forward
2026-08-09,2026-0809-07-02-06-07,2020105400,タマモブラックタイ,16,0,781.0,78.1,16,-0.29325691233197304,0.02394329999752183,15,0.0,2026-07-31,monthly_walk_forward
2026-08-09,2026-0809-07-02-06-07,2020110133,フロムダスク,1,1,351.0,35.1,12,-0.9634345997931194,0.009191616685218229,16,3510.0,2026-07-31,monthly_walk_forward
2026-08-09,2026-0809-07-02-06-07,2019103605,ペプチドヤマト,15,0,2846.0,284.6,18,-1.110438932372101,0.00745053356557029,17,0.0,2026-07-31,monthly_walk_forward
2026-08-09,2026-0809-07-02-06-07,2020103325,プロトポロス,4,0,1381.0,138.1,17,-1.502093425009448,0.0042579134137772125,18,0.0,2026-07-31,monthly_walk_forward
2026-08-09,2026-0809-07-02-06-08,2023107082,リベッチオ,1,1,16.0,1.6,1,0.14811797928701007,0.39980433966208184,1,160.0,2026-07-31,monthly_walk_forward
2026-08-09,2026-0809-07-02-06-08,2023103628,ケイツーリーブル,2,0,54.0,5.4,3,-0.6955347786960768,0.11979201741912746,2,0.0,2026-07-31,monthly_walk_forward
2026-08-09,2026-0809-07-02-06-08,2022110123,クロノスバレット,4,0,73.0,7.3,4,-0.8697517816255292,0.09339853110121434,3,0.0,2026-07-31,monthly_walk_forward
2026-08-09,2026-0809-07-02-06-08,2022102260,ジェシーテソーロ,11,0,413.0,41.3,7,-0.9997854848117577,0.07756475881231172,4,0.0,2026-07-31,monthly_walk_forward
2026-08-09,2026-0809-07-02-06-08,2021106164,キングオブフジ,7,0,347.0,34.7,5,-1.0896363119408234,0.06822116545039246,5,0.0,2026-07-31,monthly_walk_forward
2026-08-09,2026-0809-07-02-06-08,2021103821,ハイディージェン,5,0,750.0,75.0,9,-1.1008885721976933,0.06713330053360295,6,0.0,2026-07-31,monthly_walk_forward
2026-08-09,2026-0809-07-02-06-08,2022105791,ブルックリンダンス,3,0,54.0,5.4,2,-1.2940767593571694,0.05094247620139227,7,0.0,2026-07-31,monthly_walk_forward
2026-08-09,2026-0809-07-02-06-08,2020104561,タイガースパーク,8,0,530.0,53.0,8,-1.3657501148662121,0.04598460058991432,8,0.0,2026-07-31,monthly_walk_forward
2026-08-09,2026-0809-07-02-06-08,2021104295,トモジャザーン,9,0,412.0,41.2,6,-1.4924746000811921,0.038369834530472574,9,0.0,2026-07-31,monthly_walk_forward
2026-08-09,2026-0809-07-02-06-08,2020106101,シュヴァルツリーベ,6,0,790.0,79.0,10,-1.9232000102239055,0.02073762280311075,10,0.0,2026-07-31,monthly_walk_forward
2026-08-09,2026-0809-07-02-06-08,2020106491,メイショウジェンマ,10,0,3256.0,325.6,11,-2.020310270051257,0.018051352896379373,11,0.0,2026-07-31,monthly_walk_forward
2026-08-09,2026-0809-07-02-06-09,2022103255,メイショウソウセキ,1,1,23.0,2.3,1,-0.05746181016870578,0.3288337149754859,1,230.0,2026-07-31,monthly_walk_forward
2026-08-09,2026-0809-07-02-06-09,2019105824,アレナリア,12,0,74.0,7.4,4,-0.22953415395559987,0.2571692847066055,2,0.0,2026-07-31,monthly_walk_forward
2026-08-09,2026-0809-07-02-06-09,2020104005,アナザーエース,6,0,42.0,4.2,2,-0.8501130139661776,0.10597395271591166,3,0.0,2026-07-31,monthly_walk_forward
2026-08-09,2026-0809-07-02-06-09,2022105072,ナヴァラトゥナ,3,0,147.0,14.7,5,-1.2616440065830439,0.058867662539838876,4,0.0,2026-07-31,monthly_walk_forward
2026-08-09,2026-0809-07-02-06-09,2019104675,アップストローク,2,0,47.0,4.7,3,-1.5485315490334597,0.03907381581611986,5,0.0,2026-07-31,monthly_walk_forward
2026-08-09,2026-0809-07-02-06-09,2020102013,オリンポスカズマ,4,0,165.0,16.5,6,-1.5865543087939553,0.03700800876054808,6,0.0,2026-07-31,monthly_walk_forward
2026-08-09,2026-0809-07-02-06-09,2021102336,ヨシノヤッタルデー,7,0,600.0,60.0,9,-1.5982199577431055,0.03639637309477867,7,0.0,2026-07-31,monthly_walk_forward
2026-08-09,2026-0809-07-02-06-09,2022100548,ヴィーデ,13,0,711.0,71.1,11,-1.6030756480250363,0.03614477599458399,8,0.0,2026-07-31,monthly_walk_forward
2026-08-09,2026-0809-07-02-06-09,2021104105,ルクスマーベリック,10,0,557.0,55.7,8,-1.6481621340696713,0.03389010768988823,9,0.0,2026-07-31,monthly_walk_forward
2026-08-09,2026-0809-07-02-06-09,2022106544,ナスノソナタ,5,0,787.0,78.7,12,-1.8783105387470196,0.02439406165761397,10,0.0,2026-07-31,monthly_walk_forward
2026-08-09,2026-0809-07-02-06-09,2022101587,クリアクォーツ,8,0,295.0,29.5,7,-2.152733254799078,0.016482632923369128,11,0.0,2026-07-31,monthly_walk_forward
2026-08-09,2026-0809-07-02-06-09,2020106585,ヴォンヌヴォー,11,0,655.0,65.5,10,-2.304560130238383,0.013268751242970707,12,0.0,2026-07-31,monthly_walk_forward
2026-08-09,2026-0809-07-02-06-09,2023103189,スラッシュ,9,0,1452.0,145.2,13,-2.34651427803581,0.012496857882285483,13,0.0,2026-07-31,monthly_walk_forward
2026-08-09,2026-0809-07-02-06-10,2023102131,ラヴネヴァーダイズ,3,0,25.0,2.5,1,0.04405923529819191,0.22095154267468375,1,0.0,2026-07-31,monthly_walk_forward
2026-08-09,2026-0809-07-02-06-10,2023101810,ヴォンドゥ,5,0,56.0,5.6,3,-0.03503741363294238,0.197343960924432,2,0.0,2026-07-31,monthly_walk_forward
2026-08-09,2026-0809-07-02-06-10,2020104913,グランデスフィーダ,6,0,70.0,7.0,4,-0.40488782455451533,0.11634855507756905,3,0.0,2026-07-31,monthly_walk_forward
2026-08-09,2026-0809-07-02-06-10,2023106284,リーグナイト,10,0,82.0,8.2,5,-0.5043408318616357,0.10093883569179045,4,0.0,2026-07-31,monthly_walk_forward
2026-08-09,2026-0809-07-02-06-10,2023104408,ナウオアネヴァー,14,0,229.0,22.9,6,-0.7452481996401353,0.07154748560875894,5,0.0,2026-07-31,monthly_walk_forward
2026-08-09,2026-0809-07-02-06-10,2022110104,アメリカンビヨンド,2,0,49.0,4.9,2,-0.8431778349730592,0.062206648593377725,6,0.0,2026-07-31,monthly_walk_forward
2026-08-09,2026-0809-07-02-06-10,2023105140,サヨノパララックス,11,0,575.0,57.5,11,-1.1453935496912355,0.040395772939792914,7,0.0,2026-07-31,monthly_walk_forward
2026-08-09,2026-0809-07-02-06-10,2023110062,プールナバドラ,16,0,250.0,25.0,7,-1.3502039045461092,0.030148613279487573,8,0.0,2026-07-31,monthly_walk_forward
2026-08-09,2026-0809-07-02-06-10,2022104944,シュネーグロッケン,8,0,951.0,95.1,13,-1.4291506833230814,0.026933148535509405,9,0.0,2026-07-31,monthly_walk_forward
2026-08-09,2026-0809-07-02-06-10,2022101117,アイファーモービル,9,0,325.0,32.5,8,-1.4782982023759754,0.025107009598585597,10,0.0,2026-07-31,monthly_walk_forward
2026-08-09,2026-0809-07-02-06-10,2021110063,メイプルギャング,13,0,1329.0,132.9,14,-1.5868200261873544,0.021501353726022722,11,0.0,2026-07-31,monthly_walk_forward
2026-08-09,2026-0809-07-02-06-10,2022105077,ワイルドブッター,4,0,2195.0,219.5,15,-1.6673418762356205,0.01916498052770564,12,0.0,2026-07-31,monthly_walk_forward
2026-08-09,2026-0809-07-02-06-10,2022100458,シンギタイ,15,0,428.0,42.8,10,-1.7021619686704075,0.018234979382511576,13,0.0,2026-07-31,monthly_walk_forward
2026-08-09,2026-0809-07-02-06-10,2022104448,ガビーズブラザー,7,0,341.0,34.1,9,-1.728749467810013,0.017555364135851927,14,0.0,2026-07-31,monthly_walk_forward
2026-08-09,2026-0809-07-02-06-10,2022102003,スレッドザニードル,12,0,832.0,83.2,12,-1.789252893201179,0.016101719815641496,15,0.0,2026-07-31,monthly_walk_forward
2026-08-09,2026-0809-07-02-06-10,2022105748,リードプリンシパル,1,1,2620.0,262.0,16,-1.815009163854234,0.015520029488279363,16,26200.0,2026-07-31,monthly_walk_forward
2026-08-09,2026-0809-07-02-06-11,2022105921,アーリントンロウ,4,0,93.0,9.3,4,0.1538340691113557,0.15046673299875976,1,0.0,2026-07-31,monthly_walk_forward
2026-08-09,2026-0809-07-02-06-11,2023107545,ウェルカムソング,11,0,50.0,5.0,2,0.05217221266056505,0.13012698651921167,2,0.0,2026-07-31,monthly_walk_forward
2026-08-09,2026-0809-07-02-06-11,2023101632,マーゴットミスト,15,0,54.0,5.4,3,-0.03812845106118964,0.11437812491487989,3,0.0,2026-07-31,monthly_walk_forward
2026-08-09,2026-0809-07-02-06-11,2023103836,フロムレイブン,2,0,32.0,3.2,1,-0.0615818826118379,0.11060938520403371,4,0.0,2026-07-31,monthly_walk_forward
2026-08-09,2026-0809-07-02-06-11,2022103729,セクシーマージュ,9,0,189.0,18.9,9,-0.11896754484631765,0.1019034121746425,5,0.0,2026-07-31,monthly_walk_forward
2026-08-09,2026-0809-07-02-06-11,2023104358,ヤマニンフェイエル,10,0,120.0,12.0,6,-0.38504239890413894,0.06968035942966867,6,0.0,2026-07-31,monthly_walk_forward
2026-08-09,2026-0809-07-02-06-11,2021103901,マーシーラン,6,0,111.0,11.1,5,-0.43785265587059646,0.06461685348241919,7,0.0,2026-07-31,monthly_walk_forward
2026-08-09,2026-0809-07-02-06-11,2021105862,フェリーニ,13,0,215.0,21.5,10,-0.6401508368863774,0.0483989376998901,8,0.0,2026-07-31,monthly_walk_forward
2026-08-09,2026-0809-07-02-06-11,2023109117,カラクニダケ,17,0,791.0,79.1,13,-0.7624759961093809,0.040638977282912304,9,0.0,2026-07-31,monthly_walk_forward
2026-08-09,2026-0809-07-02-06-11,2022104901,モルティフレーバー,3,0,173.0,17.3,7,-0.8956111803764852,0.03360028393195735,10,0.0,2026-07-31,monthly_walk_forward
2026-08-09,2026-0809-07-02-06-11,2021105484,ベランジェール,5,0,181.0,18.1,8,-0.9579476746277951,0.030737468497222743,11,0.0,2026-07-31,monthly_walk_forward
2026-08-09,2026-0809-07-02-06-11,2022104501,パリコレジェンヌ,1,1,664.0,66.4,11,-0.9750820661849038,0.029994219519710857,12,6640.0,2026-07-31,monthly_walk_forward
2026-08-09,2026-0809-07-02-06-11,2022103750,スピリットライズ,7,0,1047.0,104.7,14,-1.021377569303419,0.028074684067322966,13,0.0,2026-07-31,monthly_walk_forward
2026-08-09,2026-0809-07-02-06-11,2020103261,アウクソー,8,0,1116.0,111.6,15,-1.3724162170727248,0.01700290930268254,14,0.0,2026-07-31,monthly_walk_forward
2026-08-09,2026-0809-07-02-06-11,2022104648,フランクスピード,14,0,772.0,77.2,12,-1.5654076705555138,0.012905871830485728,15,0.0,2026-07-31,monthly_walk_forward
2026-08-09,2026-0809-07-02-06-11,2022102445,トウカイフルーレ,12,0,1625.0,162.5,16,-1.762213608740886,0.009742824332898085,16,0.0,2026-07-31,monthly_walk_forward
2026-08-09,2026-0809-07-02-06-11,2023102479,パレットフレイバー,16,0,2489.0,248.9,17,-1.9815563985303224,0.007121968811301934,17,0.0,2026-07-31,monthly_walk_forward
