race_id,horse_id,horse_name,date,target,actual_rank,umaban,popularity,odds,racecourse,surface,distance,field_size,career_races,career_wins,career_win_rate,career_places,career_place_rate,recent3_win_rate,recent3_place_rate,recent5_win_rate,recent5_place_rate,races_last_180d,races_last_365d,last1_finish,last2_finish,last3_finish,last1_margin,last2_margin,last3_margin,best_margin_last3,mean_margin_last3,weighted_margin_last3,last1_winner_strength,last2_winner_strength,last3_winner_strength,last1_field_strength,last2_field_strength,last3_field_strength,margin_x_winner_strength,margin_x_field_strength,last1_distance,last2_distance,last3_distance,current_distance,last1_winner_strength_v2,last2_winner_strength_v2,last3_winner_strength_v2,last1_field_strength_v2,last2_field_strength_v2,last3_field_strength_v2,last1_margin_x_winner_strength_v2,last2_margin_x_winner_strength_v2,last3_margin_x_winner_strength_v2,max_winner_strength_last3,mean_winner_strength_last3,weighted_winner_strength_last3,best_strong_opponent_performance_last3,last1_field_max_strength_v2,last2_field_max_strength_v2,last3_field_max_strength_v2,last1_field_top3_mean_strength_v2,last2_field_top3_mean_strength_v2,last3_field_top3_mean_strength_v2,opponent_history_missing_last3,last1_winner_max_race_class_before_target,last2_winner_max_race_class_before_target,last3_winner_max_race_class_before_target,last1_winner_best_win_class_before_target,last2_winner_best_win_class_before_target,last3_winner_best_win_class_before_target,last1_winner_max_prize_before_target,last2_winner_max_prize_before_target,last3_winner_max_prize_before_target,last1_winner_mean_prize_before_target,last2_winner_mean_prize_before_target,last3_winner_mean_prize_before_target,last1_raw_performance,last2_raw_performance,last3_raw_performance,last1_position_advantage,last2_position_advantage,last3_position_advantage,last1_adjusted_performance,last2_adjusted_performance,last3_adjusted_performance,best_adjusted_performance_last3,mean_adjusted_performance_last3,weighted_adjusted_performance_last3,hidden_strength_last1,hidden_strength_last2,hidden_strength_last3,max_hidden_strength_last3,max_strong_against_bias_last3,strong_against_bias_last1,strong_against_bias_last2,strong_against_bias_last3,race_position_bias_last1,race_position_bias_last2,race_position_bias_last3,setup_improvement,hidden_strength_x_race_strength,course_first_corner_distance_m,course_elevation_difference_m,course_final_straight_m,course_start_uphill,course_start_downhill,course_final_uphill,course_final_downhill,course_final_steep_hill,course_rolling_terrain,course_mostly_flat,course_gentle_corners,course_tight_corners,course_up_down_transition_sentence_count,course_geometry_fit,horse_expected_position,position_stability,frontness_mean,frontness_std,front_density,forward_density,mid_density,rear_density,expected_front_count,expected_position_mean,expected_position_std,gate_position_pct,gate_x_expected_position,race_class_label,race_class_score,current_race_class_score,last1_race_class_score,last2_race_class_score,last3_race_class_score,max_race_class_last3,mean_race_class_last3,weighted_race_class_last3,last1_margin_x_race_class,last2_margin_x_race_class,last3_margin_x_race_class,last1_race_class,last2_race_class,last3_race_class,race_sex_condition,race_age_condition,is_filly_mare_only,is_2yo_only,is_3yo_only,last1_sex_condition,last2_sex_condition,last3_sex_condition,last1_is_filly_mare_only,last2_is_filly_mare_only,last3_is_filly_mare_only,last1_age_condition,last2_age_condition,last3_age_condition,race_class_change,female_only_to_open,open_to_female_only,age_condition_change,race_first_prize,race_second_prize,race_third_prize,race_total_top5_prize,race_first_prize_log,race_total_top5_prize_log,last1_race_first_prize,last2_race_first_prize,last3_race_first_prize,last1_race_first_prize_log,last2_race_first_prize_log,last3_race_first_prize_log,max_race_prize_last3,mean_race_prize_last3,weighted_race_prize_last3,prize_change_from_last1,prize_change_from_last3_mean,prize_ratio_vs_last1,prize_ratio_vs_last3_mean,last1_margin_x_prize_strength,last2_margin_x_prize_strength,last3_margin_x_prize_strength,grade_code,condition_code,last1_class,last2_class,last3_class,win_payout,place_payout,predicted_probability,prediction_rank,prediction_reason,reason_code,is_win,is_place,ai_vs_favorite
2026-0704-02-01-07-01,2024106810,テイクケア,2026-07-04,0,5,1,7,462.0,函館,芝,1200,9,1,0,0.0,0,0.0,0.0,0.0,0.0,0.0,1,1,5,0,0,9.0,0.0,0.0,9.0,9.0,4.5,0.0,0.0,0.0,0.0,0.0,0.0,0.0,0.0,1000,0,0,1200,0.1833333373069763,0.0,0.0,0.1140476167201995,0.0,0.0,1.649999976158142,0.0,0.0,0.1833333373069763,0.1833333373069763,0.0916666686534881,-8.816666603088379,0.1833333373069763,0.0,0.0,0.1438888907432556,0.0,0.0,0,0,0,0,0,0,0,7800000.0,0.0,0.0,7800000.0,0.0,0.0,0.3301742672920227,0.0,0.0,0.0,0.0,0.0,0.3301742672920227,0.0,0.0,0.3301742672920227,0.3301742672920227,0.1650871336460113,0.0,0.0,0.0,0.0,-0.0,-0.0,0.0,0.0,0.0,0.0,0.0,-0.0,0.0,490.0,3.5,262.1000061035156,1,0,0,1,0,1,0,1,0,0,0.0,0.5,0.0,0.5,0.0,0.0,1.0,1.0,0.0,0,0.5,0.0,0.1111111119389534,0.0555555559694767,UNKNOWN,0,0,0,0,0,0,0.0,0.0,0.0,0.0,0.0,UNKNOWN,UNKNOWN,UNKNOWN,OPEN_SEX,UNKNOWN,0,0,0,OPEN_SEX,UNKNOWN,UNKNOWN,0,0,0,UNKNOWN,UNKNOWN,UNKNOWN,0,0,0,0,5900000.0,2400000.0,1500000.0,11280000.0,15.590462684631348,16.238542556762695,7800000.0,0.0,0.0,15.869634628295898,0.0,0.0,7800000.0,7800000.0,3900000.0,-1900000.0,-1900000.0,0.7564102411270142,0.7564102411270142,142.8267059326172,0.0,0.0,unknown,11,grade:unknown|condition:11,unknown,unknown,0.0,0.0,0.0871232333218022,5,DataFrame cached LightGBM F,F_CACHED,0,0,0
2026-0704-02-01-07-01,2024100255,アルテクィーン,2026-07-04,0,2,2,1,18.0,函館,芝,1200,9,1,0,0.0,1,1.0,0.0,1.0,0.0,1.0,1,1,2,0,0,3.0,0.0,0.0,3.0,3.0,1.5,0.0,0.0,0.0,0.0,0.0,0.0,0.0,0.0,1200,0,0,1200,0.1833333373069763,0.0,0.0,0.1103769838809967,0.0,0.0,0.550000011920929,0.0,0.0,0.1833333373069763,0.1833333373069763,0.0916666686534881,-2.816666603088379,0.1833333373069763,0.0,0.0,0.1610317528247833,0.0,0.0,0,0,0,0,0,0,0,7800000.0,0.0,0.0,7800000.0,0.0,0.0,0.5422475337982178,0.0,0.0,0.0,0.0,0.0,0.5422475337982178,0.0,0.0,0.5422475337982178,0.5422475337982178,0.2711237668991089,0.0,0.0,0.0,0.0,-0.0,-0.0,0.0,0.0,0.0,0.0,0.0,-0.0,0.0,490.0,3.5,262.1000061035156,1,0,0,1,0,1,0,1,0,0,0.5422475337982178,0.5,0.0,0.5,0.0,0.0,1.0,1.0,0.0,0,0.5,0.0,0.2222222238779068,0.1111111119389534,UNKNOWN,0,0,0,0,0,0,0.0,0.0,0.0,0.0,0.0,UNKNOWN,UNKNOWN,UNKNOWN,OPEN_SEX,UNKNOWN,0,0,0,OPEN_SEX,UNKNOWN,UNKNOWN,0,0,0,UNKNOWN,UNKNOWN,UNKNOWN,0,0,0,0,5900000.0,2400000.0,1500000.0,11280000.0,15.590462684631348,16.238542556762695,7800000.0,0.0,0.0,15.869634628295898,0.0,0.0,7800000.0,7800000.0,3900000.0,-1900000.0,-1900000.0,0.7564102411270142,0.7564102411270142,47.60890197753906,0.0,0.0,unknown,11,grade:unknown|condition:11,unknown,unknown,0.0,110.0,0.3408366370677711,1,DataFrame cached LightGBM F,F_CACHED,0,1,0
2026-0704-02-01-07-01,2024103505,ヌーンベルク,2026-07-04,0,4,3,2,28.0,函館,芝,1200,9,1,0,0.0,1,1.0,0.0,1.0,0.0,1.0,1,1,3,0,0,1.0,0.0,0.0,1.0,1.0,0.5,0.0,0.0,0.0,0.0,0.0,0.0,0.0,0.0,1200,0,0,1200,0.1833333373069763,0.0,0.0,0.1122916638851165,0.0,0.0,0.1833333373069763,0.0,0.0,0.1833333373069763,0.1833333373069763,0.0916666686534881,-0.8166666626930237,0.1833333373069763,0.0,0.0,0.1466666609048843,0.0,0.0,0,0,0,0,0,0,0,7800000.0,0.0,0.0,7800000.0,0.0,0.0,0.5915623903274536,0.0,0.0,0.0,0.0,0.0,0.5915623903274536,0.0,0.0,0.5915623903274536,0.5915623903274536,0.2957811951637268,0.0,0.0,0.0,0.0,-0.0,-0.0,0.0,0.0,0.0,0.0,0.0,-0.0,0.0,490.0,3.5,262.1000061035156,1,0,0,1,0,1,0,1,0,0,0.5915623903274536,0.5,0.0,0.5,0.0,0.0,1.0,1.0,0.0,0,0.5,0.0,0.3333333432674408,0.1666666716337204,UNKNOWN,0,0,0,0,0,0,0.0,0.0,0.0,0.0,0.0,UNKNOWN,UNKNOWN,UNKNOWN,OPEN_SEX,UNKNOWN,0,0,0,OPEN_SEX,UNKNOWN,UNKNOWN,0,0,0,UNKNOWN,UNKNOWN,UNKNOWN,0,0,0,0,5900000.0,2400000.0,1500000.0,11280000.0,15.590462684631348,16.238542556762695,7800000.0,0.0,0.0,15.869634628295898,0.0,0.0,7800000.0,7800000.0,3900000.0,-1900000.0,-1900000.0,0.7564102411270142,0.7564102411270142,15.869634628295898,0.0,0.0,unknown,11,grade:unknown|condition:11,unknown,unknown,0.0,0.0,0.2568490430166848,2,DataFrame cached LightGBM F,F_CACHED,0,0,0
2026-0704-02-01-07-01,2024107000,イチゴワタアメ,2026-07-04,0,8,4,5,303.0,函館,芝,1200,9,1,0,0.0,0,0.0,0.0,0.0,0.0,0.0,1,1,7,0,0,33.0,0.0,0.0,33.0,33.0,16.5,0.0,0.0,0.0,0.0,0.0,0.0,0.0,0.0,1000,0,0,1200,0.1833333373069763,0.0,0.0,0.1066666692495346,0.0,0.0,6.050000190734863,0.0,0.0,0.1833333373069763,0.1833333373069763,0.0916666686534881,-32.81666564941406,0.1833333373069763,0.0,0.0,0.1466666609048843,0.0,0.0,0,0,0,0,0,0,0,7800000.0,0.0,0.0,7800000.0,0.0,0.0,0.3186963498592376,0.0,0.0,0.0,0.0,0.0,0.3186963498592376,0.0,0.0,0.3186963498592376,0.3186963498592376,0.1593481749296188,0.0,0.0,0.0,0.0,-0.0,-0.0,0.0,0.0,0.0,0.0,0.0,-0.0,0.0,490.0,3.5,262.1000061035156,1,0,0,1,0,1,0,1,0,0,0.0,0.5,0.0,0.5,0.0,0.0,1.0,1.0,0.0,0,0.5,0.0,0.4444444477558136,0.2222222238779068,UNKNOWN,0,0,0,0,0,0,0.0,0.0,0.0,0.0,0.0,UNKNOWN,UNKNOWN,UNKNOWN,OPEN_SEX,UNKNOWN,0,0,0,OPEN_SEX,UNKNOWN,UNKNOWN,0,0,0,UNKNOWN,UNKNOWN,UNKNOWN,0,0,0,0,5900000.0,2400000.0,1500000.0,11280000.0,15.590462684631348,16.238542556762695,7800000.0,0.0,0.0,15.869634628295898,0.0,0.0,7800000.0,7800000.0,3900000.0,-1900000.0,-1900000.0,0.7564102411270142,0.7564102411270142,523.6979370117188,0.0,0.0,unknown,11,grade:unknown|condition:11,unknown,unknown,0.0,0.0,0.02905569539031,9,DataFrame cached LightGBM F,F_CACHED,0,0,0
2026-0704-02-01-07-01,2024106857,トーセンルルド,2026-07-04,0,3,5,4,100.0,函館,芝,1200,9,1,0,0.0,0,0.0,0.0,0.0,0.0,0.0,1,1,5,0,0,9.0,0.0,0.0,9.0,9.0,4.5,0.0,0.0,0.0,0.0,0.0,0.0,0.0,0.0,1200,0,0,1200,0.1833333373069763,0.0,0.0,0.1081666648387909,0.0,0.0,1.649999976158142,0.0,0.0,0.1833333373069763,0.1833333373069763,0.0916666686534881,-8.816666603088379,0.1833333373069763,0.0,0.0,0.1466666609048843,0.0,0.0,0,0,0,0,0,0,0,7800000.0,0.0,0.0,7800000.0,0.0,0.0,0.3809679448604584,0.0,0.0,0.0,0.0,0.0,0.3809679448604584,0.0,0.0,0.3809679448604584,0.3809679448604584,0.1904839724302292,0.0,0.0,0.0,0.0,-0.0,-0.0,0.0,0.0,0.0,0.0,0.0,-0.0,0.0,490.0,3.5,262.1000061035156,1,0,0,1,0,1,0,1,0,0,0.3809679448604584,0.5,0.0,0.5,0.0,0.0,1.0,1.0,0.0,0,0.5,0.0,0.5555555820465088,0.2777777910232544,UNKNOWN,0,0,0,0,0,0,0.0,0.0,0.0,0.0,0.0,UNKNOWN,UNKNOWN,UNKNOWN,OPEN_SEX,UNKNOWN,0,0,0,OPEN_SEX,UNKNOWN,UNKNOWN,0,0,0,UNKNOWN,UNKNOWN,UNKNOWN,0,0,0,0,5900000.0,2400000.0,1500000.0,11280000.0,15.590462684631348,16.238542556762695,7800000.0,0.0,0.0,15.869634628295898,0.0,0.0,7800000.0,7800000.0,3900000.0,-1900000.0,-1900000.0,0.7564102411270142,0.7564102411270142,142.8267059326172,0.0,0.0,unknown,11,grade:unknown|condition:11,unknown,unknown,0.0,200.0,0.0921060625204631,4,DataFrame cached LightGBM F,F_CACHED,0,1,0
2026-0704-02-01-07-01,2024106919,アズライトティアラ,2026-07-04,0,7,6,6,335.0,函館,芝,1200,9,1,0,0.0,0,0.0,0.0,0.0,0.0,0.0,1,1,4,0,0,16.0,0.0,0.0,16.0,16.0,8.0,0.0,0.0,0.0,0.0,0.0,0.0,0.0,0.0,1200,0,0,1200,0.1833333373069763,0.0,0.0,0.1191666647791862,0.0,0.0,2.933333396911621,0.0,0.0,0.1833333373069763,0.1833333373069763,0.0916666686534881,-15.81666660308838,0.1833333373069763,0.0,0.0,0.1466666609048843,0.0,0.0,0,0,0,0,0,0,0,7800000.0,0.0,0.0,7800000.0,0.0,0.0,0.31869637966156,0.0,0.0,0.0,0.0,0.0,0.31869637966156,0.0,0.0,0.31869637966156,0.31869637966156,0.15934818983078,0.0,0.0,0.0,0.0,-0.0,-0.0,0.0,0.0,0.0,0.0,0.0,-0.0,0.0,490.0,3.5,262.1000061035156,1,0,0,1,0,1,0,1,0,0,0.31869637966156,0.5,0.0,0.5,0.0,0.0,1.0,1.0,0.0,0,0.5,0.0,0.6666666865348816,0.3333333432674408,UNKNOWN,0,0,0,0,0,0,0.0,0.0,0.0,0.0,0.0,UNKNOWN,UNKNOWN,UNKNOWN,OPEN_SEX,UNKNOWN,0,0,0,OPEN_SEX,UNKNOWN,UNKNOWN,0,0,0,UNKNOWN,UNKNOWN,UNKNOWN,0,0,0,0,5900000.0,2400000.0,1500000.0,11280000.0,15.590462684631348,16.238542556762695,7800000.0,0.0,0.0,15.869634628295898,0.0,0.0,7800000.0,7800000.0,3900000.0,-1900000.0,-1900000.0,0.7564102411270142,0.7564102411270142,253.9141540527344,0.0,0.0,unknown,11,grade:unknown|condition:11,unknown,unknown,0.0,0.0,0.0555410339580578,6,DataFrame cached LightGBM F,F_CACHED,0,0,0
2026-0704-02-01-07-01,2024106248,ショウナンカノア,2026-07-04,1,1,7,3,70.0,函館,芝,1200,9,1,0,0.0,0,0.0,0.0,0.0,0.0,0.0,1,1,6,0,0,7.0,0.0,0.0,7.0,7.0,3.5,0.0,0.0,0.0,0.0,0.0,0.0,0.0,0.0,1200,0,0,1200,0.1833333373069763,0.0,0.0,0.1103769838809967,0.0,0.0,1.2833333015441897,0.0,0.0,0.1833333373069763,0.1833333373069763,0.0916666686534881,-6.816666603088379,0.1833333373069763,0.0,0.0,0.1610317528247833,0.0,0.0,0,0,0,0,0,0,0,7800000.0,0.0,0.0,7800000.0,0.0,0.0,0.3772429227828979,0.0,0.0,0.0,0.0,0.0,0.3772429227828979,0.0,0.0,0.3772429227828979,0.3772429227828979,0.1886214613914489,0.0,0.0,0.0,0.0,-0.0,-0.0,0.0,0.0,0.0,0.0,0.0,-0.0,0.0,490.0,3.5,262.1000061035156,1,0,0,1,0,1,0,1,0,0,0.3772429227828979,0.5,0.0,0.5,0.0,0.0,1.0,1.0,0.0,0,0.5,0.0,0.7777777910232544,0.3888888955116272,UNKNOWN,0,0,0,0,0,0,0.0,0.0,0.0,0.0,0.0,UNKNOWN,UNKNOWN,UNKNOWN,OPEN_SEX,UNKNOWN,0,0,0,OPEN_SEX,UNKNOWN,UNKNOWN,0,0,0,UNKNOWN,UNKNOWN,UNKNOWN,0,0,0,0,5900000.0,2400000.0,1500000.0,11280000.0,15.590462684631348,16.238542556762695,7800000.0,0.0,0.0,15.869634628295898,0.0,0.0,7800000.0,7800000.0,3900000.0,-1900000.0,-1900000.0,0.7564102411270142,0.7564102411270142,111.08744049072266,0.0,0.0,unknown,11,grade:unknown|condition:11,unknown,unknown,700.0,160.0,0.1090535656563342,3,DataFrame cached LightGBM F,F_CACHED,1,1,0
2026-0704-02-01-07-01,2024104503,ゴートゥービッツン,2026-07-04,0,6,8,9,1241.0,函館,芝,1200,9,1,0,0.0,0,0.0,0.0,0.0,0.0,0.0,1,1,7,0,0,12.0,0.0,0.0,12.0,12.0,6.0,0.0,0.0,0.0,0.0,0.0,0.0,0.0,0.0,1200,0,0,1200,0.1833333373069763,0.0,0.0,0.1081666648387909,0.0,0.0,2.200000047683716,0.0,0.0,0.1833333373069763,0.1833333373069763,0.0916666686534881,-11.81666660308838,0.1833333373069763,0.0,0.0,0.1466666609048843,0.0,0.0,0,0,0,0,0,0,0,7800000.0,0.0,0.0,7800000.0,0.0,0.0,0.2920321226119995,0.0,0.0,0.0,0.0,0.0,0.2920321226119995,0.0,0.0,0.2920321226119995,0.2920321226119995,0.1460160613059997,0.0,0.0,0.0,0.0,-0.0,-0.0,0.0,0.0,0.0,0.0,0.0,-0.0,0.0,490.0,3.5,262.1000061035156,1,0,0,1,0,1,0,1,0,0,0.2920321226119995,0.5,0.0,0.5,0.0,0.0,1.0,1.0,0.0,0,0.5,0.0,0.8888888955116272,0.4444444477558136,UNKNOWN,0,0,0,0,0,0,0.0,0.0,0.0,0.0,0.0,UNKNOWN,UNKNOWN,UNKNOWN,OPEN_SEX,UNKNOWN,0,0,0,OPEN_SEX,UNKNOWN,UNKNOWN,0,0,0,UNKNOWN,UNKNOWN,UNKNOWN,0,0,0,0,5900000.0,2400000.0,1500000.0,11280000.0,15.590462684631348,16.238542556762695,7800000.0,0.0,0.0,15.869634628295898,0.0,0.0,7800000.0,7800000.0,3900000.0,-1900000.0,-1900000.0,0.7564102411270142,0.7564102411270142,190.43560791015625,0.0,0.0,unknown,11,grade:unknown|condition:11,unknown,unknown,0.0,0.0,0.0350554398015697,7,DataFrame cached LightGBM F,F_CACHED,0,0,0
2026-0704-02-01-07-01,2024107158,アイシテルヨナオミ,2026-07-04,0,9,9,8,1079.0,函館,芝,1200,9,1,0,0.0,0,0.0,0.0,0.0,0.0,0.0,1,1,7,0,0,13.0,0.0,0.0,13.0,13.0,6.5,0.0,0.0,0.0,0.0,0.0,0.0,0.0,0.0,1000,0,0,1200,0.1833333373069763,0.0,0.0,0.1140476167201995,0.0,0.0,2.383333444595337,0.0,0.0,0.1833333373069763,0.1833333373069763,0.0916666686534881,-12.81666660308838,0.1833333373069763,0.0,0.0,0.1438888907432556,0.0,0.0,0,0,0,0,0,0,0,7800000.0,0.0,0.0,7800000.0,0.0,0.0,0.2158401012420654,0.0,0.0,0.0,0.0,0.0,0.2158401012420654,0.0,0.0,0.2158401012420654,0.2158401012420654,0.1079200506210327,0.0,0.0,0.0,0.0,-0.0,-0.0,0.0,0.0,0.0,0.0,0.0,-0.0,0.0,490.0,3.5,262.1000061035156,1,0,0,1,0,1,0,1,0,0,0.0,0.5,0.0,0.5,0.0,0.0,1.0,1.0,0.0,0,0.5,0.0,1.0,0.5,UNKNOWN,0,0,0,0,0,0,0.0,0.0,0.0,0.0,0.0,UNKNOWN,UNKNOWN,UNKNOWN,OPEN_SEX,UNKNOWN,0,0,0,OPEN_SEX,UNKNOWN,UNKNOWN,0,0,0,UNKNOWN,UNKNOWN,UNKNOWN,0,0,0,0,5900000.0,2400000.0,1500000.0,11280000.0,15.590462684631348,16.238542556762695,7800000.0,0.0,0.0,15.869634628295898,0.0,0.0,7800000.0,7800000.0,3900000.0,-1900000.0,-1900000.0,0.7564102411270142,0.7564102411270142,206.3052520751953,0.0,0.0,unknown,11,grade:unknown|condition:11,unknown,unknown,0.0,0.0,0.0295325285979527,8,DataFrame cached LightGBM F,F_CACHED,0,0,0
2026-0704-02-01-07-02,2023106148,ヒメヒオウギ,2026-07-04,0,4,1,5,106.0,函館,芝,1800,16,8,0,0.0,1,0.125,0.0,0.0,0.0,0.0,5,8,4,6,5,3.0,4.0,6.0,3.0,4.333333492279053,3.900000095367432,0.0,0.0,0.0,0.0,0.0,0.0,0.0,0.0,2000,2000,2000,1800,0.1983333379030227,0.2057142853736877,0.1745454519987106,0.1272549927234649,0.1208523511886596,0.103654533624649,0.5950000286102295,0.822857141494751,1.0472726821899414,0.2057142853736877,0.1928643584251403,0.1957900375127792,-2.801666736602783,0.290909081697464,0.2181818187236786,0.184166669845581,0.2309379577636718,0.2026875913143158,0.1766077429056167,0,0,0,0,0,0,0,11400000.0,7500000.0,8200000.0,6757143.0,6700000.0,6500000.0,0.4899342358112335,0.4203737378120422,0.4502294659614563,0.1333333402872085,0.2571428716182709,-0.045833334326744,0.4878707230091095,0.3977206945419311,0.453523725271225,0.4878707230091095,0.4463717043399811,0.4539563059806824,-0.0020634920801967,-0.0226530618965625,0.0032942707184702,0.0032942707184702,0.0131770828738808,-0.0082539683207869,-0.0906122475862503,0.0131770828738808,0.0619047619402408,0.3523809611797333,0.2874999940395355,-0.1333333402872085,-0.0020160353742539,275.0,3.5,262.1000061035156,0,1,0,1,0,1,0,1,0,0,0.0,0.5590476393699646,0.1383609920740127,0.5590476393699646,0.1383609920740127,0.0,0.5625,1.0,0.0,0,0.5026260614395142,0.0892724245786666,0.0625,0.0349404774606227,UNKNOWN,0,0,0,0,0,0,0.0,0.0,0.0,0.0,0.0,UNKNOWN,UNKNOWN,UNKNOWN,OPEN_SEX,UNKNOWN,0,0,0,OPEN_SEX,OPEN_SEX,OPEN_SEX,0,0,0,UNKNOWN,UNKNOWN,UNKNOWN,0,0,0,0,5800000.0,2300000.0,1500000.0,11050000.0,15.573369026184082,16.217941284179688,5800000.0,5900000.0,5900000.0,15.573369026184082,15.590462684631348,15.590462684631348,5900000.0,5866666.5,5850000.0,0.0,-66666.6640625,1.0,0.9886363744735718,46.7201042175293,62.36185073852539,93.54277801513672,unknown,12,grade:unknown|condition:12,grade:unknown|condition:12,grade:unknown|condition:12,0.0,0.0,0.1140943331026404,4,DataFrame cached LightGBM F,F_CACHED,0,0,0
2026-0704-02-01-07-02,2023101812,デイズインザサン,2026-07-04,0,13,2,11,823.0,函館,芝,1800,16,3,0,0.0,0,0.0,0.0,0.0,0.0,0.0,3,3,5,9,11,9.0,10.0,13.0,9.0,10.666666984558104,10.100000381469728,0.0,0.0,0.0,0.0,0.0,0.0,0.0,0.0,2000,1800,1800,1800,0.1983333379030227,0.1949999928474426,0.1628571450710296,0.0998126119375228,0.097595177590847,0.1156605705618858,1.784999966621399,1.950000047683716,2.117142915725708,0.1983333379030227,0.1853968203067779,0.1902380883693695,-8.801666259765625,0.1983333379030227,0.1949999928474426,0.2327272742986679,0.1595940142869949,0.1679166704416275,0.2074170261621475,0,0,6,6,0,0,0,7500000.0,41000000.0,38000000.0,6028571.5,17600000.0,10088889.0,0.4491163790225982,0.3559227883815765,0.2892388701438904,-0.4416666626930237,0.0,0.0,0.4322471618652344,0.3559227883815765,0.2892388701438904,0.4322471618652344,0.3591362833976745,0.3807481825351715,-0.0168692134320735,0.0,0.0,0.0,-0.0,-0.0674768537282943,-0.0,-0.0,-0.1527777761220932,0.0,0.0,0.4416666626930237,-0.0164812505245208,275.0,3.5,262.1000061035156,0,1,0,1,0,1,0,1,0,0,0.0,0.3555555641651153,0.204275295138359,0.3555555641651153,0.204275295138359,0.0,0.5625,1.0,0.0,0,0.5026260614395142,0.0892724245786666,0.125,0.0444444455206394,UNKNOWN,0,0,0,0,0,0,0.0,0.0,0.0,0.0,0.0,UNKNOWN,UNKNOWN,UNKNOWN,OPEN_SEX,UNKNOWN,0,0,0,OPEN_SEX,OPEN_SEX,OPEN_SEX,0,0,0,UNKNOWN,UNKNOWN,UNKNOWN,0,0,0,0,5800000.0,2300000.0,1500000.0,11050000.0,15.573369026184082,16.217941284179688,5800000.0,5900000.0,5900000.0,15.573369026184082,15.590462684631348,15.590462684631348,5900000.0,5866666.5,5850000.0,0.0,-66666.6640625,1.0,0.9886363744735718,140.1603240966797,155.90463256835938,202.676025390625,unknown,12,grade:unknown|condition:12,grade:unknown|condition:12,grade:unknown|condition:12,0.0,0.0,0.0399772656008369,11,DataFrame cached LightGBM F,F_CACHED,0,0,0
2026-0704-02-01-07-02,2023106438,トリニタリオ,2026-07-04,0,2,3,1,21.0,函館,芝,1800,16,7,0,0.0,3,0.4285714328289032,0.0,0.6666666865348816,0.0,0.6000000238418579,5,7,2,2,5,0.0,1.0,6.0,0.0,2.3333332538604736,1.5,0.0,0.0,0.0,0.0,0.0,0.0,0.0,0.0,1800,1800,2000,1800,0.1800000071525573,0.1555555611848831,0.1866666674613952,0.1176336631178855,0.1012402698397636,0.1180052161216735,0.0,0.1555555611848831,1.1200000047683716,0.1866666674613952,0.1740740686655044,0.1739999949932098,0.1800000071525573,0.2549999952316284,0.1661538481712341,0.2133333384990692,0.1969444453716278,0.1591809093952179,0.2033333331346511,0,0,0,7,0,0,0,8200000.0,8200000.0,54000000.0,6660000.0,6625000.0,18650000.0,0.9290670156478882,0.676389753818512,0.4502294659614563,0.058333333581686,0.0,-0.3958333432674408,0.9252996444702148,0.676389753818512,0.4462436437606811,0.9252996444702148,0.6826443672180176,0.7548154592514038,-0.0037673611659556,0.0,-0.0039858217351138,0.0,-0.0,-0.0150694446638226,-0.0,-0.0159432869404554,0.2583333253860473,0.0,-0.0402777791023254,-0.058333333581686,-0.0036116500850766,275.0,3.5,262.1000061035156,0,1,0,1,0,1,0,1,0,0,0.9252996444702148,0.4231372475624084,0.1571976840496063,0.4231372475624084,0.1571976840496063,0.0,0.5625,1.0,0.0,0,0.5026260614395142,0.0892724245786666,0.1875,0.0793382376432418,UNKNOWN,0,0,0,0,0,0,0.0,0.0,0.0,0.0,0.0,UNKNOWN,UNKNOWN,UNKNOWN,OPEN_SEX,UNKNOWN,0,0,0,OPEN_SEX,OPEN_SEX,OPEN_SEX,0,0,0,UNKNOWN,UNKNOWN,UNKNOWN,0,0,0,0,5800000.0,2300000.0,1500000.0,11050000.0,15.573369026184082,16.217941284179688,5800000.0,5900000.0,5900000.0,15.573369026184082,15.590462684631348,15.590462684631348,5900000.0,5866666.5,5850000.0,0.0,-66666.6640625,1.0,0.9886363744735718,0.0,15.590462684631348,93.54277801513672,unknown,12,grade:unknown|condition:12,grade:unknown|condition:12,grade:unknown|condition:12,0.0,110.0,0.2623022935687993,1,DataFrame cached LightGBM F,F_CACHED,0,1,0
2026-0704-02-01-07-02,2023101598,ホウショウリュウ,2026-07-04,0,10,4,15,1957.0,函館,芝,1800,16,4,0,0.0,0,0.0,0.0,0.0,0.0,0.0,1,4,11,16,8,7.0,66.0,22.0,7.0,31.66666603088379,27.700000762939453,0.0,0.0,0.0,0.0,0.0,0.0,0.0,0.0,1800,1800,1800,1800,0.1800000071525573,0.3461538553237915,0.2975000143051147,0.1176336631178855,0.1168378740549087,0.1345152556896209,1.2599999904632568,22.846153259277344,6.545000076293945,0.3461538553237915,0.2745512723922729,0.2533461451530456,-6.820000171661377,0.2549999952316284,0.3461538553237915,0.2975000143051147,0.1969444453716278,0.2435664385557174,0.2619949579238891,0,0,0,0,0,0,0,8200000.0,8200000.0,8200000.0,6660000.0,6812500.0,7357143.0,0.2894317805767059,0.1553827673196792,0.3687161207199096,-0.1416666656732559,-0.1333333402872085,-0.125,0.298581063747406,0.1524198055267334,0.373143196105957,0.373143196105957,0.2747146785259247,0.2696451246738434,0.0091493055224418,-0.002962962957099,0.0044270833022892,0.0091493055224418,0.0365972220897674,0.0365972220897674,-0.0118518518283963,0.0177083332091569,0.2583333253860473,-0.0888888910412788,0.1416666656732559,0.1416666656732559,0.0087711503729224,275.0,3.5,262.1000061035156,0,1,0,1,0,1,0,1,0,0,0.298581063747406,0.4250000119209289,0.0433012694120407,0.4250000119209289,0.0433012694120407,0.0,0.5625,1.0,0.0,0,0.5026260614395142,0.0892724245786666,0.25,0.1062500029802322,UNKNOWN,0,0,0,0,0,0,0.0,0.0,0.0,0.0,0.0,UNKNOWN,UNKNOWN,UNKNOWN,OPEN_SEX,UNKNOWN,0,0,0,OPEN_SEX,OPEN_SEX,OPEN_SEX,0,0,0,UNKNOWN,UNKNOWN,UNKNOWN,0,0,0,0,5800000.0,2300000.0,1500000.0,11050000.0,15.573369026184082,16.217941284179688,5800000.0,5600000.0,5600000.0,15.573369026184082,15.538277626037598,15.538277626037598,5800000.0,5666666.5,5700000.0,0.0,133333.328125,1.0,1.0235294103622437,109.01358032226562,1025.5262451171875,341.84210205078125,unknown,12,grade:unknown|condition:12,grade:unknown|condition:11,grade:unknown|condition:11,0.0,0.0,0.0135326438850142,16,DataFrame cached LightGBM F,F_CACHED,0,0,0
2026-0704-02-01-07-02,2023104216,コワンニシタガウ,2026-07-04,0,3,5,2,48.0,函館,芝,1800,16,4,0,0.0,0,0.0,0.0,0.0,0.0,0.0,4,4,7,5,4,3.0,5.0,8.0,3.0,5.333333492279053,4.599999904632568,0.0,0.0,0.0,0.0,0.0,0.0,0.0,0.0,1800,2000,2200,1800,0.211764708161354,0.2275000065565109,0.2549999952316284,0.1088343411684036,0.1034017577767372,0.096564881503582,0.6352941393852234,1.1375000476837158,2.0399999618530273,0.2549999952316284,0.2314215749502182,0.2251323461532592,-2.7882351875305176,0.211764708161354,0.2275000065565109,0.2549999952316284,0.1639215648174286,0.1827651560306549,0.174166664481163,0,0,0,0,0,0,0,7500000.0,6500000.0,11400000.0,5925000.0,6100000.0,6785714.5,0.4156485199928283,0.4443140923976898,0.4703245162963867,0.0874999985098838,-0.1095238104462623,0.4666666686534881,0.406442791223526,0.4406633079051971,0.4464356303215027,0.4464356303215027,0.4311805665493011,0.4247075021266937,-0.0092057287693023,-0.0036507935728877,-0.0238888897001743,-0.0036507935728877,-0.0146031742915511,-0.0368229150772094,-0.0146031742915511,-0.0955555588006973,0.4208333194255829,-0.1333333402872085,0.2047619074583053,-0.0874999985098838,-0.0091176591813564,275.0,3.5,262.1000061035156,0,1,0,1,0,1,0,1,0,0,0.406442791223526,0.5964285731315613,0.2491567432880401,0.5964285731315613,0.2491567432880401,0.0,0.5625,1.0,0.0,0,0.5026260614395142,0.0892724245786666,0.3125,0.1863839328289032,UNKNOWN,0,0,0,0,0,0,0.0,0.0,0.0,0.0,0.0,UNKNOWN,UNKNOWN,UNKNOWN,OPEN_SEX,UNKNOWN,0,0,0,OPEN_SEX,OPEN_SEX,OPEN_SEX,0,0,0,UNKNOWN,UNKNOWN,UNKNOWN,0,0,0,0,5800000.0,2300000.0,1500000.0,11050000.0,15.573369026184082,16.217941284179688,5800000.0,5900000.0,5900000.0,15.573369026184082,15.590462684631348,15.590462684631348,5900000.0,5866666.5,5850000.0,0.0,-66666.6640625,1.0,0.9886363744735718,46.7201042175293,77.95231628417969,124.72370147705078,unknown,12,grade:unknown|condition:12,grade:unknown|condition:12,grade:unknown|condition:12,0.0,150.0,0.0697371686176731,7,DataFrame cached LightGBM F,F_CACHED,0,1,0
2026-0704-02-01-07-02,2023110027,アウェイクネス,2026-07-04,0,14,6,16,2389.0,函館,芝,1800,16,5,0,0.0,0,0.0,0.0,0.0,0.0,0.0,1,5,12,7,11,12.0,7.0,22.0,7.0,13.666666984558104,12.5,0.0,0.0,0.0,0.0,0.0,0.0,0.0,0.0,2000,1600,1200,1800,0.2215384542942047,0.1357142925262451,0.1866666674613952,0.1165463477373123,0.1204591020941734,0.1282468885183334,2.658461570739746,0.949999988079071,4.106666564941406,0.2215384542942047,0.1813064664602279,0.1888168454170227,-6.864285945892334,0.2215384542942047,0.2488888949155807,0.2549999952316284,0.2047552466392517,0.2168091237545013,0.2196031808853149,0,5,7,0,0,0,0,21000000.0,54000000.0,11400000.0,9575000.0,20633334.0,8175000.0,0.2809070944786072,0.3843189477920532,0.2220494449138641,0.0330882370471954,0.0,0.0,0.2787376940250397,0.3843189477920532,0.2220494449138641,0.3843189477920532,0.2950353622436523,0.2990744113922119,-0.0021693878807127,0.0,0.0,0.0,-0.0,-0.0086775515228509,-0.0,-0.0,0.2622548937797546,0.0,0.0,-0.0330882370471954,-0.0021698367781937,275.0,3.5,262.1000061035156,0,1,0,1,0,1,0,1,0,0,0.0,0.512499988079071,0.025000000372529,0.512499988079071,0.025000000372529,0.0,0.5625,1.0,0.0,0,0.5026260614395142,0.0892724245786666,0.375,0.1921875029802322,UNKNOWN,0,0,0,0,0,0,0.0,0.0,0.0,0.0,0.0,UNKNOWN,UNKNOWN,UNKNOWN,OPEN_SEX,UNKNOWN,0,0,0,OPEN_SEX,OPEN_SEX,OPEN_SEX,0,0,0,UNKNOWN,UNKNOWN,UNKNOWN,0,0,0,0,5800000.0,2300000.0,1500000.0,11050000.0,15.573369026184082,16.217941284179688,5900000.0,5600000.0,5600000.0,15.590462684631348,15.538277626037598,15.538277626037598,5900000.0,5700000.0,5750000.0,-100000.0,100000.0,0.98305082321167,1.017543911933899,187.08555603027344,108.7679443359375,341.84210205078125,unknown,12,grade:unknown|condition:12,grade:unknown|condition:11,grade:unknown|condition:11,0.0,0.0,0.0191109265136781,15,DataFrame cached LightGBM F,F_CACHED,0,0,0
2026-0704-02-01-07-02,2023103333,スワトウ,2026-07-04,0,11,7,9,664.0,函館,芝,1800,16,5,0,0.0,0,0.0,0.0,0.0,0.0,0.0,2,5,7,7,11,7.0,5.0,16.0,5.0,9.333333015441896,8.199999809265137,0.0,0.0,0.0,0.0,0.0,0.0,0.0,0.0,1200,1800,1600,1800,0.1866666674613952,0.1714285761117935,0.1938461512327194,0.1034477055072784,0.1015482917428016,0.1161054000258445,1.306666612625122,0.8571428656578064,3.1015384197235107,0.1938461512327194,0.1839804649353027,0.1835311353206634,-4.828571319580078,0.2035714238882064,0.1866666674613952,0.1938461512327194,0.1834127008914947,0.1678499281406402,0.1876456886529922,0,0,5,7,0,0,0,7500000.0,21000000.0,52000000.0,6200000.0,13450000.0,13737500.0,0.3960984349250793,0.3985998034477234,0.3053828179836273,0.0,-0.3166666626930237,0.0,0.3960984349250793,0.4157525897026062,0.3053828179836273,0.4157525897026062,0.3724112808704376,0.383851557970047,0.0,0.017152776941657,0.0,0.017152776941657,0.0686111077666282,-0.0,0.0686111077666282,-0.0,0.0,0.2166666686534881,0.0,-0.0,0.0,275.0,3.5,262.1000061035156,0,1,0,1,0,1,0,1,0,0,0.0,0.4399999976158142,0.1199999973177909,0.4399999976158142,0.1199999973177909,0.0,0.5625,1.0,0.0,0,0.5026260614395142,0.0892724245786666,0.4375,0.1924999952316284,UNKNOWN,0,0,0,0,0,0,0.0,0.0,0.0,0.0,0.0,UNKNOWN,UNKNOWN,UNKNOWN,OPEN_SEX,UNKNOWN,0,0,0,OPEN_SEX,OPEN_SEX,OPEN_SEX,0,0,0,UNKNOWN,UNKNOWN,UNKNOWN,0,0,0,0,5800000.0,2300000.0,1500000.0,11050000.0,15.573369026184082,16.217941284179688,5800000.0,5900000.0,5600000.0,15.573369026184082,15.590462684631348,15.538277626037598,5900000.0,5766666.5,5790000.0,0.0,33333.33203125,1.0,1.0057803392410278,109.01358032226562,77.95231628417969,248.61244201660156,unknown,12,grade:unknown|condition:12,grade:unknown|condition:12,grade:unknown|condition:11,0.0,0.0,0.0345822608482623,12,DataFrame cached LightGBM F,F_CACHED,0,0,0
2026-0704-02-01-07-02,2023106476,マイネルディザイア,2026-07-04,0,15,8,14,1709.0,函館,芝,1800,16,7,0,0.0,0,0.0,0.0,0.0,0.0,0.0,3,7,14,8,9,13.0,4.0,10.0,4.0,9.0,9.699999809265137,0.0,0.0,0.0,0.0,0.0,0.0,0.0,0.0,1800,1400,1800,1800,0.211764708161354,0.2666666805744171,0.1866666674613952,0.1088343411684036,0.119645170867443,0.1055277809500694,2.752941131591797,1.0666667222976685,1.8666666746139529,0.2666666805744171,0.2216993421316146,0.2232156842947006,-3.7333333492279057,0.211764708161354,0.2666666805744171,0.1983333379030227,0.1639215648174286,0.2066666632890701,0.1933333277702331,0,0,0,5,0,0,0,7500000.0,8200000.0,21000000.0,5925000.0,5965000.0,10075000.0,0.2090679258108139,0.3730457723140716,0.3273513615131378,-0.3125,0.0,0.380952388048172,0.2419455349445343,0.3730457723140716,0.3318865001201629,0.3730457723140716,0.315625935792923,0.2992638051509857,0.0328776054084301,0.0,0.0045351474545896,0.0328776054084301,0.1315104216337204,0.1315104216337204,-0.0,0.0181405898183584,0.4208333194255829,0.0,-0.0476190485060215,0.3125,0.03256306797266,275.0,3.5,262.1000061035156,0,1,0,1,0,1,0,1,0,0,0.2419455349445343,0.5714285969734192,0.2375040352344513,0.5714285969734192,0.2375040352344513,0.0,0.5625,1.0,0.0,0,0.5026260614395142,0.0892724245786666,0.5,0.2857142984867096,UNKNOWN,0,0,0,0,0,0,0.0,0.0,0.0,0.0,0.0,UNKNOWN,UNKNOWN,UNKNOWN,OPEN_SEX,UNKNOWN,0,0,0,OPEN_SEX,OPEN_SEX,OPEN_SEX,0,0,0,UNKNOWN,UNKNOWN,UNKNOWN,0,0,0,0,5800000.0,2300000.0,1500000.0,11050000.0,15.573369026184082,16.217941284179688,5800000.0,4150000.0,5900000.0,15.573369026184082,15.238618850708008,15.590462684631348,5900000.0,5283333.5,5325000.0,0.0,516666.65625,1.0,1.0977917909622192,202.45379638671875,60.95447540283203,155.90463256835938,unknown,12,grade:unknown|condition:12,grade:unknown|condition:12,grade:unknown|condition:12,0.0,0.0,0.0251656285979126,13,DataFrame cached LightGBM F,F_CACHED,0,0,0
2026-0704-02-01-07-02,2023106454,ヴァールザーゲン,2026-07-04,0,16,9,10,801.0,函館,芝,1800,16,6,0,0.0,0,0.0,0.0,0.0,0.0,0.0,4,6,15,5,7,37.0,6.0,14.0,6.0,19.0,23.100000381469727,0.0,0.0,0.0,0.0,0.0,0.0,0.0,0.0,2000,2000,2000,1800,0.1983333379030227,0.1949999928474426,0.2763636410236358,0.1272549927234649,0.1000568196177482,0.1106870472431182,7.3383331298828125,1.1699999570846558,3.869090795516968,0.2763636410236358,0.2232323288917541,0.2129393965005874,-5.804999828338623,0.290909081697464,0.1949999928474426,0.2763636410236358,0.2309379577636718,0.1730555593967437,0.2018686830997467,0,0,0,5,0,0,0,11400000.0,5900000.0,21000000.0,6757143.0,5900000.0,9016667.0,0.1557336896657943,0.4502294659614563,0.3559049665927887,0.1333333402872085,0.4083333313465118,-0.0256410259753465,0.1536701917648315,0.440304696559906,0.3560967147350311,0.440304696559906,0.3166905343532562,0.2801458537578583,-0.0020634920801967,-0.0099247684702277,0.0001917598128784,0.0001917598128784,0.0007670392515137,-0.0082539683207869,-0.0396990738809108,0.0007670392515137,0.0619047619402408,0.0972222238779068,0.0299145299941301,-0.1333333402872085,-0.0020160353742539,275.0,3.5,262.1000061035156,0,1,0,1,0,1,0,1,0,0,0.0,0.6152380704879761,0.1683964729309082,0.6152380704879761,0.1683964729309082,0.0,0.5625,1.0,0.0,0,0.5026260614395142,0.0892724245786666,0.5625,0.3460714221000671,UNKNOWN,0,0,0,0,0,0,0.0,0.0,0.0,0.0,0.0,UNKNOWN,UNKNOWN,UNKNOWN,OPEN_SEX,UNKNOWN,0,0,0,OPEN_SEX,OPEN_SEX,OPEN_SEX,0,0,0,UNKNOWN,UNKNOWN,UNKNOWN,0,0,0,0,5800000.0,2300000.0,1500000.0,11050000.0,15.573369026184082,16.217941284179688,5800000.0,5900000.0,5900000.0,15.573369026184082,15.590462684631348,15.590462684631348,5900000.0,5866666.5,5850000.0,0.0,-66666.6640625,1.0,0.9886363744735718,576.2146606445312,93.54277801513672,218.2664794921875,unknown,12,grade:unknown|condition:12,grade:unknown|condition:12,grade:unknown|condition:12,0.0,0.0,0.0231559315747105,14,DataFrame cached LightGBM F,F_CACHED,0,0,0
2026-0704-02-01-07-02,2023106285,ボーントゥラブユー,2026-07-04,0,6,10,7,172.0,函館,芝,1800,16,7,0,0.0,0,0.0,0.0,0.0,0.0,0.0,4,7,5,5,7,8.0,2.0,8.0,2.0,6.0,6.199999809265137,0.0,0.0,0.0,0.0,0.0,0.0,0.0,0.0,2000,2000,2000,1800,0.1983333379030227,0.2266666740179062,0.1714285761117935,0.1272549927234649,0.1071756035089492,0.0993720665574073,1.586666703224182,0.4533333480358124,1.371428608894348,0.2266666740179062,0.1988095194101333,0.201452374458313,-1.7733333110809326,0.290909081697464,0.2266666740179062,0.2035714238882064,0.2309379577636718,0.1884126961231231,0.1599999964237213,0,0,0,0,0,0,0,11400000.0,7500000.0,11400000.0,6757143.0,6042857.0,8650000.0,0.4415821433067322,0.476705402135849,0.3960388302803039,0.2761904895305633,0.0,0.3499999940395355,0.4373077750205993,0.476705402135849,0.3790249228477478,0.476705402135849,0.4310127198696136,0.4374704957008362,-0.0042743762023746,0.0,-0.0170138888061046,0.0,-0.0,-0.0170975048094987,-0.0,-0.0680555552244186,0.0619047619402408,0.0,0.1944444477558136,-0.2761904895305633,-0.0041760732419788,275.0,3.5,262.1000061035156,0,1,0,1,0,1,0,1,0,0,0.0,0.630476176738739,0.1618375182151794,0.630476176738739,0.1618375182151794,0.0,0.5625,1.0,0.0,0,0.5026260614395142,0.0892724245786666,0.625,0.3940476179122925,UNKNOWN,0,0,0,0,0,0,0.0,0.0,0.0,0.0,0.0,UNKNOWN,UNKNOWN,UNKNOWN,OPEN_SEX,UNKNOWN,0,0,0,OPEN_SEX,OPEN_SEX,OPEN_SEX,0,0,0,UNKNOWN,UNKNOWN,UNKNOWN,0,0,0,0,5800000.0,2300000.0,1500000.0,11050000.0,15.573369026184082,16.217941284179688,5800000.0,5900000.0,5900000.0,15.573369026184082,15.590462684631348,15.590462684631348,5900000.0,5866666.5,5850000.0,0.0,-66666.6640625,1.0,0.9886363744735718,124.58695220947266,31.180925369262695,124.72370147705078,unknown,12,grade:unknown|condition:12,grade:unknown|condition:12,grade:unknown|condition:12,0.0,0.0,0.0845450789390161,6,DataFrame cached LightGBM F,F_CACHED,0,0,0
2026-0704-02-01-07-02,2023104679,タイセイルビー,2026-07-04,0,8,11,13,1104.0,函館,芝,1800,16,10,0,0.0,1,0.1000000014901161,0.0,0.0,0.0,0.0,7,10,6,5,4,8.0,13.0,4.0,4.0,8.333333015441895,8.699999809265137,0.0,0.0,0.0,0.0,0.0,0.0,0.0,0.0,1700,1600,1800,1800,0.1416666656732559,0.1624999940395355,0.1866666674613952,0.1049049571156501,0.1051370576024055,0.0995366722345352,1.1333333253860474,2.112499952316284,0.746666669845581,0.1866666674613952,0.1636111140251159,0.1569166630506515,-3.81333327293396,0.1558333337306976,0.3046153783798218,0.1866666674613952,0.1416666656732559,0.2044551223516464,0.1508585810661316,0,0,0,0,0,0,0,6500000.0,7500000.0,6500000.0,5957143.0,6400000.0,6050000.0,0.4020217061042785,0.4490679204463959,0.4632308781147003,-0.219780221581459,0.0,-0.3461538553237915,0.3983989655971527,0.4490679204463959,0.4621214270591736,0.4621214270591736,0.4365294277667999,0.4263441562652588,-0.0036227509845048,0.0,-0.0011094674700871,0.0,-0.0,-0.0144910039380192,-0.0,-0.0044378698803484,-0.0659340694546699,0.0,-0.0128205129876732,0.219780221581459,-0.003334144828841,275.0,3.5,262.1000061035156,0,1,0,1,0,1,0,1,0,0,0.0,0.4948717951774597,0.2595139145851135,0.4948717951774597,0.2595139145851135,0.0,0.5625,1.0,0.0,0,0.5026260614395142,0.0892724245786666,0.6875,0.3402243554592132,UNKNOWN,0,0,0,0,0,0,0.0,0.0,0.0,0.0,0.0,UNKNOWN,UNKNOWN,UNKNOWN,OPEN_SEX,UNKNOWN,0,0,0,OPEN_SEX,OPEN_SEX,OPEN_SEX,0,0,0,UNKNOWN,UNKNOWN,UNKNOWN,0,0,0,0,5800000.0,2300000.0,1500000.0,11050000.0,15.573369026184082,16.217941284179688,5800000.0,5800000.0,5900000.0,15.573369026184082,15.573369026184082,15.590462684631348,5900000.0,5833333.5,5820000.0,0.0,-33333.33203125,1.0,0.9942857027053832,124.58695220947266,202.45379638671875,62.36185073852539,unknown,12,grade:unknown|condition:12,grade:unknown|condition:12,grade:unknown|condition:12,0.0,0.0,0.0603500512416306,8,DataFrame cached LightGBM F,F_CACHED,0,0,0
2026-0704-02-01-07-02,2023101938,メイショウローゼ,2026-07-04,0,12,12,3,61.0,函館,芝,1800,16,7,0,0.0,3,0.4285714328289032,0.0,0.3333333432674408,0.0,0.2000000029802322,7,7,2,7,7,3.0,5.0,9.0,3.0,5.666666507720947,4.800000190734863,0.0,0.0,0.0,0.0,0.0,0.0,0.0,0.0,1800,1600,1800,1800,0.1661538481712341,0.2215384542942047,0.2492307722568512,0.1092463061213493,0.1210648342967033,0.1364741176366806,0.4984615445137024,1.1076923608779907,2.243077039718628,0.2492307722568512,0.2123076915740966,0.1993846148252487,-2.833846092224121,0.1661538481712341,0.2630769312381744,0.290909081697464,0.1523290574550628,0.2157051265239715,0.2576223909854889,0,0,0,5,0,0,0,7500000.0,11400000.0,21000000.0,5975000.0,6675000.0,8962500.0,0.5489818453788757,0.3985998034477234,0.3713386058807373,-0.1833333373069763,0.0,0.0,0.5497457385063171,0.3985998034477234,0.3713386058807373,0.5497457385063171,0.4398947060108185,0.4687205255031585,0.0007638888782821,0.0,0.0,0.0007638888782821,0.0030555555131286,0.0030555555131286,-0.0,-0.0,0.016666667535901,0.0,0.0,0.1833333373069763,0.0007217392558231,275.0,3.5,262.1000061035156,0,1,0,1,0,1,0,1,0,0,0.5497457385063171,0.3933333456516266,0.1451436132192611,0.3933333456516266,0.1451436132192611,0.0,0.5625,1.0,0.0,0,0.5026260614395142,0.0892724245786666,0.75,0.2949999868869781,UNKNOWN,0,0,0,0,0,0,0.0,0.0,0.0,0.0,0.0,UNKNOWN,UNKNOWN,UNKNOWN,OPEN_SEX,UNKNOWN,0,0,0,OPEN_SEX,OPEN_SEX,OPEN_SEX,0,0,0,UNKNOWN,UNKNOWN,UNKNOWN,0,0,0,0,5800000.0,2300000.0,1500000.0,11050000.0,15.573369026184082,16.217941284179688,5800000.0,5900000.0,5900000.0,15.573369026184082,15.590462684631348,15.590462684631348,5900000.0,5866666.5,5850000.0,0.0,-66666.6640625,1.0,0.9886363744735718,46.7201042175293,77.95231628417969,140.3141632080078,unknown,12,grade:unknown|condition:12,grade:unknown|condition:12,grade:unknown|condition:12,0.0,0.0,0.1309341508445211,3,DataFrame cached LightGBM F,F_CACHED,0,0,0
2026-0704-02-01-07-02,2023103372,ユマハム,2026-07-04,0,7,13,6,130.0,函館,芝,1800,16,4,0,0.0,1,0.25,0.0,0.3333333432674408,0.0,0.25,3,4,4,3,6,13.0,5.0,6.0,5.0,8.0,9.199999809265137,0.0,0.0,0.0,0.0,0.0,0.0,0.0,0.0,1700,1800,1600,1800,0.2266666740179062,0.1800000071525573,0.1833333373069763,0.119595393538475,0.1032225489616394,0.1275388151407241,2.946666717529297,0.8999999761581421,1.100000023841858,0.2266666740179062,0.1966666728258133,0.2039999961853027,-4.820000171661377,0.2266666740179062,0.2036363631486892,0.2549999952316284,0.1875925958156585,0.1715151518583297,0.2210683822631836,0,0,0,0,0,0,0,8200000.0,8200000.0,5900000.0,6300000.0,6620000.0,5900000.0,0.4357345998287201,0.5014569759368896,0.4235627949237823,-0.5181818008422852,0.0,0.0,0.4592882990837097,0.5014569759368896,0.4235627949237823,0.5014569759368896,0.4614360332489013,0.4647938013076782,0.0235537197440862,0.0,0.0,0.0235537197440862,0.094214878976345,0.094214878976345,-0.0,-0.0,0.1818181872367859,0.0,0.0,0.5181818008422852,0.0236793812364339,275.0,3.5,262.1000061035156,0,1,0,1,0,1,0,1,0,0,0.0,0.375,0.2165063470602035,0.375,0.2165063470602035,0.0,0.5625,1.0,0.0,0,0.5026260614395142,0.0892724245786666,0.8125,0.3046875,UNKNOWN,0,0,0,0,0,0,0.0,0.0,0.0,0.0,0.0,UNKNOWN,UNKNOWN,UNKNOWN,OPEN_SEX,UNKNOWN,0,0,0,OPEN_SEX,OPEN_SEX,OPEN_SEX,0,0,0,UNKNOWN,UNKNOWN,UNKNOWN,0,0,0,0,5800000.0,2300000.0,1500000.0,11050000.0,15.573369026184082,16.217941284179688,5800000.0,5900000.0,5900000.0,15.573369026184082,15.590462684631348,15.590462684631348,5900000.0,5866666.5,5850000.0,0.0,-66666.6640625,1.0,0.9886363744735718,202.45379638671875,77.95231628417969,93.54277801513672,unknown,12,grade:unknown|condition:12,grade:unknown|condition:12,grade:unknown|condition:12,0.0,0.0,0.1117899340577522,5,DataFrame cached LightGBM F,F_CACHED,0,0,0
2026-0704-02-01-07-02,2023102669,ワダツミ,2026-07-04,0,9,14,8,543.0,函館,芝,1800,16,4,0,0.0,0,0.0,0.0,0.0,0.0,0.0,3,4,5,10,13,2.0,5.0,16.0,2.0,7.666666507720947,5.699999809265137,0.0,0.0,0.0,0.0,0.0,0.0,0.0,0.0,1800,1600,1800,1800,0.211764708161354,0.2036363631486892,0.3400000035762787,0.1088343411684036,0.1099055111408233,0.1403555870056152,0.4235294163227081,1.0181818008422852,5.440000057220459,0.3400000035762787,0.2518003582954407,0.2349732667207718,-1.7882353067398071,0.211764708161354,0.2036363631486892,0.3400000035762787,0.1639215648174286,0.1775757521390915,0.2921794950962066,0,0,0,5,0,0,0,7500000.0,7500000.0,21000000.0,5925000.0,6116666.5,9942857.0,0.5032011270523071,0.3185998201370239,0.273551732301712,0.0874999985098838,0.0,0.0,0.4939953982830047,0.3185998201370239,0.273551732301712,0.4939953982830047,0.3620489835739136,0.3972879946231842,-0.0092057287693023,0.0,0.0,0.0,-0.0,-0.0368229150772094,-0.0,-0.0,0.4208333194255829,0.0,0.0,-0.0874999985098838,-0.0091176591813564,275.0,3.5,262.1000061035156,0,1,0,1,0,1,0,1,0,0,0.4939953982830047,0.5249999761581421,0.0433012694120407,0.5249999761581421,0.0433012694120407,0.0,0.5625,1.0,0.0,0,0.5026260614395142,0.0892724245786666,0.875,0.4593749940395355,UNKNOWN,0,0,0,0,0,0,0.0,0.0,0.0,0.0,0.0,UNKNOWN,UNKNOWN,UNKNOWN,OPEN_SEX,UNKNOWN,0,0,0,OPEN_SEX,OPEN_SEX,OPEN_SEX,0,0,0,UNKNOWN,UNKNOWN,UNKNOWN,0,0,0,0,5800000.0,2300000.0,1500000.0,11050000.0,15.573369026184082,16.217941284179688,5800000.0,5900000.0,5900000.0,15.573369026184082,15.590462684631348,15.590462684631348,5900000.0,5866666.5,5850000.0,0.0,-66666.6640625,1.0,0.9886363744735718,31.146738052368164,77.95231628417969,249.44740295410156,unknown,12,grade:unknown|condition:12,grade:unknown|condition:12,grade:unknown|condition:12,0.0,0.0,0.0551410380424758,9,DataFrame cached LightGBM F,F_CACHED,0,0,0
2026-0704-02-01-07-02,2023105537,エイシンリーガル,2026-07-04,0,5,15,12,869.0,函館,芝,1800,16,3,0,0.0,0,0.0,0.0,0.0,0.0,0.0,3,3,6,9,14,6.0,9.0,16.0,6.0,10.333333015441896,8.899999618530273,0.0,0.0,0.0,0.0,0.0,0.0,0.0,0.0,1800,1600,1600,1800,0.1555555611848831,0.290909081697464,0.1949999928474426,0.0997047498822212,0.1092499420046806,0.1090502366423606,0.9333333373069764,2.6181817054748535,3.119999885559082,0.290909081697464,0.2138215452432632,0.2040505111217498,-5.844444274902344,0.184166669845581,0.290909081697464,0.2630769312381744,0.155740737915039,0.2125252485275268,0.203461542725563,0,0,0,0,0,0,0,7500000.0,7500000.0,7500000.0,6275000.0,6116666.5,6433333.5,0.4233918488025665,0.3677186965942383,0.2092380076646804,0.0,0.0,0.0,0.4233918488025665,0.3677186965942383,0.2092380076646804,0.4233918488025665,0.333449512720108,0.3638591468334198,0.0,0.0,0.0,0.0,-0.0,-0.0,-0.0,-0.0,0.0,0.0,0.0,-0.0,0.0,275.0,3.5,262.1000061035156,0,1,0,1,0,1,0,1,0,0,0.0,0.5,0.0,0.5,0.0,0.0,0.5625,1.0,0.0,0,0.5026260614395142,0.0892724245786666,0.9375,0.46875,UNKNOWN,0,0,0,0,0,0,0.0,0.0,0.0,0.0,0.0,UNKNOWN,UNKNOWN,UNKNOWN,OPEN_SEX,UNKNOWN,0,0,0,OPEN_SEX,OPEN_SEX,OPEN_SEX,0,0,0,UNKNOWN,UNKNOWN,UNKNOWN,0,0,0,0,5800000.0,2300000.0,1500000.0,11050000.0,15.573369026184082,16.217941284179688,5800000.0,5900000.0,5900000.0,15.573369026184082,15.590462684631348,15.590462684631348,5900000.0,5866666.5,5850000.0,0.0,-66666.6640625,1.0,0.9886363744735718,93.4402084350586,140.3141632080078,249.44740295410156,unknown,12,grade:unknown|condition:12,grade:unknown|condition:12,grade:unknown|condition:12,0.0,0.0,0.0410500702105689,10,DataFrame cached LightGBM F,F_CACHED,0,0,0
2026-0704-02-01-07-02,2023104713,ニシノマルガリート,2026-07-04,1,1,16,4,105.0,函館,芝,1800,16,4,0,0.0,1,0.25,0.0,0.3333333432674408,0.0,0.25,3,4,2,5,11,1.0,5.0,29.0,1.0,11.666666984558104,7.800000190734863,0.0,0.0,0.0,0.0,0.0,0.0,0.0,0.0,1800,1800,1800,1800,0.1949999928474426,0.145454540848732,0.2437500059604644,0.097595177590847,0.1042700782418251,0.11740642786026,0.1949999928474426,0.7272727489471436,7.068749904632568,0.2437500059604644,0.1947348415851593,0.1898863613605499,-0.8050000071525574,0.1949999928474426,0.1949999928474426,0.2437500059604644,0.1679166704416275,0.1682804226875305,0.216805562376976,0,6,0,7,0,0,0,41000000.0,7500000.0,52000000.0,17600000.0,6016666.5,22033334.0,0.6780564188957214,0.4644821584224701,0.2892379760742187,0.0,0.0,0.4875000119209289,0.6780564188957214,0.4644821584224701,0.2731572389602661,0.6780564188957214,0.47189861536026,0.5330042839050293,0.0,0.0,-0.016080729663372,0.0,-0.0,-0.0,-0.0,-0.0643229186534881,0.0,0.0,0.1319444477558136,-0.0,0.0,275.0,3.5,262.1000061035156,0,1,0,1,0,1,0,1,0,0,0.0,0.625,0.2165063470602035,0.625,0.2165063470602035,0.0,0.5625,1.0,0.0,0,0.5026260614395142,0.0892724245786666,1.0,0.625,UNKNOWN,0,0,0,0,0,0,0.0,0.0,0.0,0.0,0.0,UNKNOWN,UNKNOWN,UNKNOWN,OPEN_SEX,UNKNOWN,0,0,0,OPEN_SEX,OPEN_SEX,OPEN_SEX,0,0,0,UNKNOWN,UNKNOWN,UNKNOWN,0,0,0,0,5800000.0,2300000.0,1500000.0,11050000.0,15.573369026184082,16.217941284179688,5900000.0,5900000.0,5900000.0,15.590462684631348,15.590462684631348,15.590462684631348,5900000.0,5900000.0,5900000.0,-100000.0,-100000.0,0.98305082321167,0.98305082321167,15.590462684631348,77.95231628417969,452.1234436035156,unknown,12,grade:unknown|condition:12,grade:unknown|condition:12,grade:unknown|condition:12,1050.0,200.0,0.184797967585936,2,DataFrame cached LightGBM F,F_CACHED,1,1,0
2026-0704-02-01-07-03,2023104347,ハスカップジャム,2026-07-04,0,7,1,9,674.0,函館,芝,1700,11,2,0,0.0,0,0.0,0.0,0.0,0.0,0.0,2,2,16,6,0,36.0,8.0,0.0,8.0,22.0,20.399999618530273,0.0,0.0,0.0,0.0,0.0,0.0,0.0,0.0,2000,1600,0,1700,0.1949999928474426,0.1866666674613952,0.0,0.1060753390192985,0.1117813140153884,0.0,7.019999980926514,1.493333339691162,0.0,0.1949999928474426,0.1908333301544189,0.1535000056028366,-7.813333511352539,0.1949999928474426,0.270000010728836,0.0,0.1695833355188369,0.2207936495542526,0.0,0,0,0,0,0,0,0,5900000.0,8200000.0,0.0,5866666.5,7775000.0,0.0,0.1557336896657943,0.4236739873886108,0.0,0.0,0.0,0.0,0.1557336896657943,0.4236739873886108,0.0,0.4236739873886108,0.2897038459777832,0.2049690335988998,0.0,0.0,0.0,0.0,-0.0,-0.0,-0.0,0.0,0.0,0.0,0.0,-0.0,0.0,329.0,3.5,260.29998779296875,0,1,0,1,0,0,0,1,0,0,0.0,0.5,0.0,0.5,0.0,0.2727272808551788,0.9090909361839294,0.6363636255264282,0.0909090936183929,3,0.5899848341941833,0.1357049494981765,0.0909090936183929,0.0454545468091964,UNKNOWN,0,0,0,0,0,0,0.0,0.0,0.0,0.0,0.0,UNKNOWN,UNKNOWN,UNKNOWN,OPEN_SEX,UNKNOWN,0,0,0,OPEN_SEX,OPEN_SEX,UNKNOWN,0,0,0,UNKNOWN,UNKNOWN,UNKNOWN,0,0,0,0,5800000.0,2300000.0,1500000.0,11050000.0,15.573369026184082,16.217941284179688,5800000.0,6500000.0,0.0,15.573369026184082,15.687313079833984,0.0,6500000.0,6150000.0,4850000.0,0.0,-350000.0,1.0,0.9430894255638124,560.6412963867188,125.49850463867188,0.0,unknown,12,grade:unknown|condition:12,grade:unknown|condition:12,unknown,0.0,0.0,0.0205797796501177,10,DataFrame cached LightGBM F,F_CACHED,0,0,0
2026-0704-02-01-07-03,2023104632,マスカルポーネ,2026-07-04,0,8,2,6,253.0,函館,芝,1700,11,9,0,0.0,2,0.2222222238779068,0.0,0.3333333432674408,0.0,0.4000000059604645,6,9,11,2,4,38.0,2.0,19.0,2.0,19.66666603088379,23.399999618530273,0.0,0.0,0.0,0.0,0.0,0.0,0.0,0.0,2100,1800,1700,1700,0.1714285761117935,0.1800000071525573,0.1949999928474426,0.1109303459525108,0.0912421569228172,0.113751120865345,6.514285564422607,0.3600000143051147,3.7049999237060542,0.1949999928474426,0.1821428537368774,0.1787142902612686,-1.8200000524520872,0.178749993443489,0.1800000071525573,0.2399999946355819,0.1674954146146774,0.1422527432441711,0.1899999976158142,0,0,0,0,0,0,0,7500000.0,8200000.0,8200000.0,6650000.0,6480000.0,7200000.0,0.2890670299530029,0.58146733045578,0.4701903462409973,0.4833333194255829,0.0476190485060215,-0.1619047671556472,0.2816827595233917,0.5783494114875793,0.4819477200508117,0.5783494114875793,0.4473266303539276,0.4107357561588287,-0.0073842592537403,-0.0031179138459265,0.0117573691532015,0.0117573691532015,0.0470294766128063,-0.0295370370149612,-0.012471655383706,0.0470294766128063,0.0611111111938953,0.261904776096344,0.2904762029647827,-0.4833333194255829,-0.0070157623849809,329.0,3.5,260.29998779296875,0,1,0,1,0,0,0,1,0,0,0.0,0.728278398513794,0.2320439666509628,0.728278398513794,0.2320439666509628,0.2727272808551788,0.9090909361839294,0.6363636255264282,0.0909090936183929,3,0.5899848341941833,0.1357049494981765,0.1818181872367859,0.1324142515659332,UNKNOWN,0,0,0,0,0,0,0.0,0.0,0.0,0.0,0.0,UNKNOWN,UNKNOWN,UNKNOWN,OPEN_SEX,UNKNOWN,0,0,0,OPEN_SEX,OPEN_SEX,OPEN_SEX,0,0,0,UNKNOWN,UNKNOWN,UNKNOWN,0,0,0,0,5800000.0,2300000.0,1500000.0,11050000.0,15.573369026184082,16.217941284179688,5800000.0,5900000.0,5900000.0,15.573369026184082,15.590462684631348,15.590462684631348,5900000.0,5866666.5,5850000.0,0.0,-66666.6640625,1.0,0.9886363744735718,591.7880249023438,31.180925369262695,296.21881103515625,unknown,12,grade:unknown|condition:12,grade:unknown|condition:12,grade:unknown|condition:12,0.0,0.0,0.0686608898135453,6,DataFrame cached LightGBM F,F_CACHED,0,0,0
2026-0704-02-01-07-03,2023101796,テリオスリコ,2026-07-04,0,4,3,11,3021.0,函館,芝,1700,11,7,0,0.0,1,0.1428571492433548,0.0,0.0,0.0,0.0,6,7,9,8,11,13.0,15.0,27.0,13.0,18.33333396911621,16.399999618530273,0.0,0.0,0.0,0.0,0.0,0.0,0.0,0.0,1700,1700,1400,1700,0.1416666656732559,0.1938461512327194,0.2762500047683716,0.1049049571156501,0.1097492054104805,0.1187421083450317,1.8416666984558103,2.907692193984986,7.458749771118164,0.2762500047683716,0.2039209455251693,0.1842371821403503,-12.858333587646484,0.1558333337306976,0.1938461512327194,0.2762500047683716,0.1416666656732559,0.166837602853775,0.2470833361148834,0,0,0,0,0,0,0,6500000.0,8200000.0,8200000.0,5957143.0,6337500.0,7200000.0,0.3095807433128357,0.3403491973876953,0.2892379760742187,-0.3736263811588287,-0.5219780206680298,0.0,0.303422063589096,0.3391541838645935,0.2892379760742187,0.3391541838645935,0.3106047511100769,0.311304897069931,-0.0061586764641106,-0.0011950046755373,0.0,0.0,-0.0,-0.0246347058564424,-0.0047800187021493,-0.0,-0.0659340694546699,-0.0091575095430016,0.0,0.3736263811588287,-0.0056680459529161,329.0,3.5,260.29998779296875,0,1,0,1,0,0,0,1,0,0,0.321288138628006,0.2974359095096588,0.1961831748485565,0.2974359095096588,0.1961831748485565,0.2727272808551788,0.9090909361839294,0.6363636255264282,0.0909090936183929,3,0.5899848341941833,0.1357049494981765,0.2727272808551788,0.0811188817024231,UNKNOWN,0,0,0,0,0,0,0.0,0.0,0.0,0.0,0.0,UNKNOWN,UNKNOWN,UNKNOWN,OPEN_SEX,UNKNOWN,0,0,0,OPEN_SEX,OPEN_SEX,OPEN_SEX,0,0,0,UNKNOWN,UNKNOWN,UNKNOWN,0,0,0,0,5800000.0,2300000.0,1500000.0,11050000.0,15.573369026184082,16.217941284179688,5800000.0,5800000.0,5900000.0,15.573369026184082,15.573369026184082,15.590462684631348,5900000.0,5833333.5,5820000.0,0.0,-33333.33203125,1.0,0.9942857027053832,202.45379638671875,233.60052490234375,420.9425048828125,unknown,12,grade:unknown|condition:12,grade:unknown|condition:12,grade:unknown|condition:12,0.0,0.0,0.0181566232308037,11,DataFrame cached LightGBM F,F_CACHED,0,0,0
2026-0704-02-01-07-03,2023100609,ペガサスウィンド,2026-07-04,0,9,4,2,31.0,函館,芝,1700,11,5,0,0.0,3,0.6000000238418579,0.0,0.6666666865348816,0.0,0.6000000238418579,5,5,2,5,3,3.0,12.0,10.0,3.0,8.333333015441895,7.099999904632568,0.0,0.0,0.0,0.0,0.0,0.0,0.0,0.0,1700,1800,1800,1700,0.2266666740179062,0.1800000071525573,0.1800000071525573,0.119595393538475,0.1199740469455719,0.1105416640639305,0.6800000071525574,2.1600000858306885,1.7999999523162842,0.2266666740179062,0.1955555528402328,0.2033333331346511,-2.7733333110809326,0.2266666740179062,0.2549999952316284,0.1800000071525573,0.1875925958156585,0.2195238023996353,0.1637499928474426,0,0,0,0,0,0,0,8200000.0,8200000.0,8200000.0,6300000.0,6680000.0,6620000.0,0.5356485247612,0.4416213631629944,0.4670338928699493,0.4818181693553924,0.1714285761117935,0.2444444447755813,0.5137476921081543,0.4261111617088318,0.4543589949607849,0.5137476921081543,0.4647392928600311,0.4755789935588836,-0.0219008270651102,-0.0155102042481303,-0.0126748969778418,-0.0126748969778418,-0.0506995879113674,-0.0876033082604408,-0.0620408169925212,-0.0506995879113674,0.1818181872367859,0.3619047701358795,0.2074074000120163,-0.4818181693553924,-0.0220176689326763,329.0,3.5,260.29998779296875,0,1,0,1,0,0,0,1,0,0,0.5137476921081543,0.8017460107803345,0.1424335837364196,0.8017460107803345,0.1424335837364196,0.2727272808551788,0.9090909361839294,0.6363636255264282,0.0909090936183929,3,0.5899848341941833,0.1357049494981765,0.3636363744735718,0.2915440201759338,UNKNOWN,0,0,0,0,0,0,0.0,0.0,0.0,0.0,0.0,UNKNOWN,UNKNOWN,UNKNOWN,OPEN_SEX,UNKNOWN,0,0,0,OPEN_SEX,OPEN_SEX,OPEN_SEX,0,0,0,UNKNOWN,UNKNOWN,UNKNOWN,0,0,0,0,5800000.0,2300000.0,1500000.0,11050000.0,15.573369026184082,16.217941284179688,5800000.0,5900000.0,5900000.0,15.573369026184082,15.590462684631348,15.590462684631348,5900000.0,5866666.5,5850000.0,0.0,-66666.6640625,1.0,0.9886363744735718,46.7201042175293,187.08555603027344,155.90463256835938,unknown,12,grade:unknown|condition:12,grade:unknown|condition:12,grade:unknown|condition:12,0.0,0.0,0.271627601863279,3,DataFrame cached LightGBM F,F_CACHED,0,0,0
2026-0704-02-01-07-03,2023105268,ラショナルポイント,2026-07-04,0,6,5,3,36.0,函館,芝,1700,11,3,0,0.0,2,0.6666666865348816,0.0,0.6666666865348816,0.0,0.6666666865348816,2,3,3,2,7,2.0,0.0,9.0,0.0,3.6666667461395264,2.799999952316284,0.0,0.0,0.0,0.0,0.0,0.0,0.0,0.0,1600,1800,1600,1700,0.1624999940395355,0.1624999940395355,0.2057142853736877,0.1051370576024055,0.1098602935671806,0.1240638494491577,0.324999988079071,0.0,1.8514286279678345,0.2057142853736877,0.1769047677516937,0.1711428612470626,0.1624999940395355,0.3046153783798218,0.2036363631486892,0.2327272742986679,0.2044551223516464,0.1770454496145248,0.2091774940490722,0,0,0,0,0,0,0,7500000.0,7500000.0,8200000.0,6400000.0,6333333.5,7850000.0,0.556534469127655,0.929237961769104,0.3583534955978393,0.0,0.3958333432674408,0.0,0.556534469127655,0.903261423110962,0.3583534955978393,0.903261423110962,0.6060497760772705,0.6209163665771484,0.0,-0.025976562872529,0.0,0.0,-0.0,-0.0,-0.1039062514901161,-0.0,0.0,0.262499988079071,0.0,-0.0,0.0,329.0,3.5,260.29998779296875,0,1,0,1,0,0,0,1,0,0,0.0,0.644444465637207,0.204275295138359,0.644444465637207,0.204275295138359,0.2727272808551788,0.9090909361839294,0.6363636255264282,0.0909090936183929,3,0.5899848341941833,0.1357049494981765,0.4545454680919647,0.2929292917251587,UNKNOWN,0,0,0,0,0,0,0.0,0.0,0.0,0.0,0.0,UNKNOWN,UNKNOWN,UNKNOWN,OPEN_SEX,UNKNOWN,0,0,0,OPEN_SEX,OPEN_SEX,OPEN_SEX,0,0,0,UNKNOWN,UNKNOWN,UNKNOWN,0,0,0,0,5800000.0,2300000.0,1500000.0,11050000.0,15.573369026184082,16.217941284179688,5800000.0,5900000.0,7500000.0,15.573369026184082,15.590462684631348,15.830413818359377,7500000.0,6400000.0,6170000.0,0.0,-600000.0,1.0,0.90625,31.146738052368164,0.0,142.47372436523438,unknown,12,grade:unknown|condition:12,grade:unknown|condition:12,grade:unknown|condition:11,0.0,0.0,0.2952276987434883,1,DataFrame cached LightGBM F,F_CACHED,0,0,1
2026-0704-02-01-07-03,2023105608,ルージュリヴィエラ,2026-07-04,0,2,6,8,311.0,函館,芝,1700,11,4,0,0.0,1,0.25,0.0,0.0,0.0,0.25,3,4,8,6,6,6.0,12.0,12.0,6.0,10.0,9.0,0.0,0.0,0.0,0.0,0.0,0.0,0.0,0.0,1400,1400,1400,1700,0.1949999928474426,0.1714285761117935,0.209999993443489,0.1087358817458152,0.1106954216957092,0.1181455701589584,1.1699999570846558,2.057142972946167,2.5199999809265137,0.209999993443489,0.1921428591012954,0.19092857837677,-5.804999828338623,0.1949999928474426,0.1949999928474426,0.270000010728836,0.1716666668653488,0.1657792180776596,0.2222222238779068,0,0,0,0,0,0,0,5900000.0,5900000.0,8200000.0,5900000.0,5900000.0,7600000.0,0.3702294528484344,0.4130499362945556,0.4225737452507019,0.0,0.0,0.0,0.3702294528484344,0.4130499362945556,0.4225737452507019,0.4225737452507019,0.4019510447978973,0.393544465303421,0.0,0.0,0.0,0.0,-0.0,-0.0,-0.0,-0.0,0.0,0.0,0.0,-0.0,0.0,329.0,3.5,260.29998779296875,0,1,0,1,0,0,0,1,0,0,0.0,0.5,0.0,0.5,0.0,0.2727272808551788,0.9090909361839294,0.6363636255264282,0.0909090936183929,3,0.5899848341941833,0.1357049494981765,0.5454545617103577,0.2727272808551788,UNKNOWN,0,0,0,0,0,0,0.0,0.0,0.0,0.0,0.0,UNKNOWN,UNKNOWN,UNKNOWN,OPEN_SEX,UNKNOWN,0,0,0,OPEN_SEX,OPEN_SEX,OPEN_SEX,0,0,0,UNKNOWN,UNKNOWN,UNKNOWN,0,0,0,0,5800000.0,2300000.0,1500000.0,11050000.0,15.573369026184082,16.217941284179688,5900000.0,5900000.0,5900000.0,15.590462684631348,15.590462684631348,15.590462684631348,5900000.0,5900000.0,5900000.0,-100000.0,-100000.0,0.98305082321167,0.98305082321167,93.54277801513672,187.08555603027344,187.08555603027344,unknown,12,grade:unknown|condition:12,grade:unknown|condition:12,grade:unknown|condition:12,0.0,590.0,0.0679291568512576,7,DataFrame cached LightGBM F,F_CACHED,0,1,0
2026-0704-02-01-07-03,2023106623,ルージュボニート,2026-07-04,0,5,8,5,205.0,函館,芝,1700,11,1,0,0.0,0,0.0,0.0,0.0,0.0,0.0,1,1,8,0,0,19.0,0.0,0.0,19.0,19.0,9.5,0.0,0.0,0.0,0.0,0.0,0.0,0.0,0.0,1600,0,0,1700,0.1500000059604644,0.0,0.0,0.0900429189205169,0.0,0.0,2.8499999046325684,0.0,0.0,0.1500000059604644,0.1500000059604644,0.0750000029802322,-18.850000381469727,0.1500000059604644,0.0,0.0,0.1287962943315506,0.0,0.0,0,0,0,0,0,0,0,7500000.0,0.0,0.0,6200000.0,0.0,0.0,0.3690670132637024,0.0,0.0,0.0,0.0,0.0,0.3690670132637024,0.0,0.0,0.3690670132637024,0.3690670132637024,0.1845335066318512,0.0,0.0,0.0,0.0,-0.0,-0.0,0.0,0.0,0.0,0.0,0.0,-0.0,0.0,329.0,3.5,260.29998779296875,0,1,0,1,0,0,0,1,0,0,0.0,0.5,0.0,0.5,0.0,0.2727272808551788,0.9090909361839294,0.6363636255264282,0.0909090936183929,3,0.5899848341941833,0.1357049494981765,0.7272727489471436,0.3636363744735718,UNKNOWN,0,0,0,0,0,0,0.0,0.0,0.0,0.0,0.0,UNKNOWN,UNKNOWN,UNKNOWN,OPEN_SEX,UNKNOWN,0,0,0,OPEN_SEX,UNKNOWN,UNKNOWN,0,0,0,UNKNOWN,UNKNOWN,UNKNOWN,0,0,0,0,5800000.0,2300000.0,1500000.0,11050000.0,15.573369026184082,16.217941284179688,5800000.0,0.0,0.0,15.573369026184082,0.0,0.0,5800000.0,5800000.0,2900000.0,0.0,0.0,1.0,1.0,295.8940124511719,0.0,0.0,unknown,12,grade:unknown|condition:12,unknown,unknown,0.0,0.0,0.0313452968913217,9,DataFrame cached LightGBM F,F_CACHED,0,0,0
2026-0704-02-01-07-03,2023103024,ギンケイ,2026-07-04,1,1,9,1,25.0,函館,芝,1700,11,5,0,0.0,3,0.6000000238418579,0.0,0.6666666865348816,0.0,0.6000000238418579,5,5,4,2,2,3.0,0.0,0.0,0.0,1.0,1.5,0.0,0.0,0.0,0.0,0.0,0.0,0.0,0.0,1700,1800,1800,1700,0.2549999952316284,0.1555555611848831,0.2327272742986679,0.1161950528621673,0.1095688343048095,0.117945909500122,0.7649999856948853,0.0,0.0,0.2549999952316284,0.2144276052713394,0.220712125301361,0.2327272742986679,0.2549999952316284,0.1650000065565109,0.2327272742986679,0.2000000029802322,0.1618518531322479,0.1975757628679275,0,0,0,0,0,0,0,7500000.0,7500000.0,8200000.0,6114285.5,6300000.0,6550000.0,0.4833408296108246,0.9195410013198853,0.9273331761360168,-0.3791208863258362,0.3030303120613098,0.3952381014823913,0.5057339668273926,0.8896970748901367,0.9282742738723756,0.9282742738723756,0.7745684385299683,0.7054309248924255,0.0223931297659873,-0.0298438929021358,0.000941043079365,0.0223931297659873,0.0895725190639495,0.0895725190639495,-0.1193755716085434,0.0037641723174601,0.2362637370824813,0.3939394056797027,-0.0095238098874688,0.3791208863258362,0.0231470707803964,329.0,3.5,260.29998779296875,0,1,0,1,0,0,0,1,0,0,0.5057339668273926,0.6001198887825012,0.2700428366661072,0.6001198887825012,0.2700428366661072,0.2727272808551788,0.9090909361839294,0.6363636255264282,0.0909090936183929,3,0.5899848341941833,0.1357049494981765,0.8181818127632141,0.4910071790218353,UNKNOWN,0,0,0,0,0,0,0.0,0.0,0.0,0.0,0.0,UNKNOWN,UNKNOWN,UNKNOWN,OPEN_SEX,UNKNOWN,0,0,0,OPEN_SEX,OPEN_SEX,OPEN_SEX,0,0,0,UNKNOWN,UNKNOWN,UNKNOWN,0,0,0,0,5800000.0,2300000.0,1500000.0,11050000.0,15.573369026184082,16.217941284179688,5800000.0,5900000.0,5900000.0,15.573369026184082,15.590462684631348,15.590462684631348,5900000.0,5866666.5,5850000.0,0.0,-66666.6640625,1.0,0.9886363744735718,46.7201042175293,0.0,0.0,unknown,12,grade:unknown|condition:12,grade:unknown|condition:12,grade:unknown|condition:12,250.0,140.0,0.2940750933493942,2,DataFrame cached LightGBM F,F_CACHED,1,1,0
2026-0704-02-01-07-03,2023105555,ウォータースパウト,2026-07-04,0,3,10,4,128.0,函館,芝,1700,11,7,0,0.0,1,0.1428571492433548,0.0,0.3333333432674408,0.0,0.2000000029802322,4,7,3,9,7,1.0,14.0,13.0,1.0,9.333333015441896,7.300000190734863,0.0,0.0,0.0,0.0,0.0,0.0,0.0,0.0,1700,1600,1800,1700,0.2549999952316284,0.2036363631486892,0.1555555611848831,0.1161950528621673,0.1129955351352691,0.1095688343048095,0.2549999952316284,2.8509089946746826,2.0222222805023193,0.2549999952316284,0.2047306448221206,0.2197020202875137,-0.7450000047683716,0.2549999952316284,0.2036363631486892,0.1650000065565109,0.2000000029802322,0.1740326285362243,0.1618518531322479,0,0,0,0,0,0,0,7500000.0,8200000.0,7500000.0,6114285.5,6500000.0,6300000.0,0.6413469910621643,0.32733353972435,0.3377237021923065,0.2362637370824813,0.0,0.0303030312061309,0.6273918747901917,0.32733353972435,0.3347393274307251,0.6273918747901917,0.4298215806484222,0.4788438677787781,-0.0139551386237144,0.0,-0.0029843894299119,0.0,-0.0,-0.0558205544948577,-0.0,-0.0119375577196478,0.2362637370824813,0.0,0.3939394056797027,-0.2362637370824813,-0.014424986205995,329.0,3.5,260.29998779296875,0,1,0,1,0,0,0,1,0,0,0.6273918747901917,0.5465267896652222,0.1250218600034713,0.5465267896652222,0.1250218600034713,0.2727272808551788,0.9090909361839294,0.6363636255264282,0.0909090936183929,3,0.5899848341941833,0.1357049494981765,0.9090909361839294,0.4968425631523132,UNKNOWN,0,0,0,0,0,0,0.0,0.0,0.0,0.0,0.0,UNKNOWN,UNKNOWN,UNKNOWN,OPEN_SEX,UNKNOWN,0,0,0,OPEN_SEX,OPEN_SEX,OPEN_SEX,0,0,0,UNKNOWN,UNKNOWN,UNKNOWN,0,0,0,0,5800000.0,2300000.0,1500000.0,11050000.0,15.573369026184082,16.217941284179688,5800000.0,5900000.0,5900000.0,15.573369026184082,15.590462684631348,15.590462684631348,5900000.0,5866666.5,5850000.0,0.0,-66666.6640625,1.0,0.9886363744735718,15.573369026184082,218.2664794921875,202.676025390625,unknown,12,grade:unknown|condition:12,grade:unknown|condition:12,grade:unknown|condition:12,0.0,250.0,0.1165789333122612,4,DataFrame cached LightGBM F,F_CACHED,0,1,0
2026-0704-02-01-07-03,2023103570,ブリスフルイヤー,2026-07-04,0,10,11,7,257.0,函館,芝,1700,11,8,0,0.0,2,0.25,0.0,0.6666666865348816,0.0,0.4000000059604645,5,8,8,3,3,13.0,5.0,13.0,5.0,10.333333015441896,10.600000381469728,0.0,0.0,0.0,0.0,0.0,0.0,0.0,0.0,1700,1800,1700,1700,0.1416666656732559,0.1800000071525573,0.1949999928474426,0.1049049571156501,0.0912421569228172,0.113751120865345,1.8416666984558103,0.8999999761581421,2.5350000858306885,0.1949999928474426,0.172222226858139,0.1638333350419998,-4.820000171661377,0.1558333337306976,0.1800000071525573,0.2399999946355819,0.1416666656732559,0.1422527432441711,0.1899999976158142,0,0,0,0,0,0,0,6500000.0,8200000.0,8200000.0,5957143.0,6480000.0,7200000.0,0.3403499722480774,0.5014569759368896,0.4987626671791076,0.3956044018268585,0.4761904776096344,-0.0190476197749376,0.3468709290027618,0.4702778160572052,0.5001459121704102,0.5001459121704102,0.4390982091426849,0.4145479798316955,0.0065209516324102,-0.0311791375279426,0.0013832199620082,0.0065209516324102,0.0260838065296411,0.0260838065296411,-0.1247165501117706,0.0055328798480331,-0.0659340694546699,0.261904776096344,0.2904762029647827,-0.3956044018268585,0.0060014608316123,329.0,3.5,260.29998779296875,0,1,0,1,0,0,0,1,0,0,0.3468709290027618,0.7379487156867981,0.1916631907224655,0.7379487156867981,0.1916631907224655,0.2727272808551788,0.9090909361839294,0.6363636255264282,0.0909090936183929,3,0.5899848341941833,0.1357049494981765,1.0,0.7379487156867981,UNKNOWN,0,0,0,0,0,0,0.0,0.0,0.0,0.0,0.0,UNKNOWN,UNKNOWN,UNKNOWN,OPEN_SEX,UNKNOWN,0,0,0,OPEN_SEX,OPEN_SEX,OPEN_SEX,0,0,0,UNKNOWN,UNKNOWN,UNKNOWN,0,0,0,0,5800000.0,2300000.0,1500000.0,11050000.0,15.573369026184082,16.217941284179688,5800000.0,5900000.0,5900000.0,15.573369026184082,15.590462684631348,15.590462684631348,5900000.0,5866666.5,5850000.0,0.0,-66666.6640625,1.0,0.9886363744735718,202.45379638671875,77.95231628417969,202.676025390625,unknown,12,grade:unknown|condition:12,grade:unknown|condition:12,grade:unknown|condition:12,0.0,0.0,0.1019691379443662,5,DataFrame cached LightGBM F,F_CACHED,0,0,0
2026-0704-02-01-07-03,2023104338,ハヤブサブロー,2026-07-04,0,11,12,10,891.0,函館,芝,1700,11,3,0,0.0,0,0.0,0.0,0.0,0.0,0.0,3,3,13,9,5,24.0,7.0,5.0,5.0,12.0,15.100000381469728,0.0,0.0,0.0,0.0,0.0,0.0,0.0,0.0,2000,1800,1600,1700,0.1983333379030227,0.1714285761117935,0.1624999940395355,0.0998126119375228,0.1015482917428016,0.099211536347866,4.760000228881836,1.2000000476837158,0.8125,0.1983333379030227,0.1774206310510635,0.1830952316522598,-4.837500095367432,0.1983333379030227,0.1866666674613952,0.1890909075736999,0.1595940142869949,0.1678499281406402,0.157196968793869,0,0,5,0,0,0,0,7500000.0,21000000.0,7500000.0,6028571.5,13450000.0,6433333.5,0.235733687877655,0.3429360389709472,0.4519331455230713,0.2916666567325592,0.0833333358168602,0.0,0.2468737363815307,0.3384221494197845,0.4519331455230713,0.4519331455230713,0.3457430005073547,0.3153501451015472,0.0111400466412305,-0.0045138890855014,0.0,0.0111400466412305,0.0445601865649223,0.0445601865649223,-0.0180555563420057,-0.0,-0.1527777761220932,0.2166666686534881,0.0,-0.2916666567325592,0.0108838444575667,329.0,3.5,260.29998779296875,0,1,0,1,0,0,0,1,0,0,0.0,0.6333333253860474,0.1247219145298004,0.6333333253860474,0.1247219145298004,0.2727272808551788,0.9090909361839294,0.6363636255264282,0.0909090936183929,3,0.5899848341941833,0.1357049494981765,1.090909123420715,0.6909090876579285,UNKNOWN,0,0,0,0,0,0,0.0,0.0,0.0,0.0,0.0,UNKNOWN,UNKNOWN,UNKNOWN,OPEN_SEX,UNKNOWN,0,0,0,OPEN_SEX,OPEN_SEX,OPEN_SEX,0,0,0,UNKNOWN,UNKNOWN,UNKNOWN,0,0,0,0,5800000.0,2300000.0,1500000.0,11050000.0,15.573369026184082,16.217941284179688,5800000.0,5900000.0,5900000.0,15.573369026184082,15.590462684631348,15.590462684631348,5900000.0,5866666.5,5850000.0,0.0,-66666.6640625,1.0,0.9886363744735718,373.7608337402344,109.13323974609376,77.95231628417969,unknown,12,grade:unknown|condition:12,grade:unknown|condition:12,grade:unknown|condition:12,0.0,0.0,0.0328298170894301,8,DataFrame cached LightGBM F,F_CACHED,0,0,0
2026-0704-02-01-07-04,2023107192,ホウオウザロイヤル,2026-07-04,0,3,1,5,121.0,函館,芝,1200,16,0,0,0.0,0,0.0,0.0,0.0,0.0,0.0,0,0,0,0,0,0.0,0.0,0.0,0.0,0.0,0.0,0.0,0.0,0.0,0.0,0.0,0.0,0.0,0.0,0,0,0,1200,0.0,0.0,0.0,0.0,0.0,0.0,0.0,0.0,0.0,0.0,0.0,0.0,0.0,0.0,0.0,0.0,0.0,0.0,0.0,0,0,0,0,0,0,0,0.0,0.0,0.0,0.0,0.0,0.0,0.0,0.0,0.0,0.0,0.0,0.0,0.0,0.0,0.0,0.0,0.0,0.0,0.0,0.0,0.0,0.0,0.0,0.0,0.0,0.0,0.0,0.0,0.0,0.0,0.0,490.0,3.5,262.1000061035156,1,0,0,1,0,1,0,1,0,0,0.0,0.5,0.0,0.5,0.0,0.0,0.9375,1.0,0.0,0,0.5061858892440796,0.0242239646613597,0.0625,0.03125,UNKNOWN,0,0,0,0,0,0,0.0,0.0,0.0,0.0,0.0,UNKNOWN,UNKNOWN,UNKNOWN,OPEN_SEX,UNKNOWN,0,0,0,UNKNOWN,UNKNOWN,UNKNOWN,0,0,0,UNKNOWN,UNKNOWN,UNKNOWN,0,0,0,0,5800000.0,2300000.0,1500000.0,11050000.0,15.573369026184082,16.217941284179688,0.0,0.0,0.0,0.0,0.0,0.0,0.0,0.0,0.0,0.0,0.0,1.0,1.0,0.0,0.0,0.0,unknown,12,unknown,unknown,unknown,0.0,430.0,0.0419389483139114,6,DataFrame cached LightGBM F,F_CACHED,0,1,0
2026-0704-02-01-07-04,2023107342,ルージュフィーリア,2026-07-04,0,2,2,4,71.0,函館,芝,1200,16,0,0,0.0,0,0.0,0.0,0.0,0.0,0.0,0,0,0,0,0,0.0,0.0,0.0,0.0,0.0,0.0,0.0,0.0,0.0,0.0,0.0,0.0,0.0,0.0,0,0,0,1200,0.0,0.0,0.0,0.0,0.0,0.0,0.0,0.0,0.0,0.0,0.0,0.0,0.0,0.0,0.0,0.0,0.0,0.0,0.0,0,0,0,0,0,0,0,0.0,0.0,0.0,0.0,0.0,0.0,0.0,0.0,0.0,0.0,0.0,0.0,0.0,0.0,0.0,0.0,0.0,0.0,0.0,0.0,0.0,0.0,0.0,0.0,0.0,0.0,0.0,0.0,0.0,0.0,0.0,490.0,3.5,262.1000061035156,1,0,0,1,0,1,0,1,0,0,0.0,0.5,0.0,0.5,0.0,0.0,0.9375,1.0,0.0,0,0.5061858892440796,0.0242239646613597,0.125,0.0625,UNKNOWN,0,0,0,0,0,0,0.0,0.0,0.0,0.0,0.0,UNKNOWN,UNKNOWN,UNKNOWN,OPEN_SEX,UNKNOWN,0,0,0,UNKNOWN,UNKNOWN,UNKNOWN,0,0,0,UNKNOWN,UNKNOWN,UNKNOWN,0,0,0,0,5800000.0,2300000.0,1500000.0,11050000.0,15.573369026184082,16.217941284179688,0.0,0.0,0.0,0.0,0.0,0.0,0.0,0.0,0.0,0.0,0.0,1.0,1.0,0.0,0.0,0.0,unknown,12,unknown,unknown,unknown,0.0,290.0,0.0419389483139114,7,DataFrame cached LightGBM F,F_CACHED,0,1,0
2026-0704-02-01-07-04,2023102402,グローリアスダンス,2026-07-04,0,12,3,15,2834.0,函館,芝,1200,16,3,0,0.0,0,0.0,0.0,0.0,0.0,0.0,3,3,13,10,5,12.0,11.0,7.0,7.0,10.0,10.699999809265137,0.0,0.0,0.0,0.0,0.0,0.0,0.0,0.0,1400,1200,1200,1200,0.2549999952316284,0.2769230902194977,0.1555555611848831,0.1054704189300537,0.1112550795078277,0.0915553346276283,3.059999942779541,3.0461537837982178,1.0888888835906982,0.2769230902194977,0.2291595488786697,0.2416880279779434,-6.844444274902344,0.2549999952316284,0.2769230902194977,0.1555555611848831,0.1971581131219864,0.195343405008316,0.1368981450796127,0,0,0,0,0,0,0,7500000.0,11400000.0,8200000.0,6000000.0,6675000.0,7775000.0,0.2735541462898254,0.3441466093063354,0.4631202220916748,0.0,0.0,0.0,0.2735541462898254,0.3441466093063354,0.4631202220916748,0.4631202220916748,0.3602736592292785,0.3326450884342193,0.0,0.0,0.0,0.0,-0.0,-0.0,-0.0,-0.0,0.0,0.0,0.0,-0.0,0.0,490.0,3.5,262.1000061035156,1,0,0,1,0,1,0,1,0,0,0.0,0.5,0.0,0.5,0.0,0.0,0.9375,1.0,0.0,0,0.5061858892440796,0.0242239646613597,0.1875,0.09375,UNKNOWN,0,0,0,0,0,0,0.0,0.0,0.0,0.0,0.0,UNKNOWN,UNKNOWN,UNKNOWN,OPEN_SEX,UNKNOWN,0,0,0,OPEN_SEX,OPEN_SEX,OPEN_SEX,0,0,0,UNKNOWN,UNKNOWN,UNKNOWN,0,0,0,0,5800000.0,2300000.0,1500000.0,11050000.0,15.573369026184082,16.217941284179688,5900000.0,5900000.0,6500000.0,15.590462684631348,15.590462684631348,15.687313079833984,6500000.0,6100000.0,6020000.0,-100000.0,-300000.0,0.98305082321167,0.9508196711540222,187.08555603027344,171.49508666992188,109.81118774414062,unknown,12,grade:unknown|condition:12,grade:unknown|condition:12,grade:unknown|condition:12,0.0,0.0,0.0299503967450023,13,DataFrame cached LightGBM F,F_CACHED,0,0,0
2026-0704-02-01-07-04,2023104933,ブラックジャック,2026-07-04,0,9,4,2,46.0,函館,芝,1200,16,6,0,0.0,1,0.1666666716337204,0.0,0.3333333432674408,0.0,0.2000000029802322,2,6,2,9,9,2.0,11.0,28.0,2.0,13.666666984558104,9.899999618530272,0.0,0.0,0.0,0.0,0.0,0.0,0.0,0.0,1200,1600,1800,1200,0.1714285761117935,0.1949999928474426,0.1800000071525573,0.1052252575755119,0.1090502366423606,0.1238088309764862,0.342857152223587,2.1449999809265137,5.039999961853027,0.1949999928474426,0.1821428537368774,0.1802142858505249,-1.8285714387893677,0.1890909075736999,0.2630769312381744,0.270000010728836,0.1751731634140014,0.203461542725563,0.2359523773193359,0,0,0,8,0,0,0,5900000.0,7500000.0,200000000.0,5850000.0,6433333.5,61620000.0,0.5832011103630066,0.3425779640674591,0.2887161076068878,0.0,0.0,0.0,0.5832011103630066,0.3425779640674591,0.2887161076068878,0.5832011103630066,0.4048317372798919,0.4521171748638153,0.0,0.0,0.0,0.0,-0.0,-0.0,-0.0,-0.0,0.0,0.0,0.0,-0.0,0.0,490.0,3.5,262.1000061035156,1,0,0,1,0,1,0,1,0,0,0.5832011103630066,0.4989743530750274,0.0227382555603981,0.4989743530750274,0.0227382555603981,0.0,0.9375,1.0,0.0,0,0.5061858892440796,0.0242239646613597,0.25,0.1247435882687568,UNKNOWN,0,0,0,0,0,0,0.0,0.0,0.0,0.0,0.0,UNKNOWN,UNKNOWN,UNKNOWN,OPEN_SEX,UNKNOWN,0,0,0,OPEN_SEX,OPEN_SEX,OPEN_SEX,0,0,0,UNKNOWN,UNKNOWN,UNKNOWN,0,0,0,0,5800000.0,2300000.0,1500000.0,11050000.0,15.573369026184082,16.217941284179688,5800000.0,5900000.0,5600000.0,15.573369026184082,15.590462684631348,15.538277626037598,5900000.0,5766666.5,5790000.0,0.0,33333.33203125,1.0,1.0057803392410278,31.146738052368164,171.49508666992188,435.07177734375,unknown,12,grade:unknown|condition:12,grade:unknown|condition:12,grade:unknown|condition:11,0.0,0.0,0.092372985977725,3,DataFrame cached LightGBM F,F_CACHED,0,0,0
2026-0704-02-01-07-04,2023103518,ディサイドオンミー,2026-07-04,0,5,5,7,184.0,函館,芝,1200,16,5,0,0.0,1,0.2000000029802322,0.0,0.0,0.0,0.2000000029802322,3,5,8,8,15,12.0,6.0,10.0,6.0,9.333333015441896,9.800000190734863,0.0,0.0,0.0,0.0,0.0,0.0,0.0,0.0,1300,1200,1200,1200,0.2399999946355819,0.1624999940395355,0.1384615451097488,0.1181055679917335,0.1048270016908645,0.1078243851661682,2.880000114440918,0.975000023841858,1.384615421295166,0.2399999946355819,0.1803205162286758,0.1964423060417175,-5.837500095367432,0.2408333271741867,0.2215384542942047,0.2171428501605987,0.2295085489749908,0.1958916038274765,0.173121690750122,0,0,0,0,0,0,0,8200000.0,7500000.0,11400000.0,6360000.0,6433333.5,7325000.0,0.3692404329776764,0.3702294528484344,0.2265110313892364,0.0,0.0,0.0,0.3692404329776764,0.3702294528484344,0.2265110313892364,0.3702294528484344,0.3219936490058899,0.3409912586212158,0.0,0.0,0.0,0.0,-0.0,-0.0,-0.0,-0.0,0.0,0.0,0.0,-0.0,0.0,490.0,3.5,262.1000061035156,1,0,0,1,0,1,0,1,0,0,0.0,0.5,0.0,0.5,0.0,0.0,0.9375,1.0,0.0,0,0.5061858892440796,0.0242239646613597,0.3125,0.15625,UNKNOWN,0,0,0,0,0,0,0.0,0.0,0.0,0.0,0.0,UNKNOWN,UNKNOWN,UNKNOWN,OPEN_SEX,UNKNOWN,0,0,0,OPEN_SEX,OPEN_SEX,OPEN_SEX,0,0,0,UNKNOWN,UNKNOWN,UNKNOWN,0,0,0,0,5800000.0,2300000.0,1500000.0,11050000.0,15.573369026184082,16.217941284179688,5900000.0,5900000.0,5900000.0,15.590462684631348,15.590462684631348,15.590462684631348,5900000.0,5900000.0,5900000.0,-100000.0,-100000.0,0.98305082321167,0.98305082321167,187.08555603027344,93.54277801513672,155.90463256835938,unknown,12,grade:unknown|condition:12,grade:unknown|condition:12,grade:unknown|condition:12,0.0,0.0,0.0304233302343414,12,DataFrame cached LightGBM F,F_CACHED,0,0,0
2026-0704-02-01-07-04,2023102332,フクノアンタレス,2026-07-04,0,14,6,11,1024.0,函館,芝,1200,16,3,0,0.0,1,0.3333333432674408,0.0,0.3333333432674408,0.0,0.3333333432674408,2,3,14,14,3,13.0,15.0,2.0,2.0,10.0,11.399999618530272,0.0,0.0,0.0,0.0,0.0,0.0,0.0,0.0,1200,1600,1600,1200,0.1700000017881393,0.2275000065565109,0.1949999928474426,0.1075913086533546,0.1260206997394561,0.1080513820052146,2.2100000381469727,3.4124999046325684,0.3899999856948852,0.2275000065565109,0.197500005364418,0.1922499984502792,-1.8049999475479128,0.2215384542942047,0.2442857176065445,0.1949999928474426,0.1983699649572372,0.2150396853685379,0.1658333390951156,0,0,0,8,0,0,0,7500000.0,7500000.0,140000000.0,6000000.0,6333333.5,56166668.0,0.2092388719320297,0.2092380821704864,0.5591049194335938,0.0,0.0,0.0,0.2092388719320297,0.2092380821704864,0.5591049194335938,0.5591049194335938,0.3258606195449829,0.2792118489742279,0.0,0.0,0.0,0.0,-0.0,-0.0,-0.0,-0.0,0.0,0.0,0.0,-0.0,0.0,490.0,3.5,262.1000061035156,1,0,0,1,0,1,0,1,0,0,0.0,0.5,0.0,0.5,0.0,0.0,0.9375,1.0,0.0,0,0.5061858892440796,0.0242239646613597,0.375,0.1875,UNKNOWN,0,0,0,0,0,0,0.0,0.0,0.0,0.0,0.0,UNKNOWN,UNKNOWN,UNKNOWN,OPEN_SEX,UNKNOWN,0,0,0,OPEN_SEX,OPEN_SEX,OPEN_SEX,0,0,0,UNKNOWN,UNKNOWN,UNKNOWN,0,0,0,0,5800000.0,2300000.0,1500000.0,11050000.0,15.573369026184082,16.217941284179688,5900000.0,5900000.0,7500000.0,15.590462684631348,15.590462684631348,15.830413818359377,7500000.0,6433333.5,6220000.0,-100000.0,-633333.3125,0.98305082321167,0.9015544056892396,202.676025390625,233.85694885253903,31.66082763671875,unknown,12,grade:unknown|condition:12,grade:unknown|condition:12,grade:unknown|condition:11,0.0,0.0,0.0417198346583974,8,DataFrame cached LightGBM F,F_CACHED,0,0,0
2026-0704-02-01-07-04,2023103668,カテドラルクォーツ,2026-07-04,0,11,7,16,3471.0,函館,芝,1200,16,6,0,0.0,0,0.0,0.0,0.0,0.0,0.0,3,6,15,13,9,33.0,13.0,6.0,6.0,17.33333396911621,21.600000381469727,0.0,0.0,0.0,0.0,0.0,0.0,0.0,0.0,1400,1600,1200,1200,0.145454540848732,0.1624999940395355,0.1628571450710296,0.1055911034345626,0.1173618510365486,0.1120178252458572,4.800000190734863,2.112499952316284,0.977142870426178,0.1628571450710296,0.156937226653099,0.1540486961603164,-5.8371429443359375,0.2266666740179062,0.2442857176065445,0.2763636410236358,0.1854292899370193,0.21701680123806,0.2142640650272369,0,0,0,0,0,0,0,7500000.0,7500000.0,11400000.0,6066666.5,6433333.5,6844444.5,0.1825712919235229,0.2735525965690613,0.3686608374118805,0.0,0.0,0.0,0.1825712919235229,0.2735525965690613,0.3686608374118805,0.3686608374118805,0.2749282419681549,0.2470835894346237,0.0,0.0,0.0,0.0,-0.0,-0.0,-0.0,-0.0,0.0,0.0,0.0,-0.0,0.0,490.0,3.5,262.1000061035156,1,0,0,1,0,1,0,1,0,0,0.0,0.5,0.0,0.5,0.0,0.0,0.9375,1.0,0.0,0,0.5061858892440796,0.0242239646613597,0.4375,0.21875,UNKNOWN,0,0,0,0,0,0,0.0,0.0,0.0,0.0,0.0,UNKNOWN,UNKNOWN,UNKNOWN,OPEN_SEX,UNKNOWN,0,0,0,OPEN_SEX,OPEN_SEX,OPEN_SEX,0,0,0,UNKNOWN,UNKNOWN,UNKNOWN,0,0,0,0,5800000.0,2300000.0,1500000.0,11050000.0,15.573369026184082,16.217941284179688,5900000.0,5900000.0,5900000.0,15.590462684631348,15.590462684631348,15.590462684631348,5900000.0,5900000.0,5900000.0,-100000.0,-100000.0,0.98305082321167,0.98305082321167,514.4852905273438,202.676025390625,93.54277801513672,unknown,12,grade:unknown|condition:12,grade:unknown|condition:12,grade:unknown|condition:12,0.0,0.0,0.014210434858257,16,DataFrame cached LightGBM F,F_CACHED,0,0,0
2026-0704-02-01-07-04,2023106965,ソチミルコ,2026-07-04,0,13,8,9,258.0,函館,芝,1200,16,5,0,0.0,0,0.0,0.0,0.0,0.0,0.0,3,5,15,5,5,15.0,7.0,3.0,3.0,8.333333015441895,10.199999809265137,0.0,0.0,0.0,0.0,0.0,0.0,0.0,0.0,1400,1600,1400,1200,0.2549999952316284,0.2215384542942047,0.1661538481712341,0.1054704189300537,0.1098114997148513,0.1101076900959014,3.825000047683716,1.5507692098617554,0.4984615445137024,0.2549999952316284,0.2142307758331298,0.2271923124790191,-2.833846092224121,0.2549999952316284,0.2215384542942047,0.2549999952316284,0.1971581131219864,0.1938461512327194,0.2129772007465362,0,0,0,0,0,0,0,7500000.0,8200000.0,8200000.0,6000000.0,6237500.0,6312500.0,0.2264929860830307,0.449602723121643,0.4817018210887909,0.0,0.0,0.0,0.2264929860830307,0.449602723121643,0.4817018210887909,0.4817018210887909,0.3859325051307678,0.3444676697254181,0.0,0.0,0.0,0.0,-0.0,-0.0,-0.0,-0.0,0.0,0.0,0.0,-0.0,0.0,490.0,3.5,262.1000061035156,1,0,0,1,0,1,0,1,0,0,0.0,0.5,0.0,0.5,0.0,0.0,0.9375,1.0,0.0,0,0.5061858892440796,0.0242239646613597,0.5,0.25,UNKNOWN,0,0,0,0,0,0,0.0,0.0,0.0,0.0,0.0,UNKNOWN,UNKNOWN,UNKNOWN,OPEN_SEX,UNKNOWN,0,0,0,OPEN_SEX,OPEN_SEX,OPEN_SEX,0,0,0,UNKNOWN,UNKNOWN,UNKNOWN,0,0,0,0,5800000.0,2300000.0,1500000.0,11050000.0,15.573369026184082,16.217941284179688,5900000.0,5900000.0,5900000.0,15.590462684631348,15.590462684631348,15.590462684631348,5900000.0,5900000.0,5900000.0,-100000.0,-100000.0,0.98305082321167,0.98305082321167,233.85694885253903,109.13323974609376,46.77138900756836,unknown,12,grade:unknown|condition:12,grade:unknown|condition:12,grade:unknown|condition:12,0.0,0.0,0.0435865839830926,5,DataFrame cached LightGBM F,F_CACHED,0,0,0
2026-0704-02-01-07-04,2023104669,ゲレイロ,2026-07-04,0,6,9,13,1199.0,函館,芝,1200,16,7,0,0.0,0,0.0,0.0,0.0,0.0,0.0,5,7,7,4,5,11.0,3.0,5.0,3.0,6.333333492279053,7.400000095367432,0.0,0.0,0.0,0.0,0.0,0.0,0.0,0.0,1200,1150,1200,1200,0.209999993443489,0.1700000017881393,0.2933333218097687,0.1102641373872757,0.1143876239657402,0.105616495013237,2.309999942779541,0.5099999904632568,1.4666666984558103,0.2933333218097687,0.2244444489479065,0.2146666646003723,-2.8299999237060547,0.209999993443489,0.2215384542942047,0.2933333218097687,0.1955555528402328,0.1916239261627197,0.207539677619934,0,0,0,0,0,0,0,8200000.0,7500000.0,8200000.0,6560000.0,6000000.0,6140000.0,0.384482741355896,0.4958194494247436,0.4443140923976898,0.0,0.0,0.0,0.384482741355896,0.4958194494247436,0.4443140923976898,0.4958194494247436,0.4415387511253357,0.4298500120639801,0.0,0.0,0.0,0.0,-0.0,-0.0,-0.0,-0.0,0.0,0.0,0.0,-0.0,0.0,490.0,3.5,262.1000061035156,1,0,0,1,0,1,0,1,0,0,0.0,0.5,0.0,0.5,0.0,0.0,0.9375,1.0,0.0,0,0.5061858892440796,0.0242239646613597,0.5625,0.28125,UNKNOWN,0,0,0,0,0,0,0.0,0.0,0.0,0.0,0.0,UNKNOWN,UNKNOWN,UNKNOWN,OPEN_SEX,UNKNOWN,0,0,0,OPEN_SEX,OPEN_SEX,OPEN_SEX,0,0,0,UNKNOWN,UNKNOWN,UNKNOWN,0,0,0,0,5800000.0,2300000.0,1500000.0,11050000.0,15.573369026184082,16.217941284179688,5900000.0,5900000.0,5900000.0,15.590462684631348,15.590462684631348,15.590462684631348,5900000.0,5900000.0,5900000.0,-100000.0,-100000.0,0.98305082321167,0.98305082321167,171.49508666992188,46.77138900756836,77.95231628417969,unknown,12,grade:unknown|condition:12,grade:unknown|condition:12,grade:unknown|condition:12,0.0,0.0,0.0687070278536916,4,DataFrame cached LightGBM F,F_CACHED,0,0,0
2026-0704-02-01-07-04,2023101675,チェリーブルーム,2026-07-04,0,10,10,14,2306.0,函館,芝,1200,16,4,0,0.0,0,0.0,0.0,0.0,0.0,0.0,1,4,8,13,10,12.0,15.0,13.0,12.0,13.333333015441896,13.100000381469728,0.0,0.0,0.0,0.0,0.0,0.0,0.0,0.0,1200,1600,1600,1200,0.2177777737379074,0.2549999952316284,0.2353846132755279,0.1071894317865371,0.1300821602344513,0.1337742805480957,2.613333225250244,3.825000047683716,3.059999942779541,0.2549999952316284,0.2360541373491287,0.2324658185243606,-11.782221794128418,0.2177777737379074,0.2549999952316284,0.2666666805744171,0.1794444471597671,0.237016811966896,0.2319658100605011,0,0,6,6,0,0,0,11400000.0,41000000.0,41000000.0,7675000.0,11714286.0,16950000.0,0.3692404329776764,0.2359047532081604,0.195383682847023,0.0,0.0,0.0,0.3692404329776764,0.2359047532081604,0.195383682847023,0.3692404329776764,0.2668429613113403,0.2944683730602264,0.0,0.0,0.0,0.0,-0.0,-0.0,-0.0,-0.0,0.0,0.0,0.0,-0.0,0.0,490.0,3.5,262.1000061035156,1,0,0,1,0,1,0,1,0,0,0.0,0.5,0.0,0.5,0.0,0.0,0.9375,1.0,0.0,0,0.5061858892440796,0.0242239646613597,0.625,0.3125,UNKNOWN,0,0,0,0,0,0,0.0,0.0,0.0,0.0,0.0,UNKNOWN,UNKNOWN,UNKNOWN,OPEN_SEX,UNKNOWN,0,0,0,OPEN_SEX,OPEN_SEX,OPEN_SEX,0,0,0,UNKNOWN,UNKNOWN,UNKNOWN,0,0,0,0,5800000.0,2300000.0,1500000.0,11050000.0,15.573369026184082,16.217941284179688,5900000.0,5900000.0,5600000.0,15.590462684631348,15.590462684631348,15.538277626037598,5900000.0,5800000.0,5840000.0,-100000.0,0.0,0.98305082321167,1.0,187.08555603027344,233.85694885253903,201.9976043701172,unknown,12,grade:unknown|condition:12,grade:unknown|condition:12,grade:unknown|condition:11,0.0,0.0,0.0147821103058547,15,DataFrame cached LightGBM F,F_CACHED,0,0,0
2026-0704-02-01-07-04,2023100610,フルムーン,2026-07-04,0,16,11,1,25.0,函館,芝,1200,16,4,0,0.0,3,0.75,0.0,0.6666666865348816,0.0,0.75,2,4,6,2,3,4.0,2.0,5.0,2.0,3.6666667461395264,3.5999999046325684,0.0,0.0,0.0,0.0,0.0,0.0,0.0,0.0,1200,1200,1200,1200,0.1700000017881393,0.2533333301544189,0.095238097012043,0.1164604350924491,0.1111831590533256,0.1108330637216568,0.6800000071525574,0.5066666603088379,0.4761904776096344,0.2533333301544189,0.1728571355342865,0.1800476163625717,-1.746666669845581,0.2076923102140426,0.2533333301544189,0.1711111068725586,0.1941249519586563,0.1981481462717056,0.158544972538948,0,0,0,6,0,0,0,7500000.0,8200000.0,31000000.0,6085714.5,6200000.0,12412500.0,0.4298975467681885,0.5865093469619751,0.4853506684303283,0.0,0.0,0.0,0.4298975467681885,0.5865093469619751,0.4853506684303283,0.5865093469619751,0.5005858540534973,0.4879717230796814,0.0,0.0,0.0,0.0,-0.0,-0.0,-0.0,-0.0,0.0,0.0,0.0,-0.0,0.0,490.0,3.5,262.1000061035156,1,0,0,1,0,1,0,1,0,0,0.0,0.5,0.0,0.5,0.0,0.0,0.9375,1.0,0.0,0,0.5061858892440796,0.0242239646613597,0.6875,0.34375,UNKNOWN,0,0,0,0,0,0,0.0,0.0,0.0,0.0,0.0,UNKNOWN,UNKNOWN,UNKNOWN,OPEN_SEX,UNKNOWN,0,0,0,OPEN_SEX,OPEN_SEX,OPEN_SEX,0,0,0,UNKNOWN,UNKNOWN,UNKNOWN,0,0,0,0,5800000.0,2300000.0,1500000.0,11050000.0,15.573369026184082,16.217941284179688,5900000.0,5900000.0,5600000.0,15.590462684631348,15.590462684631348,15.538277626037598,5900000.0,5800000.0,5840000.0,-100000.0,0.0,0.98305082321167,1.0,62.36185073852539,31.180925369262695,77.6913833618164,unknown,12,grade:unknown|condition:12,grade:unknown|condition:12,grade:unknown|condition:11,0.0,0.0,0.1633799287778618,2,DataFrame cached LightGBM F,F_CACHED,0,0,0
2026-0704-02-01-07-04,2023103612,オリヒメボシ,2026-07-04,0,8,12,8,249.0,函館,芝,1200,16,4,0,0.0,0,0.0,0.0,0.0,0.0,0.0,2,4,8,14,14,8.0,23.0,17.0,8.0,16.0,14.300000190734863,0.0,0.0,0.0,0.0,0.0,0.0,0.0,0.0,1400,1200,1200,1200,0.1866666674613952,0.1745454519987106,0.1866666674613952,0.1125216409564018,0.1231081709265708,0.1295931488275528,1.493333339691162,4.014545440673828,3.1733334064483643,0.1866666674613952,0.182626262307167,0.1830303072929382,-7.813333511352539,0.2618181705474853,0.2549999952316284,0.2549999952316284,0.2294949442148208,0.2349999994039535,0.2525213658809662,0,0,0,0,0,0,0,8200000.0,8200000.0,8200000.0,6875000.0,6450000.0,6800000.0,0.3913329243659973,0.1844760626554489,0.2092379778623581,0.0,0.0,0.0,0.3913329243659973,0.1844760626554489,0.2092379778623581,0.3913329243659973,0.2616823315620422,0.2928568720817566,0.0,0.0,0.0,0.0,-0.0,-0.0,-0.0,-0.0,0.0,0.0,0.0,-0.0,0.0,490.0,3.5,262.1000061035156,1,0,0,1,0,1,0,1,0,0,0.0,0.5,0.0,0.5,0.0,0.0,0.9375,1.0,0.0,0,0.5061858892440796,0.0242239646613597,0.75,0.375,UNKNOWN,0,0,0,0,0,0,0.0,0.0,0.0,0.0,0.0,UNKNOWN,UNKNOWN,UNKNOWN,OPEN_SEX,UNKNOWN,0,0,0,OPEN_SEX,OPEN_SEX,OPEN_SEX,0,0,0,UNKNOWN,UNKNOWN,UNKNOWN,0,0,0,0,5800000.0,2300000.0,1500000.0,11050000.0,15.573369026184082,16.217941284179688,5900000.0,5900000.0,5900000.0,15.590462684631348,15.590462684631348,15.590462684631348,5900000.0,5900000.0,5900000.0,-100000.0,-100000.0,0.98305082321167,0.98305082321167,124.72370147705078,358.5806579589844,265.0378723144531,unknown,12,grade:unknown|condition:12,grade:unknown|condition:12,grade:unknown|condition:12,0.0,0.0,0.0205925976711484,14,DataFrame cached LightGBM F,F_CACHED,0,0,0
2026-0704-02-01-07-04,2023101873,スカイプレリュード,2026-07-04,0,15,13,12,1038.0,函館,芝,1200,16,5,0,0.0,0,0.0,0.0,0.0,0.0,0.0,3,5,9,5,7,8.0,4.0,20.0,4.0,10.666666984558104,9.199999809265137,0.0,0.0,0.0,0.0,0.0,0.0,0.0,0.0,1200,1200,1400,1200,0.1700000017881393,0.1800000071525573,0.1949999928474426,0.1075913086533546,0.1003075391054153,0.1323867440223693,1.3600000143051147,0.7200000286102295,3.900000095367432,0.1949999928474426,0.1816666722297668,0.1780000030994415,-3.819999933242798,0.2215384542942047,0.1800000071525573,0.2399999946355819,0.1983699649572372,0.158888891339302,0.2199999988079071,0,0,0,0,0,0,0,7500000.0,7500000.0,8200000.0,6000000.0,6160000.0,6866666.5,0.342705488204956,0.4565642178058624,0.2892379760742187,0.0,0.0,0.0,0.342705488204956,0.4565642178058624,0.2892379760742187,0.4565642178058624,0.3628358840942383,0.3661696016788482,0.0,0.0,0.0,0.0,-0.0,-0.0,-0.0,-0.0,0.0,0.0,0.0,-0.0,0.0,490.0,3.5,262.1000061035156,1,0,0,1,0,1,0,1,0,0,0.0,0.6000000238418579,0.2000000029802322,0.6000000238418579,0.2000000029802322,0.0,0.9375,1.0,0.0,0,0.5061858892440796,0.0242239646613597,0.8125,0.4875000119209289,UNKNOWN,0,0,0,0,0,0,0.0,0.0,0.0,0.0,0.0,UNKNOWN,UNKNOWN,UNKNOWN,OPEN_SEX,UNKNOWN,0,0,0,OPEN_SEX,OPEN_SEX,OPEN_SEX,0,0,0,UNKNOWN,UNKNOWN,UNKNOWN,0,0,0,0,5800000.0,2300000.0,1500000.0,11050000.0,15.573369026184082,16.217941284179688,5900000.0,5900000.0,5900000.0,15.590462684631348,15.590462684631348,15.590462684631348,5900000.0,5900000.0,5900000.0,-100000.0,-100000.0,0.98305082321167,0.98305082321167,124.72370147705078,62.36185073852539,311.80926513671875,unknown,12,grade:unknown|condition:12,grade:unknown|condition:12,grade:unknown|condition:12,0.0,0.0,0.0379745590364767,9,DataFrame cached LightGBM F,F_CACHED,0,0,0
2026-0704-02-01-07-04,2023105797,ロードクラシコ,2026-07-04,1,1,14,6,172.0,函館,芝,1200,16,3,0,0.0,0,0.0,0.0,0.0,0.0,0.0,1,3,9,11,11,7.0,7.0,11.0,7.0,8.333333015441895,7.800000190734863,0.0,0.0,0.0,0.0,0.0,0.0,0.0,0.0,1600,1200,1600,1200,0.1661538481712341,0.2399999946355819,0.1555555611848831,0.1056876555085182,0.1051418930292129,0.1139976680278778,1.163076877593994,1.6799999475479126,1.711111068725586,0.2399999946355819,0.1872364729642868,0.1861880272626876,-6.760000228881836,0.2408333271741867,0.2399999946355819,0.2266666740179062,0.1906623989343643,0.2142857164144516,0.1874074041843414,0,0,0,0,0,0,0,7500000.0,11400000.0,16000000.0,5900000.0,7150000.0,11500000.0,0.3678631484508514,0.320453405380249,0.2249774783849716,0.0,0.0,0.0,0.3678631484508514,0.320453405380249,0.2249774783849716,0.3678631484508514,0.3044313490390777,0.3250630795955658,0.0,0.0,0.0,0.0,-0.0,-0.0,-0.0,-0.0,0.0,0.0,0.0,-0.0,0.0,490.0,3.5,262.1000061035156,1,0,0,1,0,1,0,1,0,0,0.0,0.5,0.0,0.5,0.0,0.0,0.9375,1.0,0.0,0,0.5061858892440796,0.0242239646613597,0.875,0.4375,UNKNOWN,0,0,0,0,0,0,0.0,0.0,0.0,0.0,0.0,UNKNOWN,UNKNOWN,UNKNOWN,OPEN_SEX,UNKNOWN,0,0,0,OPEN_SEX,OPEN_SEX,OPEN_SEX,0,0,0,UNKNOWN,UNKNOWN,UNKNOWN,0,0,0,0,5800000.0,2300000.0,1500000.0,11050000.0,15.573369026184082,16.217941284179688,5800000.0,5600000.0,7500000.0,15.573369026184082,15.538277626037598,15.830413818359377,7500000.0,6300000.0,6080000.0,0.0,-500000.0,1.0,0.920634925365448,109.01358032226562,108.7679443359375,174.13455200195312,unknown,12,grade:unknown|condition:12,grade:unknown|condition:11,grade:unknown|condition:11,1720.0,460.0,0.0352468925799405,11,DataFrame cached LightGBM F,F_CACHED,1,1,0
2026-0704-02-01-07-04,2023102151,スッサンエア,2026-07-04,0,4,15,3,58.0,函館,芝,1200,16,4,0,0.0,2,0.5,0.0,0.3333333432674408,0.0,0.5,4,4,3,8,4,1.0,6.0,2.0,1.0,3.0,2.700000047683716,0.0,0.0,0.0,0.0,0.0,0.0,0.0,0.0,1200,1400,1200,1200,0.1700000017881393,0.1661538481712341,0.1628571450710296,0.1164604350924491,0.1101076900959014,0.1120178252458572,0.1700000017881393,0.9969230890274048,0.3257142901420593,0.1700000017881393,0.1663369983434677,0.1674175858497619,-0.8299999833106995,0.2076923102140426,0.2549999952316284,0.2763636410236358,0.1941249519586563,0.2129772007465362,0.2142640650272369,0,0,0,0,0,0,0,7500000.0,8200000.0,11400000.0,6085714.5,6312500.0,6844444.5,0.6497230529785156,0.3921902477741241,0.5394505262374878,0.0,0.0,0.0,0.6497230529785156,0.3921902477741241,0.5394505262374878,0.6497230529785156,0.5271213054656982,0.5504087209701538,0.0,0.0,0.0,0.0,-0.0,-0.0,-0.0,-0.0,0.0,0.0,0.0,-0.0,0.0,490.0,3.5,262.1000061035156,1,0,0,1,0,1,0,1,0,0,0.0,0.5,0.0,0.5,0.0,0.0,0.9375,1.0,0.0,0,0.5061858892440796,0.0242239646613597,0.9375,0.46875,UNKNOWN,0,0,0,0,0,0,0.0,0.0,0.0,0.0,0.0,UNKNOWN,UNKNOWN,UNKNOWN,OPEN_SEX,UNKNOWN,0,0,0,OPEN_SEX,OPEN_SEX,OPEN_SEX,0,0,0,UNKNOWN,UNKNOWN,UNKNOWN,0,0,0,0,5800000.0,2300000.0,1500000.0,11050000.0,15.573369026184082,16.217941284179688,5900000.0,5900000.0,5900000.0,15.590462684631348,15.590462684631348,15.590462684631348,5900000.0,5900000.0,5900000.0,-100000.0,-100000.0,0.98305082321167,0.98305082321167,15.590462684631348,93.54277801513672,31.180925369262695,unknown,12,grade:unknown|condition:12,grade:unknown|condition:12,grade:unknown|condition:12,0.0,0.0,0.1756661694916566,1,DataFrame cached LightGBM F,F_CACHED,0,0,1
2026-0704-02-01-07-04,2023106291,ヤジロベエバランス,2026-07-04,0,7,16,10,723.0,函館,芝,1200,16,3,0,0.0,0,0.0,0.0,0.0,0.0,0.0,3,3,7,8,7,10.0,27.0,12.0,10.0,16.33333396911621,15.5,0.0,0.0,0.0,0.0,0.0,0.0,0.0,0.0,1400,1200,1600,1200,0.1555555611848831,0.1938461512327194,0.2057142853736877,0.1007353886961937,0.0976481661200523,0.1072726175189018,1.5555555820465088,5.233846187591553,2.468571424484253,0.2057142853736877,0.1850386708974838,0.1770744770765304,-9.844444274902344,0.2442857176065445,0.1938461512327194,0.2057142853736877,0.179947093129158,0.1404487192630767,0.1906084716320037,0,0,0,0,0,0,0,7500000.0,11400000.0,8200000.0,6300000.0,7612500.0,7350000.0,0.4147463142871856,0.3692379593849182,0.3968755900859833,0.0,0.0,0.0,0.4147463142871856,0.3692379593849182,0.3968755900859833,0.4147463142871856,0.393619954586029,0.3975196778774261,0.0,0.0,0.0,0.0,-0.0,-0.0,-0.0,-0.0,0.0,0.0,0.0,-0.0,0.0,490.0,3.5,262.1000061035156,1,0,0,1,0,1,0,1,0,0,0.0,0.5,0.0,0.5,0.0,0.0,0.9375,1.0,0.0,0,0.5061858892440796,0.0242239646613597,1.0,0.5,UNKNOWN,0,0,0,0,0,0,0.0,0.0,0.0,0.0,0.0,UNKNOWN,UNKNOWN,UNKNOWN,OPEN_SEX,UNKNOWN,0,0,0,OPEN_SEX,OPEN_SEX,OPEN_SEX,0,0,0,UNKNOWN,UNKNOWN,UNKNOWN,0,0,0,0,5800000.0,2300000.0,1500000.0,11050000.0,15.573369026184082,16.217941284179688,5900000.0,5900000.0,6500000.0,15.590462684631348,15.590462684631348,15.687313079833984,6500000.0,6100000.0,6020000.0,-100000.0,-300000.0,0.98305082321167,0.9508196711540222,155.90463256835938,420.9425048828125,188.2477569580078,unknown,12,grade:unknown|condition:12,grade:unknown|condition:12,grade:unknown|condition:12,0.0,0.0,0.0362968288224933,10,DataFrame cached LightGBM F,F_CACHED,0,0,0
2026-0704-02-01-07-05,2024105553,リキサンステラ,2026-07-04,0,4,1,3,46.0,函館,芝,1000,5,0,0,0.0,0,0.0,0.0,0.0,0.0,0.0,0,0,0,0,0,0.0,0.0,0.0,0.0,0.0,0.0,0.0,0.0,0.0,0.0,0.0,0.0,0.0,0.0,0,0,0,1000,0.0,0.0,0.0,0.0,0.0,0.0,0.0,0.0,0.0,0.0,0.0,0.0,0.0,0.0,0.0,0.0,0.0,0.0,0.0,0,0,0,0,0,0,0,0.0,0.0,0.0,0.0,0.0,0.0,0.0,0.0,0.0,0.0,0.0,0.0,0.0,0.0,0.0,0.0,0.0,0.0,0.0,0.0,0.0,0.0,0.0,0.0,0.0,0.0,0.0,0.0,0.0,0.0,0.0,366.0,3.5,260.29998779296875,1,0,0,1,0,0,0,0,0,0,0.0,0.5,0.0,0.5,0.0,0.0,1.0,1.0,0.0,0,0.5,0.0,0.2000000029802322,0.1000000014901161,UNKNOWN,0,0,0,0,0,0,0.0,0.0,0.0,0.0,0.0,UNKNOWN,UNKNOWN,UNKNOWN,OPEN_SEX,UNKNOWN,0,0,0,UNKNOWN,UNKNOWN,UNKNOWN,0,0,0,UNKNOWN,UNKNOWN,UNKNOWN,0,0,0,0,7800000.0,3100000.0,2000000.0,14880000.0,15.869634628295898,16.515527725219727,0.0,0.0,0.0,0.0,0.0,0.0,0.0,0.0,0.0,0.0,0.0,1.0,1.0,0.0,0.0,0.0,unknown,11,unknown,unknown,unknown,0.0,0.0,0.1275510625634744,4,DataFrame cached LightGBM F,F_CACHED,0,0,0
2026-0704-02-01-07-05,2024104218,リアルクウカイ,2026-07-04,0,2,2,5,337.0,函館,芝,1000,5,0,0,0.0,0,0.0,0.0,0.0,0.0,0.0,0,0,0,0,0,0.0,0.0,0.0,0.0,0.0,0.0,0.0,0.0,0.0,0.0,0.0,0.0,0.0,0.0,0,0,0,1000,0.0,0.0,0.0,0.0,0.0,0.0,0.0,0.0,0.0,0.0,0.0,0.0,0.0,0.0,0.0,0.0,0.0,0.0,0.0,0,0,0,0,0,0,0,0.0,0.0,0.0,0.0,0.0,0.0,0.0,0.0,0.0,0.0,0.0,0.0,0.0,0.0,0.0,0.0,0.0,0.0,0.0,0.0,0.0,0.0,0.0,0.0,0.0,0.0,0.0,0.0,0.0,0.0,0.0,366.0,3.5,260.29998779296875,1,0,0,1,0,0,0,0,0,0,0.0,0.5,0.0,0.5,0.0,0.0,1.0,1.0,0.0,0,0.5,0.0,0.4000000059604645,0.2000000029802322,UNKNOWN,0,0,0,0,0,0,0.0,0.0,0.0,0.0,0.0,UNKNOWN,UNKNOWN,UNKNOWN,OPEN_SEX,UNKNOWN,0,0,0,UNKNOWN,UNKNOWN,UNKNOWN,0,0,0,UNKNOWN,UNKNOWN,UNKNOWN,0,0,0,0,7800000.0,3100000.0,2000000.0,14880000.0,15.869634628295898,16.515527725219727,0.0,0.0,0.0,0.0,0.0,0.0,0.0,0.0,0.0,0.0,0.0,1.0,1.0,0.0,0.0,0.0,unknown,11,unknown,unknown,unknown,0.0,790.0,0.1275510625634744,5,DataFrame cached LightGBM F,F_CACHED,0,1,0
2026-0704-02-01-07-05,2024104113,ダマスク,2026-07-04,1,1,3,1,15.0,函館,芝,1000,5,0,0,0.0,0,0.0,0.0,0.0,0.0,0.0,0,0,0,0,0,0.0,0.0,0.0,0.0,0.0,0.0,0.0,0.0,0.0,0.0,0.0,0.0,0.0,0.0,0,0,0,1000,0.0,0.0,0.0,0.0,0.0,0.0,0.0,0.0,0.0,0.0,0.0,0.0,0.0,0.0,0.0,0.0,0.0,0.0,0.0,0,0,0,0,0,0,0,0.0,0.0,0.0,0.0,0.0,0.0,0.0,0.0,0.0,0.0,0.0,0.0,0.0,0.0,0.0,0.0,0.0,0.0,0.0,0.0,0.0,0.0,0.0,0.0,0.0,0.0,0.0,0.0,0.0,0.0,0.0,366.0,3.5,260.29998779296875,1,0,0,1,0,0,0,0,0,0,0.0,0.5,0.0,0.5,0.0,0.0,1.0,1.0,0.0,0,0.5,0.0,0.6000000238418579,0.3000000119209289,UNKNOWN,0,0,0,0,0,0,0.0,0.0,0.0,0.0,0.0,UNKNOWN,UNKNOWN,UNKNOWN,OPEN_SEX,UNKNOWN,0,0,0,UNKNOWN,UNKNOWN,UNKNOWN,0,0,0,UNKNOWN,UNKNOWN,UNKNOWN,0,0,0,0,7800000.0,3100000.0,2000000.0,14880000.0,15.869634628295898,16.515527725219727,0.0,0.0,0.0,0.0,0.0,0.0,0.0,0.0,0.0,0.0,0.0,1.0,1.0,0.0,0.0,0.0,unknown,11,unknown,unknown,unknown,150.0,110.0,0.1282817848947075,1,DataFrame cached LightGBM F,F_CACHED,1,1,0
2026-0704-02-01-07-05,2024105019,ロゼハイスクール,2026-07-04,0,5,4,4,102.0,函館,芝,1000,5,0,0,0.0,0,0.0,0.0,0.0,0.0,0.0,0,0,0,0,0,0.0,0.0,0.0,0.0,0.0,0.0,0.0,0.0,0.0,0.0,0.0,0.0,0.0,0.0,0,0,0,1000,0.0,0.0,0.0,0.0,0.0,0.0,0.0,0.0,0.0,0.0,0.0,0.0,0.0,0.0,0.0,0.0,0.0,0.0,0.0,0,0,0,0,0,0,0,0.0,0.0,0.0,0.0,0.0,0.0,0.0,0.0,0.0,0.0,0.0,0.0,0.0,0.0,0.0,0.0,0.0,0.0,0.0,0.0,0.0,0.0,0.0,0.0,0.0,0.0,0.0,0.0,0.0,0.0,0.0,366.0,3.5,260.29998779296875,1,0,0,1,0,0,0,0,0,0,0.0,0.5,0.0,0.5,0.0,0.0,1.0,1.0,0.0,0,0.5,0.0,0.800000011920929,0.4000000059604645,UNKNOWN,0,0,0,0,0,0,0.0,0.0,0.0,0.0,0.0,UNKNOWN,UNKNOWN,UNKNOWN,OPEN_SEX,UNKNOWN,0,0,0,UNKNOWN,UNKNOWN,UNKNOWN,0,0,0,UNKNOWN,UNKNOWN,UNKNOWN,0,0,0,0,7800000.0,3100000.0,2000000.0,14880000.0,15.869634628295898,16.515527725219727,0.0,0.0,0.0,0.0,0.0,0.0,0.0,0.0,0.0,0.0,0.0,1.0,1.0,0.0,0.0,0.0,unknown,11,unknown,unknown,unknown,0.0,0.0,0.1282817848947075,2,DataFrame cached LightGBM F,F_CACHED,0,0,0
2026-0704-02-01-07-05,2024103569,ヴァイタリズム,2026-07-04,0,3,5,2,38.0,函館,芝,1000,5,0,0,0.0,0,0.0,0.0,0.0,0.0,0.0,0,0,0,0,0,0.0,0.0,0.0,0.0,0.0,0.0,0.0,0.0,0.0,0.0,0.0,0.0,0.0,0.0,0,0,0,1000,0.0,0.0,0.0,0.0,0.0,0.0,0.0,0.0,0.0,0.0,0.0,0.0,0.0,0.0,0.0,0.0,0.0,0.0,0.0,0,0,0,0,0,0,0,0.0,0.0,0.0,0.0,0.0,0.0,0.0,0.0,0.0,0.0,0.0,0.0,0.0,0.0,0.0,0.0,0.0,0.0,0.0,0.0,0.0,0.0,0.0,0.0,0.0,0.0,0.0,0.0,0.0,0.0,0.0,366.0,3.5,260.29998779296875,1,0,0,1,0,0,0,0,0,0,0.0,0.5,0.0,0.5,0.0,0.0,1.0,1.0,0.0,0,0.5,0.0,1.0,0.5,UNKNOWN,0,0,0,0,0,0,0.0,0.0,0.0,0.0,0.0,UNKNOWN,UNKNOWN,UNKNOWN,OPEN_SEX,UNKNOWN,0,0,0,UNKNOWN,UNKNOWN,UNKNOWN,0,0,0,UNKNOWN,UNKNOWN,UNKNOWN,0,0,0,0,7800000.0,3100000.0,2000000.0,14880000.0,15.869634628295898,16.515527725219727,0.0,0.0,0.0,0.0,0.0,0.0,0.0,0.0,0.0,0.0,0.0,1.0,1.0,0.0,0.0,0.0,unknown,11,unknown,unknown,unknown,0.0,0.0,0.1282817848947075,3,DataFrame cached LightGBM F,F_CACHED,0,1,0
2026-0704-02-01-07-06,2023101756,メイショウセンドウ,2026-07-04,0,4,1,5,113.0,函館,芝,1700,13,7,0,0.0,1,0.1428571492433548,0.0,0.3333333432674408,0.0,0.2000000029802322,4,7,2,4,6,3.0,29.0,15.0,3.0,15.666666984558104,13.199999809265137,0.0,0.0,0.0,0.0,0.0,0.0,0.0,0.0,1700,1800,1800,1700,0.1384615451097488,0.1800000071525573,0.1938461512327194,0.1036286726593971,0.1077222228050232,0.1045914813876152,0.4153846204280853,5.21999979019165,2.907692193984986,0.1938461512327194,0.1707692295312881,0.1620000004768371,-2.8615384101867676,0.1650000065565109,0.1800000071525573,0.1938461512327194,0.1461538523435592,0.1630555540323257,0.1827972084283828,0,0,0,0,0,0,0,8200000.0,7500000.0,11400000.0,6337500.0,6220000.0,6712500.0,0.5423151850700378,0.4225713014602661,0.4225714206695556,-0.2692307829856872,0.0444444455206394,0.016666667535901,0.5241938829421997,0.4187853038311004,0.4208353161811828,0.5241938829421997,0.454604834318161,0.4718995988368988,-0.0181213021278381,-0.0037860083393752,-0.0017361111240461,-0.0017361111240461,-0.0069444444961845,-0.0724852085113525,-0.015144033357501,-0.0069444444961845,-0.2692307829856872,0.3407407402992248,0.4166666567325592,0.2692307829856872,-0.0166195891797542,329.0,3.5,260.29998779296875,0,1,0,1,0,0,0,1,0,0,0.5241938829421997,0.3944444358348846,0.1705474108457565,0.3944444358348846,0.1705474108457565,0.3846153914928436,0.692307710647583,0.5384615659713745,0.0769230797886848,5,0.5665267109870911,0.1715514510869979,0.0769230797886848,0.0303418803960084,UNKNOWN,0,0,0,0,0,0,0.0,0.0,0.0,0.0,0.0,UNKNOWN,UNKNOWN,UNKNOWN,OPEN_SEX,UNKNOWN,0,0,0,OPEN_SEX,OPEN_SEX,OPEN_SEX,0,0,0,UNKNOWN,UNKNOWN,UNKNOWN,0,0,0,0,5800000.0,2300000.0,1500000.0,11050000.0,15.573369026184082,16.217941284179688,5800000.0,5900000.0,5900000.0,15.573369026184082,15.590462684631348,15.590462684631348,5900000.0,5866666.5,5850000.0,0.0,-66666.6640625,1.0,0.9886363744735718,46.7201042175293,452.1234436035156,233.85694885253903,unknown,12,grade:unknown|condition:12,grade:unknown|condition:12,grade:unknown|condition:12,0.0,0.0,0.1149373206500983,3,DataFrame cached LightGBM F,F_CACHED,0,0,0
2026-0704-02-01-07-06,2023103577,ブレイズランナー,2026-07-04,0,3,2,3,78.0,函館,芝,1700,13,7,0,0.0,3,0.4285714328289032,0.0,0.3333333432674408,0.0,0.6000000238418579,4,7,3,5,7,2.0,13.0,20.0,2.0,11.666666984558104,8.899999618530273,0.0,0.0,0.0,0.0,0.0,0.0,0.0,0.0,1700,1800,1800,1700,0.1416666656732559,0.2036363631486892,0.1938461512327194,0.1049049571156501,0.1186115592718124,0.1137248948216438,0.2833333313465118,2.647272825241089,3.876923084259033,0.2036363631486892,0.1797163933515548,0.1706934720277786,-1.8583333492279053,0.1558333337306976,0.2036363631486892,0.2266666740179062,0.1416666656732559,0.1859090924263,0.2075783461332321,0,0,0,0,0,0,0,6500000.0,8200000.0,8200000.0,5957143.0,7150000.0,6600000.0,0.5483293533325195,0.4328286051750183,0.3959046304225921,0.0109890112653374,0.1538461595773697,0.2750000059604645,0.5485104918479919,0.4298700392246246,0.3968594968318939,0.5485104918479919,0.4584133327007293,0.4825881421566009,0.000181137540494,-0.0029585799202322,0.0009548611124046,0.0009548611124046,0.0038194444496184,0.0007245501619763,-0.0118343196809291,0.0038194444496184,-0.0659340694546699,0.0769230797886848,-0.0138888889923691,-0.0109890112653374,0.0001667072356212,329.0,3.5,260.29998779296875,0,1,0,1,0,0,0,1,0,0,0.5485104918479919,0.7128205299377441,0.0963775143027305,0.7128205299377441,0.0963775143027305,0.3846153914928436,0.692307710647583,0.5384615659713745,0.0769230797886848,5,0.5665267109870911,0.1715514510869979,0.1538461595773697,0.1096646934747695,UNKNOWN,0,0,0,0,0,0,0.0,0.0,0.0,0.0,0.0,UNKNOWN,UNKNOWN,UNKNOWN,OPEN_SEX,UNKNOWN,0,0,0,OPEN_SEX,OPEN_SEX,OPEN_SEX,0,0,0,UNKNOWN,UNKNOWN,UNKNOWN,0,0,0,0,5800000.0,2300000.0,1500000.0,11050000.0,15.573369026184082,16.217941284179688,5800000.0,5900000.0,5900000.0,15.573369026184082,15.590462684631348,15.590462684631348,5900000.0,5866666.5,5850000.0,0.0,-66666.6640625,1.0,0.9886363744735718,31.146738052368164,202.676025390625,311.80926513671875,unknown,12,grade:unknown|condition:12,grade:unknown|condition:12,grade:unknown|condition:12,0.0,180.0,0.1706397906785787,2,DataFrame cached LightGBM F,F_CACHED,0,1,0
2026-0704-02-01-07-06,2023101910,ステキサプライズ,2026-07-04,0,12,4,12,2115.0,函館,芝,1700,13,6,0,0.0,0,0.0,0.0,0.0,0.0,0.0,4,6,7,12,12,13.0,23.0,20.0,13.0,18.66666603088379,17.399999618530273,0.0,0.0,0.0,0.0,0.0,0.0,0.0,0.0,1000,1200,1300,1700,0.1866666674613952,0.1983333379030227,0.1700000017881393,0.102686233818531,0.108785793185234,0.1170219630002975,2.426666736602783,4.561666488647461,3.4000000953674316,0.1983333379030227,0.1850000023841858,0.1868333369493484,-12.81333351135254,0.1890909075736999,0.1983333379030227,0.2036363631486892,0.1602525264024734,0.186111107468605,0.1812121272087097,0,0,0,0,0,0,0,14000000.0,8200000.0,8200000.0,6770000.0,6742857.0,7028571.5,0.3375527858734131,0.2625713050365448,0.2625713050365448,0.0,0.0,0.0,0.3375527858734131,0.2625713050365448,0.2625713050365448,0.3375527858734131,0.2875651121139526,0.3000620305538177,0.0,0.0,0.0,0.0,-0.0,-0.0,-0.0,-0.0,0.0,0.0,0.0,-0.0,0.0,329.0,3.5,260.29998779296875,0,1,0,1,0,0,0,1,0,0,0.0,0.5,0.0,0.5,0.0,0.3846153914928436,0.692307710647583,0.5384615659713745,0.0769230797886848,5,0.5665267109870911,0.1715514510869979,0.3076923191547394,0.1538461595773697,UNKNOWN,0,0,0,0,0,0,0.0,0.0,0.0,0.0,0.0,UNKNOWN,UNKNOWN,UNKNOWN,OPEN_SEX,UNKNOWN,0,0,0,OPEN_SEX,OPEN_SEX,OPEN_SEX,0,0,0,UNKNOWN,UNKNOWN,UNKNOWN,0,0,0,0,5800000.0,2300000.0,1500000.0,11050000.0,15.573369026184082,16.217941284179688,5800000.0,5900000.0,5900000.0,15.573369026184082,15.590462684631348,15.590462684631348,5900000.0,5866666.5,5850000.0,0.0,-66666.6640625,1.0,0.9886363744735718,202.45379638671875,358.5806579589844,311.80926513671875,unknown,12,grade:unknown|condition:12,grade:unknown|condition:12,grade:unknown|condition:12,0.0,0.0,0.0143361672269248,12,DataFrame cached LightGBM F,F_CACHED,0,0,0
2026-0704-02-01-07-06,2023103441,レッドフロイデ,2026-07-04,1,1,5,1,21.0,函館,芝,1700,13,6,0,0.0,4,0.6666666865348816,0.0,1.0,0.0,0.800000011920929,5,6,3,2,3,5.0,1.0,2.0,1.0,2.6666667461395264,3.200000047683716,0.0,0.0,0.0,0.0,0.0,0.0,0.0,0.0,1800,1800,1800,1700,0.2177777737379074,0.1624999940395355,0.209999993443489,0.1055405586957931,0.111283391714096,0.1155248954892158,1.0888888835906982,0.1624999940395355,0.4199999868869781,0.2177777737379074,0.1967592537403106,0.1996388882398605,-0.8374999761581421,0.2177777737379074,0.1890909075736999,0.209999993443489,0.187567338347435,0.1721969693899154,0.1960606127977371,0,0,0,0,0,0,0,7500000.0,5900000.0,6500000.0,6200000.0,5900000.0,6020000.0,0.5050955414772034,0.6630564332008362,0.5485002994537354,0.2083333283662796,0.3545454442501068,0.4835164844989776,0.4861429929733276,0.6611762642860413,0.5024511218070984,0.6611762642860413,0.5499234199523926,0.5419145822525024,-0.0189525466412305,-0.0018801653059199,-0.0460491888225078,-0.0018801653059199,-0.0075206612236797,-0.0758101865649223,-0.0075206612236797,-0.1841967552900314,0.3638888895511627,0.0212121214717626,0.380952388048172,-0.2083333283662796,-0.0188851933926343,329.0,3.5,260.29998779296875,0,1,0,1,0,0,0,1,0,0,0.0,0.8151282072067261,0.11610147356987,0.8151282072067261,0.11610147356987,0.3846153914928436,0.692307710647583,0.5384615659713745,0.0769230797886848,5,0.5665267109870911,0.1715514510869979,0.3846153914928436,0.3135108351707458,UNKNOWN,0,0,0,0,0,0,0.0,0.0,0.0,0.0,0.0,UNKNOWN,UNKNOWN,UNKNOWN,OPEN_SEX,UNKNOWN,0,0,0,OPEN_SEX,OPEN_SEX,OPEN_SEX,0,0,0,UNKNOWN,UNKNOWN,UNKNOWN,0,0,0,0,5800000.0,2300000.0,1500000.0,11050000.0,15.573369026184082,16.217941284179688,5800000.0,5900000.0,5900000.0,15.573369026184082,15.590462684631348,15.590462684631348,5900000.0,5866666.5,5850000.0,0.0,-66666.6640625,1.0,0.9886363744735718,77.8668441772461,15.590462684631348,31.180925369262695,unknown,12,grade:unknown|condition:12,grade:unknown|condition:12,grade:unknown|condition:12,210.0,110.0,0.2855670764671296,1,DataFrame cached LightGBM F,F_CACHED,1,1,0
2026-0704-02-01-07-06,2023106726,フェンリル,2026-07-04,0,7,6,10,637.0,函館,芝,1700,13,2,0,0.0,0,0.0,0.0,0.0,0.0,0.0,2,2,11,6,0,17.0,21.0,0.0,17.0,19.0,14.800000190734863,0.0,0.0,0.0,0.0,0.0,0.0,0.0,0.0,1600,1600,0,1700,0.1745454519987106,0.1624999940395355,0.0,0.1089727953076362,0.0977393388748169,0.0,2.9672727584838867,3.4124999046325684,0.0,0.1745454519987106,0.1685227304697036,0.1360227316617965,-16.825454711914062,0.2057142853736877,0.1711111068725586,0.0,0.1845310181379318,0.153981477022171,0.0,0,0,0,0,0,0,0,7500000.0,8200000.0,0.0,6050000.0,7633333.5,0.0,0.2890670299530029,0.423539787530899,0.0,0.0,0.0,0.0,0.2890670299530029,0.423539787530899,0.0,0.423539787530899,0.3563034236431122,0.2715954482555389,0.0,0.0,0.0,0.0,-0.0,-0.0,-0.0,0.0,0.0,0.0,0.0,-0.0,0.0,329.0,3.5,260.29998779296875,0,1,0,1,0,0,0,1,0,0,0.0,0.5,0.0,0.5,0.0,0.3846153914928436,0.692307710647583,0.5384615659713745,0.0769230797886848,5,0.5665267109870911,0.1715514510869979,0.4615384638309479,0.2307692319154739,UNKNOWN,0,0,0,0,0,0,0.0,0.0,0.0,0.0,0.0,UNKNOWN,UNKNOWN,UNKNOWN,OPEN_SEX,UNKNOWN,0,0,0,OPEN_SEX,OPEN_SEX,UNKNOWN,0,0,0,UNKNOWN,UNKNOWN,UNKNOWN,0,0,0,0,5800000.0,2300000.0,1500000.0,11050000.0,15.573369026184082,16.217941284179688,5800000.0,6500000.0,0.0,15.573369026184082,15.687313079833984,0.0,6500000.0,6150000.0,4850000.0,0.0,-350000.0,1.0,0.9430894255638124,264.74725341796875,329.4335632324219,0.0,unknown,12,grade:unknown|condition:12,grade:unknown|condition:12,unknown,0.0,0.0,0.029002409244892,10,DataFrame cached LightGBM F,F_CACHED,0,0,0
2026-0704-02-01-07-06,2023100637,ブリリアンス,2026-07-04,0,10,7,11,1757.0,函館,芝,1700,13,2,0,0.0,0,0.0,0.0,0.0,0.0,0.0,2,2,9,12,0,20.0,15.0,0.0,15.0,17.5,14.5,0.0,0.0,0.0,0.0,0.0,0.0,0.0,0.0,1600,1800,0,1700,0.2036363631486892,0.1628571450710296,0.0,0.1013997718691825,0.1156605705618858,0.0,4.072727203369141,2.442857027053833,0.0,0.2036363631486892,0.1832467466592788,0.1506753265857696,-14.837142944335938,0.2036363631486892,0.2327272742986679,0.0,0.1643073558807373,0.2074170261621475,0.0,0,0,6,0,0,0,0,7500000.0,38000000.0,0.0,6050000.0,10088889.0,0.0,0.3424003422260284,0.2625714242458343,0.0,0.0,0.0,0.0,0.3424003422260284,0.2625714242458343,0.0,0.3424003422260284,0.3024858832359314,0.2499715983867645,0.0,0.0,0.0,0.0,-0.0,-0.0,-0.0,0.0,0.0,0.0,0.0,-0.0,0.0,329.0,3.5,260.29998779296875,0,1,0,1,0,0,0,1,0,0,0.0,0.5,0.0,0.5,0.0,0.3846153914928436,0.692307710647583,0.5384615659713745,0.0769230797886848,5,0.5665267109870911,0.1715514510869979,0.5384615659713745,0.2692307829856872,UNKNOWN,0,0,0,0,0,0,0.0,0.0,0.0,0.0,0.0,UNKNOWN,UNKNOWN,UNKNOWN,OPEN_SEX,UNKNOWN,0,0,0,OPEN_SEX,OPEN_SEX,UNKNOWN,0,0,0,UNKNOWN,UNKNOWN,UNKNOWN,0,0,0,0,5800000.0,2300000.0,1500000.0,11050000.0,15.573369026184082,16.217941284179688,5800000.0,5900000.0,0.0,15.573369026184082,15.590462684631348,0.0,5900000.0,5850000.0,4670000.0,0.0,-50000.0,1.0,0.9914529919624328,311.4673767089844,233.85694885253903,0.0,unknown,12,grade:unknown|condition:12,grade:unknown|condition:12,unknown,0.0,0.0,0.01916288837713,11,DataFrame cached LightGBM F,F_CACHED,0,0,0
2026-0704-02-01-07-06,2023103065,クラン,2026-07-04,0,8,8,6,121.0,函館,芝,1700,13,6,0,0.0,0,0.0,0.0,0.0,0.0,0.0,3,6,5,4,7,16.0,9.0,4.0,4.0,9.666666984558104,11.5,0.0,0.0,0.0,0.0,0.0,0.0,0.0,0.0,1400,1400,1400,1700,0.1800000071525573,0.2215384542942047,0.1983333379030227,0.1009170934557914,0.1094262823462486,0.1264213621616363,2.880000114440918,1.9938461780548096,0.7933333516120911,0.2215384542942047,0.1999572664499282,0.1961282044649124,-3.801666736602783,0.2327272742986679,0.2215384542942047,0.2549999952316284,0.1775757521390915,0.2046794891357422,0.2286868691444397,0,0,0,0,0,0,0,7500000.0,8200000.0,11400000.0,6100000.0,6562500.0,7857143.0,0.4492380023002624,0.475953996181488,0.3786154985427856,0.0,0.0,0.0,0.4492380023002624,0.475953996181488,0.3786154985427856,0.475953996181488,0.4346024990081787,0.4431283175945282,0.0,0.0,0.0,0.0,-0.0,-0.0,-0.0,-0.0,0.0,0.0,0.0,-0.0,0.0,329.0,3.5,260.29998779296875,0,1,0,1,0,0,0,1,0,0,0.0,0.5,0.0,0.5,0.0,0.3846153914928436,0.692307710647583,0.5384615659713745,0.0769230797886848,5,0.5665267109870911,0.1715514510869979,0.6153846383094788,0.3076923191547394,UNKNOWN,0,0,0,0,0,0,0.0,0.0,0.0,0.0,0.0,UNKNOWN,UNKNOWN,UNKNOWN,OPEN_SEX,UNKNOWN,0,0,0,OPEN_SEX,OPEN_SEX,OPEN_SEX,0,0,0,UNKNOWN,UNKNOWN,UNKNOWN,0,0,0,0,5800000.0,2300000.0,1500000.0,11050000.0,15.573369026184082,16.217941284179688,5900000.0,5900000.0,5900000.0,15.590462684631348,15.590462684631348,15.590462684631348,5900000.0,5900000.0,5900000.0,-100000.0,-100000.0,0.98305082321167,0.98305082321167,249.44740295410156,140.3141632080078,62.36185073852539,unknown,12,grade:unknown|condition:12,grade:unknown|condition:12,grade:unknown|condition:12,0.0,0.0,0.0779717915792232,6,DataFrame cached LightGBM F,F_CACHED,0,0,0
2026-0704-02-01-07-06,2023101046,ライヴマルガリータ,2026-07-04,0,9,9,13,2912.0,函館,芝,1700,13,12,0,0.0,1,0.0833333358168602,0.0,0.0,0.0,0.0,8,12,8,8,11,20.0,18.0,17.0,17.0,18.33333396911621,18.799999237060547,0.0,0.0,0.0,0.0,0.0,0.0,0.0,0.0,1700,1700,1600,1700,0.1384615451097488,0.2266666740179062,0.2036363631486892,0.1036286726593971,0.119595393538475,0.1129955351352691,2.769230842590332,4.079999923706055,3.461818218231201,0.2266666740179062,0.189588189125061,0.1779580414295196,-16.796363830566406,0.1650000065565109,0.2266666740179062,0.2036363631486892,0.1461538523435592,0.1875925958156585,0.1740326285362243,0,0,0,0,0,0,0,8200000.0,8200000.0,8200000.0,6337500.0,6300000.0,6500000.0,0.3224003612995147,0.2757336795330047,0.2701903581619262,-0.1025641039013862,-0.1181818172335624,0.0,0.3154970109462738,0.2811056077480316,0.2701903581619262,0.3154970109462738,0.2889309823513031,0.2961182594299316,-0.0069033531472086,0.0053719007410109,0.0,0.0053719007410109,0.0214876029640436,-0.0276134125888347,0.0214876029640436,-0.0,-0.2692307829856872,0.1818181872367859,0.0,0.1025641039013862,-0.006331271957606,329.0,3.5,260.29998779296875,0,1,0,1,0,0,0,1,0,0,0.2983013093471527,0.3566666543483734,0.1236482486128807,0.3566666543483734,0.1236482486128807,0.3846153914928436,0.692307710647583,0.5384615659713745,0.0769230797886848,5,0.5665267109870911,0.1715514510869979,0.692307710647583,0.2469230741262436,UNKNOWN,0,0,0,0,0,0,0.0,0.0,0.0,0.0,0.0,UNKNOWN,UNKNOWN,UNKNOWN,OPEN_SEX,UNKNOWN,0,0,0,OPEN_SEX,OPEN_SEX,OPEN_SEX,0,0,0,UNKNOWN,UNKNOWN,UNKNOWN,0,0,0,0,5800000.0,2300000.0,1500000.0,11050000.0,15.573369026184082,16.217941284179688,5800000.0,5800000.0,5900000.0,15.573369026184082,15.573369026184082,15.590462684631348,5900000.0,5833333.5,5820000.0,0.0,-33333.33203125,1.0,0.9942857027053832,311.4673767089844,280.3206481933594,265.0378723144531,unknown,12,grade:unknown|condition:12,grade:unknown|condition:12,grade:unknown|condition:12,0.0,0.0,0.0107314872357233,13,DataFrame cached LightGBM F,F_CACHED,0,0,0
2026-0704-02-01-07-06,2023104158,シュヴェスター,2026-07-04,0,11,10,8,257.0,函館,芝,1700,13,5,0,0.0,2,0.4000000059604645,0.0,0.3333333432674408,0.0,0.4000000059604645,3,5,9,2,13,21.0,1.0,12.0,1.0,11.333333015441896,13.199999809265137,0.0,0.0,0.0,0.0,0.0,0.0,0.0,0.0,1700,1700,1200,1700,0.1384615451097488,0.1949999928474426,0.1384615451097488,0.1036286726593971,0.1059466078877449,0.1103328019380569,2.907692193984986,0.1949999928474426,1.6615384817123413,0.1949999928474426,0.1573076993227005,0.1554230749607086,-0.8050000071525574,0.1650000065565109,0.1949999928474426,0.2307142913341522,0.1461538523435592,0.172222226858139,0.1869384348392486,0,0,0,0,0,0,0,8200000.0,5900000.0,8200000.0,6337500.0,5900000.0,6200000.0,0.2890670299530029,0.6744849681854248,0.2359070926904678,0.0641025677323341,-0.1809523850679397,0.0,0.2933816015720367,0.6716845035552979,0.2359070926904678,0.6716845035552979,0.4003244042396545,0.3953775763511657,0.0043145958334207,-0.002800453454256,0.0,0.0043145958334207,0.017258383333683,0.017258383333683,-0.0112018138170242,-0.0,-0.2692307829856872,-0.0619047619402408,0.0,-0.0641025677323341,0.0039570447988808,329.0,3.5,260.29998779296875,0,1,0,1,0,0,0,1,0,0,0.2933816015720367,0.488095223903656,0.0729986205697059,0.488095223903656,0.0729986205697059,0.3846153914928436,0.692307710647583,0.5384615659713745,0.0769230797886848,5,0.5665267109870911,0.1715514510869979,0.7692307829856873,0.3754578828811645,UNKNOWN,0,0,0,0,0,0,0.0,0.0,0.0,0.0,0.0,UNKNOWN,UNKNOWN,UNKNOWN,OPEN_SEX,UNKNOWN,0,0,0,OPEN_SEX,OPEN_SEX,OPEN_SEX,0,0,0,UNKNOWN,UNKNOWN,UNKNOWN,0,0,0,0,5800000.0,2300000.0,1500000.0,11050000.0,15.573369026184082,16.217941284179688,5800000.0,5900000.0,5900000.0,15.573369026184082,15.590462684631348,15.590462684631348,5900000.0,5866666.5,5850000.0,0.0,-66666.6640625,1.0,0.9886363744735718,327.0407409667969,15.590462684631348,187.08555603027344,unknown,12,grade:unknown|condition:12,grade:unknown|condition:12,grade:unknown|condition:12,0.0,0.0,0.0635660161247936,7,DataFrame cached LightGBM F,F_CACHED,0,0,0
2026-0704-02-01-07-06,2023101091,ストリートクイーン,2026-07-04,0,2,11,7,200.0,函館,芝,1700,13,5,0,0.0,1,0.2000000029802322,0.0,0.0,0.0,0.2000000029802322,5,5,6,7,5,5.0,15.0,13.0,5.0,11.0,9.600000381469728,0.0,0.0,0.0,0.0,0.0,0.0,0.0,0.0,1700,1400,1700,1700,0.2549999952316284,0.2762500047683716,0.1500000059604644,0.1161950528621673,0.1328820288181305,0.1087410971522331,1.274999976158142,4.143750190734863,1.950000047683716,0.2762500047683716,0.2270833402872085,0.2403749972581863,-4.744999885559082,0.2549999952316284,0.290909081697464,0.2177777737379074,0.2000000029802322,0.2795292139053345,0.1872079819440841,0,0,0,0,0,0,0,7500000.0,8200000.0,8200000.0,6114285.5,7200000.0,6620000.0,0.4045827090740204,0.3844761848449707,0.4416198134422302,0.0054945056326687,0.0,0.4666666686534881,0.4042581617832184,0.3844761848449707,0.4066198170185089,0.4066198170185089,0.3984513878822326,0.3987959027290344,-0.0003245380939915,0.0,-0.0350000001490116,0.0,-0.0,-0.0012981523759663,-0.0,-0.1400000005960464,0.2362637370824813,0.0,0.3000000119209289,-0.0054945056326687,-0.0003354647778905,329.0,3.5,260.29998779296875,0,1,0,1,0,0,0,1,0,0,0.4042581617832184,0.7810256481170654,0.2195662409067154,0.7810256481170654,0.2195662409067154,0.3846153914928436,0.692307710647583,0.5384615659713745,0.0769230797886848,5,0.5665267109870911,0.1715514510869979,0.8461538553237915,0.6608678698539734,UNKNOWN,0,0,0,0,0,0,0.0,0.0,0.0,0.0,0.0,UNKNOWN,UNKNOWN,UNKNOWN,OPEN_SEX,UNKNOWN,0,0,0,OPEN_SEX,OPEN_SEX,OPEN_SEX,0,0,0,UNKNOWN,UNKNOWN,UNKNOWN,0,0,0,0,5800000.0,2300000.0,1500000.0,11050000.0,15.573369026184082,16.217941284179688,5800000.0,5900000.0,5900000.0,15.573369026184082,15.590462684631348,15.590462684631348,5900000.0,5866666.5,5850000.0,0.0,-66666.6640625,1.0,0.9886363744735718,77.8668441772461,233.85694885253903,202.676025390625,unknown,12,grade:unknown|condition:12,grade:unknown|condition:12,grade:unknown|condition:12,0.0,300.0,0.0800606161733728,5,DataFrame cached LightGBM F,F_CACHED,0,1,0
2026-0704-02-01-07-06,2023101857,ララニューディー,2026-07-04,0,13,12,2,47.0,函館,芝,1700,13,2,0,0.0,0,0.0,0.0,0.0,0.0,0.0,2,2,9,4,0,4.0,3.0,0.0,3.0,3.5,2.9000000953674316,0.0,0.0,0.0,0.0,0.0,0.0,0.0,0.0,1800,1800,0,1700,0.2549999952316284,0.1628571450710296,0.0,0.1130292564630508,0.1156605705618858,0.0,1.0199999809265137,0.488571435213089,0.0,0.2549999952316284,0.208928570151329,0.1763571500778198,-2.8371429443359375,0.2549999952316284,0.2327272742986679,0.0,0.1794055998325348,0.2074170261621475,0.0,0,0,6,0,0,0,0,7500000.0,38000000.0,0.0,6057143.0,10088889.0,0.0,0.3497266173362732,0.4958194494247436,0.0,0.3333333432674408,0.0,0.0,0.3663932681083679,0.4958194494247436,0.0,0.4958194494247436,0.4311063587665558,0.331942468881607,0.016666667535901,0.0,0.0,0.016666667535901,0.0666666701436042,0.0666666701436042,-0.0,0.0,-0.2000000029802322,0.0,0.0,-0.3333333432674408,0.0172278080135583,329.0,3.5,260.29998779296875,0,1,0,1,0,0,0,1,0,0,0.0,0.6833333373069763,0.1833333373069763,0.6833333373069763,0.1833333373069763,0.3846153914928436,0.692307710647583,0.5384615659713745,0.0769230797886848,5,0.5665267109870911,0.1715514510869979,0.9230769276618958,0.6307692527770996,UNKNOWN,0,0,0,0,0,0,0.0,0.0,0.0,0.0,0.0,UNKNOWN,UNKNOWN,UNKNOWN,OPEN_SEX,UNKNOWN,0,0,0,OPEN_SEX,OPEN_SEX,UNKNOWN,0,0,0,UNKNOWN,UNKNOWN,UNKNOWN,0,0,0,0,5800000.0,2300000.0,1500000.0,11050000.0,15.573369026184082,16.217941284179688,5800000.0,5900000.0,0.0,15.573369026184082,15.590462684631348,0.0,5900000.0,5850000.0,4670000.0,0.0,-50000.0,1.0,0.9914529919624328,62.29347610473633,46.77138900756836,0.0,unknown,12,grade:unknown|condition:12,grade:unknown|condition:12,unknown,0.0,0.0,0.0901235517258692,4,DataFrame cached LightGBM F,F_CACHED,0,0,0
2026-0704-02-01-07-06,2023105320,チャーチルデュース,2026-07-04,0,5,13,4,81.0,函館,芝,1700,13,3,0,0.0,0,0.0,0.0,0.0,0.0,0.0,3,3,5,7,5,13.0,25.0,12.0,12.0,16.66666603088379,16.399999618530273,0.0,0.0,0.0,0.0,0.0,0.0,0.0,0.0,1700,1400,1800,1700,0.1384615451097488,0.2177777737379074,0.1624999940395355,0.1036286726593971,0.1139127388596534,0.1339477300643921,1.7999999523162842,5.44444465637207,1.950000047683716,0.2177777737379074,0.1729131042957306,0.1670641005039215,-11.837499618530272,0.1650000065565109,0.262499988079071,0.2266666740179062,0.1461538523435592,0.2142592519521713,0.2184343487024307,0,0,0,0,0,0,0,8200000.0,8200000.0,19000000.0,6337500.0,6800000.0,11233333.0,0.4224012494087219,0.3959046304225921,0.4502089321613312,0.4807692170143127,0.0,0.4791666567325592,0.454760730266571,0.3959046304225921,0.408780962228775,0.454760730266571,0.4198154509067535,0.4279079437255859,0.0323594659566879,0.0,-0.0414279513061046,0.0323594659566879,0.1294378638267517,0.1294378638267517,-0.0,-0.1657118052244186,-0.2692307829856872,0.0,0.3458333313465118,-0.4807692170143127,0.0296778380870819,329.0,3.5,260.29998779296875,0,1,0,1,0,0,0,1,0,0,0.454760730266571,0.8333333134651184,0.2357022613286972,0.8333333134651184,0.2357022613286972,0.3846153914928436,0.692307710647583,0.5384615659713745,0.0769230797886848,5,0.5665267109870911,0.1715514510869979,1.0,0.8333333134651184,UNKNOWN,0,0,0,0,0,0,0.0,0.0,0.0,0.0,0.0,UNKNOWN,UNKNOWN,UNKNOWN,OPEN_SEX,UNKNOWN,0,0,0,OPEN_SEX,OPEN_SEX,OPEN_SEX,0,0,0,UNKNOWN,UNKNOWN,UNKNOWN,0,0,0,0,5800000.0,2300000.0,1500000.0,11050000.0,15.573369026184082,16.217941284179688,5800000.0,5900000.0,6500000.0,15.573369026184082,15.590462684631348,15.687313079833984,6500000.0,6066666.5,5970000.0,0.0,-266666.65625,1.0,0.9560439586639404,202.45379638671875,389.7615661621094,188.2477569580078,unknown,12,grade:unknown|condition:12,grade:unknown|condition:12,grade:unknown|condition:12,0.0,0.0,0.0570382413924493,8,DataFrame cached LightGBM F,F_CACHED,0,0,0
2026-0704-02-01-07-06,2023101088,トルークマクト,2026-07-04,0,6,14,9,297.0,函館,芝,1700,13,3,0,0.0,1,0.3333333432674408,0.0,0.3333333432674408,0.0,0.3333333432674408,3,3,13,13,3,13.0,14.0,4.0,4.0,10.333333015441896,11.5,0.0,0.0,0.0,0.0,0.0,0.0,0.0,0.0,1800,1800,1600,1700,0.211764708161354,0.2399999946355819,0.1949999928474426,0.1088343411684036,0.1285854130983352,0.1137177571654319,2.752941131591797,3.359999895095825,0.7799999713897705,0.2399999946355819,0.215588241815567,0.2168823480606079,-3.805000066757202,0.211764708161354,0.2408333271741867,0.1949999928474426,0.1639215648174286,0.2313888818025589,0.1838888823986053,0,0,0,0,0,0,0,7500000.0,11400000.0,8200000.0,5925000.0,7500000.0,7633333.5,0.2357345968484878,0.2359049618244171,0.5108660459518433,-0.1124999970197677,-0.5291666388511658,0.0,0.2475705295801162,0.2511552572250366,0.5108660459518433,0.5108660459518433,0.3365305960178375,0.3013050556182861,0.0118359373882412,0.015250289812684,0.0,0.015250289812684,0.0610011592507362,0.0473437495529651,0.0610011592507362,-0.0,0.4208333194255829,0.115277774631977,0.0,0.1124999970197677,0.0117227043956518,329.0,3.5,260.29998779296875,0,1,0,1,0,0,0,1,0,0,0.0,0.3000000119209289,0.2160246968269348,0.3000000119209289,0.2160246968269348,0.3846153914928436,0.692307710647583,0.5384615659713745,0.0769230797886848,5,0.5665267109870911,0.1715514510869979,1.076923131942749,0.3230769336223602,UNKNOWN,0,0,0,0,0,0,0.0,0.0,0.0,0.0,0.0,UNKNOWN,UNKNOWN,UNKNOWN,OPEN_SEX,UNKNOWN,0,0,0,OPEN_SEX,OPEN_SEX,OPEN_SEX,0,0,0,UNKNOWN,UNKNOWN,UNKNOWN,0,0,0,0,5800000.0,2300000.0,1500000.0,11050000.0,15.573369026184082,16.217941284179688,5800000.0,5900000.0,6500000.0,15.573369026184082,15.590462684631348,15.687313079833984,6500000.0,6066666.5,5970000.0,0.0,-266666.65625,1.0,0.9560439586639404,202.45379638671875,218.2664794921875,62.74925231933594,unknown,12,grade:unknown|condition:12,grade:unknown|condition:12,grade:unknown|condition:12,0.0,0.0,0.0439635188570766,9,DataFrame cached LightGBM F,F_CACHED,0,0,0
2026-0704-02-01-07-07,2023103528,ツルノマイハシ,2026-07-04,0,4,1,2,37.0,函館,芝,1200,10,8,1,0.125,3,0.375,0.3333333432674408,0.6666666865348816,0.2000000029802322,0.6000000238418579,3,8,2,7,1,1.0,3.0,0.0,0.0,1.3333333730697632,1.399999976158142,0.25,0.1666666716337204,0.0,0.1476615071296692,0.1843253970146179,0.0,0.25,0.1476615071296692,1200,1200,1200,1200,0.2849999964237213,0.2907692193984985,0.1938461512327194,0.1850576400756836,0.181404709815979,0.0976481661200523,0.2849999964237213,0.8723077178001404,0.0,0.2907692193984985,0.256538450717926,0.2685000002384186,0.1938461512327194,0.2849999964237213,0.2907692193984985,0.1938461512327194,0.2638888955116272,0.2752564251422882,0.1404487192630767,0,0,6,0,0,0,0,11400000.0,41000000.0,11400000.0,9140000.0,13125000.0,7612500.0,0.7071517705917358,0.4311240017414093,0.9559046030044556,0.0,0.0,0.0,0.7071517705917358,0.4311240017414093,0.9559046030044556,0.9559046030044556,0.698060154914856,0.674094021320343,0.0,0.0,0.0,0.0,-0.0,-0.0,-0.0,-0.0,0.0,0.0,0.0,-0.0,0.0,490.0,3.5,262.1000061035156,1,0,0,1,0,1,0,1,0,0,0.7071517705917358,0.5,0.0,0.5,0.0,0.0,0.8999999761581421,1.0,0.0,0,0.4880000054836273,0.0359999984502792,0.1000000014901161,0.050000000745058,UNKNOWN,0,0,0,0,0,0,0.0,0.0,0.0,0.0,0.0,UNKNOWN,UNKNOWN,UNKNOWN,OPEN_SEX,UNKNOWN,0,0,0,OPEN_SEX,OPEN_SEX,OPEN_SEX,0,0,0,UNKNOWN,UNKNOWN,UNKNOWN,0,0,0,0,8200000.0,3300000.0,2100000.0,15620000.0,15.919645309448242,16.564062118530273,8200000.0,11400000.0,5900000.0,15.919645309448242,16.24912452697754,15.590462684631348,11400000.0,8500000.0,8700000.0,0.0,-300000.0,1.0,0.9647058844566344,15.919645309448242,48.747371673583984,0.0,unknown,13,grade:unknown|condition:13,grade:E|condition:12,grade:unknown|condition:12,0.0,0.0,0.2485019569536511,3,DataFrame cached LightGBM F,F_CACHED,0,0,0
2026-0704-02-01-07-07,2023105199,キミノナハオリョウ,2026-07-04,0,9,2,8,1120.0,函館,芝,1200,10,4,0,0.0,0,0.0,0.0,0.0,0.0,0.0,2,4,9,7,13,8.0,11.0,14.0,8.0,11.0,10.100000381469728,0.0,0.0,0.0,0.0,0.0,0.0,0.0,0.0,1200,1200,1600,1200,0.1866666674613952,0.3966666758060455,0.1555555611848831,0.1034477055072784,0.1108779236674308,0.120257943868637,1.493333339691162,4.363333225250244,2.1777777671813965,0.3966666758060455,0.2462963014841079,0.2434444427490234,-7.813333511352539,0.2035714238882064,0.3966666758060455,0.290909081697464,0.1834127008914947,0.2405555546283722,0.2386946380138397,0,0,0,6,0,0,0,7500000.0,15800000.0,41000000.0,6200000.0,8571429.0,16375000.0,0.3425345420837402,0.4147348403930664,0.273030161857605,0.0,0.0,0.0,0.3425345420837402,0.4147348403930664,0.273030161857605,0.4147348403930664,0.3434331715106964,0.350293755531311,0.0,0.0,0.0,0.0,-0.0,-0.0,-0.0,-0.0,0.0,0.0,0.0,-0.0,0.0,490.0,3.5,262.1000061035156,1,0,0,1,0,1,0,1,0,0,0.3425345420837402,0.5,0.0,0.5,0.0,0.0,0.8999999761581421,1.0,0.0,0,0.4880000054836273,0.0359999984502792,0.2000000029802322,0.1000000014901161,UNKNOWN,0,0,0,0,0,0,0.0,0.0,0.0,0.0,0.0,UNKNOWN,UNKNOWN,UNKNOWN,OPEN_SEX,UNKNOWN,0,0,0,OPEN_SEX,OPEN_SEX,OPEN_SEX,0,0,0,UNKNOWN,UNKNOWN,UNKNOWN,0,0,0,0,8200000.0,3300000.0,2100000.0,15620000.0,15.919645309448242,16.564062118530273,5800000.0,5900000.0,5600000.0,15.573369026184082,15.590462684631348,15.538277626037598,5900000.0,5766666.5,5790000.0,2400000.0,2433333.25,1.4137930870056152,1.4219653606414795,124.58695220947266,171.49508666992188,217.535888671875,unknown,13,grade:unknown|condition:12,grade:unknown|condition:12,grade:unknown|condition:11,0.0,0.0,0.027836979601498,7,DataFrame cached LightGBM F,F_CACHED,0,0,0
2026-0704-02-01-07-07,2023100997,デルマリシリ,2026-07-04,0,2,3,1,19.0,函館,芝,1200,10,5,1,0.2000000029802322,5,1.0,0.0,1.0,0.2000000029802322,1.0,4,5,2,2,2,3.0,0.0,0.0,0.0,1.0,1.5,0.125,0.2000000029802322,0.1666666716337204,0.14801587164402,0.2035978883504867,0.2844444513320923,0.375,0.4440476298332214,1200,1200,1200,1200,0.2849999964237213,0.3400000035762787,0.3528571426868438,0.1810889393091201,0.1948347836732864,0.1870703399181366,0.8550000190734863,0.0,0.0,0.3528571426868438,0.3259523808956146,0.3150714337825775,0.3528571426868438,0.2849999964237213,0.3400000035762787,0.3528571426868438,0.2680769264698028,0.2833333313465118,0.290043294429779,0,5,7,6,0,6,0,21000000.0,52000000.0,41000000.0,8744444.0,20128572.0,12166667.0,0.5710424184799194,0.9706250429153442,0.9513801336288452,0.0,0.0,0.0,0.5710424184799194,0.9706250429153442,0.9513801336288452,0.9706250429153442,0.8310158848762512,0.766984760761261,0.0,0.0,0.0,0.0,-0.0,-0.0,-0.0,-0.0,0.0,0.0,0.0,-0.0,0.0,490.0,3.5,262.1000061035156,1,0,0,1,0,1,0,1,0,0,0.5710424184799194,0.5,0.0,0.5,0.0,0.0,0.8999999761581421,1.0,0.0,0,0.4880000054836273,0.0359999984502792,0.3000000119209289,0.1500000059604644,UNKNOWN,0,0,0,0,0,0,0.0,0.0,0.0,0.0,0.0,UNKNOWN,UNKNOWN,UNKNOWN,OPEN_SEX,UNKNOWN,0,0,0,OPEN_SEX,OPEN_SEX,OPEN_SEX,0,0,0,UNKNOWN,UNKNOWN,UNKNOWN,0,0,0,0,8200000.0,3300000.0,2100000.0,15620000.0,15.919645309448242,16.564062118530273,11400000.0,8200000.0,11400000.0,16.24912452697754,15.919645309448242,16.24912452697754,11400000.0,10333333.0,10440000.0,-3200000.0,-2133333.25,0.719298243522644,0.7935484051704407,48.747371673583984,0.0,0.0,unknown,13,grade:E|condition:13,grade:unknown|condition:12,grade:E|condition:12,0.0,110.0,0.4179584608710803,1,DataFrame cached LightGBM F,F_CACHED,0,1,0
2026-0704-02-01-07-07,2023109031,ココソラーレ,2026-07-04,0,7,4,10,2303.0,函館,芝,1200,10,12,0,0.0,1,0.0833333358168602,0.0,0.0,0.0,0.0,5,12,16,9,9,13.0,20.0,9.0,9.0,14.0,14.300000190734863,0.0,0.0,0.0,0.0,0.0,0.0,0.0,0.0,1800,1200,2000,1200,0.1800000071525573,0.1866666674613952,0.3258333206176758,0.1176336631178855,0.0963447168469429,0.1093445643782615,2.3399999141693115,3.7333333492279057,2.932499885559082,0.3258333206176758,0.2308333367109298,0.2111666649580001,-8.674166679382324,0.2549999952316284,0.1866666674613952,0.3258333206176758,0.1969444453716278,0.1415330022573471,0.2152777761220932,0,0,0,5,0,0,0,8200000.0,8200000.0,21000000.0,6660000.0,6625000.0,9028571.0,0.155734583735466,0.2892379760742187,0.3426206707954407,-0.5416666865348816,0.0,-0.1291666626930236,0.1907172352075576,0.2892379760742187,0.3549542725086212,0.3549542725086212,0.2783031463623047,0.253120869398117,0.0349826402962207,0.0,0.0123336231335997,0.0349826402962207,0.1399305611848831,0.1399305611848831,-0.0,0.049334492534399,0.2583333253860473,0.0,0.3819444477558136,0.5416666865348816,0.0341424345970153,490.0,3.5,262.1000061035156,1,0,0,1,0,1,0,1,0,0,0.0,0.3799999952316284,0.1939072012901306,0.3799999952316284,0.1939072012901306,0.0,0.8999999761581421,1.0,0.0,0,0.4880000054836273,0.0359999984502792,0.4000000059604645,0.1519999951124191,UNKNOWN,0,0,0,0,0,0,0.0,0.0,0.0,0.0,0.0,UNKNOWN,UNKNOWN,UNKNOWN,OPEN_SEX,UNKNOWN,0,0,0,OPEN_SEX,OPEN_SEX,OPEN_SEX,0,0,0,UNKNOWN,UNKNOWN,UNKNOWN,0,0,0,0,8200000.0,3300000.0,2100000.0,15620000.0,15.919645309448242,16.564062118530273,5800000.0,5900000.0,5900000.0,15.573369026184082,15.590462684631348,15.590462684631348,5900000.0,5866666.5,5850000.0,2400000.0,2333333.25,1.4137930870056152,1.3977272510528564,202.45379638671875,311.80926513671875,140.3141632080078,unknown,13,grade:unknown|condition:12,grade:unknown|condition:12,grade:unknown|condition:12,0.0,0.0,0.0123817405254699,10,DataFrame cached LightGBM F,F_CACHED,0,0,0
2026-0704-02-01-07-07,2023101143,ライトニングロッド,2026-07-04,0,3,5,6,246.0,函館,芝,1200,10,4,1,0.25,1,0.25,0.3333333432674408,0.3333333432674408,0.25,0.25,3,4,1,9,4,0.0,14.0,4.0,0.0,6.0,5.0,0.0,0.0,0.0,0.0,0.0,0.0,0.0,0.0,1000,1200,1200,1200,0.1555555611848831,0.1624999940395355,0.1384615451097488,0.1047530397772789,0.1111214682459831,0.1103328019380569,0.0,2.2750000953674316,0.5538461804389954,0.1624999940395355,0.1521723717451095,0.1542200893163681,0.1555555611848831,0.1733333319425583,0.1938461512327194,0.2307142913341522,0.1562962979078292,0.180170938372612,0.1869384348392486,0,0,0,0,0,0,0,7500000.0,7500000.0,8200000.0,6275000.0,6433333.5,6200000.0,0.9557336568832396,0.3425716161727905,0.4832308888435364,0.0,0.0,0.0,0.9557336568832396,0.3425716161727905,0.4832308888435364,0.9557336568832396,0.5938454270362854,0.6772845387458801,0.0,0.0,0.0,0.0,-0.0,-0.0,-0.0,-0.0,0.0,0.0,0.0,-0.0,0.0,490.0,3.5,262.1000061035156,1,0,0,1,0,1,0,1,0,0,0.0,0.5,0.0,0.5,0.0,0.0,0.8999999761581421,1.0,0.0,0,0.4880000054836273,0.0359999984502792,0.5,0.25,UNKNOWN,0,0,0,0,0,0,0.0,0.0,0.0,0.0,0.0,UNKNOWN,UNKNOWN,UNKNOWN,OPEN_SEX,UNKNOWN,0,0,0,OPEN_SEX,OPEN_SEX,OPEN_SEX,0,0,0,UNKNOWN,UNKNOWN,UNKNOWN,0,0,0,0,8200000.0,3300000.0,2100000.0,15620000.0,15.919645309448242,16.564062118530273,5800000.0,5900000.0,5900000.0,15.573369026184082,15.590462684631348,15.590462684631348,5900000.0,5866666.5,5850000.0,2400000.0,2333333.25,1.4137930870056152,1.3977272510528564,0.0,218.2664794921875,62.36185073852539,unknown,13,grade:unknown|condition:12,grade:unknown|condition:12,grade:unknown|condition:12,0.0,350.0,0.0837901247511491,5,DataFrame cached LightGBM F,F_CACHED,0,1,0
2026-0704-02-01-07-07,2021105715,アルバニー,2026-07-04,0,6,6,7,878.0,函館,芝,1200,10,11,1,0.0909090936183929,2,0.1818181872367859,0.0,0.3333333432674408,0.0,0.2000000029802322,4,6,11,3,15,15.0,9.0,19.0,9.0,14.333333015441896,14.0,0.25,0.0833333358168602,0.1111111119389534,0.1476615071296692,0.0636094659566879,0.0626473203301429,3.75,2.2149226665496826,1200,1200,1200,1200,0.2849999964237213,0.2111111134290695,0.2470588237047195,0.1850576400756836,0.1377603113651275,0.1548041552305221,4.275000095367432,1.899999976158142,4.694117546081543,0.2849999964237213,0.2477233111858368,0.2552450895309448,-8.788888931274414,0.2849999964237213,0.2133333384990692,0.2470588237047195,0.2638888955116272,0.2120697200298309,0.2318767458200454,0,0,0,0,0,0,0,11400000.0,8200000.0,15800000.0,9140000.0,7269231.0,8608333.0,0.2000001221895218,0.5092458128929138,0.1814186722040176,0.0,0.0,0.0,0.2000001221895218,0.5092458128929138,0.1814186722040176,0.5092458128929138,0.2968882024288177,0.2890575528144836,0.0,0.0,0.0,0.0,-0.0,-0.0,-0.0,-0.0,0.0,0.0,0.0,-0.0,0.0,490.0,3.5,262.1000061035156,1,0,0,1,0,1,0,1,0,0,0.2000001221895218,0.5,0.0,0.5,0.0,0.0,0.8999999761581421,1.0,0.0,0,0.4880000054836273,0.0359999984502792,0.6000000238418579,0.3000000119209289,UNKNOWN,0,0,0,0,0,0,0.0,0.0,0.0,0.0,0.0,UNKNOWN,UNKNOWN,UNKNOWN,OPEN_SEX,UNKNOWN,0,0,0,OPEN_SEX,OPEN_SEX,OPEN_SEX,0,0,0,UNKNOWN,UNKNOWN,UNKNOWN,0,0,0,0,8200000.0,3300000.0,2100000.0,15620000.0,15.919645309448242,16.564062118530273,8200000.0,8200000.0,8200000.0,15.919645309448242,15.919645309448242,15.919645309448242,8200000.0,8200000.0,8200000.0,0.0,0.0,1.0,1.0,238.794677734375,143.2768096923828,302.4732666015625,unknown,13,grade:unknown|condition:13,grade:unknown|condition:14,grade:unknown|condition:14,0.0,0.0,0.0193564361487972,9,DataFrame cached LightGBM F,F_CACHED,0,0,0
2026-0704-02-01-07-07,2023105035,メイショウハッケイ,2026-07-04,0,8,7,3,38.0,函館,芝,1200,10,8,1,0.125,5,0.625,0.0,0.3333333432674408,0.0,0.4000000059604645,3,8,3,7,6,4.0,9.0,6.0,4.0,6.333333492279053,5.900000095367432,0.125,0.3333333432674408,0.25,0.14801587164402,0.3822916746139526,0.3242424130439758,0.5,0.5920634865760803,1200,1600,1600,1200,0.2849999964237213,0.2549999952316284,0.2975000143051147,0.1810889393091201,0.1711905002593994,0.2016913890838623,1.1399999856948853,2.2950000762939453,1.784999966621399,0.2975000143051147,0.2791666686534881,0.2784999907016754,-3.714999914169311,0.2849999964237213,0.2549999952316284,0.2975000143051147,0.2680769264698028,0.2380769252777099,0.262521356344223,0,5,8,8,0,5,0,21000000.0,140000000.0,140000000.0,8744444.0,43020000.0,32528572.0,0.5220901966094971,0.4400493502616882,0.4009914994239807,0.0,0.0,0.0,0.5220901966094971,0.4400493502616882,0.4009914994239807,0.5220901966094971,0.4543770253658294,0.473258227109909,0.0,0.0,0.0,0.0,-0.0,-0.0,-0.0,-0.0,0.0,0.0,0.0,-0.0,0.0,490.0,3.5,262.1000061035156,1,0,0,1,0,1,0,1,0,0,0.5220901966094971,0.5,0.0,0.5,0.0,0.0,0.8999999761581421,1.0,0.0,0,0.4880000054836273,0.0359999984502792,0.699999988079071,0.3499999940395355,UNKNOWN,0,0,0,5,0,5,1.6666666269302368,1.5,0.0,45.0,0.0,UNKNOWN,LISTED,UNKNOWN,OPEN_SEX,UNKNOWN,0,0,0,OPEN_SEX,OPEN_SEX,OPEN_SEX,0,0,0,UNKNOWN,UNKNOWN,UNKNOWN,0,0,0,0,8200000.0,3300000.0,2100000.0,15620000.0,15.919645309448242,16.564062118530273,11400000.0,21000000.0,11400000.0,16.24912452697754,16.86003303527832,16.24912452697754,21000000.0,14600000.0,14280000.0,-3200000.0,-6400000.0,0.719298243522644,0.5616438388824463,64.99649810791016,151.74029541015625,97.49474334716795,unknown,13,grade:E|condition:13,grade:L|condition:12,grade:E|condition:12,0.0,0.0,0.2673500475788385,2,DataFrame cached LightGBM F,F_CACHED,0,0,0
2026-0704-02-01-07-07,2023106912,ジュジュドール,2026-07-04,0,10,8,9,2003.0,函館,芝,1200,10,6,1,0.1666666716337204,1,0.1666666716337204,0.0,0.0,0.0,0.0,3,6,10,13,8,13.0,22.0,7.0,7.0,14.0,14.5,0.25,0.1666666716337204,0.25,0.1476615071296692,0.2461904734373092,0.3180555701255798,3.25,1.919599652290344,1200,1200,1200,1200,0.2849999964237213,0.2933333218097687,0.2076923102140426,0.1850576400756836,0.1850154846906662,0.198196455836296,3.7049999237060542,6.453333377838135,1.453846096992493,0.2933333218097687,0.2620085477828979,0.272038459777832,-6.7923078536987305,0.2849999964237213,0.2933333218097687,0.3528571426868438,0.2638888955116272,0.2797008454799652,0.3123199045658111,0,0,7,7,0,0,0,11400000.0,52000000.0,52000000.0,9140000.0,18780000.0,20737500.0,0.2400009036064148,0.2529674172401428,0.3458192944526672,0.0,0.0,0.0,0.2400009036064148,0.2529674172401428,0.3458192944526672,0.3458192944526672,0.2795958817005157,0.2650545537471771,0.0,0.0,0.0,0.0,-0.0,-0.0,-0.0,-0.0,0.0,0.0,0.0,-0.0,0.0,490.0,3.5,262.1000061035156,1,0,0,1,0,1,0,1,0,0,0.2400009036064148,0.5,0.0,0.5,0.0,0.0,0.8999999761581421,1.0,0.0,0,0.4880000054836273,0.0359999984502792,0.800000011920929,0.4000000059604645,UNKNOWN,0,0,0,0,0,0,0.0,0.0,0.0,0.0,0.0,UNKNOWN,UNKNOWN,UNKNOWN,OPEN_SEX,UNKNOWN,0,0,0,OPEN_SEX,OPEN_SEX,OPEN_SEX,0,0,0,UNKNOWN,UNKNOWN,UNKNOWN,0,0,0,0,8200000.0,3300000.0,2100000.0,15620000.0,15.919645309448242,16.564062118530273,8200000.0,11400000.0,11400000.0,15.919645309448242,16.24912452697754,16.24912452697754,11400000.0,10333333.0,9800000.0,0.0,-2133333.25,1.0,0.7935484051704407,206.95538330078125,357.480712890625,113.74386596679688,unknown,13,grade:unknown|condition:13,grade:E|condition:12,grade:E|condition:12,0.0,0.0,0.0236565051627392,8,DataFrame cached LightGBM F,F_CACHED,0,0,0
2026-0704-02-01-07-07,2022105162,ルージュナリッシュ,2026-07-04,0,5,9,5,193.0,函館,芝,1200,10,12,1,0.0833333358168602,3,0.25,0.0,0.0,0.0,0.0,4,8,6,10,7,6.0,6.0,5.0,5.0,5.666666507720947,5.800000190734863,0.1666666716337204,0.2000000029802322,0.0909090936183929,0.0801425725221633,0.0876030102372169,0.0964430347084999,1.0,0.4808554351329803,1400,1200,1400,1200,0.2076923102140426,0.3400000035762787,0.3100000023841858,0.1418181359767913,0.1724662333726883,0.1521850079298019,1.2461538314819336,2.0399999618530273,1.5499999523162842,0.3400000035762787,0.285897433757782,0.2678461670875549,-4.690000057220459,0.2076923102140426,0.3400000035762787,0.3100000023841858,0.1894240081310272,0.2849999964237213,0.2460784316062927,0,5,0,6,0,0,0,20000000.0,15800000.0,41000000.0,10712500.0,9400000.0,11240000.0,0.4601879417896271,0.360991507768631,0.4388969838619232,0.0,0.0,0.0,0.4601879417896271,0.360991507768631,0.4388969838619232,0.4601879417896271,0.4200254678726196,0.4261708259582519,0.0,0.0,0.0,0.0,-0.0,-0.0,-0.0,-0.0,0.0,0.0,0.0,-0.0,0.0,490.0,3.5,262.1000061035156,1,0,0,1,0,1,0,1,0,0,0.0,0.5,0.0,0.5,0.0,0.0,0.8999999761581421,1.0,0.0,0,0.4880000054836273,0.0359999984502792,0.8999999761581421,0.449999988079071,UNKNOWN,0,0,0,0,0,0,0.0,0.0,0.0,0.0,0.0,UNKNOWN,UNKNOWN,UNKNOWN,OPEN_SEX,UNKNOWN,0,0,0,OPEN_SEX,OPEN_SEX,OPEN_SEX,0,0,0,UNKNOWN,UNKNOWN,UNKNOWN,0,0,0,0,8200000.0,3300000.0,2100000.0,15620000.0,15.919645309448242,16.564062118530273,8200000.0,11400000.0,8200000.0,15.919645309448242,16.24912452697754,15.919645309448242,11400000.0,9266667.0,9160000.0,0.0,-1066666.625,1.0,0.8848921060562134,95.5178680419922,97.49474334716795,79.59822082519531,unknown,13,grade:unknown|condition:14,grade:E|condition:14,grade:unknown|condition:14,0.0,0.0,0.1015764715547379,4,DataFrame cached LightGBM F,F_CACHED,0,0,0
2026-0704-02-01-07-07,2021102312,ストレイトアスク,2026-07-04,1,1,10,4,126.0,函館,芝,1200,10,16,1,0.0625,4,0.25,0.0,0.0,0.0,0.2000000029802322,2,7,4,14,7,5.0,12.0,3.0,3.0,6.666666507720947,6.699999809265137,0.1666666716337204,0.1666666716337204,0.25,0.1529781818389892,0.0801425725221633,0.0828966051340103,0.8333333134651184,0.7648909091949463,1200,1400,1600,1200,0.2408333271741867,0.2076923102140426,0.2763636410236358,0.1676768213510513,0.1418181359767913,0.1540785431861877,1.2041666507720947,2.492307662963867,0.8290908932685852,0.2763636410236358,0.2416297644376754,0.2379970848560333,-2.7236363887786865,0.2408333271741867,0.2076923102140426,0.2763636410236358,0.224520206451416,0.1894240081310272,0.2294227927923202,0,6,5,0,0,0,0,38000000.0,20000000.0,15800000.0,12771429.0,10712500.0,7966666.5,0.4952249526977539,0.2458655685186386,0.4599148333072662,0.0,0.0,0.0,0.4952249526977539,0.2458655685186386,0.4599148333072662,0.4952249526977539,0.4003351330757141,0.4133551120758056,0.0,0.0,0.0,0.0,-0.0,-0.0,-0.0,-0.0,0.0,0.0,0.0,-0.0,0.0,490.0,3.5,262.1000061035156,1,0,0,1,0,1,0,1,0,0,0.4952249526977539,0.5,0.0,0.5,0.0,0.0,0.8999999761581421,1.0,0.0,0,0.4880000054836273,0.0359999984502792,1.0,0.5,UNKNOWN,0,0,0,0,0,0,0.0,0.0,0.0,0.0,0.0,UNKNOWN,UNKNOWN,UNKNOWN,OPEN_SEX,UNKNOWN,0,0,0,OPEN_SEX,OPEN_SEX,OPEN_SEX,0,0,0,UNKNOWN,UNKNOWN,UNKNOWN,0,0,0,0,8200000.0,3300000.0,2100000.0,15620000.0,15.919645309448242,16.564062118530273,8200000.0,8200000.0,8000000.0,15.919645309448242,15.919645309448242,15.894951820373535,8200000.0,8133333.5,8160000.0,0.0,66666.6640625,1.0,1.0081967115402222,79.59822082519531,191.0357360839844,47.68485641479492,unknown,13,grade:unknown|condition:13,grade:unknown|condition:14,grade:unknown|condition:13,1260.0,190.0,0.076919459220515,6,DataFrame cached LightGBM F,F_CACHED,1,1,0
2026-0704-02-01-07-08,2023104156,グランアルト,2026-07-04,0,4,1,4,162.0,函館,芝,2600,7,8,1,0.125,1,0.125,0.0,0.0,0.2000000029802322,0.2000000029802322,5,8,6,6,4,10.0,21.0,7.0,7.0,12.666666984558104,12.699999809265137,0.1428571492433548,0.25,0.25,0.13643579185009,0.261904776096344,0.2720237970352173,1.4285714626312256,1.364357829093933,2000,2000,2000,2600,0.2907692193984985,0.3199999928474426,0.3054545521736145,0.183248683810234,0.1782654821872711,0.1698320358991623,2.907692193984986,6.71999979019165,2.1381819248199463,0.3199999928474426,0.3054079115390777,0.3024755120277405,-6.694545269012451,0.2907692193984985,0.3199999928474426,0.3054545521736145,0.248034194111824,0.273484855890274,0.2350049912929535,0,0,0,7,0,0,0,11400000.0,15800000.0,54000000.0,7125000.0,9983333.0,16983334.0,0.3877860307693481,0.2666666805744171,0.4289361834526062,-0.2363636344671249,-0.190476194024086,-0.25,0.3679099977016449,0.2734693884849548,0.4400968849658966,0.4400968849658966,0.3604921102523803,0.3540152013301849,-0.0198760330677032,0.0068027209490537,0.0111607145518064,0.0111607145518064,0.0446428582072258,-0.0795041322708129,0.027210883796215,0.0446428582072258,-0.3363636434078216,0.1428571492433548,0.1785714328289032,0.2363636344671249,-0.0216003078967332,260.0,3.5,262.1000061035156,1,0,0,1,0,0,0,0,0,0,0.0,0.583809494972229,0.3401693701744079,0.583809494972229,0.3401693701744079,0.1428571492433548,0.5714285969734192,0.5714285969734192,0.2857142984867096,1,0.4576102495193481,0.2188331186771392,0.1428571492433548,0.0834013596177101,UNKNOWN,0,0,0,0,0,0,0.0,0.0,0.0,0.0,0.0,UNKNOWN,UNKNOWN,UNKNOWN,OPEN_SEX,UNKNOWN,0,0,0,OPEN_SEX,OPEN_SEX,OPEN_SEX,0,0,0,UNKNOWN,UNKNOWN,UNKNOWN,0,0,0,0,8200000.0,3300000.0,2100000.0,15620000.0,15.919645309448242,16.564062118530273,8200000.0,11400000.0,8200000.0,15.919645309448242,16.24912452697754,15.919645309448242,11400000.0,9266667.0,9160000.0,0.0,-1066666.625,1.0,0.8848921060562134,159.19644165039062,341.2315979003906,111.43751525878906,unknown,13,grade:unknown|condition:13,grade:E|condition:12,grade:unknown|condition:12,0.0,0.0,0.088728406858989,3,DataFrame cached LightGBM F,F_CACHED,0,0,0
2026-0704-02-01-07-08,2022104164,サイモンイロハニー,2026-07-04,0,3,2,6,949.0,函館,芝,2600,7,18,0,0.0,0,0.0,0.0,0.0,0.0,0.0,3,11,7,13,10,7.0,13.0,16.0,7.0,12.0,10.600000381469728,0.3333333432674408,0.0,0.0833333358168602,0.1170646101236343,0.0544885359704494,0.0592872388660907,2.3333332538604736,0.8194522261619568,2600,1800,2400,2600,0.233333334326744,0.3052631616592407,0.2476190477609634,0.1490598618984222,0.1291532665491104,0.1488095670938491,1.6333333253860474,3.96842098236084,3.961904764175415,0.3052631616592407,0.2620718479156494,0.2577694356441498,-6.766666889190674,0.233333334326744,0.3052631616592407,0.2833333313465118,0.2176993489265442,0.2472244650125503,0.2527416944503784,0,0,0,0,0,0,0,11400000.0,8200000.0,18700000.0,9050000.0,6714285.5,8643750.0,0.2575076222419739,0.2391973584890365,0.2485904395580291,0.0357142873108387,-0.4541666805744171,-0.0833333358168602,0.2567635476589203,0.243139773607254,0.2537987530231476,0.2567635476589203,0.2512340247631073,0.2520834803581238,-0.0007440476329065,0.0039424188435077,0.0052083334885537,0.0052083334885537,0.020833333954215,-0.0029761905316263,0.015769675374031,0.020833333954215,0.0833333358168602,0.0347222238779068,0.25,-0.0357142873108387,-0.0007658597896806,260.0,3.5,262.1000061035156,1,0,0,1,0,0,0,0,0,0,0.2567635476589203,0.2185281366109848,0.2444642633199691,0.2185281366109848,0.2444642633199691,0.1428571492433548,0.5714285969734192,0.5714285969734192,0.2857142984867096,1,0.4576102495193481,0.2188331186771392,0.2857142984867096,0.0624366104602813,UNKNOWN,0,0,0,0,0,0,0.0,0.0,0.0,0.0,0.0,UNKNOWN,UNKNOWN,UNKNOWN,OPEN_SEX,UNKNOWN,0,0,0,OPEN_SEX,OPEN_SEX,OPEN_SEX,0,0,0,UNKNOWN,UNKNOWN,UNKNOWN,0,0,0,0,8200000.0,3300000.0,2100000.0,15620000.0,15.919645309448242,16.564062118530273,11400000.0,8200000.0,8200000.0,16.24912452697754,15.919645309448242,15.919645309448242,11400000.0,9266667.0,9800000.0,-3200000.0,-1066666.625,0.719298243522644,0.8848921060562134,113.74386596679688,206.95538330078125,254.71432495117188,unknown,13,grade:E|condition:13,grade:unknown|condition:14,grade:unknown|condition:14,0.0,0.0,0.023890634688663,7,DataFrame cached LightGBM F,F_CACHED,0,1,0
2026-0704-02-01-07-08,2023107005,ダノンヒストリー,2026-07-04,1,1,3,1,16.0,函館,芝,2600,7,2,1,0.5,1,0.5,0.5,0.5,0.5,0.5,0,2,7,1,0,10.0,0.0,0.0,0.0,5.0,5.0,0.5,0.0,0.0,0.5861111283302307,0.0,0.0,5.0,5.861111164093018,1800,1800,0,2600,0.2849999964237213,0.1714285761117935,0.0,0.2302874028682708,0.1979279071092605,0.0,2.8499999046325684,0.0,0.0,0.2849999964237213,0.2282142788171768,0.1939285695552826,0.1714285761117935,0.3054545521736145,0.2849999964237213,0.0,0.2986363768577575,0.2624242305755615,0.0,0,8,7,0,7,0,0,300000000.0,38000000.0,0.0,110220000.0,22750000.0,0.0,0.3818363547325134,0.9583041667938232,0.0,0.0,0.0,0.0,0.3818363547325134,0.9583041667938232,0.0,0.9583041667938232,0.670070230960846,0.4784094095230102,0.0,0.0,0.0,0.0,-0.0,-0.0,-0.0,0.0,0.0,0.0,0.0,-0.0,0.0,260.0,3.5,262.1000061035156,1,0,0,1,0,0,0,0,0,0,0.0,0.5,0.0,0.5,0.0,0.1428571492433548,0.5714285969734192,0.5714285969734192,0.2857142984867096,1,0.4576102495193481,0.2188331186771392,0.4285714328289032,0.2142857164144516,UNKNOWN,0,0,7,0,0,7,3.5,3.5,70.0,0.0,0.0,G2,UNKNOWN,UNKNOWN,OPEN_SEX,UNKNOWN,0,0,0,OPEN_SEX,OPEN_SEX,UNKNOWN,0,0,0,TWO_YEAR_OLD_ONLY,UNKNOWN,UNKNOWN,-7,0,0,1,8200000.0,3300000.0,2100000.0,15620000.0,15.919645309448242,16.564062118530273,38000000.0,7500000.0,0.0,17.453096389770508,15.830413818359377,0.0,38000000.0,22750000.0,21250000.0,-29800000.0,-14550000.0,0.2157894670963287,0.3604395687580108,174.5309600830078,0.0,0.0,unknown,13,grade:B|condition:11,grade:unknown|condition:11,unknown,160.0,150.0,0.202763708985807,2,DataFrame cached LightGBM F,F_CACHED,1,1,0
2026-0704-02-01-07-08,2023105261,アスクファイアモア,2026-07-04,0,2,4,5,178.0,函館,芝,2600,7,4,1,0.25,1,0.25,0.3333333432674408,0.3333333432674408,0.25,0.25,4,4,8,1,8,12.0,0.0,8.0,0.0,6.666666507720947,7.599999904632568,0.3333333432674408,0.0,0.0,0.1170646101236343,0.0,0.0,4.0,1.4047752618789673,2600,2600,2200,2600,0.233333334326744,0.1555555611848831,0.233333334326744,0.1490598618984222,0.096034750342369,0.1260912716388702,2.799999952316284,0.0,1.8666666746139529,0.233333334326744,0.2074074000120163,0.209999993443489,0.1555555611848831,0.233333334326744,0.1733333319425583,0.2549999952316284,0.2176993489265442,0.1532659977674484,0.2277777791023254,0,0,0,0,0,0,0,11400000.0,11400000.0,8200000.0,9050000.0,7275000.0,6475000.0,0.2000024616718292,0.9559046030044556,0.340654194355011,-0.3928571343421936,-0.3000000119209289,-0.593406617641449,0.2081869840621948,0.9601903557777404,0.3591302335262298,0.9601903557777404,0.5091691613197327,0.46397665143013,0.0081845242530107,0.004285714123398,0.0184760298579931,0.0184760298579931,0.0739041194319725,0.032738097012043,0.0171428564935922,0.0739041194319725,0.0833333358168602,0.0571428574621677,0.124542124569416,0.3928571343421936,0.0084244580939412,260.0,3.5,262.1000061035156,1,0,0,1,0,0,0,0,0,0,0.2081869840621948,0.1533882766962051,0.1493677943944931,0.1533882766962051,0.1493677943944931,0.1428571492433548,0.5714285969734192,0.5714285969734192,0.2857142984867096,1,0.4576102495193481,0.2188331186771392,0.5714285969734192,0.0876504480838775,UNKNOWN,0,0,0,0,0,0,0.0,0.0,0.0,0.0,0.0,UNKNOWN,UNKNOWN,UNKNOWN,OPEN_SEX,UNKNOWN,0,0,0,OPEN_SEX,OPEN_SEX,OPEN_SEX,0,0,0,UNKNOWN,UNKNOWN,UNKNOWN,0,0,0,0,8200000.0,3300000.0,2100000.0,15620000.0,15.919645309448242,16.564062118530273,11400000.0,5900000.0,5900000.0,16.24912452697754,15.590462684631348,15.590462684631348,11400000.0,7733333.5,8650000.0,-3200000.0,466666.65625,0.719298243522644,1.0603448152542114,194.9894866943359,0.0,124.72370147705078,unknown,13,grade:E|condition:13,grade:unknown|condition:12,grade:unknown|condition:12,0.0,440.0,0.0736272863475357,6,DataFrame cached LightGBM F,F_CACHED,0,1,0
2026-0704-02-01-07-08,2023106495,ニューアライブ,2026-07-04,0,6,5,7,1064.0,函館,芝,2600,7,1,0,0.0,0,0.0,0.0,0.0,0.0,0.0,0,1,5,0,0,15.0,0.0,0.0,15.0,15.0,7.5,0.5,0.0,0.0,0.125,0.0,0.0,7.5,1.875,1800,0,0,2600,0.2849999964237213,0.0,0.0,0.1444036066532135,0.0,0.0,4.275000095367432,0.0,0.0,0.2849999964237213,0.2849999964237213,0.1424999982118606,-14.71500015258789,0.2849999964237213,0.0,0.0,0.2354914546012878,0.0,0.0,0,8,0,0,0,0,0,300000000.0,0.0,0.0,79900000.0,0.0,0.0,0.3714286983013153,0.0,0.0,0.3035714328289032,0.0,0.0,0.3700734674930572,0.0,0.0,0.3700734674930572,0.3700734674930572,0.1850367337465286,-0.0013552296441048,0.0,0.0,-0.0013552296441048,-0.0054209185764193,-0.0054209185764193,0.0,0.0,0.0178571436554193,0.0,0.0,-0.3035714328289032,-0.0014649791410192,260.0,3.5,262.1000061035156,1,0,0,1,0,0,0,0,0,0,0.0,0.8571428656578064,0.0,0.8571428656578064,0.0,0.1428571492433548,0.5714285969734192,0.5714285969734192,0.2857142984867096,1,0.4576102495193481,0.2188331186771392,0.7142857313156128,0.6122449040412903,UNKNOWN,0,0,0,0,0,0,0.0,0.0,0.0,0.0,0.0,UNKNOWN,UNKNOWN,UNKNOWN,OPEN_SEX,UNKNOWN,0,0,0,OPEN_SEX,UNKNOWN,UNKNOWN,0,0,0,UNKNOWN,UNKNOWN,UNKNOWN,0,0,0,0,8200000.0,3300000.0,2100000.0,15620000.0,15.919645309448242,16.564062118530273,16000000.0,0.0,0.0,16.588098526000977,0.0,0.0,16000000.0,16000000.0,8000000.0,-7800000.0,-7800000.0,0.512499988079071,0.512499988079071,248.8214874267578,0.0,0.0,unknown,13,grade:E|condition:11,unknown,unknown,0.0,0.0,0.081190408598059,5,DataFrame cached LightGBM F,F_CACHED,0,0,0
2026-0704-02-01-07-08,2022104973,バズアップビート,2026-07-04,0,7,6,2,24.0,函館,芝,2600,7,12,1,0.0833333358168602,5,0.4166666567325592,0.0,0.3333333432674408,0.0,0.2000000029802322,4,6,2,4,9,1.0,4.0,4.0,1.0,3.0,2.5,0.3333333432674408,0.1111111119389534,0.0,0.1170646101236343,0.0712987035512924,0.039632175117731,0.3333333432674408,0.1170646101236343,2600,1800,2000,2600,0.233333334326744,0.2800000011920929,0.2171428501605987,0.1490598618984222,0.1501509696245193,0.1617334336042404,0.233333334326744,1.1200000047683716,0.868571400642395,0.2800000011920929,0.2434920668601989,0.2440952360630035,-0.7666666507720947,0.233333334326744,0.3000000119209289,0.294117659330368,0.2176993489265442,0.2639215588569641,0.2591986358165741,0,0,7,0,0,0,0,11400000.0,54000000.0,11400000.0,9050000.0,15180000.0,8233333.5,0.6900089383125305,0.5030306577682495,0.3203688561916351,0.3214285671710968,0.0,0.0824175849556922,0.6833124756813049,0.5030306577682495,0.3186706900596618,0.6833124756813049,0.5016712546348572,0.5562995672225952,-0.0066964286379516,0.0,-0.0016981645021587,0.0,-0.0,-0.0267857145518064,-0.0,-0.006792658008635,0.0833333358168602,0.0,0.0824175849556922,-0.3214285671710968,-0.0068927383981645,260.0,3.5,262.1000061035156,1,0,0,1,0,0,0,0,0,0,0.6833124756813049,0.5078388452529907,0.2562558054924011,0.5078388452529907,0.2562558054924011,0.1428571492433548,0.5714285969734192,0.5714285969734192,0.2857142984867096,1,0.4576102495193481,0.2188331186771392,0.8571428656578064,0.4352904260158539,UNKNOWN,0,0,0,0,0,0,0.0,0.0,0.0,0.0,0.0,UNKNOWN,UNKNOWN,UNKNOWN,OPEN_SEX,UNKNOWN,0,0,0,OPEN_SEX,OPEN_SEX,OPEN_SEX,0,0,0,UNKNOWN,UNKNOWN,UNKNOWN,0,0,0,0,8200000.0,3300000.0,2100000.0,15620000.0,15.919645309448242,16.564062118530273,11400000.0,8200000.0,8200000.0,16.24912452697754,15.919645309448242,15.919645309448242,11400000.0,9266667.0,9800000.0,-3200000.0,-1066666.625,0.719298243522644,0.8848921060562134,16.24912452697754,63.67858123779297,63.67858123779297,unknown,13,grade:E|condition:13,grade:unknown|condition:14,grade:unknown|condition:14,0.0,0.0,0.2638877271199338,1,DataFrame cached LightGBM F,F_CACHED,0,0,1
2026-0704-02-01-07-08,2020105796,ペリプルス,2026-07-04,0,5,7,3,84.0,函館,芝,2600,7,43,1,0.0232558138668537,7,0.1627907007932663,0.0,0.3333333432674408,0.0,0.2000000029802322,5,13,3,6,12,2.0,14.0,14.0,2.0,10.0,8.0,0.3333333432674408,0.1666666716337204,0.125,0.1170646101236343,0.0588441789150238,0.0586580671370029,0.6666666865348816,0.2341292202472686,2600,2600,2600,2600,0.233333334326744,0.2125000059604644,0.2000000029802322,0.1490598618984222,0.1474250108003616,0.1540857106447219,0.4666666686534881,2.9749999046325684,2.799999952316284,0.233333334326744,0.2152777761220932,0.2204166650772094,-1.7666666507720947,0.233333334326744,0.2249999940395355,0.2907692193984985,0.2176993489265442,0.214880958199501,0.2476806491613388,0,0,0,0,0,0,0,11400000.0,11400000.0,15800000.0,9050000.0,9700000.0,8490000.0,0.5398483872413635,0.4624915719032287,0.2457352429628372,-0.5357142686843872,-0.050000000745058,0.3296703398227691,0.5510091185569763,0.4632554650306701,0.2375840544700622,0.5510091185569763,0.4172828793525696,0.4619980156421661,0.0111607145518064,0.0007638888782821,-0.0081511894240975,0.0111607145518064,0.0446428582072258,0.0446428582072258,0.0030555555131286,-0.0326047576963901,0.0833333358168602,0.0611111111938953,0.0989011004567146,0.5357142686843872,0.0114878974854946,260.0,3.5,262.1000061035156,1,0,0,1,0,0,0,0,0,0,0.5510091185569763,0.3825640976428985,0.335254430770874,0.3825640976428985,0.335254430770874,0.1428571492433548,0.5714285969734192,0.5714285969734192,0.2857142984867096,1,0.4576102495193481,0.2188331186771392,1.0,0.3825640976428985,UNKNOWN,0,0,0,0,0,0,0.0,0.0,0.0,0.0,0.0,UNKNOWN,UNKNOWN,UNKNOWN,OPEN_SEX,UNKNOWN,0,0,0,OPEN_SEX,OPEN_SEX,OPEN_SEX,0,0,0,UNKNOWN,UNKNOWN,UNKNOWN,0,0,0,0,8200000.0,3300000.0,2100000.0,15620000.0,15.919645309448242,16.564062118530273,11400000.0,11400000.0,8200000.0,16.24912452697754,16.24912452697754,15.919645309448242,11400000.0,10333333.0,10760000.0,-3200000.0,-2133333.25,0.719298243522644,0.7935484051704407,32.49824905395508,227.48773193359375,222.87503051757812,unknown,13,grade:E|condition:13,grade:E|condition:14,grade:unknown|condition:14,0.0,0.0,0.0882731645829639,4,DataFrame cached LightGBM F,F_CACHED,0,0,0
2026-0704-02-01-07-09,2022106645,グランセゾン,2026-07-04,0,3,1,3,48.0,函館,芝,1800,9,10,1,0.1000000014901161,4,0.4000000059604645,0.0,0.3333333432674408,0.0,0.4000000059604645,3,9,2,10,6,2.0,12.0,5.0,2.0,6.333333492279053,5.599999904632568,0.0526315793395042,0.0,0.0909090936183929,0.0617171488702297,0.0544885359704494,0.1218433156609535,0.1052631586790084,0.1234342977404594,1800,1800,1800,1800,0.2076923102140426,0.3052631616592407,0.2952381074428558,0.12767094373703,0.1291532665491104,0.1719740033149719,0.4153846204280853,3.6631579399108887,1.476190447807312,0.3052631616592407,0.2693978548049927,0.2544727325439453,-1.792307734489441,0.2133333384990692,0.3052631616592407,0.2952381074428558,0.2038339376449585,0.2472244650125503,0.2440336197614669,0,5,0,0,0,0,0,20000000.0,8200000.0,15800000.0,8733333.0,6714285.5,9300000.0,0.5971902012825012,0.3191989064216614,0.4467401206493377,0.1416666656732559,0.4124999940395355,0.1375000029802322,0.5968950986862183,0.3156181871891022,0.4519441127777099,0.5968950986862183,0.4548191130161285,0.483521819114685,-0.0002951388887595,-0.0035807292442768,0.0052039930596947,0.0052039930596947,0.020815972238779,-0.0011805555550381,-0.0143229169771075,0.020815972238779,0.0083333337679505,0.0347222238779068,-0.1513888835906982,-0.1416666656732559,-0.0003010854998137,275.0,3.5,262.1000061035156,0,1,0,1,0,1,0,1,0,0,0.0,0.7266666889190674,0.1554920524358749,0.7266666889190674,0.1554920524358749,0.3333333432674408,0.5555555820465088,0.6666666865348816,0.0,3,0.5980664491653442,0.1825089752674102,0.1111111119389534,0.0807407423853874,UNKNOWN,0,0,0,0,0,0,0.0,0.0,0.0,0.0,0.0,UNKNOWN,UNKNOWN,UNKNOWN,OPEN_SEX,UNKNOWN,0,0,0,OPEN_SEX,OPEN_SEX,OPEN_SEX,0,0,0,UNKNOWN,UNKNOWN,UNKNOWN,0,0,0,0,11400000.0,4600000.0,2900000.0,21740000.0,16.24912452697754,16.894664764404297,8200000.0,8200000.0,8200000.0,15.919645309448242,15.919645309448242,15.919645309448242,8200000.0,8200000.0,8200000.0,3200000.0,3200000.0,1.3902438879013062,1.3902438879013062,31.839290618896484,191.0357360839844,79.59822082519531,E,13,grade:unknown|condition:14,grade:unknown|condition:14,grade:unknown|condition:14,0.0,150.0,0.1083482463964528,4,DataFrame cached LightGBM F,F_CACHED,0,1,0
2026-0704-02-01-07-09,2020100621,マイバラード,2026-07-04,0,6,2,7,129.0,函館,芝,1800,9,39,1,0.0256410259753465,7,0.1794871836900711,0.0,0.3333333432674408,0.0,0.2000000029802322,5,11,3,11,5,3.0,5.0,9.0,3.0,5.666666507720947,4.800000190734863,0.2000000029802322,0.0769230797886848,0.1000000014901161,0.1483132988214492,0.0608536899089813,0.0655335709452629,0.6000000238418579,0.444939911365509,1800,2000,1800,1800,0.3054545521736145,0.1700000017881393,0.4000000059604645,0.1761804521083831,0.1636017560958862,0.1728687882423401,0.9163636565208436,0.8500000238418579,3.5999999046325684,0.4000000059604645,0.2918181717395782,0.2837272584438324,-2.6945455074310303,0.3054545521736145,0.2833333313465118,0.4000000059604645,0.236609011888504,0.252875804901123,0.2876923084259033,0,7,0,6,0,0,0,38000000.0,15800000.0,41000000.0,13150000.0,10226667.0,12830769.0,0.5302224159240723,0.3452769219875335,0.4370860457420349,-0.4111111164093017,0.1307189613580703,-0.3484848439693451,0.5260351300239563,0.3467720746994018,0.4436861574649811,0.5260351300239563,0.4388311207294464,0.4557864367961883,-0.0041872425936162,0.0014951514312997,0.0066000916995108,0.0066000916995108,0.0264003667980432,-0.0167489703744649,0.0059806057251989,0.0264003667980432,-0.0407407395541667,-0.0457516349852085,0.0757575780153274,0.4111111164093017,-0.0046809636987745,275.0,3.5,262.1000061035156,0,1,0,1,0,1,0,1,0,0,0.5260351300239563,0.411074548959732,0.2226546555757522,0.411074548959732,0.2226546555757522,0.3333333432674408,0.5555555820465088,0.6666666865348816,0.0,3,0.5980664491653442,0.1825089752674102,0.2222222238779068,0.0913498997688293,UNKNOWN,0,0,0,0,0,0,0.0,0.0,0.0,0.0,0.0,UNKNOWN,UNKNOWN,UNKNOWN,OPEN_SEX,UNKNOWN,0,0,0,OPEN_SEX,OPEN_SEX,OPEN_SEX,0,0,0,UNKNOWN,UNKNOWN,UNKNOWN,0,0,0,0,11400000.0,4600000.0,2900000.0,21740000.0,16.24912452697754,16.894664764404297,8200000.0,11400000.0,11400000.0,15.919645309448242,16.24912452697754,16.24912452697754,11400000.0,10333333.0,9800000.0,3200000.0,1066666.625,1.3902438879013062,1.103225827217102,47.758934020996094,81.24562072753906,146.2421112060547,E,13,grade:unknown|condition:13,grade:E|condition:14,grade:E|condition:14,0.0,0.0,0.0543809583710911,7,DataFrame cached LightGBM F,F_CACHED,0,0,0
2026-0704-02-01-07-09,2022102135,ゴーゴータカシ,2026-07-04,0,5,3,2,40.0,函館,芝,1800,9,22,1,0.0454545468091964,6,0.2727272808551788,0.0,1.0,0.0,0.6000000238418579,7,12,3,2,2,7.0,1.0,1.0,1.0,3.0,4.0,0.1111111119389534,0.125,0.0,0.0630591660737991,0.066881887614727,0.0318840816617012,0.7777777910232544,0.4414141476154327,1800,1800,1800,1800,0.2800000011920929,0.2035714238882064,0.1555555611848831,0.1559581458568573,0.130368560552597,0.1269953399896621,1.9600000381469729,0.2035714238882064,0.1555555611848831,0.2800000011920929,0.2130423337221145,0.2321825325489044,-0.7964285612106323,0.2800000011920929,0.2442857176065445,0.1882352977991104,0.2429487109184265,0.2085449695587158,0.1765017062425613,0,7,0,0,0,0,0,54000000.0,10700000.0,15800000.0,13440000.0,8144444.5,8361538.5,0.4961893260478973,0.6913481950759888,0.6763097047805786,0.2666666805744171,0.0,0.0,0.4858189523220062,0.6913481950759888,0.6763097047805786,0.6913481950759888,0.6178256273269653,0.5855758786201477,-0.0103703700006008,0.0,0.0,0.0,-0.0,-0.0414814800024032,-0.0,-0.0,0.1555555611848831,0.0,0.0,-0.2666666805744171,-0.0113291749730706,275.0,3.5,262.1000061035156,0,1,0,1,0,1,0,1,0,0,0.4858189523220062,0.5555555820465088,0.1111111119389534,0.5555555820465088,0.1111111119389534,0.3333333432674408,0.5555555820465088,0.6666666865348816,0.0,3,0.5980664491653442,0.1825089752674102,0.3333333432674408,0.1851851791143417,UNKNOWN,0,0,0,0,0,0,0.0,0.0,0.0,0.0,0.0,UNKNOWN,UNKNOWN,UNKNOWN,OPEN_SEX,UNKNOWN,0,0,0,OPEN_SEX,OPEN_SEX,OPEN_SEX,0,0,0,UNKNOWN,UNKNOWN,UNKNOWN,0,0,0,0,11400000.0,4600000.0,2900000.0,21740000.0,16.24912452697754,16.894664764404297,11400000.0,8200000.0,11400000.0,16.24912452697754,15.919645309448242,16.24912452697754,11400000.0,10333333.0,10440000.0,0.0,1066666.625,1.0,1.103225827217102,113.74386596679688,15.919645309448242,16.24912452697754,E,13,grade:E|condition:13,grade:unknown|condition:14,grade:E|condition:14,0.0,0.0,0.1145898227643992,3,DataFrame cached LightGBM F,F_CACHED,0,0,0
2026-0704-02-01-07-09,2023102178,タイキルッジェーロ,2026-07-04,0,8,4,4,52.0,函館,芝,1800,9,4,1,0.25,1,0.25,0.0,0.0,0.25,0.25,3,4,6,11,8,5.0,8.0,15.0,5.0,9.333333015441896,7.900000095367432,0.2000000029802322,0.3333333432674408,0.25,0.1483132988214492,0.3541666567325592,0.3722222149372101,1.0,0.74156653881073,1800,1800,1800,1800,0.3054545521736145,0.2849999964237213,0.3149999976158142,0.1761804521083831,0.2097147852182388,0.2011965811252594,1.5272727012634275,2.2799999713897705,4.724999904632568,0.3149999976158142,0.3018181920051574,0.3012272715568542,-4.694545269012451,0.3054545521736145,0.2849999964237213,0.3149999976158142,0.236609011888504,0.2844444513320923,0.2561111152172088,0,7,8,0,0,7,0,38000000.0,300000000.0,11400000.0,13150000.0,74600000.0,8240000.0,0.3796693980693817,0.3334675133228302,0.3454546630382538,0.0333333350718021,-0.324999988079071,0.1742424219846725,0.3800089061260223,0.3197001516819,0.3550248146057129,0.3800089061260223,0.3515779674053192,0.3569194674491882,0.0003395061648916,-0.0137673607096076,0.0095701329410076,0.0095701329410076,0.0382805317640304,0.0013580246595665,-0.0550694428384304,0.0382805317640304,-0.0407407395541667,-0.1694444417953491,-0.219696968793869,-0.0333333350718021,0.0003795376105699,275.0,3.5,262.1000061035156,0,1,0,1,0,1,0,1,0,0,0.3800089061260223,0.4957070648670196,0.1901746541261673,0.4957070648670196,0.1901746541261673,0.3333333432674408,0.5555555820465088,0.6666666865348816,0.0,3,0.5980664491653442,0.1825089752674102,0.4444444477558136,0.2203142493963241,UNKNOWN,0,0,0,7,0,7,2.3333332538604736,2.0999999046325684,0.0,56.0,0.0,UNKNOWN,G2,UNKNOWN,OPEN_SEX,UNKNOWN,0,0,0,OPEN_SEX,OPEN_SEX,OPEN_SEX,0,0,0,UNKNOWN,UNKNOWN,UNKNOWN,0,0,0,0,11400000.0,4600000.0,2900000.0,21740000.0,16.24912452697754,16.894664764404297,8200000.0,54000000.0,11400000.0,15.919645309448242,17.804494857788086,16.24912452697754,54000000.0,24533334.0,22580000.0,3200000.0,-13133333.0,1.3902438879013062,0.4646739065647125,79.59822082519531,142.4359588623047,243.7368621826172,E,13,grade:unknown|condition:13,grade:B|condition:12,grade:E|condition:12,0.0,0.0,0.1158270711355933,2,DataFrame cached LightGBM F,F_CACHED,0,0,0
2026-0704-02-01-07-09,2022105817,アルディスティーノ,2026-07-04,0,4,5,6,114.0,函館,芝,1800,9,11,1,0.0909090936183929,2,0.1818181872367859,0.0,0.0,0.0,0.0,4,7,5,8,4,5.0,15.0,4.0,4.0,8.0,7.800000190734863,0.1666666716337204,0.125,0.0,0.1946759223937988,0.11994618922472,0.1105178743600845,0.8333333134651184,0.973379611968994,2000,2000,2000,1800,0.3258333206176758,0.2800000011920929,0.145454540848732,0.1953406035900116,0.2007853686809539,0.1703839302062988,1.6291667222976685,4.199999809265137,0.581818163394928,0.3258333206176758,0.2504293024539947,0.2760075628757477,-3.854545354843139,0.3258333206176758,0.3466666638851166,0.3466666638851166,0.2537963092327118,0.3142330050468445,0.3121957778930664,0,5,0,0,0,0,0,21000000.0,15800000.0,15800000.0,9028571.0,7790000.0,9850000.0,0.4530652165412903,0.3508632481098175,0.4959344565868377,-0.0833333358168602,0.3846153914928436,-0.183006539940834,0.451960414648056,0.3672997951507568,0.5010179877281189,0.5010179877281189,0.4400927424430847,0.4363737404346466,-0.0011047979351133,0.0164365544915199,0.005083514843136,0.0164365544915199,0.0657462179660797,-0.0044191917404532,0.0657462179660797,0.0203340593725442,-0.0530303046107292,-0.1709401756525039,0.1111111119389534,0.0833333358168602,-0.0012575800064951,275.0,3.5,262.1000061035156,0,1,0,1,0,1,0,1,0,0,0.0,0.6181640028953552,0.2288817763328552,0.6181640028953552,0.2288817763328552,0.3333333432674408,0.5555555820465088,0.6666666865348816,0.0,3,0.5980664491653442,0.1825089752674102,0.5555555820465088,0.3434244394302368,UNKNOWN,0,0,0,0,0,0,0.0,0.0,0.0,0.0,0.0,UNKNOWN,UNKNOWN,UNKNOWN,OPEN_SEX,UNKNOWN,0,0,0,OPEN_SEX,OPEN_SEX,OPEN_SEX,0,0,0,UNKNOWN,UNKNOWN,UNKNOWN,0,0,0,0,11400000.0,4600000.0,2900000.0,21740000.0,16.24912452697754,16.894664764404297,11400000.0,8200000.0,8200000.0,16.24912452697754,15.919645309448242,15.919645309448242,11400000.0,9266667.0,9800000.0,0.0,2133333.25,1.0,1.2302157878875732,81.24562072753906,238.794677734375,63.67858123779297,E,13,grade:E|condition:13,grade:unknown|condition:14,grade:unknown|condition:14,0.0,0.0,0.0632993359494439,6,DataFrame cached LightGBM F,F_CACHED,0,0,0
2026-0704-02-01-07-09,2022106231,ウインベラーノ,2026-07-04,1,1,6,5,64.0,函館,芝,1800,9,14,1,0.0714285746216774,6,0.4285714328289032,0.0,0.0,0.0,0.2000000029802322,3,5,4,10,8,3.0,14.0,12.0,3.0,9.666666984558104,8.100000381469727,0.2000000029802322,0.1000000014901161,0.1666666716337204,0.1483132988214492,0.0655335709452629,0.0740341544151306,0.6000000238418579,0.444939911365509,1800,1800,1800,1800,0.3054545521736145,0.4000000059604645,0.2307142913341522,0.1761804521083831,0.1728687882423401,0.2027067691087722,0.9163636565208436,5.599999904632568,2.768571376800537,0.4000000059604645,0.3120562732219696,0.3188701272010803,-2.6945455074310303,0.3054545521736145,0.4000000059604645,0.4000000059604645,0.236609011888504,0.2876923084259033,0.3033333420753479,0,7,6,0,0,0,0,38000000.0,41000000.0,15800000.0,13150000.0,12830769.0,8600000.0,0.4857779443264007,0.2552188336849212,0.3591988980770111,0.4777777791023254,0.469696968793869,0.3974359035491943,0.4906441867351532,0.2463230639696121,0.3583496809005737,0.4906441867351532,0.3651056587696075,0.3908889591693878,0.0048662549816071,-0.0088957762345671,-0.0008492220076732,0.0048662549816071,0.0194650199264287,0.0194650199264287,-0.0355831049382686,-0.0033968880306929,-0.0407407395541667,0.0757575780153274,0.0085470089688897,-0.4777777791023254,0.0054400390945374,275.0,3.5,262.1000061035156,0,1,0,1,0,1,0,1,0,0,0.4839525818824768,0.9833333492279052,0.0333333350718021,0.9833333492279052,0.0333333350718021,0.3333333432674408,0.5555555820465088,0.6666666865348816,0.0,3,0.5980664491653442,0.1825089752674102,0.6666666865348816,0.6555555462837219,UNKNOWN,0,0,0,0,0,0,0.0,0.0,0.0,0.0,0.0,UNKNOWN,UNKNOWN,UNKNOWN,OPEN_SEX,UNKNOWN,0,0,0,OPEN_SEX,OPEN_SEX,OPEN_SEX,0,0,0,UNKNOWN,UNKNOWN,UNKNOWN,0,0,0,0,11400000.0,4600000.0,2900000.0,21740000.0,16.24912452697754,16.894664764404297,8200000.0,11400000.0,8200000.0,15.919645309448242,16.24912452697754,15.919645309448242,11400000.0,9266667.0,9160000.0,3200000.0,2133333.25,1.3902438879013062,1.2302157878875732,47.758934020996094,227.48773193359375,191.0357360839844,E,13,grade:unknown|condition:13,grade:E|condition:14,grade:unknown|condition:14,640.0,190.0,0.1008222858126597,5,DataFrame cached LightGBM F,F_CACHED,1,1,0
2026-0704-02-01-07-09,2023103351,グレーヌドジョワ,2026-07-04,0,2,7,1,36.0,函館,芝,1800,9,8,1,0.125,3,0.375,0.0,0.3333333432674408,0.2000000029802322,0.4000000059604645,4,8,2,11,7,1.0,18.0,8.0,1.0,9.0,7.5,0.2000000029802322,0.3333333432674408,0.2000000029802322,0.1483132988214492,0.4244047701358795,0.3400000035762787,0.2000000029802322,0.1483132988214492,1800,2200,2000,1800,0.3054545521736145,0.2181818187236786,0.2691666781902313,0.1761804521083831,0.1922004371881485,0.2093063294887542,0.3054545521736145,3.9272727966308594,2.1533334255218506,0.3054545521736145,0.2642676830291748,0.2720151543617248,-0.6945454478263855,0.3054545521736145,0.2399999946355819,0.2691666781902313,0.236609011888504,0.2313888818025589,0.2571464776992798,0,7,8,6,0,0,0,38000000.0,300000000.0,41000000.0,13150000.0,65416668.0,16228571.0,0.701903760433197,0.2363636493682861,0.3334675133228302,0.2555555701255798,0.1969697028398513,0.1555555611848831,0.7045066356658936,0.2266643792390823,0.3447020947933197,0.7045066356658936,0.4252910315990448,0.4891930520534515,0.0026028805878013,-0.0096992654725909,0.0112345675006508,0.0112345675006508,0.0449382700026035,0.0104115223512053,-0.0387970618903636,0.0449382700026035,-0.0407407395541667,0.1969697028398513,-0.2888889014720917,-0.2555555701255798,0.0029097881633788,275.0,3.5,262.1000061035156,0,1,0,1,0,1,0,1,0,0,0.7045066356658936,0.7510101199150085,0.0550852455198764,0.7510101199150085,0.0550852455198764,0.3333333432674408,0.5555555820465088,0.6666666865348816,0.0,3,0.5980664491653442,0.1825089752674102,0.7777777910232544,0.5841189622879028,UNKNOWN,0,0,0,0,0,0,0.0,0.0,0.0,0.0,0.0,UNKNOWN,UNKNOWN,UNKNOWN,OPEN_SEX,UNKNOWN,0,0,0,OPEN_SEX,OPEN_SEX,OPEN_SEX,0,0,0,UNKNOWN,UNKNOWN,UNKNOWN,0,0,0,0,11400000.0,4600000.0,2900000.0,21740000.0,16.24912452697754,16.894664764404297,8200000.0,11400000.0,11400000.0,15.919645309448242,16.24912452697754,16.24912452697754,11400000.0,10333333.0,9800000.0,3200000.0,1066666.625,1.3902438879013062,1.103225827217102,15.919645309448242,292.4842224121094,129.9929962158203,E,13,grade:unknown|condition:13,grade:E|condition:12,grade:E|condition:12,0.0,140.0,0.1698083623272753,1,DataFrame cached LightGBM F,F_CACHED,0,1,0
2026-0704-02-01-07-09,2019106416,キセキノエンジェル,2026-07-04,0,7,8,8,926.0,函館,芝,1800,9,45,1,0.0222222227603197,6,0.1333333402872085,0.0,0.0,0.0,0.0,3,5,8,8,10,10.0,18.0,36.0,10.0,21.33333396911621,17.600000381469727,1.0,0.1666666716337204,0.1000000014901161,0.1877428144216537,0.0804164931178093,0.0665556639432907,10.0,1.87742817401886,1800,2000,1800,1800,0.2571428716182709,0.2907692193984985,0.2421052604913711,0.1547068059444427,0.1592680364847183,0.1341297179460525,2.5714285373687744,5.233846187591553,8.715789794921875,0.2907692193984985,0.263339102268219,0.2642232477664947,-9.742856979370115,0.2571428716182709,0.2907692193984985,0.2421052604913711,0.2334593832492828,0.234367087483406,0.2194505929946899,0,0,7,0,0,0,0,11400000.0,52000000.0,15800000.0,9450000.0,13562500.0,9085714.0,0.2889070510864258,0.2814186811447143,0.2791964411735534,0.0111111113801598,0.3666666746139526,-0.3589743673801422,0.2889790534973144,0.2579927444458008,0.3068098723888397,0.3068098723888397,0.2845938801765442,0.2832493185997009,7.201646076282486e-05,-0.0234259255230426,0.0276134125888347,0.0276134125888347,0.110453650355339,0.0002880658430512,-0.0937037020921707,0.110453650355339,-0.025925925001502,0.2555555701255798,0.3076923191547394,-0.0111111113801598,7.702873699599877e-05,275.0,3.5,262.1000061035156,0,1,0,1,0,1,0,1,0,0,0.2889790534973144,0.4398046433925628,0.2608478665351867,0.4398046433925628,0.2608478665351867,0.3333333432674408,0.5555555820465088,0.6666666865348816,0.0,3,0.5980664491653442,0.1825089752674102,0.8888888955116272,0.3909374475479126,UNKNOWN,0,0,0,0,0,0,0.0,0.0,0.0,0.0,0.0,UNKNOWN,UNKNOWN,UNKNOWN,OPEN_SEX,UNKNOWN,0,0,0,OPEN_SEX,OPEN_SEX,OPEN_SEX,0,0,0,UNKNOWN,UNKNOWN,UNKNOWN,0,0,0,0,11400000.0,4600000.0,2900000.0,21740000.0,16.24912452697754,16.894664764404297,11400000.0,8200000.0,8200000.0,16.24912452697754,15.919645309448242,15.919645309448242,11400000.0,9266667.0,9800000.0,0.0,2133333.25,1.0,1.2302157878875732,162.49124145507812,286.5536193847656,573.1072387695312,E,13,grade:E|condition:13,grade:unknown|condition:14,grade:unknown|condition:14,0.0,0.0,0.011897528004277,9,DataFrame cached LightGBM F,F_CACHED,0,0,0
2026-0704-02-01-07-09,2022105392,スタードメイソン,2026-07-04,0,9,9,9,1190.0,函館,芝,1800,9,6,1,0.1666666716337204,1,0.1666666716337204,0.0,0.0,0.2000000029802322,0.2000000029802322,3,5,10,13,14,15.0,65.0,13.0,13.0,31.0,29.600000381469727,0.2000000029802322,0.0555555559694767,0.0,0.1483132988214492,0.0476967468857765,0.0544885359704494,3.0,2.2246994972229004,1800,2600,1800,1800,0.3054545521736145,0.1407407373189926,0.3052631616592407,0.1761804521083831,0.1336935013532638,0.1291532665491104,4.581818103790283,9.148148536682127,3.96842098236084,0.3054545521736145,0.2504861354827881,0.256002128124237,-12.69473648071289,0.3054545521736145,0.2272727340459823,0.3052631616592407,0.236609011888504,0.2003607451915741,0.2472244650125503,0,7,0,0,0,0,0,38000000.0,15800000.0,8200000.0,13150000.0,9477273.0,6714285.5,0.1991965770721435,0.173602357506752,0.2125306874513626,-0.5222222208976746,-0.4358974397182464,0.0125000001862645,0.193877637386322,0.1775608211755752,0.212422177195549,0.212422177195549,0.194620206952095,0.1926915049552917,-0.0053189299069345,0.0039584701880812,-0.0001085069452528,0.0039584701880812,0.015833880752325,-0.021275719627738,0.015833880752325,-0.0004340277810115,-0.0407407395541667,0.0363247878849506,0.0347222238779068,0.5222222208976746,-0.0059460890479385,275.0,3.5,262.1000061035156,0,1,0,1,0,1,0,1,0,0,0.193877637386322,0.4012820422649383,0.3334969878196716,0.4012820422649383,0.3334969878196716,0.3333333432674408,0.5555555820465088,0.6666666865348816,0.0,3,0.5980664491653442,0.1825089752674102,1.0,0.4012820422649383,UNKNOWN,0,0,0,0,0,0,0.0,0.0,0.0,0.0,0.0,UNKNOWN,UNKNOWN,UNKNOWN,OPEN_SEX,UNKNOWN,0,0,0,OPEN_SEX,OPEN_SEX,OPEN_SEX,0,0,0,UNKNOWN,UNKNOWN,UNKNOWN,0,0,0,0,11400000.0,4600000.0,2900000.0,21740000.0,16.24912452697754,16.894664764404297,8200000.0,11400000.0,8200000.0,15.919645309448242,16.24912452697754,15.919645309448242,11400000.0,9266667.0,9160000.0,3200000.0,2133333.25,1.3902438879013062,1.2302157878875732,238.794677734375,1056.193115234375,206.95538330078125,E,13,grade:unknown|condition:13,grade:E|condition:14,grade:unknown|condition:14,0.0,0.0,0.0124292548435217,8,DataFrame cached LightGBM F,F_CACHED,0,0,0
2026-0704-02-01-07-10,2022104903,セボンサデッセ,2026-07-04,0,2,1,4,75.0,函館,芝,1700,14,9,2,0.2222222238779068,7,0.7777777910232544,0.3333333432674408,0.6666666865348816,0.2000000029802322,0.6000000238418579,3,6,2,1,4,1.0,0.0,3.0,0.0,1.3333333730697632,1.100000023841858,0.1333333402872085,0.1428571492433548,0.125,0.1206426247954368,0.0633441284298896,0.1042658761143684,0.1333333402872085,0.1206426247954368,1700,1700,1400,1700,0.2727272808551788,0.3392857015132904,0.3333333432674408,0.1994358152151107,0.147934153676033,0.2012464851140976,0.2727272808551788,0.0,1.0,0.3392857015132904,0.3151154518127441,0.3048160076141357,0.3392857015132904,0.3392857015132904,0.3392857015132904,0.3411764800548553,0.2917236387729645,0.284761905670166,0.3379318416118622,0,0,0,0,0,0,0,18700000.0,15800000.0,18700000.0,10805882.0,8822222.0,9892308.0,0.7110022306442261,0.9877678751945496,0.524111270904541,-0.461904764175415,0.4791666567325592,0.0,0.7016541361808777,0.9702982306480408,0.524111270904541,0.9702982306480408,0.7320212125778198,0.7467387914657593,-0.0093480721116065,-0.0174696184694767,0.0,0.0,-0.0,-0.0373922884464263,-0.0698784738779068,-0.0,-0.0809523835778236,0.1458333283662796,0.0,0.461904764175415,-0.0102969324216246,329.0,3.5,260.29998779296875,0,1,0,1,0,0,0,1,0,0,0.0,0.5476190447807312,0.3000378012657165,0.5476190447807312,0.3000378012657165,0.5,0.9285714030265808,0.4285714328289032,0.0714285746216774,7,0.6653128266334534,0.1649971157312393,0.0714285746216774,0.0391156449913978,UNKNOWN,0,0,0,0,0,0,0.0,0.0,0.0,0.0,0.0,UNKNOWN,UNKNOWN,UNKNOWN,OPEN_SEX,UNKNOWN,0,0,0,OPEN_SEX,OPEN_SEX,OPEN_SEX,0,0,0,UNKNOWN,UNKNOWN,UNKNOWN,0,0,0,0,15800000.0,6300000.0,4000000.0,30080000.0,16.57552146911621,17.219371795654297,15800000.0,8200000.0,8200000.0,16.57552146911621,15.919645309448242,15.919645309448242,15800000.0,10733333.0,12000000.0,0.0,5066666.5,1.0,1.4720497131347656,16.57552146911621,0.0,47.758934020996094,E,13,grade:E|condition:14,grade:unknown|condition:14,grade:unknown|condition:14,0.0,220.0,0.2120902554781906,3,DataFrame cached LightGBM F,F_CACHED,0,1,0
2026-0704-02-01-07-10,2023102769,ケイアイアギト,2026-07-04,1,1,2,1,19.0,函館,芝,1700,14,4,2,0.5,4,1.0,0.6666666865348816,1.0,0.5,1.0,1,4,3,1,1,8.0,0.0,0.0,0.0,2.6666667461395264,4.0,0.3333333432674408,0.5,0.0,0.3560185134410858,0.4114583432674408,0.0,2.6666667461395264,2.8481481075286865,1900,1800,1600,1700,0.3400000035762787,0.2955555617809295,0.2955555617809295,0.229875236749649,0.2260260283946991,0.1419349014759063,2.7200000286102295,0.0,0.0,0.3400000035762787,0.3103703558444977,0.3177777826786041,0.2955555617809295,0.3400000035762787,0.3400000035762787,0.3466666638851166,0.3103703558444977,0.3212698400020599,0.3085185289382934,0,6,6,6,6,0,0,37000000.0,37000000.0,37000000.0,11814286.0,14525000.0,14525000.0,0.5274069309234619,1.0,0.955382764339447,0.3030303120613098,0.3291666805744171,0.0,0.5182241797447205,0.9893706440925598,0.955382764339447,0.9893706440925598,0.8209925293922424,0.7469998598098755,-0.0091827362775802,-0.0106293400749564,0.0,0.0,-0.0,-0.036730945110321,-0.0425173602998256,-0.0,0.1212121248245239,0.1291666626930236,0.0,-0.3030303120613098,-0.0107325622811913,329.0,3.5,260.29998779296875,0,1,0,1,0,0,0,1,0,0,0.0,0.7337121367454529,0.1411547809839248,0.7337121367454529,0.1411547809839248,0.5,0.9285714030265808,0.4285714328289032,0.0714285746216774,7,0.6653128266334534,0.1649971157312393,0.1428571492433548,0.1048160195350647,UNKNOWN,0,0,6,0,0,6,2.0,3.0,48.0,0.0,0.0,G3,UNKNOWN,UNKNOWN,OPEN_SEX,UNKNOWN,0,0,0,OPEN_SEX,OPEN_SEX,OPEN_SEX,0,0,0,UNKNOWN,UNKNOWN,UNKNOWN,-6,0,0,0,15800000.0,6300000.0,4000000.0,30080000.0,16.57552146911621,17.219371795654297,37000000.0,8000000.0,5600000.0,17.426427841186523,15.894951820373535,15.538277626037598,37000000.0,16866666.0,22020000.0,-21200000.0,-1066666.625,0.427027016878128,0.9367588758468628,139.4114227294922,0.0,0.0,E,13,grade:C|condition:12,grade:unknown|condition:11,grade:unknown|condition:11,190.0,120.0,0.3123246971606373,2,DataFrame cached LightGBM F,F_CACHED,1,1,0
2026-0704-02-01-07-10,2021102200,レッドライトニング,2026-07-04,0,11,3,8,420.0,函館,芝,1700,14,22,2,0.0909090936183929,8,0.3636363744735718,0.0,0.6666666865348816,0.0,0.6000000238418579,4,7,3,2,8,11.0,1.0,7.0,1.0,6.333333492279053,7.199999809265137,0.3333333432674408,0.0909090936183929,0.125,0.1571048200130462,0.1397908926010131,0.1532467156648636,3.6666667461395264,1.7281529903411863,1700,1700,1600,1700,0.3116666674613952,0.2714285850524902,0.313043475151062,0.2267229110002517,0.1985660642385482,0.2270994186401367,3.428333282470703,0.2714285850524902,2.1913044452667236,0.313043475151062,0.2987129092216491,0.2998706102371216,-0.7285714149475098,0.3116666674613952,0.2714285850524902,0.3876923024654388,0.2765740752220154,0.2654761970043182,0.3335785865783691,0,0,0,0,0,0,0,19000000.0,15800000.0,18700000.0,10742857.0,10243478.0,9300000.0,0.5000066757202148,0.7025173902511597,0.3729006350040436,0.1111111119389534,-0.3952381014823913,0.0,0.4922906458377838,0.7058110237121582,0.3729006350040436,0.7058110237121582,0.5236674547195435,0.5324687361717224,-0.007716049440205,0.0032936506904661,0.0,0.0032936506904661,0.0131746027618646,-0.0308641977608203,0.0131746027618646,-0.0,0.2777777910232544,0.0333333350718021,0.0,-0.1111111119389534,-0.0087997121736407,329.0,3.5,260.29998779296875,0,1,0,1,0,0,0,1,0,0,0.4922906458377838,0.5202381014823914,0.2246059775352478,0.5202381014823914,0.2246059775352478,0.5,0.9285714030265808,0.4285714328289032,0.0714285746216774,7,0.6653128266334534,0.1649971157312393,0.2142857164144516,0.1114795953035354,UNKNOWN,0,0,0,0,0,0,0.0,0.0,0.0,0.0,0.0,UNKNOWN,UNKNOWN,UNKNOWN,OPEN_SEX,UNKNOWN,0,0,0,OPEN_SEX,OPEN_SEX,OPEN_SEX,0,0,0,UNKNOWN,UNKNOWN,UNKNOWN,0,0,0,0,15800000.0,6300000.0,4000000.0,30080000.0,16.57552146911621,17.219371795654297,15800000.0,15800000.0,11900000.0,16.57552146911621,16.57552146911621,16.292049407958984,15800000.0,14500000.0,15020000.0,0.0,1300000.0,1.0,1.0896551609039309,182.33071899414065,16.57552146911621,114.04434204101562,E,13,grade:E|condition:13,grade:E|condition:14,grade:unknown|condition:14,0.0,0.0,0.0749982255853846,9,DataFrame cached LightGBM F,F_CACHED,0,0,0
2026-0704-02-01-07-10,2021103809,マッスルバック,2026-07-04,0,8,4,13,2358.0,函館,芝,1700,14,21,2,0.095238097012043,4,0.190476194024086,0.0,0.0,0.0,0.0,3,6,11,7,7,15.0,14.0,8.0,8.0,12.333333015441896,13.300000190734863,0.1818181872367859,0.2000000029802322,0.3333333432674408,0.1387197375297546,0.1525305807590484,0.1661256402730941,2.7272727489471436,2.080796241760254,1400,1800,1800,1700,0.3333333432674408,0.2823529541492462,0.2985714375972748,0.2152569442987442,0.2119153439998626,0.2214488387107849,5.0,3.9529411792755127,2.3885715007781982,0.3333333432674408,0.3047525584697723,0.3110868334770202,-7.701428413391113,0.3333333432674408,0.3125,0.3777777850627899,0.3156518638134002,0.2727941274642944,0.319389134645462,0,0,0,0,0,0,0,18700000.0,18700000.0,18700000.0,9892308.0,7850000.0,11977778.0,0.2923078238964081,0.3000003397464752,0.3334675133228302,0.0,-0.4027777910232544,0.4555555582046509,0.2923078238964081,0.3097900748252868,0.3532926142215729,0.3532926142215729,0.3184635043144226,0.3097494542598724,0.0,0.0097897378727793,0.0198251027613878,0.0198251027613878,0.0793004110455513,-0.0,0.0391589514911174,0.0793004110455513,0.0,0.0972222238779068,-0.1740740686655044,-0.0,0.0,329.0,3.5,260.29998779296875,0,1,0,1,0,0,0,1,0,0,0.0,0.6083333492279053,0.3179797232151031,0.6083333492279053,0.3179797232151031,0.5,0.9285714030265808,0.4285714328289032,0.0714285746216774,7,0.6653128266334534,0.1649971157312393,0.2857142984867096,0.17380952835083,UNKNOWN,0,0,0,0,0,0,0.0,0.0,0.0,0.0,0.0,UNKNOWN,UNKNOWN,UNKNOWN,OPEN_SEX,UNKNOWN,0,0,0,OPEN_SEX,OPEN_SEX,OPEN_SEX,0,0,0,UNKNOWN,UNKNOWN,UNKNOWN,0,0,0,0,15800000.0,6300000.0,4000000.0,30080000.0,16.57552146911621,17.219371795654297,15800000.0,11900000.0,11900000.0,16.57552146911621,16.292049407958984,16.292049407958984,15800000.0,13200000.0,13850000.0,0.0,2600000.0,1.0,1.196969747543335,248.6328125,228.08868408203125,130.33639526367188,E,13,grade:E|condition:14,grade:unknown|condition:14,grade:unknown|condition:14,0.0,0.0,0.0169038950920845,14,DataFrame cached LightGBM F,F_CACHED,0,0,0
2026-0704-02-01-07-10,2022103778,ライフゲート,2026-07-04,0,9,5,3,58.0,函館,芝,1700,14,20,2,0.1000000014901161,9,0.449999988079071,0.0,0.6666666865348816,0.0,0.4000000059604645,7,12,2,13,3,1.0,22.0,3.0,1.0,8.666666984558105,7.699999809265137,0.3333333432674408,0.6666666865348816,0.3333333432674408,0.1571048200130462,0.1871475875377655,0.1587090045213699,0.3333333432674408,0.1571048200130462,1700,1600,1600,1700,0.3116666674613952,0.3111111223697662,0.4292307794094085,0.2267229110002517,0.2215002179145813,0.2186654955148697,0.3116666674613952,6.844444274902344,1.287692308425903,0.4292307794094085,0.3506695032119751,0.335012823343277,-0.6883333325386047,0.3116666674613952,0.3111111223697662,0.4292307794094085,0.2765740752220154,0.3059259355068207,0.3351831436157226,0,0,0,0,0,0,0,19000000.0,15800000.0,18700000.0,10742857.0,9750000.0,9137500.0,0.697151780128479,0.2800000011920929,0.5583763718605042,0.4861111044883728,0.0,0.0,0.663394033908844,0.2800000011920929,0.5583763718605042,0.663394033908844,0.5005901455879211,0.5273723006248474,-0.0337577164173126,0.0,0.0,0.0,-0.0,-0.1350308656692505,-0.0,-0.0,0.2777777910232544,0.0,0.0,-0.4861111044883728,-0.0384987406432628,329.0,3.5,260.29998779296875,0,1,0,1,0,0,0,1,0,0,0.663394033908844,0.6590476036071777,0.2293755710124969,0.6590476036071777,0.2293755710124969,0.5,0.9285714030265808,0.4285714328289032,0.0714285746216774,7,0.6653128266334534,0.1649971157312393,0.3571428656578064,0.2353741526603698,UNKNOWN,0,0,0,0,0,0,0.0,0.0,0.0,0.0,0.0,UNKNOWN,UNKNOWN,UNKNOWN,OPEN_SEX,UNKNOWN,0,0,0,OPEN_SEX,OPEN_SEX,OPEN_SEX,0,0,0,UNKNOWN,UNKNOWN,UNKNOWN,0,0,0,0,15800000.0,6300000.0,4000000.0,30080000.0,16.57552146911621,17.219371795654297,15800000.0,15800000.0,11900000.0,16.57552146911621,16.57552146911621,16.292049407958984,15800000.0,14500000.0,15020000.0,0.0,1300000.0,1.0,1.0896551609039309,16.57552146911621,364.6614379882813,48.87614822387695,E,13,grade:E|condition:13,grade:E|condition:14,grade:unknown|condition:14,0.0,0.0,0.085562987671889,8,DataFrame cached LightGBM F,F_CACHED,0,0,0
2026-0704-02-01-07-10,2020100060,オセアバトルプラン,2026-07-04,0,3,6,12,2289.0,函館,芝,1700,14,18,2,0.1111111119389534,6,0.3333333432674408,0.0,0.3333333432674408,0.0,0.2000000029802322,2,6,10,8,3,22.0,20.0,5.0,5.0,15.666666984558104,18.0,0.25,0.1818181872367859,0.2000000029802322,0.1071969792246818,0.1523645520210266,0.1665012836456298,5.5,2.3583335876464844,2100,1800,1800,1700,0.3257142901420593,0.2588235437870025,0.2736842036247253,0.1951683908700943,0.2343601584434509,0.2084955275058746,7.165714263916016,5.176470756530762,1.3684210777282717,0.3257142901420593,0.2860740125179291,0.2952410578727722,-4.726315975189209,0.3257142901420593,0.3461538553237915,0.3121428489685058,0.2833416759967804,0.3146002888679504,0.2970300614833832,0,0,6,8,0,0,0,15800000.0,37000000.0,70000000.0,9488889.0,12408333.0,25185714.0,0.3600000143051147,0.3199999928474426,0.5455523133277893,-0.125,-0.4272727370262146,-0.1809523850679397,0.363732635974884,0.3348897993564605,0.5384435057640076,0.5384435057640076,0.4123553037643432,0.390021950006485,0.0037326388992369,0.0148898074403405,-0.0071088434197008,0.0148898074403405,0.059559229761362,0.0149305555969476,0.059559229761362,-0.0284353736788034,0.1194444447755813,0.1393939405679702,-0.1571428626775741,0.125,0.0043092952109873,329.0,3.5,260.29998779296875,0,1,0,1,0,0,0,1,0,0,0.0,0.2114285677671432,0.1510237157344818,0.2114285677671432,0.1510237157344818,0.5,0.9285714030265808,0.4285714328289032,0.0714285746216774,7,0.6653128266334534,0.1649971157312393,0.4285714328289032,0.0906122475862503,UNKNOWN,0,0,0,0,0,0,0.0,0.0,0.0,0.0,0.0,UNKNOWN,UNKNOWN,UNKNOWN,OPEN_SEX,UNKNOWN,0,0,0,OPEN_SEX,OPEN_SEX,OPEN_SEX,0,0,0,UNKNOWN,UNKNOWN,UNKNOWN,0,0,0,0,15800000.0,6300000.0,4000000.0,30080000.0,16.57552146911621,17.219371795654297,11900000.0,15800000.0,11400000.0,16.292049407958984,16.57552146911621,16.24912452697754,15800000.0,13033333.0,12970000.0,3900000.0,2766666.75,1.3277311325073242,1.2122762203216553,358.4250793457031,331.5104064941406,81.24562072753906,E,13,grade:unknown|condition:14,grade:E|condition:14,grade:unknown|condition:13,0.0,2510.0,0.0276779376082502,12,DataFrame cached LightGBM F,F_CACHED,0,1,0
2026-0704-02-01-07-10,2022105443,モレポブラーノ,2026-07-04,0,13,7,10,761.0,函館,芝,1700,14,11,2,0.1818181872367859,5,0.4545454680919647,0.3333333432674408,0.3333333432674408,0.2000000029802322,0.4000000059604645,2,7,14,1,11,23.0,0.0,17.0,0.0,13.333333015441896,14.899999618530272,0.0909090936183929,0.1111111119389534,0.1000000014901161,0.1397908926010131,0.0762278214097023,0.1182787716388702,2.090909004211426,3.2151904106140137,1700,1700,1800,1700,0.2714285850524902,0.262499988079071,0.2818181812763214,0.1985660642385482,0.1374386548995971,0.197222501039505,6.242856979370117,0.0,4.790909290313721,0.2818181812763214,0.2719155848026275,0.2708279192447662,0.262499988079071,0.2714285850524902,0.262499988079071,0.3392857015132904,0.2654761970043182,0.2221031785011291,0.3273109197616577,0,0,0,0,0,0,0,15800000.0,15800000.0,15800000.0,10243478.0,7754545.5,9164706.0,0.2125084549188614,0.9814186692237854,0.3122828602790832,0.1761904805898666,0.4833333194255829,0.4708333313465118,0.211040198802948,0.9471825361251832,0.29348224401474,0.9471825361251832,0.4839016497135162,0.4483713209629059,-0.0014682540204375,-0.0342361107468605,-0.0188006367534399,-0.0014682540204375,-0.0058730160817503,-0.0058730160817503,-0.136944442987442,-0.0752025470137596,0.0333333350718021,0.2833333313465118,0.1597222238779068,-0.1761904805898666,-0.0016153798205778,329.0,3.5,260.29998779296875,0,1,0,1,0,0,0,1,0,0,0.0,0.8428571224212646,0.2040408104658126,0.8428571224212646,0.2040408104658126,0.5,0.9285714030265808,0.4285714328289032,0.0714285746216774,7,0.6653128266334534,0.1649971157312393,0.5,0.4214285612106323,UNKNOWN,0,0,0,0,0,0,0.0,0.0,0.0,0.0,0.0,UNKNOWN,UNKNOWN,UNKNOWN,OPEN_SEX,UNKNOWN,0,0,0,OPEN_SEX,OPEN_SEX,OPEN_SEX,0,0,0,UNKNOWN,UNKNOWN,UNKNOWN,0,0,0,0,15800000.0,6300000.0,4000000.0,30080000.0,16.57552146911621,17.219371795654297,15800000.0,8200000.0,8000000.0,16.57552146911621,15.919645309448242,15.894951820373535,15800000.0,10666667.0,11960000.0,0.0,5133333.5,1.0,1.4812500476837158,381.2369689941406,0.0,270.2142028808594,E,13,grade:E|condition:14,grade:unknown|condition:14,grade:unknown|condition:13,0.0,0.0,0.046821634357703,11,DataFrame cached LightGBM F,F_CACHED,0,0,0
2026-0704-02-01-07-10,2022104601,バタール,2026-07-04,0,12,8,5,139.0,函館,芝,1700,14,7,2,0.2857142984867096,5,0.7142857313156128,0.3333333432674408,0.6666666865348816,0.2000000029802322,0.6000000238418579,0,5,1,2,16,0.0,3.0,46.0,0.0,16.33333396911621,10.100000381469728,0.1666666716337204,0.3333333432674408,0.3333333432674408,0.0816285535693168,0.102359227836132,0.1430794894695282,0.0,0.0,1800,1800,2100,1700,0.2975000143051147,0.2691666781902313,0.2408333271741867,0.1673377305269241,0.1769832521677017,0.1826088279485702,0.0,0.8075000047683716,11.078332901000977,0.2975000143051147,0.2691666781902313,0.2776666581630707,0.2975000143051147,0.2975000143051147,0.2975000143051147,0.2975000143051147,0.2694047689437866,0.2793650925159454,0.2943819761276245,0,0,0,0,0,0,0,8200000.0,15800000.0,15500000.0,7557143.0,10100000.0,9600000.0,0.9925298094749452,0.593248188495636,0.2000000029802322,0.2249999940395355,0.4749999940395355,0.2791666686534881,0.9898735284805298,0.5447585582733154,0.1820674240589141,0.9898735284805298,0.5722332000732422,0.6947778463363647,-0.0026562500279396,-0.0484895817935466,-0.0179325807839632,-0.0026562500279396,-0.0106250001117587,-0.0106250001117587,-0.1939583271741867,-0.0717303231358528,0.0472222231328487,0.4083333313465118,0.2569444477558136,-0.2249999940395355,-0.0029916707426309,329.0,3.5,260.29998779296875,0,1,0,1,0,0,0,1,0,0,0.0,0.7566666603088379,0.1597219854593277,0.7566666603088379,0.1597219854593277,0.5,0.9285714030265808,0.4285714328289032,0.0714285746216774,7,0.6653128266334534,0.1649971157312393,0.5714285969734192,0.4323809444904327,UNKNOWN,0,0,0,0,0,0,0.0,0.0,0.0,0.0,0.0,UNKNOWN,UNKNOWN,UNKNOWN,OPEN_SEX,UNKNOWN,0,0,0,OPEN_SEX,OPEN_SEX,OPEN_SEX,0,0,0,UNKNOWN,UNKNOWN,UNKNOWN,0,0,0,0,15800000.0,6300000.0,4000000.0,30080000.0,16.57552146911621,17.219371795654297,8200000.0,8000000.0,8000000.0,15.919645309448242,15.894951820373535,15.894951820373535,8200000.0,8066666.5,8100000.0,7600000.0,7733333.5,1.926829218864441,1.9586776494979856,0.0,47.68485641479492,731.1677856445312,E,13,grade:unknown|condition:14,grade:unknown|condition:13,grade:unknown|condition:13,0.0,0.0,0.1037744972575338,6,DataFrame cached LightGBM F,F_CACHED,0,0,0
2026-0704-02-01-07-10,2022102308,エアニゲラ,2026-07-04,0,5,9,7,346.0,函館,芝,1700,14,9,2,0.2222222238779068,5,0.5555555820465088,0.6666666865348816,1.0,0.4000000059604645,0.6000000238418579,4,8,3,1,1,3.0,0.0,0.0,0.0,1.0,1.5,0.1176470592617988,0.1428571492433548,0.0,0.1525669395923614,0.0565534606575965,0.1105935648083686,0.3529411852359772,0.4577008485794067,1700,1800,1800,1700,0.2260869592428207,0.2849999964237213,0.2849999964237213,0.224714770913124,0.156064748764038,0.1524892896413803,0.678260862827301,0.0,0.0,0.2849999964237213,0.2653623223304748,0.2555434703826904,0.2849999964237213,0.3600000143051147,0.3083333373069763,0.2849999964237213,0.3025000095367431,0.2612698376178741,0.2288461476564407,0,7,0,0,0,0,0,52000000.0,15800000.0,15800000.0,12316667.0,8511111.0,8511111.0,0.5364722013473511,0.9877678751945496,0.9591964483261108,0.4469696879386902,0.4818181693553924,0.3910256326198578,0.4966850876808166,0.9698821902275084,0.969849407672882,0.9698821902275084,0.8121389150619507,0.7332770824432373,-0.0397870764136314,-0.0178856756538152,0.0106529425829648,0.0106529425829648,0.0426117703318595,-0.1591483056545257,-0.071542702615261,0.0426117703318595,0.3560605943202972,0.148484855890274,-0.1089743599295616,-0.4469696879386902,-0.0419699139893054,329.0,3.5,260.29998779296875,0,1,0,1,0,0,0,1,0,0,0.4966850876808166,0.9523809552192688,0.0391230396926403,0.9523809552192688,0.0391230396926403,0.5,0.9285714030265808,0.4285714328289032,0.0714285746216774,7,0.6653128266334534,0.1649971157312393,0.6428571343421936,0.6122449040412903,UNKNOWN,0,0,0,0,0,0,0.0,0.0,0.0,0.0,0.0,UNKNOWN,UNKNOWN,UNKNOWN,OPEN_SEX,UNKNOWN,0,0,0,OPEN_SEX,OPEN_SEX,OPEN_SEX,0,0,0,UNKNOWN,UNKNOWN,UNKNOWN,0,0,0,0,15800000.0,6300000.0,4000000.0,30080000.0,16.57552146911621,17.219371795654297,15800000.0,8200000.0,8200000.0,16.57552146911621,15.919645309448242,15.919645309448242,15800000.0,10733333.0,12000000.0,0.0,5066666.5,1.0,1.4720497131347656,49.7265625,0.0,0.0,E,13,grade:E|condition:13,grade:unknown|condition:14,grade:unknown|condition:14,0.0,0.0,0.1462623393287657,4,DataFrame cached LightGBM F,F_CACHED,0,0,0
2026-0704-02-01-07-10,2023100937,ストラーダ,2026-07-04,0,14,10,6,174.0,函館,芝,1700,14,4,2,0.5,2,0.5,0.6666666865348816,0.6666666865348816,0.5,0.5,2,4,1,1,11,0.0,0.0,27.0,0.0,9.0,5.400000095367432,0.3333333432674408,0.0,0.0,0.1660256385803222,0.0,0.0,0.0,0.0,1700,1800,1400,1700,0.233333334326744,0.233333334326744,0.2181818187236786,0.1705546826124191,0.1097577810287475,0.1455318331718444,0.0,0.0,5.890909194946289,0.233333334326744,0.2282828241586685,0.2303030341863632,0.233333334326744,0.233333334326744,0.2399999946355819,0.2849999964237213,0.2199999988079071,0.2177777737379074,0.2503535449504852,0,0,0,0,0,0,0,8200000.0,8200000.0,8200000.0,6800000.0,6800000.0,7216666.5,1.0,0.9559046030044556,0.2887161076068878,0.3777777850627899,0.4615384638309479,0.0,0.9783127307891846,0.9440703392028807,0.2887161076068878,0.9783127307891846,0.7370330691337585,0.8301206827163696,-0.0216872431337833,-0.0118343196809291,0.0,0.0,-0.0,-0.0867489725351333,-0.0473372787237167,-0.0,0.229629635810852,0.1025641039013862,0.0,-0.3777777850627899,-0.0230342242866754,329.0,3.5,260.29998779296875,0,1,0,1,0,0,0,1,0,0,0.9783127307891846,0.7222222089767456,0.225667729973793,0.7222222089767456,0.225667729973793,0.5,0.9285714030265808,0.4285714328289032,0.0714285746216774,7,0.6653128266334534,0.1649971157312393,0.7142857313156128,0.5158730149269104,UNKNOWN,0,0,0,0,0,0,0.0,0.0,0.0,0.0,0.0,UNKNOWN,UNKNOWN,UNKNOWN,OPEN_SEX,UNKNOWN,0,0,0,OPEN_SEX,OPEN_SEX,OPEN_SEX,0,0,0,UNKNOWN,UNKNOWN,UNKNOWN,0,0,0,0,15800000.0,6300000.0,4000000.0,30080000.0,16.57552146911621,17.219371795654297,8200000.0,5900000.0,5600000.0,15.919645309448242,15.590462684631348,15.538277626037598,8200000.0,6566666.5,6990000.0,7600000.0,9233333.0,1.926829218864441,2.4060914516448975,0.0,0.0,419.5334777832031,E,13,grade:unknown|condition:13,grade:unknown|condition:12,grade:unknown|condition:11,0.0,0.0,0.1361581774083767,5,DataFrame cached LightGBM F,F_CACHED,0,0,0
2026-0704-02-01-07-10,2022102828,メイショウタイピン,2026-07-04,0,4,11,9,579.0,函館,芝,1700,14,18,2,0.1111111119389534,6,0.3333333432674408,0.0,0.0,0.0,0.0,4,10,5,5,5,9.0,5.0,6.0,5.0,6.666666507720947,7.199999809265137,0.1176470592617988,0.1666666716337204,0.3333333432674408,0.1525669395923614,0.1510491222143173,0.1587090045213699,1.058823585510254,1.3731025457382202,1700,1600,1600,1700,0.2260869592428207,0.2526315748691559,0.4292307794094085,0.224714770913124,0.2116547375917434,0.2186654955148697,2.034782648086548,1.263157844543457,2.575384616851806,0.4292307794094085,0.3026497662067413,0.2746790945529938,-4.747368335723877,0.3600000143051147,0.2975000143051147,0.4292307794094085,0.3025000095367431,0.281403511762619,0.3351831436157226,0,7,0,0,0,0,0,52000000.0,18700000.0,18700000.0,12316667.0,11450000.0,9137500.0,0.4438794255256653,0.487498015165329,0.4779145717620849,0.2651515007019043,0.0,0.0,0.420276939868927,0.487498015165329,0.4779145717620849,0.487498015165329,0.4618965089321136,0.4519707858562469,-0.0236025024205446,0.0,0.0,0.0,-0.0,-0.0944100096821785,-0.0,-0.0,0.3560605943202972,0.0,0.0,-0.2651515007019043,-0.0248974058777093,329.0,3.5,260.29998779296875,0,1,0,1,0,0,0,1,0,0,0.420276939868927,0.6683982610702515,0.1515114456415176,0.6683982610702515,0.1515114456415176,0.5,0.9285714030265808,0.4285714328289032,0.0714285746216774,7,0.6653128266334534,0.1649971157312393,0.7857142686843872,0.525170087814331,UNKNOWN,0,0,0,0,0,0,0.0,0.0,0.0,0.0,0.0,UNKNOWN,UNKNOWN,UNKNOWN,OPEN_SEX,UNKNOWN,0,0,0,OPEN_SEX,OPEN_SEX,OPEN_SEX,0,0,0,UNKNOWN,UNKNOWN,UNKNOWN,0,0,0,0,15800000.0,6300000.0,4000000.0,30080000.0,16.57552146911621,17.219371795654297,15800000.0,15800000.0,11900000.0,16.57552146911621,16.57552146911621,16.292049407958984,15800000.0,14500000.0,15020000.0,0.0,1300000.0,1.0,1.0896551609039309,149.1796875,82.87760162353516,97.7522964477539,E,13,grade:E|condition:13,grade:E|condition:14,grade:unknown|condition:14,0.0,0.0,0.0712026325159692,10,DataFrame cached LightGBM F,F_CACHED,0,0,0
2026-0704-02-01-07-10,2022107254,エンプレスフレーム,2026-07-04,0,7,12,14,2893.0,函館,芝,1700,14,17,2,0.1176470592617988,5,0.294117659330368,0.0,0.0,0.0,0.0,2,9,10,13,13,14.0,23.0,55.0,14.0,30.66666603088379,24.899999618530273,0.0869565233588218,0.1428571492433548,0.25,0.181536853313446,0.1278624534606933,0.1601217836141586,1.2173912525177002,2.541516065597534,1600,1800,1800,1700,0.2266666740179062,0.2000000029802322,0.3499999940395355,0.2224490791559219,0.1739497482776641,0.2172791957855224,3.1733334064483643,4.599999904632568,19.25,0.3499999940395355,0.2588889002799988,0.2433333396911621,-13.773333549499512,0.2849999964237213,0.2691666781902313,0.3499999940395355,0.2799329161643982,0.2372478991746902,0.307962954044342,0,0,0,0,0,0,0,18700000.0,18700000.0,18700000.0,8240000.0,10288235.0,9972727.0,0.340312123298645,0.2514694929122925,0.2000000029802322,0.0,0.2523809671401977,0.3846153914928436,0.340312123298645,0.238549992442131,0.2030818611383438,0.340312123298645,0.2606479823589325,0.2823374271392822,0.0,-0.012919501401484,0.0030818539671599,0.0030818539671599,0.0123274158686399,-0.0,-0.051678005605936,0.0123274158686399,0.0,0.2047619074583053,-0.032051283866167,-0.0,0.0,329.0,3.5,260.29998779296875,0,1,0,1,0,0,0,1,0,0,0.0,0.6921245455741882,0.1445035189390182,0.6921245455741882,0.1445035189390182,0.5,0.9285714030265808,0.4285714328289032,0.0714285746216774,7,0.6653128266334534,0.1649971157312393,0.8571428656578064,0.5932496190071106,UNKNOWN,0,0,0,0,0,0,0.0,0.0,0.0,0.0,0.0,UNKNOWN,UNKNOWN,UNKNOWN,OPEN_SEX,UNKNOWN,0,0,0,OPEN_SEX,OPEN_SEX,OPEN_SEX,0,0,0,UNKNOWN,UNKNOWN,UNKNOWN,0,0,0,0,15800000.0,6300000.0,4000000.0,30080000.0,16.57552146911621,17.219371795654297,11900000.0,15800000.0,15500000.0,16.292049407958984,16.57552146911621,16.556350708007812,15800000.0,14400000.0,13790000.0,3900000.0,1400000.0,1.3277311325073242,1.0972222089767456,228.08868408203125,381.2369689941406,910.5993041992188,E,13,grade:unknown|condition:14,grade:E|condition:14,grade:E|condition:13,0.0,0.0,0.0188943010763136,13,DataFrame cached LightGBM F,F_CACHED,0,0,0
2026-0704-02-01-07-10,2021105931,ギマール,2026-07-04,0,10,13,11,841.0,函館,芝,1700,14,13,2,0.1538461595773697,6,0.4615384638309479,0.0,0.3333333432674408,0.0,0.2000000029802322,3,6,5,4,2,15.0,1.0,0.0,0.0,5.333333492279053,7.800000190734863,0.3333333432674408,0.1333333402872085,0.1176470592617988,0.1571048200130462,0.1206426247954368,0.1461015790700912,5.0,2.356572389602661,1700,1700,1700,1700,0.3116666674613952,0.2727272808551788,0.2000000029802322,0.2267229110002517,0.1994358152151107,0.2010947316884994,4.675000190734863,0.2727272808551788,0.0,0.3116666674613952,0.2614646553993225,0.2776515185832977,0.2000000029802322,0.3116666674613952,0.3392857015132904,0.2800000011920929,0.2765740752220154,0.2917236387729645,0.275470495223999,0,0,0,0,0,0,0,19000000.0,18700000.0,18700000.0,10742857.0,10805882.0,10633333.0,0.400000125169754,0.6538593769073486,0.9626179337501526,0.1111111119389534,0.3238095343112945,0.0874999985098838,0.3922840654850006,0.6604126691818237,0.9568150043487548,0.9568150043487548,0.669837236404419,0.5856288075447083,-0.007716049440205,0.0065532880835235,-0.0058029512874782,0.0065532880835235,0.026213152334094,-0.0308641977608203,0.026213152334094,-0.0232118051499128,0.2777777910232544,-0.0809523835778236,0.2652777731418609,-0.1111111119389534,-0.0087997121736407,329.0,3.5,260.29998779296875,0,1,0,1,0,0,0,1,0,0,0.3922840654850006,0.6569047570228577,0.1540503799915313,0.6569047570228577,0.1540503799915313,0.5,0.9285714030265808,0.4285714328289032,0.0714285746216774,7,0.6653128266334534,0.1649971157312393,0.9285714030265808,0.609982967376709,UNKNOWN,0,0,0,0,0,0,0.0,0.0,0.0,0.0,0.0,UNKNOWN,UNKNOWN,UNKNOWN,OPEN_SEX,UNKNOWN,0,0,0,OPEN_SEX,OPEN_SEX,OPEN_SEX,0,0,0,UNKNOWN,UNKNOWN,UNKNOWN,0,0,0,0,15800000.0,6300000.0,4000000.0,30080000.0,16.57552146911621,17.219371795654297,15800000.0,15800000.0,15800000.0,16.57552146911621,16.57552146911621,16.57552146911621,15800000.0,15800000.0,15800000.0,0.0,0.0,1.0,1.0,248.6328125,16.57552146911621,0.0,E,13,grade:E|condition:13,grade:E|condition:14,grade:E|condition:14,0.0,0.0,0.1019908677165382,7,DataFrame cached LightGBM F,F_CACHED,0,0,0
2026-0704-02-01-07-10,2022102905,ディアウス,2026-07-04,0,6,14,2,52.0,函館,芝,1700,14,10,2,0.2000000029802322,8,0.800000011920929,0.0,0.6666666865348816,0.2000000029802322,0.800000011920929,4,6,2,2,7,1.0,0.0,9.0,0.0,3.3333332538604736,2.299999952316284,0.1176470592617988,0.0799999982118606,0.2000000029802322,0.1525669395923614,0.1884744316339492,0.135154977440834,0.1176470592617988,0.1525669395923614,1700,1800,1700,1700,0.2260869592428207,0.25,0.2888889014720917,0.224714770913124,0.2583585381507873,0.2134673148393631,0.2260869592428207,0.0,2.5999999046325684,0.2888889014720917,0.2549919486045837,0.2458212524652481,0.25,0.3600000143051147,0.3600000143051147,0.3600000143051147,0.3025000095367431,0.3222058713436126,0.3254968822002411,0,7,0,8,0,0,0,52000000.0,18700000.0,65000000.0,12316667.0,8303703.5,17030770.0,0.7000727653503418,0.9317551851272584,0.4400493502616882,0.2651515007019043,0.3472222089767456,-0.1208333298563957,0.6764702796936035,0.9305495619773864,0.4451260566711426,0.9305495619773864,0.6840486526489258,0.7064251899719238,-0.0236025024205446,-0.0012056326959282,0.0050766784697771,0.0050766784697771,0.0203067138791084,-0.0944100096821785,-0.0048225307837128,0.0203067138791084,0.3560605943202972,0.0138888889923691,0.1680555492639541,-0.2651515007019043,-0.0248974058777093,329.0,3.5,260.29998779296875,0,1,0,1,0,0,0,1,0,0,0.6764702796936035,0.7424458861351013,0.1736135929822921,0.7424458861351013,0.1736135929822921,0.5,0.9285714030265808,0.4285714328289032,0.0714285746216774,7,0.6653128266334534,0.1649971157312393,1.0,0.7424458861351013,UNKNOWN,0,0,0,0,0,0,0.0,0.0,0.0,0.0,0.0,UNKNOWN,UNKNOWN,UNKNOWN,OPEN_SEX,UNKNOWN,0,0,0,OPEN_SEX,OPEN_SEX,OPEN_SEX,0,0,0,UNKNOWN,UNKNOWN,UNKNOWN,0,0,0,0,15800000.0,6300000.0,4000000.0,30080000.0,16.57552146911621,17.219371795654297,15800000.0,15800000.0,15800000.0,16.57552146911621,16.57552146911621,16.57552146911621,15800000.0,15800000.0,15800000.0,0.0,0.0,1.0,1.0,16.57552146911621,0.0,149.1796875,E,13,grade:E|condition:13,grade:E|condition:14,grade:E|condition:14,0.0,0.0,0.3319659291367299,1,DataFrame cached LightGBM F,F_CACHED,0,0,1
