as_of_date,race_id,horse_id,target,date,racecourse,surface,distance,class_code,grade_code,condition_code,race_class_label,race_class_score,race_sex_condition,race_age_condition,is_filly_mare_only,is_2yo_only,is_3yo_only,race_first_prize,race_second_prize,race_third_prize,race_total_top5_prize,race_first_prize_log,race_total_top5_prize_log,first_corner_position,race_position_bias,course_first_corner_distance_m,course_elevation_difference_m,course_final_straight_m,course_start_uphill,course_start_downhill,course_final_uphill,course_final_downhill,course_final_steep_hill,course_rolling_terrain,course_mostly_flat,course_gentle_corners,course_tight_corners,course_up_down_transition_sentence_count,course_geometry_fit,horse_expected_position,position_stability,frontness_mean,frontness_std,gate_position_pct,gate_x_expected_position,front_density,forward_density,mid_density,rear_density,expected_front_count,expected_position_mean,expected_position_std,popularity,odds,actual_rank,umaban,horse_name,field_size,career_races,career_wins,career_win_rate,career_places,career_place_rate,recent3_win_rate,recent3_place_rate,recent5_win_rate,recent5_place_rate,races_last_180d,races_last_365d,last1_finish,last2_finish,last3_finish,last1_margin,last2_margin,last3_margin,best_margin_last3,mean_margin_last3,weighted_margin_last3,last1_winner_strength,last2_winner_strength,last3_winner_strength,last1_field_strength,last2_field_strength,last3_field_strength,margin_x_winner_strength,margin_x_field_strength,last1_distance,last2_distance,last3_distance,last1_class,last2_class,last3_class,current_distance,last1_winner_strength_v2,last2_winner_strength_v2,last3_winner_strength_v2,last1_field_strength_v2,last2_field_strength_v2,last3_field_strength_v2,last1_margin_x_winner_strength_v2,last2_margin_x_winner_strength_v2,last3_margin_x_winner_strength_v2,max_winner_strength_last3,mean_winner_strength_last3,weighted_winner_strength_last3,best_strong_opponent_performance_last3,last1_field_max_strength_v2,last2_field_max_strength_v2,last3_field_max_strength_v2,last1_field_top3_mean_strength_v2,last2_field_top3_mean_strength_v2,last3_field_top3_mean_strength_v2,opponent_history_missing_last3,last1_winner_max_prize_before_target,last2_winner_max_prize_before_target,last3_winner_max_prize_before_target,last1_winner_mean_prize_before_target,last2_winner_mean_prize_before_target,last3_winner_mean_prize_before_target,last1_winner_max_race_class_before_target,last2_winner_max_race_class_before_target,last3_winner_max_race_class_before_target,last1_winner_best_win_class_before_target,last2_winner_best_win_class_before_target,last3_winner_best_win_class_before_target,last1_raw_performance,last2_raw_performance,last3_raw_performance,last1_adjusted_performance,last2_adjusted_performance,last3_adjusted_performance,last1_position_advantage,last2_position_advantage,last3_position_advantage,last1_race_position_bias,last2_race_position_bias,last3_race_position_bias,best_adjusted_performance_last3,mean_adjusted_performance_last3,weighted_adjusted_performance_last3,hidden_strength_last1,hidden_strength_last2,hidden_strength_last3,max_hidden_strength_last3,max_strong_against_bias_last3,strong_against_bias_last1,strong_against_bias_last2,strong_against_bias_last3,race_position_bias_last1,race_position_bias_last2,race_position_bias_last3,setup_improvement,hidden_strength_x_race_strength,last1_race_first_prize,last2_race_first_prize,last3_race_first_prize,last1_race_first_prize_log,last2_race_first_prize_log,last3_race_first_prize_log,max_race_prize_last3,mean_race_prize_last3,weighted_race_prize_last3,prize_change_from_last1,prize_change_from_last3_mean,prize_ratio_vs_last1,prize_ratio_vs_last3_mean,last1_margin_x_prize_strength,last2_margin_x_prize_strength,last3_margin_x_prize_strength,current_race_class_score,last1_race_class_score,last2_race_class_score,last3_race_class_score,max_race_class_last3,mean_race_class_last3,weighted_race_class_last3,last1_margin_x_race_class,last2_margin_x_race_class,last3_margin_x_race_class,last1_race_class,last2_race_class,last3_race_class,last1_sex_condition,last2_sex_condition,last3_sex_condition,last1_age_condition,last2_age_condition,last3_age_condition,last1_is_filly_mare_only,last2_is_filly_mare_only,last3_is_filly_mare_only,race_class_change,female_only_to_open,open_to_female_only,age_condition_change,predicted_probability,prediction_rank,race_number,win_payout,place_payout,is_win,is_place,ai_vs_favorite,reason_code,prediction_reason
2026-07-04,2026-0704-02-01-07-01,2024100255,0,2026-07-04,函館,芝,1200,grade:unknown|condition:11,unknown,11,UNKNOWN,0,OPEN_SEX,UNKNOWN,0,0,0,5900000.0,2400000.0,1500000.0,11280000.0,15.590462684631348,16.238542556762695,0,0.0,490.0,3.5,262.1000061035156,1,0,0,1,0,1,0,1,0,0,0.5422475337982178,0.5,0.0,0.5,0.0,0.2222222238779068,0.1111111119389534,0.0,1.0,1.0,0.0,0,0.5,0.0,1,18.0,2,2,アルテクィーン,9,1,0,0.0,1,1.0,0.0,1.0,0.0,1.0,1,1,2,0,0,3.0,0.0,0.0,3.0,3.0,1.5,0.0,0.0,0.0,0.0,0.0,0.0,0.0,0.0,1200,0,0,grade:unknown|condition:11,unknown,unknown,1200,0.18333333730697632,0.0,0.0,0.1103769838809967,0.0,0.0,0.550000011920929,0.0,0.0,0.18333333730697632,0.18333333730697632,0.09166666865348816,-2.816666603088379,0.18333333730697632,0.0,0.0,0.16103175282478333,0.0,0.0,0,7800000.0,0.0,0.0,7800000.0,0.0,0.0,0,0,0,0,0,0,0.5422475337982178,0.0,0.0,0.5422475337982178,0.0,0.0,0.0,0.0,0.0,0.0,0.0,0.0,0.5422475337982178,0.5422475337982178,0.2711237668991089,0.0,0.0,0.0,0.0,-0.0,-0.0,0.0,0.0,0.0,0.0,0.0,-0.0,0.0,7800000.0,0.0,0.0,15.869634628295898,0.0,0.0,7800000.0,7800000.0,3900000.0,-1900000.0,-1900000.0,0.7564102411270142,0.7564102411270142,47.60890197753906,0.0,0.0,0,0,0,0,0,0.0,0.0,0.0,0.0,0.0,UNKNOWN,UNKNOWN,UNKNOWN,OPEN_SEX,UNKNOWN,UNKNOWN,UNKNOWN,UNKNOWN,UNKNOWN,0,0,0,0,0,0,0,0.31571089333493263,1,1,0.0,110.0,0,1,0,V1_LIGHTGBM,LightGBM CA:近走着差・勝ち馬強度・フィールド強度・基礎能力
2026-07-04,2026-0704-02-01-07-01,2024103505,0,2026-07-04,函館,芝,1200,grade:unknown|condition:11,unknown,11,UNKNOWN,0,OPEN_SEX,UNKNOWN,0,0,0,5900000.0,2400000.0,1500000.0,11280000.0,15.590462684631348,16.238542556762695,0,0.0,490.0,3.5,262.1000061035156,1,0,0,1,0,1,0,1,0,0,0.5915623903274536,0.5,0.0,0.5,0.0,0.3333333432674408,0.1666666716337204,0.0,1.0,1.0,0.0,0,0.5,0.0,2,28.0,4,3,ヌーンベルク,9,1,0,0.0,1,1.0,0.0,1.0,0.0,1.0,1,1,3,0,0,1.0,0.0,0.0,1.0,1.0,0.5,0.0,0.0,0.0,0.0,0.0,0.0,0.0,0.0,1200,0,0,grade:unknown|condition:11,unknown,unknown,1200,0.18333333730697632,0.0,0.0,0.11229166388511658,0.0,0.0,0.18333333730697632,0.0,0.0,0.18333333730697632,0.18333333730697632,0.09166666865348816,-0.8166666626930237,0.18333333730697632,0.0,0.0,0.14666666090488434,0.0,0.0,0,7800000.0,0.0,0.0,7800000.0,0.0,0.0,0,0,0,0,0,0,0.5915623903274536,0.0,0.0,0.5915623903274536,0.0,0.0,0.0,0.0,0.0,0.0,0.0,0.0,0.5915623903274536,0.5915623903274536,0.2957811951637268,0.0,0.0,0.0,0.0,-0.0,-0.0,0.0,0.0,0.0,0.0,0.0,-0.0,0.0,7800000.0,0.0,0.0,15.869634628295898,0.0,0.0,7800000.0,7800000.0,3900000.0,-1900000.0,-1900000.0,0.7564102411270142,0.7564102411270142,15.869634628295898,0.0,0.0,0,0,0,0,0,0.0,0.0,0.0,0.0,0.0,UNKNOWN,UNKNOWN,UNKNOWN,OPEN_SEX,UNKNOWN,UNKNOWN,UNKNOWN,UNKNOWN,UNKNOWN,0,0,0,0,0,0,0,0.2298441560464046,2,1,0.0,0.0,0,0,0,V1_LIGHTGBM,LightGBM CA:近走着差・勝ち馬強度・フィールド強度・基礎能力
2026-07-04,2026-0704-02-01-07-01,2024106248,1,2026-07-04,函館,芝,1200,grade:unknown|condition:11,unknown,11,UNKNOWN,0,OPEN_SEX,UNKNOWN,0,0,0,5900000.0,2400000.0,1500000.0,11280000.0,15.590462684631348,16.238542556762695,0,0.0,490.0,3.5,262.1000061035156,1,0,0,1,0,1,0,1,0,0,0.37724292278289795,0.5,0.0,0.5,0.0,0.7777777910232544,0.3888888955116272,0.0,1.0,1.0,0.0,0,0.5,0.0,3,70.0,1,7,ショウナンカノア,9,1,0,0.0,0,0.0,0.0,0.0,0.0,0.0,1,1,6,0,0,7.0,0.0,0.0,7.0,7.0,3.5,0.0,0.0,0.0,0.0,0.0,0.0,0.0,0.0,1200,0,0,grade:unknown|condition:11,unknown,unknown,1200,0.18333333730697632,0.0,0.0,0.1103769838809967,0.0,0.0,1.2833333015441895,0.0,0.0,0.18333333730697632,0.18333333730697632,0.09166666865348816,-6.816666603088379,0.18333333730697632,0.0,0.0,0.16103175282478333,0.0,0.0,0,7800000.0,0.0,0.0,7800000.0,0.0,0.0,0,0,0,0,0,0,0.37724292278289795,0.0,0.0,0.37724292278289795,0.0,0.0,0.0,0.0,0.0,0.0,0.0,0.0,0.37724292278289795,0.37724292278289795,0.18862146139144897,0.0,0.0,0.0,0.0,-0.0,-0.0,0.0,0.0,0.0,0.0,0.0,-0.0,0.0,7800000.0,0.0,0.0,15.869634628295898,0.0,0.0,7800000.0,7800000.0,3900000.0,-1900000.0,-1900000.0,0.7564102411270142,0.7564102411270142,111.08744049072266,0.0,0.0,0,0,0,0,0,0.0,0.0,0.0,0.0,0.0,UNKNOWN,UNKNOWN,UNKNOWN,OPEN_SEX,UNKNOWN,UNKNOWN,UNKNOWN,UNKNOWN,UNKNOWN,0,0,0,0,0,0,0,0.10513290284954781,3,1,700.0,160.0,1,1,0,V1_LIGHTGBM,LightGBM CA:近走着差・勝ち馬強度・フィールド強度・基礎能力
2026-07-04,2026-0704-02-01-07-01,2024106857,0,2026-07-04,函館,芝,1200,grade:unknown|condition:11,unknown,11,UNKNOWN,0,OPEN_SEX,UNKNOWN,0,0,0,5900000.0,2400000.0,1500000.0,11280000.0,15.590462684631348,16.238542556762695,0,0.0,490.0,3.5,262.1000061035156,1,0,0,1,0,1,0,1,0,0,0.3809679448604584,0.5,0.0,0.5,0.0,0.5555555820465088,0.2777777910232544,0.0,1.0,1.0,0.0,0,0.5,0.0,4,100.0,3,5,トーセンルルド,9,1,0,0.0,0,0.0,0.0,0.0,0.0,0.0,1,1,5,0,0,9.0,0.0,0.0,9.0,9.0,4.5,0.0,0.0,0.0,0.0,0.0,0.0,0.0,0.0,1200,0,0,grade:unknown|condition:11,unknown,unknown,1200,0.18333333730697632,0.0,0.0,0.1081666648387909,0.0,0.0,1.649999976158142,0.0,0.0,0.18333333730697632,0.18333333730697632,0.09166666865348816,-8.816666603088379,0.18333333730697632,0.0,0.0,0.14666666090488434,0.0,0.0,0,7800000.0,0.0,0.0,7800000.0,0.0,0.0,0,0,0,0,0,0,0.3809679448604584,0.0,0.0,0.3809679448604584,0.0,0.0,0.0,0.0,0.0,0.0,0.0,0.0,0.3809679448604584,0.3809679448604584,0.1904839724302292,0.0,0.0,0.0,0.0,-0.0,-0.0,0.0,0.0,0.0,0.0,0.0,-0.0,0.0,7800000.0,0.0,0.0,15.869634628295898,0.0,0.0,7800000.0,7800000.0,3900000.0,-1900000.0,-1900000.0,0.7564102411270142,0.7564102411270142,142.8267059326172,0.0,0.0,0,0,0,0,0,0.0,0.0,0.0,0.0,0.0,UNKNOWN,UNKNOWN,UNKNOWN,OPEN_SEX,UNKNOWN,UNKNOWN,UNKNOWN,UNKNOWN,UNKNOWN,0,0,0,0,0,0,0,0.08853999418848169,4,1,0.0,200.0,0,1,0,V1_LIGHTGBM,LightGBM CA:近走着差・勝ち馬強度・フィールド強度・基礎能力
2026-07-04,2026-0704-02-01-07-01,2024106810,0,2026-07-04,函館,芝,1200,grade:unknown|condition:11,unknown,11,UNKNOWN,0,OPEN_SEX,UNKNOWN,0,0,0,5900000.0,2400000.0,1500000.0,11280000.0,15.590462684631348,16.238542556762695,0,0.0,490.0,3.5,262.1000061035156,1,0,0,1,0,1,0,1,0,0,0.0,0.5,0.0,0.5,0.0,0.1111111119389534,0.0555555559694767,0.0,1.0,1.0,0.0,0,0.5,0.0,7,462.0,5,1,テイクケア,9,1,0,0.0,0,0.0,0.0,0.0,0.0,0.0,1,1,5,0,0,9.0,0.0,0.0,9.0,9.0,4.5,0.0,0.0,0.0,0.0,0.0,0.0,0.0,0.0,1000,0,0,grade:unknown|condition:11,unknown,unknown,1200,0.18333333730697632,0.0,0.0,0.11404761672019958,0.0,0.0,1.649999976158142,0.0,0.0,0.18333333730697632,0.18333333730697632,0.09166666865348816,-8.816666603088379,0.18333333730697632,0.0,0.0,0.14388889074325562,0.0,0.0,0,7800000.0,0.0,0.0,7800000.0,0.0,0.0,0,0,0,0,0,0,0.3301742672920227,0.0,0.0,0.3301742672920227,0.0,0.0,0.0,0.0,0.0,0.0,0.0,0.0,0.3301742672920227,0.3301742672920227,0.16508713364601135,0.0,0.0,0.0,0.0,-0.0,-0.0,0.0,0.0,0.0,0.0,0.0,-0.0,0.0,7800000.0,0.0,0.0,15.869634628295898,0.0,0.0,7800000.0,7800000.0,3900000.0,-1900000.0,-1900000.0,0.7564102411270142,0.7564102411270142,142.8267059326172,0.0,0.0,0,0,0,0,0,0.0,0.0,0.0,0.0,0.0,UNKNOWN,UNKNOWN,UNKNOWN,OPEN_SEX,UNKNOWN,UNKNOWN,UNKNOWN,UNKNOWN,UNKNOWN,0,0,0,0,0,0,0,0.08203170496656727,5,1,0.0,0.0,0,0,0,V1_LIGHTGBM,LightGBM CA:近走着差・勝ち馬強度・フィールド強度・基礎能力
2026-07-04,2026-0704-02-01-07-01,2024106919,0,2026-07-04,函館,芝,1200,grade:unknown|condition:11,unknown,11,UNKNOWN,0,OPEN_SEX,UNKNOWN,0,0,0,5900000.0,2400000.0,1500000.0,11280000.0,15.590462684631348,16.238542556762695,0,0.0,490.0,3.5,262.1000061035156,1,0,0,1,0,1,0,1,0,0,0.31869637966156006,0.5,0.0,0.5,0.0,0.6666666865348816,0.3333333432674408,0.0,1.0,1.0,0.0,0,0.5,0.0,6,335.0,7,6,アズライトティアラ,9,1,0,0.0,0,0.0,0.0,0.0,0.0,0.0,1,1,4,0,0,16.0,0.0,0.0,16.0,16.0,8.0,0.0,0.0,0.0,0.0,0.0,0.0,0.0,0.0,1200,0,0,grade:unknown|condition:11,unknown,unknown,1200,0.18333333730697632,0.0,0.0,0.11916666477918625,0.0,0.0,2.933333396911621,0.0,0.0,0.18333333730697632,0.18333333730697632,0.09166666865348816,-15.816666603088379,0.18333333730697632,0.0,0.0,0.14666666090488434,0.0,0.0,0,7800000.0,0.0,0.0,7800000.0,0.0,0.0,0,0,0,0,0,0,0.31869637966156006,0.0,0.0,0.31869637966156006,0.0,0.0,0.0,0.0,0.0,0.0,0.0,0.0,0.31869637966156006,0.31869637966156006,0.15934818983078003,0.0,0.0,0.0,0.0,-0.0,-0.0,0.0,0.0,0.0,0.0,0.0,-0.0,0.0,7800000.0,0.0,0.0,15.869634628295898,0.0,0.0,7800000.0,7800000.0,3900000.0,-1900000.0,-1900000.0,0.7564102411270142,0.7564102411270142,253.91415405273438,0.0,0.0,0,0,0,0,0,0.0,0.0,0.0,0.0,0.0,UNKNOWN,UNKNOWN,UNKNOWN,OPEN_SEX,UNKNOWN,UNKNOWN,UNKNOWN,UNKNOWN,UNKNOWN,0,0,0,0,0,0,0,0.05540134011086531,6,1,0.0,0.0,0,0,0,V1_LIGHTGBM,LightGBM CA:近走着差・勝ち馬強度・フィールド強度・基礎能力
2026-07-04,2026-0704-02-01-07-01,2024104503,0,2026-07-04,函館,芝,1200,grade:unknown|condition:11,unknown,11,UNKNOWN,0,OPEN_SEX,UNKNOWN,0,0,0,5900000.0,2400000.0,1500000.0,11280000.0,15.590462684631348,16.238542556762695,0,0.0,490.0,3.5,262.1000061035156,1,0,0,1,0,1,0,1,0,0,0.2920321226119995,0.5,0.0,0.5,0.0,0.8888888955116272,0.4444444477558136,0.0,1.0,1.0,0.0,0,0.5,0.0,9,1241.0,6,8,ゴートゥービッツン,9,1,0,0.0,0,0.0,0.0,0.0,0.0,0.0,1,1,7,0,0,12.0,0.0,0.0,12.0,12.0,6.0,0.0,0.0,0.0,0.0,0.0,0.0,0.0,0.0,1200,0,0,grade:unknown|condition:11,unknown,unknown,1200,0.18333333730697632,0.0,0.0,0.1081666648387909,0.0,0.0,2.200000047683716,0.0,0.0,0.18333333730697632,0.18333333730697632,0.09166666865348816,-11.816666603088379,0.18333333730697632,0.0,0.0,0.14666666090488434,0.0,0.0,0,7800000.0,0.0,0.0,7800000.0,0.0,0.0,0,0,0,0,0,0,0.2920321226119995,0.0,0.0,0.2920321226119995,0.0,0.0,0.0,0.0,0.0,0.0,0.0,0.0,0.2920321226119995,0.2920321226119995,0.14601606130599976,0.0,0.0,0.0,0.0,-0.0,-0.0,0.0,0.0,0.0,0.0,0.0,-0.0,0.0,7800000.0,0.0,0.0,15.869634628295898,0.0,0.0,7800000.0,7800000.0,3900000.0,-1900000.0,-1900000.0,0.7564102411270142,0.7564102411270142,190.43560791015625,0.0,0.0,0,0,0,0,0,0.0,0.0,0.0,0.0,0.0,UNKNOWN,UNKNOWN,UNKNOWN,OPEN_SEX,UNKNOWN,UNKNOWN,UNKNOWN,UNKNOWN,UNKNOWN,0,0,0,0,0,0,0,0.032667024976202434,7,1,0.0,0.0,0,0,0,V1_LIGHTGBM,LightGBM CA:近走着差・勝ち馬強度・フィールド強度・基礎能力
2026-07-04,2026-0704-02-01-07-01,2024107158,0,2026-07-04,函館,芝,1200,grade:unknown|condition:11,unknown,11,UNKNOWN,0,OPEN_SEX,UNKNOWN,0,0,0,5900000.0,2400000.0,1500000.0,11280000.0,15.590462684631348,16.238542556762695,0,0.0,490.0,3.5,262.1000061035156,1,0,0,1,0,1,0,1,0,0,0.0,0.5,0.0,0.5,0.0,1.0,0.5,0.0,1.0,1.0,0.0,0,0.5,0.0,8,1079.0,9,9,アイシテルヨナオミ,9,1,0,0.0,0,0.0,0.0,0.0,0.0,0.0,1,1,7,0,0,13.0,0.0,0.0,13.0,13.0,6.5,0.0,0.0,0.0,0.0,0.0,0.0,0.0,0.0,1000,0,0,grade:unknown|condition:11,unknown,unknown,1200,0.18333333730697632,0.0,0.0,0.11404761672019958,0.0,0.0,2.383333444595337,0.0,0.0,0.18333333730697632,0.18333333730697632,0.09166666865348816,-12.816666603088379,0.18333333730697632,0.0,0.0,0.14388889074325562,0.0,0.0,0,7800000.0,0.0,0.0,7800000.0,0.0,0.0,0,0,0,0,0,0,0.21584010124206543,0.0,0.0,0.21584010124206543,0.0,0.0,0.0,0.0,0.0,0.0,0.0,0.0,0.21584010124206543,0.21584010124206543,0.10792005062103271,0.0,0.0,0.0,0.0,-0.0,-0.0,0.0,0.0,0.0,0.0,0.0,-0.0,0.0,7800000.0,0.0,0.0,15.869634628295898,0.0,0.0,7800000.0,7800000.0,3900000.0,-1900000.0,-1900000.0,0.7564102411270142,0.7564102411270142,206.3052520751953,0.0,0.0,0,0,0,0,0,0.0,0.0,0.0,0.0,0.0,UNKNOWN,UNKNOWN,UNKNOWN,OPEN_SEX,UNKNOWN,UNKNOWN,UNKNOWN,UNKNOWN,UNKNOWN,0,0,0,0,0,0,0,0.02779830950396848,8,1,0.0,0.0,0,0,0,V1_LIGHTGBM,LightGBM CA:近走着差・勝ち馬強度・フィールド強度・基礎能力
2026-07-04,2026-0704-02-01-07-01,2024107000,0,2026-07-04,函館,芝,1200,grade:unknown|condition:11,unknown,11,UNKNOWN,0,OPEN_SEX,UNKNOWN,0,0,0,5900000.0,2400000.0,1500000.0,11280000.0,15.590462684631348,16.238542556762695,0,0.0,490.0,3.5,262.1000061035156,1,0,0,1,0,1,0,1,0,0,0.0,0.5,0.0,0.5,0.0,0.4444444477558136,0.2222222238779068,0.0,1.0,1.0,0.0,0,0.5,0.0,5,303.0,8,4,イチゴワタアメ,9,1,0,0.0,0,0.0,0.0,0.0,0.0,0.0,1,1,7,0,0,33.0,0.0,0.0,33.0,33.0,16.5,0.0,0.0,0.0,0.0,0.0,0.0,0.0,0.0,1000,0,0,grade:unknown|condition:11,unknown,unknown,1200,0.18333333730697632,0.0,0.0,0.1066666692495346,0.0,0.0,6.050000190734863,0.0,0.0,0.18333333730697632,0.18333333730697632,0.09166666865348816,-32.81666564941406,0.18333333730697632,0.0,0.0,0.14666666090488434,0.0,0.0,0,7800000.0,0.0,0.0,7800000.0,0.0,0.0,0,0,0,0,0,0,0.31869634985923767,0.0,0.0,0.31869634985923767,0.0,0.0,0.0,0.0,0.0,0.0,0.0,0.0,0.31869634985923767,0.31869634985923767,0.15934817492961884,0.0,0.0,0.0,0.0,-0.0,-0.0,0.0,0.0,0.0,0.0,0.0,-0.0,0.0,7800000.0,0.0,0.0,15.869634628295898,0.0,0.0,7800000.0,7800000.0,3900000.0,-1900000.0,-1900000.0,0.7564102411270142,0.7564102411270142,523.6979370117188,0.0,0.0,0,0,0,0,0,0.0,0.0,0.0,0.0,0.0,UNKNOWN,UNKNOWN,UNKNOWN,OPEN_SEX,UNKNOWN,UNKNOWN,UNKNOWN,UNKNOWN,UNKNOWN,0,0,0,0,0,0,0,0.026475550684503957,9,1,0.0,0.0,0,0,0,V1_LIGHTGBM,LightGBM CA:近走着差・勝ち馬強度・フィールド強度・基礎能力
2026-07-04,2026-0704-02-01-07-02,2023106438,0,2026-07-04,函館,芝,1800,grade:unknown|condition:12,unknown,12,UNKNOWN,0,OPEN_SEX,UNKNOWN,0,0,0,5800000.0,2300000.0,1500000.0,11050000.0,15.573369026184082,16.217941284179688,2,0.27916666865348816,275.0,3.5,262.1000061035156,0,1,0,1,0,1,0,1,0,0,0.9252996444702148,0.42313724756240845,0.15719768404960632,0.42313724756240845,0.15719768404960632,0.1875,0.07933823764324188,0.0,0.5625,1.0,0.0,0,0.5026260614395142,0.08927242457866669,1,21.0,2,3,トリニタリオ,16,7,0,0.0,3,0.4285714328289032,0.0,0.6666666865348816,0.0,0.6000000238418579,5,7,2,2,5,0.0,1.0,6.0,0.0,2.3333332538604736,1.5,0.0,0.0,0.0,0.0,0.0,0.0,0.0,0.0,1800,1800,2000,grade:unknown|condition:12,grade:unknown|condition:12,grade:unknown|condition:12,1800,0.18000000715255737,0.15555556118488312,0.18666666746139526,0.11763366311788559,0.10124026983976364,0.11800521612167358,0.0,0.15555556118488312,1.1200000047683716,0.18666666746139526,0.17407406866550446,0.17399999499320984,0.18000000715255737,0.2549999952316284,0.16615384817123413,0.2133333384990692,0.1969444453716278,0.1591809093952179,0.20333333313465118,0,8200000.0,8200000.0,54000000.0,6660000.0,6625000.0,18650000.0,0,0,7,0,0,0,0.9290670156478882,0.676389753818512,0.4502294659614563,0.9252996444702148,0.676389753818512,0.44624364376068115,0.05833333358168602,0.0,-0.3958333432674408,0.25833332538604736,0.0,-0.04027777910232544,0.9252996444702148,0.6826443672180176,0.7548154592514038,-0.0037673611659556627,0.0,-0.003985821735113859,0.0,-0.0,-0.015069444663822651,-0.0,-0.015943286940455437,0.25833332538604736,0.0,-0.04027777910232544,-0.05833333358168602,-0.0036116500850766897,5800000.0,5900000.0,5900000.0,15.573369026184082,15.590462684631348,15.590462684631348,5900000.0,5866666.5,5850000.0,0.0,-66666.6640625,1.0,0.9886363744735718,0.0,15.590462684631348,93.54277801513672,0,0,0,0,0,0.0,0.0,0.0,0.0,0.0,UNKNOWN,UNKNOWN,UNKNOWN,OPEN_SEX,OPEN_SEX,OPEN_SEX,UNKNOWN,UNKNOWN,UNKNOWN,0,0,0,0,0,0,0,0.27554808918678425,1,2,0.0,110.0,0,1,0,V1_LIGHTGBM,LightGBM CA:近走着差・勝ち馬強度・フィールド強度・基礎能力
2026-07-04,2026-0704-02-01-07-02,2023104713,1,2026-07-04,函館,芝,1800,grade:unknown|condition:12,unknown,12,UNKNOWN,0,OPEN_SEX,UNKNOWN,0,0,0,5800000.0,2300000.0,1500000.0,11050000.0,15.573369026184082,16.217941284179688,4,0.27916666865348816,275.0,3.5,262.1000061035156,0,1,0,1,0,1,0,1,0,0,0.0,0.625,0.21650634706020355,0.625,0.21650634706020355,1.0,0.625,0.0,0.5625,1.0,0.0,0,0.5026260614395142,0.08927242457866669,4,105.0,1,16,ニシノマルガリート,16,4,0,0.0,1,0.25,0.0,0.3333333432674408,0.0,0.25,3,4,2,5,11,1.0,5.0,29.0,1.0,11.666666984558105,7.800000190734863,0.0,0.0,0.0,0.0,0.0,0.0,0.0,0.0,1800,1800,1800,grade:unknown|condition:12,grade:unknown|condition:12,grade:unknown|condition:12,1800,0.19499999284744263,0.145454540848732,0.24375000596046448,0.09759517759084702,0.1042700782418251,0.11740642786026001,0.19499999284744263,0.7272727489471436,7.068749904632568,0.24375000596046448,0.1947348415851593,0.18988636136054993,-0.8050000071525574,0.19499999284744263,0.19499999284744263,0.24375000596046448,0.1679166704416275,0.16828042268753052,0.216805562376976,0,41000000.0,7500000.0,52000000.0,17600000.0,6016666.5,22033334.0,6,0,7,0,0,0,0.6780564188957214,0.4644821584224701,0.28923797607421875,0.6780564188957214,0.4644821584224701,0.2731572389602661,0.0,0.0,0.48750001192092896,0.0,0.0,0.1319444477558136,0.6780564188957214,0.47189861536026,0.5330042839050293,0.0,0.0,-0.01608072966337204,0.0,-0.0,-0.0,-0.0,-0.06432291865348816,0.0,0.0,0.1319444477558136,-0.0,0.0,5900000.0,5900000.0,5900000.0,15.590462684631348,15.590462684631348,15.590462684631348,5900000.0,5900000.0,5900000.0,-100000.0,-100000.0,0.9830508232116699,0.9830508232116699,15.590462684631348,77.95231628417969,452.1234436035156,0,0,0,0,0,0.0,0.0,0.0,0.0,0.0,UNKNOWN,UNKNOWN,UNKNOWN,OPEN_SEX,OPEN_SEX,OPEN_SEX,UNKNOWN,UNKNOWN,UNKNOWN,0,0,0,0,0,0,0,0.16872004275619776,2,2,1050.0,200.0,1,1,0,V1_LIGHTGBM,LightGBM CA:近走着差・勝ち馬強度・フィールド強度・基礎能力
2026-07-04,2026-0704-02-01-07-02,2023101938,0,2026-07-04,函館,芝,1800,grade:unknown|condition:12,unknown,12,UNKNOWN,0,OPEN_SEX,UNKNOWN,0,0,0,5800000.0,2300000.0,1500000.0,11050000.0,15.573369026184082,16.217941284179688,14,0.27916666865348816,275.0,3.5,262.1000061035156,0,1,0,1,0,1,0,1,0,0,0.5497457385063171,0.3933333456516266,0.14514361321926117,0.3933333456516266,0.14514361321926117,0.75,0.29499998688697815,0.0,0.5625,1.0,0.0,0,0.5026260614395142,0.08927242457866669,3,61.0,12,12,メイショウローゼ,16,7,0,0.0,3,0.4285714328289032,0.0,0.3333333432674408,0.0,0.20000000298023224,7,7,2,7,7,3.0,5.0,9.0,3.0,5.666666507720947,4.800000190734863,0.0,0.0,0.0,0.0,0.0,0.0,0.0,0.0,1800,1600,1800,grade:unknown|condition:12,grade:unknown|condition:12,grade:unknown|condition:12,1800,0.16615384817123413,0.2215384542942047,0.2492307722568512,0.10924630612134933,0.12106483429670334,0.1364741176366806,0.4984615445137024,1.1076923608779907,2.243077039718628,0.2492307722568512,0.21230769157409668,0.19938461482524872,-2.833846092224121,0.16615384817123413,0.26307693123817444,0.290909081697464,0.15232905745506287,0.21570512652397156,0.2576223909854889,0,7500000.0,11400000.0,21000000.0,5975000.0,6675000.0,8962500.0,0,0,5,0,0,0,0.5489818453788757,0.3985998034477234,0.3713386058807373,0.5497457385063171,0.3985998034477234,0.3713386058807373,-0.18333333730697632,0.0,0.0,0.01666666753590107,0.0,0.0,0.5497457385063171,0.4398947060108185,0.46872052550315857,0.0007638888782821596,0.0,0.0,0.0007638888782821596,0.0030555555131286383,0.0030555555131286383,-0.0,-0.0,0.01666666753590107,0.0,0.0,0.18333333730697632,0.000721739255823195,5800000.0,5900000.0,5900000.0,15.573369026184082,15.590462684631348,15.590462684631348,5900000.0,5866666.5,5850000.0,0.0,-66666.6640625,1.0,0.9886363744735718,46.7201042175293,77.95231628417969,140.3141632080078,0,0,0,0,0,0.0,0.0,0.0,0.0,0.0,UNKNOWN,UNKNOWN,UNKNOWN,OPEN_SEX,OPEN_SEX,OPEN_SEX,UNKNOWN,UNKNOWN,UNKNOWN,0,0,0,0,0,0,0,0.14828569413551088,3,2,0.0,0.0,0,0,0,V1_LIGHTGBM,LightGBM CA:近走着差・勝ち馬強度・フィールド強度・基礎能力
2026-07-04,2026-0704-02-01-07-02,2023103372,0,2026-07-04,函館,芝,1800,grade:unknown|condition:12,unknown,12,UNKNOWN,0,OPEN_SEX,UNKNOWN,0,0,0,5800000.0,2300000.0,1500000.0,11050000.0,15.573369026184082,16.217941284179688,1,0.27916666865348816,275.0,3.5,262.1000061035156,0,1,0,1,0,1,0,1,0,0,0.0,0.375,0.21650634706020355,0.375,0.21650634706020355,0.8125,0.3046875,0.0,0.5625,1.0,0.0,0,0.5026260614395142,0.08927242457866669,6,130.0,7,13,ユマハム,16,4,0,0.0,1,0.25,0.0,0.3333333432674408,0.0,0.25,3,4,4,3,6,13.0,5.0,6.0,5.0,8.0,9.199999809265137,0.0,0.0,0.0,0.0,0.0,0.0,0.0,0.0,1700,1800,1600,grade:unknown|condition:12,grade:unknown|condition:12,grade:unknown|condition:12,1800,0.2266666740179062,0.18000000715255737,0.18333333730697632,0.11959539353847504,0.1032225489616394,0.12753881514072418,2.946666717529297,0.8999999761581421,1.100000023841858,0.2266666740179062,0.1966666728258133,0.20399999618530273,-4.820000171661377,0.2266666740179062,0.20363636314868927,0.2549999952316284,0.18759259581565857,0.17151515185832977,0.2210683822631836,0,8200000.0,8200000.0,5900000.0,6300000.0,6620000.0,5900000.0,0,0,0,0,0,0,0.4357345998287201,0.5014569759368896,0.42356279492378235,0.4592882990837097,0.5014569759368896,0.42356279492378235,-0.5181818008422852,0.0,0.0,0.1818181872367859,0.0,0.0,0.5014569759368896,0.46143603324890137,0.4647938013076782,0.023553719744086266,0.0,0.0,0.023553719744086266,0.09421487897634506,0.09421487897634506,-0.0,-0.0,0.1818181872367859,0.0,0.0,0.5181818008422852,0.023679381236433983,5800000.0,5900000.0,5900000.0,15.573369026184082,15.590462684631348,15.590462684631348,5900000.0,5866666.5,5850000.0,0.0,-66666.6640625,1.0,0.9886363744735718,202.45379638671875,77.95231628417969,93.54277801513672,0,0,0,0,0,0.0,0.0,0.0,0.0,0.0,UNKNOWN,UNKNOWN,UNKNOWN,OPEN_SEX,OPEN_SEX,OPEN_SEX,UNKNOWN,UNKNOWN,UNKNOWN,0,0,0,0,0,0,0,0.12083621353822821,4,2,0.0,0.0,0,0,0,V1_LIGHTGBM,LightGBM CA:近走着差・勝ち馬強度・フィールド強度・基礎能力
2026-07-04,2026-0704-02-01-07-02,2023106148,0,2026-07-04,函館,芝,1800,grade:unknown|condition:12,unknown,12,UNKNOWN,0,OPEN_SEX,UNKNOWN,0,0,0,5800000.0,2300000.0,1500000.0,11050000.0,15.573369026184082,16.217941284179688,8,0.27916666865348816,275.0,3.5,262.1000061035156,0,1,0,1,0,1,0,1,0,0,0.0,0.5590476393699646,0.13836099207401276,0.5590476393699646,0.13836099207401276,0.0625,0.03494047746062279,0.0,0.5625,1.0,0.0,0,0.5026260614395142,0.08927242457866669,5,106.0,4,1,ヒメヒオウギ,16,8,0,0.0,1,0.125,0.0,0.0,0.0,0.0,5,8,4,6,5,3.0,4.0,6.0,3.0,4.333333492279053,3.9000000953674316,0.0,0.0,0.0,0.0,0.0,0.0,0.0,0.0,2000,2000,2000,grade:unknown|condition:12,grade:unknown|condition:12,grade:unknown|condition:12,1800,0.19833333790302277,0.20571428537368774,0.17454545199871063,0.12725499272346497,0.12085235118865967,0.10365453362464905,0.5950000286102295,0.822857141494751,1.0472726821899414,0.20571428537368774,0.19286435842514038,0.19579003751277924,-2.801666736602783,0.290909081697464,0.2181818187236786,0.18416666984558105,0.23093795776367188,0.2026875913143158,0.17660774290561676,0,11400000.0,7500000.0,8200000.0,6757143.0,6700000.0,6500000.0,0,0,0,0,0,0,0.4899342358112335,0.42037373781204224,0.4502294659614563,0.4878707230091095,0.39772069454193115,0.453523725271225,0.13333334028720856,0.2571428716182709,-0.04583333432674408,0.06190476194024086,0.3523809611797333,0.2874999940395355,0.4878707230091095,0.4463717043399811,0.4539563059806824,-0.0020634920801967382,-0.022653061896562576,0.003294270718470216,0.003294270718470216,0.013177082873880863,-0.008253968320786953,-0.0906122475862503,0.013177082873880863,0.06190476194024086,0.3523809611797333,0.2874999940395355,-0.13333334028720856,-0.0020160353742539883,5800000.0,5900000.0,5900000.0,15.573369026184082,15.590462684631348,15.590462684631348,5900000.0,5866666.5,5850000.0,0.0,-66666.6640625,1.0,0.9886363744735718,46.7201042175293,62.36185073852539,93.54277801513672,0,0,0,0,0,0.0,0.0,0.0,0.0,0.0,UNKNOWN,UNKNOWN,UNKNOWN,OPEN_SEX,OPEN_SEX,OPEN_SEX,UNKNOWN,UNKNOWN,UNKNOWN,0,0,0,0,0,0,0,0.09805801896238872,5,2,0.0,0.0,0,0,0,V1_LIGHTGBM,LightGBM CA:近走着差・勝ち馬強度・フィールド強度・基礎能力
2026-07-04,2026-0704-02-01-07-02,2023104216,0,2026-07-04,函館,芝,1800,grade:unknown|condition:12,unknown,12,UNKNOWN,0,OPEN_SEX,UNKNOWN,0,0,0,5800000.0,2300000.0,1500000.0,11050000.0,15.573369026184082,16.217941284179688,6,0.27916666865348816,275.0,3.5,262.1000061035156,0,1,0,1,0,1,0,1,0,0,0.406442791223526,0.5964285731315613,0.24915674328804016,0.5964285731315613,0.24915674328804016,0.3125,0.1863839328289032,0.0,0.5625,1.0,0.0,0,0.5026260614395142,0.08927242457866669,2,48.0,3,5,コワンニシタガウ,16,4,0,0.0,0,0.0,0.0,0.0,0.0,0.0,4,4,7,5,4,3.0,5.0,8.0,3.0,5.333333492279053,4.599999904632568,0.0,0.0,0.0,0.0,0.0,0.0,0.0,0.0,1800,2000,2200,grade:unknown|condition:12,grade:unknown|condition:12,grade:unknown|condition:12,1800,0.21176470816135406,0.22750000655651093,0.2549999952316284,0.10883434116840363,0.10340175777673721,0.096564881503582,0.6352941393852234,1.1375000476837158,2.0399999618530273,0.2549999952316284,0.2314215749502182,0.22513234615325928,-2.7882351875305176,0.21176470816135406,0.22750000655651093,0.2549999952316284,0.1639215648174286,0.1827651560306549,0.17416666448116302,0,7500000.0,6500000.0,11400000.0,5925000.0,6100000.0,6785714.5,0,0,0,0,0,0,0.41564851999282837,0.4443140923976898,0.4703245162963867,0.406442791223526,0.44066330790519714,0.4464356303215027,0.08749999850988388,-0.10952381044626236,0.46666666865348816,0.4208333194255829,-0.13333334028720856,0.20476190745830536,0.4464356303215027,0.43118056654930115,0.4247075021266937,-0.009205728769302368,-0.0036507935728877783,-0.02388888970017433,-0.0036507935728877783,-0.014603174291551113,-0.03682291507720947,-0.014603174291551113,-0.09555555880069733,0.4208333194255829,-0.13333334028720856,0.20476190745830536,-0.08749999850988388,-0.00911765918135643,5800000.0,5900000.0,5900000.0,15.573369026184082,15.590462684631348,15.590462684631348,5900000.0,5866666.5,5850000.0,0.0,-66666.6640625,1.0,0.9886363744735718,46.7201042175293,77.95231628417969,124.72370147705078,0,0,0,0,0,0.0,0.0,0.0,0.0,0.0,UNKNOWN,UNKNOWN,UNKNOWN,OPEN_SEX,OPEN_SEX,OPEN_SEX,UNKNOWN,UNKNOWN,UNKNOWN,0,0,0,0,0,0,0,0.08217189608255435,6,2,0.0,150.0,0,1,0,V1_LIGHTGBM,LightGBM CA:近走着差・勝ち馬強度・フィールド強度・基礎能力
2026-07-04,2026-0704-02-01-07-02,2023106285,0,2026-07-04,函館,芝,1800,grade:unknown|condition:12,unknown,12,UNKNOWN,0,OPEN_SEX,UNKNOWN,0,0,0,5800000.0,2300000.0,1500000.0,11050000.0,15.573369026184082,16.217941284179688,3,0.27916666865348816,275.0,3.5,262.1000061035156,0,1,0,1,0,1,0,1,0,0,0.0,0.630476176738739,0.16183751821517944,0.630476176738739,0.16183751821517944,0.625,0.3940476179122925,0.0,0.5625,1.0,0.0,0,0.5026260614395142,0.08927242457866669,7,172.0,6,10,ボーントゥラブユー,16,7,0,0.0,0,0.0,0.0,0.0,0.0,0.0,4,7,5,5,7,8.0,2.0,8.0,2.0,6.0,6.199999809265137,0.0,0.0,0.0,0.0,0.0,0.0,0.0,0.0,2000,2000,2000,grade:unknown|condition:12,grade:unknown|condition:12,grade:unknown|condition:12,1800,0.19833333790302277,0.2266666740179062,0.17142857611179352,0.12725499272346497,0.10717560350894928,0.09937206655740738,1.5866667032241821,0.4533333480358124,1.3714286088943481,0.2266666740179062,0.19880951941013336,0.201452374458313,-1.7733333110809326,0.290909081697464,0.2266666740179062,0.20357142388820648,0.23093795776367188,0.18841269612312317,0.1599999964237213,0,11400000.0,7500000.0,11400000.0,6757143.0,6042857.0,8650000.0,0,0,0,0,0,0,0.4415821433067322,0.476705402135849,0.39603883028030396,0.43730777502059937,0.476705402135849,0.3790249228477478,0.27619048953056335,0.0,0.3499999940395355,0.06190476194024086,0.0,0.1944444477558136,0.476705402135849,0.43101271986961365,0.4374704957008362,-0.004274376202374697,0.0,-0.01701388880610466,0.0,-0.0,-0.017097504809498787,-0.0,-0.06805555522441864,0.06190476194024086,0.0,0.1944444477558136,-0.27619048953056335,-0.004176073241978884,5800000.0,5900000.0,5900000.0,15.573369026184082,15.590462684631348,15.590462684631348,5900000.0,5866666.5,5850000.0,0.0,-66666.6640625,1.0,0.9886363744735718,124.58695220947266,31.180925369262695,124.72370147705078,0,0,0,0,0,0.0,0.0,0.0,0.0,0.0,UNKNOWN,UNKNOWN,UNKNOWN,OPEN_SEX,OPEN_SEX,OPEN_SEX,UNKNOWN,UNKNOWN,UNKNOWN,0,0,0,0,0,0,0,0.07863800136419692,7,2,0.0,0.0,0,0,0,V1_LIGHTGBM,LightGBM CA:近走着差・勝ち馬強度・フィールド強度・基礎能力
2026-07-04,2026-0704-02-01-07-02,2023102669,0,2026-07-04,函館,芝,1800,grade:unknown|condition:12,unknown,12,UNKNOWN,0,OPEN_SEX,UNKNOWN,0,0,0,5800000.0,2300000.0,1500000.0,11050000.0,15.573369026184082,16.217941284179688,10,0.27916666865348816,275.0,3.5,262.1000061035156,0,1,0,1,0,1,0,1,0,0,0.49399539828300476,0.5249999761581421,0.04330126941204071,0.5249999761581421,0.04330126941204071,0.875,0.4593749940395355,0.0,0.5625,1.0,0.0,0,0.5026260614395142,0.08927242457866669,8,543.0,9,14,ワダツミ,16,4,0,0.0,0,0.0,0.0,0.0,0.0,0.0,3,4,5,10,13,2.0,5.0,16.0,2.0,7.666666507720947,5.699999809265137,0.0,0.0,0.0,0.0,0.0,0.0,0.0,0.0,1800,1600,1800,grade:unknown|condition:12,grade:unknown|condition:12,grade:unknown|condition:12,1800,0.21176470816135406,0.20363636314868927,0.3400000035762787,0.10883434116840363,0.10990551114082336,0.14035558700561523,0.42352941632270813,1.0181818008422852,5.440000057220459,0.3400000035762787,0.2518003582954407,0.2349732667207718,-1.7882353067398071,0.21176470816135406,0.20363636314868927,0.3400000035762787,0.1639215648174286,0.1775757521390915,0.29217949509620667,0,7500000.0,7500000.0,21000000.0,5925000.0,6116666.5,9942857.0,0,0,5,0,0,0,0.5032011270523071,0.3185998201370239,0.27355173230171204,0.49399539828300476,0.3185998201370239,0.27355173230171204,0.08749999850988388,0.0,0.0,0.4208333194255829,0.0,0.0,0.49399539828300476,0.3620489835739136,0.3972879946231842,-0.009205728769302368,0.0,0.0,0.0,-0.0,-0.03682291507720947,-0.0,-0.0,0.4208333194255829,0.0,0.0,-0.08749999850988388,-0.00911765918135643,5800000.0,5900000.0,5900000.0,15.573369026184082,15.590462684631348,15.590462684631348,5900000.0,5866666.5,5850000.0,0.0,-66666.6640625,1.0,0.9886363744735718,31.146738052368164,77.95231628417969,249.44740295410156,0,0,0,0,0,0.0,0.0,0.0,0.0,0.0,UNKNOWN,UNKNOWN,UNKNOWN,OPEN_SEX,OPEN_SEX,OPEN_SEX,UNKNOWN,UNKNOWN,UNKNOWN,0,0,0,0,0,0,0,0.06213297109751359,8,2,0.0,0.0,0,0,0,V1_LIGHTGBM,LightGBM CA:近走着差・勝ち馬強度・フィールド強度・基礎能力
2026-07-04,2026-0704-02-01-07-02,2023104679,0,2026-07-04,函館,芝,1800,grade:unknown|condition:12,unknown,12,UNKNOWN,0,OPEN_SEX,UNKNOWN,0,0,0,5800000.0,2300000.0,1500000.0,11050000.0,15.573369026184082,16.217941284179688,8,0.27916666865348816,275.0,3.5,262.1000061035156,0,1,0,1,0,1,0,1,0,0,0.0,0.4948717951774597,0.2595139145851135,0.4948717951774597,0.2595139145851135,0.6875,0.34022435545921326,0.0,0.5625,1.0,0.0,0,0.5026260614395142,0.08927242457866669,13,1104.0,8,11,タイセイルビー,16,10,0,0.0,1,0.10000000149011612,0.0,0.0,0.0,0.0,7,10,6,5,4,8.0,13.0,4.0,4.0,8.333333015441895,8.699999809265137,0.0,0.0,0.0,0.0,0.0,0.0,0.0,0.0,1700,1600,1800,grade:unknown|condition:12,grade:unknown|condition:12,grade:unknown|condition:12,1800,0.14166666567325592,0.16249999403953552,0.18666666746139526,0.10490495711565018,0.10513705760240555,0.09953667223453522,1.1333333253860474,2.112499952316284,0.746666669845581,0.18666666746139526,0.16361111402511597,0.15691666305065155,-3.81333327293396,0.15583333373069763,0.3046153783798218,0.18666666746139526,0.14166666567325592,0.20445512235164642,0.1508585810661316,0,6500000.0,7500000.0,6500000.0,5957143.0,6400000.0,6050000.0,0,0,0,0,0,0,0.40202170610427856,0.4490679204463959,0.4632308781147003,0.3983989655971527,0.4490679204463959,0.4621214270591736,-0.21978022158145905,0.0,-0.3461538553237915,-0.06593406945466995,0.0,-0.012820512987673283,0.4621214270591736,0.4365294277667999,0.4263441562652588,-0.003622750984504819,0.0,-0.001109467470087111,0.0,-0.0,-0.014491003938019276,-0.0,-0.004437869880348444,-0.06593406945466995,0.0,-0.012820512987673283,0.21978022158145905,-0.00333414482884109,5800000.0,5800000.0,5900000.0,15.573369026184082,15.573369026184082,15.590462684631348,5900000.0,5833333.5,5820000.0,0.0,-33333.33203125,1.0,0.9942857027053833,124.58695220947266,202.45379638671875,62.36185073852539,0,0,0,0,0,0.0,0.0,0.0,0.0,0.0,UNKNOWN,UNKNOWN,UNKNOWN,OPEN_SEX,OPEN_SEX,OPEN_SEX,UNKNOWN,UNKNOWN,UNKNOWN,0,0,0,0,0,0,0,0.05122283609229339,9,2,0.0,0.0,0,0,0,V1_LIGHTGBM,LightGBM CA:近走着差・勝ち馬強度・フィールド強度・基礎能力
2026-07-04,2026-0704-02-01-07-02,2023101812,0,2026-07-04,函館,芝,1800,grade:unknown|condition:12,unknown,12,UNKNOWN,0,OPEN_SEX,UNKNOWN,0,0,0,5800000.0,2300000.0,1500000.0,11050000.0,15.573369026184082,16.217941284179688,10,0.27916666865348816,275.0,3.5,262.1000061035156,0,1,0,1,0,1,0,1,0,0,0.0,0.35555556416511536,0.20427529513835907,0.35555556416511536,0.20427529513835907,0.125,0.04444444552063942,0.0,0.5625,1.0,0.0,0,0.5026260614395142,0.08927242457866669,11,823.0,13,2,デイズインザサン,16,3,0,0.0,0,0.0,0.0,0.0,0.0,0.0,3,3,5,9,11,9.0,10.0,13.0,9.0,10.666666984558105,10.100000381469727,0.0,0.0,0.0,0.0,0.0,0.0,0.0,0.0,2000,1800,1800,grade:unknown|condition:12,grade:unknown|condition:12,grade:unknown|condition:12,1800,0.19833333790302277,0.19499999284744263,0.16285714507102966,0.09981261193752289,0.09759517759084702,0.11566057056188583,1.784999966621399,1.9500000476837158,2.117142915725708,0.19833333790302277,0.18539682030677795,0.1902380883693695,-8.801666259765625,0.19833333790302277,0.19499999284744263,0.2327272742986679,0.15959401428699493,0.1679166704416275,0.20741702616214752,0,7500000.0,41000000.0,38000000.0,6028571.5,17600000.0,10088889.0,0,6,6,0,0,0,0.44911637902259827,0.35592278838157654,0.2892388701438904,0.4322471618652344,0.35592278838157654,0.2892388701438904,-0.4416666626930237,0.0,0.0,-0.1527777761220932,0.0,0.0,0.4322471618652344,0.35913628339767456,0.3807481825351715,-0.016869213432073593,0.0,0.0,0.0,-0.0,-0.06747685372829437,-0.0,-0.0,-0.1527777761220932,0.0,0.0,0.4416666626930237,-0.016481250524520874,5800000.0,5900000.0,5900000.0,15.573369026184082,15.590462684631348,15.590462684631348,5900000.0,5866666.5,5850000.0,0.0,-66666.6640625,1.0,0.9886363744735718,140.1603240966797,155.90463256835938,202.676025390625,0,0,0,0,0,0.0,0.0,0.0,0.0,0.0,UNKNOWN,UNKNOWN,UNKNOWN,OPEN_SEX,OPEN_SEX,OPEN_SEX,UNKNOWN,UNKNOWN,UNKNOWN,0,0,0,0,0,0,0,0.04242077891762045,10,2,0.0,0.0,0,0,0,V1_LIGHTGBM,LightGBM CA:近走着差・勝ち馬強度・フィールド強度・基礎能力
2026-07-04,2026-0704-02-01-07-02,2023105537,0,2026-07-04,函館,芝,1800,grade:unknown|condition:12,unknown,12,UNKNOWN,0,OPEN_SEX,UNKNOWN,0,0,0,5800000.0,2300000.0,1500000.0,11050000.0,15.573369026184082,16.217941284179688,6,0.27916666865348816,275.0,3.5,262.1000061035156,0,1,0,1,0,1,0,1,0,0,0.0,0.5,0.0,0.5,0.0,0.9375,0.46875,0.0,0.5625,1.0,0.0,0,0.5026260614395142,0.08927242457866669,12,869.0,5,15,エイシンリーガル,16,3,0,0.0,0,0.0,0.0,0.0,0.0,0.0,3,3,6,9,14,6.0,9.0,16.0,6.0,10.333333015441895,8.899999618530273,0.0,0.0,0.0,0.0,0.0,0.0,0.0,0.0,1800,1600,1600,grade:unknown|condition:12,grade:unknown|condition:12,grade:unknown|condition:12,1800,0.15555556118488312,0.290909081697464,0.19499999284744263,0.09970474988222122,0.10924994200468063,0.10905023664236069,0.9333333373069763,2.6181817054748535,3.119999885559082,0.290909081697464,0.21382154524326324,0.20405051112174988,-5.844444274902344,0.18416666984558105,0.290909081697464,0.26307693123817444,0.15574073791503906,0.21252524852752686,0.20346154272556305,0,7500000.0,7500000.0,7500000.0,6275000.0,6116666.5,6433333.5,0,0,0,0,0,0,0.42339184880256653,0.3677186965942383,0.20923800766468048,0.42339184880256653,0.3677186965942383,0.20923800766468048,0.0,0.0,0.0,0.0,0.0,0.0,0.42339184880256653,0.33344951272010803,0.3638591468334198,0.0,0.0,0.0,0.0,-0.0,-0.0,-0.0,-0.0,0.0,0.0,0.0,-0.0,0.0,5800000.0,5900000.0,5900000.0,15.573369026184082,15.590462684631348,15.590462684631348,5900000.0,5866666.5,5850000.0,0.0,-66666.6640625,1.0,0.9886363744735718,93.4402084350586,140.3141632080078,249.44740295410156,0,0,0,0,0,0.0,0.0,0.0,0.0,0.0,UNKNOWN,UNKNOWN,UNKNOWN,OPEN_SEX,OPEN_SEX,OPEN_SEX,UNKNOWN,UNKNOWN,UNKNOWN,0,0,0,0,0,0,0,0.04209976519817946,11,2,0.0,0.0,0,0,0,V1_LIGHTGBM,LightGBM CA:近走着差・勝ち馬強度・フィールド強度・基礎能力
2026-07-04,2026-0704-02-01-07-02,2023103333,0,2026-07-04,函館,芝,1800,grade:unknown|condition:12,unknown,12,UNKNOWN,0,OPEN_SEX,UNKNOWN,0,0,0,5800000.0,2300000.0,1500000.0,11050000.0,15.573369026184082,16.217941284179688,12,0.27916666865348816,275.0,3.5,262.1000061035156,0,1,0,1,0,1,0,1,0,0,0.0,0.4399999976158142,0.11999999731779099,0.4399999976158142,0.11999999731779099,0.4375,0.19249999523162842,0.0,0.5625,1.0,0.0,0,0.5026260614395142,0.08927242457866669,9,664.0,11,7,スワトウ,16,5,0,0.0,0,0.0,0.0,0.0,0.0,0.0,2,5,7,7,11,7.0,5.0,16.0,5.0,9.333333015441895,8.199999809265137,0.0,0.0,0.0,0.0,0.0,0.0,0.0,0.0,1200,1800,1600,grade:unknown|condition:12,grade:unknown|condition:12,grade:unknown|condition:11,1800,0.18666666746139526,0.17142857611179352,0.19384615123271942,0.10344770550727844,0.10154829174280167,0.11610540002584457,1.306666612625122,0.8571428656578064,3.1015384197235107,0.19384615123271942,0.18398046493530273,0.18353113532066345,-4.828571319580078,0.20357142388820648,0.18666666746139526,0.19384615123271942,0.18341270089149475,0.16784992814064026,0.18764568865299225,0,7500000.0,21000000.0,52000000.0,6200000.0,13450000.0,13737500.0,0,5,7,0,0,0,0.39609843492507935,0.3985998034477234,0.3053828179836273,0.39609843492507935,0.4157525897026062,0.3053828179836273,0.0,-0.3166666626930237,0.0,0.0,0.21666666865348816,0.0,0.4157525897026062,0.3724112808704376,0.383851557970047,0.0,0.017152776941657066,0.0,0.017152776941657066,0.06861110776662827,-0.0,0.06861110776662827,-0.0,0.0,0.21666666865348816,0.0,-0.0,0.0,5800000.0,5900000.0,5600000.0,15.573369026184082,15.590462684631348,15.538277626037598,5900000.0,5766666.5,5790000.0,0.0,33333.33203125,1.0,1.0057803392410278,109.01358032226562,77.95231628417969,248.61244201660156,0,0,0,0,0,0.0,0.0,0.0,0.0,0.0,UNKNOWN,UNKNOWN,UNKNOWN,OPEN_SEX,OPEN_SEX,OPEN_SEX,UNKNOWN,UNKNOWN,UNKNOWN,0,0,0,0,0,0,0,0.034545998550313185,12,2,0.0,0.0,0,0,0,V1_LIGHTGBM,LightGBM CA:近走着差・勝ち馬強度・フィールド強度・基礎能力
2026-07-04,2026-0704-02-01-07-02,2023106454,0,2026-07-04,函館,芝,1800,grade:unknown|condition:12,unknown,12,UNKNOWN,0,OPEN_SEX,UNKNOWN,0,0,0,5800000.0,2300000.0,1500000.0,11050000.0,15.573369026184082,16.217941284179688,15,0.27916666865348816,275.0,3.5,262.1000061035156,0,1,0,1,0,1,0,1,0,0,0.0,0.6152380704879761,0.1683964729309082,0.6152380704879761,0.1683964729309082,0.5625,0.34607142210006714,0.0,0.5625,1.0,0.0,0,0.5026260614395142,0.08927242457866669,10,801.0,16,9,ヴァールザーゲン,16,6,0,0.0,0,0.0,0.0,0.0,0.0,0.0,4,6,15,5,7,37.0,6.0,14.0,6.0,19.0,23.100000381469727,0.0,0.0,0.0,0.0,0.0,0.0,0.0,0.0,2000,2000,2000,grade:unknown|condition:12,grade:unknown|condition:12,grade:unknown|condition:12,1800,0.19833333790302277,0.19499999284744263,0.27636364102363586,0.12725499272346497,0.10005681961774826,0.11068704724311829,7.3383331298828125,1.1699999570846558,3.8690907955169678,0.27636364102363586,0.22323232889175415,0.21293939650058746,-5.804999828338623,0.290909081697464,0.19499999284744263,0.27636364102363586,0.23093795776367188,0.17305555939674377,0.2018686830997467,0,11400000.0,5900000.0,21000000.0,6757143.0,5900000.0,9016667.0,0,0,5,0,0,0,0.15573368966579437,0.4502294659614563,0.3559049665927887,0.15367019176483154,0.440304696559906,0.35609671473503113,0.13333334028720856,0.40833333134651184,-0.025641025975346565,0.06190476194024086,0.0972222238779068,0.029914529994130135,0.440304696559906,0.3166905343532562,0.2801458537578583,-0.0020634920801967382,-0.009924768470227718,0.0001917598128784448,0.0001917598128784448,0.0007670392515137792,-0.008253968320786953,-0.03969907388091087,0.0007670392515137792,0.06190476194024086,0.0972222238779068,0.029914529994130135,-0.13333334028720856,-0.0020160353742539883,5800000.0,5900000.0,5900000.0,15.573369026184082,15.590462684631348,15.590462684631348,5900000.0,5866666.5,5850000.0,0.0,-66666.6640625,1.0,0.9886363744735718,576.2146606445312,93.54277801513672,218.2664794921875,0,0,0,0,0,0.0,0.0,0.0,0.0,0.0,UNKNOWN,UNKNOWN,UNKNOWN,OPEN_SEX,OPEN_SEX,OPEN_SEX,UNKNOWN,UNKNOWN,UNKNOWN,0,0,0,0,0,0,0,0.027324486250131078,13,2,0.0,0.0,0,0,0,V1_LIGHTGBM,LightGBM CA:近走着差・勝ち馬強度・フィールド強度・基礎能力
2026-07-04,2026-0704-02-01-07-02,2023106476,0,2026-07-04,函館,芝,1800,grade:unknown|condition:12,unknown,12,UNKNOWN,0,OPEN_SEX,UNKNOWN,0,0,0,5800000.0,2300000.0,1500000.0,11050000.0,15.573369026184082,16.217941284179688,16,0.27916666865348816,275.0,3.5,262.1000061035156,0,1,0,1,0,1,0,1,0,0,0.2419455349445343,0.5714285969734192,0.2375040352344513,0.5714285969734192,0.2375040352344513,0.5,0.2857142984867096,0.0,0.5625,1.0,0.0,0,0.5026260614395142,0.08927242457866669,14,1709.0,15,8,マイネルディザイア,16,7,0,0.0,0,0.0,0.0,0.0,0.0,0.0,3,7,14,8,9,13.0,4.0,10.0,4.0,9.0,9.699999809265137,0.0,0.0,0.0,0.0,0.0,0.0,0.0,0.0,1800,1400,1800,grade:unknown|condition:12,grade:unknown|condition:12,grade:unknown|condition:12,1800,0.21176470816135406,0.2666666805744171,0.18666666746139526,0.10883434116840363,0.11964517086744308,0.10552778095006943,2.752941131591797,1.0666667222976685,1.8666666746139526,0.2666666805744171,0.22169934213161469,0.22321568429470062,-3.7333333492279053,0.21176470816135406,0.2666666805744171,0.19833333790302277,0.1639215648174286,0.20666666328907013,0.19333332777023315,0,7500000.0,8200000.0,21000000.0,5925000.0,5965000.0,10075000.0,0,0,5,0,0,0,0.2090679258108139,0.37304577231407166,0.3273513615131378,0.2419455349445343,0.37304577231407166,0.33188650012016296,-0.3125,0.0,0.380952388048172,0.4208333194255829,0.0,-0.0476190485060215,0.37304577231407166,0.315625935792923,0.2992638051509857,0.0328776054084301,0.0,0.004535147454589605,0.0328776054084301,0.1315104216337204,0.1315104216337204,-0.0,0.01814058981835842,0.4208333194255829,0.0,-0.0476190485060215,0.3125,0.032563067972660065,5800000.0,4150000.0,5900000.0,15.573369026184082,15.238618850708008,15.590462684631348,5900000.0,5283333.5,5325000.0,0.0,516666.65625,1.0,1.0977917909622192,202.45379638671875,60.95447540283203,155.90463256835938,0,0,0,0,0,0.0,0.0,0.0,0.0,0.0,UNKNOWN,UNKNOWN,UNKNOWN,OPEN_SEX,OPEN_SEX,OPEN_SEX,UNKNOWN,UNKNOWN,UNKNOWN,0,0,0,0,0,0,0,0.023458911971915884,14,2,0.0,0.0,0,0,0,V1_LIGHTGBM,LightGBM CA:近走着差・勝ち馬強度・フィールド強度・基礎能力
2026-07-04,2026-0704-02-01-07-02,2023110027,0,2026-07-04,函館,芝,1800,grade:unknown|condition:12,unknown,12,UNKNOWN,0,OPEN_SEX,UNKNOWN,0,0,0,5800000.0,2300000.0,1500000.0,11050000.0,15.573369026184082,16.217941284179688,12,0.27916666865348816,275.0,3.5,262.1000061035156,0,1,0,1,0,1,0,1,0,0,0.0,0.512499988079071,0.02500000037252903,0.512499988079071,0.02500000037252903,0.375,0.19218750298023224,0.0,0.5625,1.0,0.0,0,0.5026260614395142,0.08927242457866669,16,2389.0,14,6,アウェイクネス,16,5,0,0.0,0,0.0,0.0,0.0,0.0,0.0,1,5,12,7,11,12.0,7.0,22.0,7.0,13.666666984558105,12.5,0.0,0.0,0.0,0.0,0.0,0.0,0.0,0.0,2000,1600,1200,grade:unknown|condition:12,grade:unknown|condition:11,grade:unknown|condition:11,1800,0.2215384542942047,0.13571429252624512,0.18666666746139526,0.11654634773731232,0.12045910209417343,0.12824688851833344,2.658461570739746,0.949999988079071,4.106666564941406,0.2215384542942047,0.18130646646022797,0.1888168454170227,-6.864285945892334,0.2215384542942047,0.24888889491558075,0.2549999952316284,0.2047552466392517,0.21680912375450134,0.21960318088531494,0,21000000.0,54000000.0,11400000.0,9575000.0,20633334.0,8175000.0,5,7,0,0,0,0,0.2809070944786072,0.3843189477920532,0.22204944491386414,0.2787376940250397,0.3843189477920532,0.22204944491386414,0.033088237047195435,0.0,0.0,0.26225489377975464,0.0,0.0,0.3843189477920532,0.29503536224365234,0.2990744113922119,-0.0021693878807127476,0.0,0.0,0.0,-0.0,-0.00867755152285099,-0.0,-0.0,0.26225489377975464,0.0,0.0,-0.033088237047195435,-0.0021698367781937122,5900000.0,5600000.0,5600000.0,15.590462684631348,15.538277626037598,15.538277626037598,5900000.0,5700000.0,5750000.0,-100000.0,100000.0,0.9830508232116699,1.017543911933899,187.08555603027344,108.7679443359375,341.84210205078125,0,0,0,0,0,0.0,0.0,0.0,0.0,0.0,UNKNOWN,UNKNOWN,UNKNOWN,OPEN_SEX,OPEN_SEX,OPEN_SEX,UNKNOWN,UNKNOWN,UNKNOWN,0,0,0,0,0,0,0,0.018076363139822384,15,2,0.0,0.0,0,0,0,V1_LIGHTGBM,LightGBM CA:近走着差・勝ち馬強度・フィールド強度・基礎能力
2026-07-04,2026-0704-02-01-07-02,2023101598,0,2026-07-04,函館,芝,1800,grade:unknown|condition:12,unknown,12,UNKNOWN,0,OPEN_SEX,UNKNOWN,0,0,0,5800000.0,2300000.0,1500000.0,11050000.0,15.573369026184082,16.217941284179688,4,0.27916666865348816,275.0,3.5,262.1000061035156,0,1,0,1,0,1,0,1,0,0,0.298581063747406,0.42500001192092896,0.04330126941204071,0.42500001192092896,0.04330126941204071,0.25,0.10625000298023224,0.0,0.5625,1.0,0.0,0,0.5026260614395142,0.08927242457866669,15,1957.0,10,4,ホウショウリュウ,16,4,0,0.0,0,0.0,0.0,0.0,0.0,0.0,1,4,11,16,8,7.0,66.0,22.0,7.0,31.66666603088379,27.700000762939453,0.0,0.0,0.0,0.0,0.0,0.0,0.0,0.0,1800,1800,1800,grade:unknown|condition:12,grade:unknown|condition:11,grade:unknown|condition:11,1800,0.18000000715255737,0.3461538553237915,0.29750001430511475,0.11763366311788559,0.11683787405490875,0.13451525568962097,1.2599999904632568,22.846153259277344,6.545000076293945,0.3461538553237915,0.27455127239227295,0.25334614515304565,-6.820000171661377,0.2549999952316284,0.3461538553237915,0.29750001430511475,0.1969444453716278,0.24356643855571747,0.26199495792388916,0,8200000.0,8200000.0,8200000.0,6660000.0,6812500.0,7357143.0,0,0,0,0,0,0,0.28943178057670593,0.15538276731967926,0.36871612071990967,0.298581063747406,0.1524198055267334,0.37314319610595703,-0.14166666567325592,-0.13333334028720856,-0.125,0.25833332538604736,-0.08888889104127884,0.14166666567325592,0.37314319610595703,0.2747146785259247,0.2696451246738434,0.009149305522441864,-0.00296296295709908,0.0044270833022892475,0.009149305522441864,0.036597222089767456,0.036597222089767456,-0.01185185182839632,0.01770833320915699,0.25833332538604736,-0.08888889104127884,0.14166666567325592,0.14166666567325592,0.00877115037292242,5800000.0,5600000.0,5600000.0,15.573369026184082,15.538277626037598,15.538277626037598,5800000.0,5666666.5,5700000.0,0.0,133333.328125,1.0,1.0235294103622437,109.01358032226562,1025.5262451171875,341.84210205078125,0,0,0,0,0,0.0,0.0,0.0,0.0,0.0,UNKNOWN,UNKNOWN,UNKNOWN,OPEN_SEX,OPEN_SEX,OPEN_SEX,UNKNOWN,UNKNOWN,UNKNOWN,0,0,0,0,0,0,0,0.014927930764284348,16,2,0.0,0.0,0,0,0,V1_LIGHTGBM,LightGBM CA:近走着差・勝ち馬強度・フィールド強度・基礎能力
2026-07-04,2026-0704-02-01-07-03,2023103024,1,2026-07-04,函館,芝,1700,grade:unknown|condition:12,unknown,12,UNKNOWN,0,OPEN_SEX,UNKNOWN,0,0,0,5800000.0,2300000.0,1500000.0,11050000.0,15.573369026184082,16.217941284179688,11,-0.18484848737716675,329.0,3.5,260.29998779296875,0,1,0,1,0,0,0,1,0,0,0.5057339668273926,0.6001198887825012,0.2700428366661072,0.6001198887825012,0.2700428366661072,0.8181818127632141,0.4910071790218353,0.27272728085517883,0.9090909361839294,0.6363636255264282,0.09090909361839294,3,0.5899848341941833,0.13570494949817657,1,25.0,1,9,ギンケイ,11,5,0,0.0,3,0.6000000238418579,0.0,0.6666666865348816,0.0,0.6000000238418579,5,5,4,2,2,3.0,0.0,0.0,0.0,1.0,1.5,0.0,0.0,0.0,0.0,0.0,0.0,0.0,0.0,1700,1800,1800,grade:unknown|condition:12,grade:unknown|condition:12,grade:unknown|condition:12,1700,0.2549999952316284,0.15555556118488312,0.2327272742986679,0.11619505286216736,0.10956883430480957,0.11794590950012207,0.7649999856948853,0.0,0.0,0.2549999952316284,0.21442760527133942,0.22071212530136108,0.2327272742986679,0.2549999952316284,0.16500000655651093,0.2327272742986679,0.20000000298023224,0.16185185313224792,0.19757576286792755,0,7500000.0,7500000.0,8200000.0,6114285.5,6300000.0,6550000.0,0,0,0,0,0,0,0.4833408296108246,0.9195410013198853,0.9273331761360168,0.5057339668273926,0.8896970748901367,0.9282742738723755,-0.3791208863258362,0.3030303120613098,0.39523810148239136,0.23626373708248138,0.39393940567970276,-0.009523809887468815,0.9282742738723755,0.7745684385299683,0.7054309248924255,0.022393129765987396,-0.02984389290213585,0.0009410430793650448,0.022393129765987396,0.08957251906394958,0.08957251906394958,-0.1193755716085434,0.0037641723174601793,0.23626373708248138,0.39393940567970276,-0.009523809887468815,0.3791208863258362,0.02314707078039646,5800000.0,5900000.0,5900000.0,15.573369026184082,15.590462684631348,15.590462684631348,5900000.0,5866666.5,5850000.0,0.0,-66666.6640625,1.0,0.9886363744735718,46.7201042175293,0.0,0.0,0,0,0,0,0,0.0,0.0,0.0,0.0,0.0,UNKNOWN,UNKNOWN,UNKNOWN,OPEN_SEX,OPEN_SEX,OPEN_SEX,UNKNOWN,UNKNOWN,UNKNOWN,0,0,0,0,0,0,0,0.2984027416538545,1,3,250.0,140.0,1,1,0,V1_LIGHTGBM,LightGBM CA:近走着差・勝ち馬強度・フィールド強度・基礎能力
2026-07-04,2026-0704-02-01-07-03,2023105268,0,2026-07-04,函館,芝,1700,grade:unknown|condition:12,unknown,12,UNKNOWN,0,OPEN_SEX,UNKNOWN,0,0,0,5800000.0,2300000.0,1500000.0,11050000.0,15.573369026184082,16.217941284179688,2,-0.18484848737716675,329.0,3.5,260.29998779296875,0,1,0,1,0,0,0,1,0,0,0.0,0.644444465637207,0.20427529513835907,0.644444465637207,0.20427529513835907,0.4545454680919647,0.2929292917251587,0.27272728085517883,0.9090909361839294,0.6363636255264282,0.09090909361839294,3,0.5899848341941833,0.13570494949817657,3,36.0,6,5,ラショナルポイント,11,3,0,0.0,2,0.6666666865348816,0.0,0.6666666865348816,0.0,0.6666666865348816,2,3,3,2,7,2.0,0.0,9.0,0.0,3.6666667461395264,2.799999952316284,0.0,0.0,0.0,0.0,0.0,0.0,0.0,0.0,1600,1800,1600,grade:unknown|condition:12,grade:unknown|condition:12,grade:unknown|condition:11,1700,0.16249999403953552,0.16249999403953552,0.20571428537368774,0.10513705760240555,0.10986029356718063,0.12406384944915771,0.32499998807907104,0.0,1.8514286279678345,0.20571428537368774,0.17690476775169373,0.17114286124706268,0.16249999403953552,0.3046153783798218,0.20363636314868927,0.2327272742986679,0.20445512235164642,0.17704544961452484,0.20917749404907227,0,7500000.0,7500000.0,8200000.0,6400000.0,6333333.5,7850000.0,0,0,0,0,0,0,0.556534469127655,0.929237961769104,0.35835349559783936,0.556534469127655,0.9032614231109619,0.35835349559783936,0.0,0.3958333432674408,0.0,0.0,0.26249998807907104,0.0,0.9032614231109619,0.6060497760772705,0.6209163665771484,0.0,-0.02597656287252903,0.0,0.0,-0.0,-0.0,-0.10390625149011612,-0.0,0.0,0.26249998807907104,0.0,-0.0,0.0,5800000.0,5900000.0,7500000.0,15.573369026184082,15.590462684631348,15.830413818359375,7500000.0,6400000.0,6170000.0,0.0,-600000.0,1.0,0.90625,31.146738052368164,0.0,142.47372436523438,0,0,0,0,0,0.0,0.0,0.0,0.0,0.0,UNKNOWN,UNKNOWN,UNKNOWN,OPEN_SEX,OPEN_SEX,OPEN_SEX,UNKNOWN,UNKNOWN,UNKNOWN,0,0,0,0,0,0,0,0.2875947075176144,2,3,0.0,0.0,0,0,0,V1_LIGHTGBM,LightGBM CA:近走着差・勝ち馬強度・フィールド強度・基礎能力
2026-07-04,2026-0704-02-01-07-03,2023100609,0,2026-07-04,函館,芝,1700,grade:unknown|condition:12,unknown,12,UNKNOWN,0,OPEN_SEX,UNKNOWN,0,0,0,5800000.0,2300000.0,1500000.0,11050000.0,15.573369026184082,16.217941284179688,5,-0.18484848737716675,329.0,3.5,260.29998779296875,0,1,0,1,0,0,0,1,0,0,0.5137476921081543,0.8017460107803345,0.14243358373641968,0.8017460107803345,0.14243358373641968,0.3636363744735718,0.29154402017593384,0.27272728085517883,0.9090909361839294,0.6363636255264282,0.09090909361839294,3,0.5899848341941833,0.13570494949817657,2,31.0,9,4,ペガサスウィンド,11,5,0,0.0,3,0.6000000238418579,0.0,0.6666666865348816,0.0,0.6000000238418579,5,5,2,5,3,3.0,12.0,10.0,3.0,8.333333015441895,7.099999904632568,0.0,0.0,0.0,0.0,0.0,0.0,0.0,0.0,1700,1800,1800,grade:unknown|condition:12,grade:unknown|condition:12,grade:unknown|condition:12,1700,0.2266666740179062,0.18000000715255737,0.18000000715255737,0.11959539353847504,0.1199740469455719,0.11054166406393051,0.6800000071525574,2.1600000858306885,1.7999999523162842,0.2266666740179062,0.19555555284023285,0.20333333313465118,-2.7733333110809326,0.2266666740179062,0.2549999952316284,0.18000000715255737,0.18759259581565857,0.21952380239963531,0.16374999284744263,0,8200000.0,8200000.0,8200000.0,6300000.0,6680000.0,6620000.0,0,0,0,0,0,0,0.5356485247612,0.4416213631629944,0.46703389286994934,0.5137476921081543,0.4261111617088318,0.4543589949607849,0.48181816935539246,0.17142857611179352,0.24444444477558136,0.1818181872367859,0.3619047701358795,0.2074074000120163,0.5137476921081543,0.46473929286003113,0.47557899355888367,-0.021900827065110207,-0.015510204248130322,-0.012674896977841854,-0.012674896977841854,-0.050699587911367416,-0.08760330826044083,-0.062040816992521286,-0.050699587911367416,0.1818181872367859,0.3619047701358795,0.2074074000120163,-0.48181816935539246,-0.022017668932676315,5800000.0,5900000.0,5900000.0,15.573369026184082,15.590462684631348,15.590462684631348,5900000.0,5866666.5,5850000.0,0.0,-66666.6640625,1.0,0.9886363744735718,46.7201042175293,187.08555603027344,155.90463256835938,0,0,0,0,0,0.0,0.0,0.0,0.0,0.0,UNKNOWN,UNKNOWN,UNKNOWN,OPEN_SEX,OPEN_SEX,OPEN_SEX,UNKNOWN,UNKNOWN,UNKNOWN,0,0,0,0,0,0,0,0.2782520997289646,3,3,0.0,0.0,0,0,0,V1_LIGHTGBM,LightGBM CA:近走着差・勝ち馬強度・フィールド強度・基礎能力
2026-07-04,2026-0704-02-01-07-03,2023105555,0,2026-07-04,函館,芝,1700,grade:unknown|condition:12,unknown,12,UNKNOWN,0,OPEN_SEX,UNKNOWN,0,0,0,5800000.0,2300000.0,1500000.0,11050000.0,15.573369026184082,16.217941284179688,6,-0.18484848737716675,329.0,3.5,260.29998779296875,0,1,0,1,0,0,0,1,0,0,0.6273918747901917,0.5465267896652222,0.12502186000347137,0.5465267896652222,0.12502186000347137,0.9090909361839294,0.49684256315231323,0.27272728085517883,0.9090909361839294,0.6363636255264282,0.09090909361839294,3,0.5899848341941833,0.13570494949817657,4,128.0,3,10,ウォータースパウト,11,7,0,0.0,1,0.1428571492433548,0.0,0.3333333432674408,0.0,0.20000000298023224,4,7,3,9,7,1.0,14.0,13.0,1.0,9.333333015441895,7.300000190734863,0.0,0.0,0.0,0.0,0.0,0.0,0.0,0.0,1700,1600,1800,grade:unknown|condition:12,grade:unknown|condition:12,grade:unknown|condition:12,1700,0.2549999952316284,0.20363636314868927,0.15555556118488312,0.11619505286216736,0.11299553513526917,0.10956883430480957,0.2549999952316284,2.8509089946746826,2.0222222805023193,0.2549999952316284,0.20473064482212067,0.21970202028751373,-0.7450000047683716,0.2549999952316284,0.20363636314868927,0.16500000655651093,0.20000000298023224,0.17403262853622437,0.16185185313224792,0,7500000.0,8200000.0,7500000.0,6114285.5,6500000.0,6300000.0,0,0,0,0,0,0,0.6413469910621643,0.32733353972435,0.3377237021923065,0.6273918747901917,0.32733353972435,0.3347393274307251,0.23626373708248138,0.0,0.03030303120613098,0.23626373708248138,0.0,0.39393940567970276,0.6273918747901917,0.42982158064842224,0.4788438677787781,-0.013955138623714447,0.0,-0.002984389429911971,0.0,-0.0,-0.05582055449485779,-0.0,-0.011937557719647884,0.23626373708248138,0.0,0.39393940567970276,-0.23626373708248138,-0.014424986205995083,5800000.0,5900000.0,5900000.0,15.573369026184082,15.590462684631348,15.590462684631348,5900000.0,5866666.5,5850000.0,0.0,-66666.6640625,1.0,0.9886363744735718,15.573369026184082,218.2664794921875,202.676025390625,0,0,0,0,0,0.0,0.0,0.0,0.0,0.0,UNKNOWN,UNKNOWN,UNKNOWN,OPEN_SEX,OPEN_SEX,OPEN_SEX,UNKNOWN,UNKNOWN,UNKNOWN,0,0,0,0,0,0,0,0.14369876951865124,4,3,0.0,250.0,0,1,0,V1_LIGHTGBM,LightGBM CA:近走着差・勝ち馬強度・フィールド強度・基礎能力
2026-07-04,2026-0704-02-01-07-03,2023103570,0,2026-07-04,函館,芝,1700,grade:unknown|condition:12,unknown,12,UNKNOWN,0,OPEN_SEX,UNKNOWN,0,0,0,5800000.0,2300000.0,1500000.0,11050000.0,15.573369026184082,16.217941284179688,8,-0.18484848737716675,329.0,3.5,260.29998779296875,0,1,0,1,0,0,0,1,0,0,0.34687092900276184,0.7379487156867981,0.19166319072246552,0.7379487156867981,0.19166319072246552,1.0,0.7379487156867981,0.27272728085517883,0.9090909361839294,0.6363636255264282,0.09090909361839294,3,0.5899848341941833,0.13570494949817657,7,257.0,10,11,ブリスフルイヤー,11,8,0,0.0,2,0.25,0.0,0.6666666865348816,0.0,0.4000000059604645,5,8,8,3,3,13.0,5.0,13.0,5.0,10.333333015441895,10.600000381469727,0.0,0.0,0.0,0.0,0.0,0.0,0.0,0.0,1700,1800,1700,grade:unknown|condition:12,grade:unknown|condition:12,grade:unknown|condition:12,1700,0.14166666567325592,0.18000000715255737,0.19499999284744263,0.10490495711565018,0.09124215692281723,0.113751120865345,1.8416666984558105,0.8999999761581421,2.5350000858306885,0.19499999284744263,0.17222222685813904,0.16383333504199982,-4.820000171661377,0.15583333373069763,0.18000000715255737,0.23999999463558197,0.14166666567325592,0.14225274324417114,0.1899999976158142,0,6500000.0,8200000.0,8200000.0,5957143.0,6480000.0,7200000.0,0,0,0,0,0,0,0.3403499722480774,0.5014569759368896,0.49876266717910767,0.34687092900276184,0.4702778160572052,0.5001459121704102,0.3956044018268585,0.4761904776096344,-0.01904761977493763,-0.06593406945466995,0.261904776096344,0.2904762029647827,0.5001459121704102,0.43909820914268494,0.41454797983169556,0.006520951632410288,-0.031179137527942657,0.0013832199620082974,0.006520951632410288,0.02608380652964115,0.02608380652964115,-0.12471655011177063,0.00553287984803319,-0.06593406945466995,0.261904776096344,0.2904762029647827,-0.3956044018268585,0.0060014608316123486,5800000.0,5900000.0,5900000.0,15.573369026184082,15.590462684631348,15.590462684631348,5900000.0,5866666.5,5850000.0,0.0,-66666.6640625,1.0,0.9886363744735718,202.45379638671875,77.95231628417969,202.676025390625,0,0,0,0,0,0.0,0.0,0.0,0.0,0.0,UNKNOWN,UNKNOWN,UNKNOWN,OPEN_SEX,OPEN_SEX,OPEN_SEX,UNKNOWN,UNKNOWN,UNKNOWN,0,0,0,0,0,0,0,0.10919260077598292,5,3,0.0,0.0,0,0,0,V1_LIGHTGBM,LightGBM CA:近走着差・勝ち馬強度・フィールド強度・基礎能力
2026-07-04,2026-0704-02-01-07-03,2023104632,0,2026-07-04,函館,芝,1700,grade:unknown|condition:12,unknown,12,UNKNOWN,0,OPEN_SEX,UNKNOWN,0,0,0,5800000.0,2300000.0,1500000.0,11050000.0,15.573369026184082,16.217941284179688,4,-0.18484848737716675,329.0,3.5,260.29998779296875,0,1,0,1,0,0,0,1,0,0,0.0,0.728278398513794,0.23204396665096283,0.728278398513794,0.23204396665096283,0.1818181872367859,0.13241425156593323,0.27272728085517883,0.9090909361839294,0.6363636255264282,0.09090909361839294,3,0.5899848341941833,0.13570494949817657,6,253.0,8,2,マスカルポーネ,11,9,0,0.0,2,0.2222222238779068,0.0,0.3333333432674408,0.0,0.4000000059604645,6,9,11,2,4,38.0,2.0,19.0,2.0,19.66666603088379,23.399999618530273,0.0,0.0,0.0,0.0,0.0,0.0,0.0,0.0,2100,1800,1700,grade:unknown|condition:12,grade:unknown|condition:12,grade:unknown|condition:12,1700,0.17142857611179352,0.18000000715255737,0.19499999284744263,0.11093034595251083,0.09124215692281723,0.113751120865345,6.514285564422607,0.36000001430511475,3.7049999237060547,0.19499999284744263,0.18214285373687744,0.17871429026126862,-1.8200000524520874,0.17874999344348907,0.18000000715255737,0.23999999463558197,0.16749541461467743,0.14225274324417114,0.1899999976158142,0,7500000.0,8200000.0,8200000.0,6650000.0,6480000.0,7200000.0,0,0,0,0,0,0,0.28906702995300293,0.58146733045578,0.4701903462409973,0.2816827595233917,0.5783494114875793,0.48194772005081177,0.4833333194255829,0.0476190485060215,-0.16190476715564728,0.06111111119389534,0.261904776096344,0.2904762029647827,0.5783494114875793,0.4473266303539276,0.41073575615882874,-0.007384259253740311,-0.003117913845926523,0.01175736915320158,0.01175736915320158,0.04702947661280632,-0.029537037014961243,-0.012471655383706093,0.04702947661280632,0.06111111119389534,0.261904776096344,0.2904762029647827,-0.4833333194255829,-0.007015762384980917,5800000.0,5900000.0,5900000.0,15.573369026184082,15.590462684631348,15.590462684631348,5900000.0,5866666.5,5850000.0,0.0,-66666.6640625,1.0,0.9886363744735718,591.7880249023438,31.180925369262695,296.21881103515625,0,0,0,0,0,0.0,0.0,0.0,0.0,0.0,UNKNOWN,UNKNOWN,UNKNOWN,OPEN_SEX,OPEN_SEX,OPEN_SEX,UNKNOWN,UNKNOWN,UNKNOWN,0,0,0,0,0,0,0,0.08210757381610095,6,3,0.0,0.0,0,0,0,V1_LIGHTGBM,LightGBM CA:近走着差・勝ち馬強度・フィールド強度・基礎能力
2026-07-04,2026-0704-02-01-07-03,2023105608,0,2026-07-04,函館,芝,1700,grade:unknown|condition:12,unknown,12,UNKNOWN,0,OPEN_SEX,UNKNOWN,0,0,0,5800000.0,2300000.0,1500000.0,11050000.0,15.573369026184082,16.217941284179688,6,-0.18484848737716675,329.0,3.5,260.29998779296875,0,1,0,1,0,0,0,1,0,0,0.0,0.5,0.0,0.5,0.0,0.5454545617103577,0.27272728085517883,0.27272728085517883,0.9090909361839294,0.6363636255264282,0.09090909361839294,3,0.5899848341941833,0.13570494949817657,8,311.0,2,6,ルージュリヴィエラ,11,4,0,0.0,1,0.25,0.0,0.0,0.0,0.25,3,4,8,6,6,6.0,12.0,12.0,6.0,10.0,9.0,0.0,0.0,0.0,0.0,0.0,0.0,0.0,0.0,1400,1400,1400,grade:unknown|condition:12,grade:unknown|condition:12,grade:unknown|condition:12,1700,0.19499999284744263,0.17142857611179352,0.20999999344348907,0.10873588174581528,0.11069542169570923,0.11814557015895844,1.1699999570846558,2.057142972946167,2.5199999809265137,0.20999999344348907,0.19214285910129547,0.19092857837677002,-5.804999828338623,0.19499999284744263,0.19499999284744263,0.27000001072883606,0.17166666686534882,0.1657792180776596,0.2222222238779068,0,5900000.0,5900000.0,8200000.0,5900000.0,5900000.0,7600000.0,0,0,0,0,0,0,0.37022945284843445,0.41304993629455566,0.4225737452507019,0.37022945284843445,0.41304993629455566,0.4225737452507019,0.0,0.0,0.0,0.0,0.0,0.0,0.4225737452507019,0.40195104479789734,0.393544465303421,0.0,0.0,0.0,0.0,-0.0,-0.0,-0.0,-0.0,0.0,0.0,0.0,-0.0,0.0,5900000.0,5900000.0,5900000.0,15.590462684631348,15.590462684631348,15.590462684631348,5900000.0,5900000.0,5900000.0,-100000.0,-100000.0,0.9830508232116699,0.9830508232116699,93.54277801513672,187.08555603027344,187.08555603027344,0,0,0,0,0,0.0,0.0,0.0,0.0,0.0,UNKNOWN,UNKNOWN,UNKNOWN,OPEN_SEX,OPEN_SEX,OPEN_SEX,UNKNOWN,UNKNOWN,UNKNOWN,0,0,0,0,0,0,0,0.06020010598203429,7,3,0.0,590.0,0,1,0,V1_LIGHTGBM,LightGBM CA:近走着差・勝ち馬強度・フィールド強度・基礎能力
2026-07-04,2026-0704-02-01-07-03,2023106623,0,2026-07-04,函館,芝,1700,grade:unknown|condition:12,unknown,12,UNKNOWN,0,OPEN_SEX,UNKNOWN,0,0,0,5800000.0,2300000.0,1500000.0,11050000.0,15.573369026184082,16.217941284179688,3,-0.18484848737716675,329.0,3.5,260.29998779296875,0,1,0,1,0,0,0,1,0,0,0.0,0.5,0.0,0.5,0.0,0.7272727489471436,0.3636363744735718,0.27272728085517883,0.9090909361839294,0.6363636255264282,0.09090909361839294,3,0.5899848341941833,0.13570494949817657,5,205.0,5,8,ルージュボニート,11,1,0,0.0,0,0.0,0.0,0.0,0.0,0.0,1,1,8,0,0,19.0,0.0,0.0,19.0,19.0,9.5,0.0,0.0,0.0,0.0,0.0,0.0,0.0,0.0,1600,0,0,grade:unknown|condition:12,unknown,unknown,1700,0.15000000596046448,0.0,0.0,0.09004291892051697,0.0,0.0,2.8499999046325684,0.0,0.0,0.15000000596046448,0.15000000596046448,0.07500000298023224,-18.850000381469727,0.15000000596046448,0.0,0.0,0.1287962943315506,0.0,0.0,0,7500000.0,0.0,0.0,6200000.0,0.0,0.0,0,0,0,0,0,0,0.3690670132637024,0.0,0.0,0.3690670132637024,0.0,0.0,0.0,0.0,0.0,0.0,0.0,0.0,0.3690670132637024,0.3690670132637024,0.1845335066318512,0.0,0.0,0.0,0.0,-0.0,-0.0,0.0,0.0,0.0,0.0,0.0,-0.0,0.0,5800000.0,0.0,0.0,15.573369026184082,0.0,0.0,5800000.0,5800000.0,2900000.0,0.0,0.0,1.0,1.0,295.8940124511719,0.0,0.0,0,0,0,0,0,0.0,0.0,0.0,0.0,0.0,UNKNOWN,UNKNOWN,UNKNOWN,OPEN_SEX,UNKNOWN,UNKNOWN,UNKNOWN,UNKNOWN,UNKNOWN,0,0,0,0,0,0,0,0.03276281218734388,8,3,0.0,0.0,0,0,0,V1_LIGHTGBM,LightGBM CA:近走着差・勝ち馬強度・フィールド強度・基礎能力
2026-07-04,2026-0704-02-01-07-03,2023104338,0,2026-07-04,函館,芝,1700,grade:unknown|condition:12,unknown,12,UNKNOWN,0,OPEN_SEX,UNKNOWN,0,0,0,5800000.0,2300000.0,1500000.0,11050000.0,15.573369026184082,16.217941284179688,9,-0.18484848737716675,329.0,3.5,260.29998779296875,0,1,0,1,0,0,0,1,0,0,0.0,0.6333333253860474,0.12472191452980042,0.6333333253860474,0.12472191452980042,1.0909091234207153,0.6909090876579285,0.27272728085517883,0.9090909361839294,0.6363636255264282,0.09090909361839294,3,0.5899848341941833,0.13570494949817657,10,891.0,11,12,ハヤブサブロー,11,3,0,0.0,0,0.0,0.0,0.0,0.0,0.0,3,3,13,9,5,24.0,7.0,5.0,5.0,12.0,15.100000381469727,0.0,0.0,0.0,0.0,0.0,0.0,0.0,0.0,2000,1800,1600,grade:unknown|condition:12,grade:unknown|condition:12,grade:unknown|condition:12,1700,0.19833333790302277,0.17142857611179352,0.16249999403953552,0.09981261193752289,0.10154829174280167,0.09921153634786606,4.760000228881836,1.2000000476837158,0.8125,0.19833333790302277,0.17742063105106354,0.18309523165225983,-4.837500095367432,0.19833333790302277,0.18666666746139526,0.18909090757369995,0.15959401428699493,0.16784992814064026,0.15719696879386902,0,7500000.0,21000000.0,7500000.0,6028571.5,13450000.0,6433333.5,0,5,0,0,0,0,0.23573368787765503,0.34293603897094727,0.4519331455230713,0.24687373638153076,0.33842214941978455,0.4519331455230713,0.2916666567325592,0.0833333358168602,0.0,-0.1527777761220932,0.21666666865348816,0.0,0.4519331455230713,0.34574300050735474,0.31535014510154724,0.011140046641230583,-0.004513889085501432,0.0,0.011140046641230583,0.04456018656492233,0.04456018656492233,-0.01805555634200573,-0.0,-0.1527777761220932,0.21666666865348816,0.0,-0.2916666567325592,0.010883844457566738,5800000.0,5900000.0,5900000.0,15.573369026184082,15.590462684631348,15.590462684631348,5900000.0,5866666.5,5850000.0,0.0,-66666.6640625,1.0,0.9886363744735718,373.7608337402344,109.13323974609375,77.95231628417969,0,0,0,0,0,0.0,0.0,0.0,0.0,0.0,UNKNOWN,UNKNOWN,UNKNOWN,OPEN_SEX,OPEN_SEX,OPEN_SEX,UNKNOWN,UNKNOWN,UNKNOWN,0,0,0,0,0,0,0,0.03195578381916783,9,3,0.0,0.0,0,0,0,V1_LIGHTGBM,LightGBM CA:近走着差・勝ち馬強度・フィールド強度・基礎能力
2026-07-04,2026-0704-02-01-07-03,2023104347,0,2026-07-04,函館,芝,1700,grade:unknown|condition:12,unknown,12,UNKNOWN,0,OPEN_SEX,UNKNOWN,0,0,0,5800000.0,2300000.0,1500000.0,11050000.0,15.573369026184082,16.217941284179688,1,-0.18484848737716675,329.0,3.5,260.29998779296875,0,1,0,1,0,0,0,1,0,0,0.0,0.5,0.0,0.5,0.0,0.09090909361839294,0.04545454680919647,0.27272728085517883,0.9090909361839294,0.6363636255264282,0.09090909361839294,3,0.5899848341941833,0.13570494949817657,9,674.0,7,1,ハスカップジャム,11,2,0,0.0,0,0.0,0.0,0.0,0.0,0.0,2,2,16,6,0,36.0,8.0,0.0,8.0,22.0,20.399999618530273,0.0,0.0,0.0,0.0,0.0,0.0,0.0,0.0,2000,1600,0,grade:unknown|condition:12,grade:unknown|condition:12,unknown,1700,0.19499999284744263,0.18666666746139526,0.0,0.10607533901929855,0.11178131401538849,0.0,7.019999980926514,1.493333339691162,0.0,0.19499999284744263,0.19083333015441895,0.1535000056028366,-7.813333511352539,0.19499999284744263,0.27000001072883606,0.0,0.16958333551883698,0.22079364955425262,0.0,0,5900000.0,8200000.0,0.0,5866666.5,7775000.0,0.0,0,0,0,0,0,0,0.15573368966579437,0.42367398738861084,0.0,0.15573368966579437,0.42367398738861084,0.0,0.0,0.0,0.0,0.0,0.0,0.0,0.42367398738861084,0.2897038459777832,0.20496903359889984,0.0,0.0,0.0,0.0,-0.0,-0.0,-0.0,0.0,0.0,0.0,0.0,-0.0,0.0,5800000.0,6500000.0,0.0,15.573369026184082,15.687313079833984,0.0,6500000.0,6150000.0,4850000.0,0.0,-350000.0,1.0,0.9430894255638123,560.6412963867188,125.49850463867188,0.0,0,0,0,0,0,0.0,0.0,0.0,0.0,0.0,UNKNOWN,UNKNOWN,UNKNOWN,OPEN_SEX,OPEN_SEX,UNKNOWN,UNKNOWN,UNKNOWN,UNKNOWN,0,0,0,0,0,0,0,0.020957688490599636,10,3,0.0,0.0,0,0,0,V1_LIGHTGBM,LightGBM CA:近走着差・勝ち馬強度・フィールド強度・基礎能力
2026-07-04,2026-0704-02-01-07-03,2023101796,0,2026-07-04,函館,芝,1700,grade:unknown|condition:12,unknown,12,UNKNOWN,0,OPEN_SEX,UNKNOWN,0,0,0,5800000.0,2300000.0,1500000.0,11050000.0,15.573369026184082,16.217941284179688,9,-0.18484848737716675,329.0,3.5,260.29998779296875,0,1,0,1,0,0,0,1,0,0,0.321288138628006,0.2974359095096588,0.19618317484855652,0.2974359095096588,0.19618317484855652,0.27272728085517883,0.0811188817024231,0.27272728085517883,0.9090909361839294,0.6363636255264282,0.09090909361839294,3,0.5899848341941833,0.13570494949817657,11,3021.0,4,3,テリオスリコ,11,7,0,0.0,1,0.1428571492433548,0.0,0.0,0.0,0.0,6,7,9,8,11,13.0,15.0,27.0,13.0,18.33333396911621,16.399999618530273,0.0,0.0,0.0,0.0,0.0,0.0,0.0,0.0,1700,1700,1400,grade:unknown|condition:12,grade:unknown|condition:12,grade:unknown|condition:12,1700,0.14166666567325592,0.19384615123271942,0.2762500047683716,0.10490495711565018,0.1097492054104805,0.11874210834503174,1.8416666984558105,2.9076921939849854,7.458749771118164,0.2762500047683716,0.20392094552516937,0.18423718214035034,-12.858333587646484,0.15583333373069763,0.19384615123271942,0.2762500047683716,0.14166666567325592,0.16683760285377502,0.24708333611488342,0,6500000.0,8200000.0,8200000.0,5957143.0,6337500.0,7200000.0,0,0,0,0,0,0,0.3095807433128357,0.3403491973876953,0.28923797607421875,0.30342206358909607,0.3391541838645935,0.28923797607421875,-0.37362638115882874,-0.5219780206680298,0.0,-0.06593406945466995,-0.009157509543001652,0.0,0.3391541838645935,0.3106047511100769,0.31130489706993103,-0.006158676464110613,-0.0011950046755373478,0.0,0.0,-0.0,-0.02463470585644245,-0.004780018702149391,-0.0,-0.06593406945466995,-0.009157509543001652,0.0,0.37362638115882874,-0.005668045952916145,5800000.0,5800000.0,5900000.0,15.573369026184082,15.573369026184082,15.590462684631348,5900000.0,5833333.5,5820000.0,0.0,-33333.33203125,1.0,0.9942857027053833,202.45379638671875,233.60052490234375,420.9425048828125,0,0,0,0,0,0.0,0.0,0.0,0.0,0.0,UNKNOWN,UNKNOWN,UNKNOWN,OPEN_SEX,OPEN_SEX,OPEN_SEX,UNKNOWN,UNKNOWN,UNKNOWN,0,0,0,0,0,0,0,0.016452413030130893,11,3,0.0,0.0,0,0,0,V1_LIGHTGBM,LightGBM CA:近走着差・勝ち馬強度・フィールド強度・基礎能力
2026-07-04,2026-0704-02-01-07-04,2023100610,0,2026-07-04,函館,芝,1200,grade:unknown|condition:12,unknown,12,UNKNOWN,0,OPEN_SEX,UNKNOWN,0,0,0,5800000.0,2300000.0,1500000.0,11050000.0,15.573369026184082,16.217941284179688,0,0.0,490.0,3.5,262.1000061035156,1,0,0,1,0,1,0,1,0,0,0.0,0.5,0.0,0.5,0.0,0.6875,0.34375,0.0,0.9375,1.0,0.0,0,0.5061858892440796,0.024223964661359787,1,25.0,16,11,フルムーン,16,4,0,0.0,3,0.75,0.0,0.6666666865348816,0.0,0.75,2,4,6,2,3,4.0,2.0,5.0,2.0,3.6666667461395264,3.5999999046325684,0.0,0.0,0.0,0.0,0.0,0.0,0.0,0.0,1200,1200,1200,grade:unknown|condition:12,grade:unknown|condition:12,grade:unknown|condition:11,1200,0.17000000178813934,0.25333333015441895,0.095238097012043,0.11646043509244919,0.11118315905332565,0.1108330637216568,0.6800000071525574,0.5066666603088379,0.4761904776096344,0.25333333015441895,0.1728571355342865,0.18004761636257172,-1.746666669845581,0.20769231021404266,0.25333333015441895,0.1711111068725586,0.1941249519586563,0.19814814627170563,0.15854497253894806,0,7500000.0,8200000.0,31000000.0,6085714.5,6200000.0,12412500.0,0,0,6,0,0,0,0.4298975467681885,0.5865093469619751,0.48535066843032837,0.4298975467681885,0.5865093469619751,0.48535066843032837,0.0,0.0,0.0,0.0,0.0,0.0,0.5865093469619751,0.5005858540534973,0.4879717230796814,0.0,0.0,0.0,0.0,-0.0,-0.0,-0.0,-0.0,0.0,0.0,0.0,-0.0,0.0,5900000.0,5900000.0,5600000.0,15.590462684631348,15.590462684631348,15.538277626037598,5900000.0,5800000.0,5840000.0,-100000.0,0.0,0.9830508232116699,1.0,62.36185073852539,31.180925369262695,77.6913833618164,0,0,0,0,0,0.0,0.0,0.0,0.0,0.0,UNKNOWN,UNKNOWN,UNKNOWN,OPEN_SEX,OPEN_SEX,OPEN_SEX,UNKNOWN,UNKNOWN,UNKNOWN,0,0,0,0,0,0,0,0.1592241166187616,1,4,0.0,0.0,0,0,0,V1_LIGHTGBM,LightGBM CA:近走着差・勝ち馬強度・フィールド強度・基礎能力
2026-07-04,2026-0704-02-01-07-04,2023102151,0,2026-07-04,函館,芝,1200,grade:unknown|condition:12,unknown,12,UNKNOWN,0,OPEN_SEX,UNKNOWN,0,0,0,5800000.0,2300000.0,1500000.0,11050000.0,15.573369026184082,16.217941284179688,0,0.0,490.0,3.5,262.1000061035156,1,0,0,1,0,1,0,1,0,0,0.0,0.5,0.0,0.5,0.0,0.9375,0.46875,0.0,0.9375,1.0,0.0,0,0.5061858892440796,0.024223964661359787,3,58.0,4,15,スッサンエア,16,4,0,0.0,2,0.5,0.0,0.3333333432674408,0.0,0.5,4,4,3,8,4,1.0,6.0,2.0,1.0,3.0,2.700000047683716,0.0,0.0,0.0,0.0,0.0,0.0,0.0,0.0,1200,1400,1200,grade:unknown|condition:12,grade:unknown|condition:12,grade:unknown|condition:12,1200,0.17000000178813934,0.16615384817123413,0.16285714507102966,0.11646043509244919,0.11010769009590149,0.11201782524585724,0.17000000178813934,0.9969230890274048,0.3257142901420593,0.17000000178813934,0.1663369983434677,0.16741758584976196,-0.8299999833106995,0.20769231021404266,0.2549999952316284,0.27636364102363586,0.1941249519586563,0.21297720074653625,0.21426406502723694,0,7500000.0,8200000.0,11400000.0,6085714.5,6312500.0,6844444.5,0,0,0,0,0,0,0.6497230529785156,0.39219024777412415,0.5394505262374878,0.6497230529785156,0.39219024777412415,0.5394505262374878,0.0,0.0,0.0,0.0,0.0,0.0,0.6497230529785156,0.5271213054656982,0.5504087209701538,0.0,0.0,0.0,0.0,-0.0,-0.0,-0.0,-0.0,0.0,0.0,0.0,-0.0,0.0,5900000.0,5900000.0,5900000.0,15.590462684631348,15.590462684631348,15.590462684631348,5900000.0,5900000.0,5900000.0,-100000.0,-100000.0,0.9830508232116699,0.9830508232116699,15.590462684631348,93.54277801513672,31.180925369262695,0,0,0,0,0,0.0,0.0,0.0,0.0,0.0,UNKNOWN,UNKNOWN,UNKNOWN,OPEN_SEX,OPEN_SEX,OPEN_SEX,UNKNOWN,UNKNOWN,UNKNOWN,0,0,0,0,0,0,0,0.15881426852117797,2,4,0.0,0.0,0,0,0,V1_LIGHTGBM,LightGBM CA:近走着差・勝ち馬強度・フィールド強度・基礎能力
2026-07-04,2026-0704-02-01-07-04,2023104933,0,2026-07-04,函館,芝,1200,grade:unknown|condition:12,unknown,12,UNKNOWN,0,OPEN_SEX,UNKNOWN,0,0,0,5800000.0,2300000.0,1500000.0,11050000.0,15.573369026184082,16.217941284179688,0,0.0,490.0,3.5,262.1000061035156,1,0,0,1,0,1,0,1,0,0,0.5832011103630066,0.49897435307502747,0.022738255560398102,0.49897435307502747,0.022738255560398102,0.25,0.12474358826875687,0.0,0.9375,1.0,0.0,0,0.5061858892440796,0.024223964661359787,2,46.0,9,4,ブラックジャック,16,6,0,0.0,1,0.1666666716337204,0.0,0.3333333432674408,0.0,0.20000000298023224,2,6,2,9,9,2.0,11.0,28.0,2.0,13.666666984558105,9.899999618530273,0.0,0.0,0.0,0.0,0.0,0.0,0.0,0.0,1200,1600,1800,grade:unknown|condition:12,grade:unknown|condition:12,grade:unknown|condition:11,1200,0.17142857611179352,0.19499999284744263,0.18000000715255737,0.10522525757551193,0.10905023664236069,0.1238088309764862,0.34285715222358704,2.1449999809265137,5.039999961853027,0.19499999284744263,0.18214285373687744,0.1802142858505249,-1.8285714387893677,0.18909090757369995,0.26307693123817444,0.27000001072883606,0.17517316341400146,0.20346154272556305,0.23595237731933594,0,5900000.0,7500000.0,200000000.0,5850000.0,6433333.5,61620000.0,0,0,8,0,0,0,0.5832011103630066,0.3425779640674591,0.2887161076068878,0.5832011103630066,0.3425779640674591,0.2887161076068878,0.0,0.0,0.0,0.0,0.0,0.0,0.5832011103630066,0.40483173727989197,0.4521171748638153,0.0,0.0,0.0,0.0,-0.0,-0.0,-0.0,-0.0,0.0,0.0,0.0,-0.0,0.0,5800000.0,5900000.0,5600000.0,15.573369026184082,15.590462684631348,15.538277626037598,5900000.0,5766666.5,5790000.0,0.0,33333.33203125,1.0,1.0057803392410278,31.146738052368164,171.49508666992188,435.07177734375,0,0,0,0,0,0.0,0.0,0.0,0.0,0.0,UNKNOWN,UNKNOWN,UNKNOWN,OPEN_SEX,OPEN_SEX,OPEN_SEX,UNKNOWN,UNKNOWN,UNKNOWN,0,0,0,0,0,0,0,0.11626147963460957,3,4,0.0,0.0,0,0,0,V1_LIGHTGBM,LightGBM CA:近走着差・勝ち馬強度・フィールド強度・基礎能力
2026-07-04,2026-0704-02-01-07-04,2023104669,0,2026-07-04,函館,芝,1200,grade:unknown|condition:12,unknown,12,UNKNOWN,0,OPEN_SEX,UNKNOWN,0,0,0,5800000.0,2300000.0,1500000.0,11050000.0,15.573369026184082,16.217941284179688,0,0.0,490.0,3.5,262.1000061035156,1,0,0,1,0,1,0,1,0,0,0.0,0.5,0.0,0.5,0.0,0.5625,0.28125,0.0,0.9375,1.0,0.0,0,0.5061858892440796,0.024223964661359787,13,1199.0,6,9,ゲレイロ,16,7,0,0.0,0,0.0,0.0,0.0,0.0,0.0,5,7,7,4,5,11.0,3.0,5.0,3.0,6.333333492279053,7.400000095367432,0.0,0.0,0.0,0.0,0.0,0.0,0.0,0.0,1200,1150,1200,grade:unknown|condition:12,grade:unknown|condition:12,grade:unknown|condition:12,1200,0.20999999344348907,0.17000000178813934,0.2933333218097687,0.1102641373872757,0.1143876239657402,0.105616495013237,2.309999942779541,0.5099999904632568,1.4666666984558105,0.2933333218097687,0.2244444489479065,0.21466666460037231,-2.8299999237060547,0.20999999344348907,0.2215384542942047,0.2933333218097687,0.19555555284023285,0.19162392616271973,0.20753967761993408,0,8200000.0,7500000.0,8200000.0,6560000.0,6000000.0,6140000.0,0,0,0,0,0,0,0.384482741355896,0.49581944942474365,0.4443140923976898,0.384482741355896,0.49581944942474365,0.4443140923976898,0.0,0.0,0.0,0.0,0.0,0.0,0.49581944942474365,0.4415387511253357,0.4298500120639801,0.0,0.0,0.0,0.0,-0.0,-0.0,-0.0,-0.0,0.0,0.0,0.0,-0.0,0.0,5900000.0,5900000.0,5900000.0,15.590462684631348,15.590462684631348,15.590462684631348,5900000.0,5900000.0,5900000.0,-100000.0,-100000.0,0.9830508232116699,0.9830508232116699,171.49508666992188,46.77138900756836,77.95231628417969,0,0,0,0,0,0.0,0.0,0.0,0.0,0.0,UNKNOWN,UNKNOWN,UNKNOWN,OPEN_SEX,OPEN_SEX,OPEN_SEX,UNKNOWN,UNKNOWN,UNKNOWN,0,0,0,0,0,0,0,0.07117402663095274,4,4,0.0,0.0,0,0,0,V1_LIGHTGBM,LightGBM CA:近走着差・勝ち馬強度・フィールド強度・基礎能力
2026-07-04,2026-0704-02-01-07-04,2023106965,0,2026-07-04,函館,芝,1200,grade:unknown|condition:12,unknown,12,UNKNOWN,0,OPEN_SEX,UNKNOWN,0,0,0,5800000.0,2300000.0,1500000.0,11050000.0,15.573369026184082,16.217941284179688,0,0.0,490.0,3.5,262.1000061035156,1,0,0,1,0,1,0,1,0,0,0.0,0.5,0.0,0.5,0.0,0.5,0.25,0.0,0.9375,1.0,0.0,0,0.5061858892440796,0.024223964661359787,9,258.0,13,8,ソチミルコ,16,5,0,0.0,0,0.0,0.0,0.0,0.0,0.0,3,5,15,5,5,15.0,7.0,3.0,3.0,8.333333015441895,10.199999809265137,0.0,0.0,0.0,0.0,0.0,0.0,0.0,0.0,1400,1600,1400,grade:unknown|condition:12,grade:unknown|condition:12,grade:unknown|condition:12,1200,0.2549999952316284,0.2215384542942047,0.16615384817123413,0.10547041893005371,0.10981149971485138,0.11010769009590149,3.825000047683716,1.5507692098617554,0.4984615445137024,0.2549999952316284,0.21423077583312988,0.22719231247901917,-2.833846092224121,0.2549999952316284,0.2215384542942047,0.2549999952316284,0.1971581131219864,0.19384615123271942,0.21297720074653625,0,7500000.0,8200000.0,8200000.0,6000000.0,6237500.0,6312500.0,0,0,0,0,0,0,0.2264929860830307,0.44960272312164307,0.4817018210887909,0.2264929860830307,0.44960272312164307,0.4817018210887909,0.0,0.0,0.0,0.0,0.0,0.0,0.4817018210887909,0.3859325051307678,0.3444676697254181,0.0,0.0,0.0,0.0,-0.0,-0.0,-0.0,-0.0,0.0,0.0,0.0,-0.0,0.0,5900000.0,5900000.0,5900000.0,15.590462684631348,15.590462684631348,15.590462684631348,5900000.0,5900000.0,5900000.0,-100000.0,-100000.0,0.9830508232116699,0.9830508232116699,233.85694885253906,109.13323974609375,46.77138900756836,0,0,0,0,0,0.0,0.0,0.0,0.0,0.0,UNKNOWN,UNKNOWN,UNKNOWN,OPEN_SEX,OPEN_SEX,OPEN_SEX,UNKNOWN,UNKNOWN,UNKNOWN,0,0,0,0,0,0,0,0.0534786331858389,5,4,0.0,0.0,0,0,0,V1_LIGHTGBM,LightGBM CA:近走着差・勝ち馬強度・フィールド強度・基礎能力
2026-07-04,2026-0704-02-01-07-04,2023107192,0,2026-07-04,函館,芝,1200,grade:unknown|condition:12,unknown,12,UNKNOWN,0,OPEN_SEX,UNKNOWN,0,0,0,5800000.0,2300000.0,1500000.0,11050000.0,15.573369026184082,16.217941284179688,0,0.0,490.0,3.5,262.1000061035156,1,0,0,1,0,1,0,1,0,0,0.0,0.5,0.0,0.5,0.0,0.0625,0.03125,0.0,0.9375,1.0,0.0,0,0.5061858892440796,0.024223964661359787,5,121.0,3,1,ホウオウザロイヤル,16,0,0,0.0,0,0.0,0.0,0.0,0.0,0.0,0,0,0,0,0,0.0,0.0,0.0,0.0,0.0,0.0,0.0,0.0,0.0,0.0,0.0,0.0,0.0,0.0,0,0,0,unknown,unknown,unknown,1200,0.0,0.0,0.0,0.0,0.0,0.0,0.0,0.0,0.0,0.0,0.0,0.0,0.0,0.0,0.0,0.0,0.0,0.0,0.0,0,0.0,0.0,0.0,0.0,0.0,0.0,0,0,0,0,0,0,0.0,0.0,0.0,0.0,0.0,0.0,0.0,0.0,0.0,0.0,0.0,0.0,0.0,0.0,0.0,0.0,0.0,0.0,0.0,0.0,0.0,0.0,0.0,0.0,0.0,0.0,0.0,0.0,0.0,0.0,0.0,0.0,0.0,0.0,0.0,0.0,0.0,0.0,0.0,1.0,1.0,0.0,0.0,0.0,0,0,0,0,0,0.0,0.0,0.0,0.0,0.0,UNKNOWN,UNKNOWN,UNKNOWN,UNKNOWN,UNKNOWN,UNKNOWN,UNKNOWN,UNKNOWN,UNKNOWN,0,0,0,0,0,0,0,0.046242843609201105,6,4,0.0,430.0,0,1,0,V1_LIGHTGBM,LightGBM CA:近走着差・勝ち馬強度・フィールド強度・基礎能力
2026-07-04,2026-0704-02-01-07-04,2023107342,0,2026-07-04,函館,芝,1200,grade:unknown|condition:12,unknown,12,UNKNOWN,0,OPEN_SEX,UNKNOWN,0,0,0,5800000.0,2300000.0,1500000.0,11050000.0,15.573369026184082,16.217941284179688,0,0.0,490.0,3.5,262.1000061035156,1,0,0,1,0,1,0,1,0,0,0.0,0.5,0.0,0.5,0.0,0.125,0.0625,0.0,0.9375,1.0,0.0,0,0.5061858892440796,0.024223964661359787,4,71.0,2,2,ルージュフィーリア,16,0,0,0.0,0,0.0,0.0,0.0,0.0,0.0,0,0,0,0,0,0.0,0.0,0.0,0.0,0.0,0.0,0.0,0.0,0.0,0.0,0.0,0.0,0.0,0.0,0,0,0,unknown,unknown,unknown,1200,0.0,0.0,0.0,0.0,0.0,0.0,0.0,0.0,0.0,0.0,0.0,0.0,0.0,0.0,0.0,0.0,0.0,0.0,0.0,0,0.0,0.0,0.0,0.0,0.0,0.0,0,0,0,0,0,0,0.0,0.0,0.0,0.0,0.0,0.0,0.0,0.0,0.0,0.0,0.0,0.0,0.0,0.0,0.0,0.0,0.0,0.0,0.0,0.0,0.0,0.0,0.0,0.0,0.0,0.0,0.0,0.0,0.0,0.0,0.0,0.0,0.0,0.0,0.0,0.0,0.0,0.0,0.0,1.0,1.0,0.0,0.0,0.0,0,0,0,0,0,0.0,0.0,0.0,0.0,0.0,UNKNOWN,UNKNOWN,UNKNOWN,UNKNOWN,UNKNOWN,UNKNOWN,UNKNOWN,UNKNOWN,UNKNOWN,0,0,0,0,0,0,0,0.046242843609201105,7,4,0.0,290.0,0,1,0,V1_LIGHTGBM,LightGBM CA:近走着差・勝ち馬強度・フィールド強度・基礎能力
2026-07-04,2026-0704-02-01-07-04,2023101873,0,2026-07-04,函館,芝,1200,grade:unknown|condition:12,unknown,12,UNKNOWN,0,OPEN_SEX,UNKNOWN,0,0,0,5800000.0,2300000.0,1500000.0,11050000.0,15.573369026184082,16.217941284179688,0,0.0,490.0,3.5,262.1000061035156,1,0,0,1,0,1,0,1,0,0,0.0,0.6000000238418579,0.20000000298023224,0.6000000238418579,0.20000000298023224,0.8125,0.48750001192092896,0.0,0.9375,1.0,0.0,0,0.5061858892440796,0.024223964661359787,12,1038.0,15,13,スカイプレリュード,16,5,0,0.0,0,0.0,0.0,0.0,0.0,0.0,3,5,9,5,7,8.0,4.0,20.0,4.0,10.666666984558105,9.199999809265137,0.0,0.0,0.0,0.0,0.0,0.0,0.0,0.0,1200,1200,1400,grade:unknown|condition:12,grade:unknown|condition:12,grade:unknown|condition:12,1200,0.17000000178813934,0.18000000715255737,0.19499999284744263,0.10759130865335464,0.10030753910541534,0.13238674402236938,1.3600000143051147,0.7200000286102295,3.9000000953674316,0.19499999284744263,0.18166667222976685,0.17800000309944153,-3.819999933242798,0.2215384542942047,0.18000000715255737,0.23999999463558197,0.19836996495723724,0.15888889133930206,0.2199999988079071,0,7500000.0,7500000.0,8200000.0,6000000.0,6160000.0,6866666.5,0,0,0,0,0,0,0.34270548820495605,0.4565642178058624,0.28923797607421875,0.34270548820495605,0.4565642178058624,0.28923797607421875,0.0,0.0,0.0,0.0,0.0,0.0,0.4565642178058624,0.3628358840942383,0.36616960167884827,0.0,0.0,0.0,0.0,-0.0,-0.0,-0.0,-0.0,0.0,0.0,0.0,-0.0,0.0,5900000.0,5900000.0,5900000.0,15.590462684631348,15.590462684631348,15.590462684631348,5900000.0,5900000.0,5900000.0,-100000.0,-100000.0,0.9830508232116699,0.9830508232116699,124.72370147705078,62.36185073852539,311.80926513671875,0,0,0,0,0,0.0,0.0,0.0,0.0,0.0,UNKNOWN,UNKNOWN,UNKNOWN,OPEN_SEX,OPEN_SEX,OPEN_SEX,UNKNOWN,UNKNOWN,UNKNOWN,0,0,0,0,0,0,0,0.04195548904320088,8,4,0.0,0.0,0,0,0,V1_LIGHTGBM,LightGBM CA:近走着差・勝ち馬強度・フィールド強度・基礎能力
2026-07-04,2026-0704-02-01-07-04,2023106291,0,2026-07-04,函館,芝,1200,grade:unknown|condition:12,unknown,12,UNKNOWN,0,OPEN_SEX,UNKNOWN,0,0,0,5800000.0,2300000.0,1500000.0,11050000.0,15.573369026184082,16.217941284179688,0,0.0,490.0,3.5,262.1000061035156,1,0,0,1,0,1,0,1,0,0,0.0,0.5,0.0,0.5,0.0,1.0,0.5,0.0,0.9375,1.0,0.0,0,0.5061858892440796,0.024223964661359787,10,723.0,7,16,ヤジロベエバランス,16,3,0,0.0,0,0.0,0.0,0.0,0.0,0.0,3,3,7,8,7,10.0,27.0,12.0,10.0,16.33333396911621,15.5,0.0,0.0,0.0,0.0,0.0,0.0,0.0,0.0,1400,1200,1600,grade:unknown|condition:12,grade:unknown|condition:12,grade:unknown|condition:12,1200,0.15555556118488312,0.19384615123271942,0.20571428537368774,0.1007353886961937,0.09764816612005234,0.10727261751890182,1.5555555820465088,5.233846187591553,2.468571424484253,0.20571428537368774,0.18503867089748383,0.17707447707653046,-9.844444274902344,0.2442857176065445,0.19384615123271942,0.20571428537368774,0.17994709312915802,0.14044871926307678,0.19060847163200378,0,7500000.0,11400000.0,8200000.0,6300000.0,7612500.0,7350000.0,0,0,0,0,0,0,0.41474631428718567,0.3692379593849182,0.3968755900859833,0.41474631428718567,0.3692379593849182,0.3968755900859833,0.0,0.0,0.0,0.0,0.0,0.0,0.41474631428718567,0.39361995458602905,0.39751967787742615,0.0,0.0,0.0,0.0,-0.0,-0.0,-0.0,-0.0,0.0,0.0,0.0,-0.0,0.0,5900000.0,5900000.0,6500000.0,15.590462684631348,15.590462684631348,15.687313079833984,6500000.0,6100000.0,6020000.0,-100000.0,-300000.0,0.9830508232116699,0.9508196711540222,155.90463256835938,420.9425048828125,188.2477569580078,0,0,0,0,0,0.0,0.0,0.0,0.0,0.0,UNKNOWN,UNKNOWN,UNKNOWN,OPEN_SEX,OPEN_SEX,OPEN_SEX,UNKNOWN,UNKNOWN,UNKNOWN,0,0,0,0,0,0,0,0.03952343812599933,9,4,0.0,0.0,0,0,0,V1_LIGHTGBM,LightGBM CA:近走着差・勝ち馬強度・フィールド強度・基礎能力
2026-07-04,2026-0704-02-01-07-04,2023105797,1,2026-07-04,函館,芝,1200,grade:unknown|condition:12,unknown,12,UNKNOWN,0,OPEN_SEX,UNKNOWN,0,0,0,5800000.0,2300000.0,1500000.0,11050000.0,15.573369026184082,16.217941284179688,0,0.0,490.0,3.5,262.1000061035156,1,0,0,1,0,1,0,1,0,0,0.0,0.5,0.0,0.5,0.0,0.875,0.4375,0.0,0.9375,1.0,0.0,0,0.5061858892440796,0.024223964661359787,6,172.0,1,14,ロードクラシコ,16,3,0,0.0,0,0.0,0.0,0.0,0.0,0.0,1,3,9,11,11,7.0,7.0,11.0,7.0,8.333333015441895,7.800000190734863,0.0,0.0,0.0,0.0,0.0,0.0,0.0,0.0,1600,1200,1600,grade:unknown|condition:12,grade:unknown|condition:11,grade:unknown|condition:11,1200,0.16615384817123413,0.23999999463558197,0.15555556118488312,0.10568765550851822,0.10514189302921295,0.11399766802787781,1.1630768775939941,1.6799999475479126,1.711111068725586,0.23999999463558197,0.1872364729642868,0.18618802726268768,-6.760000228881836,0.2408333271741867,0.23999999463558197,0.2266666740179062,0.19066239893436432,0.2142857164144516,0.18740740418434143,0,7500000.0,11400000.0,16000000.0,5900000.0,7150000.0,11500000.0,0,0,0,0,0,0,0.36786314845085144,0.320453405380249,0.22497747838497162,0.36786314845085144,0.320453405380249,0.22497747838497162,0.0,0.0,0.0,0.0,0.0,0.0,0.36786314845085144,0.30443134903907776,0.3250630795955658,0.0,0.0,0.0,0.0,-0.0,-0.0,-0.0,-0.0,0.0,0.0,0.0,-0.0,0.0,5800000.0,5600000.0,7500000.0,15.573369026184082,15.538277626037598,15.830413818359375,7500000.0,6300000.0,6080000.0,0.0,-500000.0,1.0,0.920634925365448,109.01358032226562,108.7679443359375,174.13455200195312,0,0,0,0,0,0.0,0.0,0.0,0.0,0.0,UNKNOWN,UNKNOWN,UNKNOWN,OPEN_SEX,OPEN_SEX,OPEN_SEX,UNKNOWN,UNKNOWN,UNKNOWN,0,0,0,0,0,0,0,0.038378558804518445,10,4,1720.0,460.0,1,1,0,V1_LIGHTGBM,LightGBM CA:近走着差・勝ち馬強度・フィールド強度・基礎能力
2026-07-04,2026-0704-02-01-07-04,2023102402,0,2026-07-04,函館,芝,1200,grade:unknown|condition:12,unknown,12,UNKNOWN,0,OPEN_SEX,UNKNOWN,0,0,0,5800000.0,2300000.0,1500000.0,11050000.0,15.573369026184082,16.217941284179688,0,0.0,490.0,3.5,262.1000061035156,1,0,0,1,0,1,0,1,0,0,0.0,0.5,0.0,0.5,0.0,0.1875,0.09375,0.0,0.9375,1.0,0.0,0,0.5061858892440796,0.024223964661359787,15,2834.0,12,3,グローリアスダンス,16,3,0,0.0,0,0.0,0.0,0.0,0.0,0.0,3,3,13,10,5,12.0,11.0,7.0,7.0,10.0,10.699999809265137,0.0,0.0,0.0,0.0,0.0,0.0,0.0,0.0,1400,1200,1200,grade:unknown|condition:12,grade:unknown|condition:12,grade:unknown|condition:12,1200,0.2549999952316284,0.2769230902194977,0.15555556118488312,0.10547041893005371,0.11125507950782776,0.09155533462762833,3.059999942779541,3.0461537837982178,1.0888888835906982,0.2769230902194977,0.22915954887866974,0.24168802797794342,-6.844444274902344,0.2549999952316284,0.2769230902194977,0.15555556118488312,0.1971581131219864,0.19534340500831604,0.13689814507961273,0,7500000.0,11400000.0,8200000.0,6000000.0,6675000.0,7775000.0,0,0,0,0,0,0,0.27355414628982544,0.34414660930633545,0.4631202220916748,0.27355414628982544,0.34414660930633545,0.4631202220916748,0.0,0.0,0.0,0.0,0.0,0.0,0.4631202220916748,0.36027365922927856,0.33264508843421936,0.0,0.0,0.0,0.0,-0.0,-0.0,-0.0,-0.0,0.0,0.0,0.0,-0.0,0.0,5900000.0,5900000.0,6500000.0,15.590462684631348,15.590462684631348,15.687313079833984,6500000.0,6100000.0,6020000.0,-100000.0,-300000.0,0.9830508232116699,0.9508196711540222,187.08555603027344,171.49508666992188,109.81118774414062,0,0,0,0,0,0.0,0.0,0.0,0.0,0.0,UNKNOWN,UNKNOWN,UNKNOWN,OPEN_SEX,OPEN_SEX,OPEN_SEX,UNKNOWN,UNKNOWN,UNKNOWN,0,0,0,0,0,0,0,0.032584473050550546,11,4,0.0,0.0,0,0,0,V1_LIGHTGBM,LightGBM CA:近走着差・勝ち馬強度・フィールド強度・基礎能力
2026-07-04,2026-0704-02-01-07-04,2023103518,0,2026-07-04,函館,芝,1200,grade:unknown|condition:12,unknown,12,UNKNOWN,0,OPEN_SEX,UNKNOWN,0,0,0,5800000.0,2300000.0,1500000.0,11050000.0,15.573369026184082,16.217941284179688,0,0.0,490.0,3.5,262.1000061035156,1,0,0,1,0,1,0,1,0,0,0.0,0.5,0.0,0.5,0.0,0.3125,0.15625,0.0,0.9375,1.0,0.0,0,0.5061858892440796,0.024223964661359787,7,184.0,5,5,ディサイドオンミー,16,5,0,0.0,1,0.20000000298023224,0.0,0.0,0.0,0.20000000298023224,3,5,8,8,15,12.0,6.0,10.0,6.0,9.333333015441895,9.800000190734863,0.0,0.0,0.0,0.0,0.0,0.0,0.0,0.0,1300,1200,1200,grade:unknown|condition:12,grade:unknown|condition:12,grade:unknown|condition:12,1200,0.23999999463558197,0.16249999403953552,0.13846154510974884,0.11810556799173355,0.10482700169086456,0.10782438516616821,2.880000114440918,0.9750000238418579,1.384615421295166,0.23999999463558197,0.18032051622867584,0.19644230604171753,-5.837500095367432,0.2408333271741867,0.2215384542942047,0.21714285016059875,0.22950854897499084,0.1958916038274765,0.17312169075012207,0,8200000.0,7500000.0,11400000.0,6360000.0,6433333.5,7325000.0,0,0,0,0,0,0,0.3692404329776764,0.37022945284843445,0.22651103138923645,0.3692404329776764,0.37022945284843445,0.22651103138923645,0.0,0.0,0.0,0.0,0.0,0.0,0.37022945284843445,0.3219936490058899,0.3409912586212158,0.0,0.0,0.0,0.0,-0.0,-0.0,-0.0,-0.0,0.0,0.0,0.0,-0.0,0.0,5900000.0,5900000.0,5900000.0,15.590462684631348,15.590462684631348,15.590462684631348,5900000.0,5900000.0,5900000.0,-100000.0,-100000.0,0.9830508232116699,0.9830508232116699,187.08555603027344,93.54277801513672,155.90463256835938,0,0,0,0,0,0.0,0.0,0.0,0.0,0.0,UNKNOWN,UNKNOWN,UNKNOWN,OPEN_SEX,OPEN_SEX,OPEN_SEX,UNKNOWN,UNKNOWN,UNKNOWN,0,0,0,0,0,0,0,0.03158163750271126,12,4,0.0,0.0,0,0,0,V1_LIGHTGBM,LightGBM CA:近走着差・勝ち馬強度・フィールド強度・基礎能力
2026-07-04,2026-0704-02-01-07-04,2023102332,0,2026-07-04,函館,芝,1200,grade:unknown|condition:12,unknown,12,UNKNOWN,0,OPEN_SEX,UNKNOWN,0,0,0,5800000.0,2300000.0,1500000.0,11050000.0,15.573369026184082,16.217941284179688,0,0.0,490.0,3.5,262.1000061035156,1,0,0,1,0,1,0,1,0,0,0.0,0.5,0.0,0.5,0.0,0.375,0.1875,0.0,0.9375,1.0,0.0,0,0.5061858892440796,0.024223964661359787,11,1024.0,14,6,フクノアンタレス,16,3,0,0.0,1,0.3333333432674408,0.0,0.3333333432674408,0.0,0.3333333432674408,2,3,14,14,3,13.0,15.0,2.0,2.0,10.0,11.399999618530273,0.0,0.0,0.0,0.0,0.0,0.0,0.0,0.0,1200,1600,1600,grade:unknown|condition:12,grade:unknown|condition:12,grade:unknown|condition:11,1200,0.17000000178813934,0.22750000655651093,0.19499999284744263,0.10759130865335464,0.12602069973945618,0.10805138200521469,2.2100000381469727,3.4124999046325684,0.38999998569488525,0.22750000655651093,0.19750000536441803,0.19224999845027924,-1.8049999475479126,0.2215384542942047,0.2442857176065445,0.19499999284744263,0.19836996495723724,0.2150396853685379,0.16583333909511566,0,7500000.0,7500000.0,140000000.0,6000000.0,6333333.5,56166668.0,0,0,8,0,0,0,0.20923887193202972,0.20923808217048645,0.5591049194335938,0.20923887193202972,0.20923808217048645,0.5591049194335938,0.0,0.0,0.0,0.0,0.0,0.0,0.5591049194335938,0.3258606195449829,0.2792118489742279,0.0,0.0,0.0,0.0,-0.0,-0.0,-0.0,-0.0,0.0,0.0,0.0,-0.0,0.0,5900000.0,5900000.0,7500000.0,15.590462684631348,15.590462684631348,15.830413818359375,7500000.0,6433333.5,6220000.0,-100000.0,-633333.3125,0.9830508232116699,0.9015544056892395,202.676025390625,233.85694885253906,31.66082763671875,0,0,0,0,0,0.0,0.0,0.0,0.0,0.0,UNKNOWN,UNKNOWN,UNKNOWN,OPEN_SEX,OPEN_SEX,OPEN_SEX,UNKNOWN,UNKNOWN,UNKNOWN,0,0,0,0,0,0,0,0.03138179981615776,13,4,0.0,0.0,0,0,0,V1_LIGHTGBM,LightGBM CA:近走着差・勝ち馬強度・フィールド強度・基礎能力
2026-07-04,2026-0704-02-01-07-04,2023103612,0,2026-07-04,函館,芝,1200,grade:unknown|condition:12,unknown,12,UNKNOWN,0,OPEN_SEX,UNKNOWN,0,0,0,5800000.0,2300000.0,1500000.0,11050000.0,15.573369026184082,16.217941284179688,0,0.0,490.0,3.5,262.1000061035156,1,0,0,1,0,1,0,1,0,0,0.0,0.5,0.0,0.5,0.0,0.75,0.375,0.0,0.9375,1.0,0.0,0,0.5061858892440796,0.024223964661359787,8,249.0,8,12,オリヒメボシ,16,4,0,0.0,0,0.0,0.0,0.0,0.0,0.0,2,4,8,14,14,8.0,23.0,17.0,8.0,16.0,14.300000190734863,0.0,0.0,0.0,0.0,0.0,0.0,0.0,0.0,1400,1200,1200,grade:unknown|condition:12,grade:unknown|condition:12,grade:unknown|condition:12,1200,0.18666666746139526,0.17454545199871063,0.18666666746139526,0.11252164095640182,0.12310817092657089,0.1295931488275528,1.493333339691162,4.014545440673828,3.1733334064483643,0.18666666746139526,0.18262626230716705,0.18303030729293823,-7.813333511352539,0.26181817054748535,0.2549999952316284,0.2549999952316284,0.22949494421482086,0.23499999940395355,0.2525213658809662,0,8200000.0,8200000.0,8200000.0,6875000.0,6450000.0,6800000.0,0,0,0,0,0,0,0.3913329243659973,0.1844760626554489,0.2092379778623581,0.3913329243659973,0.1844760626554489,0.2092379778623581,0.0,0.0,0.0,0.0,0.0,0.0,0.3913329243659973,0.26168233156204224,0.2928568720817566,0.0,0.0,0.0,0.0,-0.0,-0.0,-0.0,-0.0,0.0,0.0,0.0,-0.0,0.0,5900000.0,5900000.0,5900000.0,15.590462684631348,15.590462684631348,15.590462684631348,5900000.0,5900000.0,5900000.0,-100000.0,-100000.0,0.9830508232116699,0.9830508232116699,124.72370147705078,358.5806579589844,265.0378723144531,0,0,0,0,0,0.0,0.0,0.0,0.0,0.0,UNKNOWN,UNKNOWN,UNKNOWN,OPEN_SEX,OPEN_SEX,OPEN_SEX,UNKNOWN,UNKNOWN,UNKNOWN,0,0,0,0,0,0,0,0.02377483989095986,14,4,0.0,0.0,0,0,0,V1_LIGHTGBM,LightGBM CA:近走着差・勝ち馬強度・フィールド強度・基礎能力
2026-07-04,2026-0704-02-01-07-04,2023101675,0,2026-07-04,函館,芝,1200,grade:unknown|condition:12,unknown,12,UNKNOWN,0,OPEN_SEX,UNKNOWN,0,0,0,5800000.0,2300000.0,1500000.0,11050000.0,15.573369026184082,16.217941284179688,0,0.0,490.0,3.5,262.1000061035156,1,0,0,1,0,1,0,1,0,0,0.0,0.5,0.0,0.5,0.0,0.625,0.3125,0.0,0.9375,1.0,0.0,0,0.5061858892440796,0.024223964661359787,14,2306.0,10,10,チェリーブルーム,16,4,0,0.0,0,0.0,0.0,0.0,0.0,0.0,1,4,8,13,10,12.0,15.0,13.0,12.0,13.333333015441895,13.100000381469727,0.0,0.0,0.0,0.0,0.0,0.0,0.0,0.0,1200,1600,1600,grade:unknown|condition:12,grade:unknown|condition:12,grade:unknown|condition:11,1200,0.2177777737379074,0.2549999952316284,0.23538461327552795,0.10718943178653717,0.1300821602344513,0.1337742805480957,2.613333225250244,3.825000047683716,3.059999942779541,0.2549999952316284,0.23605413734912872,0.23246581852436066,-11.782221794128418,0.2177777737379074,0.2549999952316284,0.2666666805744171,0.17944444715976715,0.23701681196689606,0.2319658100605011,0,11400000.0,41000000.0,41000000.0,7675000.0,11714286.0,16950000.0,0,6,6,0,0,0,0.3692404329776764,0.2359047532081604,0.195383682847023,0.3692404329776764,0.2359047532081604,0.195383682847023,0.0,0.0,0.0,0.0,0.0,0.0,0.3692404329776764,0.26684296131134033,0.29446837306022644,0.0,0.0,0.0,0.0,-0.0,-0.0,-0.0,-0.0,0.0,0.0,0.0,-0.0,0.0,5900000.0,5900000.0,5600000.0,15.590462684631348,15.590462684631348,15.538277626037598,5900000.0,5800000.0,5840000.0,-100000.0,0.0,0.9830508232116699,1.0,187.08555603027344,233.85694885253906,201.9976043701172,0,0,0,0,0,0.0,0.0,0.0,0.0,0.0,UNKNOWN,UNKNOWN,UNKNOWN,OPEN_SEX,OPEN_SEX,OPEN_SEX,UNKNOWN,UNKNOWN,UNKNOWN,0,0,0,0,0,0,0,0.01684235298077518,15,4,0.0,0.0,0,0,0,V1_LIGHTGBM,LightGBM CA:近走着差・勝ち馬強度・フィールド強度・基礎能力
2026-07-04,2026-0704-02-01-07-04,2023103668,0,2026-07-04,函館,芝,1200,grade:unknown|condition:12,unknown,12,UNKNOWN,0,OPEN_SEX,UNKNOWN,0,0,0,5800000.0,2300000.0,1500000.0,11050000.0,15.573369026184082,16.217941284179688,0,0.0,490.0,3.5,262.1000061035156,1,0,0,1,0,1,0,1,0,0,0.0,0.5,0.0,0.5,0.0,0.4375,0.21875,0.0,0.9375,1.0,0.0,0,0.5061858892440796,0.024223964661359787,16,3471.0,11,7,カテドラルクォーツ,16,6,0,0.0,0,0.0,0.0,0.0,0.0,0.0,3,6,15,13,9,33.0,13.0,6.0,6.0,17.33333396911621,21.600000381469727,0.0,0.0,0.0,0.0,0.0,0.0,0.0,0.0,1400,1600,1200,grade:unknown|condition:12,grade:unknown|condition:12,grade:unknown|condition:12,1200,0.145454540848732,0.16249999403953552,0.16285714507102966,0.10559110343456268,0.11736185103654861,0.11201782524585724,4.800000190734863,2.112499952316284,0.977142870426178,0.16285714507102966,0.15693722665309906,0.15404869616031647,-5.8371429443359375,0.2266666740179062,0.2442857176065445,0.27636364102363586,0.18542928993701935,0.21701680123806,0.21426406502723694,0,7500000.0,7500000.0,11400000.0,6066666.5,6433333.5,6844444.5,0,0,0,0,0,0,0.18257129192352295,0.2735525965690613,0.3686608374118805,0.18257129192352295,0.2735525965690613,0.3686608374118805,0.0,0.0,0.0,0.0,0.0,0.0,0.3686608374118805,0.2749282419681549,0.24708358943462372,0.0,0.0,0.0,0.0,-0.0,-0.0,-0.0,-0.0,0.0,0.0,0.0,-0.0,0.0,5900000.0,5900000.0,5900000.0,15.590462684631348,15.590462684631348,15.590462684631348,5900000.0,5900000.0,5900000.0,-100000.0,-100000.0,0.9830508232116699,0.9830508232116699,514.4852905273438,202.676025390625,93.54277801513672,0,0,0,0,0,0.0,0.0,0.0,0.0,0.0,UNKNOWN,UNKNOWN,UNKNOWN,OPEN_SEX,OPEN_SEX,OPEN_SEX,UNKNOWN,UNKNOWN,UNKNOWN,0,0,0,0,0,0,0,0.014231408093881114,16,4,0.0,0.0,0,0,0,V1_LIGHTGBM,LightGBM CA:近走着差・勝ち馬強度・フィールド強度・基礎能力
2026-07-04,2026-0704-02-01-07-05,2024105553,0,2026-07-04,函館,芝,1000,grade:unknown|condition:11,unknown,11,UNKNOWN,0,OPEN_SEX,UNKNOWN,0,0,0,7800000.0,3100000.0,2000000.0,14880000.0,15.869634628295898,16.515527725219727,0,0.0,366.0,3.5,260.29998779296875,1,0,0,1,0,0,0,0,0,0,0.0,0.5,0.0,0.5,0.0,0.20000000298023224,0.10000000149011612,0.0,1.0,1.0,0.0,0,0.5,0.0,3,46.0,4,1,リキサンステラ,5,0,0,0.0,0,0.0,0.0,0.0,0.0,0.0,0,0,0,0,0,0.0,0.0,0.0,0.0,0.0,0.0,0.0,0.0,0.0,0.0,0.0,0.0,0.0,0.0,0,0,0,unknown,unknown,unknown,1000,0.0,0.0,0.0,0.0,0.0,0.0,0.0,0.0,0.0,0.0,0.0,0.0,0.0,0.0,0.0,0.0,0.0,0.0,0.0,0,0.0,0.0,0.0,0.0,0.0,0.0,0,0,0,0,0,0,0.0,0.0,0.0,0.0,0.0,0.0,0.0,0.0,0.0,0.0,0.0,0.0,0.0,0.0,0.0,0.0,0.0,0.0,0.0,0.0,0.0,0.0,0.0,0.0,0.0,0.0,0.0,0.0,0.0,0.0,0.0,0.0,0.0,0.0,0.0,0.0,0.0,0.0,0.0,1.0,1.0,0.0,0.0,0.0,0,0,0,0,0,0.0,0.0,0.0,0.0,0.0,UNKNOWN,UNKNOWN,UNKNOWN,UNKNOWN,UNKNOWN,UNKNOWN,UNKNOWN,UNKNOWN,UNKNOWN,0,0,0,0,0,0,0,0.1271706327476173,1,5,0.0,0.0,0,0,1,V1_LIGHTGBM,LightGBM CA:近走着差・勝ち馬強度・フィールド強度・基礎能力
2026-07-04,2026-0704-02-01-07-05,2024104218,0,2026-07-04,函館,芝,1000,grade:unknown|condition:11,unknown,11,UNKNOWN,0,OPEN_SEX,UNKNOWN,0,0,0,7800000.0,3100000.0,2000000.0,14880000.0,15.869634628295898,16.515527725219727,0,0.0,366.0,3.5,260.29998779296875,1,0,0,1,0,0,0,0,0,0,0.0,0.5,0.0,0.5,0.0,0.4000000059604645,0.20000000298023224,0.0,1.0,1.0,0.0,0,0.5,0.0,5,337.0,2,2,リアルクウカイ,5,0,0,0.0,0,0.0,0.0,0.0,0.0,0.0,0,0,0,0,0,0.0,0.0,0.0,0.0,0.0,0.0,0.0,0.0,0.0,0.0,0.0,0.0,0.0,0.0,0,0,0,unknown,unknown,unknown,1000,0.0,0.0,0.0,0.0,0.0,0.0,0.0,0.0,0.0,0.0,0.0,0.0,0.0,0.0,0.0,0.0,0.0,0.0,0.0,0,0.0,0.0,0.0,0.0,0.0,0.0,0,0,0,0,0,0,0.0,0.0,0.0,0.0,0.0,0.0,0.0,0.0,0.0,0.0,0.0,0.0,0.0,0.0,0.0,0.0,0.0,0.0,0.0,0.0,0.0,0.0,0.0,0.0,0.0,0.0,0.0,0.0,0.0,0.0,0.0,0.0,0.0,0.0,0.0,0.0,0.0,0.0,0.0,1.0,1.0,0.0,0.0,0.0,0,0,0,0,0,0.0,0.0,0.0,0.0,0.0,UNKNOWN,UNKNOWN,UNKNOWN,UNKNOWN,UNKNOWN,UNKNOWN,UNKNOWN,UNKNOWN,UNKNOWN,0,0,0,0,0,0,0,0.1271706327476173,2,5,0.0,790.0,0,1,0,V1_LIGHTGBM,LightGBM CA:近走着差・勝ち馬強度・フィールド強度・基礎能力
2026-07-04,2026-0704-02-01-07-05,2024104113,1,2026-07-04,函館,芝,1000,grade:unknown|condition:11,unknown,11,UNKNOWN,0,OPEN_SEX,UNKNOWN,0,0,0,7800000.0,3100000.0,2000000.0,14880000.0,15.869634628295898,16.515527725219727,0,0.0,366.0,3.5,260.29998779296875,1,0,0,1,0,0,0,0,0,0,0.0,0.5,0.0,0.5,0.0,0.6000000238418579,0.30000001192092896,0.0,1.0,1.0,0.0,0,0.5,0.0,1,15.0,1,3,ダマスク,5,0,0,0.0,0,0.0,0.0,0.0,0.0,0.0,0,0,0,0,0,0.0,0.0,0.0,0.0,0.0,0.0,0.0,0.0,0.0,0.0,0.0,0.0,0.0,0.0,0,0,0,unknown,unknown,unknown,1000,0.0,0.0,0.0,0.0,0.0,0.0,0.0,0.0,0.0,0.0,0.0,0.0,0.0,0.0,0.0,0.0,0.0,0.0,0.0,0,0.0,0.0,0.0,0.0,0.0,0.0,0,0,0,0,0,0,0.0,0.0,0.0,0.0,0.0,0.0,0.0,0.0,0.0,0.0,0.0,0.0,0.0,0.0,0.0,0.0,0.0,0.0,0.0,0.0,0.0,0.0,0.0,0.0,0.0,0.0,0.0,0.0,0.0,0.0,0.0,0.0,0.0,0.0,0.0,0.0,0.0,0.0,0.0,1.0,1.0,0.0,0.0,0.0,0,0,0,0,0,0.0,0.0,0.0,0.0,0.0,UNKNOWN,UNKNOWN,UNKNOWN,UNKNOWN,UNKNOWN,UNKNOWN,UNKNOWN,UNKNOWN,UNKNOWN,0,0,0,0,0,0,0,0.1271706327476173,3,5,150.0,110.0,1,1,0,V1_LIGHTGBM,LightGBM CA:近走着差・勝ち馬強度・フィールド強度・基礎能力
2026-07-04,2026-0704-02-01-07-05,2024105019,0,2026-07-04,函館,芝,1000,grade:unknown|condition:11,unknown,11,UNKNOWN,0,OPEN_SEX,UNKNOWN,0,0,0,7800000.0,3100000.0,2000000.0,14880000.0,15.869634628295898,16.515527725219727,0,0.0,366.0,3.5,260.29998779296875,1,0,0,1,0,0,0,0,0,0,0.0,0.5,0.0,0.5,0.0,0.800000011920929,0.4000000059604645,0.0,1.0,1.0,0.0,0,0.5,0.0,4,102.0,5,4,ロゼハイスクール,5,0,0,0.0,0,0.0,0.0,0.0,0.0,0.0,0,0,0,0,0,0.0,0.0,0.0,0.0,0.0,0.0,0.0,0.0,0.0,0.0,0.0,0.0,0.0,0.0,0,0,0,unknown,unknown,unknown,1000,0.0,0.0,0.0,0.0,0.0,0.0,0.0,0.0,0.0,0.0,0.0,0.0,0.0,0.0,0.0,0.0,0.0,0.0,0.0,0,0.0,0.0,0.0,0.0,0.0,0.0,0,0,0,0,0,0,0.0,0.0,0.0,0.0,0.0,0.0,0.0,0.0,0.0,0.0,0.0,0.0,0.0,0.0,0.0,0.0,0.0,0.0,0.0,0.0,0.0,0.0,0.0,0.0,0.0,0.0,0.0,0.0,0.0,0.0,0.0,0.0,0.0,0.0,0.0,0.0,0.0,0.0,0.0,1.0,1.0,0.0,0.0,0.0,0,0,0,0,0,0.0,0.0,0.0,0.0,0.0,UNKNOWN,UNKNOWN,UNKNOWN,UNKNOWN,UNKNOWN,UNKNOWN,UNKNOWN,UNKNOWN,UNKNOWN,0,0,0,0,0,0,0,0.1271706327476173,4,5,0.0,0.0,0,0,0,V1_LIGHTGBM,LightGBM CA:近走着差・勝ち馬強度・フィールド強度・基礎能力
2026-07-04,2026-0704-02-01-07-05,2024103569,0,2026-07-04,函館,芝,1000,grade:unknown|condition:11,unknown,11,UNKNOWN,0,OPEN_SEX,UNKNOWN,0,0,0,7800000.0,3100000.0,2000000.0,14880000.0,15.869634628295898,16.515527725219727,0,0.0,366.0,3.5,260.29998779296875,1,0,0,1,0,0,0,0,0,0,0.0,0.5,0.0,0.5,0.0,1.0,0.5,0.0,1.0,1.0,0.0,0,0.5,0.0,2,38.0,3,5,ヴァイタリズム,5,0,0,0.0,0,0.0,0.0,0.0,0.0,0.0,0,0,0,0,0,0.0,0.0,0.0,0.0,0.0,0.0,0.0,0.0,0.0,0.0,0.0,0.0,0.0,0.0,0,0,0,unknown,unknown,unknown,1000,0.0,0.0,0.0,0.0,0.0,0.0,0.0,0.0,0.0,0.0,0.0,0.0,0.0,0.0,0.0,0.0,0.0,0.0,0.0,0,0.0,0.0,0.0,0.0,0.0,0.0,0,0,0,0,0,0,0.0,0.0,0.0,0.0,0.0,0.0,0.0,0.0,0.0,0.0,0.0,0.0,0.0,0.0,0.0,0.0,0.0,0.0,0.0,0.0,0.0,0.0,0.0,0.0,0.0,0.0,0.0,0.0,0.0,0.0,0.0,0.0,0.0,0.0,0.0,0.0,0.0,0.0,0.0,1.0,1.0,0.0,0.0,0.0,0,0,0,0,0,0.0,0.0,0.0,0.0,0.0,UNKNOWN,UNKNOWN,UNKNOWN,UNKNOWN,UNKNOWN,UNKNOWN,UNKNOWN,UNKNOWN,UNKNOWN,0,0,0,0,0,0,0,0.1271706327476173,5,5,0.0,0.0,0,1,0,V1_LIGHTGBM,LightGBM CA:近走着差・勝ち馬強度・フィールド強度・基礎能力
2026-07-04,2026-0704-02-01-07-06,2023103441,1,2026-07-04,函館,芝,1700,grade:unknown|condition:12,unknown,12,UNKNOWN,0,OPEN_SEX,UNKNOWN,0,0,0,5800000.0,2300000.0,1500000.0,11050000.0,15.573369026184082,16.217941284179688,4,0.19658119976520538,329.0,3.5,260.29998779296875,0,1,0,1,0,0,0,1,0,0,0.0,0.8151282072067261,0.11610147356987,0.8151282072067261,0.11610147356987,0.38461539149284363,0.31351083517074585,0.38461539149284363,0.692307710647583,0.5384615659713745,0.07692307978868484,5,0.5665267109870911,0.17155145108699799,1,21.0,1,5,レッドフロイデ,13,6,0,0.0,4,0.6666666865348816,0.0,1.0,0.0,0.800000011920929,5,6,3,2,3,5.0,1.0,2.0,1.0,2.6666667461395264,3.200000047683716,0.0,0.0,0.0,0.0,0.0,0.0,0.0,0.0,1800,1800,1800,grade:unknown|condition:12,grade:unknown|condition:12,grade:unknown|condition:12,1700,0.2177777737379074,0.16249999403953552,0.20999999344348907,0.10554055869579315,0.11128339171409607,0.11552489548921585,1.0888888835906982,0.16249999403953552,0.41999998688697815,0.2177777737379074,0.19675925374031067,0.19963888823986053,-0.8374999761581421,0.2177777737379074,0.18909090757369995,0.20999999344348907,0.187567338347435,0.17219696938991547,0.19606061279773712,0,7500000.0,5900000.0,6500000.0,6200000.0,5900000.0,6020000.0,0,0,0,0,0,0,0.5050955414772034,0.6630564332008362,0.5485002994537354,0.48614299297332764,0.6611762642860413,0.5024511218070984,0.2083333283662796,0.3545454442501068,0.48351648449897766,0.3638888895511627,0.021212121471762657,0.380952388048172,0.6611762642860413,0.5499234199523926,0.5419145822525024,-0.018952546641230583,-0.0018801653059199452,-0.04604918882250786,-0.0018801653059199452,-0.007520661223679781,-0.07581018656492233,-0.007520661223679781,-0.18419675529003143,0.3638888895511627,0.021212121471762657,0.380952388048172,-0.2083333283662796,-0.018885193392634392,5800000.0,5900000.0,5900000.0,15.573369026184082,15.590462684631348,15.590462684631348,5900000.0,5866666.5,5850000.0,0.0,-66666.6640625,1.0,0.9886363744735718,77.8668441772461,15.590462684631348,31.180925369262695,0,0,0,0,0,0.0,0.0,0.0,0.0,0.0,UNKNOWN,UNKNOWN,UNKNOWN,OPEN_SEX,OPEN_SEX,OPEN_SEX,UNKNOWN,UNKNOWN,UNKNOWN,0,0,0,0,0,0,0,0.2957045884329999,1,6,210.0,110.0,1,1,0,V1_LIGHTGBM,LightGBM CA:近走着差・勝ち馬強度・フィールド強度・基礎能力
2026-07-04,2026-0704-02-01-07-06,2023103577,0,2026-07-04,函館,芝,1700,grade:unknown|condition:12,unknown,12,UNKNOWN,0,OPEN_SEX,UNKNOWN,0,0,0,5800000.0,2300000.0,1500000.0,11050000.0,15.573369026184082,16.217941284179688,6,0.19658119976520538,329.0,3.5,260.29998779296875,0,1,0,1,0,0,0,1,0,0,0.5485104918479919,0.7128205299377441,0.09637751430273056,0.7128205299377441,0.09637751430273056,0.1538461595773697,0.10966469347476959,0.38461539149284363,0.692307710647583,0.5384615659713745,0.07692307978868484,5,0.5665267109870911,0.17155145108699799,3,78.0,3,2,ブレイズランナー,13,7,0,0.0,3,0.4285714328289032,0.0,0.3333333432674408,0.0,0.6000000238418579,4,7,3,5,7,2.0,13.0,20.0,2.0,11.666666984558105,8.899999618530273,0.0,0.0,0.0,0.0,0.0,0.0,0.0,0.0,1700,1800,1800,grade:unknown|condition:12,grade:unknown|condition:12,grade:unknown|condition:12,1700,0.14166666567325592,0.20363636314868927,0.19384615123271942,0.10490495711565018,0.11861155927181244,0.11372489482164383,0.28333333134651184,2.647272825241089,3.876923084259033,0.20363636314868927,0.17971639335155487,0.17069347202777863,-1.8583333492279053,0.15583333373069763,0.20363636314868927,0.2266666740179062,0.14166666567325592,0.18590909242630005,0.20757834613323212,0,6500000.0,8200000.0,8200000.0,5957143.0,7150000.0,6600000.0,0,0,0,0,0,0,0.5483293533325195,0.4328286051750183,0.39590463042259216,0.5485104918479919,0.42987003922462463,0.3968594968318939,0.010989011265337467,0.1538461595773697,0.2750000059604645,-0.06593406945466995,0.07692307978868484,-0.013888888992369175,0.5485104918479919,0.45841333270072937,0.48258814215660095,0.0001811375404940918,-0.002958579920232296,0.0009548611124046147,0.0009548611124046147,0.0038194444496184587,0.0007245501619763672,-0.011834319680929184,0.0038194444496184587,-0.06593406945466995,0.07692307978868484,-0.013888888992369175,-0.010989011265337467,0.00016670723562128842,5800000.0,5900000.0,5900000.0,15.573369026184082,15.590462684631348,15.590462684631348,5900000.0,5866666.5,5850000.0,0.0,-66666.6640625,1.0,0.9886363744735718,31.146738052368164,202.676025390625,311.80926513671875,0,0,0,0,0,0.0,0.0,0.0,0.0,0.0,UNKNOWN,UNKNOWN,UNKNOWN,OPEN_SEX,OPEN_SEX,OPEN_SEX,UNKNOWN,UNKNOWN,UNKNOWN,0,0,0,0,0,0,0,0.14776298777445276,2,6,0.0,180.0,0,1,0,V1_LIGHTGBM,LightGBM CA:近走着差・勝ち馬強度・フィールド強度・基礎能力
2026-07-04,2026-0704-02-01-07-06,2023101756,0,2026-07-04,函館,芝,1700,grade:unknown|condition:12,unknown,12,UNKNOWN,0,OPEN_SEX,UNKNOWN,0,0,0,5800000.0,2300000.0,1500000.0,11050000.0,15.573369026184082,16.217941284179688,6,0.19658119976520538,329.0,3.5,260.29998779296875,0,1,0,1,0,0,0,1,0,0,0.5241938829421997,0.39444443583488464,0.17054741084575653,0.39444443583488464,0.17054741084575653,0.07692307978868484,0.03034188039600849,0.38461539149284363,0.692307710647583,0.5384615659713745,0.07692307978868484,5,0.5665267109870911,0.17155145108699799,5,113.0,4,1,メイショウセンドウ,13,7,0,0.0,1,0.1428571492433548,0.0,0.3333333432674408,0.0,0.20000000298023224,4,7,2,4,6,3.0,29.0,15.0,3.0,15.666666984558105,13.199999809265137,0.0,0.0,0.0,0.0,0.0,0.0,0.0,0.0,1700,1800,1800,grade:unknown|condition:12,grade:unknown|condition:12,grade:unknown|condition:12,1700,0.13846154510974884,0.18000000715255737,0.19384615123271942,0.10362867265939713,0.1077222228050232,0.1045914813876152,0.4153846204280853,5.21999979019165,2.9076921939849854,0.19384615123271942,0.17076922953128815,0.16200000047683716,-2.8615384101867676,0.16500000655651093,0.18000000715255737,0.19384615123271942,0.14615385234355927,0.16305555403232574,0.18279720842838287,0,8200000.0,7500000.0,11400000.0,6337500.0,6220000.0,6712500.0,0,0,0,0,0,0,0.5423151850700378,0.4225713014602661,0.42257142066955566,0.5241938829421997,0.41878530383110046,0.42083531618118286,-0.26923078298568726,0.04444444552063942,0.01666666753590107,-0.26923078298568726,0.34074074029922485,0.4166666567325592,0.5241938829421997,0.454604834318161,0.4718995988368988,-0.018121302127838135,-0.0037860083393752575,-0.0017361111240461469,-0.0017361111240461469,-0.0069444444961845875,-0.07248520851135254,-0.01514403335750103,-0.0069444444961845875,-0.26923078298568726,0.34074074029922485,0.4166666567325592,0.26923078298568726,-0.016619589179754257,5800000.0,5900000.0,5900000.0,15.573369026184082,15.590462684631348,15.590462684631348,5900000.0,5866666.5,5850000.0,0.0,-66666.6640625,1.0,0.9886363744735718,46.7201042175293,452.1234436035156,233.85694885253906,0,0,0,0,0,0.0,0.0,0.0,0.0,0.0,UNKNOWN,UNKNOWN,UNKNOWN,OPEN_SEX,OPEN_SEX,OPEN_SEX,UNKNOWN,UNKNOWN,UNKNOWN,0,0,0,0,0,0,0,0.13057727594977572,3,6,0.0,0.0,0,0,0,V1_LIGHTGBM,LightGBM CA:近走着差・勝ち馬強度・フィールド強度・基礎能力
2026-07-04,2026-0704-02-01-07-06,2023101857,0,2026-07-04,函館,芝,1700,grade:unknown|condition:12,unknown,12,UNKNOWN,0,OPEN_SEX,UNKNOWN,0,0,0,5800000.0,2300000.0,1500000.0,11050000.0,15.573369026184082,16.217941284179688,8,0.19658119976520538,329.0,3.5,260.29998779296875,0,1,0,1,0,0,0,1,0,0,0.0,0.6833333373069763,0.18333333730697632,0.6833333373069763,0.18333333730697632,0.9230769276618958,0.6307692527770996,0.38461539149284363,0.692307710647583,0.5384615659713745,0.07692307978868484,5,0.5665267109870911,0.17155145108699799,2,47.0,13,12,ララニューディー,13,2,0,0.0,0,0.0,0.0,0.0,0.0,0.0,2,2,9,4,0,4.0,3.0,0.0,3.0,3.5,2.9000000953674316,0.0,0.0,0.0,0.0,0.0,0.0,0.0,0.0,1800,1800,0,grade:unknown|condition:12,grade:unknown|condition:12,unknown,1700,0.2549999952316284,0.16285714507102966,0.0,0.11302925646305084,0.11566057056188583,0.0,1.0199999809265137,0.488571435213089,0.0,0.2549999952316284,0.20892857015132904,0.17635715007781982,-2.8371429443359375,0.2549999952316284,0.2327272742986679,0.0,0.1794055998325348,0.20741702616214752,0.0,0,7500000.0,38000000.0,0.0,6057143.0,10088889.0,0.0,0,6,0,0,0,0,0.3497266173362732,0.49581944942474365,0.0,0.3663932681083679,0.49581944942474365,0.0,0.3333333432674408,0.0,0.0,-0.20000000298023224,0.0,0.0,0.49581944942474365,0.4311063587665558,0.33194246888160706,0.01666666753590107,0.0,0.0,0.01666666753590107,0.06666667014360428,0.06666667014360428,-0.0,0.0,-0.20000000298023224,0.0,0.0,-0.3333333432674408,0.017227808013558388,5800000.0,5900000.0,0.0,15.573369026184082,15.590462684631348,0.0,5900000.0,5850000.0,4670000.0,0.0,-50000.0,1.0,0.9914529919624329,62.29347610473633,46.77138900756836,0.0,0,0,0,0,0,0.0,0.0,0.0,0.0,0.0,UNKNOWN,UNKNOWN,UNKNOWN,OPEN_SEX,OPEN_SEX,UNKNOWN,UNKNOWN,UNKNOWN,UNKNOWN,0,0,0,0,0,0,0,0.10500380568561185,4,6,0.0,0.0,0,0,0,V1_LIGHTGBM,LightGBM CA:近走着差・勝ち馬強度・フィールド強度・基礎能力
2026-07-04,2026-0704-02-01-07-06,2023101091,0,2026-07-04,函館,芝,1700,grade:unknown|condition:12,unknown,12,UNKNOWN,0,OPEN_SEX,UNKNOWN,0,0,0,5800000.0,2300000.0,1500000.0,11050000.0,15.573369026184082,16.217941284179688,3,0.19658119976520538,329.0,3.5,260.29998779296875,0,1,0,1,0,0,0,1,0,0,0.4042581617832184,0.7810256481170654,0.2195662409067154,0.7810256481170654,0.2195662409067154,0.8461538553237915,0.6608678698539734,0.38461539149284363,0.692307710647583,0.5384615659713745,0.07692307978868484,5,0.5665267109870911,0.17155145108699799,7,200.0,2,11,ストリートクイーン,13,5,0,0.0,1,0.20000000298023224,0.0,0.0,0.0,0.20000000298023224,5,5,6,7,5,5.0,15.0,13.0,5.0,11.0,9.600000381469727,0.0,0.0,0.0,0.0,0.0,0.0,0.0,0.0,1700,1400,1700,grade:unknown|condition:12,grade:unknown|condition:12,grade:unknown|condition:12,1700,0.2549999952316284,0.2762500047683716,0.15000000596046448,0.11619505286216736,0.1328820288181305,0.10874109715223312,1.274999976158142,4.143750190734863,1.9500000476837158,0.2762500047683716,0.22708334028720856,0.24037499725818634,-4.744999885559082,0.2549999952316284,0.290909081697464,0.2177777737379074,0.20000000298023224,0.2795292139053345,0.18720798194408417,0,7500000.0,8200000.0,8200000.0,6114285.5,7200000.0,6620000.0,0,0,0,0,0,0,0.4045827090740204,0.3844761848449707,0.4416198134422302,0.4042581617832184,0.3844761848449707,0.4066198170185089,0.005494505632668734,0.0,0.46666666865348816,0.23626373708248138,0.0,0.30000001192092896,0.4066198170185089,0.39845138788223267,0.3987959027290344,-0.0003245380939915776,0.0,-0.03500000014901161,0.0,-0.0,-0.0012981523759663105,-0.0,-0.14000000059604645,0.23626373708248138,0.0,0.30000001192092896,-0.005494505632668734,-0.0003354647778905928,5800000.0,5900000.0,5900000.0,15.573369026184082,15.590462684631348,15.590462684631348,5900000.0,5866666.5,5850000.0,0.0,-66666.6640625,1.0,0.9886363744735718,77.8668441772461,233.85694885253906,202.676025390625,0,0,0,0,0,0.0,0.0,0.0,0.0,0.0,UNKNOWN,UNKNOWN,UNKNOWN,OPEN_SEX,OPEN_SEX,OPEN_SEX,UNKNOWN,UNKNOWN,UNKNOWN,0,0,0,0,0,0,0,0.07954385969000143,5,6,0.0,300.0,0,1,0,V1_LIGHTGBM,LightGBM CA:近走着差・勝ち馬強度・フィールド強度・基礎能力
2026-07-04,2026-0704-02-01-07-06,2023103065,0,2026-07-04,函館,芝,1700,grade:unknown|condition:12,unknown,12,UNKNOWN,0,OPEN_SEX,UNKNOWN,0,0,0,5800000.0,2300000.0,1500000.0,11050000.0,15.573369026184082,16.217941284179688,13,0.19658119976520538,329.0,3.5,260.29998779296875,0,1,0,1,0,0,0,1,0,0,0.0,0.5,0.0,0.5,0.0,0.6153846383094788,0.3076923191547394,0.38461539149284363,0.692307710647583,0.5384615659713745,0.07692307978868484,5,0.5665267109870911,0.17155145108699799,6,121.0,8,8,クラン,13,6,0,0.0,0,0.0,0.0,0.0,0.0,0.0,3,6,5,4,7,16.0,9.0,4.0,4.0,9.666666984558105,11.5,0.0,0.0,0.0,0.0,0.0,0.0,0.0,0.0,1400,1400,1400,grade:unknown|condition:12,grade:unknown|condition:12,grade:unknown|condition:12,1700,0.18000000715255737,0.2215384542942047,0.19833333790302277,0.10091709345579147,0.10942628234624863,0.12642136216163635,2.880000114440918,1.9938461780548096,0.7933333516120911,0.2215384542942047,0.19995726644992828,0.19612820446491241,-3.801666736602783,0.2327272742986679,0.2215384542942047,0.2549999952316284,0.1775757521390915,0.2046794891357422,0.2286868691444397,0,7500000.0,8200000.0,11400000.0,6100000.0,6562500.0,7857143.0,0,0,0,0,0,0,0.44923800230026245,0.47595399618148804,0.37861549854278564,0.44923800230026245,0.47595399618148804,0.37861549854278564,0.0,0.0,0.0,0.0,0.0,0.0,0.47595399618148804,0.4346024990081787,0.4431283175945282,0.0,0.0,0.0,0.0,-0.0,-0.0,-0.0,-0.0,0.0,0.0,0.0,-0.0,0.0,5900000.0,5900000.0,5900000.0,15.590462684631348,15.590462684631348,15.590462684631348,5900000.0,5900000.0,5900000.0,-100000.0,-100000.0,0.9830508232116699,0.9830508232116699,249.44740295410156,140.3141632080078,62.36185073852539,0,0,0,0,0,0.0,0.0,0.0,0.0,0.0,UNKNOWN,UNKNOWN,UNKNOWN,OPEN_SEX,OPEN_SEX,OPEN_SEX,UNKNOWN,UNKNOWN,UNKNOWN,0,0,0,0,0,0,0,0.071096091294663,6,6,0.0,0.0,0,0,0,V1_LIGHTGBM,LightGBM CA:近走着差・勝ち馬強度・フィールド強度・基礎能力
2026-07-04,2026-0704-02-01-07-06,2023105320,0,2026-07-04,函館,芝,1700,grade:unknown|condition:12,unknown,12,UNKNOWN,0,OPEN_SEX,UNKNOWN,0,0,0,5800000.0,2300000.0,1500000.0,11050000.0,15.573369026184082,16.217941284179688,1,0.19658119976520538,329.0,3.5,260.29998779296875,0,1,0,1,0,0,0,1,0,0,0.45476073026657104,0.8333333134651184,0.2357022613286972,0.8333333134651184,0.2357022613286972,1.0,0.8333333134651184,0.38461539149284363,0.692307710647583,0.5384615659713745,0.07692307978868484,5,0.5665267109870911,0.17155145108699799,4,81.0,5,13,チャーチルデュース,13,3,0,0.0,0,0.0,0.0,0.0,0.0,0.0,3,3,5,7,5,13.0,25.0,12.0,12.0,16.66666603088379,16.399999618530273,0.0,0.0,0.0,0.0,0.0,0.0,0.0,0.0,1700,1400,1800,grade:unknown|condition:12,grade:unknown|condition:12,grade:unknown|condition:12,1700,0.13846154510974884,0.2177777737379074,0.16249999403953552,0.10362867265939713,0.11391273885965347,0.1339477300643921,1.7999999523162842,5.44444465637207,1.9500000476837158,0.2177777737379074,0.1729131042957306,0.1670641005039215,-11.837499618530273,0.16500000655651093,0.26249998807907104,0.2266666740179062,0.14615385234355927,0.21425925195217133,0.21843434870243073,0,8200000.0,8200000.0,19000000.0,6337500.0,6800000.0,11233333.0,0,0,0,0,0,0,0.4224012494087219,0.39590463042259216,0.4502089321613312,0.45476073026657104,0.39590463042259216,0.408780962228775,0.48076921701431274,0.0,0.4791666567325592,-0.26923078298568726,0.0,0.34583333134651184,0.45476073026657104,0.41981545090675354,0.42790794372558594,0.03235946595668793,0.0,-0.04142795130610466,0.03235946595668793,0.1294378638267517,0.1294378638267517,-0.0,-0.16571180522441864,-0.26923078298568726,0.0,0.34583333134651184,-0.48076921701431274,0.02967783808708191,5800000.0,5900000.0,6500000.0,15.573369026184082,15.590462684631348,15.687313079833984,6500000.0,6066666.5,5970000.0,0.0,-266666.65625,1.0,0.9560439586639404,202.45379638671875,389.7615661621094,188.2477569580078,0,0,0,0,0,0.0,0.0,0.0,0.0,0.0,UNKNOWN,UNKNOWN,UNKNOWN,OPEN_SEX,OPEN_SEX,OPEN_SEX,UNKNOWN,UNKNOWN,UNKNOWN,0,0,0,0,0,0,0,0.05861129354710561,7,6,0.0,0.0,0,0,0,V1_LIGHTGBM,LightGBM CA:近走着差・勝ち馬強度・フィールド強度・基礎能力
2026-07-04,2026-0704-02-01-07-06,2023104158,0,2026-07-04,函館,芝,1700,grade:unknown|condition:12,unknown,12,UNKNOWN,0,OPEN_SEX,UNKNOWN,0,0,0,5800000.0,2300000.0,1500000.0,11050000.0,15.573369026184082,16.217941284179688,4,0.19658119976520538,329.0,3.5,260.29998779296875,0,1,0,1,0,0,0,1,0,0,0.29338160157203674,0.488095223903656,0.07299862056970596,0.488095223903656,0.07299862056970596,0.7692307829856873,0.37545788288116455,0.38461539149284363,0.692307710647583,0.5384615659713745,0.07692307978868484,5,0.5665267109870911,0.17155145108699799,8,257.0,11,10,シュヴェスター,13,5,0,0.0,2,0.4000000059604645,0.0,0.3333333432674408,0.0,0.4000000059604645,3,5,9,2,13,21.0,1.0,12.0,1.0,11.333333015441895,13.199999809265137,0.0,0.0,0.0,0.0,0.0,0.0,0.0,0.0,1700,1700,1200,grade:unknown|condition:12,grade:unknown|condition:12,grade:unknown|condition:12,1700,0.13846154510974884,0.19499999284744263,0.13846154510974884,0.10362867265939713,0.1059466078877449,0.11033280193805695,2.9076921939849854,0.19499999284744263,1.6615384817123413,0.19499999284744263,0.1573076993227005,0.15542307496070862,-0.8050000071525574,0.16500000655651093,0.19499999284744263,0.23071429133415222,0.14615385234355927,0.17222222685813904,0.18693843483924866,0,8200000.0,5900000.0,8200000.0,6337500.0,5900000.0,6200000.0,0,0,0,0,0,0,0.28906702995300293,0.6744849681854248,0.23590709269046783,0.29338160157203674,0.6716845035552979,0.23590709269046783,0.06410256773233414,-0.18095238506793976,0.0,-0.26923078298568726,-0.06190476194024086,0.0,0.6716845035552979,0.40032440423965454,0.39537757635116577,0.0043145958334207535,-0.0028004534542560577,0.0,0.0043145958334207535,0.017258383333683014,0.017258383333683014,-0.011201813817024231,-0.0,-0.26923078298568726,-0.06190476194024086,0.0,-0.06410256773233414,0.0039570447988808155,5800000.0,5900000.0,5900000.0,15.573369026184082,15.590462684631348,15.590462684631348,5900000.0,5866666.5,5850000.0,0.0,-66666.6640625,1.0,0.9886363744735718,327.0407409667969,15.590462684631348,187.08555603027344,0,0,0,0,0,0.0,0.0,0.0,0.0,0.0,UNKNOWN,UNKNOWN,UNKNOWN,OPEN_SEX,OPEN_SEX,OPEN_SEX,UNKNOWN,UNKNOWN,UNKNOWN,0,0,0,0,0,0,0,0.057064663171003976,8,6,0.0,0.0,0,0,0,V1_LIGHTGBM,LightGBM CA:近走着差・勝ち馬強度・フィールド強度・基礎能力
2026-07-04,2026-0704-02-01-07-06,2023101088,0,2026-07-04,函館,芝,1700,grade:unknown|condition:12,unknown,12,UNKNOWN,0,OPEN_SEX,UNKNOWN,0,0,0,5800000.0,2300000.0,1500000.0,11050000.0,15.573369026184082,16.217941284179688,2,0.19658119976520538,329.0,3.5,260.29998779296875,0,1,0,1,0,0,0,1,0,0,0.0,0.30000001192092896,0.21602469682693481,0.30000001192092896,0.21602469682693481,1.076923131942749,0.32307693362236023,0.38461539149284363,0.692307710647583,0.5384615659713745,0.07692307978868484,5,0.5665267109870911,0.17155145108699799,9,297.0,6,14,トルークマクト,13,3,0,0.0,1,0.3333333432674408,0.0,0.3333333432674408,0.0,0.3333333432674408,3,3,13,13,3,13.0,14.0,4.0,4.0,10.333333015441895,11.5,0.0,0.0,0.0,0.0,0.0,0.0,0.0,0.0,1800,1800,1600,grade:unknown|condition:12,grade:unknown|condition:12,grade:unknown|condition:12,1700,0.21176470816135406,0.23999999463558197,0.19499999284744263,0.10883434116840363,0.12858541309833527,0.11371775716543198,2.752941131591797,3.359999895095825,0.7799999713897705,0.23999999463558197,0.21558824181556702,0.2168823480606079,-3.805000066757202,0.21176470816135406,0.2408333271741867,0.19499999284744263,0.1639215648174286,0.2313888818025589,0.18388888239860535,0,7500000.0,11400000.0,8200000.0,5925000.0,7500000.0,7633333.5,0,0,0,0,0,0,0.23573459684848785,0.23590496182441711,0.5108660459518433,0.24757052958011627,0.2511552572250366,0.5108660459518433,-0.11249999701976776,-0.5291666388511658,0.0,0.4208333194255829,0.11527777463197708,0.0,0.5108660459518433,0.3365305960178375,0.30130505561828613,0.011835937388241291,0.01525028981268406,0.0,0.01525028981268406,0.06100115925073624,0.047343749552965164,0.06100115925073624,-0.0,0.4208333194255829,0.11527777463197708,0.0,0.11249999701976776,0.011722704395651817,5800000.0,5900000.0,6500000.0,15.573369026184082,15.590462684631348,15.687313079833984,6500000.0,6066666.5,5970000.0,0.0,-266666.65625,1.0,0.9560439586639404,202.45379638671875,218.2664794921875,62.74925231933594,0,0,0,0,0,0.0,0.0,0.0,0.0,0.0,UNKNOWN,UNKNOWN,UNKNOWN,OPEN_SEX,OPEN_SEX,OPEN_SEX,UNKNOWN,UNKNOWN,UNKNOWN,0,0,0,0,0,0,0,0.033116190032504336,9,6,0.0,0.0,0,0,0,V1_LIGHTGBM,LightGBM CA:近走着差・勝ち馬強度・フィールド強度・基礎能力
2026-07-04,2026-0704-02-01-07-06,2023106726,0,2026-07-04,函館,芝,1700,grade:unknown|condition:12,unknown,12,UNKNOWN,0,OPEN_SEX,UNKNOWN,0,0,0,5800000.0,2300000.0,1500000.0,11050000.0,15.573369026184082,16.217941284179688,10,0.19658119976520538,329.0,3.5,260.29998779296875,0,1,0,1,0,0,0,1,0,0,0.0,0.5,0.0,0.5,0.0,0.4615384638309479,0.23076923191547394,0.38461539149284363,0.692307710647583,0.5384615659713745,0.07692307978868484,5,0.5665267109870911,0.17155145108699799,10,637.0,7,6,フェンリル,13,2,0,0.0,0,0.0,0.0,0.0,0.0,0.0,2,2,11,6,0,17.0,21.0,0.0,17.0,19.0,14.800000190734863,0.0,0.0,0.0,0.0,0.0,0.0,0.0,0.0,1600,1600,0,grade:unknown|condition:12,grade:unknown|condition:12,unknown,1700,0.17454545199871063,0.16249999403953552,0.0,0.10897279530763626,0.0977393388748169,0.0,2.9672727584838867,3.4124999046325684,0.0,0.17454545199871063,0.16852273046970367,0.13602273166179657,-16.825454711914062,0.20571428537368774,0.1711111068725586,0.0,0.18453101813793182,0.15398147702217102,0.0,0,7500000.0,8200000.0,0.0,6050000.0,7633333.5,0.0,0,0,0,0,0,0,0.28906702995300293,0.42353978753089905,0.0,0.28906702995300293,0.42353978753089905,0.0,0.0,0.0,0.0,0.0,0.0,0.0,0.42353978753089905,0.3563034236431122,0.27159544825553894,0.0,0.0,0.0,0.0,-0.0,-0.0,-0.0,0.0,0.0,0.0,0.0,-0.0,0.0,5800000.0,6500000.0,0.0,15.573369026184082,15.687313079833984,0.0,6500000.0,6150000.0,4850000.0,0.0,-350000.0,1.0,0.9430894255638123,264.74725341796875,329.4335632324219,0.0,0,0,0,0,0,0.0,0.0,0.0,0.0,0.0,UNKNOWN,UNKNOWN,UNKNOWN,OPEN_SEX,OPEN_SEX,UNKNOWN,UNKNOWN,UNKNOWN,UNKNOWN,0,0,0,0,0,0,0,0.032003448510389956,10,6,0.0,0.0,0,0,0,V1_LIGHTGBM,LightGBM CA:近走着差・勝ち馬強度・フィールド強度・基礎能力
2026-07-04,2026-0704-02-01-07-06,2023100637,0,2026-07-04,函館,芝,1700,grade:unknown|condition:12,unknown,12,UNKNOWN,0,OPEN_SEX,UNKNOWN,0,0,0,5800000.0,2300000.0,1500000.0,11050000.0,15.573369026184082,16.217941284179688,10,0.19658119976520538,329.0,3.5,260.29998779296875,0,1,0,1,0,0,0,1,0,0,0.0,0.5,0.0,0.5,0.0,0.5384615659713745,0.26923078298568726,0.38461539149284363,0.692307710647583,0.5384615659713745,0.07692307978868484,5,0.5665267109870911,0.17155145108699799,11,1757.0,10,7,ブリリアンス,13,2,0,0.0,0,0.0,0.0,0.0,0.0,0.0,2,2,9,12,0,20.0,15.0,0.0,15.0,17.5,14.5,0.0,0.0,0.0,0.0,0.0,0.0,0.0,0.0,1600,1800,0,grade:unknown|condition:12,grade:unknown|condition:12,unknown,1700,0.20363636314868927,0.16285714507102966,0.0,0.10139977186918259,0.11566057056188583,0.0,4.072727203369141,2.442857027053833,0.0,0.20363636314868927,0.18324674665927887,0.15067532658576965,-14.837142944335938,0.20363636314868927,0.2327272742986679,0.0,0.1643073558807373,0.20741702616214752,0.0,0,7500000.0,38000000.0,0.0,6050000.0,10088889.0,0.0,0,6,0,0,0,0,0.34240034222602844,0.26257142424583435,0.0,0.34240034222602844,0.26257142424583435,0.0,0.0,0.0,0.0,0.0,0.0,0.0,0.34240034222602844,0.3024858832359314,0.24997159838676453,0.0,0.0,0.0,0.0,-0.0,-0.0,-0.0,0.0,0.0,0.0,0.0,-0.0,0.0,5800000.0,5900000.0,0.0,15.573369026184082,15.590462684631348,0.0,5900000.0,5850000.0,4670000.0,0.0,-50000.0,1.0,0.9914529919624329,311.4673767089844,233.85694885253906,0.0,0,0,0,0,0,0.0,0.0,0.0,0.0,0.0,UNKNOWN,UNKNOWN,UNKNOWN,OPEN_SEX,OPEN_SEX,UNKNOWN,UNKNOWN,UNKNOWN,UNKNOWN,0,0,0,0,0,0,0,0.019520966309905338,11,6,0.0,0.0,0,0,0,V1_LIGHTGBM,LightGBM CA:近走着差・勝ち馬強度・フィールド強度・基礎能力
2026-07-04,2026-0704-02-01-07-06,2023101910,0,2026-07-04,函館,芝,1700,grade:unknown|condition:12,unknown,12,UNKNOWN,0,OPEN_SEX,UNKNOWN,0,0,0,5800000.0,2300000.0,1500000.0,11050000.0,15.573369026184082,16.217941284179688,12,0.19658119976520538,329.0,3.5,260.29998779296875,0,1,0,1,0,0,0,1,0,0,0.0,0.5,0.0,0.5,0.0,0.3076923191547394,0.1538461595773697,0.38461539149284363,0.692307710647583,0.5384615659713745,0.07692307978868484,5,0.5665267109870911,0.17155145108699799,12,2115.0,12,4,ステキサプライズ,13,6,0,0.0,0,0.0,0.0,0.0,0.0,0.0,4,6,7,12,12,13.0,23.0,20.0,13.0,18.66666603088379,17.399999618530273,0.0,0.0,0.0,0.0,0.0,0.0,0.0,0.0,1000,1200,1300,grade:unknown|condition:12,grade:unknown|condition:12,grade:unknown|condition:12,1700,0.18666666746139526,0.19833333790302277,0.17000000178813934,0.10268623381853104,0.10878579318523407,0.11702196300029755,2.426666736602783,4.561666488647461,3.4000000953674316,0.19833333790302277,0.1850000023841858,0.18683333694934845,-12.813333511352539,0.18909090757369995,0.19833333790302277,0.20363636314868927,0.16025252640247345,0.18611110746860504,0.18121212720870972,0,14000000.0,8200000.0,8200000.0,6770000.0,6742857.0,7028571.5,0,0,0,0,0,0,0.3375527858734131,0.2625713050365448,0.2625713050365448,0.3375527858734131,0.2625713050365448,0.2625713050365448,0.0,0.0,0.0,0.0,0.0,0.0,0.3375527858734131,0.28756511211395264,0.30006203055381775,0.0,0.0,0.0,0.0,-0.0,-0.0,-0.0,-0.0,0.0,0.0,0.0,-0.0,0.0,5800000.0,5900000.0,5900000.0,15.573369026184082,15.590462684631348,15.590462684631348,5900000.0,5866666.5,5850000.0,0.0,-66666.6640625,1.0,0.9886363744735718,202.45379638671875,358.5806579589844,311.80926513671875,0,0,0,0,0,0.0,0.0,0.0,0.0,0.0,UNKNOWN,UNKNOWN,UNKNOWN,OPEN_SEX,OPEN_SEX,OPEN_SEX,UNKNOWN,UNKNOWN,UNKNOWN,0,0,0,0,0,0,0,0.013770789198114398,12,6,0.0,0.0,0,0,0,V1_LIGHTGBM,LightGBM CA:近走着差・勝ち馬強度・フィールド強度・基礎能力
2026-07-04,2026-0704-02-01-07-06,2023101046,0,2026-07-04,函館,芝,1700,grade:unknown|condition:12,unknown,12,UNKNOWN,0,OPEN_SEX,UNKNOWN,0,0,0,5800000.0,2300000.0,1500000.0,11050000.0,15.573369026184082,16.217941284179688,8,0.19658119976520538,329.0,3.5,260.29998779296875,0,1,0,1,0,0,0,1,0,0,0.2983013093471527,0.3566666543483734,0.1236482486128807,0.3566666543483734,0.1236482486128807,0.692307710647583,0.2469230741262436,0.38461539149284363,0.692307710647583,0.5384615659713745,0.07692307978868484,5,0.5665267109870911,0.17155145108699799,13,2912.0,9,9,ライヴマルガリータ,13,12,0,0.0,1,0.0833333358168602,0.0,0.0,0.0,0.0,8,12,8,8,11,20.0,18.0,17.0,17.0,18.33333396911621,18.799999237060547,0.0,0.0,0.0,0.0,0.0,0.0,0.0,0.0,1700,1700,1600,grade:unknown|condition:12,grade:unknown|condition:12,grade:unknown|condition:12,1700,0.13846154510974884,0.2266666740179062,0.20363636314868927,0.10362867265939713,0.11959539353847504,0.11299553513526917,2.769230842590332,4.079999923706055,3.461818218231201,0.2266666740179062,0.18958818912506104,0.17795804142951965,-16.796363830566406,0.16500000655651093,0.2266666740179062,0.20363636314868927,0.14615385234355927,0.18759259581565857,0.17403262853622437,0,8200000.0,8200000.0,8200000.0,6337500.0,6300000.0,6500000.0,0,0,0,0,0,0,0.32240036129951477,0.27573367953300476,0.27019035816192627,0.3154970109462738,0.2811056077480316,0.27019035816192627,-0.10256410390138626,-0.11818181723356247,0.0,-0.26923078298568726,0.1818181872367859,0.0,0.3154970109462738,0.2889309823513031,0.29611825942993164,-0.006903353147208691,0.005371900741010904,0.0,0.005371900741010904,0.021487602964043617,-0.027613412588834763,0.021487602964043617,-0.0,-0.26923078298568726,0.1818181872367859,0.0,0.10256410390138626,-0.006331271957606077,5800000.0,5800000.0,5900000.0,15.573369026184082,15.573369026184082,15.590462684631348,5900000.0,5833333.5,5820000.0,0.0,-33333.33203125,1.0,0.9942857027053833,311.4673767089844,280.3206481933594,265.0378723144531,0,0,0,0,0,0.0,0.0,0.0,0.0,0.0,UNKNOWN,UNKNOWN,UNKNOWN,OPEN_SEX,OPEN_SEX,OPEN_SEX,UNKNOWN,UNKNOWN,UNKNOWN,0,0,0,0,0,0,0,0.012020851171834998,13,6,0.0,0.0,0,0,0,V1_LIGHTGBM,LightGBM CA:近走着差・勝ち馬強度・フィールド強度・基礎能力
2026-07-04,2026-0704-02-01-07-07,2023100997,0,2026-07-04,函館,芝,1200,grade:unknown|condition:13,unknown,13,UNKNOWN,0,OPEN_SEX,UNKNOWN,0,0,0,8200000.0,3300000.0,2100000.0,15620000.0,15.919645309448242,16.564062118530273,0,0.0,490.0,3.5,262.1000061035156,1,0,0,1,0,1,0,1,0,0,0.5710424184799194,0.5,0.0,0.5,0.0,0.30000001192092896,0.15000000596046448,0.0,0.8999999761581421,1.0,0.0,0,0.4880000054836273,0.035999998450279236,1,19.0,2,3,デルマリシリ,10,5,1,0.20000000298023224,5,1.0,0.0,1.0,0.20000000298023224,1.0,4,5,2,2,2,3.0,0.0,0.0,0.0,1.0,1.5,0.125,0.20000000298023224,0.1666666716337204,0.14801587164402008,0.20359788835048676,0.2844444513320923,0.375,0.44404762983322144,1200,1200,1200,grade:E|condition:13,grade:unknown|condition:12,grade:E|condition:12,1200,0.2849999964237213,0.3400000035762787,0.35285714268684387,0.18108893930912018,0.19483478367328644,0.1870703399181366,0.8550000190734863,0.0,0.0,0.35285714268684387,0.3259523808956146,0.3150714337825775,0.35285714268684387,0.2849999964237213,0.3400000035762787,0.35285714268684387,0.26807692646980286,0.28333333134651184,0.29004329442977905,0,21000000.0,52000000.0,41000000.0,8744444.0,20128572.0,12166667.0,5,7,6,0,6,0,0.5710424184799194,0.9706250429153442,0.9513801336288452,0.5710424184799194,0.9706250429153442,0.9513801336288452,0.0,0.0,0.0,0.0,0.0,0.0,0.9706250429153442,0.8310158848762512,0.766984760761261,0.0,0.0,0.0,0.0,-0.0,-0.0,-0.0,-0.0,0.0,0.0,0.0,-0.0,0.0,11400000.0,8200000.0,11400000.0,16.24912452697754,15.919645309448242,16.24912452697754,11400000.0,10333333.0,10440000.0,-3200000.0,-2133333.25,0.719298243522644,0.7935484051704407,48.747371673583984,0.0,0.0,0,0,0,0,0,0.0,0.0,0.0,0.0,0.0,UNKNOWN,UNKNOWN,UNKNOWN,OPEN_SEX,OPEN_SEX,OPEN_SEX,UNKNOWN,UNKNOWN,UNKNOWN,0,0,0,0,0,0,0,0.4412515875743663,1,7,0.0,110.0,0,1,0,V1_LIGHTGBM,LightGBM CA:近走着差・勝ち馬強度・フィールド強度・基礎能力
2026-07-04,2026-0704-02-01-07-07,2023103528,0,2026-07-04,函館,芝,1200,grade:unknown|condition:13,unknown,13,UNKNOWN,0,OPEN_SEX,UNKNOWN,0,0,0,8200000.0,3300000.0,2100000.0,15620000.0,15.919645309448242,16.564062118530273,0,0.0,490.0,3.5,262.1000061035156,1,0,0,1,0,1,0,1,0,0,0.7071517705917358,0.5,0.0,0.5,0.0,0.10000000149011612,0.05000000074505806,0.0,0.8999999761581421,1.0,0.0,0,0.4880000054836273,0.035999998450279236,2,37.0,4,1,ツルノマイハシ,10,8,1,0.125,3,0.375,0.3333333432674408,0.6666666865348816,0.20000000298023224,0.6000000238418579,3,8,2,7,1,1.0,3.0,0.0,0.0,1.3333333730697632,1.399999976158142,0.25,0.1666666716337204,0.0,0.1476615071296692,0.18432539701461792,0.0,0.25,0.1476615071296692,1200,1200,1200,grade:unknown|condition:13,grade:E|condition:12,grade:unknown|condition:12,1200,0.2849999964237213,0.29076921939849854,0.19384615123271942,0.1850576400756836,0.181404709815979,0.09764816612005234,0.2849999964237213,0.8723077178001404,0.0,0.29076921939849854,0.256538450717926,0.2685000002384186,0.19384615123271942,0.2849999964237213,0.29076921939849854,0.19384615123271942,0.2638888955116272,0.2752564251422882,0.14044871926307678,0,11400000.0,41000000.0,11400000.0,9140000.0,13125000.0,7612500.0,0,6,0,0,0,0,0.7071517705917358,0.4311240017414093,0.9559046030044556,0.7071517705917358,0.4311240017414093,0.9559046030044556,0.0,0.0,0.0,0.0,0.0,0.0,0.9559046030044556,0.698060154914856,0.674094021320343,0.0,0.0,0.0,0.0,-0.0,-0.0,-0.0,-0.0,0.0,0.0,0.0,-0.0,0.0,8200000.0,11400000.0,5900000.0,15.919645309448242,16.24912452697754,15.590462684631348,11400000.0,8500000.0,8700000.0,0.0,-300000.0,1.0,0.9647058844566345,15.919645309448242,48.747371673583984,0.0,0,0,0,0,0,0.0,0.0,0.0,0.0,0.0,UNKNOWN,UNKNOWN,UNKNOWN,OPEN_SEX,OPEN_SEX,OPEN_SEX,UNKNOWN,UNKNOWN,UNKNOWN,0,0,0,0,0,0,0,0.27895641443112706,2,7,0.0,0.0,0,0,0,V1_LIGHTGBM,LightGBM CA:近走着差・勝ち馬強度・フィールド強度・基礎能力
2026-07-04,2026-0704-02-01-07-07,2023105035,0,2026-07-04,函館,芝,1200,grade:unknown|condition:13,unknown,13,UNKNOWN,0,OPEN_SEX,UNKNOWN,0,0,0,8200000.0,3300000.0,2100000.0,15620000.0,15.919645309448242,16.564062118530273,0,0.0,490.0,3.5,262.1000061035156,1,0,0,1,0,1,0,1,0,0,0.5220901966094971,0.5,0.0,0.5,0.0,0.699999988079071,0.3499999940395355,0.0,0.8999999761581421,1.0,0.0,0,0.4880000054836273,0.035999998450279236,3,38.0,8,7,メイショウハッケイ,10,8,1,0.125,5,0.625,0.0,0.3333333432674408,0.0,0.4000000059604645,3,8,3,7,6,4.0,9.0,6.0,4.0,6.333333492279053,5.900000095367432,0.125,0.3333333432674408,0.25,0.14801587164402008,0.38229167461395264,0.32424241304397583,0.5,0.5920634865760803,1200,1600,1600,grade:E|condition:13,grade:L|condition:12,grade:E|condition:12,1200,0.2849999964237213,0.2549999952316284,0.29750001430511475,0.18108893930912018,0.17119050025939941,0.2016913890838623,1.1399999856948853,2.2950000762939453,1.784999966621399,0.29750001430511475,0.27916666865348816,0.2784999907016754,-3.7149999141693115,0.2849999964237213,0.2549999952316284,0.29750001430511475,0.26807692646980286,0.23807692527770996,0.262521356344223,0,21000000.0,140000000.0,140000000.0,8744444.0,43020000.0,32528572.0,5,8,8,0,5,0,0.5220901966094971,0.44004935026168823,0.4009914994239807,0.5220901966094971,0.44004935026168823,0.4009914994239807,0.0,0.0,0.0,0.0,0.0,0.0,0.5220901966094971,0.45437702536582947,0.47325822710990906,0.0,0.0,0.0,0.0,-0.0,-0.0,-0.0,-0.0,0.0,0.0,0.0,-0.0,0.0,11400000.0,21000000.0,11400000.0,16.24912452697754,16.86003303527832,16.24912452697754,21000000.0,14600000.0,14280000.0,-3200000.0,-6400000.0,0.719298243522644,0.5616438388824463,64.99649810791016,151.74029541015625,97.49474334716797,0,0,5,0,5,1.6666666269302368,1.5,0.0,45.0,0.0,UNKNOWN,LISTED,UNKNOWN,OPEN_SEX,OPEN_SEX,OPEN_SEX,UNKNOWN,UNKNOWN,UNKNOWN,0,0,0,0,0,0,0,0.23288995127458056,3,7,0.0,0.0,0,0,0,V1_LIGHTGBM,LightGBM CA:近走着差・勝ち馬強度・フィールド強度・基礎能力
2026-07-04,2026-0704-02-01-07-07,2022105162,0,2026-07-04,函館,芝,1200,grade:unknown|condition:13,unknown,13,UNKNOWN,0,OPEN_SEX,UNKNOWN,0,0,0,8200000.0,3300000.0,2100000.0,15620000.0,15.919645309448242,16.564062118530273,0,0.0,490.0,3.5,262.1000061035156,1,0,0,1,0,1,0,1,0,0,0.0,0.5,0.0,0.5,0.0,0.8999999761581421,0.44999998807907104,0.0,0.8999999761581421,1.0,0.0,0,0.4880000054836273,0.035999998450279236,5,193.0,5,9,ルージュナリッシュ,10,12,1,0.0833333358168602,3,0.25,0.0,0.0,0.0,0.0,4,8,6,10,7,6.0,6.0,5.0,5.0,5.666666507720947,5.800000190734863,0.1666666716337204,0.20000000298023224,0.09090909361839294,0.08014257252216339,0.08760301023721695,0.09644303470849991,1.0,0.48085543513298035,1400,1200,1400,grade:unknown|condition:14,grade:E|condition:14,grade:unknown|condition:14,1200,0.20769231021404266,0.3400000035762787,0.3100000023841858,0.14181813597679138,0.1724662333726883,0.15218500792980194,1.2461538314819336,2.0399999618530273,1.5499999523162842,0.3400000035762787,0.285897433757782,0.26784616708755493,-4.690000057220459,0.20769231021404266,0.3400000035762787,0.3100000023841858,0.18942400813102722,0.2849999964237213,0.24607843160629272,0,20000000.0,15800000.0,41000000.0,10712500.0,9400000.0,11240000.0,5,0,6,0,0,0,0.4601879417896271,0.360991507768631,0.4388969838619232,0.4601879417896271,0.360991507768631,0.4388969838619232,0.0,0.0,0.0,0.0,0.0,0.0,0.4601879417896271,0.42002546787261963,0.42617082595825195,0.0,0.0,0.0,0.0,-0.0,-0.0,-0.0,-0.0,0.0,0.0,0.0,-0.0,0.0,8200000.0,11400000.0,8200000.0,15.919645309448242,16.24912452697754,15.919645309448242,11400000.0,9266667.0,9160000.0,0.0,-1066666.625,1.0,0.8848921060562134,95.51786804199219,97.49474334716797,79.59822082519531,0,0,0,0,0,0.0,0.0,0.0,0.0,0.0,UNKNOWN,UNKNOWN,UNKNOWN,OPEN_SEX,OPEN_SEX,OPEN_SEX,UNKNOWN,UNKNOWN,UNKNOWN,0,0,0,0,0,0,0,0.09769686911940649,4,7,0.0,0.0,0,0,0,V1_LIGHTGBM,LightGBM CA:近走着差・勝ち馬強度・フィールド強度・基礎能力
2026-07-04,2026-0704-02-01-07-07,2023101143,0,2026-07-04,函館,芝,1200,grade:unknown|condition:13,unknown,13,UNKNOWN,0,OPEN_SEX,UNKNOWN,0,0,0,8200000.0,3300000.0,2100000.0,15620000.0,15.919645309448242,16.564062118530273,0,0.0,490.0,3.5,262.1000061035156,1,0,0,1,0,1,0,1,0,0,0.0,0.5,0.0,0.5,0.0,0.5,0.25,0.0,0.8999999761581421,1.0,0.0,0,0.4880000054836273,0.035999998450279236,6,246.0,3,5,ライトニングロッド,10,4,1,0.25,1,0.25,0.3333333432674408,0.3333333432674408,0.25,0.25,3,4,1,9,4,0.0,14.0,4.0,0.0,6.0,5.0,0.0,0.0,0.0,0.0,0.0,0.0,0.0,0.0,1000,1200,1200,grade:unknown|condition:12,grade:unknown|condition:12,grade:unknown|condition:12,1200,0.15555556118488312,0.16249999403953552,0.13846154510974884,0.1047530397772789,0.11112146824598312,0.11033280193805695,0.0,2.2750000953674316,0.5538461804389954,0.16249999403953552,0.15217237174510956,0.1542200893163681,0.15555556118488312,0.1733333319425583,0.19384615123271942,0.23071429133415222,0.15629629790782928,0.180170938372612,0.18693843483924866,0,7500000.0,7500000.0,8200000.0,6275000.0,6433333.5,6200000.0,0,0,0,0,0,0,0.9557336568832397,0.3425716161727905,0.4832308888435364,0.9557336568832397,0.3425716161727905,0.4832308888435364,0.0,0.0,0.0,0.0,0.0,0.0,0.9557336568832397,0.5938454270362854,0.6772845387458801,0.0,0.0,0.0,0.0,-0.0,-0.0,-0.0,-0.0,0.0,0.0,0.0,-0.0,0.0,5800000.0,5900000.0,5900000.0,15.573369026184082,15.590462684631348,15.590462684631348,5900000.0,5866666.5,5850000.0,2400000.0,2333333.25,1.4137930870056152,1.3977272510528564,0.0,218.2664794921875,62.36185073852539,0,0,0,0,0,0.0,0.0,0.0,0.0,0.0,UNKNOWN,UNKNOWN,UNKNOWN,OPEN_SEX,OPEN_SEX,OPEN_SEX,UNKNOWN,UNKNOWN,UNKNOWN,0,0,0,0,0,0,0,0.08707162715454408,5,7,0.0,350.0,0,1,0,V1_LIGHTGBM,LightGBM CA:近走着差・勝ち馬強度・フィールド強度・基礎能力
2026-07-04,2026-0704-02-01-07-07,2021102312,1,2026-07-04,函館,芝,1200,grade:unknown|condition:13,unknown,13,UNKNOWN,0,OPEN_SEX,UNKNOWN,0,0,0,8200000.0,3300000.0,2100000.0,15620000.0,15.919645309448242,16.564062118530273,0,0.0,490.0,3.5,262.1000061035156,1,0,0,1,0,1,0,1,0,0,0.4952249526977539,0.5,0.0,0.5,0.0,1.0,0.5,0.0,0.8999999761581421,1.0,0.0,0,0.4880000054836273,0.035999998450279236,4,126.0,1,10,ストレイトアスク,10,16,1,0.0625,4,0.25,0.0,0.0,0.0,0.20000000298023224,2,7,4,14,7,5.0,12.0,3.0,3.0,6.666666507720947,6.699999809265137,0.1666666716337204,0.1666666716337204,0.25,0.15297818183898926,0.08014257252216339,0.08289660513401031,0.8333333134651184,0.7648909091949463,1200,1400,1600,grade:unknown|condition:13,grade:unknown|condition:14,grade:unknown|condition:13,1200,0.2408333271741867,0.20769231021404266,0.27636364102363586,0.16767682135105133,0.14181813597679138,0.15407854318618774,1.2041666507720947,2.492307662963867,0.8290908932685852,0.27636364102363586,0.24162976443767548,0.23799708485603333,-2.7236363887786865,0.2408333271741867,0.20769231021404266,0.27636364102363586,0.22452020645141602,0.18942400813102722,0.22942279279232025,0,38000000.0,20000000.0,15800000.0,12771429.0,10712500.0,7966666.5,6,5,0,0,0,0,0.4952249526977539,0.2458655685186386,0.45991483330726624,0.4952249526977539,0.2458655685186386,0.45991483330726624,0.0,0.0,0.0,0.0,0.0,0.0,0.4952249526977539,0.4003351330757141,0.41335511207580566,0.0,0.0,0.0,0.0,-0.0,-0.0,-0.0,-0.0,0.0,0.0,0.0,-0.0,0.0,8200000.0,8200000.0,8000000.0,15.919645309448242,15.919645309448242,15.894951820373535,8200000.0,8133333.5,8160000.0,0.0,66666.6640625,1.0,1.0081967115402222,79.59822082519531,191.03573608398438,47.68485641479492,0,0,0,0,0,0.0,0.0,0.0,0.0,0.0,UNKNOWN,UNKNOWN,UNKNOWN,OPEN_SEX,OPEN_SEX,OPEN_SEX,UNKNOWN,UNKNOWN,UNKNOWN,0,0,0,0,0,0,0,0.07329302366049573,6,7,1260.0,190.0,1,1,0,V1_LIGHTGBM,LightGBM CA:近走着差・勝ち馬強度・フィールド強度・基礎能力
2026-07-04,2026-0704-02-01-07-07,2023105199,0,2026-07-04,函館,芝,1200,grade:unknown|condition:13,unknown,13,UNKNOWN,0,OPEN_SEX,UNKNOWN,0,0,0,8200000.0,3300000.0,2100000.0,15620000.0,15.919645309448242,16.564062118530273,0,0.0,490.0,3.5,262.1000061035156,1,0,0,1,0,1,0,1,0,0,0.34253454208374023,0.5,0.0,0.5,0.0,0.20000000298023224,0.10000000149011612,0.0,0.8999999761581421,1.0,0.0,0,0.4880000054836273,0.035999998450279236,8,1120.0,9,2,キミノナハオリョウ,10,4,0,0.0,0,0.0,0.0,0.0,0.0,0.0,2,4,9,7,13,8.0,11.0,14.0,8.0,11.0,10.100000381469727,0.0,0.0,0.0,0.0,0.0,0.0,0.0,0.0,1200,1200,1600,grade:unknown|condition:12,grade:unknown|condition:12,grade:unknown|condition:11,1200,0.18666666746139526,0.39666667580604553,0.15555556118488312,0.10344770550727844,0.11087792366743088,0.12025794386863708,1.493333339691162,4.363333225250244,2.1777777671813965,0.39666667580604553,0.24629630148410797,0.24344444274902344,-7.813333511352539,0.20357142388820648,0.39666667580604553,0.290909081697464,0.18341270089149475,0.2405555546283722,0.23869463801383972,0,7500000.0,15800000.0,41000000.0,6200000.0,8571429.0,16375000.0,0,0,6,0,0,0,0.34253454208374023,0.4147348403930664,0.273030161857605,0.34253454208374023,0.4147348403930664,0.273030161857605,0.0,0.0,0.0,0.0,0.0,0.0,0.4147348403930664,0.3434331715106964,0.35029375553131104,0.0,0.0,0.0,0.0,-0.0,-0.0,-0.0,-0.0,0.0,0.0,0.0,-0.0,0.0,5800000.0,5900000.0,5600000.0,15.573369026184082,15.590462684631348,15.538277626037598,5900000.0,5766666.5,5790000.0,2400000.0,2433333.25,1.4137930870056152,1.4219653606414795,124.58695220947266,171.49508666992188,217.535888671875,0,0,0,0,0,0.0,0.0,0.0,0.0,0.0,UNKNOWN,UNKNOWN,UNKNOWN,OPEN_SEX,OPEN_SEX,OPEN_SEX,UNKNOWN,UNKNOWN,UNKNOWN,0,0,0,0,0,0,0,0.02990703742024428,7,7,0.0,0.0,0,0,0,V1_LIGHTGBM,LightGBM CA:近走着差・勝ち馬強度・フィールド強度・基礎能力
2026-07-04,2026-0704-02-01-07-07,2023106912,0,2026-07-04,函館,芝,1200,grade:unknown|condition:13,unknown,13,UNKNOWN,0,OPEN_SEX,UNKNOWN,0,0,0,8200000.0,3300000.0,2100000.0,15620000.0,15.919645309448242,16.564062118530273,0,0.0,490.0,3.5,262.1000061035156,1,0,0,1,0,1,0,1,0,0,0.2400009036064148,0.5,0.0,0.5,0.0,0.800000011920929,0.4000000059604645,0.0,0.8999999761581421,1.0,0.0,0,0.4880000054836273,0.035999998450279236,9,2003.0,10,8,ジュジュドール,10,6,1,0.1666666716337204,1,0.1666666716337204,0.0,0.0,0.0,0.0,3,6,10,13,8,13.0,22.0,7.0,7.0,14.0,14.5,0.25,0.1666666716337204,0.25,0.1476615071296692,0.24619047343730927,0.31805557012557983,3.25,1.9195996522903442,1200,1200,1200,grade:unknown|condition:13,grade:E|condition:12,grade:E|condition:12,1200,0.2849999964237213,0.2933333218097687,0.20769231021404266,0.1850576400756836,0.1850154846906662,0.19819645583629608,3.7049999237060547,6.453333377838135,1.4538460969924927,0.2933333218097687,0.26200854778289795,0.27203845977783203,-6.7923078536987305,0.2849999964237213,0.2933333218097687,0.35285714268684387,0.2638888955116272,0.2797008454799652,0.31231990456581116,0,11400000.0,52000000.0,52000000.0,9140000.0,18780000.0,20737500.0,0,7,7,0,0,0,0.2400009036064148,0.2529674172401428,0.34581929445266724,0.2400009036064148,0.2529674172401428,0.34581929445266724,0.0,0.0,0.0,0.0,0.0,0.0,0.34581929445266724,0.27959588170051575,0.2650545537471771,0.0,0.0,0.0,0.0,-0.0,-0.0,-0.0,-0.0,0.0,0.0,0.0,-0.0,0.0,8200000.0,11400000.0,11400000.0,15.919645309448242,16.24912452697754,16.24912452697754,11400000.0,10333333.0,9800000.0,0.0,-2133333.25,1.0,0.7935484051704407,206.95538330078125,357.480712890625,113.74386596679688,0,0,0,0,0,0.0,0.0,0.0,0.0,0.0,UNKNOWN,UNKNOWN,UNKNOWN,OPEN_SEX,OPEN_SEX,OPEN_SEX,UNKNOWN,UNKNOWN,UNKNOWN,0,0,0,0,0,0,0,0.028381726298306414,8,7,0.0,0.0,0,0,0,V1_LIGHTGBM,LightGBM CA:近走着差・勝ち馬強度・フィールド強度・基礎能力
2026-07-04,2026-0704-02-01-07-07,2021105715,0,2026-07-04,函館,芝,1200,grade:unknown|condition:13,unknown,13,UNKNOWN,0,OPEN_SEX,UNKNOWN,0,0,0,8200000.0,3300000.0,2100000.0,15620000.0,15.919645309448242,16.564062118530273,0,0.0,490.0,3.5,262.1000061035156,1,0,0,1,0,1,0,1,0,0,0.2000001221895218,0.5,0.0,0.5,0.0,0.6000000238418579,0.30000001192092896,0.0,0.8999999761581421,1.0,0.0,0,0.4880000054836273,0.035999998450279236,7,878.0,6,6,アルバニー,10,11,1,0.09090909361839294,2,0.1818181872367859,0.0,0.3333333432674408,0.0,0.20000000298023224,4,6,11,3,15,15.0,9.0,19.0,9.0,14.333333015441895,14.0,0.25,0.0833333358168602,0.1111111119389534,0.1476615071296692,0.06360946595668793,0.06264732033014297,3.75,2.2149226665496826,1200,1200,1200,grade:unknown|condition:13,grade:unknown|condition:14,grade:unknown|condition:14,1200,0.2849999964237213,0.21111111342906952,0.24705882370471954,0.1850576400756836,0.13776031136512756,0.15480415523052216,4.275000095367432,1.899999976158142,4.694117546081543,0.2849999964237213,0.2477233111858368,0.2552450895309448,-8.788888931274414,0.2849999964237213,0.2133333384990692,0.24705882370471954,0.2638888955116272,0.21206972002983093,0.23187674582004547,0,11400000.0,8200000.0,15800000.0,9140000.0,7269231.0,8608333.0,0,0,0,0,0,0,0.2000001221895218,0.5092458128929138,0.18141867220401764,0.2000001221895218,0.5092458128929138,0.18141867220401764,0.0,0.0,0.0,0.0,0.0,0.0,0.5092458128929138,0.29688820242881775,0.28905755281448364,0.0,0.0,0.0,0.0,-0.0,-0.0,-0.0,-0.0,0.0,0.0,0.0,-0.0,0.0,8200000.0,8200000.0,8200000.0,15.919645309448242,15.919645309448242,15.919645309448242,8200000.0,8200000.0,8200000.0,0.0,0.0,1.0,1.0,238.794677734375,143.2768096923828,302.4732666015625,0,0,0,0,0,0.0,0.0,0.0,0.0,0.0,UNKNOWN,UNKNOWN,UNKNOWN,OPEN_SEX,OPEN_SEX,OPEN_SEX,UNKNOWN,UNKNOWN,UNKNOWN,0,0,0,0,0,0,0,0.020856453689221337,9,7,0.0,0.0,0,0,0,V1_LIGHTGBM,LightGBM CA:近走着差・勝ち馬強度・フィールド強度・基礎能力
2026-07-04,2026-0704-02-01-07-07,2023109031,0,2026-07-04,函館,芝,1200,grade:unknown|condition:13,unknown,13,UNKNOWN,0,OPEN_SEX,UNKNOWN,0,0,0,8200000.0,3300000.0,2100000.0,15620000.0,15.919645309448242,16.564062118530273,0,0.0,490.0,3.5,262.1000061035156,1,0,0,1,0,1,0,1,0,0,0.0,0.3799999952316284,0.19390720129013062,0.3799999952316284,0.19390720129013062,0.4000000059604645,0.15199999511241913,0.0,0.8999999761581421,1.0,0.0,0,0.4880000054836273,0.035999998450279236,10,2303.0,7,4,ココソラーレ,10,12,0,0.0,1,0.0833333358168602,0.0,0.0,0.0,0.0,5,12,16,9,9,13.0,20.0,9.0,9.0,14.0,14.300000190734863,0.0,0.0,0.0,0.0,0.0,0.0,0.0,0.0,1800,1200,2000,grade:unknown|condition:12,grade:unknown|condition:12,grade:unknown|condition:12,1200,0.18000000715255737,0.18666666746139526,0.3258333206176758,0.11763366311788559,0.0963447168469429,0.10934456437826157,2.3399999141693115,3.7333333492279053,2.932499885559082,0.3258333206176758,0.23083333671092987,0.21116666495800018,-8.674166679382324,0.2549999952316284,0.18666666746139526,0.3258333206176758,0.1969444453716278,0.1415330022573471,0.2152777761220932,0,8200000.0,8200000.0,21000000.0,6660000.0,6625000.0,9028571.0,0,0,5,0,0,0,0.155734583735466,0.28923797607421875,0.3426206707954407,0.19071723520755768,0.28923797607421875,0.3549542725086212,-0.5416666865348816,0.0,-0.12916666269302368,0.25833332538604736,0.0,0.3819444477558136,0.3549542725086212,0.2783031463623047,0.25312086939811707,0.03498264029622078,0.0,0.012333623133599758,0.03498264029622078,0.13993056118488312,0.13993056118488312,-0.0,0.04933449253439903,0.25833332538604736,0.0,0.3819444477558136,0.5416666865348816,0.03414243459701538,5800000.0,5900000.0,5900000.0,15.573369026184082,15.590462684631348,15.590462684631348,5900000.0,5866666.5,5850000.0,2400000.0,2333333.25,1.4137930870056152,1.3977272510528564,202.45379638671875,311.80926513671875,140.3141632080078,0,0,0,0,0,0.0,0.0,0.0,0.0,0.0,UNKNOWN,UNKNOWN,UNKNOWN,OPEN_SEX,OPEN_SEX,OPEN_SEX,UNKNOWN,UNKNOWN,UNKNOWN,0,0,0,0,0,0,0,0.014393907787747757,10,7,0.0,0.0,0,0,0,V1_LIGHTGBM,LightGBM CA:近走着差・勝ち馬強度・フィールド強度・基礎能力
2026-07-04,2026-0704-02-01-07-08,2022104973,0,2026-07-04,函館,芝,2600,grade:unknown|condition:13,unknown,13,UNKNOWN,0,OPEN_SEX,UNKNOWN,0,0,0,8200000.0,3300000.0,2100000.0,15620000.0,15.919645309448242,16.564062118530273,1,-0.0793650820851326,260.0,3.5,262.1000061035156,1,0,0,1,0,0,0,0,0,0,0.6833124756813049,0.5078388452529907,0.2562558054924011,0.5078388452529907,0.2562558054924011,0.8571428656578064,0.4352904260158539,0.1428571492433548,0.5714285969734192,0.5714285969734192,0.2857142984867096,1,0.45761024951934814,0.21883311867713928,2,24.0,7,6,バズアップビート,7,12,1,0.0833333358168602,5,0.4166666567325592,0.0,0.3333333432674408,0.0,0.20000000298023224,4,6,2,4,9,1.0,4.0,4.0,1.0,3.0,2.5,0.3333333432674408,0.1111111119389534,0.0,0.11706461012363434,0.07129870355129242,0.039632175117731094,0.3333333432674408,0.11706461012363434,2600,1800,2000,grade:E|condition:13,grade:unknown|condition:14,grade:unknown|condition:14,2600,0.23333333432674408,0.2800000011920929,0.21714285016059875,0.14905986189842224,0.15015096962451935,0.16173343360424042,0.23333333432674408,1.1200000047683716,0.868571400642395,0.2800000011920929,0.24349206686019897,0.24409523606300354,-0.7666666507720947,0.23333333432674408,0.30000001192092896,0.29411765933036804,0.2176993489265442,0.2639215588569641,0.2591986358165741,0,11400000.0,54000000.0,11400000.0,9050000.0,15180000.0,8233333.5,0,7,0,0,0,0,0.6900089383125305,0.5030306577682495,0.32036885619163513,0.6833124756813049,0.5030306577682495,0.31867069005966187,0.3214285671710968,0.0,0.08241758495569229,0.0833333358168602,0.0,0.08241758495569229,0.6833124756813049,0.5016712546348572,0.5562995672225952,-0.0066964286379516125,0.0,-0.001698164502158761,0.0,-0.0,-0.02678571455180645,-0.0,-0.006792658008635044,0.0833333358168602,0.0,0.08241758495569229,-0.3214285671710968,-0.006892738398164511,11400000.0,8200000.0,8200000.0,16.24912452697754,15.919645309448242,15.919645309448242,11400000.0,9266667.0,9800000.0,-3200000.0,-1066666.625,0.719298243522644,0.8848921060562134,16.24912452697754,63.67858123779297,63.67858123779297,0,0,0,0,0,0.0,0.0,0.0,0.0,0.0,UNKNOWN,UNKNOWN,UNKNOWN,OPEN_SEX,OPEN_SEX,OPEN_SEX,UNKNOWN,UNKNOWN,UNKNOWN,0,0,0,0,0,0,0,0.24989654440813672,1,8,0.0,0.0,0,0,1,V1_LIGHTGBM,LightGBM CA:近走着差・勝ち馬強度・フィールド強度・基礎能力
2026-07-04,2026-0704-02-01-07-08,2023107005,1,2026-07-04,函館,芝,2600,grade:unknown|condition:13,unknown,13,UNKNOWN,0,OPEN_SEX,UNKNOWN,0,0,0,8200000.0,3300000.0,2100000.0,15620000.0,15.919645309448242,16.564062118530273,3,-0.0793650820851326,260.0,3.5,262.1000061035156,1,0,0,1,0,0,0,0,0,0,0.0,0.5,0.0,0.5,0.0,0.4285714328289032,0.2142857164144516,0.1428571492433548,0.5714285969734192,0.5714285969734192,0.2857142984867096,1,0.45761024951934814,0.21883311867713928,1,16.0,1,3,ダノンヒストリー,7,2,1,0.5,1,0.5,0.5,0.5,0.5,0.5,0,2,7,1,0,10.0,0.0,0.0,0.0,5.0,5.0,0.5,0.0,0.0,0.5861111283302307,0.0,0.0,5.0,5.861111164093018,1800,1800,0,grade:B|condition:11,grade:unknown|condition:11,unknown,2600,0.2849999964237213,0.17142857611179352,0.0,0.23028740286827087,0.19792790710926056,0.0,2.8499999046325684,0.0,0.0,0.2849999964237213,0.22821427881717682,0.1939285695552826,0.17142857611179352,0.3054545521736145,0.2849999964237213,0.0,0.29863637685775757,0.2624242305755615,0.0,0,300000000.0,38000000.0,0.0,110220000.0,22750000.0,0.0,8,7,0,7,0,0,0.3818363547325134,0.9583041667938232,0.0,0.3818363547325134,0.9583041667938232,0.0,0.0,0.0,0.0,0.0,0.0,0.0,0.9583041667938232,0.670070230960846,0.47840940952301025,0.0,0.0,0.0,0.0,-0.0,-0.0,-0.0,0.0,0.0,0.0,0.0,-0.0,0.0,38000000.0,7500000.0,0.0,17.453096389770508,15.830413818359375,0.0,38000000.0,22750000.0,21250000.0,-29800000.0,-14550000.0,0.21578946709632874,0.36043956875801086,174.5309600830078,0.0,0.0,0,7,0,0,7,3.5,3.5,70.0,0.0,0.0,G2,UNKNOWN,UNKNOWN,OPEN_SEX,OPEN_SEX,UNKNOWN,TWO_YEAR_OLD_ONLY,UNKNOWN,UNKNOWN,0,0,0,-7,0,0,1,0.19426591408479166,2,8,160.0,150.0,1,1,0,V1_LIGHTGBM,LightGBM CA:近走着差・勝ち馬強度・フィールド強度・基礎能力
2026-07-04,2026-0704-02-01-07-08,2020105796,0,2026-07-04,函館,芝,2600,grade:unknown|condition:13,unknown,13,UNKNOWN,0,OPEN_SEX,UNKNOWN,0,0,0,8200000.0,3300000.0,2100000.0,15620000.0,15.919645309448242,16.564062118530273,7,-0.0793650820851326,260.0,3.5,262.1000061035156,1,0,0,1,0,0,0,0,0,0,0.5510091185569763,0.38256409764289856,0.335254430770874,0.38256409764289856,0.335254430770874,1.0,0.38256409764289856,0.1428571492433548,0.5714285969734192,0.5714285969734192,0.2857142984867096,1,0.45761024951934814,0.21883311867713928,3,84.0,5,7,ペリプルス,7,43,1,0.023255813866853714,7,0.1627907007932663,0.0,0.3333333432674408,0.0,0.20000000298023224,5,13,3,6,12,2.0,14.0,14.0,2.0,10.0,8.0,0.3333333432674408,0.1666666716337204,0.125,0.11706461012363434,0.058844178915023804,0.058658067137002945,0.6666666865348816,0.23412922024726868,2600,2600,2600,grade:E|condition:13,grade:E|condition:14,grade:unknown|condition:14,2600,0.23333333432674408,0.21250000596046448,0.20000000298023224,0.14905986189842224,0.14742501080036163,0.15408571064472198,0.46666666865348816,2.9749999046325684,2.799999952316284,0.23333333432674408,0.2152777761220932,0.22041666507720947,-1.7666666507720947,0.23333333432674408,0.22499999403953552,0.29076921939849854,0.2176993489265442,0.21488095819950104,0.2476806491613388,0,11400000.0,11400000.0,15800000.0,9050000.0,9700000.0,8490000.0,0,0,0,0,0,0,0.5398483872413635,0.46249157190322876,0.24573524296283722,0.5510091185569763,0.46325546503067017,0.23758405447006226,-0.5357142686843872,-0.05000000074505806,0.32967033982276917,0.0833333358168602,0.06111111119389534,0.09890110045671463,0.5510091185569763,0.4172828793525696,0.46199801564216614,0.01116071455180645,0.0007638888782821596,-0.008151189424097538,0.01116071455180645,0.0446428582072258,0.0446428582072258,0.0030555555131286383,-0.03260475769639015,0.0833333358168602,0.06111111119389534,0.09890110045671463,0.5357142686843872,0.011487897485494614,11400000.0,11400000.0,8200000.0,16.24912452697754,16.24912452697754,15.919645309448242,11400000.0,10333333.0,10760000.0,-3200000.0,-2133333.25,0.719298243522644,0.7935484051704407,32.49824905395508,227.48773193359375,222.87503051757812,0,0,0,0,0,0.0,0.0,0.0,0.0,0.0,UNKNOWN,UNKNOWN,UNKNOWN,OPEN_SEX,OPEN_SEX,OPEN_SEX,UNKNOWN,UNKNOWN,UNKNOWN,0,0,0,0,0,0,0,0.09685421229169493,3,8,0.0,0.0,0,0,0,V1_LIGHTGBM,LightGBM CA:近走着差・勝ち馬強度・フィールド強度・基礎能力
2026-07-04,2026-0704-02-01-07-08,2023105261,0,2026-07-04,函館,芝,2600,grade:unknown|condition:13,unknown,13,UNKNOWN,0,OPEN_SEX,UNKNOWN,0,0,0,8200000.0,3300000.0,2100000.0,15620000.0,15.919645309448242,16.564062118530273,4,-0.0793650820851326,260.0,3.5,262.1000061035156,1,0,0,1,0,0,0,0,0,0,0.20818698406219482,0.15338827669620514,0.1493677943944931,0.15338827669620514,0.1493677943944931,0.5714285969734192,0.08765044808387756,0.1428571492433548,0.5714285969734192,0.5714285969734192,0.2857142984867096,1,0.45761024951934814,0.21883311867713928,5,178.0,2,4,アスクファイアモア,7,4,1,0.25,1,0.25,0.3333333432674408,0.3333333432674408,0.25,0.25,4,4,8,1,8,12.0,0.0,8.0,0.0,6.666666507720947,7.599999904632568,0.3333333432674408,0.0,0.0,0.11706461012363434,0.0,0.0,4.0,1.4047752618789673,2600,2600,2200,grade:E|condition:13,grade:unknown|condition:12,grade:unknown|condition:12,2600,0.23333333432674408,0.15555556118488312,0.23333333432674408,0.14905986189842224,0.09603475034236908,0.12609127163887024,2.799999952316284,0.0,1.8666666746139526,0.23333333432674408,0.2074074000120163,0.20999999344348907,0.15555556118488312,0.23333333432674408,0.1733333319425583,0.2549999952316284,0.2176993489265442,0.15326599776744843,0.22777777910232544,0,11400000.0,11400000.0,8200000.0,9050000.0,7275000.0,6475000.0,0,0,0,0,0,0,0.20000246167182922,0.9559046030044556,0.340654194355011,0.20818698406219482,0.9601903557777405,0.35913023352622986,-0.3928571343421936,-0.30000001192092896,-0.593406617641449,0.0833333358168602,0.05714285746216774,0.12454212456941605,0.9601903557777405,0.5091691613197327,0.46397665143013,0.00818452425301075,0.004285714123398066,0.018476029857993126,0.018476029857993126,0.0739041194319725,0.032738097012043,0.017142856493592262,0.0739041194319725,0.0833333358168602,0.05714285746216774,0.12454212456941605,0.3928571343421936,0.008424458093941212,11400000.0,5900000.0,5900000.0,16.24912452697754,15.590462684631348,15.590462684631348,11400000.0,7733333.5,8650000.0,-3200000.0,466666.65625,0.719298243522644,1.0603448152542114,194.98948669433594,0.0,124.72370147705078,0,0,0,0,0,0.0,0.0,0.0,0.0,0.0,UNKNOWN,UNKNOWN,UNKNOWN,OPEN_SEX,OPEN_SEX,OPEN_SEX,UNKNOWN,UNKNOWN,UNKNOWN,0,0,0,0,0,0,0,0.09622635263142053,4,8,0.0,440.0,0,1,0,V1_LIGHTGBM,LightGBM CA:近走着差・勝ち馬強度・フィールド強度・基礎能力
2026-07-04,2026-0704-02-01-07-08,2023106495,0,2026-07-04,函館,芝,2600,grade:unknown|condition:13,unknown,13,UNKNOWN,0,OPEN_SEX,UNKNOWN,0,0,0,8200000.0,3300000.0,2100000.0,15620000.0,15.919645309448242,16.564062118530273,4,-0.0793650820851326,260.0,3.5,262.1000061035156,1,0,0,1,0,0,0,0,0,0,0.0,0.8571428656578064,0.0,0.8571428656578064,0.0,0.7142857313156128,0.6122449040412903,0.1428571492433548,0.5714285969734192,0.5714285969734192,0.2857142984867096,1,0.45761024951934814,0.21883311867713928,7,1064.0,6,5,ニューアライブ,7,1,0,0.0,0,0.0,0.0,0.0,0.0,0.0,0,1,5,0,0,15.0,0.0,0.0,15.0,15.0,7.5,0.5,0.0,0.0,0.125,0.0,0.0,7.5,1.875,1800,0,0,grade:E|condition:11,unknown,unknown,2600,0.2849999964237213,0.0,0.0,0.1444036066532135,0.0,0.0,4.275000095367432,0.0,0.0,0.2849999964237213,0.2849999964237213,0.14249999821186066,-14.71500015258789,0.2849999964237213,0.0,0.0,0.23549145460128784,0.0,0.0,0,300000000.0,0.0,0.0,79900000.0,0.0,0.0,8,0,0,0,0,0,0.3714286983013153,0.0,0.0,0.37007346749305725,0.0,0.0,0.3035714328289032,0.0,0.0,0.01785714365541935,0.0,0.0,0.37007346749305725,0.37007346749305725,0.18503673374652863,-0.0013552296441048384,0.0,0.0,-0.0013552296441048384,-0.0054209185764193535,-0.0054209185764193535,0.0,0.0,0.01785714365541935,0.0,0.0,-0.3035714328289032,-0.0014649791410192847,16000000.0,0.0,0.0,16.588098526000977,0.0,0.0,16000000.0,16000000.0,8000000.0,-7800000.0,-7800000.0,0.512499988079071,0.512499988079071,248.8214874267578,0.0,0.0,0,0,0,0,0,0.0,0.0,0.0,0.0,0.0,UNKNOWN,UNKNOWN,UNKNOWN,OPEN_SEX,UNKNOWN,UNKNOWN,UNKNOWN,UNKNOWN,UNKNOWN,0,0,0,0,0,0,0,0.08799046497659681,5,8,0.0,0.0,0,0,0,V1_LIGHTGBM,LightGBM CA:近走着差・勝ち馬強度・フィールド強度・基礎能力
2026-07-04,2026-0704-02-01-07-08,2023104156,0,2026-07-04,函館,芝,2600,grade:unknown|condition:13,unknown,13,UNKNOWN,0,OPEN_SEX,UNKNOWN,0,0,0,8200000.0,3300000.0,2100000.0,15620000.0,15.919645309448242,16.564062118530273,2,-0.0793650820851326,260.0,3.5,262.1000061035156,1,0,0,1,0,0,0,0,0,0,0.0,0.583809494972229,0.34016937017440796,0.583809494972229,0.34016937017440796,0.1428571492433548,0.08340135961771011,0.1428571492433548,0.5714285969734192,0.5714285969734192,0.2857142984867096,1,0.45761024951934814,0.21883311867713928,4,162.0,4,1,グランアルト,7,8,1,0.125,1,0.125,0.0,0.0,0.20000000298023224,0.20000000298023224,5,8,6,6,4,10.0,21.0,7.0,7.0,12.666666984558105,12.699999809265137,0.1428571492433548,0.25,0.25,0.13643579185009003,0.261904776096344,0.2720237970352173,1.4285714626312256,1.364357829093933,2000,2000,2000,grade:unknown|condition:13,grade:E|condition:12,grade:unknown|condition:12,2600,0.29076921939849854,0.3199999928474426,0.3054545521736145,0.18324868381023407,0.17826548218727112,0.1698320358991623,2.9076921939849854,6.71999979019165,2.1381819248199463,0.3199999928474426,0.30540791153907776,0.3024755120277405,-6.694545269012451,0.29076921939849854,0.3199999928474426,0.3054545521736145,0.24803419411182404,0.27348485589027405,0.2350049912929535,0,11400000.0,15800000.0,54000000.0,7125000.0,9983333.0,16983334.0,0,0,7,0,0,0,0.38778603076934814,0.2666666805744171,0.4289361834526062,0.3679099977016449,0.27346938848495483,0.4400968849658966,-0.23636363446712494,-0.190476194024086,-0.25,-0.33636364340782166,0.1428571492433548,0.1785714328289032,0.4400968849658966,0.36049211025238037,0.35401520133018494,-0.019876033067703247,0.006802720949053764,0.01116071455180645,0.01116071455180645,0.0446428582072258,-0.07950413227081299,0.027210883796215057,0.0446428582072258,-0.33636364340782166,0.1428571492433548,0.1785714328289032,0.23636363446712494,-0.021600307896733284,8200000.0,11400000.0,8200000.0,15.919645309448242,16.24912452697754,15.919645309448242,11400000.0,9266667.0,9160000.0,0.0,-1066666.625,1.0,0.8848921060562134,159.19644165039062,341.2315979003906,111.43751525878906,0,0,0,0,0,0.0,0.0,0.0,0.0,0.0,UNKNOWN,UNKNOWN,UNKNOWN,OPEN_SEX,OPEN_SEX,OPEN_SEX,UNKNOWN,UNKNOWN,UNKNOWN,0,0,0,0,0,0,0,0.0865860912897058,6,8,0.0,0.0,0,0,0,V1_LIGHTGBM,LightGBM CA:近走着差・勝ち馬強度・フィールド強度・基礎能力
2026-07-04,2026-0704-02-01-07-08,2022104164,0,2026-07-04,函館,芝,2600,grade:unknown|condition:13,unknown,13,UNKNOWN,0,OPEN_SEX,UNKNOWN,0,0,0,8200000.0,3300000.0,2100000.0,15620000.0,15.919645309448242,16.564062118530273,6,-0.0793650820851326,260.0,3.5,262.1000061035156,1,0,0,1,0,0,0,0,0,0,0.2567635476589203,0.2185281366109848,0.24446426331996918,0.2185281366109848,0.24446426331996918,0.2857142984867096,0.06243661046028137,0.1428571492433548,0.5714285969734192,0.5714285969734192,0.2857142984867096,1,0.45761024951934814,0.21883311867713928,6,949.0,3,2,サイモンイロハニー,7,18,0,0.0,0,0.0,0.0,0.0,0.0,0.0,3,11,7,13,10,7.0,13.0,16.0,7.0,12.0,10.600000381469727,0.3333333432674408,0.0,0.0833333358168602,0.11706461012363434,0.05448853597044945,0.059287238866090775,2.3333332538604736,0.8194522261619568,2600,1800,2400,grade:E|condition:13,grade:unknown|condition:14,grade:unknown|condition:14,2600,0.23333333432674408,0.3052631616592407,0.24761904776096344,0.14905986189842224,0.1291532665491104,0.14880956709384918,1.6333333253860474,3.96842098236084,3.961904764175415,0.3052631616592407,0.2620718479156494,0.2577694356441498,-6.766666889190674,0.23333333432674408,0.3052631616592407,0.28333333134651184,0.2176993489265442,0.24722446501255035,0.2527416944503784,0,11400000.0,8200000.0,18700000.0,9050000.0,6714285.5,8643750.0,0,0,0,0,0,0,0.2575076222419739,0.23919735848903656,0.24859043955802917,0.2567635476589203,0.24313977360725403,0.2537987530231476,0.0357142873108387,-0.4541666805744171,-0.0833333358168602,0.0833333358168602,0.0347222238779068,0.25,0.2567635476589203,0.2512340247631073,0.2520834803581238,-0.0007440476329065859,0.003942418843507767,0.0052083334885537624,0.0052083334885537624,0.02083333395421505,-0.0029761905316263437,0.015769675374031067,0.02083333395421505,0.0833333358168602,0.0347222238779068,0.25,-0.0357142873108387,-0.0007658597896806896,11400000.0,8200000.0,8200000.0,16.24912452697754,15.919645309448242,15.919645309448242,11400000.0,9266667.0,9800000.0,-3200000.0,-1066666.625,0.719298243522644,0.8848921060562134,113.74386596679688,206.95538330078125,254.71432495117188,0,0,0,0,0,0.0,0.0,0.0,0.0,0.0,UNKNOWN,UNKNOWN,UNKNOWN,OPEN_SEX,OPEN_SEX,OPEN_SEX,UNKNOWN,UNKNOWN,UNKNOWN,0,0,0,0,0,0,0,0.025055081739402227,7,8,0.0,0.0,0,1,0,V1_LIGHTGBM,LightGBM CA:近走着差・勝ち馬強度・フィールド強度・基礎能力
2026-07-04,2026-0704-02-01-07-09,2023103351,0,2026-07-04,函館,芝,1800,grade:E|condition:13,E,13,UNKNOWN,0,OPEN_SEX,UNKNOWN,0,0,0,11400000.0,4600000.0,2900000.0,21740000.0,16.24912452697754,16.894664764404297,3,0.2361111044883728,275.0,3.5,262.1000061035156,0,1,0,1,0,1,0,1,0,0,0.7045066356658936,0.7510101199150085,0.05508524551987648,0.7510101199150085,0.05508524551987648,0.7777777910232544,0.5841189622879028,0.3333333432674408,0.5555555820465088,0.6666666865348816,0.0,3,0.5980664491653442,0.18250897526741028,1,36.0,2,7,グレーヌドジョワ,9,8,1,0.125,3,0.375,0.0,0.3333333432674408,0.20000000298023224,0.4000000059604645,4,8,2,11,7,1.0,18.0,8.0,1.0,9.0,7.5,0.20000000298023224,0.3333333432674408,0.20000000298023224,0.14831329882144928,0.4244047701358795,0.3400000035762787,0.20000000298023224,0.14831329882144928,1800,2200,2000,grade:unknown|condition:13,grade:E|condition:12,grade:E|condition:12,1800,0.3054545521736145,0.2181818187236786,0.2691666781902313,0.17618045210838318,0.1922004371881485,0.20930632948875427,0.3054545521736145,3.9272727966308594,2.1533334255218506,0.3054545521736145,0.2642676830291748,0.27201515436172485,-0.6945454478263855,0.3054545521736145,0.23999999463558197,0.2691666781902313,0.23660901188850403,0.2313888818025589,0.2571464776992798,0,38000000.0,300000000.0,41000000.0,13150000.0,65416668.0,16228571.0,7,8,6,0,0,0,0.701903760433197,0.23636364936828613,0.3334675133228302,0.7045066356658936,0.22666437923908234,0.3447020947933197,0.25555557012557983,0.19696970283985138,0.15555556118488312,-0.040740739554166794,0.19696970283985138,-0.2888889014720917,0.7045066356658936,0.4252910315990448,0.48919305205345154,0.0026028805878013372,-0.009699265472590923,0.011234567500650883,0.011234567500650883,0.04493827000260353,0.010411522351205349,-0.03879706189036369,0.04493827000260353,-0.040740739554166794,0.19696970283985138,-0.2888889014720917,-0.25555557012557983,0.0029097881633788347,8200000.0,11400000.0,11400000.0,15.919645309448242,16.24912452697754,16.24912452697754,11400000.0,10333333.0,9800000.0,3200000.0,1066666.625,1.3902438879013062,1.103225827217102,15.919645309448242,292.4842224121094,129.9929962158203,0,0,0,0,0,0.0,0.0,0.0,0.0,0.0,UNKNOWN,UNKNOWN,UNKNOWN,OPEN_SEX,OPEN_SEX,OPEN_SEX,UNKNOWN,UNKNOWN,UNKNOWN,0,0,0,0,0,0,0,0.15697600118839955,1,9,0.0,140.0,0,1,0,V1_LIGHTGBM,LightGBM CA:近走着差・勝ち馬強度・フィールド強度・基礎能力
2026-07-04,2026-0704-02-01-07-09,2022102135,0,2026-07-04,函館,芝,1800,grade:E|condition:13,E,13,UNKNOWN,0,OPEN_SEX,UNKNOWN,0,0,0,11400000.0,4600000.0,2900000.0,21740000.0,16.24912452697754,16.894664764404297,6,0.2361111044883728,275.0,3.5,262.1000061035156,0,1,0,1,0,1,0,1,0,0,0.4858189523220062,0.5555555820465088,0.1111111119389534,0.5555555820465088,0.1111111119389534,0.3333333432674408,0.18518517911434174,0.3333333432674408,0.5555555820465088,0.6666666865348816,0.0,3,0.5980664491653442,0.18250897526741028,2,40.0,5,3,ゴーゴータカシ,9,22,1,0.04545454680919647,6,0.27272728085517883,0.0,1.0,0.0,0.6000000238418579,7,12,3,2,2,7.0,1.0,1.0,1.0,3.0,4.0,0.1111111119389534,0.125,0.0,0.06305916607379913,0.06688188761472702,0.0318840816617012,0.7777777910232544,0.44141414761543274,1800,1800,1800,grade:E|condition:13,grade:unknown|condition:14,grade:E|condition:14,1800,0.2800000011920929,0.20357142388820648,0.15555556118488312,0.1559581458568573,0.13036856055259705,0.12699533998966217,1.9600000381469727,0.20357142388820648,0.15555556118488312,0.2800000011920929,0.21304233372211456,0.23218253254890442,-0.7964285612106323,0.2800000011920929,0.2442857176065445,0.1882352977991104,0.2429487109184265,0.20854496955871582,0.17650170624256134,0,54000000.0,10700000.0,15800000.0,13440000.0,8144444.5,8361538.5,7,0,0,0,0,0,0.49618932604789734,0.6913481950759888,0.6763097047805786,0.4858189523220062,0.6913481950759888,0.6763097047805786,0.2666666805744171,0.0,0.0,0.15555556118488312,0.0,0.0,0.6913481950759888,0.6178256273269653,0.5855758786201477,-0.010370370000600815,0.0,0.0,0.0,-0.0,-0.04148148000240326,-0.0,-0.0,0.15555556118488312,0.0,0.0,-0.2666666805744171,-0.011329174973070621,11400000.0,8200000.0,11400000.0,16.24912452697754,15.919645309448242,16.24912452697754,11400000.0,10333333.0,10440000.0,0.0,1066666.625,1.0,1.103225827217102,113.74386596679688,15.919645309448242,16.24912452697754,0,0,0,0,0,0.0,0.0,0.0,0.0,0.0,UNKNOWN,UNKNOWN,UNKNOWN,OPEN_SEX,OPEN_SEX,OPEN_SEX,UNKNOWN,UNKNOWN,UNKNOWN,0,0,0,0,0,0,0,0.13954395018011997,2,9,0.0,0.0,0,0,0,V1_LIGHTGBM,LightGBM CA:近走着差・勝ち馬強度・フィールド強度・基礎能力
2026-07-04,2026-0704-02-01-07-09,2023102178,0,2026-07-04,函館,芝,1800,grade:E|condition:13,E,13,UNKNOWN,0,OPEN_SEX,UNKNOWN,0,0,0,11400000.0,4600000.0,2900000.0,21740000.0,16.24912452697754,16.894664764404297,6,0.2361111044883728,275.0,3.5,262.1000061035156,0,1,0,1,0,1,0,1,0,0,0.38000890612602234,0.49570706486701965,0.1901746541261673,0.49570706486701965,0.1901746541261673,0.4444444477558136,0.22031424939632416,0.3333333432674408,0.5555555820465088,0.6666666865348816,0.0,3,0.5980664491653442,0.18250897526741028,4,52.0,8,4,タイキルッジェーロ,9,4,1,0.25,1,0.25,0.0,0.0,0.25,0.25,3,4,6,11,8,5.0,8.0,15.0,5.0,9.333333015441895,7.900000095367432,0.20000000298023224,0.3333333432674408,0.25,0.14831329882144928,0.3541666567325592,0.3722222149372101,1.0,0.74156653881073,1800,1800,1800,grade:unknown|condition:13,grade:B|condition:12,grade:E|condition:12,1800,0.3054545521736145,0.2849999964237213,0.3149999976158142,0.17618045210838318,0.20971478521823883,0.2011965811252594,1.5272727012634277,2.2799999713897705,4.724999904632568,0.3149999976158142,0.30181819200515747,0.30122727155685425,-4.694545269012451,0.3054545521736145,0.2849999964237213,0.3149999976158142,0.23660901188850403,0.2844444513320923,0.25611111521720886,0,38000000.0,300000000.0,11400000.0,13150000.0,74600000.0,8240000.0,7,8,0,0,7,0,0.3796693980693817,0.3334675133228302,0.3454546630382538,0.38000890612602234,0.3197001516819,0.3550248146057129,0.03333333507180214,-0.32499998807907104,0.17424242198467255,-0.040740739554166794,-0.16944444179534912,-0.21969696879386902,0.38000890612602234,0.3515779674053192,0.35691946744918823,0.0003395061648916453,-0.013767360709607601,0.009570132941007614,0.009570132941007614,0.03828053176403046,0.0013580246595665812,-0.055069442838430405,0.03828053176403046,-0.040740739554166794,-0.16944444179534912,-0.21969696879386902,-0.03333333507180214,0.0003795376105699688,8200000.0,54000000.0,11400000.0,15.919645309448242,17.804494857788086,16.24912452697754,54000000.0,24533334.0,22580000.0,3200000.0,-13133333.0,1.3902438879013062,0.4646739065647125,79.59822082519531,142.4359588623047,243.7368621826172,0,0,7,0,7,2.3333332538604736,2.0999999046325684,0.0,56.0,0.0,UNKNOWN,G2,UNKNOWN,OPEN_SEX,OPEN_SEX,OPEN_SEX,UNKNOWN,UNKNOWN,UNKNOWN,0,0,0,0,0,0,0,0.12839069033202571,3,9,0.0,0.0,0,0,0,V1_LIGHTGBM,LightGBM CA:近走着差・勝ち馬強度・フィールド強度・基礎能力
2026-07-04,2026-0704-02-01-07-09,2022106231,1,2026-07-04,函館,芝,1800,grade:E|condition:13,E,13,UNKNOWN,0,OPEN_SEX,UNKNOWN,0,0,0,11400000.0,4600000.0,2900000.0,21740000.0,16.24912452697754,16.894664764404297,1,0.2361111044883728,275.0,3.5,262.1000061035156,0,1,0,1,0,1,0,1,0,0,0.4839525818824768,0.9833333492279053,0.03333333507180214,0.9833333492279053,0.03333333507180214,0.6666666865348816,0.6555555462837219,0.3333333432674408,0.5555555820465088,0.6666666865348816,0.0,3,0.5980664491653442,0.18250897526741028,5,64.0,1,6,ウインベラーノ,9,14,1,0.0714285746216774,6,0.4285714328289032,0.0,0.0,0.0,0.20000000298023224,3,5,4,10,8,3.0,14.0,12.0,3.0,9.666666984558105,8.100000381469727,0.20000000298023224,0.10000000149011612,0.1666666716337204,0.14831329882144928,0.06553357094526291,0.07403415441513062,0.6000000238418579,0.44493991136550903,1800,1800,1800,grade:unknown|condition:13,grade:E|condition:14,grade:unknown|condition:14,1800,0.3054545521736145,0.4000000059604645,0.23071429133415222,0.17618045210838318,0.1728687882423401,0.20270676910877228,0.9163636565208435,5.599999904632568,2.768571376800537,0.4000000059604645,0.3120562732219696,0.3188701272010803,-2.6945455074310303,0.3054545521736145,0.4000000059604645,0.4000000059604645,0.23660901188850403,0.2876923084259033,0.3033333420753479,0,38000000.0,41000000.0,15800000.0,13150000.0,12830769.0,8600000.0,7,6,0,0,0,0,0.48577794432640076,0.25521883368492126,0.3591988980770111,0.4906441867351532,0.24632306396961212,0.35834968090057373,0.47777777910232544,0.469696968793869,0.39743590354919434,-0.040740739554166794,0.07575757801532745,0.008547008968889713,0.4906441867351532,0.36510565876960754,0.3908889591693878,0.004866254981607199,-0.008895776234567165,-0.0008492220076732337,0.004866254981607199,0.019465019926428795,0.019465019926428795,-0.03558310493826866,-0.003396888030692935,-0.040740739554166794,0.07575757801532745,0.008547008968889713,-0.47777777910232544,0.005440039094537497,8200000.0,11400000.0,8200000.0,15.919645309448242,16.24912452697754,15.919645309448242,11400000.0,9266667.0,9160000.0,3200000.0,2133333.25,1.3902438879013062,1.2302157878875732,47.758934020996094,227.48773193359375,191.03573608398438,0,0,0,0,0,0.0,0.0,0.0,0.0,0.0,UNKNOWN,UNKNOWN,UNKNOWN,OPEN_SEX,OPEN_SEX,OPEN_SEX,UNKNOWN,UNKNOWN,UNKNOWN,0,0,0,0,0,0,0,0.09554424478485445,4,9,640.0,190.0,1,1,0,V1_LIGHTGBM,LightGBM CA:近走着差・勝ち馬強度・フィールド強度・基礎能力
2026-07-04,2026-0704-02-01-07-09,2022106645,0,2026-07-04,函館,芝,1800,grade:E|condition:13,E,13,UNKNOWN,0,OPEN_SEX,UNKNOWN,0,0,0,11400000.0,4600000.0,2900000.0,21740000.0,16.24912452697754,16.894664764404297,5,0.2361111044883728,275.0,3.5,262.1000061035156,0,1,0,1,0,1,0,1,0,0,0.0,0.7266666889190674,0.15549205243587494,0.7266666889190674,0.15549205243587494,0.1111111119389534,0.08074074238538742,0.3333333432674408,0.5555555820465088,0.6666666865348816,0.0,3,0.5980664491653442,0.18250897526741028,3,48.0,3,1,グランセゾン,9,10,1,0.10000000149011612,4,0.4000000059604645,0.0,0.3333333432674408,0.0,0.4000000059604645,3,9,2,10,6,2.0,12.0,5.0,2.0,6.333333492279053,5.599999904632568,0.05263157933950424,0.0,0.09090909361839294,0.06171714887022972,0.05448853597044945,0.12184331566095352,0.10526315867900848,0.12343429774045944,1800,1800,1800,grade:unknown|condition:14,grade:unknown|condition:14,grade:unknown|condition:14,1800,0.20769231021404266,0.3052631616592407,0.29523810744285583,0.12767094373703003,0.1291532665491104,0.17197400331497192,0.4153846204280853,3.6631579399108887,1.476190447807312,0.3052631616592407,0.2693978548049927,0.2544727325439453,-1.792307734489441,0.2133333384990692,0.3052631616592407,0.29523810744285583,0.2038339376449585,0.24722446501255035,0.24403361976146698,0,20000000.0,8200000.0,15800000.0,8733333.0,6714285.5,9300000.0,5,0,0,0,0,0,0.5971902012825012,0.3191989064216614,0.44674012064933777,0.5968950986862183,0.3156181871891022,0.45194411277770996,0.14166666567325592,0.4124999940395355,0.13750000298023224,0.008333333767950535,0.0347222238779068,-0.15138888359069824,0.5968950986862183,0.45481911301612854,0.48352181911468506,-0.00029513888875953853,-0.0035807292442768812,0.005203993059694767,0.005203993059694767,0.020815972238779068,-0.0011805555550381541,-0.014322916977107525,0.020815972238779068,0.008333333767950535,0.0347222238779068,-0.15138888359069824,-0.14166666567325592,-0.0003010854998137802,8200000.0,8200000.0,8200000.0,15.919645309448242,15.919645309448242,15.919645309448242,8200000.0,8200000.0,8200000.0,3200000.0,3200000.0,1.3902438879013062,1.3902438879013062,31.839290618896484,191.03573608398438,79.59822082519531,0,0,0,0,0,0.0,0.0,0.0,0.0,0.0,UNKNOWN,UNKNOWN,UNKNOWN,OPEN_SEX,OPEN_SEX,OPEN_SEX,UNKNOWN,UNKNOWN,UNKNOWN,0,0,0,0,0,0,0,0.08699877793158538,5,9,0.0,150.0,0,1,0,V1_LIGHTGBM,LightGBM CA:近走着差・勝ち馬強度・フィールド強度・基礎能力
2026-07-04,2026-0704-02-01-07-09,2022105817,0,2026-07-04,函館,芝,1800,grade:E|condition:13,E,13,UNKNOWN,0,OPEN_SEX,UNKNOWN,0,0,0,11400000.0,4600000.0,2900000.0,21740000.0,16.24912452697754,16.894664764404297,2,0.2361111044883728,275.0,3.5,262.1000061035156,0,1,0,1,0,1,0,1,0,0,0.0,0.6181640028953552,0.22888177633285522,0.6181640028953552,0.22888177633285522,0.5555555820465088,0.3434244394302368,0.3333333432674408,0.5555555820465088,0.6666666865348816,0.0,3,0.5980664491653442,0.18250897526741028,6,114.0,4,5,アルディスティーノ,9,11,1,0.09090909361839294,2,0.1818181872367859,0.0,0.0,0.0,0.0,4,7,5,8,4,5.0,15.0,4.0,4.0,8.0,7.800000190734863,0.1666666716337204,0.125,0.0,0.19467592239379883,0.11994618922472,0.11051787436008453,0.8333333134651184,0.9733796119689941,2000,2000,2000,grade:E|condition:13,grade:unknown|condition:14,grade:unknown|condition:14,1800,0.3258333206176758,0.2800000011920929,0.145454540848732,0.1953406035900116,0.20078536868095398,0.17038393020629883,1.6291667222976685,4.199999809265137,0.581818163394928,0.3258333206176758,0.25042930245399475,0.2760075628757477,-3.8545453548431396,0.3258333206176758,0.3466666638851166,0.3466666638851166,0.2537963092327118,0.3142330050468445,0.3121957778930664,0,21000000.0,15800000.0,15800000.0,9028571.0,7790000.0,9850000.0,5,0,0,0,0,0,0.4530652165412903,0.3508632481098175,0.49593445658683777,0.45196041464805603,0.36729979515075684,0.5010179877281189,-0.0833333358168602,0.38461539149284363,-0.18300653994083405,-0.05303030461072922,-0.17094017565250397,0.1111111119389534,0.5010179877281189,0.4400927424430847,0.4363737404346466,-0.0011047979351133108,0.016436554491519928,0.005083514843136072,0.016436554491519928,0.06574621796607971,-0.004419191740453243,0.06574621796607971,0.02033405937254429,-0.05303030461072922,-0.17094017565250397,0.1111111119389534,0.0833333358168602,-0.0012575800064951181,11400000.0,8200000.0,8200000.0,16.24912452697754,15.919645309448242,15.919645309448242,11400000.0,9266667.0,9800000.0,0.0,2133333.25,1.0,1.2302157878875732,81.24562072753906,238.794677734375,63.67858123779297,0,0,0,0,0,0.0,0.0,0.0,0.0,0.0,UNKNOWN,UNKNOWN,UNKNOWN,OPEN_SEX,OPEN_SEX,OPEN_SEX,UNKNOWN,UNKNOWN,UNKNOWN,0,0,0,0,0,0,0,0.07028444755962798,6,9,0.0,0.0,0,0,0,V1_LIGHTGBM,LightGBM CA:近走着差・勝ち馬強度・フィールド強度・基礎能力
2026-07-04,2026-0704-02-01-07-09,2020100621,0,2026-07-04,函館,芝,1800,grade:E|condition:13,E,13,UNKNOWN,0,OPEN_SEX,UNKNOWN,0,0,0,11400000.0,4600000.0,2900000.0,21740000.0,16.24912452697754,16.894664764404297,9,0.2361111044883728,275.0,3.5,262.1000061035156,0,1,0,1,0,1,0,1,0,0,0.5260351300239563,0.41107454895973206,0.22265465557575226,0.41107454895973206,0.22265465557575226,0.2222222238779068,0.09134989976882935,0.3333333432674408,0.5555555820465088,0.6666666865348816,0.0,3,0.5980664491653442,0.18250897526741028,7,129.0,6,2,マイバラード,9,39,1,0.025641025975346565,7,0.1794871836900711,0.0,0.3333333432674408,0.0,0.20000000298023224,5,11,3,11,5,3.0,5.0,9.0,3.0,5.666666507720947,4.800000190734863,0.20000000298023224,0.07692307978868484,0.10000000149011612,0.14831329882144928,0.06085368990898132,0.06553357094526291,0.6000000238418579,0.44493991136550903,1800,2000,1800,grade:unknown|condition:13,grade:E|condition:14,grade:E|condition:14,1800,0.3054545521736145,0.17000000178813934,0.4000000059604645,0.17618045210838318,0.16360175609588623,0.1728687882423401,0.9163636565208435,0.8500000238418579,3.5999999046325684,0.4000000059604645,0.29181817173957825,0.2837272584438324,-2.6945455074310303,0.3054545521736145,0.28333333134651184,0.4000000059604645,0.23660901188850403,0.25287580490112305,0.2876923084259033,0,38000000.0,15800000.0,41000000.0,13150000.0,10226667.0,12830769.0,7,0,6,0,0,0,0.5302224159240723,0.34527692198753357,0.4370860457420349,0.5260351300239563,0.34677207469940186,0.4436861574649811,-0.41111111640930176,0.13071896135807037,-0.3484848439693451,-0.040740739554166794,-0.04575163498520851,0.07575757801532745,0.5260351300239563,0.4388311207294464,0.45578643679618835,-0.004187242593616247,0.001495151431299746,0.006600091699510813,0.006600091699510813,0.02640036679804325,-0.01674897037446499,0.005980605725198984,0.02640036679804325,-0.040740739554166794,-0.04575163498520851,0.07575757801532745,0.41111111640930176,-0.004680963698774576,8200000.0,11400000.0,11400000.0,15.919645309448242,16.24912452697754,16.24912452697754,11400000.0,10333333.0,9800000.0,3200000.0,1066666.625,1.3902438879013062,1.103225827217102,47.758934020996094,81.24562072753906,146.2421112060547,0,0,0,0,0,0.0,0.0,0.0,0.0,0.0,UNKNOWN,UNKNOWN,UNKNOWN,OPEN_SEX,OPEN_SEX,OPEN_SEX,UNKNOWN,UNKNOWN,UNKNOWN,0,0,0,0,0,0,0,0.05782102312130349,7,9,0.0,0.0,0,0,0,V1_LIGHTGBM,LightGBM CA:近走着差・勝ち馬強度・フィールド強度・基礎能力
2026-07-04,2026-0704-02-01-07-09,2022105392,0,2026-07-04,函館,芝,1800,grade:E|condition:13,E,13,UNKNOWN,0,OPEN_SEX,UNKNOWN,0,0,0,11400000.0,4600000.0,2900000.0,21740000.0,16.24912452697754,16.894664764404297,4,0.2361111044883728,275.0,3.5,262.1000061035156,0,1,0,1,0,1,0,1,0,0,0.19387763738632202,0.40128204226493835,0.33349698781967163,0.40128204226493835,0.33349698781967163,1.0,0.40128204226493835,0.3333333432674408,0.5555555820465088,0.6666666865348816,0.0,3,0.5980664491653442,0.18250897526741028,9,1190.0,9,9,スタードメイソン,9,6,1,0.1666666716337204,1,0.1666666716337204,0.0,0.0,0.20000000298023224,0.20000000298023224,3,5,10,13,14,15.0,65.0,13.0,13.0,31.0,29.600000381469727,0.20000000298023224,0.0555555559694767,0.0,0.14831329882144928,0.04769674688577652,0.05448853597044945,3.0,2.2246994972229004,1800,2600,1800,grade:unknown|condition:13,grade:E|condition:14,grade:unknown|condition:14,1800,0.3054545521736145,0.14074073731899261,0.3052631616592407,0.17618045210838318,0.13369350135326385,0.1291532665491104,4.581818103790283,9.148148536682129,3.96842098236084,0.3054545521736145,0.2504861354827881,0.25600212812423706,-12.69473648071289,0.3054545521736145,0.22727273404598236,0.3052631616592407,0.23660901188850403,0.2003607451915741,0.24722446501255035,0,38000000.0,15800000.0,8200000.0,13150000.0,9477273.0,6714285.5,7,0,0,0,0,0,0.19919657707214355,0.17360235750675201,0.2125306874513626,0.19387763738632202,0.17756082117557526,0.212422177195549,-0.5222222208976746,-0.43589743971824646,0.012500000186264515,-0.040740739554166794,0.03632478788495064,0.0347222238779068,0.212422177195549,0.19462020695209503,0.19269150495529175,-0.0053189299069345,0.0039584701880812645,-0.00010850694525288418,0.0039584701880812645,0.015833880752325058,-0.021275719627738,0.015833880752325058,-0.0004340277810115367,-0.040740739554166794,0.03632478788495064,0.0347222238779068,0.5222222208976746,-0.005946089047938585,8200000.0,11400000.0,8200000.0,15.919645309448242,16.24912452697754,15.919645309448242,11400000.0,9266667.0,9160000.0,3200000.0,2133333.25,1.3902438879013062,1.2302157878875732,238.794677734375,1056.193115234375,206.95538330078125,0,0,0,0,0,0.0,0.0,0.0,0.0,0.0,UNKNOWN,UNKNOWN,UNKNOWN,OPEN_SEX,OPEN_SEX,OPEN_SEX,UNKNOWN,UNKNOWN,UNKNOWN,0,0,0,0,0,0,0,0.011052934864855361,8,9,0.0,0.0,0,0,0,V1_LIGHTGBM,LightGBM CA:近走着差・勝ち馬強度・フィールド強度・基礎能力
2026-07-04,2026-0704-02-01-07-09,2019106416,0,2026-07-04,函館,芝,1800,grade:E|condition:13,E,13,UNKNOWN,0,OPEN_SEX,UNKNOWN,0,0,0,11400000.0,4600000.0,2900000.0,21740000.0,16.24912452697754,16.894664764404297,8,0.2361111044883728,275.0,3.5,262.1000061035156,0,1,0,1,0,1,0,1,0,0,0.28897905349731445,0.43980464339256287,0.26084786653518677,0.43980464339256287,0.26084786653518677,0.8888888955116272,0.3909374475479126,0.3333333432674408,0.5555555820465088,0.6666666865348816,0.0,3,0.5980664491653442,0.18250897526741028,8,926.0,7,8,キセキノエンジェル,9,45,1,0.02222222276031971,6,0.13333334028720856,0.0,0.0,0.0,0.0,3,5,8,8,10,10.0,18.0,36.0,10.0,21.33333396911621,17.600000381469727,1.0,0.1666666716337204,0.10000000149011612,0.18774281442165375,0.0804164931178093,0.06655566394329071,10.0,1.8774281740188599,1800,2000,1800,grade:E|condition:13,grade:unknown|condition:14,grade:unknown|condition:14,1800,0.2571428716182709,0.29076921939849854,0.24210526049137115,0.15470680594444275,0.15926803648471832,0.13412971794605255,2.5714285373687744,5.233846187591553,8.715789794921875,0.29076921939849854,0.263339102268219,0.26422324776649475,-9.742856979370117,0.2571428716182709,0.29076921939849854,0.24210526049137115,0.23345938324928284,0.23436708748340607,0.21945059299468994,0,11400000.0,52000000.0,15800000.0,9450000.0,13562500.0,9085714.0,0,7,0,0,0,0,0.2889070510864258,0.28141868114471436,0.27919644117355347,0.28897905349731445,0.2579927444458008,0.3068098723888397,0.011111111380159855,0.36666667461395264,-0.3589743673801422,-0.025925925001502037,0.25555557012557983,0.3076923191547394,0.3068098723888397,0.2845938801765442,0.2832493185997009,7.201646076282486e-05,-0.02342592552304268,0.027613412588834763,0.027613412588834763,0.11045365035533905,0.00028806584305129945,-0.09370370209217072,0.11045365035533905,-0.025925925001502037,0.25555557012557983,0.3076923191547394,-0.011111111380159855,7.702873699599877e-05,11400000.0,8200000.0,8200000.0,16.24912452697754,15.919645309448242,15.919645309448242,11400000.0,9266667.0,9800000.0,0.0,2133333.25,1.0,1.2302157878875732,162.49124145507812,286.5536193847656,573.1072387695312,0,0,0,0,0,0.0,0.0,0.0,0.0,0.0,UNKNOWN,UNKNOWN,UNKNOWN,OPEN_SEX,OPEN_SEX,OPEN_SEX,UNKNOWN,UNKNOWN,UNKNOWN,0,0,0,0,0,0,0,0.010297481125672726,9,9,0.0,0.0,0,0,0,V1_LIGHTGBM,LightGBM CA:近走着差・勝ち馬強度・フィールド強度・基礎能力
2026-07-04,2026-0704-02-01-07-10,2023102769,1,2026-07-04,函館,芝,1700,grade:E|condition:13,E,13,UNKNOWN,0,OPEN_SEX,UNKNOWN,0,0,0,15800000.0,6300000.0,4000000.0,30080000.0,16.57552146911621,17.219371795654297,2,0.025641025975346565,329.0,3.5,260.29998779296875,0,1,0,1,0,0,0,1,0,0,0.0,0.7337121367454529,0.14115478098392487,0.7337121367454529,0.14115478098392487,0.1428571492433548,0.1048160195350647,0.5,0.9285714030265808,0.4285714328289032,0.0714285746216774,7,0.6653128266334534,0.16499711573123932,1,19.0,1,2,ケイアイアギト,14,4,2,0.5,4,1.0,0.6666666865348816,1.0,0.5,1.0,1,4,3,1,1,8.0,0.0,0.0,0.0,2.6666667461395264,4.0,0.3333333432674408,0.5,0.0,0.3560185134410858,0.4114583432674408,0.0,2.6666667461395264,2.8481481075286865,1900,1800,1600,grade:C|condition:12,grade:unknown|condition:11,grade:unknown|condition:11,1700,0.3400000035762787,0.29555556178092957,0.29555556178092957,0.22987523674964905,0.2260260283946991,0.14193490147590637,2.7200000286102295,0.0,0.0,0.3400000035762787,0.3103703558444977,0.3177777826786041,0.29555556178092957,0.3400000035762787,0.3400000035762787,0.3466666638851166,0.3103703558444977,0.32126984000205994,0.30851852893829346,0,37000000.0,37000000.0,37000000.0,11814286.0,14525000.0,14525000.0,6,6,6,6,0,0,0.5274069309234619,1.0,0.955382764339447,0.5182241797447205,0.9893706440925598,0.955382764339447,0.3030303120613098,0.3291666805744171,0.0,0.12121212482452393,0.12916666269302368,0.0,0.9893706440925598,0.8209925293922424,0.7469998598098755,-0.009182736277580261,-0.010629340074956417,0.0,0.0,-0.0,-0.036730945110321045,-0.04251736029982567,-0.0,0.12121212482452393,0.12916666269302368,0.0,-0.3030303120613098,-0.010732562281191349,37000000.0,8000000.0,5600000.0,17.426427841186523,15.894951820373535,15.538277626037598,37000000.0,16866666.0,22020000.0,-21200000.0,-1066666.625,0.42702701687812805,0.9367588758468628,139.4114227294922,0.0,0.0,0,6,0,0,6,2.0,3.0,48.0,0.0,0.0,G3,UNKNOWN,UNKNOWN,OPEN_SEX,OPEN_SEX,OPEN_SEX,UNKNOWN,UNKNOWN,UNKNOWN,0,0,0,-6,0,0,0,0.33742969271130746,1,10,190.0,120.0,1,1,0,V1_LIGHTGBM,LightGBM CA:近走着差・勝ち馬強度・フィールド強度・基礎能力
2026-07-04,2026-0704-02-01-07-10,2022102905,0,2026-07-04,函館,芝,1700,grade:E|condition:13,E,13,UNKNOWN,0,OPEN_SEX,UNKNOWN,0,0,0,15800000.0,6300000.0,4000000.0,30080000.0,16.57552146911621,17.219371795654297,1,0.025641025975346565,329.0,3.5,260.29998779296875,0,1,0,1,0,0,0,1,0,0,0.6764702796936035,0.7424458861351013,0.17361359298229218,0.7424458861351013,0.17361359298229218,1.0,0.7424458861351013,0.5,0.9285714030265808,0.4285714328289032,0.0714285746216774,7,0.6653128266334534,0.16499711573123932,2,52.0,6,14,ディアウス,14,10,2,0.20000000298023224,8,0.800000011920929,0.0,0.6666666865348816,0.20000000298023224,0.800000011920929,4,6,2,2,7,1.0,0.0,9.0,0.0,3.3333332538604736,2.299999952316284,0.11764705926179886,0.07999999821186066,0.20000000298023224,0.15256693959236145,0.18847443163394928,0.13515497744083405,0.11764705926179886,0.15256693959236145,1700,1800,1700,grade:E|condition:13,grade:E|condition:14,grade:E|condition:14,1700,0.22608695924282074,0.25,0.2888889014720917,0.22471477091312408,0.25835853815078735,0.2134673148393631,0.22608695924282074,0.0,2.5999999046325684,0.2888889014720917,0.25499194860458374,0.2458212524652481,0.25,0.36000001430511475,0.36000001430511475,0.36000001430511475,0.30250000953674316,0.32220587134361267,0.3254968822002411,0,52000000.0,18700000.0,65000000.0,12316667.0,8303703.5,17030770.0,7,0,8,0,0,0,0.7000727653503418,0.9317551851272583,0.44004935026168823,0.6764702796936035,0.9305495619773865,0.4451260566711426,0.2651515007019043,0.3472222089767456,-0.12083332985639572,0.35606059432029724,0.013888888992369175,0.16805554926395416,0.9305495619773865,0.6840486526489258,0.7064251899719238,-0.023602502420544624,-0.001205632695928216,0.005076678469777107,0.005076678469777107,0.02030671387910843,-0.0944100096821785,-0.004822530783712864,0.02030671387910843,0.35606059432029724,0.013888888992369175,0.16805554926395416,-0.2651515007019043,-0.02489740587770939,15800000.0,15800000.0,15800000.0,16.57552146911621,16.57552146911621,16.57552146911621,15800000.0,15800000.0,15800000.0,0.0,0.0,1.0,1.0,16.57552146911621,0.0,149.1796875,0,0,0,0,0,0.0,0.0,0.0,0.0,0.0,UNKNOWN,UNKNOWN,UNKNOWN,OPEN_SEX,OPEN_SEX,OPEN_SEX,UNKNOWN,UNKNOWN,UNKNOWN,0,0,0,0,0,0,0,0.2893788092812006,2,10,0.0,0.0,0,0,0,V1_LIGHTGBM,LightGBM CA:近走着差・勝ち馬強度・フィールド強度・基礎能力
2026-07-04,2026-0704-02-01-07-10,2022104903,0,2026-07-04,函館,芝,1700,grade:E|condition:13,E,13,UNKNOWN,0,OPEN_SEX,UNKNOWN,0,0,0,15800000.0,6300000.0,4000000.0,30080000.0,16.57552146911621,17.219371795654297,8,0.025641025975346565,329.0,3.5,260.29998779296875,0,1,0,1,0,0,0,1,0,0,0.0,0.5476190447807312,0.30003780126571655,0.5476190447807312,0.30003780126571655,0.0714285746216774,0.03911564499139786,0.5,0.9285714030265808,0.4285714328289032,0.0714285746216774,7,0.6653128266334534,0.16499711573123932,4,75.0,2,1,セボンサデッセ,14,9,2,0.2222222238779068,7,0.7777777910232544,0.3333333432674408,0.6666666865348816,0.20000000298023224,0.6000000238418579,3,6,2,1,4,1.0,0.0,3.0,0.0,1.3333333730697632,1.100000023841858,0.13333334028720856,0.1428571492433548,0.125,0.12064262479543686,0.06334412842988968,0.10426587611436844,0.13333334028720856,0.12064262479543686,1700,1700,1400,grade:E|condition:14,grade:unknown|condition:14,grade:unknown|condition:14,1700,0.27272728085517883,0.3392857015132904,0.3333333432674408,0.19943581521511078,0.14793415367603302,0.2012464851140976,0.27272728085517883,0.0,1.0,0.3392857015132904,0.31511545181274414,0.30481600761413574,0.3392857015132904,0.3392857015132904,0.3392857015132904,0.34117648005485535,0.2917236387729645,0.284761905670166,0.3379318416118622,0,18700000.0,15800000.0,18700000.0,10805882.0,8822222.0,9892308.0,0,0,0,0,0,0,0.7110022306442261,0.9877678751945496,0.524111270904541,0.7016541361808777,0.9702982306480408,0.524111270904541,-0.46190476417541504,0.4791666567325592,0.0,-0.08095238357782364,0.1458333283662796,0.0,0.9702982306480408,0.7320212125778198,0.7467387914657593,-0.009348072111606598,-0.0174696184694767,0.0,0.0,-0.0,-0.03739228844642639,-0.0698784738779068,-0.0,-0.08095238357782364,0.1458333283662796,0.0,0.46190476417541504,-0.01029693242162466,15800000.0,8200000.0,8200000.0,16.57552146911621,15.919645309448242,15.919645309448242,15800000.0,10733333.0,12000000.0,0.0,5066666.5,1.0,1.4720497131347656,16.57552146911621,0.0,47.758934020996094,0,0,0,0,0,0.0,0.0,0.0,0.0,0.0,UNKNOWN,UNKNOWN,UNKNOWN,OPEN_SEX,OPEN_SEX,OPEN_SEX,UNKNOWN,UNKNOWN,UNKNOWN,0,0,0,0,0,0,0,0.19015957712782816,3,10,0.0,220.0,0,1,0,V1_LIGHTGBM,LightGBM CA:近走着差・勝ち馬強度・フィールド強度・基礎能力
2026-07-04,2026-0704-02-01-07-10,2022102308,0,2026-07-04,函館,芝,1700,grade:E|condition:13,E,13,UNKNOWN,0,OPEN_SEX,UNKNOWN,0,0,0,15800000.0,6300000.0,4000000.0,30080000.0,16.57552146911621,17.219371795654297,2,0.025641025975346565,329.0,3.5,260.29998779296875,0,1,0,1,0,0,0,1,0,0,0.49668508768081665,0.9523809552192688,0.039123039692640305,0.9523809552192688,0.039123039692640305,0.6428571343421936,0.6122449040412903,0.5,0.9285714030265808,0.4285714328289032,0.0714285746216774,7,0.6653128266334534,0.16499711573123932,7,346.0,5,9,エアニゲラ,14,9,2,0.2222222238779068,5,0.5555555820465088,0.6666666865348816,1.0,0.4000000059604645,0.6000000238418579,4,8,3,1,1,3.0,0.0,0.0,0.0,1.0,1.5,0.11764705926179886,0.1428571492433548,0.0,0.15256693959236145,0.05655346065759659,0.11059356480836868,0.3529411852359772,0.45770084857940674,1700,1800,1800,grade:E|condition:13,grade:unknown|condition:14,grade:unknown|condition:14,1700,0.22608695924282074,0.2849999964237213,0.2849999964237213,0.22471477091312408,0.15606474876403809,0.1524892896413803,0.678260862827301,0.0,0.0,0.2849999964237213,0.26536232233047485,0.25554347038269043,0.2849999964237213,0.36000001430511475,0.3083333373069763,0.2849999964237213,0.30250000953674316,0.26126983761787415,0.22884614765644073,0,52000000.0,15800000.0,15800000.0,12316667.0,8511111.0,8511111.0,7,0,0,0,0,0,0.5364722013473511,0.9877678751945496,0.9591964483261108,0.49668508768081665,0.9698821902275085,0.9698494076728821,0.4469696879386902,0.48181816935539246,0.3910256326198578,0.35606059432029724,0.14848485589027405,-0.10897435992956161,0.9698821902275085,0.8121389150619507,0.7332770824432373,-0.03978707641363144,-0.01788567565381527,0.010652942582964897,0.010652942582964897,0.04261177033185959,-0.15914830565452576,-0.07154270261526108,0.04261177033185959,0.35606059432029724,0.14848485589027405,-0.10897435992956161,-0.4469696879386902,-0.041969913989305496,15800000.0,8200000.0,8200000.0,16.57552146911621,15.919645309448242,15.919645309448242,15800000.0,10733333.0,12000000.0,0.0,5066666.5,1.0,1.4720497131347656,49.7265625,0.0,0.0,0,0,0,0,0,0.0,0.0,0.0,0.0,0.0,UNKNOWN,UNKNOWN,UNKNOWN,OPEN_SEX,OPEN_SEX,OPEN_SEX,UNKNOWN,UNKNOWN,UNKNOWN,0,0,0,0,0,0,0,0.17788676162542294,4,10,0.0,0.0,0,0,0,V1_LIGHTGBM,LightGBM CA:近走着差・勝ち馬強度・フィールド強度・基礎能力
2026-07-04,2026-0704-02-01-07-10,2023100937,0,2026-07-04,函館,芝,1700,grade:E|condition:13,E,13,UNKNOWN,0,OPEN_SEX,UNKNOWN,0,0,0,15800000.0,6300000.0,4000000.0,30080000.0,16.57552146911621,17.219371795654297,4,0.025641025975346565,329.0,3.5,260.29998779296875,0,1,0,1,0,0,0,1,0,0,0.9783127307891846,0.7222222089767456,0.22566772997379303,0.7222222089767456,0.22566772997379303,0.7142857313156128,0.5158730149269104,0.5,0.9285714030265808,0.4285714328289032,0.0714285746216774,7,0.6653128266334534,0.16499711573123932,6,174.0,14,10,ストラーダ,14,4,2,0.5,2,0.5,0.6666666865348816,0.6666666865348816,0.5,0.5,2,4,1,1,11,0.0,0.0,27.0,0.0,9.0,5.400000095367432,0.3333333432674408,0.0,0.0,0.16602563858032227,0.0,0.0,0.0,0.0,1700,1800,1400,grade:unknown|condition:13,grade:unknown|condition:12,grade:unknown|condition:11,1700,0.23333333432674408,0.23333333432674408,0.2181818187236786,0.17055468261241913,0.10975778102874756,0.14553183317184448,0.0,0.0,5.890909194946289,0.23333333432674408,0.22828282415866852,0.23030303418636322,0.23333333432674408,0.23333333432674408,0.23999999463558197,0.2849999964237213,0.2199999988079071,0.2177777737379074,0.25035354495048523,0,8200000.0,8200000.0,8200000.0,6800000.0,6800000.0,7216666.5,0,0,0,0,0,0,1.0,0.9559046030044556,0.2887161076068878,0.9783127307891846,0.9440703392028809,0.2887161076068878,0.3777777850627899,0.4615384638309479,0.0,0.22962963581085205,0.10256410390138626,0.0,0.9783127307891846,0.7370330691337585,0.8301206827163696,-0.02168724313378334,-0.011834319680929184,0.0,0.0,-0.0,-0.08674897253513336,-0.047337278723716736,-0.0,0.22962963581085205,0.10256410390138626,0.0,-0.3777777850627899,-0.023034224286675453,8200000.0,5900000.0,5600000.0,15.919645309448242,15.590462684631348,15.538277626037598,8200000.0,6566666.5,6990000.0,7600000.0,9233333.0,1.926829218864441,2.4060914516448975,0.0,0.0,419.5334777832031,0,0,0,0,0,0.0,0.0,0.0,0.0,0.0,UNKNOWN,UNKNOWN,UNKNOWN,OPEN_SEX,OPEN_SEX,OPEN_SEX,UNKNOWN,UNKNOWN,UNKNOWN,0,0,0,0,0,0,0,0.14073947475451654,5,10,0.0,0.0,0,0,0,V1_LIGHTGBM,LightGBM CA:近走着差・勝ち馬強度・フィールド強度・基礎能力
2026-07-04,2026-0704-02-01-07-10,2021105931,0,2026-07-04,函館,芝,1700,grade:E|condition:13,E,13,UNKNOWN,0,OPEN_SEX,UNKNOWN,0,0,0,15800000.0,6300000.0,4000000.0,30080000.0,16.57552146911621,17.219371795654297,14,0.025641025975346565,329.0,3.5,260.29998779296875,0,1,0,1,0,0,0,1,0,0,0.3922840654850006,0.6569047570228577,0.15405037999153137,0.6569047570228577,0.15405037999153137,0.9285714030265808,0.609982967376709,0.5,0.9285714030265808,0.4285714328289032,0.0714285746216774,7,0.6653128266334534,0.16499711573123932,11,841.0,10,13,ギマール,14,13,2,0.1538461595773697,6,0.4615384638309479,0.0,0.3333333432674408,0.0,0.20000000298023224,3,6,5,4,2,15.0,1.0,0.0,0.0,5.333333492279053,7.800000190734863,0.3333333432674408,0.13333334028720856,0.11764705926179886,0.15710482001304626,0.12064262479543686,0.14610157907009125,5.0,2.356572389602661,1700,1700,1700,grade:E|condition:13,grade:E|condition:14,grade:E|condition:14,1700,0.31166666746139526,0.27272728085517883,0.20000000298023224,0.22672291100025177,0.19943581521511078,0.20109473168849945,4.675000190734863,0.27272728085517883,0.0,0.31166666746139526,0.2614646553993225,0.27765151858329773,0.20000000298023224,0.31166666746139526,0.3392857015132904,0.2800000011920929,0.2765740752220154,0.2917236387729645,0.275470495223999,0,19000000.0,18700000.0,18700000.0,10742857.0,10805882.0,10633333.0,0,0,0,0,0,0,0.40000012516975403,0.6538593769073486,0.9626179337501526,0.3922840654850006,0.6604126691818237,0.9568150043487549,0.1111111119389534,0.32380953431129456,0.08749999850988388,0.2777777910232544,-0.08095238357782364,0.26527777314186096,0.9568150043487549,0.669837236404419,0.5856288075447083,-0.007716049440205097,0.006553288083523512,-0.0058029512874782085,0.006553288083523512,0.026213152334094048,-0.03086419776082039,0.026213152334094048,-0.023211805149912834,0.2777777910232544,-0.08095238357782364,0.26527777314186096,-0.1111111119389534,-0.008799712173640728,15800000.0,15800000.0,15800000.0,16.57552146911621,16.57552146911621,16.57552146911621,15800000.0,15800000.0,15800000.0,0.0,0.0,1.0,1.0,248.6328125,16.57552146911621,0.0,0,0,0,0,0,0.0,0.0,0.0,0.0,0.0,UNKNOWN,UNKNOWN,UNKNOWN,OPEN_SEX,OPEN_SEX,OPEN_SEX,UNKNOWN,UNKNOWN,UNKNOWN,0,0,0,0,0,0,0,0.1092466009167068,6,10,0.0,0.0,0,0,0,V1_LIGHTGBM,LightGBM CA:近走着差・勝ち馬強度・フィールド強度・基礎能力
2026-07-04,2026-0704-02-01-07-10,2022104601,0,2026-07-04,函館,芝,1700,grade:E|condition:13,E,13,UNKNOWN,0,OPEN_SEX,UNKNOWN,0,0,0,15800000.0,6300000.0,4000000.0,30080000.0,16.57552146911621,17.219371795654297,8,0.025641025975346565,329.0,3.5,260.29998779296875,0,1,0,1,0,0,0,1,0,0,0.0,0.7566666603088379,0.1597219854593277,0.7566666603088379,0.1597219854593277,0.5714285969734192,0.43238094449043274,0.5,0.9285714030265808,0.4285714328289032,0.0714285746216774,7,0.6653128266334534,0.16499711573123932,5,139.0,12,8,バタール,14,7,2,0.2857142984867096,5,0.7142857313156128,0.3333333432674408,0.6666666865348816,0.20000000298023224,0.6000000238418579,0,5,1,2,16,0.0,3.0,46.0,0.0,16.33333396911621,10.100000381469727,0.1666666716337204,0.3333333432674408,0.3333333432674408,0.08162855356931686,0.10235922783613205,0.1430794894695282,0.0,0.0,1800,1800,2100,grade:unknown|condition:14,grade:unknown|condition:13,grade:unknown|condition:13,1700,0.29750001430511475,0.2691666781902313,0.2408333271741867,0.16733773052692413,0.17698325216770172,0.18260882794857025,0.0,0.8075000047683716,11.078332901000977,0.29750001430511475,0.2691666781902313,0.2776666581630707,0.29750001430511475,0.29750001430511475,0.29750001430511475,0.29750001430511475,0.2694047689437866,0.27936509251594543,0.2943819761276245,0,8200000.0,15800000.0,15500000.0,7557143.0,10100000.0,9600000.0,0,0,0,0,0,0,0.9925298094749451,0.593248188495636,0.20000000298023224,0.9898735284805298,0.5447585582733154,0.18206742405891418,0.22499999403953552,0.4749999940395355,0.27916666865348816,0.04722222313284874,0.40833333134651184,0.2569444477558136,0.9898735284805298,0.5722332000732422,0.6947778463363647,-0.0026562500279396772,-0.04848958179354668,-0.017932580783963203,-0.0026562500279396772,-0.010625000111758709,-0.010625000111758709,-0.1939583271741867,-0.07173032313585281,0.04722222313284874,0.40833333134651184,0.2569444477558136,-0.22499999403953552,-0.0029916707426309586,8200000.0,8000000.0,8000000.0,15.919645309448242,15.894951820373535,15.894951820373535,8200000.0,8066666.5,8100000.0,7600000.0,7733333.5,1.926829218864441,1.9586776494979858,0.0,47.68485641479492,731.1677856445312,0,0,0,0,0,0.0,0.0,0.0,0.0,0.0,UNKNOWN,UNKNOWN,UNKNOWN,OPEN_SEX,OPEN_SEX,OPEN_SEX,UNKNOWN,UNKNOWN,UNKNOWN,0,0,0,0,0,0,0,0.10407628628842717,7,10,0.0,0.0,0,0,0,V1_LIGHTGBM,LightGBM CA:近走着差・勝ち馬強度・フィールド強度・基礎能力
2026-07-04,2026-0704-02-01-07-10,2022103778,0,2026-07-04,函館,芝,1700,grade:E|condition:13,E,13,UNKNOWN,0,OPEN_SEX,UNKNOWN,0,0,0,15800000.0,6300000.0,4000000.0,30080000.0,16.57552146911621,17.219371795654297,12,0.025641025975346565,329.0,3.5,260.29998779296875,0,1,0,1,0,0,0,1,0,0,0.663394033908844,0.6590476036071777,0.22937557101249695,0.6590476036071777,0.22937557101249695,0.3571428656578064,0.23537415266036987,0.5,0.9285714030265808,0.4285714328289032,0.0714285746216774,7,0.6653128266334534,0.16499711573123932,3,58.0,9,5,ライフゲート,14,20,2,0.10000000149011612,9,0.44999998807907104,0.0,0.6666666865348816,0.0,0.4000000059604645,7,12,2,13,3,1.0,22.0,3.0,1.0,8.666666984558105,7.699999809265137,0.3333333432674408,0.6666666865348816,0.3333333432674408,0.15710482001304626,0.1871475875377655,0.15870900452136993,0.3333333432674408,0.15710482001304626,1700,1600,1600,grade:E|condition:13,grade:E|condition:14,grade:unknown|condition:14,1700,0.31166666746139526,0.31111112236976624,0.42923077940940857,0.22672291100025177,0.2215002179145813,0.2186654955148697,0.31166666746139526,6.844444274902344,1.2876923084259033,0.42923077940940857,0.3506695032119751,0.335012823343277,-0.6883333325386047,0.31166666746139526,0.31111112236976624,0.42923077940940857,0.2765740752220154,0.3059259355068207,0.33518314361572266,0,19000000.0,15800000.0,18700000.0,10742857.0,9750000.0,9137500.0,0,0,0,0,0,0,0.697151780128479,0.2800000011920929,0.5583763718605042,0.663394033908844,0.2800000011920929,0.5583763718605042,0.4861111044883728,0.0,0.0,0.2777777910232544,0.0,0.0,0.663394033908844,0.5005901455879211,0.5273723006248474,-0.03375771641731262,0.0,0.0,0.0,-0.0,-0.1350308656692505,-0.0,-0.0,0.2777777910232544,0.0,0.0,-0.4861111044883728,-0.03849874064326286,15800000.0,15800000.0,11900000.0,16.57552146911621,16.57552146911621,16.292049407958984,15800000.0,14500000.0,15020000.0,0.0,1300000.0,1.0,1.0896551609039307,16.57552146911621,364.66143798828125,48.87614822387695,0,0,0,0,0,0.0,0.0,0.0,0.0,0.0,UNKNOWN,UNKNOWN,UNKNOWN,OPEN_SEX,OPEN_SEX,OPEN_SEX,UNKNOWN,UNKNOWN,UNKNOWN,0,0,0,0,0,0,0,0.08138297389334045,8,10,0.0,0.0,0,0,0,V1_LIGHTGBM,LightGBM CA:近走着差・勝ち馬強度・フィールド強度・基礎能力
2026-07-04,2026-0704-02-01-07-10,2021102200,0,2026-07-04,函館,芝,1700,grade:E|condition:13,E,13,UNKNOWN,0,OPEN_SEX,UNKNOWN,0,0,0,15800000.0,6300000.0,4000000.0,30080000.0,16.57552146911621,17.219371795654297,12,0.025641025975346565,329.0,3.5,260.29998779296875,0,1,0,1,0,0,0,1,0,0,0.4922906458377838,0.5202381014823914,0.2246059775352478,0.5202381014823914,0.2246059775352478,0.2142857164144516,0.11147959530353546,0.5,0.9285714030265808,0.4285714328289032,0.0714285746216774,7,0.6653128266334534,0.16499711573123932,8,420.0,11,3,レッドライトニング,14,22,2,0.09090909361839294,8,0.3636363744735718,0.0,0.6666666865348816,0.0,0.6000000238418579,4,7,3,2,8,11.0,1.0,7.0,1.0,6.333333492279053,7.199999809265137,0.3333333432674408,0.09090909361839294,0.125,0.15710482001304626,0.13979089260101318,0.1532467156648636,3.6666667461395264,1.7281529903411865,1700,1700,1600,grade:E|condition:13,grade:E|condition:14,grade:unknown|condition:14,1700,0.31166666746139526,0.27142858505249023,0.313043475151062,0.22672291100025177,0.19856606423854828,0.22709941864013672,3.428333282470703,0.27142858505249023,2.1913044452667236,0.313043475151062,0.29871290922164917,0.2998706102371216,-0.7285714149475098,0.31166666746139526,0.27142858505249023,0.38769230246543884,0.2765740752220154,0.26547619700431824,0.33357858657836914,0,19000000.0,15800000.0,18700000.0,10742857.0,10243478.0,9300000.0,0,0,0,0,0,0,0.5000066757202148,0.7025173902511597,0.3729006350040436,0.4922906458377838,0.7058110237121582,0.3729006350040436,0.1111111119389534,-0.39523810148239136,0.0,0.2777777910232544,0.03333333507180214,0.0,0.7058110237121582,0.5236674547195435,0.5324687361717224,-0.007716049440205097,0.0032936506904661655,0.0,0.0032936506904661655,0.013174602761864662,-0.03086419776082039,0.013174602761864662,-0.0,0.2777777910232544,0.03333333507180214,0.0,-0.1111111119389534,-0.008799712173640728,15800000.0,15800000.0,11900000.0,16.57552146911621,16.57552146911621,16.292049407958984,15800000.0,14500000.0,15020000.0,0.0,1300000.0,1.0,1.0896551609039307,182.33071899414062,16.57552146911621,114.04434204101562,0,0,0,0,0,0.0,0.0,0.0,0.0,0.0,UNKNOWN,UNKNOWN,UNKNOWN,OPEN_SEX,OPEN_SEX,OPEN_SEX,UNKNOWN,UNKNOWN,UNKNOWN,0,0,0,0,0,0,0,0.07803315518279808,9,10,0.0,0.0,0,0,0,V1_LIGHTGBM,LightGBM CA:近走着差・勝ち馬強度・フィールド強度・基礎能力
2026-07-04,2026-0704-02-01-07-10,2022102828,0,2026-07-04,函館,芝,1700,grade:E|condition:13,E,13,UNKNOWN,0,OPEN_SEX,UNKNOWN,0,0,0,15800000.0,6300000.0,4000000.0,30080000.0,16.57552146911621,17.219371795654297,4,0.025641025975346565,329.0,3.5,260.29998779296875,0,1,0,1,0,0,0,1,0,0,0.420276939868927,0.6683982610702515,0.15151144564151764,0.6683982610702515,0.15151144564151764,0.7857142686843872,0.525170087814331,0.5,0.9285714030265808,0.4285714328289032,0.0714285746216774,7,0.6653128266334534,0.16499711573123932,9,579.0,4,11,メイショウタイピン,14,18,2,0.1111111119389534,6,0.3333333432674408,0.0,0.0,0.0,0.0,4,10,5,5,5,9.0,5.0,6.0,5.0,6.666666507720947,7.199999809265137,0.11764705926179886,0.1666666716337204,0.3333333432674408,0.15256693959236145,0.15104912221431732,0.15870900452136993,1.058823585510254,1.3731025457382202,1700,1600,1600,grade:E|condition:13,grade:E|condition:14,grade:unknown|condition:14,1700,0.22608695924282074,0.2526315748691559,0.42923077940940857,0.22471477091312408,0.21165473759174347,0.2186654955148697,2.034782648086548,1.263157844543457,2.5753846168518066,0.42923077940940857,0.30264976620674133,0.2746790945529938,-4.747368335723877,0.36000001430511475,0.29750001430511475,0.42923077940940857,0.30250000953674316,0.281403511762619,0.33518314361572266,0,52000000.0,18700000.0,18700000.0,12316667.0,11450000.0,9137500.0,7,0,0,0,0,0,0.4438794255256653,0.487498015165329,0.47791457176208496,0.420276939868927,0.487498015165329,0.47791457176208496,0.2651515007019043,0.0,0.0,0.35606059432029724,0.0,0.0,0.487498015165329,0.46189650893211365,0.45197078585624695,-0.023602502420544624,0.0,0.0,0.0,-0.0,-0.0944100096821785,-0.0,-0.0,0.35606059432029724,0.0,0.0,-0.2651515007019043,-0.02489740587770939,15800000.0,15800000.0,11900000.0,16.57552146911621,16.57552146911621,16.292049407958984,15800000.0,14500000.0,15020000.0,0.0,1300000.0,1.0,1.0896551609039307,149.1796875,82.87760162353516,97.7522964477539,0,0,0,0,0,0.0,0.0,0.0,0.0,0.0,UNKNOWN,UNKNOWN,UNKNOWN,OPEN_SEX,OPEN_SEX,OPEN_SEX,UNKNOWN,UNKNOWN,UNKNOWN,0,0,0,0,0,0,0,0.06229154954079869,10,10,0.0,0.0,0,0,0,V1_LIGHTGBM,LightGBM CA:近走着差・勝ち馬強度・フィールド強度・基礎能力
2026-07-04,2026-0704-02-01-07-10,2022105443,0,2026-07-04,函館,芝,1700,grade:E|condition:13,E,13,UNKNOWN,0,OPEN_SEX,UNKNOWN,0,0,0,15800000.0,6300000.0,4000000.0,30080000.0,16.57552146911621,17.219371795654297,4,0.025641025975346565,329.0,3.5,260.29998779296875,0,1,0,1,0,0,0,1,0,0,0.0,0.8428571224212646,0.20404081046581268,0.8428571224212646,0.20404081046581268,0.5,0.4214285612106323,0.5,0.9285714030265808,0.4285714328289032,0.0714285746216774,7,0.6653128266334534,0.16499711573123932,10,761.0,13,7,モレポブラーノ,14,11,2,0.1818181872367859,5,0.4545454680919647,0.3333333432674408,0.3333333432674408,0.20000000298023224,0.4000000059604645,2,7,14,1,11,23.0,0.0,17.0,0.0,13.333333015441895,14.899999618530273,0.09090909361839294,0.1111111119389534,0.10000000149011612,0.13979089260101318,0.0762278214097023,0.11827877163887024,2.090909004211426,3.2151904106140137,1700,1700,1800,grade:E|condition:14,grade:unknown|condition:14,grade:unknown|condition:13,1700,0.27142858505249023,0.26249998807907104,0.2818181812763214,0.19856606423854828,0.13743865489959717,0.197222501039505,6.242856979370117,0.0,4.790909290313721,0.2818181812763214,0.27191558480262756,0.27082791924476624,0.26249998807907104,0.27142858505249023,0.26249998807907104,0.3392857015132904,0.26547619700431824,0.22210317850112915,0.3273109197616577,0,15800000.0,15800000.0,15800000.0,10243478.0,7754545.5,9164706.0,0,0,0,0,0,0,0.2125084549188614,0.9814186692237854,0.31228286027908325,0.211040198802948,0.9471825361251831,0.29348224401474,0.17619048058986664,0.4833333194255829,0.47083333134651184,0.03333333507180214,0.28333333134651184,0.1597222238779068,0.9471825361251831,0.48390164971351624,0.4483713209629059,-0.0014682540204375982,-0.034236110746860504,-0.018800636753439903,-0.0014682540204375982,-0.005873016081750393,-0.005873016081750393,-0.13694444298744202,-0.07520254701375961,0.03333333507180214,0.28333333134651184,0.1597222238779068,-0.17619048058986664,-0.0016153798205778003,15800000.0,8200000.0,8000000.0,16.57552146911621,15.919645309448242,15.894951820373535,15800000.0,10666667.0,11960000.0,0.0,5133333.5,1.0,1.4812500476837158,381.2369689941406,0.0,270.2142028808594,0,0,0,0,0,0.0,0.0,0.0,0.0,0.0,UNKNOWN,UNKNOWN,UNKNOWN,OPEN_SEX,OPEN_SEX,OPEN_SEX,UNKNOWN,UNKNOWN,UNKNOWN,0,0,0,0,0,0,0,0.04901261665591597,11,10,0.0,0.0,0,0,0,V1_LIGHTGBM,LightGBM CA:近走着差・勝ち馬強度・フィールド強度・基礎能力
2026-07-04,2026-0704-02-01-07-10,2020100060,0,2026-07-04,函館,芝,1700,grade:E|condition:13,E,13,UNKNOWN,0,OPEN_SEX,UNKNOWN,0,0,0,15800000.0,6300000.0,4000000.0,30080000.0,16.57552146911621,17.219371795654297,10,0.025641025975346565,329.0,3.5,260.29998779296875,0,1,0,1,0,0,0,1,0,0,0.0,0.21142856776714325,0.1510237157344818,0.21142856776714325,0.1510237157344818,0.4285714328289032,0.0906122475862503,0.5,0.9285714030265808,0.4285714328289032,0.0714285746216774,7,0.6653128266334534,0.16499711573123932,12,2289.0,3,6,オセアバトルプラン,14,18,2,0.1111111119389534,6,0.3333333432674408,0.0,0.3333333432674408,0.0,0.20000000298023224,2,6,10,8,3,22.0,20.0,5.0,5.0,15.666666984558105,18.0,0.25,0.1818181872367859,0.20000000298023224,0.10719697922468185,0.1523645520210266,0.16650128364562988,5.5,2.3583335876464844,2100,1800,1800,grade:unknown|condition:14,grade:E|condition:14,grade:unknown|condition:13,1700,0.3257142901420593,0.25882354378700256,0.27368420362472534,0.1951683908700943,0.23436015844345093,0.20849552750587463,7.165714263916016,5.176470756530762,1.3684210777282715,0.3257142901420593,0.2860740125179291,0.2952410578727722,-4.726315975189209,0.3257142901420593,0.3461538553237915,0.31214284896850586,0.2833416759967804,0.31460028886795044,0.2970300614833832,0,15800000.0,37000000.0,70000000.0,9488889.0,12408333.0,25185714.0,0,6,8,0,0,0,0.36000001430511475,0.3199999928474426,0.5455523133277893,0.36373263597488403,0.33488979935646057,0.5384435057640076,-0.125,-0.4272727370262146,-0.18095238506793976,0.11944444477558136,0.13939394056797028,-0.15714286267757416,0.5384435057640076,0.41235530376434326,0.390021950006485,0.0037326388992369175,0.014889807440340519,-0.007108843419700861,0.014889807440340519,0.059559229761362076,0.01493055559694767,0.059559229761362076,-0.028435373678803444,0.11944444477558136,0.13939394056797028,-0.15714286267757416,0.125,0.0043092952109873295,11900000.0,15800000.0,11400000.0,16.292049407958984,16.57552146911621,16.24912452697754,15800000.0,13033333.0,12970000.0,3900000.0,2766666.75,1.3277311325073242,1.2122762203216553,358.4250793457031,331.5104064941406,81.24562072753906,0,0,0,0,0,0.0,0.0,0.0,0.0,0.0,UNKNOWN,UNKNOWN,UNKNOWN,OPEN_SEX,OPEN_SEX,OPEN_SEX,UNKNOWN,UNKNOWN,UNKNOWN,0,0,0,0,0,0,0,0.02542314664668028,12,10,0.0,2510.0,0,1,0,V1_LIGHTGBM,LightGBM CA:近走着差・勝ち馬強度・フィールド強度・基礎能力
2026-07-04,2026-0704-02-01-07-10,2022107254,0,2026-07-04,函館,芝,1700,grade:E|condition:13,E,13,UNKNOWN,0,OPEN_SEX,UNKNOWN,0,0,0,15800000.0,6300000.0,4000000.0,30080000.0,16.57552146911621,17.219371795654297,7,0.025641025975346565,329.0,3.5,260.29998779296875,0,1,0,1,0,0,0,1,0,0,0.0,0.6921245455741882,0.14450351893901825,0.6921245455741882,0.14450351893901825,0.8571428656578064,0.5932496190071106,0.5,0.9285714030265808,0.4285714328289032,0.0714285746216774,7,0.6653128266334534,0.16499711573123932,14,2893.0,7,12,エンプレスフレーム,14,17,2,0.11764705926179886,5,0.29411765933036804,0.0,0.0,0.0,0.0,2,9,10,13,13,14.0,23.0,55.0,14.0,30.66666603088379,24.899999618530273,0.08695652335882187,0.1428571492433548,0.25,0.18153685331344604,0.12786245346069336,0.16012178361415863,1.2173912525177002,2.541516065597534,1600,1800,1800,grade:unknown|condition:14,grade:E|condition:14,grade:E|condition:13,1700,0.2266666740179062,0.20000000298023224,0.3499999940395355,0.22244907915592194,0.17394974827766418,0.21727919578552246,3.1733334064483643,4.599999904632568,19.25,0.3499999940395355,0.2588889002799988,0.2433333396911621,-13.773333549499512,0.2849999964237213,0.2691666781902313,0.3499999940395355,0.2799329161643982,0.23724789917469025,0.30796295404434204,0,18700000.0,18700000.0,18700000.0,8240000.0,10288235.0,9972727.0,0,0,0,0,0,0,0.340312123298645,0.2514694929122925,0.20000000298023224,0.340312123298645,0.23854999244213104,0.2030818611383438,0.0,0.25238096714019775,0.38461539149284363,0.0,0.20476190745830536,-0.03205128386616707,0.340312123298645,0.2606479823589325,0.2823374271392822,0.0,-0.012919501401484013,0.0030818539671599865,0.0030818539671599865,0.012327415868639946,-0.0,-0.05167800560593605,0.012327415868639946,0.0,0.20476190745830536,-0.03205128386616707,-0.0,0.0,11900000.0,15800000.0,15500000.0,16.292049407958984,16.57552146911621,16.556350708007812,15800000.0,14400000.0,13790000.0,3900000.0,1400000.0,1.3277311325073242,1.0972222089767456,228.08868408203125,381.2369689941406,910.5993041992188,0,0,0,0,0,0.0,0.0,0.0,0.0,0.0,UNKNOWN,UNKNOWN,UNKNOWN,OPEN_SEX,OPEN_SEX,OPEN_SEX,UNKNOWN,UNKNOWN,UNKNOWN,0,0,0,0,0,0,0,0.014538946956355882,13,10,0.0,0.0,0,0,0,V1_LIGHTGBM,LightGBM CA:近走着差・勝ち馬強度・フィールド強度・基礎能力
2026-07-04,2026-0704-02-01-07-10,2021103809,0,2026-07-04,函館,芝,1700,grade:E|condition:13,E,13,UNKNOWN,0,OPEN_SEX,UNKNOWN,0,0,0,15800000.0,6300000.0,4000000.0,30080000.0,16.57552146911621,17.219371795654297,10,0.025641025975346565,329.0,3.5,260.29998779296875,0,1,0,1,0,0,0,1,0,0,0.0,0.6083333492279053,0.31797972321510315,0.6083333492279053,0.31797972321510315,0.2857142984867096,0.17380952835083008,0.5,0.9285714030265808,0.4285714328289032,0.0714285746216774,7,0.6653128266334534,0.16499711573123932,13,2358.0,8,4,マッスルバック,14,21,2,0.095238097012043,4,0.190476194024086,0.0,0.0,0.0,0.0,3,6,11,7,7,15.0,14.0,8.0,8.0,12.333333015441895,13.300000190734863,0.1818181872367859,0.20000000298023224,0.3333333432674408,0.13871973752975464,0.15253058075904846,0.16612564027309418,2.7272727489471436,2.080796241760254,1400,1800,1800,grade:E|condition:14,grade:unknown|condition:14,grade:unknown|condition:14,1700,0.3333333432674408,0.2823529541492462,0.2985714375972748,0.2152569442987442,0.21191534399986267,0.2214488387107849,5.0,3.9529411792755127,2.3885715007781982,0.3333333432674408,0.30475255846977234,0.31108683347702026,-7.701428413391113,0.3333333432674408,0.3125,0.3777777850627899,0.31565186381340027,0.27279412746429443,0.31938913464546204,0,18700000.0,18700000.0,18700000.0,9892308.0,7850000.0,11977778.0,0,0,0,0,0,0,0.2923078238964081,0.3000003397464752,0.3334675133228302,0.2923078238964081,0.30979007482528687,0.3532926142215729,0.0,-0.4027777910232544,0.4555555582046509,0.0,0.0972222238779068,-0.17407406866550446,0.3532926142215729,0.3184635043144226,0.30974945425987244,0.0,0.00978973787277937,0.019825102761387825,0.019825102761387825,0.0793004110455513,-0.0,0.03915895149111748,0.0793004110455513,0.0,0.0972222238779068,-0.17407406866550446,-0.0,0.0,15800000.0,11900000.0,11900000.0,16.57552146911621,16.292049407958984,16.292049407958984,15800000.0,13200000.0,13850000.0,0.0,2600000.0,1.0,1.196969747543335,248.6328125,228.08868408203125,130.33639526367188,0,0,0,0,0,0.0,0.0,0.0,0.0,0.0,UNKNOWN,UNKNOWN,UNKNOWN,OPEN_SEX,OPEN_SEX,OPEN_SEX,UNKNOWN,UNKNOWN,UNKNOWN,0,0,0,0,0,0,0,0.013371488989910708,14,10,0.0,0.0,0,0,0,V1_LIGHTGBM,LightGBM CA:近走着差・勝ち馬強度・フィールド強度・基礎能力
