date,race_id,horse_id,horse_name,actual_rank,target,odds,win_odds,popularity,ranker_score,ranker_win_probability,prediction_rank,win_payout,model_train_end_date,evaluation_mode,racecourse,surface,distance,race_first_prize,umaban,class_code,place_payout,race_name,distance_band,season,prize_band
2025-09-06,2025-0906-01-02-05-09,2022105166,ヨヒーン,2,0,21.0,2.0999999046325684,1,0.0759040914636846,0.1431312755300502,1,0.0,2025-08-31,monthly_walk_forward,札幌,芝,2000,11100000.0,7,grade:E|condition:13,120.0,富良野特別,1700～2000m,秋,11.0-15.9M
2025-09-06,2025-0906-01-02-05-10,2022106351,ベビーズブレス,5,0,45.0,4.5,2,0.5677017630360709,0.1693531110127394,1,0.0,2025-08-31,monthly_walk_forward,札幌,芝,1200,15500000.0,15,grade:E|condition:13,0.0,札幌スポニチ賞,～1200m,秋,11.0-15.9M
2025-09-06,2025-0906-01-02-05-11,2023105332,ショウナンガルフ,1,1,34.0,3.4000000953674316,1,0.557748275711306,0.1232167618057356,1,340.0,2025-08-31,monthly_walk_forward,札幌,芝,1800,31000000.0,4,grade:C|condition:11,170.0,札幌２歳ステークス,1700～2000m,秋,25.0-49.9M
2025-09-06,2025-0906-06-04-01-01,2021105549,ネロコルヴィーノ,1,1,20.0,2.0,1,-0.0266225687498645,0.3342594109789876,1,200.0,2025-08-31,monthly_walk_forward,中山,芝,2880,8400000.0,5,grade:unknown|condition:18,110.0,,2500m～,秋,8.0-10.9M
2025-09-06,2025-0906-06-04-01-09,2022105501,プリムツァール,2,0,16.0,1.600000023841858,1,0.6658420590281182,0.4471039805133165,1,0.0,2025-08-31,monthly_walk_forward,中山,芝,1800,11100000.0,8,grade:E|condition:13,110.0,古作特別,1700～2000m,秋,11.0-15.9M
2025-09-06,2025-0906-06-04-01-10,2022105442,ラブリージャブリー,2,0,18.0,1.7999999523162842,1,0.6259715825652155,0.4801255969192741,1,0.0,2025-08-31,monthly_walk_forward,中山,芝,2000,15500000.0,7,grade:E|condition:13,110.0,白井特別,1700～2000m,秋,11.0-15.9M
2025-09-06,2025-0906-06-04-01-11,2022103205,エリカエクスプレス,11,0,28.0,2.799999952316284,1,0.8780998347371259,0.1520514994345949,1,0.0,2025-08-31,monthly_walk_forward,中山,芝,1600,41000000.0,11,grade:C|condition:13,0.0,京成杯オータムハンデキャップ,1300～1600m,秋,25.0-49.9M
2025-09-06,2025-0906-09-04-01-09,2022104928,トリポリタニア,1,1,16.0,1.600000023841858,1,0.413808071171027,0.3094369020960548,1,160.0,2025-08-31,monthly_walk_forward,阪神,芝,1800,15500000.0,3,grade:E|condition:13,110.0,出石特別,1700～2000m,秋,11.0-15.9M
2025-09-06,2025-0906-09-04-01-10,2021104854,ミナデオロ,2,0,73.0,7.300000190734863,5,0.6292219605327166,0.1618221348461522,1,0.0,2025-08-31,monthly_walk_forward,阪神,芝,1800,18400000.0,6,grade:E|condition:13,210.0,西宮ステークス,1700～2000m,秋,16.0-24.9M
2025-09-06,2025-0906-09-04-01-11,2020103785,コンティノアール,4,0,122.0,12.199999809265137,4,0.8257219534237676,0.1700587455748219,1,0.0,2025-08-31,monthly_walk_forward,阪神,芝,1400,24000000.0,2,grade:L|condition:13,0.0,エニフステークス,1300～1600m,秋,16.0-24.9M
2025-09-07,2025-0907-01-02-06-09,2022105798,オンザスクエア,13,0,40.0,4.0,1,0.1644142485744796,0.1853006194518631,1,0.0,2025-08-31,monthly_walk_forward,札幌,芝,1700,15500000.0,5,grade:E|condition:13,0.0,旭川特別,1700～2000m,秋,11.0-15.9M
2025-09-07,2025-0907-01-02-06-10,2022104784,ルクスジニア,6,0,21.0,2.0999999046325684,1,0.7729771064545153,0.1986183272593549,1,0.0,2025-08-31,monthly_walk_forward,札幌,芝,1800,15500000.0,4,grade:E|condition:13,0.0,ＨＴＢ賞,1700～2000m,秋,11.0-15.9M
2025-09-07,2025-0907-01-02-06-11,2021104427,ランスオブクイーン,7,0,53.0,5.300000190734863,2,0.7437923445099269,0.1424087567704637,1,0.0,2025-08-31,monthly_walk_forward,札幌,芝,2600,24000000.0,9,grade:E|condition:13,0.0,丹頂ステークス,2500m～,秋,16.0-24.9M
2025-09-07,2025-0907-06-04-02-01,2020101918,ウィズユアドリーム,1,1,17.0,1.7000000476837158,1,-0.3953083583737986,0.2769208623425537,1,170.0,2025-08-31,monthly_walk_forward,中山,芝,2880,8400000.0,10,grade:unknown|condition:18,110.0,,2500m～,秋,8.0-10.9M
2025-09-07,2025-0907-06-04-02-09,2022106261,タッカージーティー,9,0,56.0,5.599999904632568,3,0.5554248492636821,0.2402533340103872,1,0.0,2025-08-31,monthly_walk_forward,中山,芝,1200,15500000.0,4,grade:E|condition:13,0.0,浦安特別,～1200m,秋,11.0-15.9M
2025-09-07,2025-0907-06-04-02-10,2022102434,ルージュラナキラ,1,1,50.0,5.0,2,1.0155627850346185,0.3233163105997419,1,500.0,2025-08-31,monthly_walk_forward,中山,芝,1200,18400000.0,6,grade:E|condition:13,140.0,セプテンバーステークス,～1200m,秋,16.0-24.9M
2025-09-07,2025-0907-06-04-02-11,2022105815,リンクスティップ,8,0,24.0,2.4000000953674316,1,0.8547861511623185,0.2016553864730433,1,0.0,2025-08-31,monthly_walk_forward,中山,芝,2000,52000000.0,1,grade:B|condition:12,0.0,紫苑ステークス,1700～2000m,秋,50M+
2025-09-07,2025-0907-09-04-02-08,2022104145,インヴォーグ,1,1,22.0,2.200000047683716,2,0.4123326425246409,0.4384999174552951,1,220.0,2025-08-31,monthly_walk_forward,阪神,芝,1800,15500000.0,3,grade:E|condition:13,110.0,武田尾特別,1700～2000m,秋,11.0-15.9M
2025-09-07,2025-0907-09-04-02-10,2022110081,テーオーエルビス,1,1,13.0,1.2999999523162842,1,1.16466664323194,0.3136403678388239,1,130.0,2025-08-31,monthly_walk_forward,阪神,芝,1200,18400000.0,5,grade:E|condition:13,110.0,オークランドサラブレッドレーシングトロフィー,～1200m,秋,16.0-24.9M
2025-09-07,2025-0907-09-04-02-11,2019106526,トウシンマカオ,3,0,25.0,2.5,1,1.545626367254566,0.2110065618687895,1,0.0,2025-08-31,monthly_walk_forward,阪神,芝,1200,59000000.0,14,grade:B|condition:13,130.0,産経賞セントウルステークス,～1200m,秋,50M+
2025-09-07,2025-0907-09-04-02-12,2018104030,ワーズワース,7,0,36.0,3.5999999046325684,2,0.1738634759866875,0.1609616165537555,1,0.0,2025-08-31,monthly_walk_forward,阪神,芝,1400,11400000.0,5,grade:unknown|condition:13,0.0,,1300～1600m,秋,11.0-15.9M
2025-09-13,2025-0913-06-04-03-04,2020103875,フェーレンベルク,1,1,16.0,1.600000023841858,1,-0.3121202847849426,0.1339908783541384,1,160.0,2025-08-31,monthly_walk_forward,中山,芝,3210,17500000.0,7,grade:E|condition:18,110.0,清秋ジャンプステークス,2500m～,秋,16.0-24.9M
2025-09-13,2025-0913-06-04-03-09,2022102700,トゥーザムーン,5,0,35.0,3.5,2,0.4381838766744133,0.4237762816769888,1,0.0,2025-08-31,monthly_walk_forward,中山,芝,2400,15500000.0,4,grade:E|condition:13,0.0,松戸特別,2100～2400m,秋,11.0-15.9M
2025-09-13,2025-0913-06-04-03-10,2022110026,コウセキ,2,0,42.0,4.199999809265137,2,0.1077888452253907,0.2101976958128201,1,0.0,2025-08-31,monthly_walk_forward,中山,芝,1200,15500000.0,6,grade:E|condition:13,160.0,汐留特別,～1200m,秋,11.0-15.9M
2025-09-13,2025-0913-06-04-03-11,2019100553,ドンレパルス,2,0,34.0,3.4000000953674316,1,0.5630845425937663,0.2647419841030187,1,0.0,2025-08-31,monthly_walk_forward,中山,芝,1200,18400000.0,6,grade:E|condition:13,140.0,初風ステークス,～1200m,秋,16.0-24.9M
2025-09-13,2025-0913-09-04-03-08,2022105030,エリーナストーム,5,0,18.0,1.7999999523162842,1,0.5028975992236365,0.4122254795487258,1,0.0,2025-08-31,monthly_walk_forward,阪神,芝,2400,11100000.0,2,grade:E|condition:13,0.0,生田特別,2100～2400m,秋,11.0-15.9M
2025-09-13,2025-0913-09-04-03-10,2022105885,ショーダンサー,5,0,40.0,4.0,3,0.6836701890988809,0.3152027657693348,1,0.0,2025-08-31,monthly_walk_forward,阪神,芝,1800,15500000.0,6,grade:E|condition:13,0.0,鳥取特別,1700～2000m,秋,11.0-15.9M
2025-09-13,2025-0913-09-04-03-11,2021106449,サブマリーナ,4,0,54.0,5.400000095367432,3,0.850377696595416,0.1647027255005841,1,0.0,2025-08-31,monthly_walk_forward,阪神,芝,2000,43000000.0,13,grade:C|condition:13,0.0,チャレンジカップ,1700～2000m,秋,25.0-49.9M
2025-09-14,2025-0914-06-04-04-01,2019105366,フェーングロッテン,1,1,13.0,1.2999999523162842,1,-0.2261356919779875,0.473305170000982,1,130.0,2025-08-31,monthly_walk_forward,中山,芝,2880,8400000.0,1,grade:unknown|condition:18,100.0,,2500m～,秋,8.0-10.9M
2025-09-14,2025-0914-06-04-04-09,2022101765,ピコローズ,5,0,59.0,5.900000095367432,4,0.5741581900993474,0.2256299687331472,1,0.0,2025-08-31,monthly_walk_forward,中山,芝,1600,15500000.0,3,grade:E|condition:13,0.0,御宿特別,1300～1600m,秋,11.0-15.9M
2025-09-14,2025-0914-06-04-04-10,2021106954,アスクナイスショー,2,0,26.0,2.5999999046325684,1,0.8973328322321736,0.2779907733709434,1,0.0,2025-08-31,monthly_walk_forward,中山,芝,2000,18400000.0,13,grade:E|condition:13,150.0,レインボーステークス,1700～2000m,秋,16.0-24.9M
2025-09-14,2025-0914-06-04-04-11,2021110055,ブシン,13,0,33.0,3.299999952316284,2,0.9990717008696892,0.2008364517903634,1,0.0,2025-08-31,monthly_walk_forward,中山,芝,1200,22000000.0,16,grade:E|condition:13,0.0,ラジオ日本賞,～1200m,秋,16.0-24.9M
2025-09-14,2025-0914-09-04-04-09,2022105073,エコロディノス,3,0,11.0,1.100000023841858,1,1.243001640777632,0.5994931015790788,1,0.0,2025-08-31,monthly_walk_forward,阪神,芝,2000,15500000.0,5,grade:E|condition:13,100.0,能勢特別,1700～2000m,秋,11.0-15.9M
2025-09-14,2025-0914-09-04-04-10,2021107098,ラヴァンダ,1,1,24.0,2.4000000953674316,1,0.9838144665893308,0.1736385691892775,1,240.0,2025-08-31,monthly_walk_forward,阪神,芝,1600,18400000.0,8,grade:E|condition:13,130.0,仲秋ステークス,1300～1600m,秋,16.0-24.9M
2025-09-14,2025-0914-09-04-04-11,2022105402,カムニャック,1,1,29.0,2.9000000953674316,1,1.357319082833116,0.1669763287448622,1,290.0,2025-08-31,monthly_walk_forward,阪神,芝,1800,52000000.0,11,grade:B|condition:12,140.0,関西テレビ放送賞ローズステークス,1700～2000m,秋,50M+
2025-09-15,2025-0915-06-04-05-09,2022105702,リアライズカミオン,1,1,19.0,1.899999976158142,1,0.9984598116653756,0.4062653612985371,1,190.0,2025-08-31,monthly_walk_forward,中山,芝,1800,15500000.0,3,grade:E|condition:13,110.0,鋸山特別,1700～2000m,秋,11.0-15.9M
2025-09-15,2025-0915-06-04-05-10,2022105189,ブルーマエストロ,2,0,15.0,1.5,1,0.7192166075504347,0.3521571136159801,1,0.0,2025-08-31,monthly_walk_forward,中山,芝,1800,15500000.0,6,grade:E|condition:13,110.0,２００５メモリアル　ディープインパクトカップ,1700～2000m,秋,11.0-15.9M
2025-09-15,2025-0915-06-04-05-11,2022105466,レッドバンデ,3,0,44.0,4.400000095367432,2,1.167083684976295,0.1834732270417524,1,0.0,2025-08-31,monthly_walk_forward,中山,芝,2200,54000000.0,8,grade:B|condition:12,160.0,朝日杯セントライト記念,2100～2400m,秋,50M+
2025-09-15,2025-0915-09-04-05-01,2020106884,テーオーリカード,3,0,16.0,1.600000023841858,1,-0.0528803233552084,0.4767353713568324,1,0.0,2025-08-31,monthly_walk_forward,阪神,芝,2970,8400000.0,2,grade:unknown|condition:18,0.0,,2500m～,秋,8.0-10.9M
2025-09-15,2025-0915-09-04-05-09,2022106604,ヤマニンシュラ,1,1,17.0,1.7000000476837158,1,0.5991301740594038,0.2789339141357129,1,170.0,2025-08-31,monthly_walk_forward,阪神,芝,1200,15500000.0,13,grade:E|condition:13,110.0,新涼特別,～1200m,秋,11.0-15.9M
2025-09-15,2025-0915-09-04-05-10,2022101686,インブロリオ,4,0,19.0,1.899999976158142,1,0.7857326773742171,0.3729293184184223,1,0.0,2025-08-31,monthly_walk_forward,阪神,芝,1400,15500000.0,9,grade:E|condition:13,0.0,２０１５メモリアル　モーリスカップ,1300～1600m,秋,11.0-15.9M
2025-09-15,2025-0915-09-04-05-11,2021104416,ワイドブリザード,2,0,42.0,4.199999809265137,2,0.5262239412460846,0.2088198048169245,1,0.0,2025-08-31,monthly_walk_forward,阪神,芝,1800,18400000.0,6,grade:E|condition:13,160.0,ＪＲＡアニバーサリーステークス,1700～2000m,秋,16.0-24.9M
2025-09-20,2025-0920-06-04-06-09,2023100398,ランドスター,5,0,51.0,5.099999904632568,2,0.0825318722897015,0.157719826368232,1,0.0,2025-08-31,monthly_walk_forward,中山,芝,1200,16000000.0,11,grade:E|condition:11,0.0,カンナステークス,～1200m,秋,16.0-24.9M
2025-09-20,2025-0920-06-04-06-10,2022104902,マイユニバース,1,1,14.0,1.399999976158142,1,0.8312874904043299,0.5446485077291086,1,140.0,2025-08-31,monthly_walk_forward,中山,芝,2500,15500000.0,1,grade:E|condition:13,110.0,九十九里特別,2500m～,秋,11.0-15.9M
2025-09-20,2025-0920-06-04-06-11,2021110133,ジャスパーロブスト,2,0,49.0,4.900000095367432,3,1.1931041232434891,0.2120629268756154,1,0.0,2025-08-31,monthly_walk_forward,中山,芝,1800,22000000.0,4,grade:E|condition:13,160.0,バーレーン王国イサ・ビン・サルマン・アルカリファ殿下来場記念,1700～2000m,秋,16.0-24.9M
2025-09-20,2025-0920-06-04-06-12,2022102315,シュヴァルボヌール,2,0,17.0,1.7000000476837158,1,0.3054618967059192,0.2399769273611226,1,0.0,2025-08-31,monthly_walk_forward,中山,芝,1200,11400000.0,15,grade:unknown|condition:13,120.0,,～1200m,秋,11.0-15.9M
2025-09-20,2025-0920-09-04-06-04,2018103308,ジューンベロシティ,2,0,17.0,1.7000000476837158,1,0.5013369025095877,0.2233164535668497,1,0.0,2025-08-31,monthly_walk_forward,阪神,芝,3140,30000000.0,5,grade:H|condition:18,110.0,阪神ジャンプステークス,2500m～,秋,25.0-49.9M
2025-09-20,2025-0920-09-04-06-08,2023107046,アランカール,1,1,18.0,1.7999999523162842,1,0.3663429037580417,0.2499626875802681,1,180.0,2025-08-31,monthly_walk_forward,阪神,芝,1600,16000000.0,4,grade:E|condition:11,110.0,野路菊ステークス,1300～1600m,秋,16.0-24.9M
2025-09-20,2025-0920-09-04-06-10,2022101448,グローリーリンク,1,1,14.0,1.399999976158142,1,1.3197405711004249,0.4626637833629186,1,140.0,2025-08-31,monthly_walk_forward,阪神,芝,2000,15500000.0,1,grade:E|condition:13,110.0,夕月特別,1700～2000m,秋,11.0-15.9M
2025-09-20,2025-0920-09-04-06-11,2021103073,プロミシングスター,12,0,33.0,3.299999952316284,1,0.3912860131230301,0.1711350227368821,1,0.0,2025-08-31,monthly_walk_forward,阪神,芝,1400,18400000.0,1,grade:E|condition:13,0.0,大阪スポーツ杯,1300～1600m,秋,16.0-24.9M
2025-09-20,2025-0920-09-04-06-12,2022106186,ゴッドエスパーダ,2,0,24.0,2.4000000953674316,1,0.5070723605158456,0.1555248347944252,1,0.0,2025-08-31,monthly_walk_forward,阪神,芝,1800,11400000.0,2,grade:unknown|condition:13,140.0,,1700～2000m,秋,11.0-15.9M
2025-09-21,2025-0921-06-04-07-09,2022104594,ヒシアマン,1,1,14.0,1.399999976158142,1,1.0128721200654376,0.4446716518366619,1,140.0,2025-08-31,monthly_walk_forward,中山,芝,1600,15500000.0,3,grade:E|condition:13,110.0,木更津特別,1300～1600m,秋,11.0-15.9M
2025-09-21,2025-0921-06-04-07-10,2022104983,イムホテプ,11,0,17.0,1.7000000476837158,1,1.3668391144409051,0.3196530057296525,1,0.0,2025-08-31,monthly_walk_forward,中山,芝,1800,18400000.0,15,grade:E|condition:13,0.0,内房ステークス,1700～2000m,秋,16.0-24.9M
2025-09-21,2025-0921-06-04-07-11,2019105556,ドゥラドーレス,2,0,35.0,3.5,2,1.1606061284634237,0.2039358625278598,1,0.0,2025-08-31,monthly_walk_forward,中山,芝,2200,67000000.0,9,grade:B|condition:13,130.0,産経賞オールカマー,2100～2400m,秋,50M+
2025-09-21,2025-0921-06-04-07-12,2022102123,モズカトレア,2,0,36.0,3.5999999046325684,2,0.7856431625403155,0.2097992630865272,1,0.0,2025-08-31,monthly_walk_forward,中山,芝,1800,11400000.0,7,grade:unknown|condition:13,180.0,,1700～2000m,秋,11.0-15.9M
2025-09-21,2025-0921-09-04-07-01,2021104649,エブリモーメント,6,0,192.0,19.200000762939453,6,-1.2915408940366508,0.1708135685740003,1,0.0,2025-08-31,monthly_walk_forward,阪神,芝,2970,8400000.0,7,grade:unknown|condition:18,0.0,,2500m～,秋,8.0-10.9M
2025-09-21,2025-0921-09-04-07-09,2022105435,ボンヌソワレ,4,0,20.0,2.0,1,1.0180629331267856,0.5227559300814013,1,0.0,2025-08-31,monthly_walk_forward,阪神,芝,1200,15500000.0,10,grade:E|condition:13,0.0,北摂特別,～1200m,秋,11.0-15.9M
2025-09-21,2025-0921-09-04-07-10,2021110077,シャイニングソード,3,0,21.0,2.0999999046325684,1,1.074021782526399,0.2985336234551334,1,0.0,2025-08-31,monthly_walk_forward,阪神,芝,2200,18400000.0,5,grade:E|condition:13,110.0,ムーンライトハンデキャップ,2100～2400m,秋,16.0-24.9M
2025-09-21,2025-0921-09-04-07-11,2022104714,ショウヘイ,2,0,25.0,2.5,1,1.2160522675700176,0.2226077716120904,1,0.0,2025-08-31,monthly_walk_forward,阪神,芝,2400,54000000.0,5,grade:B|condition:12,110.0,神戸新聞杯,2100～2400m,秋,50M+
2025-09-21,2025-0921-09-04-07-12,2022106689,アンズアメ,6,0,53.0,5.300000190734863,3,0.7559460972424253,0.1885954312367203,1,0.0,2025-08-31,monthly_walk_forward,阪神,芝,1400,11400000.0,12,grade:unknown|condition:13,0.0,,1300～1600m,秋,11.0-15.9M
2025-09-27,2025-0927-06-04-08-01,2020102798,スマラグドス,5,0,26.0,2.5999999046325684,1,-0.6404857363546302,0.1916320618354366,1,0.0,2025-08-31,monthly_walk_forward,中山,芝,2880,8400000.0,8,grade:unknown|condition:18,0.0,,2500m～,秋,8.0-10.9M
2025-09-27,2025-0927-06-04-08-09,2023106816,ロックターミガン,4,0,19.0,1.899999976158142,1,0.5511509130400504,0.2342968886242361,1,0.0,2025-08-31,monthly_walk_forward,中山,芝,2000,16000000.0,9,grade:E|condition:11,0.0,芙蓉ステークス,1700～2000m,秋,16.0-24.9M
2025-09-27,2025-0927-06-04-08-10,2022106603,モジャーリオ,2,0,41.0,4.099999904632568,2,0.5430742205340826,0.1454767255098291,1,0.0,2025-08-31,monthly_walk_forward,中山,芝,1200,15500000.0,5,grade:E|condition:13,140.0,勝浦特別,～1200m,秋,11.0-15.9M
2025-09-27,2025-0927-06-04-08-11,2022105326,コートアリシアン,8,0,31.0,3.0999999046325684,1,1.2952503071389416,0.146864360870269,1,0.0,2025-08-31,monthly_walk_forward,中山,芝,1600,18400000.0,10,grade:E|condition:13,0.0,秋風ステークス,1300～1600m,秋,16.0-24.9M
2025-09-27,2025-0927-06-04-08-12,2022100071,ワンダラー,1,1,31.0,3.0999999046325684,2,0.7646551210073996,0.1996002474297969,1,310.0,2025-08-31,monthly_walk_forward,中山,芝,1200,11400000.0,4,grade:unknown|condition:13,130.0,,～1200m,秋,11.0-15.9M
2025-09-27,2025-0927-09-04-08-08,2019104732,チェルノボーグ,4,0,49.0,4.900000095367432,4,0.9710392878749554,0.2249748403448052,1,0.0,2025-08-31,monthly_walk_forward,阪神,芝,1600,11400000.0,4,grade:unknown|condition:13,0.0,,1300～1600m,秋,11.0-15.9M
2025-09-27,2025-0927-09-04-08-09,2023104562,テーオーグレーザー,3,0,53.0,5.300000190734863,3,0.3071676729755292,0.2170512445881291,1,0.0,2025-08-31,monthly_walk_forward,阪神,芝,1400,11100000.0,7,grade:E|condition:11,170.0,ヤマボウシ賞,1300～1600m,秋,11.0-15.9M
2025-09-27,2025-0927-09-04-08-10,2021104941,セシリエプラージュ,7,0,68.0,6.800000190734863,3,0.6230312864110267,0.1543447982098461,1,0.0,2025-08-31,monthly_walk_forward,阪神,芝,1200,18400000.0,4,grade:E|condition:13,0.0,道頓堀ステークス,～1200m,秋,16.0-24.9M
2025-09-27,2025-0927-09-04-08-11,2021102236,テーオーパスワード,7,0,20.0,2.0,1,1.4743769988227315,0.3015784076029513,1,0.0,2025-08-31,monthly_walk_forward,阪神,芝,2000,38000000.0,6,grade:C|condition:13,0.0,シリウスステークス,1700～2000m,秋,25.0-49.9M
2025-09-27,2025-0927-09-04-08-12,2022104674,フィドルファドル,4,0,22.0,2.200000047683716,1,-0.0039948784863113,0.1944951715748245,1,0.0,2025-08-31,monthly_walk_forward,阪神,芝,1200,11400000.0,7,grade:unknown|condition:13,0.0,,～1200m,秋,11.0-15.9M
2025-09-28,2025-0928-06-04-09-08,2022102167,アールプロスト,3,0,45.0,4.5,3,0.3570478782869536,0.155813624837382,1,0.0,2025-08-31,monthly_walk_forward,中山,芝,1800,11400000.0,8,grade:unknown|condition:13,170.0,,1700～2000m,秋,11.0-15.9M
2025-09-28,2025-0928-06-04-09-09,2023107146,ドリームコア,3,0,17.0,1.7000000476837158,1,0.5766042845392343,0.271946652148922,1,0.0,2025-08-31,monthly_walk_forward,中山,芝,1600,11100000.0,4,grade:E|condition:11,110.0,サフラン賞,1300～1600m,秋,11.0-15.9M
2025-09-28,2025-0928-06-04-09-10,2022105981,ブラックルビー,6,0,36.0,3.5999999046325684,2,0.6019419791117312,0.2058267338510469,1,0.0,2025-08-31,monthly_walk_forward,中山,芝,2000,15500000.0,4,grade:E|condition:13,0.0,茨城新聞杯,1700～2000m,秋,11.0-15.9M
2025-09-28,2025-0928-06-04-09-11,2019101700,サトノレーヴ,4,0,22.0,2.200000047683716,1,0.8791692216797928,0.1444101651429551,1,0.0,2025-08-31,monthly_walk_forward,中山,芝,1200,170000000.0,7,grade:A|condition:13,0.0,スプリンターズステークス,～1200m,秋,50M+
2025-09-28,2025-0928-06-04-09-12,2022100627,カウスリップ,9,0,48.0,4.800000190734863,2,0.6212212143459893,0.2229417996070264,1,0.0,2025-08-31,monthly_walk_forward,中山,芝,1200,18400000.0,14,grade:E|condition:13,0.0,外房ステークス,～1200m,秋,16.0-24.9M
2025-09-28,2025-0928-09-04-09-01,2021104923,ミラキュラスドラマ,4,0,28.0,2.799999952316284,2,-0.9966054393246402,0.1728602348312203,1,0.0,2025-08-31,monthly_walk_forward,阪神,芝,2970,8400000.0,9,grade:unknown|condition:18,0.0,,2500m～,秋,8.0-10.9M
2025-09-28,2025-0928-09-04-09-09,2022104645,ダノンシーマ,1,1,13.0,1.2999999523162842,1,0.7004631019830242,0.3501631249312589,1,130.0,2025-08-31,monthly_walk_forward,阪神,芝,2400,15500000.0,3,grade:E|condition:13,110.0,兵庫特別,2100～2400m,秋,11.0-15.9M
2025-09-28,2025-0928-09-04-09-10,2021104445,メイショウフウドウ,13,0,175.0,17.5,7,0.4162941760296093,0.1691585920299992,1,0.0,2025-08-31,monthly_walk_forward,阪神,芝,1800,18400000.0,8,grade:E|condition:13,0.0,堺ステークス,1700～2000m,秋,16.0-24.9M
2025-09-28,2025-0928-09-04-09-11,2021105283,ブルーミンデザイン,4,0,35.0,3.5,1,0.6666117541417188,0.171905998649134,1,0.0,2025-08-31,monthly_walk_forward,阪神,芝,1600,27000000.0,7,grade:L|condition:13,0.0,ポートアイランドステークス,1300～1600m,秋,25.0-49.9M
2025-09-28,2025-0928-09-04-09-12,2022104745,シャルクハフト,1,1,21.0,2.0999999046325684,1,0.2568531490394858,0.3201728502453212,1,210.0,2025-08-31,monthly_walk_forward,阪神,芝,2000,11400000.0,1,grade:unknown|condition:13,120.0,,1700～2000m,秋,11.0-15.9M
2025-10-04,2025-1004-05-04-01-04,2020106654,スズカハービン,2,0,21.0,2.0999999046325684,1,0.0082470158422268,0.3607349155648237,1,0.0,2025-09-30,monthly_walk_forward,東京,芝,3100,14300000.0,1,grade:unknown|condition:18,110.0,,2500m～,秋,11.0-15.9M
2025-10-04,2025-1004-05-04-01-09,2022105442,ラブリージャブリー,3,0,17.0,1.7000000476837158,1,0.8740806088818933,0.312259277752587,1,0.0,2025-09-30,monthly_walk_forward,東京,芝,1800,15500000.0,1,grade:E|condition:13,110.0,八ヶ岳特別,1700～2000m,秋,11.0-15.9M
2025-10-04,2025-1004-05-04-01-10,2021105752,レディマリオン,4,0,55.0,5.5,3,0.7946166268854096,0.1833788615131582,1,0.0,2025-09-30,monthly_walk_forward,東京,芝,1400,18400000.0,15,grade:E|condition:13,0.0,白秋ステークス,1300～1600m,秋,16.0-24.9M
2025-10-04,2025-1004-05-04-01-11,2021110112,ウェットシーズン,5,0,24.0,2.4000000953674316,1,1.4121427006526217,0.2668147478215121,1,0.0,2025-09-30,monthly_walk_forward,東京,芝,1600,24000000.0,1,grade:L|condition:13,0.0,グリーンチャンネルカップ,1300～1600m,秋,16.0-24.9M
2025-10-04,2025-1004-05-04-01-12,2022101543,ルークススペイ,4,0,45.0,4.5,1,0.546409960935208,0.205420543864218,1,0.0,2025-09-30,monthly_walk_forward,東京,芝,1400,11400000.0,5,grade:unknown|condition:13,0.0,,1300～1600m,秋,11.0-15.9M
2025-10-04,2025-1004-08-03-01-08,2022104207,キングスコール,8,0,29.0,2.9000000953674316,1,1.318358665409422,0.2601858758558763,1,0.0,2025-09-30,monthly_walk_forward,京都,芝,2000,11400000.0,6,grade:unknown|condition:13,0.0,,1700～2000m,秋,11.0-15.9M
2025-10-04,2025-1004-08-03-01-09,2023103293,ラスティングスノー,1,1,188.0,18.799999237060547,7,0.3455608220566435,0.168117500928964,1,1880.0,2025-09-30,monthly_walk_forward,京都,芝,1400,11100000.0,6,grade:E|condition:11,420.0,りんどう賞,1300～1600m,秋,11.0-15.9M
2025-10-04,2025-1004-08-03-01-10,2021110008,ルディック,2,0,34.0,3.4000000953674316,1,0.908624482565486,0.2840021447391823,1,0.0,2025-09-30,monthly_walk_forward,京都,芝,1200,18400000.0,15,grade:E|condition:13,150.0,大山崎ステークス,～1200m,秋,16.0-24.9M
2025-10-04,2025-1004-08-03-01-11,2022102887,ナムラクララ,2,0,35.0,3.5,1,0.9942531933562516,0.2179564028786536,1,0.0,2025-09-30,monthly_walk_forward,京都,芝,1200,27000000.0,11,grade:L|condition:13,150.0,オパールステークス,～1200m,秋,25.0-49.9M
2025-10-04,2025-1004-08-03-01-12,2022103614,ヒルノハンブルク,1,1,16.0,1.600000023841858,1,0.9507017613784944,0.3961453893866399,1,160.0,2025-09-30,monthly_walk_forward,京都,芝,1800,11400000.0,2,grade:unknown|condition:13,110.0,,1700～2000m,秋,11.0-15.9M
2025-10-05,2025-1005-05-04-02-04,2018104261,プラチナトレジャー,1,1,20.0,2.0,1,0.2684826662170544,0.3254472039187245,1,200.0,2025-09-30,monthly_walk_forward,東京,芝,3000,8400000.0,3,grade:unknown|condition:18,110.0,,2500m～,秋,8.0-10.9M
2025-10-05,2025-1005-05-04-02-09,2022110056,フードマン,14,0,101.0,10.100000381469728,5,0.5902966377230244,0.176172769622157,1,0.0,2025-09-30,monthly_walk_forward,東京,芝,1400,15500000.0,13,grade:E|condition:13,0.0,ｔｖｋ賞,1300～1600m,秋,11.0-15.9M
2025-10-05,2025-1005-05-04-02-10,2021110127,テリフィックプラン,13,0,34.0,3.4000000953674316,1,0.5856541374965518,0.2530396873260263,1,0.0,2025-09-30,monthly_walk_forward,東京,芝,1600,18400000.0,2,grade:E|condition:13,0.0,赤富士ステークス,1300～1600m,秋,16.0-24.9M
2025-10-05,2025-1005-05-04-02-11,2022101420,サトノシャイニング,3,0,24.0,2.4000000953674316,1,1.264958110987894,0.2747318775857159,1,0.0,2025-09-30,monthly_walk_forward,東京,芝,1800,67000000.0,10,grade:B|condition:13,120.0,毎日王冠,1700～2000m,秋,50M+
2025-10-05,2025-1005-05-04-02-12,2022105564,ファリーザ,1,1,18.0,1.7999999523162842,1,0.955800821474471,0.4921726022222162,1,180.0,2025-09-30,monthly_walk_forward,東京,芝,1600,11400000.0,14,grade:unknown|condition:13,110.0,,1300～1600m,秋,11.0-15.9M
2025-10-05,2025-1005-08-03-02-08,2022100204,ピエマンソン,2,0,25.0,2.5,1,0.7418156619665751,0.2432322814074218,1,0.0,2025-09-30,monthly_walk_forward,京都,芝,1400,11400000.0,5,grade:unknown|condition:13,150.0,,1300～1600m,秋,11.0-15.9M
2025-10-05,2025-1005-08-03-02-09,2021105228,レディーヴァリュー,1,1,29.0,2.9000000953674316,2,1.3925866875546953,0.4474665683215472,1,290.0,2025-09-30,monthly_walk_forward,京都,芝,2000,18400000.0,1,grade:E|condition:13,170.0,大原ステークス,1700～2000m,秋,16.0-24.9M
2025-10-05,2025-1005-08-03-02-10,2022110105,アメリカンステージ,2,0,19.0,1.899999976158142,1,1.0190411517602715,0.1841200072856653,1,0.0,2025-09-30,monthly_walk_forward,京都,芝,1200,22000000.0,9,grade:E|condition:13,110.0,藤森ステークス,～1200m,秋,16.0-24.9M
2025-10-05,2025-1005-08-03-02-11,2021105369,アドマイヤテラ,4,0,31.0,3.0999999046325684,1,1.43822199385489,0.2995926707370189,1,0.0,2025-09-30,monthly_walk_forward,京都,芝,2400,67000000.0,4,grade:B|condition:13,0.0,京都大賞典,2100～2400m,秋,50M+
2025-10-05,2025-1005-08-03-02-12,2022103146,カンシン,3,0,48.0,4.800000190734863,2,0.5465990479188867,0.1493883732601624,1,0.0,2025-09-30,monthly_walk_forward,京都,芝,1200,11400000.0,9,grade:unknown|condition:13,170.0,,～1200m,秋,11.0-15.9M
2025-10-11,2025-1011-05-04-03-09,2022104845,ホウオウアートマン,3,0,17.0,1.7000000476837158,1,1.0925170285751251,0.4106182185114662,1,0.0,2025-09-30,monthly_walk_forward,東京,芝,2400,15500000.0,1,grade:E|condition:13,110.0,陣馬特別,2100～2400m,秋,11.0-15.9M
2025-10-11,2025-1011-05-04-03-10,2021105562,シャンパンポップ,1,1,18.0,1.7999999523162842,1,1.1780714348818766,0.4397068501998514,1,180.0,2025-09-30,monthly_walk_forward,東京,芝,2100,15500000.0,16,grade:E|condition:13,130.0,東村山特別,2100～2400m,秋,11.0-15.9M
2025-10-11,2025-1011-05-04-03-11,2023106400,アスクエジンバラ,7,0,91.0,9.100000381469728,4,0.8201746678993936,0.3378515045662058,1,0.0,2025-09-30,monthly_walk_forward,東京,芝,1600,33000000.0,3,grade:C|condition:11,0.0,サウジアラビアロイヤルカップ,1300～1600m,秋,25.0-49.9M
2025-10-11,2025-1011-08-03-03-04,2021110022,ヘザルフェン,2,0,27.0,2.700000047683716,2,-0.0555652906839025,0.3022203569248434,1,0.0,2025-09-30,monthly_walk_forward,京都,芝,3170,14300000.0,7,grade:unknown|condition:18,130.0,,2500m～,秋,11.0-15.9M
2025-10-11,2025-1011-08-03-03-08,2023105796,ロードラヴォール,1,1,17.0,1.7000000476837158,1,0.6644972171496992,0.4541705729138902,1,170.0,2025-09-30,monthly_walk_forward,京都,芝,2000,11100000.0,1,grade:E|condition:11,120.0,紫菊賞,1700～2000m,秋,11.0-15.9M
2025-10-11,2025-1011-08-03-03-10,2022103060,ホーリーブラッサム,2,0,15.0,1.5,1,1.0005641799994425,0.386606544279039,1,0.0,2025-09-30,monthly_walk_forward,京都,芝,1400,15500000.0,1,grade:E|condition:13,110.0,宇治川特別,1300～1600m,秋,11.0-15.9M
2025-10-11,2025-1011-08-03-03-11,2022100154,メイショウズイウン,4,0,35.0,3.5,2,1.2040460067870185,0.2462258885725011,1,0.0,2025-09-30,monthly_walk_forward,京都,芝,1900,18400000.0,8,grade:E|condition:13,0.0,御陵ステークス,1700～2000m,秋,16.0-24.9M
2025-10-12,2025-1012-05-04-04-09,2022101669,ストレイトトーカー,5,0,104.0,10.399999618530272,6,1.1397805432052417,0.1934934048785028,1,0.0,2025-09-30,monthly_walk_forward,東京,芝,1600,15500000.0,16,grade:E|condition:13,0.0,鷹巣山特別,1300～1600m,秋,11.0-15.9M
2025-10-12,2025-1012-05-04-04-10,2020106408,ペプチドタイガー,2,0,37.0,3.700000047683716,1,0.4939456793493645,0.1747828851339472,1,0.0,2025-09-30,monthly_walk_forward,東京,芝,1400,18400000.0,7,grade:E|condition:13,160.0,テレビ静岡賞,1300～1600m,秋,16.0-24.9M
2025-10-12,2025-1012-05-04-04-11,2021101549,アドマイヤマツリ,7,0,44.0,4.400000095367432,2,1.3749000869420578,0.2530517251639563,1,0.0,2025-09-30,monthly_walk_forward,東京,芝,1800,55000000.0,1,grade:B|condition:13,0.0,アイルランドトロフィー,1700～2000m,秋,50M+
2025-10-12,2025-1012-05-04-04-12,2022101016,ユウトザレン,4,0,36.0,3.5999999046325684,1,1.093527304495588,0.3749759258720578,1,0.0,2025-09-30,monthly_walk_forward,東京,芝,1300,11400000.0,14,grade:unknown|condition:13,0.0,,1300～1600m,秋,11.0-15.9M
2025-10-12,2025-1012-08-03-04-04,2018106815,ヴィアルークス,1,1,22.0,2.200000047683716,1,-0.3275074554417996,0.3247400331690466,1,220.0,2025-09-30,monthly_walk_forward,京都,芝,2910,8400000.0,1,grade:unknown|condition:18,110.0,,2500m～,秋,8.0-10.9M
2025-10-12,2025-1012-08-03-04-08,2022104883,オーケアニス,7,0,20.0,2.0,1,0.7723902171481705,0.272554512638553,1,0.0,2025-09-30,monthly_walk_forward,京都,芝,1800,11400000.0,8,grade:unknown|condition:13,0.0,,1700～2000m,秋,11.0-15.9M
2025-10-12,2025-1012-08-03-04-09,2022104957,アメリカンビキニ,1,1,22.0,2.200000047683716,1,0.4299624112766509,0.2165446851544731,1,220.0,2025-09-30,monthly_walk_forward,京都,芝,1200,15500000.0,11,grade:E|condition:13,120.0,円山特別,～1200m,秋,11.0-15.9M
2025-10-12,2025-1012-08-03-04-10,2022106768,マイネルチケット,2,0,26.0,2.5999999046325684,1,1.14149413561123,0.3793636557806098,1,0.0,2025-09-30,monthly_walk_forward,京都,芝,1600,18400000.0,2,grade:E|condition:13,120.0,三年坂ステークス,1300～1600m,秋,16.0-24.9M
2025-10-12,2025-1012-08-03-04-11,2021104646,ジンセイ,3,0,19.0,1.899999976158142,1,0.9398398908498534,0.3745901613568079,1,0.0,2025-09-30,monthly_walk_forward,京都,芝,1800,22000000.0,6,grade:E|condition:13,110.0,太秦ステークス,1700～2000m,秋,16.0-24.9M
2025-10-13,2025-1013-05-04-05-04,2020106884,テーオーリカード,2,0,19.0,1.899999976158142,1,-0.0658284608693592,0.2999326275678482,1,0.0,2025-09-30,monthly_walk_forward,東京,芝,3000,8400000.0,6,grade:unknown|condition:18,110.0,,2500m～,秋,8.0-10.9M
2025-10-13,2025-1013-05-04-05-08,2023110072,マテンロウダビンチ,3,0,13.0,1.2999999523162842,1,0.7186558681633566,0.4060960973865676,1,0.0,2025-09-30,monthly_walk_forward,東京,芝,1600,11100000.0,3,grade:E|condition:11,0.0,プラタナス賞,1300～1600m,秋,11.0-15.9M
2025-10-13,2025-1013-05-04-05-10,2021104887,デュアルウィルダー,3,0,20.0,2.0,1,1.524626014715613,0.4029125193392164,1,0.0,2025-09-30,monthly_walk_forward,東京,芝,2400,18400000.0,8,grade:E|condition:13,110.0,昇仙峡ステークス,2100～2400m,秋,16.0-24.9M
2025-10-13,2025-1013-05-04-05-11,2021105391,ラスカンブレス,17,0,38.0,3.799999952316284,1,0.7858664040007757,0.1617562776371814,1,0.0,2025-09-30,monthly_walk_forward,東京,芝,2000,28000000.0,7,grade:L|condition:13,0.0,オクトーバーステークス,1700～2000m,秋,25.0-49.9M
2025-10-13,2025-1013-08-03-05-09,2022107134,タガノマカシヤ,2,0,19.0,1.899999976158142,1,0.4970751399885001,0.2384202792263743,1,0.0,2025-09-30,monthly_walk_forward,京都,芝,1800,15500000.0,11,grade:E|condition:13,110.0,蹴上特別,1700～2000m,秋,11.0-15.9M
2025-10-13,2025-1013-08-03-05-10,2022101827,ローランドバローズ,1,1,16.0,1.600000023841858,1,1.3190651847095158,0.4007199337723588,1,160.0,2025-09-30,monthly_walk_forward,京都,芝,1800,15500000.0,2,grade:E|condition:13,110.0,堀川特別,1700～2000m,秋,11.0-15.9M
2025-10-13,2025-1013-08-03-05-11,2022104401,ランスオブカオス,3,0,70.0,7.0,4,1.1335835673832968,0.1710460514867339,1,0.0,2025-09-30,monthly_walk_forward,京都,芝,1400,59000000.0,1,grade:B|condition:13,230.0,ＭＢＳ賞スワンステークス,1300～1600m,秋,50M+
2025-10-18,2025-1018-04-04-01-09,2021101003,ラブカ,10,0,106.0,10.600000381469728,6,0.2885389760198532,0.1935177815772238,1,0.0,2025-09-30,monthly_walk_forward,新潟,芝,2200,11100000.0,4,grade:E|condition:13,0.0,岩船特別,2100～2400m,秋,11.0-15.9M
2025-10-18,2025-1018-04-04-01-10,2022110142,ファムエレガンテ,1,1,35.0,3.5,2,0.5601824478543558,0.379796353518688,1,350.0,2025-09-30,monthly_walk_forward,新潟,芝,1200,15500000.0,10,grade:E|condition:13,180.0,妙高特別,～1200m,秋,11.0-15.9M
2025-10-18,2025-1018-04-04-01-11,2022102020,フリッカージャブ,1,1,16.0,1.600000023841858,1,0.9363729244287986,0.1962945898130173,1,160.0,2025-09-30,monthly_walk_forward,新潟,芝,1200,18400000.0,12,grade:E|condition:13,110.0,北陸ステークス,～1200m,秋,16.0-24.9M
2025-10-18,2025-1018-05-04-06-08,2022105769,ヴァリディシームス,3,0,15.0,1.5,1,0.9939936069890722,0.5210456078678399,1,0.0,2025-09-30,monthly_walk_forward,東京,芝,2000,11400000.0,2,grade:unknown|condition:13,100.0,,1700～2000m,秋,11.0-15.9M
2025-10-18,2025-1018-05-04-06-09,2023103752,アンドゥーリル,1,1,23.0,2.299999952316284,1,0.7843880993323886,0.2529815784354885,1,230.0,2025-09-30,monthly_walk_forward,東京,芝,1800,17000000.0,5,grade:L|condition:11,130.0,アイビーステークス,1700～2000m,秋,16.0-24.9M
2025-10-18,2025-1018-05-04-06-10,2022105979,ピカピカサンダー,1,1,23.0,2.299999952316284,1,1.200251538315844,0.3459471277549013,1,230.0,2025-09-30,monthly_walk_forward,東京,芝,2100,18400000.0,14,grade:E|condition:13,130.0,伊勢佐木ステークス,2100～2400m,秋,16.0-24.9M
2025-10-18,2025-1018-05-04-06-11,2021107171,ジャンタルマンタル,2,0,19.0,1.899999976158142,1,2.068565756355,0.4267327259229815,1,0.0,2025-09-30,monthly_walk_forward,東京,芝,1600,59000000.0,14,grade:B|condition:13,110.0,富士ステークス,1300～1600m,秋,50M+
2025-10-18,2025-1018-05-04-06-12,2022100328,ハクサンアイリス,6,0,31.0,3.0999999046325684,1,0.4526001458095469,0.3057098498087899,1,0.0,2025-09-30,monthly_walk_forward,東京,芝,1400,11400000.0,12,grade:unknown|condition:13,0.0,,1300～1600m,秋,11.0-15.9M
2025-10-18,2025-1018-08-03-06-04,2020103043,コレペティトール,9,0,32.0,3.200000047683716,2,0.6781487180463976,0.4158037485650893,1,0.0,2025-09-30,monthly_walk_forward,京都,芝,2910,8400000.0,1,grade:unknown|condition:18,0.0,,2500m～,秋,8.0-10.9M
2025-10-18,2025-1018-08-03-06-08,2023104562,テーオーグレーザー,3,0,37.0,3.700000047683716,3,0.7223833223313136,0.2706004345351535,1,0.0,2025-09-30,monthly_walk_forward,京都,芝,1400,11100000.0,7,grade:E|condition:11,0.0,なでしこ賞,1300～1600m,秋,11.0-15.9M
2025-10-18,2025-1018-08-03-06-09,2021101397,ヴェロクオーレ,1,1,26.0,2.5999999046325684,1,0.3364404443903612,0.3306982829148694,1,260.0,2025-09-30,monthly_walk_forward,京都,芝,1400,11400000.0,10,grade:unknown|condition:13,120.0,,1300～1600m,秋,11.0-15.9M
2025-10-18,2025-1018-08-03-06-10,2022103787,ジョイボーイ,1,1,20.0,2.0,1,0.5797968171772392,0.368878928385778,1,200.0,2025-09-30,monthly_walk_forward,京都,芝,2200,15500000.0,2,grade:E|condition:13,110.0,清滝特別,2100～2400m,秋,11.0-15.9M
2025-10-18,2025-1018-08-03-06-11,2022104628,レイナデアルシーラ,1,1,32.0,3.200000047683716,1,0.7383876936120802,0.2328597110098744,1,320.0,2025-09-30,monthly_walk_forward,京都,芝,1800,18400000.0,5,grade:E|condition:13,150.0,トルマリンステークス,1700～2000m,秋,16.0-24.9M
2025-10-19,2025-1019-04-04-02-09,2019100915,ゼンノインヴォーク,3,0,56.0,5.599999904632568,3,-0.483180200709138,0.1570261074022288,1,0.0,2025-09-30,monthly_walk_forward,新潟,芝,2000,11100000.0,11,grade:E|condition:13,190.0,松浜特別,1700～2000m,秋,11.0-15.9M
2025-10-19,2025-1019-04-04-02-10,2022102514,ベイビーキッス,1,1,71.0,7.099999904632568,5,0.1122198749512315,0.1908786136505647,1,710.0,2025-09-30,monthly_walk_forward,新潟,芝,1000,15500000.0,7,grade:E|condition:13,220.0,飛翼特別,～1200m,秋,11.0-15.9M
2025-10-19,2025-1019-04-04-02-11,2022104839,カネラフィーナ,1,1,21.0,2.0999999046325684,1,1.242615027863658,0.4081344561500737,1,210.0,2025-09-30,monthly_walk_forward,新潟,芝,2200,27000000.0,5,grade:L|condition:13,130.0,新潟牝馬ステークス,2100～2400m,秋,25.0-49.9M
2025-10-19,2025-1019-05-04-07-09,2019103152,サイード,3,0,44.0,4.400000095367432,3,0.464505847779731,0.3248672517105385,1,0.0,2025-09-30,monthly_walk_forward,東京,芝,3110,45000000.0,5,grade:G|condition:18,110.0,東京ハイジャンプ,2500m～,秋,25.0-49.9M
2025-10-19,2025-1019-05-04-07-10,2022102039,サノノワンダー,2,0,17.0,1.7000000476837158,1,0.6459649337303752,0.2492374941719093,1,0.0,2025-09-30,monthly_walk_forward,東京,芝,1600,15500000.0,8,grade:E|condition:13,110.0,西湖特別,1300～1600m,秋,11.0-15.9M
2025-10-19,2025-1019-05-04-07-11,2021106611,カゼノランナー,10,0,48.0,4.800000190734863,2,1.2327410089980138,0.3167403551684103,1,0.0,2025-09-30,monthly_walk_forward,東京,芝,2100,24000000.0,11,grade:L|condition:13,0.0,ブラジルカップ,2100～2400m,秋,16.0-24.9M
2025-10-19,2025-1019-05-04-07-12,2022105369,ジョイフルニュース,2,0,27.0,2.700000047683716,1,1.2720095548917558,0.1963237728093,1,0.0,2025-09-30,monthly_walk_forward,東京,芝,1800,18400000.0,5,grade:E|condition:13,150.0,甲斐路ステークス,1700～2000m,秋,16.0-24.9M
2025-10-19,2025-1019-08-03-07-08,2022105230,ミニトランザット,1,1,20.0,2.0,1,1.1993196368451002,0.3297383792753792,1,200.0,2025-09-30,monthly_walk_forward,京都,芝,1600,11400000.0,4,grade:unknown|condition:13,120.0,,1300～1600m,秋,11.0-15.9M
2025-10-19,2025-1019-08-03-07-09,2023105312,リリージョワ,1,1,27.0,2.700000047683716,2,0.5332136322633274,0.3435884408500397,1,270.0,2025-09-30,monthly_walk_forward,京都,芝,1400,16000000.0,7,grade:E|condition:11,150.0,もみじステークス,1300～1600m,秋,16.0-24.9M
2025-10-19,2025-1019-08-03-07-10,2022100623,ダノンフィーゴ,3,0,15.0,1.5,1,0.8878293684185843,0.3154953739396658,1,0.0,2025-09-30,monthly_walk_forward,京都,芝,1400,18400000.0,13,grade:E|condition:13,110.0,京都競馬場開設１００周年記念,1300～1600m,秋,16.0-24.9M
2025-10-19,2025-1019-08-03-07-11,2022105402,カムニャック,16,0,21.0,2.0999999046325684,1,1.766685928346737,0.3760820637905111,1,0.0,2025-09-30,monthly_walk_forward,京都,芝,2000,110000000.0,17,grade:A|condition:12,0.0,秋華賞,1700～2000m,秋,50M+
2025-10-19,2025-1019-08-03-07-12,2022103686,テスティモーネ,1,1,33.0,3.299999952316284,1,0.6592414767144483,0.2131820142548238,1,330.0,2025-09-30,monthly_walk_forward,京都,芝,1800,15500000.0,9,grade:E|condition:13,160.0,聚楽第特別,1700～2000m,秋,11.0-15.9M
2025-10-25,2025-1025-04-04-03-09,2021105373,パレスドフィーヌ,10,0,79.0,7.900000095367432,4,-0.2188694272240044,0.2026004211114953,1,0.0,2025-09-30,monthly_walk_forward,新潟,芝,1000,11100000.0,5,grade:E|condition:13,0.0,稲光特別,～1200m,秋,11.0-15.9M
2025-10-25,2025-1025-04-04-03-10,2022102167,アールプロスト,9,0,43.0,4.300000190734863,1,0.7014296634594565,0.2339729176680528,1,0.0,2025-09-30,monthly_walk_forward,新潟,芝,1800,15500000.0,1,grade:E|condition:13,0.0,菅名岳特別,1700～2000m,秋,11.0-15.9M
2025-10-25,2025-1025-04-04-03-11,2021106954,アスクナイスショー,12,0,68.0,6.800000190734863,4,0.9097627673259208,0.1697810263415958,1,0.0,2025-09-30,monthly_walk_forward,新潟,芝,2000,18400000.0,15,grade:E|condition:13,0.0,魚沼ステークス,1700～2000m,秋,16.0-24.9M
2025-10-25,2025-1025-05-04-08-09,2021100564,エフォートレス,12,0,76.0,7.599999904632568,4,0.7362858415674369,0.1935566710453576,1,0.0,2025-09-30,monthly_walk_forward,東京,芝,1400,15500000.0,4,grade:E|condition:13,0.0,精進湖特別,1300～1600m,秋,11.0-15.9M
2025-10-25,2025-1025-05-04-08-10,2022101703,ベンヌ,4,0,21.0,2.0999999046325684,1,1.172396575801116,0.3406065706344011,1,0.0,2025-09-30,monthly_walk_forward,東京,芝,1600,18400000.0,3,grade:E|condition:13,0.0,河口湖ステークス,1300～1600m,秋,16.0-24.9M
2025-10-25,2025-1025-05-04-08-11,2023100797,ハッピーエンジェル,4,0,87.0,8.699999809265137,4,0.7894417456941472,0.2687037316593881,1,0.0,2025-09-30,monthly_walk_forward,東京,芝,1600,29000000.0,8,grade:C|condition:11,0.0,アルテミスステークス,1300～1600m,秋,25.0-49.9M
2025-10-25,2025-1025-05-04-08-12,2022101626,フウセツ,1,1,27.0,2.700000047683716,1,0.4795596306297403,0.3019986316642933,1,270.0,2025-09-30,monthly_walk_forward,東京,芝,1400,11400000.0,1,grade:unknown|condition:13,130.0,,1300～1600m,秋,11.0-15.9M
2025-10-25,2025-1025-08-03-08-04,2021101671,サンダーアラート,7,0,14.0,1.399999976158142,1,0.1546744802206612,0.2865070436124014,1,0.0,2025-09-30,monthly_walk_forward,京都,芝,3170,14300000.0,8,grade:unknown|condition:18,0.0,,2500m～,秋,11.0-15.9M
2025-10-25,2025-1025-08-03-08-08,2022105140,ネブラディスク,1,1,19.0,1.899999976158142,1,1.0156872346804209,0.2808952134025873,1,190.0,2025-09-30,monthly_walk_forward,京都,芝,1800,11400000.0,2,grade:unknown|condition:13,120.0,,1700～2000m,秋,11.0-15.9M
2025-10-25,2025-1025-08-03-08-09,2022107134,タガノマカシヤ,1,1,19.0,1.899999976158142,1,1.031788776400223,0.5103301812316907,1,190.0,2025-09-30,monthly_walk_forward,京都,芝,1900,15500000.0,13,grade:E|condition:13,110.0,北國新聞杯,1700～2000m,秋,11.0-15.9M
2025-10-25,2025-1025-08-03-08-10,2021105161,ケーブパール,4,0,48.0,4.800000190734863,3,0.8205811361279066,0.25886928956323,1,0.0,2025-09-30,monthly_walk_forward,京都,芝,1400,18400000.0,4,grade:E|condition:13,0.0,長岡京ステークス,1300～1600m,秋,16.0-24.9M
2025-10-25,2025-1025-08-03-08-11,2021101134,ピースワンデュック,6,0,38.0,3.799999952316284,1,0.9840940977040512,0.2405327743511326,1,0.0,2025-09-30,monthly_walk_forward,京都,芝,1800,28000000.0,10,grade:L|condition:13,0.0,カシオペアステークス,1700～2000m,秋,25.0-49.9M
2025-10-26,2025-1026-04-04-04-09,2022106218,ウインファヴォリ,14,0,296.0,29.600000381469727,12,-0.2020070571697665,0.1840893208528372,1,0.0,2025-09-30,monthly_walk_forward,新潟,芝,1600,11100000.0,8,grade:E|condition:13,0.0,柏崎特別,1300～1600m,秋,11.0-15.9M
2025-10-26,2025-1026-04-04-04-10,2022105390,パッションリッチ,2,0,50.0,5.0,3,0.6851027819950813,0.2299374606555634,1,0.0,2025-09-30,monthly_walk_forward,新潟,芝,2000,15500000.0,2,grade:E|condition:13,220.0,村上特別,1700～2000m,秋,11.0-15.9M
2025-10-26,2025-1026-04-04-04-11,2021101924,フィオライア,4,0,245.0,24.5,10,0.6063515647210636,0.2034003102347008,1,0.0,2025-09-30,monthly_walk_forward,新潟,芝,1000,27000000.0,4,grade:L|condition:13,0.0,ルミエールオータムダッシュ,～1200m,秋,25.0-49.9M
2025-10-26,2025-1026-05-04-09-04,2020100684,マルベリーシチー,3,0,53.0,5.300000190734863,3,-0.3019228287540133,0.2505741875764306,1,0.0,2025-09-30,monthly_walk_forward,東京,芝,3000,8400000.0,14,grade:unknown|condition:18,180.0,,2500m～,秋,8.0-10.9M
2025-10-26,2025-1026-05-04-09-09,2022105554,ゼロスネーク,3,0,31.0,3.0999999046325684,1,0.1958078253506177,0.2671831670653314,1,0.0,2025-09-30,monthly_walk_forward,東京,芝,1600,15500000.0,7,grade:E|condition:13,150.0,三鷹特別,1300～1600m,秋,11.0-15.9M
2025-10-26,2025-1026-05-04-09-10,2020100934,クリニクラウン,1,1,29.0,2.9000000953674316,1,0.3957072290099518,0.2606652901198782,1,290.0,2025-09-30,monthly_walk_forward,東京,芝,1800,15500000.0,6,grade:E|condition:13,150.0,山中湖特別,1700～2000m,秋,11.0-15.9M
2025-10-26,2025-1026-05-04-09-11,2021110126,インユアパレス,1,1,28.0,2.799999952316284,1,1.2032851420333948,0.3038831089364096,1,280.0,2025-09-30,monthly_walk_forward,東京,芝,1400,22000000.0,13,grade:E|condition:13,130.0,神無月ステークス,1300～1600m,秋,16.0-24.9M
2025-10-26,2025-1026-08-03-09-08,2022110026,コウセキ,4,0,38.0,3.799999952316284,2,0.6173024722831941,0.2238635234491498,1,0.0,2025-09-30,monthly_walk_forward,京都,芝,1200,15500000.0,14,grade:E|condition:13,0.0,壬生特別,～1200m,秋,11.0-15.9M
2025-10-26,2025-1026-08-03-09-09,2023107278,バドリナート,1,1,40.0,4.0,3,0.5950315065639876,0.2198302286972053,1,400.0,2025-09-30,monthly_walk_forward,京都,芝,1800,17000000.0,5,grade:L|condition:11,140.0,萩ステークス,1700～2000m,秋,16.0-24.9M
2025-10-26,2025-1026-08-03-09-10,2021103987,スナークラファエロ,3,0,98.0,9.800000190734863,5,1.1870743748827732,0.21900553332257,1,0.0,2025-09-30,monthly_walk_forward,京都,芝,1800,22000000.0,3,grade:E|condition:13,330.0,カノープスステークス,1700～2000m,秋,16.0-24.9M
2025-10-26,2025-1026-08-03-09-11,2022104714,ショウヘイ,14,0,79.0,7.900000095367432,3,1.0393407781833237,0.1364329311734163,1,0.0,2025-09-30,monthly_walk_forward,京都,芝,3000,200000000.0,7,grade:A|condition:12,0.0,菊花賞,2500m～,秋,50M+
2025-10-26,2025-1026-08-03-09-12,2022100204,ピエマンソン,1,1,25.0,2.5,1,1.3717347417205596,0.4228113596068068,1,250.0,2025-09-30,monthly_walk_forward,京都,芝,1400,15500000.0,13,grade:E|condition:13,130.0,嵯峨野特別,1300～1600m,秋,11.0-15.9M
2025-11-01,2025-1101-05-04-10-08,2022104219,ペイシャケイプ,7,0,34.0,3.4000000953674316,1,0.9256134426391492,0.3446357424673419,1,0.0,2025-10-31,monthly_walk_forward,東京,芝,1400,11400000.0,11,grade:unknown|condition:13,0.0,,1300～1600m,秋,11.0-15.9M
2025-11-01,2025-1101-05-04-10-09,2022104845,ホウオウアートマン,5,0,34.0,3.4000000953674316,2,0.990884399262638,0.3839154981582452,1,0.0,2025-10-31,monthly_walk_forward,東京,芝,2400,15500000.0,6,grade:E|condition:13,0.0,本栖湖特別,2100～2400m,秋,11.0-15.9M
2025-11-01,2025-1101-05-04-10-10,2022104594,ヒシアマン,3,0,21.0,2.0999999046325684,1,1.3948453625626134,0.2527659012855057,1,0.0,2025-10-31,monthly_walk_forward,東京,芝,1600,18400000.0,5,grade:E|condition:13,120.0,紅葉ステークス,1300～1600m,秋,16.0-24.9M
2025-11-01,2025-1101-05-04-10-11,2021105661,レガーロデルシエロ,6,0,73.0,7.300000190734863,3,0.8805201181917038,0.196120484860141,1,0.0,2025-10-31,monthly_walk_forward,東京,芝,1600,22000000.0,10,grade:E|condition:13,0.0,ペルセウスステークス,1300～1600m,秋,16.0-24.9M
2025-11-01,2025-1101-08-03-10-04,2021106621,ハイウェイスター,6,0,235.0,23.5,6,-0.0031153513090787,0.3573273856887738,1,0.0,2025-10-31,monthly_walk_forward,京都,芝,2910,8400000.0,7,grade:unknown|condition:18,0.0,,2500m～,秋,8.0-10.9M
2025-11-01,2025-1101-08-03-10-08,2022100529,ハッピーダンチャン,15,0,39.0,3.900000095367432,1,0.5305999315605824,0.2549493237020468,1,0.0,2025-10-31,monthly_walk_forward,京都,芝,1800,11400000.0,5,grade:unknown|condition:13,0.0,,1700～2000m,秋,11.0-15.9M
2025-11-01,2025-1101-08-03-10-09,2022105073,エコロディノス,1,1,25.0,2.5,1,1.1724166647168457,0.4074132637005563,1,250.0,2025-10-31,monthly_walk_forward,京都,芝,2000,15500000.0,10,grade:E|condition:13,120.0,北野特別,1700～2000m,秋,11.0-15.9M
2025-11-01,2025-1101-08-03-10-10,2021105430,マルチャレアル,4,0,44.0,4.400000095367432,3,0.6448486245138266,0.2285842039545984,1,0.0,2025-10-31,monthly_walk_forward,京都,芝,1800,18400000.0,11,grade:E|condition:13,0.0,ハロウィンステークス,1700～2000m,秋,16.0-24.9M
2025-11-01,2025-1101-08-03-10-11,2023106477,ベレーバスク,5,0,73.0,7.300000190734863,4,0.2342362079891994,0.1297298193055689,1,0.0,2025-10-31,monthly_walk_forward,京都,芝,1400,29000000.0,6,grade:C|condition:11,0.0,ＫＢＳ京都賞ファンタジーステークス,1300～1600m,秋,25.0-49.9M
2025-11-02,2025-1102-05-04-11-08,2023106288,アッカン,1,1,118.0,11.800000190734863,4,0.2781667071743881,0.2884038300264376,1,1180.0,2025-10-31,monthly_walk_forward,東京,芝,2000,11100000.0,3,grade:E|condition:11,270.0,百日草特別,1700～2000m,秋,11.0-15.9M
2025-11-02,2025-1102-05-04-11-09,2022105590,ワンモアスマイル,4,0,80.0,8.0,4,0.9794795638707549,0.188891742332514,1,0.0,2025-10-31,monthly_walk_forward,東京,芝,1600,15500000.0,3,grade:E|condition:13,0.0,国立特別,1300～1600m,秋,11.0-15.9M
2025-11-02,2025-1102-05-04-11-10,2022110137,ドラゴンウェルズ,2,0,28.0,2.799999952316284,1,0.7315658125538131,0.2702303928962758,1,0.0,2025-10-31,monthly_walk_forward,東京,芝,1300,18400000.0,6,grade:E|condition:13,150.0,秋嶺ステークス,1300～1600m,秋,16.0-24.9M
2025-11-02,2025-1102-05-04-11-11,2022105519,マスカレードボール,1,1,27.0,2.700000047683716,1,1.1855297759906238,0.2219995555824392,1,270.0,2025-10-31,monthly_walk_forward,東京,芝,2000,300000000.0,7,grade:A|condition:13,140.0,天皇賞（秋）,1700～2000m,秋,50M+
2025-11-02,2025-1102-05-04-11-12,2022103186,テーオーライマン,2,0,33.0,3.299999952316284,2,0.6991711137185425,0.4520694914066223,1,0.0,2025-10-31,monthly_walk_forward,東京,芝,1600,15500000.0,12,grade:E|condition:13,120.0,清里特別,1300～1600m,秋,11.0-15.9M
2025-11-02,2025-1102-08-03-11-04,2018101615,ウインシュクラン,10,0,60.0,6.0,4,0.2158243174396609,0.3730613883946854,1,0.0,2025-10-31,monthly_walk_forward,京都,芝,2910,8400000.0,6,grade:unknown|condition:18,0.0,,2500m～,秋,8.0-10.9M
2025-11-02,2025-1102-08-03-11-08,2022101016,ユウトザレン,9,0,36.0,3.5999999046325684,2,1.0111948625770604,0.2786372167182785,1,0.0,2025-10-31,monthly_walk_forward,京都,芝,1200,11400000.0,5,grade:unknown|condition:13,0.0,,～1200m,秋,11.0-15.9M
2025-11-02,2025-1102-08-03-11-09,2023102553,ボクマダネムイヨ,3,0,32.0,3.200000047683716,2,0.8262613926758586,0.1902018685236778,1,0.0,2025-10-31,monthly_walk_forward,京都,芝,1800,11100000.0,4,grade:E|condition:11,140.0,もちの木賞,1700～2000m,秋,11.0-15.9M
2025-11-02,2025-1102-08-03-11-10,2021100148,ロードオールライト,9,0,49.0,4.900000095367432,2,0.6453127399205323,0.2892195802236564,1,0.0,2025-10-31,monthly_walk_forward,京都,芝,3000,18400000.0,4,grade:E|condition:13,0.0,古都ステークス,2500m～,秋,16.0-24.9M
2025-11-02,2025-1102-08-03-11-11,2022110114,シンフォーエバー,15,0,94.0,9.399999618530272,6,0.5341521813604239,0.1504598337415254,1,0.0,2025-10-31,monthly_walk_forward,京都,芝,1600,27000000.0,3,grade:L|condition:13,0.0,まほろばステークス,1300～1600m,秋,25.0-49.9M
2025-11-02,2025-1102-08-03-11-12,2022103146,カンシン,4,0,57.0,5.699999809265137,3,0.5974455076090721,0.2175442940274722,1,0.0,2025-10-31,monthly_walk_forward,京都,芝,1400,11400000.0,9,grade:unknown|condition:13,0.0,,1300～1600m,秋,11.0-15.9M
2025-11-08,2025-1108-03-03-01-09,2022106344,エテルニータ,7,0,15.0,1.5,1,0.5205510492645942,0.3160285051406933,1,0.0,2025-10-31,monthly_walk_forward,福島,芝,2000,11100000.0,12,grade:E|condition:13,0.0,三春駒特別,1700～2000m,秋,11.0-15.9M
2025-11-08,2025-1108-03-03-01-10,2022110056,フードマン,3,0,50.0,5.0,3,0.5898007617599337,0.2123153299300339,1,0.0,2025-10-31,monthly_walk_forward,福島,芝,1200,15500000.0,10,grade:E|condition:13,210.0,飯坂温泉特別,～1200m,秋,11.0-15.9M
2025-11-08,2025-1108-03-03-01-11,2020102488,トーセンエスクード,2,0,104.0,10.399999618530272,7,0.7805770415524019,0.1819892921508683,1,0.0,2025-10-31,monthly_walk_forward,福島,芝,1200,18400000.0,14,grade:E|condition:13,280.0,キビタキステークス,～1200m,秋,16.0-24.9M
2025-11-08,2025-1108-05-05-01-08,2022105388,ビーオンザカバー,2,0,43.0,4.300000190734863,3,0.9363552055754824,0.337736087735537,1,0.0,2025-10-31,monthly_walk_forward,東京,芝,2000,11400000.0,7,grade:unknown|condition:13,110.0,,1700～2000m,秋,11.0-15.9M
2025-11-08,2025-1108-05-05-01-09,2022102228,テーオーマルコーニ,2,0,42.0,4.199999809265137,2,0.6679535578381066,0.29913891796625,1,0.0,2025-10-31,monthly_walk_forward,東京,芝,2100,15500000.0,5,grade:E|condition:13,130.0,神奈川新聞杯,2100～2400m,秋,11.0-15.9M
2025-11-08,2025-1108-05-05-01-10,2022105775,ルグランヴァン,2,0,33.0,3.299999952316284,2,0.8628819591293737,0.2482283600465039,1,0.0,2025-10-31,monthly_walk_forward,東京,芝,1600,18400000.0,4,grade:E|condition:13,130.0,錦秋ステークス,1300～1600m,秋,16.0-24.9M
2025-11-08,2025-1108-05-05-01-11,2023106619,レッドスティンガー,8,0,82.0,8.199999809265137,3,0.0693056382881038,0.1357750052357691,1,0.0,2025-10-31,monthly_walk_forward,東京,芝,1400,38000000.0,16,grade:B|condition:11,0.0,京王杯２歳ステークス,1300～1600m,秋,25.0-49.9M
2025-11-08,2025-1108-08-04-01-08,2019101507,ディナースタ,2,0,17.0,1.7000000476837158,1,0.4172135746210573,0.3303760716789031,1,0.0,2025-10-31,monthly_walk_forward,京都,芝,3170,30000000.0,9,grade:H|condition:18,110.0,京都ジャンプステークス,2500m～,秋,25.0-49.9M
2025-11-08,2025-1108-08-04-01-09,2022105808,トゥロン,4,0,112.0,11.199999809265137,5,0.9179063098202525,0.2410770516940633,1,0.0,2025-10-31,monthly_walk_forward,京都,芝,1400,15500000.0,13,grade:E|condition:13,0.0,亀岡特別,1300～1600m,秋,11.0-15.9M
2025-11-08,2025-1108-08-04-01-10,2022103875,アイサンサン,10,0,39.0,3.900000095367432,3,0.989413455405916,0.208737585854507,1,0.0,2025-10-31,monthly_walk_forward,京都,芝,1600,18400000.0,4,grade:E|condition:13,0.0,清水ステークス,1300～1600m,秋,16.0-24.9M
2025-11-08,2025-1108-08-04-01-11,2021103716,メイショウホウレン,2,0,80.0,8.0,4,0.6912931264954026,0.1500115502463672,1,0.0,2025-10-31,monthly_walk_forward,京都,芝,1200,22000000.0,1,grade:E|condition:13,180.0,室町ステークス,～1200m,秋,16.0-24.9M
2025-11-09,2025-1109-03-03-02-04,2021106574,マグナレガリア,2,0,28.0,2.799999952316284,1,-1.1702523135686211,0.1749387327494763,1,0.0,2025-10-31,monthly_walk_forward,福島,芝,2750,8400000.0,6,grade:unknown|condition:18,140.0,,2500m～,秋,8.0-10.9M
2025-11-09,2025-1109-03-03-02-05,2019101464,サラフィエル,5,0,20.0,2.0,1,-0.6409991315328024,0.3127049480976818,1,0.0,2025-10-31,monthly_walk_forward,福島,芝,2750,8400000.0,1,grade:unknown|condition:18,0.0,,2500m～,秋,8.0-10.9M
2025-11-09,2025-1109-03-03-02-09,2022101108,ホウオウショコラ,16,0,43.0,4.300000190734863,2,0.1429959828495391,0.2180414858309962,1,0.0,2025-10-31,monthly_walk_forward,福島,芝,1800,11100000.0,12,grade:E|condition:13,0.0,二本松特別,1700～2000m,秋,11.0-15.9M
2025-11-09,2025-1109-03-03-02-10,2022105262,カペルブリュッケ,2,0,66.0,6.599999904632568,3,-0.0254980062141343,0.179907333780343,1,0.0,2025-10-31,monthly_walk_forward,福島,芝,1700,15500000.0,8,grade:E|condition:13,270.0,河北新報杯,1700～2000m,秋,11.0-15.9M
2025-11-09,2025-1109-03-03-02-11,2022103066,レイピア,1,1,40.0,4.0,1,0.7102376047718674,0.1693999132851731,1,400.0,2025-10-31,monthly_walk_forward,福島,芝,1200,23000000.0,6,grade:E|condition:13,170.0,みちのくステークス,～1200m,秋,16.0-24.9M
2025-11-09,2025-1109-05-05-02-08,2022105381,エイプリルインパリ,6,0,31.0,3.0999999046325684,1,0.1739117805957415,0.1504279181127367,1,0.0,2025-10-31,monthly_walk_forward,東京,芝,1300,11400000.0,15,grade:unknown|condition:13,0.0,,1300～1600m,秋,11.0-15.9M
2025-11-09,2025-1109-05-05-02-09,2023100936,サトノボヤージュ,1,1,17.0,1.7000000476837158,1,0.5536198252514994,0.1731260757004985,1,170.0,2025-10-31,monthly_walk_forward,東京,芝,1400,11100000.0,14,grade:E|condition:11,110.0,オキザリス賞,1300～1600m,秋,11.0-15.9M
2025-11-09,2025-1109-05-05-02-10,2022104655,ウィクトルウェルス,1,1,14.0,1.399999976158142,1,1.2723999913027113,0.4739953632220732,1,140.0,2025-10-31,monthly_walk_forward,東京,芝,2000,18400000.0,12,grade:E|condition:13,110.0,イクイノックスメモリアル,1700～2000m,秋,16.0-24.9M
2025-11-09,2025-1109-05-05-02-11,2021105829,スティンガーグラス,2,0,34.0,3.4000000953674316,1,0.5705614382548089,0.1688929438088919,1,0.0,2025-10-31,monthly_walk_forward,東京,芝,2500,57000000.0,18,grade:B|condition:13,180.0,アルゼンチン共和国杯,2500m～,秋,50M+
2025-11-09,2025-1109-05-05-02-12,2022107340,ラパンチュール,4,0,28.0,2.799999952316284,1,0.6580222726982983,0.1680530080645968,1,0.0,2025-10-31,monthly_walk_forward,東京,芝,1400,11400000.0,12,grade:unknown|condition:13,0.0,,1300～1600m,秋,11.0-15.9M
2025-11-09,2025-1109-08-04-02-07,2022104799,ピックデムッシュ,2,0,17.0,1.7000000476837158,1,1.0897025088352663,0.4433496158720985,1,0.0,2025-10-31,monthly_walk_forward,京都,芝,2400,11400000.0,2,grade:unknown|condition:13,110.0,,2100～2400m,秋,11.0-15.9M
2025-11-09,2025-1109-08-04-02-08,2022102123,モズカトレア,2,0,33.0,3.299999952316284,1,1.0055650260997704,0.3851212988489159,1,0.0,2025-10-31,monthly_walk_forward,京都,芝,1800,11400000.0,13,grade:unknown|condition:13,150.0,,1700～2000m,秋,11.0-15.9M
2025-11-09,2025-1109-08-04-02-09,2021104906,バレルターン,1,1,19.0,1.899999976158142,1,0.9401185720629388,0.2777078698993637,1,190.0,2025-10-31,monthly_walk_forward,京都,芝,1600,15500000.0,8,grade:E|condition:13,110.0,木津川特別,1300～1600m,秋,11.0-15.9M
2025-11-09,2025-1109-08-04-02-10,2021110008,ルディック,5,0,21.0,2.0999999046325684,1,1.1342959390898626,0.3969927285589772,1,0.0,2025-10-31,monthly_walk_forward,京都,芝,1200,18400000.0,1,grade:E|condition:13,0.0,貴船ステークス,～1200m,秋,16.0-24.9M
2025-11-09,2025-1109-08-04-02-11,2021105700,ダブルハートボンド,1,1,60.0,6.0,2,1.6513566147039016,0.1901096369910165,1,600.0,2025-10-31,monthly_walk_forward,京都,芝,1800,40000000.0,12,grade:C|condition:13,220.0,みやこステークス,1700～2000m,秋,25.0-49.9M
2025-11-15,2025-1115-03-03-03-09,2022101230,インパクトシー,2,0,16.0,1.600000023841858,1,0.4972796269973963,0.2976335783732053,1,0.0,2025-10-31,monthly_walk_forward,福島,芝,1800,11100000.0,2,grade:E|condition:13,110.0,土湯温泉特別,1700～2000m,秋,11.0-15.9M
2025-11-15,2025-1115-03-03-03-10,2022107287,アメージング,14,0,45.0,4.5,1,0.2608345062900575,0.1937865613373106,1,0.0,2025-10-31,monthly_walk_forward,福島,芝,1700,15500000.0,2,grade:E|condition:13,0.0,西郷特別,1700～2000m,秋,11.0-15.9M
2025-11-15,2025-1115-03-03-03-11,2022110142,ファムエレガンテ,2,0,23.0,2.299999952316284,1,0.9866512253032568,0.3588129863244375,1,0.0,2025-10-31,monthly_walk_forward,福島,芝,1150,18400000.0,1,grade:E|condition:13,130.0,フルーツラインカップ,～1200m,秋,16.0-24.9M
2025-11-15,2025-1115-05-05-03-08,2020106654,スズカハービン,2,0,38.0,3.799999952316284,2,0.0208825148622359,0.2166567141113337,1,0.0,2025-10-31,monthly_walk_forward,東京,芝,3110,17500000.0,9,grade:E|condition:18,130.0,秋陽ジャンプステークス,2500m～,秋,16.0-24.9M
2025-11-15,2025-1115-05-05-03-09,2022102039,サノノワンダー,3,0,18.0,1.7999999523162842,1,0.6808125418462314,0.2875035735983482,1,0.0,2025-10-31,monthly_walk_forward,東京,芝,1600,15500000.0,12,grade:E|condition:13,110.0,三浦特別,1300～1600m,秋,11.0-15.9M
2025-11-15,2025-1115-05-05-03-10,2022106768,マイネルチケット,1,1,25.0,2.5,1,0.7741058366543133,0.1385645596753293,1,250.0,2025-10-31,monthly_walk_forward,東京,芝,1400,18400000.0,8,grade:E|condition:13,130.0,奥多摩ステークス,1300～1600m,秋,16.0-24.9M
2025-11-15,2025-1115-05-05-03-11,2020103307,コスタノヴァ,2,0,28.0,2.799999952316284,1,1.804688348573011,0.2956981531223708,1,0.0,2025-10-31,monthly_walk_forward,東京,芝,1600,40000000.0,4,grade:C|condition:13,140.0,武蔵野ステークス,1300～1600m,秋,25.0-49.9M
2025-11-15,2025-1115-05-05-03-12,2022104814,ダノンセンチュリー,1,1,21.0,2.0999999046325684,1,1.118569632347873,0.2453353598613435,1,210.0,2025-10-31,monthly_walk_forward,東京,芝,1600,11400000.0,6,grade:unknown|condition:13,110.0,,1300～1600m,秋,11.0-15.9M
2025-11-15,2025-1115-08-04-03-08,2021104948,キーパフォーマー,1,1,37.0,3.700000047683716,2,0.6503860462825232,0.3550261150353144,1,370.0,2025-10-31,monthly_walk_forward,京都,芝,2000,11400000.0,6,grade:unknown|condition:13,150.0,,1700～2000m,秋,11.0-15.9M
2025-11-15,2025-1115-08-04-03-09,2021100899,ビッグドリーム,2,0,19.0,1.899999976158142,1,0.5148794545996788,0.3432986046474865,1,0.0,2025-10-31,monthly_walk_forward,京都,芝,1200,15500000.0,11,grade:E|condition:13,110.0,深草特別,～1200m,秋,11.0-15.9M
2025-11-15,2025-1115-08-04-03-10,2020102870,ブレイヴロッカー,10,0,273.0,27.299999237060547,10,0.6376536939368823,0.1648513331113832,1,0.0,2025-10-31,monthly_walk_forward,京都,芝,2000,28000000.0,3,grade:L|condition:13,0.0,アンドロメダステークス,1700～2000m,秋,25.0-49.9M
2025-11-15,2025-1115-08-04-03-11,2023110055,グッドピース,6,0,108.0,10.800000190734863,4,0.4445517013309855,0.1929197938397764,1,0.0,2025-10-31,monthly_walk_forward,京都,芝,1600,38000000.0,8,grade:B|condition:11,0.0,デイリー杯２歳ステークス,1300～1600m,秋,25.0-49.9M
2025-11-16,2025-1116-03-03-04-04,2021102482,ゴールデンスロープ,2,0,12.0,1.2000000476837158,1,-0.639884454051594,0.3015633461942236,1,0.0,2025-10-31,monthly_walk_forward,福島,芝,2750,8400000.0,5,grade:unknown|condition:18,100.0,,2500m～,秋,8.0-10.9M
2025-11-16,2025-1116-03-03-04-05,2021105004,ホークフィールド,1,1,26.0,2.5999999046325684,1,-1.0833351786761398,0.2332660381120728,1,260.0,2025-10-31,monthly_walk_forward,福島,芝,2750,8400000.0,8,grade:unknown|condition:18,120.0,,2500m～,秋,8.0-10.9M
2025-11-16,2025-1116-03-03-04-09,2023103037,コパノトーマス,8,0,84.0,8.399999618530273,3,0.2586937025263358,0.1594274138061229,1,0.0,2025-10-31,monthly_walk_forward,福島,芝,1200,16000000.0,3,grade:E|condition:11,0.0,福島２歳ステークス,～1200m,秋,16.0-24.9M
2025-11-16,2025-1116-03-03-04-10,2022104845,ホウオウアートマン,5,0,38.0,3.799999952316284,1,0.9566762377222522,0.2520565638703678,1,0.0,2025-10-31,monthly_walk_forward,福島,芝,2600,15500000.0,7,grade:E|condition:13,0.0,三陸特別,2500m～,秋,11.0-15.9M
2025-11-16,2025-1116-03-03-04-11,2020104661,ダンテバローズ,2,0,30.0,3.0,1,0.6458449613719193,0.1988690441202442,1,0.0,2025-10-31,monthly_walk_forward,福島,芝,1700,24000000.0,8,grade:L|condition:13,140.0,福島民友カップ,1700～2000m,秋,16.0-24.9M
2025-11-16,2025-1116-05-05-04-07,2021101660,アンクエンチャブル,2,0,32.0,3.200000047683716,1,0.4397582536383465,0.211083706142706,1,0.0,2025-10-31,monthly_walk_forward,東京,芝,1400,11400000.0,13,grade:unknown|condition:13,150.0,,1300～1600m,秋,11.0-15.9M
2025-11-16,2025-1116-05-05-04-09,2022100623,ダノンフィーゴ,1,1,29.0,2.9000000953674316,2,1.3949085874518363,0.4107765567079974,1,290.0,2025-10-31,monthly_walk_forward,東京,芝,1400,18400000.0,2,grade:E|condition:13,140.0,銀嶺ステークス,1300～1600m,秋,16.0-24.9M
2025-11-16,2025-1116-05-05-04-10,2021105581,フレミングフープ,1,1,56.0,5.599999904632568,3,1.121604468999654,0.211035134259683,1,560.0,2025-10-31,monthly_walk_forward,東京,芝,1800,18400000.0,6,grade:E|condition:13,180.0,ユートピアステークス,1700～2000m,秋,16.0-24.9M
2025-11-16,2025-1116-05-05-04-11,2021101384,フォーチュンタイム,1,1,38.0,3.799999952316284,1,0.4867060070254875,0.109534239441092,1,380.0,2025-10-31,monthly_walk_forward,東京,芝,1400,27000000.0,16,grade:L|condition:13,210.0,オーロカップ,1300～1600m,秋,25.0-49.9M
2025-11-16,2025-1116-08-04-04-07,2022110121,ゴールデンクラウド,1,1,18.0,1.7999999523162842,1,0.9854979065800242,0.4496848528104755,1,180.0,2025-10-31,monthly_walk_forward,京都,芝,1800,11400000.0,4,grade:unknown|condition:13,110.0,,1700～2000m,秋,11.0-15.9M
2025-11-16,2025-1116-08-04-04-08,2022103060,ホーリーブラッサム,9,0,19.0,1.899999976158142,1,1.022335930017029,0.2131047659001614,1,0.0,2025-10-31,monthly_walk_forward,京都,芝,1400,11400000.0,11,grade:unknown|condition:13,0.0,,1300～1600m,秋,11.0-15.9M
2025-11-16,2025-1116-08-04-04-09,2023104996,キッコベッロ,4,0,18.0,1.7999999523162842,1,0.8912480141470819,0.2907580693433333,1,0.0,2025-10-31,monthly_walk_forward,京都,芝,2000,11100000.0,1,grade:E|condition:11,0.0,黄菊賞,1700～2000m,秋,11.0-15.9M
2025-11-16,2025-1116-08-04-04-10,2022103614,ヒルノハンブルク,4,0,59.0,5.900000095367432,3,1.1727996383895625,0.1775782090750532,1,0.0,2025-10-31,monthly_walk_forward,京都,芝,1800,18400000.0,2,grade:E|condition:13,0.0,天橋立ステークス,1700～2000m,秋,16.0-24.9M
2025-11-16,2025-1116-08-04-04-11,2021105898,レガレイラ,1,1,23.0,2.299999952316284,1,1.2161518118383272,0.2831724581472307,1,230.0,2025-10-31,monthly_walk_forward,京都,芝,2200,130000000.0,7,grade:A|condition:13,130.0,エリザベス女王杯,2100～2400m,秋,50M+
2025-11-16,2025-1116-08-04-04-12,2020103521,セブンマジシャン,3,0,40.0,4.0,2,0.248485045856711,0.1459192423311707,1,0.0,2025-10-31,monthly_walk_forward,京都,芝,1800,18400000.0,4,grade:E|condition:13,160.0,ドンカスターカップ,1700～2000m,秋,16.0-24.9M
2025-11-22,2025-1122-03-03-05-04,2020103502,トラストエムシー,10,0,51.0,5.099999904632568,2,-0.4088544529228344,0.2170426087292465,1,0.0,2025-10-31,monthly_walk_forward,福島,芝,2770,8400000.0,6,grade:unknown|condition:18,0.0,,2500m～,秋,8.0-10.9M
2025-11-22,2025-1122-03-03-05-05,2021105549,ネロコルヴィーノ,8,0,109.0,10.899999618530272,5,0.118913876424945,0.2106930676363806,1,0.0,2025-10-31,monthly_walk_forward,福島,芝,3380,14300000.0,6,grade:unknown|condition:18,0.0,,2500m～,秋,11.0-15.9M
2025-11-22,2025-1122-03-03-05-09,2022105131,キューティリップ,3,0,33.0,3.299999952316284,2,0.246938791370195,0.1823665931924649,1,0.0,2025-10-31,monthly_walk_forward,福島,芝,1800,11100000.0,10,grade:E|condition:13,160.0,高湯温泉特別,1700～2000m,秋,11.0-15.9M
2025-11-22,2025-1122-03-03-05-10,2022102315,シュヴァルボヌール,3,0,15.0,1.5,1,0.4428548111335269,0.2556836176898228,1,0.0,2025-10-31,monthly_walk_forward,福島,芝,1150,15500000.0,13,grade:E|condition:13,110.0,福島放送賞,～1200m,秋,11.0-15.9M
2025-11-22,2025-1122-03-03-05-11,2021101436,エコロヴァルツ,2,0,34.0,3.4000000953674316,1,0.9753332715093832,0.1715901884783252,1,0.0,2025-10-31,monthly_walk_forward,福島,芝,2000,43000000.0,8,grade:C|condition:13,160.0,福島記念,1700～2000m,秋,25.0-49.9M
2025-11-22,2025-1122-08-04-05-08,2021103287,アレ,4,0,30.0,3.0,1,0.3150591072454787,0.2460287215529774,1,0.0,2025-10-31,monthly_walk_forward,京都,芝,1400,11400000.0,10,grade:unknown|condition:13,0.0,,1300～1600m,秋,11.0-15.9M
2025-11-22,2025-1122-08-04-05-09,2023104313,タガノアラリア,1,1,39.0,3.900000095367432,2,0.0378583127456297,0.2280354037237865,1,390.0,2025-10-31,monthly_walk_forward,京都,芝,1400,11100000.0,1,grade:E|condition:11,120.0,秋明菊賞,1300～1600m,秋,11.0-15.9M
2025-11-22,2025-1122-08-04-05-10,2022104645,ダノンシーマ,1,1,21.0,2.0999999046325684,1,0.9427663041611284,0.1783023468413951,1,210.0,2025-10-31,monthly_walk_forward,京都,芝,2400,18400000.0,5,grade:E|condition:13,120.0,比叡ステークス,2100～2400m,秋,16.0-24.9M
2025-11-22,2025-1122-08-04-05-11,2021103020,ムルソー,1,1,17.0,1.7000000476837158,1,1.415328476282179,0.227806422519302,1,170.0,2025-10-31,monthly_walk_forward,京都,芝,1900,22000000.0,4,grade:E|condition:13,110.0,シトリンステークス,1700～2000m,秋,16.0-24.9M
2025-11-22,2025-1122-08-04-05-12,2022104765,ミッキーゴールド,1,1,28.0,2.799999952316284,2,1.468477022139,0.3536002991558945,1,280.0,2025-10-31,monthly_walk_forward,京都,芝,2000,11400000.0,14,grade:unknown|condition:13,120.0,,1700～2000m,秋,11.0-15.9M
2025-11-23,2025-1123-05-05-05-08,2022103779,ゴールドハンマー,9,0,46.0,4.599999904632568,3,0.4999078922093062,0.2113937849758761,1,0.0,2025-10-31,monthly_walk_forward,東京,芝,1600,11400000.0,9,grade:unknown|condition:13,0.0,,1300～1600m,秋,11.0-15.9M
2025-11-23,2025-1123-05-05-05-09,2023103980,ポペット,2,0,27.0,2.700000047683716,1,0.4974647765508631,0.2778165685504338,1,0.0,2025-10-31,monthly_walk_forward,東京,芝,1600,11100000.0,2,grade:E|condition:11,130.0,赤松賞,1300～1600m,秋,11.0-15.9M
2025-11-23,2025-1123-05-05-05-10,2022105326,コートアリシアン,2,0,36.0,3.5999999046325684,2,0.9465573490507688,0.2323096142344314,1,0.0,2025-10-31,monthly_walk_forward,東京,芝,1600,18400000.0,1,grade:E|condition:13,170.0,秋色ステークス,1300～1600m,秋,16.0-24.9M
2025-11-23,2025-1123-05-05-05-11,2020110024,ウェイワードアクト,1,1,21.0,2.0999999046325684,1,1.361041636713585,0.2921092618971761,1,210.0,2025-10-31,monthly_walk_forward,東京,芝,1400,22000000.0,4,grade:E|condition:13,110.0,霜月ステークス,1300～1600m,秋,16.0-24.9M
2025-11-23,2025-1123-05-05-05-12,2022101765,ピコローズ,2,0,106.0,10.600000381469728,5,0.4893217992772324,0.1324731385404216,1,0.0,2025-10-31,monthly_walk_forward,東京,芝,1400,11400000.0,12,grade:unknown|condition:13,360.0,,1300～1600m,秋,11.0-15.9M
2025-11-23,2025-1123-08-04-06-08,2022105722,グランドプラージュ,2,0,17.0,1.7000000476837158,1,0.7879142229348893,0.2681997623121962,1,0.0,2025-10-31,monthly_walk_forward,京都,芝,1800,11400000.0,13,grade:unknown|condition:13,110.0,,1700～2000m,秋,11.0-15.9M
2025-11-23,2025-1123-08-04-06-09,2022105189,ブルーマエストロ,2,0,17.0,1.7000000476837158,1,1.040923501971136,0.3190710130078894,1,0.0,2025-10-31,monthly_walk_forward,京都,芝,1600,15500000.0,4,grade:E|condition:13,110.0,花見小路特別,1300～1600m,秋,11.0-15.9M
2025-11-23,2025-1123-08-04-06-10,2021101397,ヴェロクオーレ,3,0,50.0,5.0,2,0.573281959928265,0.1777887096519379,1,0.0,2025-10-31,monthly_walk_forward,京都,芝,1400,18400000.0,11,grade:E|condition:13,240.0,レジェンドトレーナーカップ,1300～1600m,秋,16.0-24.9M
2025-11-23,2025-1123-08-04-06-11,2021107171,ジャンタルマンタル,1,1,18.0,1.7999999523162842,1,1.20319469174118,0.2099197163460119,1,180.0,2025-10-31,monthly_walk_forward,京都,芝,1600,180000000.0,15,grade:A|condition:13,110.0,マイルチャンピオンシップ,1300～1600m,秋,50M+
2025-11-23,2025-1123-08-04-06-12,2022101443,サウスバンク,2,0,41.0,4.099999904632568,2,1.0681142245638728,0.2152454975392024,1,0.0,2025-10-31,monthly_walk_forward,京都,芝,1200,18400000.0,3,grade:E|condition:13,200.0,醍醐ステークス,～1200m,秋,16.0-24.9M
2025-11-24,2025-1124-03-03-06-04,2019103208,オステリア,1,1,18.0,1.7999999523162842,1,-0.390479363122694,0.2312303205935469,1,180.0,2025-10-31,monthly_walk_forward,福島,芝,2770,8400000.0,13,grade:unknown|condition:18,110.0,,2500m～,秋,8.0-10.9M
2025-11-24,2025-1124-03-03-06-09,2022104725,カーミングライツ,1,1,30.0,3.0,1,0.1179327709024362,0.1695673036249431,1,300.0,2025-10-31,monthly_walk_forward,福島,芝,2600,11100000.0,4,grade:E|condition:13,150.0,磐梯山特別,2500m～,秋,11.0-15.9M
2025-11-24,2025-1124-03-03-06-10,2022105849,マイスターヴェルク,6,0,46.0,4.599999904632568,2,0.9240739964030984,0.2684732670497061,1,0.0,2025-10-31,monthly_walk_forward,福島,芝,1800,15500000.0,13,grade:E|condition:13,0.0,五色沼特別,1700～2000m,秋,11.0-15.9M
2025-11-24,2025-1124-03-03-06-11,2022100098,ベルギューン,14,0,61.0,6.099999904632568,2,0.7982971861336445,0.2246917785529165,1,0.0,2025-10-31,monthly_walk_forward,福島,芝,1700,18400000.0,6,grade:E|condition:13,0.0,奥羽ステークス,1700～2000m,秋,16.0-24.9M
2025-11-24,2025-1124-05-05-06-08,2022104862,パラサイコロジー,1,1,21.0,2.0999999046325684,1,0.3702376489460314,0.203091399972683,1,210.0,2025-10-31,monthly_walk_forward,東京,芝,1400,11400000.0,7,grade:unknown|condition:13,120.0,,1300～1600m,秋,11.0-15.9M
2025-11-24,2025-1124-05-05-06-09,2022105390,パッションリッチ,8,0,58.0,5.800000190734863,3,0.7021098994702177,0.2267961348816098,1,0.0,2025-10-31,monthly_walk_forward,東京,芝,2400,15500000.0,11,grade:E|condition:13,0.0,南武特別,2100～2400m,秋,11.0-15.9M
2025-11-24,2025-1124-05-05-06-10,2021105562,シャンパンポップ,2,0,13.0,1.2999999523162842,1,1.579909080493916,0.4530034260043247,1,0.0,2025-10-31,monthly_walk_forward,東京,芝,2100,18400000.0,4,grade:E|condition:13,110.0,晩秋ステークス,2100～2400m,秋,16.0-24.9M
2025-11-24,2025-1124-05-05-06-11,2023106718,コッツォリーノ,10,0,214.0,21.399999618530273,8,0.5795024917633119,0.142962708282776,1,0.0,2025-10-31,monthly_walk_forward,東京,芝,1800,38000000.0,12,grade:B|condition:11,0.0,東京スポーツ杯２歳ステークス,1700～2000m,秋,25.0-49.9M
2025-11-29,2025-1129-05-05-07-08,2020104567,ヴァナルガンド,1,1,37.0,3.700000047683716,2,0.7104143896440571,0.246608305683426,1,370.0,2025-10-31,monthly_walk_forward,東京,芝,2100,11400000.0,9,grade:unknown|condition:13,130.0,,2100～2400m,秋,11.0-15.9M
2025-11-29,2025-1129-05-05-07-09,2023100936,サトノボヤージュ,1,1,17.0,1.7000000476837158,1,1.185196973006343,0.2415957820058077,1,170.0,2025-10-31,monthly_walk_forward,東京,芝,1600,16000000.0,4,grade:E|condition:11,110.0,カトレアステークス,1300～1600m,秋,16.0-24.9M
2025-11-29,2025-1129-05-05-07-10,2022105028,プロミストジーン,5,0,23.0,2.299999952316284,1,1.444481281190559,0.4789699705268365,1,0.0,2025-10-31,monthly_walk_forward,東京,芝,1400,18400000.0,2,grade:E|condition:13,0.0,シャングリラステークス,1300～1600m,秋,16.0-24.9M
2025-11-29,2025-1129-05-05-07-11,2022105467,マピュース,9,0,75.0,7.5,5,1.1308993898262505,0.1791445570406974,1,0.0,2025-10-31,monthly_walk_forward,東京,芝,1600,27000000.0,5,grade:L|condition:13,0.0,フランスギャロ賞キャピタルステークス,1300～1600m,秋,25.0-49.9M
2025-11-29,2025-1129-05-05-07-12,2021110030,アンパドゥ,1,1,15.0,1.5,1,1.2194730799780862,0.3774975195365587,1,150.0,2025-10-31,monthly_walk_forward,東京,芝,1600,11400000.0,4,grade:unknown|condition:13,110.0,,1300～1600m,秋,11.0-15.9M
2025-11-29,2025-1129-08-04-07-04,2021104667,ソルアマゾン,1,1,22.0,2.200000047683716,1,-0.3718677224787163,0.3855864134072125,1,220.0,2025-10-31,monthly_walk_forward,京都,芝,2910,8400000.0,6,grade:unknown|condition:18,110.0,,2500m～,秋,8.0-10.9M
2025-11-29,2025-1129-08-04-07-08,2022107130,マサノユニコーン,2,0,32.0,3.200000047683716,1,0.6587921182714117,0.3795844855547389,1,0.0,2025-10-31,monthly_walk_forward,京都,芝,1200,11400000.0,15,grade:unknown|condition:13,160.0,,～1200m,秋,11.0-15.9M
2025-11-29,2025-1129-08-04-07-09,2022105262,カペルブリュッケ,1,1,51.0,5.099999904632568,2,0.5279926339429555,0.3534262148956716,1,510.0,2025-10-31,monthly_walk_forward,京都,芝,1800,15500000.0,11,grade:E|condition:13,150.0,栂尾特別,1700～2000m,秋,11.0-15.9M
2025-11-29,2025-1129-08-04-07-10,2022105108,モンテシート,2,0,29.0,2.9000000953674316,1,0.5420468727434888,0.1943888901011996,1,0.0,2025-10-31,monthly_walk_forward,京都,芝,1400,18400000.0,8,grade:E|condition:13,150.0,東山ステークス,1300～1600m,秋,16.0-24.9M
2025-11-29,2025-1129-08-04-07-11,2023102820,ウイナーズナイン,6,0,57.0,5.699999809265137,2,0.4839911476304102,0.1535736158048179,1,0.0,2025-10-31,monthly_walk_forward,京都,芝,2000,33000000.0,11,grade:C|condition:11,0.0,ラジオＮＩＫＫＥＩ杯京都２歳ステークス,1700～2000m,秋,25.0-49.9M
2025-11-29,2025-1129-08-04-07-12,2021104998,ブルーアイドガール,2,0,84.0,8.399999618530273,4,0.6053217707582904,0.1805185796737335,1,0.0,2025-10-31,monthly_walk_forward,京都,芝,1200,11400000.0,6,grade:unknown|condition:13,200.0,,～1200m,秋,11.0-15.9M
2025-11-30,2025-1130-05-05-08-08,2023107146,ドリームコア,1,1,21.0,2.0999999046325684,1,0.6128573265029106,0.2987042208972446,1,210.0,2025-10-31,monthly_walk_forward,東京,芝,1600,11100000.0,5,grade:E|condition:11,110.0,ベゴニア賞,1300～1600m,秋,11.0-15.9M
2025-11-30,2025-1130-05-05-08-09,2022105388,ビーオンザカバー,6,0,38.0,3.799999952316284,3,1.0623650178823694,0.4411515883005084,1,0.0,2025-10-31,monthly_walk_forward,東京,芝,2000,15500000.0,4,grade:E|condition:13,0.0,オリエンタル賞,1700～2000m,秋,11.0-15.9M
2025-11-30,2025-1130-05-05-08-10,2022102790,カネショウレジェン,4,0,53.0,5.300000190734863,2,0.7192283624090273,0.2680037233337584,1,0.0,2025-10-31,monthly_walk_forward,東京,芝,1400,15500000.0,5,grade:E|condition:13,0.0,アプローズ賞,1300～1600m,秋,11.0-15.9M
2025-11-30,2025-1130-05-05-08-11,2021106738,ヴィレム,1,1,32.0,3.200000047683716,1,0.7732861845750084,0.2153011093888956,1,320.0,2025-10-31,monthly_walk_forward,東京,芝,2000,18400000.0,15,grade:E|condition:13,160.0,ウェルカムステークス,1700～2000m,秋,16.0-24.9M
2025-11-30,2025-1130-05-05-08-12,2022105519,マスカレードボール,2,0,25.0,2.5,1,1.3698677514507505,0.2522582101546828,1,0.0,2025-10-31,monthly_walk_forward,東京,芝,2400,500000000.0,15,grade:A|condition:13,120.0,ジャパンカップ,2100～2400m,秋,50M+
2025-11-30,2025-1130-08-04-08-05,2019104983,レッドファーロ,2,0,23.0,2.299999952316284,1,0.1742372024319691,0.4043602462127941,1,0.0,2025-10-31,monthly_walk_forward,京都,芝,2910,8400000.0,1,grade:unknown|condition:18,110.0,,2500m～,秋,8.0-10.9M
2025-11-30,2025-1130-08-04-08-08,2022102500,マトラコーニッシュ,6,0,26.0,2.5999999046325684,2,1.0096764128462798,0.3935248908134787,1,0.0,2025-10-31,monthly_walk_forward,京都,芝,2200,11400000.0,7,grade:unknown|condition:13,0.0,,2100～2400m,秋,11.0-15.9M
2025-11-30,2025-1130-08-04-08-09,2023105035,メイショウハッケイ,5,0,28.0,2.799999952316284,1,0.8516578571102761,0.2762865823901962,1,0.0,2025-10-31,monthly_walk_forward,京都,芝,1600,11100000.0,9,grade:E|condition:11,0.0,白菊賞,1300～1600m,秋,11.0-15.9M
2025-11-30,2025-1130-08-04-08-10,2021104092,ペンナヴェローチェ,2,0,61.0,6.099999904632568,3,0.9265635623019288,0.199011962045252,1,0.0,2025-10-31,monthly_walk_forward,京都,芝,1800,18400000.0,9,grade:E|condition:13,180.0,花園ステークス,1700～2000m,秋,16.0-24.9M
2025-11-30,2025-1130-08-04-08-11,2021103282,ジャスティンアース,5,0,43.0,4.300000190734863,2,0.8708298973862674,0.2103526915048514,1,0.0,2025-10-31,monthly_walk_forward,京都,芝,1400,22000000.0,12,grade:E|condition:13,0.0,オータムリーフステークス,1300～1600m,秋,16.0-24.9M
2025-11-30,2025-1130-08-04-08-12,2020106851,ルガル,2,0,43.0,4.300000190734863,1,1.0022367951653288,0.1229009108685894,1,0.0,2025-10-31,monthly_walk_forward,京都,芝,1200,41000000.0,1,grade:C|condition:13,220.0,京阪杯,～1200m,秋,25.0-49.9M
2025-12-06,2025-1206-06-05-01-08,2019105095,ヴィンテージボンド,9,0,69.0,6.900000095367432,3,0.255583432796628,0.2666756785632466,1,0.0,2025-11-30,monthly_walk_forward,中山,芝,3570,17500000.0,9,grade:E|condition:18,0.0,イルミネーションジャンプステークス,2500m～,冬,16.0-24.9M
2025-12-06,2025-1206-06-05-01-09,2023110013,ザーフィル,8,0,25.0,2.5,1,0.8118731997868402,0.2831206837140105,1,0.0,2025-11-30,monthly_walk_forward,中山,芝,2000,11100000.0,8,grade:E|condition:11,0.0,葉牡丹賞,1700～2000m,冬,11.0-15.9M
2025-12-06,2025-1206-06-05-01-10,2022104432,レイバックスピン,4,0,42.0,4.199999809265137,2,0.3368863386162346,0.2120767493647828,1,0.0,2025-11-30,monthly_walk_forward,中山,芝,1800,15500000.0,10,grade:E|condition:13,0.0,鹿島特別,1700～2000m,冬,11.0-15.9M
2025-12-06,2025-1206-06-05-01-11,2021104855,ホーエリート,1,1,44.0,4.400000095367432,2,0.6071404043235683,0.2036435547361108,1,440.0,2025-11-30,monthly_walk_forward,中山,芝,3600,62000000.0,3,grade:B|condition:13,160.0,スポーツニッポン賞ステイヤーズステークス,2500m～,冬,50M+
2025-12-06,2025-1206-06-05-01-12,2022105435,ボンヌソワレ,10,0,44.0,4.400000095367432,3,0.4937498809479372,0.1709244411891373,1,0.0,2025-11-30,monthly_walk_forward,中山,芝,1200,11400000.0,13,grade:unknown|condition:13,0.0,,～1200m,冬,11.0-15.9M
2025-12-06,2025-1206-07-05-01-09,2023107154,ラフターラインズ,3,0,23.0,2.299999952316284,1,0.6648982001290665,0.2631469693084478,1,0.0,2025-11-30,monthly_walk_forward,中京,芝,1600,11100000.0,2,grade:E|condition:11,110.0,こうやまき賞,1300～1600m,冬,11.0-15.9M
2025-12-06,2025-1206-07-05-01-10,2022107278,ゼットエール,1,1,13.0,1.2999999523162842,1,0.7963366142111076,0.3161487303684006,1,130.0,2025-11-30,monthly_walk_forward,中京,芝,1200,15500000.0,4,grade:E|condition:13,110.0,中京日経賞,～1200m,冬,11.0-15.9M
2025-12-06,2025-1206-07-05-01-11,2021105255,ハワイアンティアレ,6,0,48.0,4.800000190734863,3,0.6443855778975451,0.2074587387563656,1,0.0,2025-11-30,monthly_walk_forward,中京,芝,1400,18400000.0,1,grade:E|condition:13,0.0,飛騨ステークス,1300～1600m,冬,16.0-24.9M
2025-12-06,2025-1206-09-05-01-08,2022110129,ゴールデンカイト,13,0,23.0,2.299999952316284,1,0.830335949192923,0.2340006970804874,1,0.0,2025-11-30,monthly_walk_forward,阪神,芝,1400,11400000.0,5,grade:unknown|condition:13,0.0,,1300～1600m,冬,11.0-15.9M
2025-12-06,2025-1206-09-05-01-09,2023104528,トップアタック,2,0,33.0,3.299999952316284,2,0.1211589206132962,0.3233095585615558,1,0.0,2025-11-30,monthly_walk_forward,阪神,芝,1200,11100000.0,4,grade:E|condition:11,110.0,さざんか賞,～1200m,冬,11.0-15.9M
2025-12-06,2025-1206-09-05-01-10,2022110142,ファムエレガンテ,1,1,88.0,8.800000190734863,4,1.0173012962718049,0.2541491682034288,1,880.0,2025-11-30,monthly_walk_forward,阪神,芝,1200,18400000.0,2,grade:E|condition:13,260.0,妙見山ステークス,～1200m,冬,16.0-24.9M
2025-12-06,2025-1206-09-05-01-11,2020103522,グランヴィノス,4,0,26.0,2.5999999046325684,1,1.34011533359566,0.3242279761834366,1,0.0,2025-11-30,monthly_walk_forward,阪神,芝,1800,43000000.0,13,grade:C|condition:13,0.0,鳴尾記念,1700～2000m,冬,25.0-49.9M
2025-12-07,2025-1207-06-05-02-04,2020106884,テーオーリカード,1,1,18.0,1.7999999523162842,1,0.4173472293423328,0.4165288330502971,1,180.0,2025-11-30,monthly_walk_forward,中山,芝,2880,8400000.0,3,grade:unknown|condition:18,110.0,,2500m～,冬,8.0-10.9M
2025-12-07,2025-1207-06-05-02-07,2022105587,サトノソティラス,11,0,56.0,5.599999904632568,3,0.5179345049963373,0.212143022223668,1,0.0,2025-11-30,monthly_walk_forward,中山,芝,2500,11400000.0,5,grade:unknown|condition:13,0.0,,2500m～,冬,11.0-15.9M
2025-12-07,2025-1207-06-05-02-08,2022107163,アシャカトベ,1,1,27.0,2.700000047683716,1,0.3792963887944205,0.344979660975828,1,270.0,2025-11-30,monthly_walk_forward,中山,芝,1200,11400000.0,13,grade:unknown|condition:13,150.0,,～1200m,冬,11.0-15.9M
2025-12-07,2025-1207-06-05-02-09,2020102488,トーセンエスクード,3,0,106.0,10.600000381469728,4,1.2145027579735046,0.3197059097789022,1,0.0,2025-11-30,monthly_walk_forward,中山,芝,1200,18400000.0,11,grade:E|condition:13,210.0,南総ステークス,～1200m,冬,16.0-24.9M
2025-12-07,2025-1207-06-05-02-10,2022105564,ファリーザ,8,0,46.0,4.599999904632568,2,0.8221738974393348,0.2146071440466647,1,0.0,2025-11-30,monthly_walk_forward,中山,芝,1800,18400000.0,14,grade:E|condition:13,0.0,市川ステークス,1700～2000m,冬,16.0-24.9M
2025-12-07,2025-1207-06-05-02-11,2022102434,ルージュラナキラ,3,0,31.0,3.0999999046325684,1,1.2033064041563948,0.2216510308278189,1,0.0,2025-11-30,monthly_walk_forward,中山,芝,1200,27000000.0,4,grade:L|condition:13,140.0,ラピスラズリステークス,～1200m,冬,25.0-49.9M
2025-12-07,2025-1207-07-05-02-09,2022101227,ヴォンフレ,11,0,46.0,4.599999904632568,1,0.1530756358237711,0.2188991686784968,1,0.0,2025-11-30,monthly_walk_forward,中京,芝,1800,15500000.0,1,grade:E|condition:13,0.0,犬山特別,1700～2000m,冬,11.0-15.9M
2025-12-07,2025-1207-07-05-02-10,2021105127,テラメリタ,3,0,37.0,3.700000047683716,1,0.6615493092918456,0.251407907930055,1,0.0,2025-11-30,monthly_walk_forward,中京,芝,1600,15500000.0,13,grade:E|condition:13,160.0,志摩特別,1300～1600m,冬,11.0-15.9M
2025-12-07,2025-1207-07-05-02-11,2022110083,ルクソールカフェ,15,0,107.0,10.699999809265137,6,1.7546182696986123,0.2847696074850732,1,0.0,2025-11-30,monthly_walk_forward,中京,芝,1800,120000000.0,16,grade:A|condition:13,0.0,チャンピオンズカップ,1700～2000m,冬,50M+
2025-12-07,2025-1207-07-05-02-12,2021105687,オーサムユニバンス,4,0,45.0,4.5,3,-0.0388313865889581,0.210323537588365,1,0.0,2025-11-30,monthly_walk_forward,中京,芝,2200,11100000.0,5,grade:E|condition:13,0.0,栄特別,2100～2400m,冬,11.0-15.9M
2025-12-07,2025-1207-09-05-02-08,2022106793,コスモアンソロジー,4,0,43.0,4.300000190734863,3,0.6207640468061205,0.3522621401690592,1,0.0,2025-11-30,monthly_walk_forward,阪神,芝,1800,11400000.0,3,grade:unknown|condition:13,0.0,,1700～2000m,冬,11.0-15.9M
2025-12-07,2025-1207-09-05-02-09,2022110069,ジューンエオス,12,0,24.0,2.4000000953674316,1,0.5586735157945524,0.3594944252806,1,0.0,2025-11-30,monthly_walk_forward,阪神,芝,1800,15500000.0,6,grade:E|condition:13,0.0,豊中特別,1700～2000m,冬,11.0-15.9M
2025-12-07,2025-1207-09-05-02-10,2021106369,チャンネルトンネル,7,0,44.0,4.400000095367432,1,0.430644488355549,0.120386151977423,1,0.0,2025-11-30,monthly_walk_forward,阪神,芝,1800,18400000.0,6,grade:E|condition:13,0.0,元町ステークス,1700～2000m,冬,16.0-24.9M
2025-12-07,2025-1207-09-05-02-11,2021103716,メイショウホウレン,1,1,34.0,3.4000000953674316,1,0.8729052534494923,0.2874714969975619,1,340.0,2025-11-30,monthly_walk_forward,阪神,芝,1200,22000000.0,8,grade:E|condition:13,160.0,りんくうステークス,～1200m,冬,16.0-24.9M
2025-12-07,2025-1207-09-05-02-12,2022104163,オンザブルースカイ,13,0,234.0,23.399999618530273,9,0.5526732583196324,0.1468640057046063,1,0.0,2025-11-30,monthly_walk_forward,阪神,芝,1400,11400000.0,12,grade:unknown|condition:13,0.0,,1300～1600m,冬,11.0-15.9M
2025-12-13,2025-1213-06-05-03-08,2022100394,メリークリスマス,3,0,25.0,2.5,1,0.6354254737189371,0.2237091538853874,1,0.0,2025-11-30,monthly_walk_forward,中山,芝,1800,11400000.0,1,grade:unknown|condition:13,130.0,,1700～2000m,冬,11.0-15.9M
2025-12-13,2025-1213-06-05-03-09,2023104909,レオアジャイル,5,0,55.0,5.5,2,0.2153353047595881,0.1175730913260483,1,0.0,2025-11-30,monthly_walk_forward,中山,芝,1200,11100000.0,6,grade:E|condition:11,0.0,黒松賞,～1200m,冬,11.0-15.9M
2025-12-13,2025-1213-06-05-03-10,2022100071,ワンダラー,8,0,23.0,2.299999952316284,1,0.7120748181295881,0.3091582563912124,1,0.0,2025-11-30,monthly_walk_forward,中山,芝,1200,18400000.0,9,grade:E|condition:13,0.0,アクアラインステークス,～1200m,冬,16.0-24.9M
2025-12-13,2025-1213-06-05-03-11,2022102391,グーテンベルク,3,0,32.0,3.200000047683716,1,0.5050119644985747,0.1977491355042781,1,0.0,2025-11-30,monthly_walk_forward,中山,芝,1800,18400000.0,3,grade:E|condition:13,180.0,常総ステークス,1700～2000m,冬,16.0-24.9M
2025-12-13,2025-1213-06-05-03-12,2022102315,シュヴァルボヌール,1,1,17.0,1.7000000476837158,1,0.4268366885850819,0.2995887096953913,1,170.0,2025-11-30,monthly_walk_forward,中山,芝,1200,11400000.0,9,grade:unknown|condition:13,110.0,,～1200m,冬,11.0-15.9M
2025-12-13,2025-1213-07-05-03-09,2023106477,ベレーバスク,9,0,28.0,2.799999952316284,2,0.7890864463760158,0.2333568944418826,1,0.0,2025-11-30,monthly_walk_forward,中京,芝,1400,11100000.0,1,grade:E|condition:11,0.0,つわぶき賞,1300～1600m,冬,11.0-15.9M
2025-12-13,2025-1213-07-05-03-10,2022102131,ショウサンジョージ,6,0,68.0,6.800000190734863,3,0.8438728844974986,0.2826734032170079,1,0.0,2025-11-30,monthly_walk_forward,中京,芝,1800,15500000.0,1,grade:E|condition:13,0.0,鳴海特別,1700～2000m,冬,11.0-15.9M
2025-12-13,2025-1213-07-05-03-11,2021101134,ピースワンデュック,6,0,61.0,6.099999904632568,4,0.7102284507211992,0.1684493997725989,1,0.0,2025-11-30,monthly_walk_forward,中京,芝,2000,43000000.0,9,grade:C|condition:13,0.0,中日新聞杯,1700～2000m,冬,25.0-49.9M
2025-12-13,2025-1213-09-05-03-04,2019106821,ファベル,5,0,30.0,3.0,1,-0.0050425398611826,0.23036321008618,1,0.0,2025-11-30,monthly_walk_forward,阪神,芝,2970,8400000.0,4,grade:unknown|condition:18,0.0,,2500m～,冬,8.0-10.9M
2025-12-13,2025-1213-09-05-03-09,2023103817,ブレナヴォン,3,0,43.0,4.300000190734863,2,0.4445890887741985,0.2263768998837143,1,0.0,2025-11-30,monthly_walk_forward,阪神,芝,2000,11100000.0,3,grade:E|condition:11,110.0,エリカ賞,1700～2000m,冬,11.0-15.9M
2025-12-13,2025-1213-09-05-03-10,2022106186,ゴッドエスパーダ,2,0,27.0,2.700000047683716,1,0.5698701157747907,0.3271570902290718,1,0.0,2025-11-30,monthly_walk_forward,阪神,芝,2000,15500000.0,4,grade:E|condition:13,140.0,赤穂特別,1700～2000m,冬,11.0-15.9M
2025-12-13,2025-1213-09-05-03-11,2021105864,ワールズエンド,2,0,29.0,2.9000000953674316,2,1.3502327982451463,0.2615238869752945,1,0.0,2025-11-30,monthly_walk_forward,阪神,芝,1600,27000000.0,6,grade:L|condition:13,140.0,リゲルステークス,1300～1600m,冬,25.0-49.9M
2025-12-13,2025-1213-09-05-03-12,2022105433,セナスタイル,4,0,17.0,1.7000000476837158,1,1.26595012882487,0.3923821728838309,1,0.0,2025-11-30,monthly_walk_forward,阪神,芝,1800,11400000.0,8,grade:unknown|condition:13,0.0,,1700～2000m,冬,11.0-15.9M
2025-12-14,2025-1214-06-05-04-04,2021102482,ゴールデンスロープ,1,1,19.0,1.899999976158142,1,0.0502971119073981,0.5013845075398745,1,190.0,2025-11-30,monthly_walk_forward,中山,芝,2880,8400000.0,7,grade:unknown|condition:18,110.0,,2500m～,冬,8.0-10.9M
2025-12-14,2025-1214-06-05-04-09,2022105475,レディーミコノス,5,0,22.0,2.200000047683716,1,1.1418869799242304,0.3014818422274536,1,0.0,2025-11-30,monthly_walk_forward,中山,芝,1800,15500000.0,9,grade:E|condition:13,0.0,霞ヶ浦特別,1700～2000m,冬,11.0-15.9M
2025-12-14,2025-1214-06-05-04-10,2021102236,テーオーパスワード,6,0,27.0,2.700000047683716,1,1.1229207904206957,0.1985033308611169,1,0.0,2025-11-30,monthly_walk_forward,中山,芝,1800,24000000.0,8,grade:L|condition:13,0.0,師走ステークス,1700～2000m,冬,16.0-24.9M
2025-12-14,2025-1214-06-05-04-11,2022110081,テーオーエルビス,1,1,32.0,3.200000047683716,1,1.245786860089373,0.2017824694840282,1,320.0,2025-11-30,monthly_walk_forward,中山,芝,1200,38000000.0,4,grade:C|condition:13,160.0,カペラステークス,～1200m,冬,25.0-49.9M
2025-12-14,2025-1214-07-05-04-09,2022107185,エテルノレガーメ,9,0,33.0,3.299999952316284,1,-0.5638730035285178,0.1855729015540266,1,0.0,2025-11-30,monthly_walk_forward,中京,芝,1800,11100000.0,6,grade:E|condition:13,0.0,大須特別,1700～2000m,冬,11.0-15.9M
2025-12-14,2025-1214-07-05-04-10,2022100658,ダノンジョーカー,2,0,17.0,1.7000000476837158,1,0.670130817925487,0.4028126433004638,1,0.0,2025-11-30,monthly_walk_forward,中京,芝,2200,15500000.0,7,grade:E|condition:13,110.0,一宮特別,2100～2400m,冬,11.0-15.9M
2025-12-14,2025-1214-07-05-04-11,2022101443,サウスバンク,6,0,19.0,1.899999976158142,1,1.1964224122303255,0.4990995010289707,1,0.0,2025-11-30,monthly_walk_forward,中京,芝,1200,18400000.0,8,grade:E|condition:13,0.0,知立ステークス,～1200m,冬,16.0-24.9M
2025-12-14,2025-1214-09-05-04-08,2022104972,スリーピース,6,0,40.0,4.0,3,0.440574247686345,0.4192667817475913,1,0.0,2025-11-30,monthly_walk_forward,阪神,芝,1200,11400000.0,1,grade:unknown|condition:13,0.0,,～1200m,冬,11.0-15.9M
2025-12-14,2025-1214-09-05-04-09,2022104765,ミッキーゴールド,5,0,28.0,2.799999952316284,1,1.5196410558702982,0.3624740052010606,1,0.0,2025-11-30,monthly_walk_forward,阪神,芝,2200,18400000.0,10,grade:E|condition:13,0.0,オリオンステークス,2100～2400m,冬,16.0-24.9M
2025-12-14,2025-1214-09-05-04-10,2022103686,テスティモーネ,16,0,21.0,2.0999999046325684,1,1.0281423313016105,0.3545188214632855,1,0.0,2025-11-30,monthly_walk_forward,阪神,芝,2000,18400000.0,2,grade:E|condition:13,0.0,竹田城ステークス,1700～2000m,冬,16.0-24.9M
2025-12-14,2025-1214-09-05-04-11,2023107046,アランカール,5,0,26.0,2.5999999046325684,1,1.0854593972910258,0.1813341094070591,1,0.0,2025-11-30,monthly_walk_forward,阪神,芝,1600,65000000.0,4,grade:A|condition:11,0.0,阪神ジュベナイルフィリーズ,1300～1600m,冬,50M+
2025-12-14,2025-1214-09-05-04-12,2021100171,ダノンキラウェア,3,0,30.0,3.0,2,0.5206784927541327,0.302169717659341,1,0.0,2025-11-30,monthly_walk_forward,阪神,芝,1600,15500000.0,1,grade:E|condition:13,130.0,甲東特別,1300～1600m,冬,11.0-15.9M
2025-12-20,2025-1220-06-05-05-09,2023106925,クレパスキュラー,1,1,18.0,1.7999999523162842,1,0.7043291085224407,0.1767987208040251,1,180.0,2025-11-30,monthly_walk_forward,中山,芝,1600,11100000.0,1,grade:E|condition:11,120.0,ひいらぎ賞,1300～1600m,冬,11.0-15.9M
2025-12-20,2025-1220-06-05-05-10,2021106126,タイセイアディクト,6,0,39.0,3.900000095367432,2,-0.193585552264396,0.1899338213899604,1,0.0,2025-11-30,monthly_walk_forward,中山,芝,2400,15500000.0,6,grade:E|condition:13,0.0,香取特別,2100～2400m,冬,11.0-15.9M
2025-12-20,2025-1220-06-05-05-11,2022105778,チェルビアット,13,0,58.0,5.800000190734863,2,0.8244786913885472,0.1451517575924505,1,0.0,2025-11-30,monthly_walk_forward,中山,芝,1600,38000000.0,16,grade:C|condition:13,0.0,ターコイズステークス,1300～1600m,冬,25.0-49.9M
2025-12-20,2025-1220-06-05-05-12,2022101675,スノーサイレンス,2,0,45.0,4.5,3,0.7406751974702994,0.2686878185728015,1,0.0,2025-11-30,monthly_walk_forward,中山,芝,1200,11400000.0,8,grade:unknown|condition:13,200.0,,～1200m,冬,11.0-15.9M
2025-12-20,2025-1220-07-05-05-08,2021101557,タマモランプ,2,0,64.0,6.400000095367432,3,-0.4060631593539964,0.1932791428717859,1,0.0,2025-11-30,monthly_walk_forward,中京,芝,2000,11100000.0,2,grade:E|condition:13,280.0,２０２５ヤングジョッキーズシリーズファイナルラウンド中京１戦,1700～2000m,冬,11.0-15.9M
2025-12-20,2025-1220-07-05-05-09,2023100797,ハッピーエンジェル,6,0,36.0,3.5999999046325684,3,0.889151198920366,0.3420880280927273,1,0.0,2025-11-30,monthly_walk_forward,中京,芝,1200,16000000.0,3,grade:E|condition:11,0.0,スポーツ報知杯クリスマスローズステークス,～1200m,冬,16.0-24.9M
2025-12-20,2025-1220-07-05-05-10,2022103186,テーオーライマン,13,0,35.0,3.5,3,0.9229417647546708,0.6052906191037536,1,0.0,2025-11-30,monthly_walk_forward,中京,芝,1400,15500000.0,1,grade:E|condition:13,0.0,２０２５ヤングジョッキーズシリーズファイナルラウンド中京２戦,1300～1600m,冬,11.0-15.9M
2025-12-20,2025-1220-07-05-05-11,2021104092,ペンナヴェローチェ,3,0,34.0,3.4000000953674316,2,1.112872921550479,0.3943518837639525,1,0.0,2025-11-30,monthly_walk_forward,中京,芝,1800,18400000.0,8,grade:E|condition:13,120.0,尾頭橋ステークス,1700～2000m,冬,16.0-24.9M
2025-12-20,2025-1220-09-05-05-04,2020101918,ウィズユアドリーム,10,0,170.0,17.0,7,0.0405977895689483,0.2246736658300394,1,0.0,2025-11-30,monthly_walk_forward,阪神,芝,3110,14300000.0,11,grade:unknown|condition:18,0.0,,2500m～,冬,11.0-15.9M
2025-12-20,2025-1220-09-05-05-09,2023104414,シーズザスローン,3,0,61.0,6.099999904632568,4,0.7087313752933071,0.1840076755982301,1,0.0,2025-11-30,monthly_walk_forward,阪神,芝,1800,16000000.0,3,grade:E|condition:11,160.0,ポインセチアステークス,1700～2000m,冬,16.0-24.9M
2025-12-20,2025-1220-09-05-05-10,2022105827,アロンディ,3,0,20.0,2.0,1,0.5452639010717635,0.3288638575968402,1,0.0,2025-11-30,monthly_walk_forward,阪神,芝,2400,15500000.0,3,grade:E|condition:13,110.0,境港特別,2100～2400m,冬,11.0-15.9M
2025-12-20,2025-1220-09-05-05-11,2021103116,ヤブサメ,3,0,67.0,6.699999809265137,4,0.6163822500306396,0.1611353727168408,1,0.0,2025-11-30,monthly_walk_forward,阪神,芝,1200,23000000.0,14,grade:E|condition:13,230.0,タンザナイトステークス,～1200m,冬,16.0-24.9M
2025-12-20,2025-1220-09-05-05-12,2021104998,ブルーアイドガール,1,1,36.0,3.5999999046325684,1,0.629313392801706,0.2719912750870195,1,360.0,2025-11-30,monthly_walk_forward,阪神,芝,1200,11400000.0,9,grade:unknown|condition:13,160.0,,～1200m,冬,11.0-15.9M
2025-12-21,2025-1221-06-05-06-04,2020101808,ハワイアンタイム,12,0,286.0,28.600000381469727,7,-0.3475416340500405,0.1421718444451657,1,0.0,2025-11-30,monthly_walk_forward,中山,芝,2880,8400000.0,3,grade:unknown|condition:18,0.0,,2500m～,冬,8.0-10.9M
2025-12-21,2025-1221-06-05-06-09,2022100201,コンドゥイア,3,0,60.0,6.0,4,0.4290787986533448,0.2332827808563876,1,0.0,2025-11-30,monthly_walk_forward,中山,芝,2000,15500000.0,9,grade:E|condition:13,180.0,チバテレ杯,1700～2000m,冬,11.0-15.9M
2025-12-21,2025-1221-06-05-06-10,2020104567,ヴァナルガンド,9,0,81.0,8.100000381469727,4,0.8339348156609606,0.2325805355884704,1,0.0,2025-11-30,monthly_walk_forward,中山,芝,1800,18400000.0,13,grade:E|condition:13,0.0,北総ステークス,1700～2000m,冬,16.0-24.9M
2025-12-21,2025-1221-06-05-06-11,2020102740,コントラポスト,5,0,27.0,2.700000047683716,1,0.7041825380523046,0.2392394112518597,1,0.0,2025-11-30,monthly_walk_forward,中山,芝,1800,28000000.0,7,grade:L|condition:13,0.0,ディセンバーステークス,1700～2000m,冬,25.0-49.9M
2025-12-21,2025-1221-06-05-06-12,2021101580,メイショウヨゾラ,16,0,50.0,5.0,3,0.5788825114663321,0.1652404500714735,1,0.0,2025-11-30,monthly_walk_forward,中山,芝,1600,11400000.0,6,grade:unknown|condition:13,0.0,,1300～1600m,冬,11.0-15.9M
2025-12-21,2025-1221-07-05-06-09,2023103962,オクトーバーナイン,9,0,255.0,25.5,8,0.6801015330190681,0.1897054594500288,1,0.0,2025-11-30,monthly_walk_forward,中京,芝,1400,11100000.0,3,grade:E|condition:11,0.0,寒椿賞,1300～1600m,冬,11.0-15.9M
2025-12-21,2025-1221-07-05-06-10,2022105068,メディテラニアン,2,0,31.0,3.0999999046325684,1,0.6915872967414788,0.3383494606691285,1,0.0,2025-11-30,monthly_walk_forward,中京,芝,2000,15500000.0,10,grade:E|condition:13,140.0,名古屋日刊スポーツ杯,1700～2000m,冬,11.0-15.9M
2025-12-21,2025-1221-07-05-06-11,2022100623,ダノンフィーゴ,1,1,32.0,3.200000047683716,1,1.5130571884461843,0.317509435862997,1,320.0,2025-11-30,monthly_walk_forward,中京,芝,1400,22000000.0,15,grade:E|condition:13,170.0,コールドムーンステークス,1300～1600m,冬,16.0-24.9M
2025-12-21,2025-1221-07-05-06-12,2021105812,ビップジーニー,18,0,196.0,19.600000381469727,9,0.267295554209034,0.1352562354380477,1,0.0,2025-11-30,monthly_walk_forward,中京,芝,1400,15500000.0,8,grade:E|condition:13,0.0,尾張特別,1300～1600m,冬,11.0-15.9M
2025-12-21,2025-1221-09-05-06-08,2022105058,ヴァンアグレアブル,4,0,31.0,3.0999999046325684,1,0.7413737405435389,0.2686904804495822,1,0.0,2025-11-30,monthly_walk_forward,阪神,芝,1800,11400000.0,9,grade:unknown|condition:13,0.0,,1700～2000m,冬,11.0-15.9M
2025-12-21,2025-1221-09-05-06-09,2022100204,ピエマンソン,3,0,17.0,1.7000000476837158,1,1.245104408426173,0.4627310919897716,1,0.0,2025-11-30,monthly_walk_forward,阪神,芝,1400,18400000.0,6,grade:E|condition:13,110.0,御影ステークス,1300～1600m,冬,16.0-24.9M
2025-12-21,2025-1221-09-05-06-10,2022106553,タガノバビロン,4,0,31.0,3.0999999046325684,1,1.3475994026828264,0.2756976461470558,1,0.0,2025-11-30,monthly_walk_forward,阪神,芝,1800,24000000.0,1,grade:L|condition:13,0.0,ベテルギウスステークス,1700～2000m,冬,16.0-24.9M
2025-12-21,2025-1221-09-05-06-11,2023103604,リアライズシリウス,5,0,49.0,4.900000095367432,4,1.285035595137576,0.2508522376074658,1,0.0,2025-11-30,monthly_walk_forward,阪神,芝,1600,70000000.0,13,grade:A|condition:11,0.0,朝日杯フューチュリティステークス,1300～1600m,冬,50M+
2025-12-21,2025-1221-09-05-06-12,2022104933,ディアナザール,1,1,25.0,2.5,1,1.3023833350139995,0.268340153934277,1,250.0,2025-11-30,monthly_walk_forward,阪神,芝,1400,18400000.0,11,grade:E|condition:13,150.0,六甲アイランドステークス,1300～1600m,冬,16.0-24.9M
2025-12-27,2025-1227-06-05-07-09,2021101399,ヴァンヴィーヴ,4,0,31.0,3.0999999046325684,2,0.3138216576449253,0.1927609644501949,1,0.0,2025-11-30,monthly_walk_forward,中山,芝,1200,15500000.0,9,grade:E|condition:13,0.0,ベストウィッシュカップ,～1200m,冬,11.0-15.9M
2025-12-27,2025-1227-06-05-07-10,2019101614,エコロデュエル,1,1,15.0,1.5,1,0.5431265012426243,0.3224461190758405,1,150.0,2025-11-30,monthly_walk_forward,中山,芝,4100,70000000.0,4,grade:F|condition:18,110.0,中山大障害,2500m～,冬,50M+
2025-12-27,2025-1227-06-05-07-11,2023103752,アンドゥーリル,7,0,35.0,3.5,1,0.9108425533652396,0.148757500775933,1,0.0,2025-11-30,monthly_walk_forward,中山,芝,2000,70000000.0,12,grade:A|condition:11,0.0,ホープフルステークス,1700～2000m,冬,50M+
2025-12-27,2025-1227-06-05-07-12,2022104615,アマキヒ,2,0,46.0,4.599999904632568,3,1.1828013461416416,0.2264665919079468,1,0.0,2025-11-30,monthly_walk_forward,中山,芝,2500,18400000.0,3,grade:E|condition:13,170.0,グレイトフルステークス,2500m～,冬,16.0-24.9M
2025-12-27,2025-1227-09-05-07-08,2022103684,ゲイルライダー,9,0,48.0,4.800000190734863,3,0.4285742643228685,0.2336497386468483,1,0.0,2025-11-30,monthly_walk_forward,阪神,芝,1400,11400000.0,3,grade:unknown|condition:13,0.0,,1300～1600m,冬,11.0-15.9M
2025-12-27,2025-1227-09-05-07-09,2023103160,メイクワンズデイ,2,0,28.0,2.799999952316284,1,0.458407527748795,0.2671804757948267,1,0.0,2025-11-30,monthly_walk_forward,阪神,芝,1400,11100000.0,8,grade:E|condition:11,140.0,万両賞,1300～1600m,冬,11.0-15.9M
2025-12-27,2025-1227-09-05-07-10,2021106624,リトルハピ,11,0,46.0,4.599999904632568,3,0.7480309908531941,0.1884059892034073,1,0.0,2025-11-30,monthly_walk_forward,阪神,芝,1800,18400000.0,2,grade:E|condition:13,0.0,摩耶ステークス,1700～2000m,冬,16.0-24.9M
2025-12-27,2025-1227-09-05-07-11,2021110099,ジューンブレア,11,0,64.0,6.400000095367432,2,1.365457597887165,0.3051662261008591,1,0.0,2025-11-30,monthly_walk_forward,阪神,芝,1400,67000000.0,9,grade:B|condition:13,0.0,阪神カップ,1300～1600m,冬,50M+
2025-12-27,2025-1227-09-05-07-12,2022103207,ミュージシャン,1,1,18.0,1.7999999523162842,1,1.1864814571290163,0.6305027495080405,1,180.0,2025-11-30,monthly_walk_forward,阪神,芝,2000,11400000.0,1,grade:unknown|condition:13,110.0,,1700～2000m,冬,11.0-15.9M
2025-12-28,2025-1228-06-05-08-08,2022105847,ディーズゴールド,3,0,25.0,2.5,1,0.814435411945822,0.2732206917260422,1,0.0,2025-11-30,monthly_walk_forward,中山,芝,1800,15500000.0,4,grade:E|condition:13,120.0,ハッピーエンドカップ,1700～2000m,冬,11.0-15.9M
2025-12-28,2025-1228-06-05-08-09,2022105175,フィーリウス,4,0,43.0,4.300000190734863,3,0.9458343788381262,0.2386494050971551,1,0.0,2025-11-30,monthly_walk_forward,中山,芝,2500,15500000.0,12,grade:E|condition:13,0.0,グッドラックハンデキャップ,2500m～,冬,11.0-15.9M
2025-12-28,2025-1228-06-05-08-10,2022107163,アシャカトベ,4,0,32.0,3.200000047683716,2,0.4721271420954828,0.1883526371982274,1,0.0,2025-11-30,monthly_walk_forward,中山,芝,1200,18400000.0,7,grade:E|condition:13,0.0,２０２５フェアウェルステークス,～1200m,冬,16.0-24.9M
2025-12-28,2025-1228-06-05-08-11,2021105143,ダノンデサイル,3,0,38.0,3.799999952316284,2,0.9007524444051428,0.1704453899335557,1,0.0,2025-11-30,monthly_walk_forward,中山,芝,2500,500000000.0,9,grade:A|condition:13,150.0,有馬記念,2500m～,冬,50M+
2025-12-28,2025-1228-06-05-08-12,2022105369,ジョイフルニュース,1,1,26.0,2.5999999046325684,1,1.3359734336250293,0.2806418333900561,1,260.0,2025-11-30,monthly_walk_forward,中山,芝,1600,18400000.0,6,grade:E|condition:13,120.0,２０２５ファイナルステークス,1300～1600m,冬,16.0-24.9M
2025-12-28,2025-1228-09-05-08-05,2019101464,サラフィエル,4,0,37.0,3.700000047683716,2,-0.1806683047382479,0.4154177082382737,1,0.0,2025-11-30,monthly_walk_forward,阪神,芝,2970,8400000.0,10,grade:unknown|condition:18,0.0,,2500m～,冬,8.0-10.9M
2025-12-28,2025-1228-09-05-08-08,2022105885,ショーダンサー,2,0,47.0,4.699999809265137,3,0.6993063045149104,0.3165251132163759,1,0.0,2025-11-30,monthly_walk_forward,阪神,芝,1800,11400000.0,3,grade:unknown|condition:13,160.0,,1700～2000m,冬,11.0-15.9M
2025-12-28,2025-1228-09-05-08-09,2021105127,テラメリタ,5,0,37.0,3.700000047683716,2,0.5566084615555552,0.2870380849578396,1,0.0,2025-11-30,monthly_walk_forward,阪神,芝,1600,15500000.0,8,grade:E|condition:13,0.0,フォーチュンカップ,1300～1600m,冬,11.0-15.9M
2025-12-28,2025-1228-09-05-08-10,2022101827,ローランドバローズ,1,1,14.0,1.399999976158142,1,1.4916105684326706,0.5135081183499678,1,140.0,2025-11-30,monthly_walk_forward,阪神,芝,2000,18400000.0,7,grade:E|condition:13,110.0,サンクフルステークス,1700～2000m,冬,16.0-24.9M
2025-12-28,2025-1228-09-05-08-11,2021110148,ノーブルロジャー,1,1,53.0,5.300000190734863,2,0.3504649254675323,0.1665759402893075,1,530.0,2025-11-30,monthly_walk_forward,阪神,芝,1400,22000000.0,3,grade:E|condition:13,220.0,ギャラクシーステークス,1300～1600m,冬,16.0-24.9M
2025-12-28,2025-1228-09-05-08-12,2021103312,ロードマイライフ,6,0,46.0,4.599999904632568,3,0.4045398868290611,0.2401812515428101,1,0.0,2025-11-30,monthly_walk_forward,阪神,芝,1200,18400000.0,4,grade:E|condition:13,0.0,カウントダウンステークス,～1200m,冬,16.0-24.9M
2026-01-04,2026-0104-06-01-01-07,2022104601,バタール,1,1,16.0,1.600000023841858,1,0.2162609909786864,0.2536808413784481,1,160.0,2025-12-31,monthly_walk_forward,中山,芝,1800,8200000.0,13,grade:unknown|condition:14,120.0,,1700～2000m,冬,8.0-10.9M
2026-01-04,2026-0104-06-01-01-08,2022104609,フラッシュポイント,8,0,35.0,3.5,1,-0.2121097951582946,0.2016458607107643,1,0.0,2025-12-31,monthly_walk_forward,中山,芝,1200,8200000.0,3,grade:unknown|condition:14,0.0,,～1200m,冬,8.0-10.9M
2026-01-04,2026-0104-06-01-01-09,2022102987,バギーウィップ,3,0,26.0,2.5999999046325684,1,0.6815126215951047,0.2922295414683603,1,0.0,2025-12-31,monthly_walk_forward,中山,芝,1800,18700000.0,10,grade:E|condition:14,170.0,招福ステークス,1700～2000m,冬,16.0-24.9M
2026-01-04,2026-0104-06-01-01-10,2023102083,ジーティーシンドウ,3,0,38.0,3.799999952316284,3,0.3264582581878512,0.252918663413571,1,0.0,2025-12-31,monthly_walk_forward,中山,芝,1600,21000000.0,7,grade:L|condition:12,110.0,ジュニアカップ,1300～1600m,冬,16.0-24.9M
2026-01-04,2026-0104-06-01-01-11,2022104839,カネラフィーナ,4,0,46.0,4.599999904632568,2,1.5367954685084226,0.3425564401738278,1,0.0,2025-12-31,monthly_walk_forward,中山,芝,2000,43000000.0,3,grade:C|condition:14,0.0,日刊スポーツ賞中山金杯,1700～2000m,冬,25.0-49.9M
2026-01-04,2026-0104-06-01-01-12,2022104972,スリーピース,1,1,82.0,8.199999809265137,6,0.3347649731798884,0.2030647783070271,1,820.0,2025-12-31,monthly_walk_forward,中山,芝,1200,11900000.0,13,grade:unknown|condition:14,210.0,,～1200m,冬,11.0-15.9M
2026-01-04,2026-0104-08-01-01-06,2023103907,スカイスプレンダー,4,0,23.0,2.299999952316284,1,0.489094428517509,0.1973257557023893,1,0.0,2025-12-31,monthly_walk_forward,京都,芝,2000,8200000.0,1,grade:unknown|condition:12,0.0,,1700～2000m,冬,8.0-10.9M
2026-01-04,2026-0104-08-01-01-07,2022102906,オリジナルファイン,3,0,54.0,5.400000095367432,3,0.0919135593128994,0.2910794314987717,1,0.0,2025-12-31,monthly_walk_forward,京都,芝,1800,8200000.0,5,grade:unknown|condition:14,160.0,,1700～2000m,冬,8.0-10.9M
2026-01-04,2026-0104-08-01-01-08,2022104600,イマージョン,1,1,34.0,3.4000000953674316,2,0.3700398079185115,0.2446841266233171,1,340.0,2025-12-31,monthly_walk_forward,京都,芝,1200,8200000.0,11,grade:unknown|condition:14,130.0,,～1200m,冬,8.0-10.9M
2026-01-04,2026-0104-08-01-01-09,2022105722,グランドプラージュ,1,1,13.0,1.2999999523162842,1,1.3404231019192503,0.3826479339122973,1,130.0,2025-12-31,monthly_walk_forward,京都,芝,1800,15800000.0,9,grade:E|condition:14,110.0,天ケ瀬特別,1700～2000m,冬,11.0-15.9M
2026-01-04,2026-0104-08-01-01-10,2021106193,ウイントレメンデス,2,0,28.0,2.799999952316284,1,0.7171468653488128,0.3184100674220342,1,0.0,2025-12-31,monthly_walk_forward,京都,芝,2000,18700000.0,9,grade:E|condition:14,110.0,寿ステークス,1700～2000m,冬,16.0-24.9M
2026-01-04,2026-0104-08-01-01-11,2022104401,ランスオブカオス,5,0,24.0,2.4000000953674316,1,1.3988108302325133,0.3125671944401463,1,0.0,2025-12-31,monthly_walk_forward,京都,芝,1600,43000000.0,1,grade:C|condition:14,0.0,スポーツニッポン賞京都金杯,1300～1600m,冬,25.0-49.9M
2026-01-04,2026-0104-08-01-01-12,2018103368,メイショウカイト,3,0,46.0,4.599999904632568,2,0.5926312713717239,0.2028841411679281,1,0.0,2025-12-31,monthly_walk_forward,京都,芝,1400,11900000.0,6,grade:unknown|condition:14,160.0,,1300～1600m,冬,11.0-15.9M
2026-01-05,2026-0105-06-01-02-04,2022100749,キャストロププ,1,1,15.0,1.5,1,0.2006361724491096,0.4820145679789423,1,150.0,2025-12-31,monthly_walk_forward,中山,芝,2400,8200000.0,11,grade:unknown|condition:14,110.0,,2100～2400m,冬,8.0-10.9M
2026-01-05,2026-0105-06-01-02-07,2023106412,ユメシルベ,4,0,144.0,14.399999618530272,7,0.4981441196141936,0.1819913772968851,1,0.0,2025-12-31,monthly_walk_forward,中山,芝,2000,8200000.0,9,grade:unknown|condition:12,0.0,,1700～2000m,冬,8.0-10.9M
2026-01-05,2026-0105-06-01-02-08,2019101507,ディナースタ,2,0,15.0,1.5,1,0.8610295850108226,0.525983578198272,1,0.0,2025-12-31,monthly_walk_forward,中山,芝,3200,17500000.0,7,grade:E|condition:19,110.0,中山新春ジャンプステークス,2500m～,冬,16.0-24.9M
2026-01-05,2026-0105-06-01-02-09,2022102039,サノノワンダー,2,0,30.0,3.0,2,0.8269134315608313,0.3990709474123814,1,0.0,2025-12-31,monthly_walk_forward,中山,芝,1800,15800000.0,12,grade:E|condition:14,130.0,初茜賞,1700～2000m,冬,11.0-15.9M
2026-01-05,2026-0105-06-01-02-10,2022102982,ダンツファイター,1,1,30.0,3.0,1,0.3746610763703576,0.3154641738727687,1,300.0,2025-12-31,monthly_walk_forward,中山,芝,2000,15800000.0,1,grade:E|condition:14,150.0,初日の出賞,1700～2000m,冬,11.0-15.9M
2026-01-05,2026-0105-06-01-02-11,2022110014,マックアルイーン,6,0,36.0,3.5999999046325684,1,0.4495484877971722,0.2155402962792565,1,0.0,2025-12-31,monthly_walk_forward,中山,芝,1200,18700000.0,3,grade:E|condition:14,0.0,サンライズステークス,～1200m,冬,16.0-24.9M
2026-01-05,2026-0105-06-01-02-12,2022110132,ピコテンダー,8,0,24.0,2.4000000953674316,1,0.2106172365351627,0.3215524764609592,1,0.0,2025-12-31,monthly_walk_forward,中山,芝,1200,8200000.0,11,grade:unknown|condition:14,0.0,,～1200m,冬,8.0-10.9M
2026-01-05,2026-0105-08-01-02-04,2023104414,シーズザスローン,5,0,38.0,3.799999952316284,2,0.7895076200288271,0.3694877370685601,1,0.0,2025-12-31,monthly_walk_forward,京都,芝,1800,8200000.0,11,grade:unknown|condition:12,0.0,,1700～2000m,冬,8.0-10.9M
2026-01-05,2026-0105-08-01-02-07,2022105602,エコロスパーダ,9,0,30.0,3.0,1,0.7316877580206843,0.3997095630950893,1,0.0,2025-12-31,monthly_walk_forward,京都,芝,1800,8200000.0,1,grade:unknown|condition:14,0.0,,1700～2000m,冬,8.0-10.9M
2026-01-05,2026-0105-08-01-02-08,2019103825,スペシャルナンバー,3,0,84.0,8.399999618530273,6,0.271786524935341,0.1689032770775904,1,0.0,2025-12-31,monthly_walk_forward,京都,芝,1200,11900000.0,15,grade:unknown|condition:14,220.0,,～1200m,冬,11.0-15.9M
2026-01-05,2026-0105-08-01-02-09,2022105475,レディーミコノス,3,0,27.0,2.700000047683716,1,0.962454575846423,0.2527310671498394,1,0.0,2025-12-31,monthly_walk_forward,京都,芝,1800,15800000.0,6,grade:E|condition:14,130.0,逢坂山特別,1700～2000m,冬,11.0-15.9M
2026-01-05,2026-0105-08-01-02-10,2022107278,ゼットエール,3,0,17.0,1.7000000476837158,1,1.0791560540855971,0.3128610957012925,1,0.0,2025-12-31,monthly_walk_forward,京都,芝,1200,18700000.0,14,grade:E|condition:14,110.0,門松ステークス,～1200m,冬,16.0-24.9M
2026-01-05,2026-0105-08-01-02-11,2020102870,ブレイヴロッカー,3,0,38.0,3.799999952316284,2,0.4918556949473532,0.2867230426035457,1,0.0,2025-12-31,monthly_walk_forward,京都,芝,3000,24000000.0,2,grade:E|condition:14,120.0,万葉ステークス,2500m～,冬,16.0-24.9M
2026-01-05,2026-0105-08-01-02-12,2022105386,ピエタンツァ,5,0,74.0,7.400000095367432,4,0.6130389231398043,0.2535280052965609,1,0.0,2025-12-31,monthly_walk_forward,京都,芝,1600,8200000.0,4,grade:unknown|condition:14,0.0,,1300～1600m,冬,8.0-10.9M
2026-01-10,2026-0110-06-01-03-06,2020104748,ファルコンミノル,3,0,122.0,12.199999809265137,7,-0.3993732867601905,0.1400801839564768,1,0.0,2025-12-31,monthly_walk_forward,中山,芝,1800,8200000.0,16,grade:unknown|condition:14,300.0,,1700～2000m,冬,8.0-10.9M
2026-01-10,2026-0110-06-01-03-08,2022102174,トレサフィール,13,0,44.0,4.400000095367432,3,0.3560031242746586,0.2517238968510725,1,0.0,2025-12-31,monthly_walk_forward,中山,芝,1800,11900000.0,3,grade:unknown|condition:14,0.0,,1700～2000m,冬,11.0-15.9M
2026-01-10,2026-0110-06-01-03-09,2023103824,ケントン,4,0,120.0,12.0,4,0.5019744906867474,0.2365798136942599,1,0.0,2025-12-31,monthly_walk_forward,中山,芝,1800,11400000.0,5,grade:E|condition:12,0.0,黒竹賞,1700～2000m,冬,11.0-15.9M
2026-01-10,2026-0110-06-01-03-10,2022105590,ワンモアスマイル,11,0,49.0,4.900000095367432,3,0.6547465848802649,0.1798384574562396,1,0.0,2025-12-31,monthly_walk_forward,中山,芝,1600,15800000.0,9,grade:E|condition:14,0.0,初凪賞,1300～1600m,冬,11.0-15.9M
2026-01-10,2026-0110-06-01-03-11,2022104902,マイユニバース,2,0,25.0,2.5,1,1.2302320919371512,0.3205799027410014,1,0.0,2025-12-31,monthly_walk_forward,中山,芝,2200,18700000.0,4,grade:E|condition:14,140.0,迎春ステークス,2100～2400m,冬,16.0-24.9M
2026-01-10,2026-0110-06-01-03-12,2022107272,ピコレッド,2,0,23.0,2.299999952316284,1,-0.4594604005328622,0.1750881738603871,1,0.0,2025-12-31,monthly_walk_forward,中山,芝,1200,8200000.0,6,grade:unknown|condition:14,130.0,,～1200m,冬,8.0-10.9M
2026-01-10,2026-0110-08-01-03-04,2023102553,ボクマダネムイヨ,3,0,23.0,2.299999952316284,1,0.9542874381064066,0.2308765873414814,1,0.0,2025-12-31,monthly_walk_forward,京都,芝,1800,8200000.0,6,grade:unknown|condition:12,110.0,,1700～2000m,冬,8.0-10.9M
2026-01-10,2026-0110-08-01-03-07,2022103991,ジーティーエスピ,6,0,38.0,3.799999952316284,1,0.293360753416646,0.346518086906183,1,0.0,2025-12-31,monthly_walk_forward,京都,芝,1200,8200000.0,7,grade:unknown|condition:14,0.0,,～1200m,冬,8.0-10.9M
2026-01-10,2026-0110-08-01-03-08,2019105473,レッドバロッサ,3,0,26.0,2.5999999046325684,1,0.1563709178482412,0.1965127861516337,1,0.0,2025-12-31,monthly_walk_forward,京都,芝,3170,17500000.0,2,grade:E|condition:19,110.0,牛若丸ジャンプステークス,2500m～,冬,16.0-24.9M
2026-01-10,2026-0110-08-01-03-09,2022102123,モズカトレア,1,1,13.0,1.2999999523162842,1,0.7669692037735574,0.551947743751243,1,130.0,2025-12-31,monthly_walk_forward,京都,芝,1800,15800000.0,4,grade:E|condition:14,110.0,出町特別,1700～2000m,冬,11.0-15.9M
2026-01-10,2026-0110-08-01-03-10,2022110056,フードマン,5,0,36.0,3.5999999046325684,1,0.4906989565657877,0.2155584307437757,1,0.0,2025-12-31,monthly_walk_forward,京都,芝,1200,15800000.0,5,grade:E|condition:14,0.0,鹿ケ谷特別,～1200m,冬,11.0-15.9M
2026-01-10,2026-0110-08-01-03-11,2021105537,ビダーヤ,3,0,16.0,1.600000023841858,1,0.9724645738628728,0.2670192745632338,1,0.0,2025-12-31,monthly_walk_forward,京都,芝,1400,24000000.0,8,grade:L|condition:14,110.0,すばるステークス,1300～1600m,冬,16.0-24.9M
2026-01-10,2026-0110-08-01-03-12,2022102395,チムグクル,2,0,28.0,2.799999952316284,1,0.4569795063256155,0.2808267262262051,1,0.0,2025-12-31,monthly_walk_forward,京都,芝,1400,8200000.0,8,grade:unknown|condition:14,130.0,,1300～1600m,冬,8.0-10.9M
2026-01-11,2026-0111-06-01-04-04,2023104044,モンサンゴールデン,8,0,48.0,4.800000190734863,3,0.4359127228947639,0.1642201791757722,1,0.0,2025-12-31,monthly_walk_forward,中山,芝,1200,8200000.0,4,grade:unknown|condition:12,0.0,,～1200m,冬,8.0-10.9M
2026-01-11,2026-0111-06-01-04-07,2022101389,サトミノエンジェル,1,1,15.0,1.5,1,0.2674093785401495,0.3869303741100444,1,150.0,2025-12-31,monthly_walk_forward,中山,芝,1800,8200000.0,9,grade:unknown|condition:14,110.0,,1700～2000m,冬,8.0-10.9M
2026-01-11,2026-0111-06-01-04-08,2022104818,クライスレリアーナ,1,1,14.0,1.399999976158142,1,0.7920289253203511,0.2871922552376562,1,140.0,2025-12-31,monthly_walk_forward,中山,芝,1600,8200000.0,7,grade:unknown|condition:14,110.0,,1300～1600m,冬,8.0-10.9M
2026-01-11,2026-0111-06-01-04-09,2022100201,コンドゥイア,1,1,31.0,3.0999999046325684,1,0.7417947667123154,0.4000126680091255,1,310.0,2025-12-31,monthly_walk_forward,中山,芝,1800,15800000.0,7,grade:E|condition:14,120.0,初咲賞,1700～2000m,冬,11.0-15.9M
2026-01-11,2026-0111-06-01-04-10,2020110075,ミスティックロア,6,0,164.0,16.399999618530273,9,1.0741288492770211,0.168054334151283,1,0.0,2025-12-31,monthly_walk_forward,中山,芝,1800,22000000.0,6,grade:E|condition:14,0.0,ポルックスステークス,1700～2000m,冬,16.0-24.9M
2026-01-11,2026-0111-06-01-04-11,2023103487,ピエドゥラパン,10,0,30.0,3.0,1,0.527233378082908,0.14670869169241,1,0.0,2025-12-31,monthly_walk_forward,中山,芝,1600,38000000.0,2,grade:C|condition:12,0.0,フェアリーステークス,1300～1600m,冬,25.0-49.9M
2026-01-11,2026-0111-06-01-04-12,2022101557,アスタールフナ,10,0,56.0,5.599999904632568,3,0.9980396224866168,0.2730486386413205,1,0.0,2025-12-31,monthly_walk_forward,中山,芝,1200,11900000.0,2,grade:unknown|condition:14,0.0,,～1200m,冬,11.0-15.9M
2026-01-11,2026-0111-08-01-04-04,2019106698,バラジ,3,0,18.0,1.7999999523162842,1,-0.1081430100501903,0.2216764418318936,1,0.0,2025-12-31,monthly_walk_forward,京都,芝,2910,8400000.0,3,grade:unknown|condition:19,110.0,,2500m～,冬,8.0-10.9M
2026-01-11,2026-0111-08-01-04-05,2023104700,カナタコナタ,7,0,68.0,6.800000190734863,4,0.3059182758848894,0.1561789260080722,1,0.0,2025-12-31,monthly_walk_forward,京都,芝,1400,8200000.0,4,grade:unknown|condition:12,0.0,,1300～1600m,冬,8.0-10.9M
2026-01-11,2026-0111-08-01-04-06,2022102223,サイモンシュバリエ,3,0,22.0,2.200000047683716,1,0.0620496607383076,0.1874633164335932,1,0.0,2025-12-31,monthly_walk_forward,京都,芝,1800,8200000.0,11,grade:unknown|condition:14,120.0,,1700～2000m,冬,8.0-10.9M
2026-01-11,2026-0111-08-01-04-07,2021101557,タマモランプ,3,0,49.0,4.900000095367432,3,0.2951149003819486,0.1858433567212382,1,0.0,2025-12-31,monthly_walk_forward,京都,芝,2000,8200000.0,10,grade:unknown|condition:14,180.0,,1700～2000m,冬,8.0-10.9M
2026-01-11,2026-0111-08-01-04-08,2022103680,ラファル,1,1,25.0,2.5,1,0.5476756341067539,0.2045401588362918,1,250.0,2025-12-31,monthly_walk_forward,京都,芝,1400,11900000.0,15,grade:unknown|condition:14,120.0,,1300～1600m,冬,11.0-15.9M
2026-01-11,2026-0111-08-01-04-09,2022102228,テーオーマルコーニ,4,0,26.0,2.5999999046325684,1,1.014250965147788,0.3627754379397032,1,0.0,2025-12-31,monthly_walk_forward,京都,芝,1900,15800000.0,2,grade:E|condition:14,0.0,五条坂特別,1700～2000m,冬,11.0-15.9M
2026-01-11,2026-0111-08-01-04-10,2022105230,ミニトランザット,7,0,37.0,3.700000047683716,2,1.1562862826212152,0.2559430184020185,1,0.0,2025-12-31,monthly_walk_forward,京都,芝,1600,18700000.0,3,grade:E|condition:14,0.0,新春ステークス,1300～1600m,冬,16.0-24.9M
2026-01-11,2026-0111-08-01-04-11,2021103116,ヤブサメ,1,1,36.0,3.5999999046325684,1,0.6607167794923144,0.1929920960206501,1,360.0,2025-12-31,monthly_walk_forward,京都,芝,1200,27000000.0,12,grade:L|condition:14,140.0,淀短距離ステークス,～1200m,冬,25.0-49.9M
2026-01-12,2026-0112-06-01-05-04,2020103193,シャンデルナゴル,2,0,25.0,2.5,1,-0.3250072619579655,0.2876644119666047,1,0.0,2025-12-31,monthly_walk_forward,中山,芝,2880,8400000.0,4,grade:unknown|condition:19,130.0,,2500m～,冬,8.0-10.9M
2026-01-12,2026-0112-06-01-05-07,2022101465,リュミナーズ,4,0,97.0,9.699999809265137,4,0.1679017947482371,0.2427113257940085,1,0.0,2025-12-31,monthly_walk_forward,中山,芝,1800,8200000.0,8,grade:unknown|condition:14,0.0,,1700～2000m,冬,8.0-10.9M
2026-01-12,2026-0112-06-01-05-08,2023101169,ファインサマーデイ,2,0,77.0,7.699999809265137,3,0.4511892802676165,0.1940781812849843,1,0.0,2025-12-31,monthly_walk_forward,中山,芝,1200,8200000.0,1,grade:unknown|condition:12,270.0,,～1200m,冬,8.0-10.9M
2026-01-12,2026-0112-06-01-05-09,2022104643,ニューファウンド,9,0,74.0,7.400000095367432,4,-0.2508384695762765,0.1394346244119095,1,0.0,2025-12-31,monthly_walk_forward,中山,芝,2400,15800000.0,11,grade:E|condition:14,0.0,成田特別,2100～2400m,冬,11.0-15.9M
2026-01-12,2026-0112-06-01-05-10,2019100553,ドンレパルス,2,0,57.0,5.699999809265137,2,0.5194884832174144,0.2257977213470061,1,0.0,2025-12-31,monthly_walk_forward,中山,芝,1200,18700000.0,11,grade:E|condition:14,160.0,初春ステークス,～1200m,冬,16.0-24.9M
2026-01-12,2026-0112-06-01-05-11,2021103519,リラボニート,9,0,57.0,5.699999809265137,3,0.9787359055858972,0.2189812202041709,1,0.0,2025-12-31,monthly_walk_forward,中山,芝,1600,27000000.0,5,grade:L|condition:14,0.0,ニューイヤーステークス,1300～1600m,冬,25.0-49.9M
2026-01-12,2026-0112-06-01-05-12,2022105064,マリアイリダータ,2,0,29.0,2.9000000953674316,2,1.0060478945220828,0.2726034794704203,1,0.0,2025-12-31,monthly_walk_forward,中山,芝,2000,8200000.0,6,grade:unknown|condition:14,150.0,,1700～2000m,冬,8.0-10.9M
2026-01-12,2026-0112-08-01-05-06,2022103649,イフリーティア,9,0,127.0,12.699999809265137,6,-0.4623112440877902,0.2371802916827872,1,0.0,2025-12-31,monthly_walk_forward,京都,芝,1800,8200000.0,6,grade:unknown|condition:14,0.0,,1700～2000m,冬,8.0-10.9M
2026-01-12,2026-0112-08-01-05-07,2022102716,サンマルノヴェル,13,0,35.0,3.5,2,0.5854257421090298,0.1985302354066006,1,0.0,2025-12-31,monthly_walk_forward,京都,芝,1400,8200000.0,6,grade:unknown|condition:14,0.0,,1300～1600m,冬,8.0-10.9M
2026-01-12,2026-0112-08-01-05-08,2020104725,モーメントキャッチ,2,0,56.0,5.599999904632568,3,0.3448892634224791,0.2316274869098965,1,0.0,2025-12-31,monthly_walk_forward,京都,芝,1900,8200000.0,5,grade:unknown|condition:14,170.0,,1700～2000m,冬,8.0-10.9M
2026-01-12,2026-0112-08-01-05-09,2022105827,アロンディ,1,1,31.0,3.0999999046325684,1,0.5090201890059891,0.2408253902432595,1,310.0,2025-12-31,monthly_walk_forward,京都,芝,2400,15800000.0,10,grade:E|condition:14,140.0,琵琶湖特別,2100～2400m,冬,11.0-15.9M
2026-01-12,2026-0112-08-01-05-10,2021104092,ペンナヴェローチェ,5,0,52.0,5.199999809265137,4,1.1339400487495386,0.2684526197369535,1,0.0,2025-12-31,monthly_walk_forward,京都,芝,1800,18700000.0,3,grade:E|condition:14,0.0,雅ステークス,1700～2000m,冬,16.0-24.9M
2026-01-12,2026-0112-08-01-05-11,2023107069,ディアダイヤモンド,9,0,83.0,8.300000190734863,5,0.5028638216566319,0.1661141406337348,1,0.0,2025-12-31,monthly_walk_forward,京都,芝,1600,41000000.0,4,grade:C|condition:12,0.0,日刊スポーツ賞シンザン記念,1300～1600m,冬,25.0-49.9M
2026-01-17,2026-0117-06-01-06-04,2020110020,コレクテイニア,1,1,16.0,1.600000023841858,1,0.0880311554059493,0.4054091286436991,1,160.0,2025-12-31,monthly_walk_forward,中山,芝,2880,8400000.0,8,grade:unknown|condition:19,110.0,,2500m～,冬,8.0-10.9M
2026-01-17,2026-0117-06-01-06-06,2022106324,レインボーラッキー,10,0,135.0,13.5,7,-0.2707869598735153,0.1626358762692464,1,0.0,2025-12-31,monthly_walk_forward,中山,芝,1200,8200000.0,4,grade:unknown|condition:14,0.0,,～1200m,冬,8.0-10.9M
2026-01-17,2026-0117-06-01-06-07,2022105139,サラスヴァティー,2,0,28.0,2.799999952316284,2,0.6018281638304364,0.2957280491180306,1,0.0,2025-12-31,monthly_walk_forward,中山,芝,2200,8200000.0,1,grade:unknown|condition:14,160.0,,2100～2400m,冬,8.0-10.9M
2026-01-17,2026-0117-06-01-06-08,2022104722,ダンケルド,9,0,18.0,1.7999999523162842,1,0.7075292040018062,0.2574926646276512,1,0.0,2025-12-31,monthly_walk_forward,中山,芝,1200,11900000.0,12,grade:unknown|condition:14,0.0,,～1200m,冬,11.0-15.9M
2026-01-17,2026-0117-06-01-06-09,2023107071,アーリーハーベスト,4,0,74.0,7.400000095367432,4,0.7431987038203484,0.2961885961684072,1,0.0,2025-12-31,monthly_walk_forward,中山,芝,1600,11400000.0,2,grade:E|condition:12,0.0,菜の花賞,1300～1600m,冬,11.0-15.9M
2026-01-17,2026-0117-06-01-06-10,2022102280,チュウワクリスエス,1,1,67.0,6.699999809265137,4,0.5818691902970002,0.1708861539072579,1,670.0,2025-12-31,monthly_walk_forward,中山,芝,1800,18700000.0,3,grade:E|condition:14,230.0,アレキサンドライトステークス,1700～2000m,冬,16.0-24.9M
2026-01-17,2026-0117-06-01-06-11,2022102434,ルージュラナキラ,5,0,40.0,4.0,1,1.179519492423384,0.2692561889958523,1,0.0,2025-12-31,monthly_walk_forward,中山,芝,1200,23000000.0,4,grade:E|condition:14,0.0,カーバンクルステークス,～1200m,冬,16.0-24.9M
2026-01-17,2026-0117-06-01-06-12,2022103146,カンシン,1,1,58.0,5.800000190734863,3,0.5200184573167913,0.1826952147377337,1,580.0,2025-12-31,monthly_walk_forward,中山,芝,1200,11900000.0,8,grade:unknown|condition:14,190.0,,～1200m,冬,11.0-15.9M
2026-01-17,2026-0117-08-01-06-06,2023107371,クイノールト,8,0,48.0,4.800000190734863,2,0.3454951348772784,0.2051613748582792,1,0.0,2025-12-31,monthly_walk_forward,京都,芝,1800,8200000.0,6,grade:unknown|condition:12,0.0,,1700～2000m,冬,8.0-10.9M
2026-01-17,2026-0117-08-01-06-07,2022102127,モズケイスター,2,0,19.0,1.899999976158142,1,0.2973092731976166,0.2838769715561592,1,0.0,2025-12-31,monthly_walk_forward,京都,芝,1400,8200000.0,16,grade:unknown|condition:14,110.0,,1300～1600m,冬,8.0-10.9M
2026-01-17,2026-0117-08-01-06-08,2022106644,ロカヒ,1,1,26.0,2.5999999046325684,2,0.0931997869322839,0.2868044643781319,1,260.0,2025-12-31,monthly_walk_forward,京都,芝,1800,8200000.0,8,grade:unknown|condition:14,110.0,,1700～2000m,冬,8.0-10.9M
2026-01-17,2026-0117-08-01-06-09,2022105438,ジョイエッロ,5,0,26.0,2.5999999046325684,1,0.5198733215250029,0.4094312859086715,1,0.0,2025-12-31,monthly_walk_forward,京都,芝,2000,15800000.0,5,grade:E|condition:14,0.0,稲荷特別,1700～2000m,冬,11.0-15.9M
2026-01-17,2026-0117-08-01-06-10,2023105312,リリージョワ,1,1,16.0,1.600000023841858,1,0.8406011305467369,0.2996753852794978,1,160.0,2025-12-31,monthly_walk_forward,京都,芝,1400,21000000.0,9,grade:L|condition:12,110.0,紅梅ステークス,1300～1600m,冬,16.0-24.9M
2026-01-17,2026-0117-08-01-06-11,2022100204,ピエマンソン,5,0,21.0,2.0999999046325684,1,1.0940453670214032,0.3017570292024788,1,0.0,2025-12-31,monthly_walk_forward,京都,芝,1400,18700000.0,7,grade:E|condition:14,0.0,羅生門ステークス,1300～1600m,冬,16.0-24.9M
2026-01-17,2026-0117-08-01-06-12,2022104784,ルクスジニア,6,0,50.0,5.0,2,0.5139701672772606,0.1886471617023702,1,0.0,2025-12-31,monthly_walk_forward,京都,芝,1600,11900000.0,4,grade:unknown|condition:14,0.0,,1300～1600m,冬,11.0-15.9M
2026-01-18,2026-0118-06-01-07-04,2019101612,アスクオンディープ,1,1,31.0,3.0999999046325684,1,-0.3093251980797551,0.1979524856863188,1,310.0,2025-12-31,monthly_walk_forward,中山,芝,2880,8400000.0,7,grade:unknown|condition:19,130.0,,2500m～,冬,8.0-10.9M
2026-01-18,2026-0118-06-01-07-06,2022105258,ホークライト,2,0,12.0,1.2000000476837158,1,0.476928712952926,0.547175997404503,1,0.0,2025-12-31,monthly_walk_forward,中山,芝,1800,8200000.0,14,grade:unknown|condition:14,100.0,,1700～2000m,冬,8.0-10.9M
2026-01-18,2026-0118-06-01-07-07,2022105466,レッドバンデ,5,0,13.0,1.2999999523162842,1,1.4381592957066522,0.3380028810126844,1,0.0,2025-12-31,monthly_walk_forward,中山,芝,2200,11900000.0,12,grade:unknown|condition:14,0.0,,2100～2400m,冬,11.0-15.9M
2026-01-18,2026-0118-06-01-07-08,2022104432,レイバックスピン,2,0,21.0,2.0999999046325684,1,0.558456160676508,0.3389465228857635,1,0.0,2025-12-31,monthly_walk_forward,中山,芝,1800,11900000.0,14,grade:unknown|condition:14,110.0,,1700～2000m,冬,11.0-15.9M
2026-01-18,2026-0118-06-01-07-09,2022105326,コートアリシアン,2,0,45.0,4.5,2,0.8933099857112158,0.2340800902123844,1,0.0,2025-12-31,monthly_walk_forward,中山,芝,1600,18700000.0,5,grade:E|condition:14,150.0,若潮ステークス,1300～1600m,冬,16.0-24.9M
2026-01-18,2026-0118-06-01-07-10,2022110105,アメリカンステージ,11,0,31.0,3.0999999046325684,1,1.278493388978977,0.2242180245418738,1,0.0,2025-12-31,monthly_walk_forward,中山,芝,1200,22000000.0,10,grade:E|condition:14,0.0,ジャニュアリーステークス,～1200m,冬,16.0-24.9M
2026-01-18,2026-0118-06-01-07-11,2023106288,アッカン,15,0,95.0,9.5,5,0.6777084547315894,0.1652996341596578,1,0.0,2025-12-31,monthly_walk_forward,中山,芝,2000,41000000.0,6,grade:C|condition:12,0.0,京成杯,1700～2000m,冬,25.0-49.9M
2026-01-18,2026-0118-08-01-07-04,2023101166,ラブルラウザー,1,1,13.0,1.2999999523162842,1,0.6119028752910437,0.2844817588598456,1,130.0,2025-12-31,monthly_walk_forward,京都,芝,1200,8200000.0,8,grade:unknown|condition:12,100.0,,～1200m,冬,8.0-10.9M
2026-01-18,2026-0118-08-01-07-07,2022102906,オリジナルファイン,2,0,54.0,5.400000095367432,3,-0.0691662226643492,0.2538600514914764,1,0.0,2025-12-31,monthly_walk_forward,京都,芝,1900,8200000.0,10,grade:unknown|condition:14,160.0,,1700～2000m,冬,8.0-10.9M
2026-01-18,2026-0118-08-01-07-08,2022105633,ノラリクラリ,3,0,28.0,2.799999952316284,1,0.4207557805790052,0.398739039447162,1,0.0,2025-12-31,monthly_walk_forward,京都,芝,2400,8200000.0,8,grade:unknown|condition:14,120.0,,2100～2400m,冬,8.0-10.9M
2026-01-18,2026-0118-08-01-07-09,2022105963,ポートデラメール,7,0,21.0,2.0999999046325684,1,0.6876985601853881,0.3012847052418128,1,0.0,2025-12-31,monthly_walk_forward,京都,芝,1400,15800000.0,1,grade:E|condition:14,0.0,小倉山特別,1300～1600m,冬,11.0-15.9M
2026-01-18,2026-0118-08-01-07-10,2021103154,メイショウカシワデ,5,0,74.0,7.400000095367432,5,0.4933221976336299,0.2044713376218683,1,0.0,2025-12-31,monthly_walk_forward,京都,芝,1800,15800000.0,14,grade:E|condition:14,0.0,大津特別,1700～2000m,冬,11.0-15.9M
2026-01-18,2026-0118-08-01-07-11,2022104736,ゲルチュタール,1,1,23.0,2.299999952316284,1,1.4029694453212636,0.3185485217449331,1,230.0,2025-12-31,monthly_walk_forward,京都,芝,2400,57000000.0,6,grade:B|condition:14,130.0,日経新春杯,2100～2400m,冬,50M+
2026-01-18,2026-0118-08-01-07-12,2022105871,レッドフェルメール,2,0,12.0,1.2000000476837158,1,0.2063329848131102,0.4391909214894591,1,0.0,2025-12-31,monthly_walk_forward,京都,芝,1600,8200000.0,1,grade:unknown|condition:14,110.0,,1300～1600m,冬,8.0-10.9M
2026-01-24,2026-0124-06-01-08-06,2023103389,ロンギングフォユー,7,0,42.0,4.199999809265137,2,0.6720825391639543,0.18539288727235,1,0.0,2025-12-31,monthly_walk_forward,中山,芝,1800,8200000.0,2,grade:unknown|condition:12,0.0,,1700～2000m,冬,8.0-10.9M
2026-01-24,2026-0124-06-01-08-07,2022104758,ヴィンブルレー,9,0,27.0,2.700000047683716,2,0.4834829303323932,0.3449452024922485,1,0.0,2025-12-31,monthly_walk_forward,中山,芝,1200,8200000.0,9,grade:unknown|condition:14,0.0,,～1200m,冬,8.0-10.9M
2026-01-24,2026-0124-06-01-08-08,2022103785,マタミカンサン,3,0,74.0,7.400000095367432,4,-0.0907681180790456,0.3904634014619863,1,0.0,2025-12-31,monthly_walk_forward,中山,芝,1800,8200000.0,2,grade:unknown|condition:14,210.0,,1700～2000m,冬,8.0-10.9M
2026-01-24,2026-0124-06-01-08-09,2022104167,タイセイリコルド,4,0,31.0,3.0999999046325684,2,0.849832515339713,0.2533173198497259,1,0.0,2025-12-31,monthly_walk_forward,中山,芝,1800,15800000.0,2,grade:E|condition:14,0.0,東雲賞,1700～2000m,冬,11.0-15.9M
2026-01-24,2026-0124-06-01-08-10,2022102039,サノノワンダー,2,0,25.0,2.5,2,0.718067738392643,0.3959387653585444,1,0.0,2025-12-31,monthly_walk_forward,中山,芝,1800,15800000.0,7,grade:E|condition:14,110.0,初霞賞,1700～2000m,冬,11.0-15.9M
2026-01-24,2026-0124-06-01-08-11,2022105454,シャドウメテオ,10,0,29.0,2.9000000953674316,1,0.827542156386911,0.2702285369108299,1,0.0,2025-12-31,monthly_walk_forward,中山,芝,2000,18700000.0,7,grade:E|condition:14,0.0,初富士ステークス,1700～2000m,冬,16.0-24.9M
2026-01-24,2026-0124-06-01-08-12,2022105501,プリムツァール,1,1,18.0,1.7999999523162842,1,0.4243221986065296,0.3349489781021985,1,180.0,2025-12-31,monthly_walk_forward,中山,芝,1600,8200000.0,2,grade:unknown|condition:14,110.0,,1300～1600m,冬,8.0-10.9M
2026-01-24,2026-0124-08-01-08-04,2022101127,ルクスデイジー,1,1,16.0,1.600000023841858,1,0.576607034989803,0.3385766110100353,1,160.0,2025-12-31,monthly_walk_forward,京都,芝,1400,8200000.0,5,grade:unknown|condition:14,110.0,,1300～1600m,冬,8.0-10.9M
2026-01-24,2026-0124-08-01-08-07,2022104314,ユキノクラウン,3,0,31.0,3.0999999046325684,1,-0.2901466445507662,0.2401548133123306,1,0.0,2025-12-31,monthly_walk_forward,京都,芝,1800,8200000.0,2,grade:unknown|condition:14,140.0,,1700～2000m,冬,8.0-10.9M
2026-01-24,2026-0124-08-01-08-08,2022105302,ヴリトラハン,2,0,40.0,4.0,1,0.4674413831046358,0.1796773914518876,1,0.0,2025-12-31,monthly_walk_forward,京都,芝,1200,11900000.0,10,grade:unknown|condition:14,160.0,,～1200m,冬,11.0-15.9M
2026-01-24,2026-0124-08-01-08-09,2023100933,ダークマルス,13,0,56.0,5.599999904632568,3,0.2965580789131254,0.1418615246766849,1,0.0,2025-12-31,monthly_walk_forward,京都,芝,2000,21000000.0,8,grade:L|condition:12,0.0,若駒ステークス,1700～2000m,冬,16.0-24.9M
2026-01-24,2026-0124-08-01-08-10,2022100161,アスクシュタイン,1,1,16.0,1.600000023841858,1,1.1387673823029654,0.297592928775352,1,160.0,2025-12-31,monthly_walk_forward,京都,芝,1900,18700000.0,4,grade:E|condition:14,110.0,下鴨ステークス,1700～2000m,冬,16.0-24.9M
2026-01-24,2026-0124-08-01-08-11,2022106768,マイネルチケット,2,0,33.0,3.299999952316284,2,1.0165750532842883,0.1989274757422089,1,0.0,2025-12-31,monthly_walk_forward,京都,芝,1600,23000000.0,4,grade:E|condition:14,150.0,睦月ステークス,1300～1600m,冬,16.0-24.9M
2026-01-24,2026-0124-08-01-08-12,2018103368,メイショウカイト,2,0,31.0,3.0999999046325684,1,0.5227151141253417,0.4134759963553073,1,0.0,2025-12-31,monthly_walk_forward,京都,芝,1400,11900000.0,4,grade:unknown|condition:14,120.0,,1300～1600m,冬,11.0-15.9M
2026-01-24,2026-0124-10-01-01-04,2017106153,エンデュミオン,5,0,41.0,4.099999904632568,2,-0.3304448744785075,0.2001721926224317,1,0.0,2025-12-31,monthly_walk_forward,小倉,芝,3390,14300000.0,11,grade:unknown|condition:19,0.0,,2500m～,冬,11.0-15.9M
2026-01-24,2026-0124-10-01-01-05,2019100135,タイセイジャスパー,1,1,22.0,2.200000047683716,1,-0.5689889505889182,0.2079184722835054,1,220.0,2025-12-31,monthly_walk_forward,小倉,芝,2860,8400000.0,6,grade:unknown|condition:19,110.0,,2500m～,冬,8.0-10.9M
2026-01-24,2026-0124-10-01-01-07,2020105189,ウインリュクス,6,0,61.0,6.099999904632568,3,-0.2153523119196255,0.1352021866862871,1,0.0,2025-12-31,monthly_walk_forward,小倉,芝,2600,8200000.0,5,grade:unknown|condition:14,0.0,,2500m～,冬,8.0-10.9M
2026-01-24,2026-0124-10-01-01-08,2022102383,ニヒトツーゼーア,2,0,37.0,3.700000047683716,2,-0.3165763406978997,0.4393717432539593,1,0.0,2025-12-31,monthly_walk_forward,小倉,芝,2400,8200000.0,5,grade:unknown|condition:14,130.0,,2100～2400m,冬,8.0-10.9M
2026-01-24,2026-0124-10-01-01-09,2023104528,トップアタック,6,0,21.0,2.0999999046325684,1,0.246122851836534,0.1820596570307966,1,0.0,2025-12-31,monthly_walk_forward,小倉,芝,1200,11400000.0,9,grade:E|condition:12,0.0,萌黄賞,～1200m,冬,11.0-15.9M
2026-01-24,2026-0124-10-01-01-10,2022104207,キングスコール,1,1,28.0,2.799999952316284,1,0.295872030321221,0.3408548524657296,1,280.0,2025-12-31,monthly_walk_forward,小倉,芝,2600,15800000.0,4,grade:E|condition:14,130.0,海の中道特別,2500m～,冬,11.0-15.9M
2026-01-24,2026-0124-10-01-01-11,2021105228,レディーヴァリュー,15,0,103.0,10.300000190734863,5,1.1174469667359923,0.1354990038059368,1,0.0,2025-12-31,monthly_walk_forward,小倉,芝,2000,38000000.0,15,grade:C|condition:14,0.0,小倉牝馬ステークス,1700～2000m,冬,25.0-49.9M
2026-01-24,2026-0124-10-01-01-12,2021105772,ホウオウバローロ,5,0,54.0,5.400000095367432,2,0.1929528323296137,0.2555902475878976,1,0.0,2025-12-31,monthly_walk_forward,小倉,芝,1700,8200000.0,6,grade:unknown|condition:14,0.0,,1700～2000m,冬,8.0-10.9M
2026-01-25,2026-0125-06-01-09-06,2022103232,ドゥマーヴェリック,4,0,19.0,1.899999976158142,1,0.2198304508401197,0.3075234168637798,1,0.0,2025-12-31,monthly_walk_forward,中山,芝,1800,8200000.0,5,grade:unknown|condition:14,0.0,,1700～2000m,冬,8.0-10.9M
2026-01-25,2026-0125-06-01-09-07,2021105859,フォルラニーニ,3,0,26.0,2.5999999046325684,2,0.7950181825054456,0.3280127286777372,1,0.0,2025-12-31,monthly_walk_forward,中山,芝,1600,11900000.0,1,grade:unknown|condition:14,110.0,,1300～1600m,冬,11.0-15.9M
2026-01-25,2026-0125-06-01-09-08,2022105441,ハードセルツァー,1,1,21.0,2.0999999046325684,1,0.8952235065381983,0.3682790374740407,1,210.0,2025-12-31,monthly_walk_forward,中山,芝,1200,11900000.0,2,grade:unknown|condition:14,120.0,,～1200m,冬,11.0-15.9M
2026-01-25,2026-0125-06-01-09-09,2023103817,ブレナヴォン,1,1,25.0,2.5,1,0.630527184708073,0.24623343786954,1,250.0,2025-12-31,monthly_walk_forward,中山,芝,1800,11400000.0,1,grade:E|condition:12,120.0,若竹賞,1700～2000m,冬,11.0-15.9M
2026-01-25,2026-0125-06-01-09-10,2021110008,ルディック,1,1,45.0,4.5,2,0.7506719718721206,0.2654289094917898,1,450.0,2025-12-31,monthly_walk_forward,中山,芝,1200,18700000.0,9,grade:E|condition:14,150.0,江戸川ステークス,～1200m,冬,16.0-24.9M
2026-01-25,2026-0125-06-01-09-11,2019105556,ドゥラドーレス,2,0,30.0,3.0,1,1.206056960204369,0.2379806288996518,1,0.0,2025-12-31,monthly_walk_forward,中山,芝,2200,62000000.0,14,grade:B|condition:14,140.0,アメリカジョッキークラブカップ,2100～2400m,冬,50M+
2026-01-25,2026-0125-08-01-09-06,2022100660,ロードヴァルカン,2,0,18.0,1.7999999523162842,1,0.302649133963071,0.2602541773022699,1,0.0,2025-12-31,monthly_walk_forward,京都,芝,1200,8200000.0,5,grade:unknown|condition:14,110.0,,～1200m,冬,8.0-10.9M
2026-01-25,2026-0125-08-01-09-07,2022106562,タガノアビー,1,1,17.0,1.7000000476837158,1,1.3184176774253558,0.4557738401521495,1,170.0,2025-12-31,monthly_walk_forward,京都,芝,2000,11900000.0,5,grade:unknown|condition:14,110.0,,1700～2000m,冬,11.0-15.9M
2026-01-25,2026-0125-08-01-09-08,2022102722,ドゥラエテルノ,2,0,26.0,2.5999999046325684,1,0.4400762913299897,0.241695097806324,1,0.0,2025-12-31,monthly_walk_forward,京都,芝,1800,11900000.0,4,grade:unknown|condition:14,110.0,,1700～2000m,冬,11.0-15.9M
2026-01-25,2026-0125-08-01-09-09,2023102806,ソルパッサーレ,1,1,35.0,3.5,2,0.6226620543039232,0.2327083711917108,1,350.0,2025-12-31,monthly_walk_forward,京都,芝,1600,11400000.0,9,grade:E|condition:12,130.0,河津桜賞,1300～1600m,冬,11.0-15.9M
2026-01-25,2026-0125-08-01-09-10,2021105161,ケーブパール,10,0,58.0,5.800000190734863,3,0.8957068370219764,0.2402573631299922,1,0.0,2025-12-31,monthly_walk_forward,京都,芝,1400,18700000.0,9,grade:E|condition:14,0.0,山城ステークス,1300～1600m,冬,16.0-24.9M
2026-01-25,2026-0125-08-01-09-11,2020104497,サイモンザナドゥ,9,0,67.0,6.699999809265137,4,0.8195592624931998,0.1880788986863946,1,0.0,2025-12-31,monthly_walk_forward,京都,芝,1800,55000000.0,2,grade:B|condition:14,0.0,プロキオンステークス,1700～2000m,冬,50M+
2026-01-25,2026-0125-08-01-09-12,2022106653,ハギノピアチェーレ,3,0,26.0,2.5999999046325684,1,0.7169620625969372,0.4317714645040815,1,0.0,2025-12-31,monthly_walk_forward,京都,芝,1800,8200000.0,9,grade:unknown|condition:14,130.0,,1700～2000m,冬,8.0-10.9M
2026-01-25,2026-0125-10-01-02-03,2022102993,ヒラボクカレラ,8,0,38.0,3.799999952316284,2,-0.3827356551853123,0.17383371068456,1,0.0,2025-12-31,monthly_walk_forward,小倉,芝,1000,8200000.0,11,grade:unknown|condition:14,0.0,,～1200m,冬,8.0-10.9M
2026-01-25,2026-0125-10-01-02-04,2018103603,グラヴィテ,5,0,62.0,6.199999809265137,2,-0.4199142686574032,0.2968702729099438,1,0.0,2025-12-31,monthly_walk_forward,小倉,芝,2860,8400000.0,1,grade:unknown|condition:19,0.0,,2500m～,冬,8.0-10.9M
2026-01-25,2026-0125-10-01-02-08,2022106645,グランセゾン,6,0,50.0,5.0,3,0.3010952955487297,0.204302119332064,1,0.0,2025-12-31,monthly_walk_forward,小倉,芝,1800,8200000.0,7,grade:unknown|condition:14,0.0,,1700～2000m,冬,8.0-10.9M
2026-01-25,2026-0125-10-01-02-09,2022105398,セゾンデフィーユ,2,0,21.0,2.0999999046325684,1,0.1879566309308629,0.230943154883901,1,0.0,2025-12-31,monthly_walk_forward,小倉,芝,1200,11400000.0,2,grade:E|condition:14,120.0,八幡特別,～1200m,冬,11.0-15.9M
2026-01-25,2026-0125-10-01-02-10,2022103778,ライフゲート,4,0,108.0,10.800000190734863,6,0.0728436430900626,0.1451516368224811,1,0.0,2025-12-31,monthly_walk_forward,小倉,芝,1700,15800000.0,8,grade:E|condition:14,0.0,響灘特別,1700～2000m,冬,11.0-15.9M
2026-01-25,2026-0125-10-01-02-11,2022100699,イガッチ,5,0,36.0,3.5999999046325684,2,0.6597871956697582,0.1997949616757587,1,0.0,2025-12-31,monthly_walk_forward,小倉,芝,1800,18700000.0,2,grade:E|condition:14,0.0,壇之浦ステークス,1700～2000m,冬,16.0-24.9M
2026-01-25,2026-0125-10-01-02-12,2020107017,エイシンジェンマ,11,0,37.0,3.700000047683716,2,-0.4398644076133841,0.1719276018926867,1,0.0,2025-12-31,monthly_walk_forward,小倉,芝,2000,8200000.0,3,grade:unknown|condition:14,0.0,,1700～2000m,冬,8.0-10.9M
2026-01-31,2026-0131-05-01-01-02,2022104062,カージオイド,15,0,28.0,2.799999952316284,1,-0.3364337935842077,0.1553134388782436,1,0.0,2025-12-31,monthly_walk_forward,東京,芝,2100,8200000.0,11,grade:unknown|condition:14,0.0,,2100～2400m,冬,8.0-10.9M
2026-01-31,2026-0131-05-01-01-07,2023101148,ラッキーキッド,8,0,116.0,11.600000381469728,5,0.6525029940072334,0.1525304185598527,1,0.0,2025-12-31,monthly_walk_forward,東京,芝,1600,8200000.0,5,grade:unknown|condition:12,0.0,,1300～1600m,冬,8.0-10.9M
2026-01-31,2026-0131-05-01-01-08,2022106639,モーニングマジック,4,0,53.0,5.300000190734863,4,0.8443868482915862,0.2319551625385536,1,0.0,2025-12-31,monthly_walk_forward,東京,芝,1400,11900000.0,8,grade:unknown|condition:14,0.0,,1300～1600m,冬,11.0-15.9M
2026-01-31,2026-0131-05-01-01-09,2022105775,ルグランヴァン,3,0,40.0,4.0,2,0.8932777292143772,0.1983141139201103,1,0.0,2025-12-31,monthly_walk_forward,東京,芝,1600,18700000.0,8,grade:E|condition:14,170.0,白嶺ステークス,1300～1600m,冬,16.0-24.9M
2026-01-31,2026-0131-05-01-01-10,2023105345,ルージュダリア,7,0,88.0,8.800000190734863,5,0.6873762220875105,0.2339637191980268,1,0.0,2025-12-31,monthly_walk_forward,東京,芝,1400,21000000.0,3,grade:L|condition:12,0.0,クロッカスステークス,1300～1600m,冬,16.0-24.9M
2026-01-31,2026-0131-05-01-01-11,2022104655,ウィクトルウェルス,3,0,21.0,2.0999999046325684,1,1.6537849889741325,0.3138154696474958,1,0.0,2025-12-31,monthly_walk_forward,東京,芝,2000,28000000.0,6,grade:L|condition:14,110.0,白富士ステークス,1700～2000m,冬,25.0-49.9M
2026-01-31,2026-0131-05-01-01-12,2022104875,オルグジェシダ,2,0,23.0,2.299999952316284,1,0.5304935715546717,0.229747392335796,1,0.0,2025-12-31,monthly_walk_forward,東京,芝,1800,8200000.0,7,grade:unknown|condition:14,110.0,,1700～2000m,冬,8.0-10.9M
2026-01-31,2026-0131-08-02-01-07,2023102553,ボクマダネムイヨ,8,0,38.0,3.799999952316284,2,0.8441980214462932,0.2299229697773178,1,0.0,2025-12-31,monthly_walk_forward,京都,芝,1800,8200000.0,2,grade:unknown|condition:12,0.0,,1700～2000m,冬,8.0-10.9M
2026-01-31,2026-0131-08-02-01-08,2020104725,モーメントキャッチ,3,0,28.0,2.799999952316284,1,0.2813012204548455,0.3082285798625485,1,0.0,2025-12-31,monthly_walk_forward,京都,芝,1900,8200000.0,1,grade:unknown|condition:14,120.0,,1700～2000m,冬,8.0-10.9M
2026-01-31,2026-0131-08-02-01-09,2022100018,ポッドドンナー,7,0,37.0,3.700000047683716,1,0.5799521975396805,0.2549627224250927,1,0.0,2025-12-31,monthly_walk_forward,京都,芝,1400,15800000.0,11,grade:E|condition:14,0.0,長浜特別,1300～1600m,冬,11.0-15.9M
2026-01-31,2026-0131-08-02-01-10,2022105485,ボンドロア,4,0,29.0,2.9000000953674316,1,0.5011375259134035,0.5394546445623722,1,0.0,2025-12-31,monthly_walk_forward,京都,芝,2400,15800000.0,6,grade:E|condition:14,0.0,許波多特別,2100～2400m,冬,11.0-15.9M
2026-01-31,2026-0131-08-02-01-11,2022102123,モズカトレア,9,0,32.0,3.200000047683716,2,1.3654751956930222,0.3563103690868389,1,0.0,2025-12-31,monthly_walk_forward,京都,芝,1800,18700000.0,5,grade:E|condition:14,0.0,舞鶴ステークス,1700～2000m,冬,16.0-24.9M
2026-01-31,2026-0131-08-02-01-12,2022105281,ダノンブギ,4,0,34.0,3.4000000953674316,1,-0.0033698029742142,0.1471324576695491,1,0.0,2025-12-31,monthly_walk_forward,京都,芝,1600,8200000.0,12,grade:unknown|condition:14,0.0,,1300～1600m,冬,8.0-10.9M
2026-01-31,2026-0131-10-01-03-03,2021105772,ホウオウバローロ,5,0,31.0,3.0999999046325684,1,-0.4173290679886714,0.1815831585967431,1,0.0,2025-12-31,monthly_walk_forward,小倉,芝,1700,8200000.0,7,grade:unknown|condition:14,0.0,,1700～2000m,冬,8.0-10.9M
2026-01-31,2026-0131-10-01-03-04,2022102821,ロードリベラシオン,2,0,76.0,7.599999904632568,3,0.3194846562885406,0.3191096680537714,1,0.0,2025-12-31,monthly_walk_forward,小倉,芝,2860,14300000.0,7,grade:unknown|condition:19,240.0,,2500m～,冬,11.0-15.9M
2026-01-31,2026-0131-10-01-03-05,2019103920,レッドラマンシュ,1,1,26.0,2.5999999046325684,1,-0.7278696659902353,0.2777552515938518,1,260.0,2025-12-31,monthly_walk_forward,小倉,芝,2860,8400000.0,10,grade:unknown|condition:19,110.0,,2500m～,冬,8.0-10.9M
2026-01-31,2026-0131-10-01-03-08,2022103624,ピアストイヤーズ,11,0,48.0,4.800000190734863,2,-0.1374907500015486,0.1580877702272515,1,0.0,2025-12-31,monthly_walk_forward,小倉,芝,1200,8200000.0,17,grade:unknown|condition:14,0.0,,～1200m,冬,8.0-10.9M
2026-01-31,2026-0131-10-01-03-09,2022105737,ミッキーマカパ,8,0,103.0,10.300000190734863,6,0.0299653173955393,0.194631597596386,1,0.0,2025-12-31,monthly_walk_forward,小倉,芝,1000,15800000.0,6,grade:E|condition:14,0.0,有田特別,～1200m,冬,11.0-15.9M
2026-01-31,2026-0131-10-01-03-10,2022105385,ステアハート,8,0,44.0,4.400000095367432,2,0.0482358109681073,0.172523574083207,1,0.0,2025-12-31,monthly_walk_forward,小倉,芝,1700,15800000.0,5,grade:E|condition:14,0.0,平尾台特別,1700～2000m,冬,11.0-15.9M
2026-01-31,2026-0131-10-01-03-11,2022102514,ベイビーキッス,8,0,71.0,7.099999904632568,1,0.3452614209764091,0.1280175656388171,1,0.0,2025-12-31,monthly_walk_forward,小倉,芝,1200,18700000.0,8,grade:E|condition:14,0.0,巌流島ステークス,～1200m,冬,16.0-24.9M
2026-01-31,2026-0131-10-01-03-12,2022104973,バズアップビート,10,0,38.0,3.799999952316284,1,0.3038890776403458,0.1876824338369331,1,0.0,2025-12-31,monthly_walk_forward,小倉,芝,2000,8200000.0,16,grade:unknown|condition:14,0.0,,1700～2000m,冬,8.0-10.9M
2026-02-01,2026-0201-05-01-02-04,2022104639,マックスキュー,4,0,23.0,2.299999952316284,1,0.2746490585675329,0.2120219089423266,1,0.0,2026-01-31,monthly_walk_forward,東京,芝,1400,8200000.0,6,grade:unknown|condition:14,0.0,,1300～1600m,冬,8.0-10.9M
2026-02-01,2026-0201-05-01-02-06,2021105688,セブンマイスター,2,0,26.0,2.5999999046325684,1,0.2770688005388139,0.2366269562776664,1,0.0,2026-01-31,monthly_walk_forward,東京,芝,1600,8200000.0,14,grade:unknown|condition:14,150.0,,1300～1600m,冬,8.0-10.9M
2026-02-01,2026-0201-05-01-02-07,2022105068,メディテラニアン,8,0,70.0,7.0,4,1.2543682407176684,0.2725161107038183,1,0.0,2026-01-31,monthly_walk_forward,東京,芝,2000,11900000.0,8,grade:unknown|condition:14,0.0,,1700～2000m,冬,11.0-15.9M
2026-02-01,2026-0201-05-01-02-08,2022102228,テーオーマルコーニ,3,0,17.0,1.7000000476837158,1,0.6333591816090589,0.2759610111424925,1,0.0,2026-01-31,monthly_walk_forward,東京,芝,2100,11900000.0,2,grade:unknown|condition:14,110.0,,2100～2400m,冬,11.0-15.9M
2026-02-01,2026-0201-05-01-02-09,2023107320,リスレジャンデール,7,0,36.0,3.5999999046325684,2,0.6114508412458293,0.1700864095540584,1,0.0,2026-01-31,monthly_walk_forward,東京,芝,1800,11400000.0,12,grade:E|condition:12,0.0,セントポーリア賞,1700～2000m,冬,11.0-15.9M
2026-02-01,2026-0201-05-01-02-10,2021105618,スマートワイス,4,0,40.0,4.0,1,1.0214113094427182,0.1460022246656846,1,0.0,2026-01-31,monthly_walk_forward,東京,芝,1400,18700000.0,3,grade:E|condition:14,0.0,節分ステークス,1300～1600m,冬,16.0-24.9M
2026-02-01,2026-0201-05-01-02-11,2020110024,ウェイワードアクト,7,0,50.0,5.0,3,1.2700214912052303,0.1756663852820069,1,0.0,2026-01-31,monthly_walk_forward,東京,芝,1400,40000000.0,1,grade:C|condition:14,0.0,根岸ステークス,1300～1600m,冬,25.0-49.9M
2026-02-01,2026-0201-08-02-02-06,2023107237,アンディラメナ,7,0,110.0,11.0,3,0.528577133674437,0.1466532495428898,1,0.0,2026-01-31,monthly_walk_forward,京都,芝,1400,8200000.0,15,grade:unknown|condition:12,0.0,,1300～1600m,冬,8.0-10.9M
2026-02-01,2026-0201-08-02-02-07,2022105439,ドラゴン,1,1,13.0,1.2999999523162842,1,0.0936757057902822,0.5264714186962642,1,130.0,2026-01-31,monthly_walk_forward,京都,芝,1800,8200000.0,3,grade:unknown|condition:14,100.0,,1700～2000m,冬,8.0-10.9M
2026-02-01,2026-0201-08-02-02-08,2021104945,ポンピエ,4,0,32.0,3.200000047683716,1,-0.7057504690778188,0.1592043194207665,1,0.0,2026-01-31,monthly_walk_forward,京都,芝,1400,8200000.0,5,grade:unknown|condition:14,0.0,,1300～1600m,冬,8.0-10.9M
2026-02-01,2026-0201-08-02-02-09,2022105791,ブルックリンダンス,7,0,35.0,3.5,2,0.620937366317678,0.2661847120974621,1,0.0,2026-01-31,monthly_walk_forward,京都,芝,1800,15800000.0,4,grade:E|condition:14,0.0,衣笠特別,1700～2000m,冬,11.0-15.9M
2026-02-01,2026-0201-08-02-02-10,2022107282,レクスノヴァス,2,0,35.0,3.5,2,1.30836909970798,0.2783868629754198,1,0.0,2026-01-31,monthly_walk_forward,京都,芝,2200,18700000.0,3,grade:E|condition:14,120.0,八坂ステークス,2100～2400m,冬,16.0-24.9M
2026-02-01,2026-0201-08-02-02-11,2019105859,エーティーマクフィ,8,0,94.0,9.399999618530272,4,0.7764672554277956,0.1032010070190297,1,0.0,2026-01-31,monthly_walk_forward,京都,芝,1200,41000000.0,12,grade:C|condition:14,0.0,シルクロードステークス,～1200m,冬,25.0-49.9M
2026-02-01,2026-0201-08-02-02-12,2022103345,ウォータークラーク,2,0,27.0,2.700000047683716,2,0.3534087002877165,0.2785947262323749,1,0.0,2026-01-31,monthly_walk_forward,京都,芝,1600,11900000.0,5,grade:unknown|condition:14,160.0,,1300～1600m,冬,11.0-15.9M
2026-02-01,2026-0201-10-01-04-03,2022104644,ペンテリコン,5,0,45.0,4.5,2,0.0413816006973008,0.258869674618814,1,0.0,2026-01-31,monthly_walk_forward,小倉,芝,1000,8200000.0,10,grade:unknown|condition:14,0.0,,～1200m,冬,8.0-10.9M
2026-02-01,2026-0201-10-01-04-04,2022104992,フェイトライン,10,0,71.0,7.099999904632568,3,-0.8356686893235661,0.1655487285253179,1,0.0,2026-01-31,monthly_walk_forward,小倉,芝,2860,8400000.0,8,grade:unknown|condition:19,0.0,,2500m～,冬,8.0-10.9M
2026-02-01,2026-0201-10-01-04-07,2022103619,タマモジャスミン,4,0,37.0,3.700000047683716,1,0.4043945682785325,0.2493474128099206,1,0.0,2026-01-31,monthly_walk_forward,小倉,芝,1700,8200000.0,10,grade:unknown|condition:14,0.0,,1700～2000m,冬,8.0-10.9M
2026-02-01,2026-0201-10-01-04-08,2022101230,インパクトシー,3,0,19.0,1.899999976158142,1,0.6930365986829168,0.2067004323984988,1,0.0,2026-01-31,monthly_walk_forward,小倉,芝,1800,8200000.0,5,grade:unknown|condition:14,120.0,,1700～2000m,冬,8.0-10.9M
2026-02-01,2026-0201-10-01-04-09,2022103271,ドマーネ,11,0,48.0,4.800000190734863,3,0.8284947296155768,0.4553833632262759,1,0.0,2026-01-31,monthly_walk_forward,小倉,芝,2600,11400000.0,11,grade:E|condition:14,0.0,足立山特別,2500m～,冬,11.0-15.9M
2026-02-01,2026-0201-10-01-04-10,2022110056,フードマン,11,0,56.0,5.599999904632568,2,0.2897777744024759,0.1854482482083396,1,0.0,2026-01-31,monthly_walk_forward,小倉,芝,1200,15800000.0,9,grade:E|condition:14,0.0,周防灘特別,～1200m,冬,11.0-15.9M
2026-02-01,2026-0201-10-01-04-11,2020105639,ハギノサステナブル,2,0,56.0,5.599999904632568,2,1.0263502854892603,0.221391139771487,1,0.0,2026-01-31,monthly_walk_forward,小倉,芝,1700,22000000.0,13,grade:E|condition:14,180.0,門司ステークス,1700～2000m,冬,16.0-24.9M
2026-02-01,2026-0201-10-01-04-12,2022101920,マグネシアブリック,17,0,78.0,7.800000190734863,3,-0.1353091596955107,0.1157083973707213,1,0.0,2026-01-31,monthly_walk_forward,小倉,芝,1200,8200000.0,6,grade:unknown|condition:14,0.0,,～1200m,冬,8.0-10.9M
2026-02-07,2026-0207-05-01-03-04,2021103226,ウエヲムイテゴラン,1,1,37.0,3.700000047683716,2,0.3043728907815896,0.1890475138113945,1,370.0,2026-01-31,monthly_walk_forward,東京,芝,1600,8200000.0,2,grade:unknown|condition:14,120.0,,1300～1600m,冬,8.0-10.9M
2026-02-07,2026-0207-05-01-03-07,2023110094,フルミネブル,2,0,32.0,3.200000047683716,2,0.4836185609717975,0.156334233688979,1,0.0,2026-01-31,monthly_walk_forward,東京,芝,1400,8200000.0,14,grade:unknown|condition:12,140.0,,1300～1600m,冬,8.0-10.9M
2026-02-07,2026-0207-08-02-03-06,2023101452,スマートジュリアス,1,1,71.0,7.099999904632568,3,0.6422732821411508,0.191914841590136,1,710.0,2026-01-31,monthly_walk_forward,京都,芝,1400,8200000.0,6,grade:unknown|condition:12,150.0,,1300～1600m,冬,8.0-10.9M
2026-02-07,2026-0207-08-02-03-07,2022100619,ロードガレリア,3,0,30.0,3.0,2,0.2501993314057377,0.2430670344641382,1,0.0,2026-01-31,monthly_walk_forward,京都,芝,2400,8200000.0,2,grade:unknown|condition:14,110.0,,2100～2400m,冬,8.0-10.9M
2026-02-07,2026-0207-08-02-03-08,2022105769,ヴァリディシームス,1,1,17.0,1.7000000476837158,1,0.6988283057345855,0.3275209385633837,1,170.0,2026-01-31,monthly_walk_forward,京都,芝,2000,11900000.0,7,grade:unknown|condition:14,110.0,,1700～2000m,冬,11.0-15.9M
2026-02-07,2026-0207-08-02-03-09,2022110151,ゲッティヴィラ,1,1,27.0,2.700000047683716,1,0.765978899662027,0.2590340649879994,1,270.0,2026-01-31,monthly_walk_forward,京都,芝,1200,18700000.0,8,grade:E|condition:14,140.0,橿原ステークス,～1200m,冬,16.0-24.9M
2026-02-07,2026-0207-08-02-03-10,2023104475,スウィートハピネス,1,1,22.0,2.200000047683716,1,0.6361634242993084,0.3125403909635323,1,220.0,2026-01-31,monthly_walk_forward,京都,芝,1600,21000000.0,4,grade:L|condition:12,110.0,エルフィンステークス,1300～1600m,冬,16.0-24.9M
2026-02-07,2026-0207-08-02-03-11,2022105979,ピカピカサンダー,13,0,78.0,7.800000190734863,5,1.688061779200118,0.247165874505253,1,0.0,2026-01-31,monthly_walk_forward,京都,芝,1900,22000000.0,3,grade:E|condition:14,0.0,アルデバランステークス,1700～2000m,冬,16.0-24.9M
2026-02-07,2026-0207-08-02-03-12,2022102716,サンマルノヴェル,2,0,32.0,3.200000047683716,1,-0.1510861685989841,0.2200178452081817,1,0.0,2026-01-31,monthly_walk_forward,京都,芝,1200,8200000.0,7,grade:unknown|condition:14,130.0,,～1200m,冬,8.0-10.9M
2026-02-07,2026-0207-10-01-05-04,2020104881,ケイアイサンデラ,11,0,120.0,12.0,6,-0.1144791139176585,0.2698111675279684,1,0.0,2026-01-31,monthly_walk_forward,小倉,芝,2860,8400000.0,6,grade:unknown|condition:19,0.0,,2500m～,冬,8.0-10.9M
2026-02-07,2026-0207-10-01-05-05,2021106621,ハイウェイスター,2,0,43.0,4.300000190734863,2,-0.3754954572124808,0.26380085880948,1,0.0,2026-01-31,monthly_walk_forward,小倉,芝,2860,8400000.0,8,grade:unknown|condition:19,130.0,,2500m～,冬,8.0-10.9M
2026-02-07,2026-0207-10-01-05-07,2022100626,フィオレストラーダ,13,0,60.0,6.0,2,0.1827058002432984,0.1594898198349558,1,0.0,2026-01-31,monthly_walk_forward,小倉,芝,2000,8200000.0,4,grade:unknown|condition:14,0.0,,1700～2000m,冬,8.0-10.9M
2026-02-07,2026-0207-10-01-05-08,2022106010,モズタチアガレ,7,0,26.0,2.5999999046325684,1,0.0614462114424048,0.3241405724578349,1,0.0,2026-01-31,monthly_walk_forward,小倉,芝,1700,8200000.0,4,grade:unknown|condition:14,0.0,,1700～2000m,冬,8.0-10.9M
2026-02-07,2026-0207-10-01-05-09,2022101608,オーシンエス,13,0,98.0,9.800000190734863,5,-0.069482525602133,0.1701485822319996,1,0.0,2026-01-31,monthly_walk_forward,小倉,芝,2000,11400000.0,4,grade:E|condition:14,0.0,戸畑特別,1700～2000m,冬,11.0-15.9M
2026-02-07,2026-0207-10-01-05-10,2022104784,ルクスジニア,7,0,58.0,5.800000190734863,3,0.0772978396297206,0.1467830075021709,1,0.0,2026-01-31,monthly_walk_forward,小倉,芝,1800,15800000.0,3,grade:E|condition:14,0.0,ＲＫＢ賞,1700～2000m,冬,11.0-15.9M
2026-02-07,2026-0207-10-01-05-11,2022105262,カペルブリュッケ,1,1,47.0,4.699999809265137,1,0.6533372107089194,0.1828688416730361,1,470.0,2026-01-31,monthly_walk_forward,小倉,芝,1700,18700000.0,15,grade:E|condition:14,180.0,豊前ステークス,1700～2000m,冬,16.0-24.9M
2026-02-07,2026-0207-10-01-05-12,2022103473,ベルサ,11,0,39.0,3.900000095367432,1,0.2373212666602795,0.1883046076467802,1,0.0,2026-01-31,monthly_walk_forward,小倉,芝,1200,8200000.0,15,grade:unknown|condition:14,0.0,,～1200m,冬,8.0-10.9M
2026-02-08,2026-0208-10-01-06-03,2022101864,マオノクラッシュ,4,0,31.0,3.0999999046325684,1,-0.01685490030206,0.2482621431123396,1,0.0,2026-01-31,monthly_walk_forward,小倉,芝,1000,8200000.0,3,grade:unknown|condition:14,0.0,,～1200m,冬,8.0-10.9M
2026-02-08,2026-0208-10-01-06-07,2022104624,アロマフェリス,6,0,37.0,3.700000047683716,1,0.0992457304197182,0.2741876342177481,1,0.0,2026-01-31,monthly_walk_forward,小倉,芝,1700,8200000.0,12,grade:unknown|condition:14,0.0,,1700～2000m,冬,8.0-10.9M
2026-02-08,2026-0208-10-01-06-08,2022105250,エアビッグマム,1,1,35.0,3.5,1,0.0238265511736152,0.1552889833742693,1,350.0,2026-01-31,monthly_walk_forward,小倉,芝,1800,8200000.0,3,grade:unknown|condition:14,130.0,,1700～2000m,冬,8.0-10.9M
2026-02-08,2026-0208-10-01-06-09,2023103980,ポペット,9,0,55.0,5.5,2,0.3341000040116019,0.1530499988185023,1,0.0,2026-01-31,monthly_walk_forward,小倉,芝,1200,11400000.0,14,grade:E|condition:12,0.0,かささぎ賞,～1200m,冬,11.0-15.9M
2026-02-08,2026-0208-10-01-06-10,2022102905,ディアウス,2,0,78.0,7.800000190734863,5,0.3255212007519191,0.1761004460226081,1,0.0,2026-01-31,monthly_walk_forward,小倉,芝,1700,15800000.0,10,grade:E|condition:14,270.0,由布院特別,1700～2000m,冬,11.0-15.9M
2026-02-08,2026-0208-10-01-06-11,2019105193,バトルボーン,3,0,44.0,4.400000095367432,2,0.965376960669857,0.2669095607185189,1,0.0,2026-01-31,monthly_walk_forward,小倉,芝,2000,24000000.0,4,grade:E|condition:14,190.0,小倉日経賞,1700～2000m,冬,16.0-24.9M
2026-02-08,2026-0208-10-01-06-12,2022106912,ヴァージル,7,0,45.0,4.5,2,0.198305118151465,0.1789282401902797,1,0.0,2026-01-31,monthly_walk_forward,小倉,芝,1200,8200000.0,2,grade:unknown|condition:14,0.0,,～1200m,冬,8.0-10.9M
2026-02-10,2026-0210-05-01-04-07,2021105670,ベストミーエヴァー,2,0,18.0,1.7999999523162842,1,0.7206428633013842,0.2005331198322067,1,0.0,2026-01-31,monthly_walk_forward,東京,芝,1800,11900000.0,2,grade:unknown|condition:14,110.0,,1700～2000m,冬,11.0-15.9M
2026-02-10,2026-0210-05-01-04-08,2022103211,フェデラー,6,0,57.0,5.699999809265137,4,0.559683397204193,0.2144578548701008,1,0.0,2026-01-31,monthly_walk_forward,東京,芝,1300,11900000.0,3,grade:unknown|condition:14,0.0,,1300～1600m,冬,11.0-15.9M
2026-02-10,2026-0210-05-01-04-09,2023103907,スカイスプレンダー,1,1,34.0,3.4000000953674316,2,0.1668313879035911,0.1925745572073793,1,340.0,2026-01-31,monthly_walk_forward,東京,芝,2400,11400000.0,6,grade:E|condition:12,160.0,ゆりかもめ賞,2100～2400m,冬,11.0-15.9M
2026-02-10,2026-0210-05-01-04-10,2022105157,ルージュソリテール,2,0,74.0,7.400000095367432,3,0.962045422795776,0.1910011820458161,1,0.0,2026-01-31,monthly_walk_forward,東京,芝,1800,18700000.0,9,grade:E|condition:14,350.0,初音ステークス,1700～2000m,冬,16.0-24.9M
2026-02-10,2026-0210-05-01-04-11,2021105454,ブエナオンダ,15,0,232.0,23.200000762939453,8,1.0419016008082362,0.1166615155661928,1,0.0,2026-01-31,monthly_walk_forward,東京,芝,1600,41000000.0,16,grade:C|condition:14,0.0,東京新聞杯,1300～1600m,冬,25.0-49.9M
2026-02-10,2026-0210-05-01-04-12,2022107272,ピコレッド,3,0,27.0,2.700000047683716,1,0.0639120910324819,0.25408914178587,1,0.0,2026-01-31,monthly_walk_forward,東京,芝,1300,8200000.0,6,grade:unknown|condition:14,140.0,,1300～1600m,冬,8.0-10.9M
2026-02-10,2026-0210-08-02-04-04,2022102710,エイユーファイヤー,4,0,47.0,4.699999809265137,3,0.0788353582857234,0.2709902487042697,1,0.0,2026-01-31,monthly_walk_forward,京都,芝,1800,8200000.0,1,grade:unknown|condition:14,0.0,,1700～2000m,冬,8.0-10.9M
2026-02-10,2026-0210-08-02-04-07,2022102906,オリジナルファイン,4,0,31.0,3.0999999046325684,1,0.1281780753887507,0.2470654784330617,1,0.0,2026-01-31,monthly_walk_forward,京都,芝,1800,8200000.0,5,grade:unknown|condition:14,0.0,,1700～2000m,冬,8.0-10.9M
2026-02-10,2026-0210-08-02-04-08,2022102939,アオイレーギーナ,2,0,52.0,5.199999809265137,3,0.5289283913569264,0.1944759292676758,1,0.0,2026-01-31,monthly_walk_forward,京都,芝,1200,11900000.0,2,grade:unknown|condition:14,170.0,,～1200m,冬,11.0-15.9M
2026-02-10,2026-0210-08-02-04-09,2022105696,サヴォンリンナ,7,0,97.0,9.699999809265137,6,0.6775824117520268,0.1656291094693009,1,0.0,2026-01-31,monthly_walk_forward,京都,芝,1600,18700000.0,9,grade:E|condition:14,0.0,石清水ステークス,1300～1600m,冬,16.0-24.9M
2026-02-10,2026-0210-08-02-04-10,2022110142,ファムエレガンテ,15,0,37.0,3.700000047683716,1,1.1706334332262105,0.1922026233593794,1,0.0,2026-01-31,monthly_walk_forward,京都,芝,1200,22000000.0,3,grade:E|condition:14,0.0,大和ステークス,～1200m,冬,16.0-24.9M
2026-02-10,2026-0210-08-02-04-11,2023106850,ゾロアストロ,1,1,35.0,3.5,1,0.681662837364933,0.2017884443113206,1,350.0,2026-01-31,monthly_walk_forward,京都,芝,1800,41000000.0,1,grade:C|condition:12,130.0,きさらぎ賞,1700～2000m,冬,25.0-49.9M
2026-02-10,2026-0210-08-02-04-12,2022105302,ヴリトラハン,4,0,23.0,2.299999952316284,1,0.5477564248878559,0.2011628908704865,1,0.0,2026-01-31,monthly_walk_forward,京都,芝,1200,11900000.0,6,grade:unknown|condition:14,0.0,,～1200m,冬,11.0-15.9M
2026-02-14,2026-0214-05-01-05-02,2022105022,ライノ,1,1,22.0,2.200000047683716,1,-0.1110946638690975,0.1899070842277646,1,220.0,2026-01-31,monthly_walk_forward,東京,芝,2100,8200000.0,5,grade:unknown|condition:14,130.0,,2100～2400m,冬,8.0-10.9M
2026-02-14,2026-0214-05-01-05-07,2023106883,グリオンヴール,3,0,23.0,2.299999952316284,1,0.7520643871967992,0.1630019937258057,1,0.0,2026-01-31,monthly_walk_forward,東京,芝,1400,8200000.0,4,grade:unknown|condition:12,160.0,,1300～1600m,冬,8.0-10.9M
2026-02-14,2026-0214-05-01-05-08,2022110117,チュウワチーフ,7,0,96.0,9.600000381469728,4,0.5246743886982855,0.1636459784196744,1,0.0,2026-01-31,monthly_walk_forward,東京,芝,1600,11900000.0,5,grade:unknown|condition:14,0.0,,1300～1600m,冬,11.0-15.9M
2026-02-14,2026-0214-05-01-05-09,2022105466,レッドバンデ,1,1,18.0,1.7999999523162842,1,1.3354577375817545,0.5266312271408805,1,180.0,2026-01-31,monthly_walk_forward,東京,芝,2400,15800000.0,7,grade:E|condition:14,100.0,箱根特別,2100～2400m,冬,11.0-15.9M
2026-02-14,2026-0214-05-01-05-10,2022101703,ベンヌ,11,0,42.0,4.199999809265137,2,0.8721736296339323,0.1631698893283134,1,0.0,2026-01-31,monthly_walk_forward,東京,芝,1400,18700000.0,7,grade:E|condition:14,0.0,銀蹄ステークス,1300～1600m,冬,16.0-24.9M
2026-02-14,2026-0214-05-01-05-11,2023105141,ニシノサリーナ,15,0,158.0,15.800000190734863,6,0.643251849032775,0.123053139477775,1,0.0,2026-01-31,monthly_walk_forward,東京,芝,1600,38000000.0,6,grade:C|condition:12,0.0,デイリー杯クイーンカップ,1300～1600m,冬,25.0-49.9M
2026-02-14,2026-0214-05-01-05-12,2022105131,キューティリップ,12,0,57.0,5.699999809265137,2,0.6070567420287194,0.1686871193235053,1,0.0,2026-01-31,monthly_walk_forward,東京,芝,1600,8200000.0,4,grade:unknown|condition:14,0.0,,1300～1600m,冬,8.0-10.9M
2026-02-14,2026-0214-08-02-05-07,2022100333,タケルハーロック,9,0,31.0,3.0999999046325684,1,0.5024259468250376,0.2184766171646065,1,0.0,2026-01-31,monthly_walk_forward,京都,芝,1400,8200000.0,5,grade:unknown|condition:14,0.0,,1300～1600m,冬,8.0-10.9M
2026-02-14,2026-0214-08-02-05-08,2022106644,ロカヒ,1,1,23.0,2.299999952316284,1,0.1317356244119546,0.1983220012021336,1,230.0,2026-01-31,monthly_walk_forward,京都,芝,1900,11900000.0,1,grade:unknown|condition:14,140.0,,1700～2000m,冬,11.0-15.9M
2026-02-14,2026-0214-08-02-05-09,2023103474,アイガーリー,11,0,76.0,7.599999904632568,5,0.515834479967733,0.1676591280023416,1,0.0,2026-01-31,monthly_walk_forward,京都,芝,1600,11400000.0,7,grade:E|condition:12,0.0,こぶし賞,1300～1600m,冬,11.0-15.9M
2026-02-14,2026-0214-08-02-05-10,2022105109,ミラージュナイト,1,1,22.0,2.200000047683716,1,0.9534876125356488,0.1729109060487176,1,220.0,2026-01-31,monthly_walk_forward,京都,芝,2000,18700000.0,2,grade:E|condition:14,120.0,飛鳥ステークス,1700～2000m,冬,16.0-24.9M
2026-02-14,2026-0214-08-02-05-11,2021102013,ソルトクィーン,8,0,69.0,6.900000095367432,3,0.8870509152194822,0.1617078099716351,1,0.0,2026-01-31,monthly_walk_forward,京都,芝,1600,27000000.0,5,grade:L|condition:14,0.0,洛陽ステークス,1300～1600m,冬,25.0-49.9M
2026-02-14,2026-0214-08-02-05-12,2022101656,チムニーパイプ,8,0,44.0,4.400000095367432,1,-0.5018535786810844,0.1718818894280415,1,0.0,2026-01-31,monthly_walk_forward,京都,芝,1200,8200000.0,9,grade:unknown|condition:14,0.0,,～1200m,冬,8.0-10.9M
2026-02-14,2026-0214-10-01-07-04,2022101461,セイフウサツキ,3,0,30.0,3.0,1,-0.4660644221809289,0.2292970037737151,1,0.0,2026-01-31,monthly_walk_forward,小倉,芝,2860,8400000.0,3,grade:unknown|condition:19,130.0,,2500m～,冬,8.0-10.9M
2026-02-14,2026-0214-10-01-07-06,2022103058,ノボリリア,7,0,33.0,3.299999952316284,1,0.4083434215594994,0.2062551269575141,1,0.0,2026-01-31,monthly_walk_forward,小倉,芝,1200,8200000.0,12,grade:unknown|condition:14,0.0,,～1200m,冬,8.0-10.9M
2026-02-14,2026-0214-10-01-07-07,2022103619,タマモジャスミン,1,1,41.0,4.099999904632568,1,0.149483922720423,0.1938725784623298,1,410.0,2026-01-31,monthly_walk_forward,小倉,芝,1700,8200000.0,16,grade:unknown|condition:14,170.0,,1700～2000m,冬,8.0-10.9M
2026-02-14,2026-0214-10-01-07-08,2018103308,ジューンベロシティ,2,0,13.0,1.2999999523162842,1,0.1555379465384816,0.2104865790030967,1,0.0,2026-01-31,monthly_walk_forward,小倉,芝,3390,30000000.0,1,grade:H|condition:19,110.0,小倉ジャンプステークス,2500m～,冬,25.0-49.9M
2026-02-14,2026-0214-10-01-07-09,2023104996,キッコベッロ,2,0,23.0,2.299999952316284,1,0.7975262446235053,0.2921971182504425,1,0.0,2026-01-31,monthly_walk_forward,小倉,芝,2000,11400000.0,4,grade:E|condition:12,110.0,あすなろ賞,1700～2000m,冬,11.0-15.9M
2026-02-14,2026-0214-10-01-07-10,2022110087,ララアヴリル,4,0,56.0,5.599999904632568,3,0.0003533142969856,0.1961244784910318,1,0.0,2026-01-31,monthly_walk_forward,小倉,芝,1000,15800000.0,1,grade:E|condition:14,0.0,伊万里特別,～1200m,冬,11.0-15.9M
2026-02-14,2026-0214-10-01-07-11,2021107180,ジュンヴァンケット,8,0,124.0,12.399999618530272,7,0.6161116911238874,0.163986330558496,1,0.0,2026-01-31,monthly_walk_forward,小倉,芝,1200,18700000.0,18,grade:E|condition:14,0.0,下関ステークス,～1200m,冬,16.0-24.9M
2026-02-14,2026-0214-10-01-07-12,2022105345,シンゼンカガ,1,1,24.0,2.4000000953674316,1,0.1146327904415861,0.2604256848268721,1,240.0,2026-01-31,monthly_walk_forward,小倉,芝,1800,8200000.0,12,grade:unknown|condition:14,140.0,,1700～2000m,冬,8.0-10.9M
2026-02-15,2026-0215-05-01-06-04,2023101383,ガンダ,3,0,48.0,4.800000190734863,2,0.2968149910581435,0.1607049386087637,1,0.0,2026-01-31,monthly_walk_forward,東京,芝,1600,8200000.0,1,grade:unknown|condition:12,170.0,,1300～1600m,冬,8.0-10.9M
2026-02-15,2026-0215-05-01-06-06,2022105633,ノラリクラリ,4,0,18.0,1.7999999523162842,1,0.4518741771199611,0.2292037006275871,1,0.0,2026-01-31,monthly_walk_forward,東京,芝,2400,8200000.0,4,grade:unknown|condition:14,0.0,,2100～2400m,冬,8.0-10.9M
2026-02-15,2026-0215-05-01-06-07,2022100702,ポッドベル,1,1,56.0,5.599999904632568,4,-0.2142886937700559,0.1742614115051215,1,560.0,2026-01-31,monthly_walk_forward,東京,芝,1400,8200000.0,1,grade:unknown|condition:14,200.0,,1300～1600m,冬,8.0-10.9M
2026-02-15,2026-0215-05-01-06-08,2022105070,ジャサルディア,3,0,25.0,2.5,1,0.8677016487370544,0.1997572080288277,1,0.0,2026-01-31,monthly_walk_forward,東京,芝,1600,11900000.0,10,grade:unknown|condition:14,130.0,,1300～1600m,冬,11.0-15.9M
2026-02-15,2026-0215-05-01-06-09,2021110030,アンパドゥ,7,0,31.0,3.0999999046325684,1,1.5681478302845484,0.210184354232705,1,0.0,2026-01-31,monthly_walk_forward,東京,芝,1600,18700000.0,14,grade:E|condition:14,0.0,雲雀ステークス,1300～1600m,冬,16.0-24.9M
2026-02-15,2026-0215-05-01-06-10,2021106587,エストレヤデベレン,11,0,60.0,6.0,3,1.1453325825934817,0.1684424681477715,1,0.0,2026-01-31,monthly_walk_forward,東京,芝,1400,22000000.0,11,grade:E|condition:14,0.0,バレンタインステークス,1300～1600m,冬,16.0-24.9M
2026-02-15,2026-0215-05-01-06-11,2023107089,ロブチェン,3,0,42.0,4.199999809265137,3,1.164535499131631,0.2639120902288135,1,0.0,2026-01-31,monthly_walk_forward,東京,芝,1800,41000000.0,6,grade:C|condition:12,150.0,共同通信杯,1700～2000m,冬,25.0-49.9M
2026-02-15,2026-0215-05-01-06-12,2022106639,モーニングマジック,2,0,30.0,3.0,1,0.4174891074571409,0.1901249239010819,1,0.0,2026-01-31,monthly_walk_forward,東京,芝,1400,11900000.0,13,grade:unknown|condition:14,130.0,,1300～1600m,冬,11.0-15.9M
2026-02-15,2026-0215-08-02-06-04,2023110038,ダノンバーボン,1,1,19.0,1.899999976158142,1,0.7196083705599449,0.2294160534130307,1,190.0,2026-01-31,monthly_walk_forward,京都,芝,1900,8200000.0,8,grade:unknown|condition:12,110.0,,1700～2000m,冬,8.0-10.9M
2026-02-15,2026-0215-08-02-06-07,2022102223,サイモンシュバリエ,4,0,27.0,2.700000047683716,1,0.6493901582179833,0.3149196403845175,1,0.0,2026-01-31,monthly_walk_forward,京都,芝,1800,8200000.0,12,grade:unknown|condition:14,0.0,,1700～2000m,冬,8.0-10.9M
2026-02-15,2026-0215-08-02-06-08,2020102539,アレンテージョ,7,0,26.0,2.5999999046325684,1,0.0686005171732718,0.2517882258293772,1,0.0,2026-01-31,monthly_walk_forward,京都,芝,2000,8200000.0,11,grade:unknown|condition:14,0.0,,1700～2000m,冬,8.0-10.9M
2026-02-15,2026-0215-08-02-06-09,2022105140,ネブラディスク,1,1,17.0,1.7000000476837158,1,1.28298675029298,0.3234423447528408,1,170.0,2026-01-31,monthly_walk_forward,京都,芝,1800,15800000.0,8,grade:E|condition:14,110.0,春日特別,1700～2000m,冬,11.0-15.9M
2026-02-15,2026-0215-08-02-06-10,2022105722,グランドプラージュ,1,1,13.0,1.2999999523162842,1,1.7472454450021406,0.4204277816653511,1,130.0,2026-01-31,monthly_walk_forward,京都,芝,1800,18700000.0,10,grade:E|condition:14,100.0,北山ステークス,1700～2000m,冬,16.0-24.9M
2026-02-15,2026-0215-08-02-06-11,2021105521,ヘデントール,8,0,38.0,3.799999952316284,2,1.485483274964885,0.295407570633481,1,0.0,2026-01-31,monthly_walk_forward,京都,芝,2200,62000000.0,1,grade:B|condition:14,0.0,京都記念,2100～2400m,冬,50M+
2026-02-15,2026-0215-08-02-06-12,2022101127,ルクスデイジー,1,1,28.0,2.799999952316284,1,0.4234441357056727,0.1896093690550078,1,280.0,2026-01-31,monthly_walk_forward,京都,芝,1200,11900000.0,4,grade:unknown|condition:14,140.0,,～1200m,冬,11.0-15.9M
2026-02-15,2026-0215-10-01-08-03,2020102592,アフトクラーティラ,8,0,73.0,7.300000190734863,4,-0.0622725914047982,0.1948404403172222,1,0.0,2026-01-31,monthly_walk_forward,小倉,芝,1000,8200000.0,1,grade:unknown|condition:14,0.0,,～1200m,冬,8.0-10.9M
2026-02-15,2026-0215-10-01-08-04,2021102388,カイコウ,5,0,30.0,3.0,1,0.0773949841485723,0.2592195208331355,1,0.0,2026-01-31,monthly_walk_forward,小倉,芝,2860,8400000.0,9,grade:unknown|condition:19,0.0,,2500m～,冬,8.0-10.9M
2026-02-15,2026-0215-10-01-08-06,2022106828,マイネルゼウス,3,0,50.0,5.0,3,0.2001575647416182,0.2091753949038455,1,0.0,2026-01-31,monthly_walk_forward,小倉,芝,2000,8200000.0,14,grade:unknown|condition:14,150.0,,1700～2000m,冬,8.0-10.9M
2026-02-15,2026-0215-10-01-08-07,2022105839,アスクデッドヒート,2,0,56.0,5.599999904632568,3,0.0012412285420553,0.1486592998046322,1,0.0,2026-01-31,monthly_walk_forward,小倉,芝,2600,8200000.0,5,grade:unknown|condition:14,190.0,,2500m～,冬,8.0-10.9M
2026-02-15,2026-0215-10-01-08-08,2022102383,ニヒトツーゼーア,6,0,38.0,3.799999952316284,1,-0.0720932692375087,0.1688314202749551,1,0.0,2026-01-31,monthly_walk_forward,小倉,芝,2400,8200000.0,4,grade:unknown|condition:14,0.0,,2100～2400m,冬,8.0-10.9M
2026-02-15,2026-0215-10-01-08-09,2022104748,ウィルサヴァイブ,4,0,25.0,2.5,1,0.6118092654292703,0.3089462768260793,1,0.0,2026-01-31,monthly_walk_forward,小倉,芝,2000,15800000.0,7,grade:E|condition:14,0.0,太宰府特別,1700～2000m,冬,11.0-15.9M
2026-02-15,2026-0215-10-01-08-10,2022100632,ハリウッドメモリー,5,0,41.0,4.099999904632568,1,0.2770472626371579,0.1635630536092591,1,0.0,2026-01-31,monthly_walk_forward,小倉,芝,1200,15800000.0,7,grade:E|condition:14,0.0,大濠特別,～1200m,冬,11.0-15.9M
2026-02-15,2026-0215-10-01-08-11,2020103434,カルロヴェローチェ,16,0,43.0,4.300000190734863,2,0.8159381271054162,0.1533990273172401,1,0.0,2026-01-31,monthly_walk_forward,小倉,芝,1200,23000000.0,11,grade:E|condition:14,0.0,北九州短距離ステークス,～1200m,冬,16.0-24.9M
2026-02-15,2026-0215-10-01-08-12,2022102394,マーウォルス,1,1,37.0,3.700000047683716,1,-0.3669105147352715,0.2107045722341378,1,370.0,2026-01-31,monthly_walk_forward,小倉,芝,1700,8200000.0,12,grade:unknown|condition:14,160.0,,1700～2000m,冬,8.0-10.9M
2026-02-21,2026-0221-05-01-07-02,2023104053,マカイゾウ,12,0,385.0,38.5,11,0.2539192609761165,0.127398843231778,1,0.0,2026-01-31,monthly_walk_forward,東京,芝,1400,8200000.0,14,grade:unknown|condition:12,0.0,,1300～1600m,冬,8.0-10.9M
2026-02-21,2026-0221-05-01-07-07,2021100337,ゼンカイパイロ,8,0,43.0,4.300000190734863,2,0.3729358994369348,0.2859990256700573,1,0.0,2026-01-31,monthly_walk_forward,東京,芝,1400,8200000.0,14,grade:unknown|condition:14,0.0,,1300～1600m,冬,8.0-10.9M
2026-02-21,2026-0221-05-01-07-08,2022105991,レッドキングリー,4,0,17.0,1.7000000476837158,1,1.052259302714182,0.270351194754413,1,0.0,2026-01-31,monthly_walk_forward,東京,芝,1800,11900000.0,10,grade:unknown|condition:14,0.0,,1700～2000m,冬,11.0-15.9M
2026-02-21,2026-0221-05-01-07-09,2023104224,リッツパーティー,4,0,41.0,4.099999904632568,3,0.2441510516730267,0.2943374520902227,1,0.0,2026-01-31,monthly_walk_forward,東京,芝,2000,11400000.0,1,grade:E|condition:12,0.0,フリージア賞,1700～2000m,冬,11.0-15.9M
2026-02-21,2026-0221-05-01-07-10,2022105710,ジーティーダーリン,14,0,19.0,1.899999976158142,1,0.5013816247299421,0.175935023594003,1,0.0,2026-01-31,monthly_walk_forward,東京,芝,2100,18700000.0,14,grade:E|condition:14,0.0,金蹄ステークス,2100～2400m,冬,16.0-24.9M
2026-02-21,2026-0221-05-01-07-11,2021105829,スティンガーグラス,1,1,30.0,3.0,1,1.1322781539574025,0.2064047469768957,1,300.0,2026-01-31,monthly_walk_forward,東京,芝,3400,43000000.0,13,grade:C|condition:14,150.0,ダイヤモンドステークス,2500m～,冬,25.0-49.9M
2026-02-21,2026-0221-05-01-07-12,2022100994,ルヴァレドクール,1,1,26.0,2.5999999046325684,1,0.6010320872768169,0.1999946470634986,1,260.0,2026-01-31,monthly_walk_forward,東京,芝,1600,8200000.0,12,grade:unknown|condition:14,150.0,,1300～1600m,冬,8.0-10.9M
2026-02-21,2026-0221-09-01-01-07,2022100476,ザックザク,1,1,21.0,2.0999999046325684,1,0.1774634168839798,0.2166972717159341,1,210.0,2026-01-31,monthly_walk_forward,阪神,芝,1400,8200000.0,10,grade:unknown|condition:14,110.0,,1300～1600m,冬,8.0-10.9M
2026-02-21,2026-0221-09-01-01-08,2023105223,アーレムアレス,2,0,20.0,2.0,1,0.5273520815353155,0.2712032673851571,1,0.0,2026-01-31,monthly_walk_forward,阪神,芝,2200,21000000.0,2,grade:L|condition:12,120.0,すみれステークス,2100～2400m,冬,16.0-24.9M
2026-02-21,2026-0221-09-01-01-09,2022105871,レッドフェルメール,1,1,28.0,2.799999952316284,1,0.4130390367343594,0.1600029675558971,1,280.0,2026-01-31,monthly_walk_forward,阪神,芝,1600,8200000.0,13,grade:unknown|condition:14,140.0,,1300～1600m,冬,8.0-10.9M
2026-02-21,2026-0221-09-01-01-10,2022103680,ラファル,8,0,53.0,5.300000190734863,4,0.7824448042374669,0.1548265396410916,1,0.0,2026-01-31,monthly_walk_forward,阪神,芝,1400,18700000.0,1,grade:E|condition:14,0.0,鳴門ステークス,1300～1600m,冬,16.0-24.9M
2026-02-21,2026-0221-09-01-01-11,2022104933,ディアナザール,4,0,68.0,6.800000190734863,3,1.1045090873677064,0.1516656261952707,1,0.0,2026-01-31,monthly_walk_forward,阪神,芝,1400,43000000.0,8,grade:C|condition:14,0.0,阪急杯,1300～1600m,冬,25.0-49.9M
2026-02-21,2026-0221-09-01-01-12,2022102722,ドゥラエテルノ,4,0,27.0,2.700000047683716,1,0.921827821012516,0.3474912539334181,1,0.0,2026-01-31,monthly_walk_forward,阪神,芝,1800,11900000.0,10,grade:unknown|condition:14,0.0,,1700～2000m,冬,11.0-15.9M
2026-02-21,2026-0221-10-01-09-04,2019101889,コンバスチョン,1,1,21.0,2.0999999046325684,1,0.0294620478043591,0.3623322508210939,1,210.0,2026-01-31,monthly_walk_forward,小倉,芝,2860,8400000.0,12,grade:unknown|condition:19,110.0,,2500m～,冬,8.0-10.9M
2026-02-21,2026-0221-10-01-09-05,2020106654,スズカハービン,1,1,21.0,2.0999999046325684,1,0.045153188259922,0.2494317862554104,1,210.0,2026-01-31,monthly_walk_forward,小倉,芝,3390,14300000.0,11,grade:unknown|condition:19,110.0,,2500m～,冬,11.0-15.9M
2026-02-21,2026-0221-10-01-09-07,2022105695,ディニテ,8,0,44.0,4.400000095367432,2,0.228126824183089,0.2561162873896977,1,0.0,2026-01-31,monthly_walk_forward,小倉,芝,1700,8200000.0,13,grade:unknown|condition:14,0.0,,1700～2000m,冬,8.0-10.9M
2026-02-21,2026-0221-10-01-09-08,2020102926,フォーカルフラワー,6,0,40.0,4.0,1,0.1860274141903567,0.1777435745735447,1,0.0,2026-01-31,monthly_walk_forward,小倉,芝,1800,8200000.0,11,grade:unknown|condition:14,0.0,,1700～2000m,冬,8.0-10.9M
2026-02-21,2026-0221-10-01-09-09,2023102577,アンジュプロミス,1,1,66.0,6.599999904632568,2,0.1049650151600078,0.1946879348022059,1,660.0,2026-01-31,monthly_walk_forward,小倉,芝,1200,11400000.0,3,grade:E|condition:12,130.0,あざみ賞,～1200m,冬,11.0-15.9M
2026-02-21,2026-0221-10-01-09-10,2021105503,クルミナーレ,6,0,25.0,2.5,1,0.6197414093814494,0.2050583270143833,1,0.0,2026-01-31,monthly_walk_forward,小倉,芝,2600,15800000.0,14,grade:E|condition:14,0.0,皿倉山特別,2500m～,冬,11.0-15.9M
2026-02-21,2026-0221-10-01-09-11,2022102885,ドゥラリス,10,0,41.0,4.099999904632568,1,0.6470716368639439,0.2005221466696897,1,0.0,2026-01-31,monthly_walk_forward,小倉,芝,1700,18700000.0,11,grade:E|condition:14,0.0,小倉城ステークス,1700～2000m,冬,16.0-24.9M
2026-02-21,2026-0221-10-01-09-12,2022106389,ベルビースタローン,1,1,36.0,3.5999999046325684,1,-0.2203192431109792,0.1170413441493017,1,360.0,2026-01-31,monthly_walk_forward,小倉,芝,1200,8200000.0,9,grade:unknown|condition:14,180.0,,～1200m,冬,8.0-10.9M
2026-02-22,2026-0222-05-01-08-05,2023101566,フジガイフウ,3,0,36.0,3.5999999046325684,2,0.838496721825745,0.2134694201941933,1,0.0,2026-01-31,monthly_walk_forward,東京,芝,1600,8200000.0,2,grade:unknown|condition:12,110.0,,1300～1600m,冬,8.0-10.9M
2026-02-22,2026-0222-05-01-08-06,2022105078,ミッキーマドンナ,3,0,32.0,3.200000047683716,2,0.8589016899118708,0.211239699787618,1,0.0,2026-01-31,monthly_walk_forward,東京,芝,1800,8200000.0,1,grade:unknown|condition:14,140.0,,1700～2000m,冬,8.0-10.9M
2026-02-22,2026-0222-05-01-08-07,2022102039,サノノワンダー,6,0,40.0,4.0,2,0.8983015522621278,0.1673535435135661,1,0.0,2026-01-31,monthly_walk_forward,東京,芝,2100,11900000.0,5,grade:unknown|condition:14,0.0,,2100～2400m,冬,11.0-15.9M
2026-02-22,2026-0222-05-01-08-08,2022106322,フェアリーライク,6,0,89.0,8.899999618530273,3,1.1627699789558263,0.1654364649379502,1,0.0,2026-01-31,monthly_walk_forward,東京,芝,1400,11900000.0,2,grade:unknown|condition:14,0.0,,1300～1600m,冬,11.0-15.9M
2026-02-22,2026-0222-05-01-08-09,2023110061,アルカディアカフェ,6,0,17.0,1.7000000476837158,1,0.5618896613750353,0.2697958066908708,1,0.0,2026-01-31,monthly_walk_forward,東京,芝,1600,20000000.0,10,grade:L|condition:12,0.0,ヒヤシンスステークス,1300～1600m,冬,16.0-24.9M
2026-02-22,2026-0222-05-01-08-10,2022104094,サクラファレル,1,1,24.0,2.4000000953674316,1,1.1478838415541646,0.1492631872586639,1,240.0,2026-01-31,monthly_walk_forward,東京,芝,2000,18700000.0,8,grade:E|condition:14,130.0,ジャパンカップ２０２５年ロンジンワールドベストレース受賞記念,1700～2000m,冬,16.0-24.9M
2026-02-22,2026-0222-05-01-08-11,2021105700,ダブルハートボンド,3,0,30.0,3.0,1,1.445408502436819,0.2300149386861916,1,0.0,2026-01-31,monthly_walk_forward,東京,芝,1600,150000000.0,9,grade:A|condition:14,130.0,フェブラリーステークス,1300～1600m,冬,50M+
2026-02-22,2026-0222-05-01-08-12,2021101660,アンクエンチャブル,13,0,53.0,5.300000190734863,3,0.7816779115711112,0.179790795534831,1,0.0,2026-01-31,monthly_walk_forward,東京,芝,1400,15800000.0,2,grade:E|condition:14,0.0,大島特別,1300～1600m,冬,11.0-15.9M
2026-02-22,2026-0222-09-01-02-06,2023102173,メイショウカクウチ,1,1,25.0,2.5,1,0.7412463267574384,0.2308667760486272,1,250.0,2026-01-31,monthly_walk_forward,阪神,芝,1400,8200000.0,11,grade:unknown|condition:12,120.0,,1300～1600m,冬,8.0-10.9M
2026-02-22,2026-0222-09-01-02-07,2022100619,ロードガレリア,3,0,23.0,2.299999952316284,1,0.633609261023117,0.3279793142555067,1,0.0,2026-01-31,monthly_walk_forward,阪神,芝,2400,8200000.0,7,grade:unknown|condition:14,110.0,,2100～2400m,冬,8.0-10.9M
2026-02-22,2026-0222-09-01-02-08,2022104892,ダノンフェルゼン,11,0,114.0,11.399999618530272,7,-0.4437668233254827,0.1545591252343376,1,0.0,2026-01-31,monthly_walk_forward,阪神,芝,1800,8200000.0,12,grade:unknown|condition:14,0.0,,1700～2000m,冬,8.0-10.9M
2026-02-22,2026-0222-09-01-02-09,2022103345,ウォータークラーク,3,0,36.0,3.5999999046325684,1,0.5172774766075642,0.258543129487206,1,0.0,2026-01-31,monthly_walk_forward,阪神,芝,1600,15800000.0,2,grade:E|condition:14,150.0,天神橋特別,1300～1600m,冬,11.0-15.9M
2026-02-22,2026-0222-09-01-02-10,2022104588,タイセイカレント,2,0,24.0,2.4000000953674316,1,0.9395843560084596,0.2767114005628559,1,0.0,2026-01-31,monthly_walk_forward,阪神,芝,1400,18700000.0,7,grade:E|condition:14,110.0,戎橋ステークス,1300～1600m,冬,16.0-24.9M
2026-02-22,2026-0222-09-01-02-11,2022110151,ゲッティヴィラ,7,0,49.0,4.900000095367432,3,1.0813512006553,0.3144835863648352,1,0.0,2026-01-31,monthly_walk_forward,阪神,芝,1200,22000000.0,11,grade:E|condition:14,0.0,令月ステークス,～1200m,冬,16.0-24.9M
2026-02-22,2026-0222-09-01-02-12,2022101543,ルークススペイ,1,1,26.0,2.5999999046325684,1,0.5416486679211308,0.1873294772298062,1,260.0,2026-01-31,monthly_walk_forward,阪神,芝,1400,11900000.0,11,grade:unknown|condition:14,140.0,,1300～1600m,冬,11.0-15.9M
2026-02-22,2026-0222-10-01-10-03,2021104671,ミライハーモニー,2,0,85.0,8.5,5,-0.2786555335234286,0.1561791658718388,1,0.0,2026-01-31,monthly_walk_forward,小倉,芝,1000,8200000.0,4,grade:unknown|condition:14,300.0,,～1200m,冬,8.0-10.9M
2026-02-22,2026-0222-10-01-10-04,2020103398,ライツフォル,8,0,135.0,13.5,5,-0.0100776939552952,0.2418669857482848,1,0.0,2026-01-31,monthly_walk_forward,小倉,芝,2860,8400000.0,2,grade:unknown|condition:19,0.0,,2500m～,冬,8.0-10.9M
2026-02-22,2026-0222-10-01-10-07,2022101677,マンオブザマッチ,1,1,30.0,3.0,2,0.0721947117959225,0.2118260870693546,1,300.0,2026-01-31,monthly_walk_forward,小倉,芝,1700,8200000.0,8,grade:unknown|condition:14,150.0,,1700～2000m,冬,8.0-10.9M
2026-02-22,2026-0222-10-01-10-08,2022100781,ルールーリマ,5,0,40.0,4.0,1,0.4733605011618029,0.214772470558471,1,0.0,2026-01-31,monthly_walk_forward,小倉,芝,2000,8200000.0,2,grade:unknown|condition:14,0.0,,1700～2000m,冬,8.0-10.9M
2026-02-22,2026-0222-10-01-10-09,2022101230,インパクトシー,1,1,18.0,1.7999999523162842,1,0.3355802438553951,0.2640137481965124,1,180.0,2026-01-31,monthly_walk_forward,小倉,芝,1800,11400000.0,5,grade:E|condition:14,110.0,高千穂特別,1700～2000m,冬,11.0-15.9M
2026-02-22,2026-0222-10-01-10-10,2021101106,スマートスピア,2,0,108.0,10.800000190734863,7,0.2666283951259318,0.1392306085833383,1,0.0,2026-01-31,monthly_walk_forward,小倉,芝,1700,15800000.0,15,grade:E|condition:14,350.0,和布刈特別,1700～2000m,冬,11.0-15.9M
2026-02-22,2026-0222-10-01-10-11,2022101648,センツブラッド,14,0,55.0,5.5,2,0.5689038251152838,0.1256164459079921,1,0.0,2026-01-31,monthly_walk_forward,小倉,芝,1800,43000000.0,12,grade:C|condition:14,0.0,小倉大賞典,1700～2000m,冬,25.0-49.9M
2026-02-22,2026-0222-10-01-10-12,2022105398,セゾンデフィーユ,2,0,20.0,2.0,1,0.3907679844126624,0.2162127637761974,1,0.0,2026-01-31,monthly_walk_forward,小倉,芝,1200,8200000.0,15,grade:unknown|condition:14,110.0,,～1200m,冬,8.0-10.9M
2026-02-28,2026-0228-06-02-01-06,2023104443,フロレセール,1,1,19.0,1.899999976158142,1,0.7845898158332832,0.2442981058764663,1,190.0,2026-01-31,monthly_walk_forward,中山,芝,1800,8200000.0,8,grade:unknown|condition:12,110.0,,1700～2000m,冬,8.0-10.9M
2026-02-28,2026-0228-06-02-01-07,2021103129,マリンバンカー,2,0,37.0,3.700000047683716,2,-0.0402664890926195,0.2390532180388295,1,0.0,2026-01-31,monthly_walk_forward,中山,芝,1800,8200000.0,13,grade:unknown|condition:14,140.0,,1700～2000m,冬,8.0-10.9M
2026-02-28,2026-0228-06-02-01-08,2022106793,コスモアンソロジー,1,1,31.0,3.0999999046325684,2,0.5846354002677199,0.2657392808180693,1,310.0,2026-01-31,monthly_walk_forward,中山,芝,1600,11900000.0,12,grade:unknown|condition:14,130.0,,1300～1600m,冬,11.0-15.9M
2026-02-28,2026-0228-06-02-01-09,2023107287,イベントホライゾン,3,0,28.0,2.799999952316284,2,0.7715550482075713,0.2849297381160403,1,0.0,2026-01-31,monthly_walk_forward,中山,芝,2200,11400000.0,7,grade:E|condition:12,110.0,水仙賞,2100～2400m,冬,11.0-15.9M
2026-02-28,2026-0228-06-02-01-10,2022100071,ワンダラー,7,0,28.0,2.799999952316284,1,0.6705501689133123,0.1701387874600687,1,0.0,2026-01-31,monthly_walk_forward,中山,芝,1200,18700000.0,6,grade:E|condition:14,0.0,春風ステークス,～1200m,冬,16.0-24.9M
2026-02-28,2026-0228-06-02-01-11,2020106851,ルガル,3,0,29.0,2.9000000953674316,1,1.454557171260868,0.1601835860446316,1,0.0,2026-01-31,monthly_walk_forward,中山,芝,1200,43000000.0,5,grade:C|condition:14,140.0,オーシャンステークス,～1200m,冬,25.0-49.9M
2026-02-28,2026-0228-06-02-01-12,2022100394,メリークリスマス,1,1,23.0,2.299999952316284,1,0.869033664367968,0.213780547951937,1,230.0,2026-01-31,monthly_walk_forward,中山,芝,1800,11900000.0,10,grade:unknown|condition:14,120.0,,1700～2000m,冬,11.0-15.9M
2026-02-28,2026-0228-09-01-03-06,2022102223,サイモンシュバリエ,1,1,34.0,3.4000000953674316,3,-0.1082981295735482,0.2399372480076421,1,340.0,2026-01-31,monthly_walk_forward,阪神,芝,1800,8200000.0,1,grade:unknown|condition:14,160.0,,1700～2000m,冬,8.0-10.9M
2026-02-28,2026-0228-09-01-03-07,2022102624,エイシンマールス,3,0,43.0,4.300000190734863,2,0.001621300914378,0.1884999693440156,1,0.0,2026-01-31,monthly_walk_forward,阪神,芝,1400,8200000.0,13,grade:unknown|condition:14,160.0,,1300～1600m,冬,8.0-10.9M
2026-02-28,2026-0228-09-01-03-08,2022105058,ヴァンアグレアブル,7,0,49.0,4.900000095367432,2,0.3940280326496512,0.1499510608884336,1,0.0,2026-01-31,monthly_walk_forward,阪神,芝,1800,11900000.0,7,grade:unknown|condition:14,0.0,,1700～2000m,冬,11.0-15.9M
2026-02-28,2026-0228-09-01-03-09,2022104615,アマキヒ,1,1,24.0,2.4000000953674316,1,0.913222716819454,0.2182007400081022,1,240.0,2026-01-31,monthly_walk_forward,阪神,芝,3000,18700000.0,5,grade:E|condition:14,110.0,松籟ステークス,2500m～,冬,16.0-24.9M
2026-02-28,2026-0228-09-01-03-10,2023100545,ヒシアイラ,2,0,25.0,2.5,1,0.5112349849105102,0.2261121691238776,1,0.0,2026-01-31,monthly_walk_forward,阪神,芝,1200,21000000.0,5,grade:L|condition:12,110.0,マーガレットステークス,～1200m,冬,16.0-24.9M
2026-02-28,2026-0228-09-01-03-11,2021103020,ムルソー,2,0,23.0,2.299999952316284,1,1.513566275533455,0.2589147740662109,1,0.0,2026-01-31,monthly_walk_forward,阪神,芝,2000,24000000.0,7,grade:L|condition:14,150.0,仁川ステークス,1700～2000m,冬,16.0-24.9M
2026-02-28,2026-0228-09-01-03-12,2021100171,ダノンキラウェア,7,0,28.0,2.799999952316284,2,0.9284207839821134,0.2408552215640988,1,0.0,2026-01-31,monthly_walk_forward,阪神,芝,1400,11900000.0,17,grade:unknown|condition:14,0.0,,1300～1600m,冬,11.0-15.9M
2026-02-28,2026-0228-10-01-11-03,2021104671,ミライハーモニー,5,0,68.0,6.800000190734863,3,-0.0316857338529174,0.2502498541413372,1,0.0,2026-01-31,monthly_walk_forward,小倉,芝,1000,8200000.0,13,grade:unknown|condition:14,0.0,,～1200m,冬,8.0-10.9M
2026-02-28,2026-0228-10-01-11-04,2021110061,ソレルビュレット,11,0,79.0,7.900000095367432,4,-0.5321140688051547,0.2099205838102798,1,0.0,2026-01-31,monthly_walk_forward,小倉,芝,2860,8400000.0,5,grade:unknown|condition:19,0.0,,2500m～,冬,8.0-10.9M
2026-02-28,2026-0228-10-01-11-05,2020106884,テーオーリカード,2,0,47.0,4.699999809265137,3,0.6336791002170062,0.2846095105521954,1,0.0,2026-01-31,monthly_walk_forward,小倉,芝,2860,14300000.0,6,grade:unknown|condition:19,180.0,,2500m～,冬,11.0-15.9M
2026-02-28,2026-0228-10-01-11-07,2023101313,リピ,12,0,401.0,40.099998474121094,9,0.2346708056333252,0.1619156413378757,1,0.0,2026-01-31,monthly_walk_forward,小倉,芝,1700,8200000.0,12,grade:unknown|condition:12,0.0,,1700～2000m,冬,8.0-10.9M
2026-02-28,2026-0228-10-01-11-08,2022105250,エアビッグマム,3,0,37.0,3.700000047683716,2,0.2477578560980861,0.1890343307456581,1,0.0,2026-01-31,monthly_walk_forward,小倉,芝,2000,8200000.0,9,grade:unknown|condition:14,160.0,,1700～2000m,冬,8.0-10.9M
2026-02-28,2026-0228-10-01-11-09,2022105839,アスクデッドヒート,2,0,36.0,3.5999999046325684,1,0.0092918410804493,0.1706266186013102,1,0.0,2026-01-31,monthly_walk_forward,小倉,芝,2600,11400000.0,16,grade:E|condition:14,150.0,脊振山特別,2500m～,冬,11.0-15.9M
2026-02-28,2026-0228-10-01-11-10,2022102905,ディアウス,7,0,41.0,4.099999904632568,1,0.4668671731574143,0.1821782529034501,1,0.0,2026-01-31,monthly_walk_forward,小倉,芝,1700,15800000.0,10,grade:E|condition:14,0.0,早鞆特別,1700～2000m,冬,11.0-15.9M
2026-02-28,2026-0228-10-01-11-11,2022104167,タイセイリコルド,3,0,30.0,3.0,1,0.6326760306658666,0.1920378875539897,1,0.0,2026-01-31,monthly_walk_forward,小倉,芝,2000,15800000.0,7,grade:E|condition:14,150.0,別府特別,1700～2000m,冬,11.0-15.9M
2026-02-28,2026-0228-10-01-11-12,2022105279,ルパヴィヨン,10,0,46.0,4.599999904632568,2,0.2338883893626475,0.1789283637894804,1,0.0,2026-01-31,monthly_walk_forward,小倉,芝,1200,8200000.0,18,grade:unknown|condition:14,0.0,,～1200m,冬,8.0-10.9M
2026-03-01,2026-0301-06-02-02-04,2023106847,ヴァレンティーニ,6,0,110.0,11.0,5,0.4718511397207179,0.1891615132632606,1,0.0,2026-02-28,monthly_walk_forward,中山,芝,1800,8200000.0,3,grade:unknown|condition:12,0.0,,1700～2000m,春,8.0-10.9M
2026-03-01,2026-0301-06-02-02-06,2022103785,マタミカンサン,2,0,44.0,4.400000095367432,2,-0.2196227536198849,0.2224325007532331,1,0.0,2026-02-28,monthly_walk_forward,中山,芝,1800,8200000.0,1,grade:unknown|condition:14,130.0,,1700～2000m,春,8.0-10.9M
2026-03-01,2026-0301-06-02-02-07,2023107352,スペルーチェ,2,0,22.0,2.200000047683716,1,0.3202730883962306,0.2048727635620052,1,0.0,2026-02-28,monthly_walk_forward,中山,芝,1600,8200000.0,12,grade:unknown|condition:12,110.0,,1300～1600m,春,8.0-10.9M
2026-03-01,2026-0301-06-02-02-08,2020106930,シャーンゴッセ,6,0,134.0,13.399999618530272,6,-0.0805812586297727,0.1260711117254249,1,0.0,2026-02-28,monthly_walk_forward,中山,芝,1200,8200000.0,5,grade:unknown|condition:14,0.0,,～1200m,春,8.0-10.9M
2026-03-01,2026-0301-06-02-02-09,2021106595,ヤマニンアドホック,1,1,36.0,3.5999999046325684,2,0.6956729939745996,0.3031187945068906,1,360.0,2026-02-28,monthly_walk_forward,中山,芝,2000,15800000.0,8,grade:E|condition:14,120.0,富里特別,1700～2000m,春,11.0-15.9M
2026-03-01,2026-0301-06-02-02-10,2022110034,ソーダーンライト,1,1,24.0,2.4000000953674316,1,0.7285702598642857,0.1652127959548155,1,240.0,2026-02-28,monthly_walk_forward,中山,芝,1200,18700000.0,2,grade:E|condition:14,140.0,アクアマリンステークス,～1200m,春,16.0-24.9M
2026-03-01,2026-0301-06-02-02-11,2021101436,エコロヴァルツ,3,0,36.0,3.5999999046325684,2,0.9631588644318414,0.2283505291023886,1,0.0,2026-02-28,monthly_walk_forward,中山,芝,1800,67000000.0,10,grade:B|condition:14,130.0,中山記念,1700～2000m,春,50M+
2026-03-01,2026-0301-06-02-02-12,2020100363,キョウエイカンフ,3,0,29.0,2.9000000953674316,2,0.56009433319935,0.1833087734285724,1,0.0,2026-02-28,monthly_walk_forward,中山,芝,1200,11900000.0,7,grade:unknown|condition:14,130.0,,～1200m,春,11.0-15.9M
2026-03-01,2026-0301-09-01-04-04,2023104848,ダンツシタン,2,0,57.0,5.699999809265137,2,0.7474512567672399,0.2759648884021208,1,0.0,2026-02-28,monthly_walk_forward,阪神,芝,1800,8200000.0,1,grade:unknown|condition:12,110.0,,1700～2000m,春,8.0-10.9M
2026-03-01,2026-0301-09-01-04-06,2023106963,コンジェスタス,1,1,20.0,2.0,1,0.3806052667348821,0.3287836191276774,1,200.0,2026-02-28,monthly_walk_forward,阪神,芝,2000,8200000.0,5,grade:unknown|condition:12,100.0,,1700～2000m,春,8.0-10.9M
2026-03-01,2026-0301-09-01-04-07,2021100906,ペレグリン,1,1,38.0,3.799999952316284,2,0.0128879846312531,0.2429216966611171,1,380.0,2026-02-28,monthly_walk_forward,阪神,芝,1200,8200000.0,11,grade:unknown|condition:14,150.0,,～1200m,春,8.0-10.9M
2026-03-01,2026-0301-09-01-04-08,2022105868,レベルスルール,1,1,16.0,1.600000023841858,1,0.522105890192948,0.3445870072224205,1,160.0,2026-02-28,monthly_walk_forward,阪神,芝,1800,8200000.0,3,grade:unknown|condition:14,110.0,,1700～2000m,春,8.0-10.9M
2026-03-01,2026-0301-09-01-04-09,2022105433,セナスタイル,3,0,31.0,3.0999999046325684,2,1.141890865399774,0.3519411566243673,1,0.0,2026-02-28,monthly_walk_forward,阪神,芝,2200,15800000.0,4,grade:E|condition:14,110.0,山陽特別,2100～2400m,春,11.0-15.9M
2026-03-01,2026-0301-09-01-04-10,2022105775,ルグランヴァン,6,0,39.0,3.900000095367432,2,0.90345662633596,0.226779547938768,1,0.0,2026-02-28,monthly_walk_forward,阪神,芝,1800,18700000.0,3,grade:E|condition:14,0.0,伊丹ステークス,1700～2000m,春,16.0-24.9M
2026-03-01,2026-0301-09-01-04-11,2023107046,アランカール,3,0,26.0,2.5999999046325684,1,0.6806008117773635,0.1592236202204138,1,0.0,2026-02-28,monthly_walk_forward,阪神,芝,1600,52000000.0,12,grade:B|condition:12,130.0,チューリップ賞,1300～1600m,春,50M+
2026-03-01,2026-0301-09-01-04-12,2022101557,アスタールフナ,4,0,35.0,3.5,1,0.2219395743581842,0.1228658747413243,1,0.0,2026-02-28,monthly_walk_forward,阪神,芝,1200,11900000.0,4,grade:unknown|condition:14,0.0,,～1200m,春,11.0-15.9M
2026-03-01,2026-0301-10-01-12-04,2021106621,ハイウェイスター,1,1,28.0,2.799999952316284,1,0.0737160629804135,0.3227364822315111,1,280.0,2026-02-28,monthly_walk_forward,小倉,芝,2860,8400000.0,3,grade:unknown|condition:19,120.0,,2500m～,春,8.0-10.9M
2026-03-01,2026-0301-10-01-12-07,2021103932,ジェニファー,9,0,28.0,2.799999952316284,1,0.0479674976113698,0.1302419337968832,1,0.0,2026-02-28,monthly_walk_forward,小倉,芝,1200,8200000.0,5,grade:unknown|condition:14,0.0,,～1200m,春,8.0-10.9M
2026-03-01,2026-0301-10-01-12-08,2021103723,アンリーベイビー,13,0,47.0,4.699999809265137,2,-0.2832567110871861,0.1706302397707428,1,0.0,2026-02-28,monthly_walk_forward,小倉,芝,1700,8200000.0,3,grade:unknown|condition:14,0.0,,1700～2000m,春,8.0-10.9M
2026-03-01,2026-0301-10-01-12-09,2021106829,コスモレオナルド,6,0,57.0,5.699999809265137,4,0.2005313469733601,0.1556528356400372,1,0.0,2026-02-28,monthly_walk_forward,小倉,芝,2000,11400000.0,16,grade:E|condition:14,0.0,唐戸特別,1700～2000m,春,11.0-15.9M
2026-03-01,2026-0301-10-01-12-10,2021106661,ヒーローインチーフ,13,0,44.0,4.400000095367432,1,0.037467918478182,0.109440718156751,1,0.0,2026-02-28,monthly_walk_forward,小倉,芝,1200,15800000.0,18,grade:E|condition:14,0.0,西日本新聞杯,～1200m,春,11.0-15.9M
2026-03-01,2026-0301-10-01-12-11,2022104765,ミッキーゴールド,3,0,23.0,2.299999952316284,1,1.0286077299431342,0.2550062013381768,1,0.0,2026-02-28,monthly_walk_forward,小倉,芝,2000,18700000.0,11,grade:E|condition:14,120.0,関門橋ステークス,1700～2000m,春,16.0-24.9M
2026-03-01,2026-0301-10-01-12-12,2022101622,ポイントネモ,2,0,31.0,3.0999999046325684,2,0.1788011530683839,0.2211123419515844,1,0.0,2026-02-28,monthly_walk_forward,小倉,芝,1700,8200000.0,12,grade:unknown|condition:14,140.0,,1700～2000m,春,8.0-10.9M
2026-03-07,2026-0307-06-02-03-04,2021105004,ホークフィールド,4,0,20.0,2.0,1,0.947728488502754,0.2296850832292887,1,0.0,2026-02-28,monthly_walk_forward,中山,芝,3200,14300000.0,7,grade:unknown|condition:19,0.0,,2500m～,春,11.0-15.9M
2026-03-07,2026-0307-06-02-03-07,2023104658,ライヴレッドアイ,2,0,54.0,5.400000095367432,3,0.2980807513002227,0.1415901155677915,1,0.0,2026-02-28,monthly_walk_forward,中山,芝,1200,8200000.0,3,grade:unknown|condition:12,170.0,,～1200m,春,8.0-10.9M
2026-03-07,2026-0307-06-02-03-08,2022105258,ホークライト,1,1,14.0,1.399999976158142,1,0.595930835720422,0.3647319728470844,1,140.0,2026-02-28,monthly_walk_forward,中山,芝,1800,8200000.0,5,grade:unknown|condition:14,110.0,,1700～2000m,春,8.0-10.9M
2026-03-07,2026-0307-06-02-03-09,2022104799,ピックデムッシュ,3,0,14.0,1.399999976158142,1,1.0453533024263997,0.3151260048297835,1,0.0,2026-02-28,monthly_walk_forward,中山,芝,2500,15800000.0,8,grade:E|condition:14,110.0,潮来特別,2500m～,春,11.0-15.9M
2026-03-07,2026-0307-06-02-03-10,2022110115,シンビリーブ,4,0,38.0,3.799999952316284,1,0.8479648404317289,0.1920855401034727,1,0.0,2026-02-28,monthly_walk_forward,中山,芝,1800,18700000.0,9,grade:E|condition:14,0.0,上総ステークス,1700～2000m,春,16.0-24.9M
2026-03-07,2026-0307-06-02-03-11,2021100244,ニシノティアモ,5,0,48.0,4.800000190734863,2,1.214532918698721,0.1351457758766262,1,0.0,2026-02-28,monthly_walk_forward,中山,芝,1800,38000000.0,14,grade:C|condition:14,0.0,ローレル競馬場賞中山牝馬ステークス,1700～2000m,春,25.0-49.9M
2026-03-07,2026-0307-06-02-03-12,2022102088,ユーティジャーニー,4,0,368.0,36.79999923706055,10,0.275748495621026,0.1471535658548248,1,0.0,2026-02-28,monthly_walk_forward,中山,芝,1600,8200000.0,12,grade:unknown|condition:14,0.0,,1300～1600m,春,8.0-10.9M
2026-03-07,2026-0307-09-01-05-06,2023104798,ランスオブキング,5,0,32.0,3.200000047683716,1,0.5434270611838419,0.2460282542320747,1,0.0,2026-02-28,monthly_walk_forward,阪神,芝,1200,8200000.0,4,grade:unknown|condition:12,0.0,,～1200m,春,8.0-10.9M
2026-03-07,2026-0307-09-01-05-07,2022103242,ダノンヴェステル,3,0,16.0,1.600000023841858,1,-0.0267400571188061,0.3274315509185689,1,0.0,2026-02-28,monthly_walk_forward,阪神,芝,1800,8200000.0,6,grade:unknown|condition:14,110.0,,1700～2000m,春,8.0-10.9M
2026-03-07,2026-0307-09-01-05-08,2022105475,レディーミコノス,1,1,15.0,1.5,1,1.0636501221237242,0.4116443126948516,1,150.0,2026-02-28,monthly_walk_forward,阪神,芝,1600,11900000.0,6,grade:unknown|condition:14,110.0,,1300～1600m,春,11.0-15.9M
2026-03-07,2026-0307-09-01-05-09,2021105503,クルミナーレ,1,1,17.0,1.7000000476837158,1,0.3222776683928405,0.3584963326094996,1,170.0,2026-02-28,monthly_walk_forward,阪神,芝,2000,15800000.0,3,grade:E|condition:14,110.0,千里山特別,1700～2000m,春,11.0-15.9M
2026-03-07,2026-0307-09-01-05-10,2022106604,ヤマニンシュラ,14,0,69.0,6.900000095367432,4,0.3009501798651356,0.1533736056051394,1,0.0,2026-02-28,monthly_walk_forward,阪神,芝,1200,18700000.0,1,grade:E|condition:14,0.0,なにわステークス,～1200m,春,16.0-24.9M
2026-03-07,2026-0307-09-01-05-11,2023105347,ショウナンカリス,8,0,53.0,5.300000190734863,1,-0.0084583622059868,0.0991871138494082,1,0.0,2026-02-28,monthly_walk_forward,阪神,芝,1400,52000000.0,4,grade:B|condition:12,0.0,報知杯フィリーズレビュー,1300～1600m,春,50M+
2026-03-07,2026-0307-09-01-05-12,2022102716,サンマルノヴェル,1,1,19.0,1.899999976158142,1,0.2803541739354186,0.2431419201994695,1,190.0,2026-02-28,monthly_walk_forward,阪神,芝,1200,8200000.0,2,grade:unknown|condition:14,110.0,,～1200m,春,8.0-10.9M
2026-03-08,2026-0308-06-02-04-04,2020103276,バルサムノート,1,1,30.0,3.0,2,0.5695581441376913,0.3349189590403031,1,300.0,2026-02-28,monthly_walk_forward,中山,芝,2880,8400000.0,4,grade:unknown|condition:19,140.0,,2500m～,春,8.0-10.9M
2026-03-08,2026-0308-06-02-04-06,2021102276,マクミランテソーロ,1,1,20.0,2.0,1,0.2348482862762019,0.2993186151875825,1,200.0,2026-02-28,monthly_walk_forward,中山,芝,1200,8200000.0,10,grade:unknown|condition:14,110.0,,～1200m,春,8.0-10.9M
2026-03-08,2026-0308-06-02-04-07,2023105084,コルテオソレイユ,6,0,42.0,4.199999809265137,3,0.7150043132070237,0.2089030286998039,1,0.0,2026-02-28,monthly_walk_forward,中山,芝,1600,8200000.0,5,grade:unknown|condition:12,0.0,,1300～1600m,春,8.0-10.9M
2026-03-08,2026-0308-06-02-04-08,2022105276,リザードアイランド,12,0,14.0,1.399999976158142,1,0.4710832025881206,0.2270634750479949,1,0.0,2026-02-28,monthly_walk_forward,中山,芝,1800,11900000.0,12,grade:unknown|condition:14,0.0,,1700～2000m,春,11.0-15.9M
2026-03-08,2026-0308-06-02-04-09,2022104925,トリプルコーク,2,0,27.0,2.700000047683716,2,1.221111641185154,0.220606139395625,1,0.0,2026-02-28,monthly_walk_forward,中山,芝,2500,18700000.0,16,grade:E|condition:14,110.0,湾岸ステークス,2500m～,春,16.0-24.9M
2026-03-08,2026-0308-06-02-04-10,2022104983,イムホテプ,11,0,49.0,4.900000095367432,2,1.1677790876638865,0.1744806224560345,1,0.0,2026-02-28,monthly_walk_forward,中山,芝,1800,22000000.0,1,grade:E|condition:14,0.0,総武ステークス,1700～2000m,春,16.0-24.9M
2026-03-08,2026-0308-06-02-04-11,2023105311,アドマイヤクワッズ,3,0,22.0,2.200000047683716,1,0.8766099734625759,0.2730878799357943,1,0.0,2026-02-28,monthly_walk_forward,中山,芝,2000,54000000.0,6,grade:B|condition:12,110.0,報知杯弥生賞ディープインパクト記念,1700～2000m,春,50M+
2026-03-08,2026-0308-06-02-04-12,2022102939,アオイレーギーナ,6,0,41.0,4.099999904632568,1,0.8094544881470462,0.1810497868216701,1,0.0,2026-02-28,monthly_walk_forward,中山,芝,1200,11900000.0,6,grade:unknown|condition:14,0.0,,～1200m,春,11.0-15.9M
2026-03-08,2026-0308-09-01-06-05,2023102243,メイショウコマチ,9,0,34.0,3.4000000953674316,2,0.4718511397207179,0.1340694650615445,1,0.0,2026-02-28,monthly_walk_forward,阪神,芝,1800,8200000.0,12,grade:unknown|condition:12,0.0,,1700～2000m,春,8.0-10.9M
2026-03-08,2026-0308-09-01-06-06,2021105637,テンエースワン,3,0,44.0,4.400000095367432,2,-0.6543212083811225,0.2261446301975558,1,0.0,2026-02-28,monthly_walk_forward,阪神,芝,2000,8200000.0,8,grade:unknown|condition:14,120.0,,1700～2000m,春,8.0-10.9M
2026-03-08,2026-0308-09-01-06-07,2022102303,アスクコモンタレヴ,1,1,14.0,1.399999976158142,1,0.0935025669145565,0.2887735063380325,1,140.0,2026-02-28,monthly_walk_forward,阪神,芝,2000,8200000.0,5,grade:unknown|condition:14,110.0,,1700～2000m,春,8.0-10.9M
2026-03-08,2026-0308-09-01-06-08,2022105885,ショーダンサー,4,0,33.0,3.299999952316284,2,0.5625924301674956,0.3165206439216103,1,0.0,2026-02-28,monthly_walk_forward,阪神,芝,1800,11900000.0,7,grade:unknown|condition:14,0.0,,1700～2000m,春,11.0-15.9M
2026-03-08,2026-0308-09-01-06-09,2023105241,テーオーアルアイン,5,0,20.0,2.0,1,0.3457374332151696,0.4111438667097911,1,0.0,2026-02-28,monthly_walk_forward,阪神,芝,1800,11400000.0,4,grade:E|condition:12,0.0,アルメリア賞,1700～2000m,春,11.0-15.9M
2026-03-08,2026-0308-09-01-06-10,2021105618,スマートワイス,10,0,78.0,7.800000190734863,3,1.1474203592896617,0.1738541289272704,1,0.0,2026-02-28,monthly_walk_forward,阪神,芝,1600,18700000.0,9,grade:E|condition:14,0.0,岸和田ステークス,1300～1600m,春,16.0-24.9M
2026-03-08,2026-0308-09-01-06-11,2022104812,テリオスララ,10,0,86.0,8.600000381469727,6,0.7582540822607389,0.1358778237059145,1,0.0,2026-02-28,monthly_walk_forward,阪神,芝,1800,28000000.0,5,grade:L|condition:14,0.0,大阪城ステークス,1700～2000m,春,25.0-49.9M
2026-03-08,2026-0308-09-01-06-12,2021105583,ストーンズ,6,0,86.0,8.600000381469727,4,0.6704787473818313,0.2452717113878172,1,0.0,2026-02-28,monthly_walk_forward,阪神,芝,1400,11900000.0,1,grade:unknown|condition:14,0.0,,1300～1600m,春,11.0-15.9M
2026-03-14,2026-0314-06-02-05-06,2023104927,テンカムテキ,3,0,25.0,2.5,1,0.5356923255476088,0.1485271648795716,1,0.0,2026-02-28,monthly_walk_forward,中山,芝,1800,8200000.0,12,grade:unknown|condition:12,150.0,,1700～2000m,春,8.0-10.9M
2026-03-14,2026-0314-06-02-05-07,2022105118,ノクターン,2,0,17.0,1.7000000476837158,1,0.626169856849553,0.2755597976425908,1,0.0,2026-02-28,monthly_walk_forward,中山,芝,2500,8200000.0,7,grade:unknown|condition:14,110.0,,2500m～,春,8.0-10.9M
2026-03-14,2026-0314-06-02-05-08,2022106669,パシーヴ,3,0,61.0,6.099999904632568,2,-0.4831341837207537,0.1395882530145034,1,0.0,2026-02-28,monthly_walk_forward,中山,芝,1200,8200000.0,1,grade:unknown|condition:14,170.0,,～1200m,春,8.0-10.9M
2026-03-14,2026-0314-06-02-05-09,2022101134,テンミラクルスター,1,1,23.0,2.299999952316284,1,0.6440543932829018,0.2550183304293718,1,230.0,2026-02-28,monthly_walk_forward,中山,芝,2000,15800000.0,9,grade:E|condition:14,150.0,房総特別,1700～2000m,春,11.0-15.9M
2026-03-14,2026-0314-06-02-05-10,2022104594,ヒシアマン,2,0,24.0,2.4000000953674316,1,1.126374148346325,0.1989844038066583,1,0.0,2026-02-28,monthly_walk_forward,中山,芝,1600,18700000.0,7,grade:E|condition:14,130.0,幕張ステークス,1300～1600m,春,16.0-24.9M
2026-03-14,2026-0314-06-02-05-11,2023103648,ファンクション,4,0,86.0,8.600000381469727,5,0.399795166072192,0.1163335543572975,1,0.0,2026-02-28,monthly_walk_forward,中山,芝,1600,21000000.0,10,grade:L|condition:12,0.0,アネモネステークス,1300～1600m,春,16.0-24.9M
2026-03-14,2026-0314-06-02-05-12,2020100363,キョウエイカンフ,4,0,37.0,3.700000047683716,1,0.4769030260255945,0.247957803183466,1,0.0,2026-02-28,monthly_walk_forward,中山,芝,1200,11900000.0,14,grade:unknown|condition:14,0.0,,～1200m,春,11.0-15.9M
2026-03-14,2026-0314-07-01-01-06,2023101704,テイエムゴッホ,13,0,30.0,3.0,1,0.5082412925302965,0.1631098141825347,1,0.0,2026-02-28,monthly_walk_forward,中京,芝,1800,8200000.0,15,grade:unknown|condition:12,0.0,,1700～2000m,春,8.0-10.9M
2026-03-14,2026-0314-07-01-01-07,2022105078,ミッキーマドンナ,7,0,22.0,2.200000047683716,1,0.9233293042641046,0.3119255040325302,1,0.0,2026-02-28,monthly_walk_forward,中京,芝,1600,8200000.0,6,grade:unknown|condition:14,0.0,,1300～1600m,春,8.0-10.9M
2026-03-14,2026-0314-07-01-01-08,2021103451,プルミエールパス,4,0,78.0,7.800000190734863,5,-0.403344357133804,0.2058007418904965,1,0.0,2026-02-28,monthly_walk_forward,中京,芝,1200,8200000.0,14,grade:unknown|condition:14,0.0,,～1200m,春,8.0-10.9M
2026-03-14,2026-0314-07-01-01-09,2022100619,ロードガレリア,5,0,24.0,2.4000000953674316,1,0.3131099679587389,0.242530793093494,1,0.0,2026-02-28,monthly_walk_forward,中京,芝,2200,11400000.0,9,grade:E|condition:14,0.0,鶴舞特別,2100～2400m,春,11.0-15.9M
2026-03-14,2026-0314-07-01-01-10,2021101454,ステラクラウン,2,0,52.0,5.199999809265137,3,0.2983799084896187,0.1808318746694298,1,0.0,2026-02-28,monthly_walk_forward,中京,芝,2000,15800000.0,7,grade:E|condition:14,180.0,茶臼山高原特別,1700～2000m,春,11.0-15.9M
2026-03-14,2026-0314-07-01-01-11,2021101106,スマートスピア,2,0,30.0,3.0,2,0.6576549553547486,0.282417030908169,1,0.0,2026-02-28,monthly_walk_forward,中京,芝,1800,15800000.0,9,grade:E|condition:14,130.0,中京スポーツ杯,1700～2000m,春,11.0-15.9M
2026-03-14,2026-0314-07-01-01-12,2022104121,カウンティフェア,1,1,60.0,6.0,2,-0.3170653292728468,0.1464023756067728,1,600.0,2026-02-28,monthly_walk_forward,中京,芝,1400,8200000.0,16,grade:unknown|condition:14,240.0,,1300～1600m,春,8.0-10.9M
2026-03-14,2026-0314-09-01-07-06,2022102293,ヒメモモアスク,8,0,16.0,1.600000023841858,1,-0.0778319956489502,0.2633832744466114,1,0.0,2026-02-28,monthly_walk_forward,阪神,芝,1800,8200000.0,10,grade:unknown|condition:14,0.0,,1700～2000m,春,8.0-10.9M
2026-03-14,2026-0314-09-01-07-07,2022102360,シュテルンビルト,6,0,82.0,8.199999809265137,4,0.1642110402214425,0.211250556662425,1,0.0,2026-02-28,monthly_walk_forward,阪神,芝,1400,8200000.0,6,grade:unknown|condition:14,0.0,,1300～1600m,春,8.0-10.9M
2026-03-14,2026-0314-09-01-07-08,2019101614,エコロデュエル,2,0,15.0,1.5,1,1.2240312783620295,0.5355252172202529,1,0.0,2026-02-28,monthly_walk_forward,阪神,芝,3900,45000000.0,2,grade:G|condition:19,110.0,阪神スプリングジャンプ,2500m～,春,25.0-49.9M
2026-03-14,2026-0314-09-01-07-09,2021100365,トウカイエルデ,6,0,55.0,5.5,2,0.0519292374915195,0.1432810981962368,1,0.0,2026-02-28,monthly_walk_forward,阪神,芝,1200,15800000.0,14,grade:E|condition:14,0.0,讃岐特別,～1200m,春,11.0-15.9M
2026-03-14,2026-0314-09-01-07-10,2022101193,ジーティーアダマン,1,1,20.0,2.0,1,0.9654444753836072,0.2065283442963517,1,200.0,2026-02-28,monthly_walk_forward,阪神,芝,1800,18700000.0,8,grade:E|condition:14,120.0,難波ステークス,1700～2000m,春,16.0-24.9M
2026-03-14,2026-0314-09-01-07-11,2021105537,ビダーヤ,2,0,25.0,2.5,1,1.1073280669829686,0.2149664003193301,1,0.0,2026-02-28,monthly_walk_forward,阪神,芝,1400,24000000.0,1,grade:L|condition:14,110.0,コーラルステークス,1300～1600m,春,16.0-24.9M
2026-03-14,2026-0314-09-01-07-12,2022104311,ヤングアメリカンズ,3,0,70.0,7.0,3,-0.2797276644968956,0.2368650343890082,1,0.0,2026-02-28,monthly_walk_forward,阪神,芝,1800,8200000.0,3,grade:unknown|condition:14,120.0,,1700～2000m,春,8.0-10.9M
2026-03-15,2026-0315-06-02-06-06,2020104748,ファルコンミノル,4,0,33.0,3.299999952316284,1,0.3041347843670468,0.2752473740754239,1,0.0,2026-02-28,monthly_walk_forward,中山,芝,1800,8200000.0,12,grade:unknown|condition:14,0.0,,1700～2000m,春,8.0-10.9M
2026-03-15,2026-0315-06-02-06-07,2023104015,ロジケープ,3,0,23.0,2.299999952316284,1,0.3128558049972593,0.1332901777580706,1,0.0,2026-02-28,monthly_walk_forward,中山,芝,1200,8200000.0,7,grade:unknown|condition:12,140.0,,～1200m,春,8.0-10.9M
2026-03-15,2026-0315-06-02-06-08,2022105478,ダノンミッション,2,0,46.0,4.599999904632568,3,1.0336556902122347,0.288541562356007,1,0.0,2026-02-28,monthly_walk_forward,中山,芝,1600,11900000.0,7,grade:unknown|condition:14,100.0,,1300～1600m,春,11.0-15.9M
2026-03-15,2026-0315-06-02-06-09,2020103414,ムジェロ,6,0,29.0,2.9000000953674316,1,0.2274401984490614,0.1940189831275049,1,0.0,2026-02-28,monthly_walk_forward,中山,芝,2400,15800000.0,6,grade:E|condition:14,0.0,阿見特別,2100～2400m,春,11.0-15.9M
2026-03-15,2026-0315-06-02-06-10,2022104401,ランスオブカオス,11,0,37.0,3.700000047683716,2,1.4292699399857909,0.2011338855600367,1,0.0,2026-02-28,monthly_walk_forward,中山,芝,1600,27000000.0,11,grade:L|condition:14,0.0,東風ステークス,1300～1600m,春,25.0-49.9M
2026-03-15,2026-0315-06-02-06-11,2023106925,クレパスキュラー,7,0,20.0,2.0,1,1.0936603305524233,0.2368470793105785,1,0.0,2026-02-28,monthly_walk_forward,中山,芝,1800,54000000.0,12,grade:B|condition:12,0.0,フジテレビ賞スプリングステークス,1700～2000m,春,50M+
2026-03-15,2026-0315-06-02-06-12,2022100620,シルフレイ,6,0,42.0,4.199999809265137,2,-0.1198325415934285,0.1850327025850414,1,0.0,2026-02-28,monthly_walk_forward,中山,芝,1200,8200000.0,3,grade:unknown|condition:14,0.0,,～1200m,春,8.0-10.9M
2026-03-15,2026-0315-07-01-02-06,2022102388,ヒミノエトワール,3,0,34.0,3.4000000953674316,1,0.2455632447995134,0.1803771308295479,1,0.0,2026-02-28,monthly_walk_forward,中京,芝,1400,8200000.0,6,grade:unknown|condition:14,140.0,,1300～1600m,春,8.0-10.9M
2026-03-15,2026-0315-07-01-02-07,2022105903,トーアケルキラ,11,0,49.0,4.900000095367432,2,0.1752707780300059,0.1826243204587629,1,0.0,2026-02-28,monthly_walk_forward,中京,芝,1800,8200000.0,9,grade:unknown|condition:14,0.0,,1700～2000m,春,8.0-10.9M
2026-03-15,2026-0315-07-01-02-08,2022105030,エリーナストーム,1,1,28.0,2.799999952316284,1,0.4021002231832783,0.241650752171532,1,280.0,2026-02-28,monthly_walk_forward,中京,芝,2000,8200000.0,10,grade:unknown|condition:14,120.0,,1700～2000m,春,8.0-10.9M
2026-03-15,2026-0315-07-01-02-09,2022106453,ハリーケーン,12,0,35.0,3.5,2,0.404872042028789,0.2025722544546774,1,0.0,2026-02-28,monthly_walk_forward,中京,芝,1200,15800000.0,8,grade:E|condition:14,0.0,伊良湖特別,～1200m,春,11.0-15.9M
2026-03-15,2026-0315-07-01-02-10,2023105092,マジッククッキー,5,0,23.0,2.299999952316284,1,0.88415667590714,0.1817487917015331,1,0.0,2026-02-28,monthly_walk_forward,中京,芝,1400,19000000.0,10,grade:E|condition:12,0.0,昇竜ステークス,1300～1600m,春,16.0-24.9M
2026-03-15,2026-0315-07-01-02-11,2021105414,クイーンズウォーク,3,0,36.0,3.5999999046325684,1,1.489484479438045,0.2251258977422,1,0.0,2026-02-28,monthly_walk_forward,中京,芝,2000,67000000.0,12,grade:B|condition:14,150.0,東海テレビ杯金鯱賞,1700～2000m,春,50M+
2026-03-15,2026-0315-07-01-02-12,2022106217,ウインマスカレード,15,0,163.0,16.299999237060547,9,0.2239887787133765,0.1358909996734716,1,0.0,2026-02-28,monthly_walk_forward,中京,芝,1200,8200000.0,11,grade:unknown|condition:14,0.0,,～1200m,春,8.0-10.9M
2026-03-15,2026-0315-09-01-08-04,2022101461,セイフウサツキ,6,0,18.0,1.7999999523162842,1,-0.2738945269203138,0.2799906788286821,1,0.0,2026-02-28,monthly_walk_forward,阪神,芝,2970,8400000.0,7,grade:unknown|condition:19,0.0,,2500m～,春,8.0-10.9M
2026-03-15,2026-0315-09-01-08-06,2023107241,バルセシート,2,0,16.0,1.600000023841858,1,0.7188764558080851,0.2697739853743903,1,0.0,2026-02-28,monthly_walk_forward,阪神,芝,1600,8200000.0,6,grade:unknown|condition:12,110.0,,1300～1600m,春,8.0-10.9M
2026-03-15,2026-0315-09-01-08-07,2022104647,エーデルヴェーグ,2,0,22.0,2.200000047683716,1,-0.0022343233559427,0.171791210524101,1,0.0,2026-02-28,monthly_walk_forward,阪神,芝,1600,8200000.0,3,grade:unknown|condition:14,140.0,,1300～1600m,春,8.0-10.9M
2026-03-15,2026-0315-09-01-08-08,2021100711,ケイアイアルタイル,8,0,97.0,9.699999809265137,5,0.311553154234254,0.2226481229219941,1,0.0,2026-02-28,monthly_walk_forward,阪神,芝,1800,11900000.0,8,grade:unknown|condition:14,0.0,,1700～2000m,春,11.0-15.9M
2026-03-15,2026-0315-09-01-08-09,2023103423,シャドウマスター,1,1,25.0,2.5,1,0.0394106508297079,0.2219790091267068,1,250.0,2026-02-28,monthly_walk_forward,阪神,芝,2400,11400000.0,3,grade:E|condition:12,180.0,ゆきやなぎ賞,2100～2400m,春,11.0-15.9M
2026-03-15,2026-0315-09-01-08-10,2022103686,テスティモーネ,1,1,22.0,2.200000047683716,1,0.1760105041071584,0.1764856367979886,1,220.0,2026-02-28,monthly_walk_forward,阪神,芝,1800,18700000.0,5,grade:E|condition:14,140.0,甲南ステークス,1700～2000m,春,16.0-24.9M
2026-03-15,2026-0315-09-01-08-11,2021100522,ジョーメッドヴィン,9,0,100.0,10.0,5,0.4537910883310862,0.1369669175879343,1,0.0,2026-02-28,monthly_walk_forward,阪神,芝,1200,23000000.0,9,grade:E|condition:14,0.0,米子城ステークス,～1200m,春,16.0-24.9M
2026-03-15,2026-0315-09-01-08-12,2022106639,モーニングマジック,2,0,26.0,2.5999999046325684,1,0.6777999178356899,0.2419886611736078,1,0.0,2026-02-28,monthly_walk_forward,阪神,芝,1400,11900000.0,8,grade:unknown|condition:14,140.0,,1300～1600m,春,11.0-15.9M
2026-03-21,2026-0321-06-02-07-06,2023102083,ジーティーシンドウ,4,0,45.0,4.5,2,0.8843668891642422,0.2829730980608797,1,0.0,2026-02-28,monthly_walk_forward,中山,芝,1600,8200000.0,5,grade:unknown|condition:12,0.0,,1300～1600m,春,8.0-10.9M
2026-03-21,2026-0321-06-02-07-07,2022106566,ダイシンレアレア,7,0,41.0,4.099999904632568,2,-0.0892604304936321,0.2270156386412733,1,0.0,2026-02-28,monthly_walk_forward,中山,芝,2400,8200000.0,15,grade:unknown|condition:14,0.0,,2100～2400m,春,8.0-10.9M
2026-03-21,2026-0321-06-02-07-08,2019105654,シホノスペランツァ,7,0,19.0,1.899999976158142,1,0.789500256381423,0.414154194759128,1,0.0,2026-02-28,monthly_walk_forward,中山,芝,3350,17500000.0,8,grade:E|condition:19,0.0,ペガサスジャンプステークス,2500m～,春,16.0-24.9M
2026-03-21,2026-0321-06-02-07-09,2021105859,フォルラニーニ,3,0,29.0,2.9000000953674316,1,0.8103058557150076,0.2208696205119268,1,0.0,2026-02-28,monthly_walk_forward,中山,芝,1800,15800000.0,13,grade:E|condition:14,130.0,館山特別,1700～2000m,春,11.0-15.9M
2026-03-21,2026-0321-06-02-07-10,2022105738,ロフティストーリー,5,0,56.0,5.599999904632568,3,0.8252450196487157,0.1958856194824138,1,0.0,2026-02-28,monthly_walk_forward,中山,芝,1800,18700000.0,9,grade:E|condition:14,0.0,韓国馬事会杯,1700～2000m,春,16.0-24.9M
2026-03-21,2026-0321-06-02-07-11,2023105807,アメティスタ,4,0,63.0,6.300000190734863,3,0.3316146764959091,0.1184806051962148,1,0.0,2026-02-28,monthly_walk_forward,中山,芝,1800,38000000.0,13,grade:C|condition:12,0.0,フラワーカップ,1700～2000m,春,25.0-49.9M
2026-03-21,2026-0321-06-02-07-12,2022104639,マックスキュー,2,0,22.0,2.200000047683716,1,0.2282297638114184,0.2590519326184277,1,0.0,2026-02-28,monthly_walk_forward,中山,芝,1200,8200000.0,11,grade:unknown|condition:14,140.0,,～1200m,春,8.0-10.9M
2026-03-21,2026-0321-07-01-03-07,2022105242,フォースミラクル,8,0,34.0,3.4000000953674316,1,0.096845141005953,0.1548743465130502,1,0.0,2026-02-28,monthly_walk_forward,中京,芝,1400,8200000.0,5,grade:unknown|condition:14,0.0,,1300～1600m,春,8.0-10.9M
2026-03-21,2026-0321-07-01-03-08,2021106829,コスモレオナルド,2,0,49.0,4.900000095367432,2,0.5427491817751604,0.2416611750951788,1,0.0,2026-02-28,monthly_walk_forward,中京,芝,2000,8200000.0,5,grade:unknown|condition:14,170.0,,1700～2000m,春,8.0-10.9M
2026-03-21,2026-0321-07-01-03-09,2022103060,ホーリーブラッサム,8,0,26.0,2.5999999046325684,1,0.7555821636493163,0.2144575199317733,1,0.0,2026-02-28,monthly_walk_forward,中京,芝,1400,15800000.0,5,grade:E|condition:14,0.0,岡崎特別,1300～1600m,春,11.0-15.9M
2026-03-21,2026-0321-07-01-03-10,2022110138,ドラゴンテイラー,1,1,50.0,5.0,2,0.6720191484969186,0.1634834460566717,1,500.0,2026-02-28,monthly_walk_forward,中京,芝,1400,18700000.0,13,grade:E|condition:14,230.0,豊明ステークス,1300～1600m,春,16.0-24.9M
2026-03-21,2026-0321-07-01-03-11,2023105685,ダイヤモンドノット,1,1,16.0,1.600000023841858,1,1.184279317768335,0.2703134302678301,1,160.0,2026-02-28,monthly_walk_forward,中京,芝,1400,41000000.0,9,grade:C|condition:12,110.0,中日スポーツ賞ファルコンステークス,1300～1600m,春,25.0-49.9M
2026-03-21,2026-0321-07-01-03-12,2022105534,シャンパンライフ,2,0,24.0,2.4000000953674316,1,0.4668154817564741,0.2891483978600174,1,0.0,2026-02-28,monthly_walk_forward,中京,芝,1600,8200000.0,5,grade:unknown|condition:14,130.0,,1300～1600m,春,8.0-10.9M
2026-03-21,2026-0321-09-01-09-06,2023106388,ヒルノプーリア,2,0,21.0,2.0999999046325684,1,0.6714219808446263,0.1694599615474668,1,0.0,2026-02-28,monthly_walk_forward,阪神,芝,1400,8200000.0,11,grade:unknown|condition:12,130.0,,1300～1600m,春,8.0-10.9M
2026-03-21,2026-0321-09-01-09-07,2022104624,アロマフェリス,1,1,21.0,2.0999999046325684,1,-0.5366630408888684,0.2784516148985786,1,210.0,2026-02-28,monthly_walk_forward,阪神,芝,1800,8200000.0,4,grade:unknown|condition:14,110.0,,1700～2000m,春,8.0-10.9M
2026-03-21,2026-0321-09-01-09-08,2022105439,ドラゴン,1,1,32.0,3.200000047683716,1,0.6205487018398929,0.2260876391284371,1,320.0,2026-02-28,monthly_walk_forward,阪神,芝,1800,11900000.0,9,grade:unknown|condition:14,160.0,,1700～2000m,春,11.0-15.9M
2026-03-21,2026-0321-09-01-09-09,2022104167,タイセイリコルド,4,0,27.0,2.700000047683716,1,0.6101170139614019,0.4276758110306276,1,0.0,2026-02-28,monthly_walk_forward,阪神,芝,2600,15800000.0,2,grade:E|condition:14,0.0,淡路特別,2500m～,春,11.0-15.9M
2026-03-21,2026-0321-09-01-09-10,2022101443,サウスバンク,3,0,46.0,4.599999904632568,1,0.215090110567073,0.1289294407240448,1,0.0,2026-02-28,monthly_walk_forward,阪神,芝,1200,18700000.0,6,grade:E|condition:14,210.0,淀屋橋ステークス,～1200m,春,16.0-24.9M
2026-03-21,2026-0321-09-01-09-11,2023100946,マテンロウゲイル,1,1,21.0,2.0999999046325684,1,0.7563800865743161,0.1555971126205957,1,210.0,2026-02-28,monthly_walk_forward,阪神,芝,2000,21000000.0,1,grade:L|condition:12,110.0,若葉ステークス,1700～2000m,春,16.0-24.9M
2026-03-21,2026-0321-09-01-09-12,2022100660,ロードヴァルカン,4,0,20.0,2.0,1,0.3302805103426823,0.280807711628054,1,0.0,2026-02-28,monthly_walk_forward,阪神,芝,1200,8200000.0,7,grade:unknown|condition:14,0.0,,～1200m,春,8.0-10.9M
2026-03-22,2026-0322-06-02-08-03,2023104658,ライヴレッドアイ,10,0,40.0,4.0,2,0.6007712595078463,0.204779854686004,1,0.0,2026-02-28,monthly_walk_forward,中山,芝,1200,8200000.0,8,grade:unknown|condition:12,0.0,,～1200m,春,8.0-10.9M
2026-03-22,2026-0322-06-02-08-04,2021105477,ハーバーライト,10,0,62.0,6.199999809265137,3,-0.0576028851000006,0.2457735834335319,1,0.0,2026-02-28,monthly_walk_forward,中山,芝,2880,8400000.0,12,grade:unknown|condition:19,0.0,,2500m～,春,8.0-10.9M
2026-03-22,2026-0322-06-02-08-07,2023107250,ラディアントスター,1,1,23.0,2.299999952316284,2,0.6201712505917722,0.4566592104225488,1,230.0,2026-02-28,monthly_walk_forward,中山,芝,2000,8200000.0,2,grade:unknown|condition:12,100.0,,1700～2000m,春,8.0-10.9M
2026-03-22,2026-0322-06-02-08-08,2022104774,エデルクローネ,14,0,51.0,5.099999904632568,3,0.2431499416402079,0.2228154372109453,1,0.0,2026-02-28,monthly_walk_forward,中山,芝,1800,8200000.0,4,grade:unknown|condition:14,0.0,,1700～2000m,春,8.0-10.9M
2026-03-22,2026-0322-06-02-08-09,2022107130,マサノユニコーン,4,0,35.0,3.5,2,0.4900845813123609,0.2178665918760046,1,0.0,2026-02-28,monthly_walk_forward,中山,芝,1200,15800000.0,2,grade:E|condition:14,0.0,鎌ケ谷特別,～1200m,春,11.0-15.9M
2026-03-22,2026-0322-06-02-08-10,2022101192,エストゥペンダ,5,0,22.0,2.200000047683716,1,0.9476468204151705,0.2409118882067497,1,0.0,2026-02-28,monthly_walk_forward,中山,芝,1800,18700000.0,8,grade:E|condition:14,0.0,スピカステークス,1700～2000m,春,16.0-24.9M
2026-03-22,2026-0322-06-02-08-11,2021103716,メイショウホウレン,12,0,135.0,13.5,6,1.1262029831495182,0.138481697985444,1,0.0,2026-02-28,monthly_walk_forward,中山,芝,1200,22000000.0,12,grade:E|condition:14,0.0,千葉ステークス,～1200m,春,16.0-24.9M
2026-03-22,2026-0322-06-02-08-12,2022103371,パイシャオピン,4,0,38.0,3.799999952316284,1,0.7442693455510615,0.1765282342174831,1,0.0,2026-02-28,monthly_walk_forward,中山,芝,1800,11900000.0,7,grade:unknown|condition:14,0.0,,1700～2000m,春,11.0-15.9M
2026-03-22,2026-0322-07-01-04-06,2022105139,サラスヴァティー,1,1,20.0,2.0,1,0.483779911426159,0.2098614254663476,1,200.0,2026-02-28,monthly_walk_forward,中京,芝,2000,8200000.0,2,grade:unknown|condition:14,110.0,,1700～2000m,春,8.0-10.9M
2026-03-22,2026-0322-07-01-04-07,2022104267,レヴァンテシチー,4,0,26.0,2.5999999046325684,1,0.0864189432041575,0.2525522390750554,1,0.0,2026-02-28,monthly_walk_forward,中京,芝,1800,8200000.0,5,grade:unknown|condition:14,0.0,,1700～2000m,春,8.0-10.9M
2026-03-22,2026-0322-07-01-04-08,2022102395,チムグクル,1,1,31.0,3.0999999046325684,1,0.58065893792662,0.258003069812658,1,310.0,2026-02-28,monthly_walk_forward,中京,芝,1400,8200000.0,12,grade:unknown|condition:14,120.0,,1300～1600m,春,8.0-10.9M
2026-03-22,2026-0322-07-01-04-09,2023103895,チュウワカーネギー,5,0,37.0,3.700000047683716,2,0.6701607671661686,0.2227219335652983,1,0.0,2026-02-28,monthly_walk_forward,中京,芝,1600,11400000.0,3,grade:E|condition:12,0.0,フローラルウォーク賞,1300～1600m,春,11.0-15.9M
2026-03-22,2026-0322-07-01-04-10,2021102676,コーカサスゴールド,2,0,58.0,5.800000190734863,2,0.5217588146223565,0.1617676854641154,1,0.0,2026-02-28,monthly_walk_forward,中京,芝,1900,15800000.0,8,grade:E|condition:14,210.0,弥富特別,1700～2000m,春,11.0-15.9M
2026-03-22,2026-0322-07-01-04-11,2021104434,ワイドラトゥール,4,0,119.0,11.899999618530272,7,0.7265503181202889,0.0964978780281809,1,0.0,2026-02-28,monthly_walk_forward,中京,芝,1400,38000000.0,15,grade:C|condition:14,0.0,愛知杯,1300～1600m,春,25.0-49.9M
2026-03-22,2026-0322-07-01-04-12,2022100630,フルドド,2,0,38.0,3.799999952316284,2,-0.0551479650795711,0.1775251032056448,1,0.0,2026-02-28,monthly_walk_forward,中京,芝,1200,8200000.0,14,grade:unknown|condition:14,150.0,,～1200m,春,8.0-10.9M
2026-03-22,2026-0322-09-01-10-05,2023103247,フルールジェンヌ,4,0,32.0,3.200000047683716,1,0.2973279146485478,0.221103240781788,1,0.0,2026-02-28,monthly_walk_forward,阪神,芝,1200,8200000.0,6,grade:unknown|condition:12,0.0,,～1200m,春,8.0-10.9M
2026-03-22,2026-0322-09-01-10-06,2023104939,クリュギスト,3,0,47.0,4.699999809265137,3,0.4217820534065376,0.1568939827400847,1,0.0,2026-02-28,monthly_walk_forward,阪神,芝,1800,8200000.0,7,grade:unknown|condition:12,180.0,,1700～2000m,春,8.0-10.9M
2026-03-22,2026-0322-09-01-10-07,2022104850,セイキュート,1,1,21.0,2.0999999046325684,1,-0.0832872047213812,0.2183357535321205,1,210.0,2026-02-28,monthly_walk_forward,阪神,芝,2400,8200000.0,6,grade:unknown|condition:14,110.0,,2100～2400m,春,8.0-10.9M
2026-03-22,2026-0322-09-01-10-08,2022101622,ポイントネモ,5,0,16.0,1.600000023841858,1,0.5621163175656829,0.4622002316520705,1,0.0,2026-02-28,monthly_walk_forward,阪神,芝,1800,8200000.0,5,grade:unknown|condition:14,0.0,,1700～2000m,春,8.0-10.9M
2026-03-22,2026-0322-09-01-10-09,2022106322,フェアリーライク,3,0,24.0,2.4000000953674316,2,0.6683782986335651,0.2952706603390355,1,0.0,2026-02-28,monthly_walk_forward,阪神,芝,1600,15800000.0,5,grade:E|condition:14,110.0,皆生特別,1300～1600m,春,11.0-15.9M
2026-03-22,2026-0322-09-01-10-10,2020105639,ハギノサステナブル,4,0,133.0,13.300000190734863,7,1.052664948811142,0.119328186765272,1,0.0,2026-02-28,monthly_walk_forward,阪神,芝,1800,22000000.0,9,grade:E|condition:14,0.0,レグルスステークス,1700～2000m,春,16.0-24.9M
2026-03-22,2026-0322-09-01-10-11,2022104645,ダノンシーマ,3,0,33.0,3.299999952316284,2,1.093431175039389,0.2443705887194324,1,0.0,2026-02-28,monthly_walk_forward,阪神,芝,3000,67000000.0,5,grade:B|condition:14,140.0,阪神大賞典,2500m～,春,50M+
2026-03-22,2026-0322-09-01-10-12,2022100476,ザックザク,3,0,61.0,6.099999904632568,4,0.412496468980367,0.1919284187268359,1,0.0,2026-02-28,monthly_walk_forward,阪神,芝,1400,11900000.0,11,grade:unknown|condition:14,190.0,,1300～1600m,春,11.0-15.9M
2026-03-28,2026-0328-06-03-01-06,2023107133,サンプレクス,3,0,29.0,2.9000000953674316,2,0.287402094604982,0.2548300599662932,1,0.0,2026-02-28,monthly_walk_forward,中山,芝,1800,8200000.0,10,grade:unknown|condition:12,110.0,,1700～2000m,春,8.0-10.9M
2026-03-28,2026-0328-06-03-01-07,2022103785,マタミカンサン,2,0,32.0,3.200000047683716,2,0.2031381176497558,0.2881843260871412,1,0.0,2026-02-28,monthly_walk_forward,中山,芝,1800,8200000.0,9,grade:unknown|condition:14,120.0,,1700～2000m,春,8.0-10.9M
2026-03-28,2026-0328-06-03-01-08,2021105755,ジオセントリック,3,0,31.0,3.0999999046325684,2,0.7500836223478138,0.2224351525741173,1,0.0,2026-02-28,monthly_walk_forward,中山,芝,2000,11900000.0,12,grade:unknown|condition:14,140.0,,1700～2000m,春,11.0-15.9M
2026-03-28,2026-0328-06-03-01-09,2022102315,シュヴァルボヌール,6,0,28.0,2.799999952316284,1,0.8799088841221774,0.2654060174356313,1,0.0,2026-02-28,monthly_walk_forward,中山,芝,1200,18700000.0,15,grade:E|condition:14,0.0,ブラッドストーンステークス,～1200m,春,16.0-24.9M
2026-03-28,2026-0328-06-03-01-10,2023110038,ダノンバーボン,1,1,21.0,2.0999999046325684,1,1.2335898135855468,0.2726961798169623,1,210.0,2026-02-28,monthly_walk_forward,中山,芝,1800,19000000.0,5,grade:E|condition:12,110.0,伏竜ステークス,1700～2000m,春,16.0-24.9M
2026-03-28,2026-0328-06-03-01-11,2022104902,マイユニバース,1,1,70.0,7.0,4,1.0336464602013185,0.1855264670720231,1,700.0,2026-02-28,monthly_walk_forward,中山,芝,2500,67000000.0,15,grade:B|condition:14,240.0,日経賞,2500m～,春,50M+
2026-03-28,2026-0328-06-03-01-12,2022105258,ホークライト,16,0,27.0,2.700000047683716,1,0.7107064860759228,0.186339492525698,1,0.0,2026-02-28,monthly_walk_forward,中山,芝,1800,11900000.0,5,grade:unknown|condition:14,0.0,,1700～2000m,春,11.0-15.9M
2026-03-28,2026-0328-07-01-05-06,2022102624,エイシンマールス,3,0,41.0,4.099999904632568,2,0.513959340649604,0.2988889442428186,1,0.0,2026-02-28,monthly_walk_forward,中京,芝,1400,8200000.0,5,grade:unknown|condition:14,150.0,,1300～1600m,春,8.0-10.9M
2026-03-28,2026-0328-07-01-05-07,2022104824,エンベッカ,13,0,103.0,10.300000190734863,6,0.0150461319656345,0.1261364486409473,1,0.0,2026-02-28,monthly_walk_forward,中京,芝,1600,8200000.0,10,grade:unknown|condition:14,0.0,,1300～1600m,春,8.0-10.9M
2026-03-28,2026-0328-07-01-05-08,2022103278,ホウオウタイタン,2,0,41.0,4.099999904632568,2,0.3878903103971485,0.1643046935727785,1,0.0,2026-02-28,monthly_walk_forward,中京,芝,2000,8200000.0,5,grade:unknown|condition:14,180.0,,1700～2000m,春,8.0-10.9M
2026-03-28,2026-0328-07-01-05-09,2020104725,モーメントキャッチ,5,0,39.0,3.900000095367432,2,0.5282085443426264,0.3787830653465768,1,0.0,2026-02-28,monthly_walk_forward,中京,芝,1900,11400000.0,8,grade:E|condition:14,0.0,ロイヤルバンコクスポーツクラブ賞,1700～2000m,春,11.0-15.9M
2026-03-28,2026-0328-07-01-05-10,2021106100,パフュームセント,2,0,25.0,2.5,1,0.9038318837771934,0.3043843986446027,1,0.0,2026-02-28,monthly_walk_forward,中京,芝,2200,15800000.0,11,grade:E|condition:14,120.0,ターフオーソリティーオブインディア賞,2100～2400m,春,11.0-15.9M
2026-03-28,2026-0328-07-01-05-11,2022106562,タガノアビー,13,0,58.0,5.800000190734863,2,1.3755901609100183,0.2108747061495132,1,0.0,2026-02-28,monthly_walk_forward,中京,芝,1600,18700000.0,10,grade:E|condition:14,0.0,マレーシアカップ,1300～1600m,春,16.0-24.9M
2026-03-28,2026-0328-07-01-05-12,2022104988,ロンドボス,6,0,60.0,6.0,3,0.4873666294122942,0.1569823136322156,1,0.0,2026-02-28,monthly_walk_forward,中京,芝,1400,15800000.0,14,grade:E|condition:14,0.0,フィリピントロフィー,1300～1600m,春,11.0-15.9M
2026-03-28,2026-0328-09-02-01-06,2023103680,グロリアスマーチ,3,0,26.0,2.5999999046325684,1,0.404982235236877,0.2043166776301782,1,0.0,2026-02-28,monthly_walk_forward,阪神,芝,1400,8200000.0,2,grade:unknown|condition:12,110.0,,1300～1600m,春,8.0-10.9M
2026-03-28,2026-0328-09-02-01-07,2022102388,ヒミノエトワール,9,0,18.0,1.7999999523162842,1,0.2820660715205059,0.3398929127786873,1,0.0,2026-02-28,monthly_walk_forward,阪神,芝,1400,8200000.0,9,grade:unknown|condition:14,0.0,,1300～1600m,春,8.0-10.9M
2026-03-28,2026-0328-09-02-01-08,2021105623,ホウオウプロサンゲ,1,1,19.0,1.899999976158142,1,0.6616820553829131,0.3458564211337585,1,190.0,2026-02-28,monthly_walk_forward,阪神,芝,3140,17500000.0,4,grade:E|condition:19,110.0,三木ホースランドパークジャンプステークス,2500m～,春,16.0-24.9M
2026-03-28,2026-0328-09-02-01-09,2023104373,グランドオーパス,2,0,22.0,2.200000047683716,1,0.4373797133575484,0.3128530088501291,1,0.0,2026-02-28,monthly_walk_forward,阪神,芝,1800,11400000.0,1,grade:E|condition:12,130.0,君子蘭賞,1700～2000m,春,11.0-15.9M
2026-03-28,2026-0328-09-02-01-10,2022102395,チムグクル,3,0,32.0,3.200000047683716,1,0.2789441332586009,0.2427795458602678,1,0.0,2026-02-28,monthly_walk_forward,阪神,芝,1400,15800000.0,7,grade:E|condition:14,130.0,ラジオ関西賞仲春特別,1300～1600m,春,11.0-15.9M
2026-03-28,2026-0328-09-02-01-11,2023103480,アルトラムス,1,1,24.0,2.4000000953674316,1,0.5867347293535423,0.3174392012359232,1,240.0,2026-02-28,monthly_walk_forward,阪神,芝,1800,41000000.0,4,grade:C|condition:12,140.0,毎日杯,1700～2000m,春,25.0-49.9M
2026-03-28,2026-0328-09-02-01-12,2022103267,ギュルヴィ,1,1,21.0,2.0999999046325684,1,0.6485974348768694,0.3150391167894694,1,210.0,2026-02-28,monthly_walk_forward,阪神,芝,2000,11900000.0,12,grade:unknown|condition:14,120.0,,1700～2000m,春,11.0-15.9M
2026-03-29,2026-0329-06-03-02-06,2023102213,プルメリアリノ,3,0,19.0,1.899999976158142,1,0.4739556153355855,0.2699273442306386,1,0.0,2026-02-28,monthly_walk_forward,中山,芝,1200,8200000.0,2,grade:unknown|condition:12,110.0,,～1200m,春,8.0-10.9M
2026-03-29,2026-0329-06-03-02-07,2021103129,マリンバンカー,3,0,27.0,2.700000047683716,1,0.0549287608651885,0.2838062892046394,1,0.0,2026-02-28,monthly_walk_forward,中山,芝,1800,8200000.0,9,grade:unknown|condition:14,140.0,,1700～2000m,春,8.0-10.9M
2026-03-29,2026-0329-06-03-02-08,2022104619,ヘルヴェティオス,5,0,36.0,3.5999999046325684,2,0.3266612962479323,0.2559438295619269,1,0.0,2026-02-28,monthly_walk_forward,中山,芝,1200,8200000.0,3,grade:unknown|condition:14,0.0,,～1200m,春,8.0-10.9M
2026-03-29,2026-0329-06-03-02-09,2023103446,ベンヴェヌータ,1,1,59.0,5.900000095367432,3,0.4760535030001714,0.2333343093754011,1,590.0,2026-02-28,monthly_walk_forward,中山,芝,2000,11400000.0,3,grade:E|condition:12,270.0,ミモザ賞,1700～2000m,春,11.0-15.9M
2026-03-29,2026-0329-06-03-02-10,2020102488,トーセンエスクード,3,0,47.0,4.699999809265137,1,1.0388161255819652,0.2538472679545911,1,0.0,2026-02-28,monthly_walk_forward,中山,芝,1200,18700000.0,15,grade:E|condition:14,160.0,船橋ステークス,～1200m,春,16.0-24.9M
2026-03-29,2026-0329-06-03-02-11,2022102280,チュウワクリスエス,6,0,73.0,7.300000190734863,3,0.8967042945879377,0.1927045199034543,1,0.0,2026-02-28,monthly_walk_forward,中山,芝,1800,38000000.0,14,grade:C|condition:14,0.0,マーチステークス,1700～2000m,春,25.0-49.9M
2026-03-29,2026-0329-06-03-02-12,2022102421,ビービーエフォート,2,0,36.0,3.5999999046325684,2,0.2560369628969778,0.2179211628835271,1,0.0,2026-02-28,monthly_walk_forward,中山,芝,1200,11900000.0,9,grade:unknown|condition:14,150.0,,～1200m,春,11.0-15.9M
2026-03-29,2026-0329-07-01-06-06,2022100274,マイネルアズーロ,4,0,37.0,3.700000047683716,1,0.0788930044092011,0.1631563417525544,1,0.0,2026-02-28,monthly_walk_forward,中京,芝,2200,8200000.0,4,grade:unknown|condition:14,0.0,,2100～2400m,春,8.0-10.9M
2026-03-29,2026-0329-07-01-06-07,2022100439,ハギノコラソン,3,0,32.0,3.200000047683716,1,0.1829988633748377,0.2783488780824618,1,0.0,2026-02-28,monthly_walk_forward,中京,芝,1800,8200000.0,3,grade:unknown|condition:14,130.0,,1700～2000m,春,8.0-10.9M
2026-03-29,2026-0329-07-01-06-08,2023103897,ショウグンマサムネ,2,0,143.0,14.300000190734863,5,0.2022243279007171,0.1943829483151697,1,0.0,2026-02-28,monthly_walk_forward,中京,芝,2200,11400000.0,3,grade:E|condition:12,470.0,大寒桜賞,2100～2400m,春,11.0-15.9M
2026-03-29,2026-0329-07-01-06-09,2022102088,ユーティジャーニー,11,0,115.0,11.5,6,0.138349467127746,0.1596399662651167,1,0.0,2026-02-28,monthly_walk_forward,中京,芝,1600,8200000.0,5,grade:unknown|condition:14,0.0,,1300～1600m,春,8.0-10.9M
2026-03-29,2026-0329-07-01-06-10,2022110121,ゴールデンクラウド,1,1,21.0,2.0999999046325684,1,1.002310831211991,0.2855248383442275,1,210.0,2026-02-28,monthly_walk_forward,中京,芝,1900,18700000.0,8,grade:E|condition:14,110.0,伊勢ステークス,1700～2000m,春,16.0-24.9M
2026-03-29,2026-0329-07-01-06-11,2019101700,サトノレーヴ,1,1,35.0,3.5,1,0.8096960858427529,0.1409091880876997,1,350.0,2026-02-28,monthly_walk_forward,中京,芝,1200,170000000.0,9,grade:A|condition:14,190.0,高松宮記念,～1200m,春,50M+
2026-03-29,2026-0329-07-01-06-12,2022105094,コーラルクラウン,1,1,17.0,1.7000000476837158,1,0.6614583339700335,0.2799233399464519,1,170.0,2026-02-28,monthly_walk_forward,中京,芝,1400,15800000.0,11,grade:E|condition:14,110.0,鈴鹿特別,1300～1600m,春,11.0-15.9M
2026-03-29,2026-0329-09-02-02-04,2020100301,サルヴァトーレ,4,0,31.0,3.0999999046325684,2,-0.0367667683302739,0.3317074409629936,1,0.0,2026-02-28,monthly_walk_forward,阪神,芝,2970,8400000.0,14,grade:unknown|condition:19,0.0,,2500m～,春,8.0-10.9M
2026-03-29,2026-0329-09-02-02-06,2023107534,カッタッパ,3,0,30.0,3.0,1,0.3288043428809922,0.2728906207482336,1,0.0,2026-02-28,monthly_walk_forward,阪神,芝,1200,8200000.0,7,grade:unknown|condition:12,140.0,,～1200m,春,8.0-10.9M
2026-03-29,2026-0329-09-02-02-07,2022104180,ワンコールアウェイ,8,0,27.0,2.700000047683716,1,0.2579865942509908,0.1877345996138235,1,0.0,2026-02-28,monthly_walk_forward,阪神,芝,1400,8200000.0,9,grade:unknown|condition:14,0.0,,1300～1600m,春,8.0-10.9M
2026-03-29,2026-0329-09-02-02-08,2021101454,ステラクラウン,2,0,16.0,1.600000023841858,1,0.4731786672039452,0.2956966162188693,1,0.0,2026-02-28,monthly_walk_forward,阪神,芝,2000,15800000.0,5,grade:E|condition:14,110.0,四国新聞杯,1700～2000m,春,11.0-15.9M
2026-03-29,2026-0329-09-02-02-09,2022104496,スコーピオンイメル,7,0,51.0,5.099999904632568,3,-0.2948041409118362,0.2176079085283013,1,0.0,2026-02-28,monthly_walk_forward,阪神,芝,1800,8200000.0,11,grade:unknown|condition:14,0.0,,1700～2000m,春,8.0-10.9M
2026-03-29,2026-0329-09-02-02-10,2022105827,アロンディ,5,0,81.0,8.100000381469727,5,1.0510044295334555,0.1934141867041701,1,0.0,2026-02-28,monthly_walk_forward,阪神,芝,2400,18700000.0,11,grade:E|condition:14,0.0,御堂筋ステークス,2100～2400m,春,16.0-24.9M
2026-03-29,2026-0329-09-02-02-11,2021105117,ベラジオボンド,1,1,28.0,2.799999952316284,1,0.6991260668637576,0.2041266659796536,1,280.0,2026-02-28,monthly_walk_forward,阪神,芝,1600,27000000.0,6,grade:L|condition:14,140.0,六甲ステークス,1300～1600m,春,25.0-49.9M
2026-03-29,2026-0329-09-02-02-12,2022101557,アスタールフナ,4,0,29.0,2.9000000953674316,1,0.245339203277977,0.1679268935629494,1,0.0,2026-02-28,monthly_walk_forward,阪神,芝,1200,11900000.0,5,grade:unknown|condition:14,0.0,,～1200m,春,11.0-15.9M
2026-04-04,2026-0404-06-03-03-04,2019104092,メイショウゲキリン,8,0,29.0,2.9000000953674316,1,0.5557177142107539,0.312838480748829,1,0.0,2026-03-31,monthly_walk_forward,中山,芝,2880,8400000.0,4,grade:unknown|condition:19,0.0,,2500m～,春,8.0-10.9M
2026-04-04,2026-0404-06-03-03-07,2022105064,マリアイリダータ,1,1,20.0,2.0,1,0.9178210406277524,0.2874246093357182,1,200.0,2026-03-31,monthly_walk_forward,中山,芝,2000,8200000.0,1,grade:unknown|condition:14,110.0,,1700～2000m,春,8.0-10.9M
2026-04-04,2026-0404-06-03-03-08,2022106427,ニシノケンタマン,5,0,47.0,4.699999809265137,2,0.2441988270511774,0.2590330968757109,1,0.0,2026-03-31,monthly_walk_forward,中山,芝,1800,8200000.0,6,grade:unknown|condition:14,0.0,,1700～2000m,春,8.0-10.9M
2026-04-04,2026-0404-06-03-03-09,2023105354,バリオス,9,0,74.0,7.400000095367432,4,0.3607566017356222,0.1246718190008706,1,0.0,2026-03-31,monthly_walk_forward,中山,芝,2200,11400000.0,10,grade:E|condition:12,0.0,山吹賞,2100～2400m,春,11.0-15.9M
2026-04-04,2026-0404-06-03-03-10,2022105276,リザードアイランド,2,0,19.0,1.899999976158142,1,-0.4676397061651953,0.1506166518696558,1,0.0,2026-03-31,monthly_walk_forward,中山,芝,1800,15800000.0,6,grade:E|condition:14,110.0,千葉日報杯,1700～2000m,春,11.0-15.9M
2026-04-04,2026-0404-06-03-03-11,2019105118,ジュンブロッサム,11,0,170.0,17.0,12,0.6149094453554848,0.1211603326241152,1,0.0,2026-03-31,monthly_walk_forward,中山,芝,1600,41000000.0,14,grade:C|condition:14,0.0,ダービー卿チャレンジトロフィー,1300～1600m,春,25.0-49.9M
2026-04-04,2026-0404-06-03-03-12,2020100363,キョウエイカンフ,5,0,65.0,6.5,3,0.5026897516216192,0.1618110242330722,1,0.0,2026-03-31,monthly_walk_forward,中山,芝,1200,11900000.0,13,grade:unknown|condition:14,0.0,,～1200m,春,11.0-15.9M
2026-04-04,2026-0404-09-02-03-06,2022100333,タケルハーロック,3,0,18.0,1.7999999523162842,1,0.3535955348669076,0.2438182436125412,1,0.0,2026-03-31,monthly_walk_forward,阪神,芝,1200,8200000.0,6,grade:unknown|condition:14,110.0,,～1200m,春,8.0-10.9M
2026-04-04,2026-0404-09-02-03-07,2021110012,アークドール,1,1,30.0,3.0,2,-0.0698101541244729,0.2666677541002266,1,300.0,2026-03-31,monthly_walk_forward,阪神,芝,1800,8200000.0,5,grade:unknown|condition:14,110.0,,1700～2000m,春,8.0-10.9M
2026-04-04,2026-0404-09-02-03-08,2020105409,ディアドコス,1,1,27.0,2.700000047683716,1,0.4151395055883033,0.3279927218625666,1,270.0,2026-03-31,monthly_walk_forward,阪神,芝,1200,11900000.0,2,grade:unknown|condition:14,110.0,,～1200m,春,11.0-15.9M
2026-04-04,2026-0404-09-02-03-09,2023105223,アーレムアレス,2,0,18.0,1.7999999523162842,1,1.1728801678292422,0.3511373292235439,1,0.0,2026-03-31,monthly_walk_forward,阪神,芝,2400,11400000.0,2,grade:E|condition:12,110.0,アザレア賞,2100～2400m,春,11.0-15.9M
2026-04-04,2026-0404-09-02-03-10,2021105537,ビダーヤ,2,0,25.0,2.5,1,1.2893943806992283,0.1834410770047383,1,0.0,2026-03-31,monthly_walk_forward,阪神,芝,1400,22000000.0,7,grade:E|condition:14,110.0,ポラリスステークス,1300～1600m,春,16.0-24.9M
2026-04-04,2026-0404-09-02-03-11,2023103752,アンドゥーリル,8,0,28.0,2.799999952316284,2,0.7875773137618193,0.2040209818948782,1,0.0,2026-03-31,monthly_walk_forward,阪神,芝,1600,41000000.0,8,grade:C|condition:12,0.0,チャーチルダウンズカップ,1300～1600m,春,25.0-49.9M
2026-04-04,2026-0404-09-02-03-12,2022101043,メイケイレイン,3,0,66.0,6.599999904632568,4,0.7405140160354374,0.2407175795460089,1,0.0,2026-03-31,monthly_walk_forward,阪神,芝,1400,11900000.0,3,grade:unknown|condition:14,180.0,,1300～1600m,春,11.0-15.9M
2026-04-05,2026-0405-06-03-04-04,2020103193,シャンデルナゴル,1,1,13.0,1.2999999523162842,1,0.2447068357778452,0.4510071820162208,1,130.0,2026-03-31,monthly_walk_forward,中山,芝,2880,8400000.0,12,grade:unknown|condition:19,110.0,,2500m～,春,8.0-10.9M
2026-04-05,2026-0405-06-03-04-06,2023104927,テンカムテキ,1,1,50.0,5.0,3,0.6681079533526226,0.1496787842191536,1,500.0,2026-03-31,monthly_walk_forward,中山,芝,1800,8200000.0,3,grade:unknown|condition:12,180.0,,1700～2000m,春,8.0-10.9M
2026-04-05,2026-0405-06-03-04-07,2023101169,ファインサマーデイ,3,0,43.0,4.300000190734863,2,0.5071734716130574,0.1651784385382347,1,0.0,2026-03-31,monthly_walk_forward,中山,芝,1200,8200000.0,10,grade:unknown|condition:12,180.0,,～1200m,春,8.0-10.9M
2026-04-05,2026-0405-06-03-04-08,2022106669,パシーヴ,6,0,59.0,5.900000095367432,4,-0.064713312642671,0.1835695051261867,1,0.0,2026-03-31,monthly_walk_forward,中山,芝,1200,8200000.0,9,grade:unknown|condition:14,0.0,,～1200m,春,8.0-10.9M
2026-04-05,2026-0405-06-03-04-09,2022105456,オストラヴァ,1,1,21.0,2.0999999046325684,1,0.9113592077137544,0.2821638169574297,1,210.0,2026-03-31,monthly_walk_forward,中山,芝,2500,15800000.0,1,grade:E|condition:14,110.0,安房特別,2500m～,春,11.0-15.9M
2026-04-05,2026-0405-06-03-04-10,2022100394,メリークリスマス,1,1,30.0,3.0,1,0.9366423235608856,0.2824514578472268,1,300.0,2026-03-31,monthly_walk_forward,中山,芝,1800,18700000.0,16,grade:E|condition:14,130.0,アリエスステークス,1700～2000m,春,16.0-24.9M
2026-04-05,2026-0405-06-03-04-11,2021106595,ヤマニンアドホック,3,0,35.0,3.5,1,1.0564761220887688,0.1683180993052564,1,0.0,2026-03-31,monthly_walk_forward,中山,芝,2000,18700000.0,4,grade:E|condition:14,160.0,美浦ステークス,1700～2000m,春,16.0-24.9M
2026-04-05,2026-0405-06-03-04-12,2022105501,プリムツァール,2,0,24.0,2.4000000953674316,1,0.8140327263045023,0.3168522388173307,1,0.0,2026-03-31,monthly_walk_forward,中山,芝,1600,11900000.0,12,grade:unknown|condition:14,110.0,,1300～1600m,春,11.0-15.9M
2026-04-05,2026-0405-09-02-04-05,2023107043,シルバーレシオ,1,1,25.0,2.5,1,0.7595143404894178,0.2046097591182768,1,250.0,2026-03-31,monthly_walk_forward,阪神,芝,1800,8200000.0,12,grade:unknown|condition:12,110.0,,1700～2000m,春,8.0-10.9M
2026-04-05,2026-0405-09-02-04-06,2022104724,ハルフロンティア,6,0,56.0,5.599999904632568,4,-0.7604116949863807,0.1601115531553175,1,0.0,2026-03-31,monthly_walk_forward,阪神,芝,2000,8200000.0,9,grade:unknown|condition:14,0.0,,1700～2000m,春,8.0-10.9M
2026-04-05,2026-0405-09-02-04-07,2022105022,ライノ,4,0,41.0,4.099999904632568,3,0.4681139044266976,0.1718836806847977,1,0.0,2026-03-31,monthly_walk_forward,阪神,芝,1800,11900000.0,8,grade:unknown|condition:14,0.0,,1700～2000m,春,11.0-15.9M
2026-04-05,2026-0405-09-02-04-08,2022106322,フェアリーライク,4,0,34.0,3.4000000953674316,3,0.8147890370410942,0.2794763562427211,1,0.0,2026-03-31,monthly_walk_forward,阪神,芝,1800,11900000.0,9,grade:unknown|condition:14,0.0,,1700～2000m,春,11.0-15.9M
2026-04-05,2026-0405-09-02-04-09,2023104562,テーオーグレーザー,7,0,109.0,10.899999618530272,5,0.7540241497346134,0.1367581082173765,1,0.0,2026-03-31,monthly_walk_forward,阪神,芝,1400,19000000.0,4,grade:E|condition:12,0.0,バイオレットステークス,1300～1600m,春,16.0-24.9M
2026-04-05,2026-0405-09-02-04-10,2022101432,スライビングロード,2,0,32.0,3.200000047683716,1,0.5652991157136024,0.1619205015013706,1,0.0,2026-03-31,monthly_walk_forward,阪神,芝,1400,18700000.0,2,grade:E|condition:14,130.0,心斎橋ステークス,1300～1600m,春,16.0-24.9M
2026-04-05,2026-0405-09-02-04-11,2021105143,ダノンデサイル,3,0,39.0,3.900000095367432,2,1.1704815795682115,0.1847125353154691,1,0.0,2026-03-31,monthly_walk_forward,阪神,芝,2000,300000000.0,4,grade:A|condition:14,140.0,大阪杯,1700～2000m,春,50M+
2026-04-05,2026-0405-09-02-04-12,2022103684,ゲイルライダー,4,0,45.0,4.5,2,0.9878821063519364,0.1819423832628867,1,0.0,2026-03-31,monthly_walk_forward,阪神,芝,1400,18700000.0,4,grade:E|condition:14,0.0,天満橋ステークス,1300～1600m,春,16.0-24.9M
2026-04-11,2026-0411-03-01-01-07,2021105772,ホウオウバローロ,4,0,33.0,3.299999952316284,1,-0.6546083401337326,0.1557331747081382,1,0.0,2026-03-31,monthly_walk_forward,福島,芝,1700,8200000.0,7,grade:unknown|condition:14,0.0,,1700～2000m,春,8.0-10.9M
2026-04-11,2026-0411-03-01-01-08,2020104913,グランデスフィーダ,6,0,49.0,4.900000095367432,3,-0.4355579949514055,0.1791904154593485,1,0.0,2026-03-31,monthly_walk_forward,福島,芝,1150,8200000.0,6,grade:unknown|condition:14,0.0,,～1200m,春,8.0-10.9M
2026-04-11,2026-0411-03-01-01-09,2021104173,デイジー,12,0,44.0,4.400000095367432,2,0.5272903209791469,0.2715575678296398,1,0.0,2026-03-31,monthly_walk_forward,福島,芝,1800,11400000.0,15,grade:E|condition:14,0.0,浄土平特別,1700～2000m,春,11.0-15.9M
2026-04-11,2026-0411-03-01-01-10,2022101604,ハニーローリエ,3,0,190.0,19.0,7,0.1675724822981782,0.1537412750242084,1,0.0,2026-03-31,monthly_walk_forward,福島,芝,1200,15800000.0,8,grade:E|condition:14,270.0,花見山特別,～1200m,春,11.0-15.9M
2026-04-11,2026-0411-03-01-01-11,2021103306,コトホドサヨウニ,8,0,39.0,3.900000095367432,1,0.5838619416238339,0.1832521657511061,1,0.0,2026-03-31,monthly_walk_forward,福島,芝,1700,22000000.0,3,grade:E|condition:14,0.0,吾妻小富士ステークス,1700～2000m,春,16.0-24.9M
2026-04-11,2026-0411-03-01-01-12,2022105583,セイプリーズ,3,0,65.0,6.5,3,-0.251838703642379,0.1380227871055519,1,0.0,2026-03-31,monthly_walk_forward,福島,芝,1200,8200000.0,10,grade:unknown|condition:14,210.0,,～1200m,春,8.0-10.9M
2026-04-11,2026-0411-06-03-05-04,2020110020,コレクテイニア,2,0,32.0,3.200000047683716,1,0.308018913195886,0.2819189308072583,1,0.0,2026-03-31,monthly_walk_forward,中山,芝,3200,14300000.0,10,grade:unknown|condition:19,130.0,,2500m～,春,11.0-15.9M
2026-04-11,2026-0411-06-03-05-07,2023110103,タカスタカスタカス,1,1,13.0,1.2999999523162842,1,0.662039363451095,0.2405666335955702,1,130.0,2026-03-31,monthly_walk_forward,中山,芝,1200,8200000.0,9,grade:unknown|condition:12,110.0,,～1200m,春,8.0-10.9M
2026-04-11,2026-0411-06-03-05-08,2021103129,マリンバンカー,1,1,39.0,3.900000095367432,2,0.1863084566361398,0.2356588259394334,1,390.0,2026-03-31,monthly_walk_forward,中山,芝,1800,8200000.0,7,grade:unknown|condition:14,150.0,,1700～2000m,春,8.0-10.9M
2026-04-11,2026-0411-06-03-05-09,2023106718,コッツォリーノ,2,0,19.0,1.899999976158142,1,0.6479162438160296,0.3459372547417276,1,0.0,2026-03-31,monthly_walk_forward,中山,芝,2000,11400000.0,5,grade:E|condition:12,110.0,山藤賞,1700～2000m,春,11.0-15.9M
2026-04-11,2026-0411-06-03-05-10,2022100071,ワンダラー,2,0,28.0,2.799999952316284,1,0.2273486011375304,0.1805327866210988,1,0.0,2026-03-31,monthly_walk_forward,中山,芝,1200,18700000.0,2,grade:E|condition:14,150.0,卯月ステークス,～1200m,春,16.0-24.9M
2026-04-11,2026-0411-06-03-05-11,2023107056,ゴーラッキー,6,0,37.0,3.700000047683716,2,0.90078432491526,0.2075925739354384,1,0.0,2026-03-31,monthly_walk_forward,中山,芝,1600,54000000.0,11,grade:B|condition:12,0.0,ニュージーランドトロフィー,1300～1600m,春,50M+
2026-04-11,2026-0411-06-03-05-12,2021105485,エリカカリーナ,15,0,94.0,9.399999618530272,4,0.0976406812963548,0.144652021305708,1,0.0,2026-03-31,monthly_walk_forward,中山,芝,1200,11900000.0,13,grade:unknown|condition:14,0.0,,～1200m,春,11.0-15.9M
2026-04-11,2026-0411-09-02-05-05,2023104324,タガノエルー,2,0,24.0,2.4000000953674316,1,0.4916966668738853,0.1864136127229188,1,0.0,2026-03-31,monthly_walk_forward,阪神,芝,1800,8200000.0,4,grade:unknown|condition:12,130.0,,1700～2000m,春,8.0-10.9M
2026-04-11,2026-0411-09-02-05-06,2023107264,デアヴェローチェ,1,1,32.0,3.200000047683716,1,0.5072808496526992,0.1493820475981226,1,320.0,2026-03-31,monthly_walk_forward,阪神,芝,1200,8200000.0,14,grade:unknown|condition:12,140.0,,～1200m,春,8.0-10.9M
2026-04-11,2026-0411-09-02-05-07,2022100439,ハギノコラソン,2,0,26.0,2.5999999046325684,1,0.3760806654435213,0.266924856507347,1,0.0,2026-03-31,monthly_walk_forward,阪神,芝,1800,8200000.0,5,grade:unknown|condition:14,110.0,,1700～2000m,春,8.0-10.9M
2026-04-11,2026-0411-09-02-05-08,2022102127,モズケイスター,1,1,21.0,2.0999999046325684,1,0.2937267544776669,0.2663139744250504,1,210.0,2026-03-31,monthly_walk_forward,阪神,芝,1400,8200000.0,9,grade:unknown|condition:14,110.0,,1300～1600m,春,8.0-10.9M
2026-04-11,2026-0411-09-02-05-09,2022104635,アロンズロッド,2,0,17.0,1.7000000476837158,1,0.7495875042316684,0.4130627859229795,1,0.0,2026-03-31,monthly_walk_forward,阪神,芝,2400,15800000.0,4,grade:E|condition:14,100.0,明石特別,2100～2400m,春,11.0-15.9M
2026-04-11,2026-0411-09-02-05-10,2022104615,アマキヒ,3,0,34.0,3.4000000953674316,2,1.497962454089871,0.3202137597616954,1,0.0,2026-03-31,monthly_walk_forward,阪神,芝,2600,24000000.0,1,grade:E|condition:14,110.0,大阪―ハンブルクカップ,2500m～,春,16.0-24.9M
2026-04-11,2026-0411-09-02-05-11,2022105185,エンブロイダリー,1,1,28.0,2.799999952316284,1,1.377244876548391,0.2200117507889894,1,280.0,2026-03-31,monthly_walk_forward,阪神,芝,1600,55000000.0,1,grade:B|condition:14,140.0,サンケイスポーツ杯阪神牝馬ステークス,1300～1600m,春,50M+
2026-04-11,2026-0411-09-02-05-12,2022105737,ミッキーマカパ,16,0,46.0,4.599999904632568,2,0.3182562057146974,0.1904922018291671,1,0.0,2026-03-31,monthly_walk_forward,阪神,芝,1200,11900000.0,16,grade:unknown|condition:14,0.0,,～1200m,春,11.0-15.9M
2026-04-12,2026-0412-03-01-02-06,2022106811,マイネルアウルム,3,0,41.0,4.099999904632568,1,0.2519305030740548,0.2530840256399792,1,0.0,2026-03-31,monthly_walk_forward,福島,芝,2000,8200000.0,15,grade:unknown|condition:14,140.0,,1700～2000m,春,8.0-10.9M
2026-04-12,2026-0412-03-01-02-07,2022101678,キャットテイル,3,0,37.0,3.700000047683716,2,-0.1747401978395901,0.2290791000870039,1,0.0,2026-03-31,monthly_walk_forward,福島,芝,1700,8200000.0,4,grade:unknown|condition:14,160.0,,1700～2000m,春,8.0-10.9M
2026-04-12,2026-0412-03-01-02-08,2022110063,サディーク,1,1,33.0,3.299999952316284,1,0.283745249813481,0.199471302907533,1,330.0,2026-03-31,monthly_walk_forward,福島,芝,1200,8200000.0,7,grade:unknown|condition:14,140.0,,～1200m,春,8.0-10.9M
2026-04-12,2026-0412-03-01-02-09,2022105597,ゲンジ,5,0,38.0,3.799999952316284,1,-0.1619507726714316,0.2242021592483515,1,0.0,2026-03-31,monthly_walk_forward,福島,芝,2600,11400000.0,6,grade:E|condition:14,0.0,燧ヶ岳特別,2500m～,春,11.0-15.9M
2026-04-12,2026-0412-03-01-02-10,2022101398,リクエイ,8,0,202.0,20.200000762939453,11,-0.0820482486484135,0.1385975095560973,1,0.0,2026-03-31,monthly_walk_forward,福島,芝,1150,15800000.0,5,grade:E|condition:14,0.0,喜多方特別,～1200m,春,11.0-15.9M
2026-04-12,2026-0412-03-01-02-11,2022106633,バルナバ,9,0,56.0,5.599999904632568,2,0.651996280096563,0.1951427991589888,1,0.0,2026-03-31,monthly_walk_forward,福島,芝,2000,28000000.0,13,grade:L|condition:14,0.0,福島民報杯,1700～2000m,春,25.0-49.9M
2026-04-12,2026-0412-03-01-02-12,2022104897,レッドベルダンス,6,0,63.0,6.300000190734863,3,-0.1986081653684674,0.195639362417677,1,0.0,2026-03-31,monthly_walk_forward,福島,芝,1700,8200000.0,7,grade:unknown|condition:14,0.0,,1700～2000m,春,8.0-10.9M
2026-04-12,2026-0412-06-03-06-04,2019106698,バラジ,7,0,18.0,1.7999999523162842,1,0.2947695000312496,0.2108311208487517,1,0.0,2026-03-31,monthly_walk_forward,中山,芝,2880,8400000.0,4,grade:unknown|condition:19,0.0,,2500m～,春,8.0-10.9M
2026-04-12,2026-0412-06-03-06-06,2023101165,プレイメイカー,4,0,46.0,4.599999904632568,3,0.6143304188179736,0.2702743716411178,1,0.0,2026-03-31,monthly_walk_forward,中山,芝,1800,8200000.0,7,grade:unknown|condition:12,0.0,,1700～2000m,春,8.0-10.9M
2026-04-12,2026-0412-06-03-06-07,2022106393,ブラックジェダイト,1,1,15.0,1.5,1,0.6633358438135692,0.2342644524966489,1,150.0,2026-03-31,monthly_walk_forward,中山,芝,1600,8200000.0,8,grade:unknown|condition:14,110.0,,1300～1600m,春,8.0-10.9M
2026-04-12,2026-0412-06-03-06-08,2021105580,クラッシファイド,5,0,33.0,3.299999952316284,1,0.8937314248490192,0.2851158574734468,1,0.0,2026-03-31,monthly_walk_forward,中山,芝,1800,11900000.0,9,grade:unknown|condition:14,0.0,,1700～2000m,春,11.0-15.9M
2026-04-12,2026-0412-06-03-06-09,2022101234,オオタチ,2,0,33.0,3.299999952316284,2,0.3566036991439079,0.321150684887696,1,0.0,2026-03-31,monthly_walk_forward,中山,芝,2400,15800000.0,7,grade:E|condition:14,130.0,印西特別,2100～2400m,春,11.0-15.9M
2026-04-12,2026-0412-06-03-06-10,2022104594,ヒシアマン,6,0,33.0,3.299999952316284,2,0.9364509528200842,0.1938277332678751,1,0.0,2026-03-31,monthly_walk_forward,中山,芝,1600,18700000.0,9,grade:E|condition:14,0.0,あけぼのステークス,1300～1600m,春,16.0-24.9M
2026-04-12,2026-0412-06-03-06-11,2022110034,ソーダーンライト,7,0,23.0,2.299999952316284,1,0.8221259218680174,0.1696943736213232,1,0.0,2026-03-31,monthly_walk_forward,中山,芝,1200,27000000.0,2,grade:L|condition:14,0.0,春雷ステークス,～1200m,春,25.0-49.9M
2026-04-12,2026-0412-06-03-06-12,2022102380,シュレン,5,0,70.0,7.0,4,-0.2431330222611619,0.1535701633516727,1,0.0,2026-03-31,monthly_walk_forward,中山,芝,1200,8200000.0,10,grade:unknown|condition:14,0.0,,～1200m,春,8.0-10.9M
2026-04-12,2026-0412-09-02-06-05,2023105435,テーオーパーセル,3,0,45.0,4.5,2,0.6202903863852125,0.218548990029455,1,0.0,2026-03-31,monthly_walk_forward,阪神,芝,1400,8200000.0,14,grade:unknown|condition:12,180.0,,1300～1600m,春,8.0-10.9M
2026-04-12,2026-0412-09-02-06-06,2022102300,アスクガンバーレ,7,0,35.0,3.5,3,0.102405386642709,0.2668422529123218,1,0.0,2026-03-31,monthly_walk_forward,阪神,芝,1800,8200000.0,5,grade:unknown|condition:14,0.0,,1700～2000m,春,8.0-10.9M
2026-04-12,2026-0412-09-02-06-07,2022105070,ジャサルディア,1,1,14.0,1.399999976158142,1,0.9664699407504488,0.3871510122638121,1,140.0,2026-03-31,monthly_walk_forward,阪神,芝,1600,11900000.0,2,grade:unknown|condition:14,110.0,,1300～1600m,春,11.0-15.9M
2026-04-12,2026-0412-09-02-06-08,2022102218,サンライズバレット,2,0,19.0,1.899999976158142,1,0.5891628181058279,0.2493195796286501,1,0.0,2026-03-31,monthly_walk_forward,阪神,芝,1800,15800000.0,11,grade:E|condition:14,110.0,川西特別,1700～2000m,春,11.0-15.9M
2026-04-12,2026-0412-09-02-06-09,2023102806,ソルパッサーレ,10,0,41.0,4.099999904632568,2,0.5161795627010256,0.1393501636961288,1,0.0,2026-03-31,monthly_walk_forward,阪神,芝,2000,21000000.0,13,grade:L|condition:12,0.0,忘れな草賞,1700～2000m,春,16.0-24.9M
2026-04-12,2026-0412-09-02-06-10,2022105769,ヴァリディシームス,15,0,25.0,2.5,1,1.0154381627702085,0.2034722225811142,1,0.0,2026-03-31,monthly_walk_forward,阪神,芝,2000,18700000.0,8,grade:E|condition:14,0.0,京橋ステークス,1700～2000m,春,16.0-24.9M
2026-04-12,2026-0412-09-02-06-11,2023105312,リリージョワ,11,0,74.0,7.400000095367432,3,1.1392473451003648,0.149651080782677,1,0.0,2026-03-31,monthly_walk_forward,阪神,芝,1600,140000000.0,13,grade:A|condition:12,0.0,桜花賞,1300～1600m,春,50M+
2026-04-12,2026-0412-09-02-06-12,2022110115,シンビリーブ,6,0,30.0,3.0,1,0.6906176480890391,0.1807081584167798,1,0.0,2026-03-31,monthly_walk_forward,阪神,芝,2000,18700000.0,2,grade:E|condition:14,0.0,梅田ステークス,1700～2000m,春,16.0-24.9M
2026-04-18,2026-0418-03-01-03-07,2022104609,フラッシュポイント,8,0,55.0,5.5,2,-0.2358554319432181,0.1738069842848663,1,0.0,2026-03-31,monthly_walk_forward,福島,芝,1150,8200000.0,14,grade:unknown|condition:14,0.0,,～1200m,春,8.0-10.9M
2026-04-18,2026-0418-03-01-03-08,2022106924,ハイクオリティ,2,0,24.0,2.4000000953674316,1,-0.1739080639188193,0.166454181187256,1,0.0,2026-03-31,monthly_walk_forward,福島,芝,1700,8200000.0,8,grade:unknown|condition:14,130.0,,1700～2000m,春,8.0-10.9M
2026-04-18,2026-0418-03-01-03-09,2023100207,マイネルシンベリン,5,0,20.0,2.0,1,0.3570214459000554,0.262787238195476,1,0.0,2026-03-31,monthly_walk_forward,福島,芝,2000,11400000.0,6,grade:E|condition:12,0.0,ひめさゆり賞,1700～2000m,春,11.0-15.9M
2026-04-18,2026-0418-03-01-03-10,2022100781,ルールーリマ,2,0,33.0,3.299999952316284,1,0.180269301143153,0.2068232342107389,1,0.0,2026-03-31,monthly_walk_forward,福島,芝,2000,11400000.0,2,grade:E|condition:14,140.0,桑折特別,1700～2000m,春,11.0-15.9M
2026-04-18,2026-0418-03-01-03-11,2022105201,ラマンシュ,5,0,50.0,5.0,1,0.7061912855767507,0.277340946726389,1,0.0,2026-03-31,monthly_walk_forward,福島,芝,1700,15800000.0,13,grade:E|condition:14,0.0,ラジオ福島賞,1700～2000m,春,11.0-15.9M
2026-04-18,2026-0418-03-01-03-12,2021101414,ベルファスト,2,0,24.0,2.4000000953674316,1,0.1564353238773075,0.1634688808140764,1,0.0,2026-03-31,monthly_walk_forward,福島,芝,1200,8200000.0,5,grade:unknown|condition:14,120.0,,～1200m,春,8.0-10.9M
2026-04-18,2026-0418-06-03-07-06,2023105275,ノーザンタイタン,5,0,60.0,6.0,3,0.3960161971057605,0.2853542021953144,1,0.0,2026-03-31,monthly_walk_forward,中山,芝,1800,8200000.0,1,grade:unknown|condition:12,0.0,,1700～2000m,春,8.0-10.9M
2026-04-18,2026-0418-06-03-07-07,2022105154,イリュストル,10,0,47.0,4.699999809265137,3,-0.0361029102969638,0.2249363064517242,1,0.0,2026-03-31,monthly_walk_forward,中山,芝,2000,8200000.0,7,grade:unknown|condition:14,0.0,,1700～2000m,春,8.0-10.9M
2026-04-18,2026-0418-06-03-07-08,2022102383,ニヒトツーゼーア,2,0,25.0,2.5,1,-0.1856062868055021,0.1590947758538013,1,0.0,2026-03-31,monthly_walk_forward,中山,芝,2400,8200000.0,16,grade:unknown|condition:14,130.0,,2100～2400m,春,8.0-10.9M
2026-04-18,2026-0418-06-03-07-09,2022102939,アオイレーギーナ,9,0,27.0,2.700000047683716,1,0.5699253224197544,0.281806246153216,1,0.0,2026-03-31,monthly_walk_forward,中山,芝,1200,15800000.0,12,grade:E|condition:14,0.0,袖ケ浦特別,～1200m,春,11.0-15.9M
2026-04-18,2026-0418-06-03-07-10,2021106623,エクリプスルバン,2,0,39.0,3.900000095367432,1,1.0995350973930602,0.2291006342879384,1,0.0,2026-03-31,monthly_walk_forward,中山,芝,1800,18700000.0,5,grade:E|condition:14,170.0,下総ステークス,1700～2000m,春,16.0-24.9M
2026-04-18,2026-0418-06-03-07-11,2019101614,エコロデュエル,1,1,15.0,1.5,1,1.0359917459763666,0.322453884831276,1,150.0,2026-03-31,monthly_walk_forward,中山,芝,4260,70000000.0,6,grade:F|condition:19,110.0,中山グランドジャンプ,2500m～,春,50M+
2026-04-18,2026-0418-06-03-07-12,2021104058,ライトニングゼウス,2,0,21.0,2.0999999046325684,1,0.4927256807104062,0.2754551493620997,1,0.0,2026-03-31,monthly_walk_forward,中山,芝,1200,15800000.0,12,grade:E|condition:14,110.0,葛飾特別,～1200m,春,11.0-15.9M
2026-04-18,2026-0418-09-02-07-05,2023107287,イベントホライゾン,1,1,19.0,1.899999976158142,1,0.7371639350467039,0.3045037468573328,1,190.0,2026-03-31,monthly_walk_forward,阪神,芝,2000,8200000.0,3,grade:unknown|condition:12,110.0,,1700～2000m,春,8.0-10.9M
2026-04-18,2026-0418-09-02-07-06,2023105272,ショコラプリン,6,0,33.0,3.299999952316284,1,0.5605730639274027,0.1608697849654089,1,0.0,2026-03-31,monthly_walk_forward,阪神,芝,1800,8200000.0,3,grade:unknown|condition:12,0.0,,1700～2000m,春,8.0-10.9M
2026-04-18,2026-0418-09-02-07-07,2022105557,エイヘンハールト,4,0,63.0,6.300000190734863,3,0.5186777788062269,0.1870968584841547,1,0.0,2026-03-31,monthly_walk_forward,阪神,芝,1600,8200000.0,13,grade:unknown|condition:14,0.0,,1300～1600m,春,8.0-10.9M
2026-04-18,2026-0418-09-02-07-08,2022105633,ノラリクラリ,1,1,28.0,2.799999952316284,1,0.1542441107993437,0.2617034238202556,1,280.0,2026-03-31,monthly_walk_forward,阪神,芝,2400,8200000.0,4,grade:unknown|condition:14,110.0,,2100～2400m,春,8.0-10.9M
2026-04-18,2026-0418-09-02-07-09,2022101043,メイケイレイン,1,1,41.0,4.099999904632568,2,0.5367447156531994,0.215272585342785,1,410.0,2026-03-31,monthly_walk_forward,阪神,芝,1400,15800000.0,3,grade:E|condition:14,150.0,吹田特別,1300～1600m,春,11.0-15.9M
2026-04-18,2026-0418-09-02-07-10,2022103525,ライラ,3,0,21.0,2.0999999046325684,1,0.9110616737605222,0.3697723183512686,1,0.0,2026-03-31,monthly_walk_forward,阪神,芝,1400,15800000.0,1,grade:E|condition:14,110.0,丹波特別,1300～1600m,春,11.0-15.9M
2026-04-18,2026-0418-09-02-07-11,2021103020,ムルソー,1,1,40.0,4.0,1,1.333159814680941,0.1663475702950478,1,400.0,2026-03-31,monthly_walk_forward,阪神,芝,1800,38000000.0,4,grade:C|condition:14,170.0,アンタレスステークス,1700～2000m,春,25.0-49.9M
2026-04-18,2026-0418-09-02-07-12,2022100660,ロードヴァルカン,8,0,28.0,2.799999952316284,1,0.3628269542959174,0.211276744974764,1,0.0,2026-03-31,monthly_walk_forward,阪神,芝,1200,8200000.0,12,grade:unknown|condition:14,0.0,,～1200m,春,8.0-10.9M
2026-04-19,2026-0419-03-01-04-06,2022106832,コスモキャバリエ,6,0,44.0,4.400000095367432,1,-0.0339417692685733,0.1803090154466074,1,0.0,2026-03-31,monthly_walk_forward,福島,芝,1800,8200000.0,8,grade:unknown|condition:14,0.0,,1700～2000m,春,8.0-10.9M
2026-04-19,2026-0419-03-01-04-07,2022103278,ホウオウタイタン,1,1,18.0,1.7999999523162842,1,0.1237357994998758,0.2638750946030087,1,180.0,2026-03-31,monthly_walk_forward,福島,芝,2000,8200000.0,5,grade:unknown|condition:14,110.0,,1700～2000m,春,8.0-10.9M
2026-04-19,2026-0419-03-01-04-08,2021103017,オウケンシルヴァー,2,0,51.0,5.099999904632568,2,-0.0536966205874219,0.2976603543272463,1,0.0,2026-03-31,monthly_walk_forward,福島,芝,1700,8200000.0,13,grade:unknown|condition:14,180.0,,1700～2000m,春,8.0-10.9M
2026-04-19,2026-0419-03-01-04-09,2022105398,セゾンデフィーユ,5,0,19.0,1.899999976158142,1,0.3290089582556726,0.2530862022596831,1,0.0,2026-03-31,monthly_walk_forward,福島,芝,1200,11400000.0,1,grade:E|condition:14,0.0,須賀川特別,～1200m,春,11.0-15.9M
2026-04-19,2026-0419-03-01-04-10,2022104313,ドーバーブライト,1,1,29.0,2.9000000953674316,1,0.5303688572373455,0.2731607834275322,1,290.0,2026-03-31,monthly_walk_forward,福島,芝,2600,15800000.0,13,grade:E|condition:14,130.0,奥の細道特別,2500m～,春,11.0-15.9M
2026-04-19,2026-0419-03-01-04-11,2022105369,ジョイフルニュース,2,0,35.0,3.5,2,1.2971320158902189,0.1636645060034876,1,0.0,2026-03-31,monthly_walk_forward,福島,芝,1800,40000000.0,14,grade:C|condition:14,200.0,福島牝馬ステークス,1700～2000m,春,25.0-49.9M
2026-04-19,2026-0419-03-01-04-12,2021106332,ミルミナーヴァ,3,0,27.0,2.700000047683716,1,-0.0253187278205903,0.2345097193430677,1,0.0,2026-03-31,monthly_walk_forward,福島,芝,1150,8200000.0,9,grade:unknown|condition:14,150.0,,～1200m,春,8.0-10.9M
2026-04-19,2026-0419-06-03-08-05,2023106883,グリオンヴール,8,0,15.0,1.5,1,0.7821694777393814,0.4543008891770332,1,0.0,2026-03-31,monthly_walk_forward,中山,芝,1600,8200000.0,9,grade:unknown|condition:12,0.0,,1300～1600m,春,8.0-10.9M
2026-04-19,2026-0419-06-03-08-06,2023107158,イナズマダイモン,4,0,17.0,1.7000000476837158,1,0.4976436236526823,0.2980143167911615,1,0.0,2026-03-31,monthly_walk_forward,中山,芝,1800,8200000.0,3,grade:unknown|condition:12,0.0,,1700～2000m,春,8.0-10.9M
2026-04-19,2026-0419-06-03-08-07,2021103918,アツキヤマト,5,0,39.0,3.900000095367432,2,-0.3029046724638567,0.1874834770297399,1,0.0,2026-03-31,monthly_walk_forward,中山,芝,1200,8200000.0,2,grade:unknown|condition:14,0.0,,～1200m,春,8.0-10.9M
2026-04-19,2026-0419-06-03-08-08,2022102722,ドゥラエテルノ,4,0,65.0,6.5,3,0.5675284701809136,0.2126764383633985,1,0.0,2026-03-31,monthly_walk_forward,中山,芝,1800,15800000.0,12,grade:E|condition:14,0.0,利根川特別,1700～2000m,春,11.0-15.9M
2026-04-19,2026-0419-06-03-08-09,2022105002,ボウウィンドウ,2,0,23.0,2.299999952316284,1,0.8000825329076634,0.1891198322805385,1,0.0,2026-03-31,monthly_walk_forward,中山,芝,2000,15800000.0,2,grade:E|condition:14,120.0,野島崎特別,1700～2000m,春,11.0-15.9M
2026-04-19,2026-0419-06-03-08-10,2022105244,ポッドベイダー,4,0,54.0,5.400000095367432,2,0.8059316627864105,0.1794827478270884,1,0.0,2026-03-31,monthly_walk_forward,中山,芝,1200,24000000.0,1,grade:L|condition:14,0.0,京葉ステークス,～1200m,春,16.0-24.9M
2026-04-19,2026-0419-06-03-08-11,2023100946,マテンロウゲイル,10,0,108.0,10.800000190734863,5,0.9355649330880536,0.0965633159944869,1,0.0,2026-03-31,monthly_walk_forward,中山,芝,2000,200000000.0,8,grade:A|condition:12,0.0,皐月賞,1700～2000m,春,50M+
2026-04-19,2026-0419-06-03-08-12,2022105827,アロンディ,15,0,93.0,9.300000190734863,5,0.4169053223749486,0.1173429366063204,1,0.0,2026-03-31,monthly_walk_forward,中山,芝,2200,18700000.0,17,grade:E|condition:14,0.0,サンシャインステークス,2100～2400m,春,16.0-24.9M
2026-04-19,2026-0419-09-02-08-04,2019101351,セキテイオー,4,0,25.0,2.5,1,-0.1502739420520336,0.2936088513660628,1,0.0,2026-03-31,monthly_walk_forward,阪神,芝,2970,8400000.0,9,grade:unknown|condition:19,0.0,,2500m～,春,8.0-10.9M
2026-04-19,2026-0419-09-02-08-06,2023107534,カッタッパ,12,0,32.0,3.200000047683716,1,0.6267758124351884,0.2022026990553655,1,0.0,2026-03-31,monthly_walk_forward,阪神,芝,1200,8200000.0,3,grade:unknown|condition:12,0.0,,～1200m,春,8.0-10.9M
2026-04-19,2026-0419-09-02-08-07,2023106785,マイリトルヒーロー,7,0,93.0,9.300000190734863,5,0.4575362952074934,0.2178820909613419,1,0.0,2026-03-31,monthly_walk_forward,阪神,芝,1600,8200000.0,5,grade:unknown|condition:12,0.0,,1300～1600m,春,8.0-10.9M
2026-04-19,2026-0419-09-02-08-08,2022104267,レヴァンテシチー,1,1,33.0,3.299999952316284,2,-0.0089511240876177,0.2036752044586093,1,330.0,2026-03-31,monthly_walk_forward,阪神,芝,1800,8200000.0,10,grade:unknown|condition:14,130.0,,1700～2000m,春,8.0-10.9M
2026-04-19,2026-0419-09-02-08-09,2022105438,ジョイエッロ,2,0,28.0,2.799999952316284,1,0.5247363278461056,0.2787105603930088,1,0.0,2026-03-31,monthly_walk_forward,阪神,芝,2000,15800000.0,10,grade:E|condition:14,130.0,蓬莱峡特別,1700～2000m,春,11.0-15.9M
2026-04-19,2026-0419-09-02-08-10,2022107278,ゼットエール,1,1,23.0,2.299999952316284,1,0.8835084861534261,0.281219052327632,1,230.0,2026-03-31,monthly_walk_forward,阪神,芝,1200,18700000.0,3,grade:E|condition:14,120.0,陽春ステークス,～1200m,春,16.0-24.9M
2026-04-19,2026-0419-09-02-08-11,2022104145,インヴォーグ,3,0,43.0,4.300000190734863,2,0.8674166680081581,0.2078878313004411,1,0.0,2026-03-31,monthly_walk_forward,阪神,芝,1600,18700000.0,4,grade:E|condition:14,160.0,立雲峡ステークス,1300～1600m,春,16.0-24.9M
2026-04-19,2026-0419-09-02-08-12,2022105058,ヴァンアグレアブル,2,0,18.0,1.7999999523162842,1,0.2196963618403193,0.2814142507541941,1,0.0,2026-03-31,monthly_walk_forward,阪神,芝,1800,11900000.0,10,grade:unknown|condition:14,110.0,,1700～2000m,春,11.0-15.9M
2026-04-25,2026-0425-03-01-05-07,2022105583,セイプリーズ,4,0,48.0,4.800000190734863,2,0.1721640486585592,0.2163461561352082,1,0.0,2026-03-31,monthly_walk_forward,福島,芝,1200,8200000.0,12,grade:unknown|condition:14,0.0,,～1200m,春,8.0-10.9M
2026-04-25,2026-0425-03-01-05-08,2022105863,ルシャルムール,5,0,22.0,2.200000047683716,1,0.4805301002651357,0.2342531084179859,1,0.0,2026-03-31,monthly_walk_forward,福島,芝,1700,8200000.0,2,grade:unknown|condition:14,0.0,,1700～2000m,春,8.0-10.9M
2026-04-25,2026-0425-03-01-05-09,2023104015,ロジケープ,1,1,21.0,2.0999999046325684,1,0.0864658336719984,0.1294128947703436,1,210.0,2026-03-31,monthly_walk_forward,福島,芝,1200,11400000.0,2,grade:E|condition:12,120.0,雪うさぎ賞,～1200m,春,11.0-15.9M
2026-04-25,2026-0425-03-01-05-10,2022104186,ヴェントゥーラ,5,0,28.0,2.799999952316284,1,0.1144488378462157,0.1417378179073641,1,0.0,2026-03-31,monthly_walk_forward,福島,芝,1200,15800000.0,16,grade:E|condition:14,0.0,医王寺特別,～1200m,春,11.0-15.9M
2026-04-25,2026-0425-03-01-05-11,2022103779,ゴールドハンマー,7,0,78.0,7.800000190734863,5,0.3693800483479196,0.18202362745863,1,0.0,2026-03-31,monthly_walk_forward,福島,芝,1150,18700000.0,7,grade:E|condition:14,0.0,福島中央テレビ杯,～1200m,春,16.0-24.9M
2026-04-25,2026-0425-03-01-05-12,2022106796,レモンバーム,7,0,60.0,6.0,4,0.2595765939096829,0.2575269320834092,1,0.0,2026-03-31,monthly_walk_forward,福島,芝,1800,8200000.0,12,grade:unknown|condition:14,0.0,,1700～2000m,春,8.0-10.9M
2026-04-25,2026-0425-05-02-01-06,2023100547,ビービークローサー,1,1,18.0,1.7999999523162842,1,0.9180030685934528,0.2671925791751924,1,180.0,2026-03-31,monthly_walk_forward,東京,芝,1600,8200000.0,10,grade:unknown|condition:12,110.0,,1300～1600m,春,8.0-10.9M
2026-04-25,2026-0425-05-02-01-07,2022101678,キャットテイル,8,0,33.0,3.299999952316284,2,0.195733617623874,0.2394152877633127,1,0.0,2026-03-31,monthly_walk_forward,東京,芝,1400,8200000.0,7,grade:unknown|condition:14,0.0,,1300～1600m,春,8.0-10.9M
2026-04-25,2026-0425-05-02-01-08,2022104811,アセンブリールーム,5,0,20.0,2.0,1,0.2247423129436401,0.2849024685755856,1,0.0,2026-03-31,monthly_walk_forward,東京,芝,1600,8200000.0,1,grade:unknown|condition:14,0.0,,1300～1600m,春,8.0-10.9M
2026-04-25,2026-0425-05-02-01-09,2022105478,ダノンミッション,1,1,17.0,1.7000000476837158,1,0.9764783638962098,0.3243454508477885,1,170.0,2026-03-31,monthly_walk_forward,東京,芝,1800,15800000.0,6,grade:E|condition:14,110.0,石和特別,1700～2000m,春,11.0-15.9M
2026-04-25,2026-0425-05-02-01-10,2021104786,シャパリュ,10,0,239.0,23.899999618530273,8,0.7291571133735633,0.1568036288661671,1,0.0,2026-03-31,monthly_walk_forward,東京,芝,1400,18700000.0,10,grade:E|condition:14,0.0,鎌倉ステークス,1300～1600m,春,16.0-24.9M
2026-04-25,2026-0425-05-02-01-11,2023107168,ブラックオリンピア,3,0,24.0,2.4000000953674316,1,0.6151430404965506,0.1398090454620852,1,0.0,2026-03-31,monthly_walk_forward,東京,芝,2400,54000000.0,4,grade:B|condition:12,120.0,テレビ東京杯青葉賞,2100～2400m,春,50M+
2026-04-25,2026-0425-05-02-01-12,2021102676,コーカサスゴールド,1,1,26.0,2.5999999046325684,1,0.844881535834613,0.2653167141078293,1,260.0,2026-03-31,monthly_walk_forward,東京,芝,1600,11900000.0,13,grade:unknown|condition:14,150.0,,1300～1600m,春,11.0-15.9M
2026-04-25,2026-0425-08-03-01-04,2021105004,ホークフィールド,1,1,16.0,1.600000023841858,1,0.5033006198521314,0.4160135711595241,1,160.0,2026-03-31,monthly_walk_forward,京都,芝,3170,14300000.0,7,grade:unknown|condition:19,110.0,,2500m～,春,11.0-15.9M
2026-04-25,2026-0425-08-03-01-07,2023110073,ワザオギ,13,0,97.0,9.699999809265137,6,0.5470167423055783,0.2054801551723568,1,0.0,2026-03-31,monthly_walk_forward,京都,芝,1800,8200000.0,11,grade:unknown|condition:12,0.0,,1700～2000m,春,8.0-10.9M
2026-04-25,2026-0425-08-03-01-08,2023107157,ブレットパス,1,1,16.0,1.600000023841858,1,0.7697033823577942,0.3449414793660019,1,160.0,2026-03-31,monthly_walk_forward,京都,芝,1800,11400000.0,2,grade:E|condition:12,110.0,あやめ賞,1700～2000m,春,11.0-15.9M
2026-04-25,2026-0425-08-03-01-09,2022106619,コルドンブルー,3,0,34.0,3.4000000953674316,1,0.6358467030318786,0.2156740079868648,1,0.0,2026-03-31,monthly_walk_forward,京都,芝,1400,8200000.0,6,grade:unknown|condition:14,140.0,,1300～1600m,春,8.0-10.9M
2026-04-25,2026-0425-08-03-01-10,2022110054,デルアヴァー,6,0,51.0,5.099999904632568,3,0.6904210486848406,0.1584272167356044,1,0.0,2026-03-31,monthly_walk_forward,京都,芝,1800,18700000.0,1,grade:E|condition:14,0.0,観月橋ステークス,1700～2000m,春,16.0-24.9M
2026-04-25,2026-0425-08-03-01-11,2020106006,ドンアミティエ,2,0,55.0,5.5,3,0.5946574756606405,0.1582741992384773,1,0.0,2026-03-31,monthly_walk_forward,京都,芝,1200,22000000.0,11,grade:E|condition:14,250.0,天王山ステークス,～1200m,春,16.0-24.9M
2026-04-25,2026-0425-08-03-01-12,2022106322,フェアリーライク,1,1,22.0,2.200000047683716,1,0.5410571497181803,0.1744718699182628,1,220.0,2026-03-31,monthly_walk_forward,京都,芝,1600,11900000.0,2,grade:unknown|condition:14,120.0,,1300～1600m,春,11.0-15.9M
2026-04-26,2026-0426-03-01-06-06,2022105839,アスクデッドヒート,1,1,34.0,3.4000000953674316,2,-0.0423981539647732,0.1883094674100515,1,340.0,2026-03-31,monthly_walk_forward,福島,芝,2600,8200000.0,10,grade:unknown|condition:14,150.0,,2500m～,春,8.0-10.9M
2026-04-26,2026-0426-03-01-06-07,2022103785,マタミカンサン,3,0,19.0,1.899999976158142,1,0.1826369807923384,0.2373031494605787,1,0.0,2026-03-31,monthly_walk_forward,福島,芝,1700,8200000.0,11,grade:unknown|condition:14,110.0,,1700～2000m,春,8.0-10.9M
2026-04-26,2026-0426-03-01-06-08,2022106438,タマモブラウンタイ,2,0,43.0,4.300000190734863,2,0.0327242989365412,0.1914702376331014,1,0.0,2026-03-31,monthly_walk_forward,福島,芝,1200,8200000.0,15,grade:unknown|condition:14,150.0,,～1200m,春,8.0-10.9M
2026-04-26,2026-0426-03-01-06-09,2022106828,マイネルゼウス,4,0,68.0,6.800000190734863,5,0.1359866930903544,0.1424094760803041,1,0.0,2026-03-31,monthly_walk_forward,福島,芝,2000,11400000.0,13,grade:E|condition:14,0.0,飯盛山特別,1700～2000m,春,11.0-15.9M
2026-04-26,2026-0426-03-01-06-10,2022104903,セボンサデッセ,2,0,28.0,2.799999952316284,1,0.1977935154112108,0.2115682698827852,1,0.0,2026-03-31,monthly_walk_forward,福島,芝,1700,15800000.0,3,grade:E|condition:14,140.0,尾瀬特別,1700～2000m,春,11.0-15.9M
2026-04-26,2026-0426-03-01-06-11,2022102057,サウンドモリアーナ,1,1,64.0,6.400000095367432,3,0.6939901192458904,0.155378699106796,1,640.0,2026-03-31,monthly_walk_forward,福島,芝,1200,23000000.0,6,grade:E|condition:14,240.0,モルガナイトステークス,～1200m,春,16.0-24.9M
2026-04-26,2026-0426-03-01-06-12,2018103293,ヨドノゴールド,11,0,39.0,3.900000095367432,1,-0.2688043374882745,0.1562637039522755,1,0.0,2026-03-31,monthly_walk_forward,福島,芝,1150,8200000.0,16,grade:unknown|condition:14,0.0,,～1200m,春,8.0-10.9M
2026-04-26,2026-0426-05-02-02-06,2023107014,サレジオ,3,0,20.0,2.0,1,0.9439914044296348,0.2995053682300193,1,0.0,2026-03-31,monthly_walk_forward,東京,芝,1600,8200000.0,1,grade:unknown|condition:12,110.0,,1300～1600m,春,8.0-10.9M
2026-04-26,2026-0426-05-02-02-07,2021105688,セブンマイスター,1,1,19.0,1.899999976158142,1,0.2052845936475842,0.2134665549134145,1,190.0,2026-03-31,monthly_walk_forward,東京,芝,1600,8200000.0,14,grade:unknown|condition:14,110.0,,1300～1600m,春,8.0-10.9M
2026-04-26,2026-0426-05-02-02-08,2022105435,ボンヌソワレ,1,1,31.0,3.0999999046325684,1,0.500656748174305,0.2395643239320929,1,310.0,2026-03-31,monthly_walk_forward,東京,芝,1400,11900000.0,3,grade:unknown|condition:14,130.0,,1300～1600m,春,11.0-15.9M
2026-04-26,2026-0426-05-02-02-09,2022105326,コートアリシアン,3,0,27.0,2.700000047683716,1,0.8425425747496943,0.1971099577031821,1,0.0,2026-03-31,monthly_walk_forward,東京,芝,1400,18700000.0,1,grade:E|condition:14,140.0,湘南ステークス,1300～1600m,春,16.0-24.9M
2026-04-26,2026-0426-05-02-02-10,2022106942,ドンインザムード,1,1,29.0,2.9000000953674316,2,1.408620054420434,0.312504588399868,1,290.0,2026-03-31,monthly_walk_forward,東京,芝,1600,24000000.0,3,grade:L|condition:14,120.0,オアシスステークス,1300～1600m,春,16.0-24.9M
2026-04-26,2026-0426-05-02-02-11,2023107154,ラフターラインズ,1,1,22.0,2.200000047683716,1,0.5743127886680367,0.1665562267799514,1,220.0,2026-03-31,monthly_walk_forward,東京,芝,2000,52000000.0,5,grade:B|condition:12,110.0,サンケイスポーツ賞フローラステークス,1700～2000m,春,50M+
2026-04-26,2026-0426-05-02-02-12,2022110007,スナッピードレッサ,1,1,12.0,1.2000000476837158,1,0.6029415213192881,0.1854266908080843,1,120.0,2026-03-31,monthly_walk_forward,東京,芝,1400,11900000.0,15,grade:unknown|condition:14,110.0,,1300～1600m,春,11.0-15.9M
2026-04-26,2026-0426-08-03-02-04,2019105759,フジフォンテ,7,0,34.0,3.4000000953674316,1,-0.236086359738368,0.1896562220436864,1,0.0,2026-03-31,monthly_walk_forward,京都,芝,2910,8400000.0,3,grade:unknown|condition:19,0.0,,2500m～,春,8.0-10.9M
2026-04-26,2026-0426-08-03-02-06,2023101113,フェスティヴドレス,5,0,27.0,2.700000047683716,1,0.3215116802802603,0.2918379667816341,1,0.0,2026-03-31,monthly_walk_forward,京都,芝,1400,8200000.0,2,grade:unknown|condition:12,0.0,,1300～1600m,春,8.0-10.9M
2026-04-26,2026-0426-08-03-02-07,2022110060,エリカアンディーヴ,1,1,28.0,2.799999952316284,1,-0.3469677867375967,0.186447309743412,1,280.0,2026-03-31,monthly_walk_forward,京都,芝,1800,8200000.0,12,grade:unknown|condition:14,150.0,,1700～2000m,春,8.0-10.9M
2026-04-26,2026-0426-08-03-02-08,2022105129,カンピドリオ,15,0,33.0,3.299999952316284,1,0.0824364578949226,0.1298583697207259,1,0.0,2026-03-31,monthly_walk_forward,京都,芝,1800,8200000.0,11,grade:unknown|condition:14,0.0,,1700～2000m,春,8.0-10.9M
2026-04-26,2026-0426-08-03-02-09,2022104799,ピックデムッシュ,4,0,29.0,2.9000000953674316,1,0.7621539916682687,0.2788077962935345,1,0.0,2026-03-31,monthly_walk_forward,京都,芝,2200,15800000.0,2,grade:E|condition:14,0.0,比良山特別,2100～2400m,春,11.0-15.9M
2026-04-26,2026-0426-08-03-02-10,2022105140,ネブラディスク,2,0,20.0,2.0,1,1.3792425308588865,0.1710302266630895,1,0.0,2026-03-31,monthly_walk_forward,京都,芝,1800,18700000.0,17,grade:E|condition:14,130.0,センテニアル・パークステークス,1700～2000m,春,16.0-24.9M
2026-04-26,2026-0426-08-03-02-11,2021100953,ウォーターリヒト,13,0,54.0,5.400000095367432,3,1.0250148095410512,0.1471859278555186,1,0.0,2026-03-31,monthly_walk_forward,京都,芝,1600,59000000.0,10,grade:B|condition:14,0.0,読売マイラーズカップ,1300～1600m,春,50M+
2026-04-26,2026-0426-08-03-02-12,2022110135,ゼンエスポワール,2,0,47.0,4.699999809265137,2,0.5320716743354179,0.1836226033792092,1,0.0,2026-03-31,monthly_walk_forward,京都,芝,1800,11900000.0,12,grade:unknown|condition:14,160.0,,1700～2000m,春,11.0-15.9M
2026-05-02,2026-0502-04-01-01-01,2018105199,ビジューブリランテ,3,0,40.0,4.0,3,-0.3748956303292867,0.1928232488950352,1,0.0,2026-04-30,monthly_walk_forward,新潟,芝,2890,8400000.0,11,grade:unknown|condition:19,160.0,,2500m～,春,8.0-10.9M
2026-05-02,2026-0502-04-01-01-04,2021106621,ハイウェイスター,2,0,52.0,5.199999809265137,3,0.2616286238519166,0.2984171336785846,1,0.0,2026-04-30,monthly_walk_forward,新潟,芝,2890,14300000.0,3,grade:unknown|condition:19,180.0,,2500m～,春,11.0-15.9M
2026-05-02,2026-0502-04-01-01-07,2022103227,レッドイステル,1,1,14.0,1.399999976158142,1,0.2285326633789993,0.2964824445550468,1,140.0,2026-04-30,monthly_walk_forward,新潟,芝,1800,8200000.0,1,grade:unknown|condition:14,110.0,,1700～2000m,春,8.0-10.9M
2026-05-02,2026-0502-04-01-01-08,2022105558,ロケベンドラ,6,0,21.0,2.0999999046325684,1,0.3064308918899719,0.214326639253871,1,0.0,2026-04-30,monthly_walk_forward,新潟,芝,1600,8200000.0,8,grade:unknown|condition:14,0.0,,1300～1600m,春,8.0-10.9M
2026-05-02,2026-0502-04-01-01-09,2023103636,ウルフ,6,0,56.0,5.599999904632568,2,0.5342437042526375,0.1822519074428474,1,0.0,2026-04-30,monthly_walk_forward,新潟,芝,1800,11400000.0,5,grade:E|condition:12,0.0,わらび賞,1700～2000m,春,11.0-15.9M
2026-05-02,2026-0502-04-01-01-10,2021101603,ナイトスラッガー,5,0,41.0,4.099999904632568,1,0.3565892591039563,0.1463212768114937,1,0.0,2026-04-30,monthly_walk_forward,新潟,芝,1800,15800000.0,12,grade:E|condition:14,0.0,胎内川特別,1700～2000m,春,11.0-15.9M
2026-05-02,2026-0502-04-01-01-11,2022100159,クインズショコラ,1,1,42.0,4.199999809265137,1,0.9943802932979764,0.2527514868183143,1,420.0,2026-04-30,monthly_walk_forward,新潟,芝,1800,18700000.0,5,grade:E|condition:14,160.0,三条ステークス,1700～2000m,春,16.0-24.9M
2026-05-02,2026-0502-04-01-01-12,2020100795,ベルタソ,2,0,44.0,4.400000095367432,2,-0.2720802622323262,0.1574007110951723,1,0.0,2026-04-30,monthly_walk_forward,新潟,芝,1000,8200000.0,16,grade:unknown|condition:14,150.0,,～1200m,春,8.0-10.9M
2026-05-02,2026-0502-05-02-03-05,2023103680,グロリアスマーチ,6,0,47.0,4.699999809265137,2,0.6611575798199693,0.1547137130839311,1,0.0,2026-04-30,monthly_walk_forward,東京,芝,1400,8200000.0,15,grade:unknown|condition:12,0.0,,1300～1600m,春,8.0-10.9M
2026-05-02,2026-0502-05-02-03-06,2022105118,ノクターン,1,1,16.0,1.600000023841858,1,0.4842512202000246,0.4358728254857815,1,160.0,2026-04-30,monthly_walk_forward,東京,芝,2000,8200000.0,6,grade:unknown|condition:14,110.0,,1700～2000m,春,8.0-10.9M
2026-05-02,2026-0502-05-02-03-07,2021103303,ドリーミングアップ,4,0,45.0,4.5,2,-0.0272447884227298,0.2348716017840597,1,0.0,2026-04-30,monthly_walk_forward,東京,芝,1400,8200000.0,15,grade:unknown|condition:14,0.0,,1300～1600m,春,8.0-10.9M
2026-05-02,2026-0502-05-02-03-08,2022106744,リトルジャイアンツ,1,1,19.0,1.899999976158142,1,1.072372264686779,0.3367802099998598,1,190.0,2026-04-30,monthly_walk_forward,東京,芝,2400,11900000.0,5,grade:unknown|condition:14,110.0,,2100～2400m,春,11.0-15.9M
2026-05-02,2026-0502-05-02-03-09,2022105180,アカデミア,3,0,21.0,2.0999999046325684,1,1.098287707170478,0.1991399730707748,1,0.0,2026-04-30,monthly_walk_forward,東京,芝,2100,18700000.0,14,grade:E|condition:14,110.0,是政ステークス,2100～2400m,春,16.0-24.9M
2026-05-02,2026-0502-05-02-03-10,2023105327,アルバンヌ,7,0,28.0,2.799999952316284,1,0.5716730857807104,0.178265641734341,1,0.0,2026-04-30,monthly_walk_forward,東京,芝,1800,21000000.0,8,grade:L|condition:12,0.0,スイートピーステークス,1700～2000m,春,16.0-24.9M
2026-05-02,2026-0502-05-02-03-11,2021105864,ワールズエンド,1,1,54.0,5.400000095367432,3,0.69052028109426,0.123674579728453,1,540.0,2026-04-30,monthly_walk_forward,東京,芝,1400,59000000.0,16,grade:B|condition:14,270.0,京王杯スプリングカップ,1300～1600m,春,50M+
2026-05-02,2026-0502-05-02-03-12,2022100994,ルヴァレドクール,1,1,42.0,4.199999809265137,2,0.7463027946136686,0.2248540881405779,1,420.0,2026-04-30,monthly_walk_forward,東京,芝,1600,11900000.0,5,grade:unknown|condition:14,140.0,,1300～1600m,春,11.0-15.9M
2026-05-02,2026-0502-08-03-03-06,2022105716,シュドゥン,1,1,27.0,2.700000047683716,1,0.4385651423827153,0.1939013964626675,1,270.0,2026-04-30,monthly_walk_forward,京都,芝,1800,8200000.0,7,grade:unknown|condition:14,130.0,,1700～2000m,春,8.0-10.9M
2026-05-02,2026-0502-08-03-03-07,2023103836,フロムレイブン,5,0,33.0,3.299999952316284,1,0.6622846287312906,0.1782115171731384,1,0.0,2026-04-30,monthly_walk_forward,京都,芝,1400,8200000.0,8,grade:unknown|condition:12,0.0,,1300～1600m,春,8.0-10.9M
2026-05-02,2026-0502-08-03-03-08,2020110051,ザングウィル,5,0,37.0,3.700000047683716,2,0.0910249759800096,0.2378790722967717,1,0.0,2026-04-30,monthly_walk_forward,京都,芝,1400,8200000.0,9,grade:unknown|condition:14,0.0,,1300～1600m,春,8.0-10.9M
2026-05-02,2026-0502-08-03-03-09,2023106995,ロングトールサリー,7,0,25.0,2.5,1,0.4768724191141094,0.1493114512201543,1,0.0,2026-04-30,monthly_walk_forward,京都,芝,2200,11400000.0,1,grade:E|condition:12,0.0,矢車賞,2100～2400m,春,11.0-15.9M
2026-05-02,2026-0502-08-03-03-10,2022105302,ヴリトラハン,5,0,32.0,3.200000047683716,1,0.077365363960623,0.2373450224433049,1,0.0,2026-04-30,monthly_walk_forward,京都,芝,1200,15800000.0,2,grade:E|condition:14,0.0,京極特別,～1200m,春,11.0-15.9M
2026-05-02,2026-0502-08-03-03-11,2023105303,メルカントゥール,2,0,22.0,2.200000047683716,1,1.0543562210097632,0.3458500416940105,1,0.0,2026-04-30,monthly_walk_forward,京都,芝,1900,37000000.0,11,grade:C|condition:12,110.0,ユニコーンステークス,1700～2000m,春,25.0-49.9M
2026-05-02,2026-0502-08-03-03-12,2022110125,ヤエギリ,2,0,24.0,2.4000000953674316,1,0.5430515284191297,0.3510177992922744,1,0.0,2026-04-30,monthly_walk_forward,京都,芝,1600,8200000.0,5,grade:unknown|condition:14,110.0,,1300～1600m,春,8.0-10.9M
2026-05-03,2026-0503-04-01-02-04,2022104673,グランジョルノ,7,0,91.0,9.100000381469728,5,-0.7327540019004537,0.1676733836766105,1,0.0,2026-04-30,monthly_walk_forward,新潟,芝,2890,8400000.0,12,grade:unknown|condition:19,0.0,,2500m～,春,8.0-10.9M
2026-05-03,2026-0503-04-01-02-06,2022105556,ラストレガシー,1,1,26.0,2.5999999046325684,1,-0.2593913948754983,0.1824364839933148,1,260.0,2026-04-30,monthly_walk_forward,新潟,芝,1800,8200000.0,10,grade:unknown|condition:14,160.0,,1700～2000m,春,8.0-10.9M
2026-05-03,2026-0503-04-01-02-07,2021105473,ラヴスコール,4,0,123.0,12.300000190734863,5,-0.3911590269073867,0.1301599103592509,1,0.0,2026-04-30,monthly_walk_forward,新潟,芝,1400,8200000.0,7,grade:unknown|condition:14,0.0,,1300～1600m,春,8.0-10.9M
2026-05-03,2026-0503-04-01-02-08,2022102295,マドモアゼルアスク,1,1,38.0,3.799999952316284,2,0.3757005051342825,0.2477768623613927,1,380.0,2026-04-30,monthly_walk_forward,新潟,芝,1800,8200000.0,4,grade:unknown|condition:14,150.0,,1700～2000m,春,8.0-10.9M
2026-05-03,2026-0503-04-01-02-09,2022104432,レイバックスピン,1,1,20.0,2.0,1,0.3562356878347271,0.2871986909838394,1,200.0,2026-04-30,monthly_walk_forward,新潟,芝,1800,15800000.0,4,grade:E|condition:14,110.0,咲花特別,1700～2000m,春,11.0-15.9M
2026-05-03,2026-0503-04-01-02-10,2022101604,ハニーローリエ,2,0,53.0,5.300000190734863,3,0.0661918117252585,0.1820814338301574,1,0.0,2026-04-30,monthly_walk_forward,新潟,芝,1000,15800000.0,8,grade:E|condition:14,170.0,邁進特別,～1200m,春,11.0-15.9M
2026-05-03,2026-0503-04-01-02-11,2021110008,ルディック,10,0,57.0,5.699999809265137,3,0.1702926034545303,0.1354069540244233,1,0.0,2026-04-30,monthly_walk_forward,新潟,芝,1200,22000000.0,15,grade:E|condition:14,0.0,越後ステークス,～1200m,春,16.0-24.9M
2026-05-03,2026-0503-04-01-02-12,2022100333,タケルハーロック,1,1,27.0,2.700000047683716,2,0.2962140797356252,0.2875423113159177,1,270.0,2026-04-30,monthly_walk_forward,新潟,芝,1200,8200000.0,3,grade:unknown|condition:14,140.0,,～1200m,春,8.0-10.9M
2026-05-03,2026-0503-05-02-04-06,2023102646,ユキノグラス,11,0,238.0,23.799999237060547,8,0.4069062301262862,0.1826496203688841,1,0.0,2026-04-30,monthly_walk_forward,東京,芝,1400,8200000.0,10,grade:unknown|condition:12,0.0,,1300～1600m,春,8.0-10.9M
2026-05-03,2026-0503-05-02-04-07,2022104897,レッドベルダンス,1,1,75.0,7.5,5,-0.1658723658267545,0.2062922419881822,1,750.0,2026-04-30,monthly_walk_forward,東京,芝,1600,8200000.0,10,grade:unknown|condition:14,240.0,,1300～1600m,春,8.0-10.9M
2026-05-03,2026-0503-05-02-04-08,2022104939,ウィンターベル,6,0,41.0,4.099999904632568,2,0.398340148948459,0.2570153902949976,1,0.0,2026-04-30,monthly_walk_forward,東京,芝,1600,11900000.0,3,grade:unknown|condition:14,0.0,,1300～1600m,春,11.0-15.9M
2026-05-03,2026-0503-05-02-04-09,2021105662,ログラール,16,0,53.0,5.300000190734863,2,0.7596389525784636,0.119906842349643,1,0.0,2026-04-30,monthly_walk_forward,東京,芝,2000,18700000.0,15,grade:E|condition:14,0.0,府中ステークス,1700～2000m,春,16.0-24.9M
2026-05-03,2026-0503-05-02-04-10,2020104760,ゼットリアン,9,0,51.0,5.099999904632568,2,0.8432205957619147,0.1706779299702165,1,0.0,2026-04-30,monthly_walk_forward,東京,芝,2100,24000000.0,5,grade:L|condition:14,0.0,ブリリアントステークス,2100～2400m,春,16.0-24.9M
2026-05-03,2026-0503-05-02-04-11,2023105642,オルフセン,9,0,25.0,2.5,1,0.4373300068217129,0.1352641682256459,1,0.0,2026-04-30,monthly_walk_forward,東京,芝,2000,21000000.0,11,grade:L|condition:12,0.0,プリンシパルステークス,1700～2000m,春,16.0-24.9M
2026-05-03,2026-0503-05-02-04-12,2022105381,エイプリルインパリ,1,1,27.0,2.700000047683716,1,0.2819276547820902,0.1710826828038738,1,270.0,2026-04-30,monthly_walk_forward,東京,芝,1300,11900000.0,5,grade:unknown|condition:14,140.0,,1300～1600m,春,11.0-15.9M
2026-05-03,2026-0503-08-03-04-06,2023101157,ゼロヴィジビリティ,1,1,22.0,2.200000047683716,1,0.8131157004063322,0.1890484480695005,1,220.0,2026-04-30,monthly_walk_forward,京都,芝,1400,8200000.0,3,grade:unknown|condition:12,110.0,,1300～1600m,春,8.0-10.9M
2026-05-03,2026-0503-08-03-04-07,2022105171,タンテドヴィーヴル,1,1,14.0,1.399999976158142,1,0.0410714360215931,0.3775611647481864,1,140.0,2026-04-30,monthly_walk_forward,京都,芝,2000,8200000.0,7,grade:unknown|condition:14,110.0,,1700～2000m,春,8.0-10.9M
2026-05-03,2026-0503-08-03-04-08,2022106555,タガノアンファン,8,0,36.0,3.5999999046325684,1,-0.0012969212932663,0.1328726963292607,1,0.0,2026-04-30,monthly_walk_forward,京都,芝,1200,15800000.0,14,grade:E|condition:14,0.0,御池特別,～1200m,春,11.0-15.9M
2026-05-03,2026-0503-08-03-04-09,2022102218,サンライズバレット,2,0,15.0,1.5,1,0.7650990375410809,0.4192331377081695,1,0.0,2026-04-30,monthly_walk_forward,京都,芝,1800,15800000.0,8,grade:E|condition:14,100.0,六波羅特別,1700～2000m,春,11.0-15.9M
2026-05-03,2026-0503-08-03-04-10,2022103592,ルシード,1,1,28.0,2.799999952316284,1,0.5962094514456318,0.1362110319078764,1,280.0,2026-04-30,monthly_walk_forward,京都,芝,1200,18700000.0,3,grade:E|condition:14,150.0,朱雀ステークス,～1200m,春,16.0-24.9M
2026-05-03,2026-0503-08-03-04-11,2022105102,クロワデュノール,1,1,18.0,1.7999999523162842,1,1.25233544334132,0.2801950247781006,1,180.0,2026-04-30,monthly_walk_forward,京都,芝,3200,300000000.0,7,grade:A|condition:14,110.0,天皇賞（春）,2500m～,春,50M+
2026-05-03,2026-0503-08-03-04-12,2022105964,スニーカースキル,2,0,179.0,17.899999618530273,7,0.4090072970769521,0.1505452685990415,1,0.0,2026-04-30,monthly_walk_forward,京都,芝,1400,18700000.0,10,grade:E|condition:14,420.0,東大路ステークス,1300～1600m,春,16.0-24.9M
2026-05-09,2026-0509-04-01-03-01,2021106768,コスモアミマネラ,2,0,35.0,3.5,1,-0.4987106833600442,0.1475507477958489,1,0.0,2026-04-30,monthly_walk_forward,新潟,芝,2890,8400000.0,7,grade:unknown|condition:19,120.0,,2500m～,春,8.0-10.9M
2026-05-09,2026-0509-04-01-03-04,2020103276,バルサムノート,5,0,51.0,5.099999904632568,3,0.3284024076050961,0.2426483509542997,1,0.0,2026-04-30,monthly_walk_forward,新潟,芝,2890,14300000.0,10,grade:unknown|condition:19,0.0,,2500m～,春,11.0-15.9M
2026-05-09,2026-0509-04-01-03-07,2022110132,ピコテンダー,1,1,22.0,2.200000047683716,1,-0.01726118267482,0.1915123016384152,1,220.0,2026-04-30,monthly_walk_forward,新潟,芝,1200,8200000.0,12,grade:unknown|condition:14,120.0,,～1200m,春,8.0-10.9M
2026-05-09,2026-0509-04-01-03-08,2021104754,ベルフィーヌ,13,0,24.0,2.4000000953674316,1,-0.5226037681344717,0.2033884758213747,1,0.0,2026-04-30,monthly_walk_forward,新潟,芝,1800,8200000.0,10,grade:unknown|condition:14,0.0,,1700～2000m,春,8.0-10.9M
2026-05-09,2026-0509-04-01-03-09,2023100617,マナボニート,3,0,24.0,2.4000000953674316,1,0.3782602799990135,0.240433339514613,1,0.0,2026-04-30,monthly_walk_forward,新潟,芝,1200,11400000.0,8,grade:E|condition:12,140.0,ゆきつばき賞,～1200m,春,11.0-15.9M
2026-05-09,2026-0509-04-01-03-10,2021105244,スピンザブラッド,1,1,72.0,7.199999809265137,4,-0.2905705747913412,0.1635887327012914,1,720.0,2026-04-30,monthly_walk_forward,新潟,芝,1800,11400000.0,3,grade:E|condition:14,230.0,粟島特別,1700～2000m,春,11.0-15.9M
2026-05-09,2026-0509-04-01-03-11,2021107180,ジュンヴァンケット,15,0,93.0,9.300000190734863,5,0.0520780521088399,0.1664400052503878,1,0.0,2026-04-30,monthly_walk_forward,新潟,芝,1000,18700000.0,8,grade:E|condition:14,0.0,駿風ステークス,～1200m,春,16.0-24.9M
2026-05-09,2026-0509-04-01-03-12,2022106924,ハイクオリティ,1,1,17.0,1.7000000476837158,1,-0.0494888384596731,0.2729878061234492,1,170.0,2026-04-30,monthly_walk_forward,新潟,芝,1800,8200000.0,11,grade:unknown|condition:14,110.0,,1700～2000m,春,8.0-10.9M
2026-05-09,2026-0509-05-02-05-06,2023103814,アメテュストス,3,0,65.0,6.5,4,0.7493902184664424,0.1725159822575966,1,0.0,2026-04-30,monthly_walk_forward,東京,芝,1800,8200000.0,12,grade:unknown|condition:12,210.0,,1700～2000m,春,8.0-10.9M
2026-05-09,2026-0509-05-02-05-07,2022106199,タマモトリノ,12,0,18.0,1.7999999523162842,1,-0.1397095033218302,0.2194936156100263,1,0.0,2026-04-30,monthly_walk_forward,東京,芝,2100,8200000.0,3,grade:unknown|condition:14,0.0,,2100～2400m,春,8.0-10.9M
2026-05-09,2026-0509-05-02-05-08,2022104979,ウィッシュツリー,2,0,23.0,2.299999952316284,2,0.7440999330502517,0.3639605889701567,1,0.0,2026-04-30,monthly_walk_forward,東京,芝,2000,11900000.0,2,grade:unknown|condition:14,100.0,,1700～2000m,春,11.0-15.9M
2026-05-09,2026-0509-05-02-05-09,2021110030,アンパドゥ,1,1,18.0,1.7999999523162842,1,1.196408840830783,0.3241506479404382,1,180.0,2026-04-30,monthly_walk_forward,東京,芝,1600,18700000.0,7,grade:E|condition:14,110.0,分倍河原ステークス,1300～1600m,春,16.0-24.9M
2026-05-09,2026-0509-05-02-05-10,2023106821,マクリール,2,0,28.0,2.799999952316284,2,0.7616110021099838,0.1539306470542671,1,0.0,2026-04-30,monthly_walk_forward,東京,芝,1600,19000000.0,2,grade:E|condition:12,120.0,青竜ステークス,1300～1600m,春,16.0-24.9M
2026-05-09,2026-0509-05-02-05-11,2021105557,トロヴァトーレ,1,1,41.0,4.099999904632568,2,1.0638765311631244,0.1336578833904584,1,410.0,2026-04-30,monthly_walk_forward,東京,芝,1800,43000000.0,11,grade:C|condition:14,190.0,エプソムカップ,1700～2000m,春,25.0-49.9M
2026-05-09,2026-0509-05-02-05-12,2022106639,モーニングマジック,1,1,27.0,2.700000047683716,1,0.7144592724873586,0.237124815114177,1,270.0,2026-04-30,monthly_walk_forward,東京,芝,1400,11900000.0,3,grade:unknown|condition:14,130.0,,1300～1600m,春,11.0-15.9M
2026-05-09,2026-0509-08-03-05-05,2023100933,ダークマルス,2,0,30.0,3.0,2,0.6725410870204569,0.2067125029392177,1,0.0,2026-04-30,monthly_walk_forward,京都,芝,1600,8200000.0,3,grade:unknown|condition:12,120.0,,1300～1600m,春,8.0-10.9M
2026-05-09,2026-0509-08-03-05-06,2023110106,ブルーマッキンジー,3,0,63.0,6.300000190734863,3,0.4055586244613303,0.1657381085767136,1,0.0,2026-04-30,monthly_walk_forward,京都,芝,1200,8200000.0,5,grade:unknown|condition:12,220.0,,～1200m,春,8.0-10.9M
2026-05-09,2026-0509-08-03-05-07,2022105848,ステイクオール,6,0,25.0,2.5,1,-0.658425066341112,0.1768076276649799,1,0.0,2026-04-30,monthly_walk_forward,京都,芝,1900,8200000.0,5,grade:unknown|condition:14,0.0,,1700～2000m,春,8.0-10.9M
2026-05-09,2026-0509-08-03-05-08,2021107097,ララバッカナール,2,0,23.0,2.299999952316284,1,0.219390586642871,0.2572203657713288,1,0.0,2026-04-30,monthly_walk_forward,京都,芝,1400,8200000.0,1,grade:unknown|condition:14,150.0,,1300～1600m,春,8.0-10.9M
2026-05-09,2026-0509-08-03-05-09,2022103345,ウォータークラーク,1,1,34.0,3.4000000953674316,2,0.5031511064083172,0.260423304924844,1,340.0,2026-04-30,monthly_walk_forward,京都,芝,1600,15800000.0,7,grade:E|condition:14,130.0,久御山特別,1300～1600m,春,11.0-15.9M
2026-05-09,2026-0509-08-03-05-10,2021105459,ヴィスマール,1,1,49.0,4.900000095367432,3,0.0675955169329947,0.2309204991404912,1,490.0,2026-04-30,monthly_walk_forward,京都,芝,2000,15800000.0,3,grade:E|condition:14,120.0,鴨川特別,1700～2000m,春,11.0-15.9M
2026-05-09,2026-0509-08-03-05-11,2023106983,ベレシート,2,0,21.0,2.0999999046325684,1,0.9520048206576908,0.1436520275080989,1,0.0,2026-04-30,monthly_walk_forward,京都,芝,2200,54000000.0,15,grade:B|condition:12,120.0,京都新聞杯,2100～2400m,春,50M+
2026-05-09,2026-0509-08-03-05-12,2022101821,ロードヴォイジャー,1,1,34.0,3.4000000953674316,2,0.6945026969758837,0.3899111348747424,1,340.0,2026-04-30,monthly_walk_forward,京都,芝,1800,11900000.0,8,grade:unknown|condition:14,170.0,,1700～2000m,春,11.0-15.9M
2026-05-10,2026-0510-04-01-04-04,2022106684,ドラギニャン,3,0,20.0,2.0,1,-1.0333408194825322,0.2438163257519888,1,0.0,2026-04-30,monthly_walk_forward,新潟,芝,2890,8400000.0,8,grade:unknown|condition:19,110.0,,2500m～,春,8.0-10.9M
2026-05-10,2026-0510-04-01-04-07,2022100819,ゴメンネジロー,3,0,34.0,3.4000000953674316,1,0.1135390804808176,0.2289732487114857,1,0.0,2026-04-30,monthly_walk_forward,新潟,芝,1200,8200000.0,15,grade:unknown|condition:14,150.0,,～1200m,春,8.0-10.9M
2026-05-10,2026-0510-04-01-04-08,2022104440,ハーモニーソング,9,0,50.0,5.0,2,0.1449822316054875,0.1624605367210057,1,0.0,2026-04-30,monthly_walk_forward,新潟,芝,1200,8200000.0,5,grade:unknown|condition:14,0.0,,～1200m,春,8.0-10.9M
2026-05-10,2026-0510-04-01-04-09,2022101307,ガンバルマン,6,0,61.0,6.099999904632568,2,0.1233507640550489,0.1743881609652975,1,0.0,2026-04-30,monthly_walk_forward,新潟,芝,2400,11400000.0,4,grade:E|condition:14,0.0,荒川峡特別,2100～2400m,春,11.0-15.9M
2026-05-10,2026-0510-04-01-04-10,2021105094,エイカイソウル,10,0,26.0,2.5999999046325684,1,0.8648127305908742,0.3226061396413017,1,0.0,2026-04-30,monthly_walk_forward,新潟,芝,1800,15800000.0,5,grade:E|condition:14,0.0,五泉特別,1700～2000m,春,11.0-15.9M
2026-05-10,2026-0510-04-01-04-11,2021100139,クランフォード,11,0,27.0,2.700000047683716,1,0.6443445149786123,0.1949250624850809,1,0.0,2026-04-30,monthly_walk_forward,新潟,芝,1400,27000000.0,11,grade:L|condition:14,0.0,谷川岳ステークス,1300～1600m,春,25.0-49.9M
2026-05-10,2026-0510-04-01-04-12,2022103058,ノボリリア,2,0,63.0,6.300000190734863,3,0.2565865577408884,0.1768470376901624,1,0.0,2026-04-30,monthly_walk_forward,新潟,芝,1200,8200000.0,12,grade:unknown|condition:14,180.0,,～1200m,春,8.0-10.9M
2026-05-10,2026-0510-05-02-06-05,2023106494,ビービーアジャイル,1,1,26.0,2.5999999046325684,1,0.6307375375735679,0.1830936845075589,1,260.0,2026-04-30,monthly_walk_forward,東京,芝,2100,8200000.0,16,grade:unknown|condition:12,150.0,,2100～2400m,春,8.0-10.9M
2026-05-10,2026-0510-05-02-06-06,2022104811,アセンブリールーム,2,0,26.0,2.5999999046325684,2,0.2912939811016699,0.247785118305943,1,0.0,2026-04-30,monthly_walk_forward,東京,芝,1400,8200000.0,10,grade:unknown|condition:14,110.0,,1300～1600m,春,8.0-10.9M
2026-05-10,2026-0510-05-02-06-07,2021104313,キミハスコール,1,1,28.0,2.799999952316284,1,-0.1947759560204908,0.168328488459497,1,280.0,2026-04-30,monthly_walk_forward,東京,芝,1300,8200000.0,13,grade:unknown|condition:14,160.0,,1300～1600m,春,8.0-10.9M
2026-05-10,2026-0510-05-02-06-08,2022105991,レッドキングリー,1,1,17.0,1.7000000476837158,1,0.8439694956626466,0.28276058132624,1,170.0,2026-04-30,monthly_walk_forward,東京,芝,1400,11900000.0,7,grade:unknown|condition:14,110.0,,1300～1600m,春,11.0-15.9M
2026-05-10,2026-0510-05-02-06-09,2022101234,オオタチ,6,0,31.0,3.0999999046325684,2,0.3233719949087366,0.2704372334797795,1,0.0,2026-04-30,monthly_walk_forward,東京,芝,2100,15800000.0,3,grade:E|condition:14,0.0,日吉特別,2100～2400m,春,11.0-15.9M
2026-05-10,2026-0510-05-02-06-10,2019105193,バトルボーン,3,0,32.0,3.200000047683716,2,1.1480108717810646,0.2824717774104133,1,0.0,2026-04-30,monthly_walk_forward,東京,芝,2400,28000000.0,2,grade:L|condition:14,120.0,メトロポリタンステークス,2100～2400m,春,25.0-49.9M
2026-05-10,2026-0510-05-02-06-11,2023105685,ダイヤモンドノット,5,0,55.0,5.5,3,1.006768475516821,0.1520848298567713,1,0.0,2026-04-30,monthly_walk_forward,東京,芝,1600,130000000.0,7,grade:A|condition:12,0.0,ＮＨＫマイルカップ,1300～1600m,春,50M+
2026-05-10,2026-0510-05-02-06-12,2022105832,セギレエルビエント,2,0,32.0,3.200000047683716,1,0.7293393878456166,0.1854757229285985,1,0.0,2026-04-30,monthly_walk_forward,東京,芝,1600,18700000.0,3,grade:E|condition:14,140.0,立夏ステークス,1300～1600m,春,16.0-24.9M
2026-05-10,2026-0510-08-03-06-06,2021101557,タマモランプ,6,0,46.0,4.599999904632568,3,0.3084985543492772,0.2659454639007798,1,0.0,2026-04-30,monthly_walk_forward,京都,芝,2200,8200000.0,1,grade:unknown|condition:14,0.0,,2100～2400m,春,8.0-10.9M
2026-05-10,2026-0510-08-03-06-07,2023102948,シュネルアンジュ,2,0,24.0,2.4000000953674316,1,0.5135794354247079,0.2377029467962955,1,0.0,2026-04-30,monthly_walk_forward,京都,芝,1800,8200000.0,6,grade:unknown|condition:12,120.0,,1700～2000m,春,8.0-10.9M
2026-05-10,2026-0510-08-03-06-08,2022106438,タマモブラウンタイ,1,1,35.0,3.5,1,0.1379905179162671,0.2072540591317224,1,350.0,2026-04-30,monthly_walk_forward,京都,芝,1200,8200000.0,12,grade:unknown|condition:14,150.0,,～1200m,春,8.0-10.9M
2026-05-10,2026-0510-08-03-06-09,2022107282,レクスノヴァス,1,1,20.0,2.0,1,1.148005178096124,0.2649567942006515,1,200.0,2026-04-30,monthly_walk_forward,京都,芝,2400,18700000.0,6,grade:E|condition:14,110.0,烏丸ステークス,2100～2400m,春,16.0-24.9M
2026-05-10,2026-0510-08-03-06-10,2023107352,スペルーチェ,3,0,38.0,3.799999952316284,2,0.7989841050511535,0.2747917294656437,1,0.0,2026-04-30,monthly_walk_forward,京都,芝,1400,21000000.0,5,grade:L|condition:12,130.0,橘ステークス,1300～1600m,春,16.0-24.9M
2026-05-10,2026-0510-08-03-06-11,2022105722,グランドプラージュ,2,0,18.0,1.7999999523162842,1,1.8561410196728132,0.3333721162329269,1,0.0,2026-04-30,monthly_walk_forward,京都,芝,1800,22000000.0,10,grade:E|condition:14,110.0,平城京ステークス,1700～2000m,春,16.0-24.9M
2026-05-10,2026-0510-08-03-06-12,2021102754,ランスオブセヘル,2,0,42.0,4.199999809265137,3,0.2001948485876571,0.211571309279566,1,0.0,2026-04-30,monthly_walk_forward,京都,芝,1400,11900000.0,8,grade:unknown|condition:14,160.0,,1300～1600m,春,11.0-15.9M
2026-05-16,2026-0516-04-01-05-07,2022100630,フルドド,7,0,27.0,2.700000047683716,1,0.0373849460240221,0.3430866519816323,1,0.0,2026-04-30,monthly_walk_forward,新潟,芝,1200,8200000.0,1,grade:unknown|condition:14,0.0,,～1200m,春,8.0-10.9M
2026-05-16,2026-0516-04-01-05-08,2022103242,ダノンヴェステル,3,0,19.0,1.899999976158142,1,0.205543612919208,0.3513617628430479,1,0.0,2026-04-30,monthly_walk_forward,新潟,芝,1800,8200000.0,5,grade:unknown|condition:14,110.0,,1700～2000m,春,8.0-10.9M
2026-05-16,2026-0516-04-01-05-09,2022100781,ルールーリマ,1,1,16.0,1.600000023841858,1,0.3000165026674904,0.2412847129909906,1,160.0,2026-04-30,monthly_walk_forward,新潟,芝,1800,11400000.0,12,grade:E|condition:14,110.0,石打特別,1700～2000m,春,11.0-15.9M
2026-05-16,2026-0516-04-01-05-10,2021101106,スマートスピア,8,0,17.0,1.7000000476837158,1,0.9164249710255398,0.3969464842120757,1,0.0,2026-04-30,monthly_walk_forward,新潟,芝,1800,15800000.0,4,grade:E|condition:14,0.0,中ノ岳特別,1700～2000m,春,11.0-15.9M
2026-05-16,2026-0516-04-01-05-11,2021102224,シュガークン,15,0,70.0,7.0,2,1.21887355694738,0.1944954409569552,1,0.0,2026-04-30,monthly_walk_forward,新潟,芝,2000,43000000.0,15,grade:C|condition:14,0.0,新潟大賞典,1700～2000m,春,25.0-49.9M
2026-05-16,2026-0516-04-01-05-12,2022103594,サンタアニタ,1,1,50.0,5.0,3,0.4341967440369315,0.2062885837687869,1,500.0,2026-04-30,monthly_walk_forward,新潟,芝,1400,8200000.0,10,grade:unknown|condition:14,190.0,,1300～1600m,春,8.0-10.9M
2026-05-16,2026-0516-05-02-07-06,2023103391,ブラウンバナナ,3,0,58.0,5.800000190734863,4,0.4566067986254173,0.3104240490200106,1,0.0,2026-04-30,monthly_walk_forward,東京,芝,2400,8200000.0,8,grade:unknown|condition:12,150.0,,2100～2400m,春,8.0-10.9M
2026-05-16,2026-0516-05-02-07-07,2023107535,ムテキシャチョウ,2,0,69.0,6.900000095367432,4,0.0005781505115154,0.1787048502291532,1,0.0,2026-04-30,monthly_walk_forward,東京,芝,1400,8200000.0,13,grade:unknown|condition:12,180.0,,1300～1600m,春,8.0-10.9M
2026-05-16,2026-0516-05-02-07-08,2022106975,ハクシンブライアン,3,0,21.0,2.0999999046325684,1,0.4417227102414405,0.2682915992479646,1,0.0,2026-04-30,monthly_walk_forward,東京,芝,1600,8200000.0,15,grade:unknown|condition:14,120.0,,1300～1600m,春,8.0-10.9M
2026-05-16,2026-0516-05-02-07-09,2022105038,シャンソンドール,2,0,17.0,1.7000000476837158,1,0.512155610281555,0.2276847114962914,1,0.0,2026-04-30,monthly_walk_forward,東京,芝,1800,15800000.0,3,grade:E|condition:14,110.0,調布特別,1700～2000m,春,11.0-15.9M
2026-05-16,2026-0516-05-02-07-10,2022110152,レーティッシュ,3,0,34.0,3.4000000953674316,2,0.6155569549464909,0.228709166778204,1,0.0,2026-04-30,monthly_walk_forward,東京,芝,1400,15800000.0,12,grade:E|condition:14,130.0,立川特別,1300～1600m,春,11.0-15.9M
2026-05-16,2026-0516-05-02-07-11,2022104925,トリプルコーク,14,0,17.0,1.7000000476837158,1,1.1382376769635445,0.2226959959957598,1,0.0,2026-04-30,monthly_walk_forward,東京,芝,2400,18700000.0,6,grade:E|condition:14,0.0,六社ステークス,2100～2400m,春,16.0-24.9M
2026-05-16,2026-0516-05-02-07-12,2021105896,ケープウィッカム,2,0,29.0,2.9000000953674316,1,-0.075573485170319,0.2538728532145852,1,0.0,2026-04-30,monthly_walk_forward,東京,芝,1600,8200000.0,9,grade:unknown|condition:14,140.0,,1300～1600m,春,8.0-10.9M
2026-05-16,2026-0516-08-03-07-06,2021103842,ニホンピロカラット,1,1,25.0,2.5,1,-0.6983197870104862,0.1442281433549454,1,250.0,2026-04-30,monthly_walk_forward,京都,芝,1200,8200000.0,5,grade:unknown|condition:14,130.0,,～1200m,春,8.0-10.9M
2026-05-16,2026-0516-08-03-07-07,2022106619,コルドンブルー,1,1,33.0,3.299999952316284,2,0.6278822231461207,0.2808302126203826,1,330.0,2026-04-30,monthly_walk_forward,京都,芝,1600,8200000.0,6,grade:unknown|condition:14,120.0,,1300～1600m,春,8.0-10.9M
2026-05-16,2026-0516-08-03-07-08,2021105654,ダノンロッキー,6,0,65.0,6.5,3,0.2171710476117404,0.4257575243990473,1,0.0,2026-04-30,monthly_walk_forward,京都,芝,3930,45000000.0,1,grade:G|condition:19,0.0,京都ハイジャンプ,2500m～,春,25.0-49.9M
2026-05-16,2026-0516-08-03-07-09,2023105380,サトノアイボリー,9,0,39.0,3.900000095367432,2,0.7040176442361719,0.2154738002134919,1,0.0,2026-04-30,monthly_walk_forward,京都,芝,2000,11400000.0,4,grade:E|condition:12,0.0,あずさ賞,1700～2000m,春,11.0-15.9M
2026-05-16,2026-0516-08-03-07-10,2022107134,タガノマカシヤ,5,0,23.0,2.299999952316284,1,0.6140622277692015,0.1530522705557084,1,0.0,2026-04-30,monthly_walk_forward,京都,芝,1900,18700000.0,10,grade:E|condition:14,0.0,上賀茂ステークス,1700～2000m,春,16.0-24.9M
2026-05-16,2026-0516-08-03-07-11,2022102020,フリッカージャブ,1,1,18.0,1.7999999523162842,1,1.176262604419295,0.1992228596860063,1,180.0,2026-04-30,monthly_walk_forward,京都,芝,1200,23000000.0,12,grade:E|condition:14,110.0,鞍馬ステークス,～1200m,春,16.0-24.9M
2026-05-16,2026-0516-08-03-07-12,2021104058,ライトニングゼウス,1,1,23.0,2.299999952316284,1,0.6177240489771227,0.2719352420287322,1,230.0,2026-04-30,monthly_walk_forward,京都,芝,1200,11900000.0,10,grade:unknown|condition:14,130.0,,～1200m,春,11.0-15.9M
2026-05-17,2026-0517-04-01-06-01,2021105335,トーアマリシテン,2,0,151.0,15.100000381469728,7,-0.9327281849145064,0.1496165502645595,1,0.0,2026-04-30,monthly_walk_forward,新潟,芝,2890,8400000.0,11,grade:unknown|condition:19,260.0,,2500m～,春,8.0-10.9M
2026-05-17,2026-0517-04-01-06-04,2021105646,タイセイレスポンス,5,0,59.0,5.900000095367432,3,-0.3015625608383002,0.2811811055469458,1,0.0,2026-04-30,monthly_walk_forward,新潟,芝,2890,8400000.0,11,grade:unknown|condition:19,0.0,,2500m～,春,8.0-10.9M
2026-05-17,2026-0517-04-01-06-07,2021105113,ダノンアトラス,3,0,29.0,2.9000000953674316,2,0.250222096113749,0.2473190281654084,1,0.0,2026-04-30,monthly_walk_forward,新潟,芝,2000,8200000.0,12,grade:unknown|condition:14,140.0,,1700～2000m,春,8.0-10.9M
2026-05-17,2026-0517-04-01-06-08,2022100912,ココデイック,3,0,22.0,2.200000047683716,1,-0.3762227578911362,0.2539425543818367,1,0.0,2026-04-30,monthly_walk_forward,新潟,芝,1800,8200000.0,2,grade:unknown|condition:14,110.0,,1700～2000m,春,8.0-10.9M
2026-05-17,2026-0517-04-01-06-09,2020103121,ダノンゴーイチ,11,0,41.0,4.099999904632568,1,-0.3619187875360298,0.1589937649749815,1,0.0,2026-04-30,monthly_walk_forward,新潟,芝,1000,11400000.0,15,grade:E|condition:14,0.0,飛竜特別,～1200m,春,11.0-15.9M
2026-05-17,2026-0517-04-01-06-10,2022105064,マリアイリダータ,1,1,25.0,2.5,1,0.869130089675492,0.2341369083127886,1,250.0,2026-04-30,monthly_walk_forward,新潟,芝,2000,15800000.0,14,grade:E|condition:14,130.0,信濃川特別,1700～2000m,春,11.0-15.9M
2026-05-17,2026-0517-04-01-06-11,2022101192,エストゥペンダ,1,1,21.0,2.0999999046325684,1,0.5265975841017324,0.168738454993693,1,210.0,2026-04-30,monthly_walk_forward,新潟,芝,1800,18700000.0,6,grade:E|condition:14,130.0,弥彦ステークス,1700～2000m,春,16.0-24.9M
2026-05-17,2026-0517-04-01-06-12,2022100620,シルフレイ,5,0,34.0,3.4000000953674316,1,-0.2307243905831412,0.2076875166695955,1,0.0,2026-04-30,monthly_walk_forward,新潟,芝,1200,8200000.0,4,grade:unknown|condition:14,0.0,,～1200m,春,8.0-10.9M
2026-05-17,2026-0517-05-02-08-06,2023107172,バルボアパーク,8,0,29.0,2.9000000953674316,1,0.549181880771676,0.2892489137576998,1,0.0,2026-04-30,monthly_walk_forward,東京,芝,1600,8200000.0,5,grade:unknown|condition:12,0.0,,1300～1600m,春,8.0-10.9M
2026-05-17,2026-0517-05-02-08-07,2023103101,トミーバローズ,1,1,39.0,3.900000095367432,1,0.5026153090996276,0.2223701614012954,1,390.0,2026-04-30,monthly_walk_forward,東京,芝,1600,8200000.0,2,grade:unknown|condition:12,170.0,,1300～1600m,春,8.0-10.9M
2026-05-17,2026-0517-05-02-08-08,2022104973,バズアップビート,4,0,54.0,5.400000095367432,3,-0.1904651579170282,0.1648110922900932,1,0.0,2026-04-30,monthly_walk_forward,東京,芝,1800,8200000.0,10,grade:unknown|condition:14,0.0,,1700～2000m,春,8.0-10.9M
2026-05-17,2026-0517-05-02-08-09,2022105601,エルマーゴ,1,1,24.0,2.4000000953674316,1,0.5511546771979956,0.2992249410805071,1,240.0,2026-04-30,monthly_walk_forward,東京,芝,1600,15800000.0,12,grade:E|condition:14,120.0,テレ玉杯,1300～1600m,春,11.0-15.9M
2026-05-17,2026-0517-05-02-08-10,2022104608,グロスビーク,13,0,21.0,2.0999999046325684,1,0.6735644013061557,0.2959256849588956,1,0.0,2026-04-30,monthly_walk_forward,東京,芝,1600,15800000.0,1,grade:E|condition:14,0.0,青梅特別,1300～1600m,春,11.0-15.9M
2026-05-17,2026-0517-05-02-08-11,2021105414,クイーンズウォーク,3,0,88.0,8.800000190734863,3,1.1329586992437193,0.188966256398503,1,0.0,2026-04-30,monthly_walk_forward,東京,芝,1600,150000000.0,7,grade:A|condition:14,210.0,ヴィクトリアマイル,1300～1600m,春,50M+
2026-05-17,2026-0517-05-02-08-12,2022105094,コーラルクラウン,11,0,47.0,4.699999809265137,2,0.706599964491532,0.1497092436040135,1,0.0,2026-04-30,monthly_walk_forward,東京,芝,1400,18700000.0,3,grade:E|condition:14,0.0,ＢＳイレブン賞,1300～1600m,春,16.0-24.9M
2026-05-17,2026-0517-08-03-08-06,2023105786,ロードアマルフィ,5,0,51.0,5.099999904632568,3,0.5772232392783829,0.2010714139425018,1,0.0,2026-04-30,monthly_walk_forward,京都,芝,1800,8200000.0,14,grade:unknown|condition:12,0.0,,1700～2000m,春,8.0-10.9M
2026-05-17,2026-0517-08-03-08-07,2022107106,デリュージョン,8,0,31.0,3.0999999046325684,1,-0.1414060709171345,0.2253564450979855,1,0.0,2026-04-30,monthly_walk_forward,京都,芝,2000,8200000.0,4,grade:unknown|condition:14,0.0,,1700～2000m,春,8.0-10.9M
2026-05-17,2026-0517-08-03-08-08,2022106186,ゴッドエスパーダ,2,0,28.0,2.799999952316284,1,0.6444920884481344,0.349004589391944,1,0.0,2026-04-30,monthly_walk_forward,京都,芝,1900,11900000.0,3,grade:unknown|condition:14,130.0,,1700～2000m,春,11.0-15.9M
2026-05-17,2026-0517-08-03-08-09,2022105280,ファーングロット,2,0,15.0,1.5,1,1.0293699348212304,0.3704097807838479,1,0.0,2026-04-30,monthly_walk_forward,京都,芝,2400,15800000.0,5,grade:E|condition:14,100.0,白川特別,2100～2400m,春,11.0-15.9M
2026-05-17,2026-0517-08-03-08-10,2022104145,インヴォーグ,8,0,28.0,2.799999952316284,1,0.9816941647520464,0.2112754966884789,1,0.0,2026-04-30,monthly_walk_forward,京都,芝,1600,18700000.0,10,grade:E|condition:14,0.0,錦ステークス,1300～1600m,春,16.0-24.9M
2026-05-17,2026-0517-08-03-08-11,2022106658,ベルジュロネット,2,0,47.0,4.699999809265137,2,1.361559679471204,0.2525315054171239,1,0.0,2026-04-30,monthly_walk_forward,京都,芝,1400,24000000.0,11,grade:L|condition:14,180.0,栗東ステークス,1300～1600m,春,16.0-24.9M
2026-05-17,2026-0517-08-03-08-12,2018103368,メイショウカイト,4,0,49.0,4.900000095367432,3,0.5086577519814841,0.2526917063331408,1,0.0,2026-04-30,monthly_walk_forward,京都,芝,1400,11900000.0,11,grade:unknown|condition:14,0.0,,1300～1600m,春,11.0-15.9M
2026-05-23,2026-0523-04-01-07-01,2021105885,キャネル,2,0,18.0,1.7999999523162842,1,-0.5577379525311975,0.2002813497618523,1,0.0,2026-04-30,monthly_walk_forward,新潟,芝,2890,8400000.0,8,grade:unknown|condition:19,110.0,,2500m～,春,8.0-10.9M
2026-05-23,2026-0523-04-01-07-04,2020103043,コレペティトール,1,1,14.0,1.399999976158142,1,0.5944754089645652,0.3438572563087651,1,140.0,2026-04-30,monthly_walk_forward,新潟,芝,3290,14300000.0,4,grade:unknown|condition:19,110.0,,2500m～,春,11.0-15.9M
2026-05-23,2026-0523-04-01-07-08,2022100439,ハギノコラソン,1,1,24.0,2.4000000953674316,1,0.4390127205421443,0.2543822093227482,1,240.0,2026-04-30,monthly_walk_forward,新潟,芝,1800,8200000.0,15,grade:unknown|condition:14,150.0,,1700～2000m,春,8.0-10.9M
2026-05-23,2026-0523-04-01-07-09,2023103068,トモジャオーリー,7,0,64.0,6.400000095367432,5,0.0549356519107085,0.1740249410869002,1,0.0,2026-04-30,monthly_walk_forward,新潟,芝,1000,11400000.0,14,grade:E|condition:12,0.0,はやぶさ賞,～1200m,春,11.0-15.9M
2026-05-23,2026-0523-04-01-07-10,2022100274,マイネルアズーロ,1,1,41.0,4.099999904632568,1,-0.0230468259631461,0.1370036901002902,1,410.0,2026-04-30,monthly_walk_forward,新潟,芝,2000,11400000.0,9,grade:E|condition:14,180.0,尖閣湾特別,1700～2000m,春,11.0-15.9M
2026-05-23,2026-0523-04-01-07-11,2021101399,ヴァンヴィーヴ,3,0,31.0,3.0999999046325684,1,0.4237095747361962,0.1453295003433026,1,0.0,2026-04-30,monthly_walk_forward,新潟,芝,1200,15800000.0,4,grade:E|condition:14,140.0,大日岳特別,～1200m,春,11.0-15.9M
2026-05-23,2026-0523-04-01-07-12,2022101456,ダイヤモンド,15,0,50.0,5.0,1,0.0271954420136142,0.2219967748635619,1,0.0,2026-04-30,monthly_walk_forward,新潟,芝,1200,8200000.0,2,grade:unknown|condition:14,0.0,,～1200m,春,8.0-10.9M
2026-05-23,2026-0523-05-02-09-06,2023107090,インディヴァイン,7,0,111.0,11.100000381469728,5,0.317590554688486,0.1497510345929377,1,0.0,2026-04-30,monthly_walk_forward,東京,芝,1600,8200000.0,9,grade:unknown|condition:12,0.0,,1300～1600m,春,8.0-10.9M
2026-05-23,2026-0523-05-02-09-07,2022104666,カザンラク,6,0,19.0,1.899999976158142,1,0.8166940371239145,0.2663391984195524,1,0.0,2026-04-30,monthly_walk_forward,東京,芝,1600,8200000.0,17,grade:unknown|condition:14,0.0,,1300～1600m,春,8.0-10.9M
2026-05-23,2026-0523-05-02-09-08,2022105585,クラリネットソナタ,10,0,34.0,3.4000000953674316,2,0.2816386868468726,0.2495592355715708,1,0.0,2026-04-30,monthly_walk_forward,東京,芝,1400,8200000.0,10,grade:unknown|condition:14,0.0,,1300～1600m,春,8.0-10.9M
2026-05-23,2026-0523-05-02-09-09,2023107030,イクシード,1,1,13.0,1.2999999523162842,1,0.87252627283962,0.2571066105061953,1,130.0,2026-04-30,monthly_walk_forward,東京,芝,1800,11400000.0,10,grade:E|condition:12,110.0,カーネーションカップ,1700～2000m,春,11.0-15.9M
2026-05-23,2026-0523-05-02-09-10,2022106393,ブラックジェダイト,4,0,38.0,3.799999952316284,2,0.7172442078930065,0.193602273884339,1,0.0,2026-04-30,monthly_walk_forward,東京,芝,1400,15800000.0,1,grade:E|condition:14,0.0,高尾特別,1300～1600m,春,11.0-15.9M
2026-05-23,2026-0523-05-02-09-11,2022106942,ドンインザムード,1,1,19.0,1.899999976158142,1,1.2817583275700637,0.2551814789488092,1,190.0,2026-04-30,monthly_walk_forward,東京,芝,1400,22000000.0,3,grade:E|condition:14,110.0,欅ステークス,1300～1600m,春,16.0-24.9M
2026-05-23,2026-0523-05-02-09-12,2021101053,キョウエイフロイデ,1,1,31.0,3.0999999046325684,1,0.6278190952322878,0.2549062470591781,1,310.0,2026-04-30,monthly_walk_forward,東京,芝,1600,11900000.0,4,grade:unknown|condition:14,130.0,,1300～1600m,春,11.0-15.9M
2026-05-23,2026-0523-08-03-09-06,2023105249,シオンダンサー,11,0,35.0,3.5,2,0.5153916115158736,0.2132959097719192,1,0.0,2026-04-30,monthly_walk_forward,京都,芝,1400,8200000.0,3,grade:unknown|condition:12,0.0,,1300～1600m,春,8.0-10.9M
2026-05-23,2026-0523-08-03-09-07,2022105558,ロケベンドラ,11,0,68.0,6.800000190734863,4,0.4258807268138942,0.1778573475068417,1,0.0,2026-04-30,monthly_walk_forward,京都,芝,1800,8200000.0,1,grade:unknown|condition:14,0.0,,1700～2000m,春,8.0-10.9M
2026-05-23,2026-0523-08-03-09-08,2022105098,マディソンガール,1,1,16.0,1.600000023841858,1,0.6433581822033104,0.3057505383830565,1,160.0,2026-04-30,monthly_walk_forward,京都,芝,1800,8200000.0,10,grade:unknown|condition:14,110.0,,1700～2000m,春,8.0-10.9M
2026-05-23,2026-0523-08-03-09-09,2023102997,ペイシャシス,4,0,145.0,14.5,6,0.5384928692048185,0.2362745919326982,1,0.0,2026-04-30,monthly_walk_forward,京都,芝,1600,11400000.0,8,grade:E|condition:12,0.0,メルボルントロフィー,1300～1600m,春,11.0-15.9M
2026-05-23,2026-0523-08-03-09-10,2022105442,ラブリージャブリー,16,0,46.0,4.599999904632568,2,1.062843887228044,0.1781633517434936,1,0.0,2026-04-30,monthly_walk_forward,京都,芝,2000,18700000.0,2,grade:E|condition:14,0.0,シドニートロフィー,1700～2000m,春,16.0-24.9M
2026-05-23,2026-0523-08-03-09-11,2022105702,リアライズカミオン,12,0,62.0,6.199999809265137,3,1.3340737321698168,0.2349419305457706,1,0.0,2026-04-30,monthly_walk_forward,京都,芝,1900,40000000.0,3,grade:C|condition:14,0.0,平安ステークス,1700～2000m,春,25.0-49.9M
2026-05-23,2026-0523-08-03-09-12,2022102202,ヨリノレジェンド,1,1,25.0,2.5,1,0.2784409354017449,0.1831916210275636,1,250.0,2026-04-30,monthly_walk_forward,京都,芝,1400,15800000.0,4,grade:E|condition:14,130.0,オーストラリアトロフィー,1300～1600m,春,11.0-15.9M
2026-05-24,2026-0524-04-01-08-04,2020102976,ノーブルクライ,2,0,26.0,2.5999999046325684,1,-0.3183062786517112,0.2266630616073875,1,0.0,2026-04-30,monthly_walk_forward,新潟,芝,2890,8400000.0,1,grade:unknown|condition:19,120.0,,2500m～,春,8.0-10.9M
2026-05-24,2026-0524-04-01-08-07,2021104671,ミライハーモニー,3,0,50.0,5.0,2,0.1022506439268086,0.1729278936357854,1,0.0,2026-04-30,monthly_walk_forward,新潟,芝,1200,8200000.0,10,grade:unknown|condition:14,170.0,,～1200m,春,8.0-10.9M
2026-05-24,2026-0524-04-01-08-08,2022105583,セイプリーズ,1,1,53.0,5.300000190734863,2,-0.004304619369017,0.1683340436861687,1,530.0,2026-04-30,monthly_walk_forward,新潟,芝,1200,8200000.0,6,grade:unknown|condition:14,180.0,,～1200m,春,8.0-10.9M
2026-05-24,2026-0524-04-01-08-09,2022103251,メイショウビストロ,9,0,49.0,4.900000095367432,2,0.0956187462466868,0.1706012053963706,1,0.0,2026-04-30,monthly_walk_forward,新潟,芝,1800,11400000.0,13,grade:E|condition:14,0.0,二王子特別,1700～2000m,春,11.0-15.9M
2026-05-24,2026-0524-04-01-08-10,2022110132,ピコテンダー,3,0,32.0,3.200000047683716,1,0.2389294627057594,0.165336166297963,1,0.0,2026-04-30,monthly_walk_forward,新潟,芝,1200,15800000.0,14,grade:E|condition:14,170.0,火打山特別,～1200m,春,11.0-15.9M
2026-05-24,2026-0524-04-01-08-11,2022110105,アメリカンステージ,2,0,32.0,3.200000047683716,1,0.4742925035258871,0.1883338705043905,1,0.0,2026-04-30,monthly_walk_forward,新潟,芝,1000,23000000.0,14,grade:E|condition:14,180.0,韋駄天ステークス,～1200m,春,16.0-24.9M
2026-05-24,2026-0524-04-01-08-12,2022104419,ローズマイスター,3,0,31.0,3.0999999046325684,1,0.0110114458727302,0.1535932303652963,1,0.0,2026-04-30,monthly_walk_forward,新潟,芝,1800,8200000.0,10,grade:unknown|condition:14,150.0,,1700～2000m,春,8.0-10.9M
2026-05-24,2026-0524-05-02-10-06,2023103365,ヘリテージブルーム,1,1,16.0,1.600000023841858,1,0.5699219406573851,0.2039755525632211,1,160.0,2026-04-30,monthly_walk_forward,東京,芝,1400,8200000.0,6,grade:unknown|condition:12,110.0,,1300～1600m,春,8.0-10.9M
2026-05-24,2026-0524-05-02-10-07,2022106811,マイネルアウルム,1,1,111.0,11.100000381469728,4,-0.0074849508944729,0.1539270209949784,1,1110.0,2026-04-30,monthly_walk_forward,東京,芝,2400,8200000.0,9,grade:unknown|condition:14,280.0,,2100～2400m,春,8.0-10.9M
2026-05-24,2026-0524-05-02-10-08,2022104865,ヘニーガイスト,1,1,19.0,1.899999976158142,1,0.4103737337291377,0.1546408066208586,1,190.0,2026-04-30,monthly_walk_forward,東京,芝,1600,15800000.0,11,grade:E|condition:14,140.0,三峰山特別,1300～1600m,春,11.0-15.9M
2026-05-24,2026-0524-05-02-10-09,2021105859,フォルラニーニ,1,1,28.0,2.799999952316284,2,0.9783220579484272,0.4394490712567196,1,280.0,2026-04-30,monthly_walk_forward,東京,芝,1800,15800000.0,8,grade:E|condition:14,180.0,国分寺特別,1700～2000m,春,11.0-15.9M
2026-05-24,2026-0524-05-02-10-10,2020102488,トーセンエスクード,4,0,67.0,6.699999809265137,4,1.0279559941375258,0.2089921978551935,1,0.0,2026-04-30,monthly_walk_forward,東京,芝,1400,18700000.0,4,grade:E|condition:14,0.0,フリーウェイステークス,1300～1600m,春,16.0-24.9M
2026-05-24,2026-0524-05-02-10-11,2023106920,スターアニス,12,0,30.0,3.0,1,1.67306915058556,0.3048340242602478,1,0.0,2026-04-30,monthly_walk_forward,東京,芝,2400,150000000.0,10,grade:A|condition:12,0.0,優駿牝馬,2100～2400m,春,50M+
2026-05-24,2026-0524-05-02-10-12,2022103267,ギュルヴィ,1,1,24.0,2.4000000953674316,1,0.7492105877612834,0.1689256407471165,1,240.0,2026-04-30,monthly_walk_forward,東京,芝,2100,18700000.0,7,grade:E|condition:14,120.0,丹沢ステークス,2100～2400m,春,16.0-24.9M
2026-05-24,2026-0524-08-03-10-05,2023103160,メイクワンズデイ,5,0,33.0,3.299999952316284,1,0.3837723391547947,0.2559955715320782,1,0.0,2026-04-30,monthly_walk_forward,京都,芝,1200,8200000.0,5,grade:unknown|condition:12,0.0,,～1200m,春,8.0-10.9M
2026-05-24,2026-0524-08-03-10-06,2023106187,アンソニー,9,0,150.0,15.0,6,0.3667085202095366,0.1374993699145026,1,0.0,2026-04-30,monthly_walk_forward,京都,芝,1900,8200000.0,16,grade:unknown|condition:12,0.0,,1700～2000m,春,8.0-10.9M
2026-05-24,2026-0524-08-03-10-07,2022103058,ノボリリア,6,0,118.0,11.800000190734863,8,0.1976010081586266,0.1593808160158465,1,0.0,2026-04-30,monthly_walk_forward,京都,芝,1400,8200000.0,16,grade:unknown|condition:14,0.0,,1300～1600m,春,8.0-10.9M
2026-05-24,2026-0524-08-03-10-08,2022102223,サイモンシュバリエ,1,1,17.0,1.7000000476837158,1,0.2967639310074535,0.2738620477674363,1,170.0,2026-04-30,monthly_walk_forward,京都,芝,1800,11900000.0,5,grade:unknown|condition:14,110.0,,1700～2000m,春,11.0-15.9M
2026-05-24,2026-0524-08-03-10-09,2022105438,ジョイエッロ,3,0,20.0,2.0,1,0.5794474738482288,0.2823958770109079,1,0.0,2026-04-30,monthly_walk_forward,京都,芝,1800,15800000.0,8,grade:E|condition:14,110.0,聖護院特別,1700～2000m,春,11.0-15.9M
2026-05-24,2026-0524-08-03-10-10,2022106689,アンズアメ,1,1,33.0,3.299999952316284,2,0.8326452442856814,0.1864057912927784,1,330.0,2026-04-30,monthly_walk_forward,京都,芝,1200,18700000.0,12,grade:E|condition:14,130.0,高瀬川ステークス,～1200m,春,16.0-24.9M
2026-05-24,2026-0524-08-03-10-11,2022101193,ジーティーアダマン,3,0,19.0,1.899999976158142,1,0.9569815933143994,0.2577644925904823,1,0.0,2026-04-30,monthly_walk_forward,京都,芝,1800,28000000.0,12,grade:L|condition:14,130.0,都大路ステークス,1700～2000m,春,25.0-49.9M
2026-05-24,2026-0524-08-03-10-12,2021107097,ララバッカナール,10,0,17.0,1.7000000476837158,1,0.4755306076314906,0.2482349099738705,1,0.0,2026-04-30,monthly_walk_forward,京都,芝,1400,8200000.0,13,grade:unknown|condition:14,0.0,,1300～1600m,春,8.0-10.9M
2026-05-30,2026-0530-05-02-11-04,2022103181,モンツァフレイバー,1,1,29.0,2.9000000953674316,1,-0.3631423041900793,0.2371104897096224,1,290.0,2026-04-30,monthly_walk_forward,東京,芝,3000,8400000.0,13,grade:unknown|condition:19,120.0,,2500m～,春,8.0-10.9M
2026-05-30,2026-0530-05-02-11-06,2023101793,エスシービクトリア,2,0,30.0,3.0,2,0.3120569960038955,0.2317665968651956,1,0.0,2026-04-30,monthly_walk_forward,東京,芝,1600,8200000.0,1,grade:unknown|condition:12,150.0,,1300～1600m,春,8.0-10.9M
2026-05-30,2026-0530-05-02-11-07,2023103086,イヌボウノウタゴエ,2,0,40.0,4.0,1,0.9093202693006782,0.2619240458825232,1,0.0,2026-04-30,monthly_walk_forward,東京,芝,1400,8200000.0,2,grade:unknown|condition:12,140.0,,1300～1600m,春,8.0-10.9M
2026-05-30,2026-0530-05-02-11-08,2022104987,ベルチュガダン,4,0,49.0,4.900000095367432,2,-0.2461511968466767,0.1837639042753028,1,0.0,2026-04-30,monthly_walk_forward,東京,芝,1600,8200000.0,1,grade:unknown|condition:14,0.0,,1300～1600m,春,8.0-10.9M
2026-05-30,2026-0530-05-02-11-09,2022100327,ジェミート,9,0,66.0,6.599999904632568,3,0.0338206829246205,0.1431633905126151,1,0.0,2026-04-30,monthly_walk_forward,東京,芝,1400,15800000.0,7,grade:E|condition:14,0.0,富嶽賞,1300～1600m,春,11.0-15.9M
2026-05-30,2026-0530-05-02-11-10,2022104818,クライスレリアーナ,4,0,16.0,1.600000023841858,1,0.8665563030811273,0.3892068758731182,1,0.0,2026-04-30,monthly_walk_forward,東京,芝,1600,15800000.0,1,grade:E|condition:14,0.0,葉山特別,1300～1600m,春,11.0-15.9M
2026-05-30,2026-0530-05-02-11-11,2021100505,キタノズエッジ,6,0,137.0,13.699999809265137,4,1.212615556838176,0.1656545330168645,1,0.0,2026-04-30,monthly_walk_forward,東京,芝,1600,22000000.0,14,grade:E|condition:14,0.0,アハルテケステークス,1300～1600m,春,16.0-24.9M
2026-05-30,2026-0530-05-02-11-12,2022102882,タイセイカイザー,1,1,15.0,1.5,1,0.7814655463285481,0.2728614846288161,1,150.0,2026-04-30,monthly_walk_forward,東京,芝,2100,11900000.0,13,grade:unknown|condition:14,110.0,,2100～2400m,春,11.0-15.9M
2026-05-30,2026-0530-08-03-11-06,2022104314,ユキノクラウン,5,0,27.0,2.700000047683716,1,-0.0552356999663507,0.2440769984669371,1,0.0,2026-04-30,monthly_walk_forward,京都,芝,1800,8200000.0,2,grade:unknown|condition:14,0.0,,1700～2000m,春,8.0-10.9M
2026-05-30,2026-0530-08-03-11-07,2022100382,ビップディラン,1,1,54.0,5.400000095367432,4,0.4638645187861744,0.2145902956295272,1,540.0,2026-04-30,monthly_walk_forward,京都,芝,1600,8200000.0,1,grade:unknown|condition:14,200.0,,1300～1600m,春,8.0-10.9M
2026-05-30,2026-0530-08-03-11-08,2022103525,ライラ,4,0,28.0,2.799999952316284,1,1.1643905819022178,0.2560002328445669,1,0.0,2026-04-30,monthly_walk_forward,京都,芝,1400,11900000.0,6,grade:unknown|condition:14,0.0,,1300～1600m,春,11.0-15.9M
2026-05-30,2026-0530-08-03-11-09,2023103142,イッテラッシャイ,1,1,18.0,1.7999999523162842,1,1.2012645506476989,0.3192405792451355,1,180.0,2026-04-30,monthly_walk_forward,京都,芝,1800,20000000.0,8,grade:L|condition:12,110.0,鳳雛ステークス,1700～2000m,春,16.0-24.9M
2026-05-30,2026-0530-08-03-11-10,2022102228,テーオーマルコーニ,1,1,60.0,6.0,5,0.9315027572392436,0.1385652981643335,1,600.0,2026-04-30,monthly_walk_forward,京都,芝,1800,18700000.0,2,grade:E|condition:14,250.0,桃山ステークス,1700～2000m,春,16.0-24.9M
2026-05-30,2026-0530-08-03-11-11,2023100545,ヒシアイラ,2,0,88.0,8.800000190734863,6,0.6459088680661694,0.1308069312096614,1,0.0,2026-04-30,monthly_walk_forward,京都,芝,1200,41000000.0,12,grade:C|condition:12,290.0,葵ステークス,～1200m,春,25.0-49.9M
2026-05-30,2026-0530-08-03-11-12,2021102754,ランスオブセヘル,16,0,29.0,2.9000000953674316,1,0.7847497018880605,0.235521953201922,1,0.0,2026-04-30,monthly_walk_forward,京都,芝,1200,11900000.0,9,grade:unknown|condition:14,0.0,,～1200m,春,11.0-15.9M
2026-05-31,2026-0531-05-02-12-05,2023101516,モズタンケ,6,0,68.0,6.800000190734863,4,0.2677017613397194,0.1999585471663532,1,0.0,2026-04-30,monthly_walk_forward,東京,芝,1400,8200000.0,1,grade:unknown|condition:12,0.0,,1300～1600m,春,8.0-10.9M
2026-05-31,2026-0531-05-02-12-06,2022104716,シェーンシュティア,3,0,42.0,4.199999809265137,2,0.1229918356712123,0.2674180223843566,1,0.0,2026-04-30,monthly_walk_forward,東京,芝,1800,8200000.0,10,grade:unknown|condition:14,130.0,,1700～2000m,春,8.0-10.9M
2026-05-31,2026-0531-05-02-12-07,2022104639,マックスキュー,6,0,25.0,2.5,1,0.23180382046264,0.1769585639175624,1,0.0,2026-04-30,monthly_walk_forward,東京,芝,1400,8200000.0,5,grade:unknown|condition:14,0.0,,1300～1600m,春,8.0-10.9M
2026-05-31,2026-0531-05-02-12-08,2022104635,アロンズロッド,4,0,24.0,2.4000000953674316,1,0.7652515539146755,0.1862047957101595,1,0.0,2026-04-30,monthly_walk_forward,東京,芝,2400,15800000.0,11,grade:E|condition:14,0.0,青嵐賞,2100～2400m,春,11.0-15.9M
2026-05-31,2026-0531-05-02-12-09,2022105832,セギレエルビエント,12,0,43.0,4.300000190734863,2,0.9289480311519585,0.2100996060723016,1,0.0,2026-04-30,monthly_walk_forward,東京,芝,1600,18700000.0,13,grade:E|condition:14,0.0,ＡＲＦ杯薫風ステークス,1300～1600m,春,16.0-24.9M
2026-05-31,2026-0531-05-02-12-10,2022101134,テンミラクルスター,6,0,76.0,7.599999904632568,3,1.08259012922786,0.1700555239439241,1,0.0,2026-04-30,monthly_walk_forward,東京,芝,1800,18700000.0,13,grade:E|condition:14,0.0,ＩＦＨＡ杯むらさき賞,1700～2000m,春,16.0-24.9M
2026-05-31,2026-0531-05-02-12-11,2023107089,ロブチェン,1,1,27.0,2.700000047683716,1,1.5134597710909683,0.2443144112786138,1,270.0,2026-04-30,monthly_walk_forward,東京,芝,2400,300000000.0,17,grade:A|condition:12,130.0,東京優駿,2100～2400m,春,50M+
2026-05-31,2026-0531-05-02-12-12,2022105109,ミラージュナイト,4,0,97.0,9.699999809265137,4,1.0555210479452382,0.1781856595210731,1,0.0,2026-04-30,monthly_walk_forward,東京,芝,2500,57000000.0,8,grade:B|condition:14,0.0,目黒記念,2500m～,春,50M+
2026-05-31,2026-0531-08-03-12-04,2021106621,ハイウェイスター,7,0,29.0,2.9000000953674316,1,0.4987336348202593,0.3508918071885102,1,0.0,2026-04-30,monthly_walk_forward,京都,芝,3170,14300000.0,1,grade:unknown|condition:19,0.0,,2500m～,春,11.0-15.9M
2026-05-31,2026-0531-08-03-12-06,2023103876,ピカラ,1,1,16.0,1.600000023841858,1,0.6365541226376787,0.2979111618313962,1,160.0,2026-04-30,monthly_walk_forward,京都,芝,1400,8200000.0,8,grade:unknown|condition:12,110.0,,1300～1600m,春,8.0-10.9M
2026-05-31,2026-0531-08-03-12-07,2022100619,ロードガレリア,1,1,23.0,2.299999952316284,1,0.2357670137928857,0.2189922689000211,1,230.0,2026-04-30,monthly_walk_forward,京都,芝,2400,8200000.0,1,grade:unknown|condition:14,120.0,,2100～2400m,春,8.0-10.9M
2026-05-31,2026-0531-08-03-12-08,2021106100,パフュームセント,4,0,23.0,2.299999952316284,1,1.1859339672918243,0.2983503899832166,1,0.0,2026-04-30,monthly_walk_forward,京都,芝,2000,11900000.0,8,grade:unknown|condition:14,0.0,,1700～2000m,春,11.0-15.9M
2026-05-31,2026-0531-08-03-12-09,2022106186,ゴッドエスパーダ,1,1,24.0,2.4000000953674316,1,0.3716263504526699,0.2331252846859623,1,240.0,2026-04-30,monthly_walk_forward,京都,芝,1800,15800000.0,10,grade:E|condition:14,110.0,與杼特別,1700～2000m,春,11.0-15.9M
2026-05-31,2026-0531-08-03-12-10,2021103116,ヤブサメ,8,0,34.0,3.4000000953674316,1,0.5025072956346565,0.1361809259298556,1,0.0,2026-04-30,monthly_walk_forward,京都,芝,1400,27000000.0,1,grade:L|condition:14,0.0,安土城ステークス,1300～1600m,春,25.0-49.9M
2026-05-31,2026-0531-08-03-12-11,2023105241,テーオーアルアイン,3,0,38.0,3.799999952316284,2,0.3206606407696946,0.2354997974974676,1,0.0,2026-04-30,monthly_walk_forward,京都,芝,1800,21000000.0,4,grade:L|condition:12,160.0,白百合ステークス,1700～2000m,春,16.0-24.9M
2026-05-31,2026-0531-08-03-12-12,2022105550,ノクナレア,6,0,45.0,4.5,2,0.861414715358879,0.1656857438660965,1,0.0,2026-04-30,monthly_walk_forward,京都,芝,1400,18700000.0,12,grade:E|condition:14,0.0,渡月橋ステークス,1300～1600m,春,16.0-24.9M
2026-06-06,2026-0606-05-03-01-01,2020100301,サルヴァトーレ,2,0,35.0,3.5,2,-0.0349443793724396,0.2602630897304393,1,0.0,2026-05-31,monthly_walk_forward,東京,芝,3000,8400000.0,1,grade:unknown|condition:18,140.0,,2500m～,夏,8.0-10.9M
2026-06-06,2026-0606-05-03-01-08,2023107280,ヴンダーバール,5,0,14.0,1.399999976158142,1,0.5454507022508445,0.3042642106530306,1,0.0,2026-05-31,monthly_walk_forward,東京,芝,1600,8200000.0,3,grade:unknown|condition:13,0.0,,1300～1600m,夏,8.0-10.9M
2026-06-06,2026-0606-05-03-01-09,2023107228,ウップヘリーア,2,0,21.0,2.0999999046325684,1,0.6345234549620373,0.272450508999677,1,0.0,2026-05-31,monthly_walk_forward,東京,芝,2400,11400000.0,10,grade:E|condition:13,110.0,稲城特別,2100～2400m,夏,11.0-15.9M
2026-06-06,2026-0606-05-03-01-10,2023106925,クレパスキュラー,2,0,16.0,1.600000023841858,1,1.2535414670361145,0.308742902456896,1,0.0,2026-05-31,monthly_walk_forward,東京,芝,1400,15800000.0,4,grade:E|condition:13,130.0,テレビ山梨杯,1300～1600m,夏,11.0-15.9M
2026-06-06,2026-0606-05-03-01-11,2022110007,スナッピードレッサ,2,0,20.0,2.0,1,1.2444053938207205,0.2984992303256304,1,0.0,2026-05-31,monthly_walk_forward,東京,芝,1400,18700000.0,12,grade:E|condition:13,110.0,麦秋ステークス,1300～1600m,夏,16.0-24.9M
2026-06-06,2026-0606-05-03-01-12,2023110013,ザーフィル,1,1,12.0,1.2000000476837158,1,0.6790871533264352,0.5631907965168775,1,120.0,2026-05-31,monthly_walk_forward,東京,芝,1600,8200000.0,10,grade:unknown|condition:13,110.0,,1300～1600m,夏,8.0-10.9M
2026-06-06,2026-0606-09-03-01-08,2023105897,ガウディ,3,0,30.0,3.0,1,0.242278926980035,0.1998644903210575,1,0.0,2026-05-31,monthly_walk_forward,阪神,芝,2200,8200000.0,7,grade:unknown|condition:13,140.0,,2100～2400m,夏,8.0-10.9M
2026-06-06,2026-0606-09-03-01-09,2023103246,ブラックシャリマー,2,0,29.0,2.9000000953674316,2,0.7494558192446318,0.3627274798307321,1,0.0,2026-05-31,monthly_walk_forward,阪神,芝,1800,11400000.0,4,grade:E|condition:13,110.0,城崎特別,1700～2000m,夏,11.0-15.9M
2026-06-06,2026-0606-09-03-01-10,2023102553,ボクマダネムイヨ,5,0,16.0,1.600000023841858,1,0.7142229008627582,0.3674943316329448,1,0.0,2026-05-31,monthly_walk_forward,阪神,芝,1800,15800000.0,6,grade:E|condition:13,0.0,加古川特別,1700～2000m,夏,11.0-15.9M
2026-06-06,2026-0606-09-03-01-11,2022103207,ミュージシャン,2,0,26.0,2.5999999046325684,1,0.5866452730973166,0.2047855630379812,1,0.0,2026-05-31,monthly_walk_forward,阪神,芝,2000,18700000.0,1,grade:E|condition:13,130.0,垂水ステークス,1700～2000m,夏,16.0-24.9M
2026-06-06,2026-0606-09-03-01-12,2022100819,ゴメンネジロー,15,0,65.0,6.5,4,0.2974088306859622,0.1816721202503464,1,0.0,2026-05-31,monthly_walk_forward,阪神,芝,1400,8200000.0,12,grade:unknown|condition:13,0.0,,1300～1600m,夏,8.0-10.9M
2026-06-07,2026-0607-05-03-02-07,2022104953,モティスフォント,7,0,109.0,10.899999618530272,6,-0.252414864311703,0.1792319836112032,1,0.0,2026-05-31,monthly_walk_forward,東京,芝,1400,8200000.0,12,grade:unknown|condition:13,0.0,,1300～1600m,夏,8.0-10.9M
2026-06-07,2026-0607-05-03-02-08,2023107159,ゴディアーモ,4,0,21.0,2.0999999046325684,1,0.6481697409304873,0.2356631362945426,1,0.0,2026-05-31,monthly_walk_forward,東京,芝,1600,8200000.0,12,grade:unknown|condition:13,0.0,,1300～1600m,夏,8.0-10.9M
2026-06-07,2026-0607-05-03-02-09,2023107056,ゴーラッキー,1,1,14.0,1.399999976158142,1,1.0300491883500469,0.3108868566109904,1,140.0,2026-05-31,monthly_walk_forward,東京,芝,2000,15800000.0,6,grade:E|condition:13,110.0,香港ジョッキークラブトロフィー,1700～2000m,夏,11.0-15.9M
2026-06-07,2026-0607-05-03-02-10,2023105092,マジッククッキー,4,0,14.0,1.399999976158142,1,0.7969102977286364,0.3724953639589682,1,0.0,2026-05-31,monthly_walk_forward,東京,芝,1400,15800000.0,10,grade:E|condition:13,0.0,八王子特別,1300～1600m,夏,11.0-15.9M
2026-06-07,2026-0607-05-03-02-11,2020102078,レーベンスティール,7,0,79.0,7.900000095367432,3,0.6489042595024497,0.129671540582351,1,0.0,2026-05-31,monthly_walk_forward,東京,芝,1600,180000000.0,1,grade:A|condition:13,0.0,安田記念,1300～1600m,夏,50M+
2026-06-07,2026-0607-05-03-02-12,2023106821,マクリール,1,1,19.0,1.899999976158142,1,1.0161732233645024,0.2221153035242472,1,190.0,2026-05-31,monthly_walk_forward,東京,芝,1600,15800000.0,10,grade:E|condition:13,130.0,小金井特別,1300～1600m,夏,11.0-15.9M
2026-06-07,2026-0607-09-03-02-01,2021104770,フォーディアライフ,9,0,28.0,2.799999952316284,2,-0.2601118827105048,0.2563264131548756,1,0.0,2026-05-31,monthly_walk_forward,阪神,芝,2970,8400000.0,10,grade:unknown|condition:18,0.0,,2500m～,夏,8.0-10.9M
2026-06-07,2026-0607-09-03-02-07,2023100566,ハッピーラブソング,15,0,488.0,48.79999923706055,10,0.378748179013126,0.1949549168108595,1,0.0,2026-05-31,monthly_walk_forward,阪神,芝,1800,8200000.0,15,grade:unknown|condition:13,0.0,,1700～2000m,夏,8.0-10.9M
2026-06-07,2026-0607-09-03-02-08,2023103886,ダンデノン,2,0,27.0,2.700000047683716,1,0.5189308438990187,0.2115772794364604,1,0.0,2026-05-31,monthly_walk_forward,阪神,芝,1400,8200000.0,6,grade:unknown|condition:13,140.0,,1300～1600m,夏,8.0-10.9M
2026-06-07,2026-0607-09-03-02-09,2023104700,カナタコナタ,6,0,39.0,3.900000095367432,2,0.1836514531296672,0.1474507077679644,1,0.0,2026-05-31,monthly_walk_forward,阪神,芝,1400,15800000.0,8,grade:E|condition:13,0.0,洲本特別,1300～1600m,夏,11.0-15.9M
2026-06-07,2026-0607-09-03-02-10,2022105438,ジョイエッロ,2,0,14.0,1.399999976158142,1,0.7761025841276251,0.5884245170564082,1,0.0,2026-05-31,monthly_walk_forward,阪神,芝,1800,15800000.0,5,grade:E|condition:13,110.0,三木特別,1700～2000m,夏,11.0-15.9M
2026-06-07,2026-0607-09-03-02-11,2022106689,アンズアメ,1,1,34.0,3.4000000953674316,1,1.0000062572593449,0.1893875218088698,1,340.0,2026-05-31,monthly_walk_forward,阪神,芝,1200,22000000.0,6,grade:E|condition:13,160.0,水無月ステークス,～1200m,夏,16.0-24.9M
2026-06-07,2026-0607-09-03-02-12,2023104387,チェリヴェント,1,1,21.0,2.0999999046325684,1,0.3104648846125881,0.2229759854716563,1,210.0,2026-05-31,monthly_walk_forward,阪神,芝,1800,8200000.0,3,grade:unknown|condition:13,120.0,,1700～2000m,夏,8.0-10.9M
2026-06-13,2026-0613-02-01-01-07,2021100594,アンバーニードル,8,0,75.0,7.5,3,-0.0656982395116082,0.2058055350465705,1,0.0,2026-05-31,monthly_walk_forward,函館,芝,1200,8200000.0,7,grade:unknown|condition:13,0.0,,～1200m,夏,8.0-10.9M
2026-06-13,2026-0613-02-01-01-08,2023107523,デアプリームス,1,1,31.0,3.0999999046325684,2,-0.3122804680926194,0.2305934425933649,1,310.0,2026-05-31,monthly_walk_forward,函館,芝,1000,8200000.0,11,grade:unknown|condition:13,130.0,,～1200m,夏,8.0-10.9M
2026-06-13,2026-0613-02-01-01-09,2023104386,カムアップローゼス,4,0,26.0,2.5999999046325684,1,0.5722422551362888,0.2892361796617172,1,0.0,2026-05-31,monthly_walk_forward,函館,芝,2000,11400000.0,10,grade:E|condition:13,0.0,奥尻特別,1700～2000m,夏,11.0-15.9M
2026-06-13,2026-0613-02-01-01-10,2022105549,ハートメテオ,10,0,37.0,3.700000047683716,1,0.592295554550641,0.2126532913564938,1,0.0,2026-05-31,monthly_walk_forward,函館,芝,1800,15800000.0,3,grade:E|condition:13,0.0,松前特別,1700～2000m,夏,11.0-15.9M
2026-06-13,2026-0613-02-01-01-11,2022103066,レイピア,3,0,41.0,4.099999904632568,1,0.806634377780624,0.1955672938822304,1,0.0,2026-05-31,monthly_walk_forward,函館,芝,1200,41000000.0,3,grade:C|condition:13,160.0,函館スプリントステークス,～1200m,夏,25.0-49.9M
2026-06-13,2026-0613-02-01-01-12,2023103986,メイショウソラリス,7,0,45.0,4.5,1,-0.1020371611971746,0.2176484319575295,1,0.0,2026-05-31,monthly_walk_forward,函館,芝,1700,8200000.0,11,grade:unknown|condition:13,0.0,,1700～2000m,夏,8.0-10.9M
2026-06-13,2026-0613-05-03-03-04,2018103308,ジューンベロシティ,2,0,12.0,1.2000000476837158,1,0.3001878132932834,0.2541043319955594,1,0.0,2026-05-31,monthly_walk_forward,東京,芝,3110,30000000.0,9,grade:H|condition:18,100.0,東京ジャンプステークス,2500m～,夏,25.0-49.9M
2026-06-13,2026-0613-05-03-03-08,2023102694,トワニ,4,0,39.0,3.900000095367432,2,0.5576290152012306,0.2361373596354069,1,0.0,2026-05-31,monthly_walk_forward,東京,芝,1400,8200000.0,13,grade:unknown|condition:13,0.0,,1300～1600m,夏,8.0-10.9M
2026-06-13,2026-0613-05-03-03-09,2023106494,ビービーアジャイル,3,0,16.0,1.600000023841858,1,0.6597784084991916,0.2864222133801727,1,0.0,2026-05-31,monthly_walk_forward,東京,芝,2100,15800000.0,9,grade:E|condition:13,110.0,日野特別,2100～2400m,夏,11.0-15.9M
2026-06-13,2026-0613-05-03-03-10,2022100994,ルヴァレドクール,1,1,61.0,6.099999904632568,4,0.7394568529754901,0.2146082521095269,1,610.0,2026-05-31,monthly_walk_forward,東京,芝,1600,18700000.0,8,grade:E|condition:13,240.0,夏至ステークス,1300～1600m,夏,16.0-24.9M
2026-06-13,2026-0613-05-03-03-11,2021105817,ダノンエアズロック,3,0,37.0,3.700000047683716,1,1.1835778466151212,0.2062782533702429,1,0.0,2026-05-31,monthly_walk_forward,東京,芝,1800,24000000.0,9,grade:E|condition:13,180.0,ジューンステークス,1700～2000m,夏,16.0-24.9M
2026-06-13,2026-0613-05-03-03-12,2023101323,ラインジーク,1,1,36.0,3.5999999046325684,1,0.4216281056551424,0.2308494626836141,1,360.0,2026-05-31,monthly_walk_forward,東京,芝,1400,8200000.0,3,grade:unknown|condition:13,150.0,,1300～1600m,夏,8.0-10.9M
2026-06-13,2026-0613-09-03-03-07,2023106855,ジュンドラドラ,4,0,47.0,4.699999809265137,2,0.6150812758484085,0.1615319186255354,1,0.0,2026-05-31,monthly_walk_forward,阪神,芝,1800,8200000.0,2,grade:unknown|condition:13,0.0,,1700～2000m,夏,8.0-10.9M
2026-06-13,2026-0613-09-03-03-08,2023104373,グランドオーパス,7,0,45.0,4.5,2,0.7506776449214101,0.1772815498213919,1,0.0,2026-05-31,monthly_walk_forward,阪神,芝,1600,8200000.0,1,grade:unknown|condition:13,0.0,,1300～1600m,夏,8.0-10.9M
2026-06-13,2026-0613-09-03-03-09,2023107157,ブレットパス,2,0,23.0,2.299999952316284,1,1.1145482768189474,0.3802167969319877,1,0.0,2026-05-31,monthly_walk_forward,阪神,芝,2200,15800000.0,3,grade:E|condition:13,110.0,三田特別,2100～2400m,夏,11.0-15.9M
2026-06-13,2026-0613-09-03-03-10,2023104562,テーオーグレーザー,1,1,20.0,2.0,1,0.6478231519548113,0.2415602389289713,1,200.0,2026-05-31,monthly_walk_forward,阪神,芝,1200,15800000.0,13,grade:E|condition:13,110.0,安芸特別,～1200m,夏,11.0-15.9M
2026-06-13,2026-0613-09-03-03-11,2022105722,グランドプラージュ,1,1,17.0,1.7000000476837158,1,1.6974943992885203,0.2826152453234758,1,170.0,2026-05-31,monthly_walk_forward,阪神,芝,1800,22000000.0,9,grade:E|condition:13,110.0,三宮ステークス,1700～2000m,夏,16.0-24.9M
2026-06-13,2026-0613-09-03-03-12,2023102027,フィオラーノ,8,0,74.0,7.400000095367432,3,0.3938197051146766,0.2737774132459723,1,0.0,2026-05-31,monthly_walk_forward,阪神,芝,1200,8200000.0,12,grade:unknown|condition:13,0.0,,～1200m,夏,8.0-10.9M
2026-06-14,2026-0614-02-01-02-07,2023104539,フレンズプラス,5,0,160.0,16.0,7,-0.2245251833232339,0.2174252422819001,1,0.0,2026-05-31,monthly_walk_forward,函館,芝,1000,8200000.0,1,grade:unknown|condition:13,0.0,,～1200m,夏,8.0-10.9M
2026-06-14,2026-0614-02-01-02-08,2023107520,プリンセスモコ,3,0,18.0,1.7999999523162842,1,0.6213536567457703,0.4997837571245175,1,0.0,2026-05-31,monthly_walk_forward,函館,芝,1200,8200000.0,13,grade:unknown|condition:13,110.0,,～1200m,夏,8.0-10.9M
2026-06-14,2026-0614-02-01-02-09,2023106859,モンローウォーク,1,1,16.0,1.600000023841858,1,-0.0014102745449231,0.242990842527658,1,160.0,2026-05-31,monthly_walk_forward,函館,芝,1800,11400000.0,5,grade:E|condition:13,110.0,八雲特別,1700～2000m,夏,11.0-15.9M
2026-06-14,2026-0614-02-01-02-10,2022102905,ディアウス,2,0,36.0,3.5999999046325684,1,0.417813769529325,0.2823368576925605,1,0.0,2026-05-31,monthly_walk_forward,函館,芝,1700,15800000.0,4,grade:E|condition:13,160.0,津軽海峡特別,1700～2000m,夏,11.0-15.9M
2026-06-14,2026-0614-02-01-02-11,2023105203,マーブルパレス,1,1,39.0,3.900000095367432,1,0.358173498988362,0.2283593669346496,1,390.0,2026-05-31,monthly_walk_forward,函館,芝,1200,15800000.0,2,grade:E|condition:13,200.0,函館日刊スポーツ杯,～1200m,夏,11.0-15.9M
2026-06-14,2026-0614-02-01-02-12,2023107075,ガーネットフレア,7,0,39.0,3.900000095367432,2,0.1722906285429332,0.3705633717498967,1,0.0,2026-05-31,monthly_walk_forward,函館,芝,1700,8200000.0,5,grade:unknown|condition:13,0.0,,1700～2000m,夏,8.0-10.9M
2026-06-14,2026-0614-05-03-04-06,2023106313,ジェイエルモーダル,2,0,20.0,2.0,1,0.5409657114107398,0.3614846814231899,1,0.0,2026-05-31,monthly_walk_forward,東京,芝,2100,8200000.0,10,grade:unknown|condition:13,120.0,,2100～2400m,夏,8.0-10.9M
2026-06-14,2026-0614-05-03-04-07,2023106924,ジャスティンシカゴ,1,1,14.0,1.399999976158142,1,0.7698373812235411,0.2947295903305654,1,140.0,2026-05-31,monthly_walk_forward,東京,芝,2000,8200000.0,8,grade:unknown|condition:13,110.0,,1700～2000m,夏,8.0-10.9M
2026-06-14,2026-0614-05-03-04-08,2022106975,ハクシンブライアン,3,0,41.0,4.099999904632568,2,0.5683944568355533,0.2451793096429769,1,0.0,2026-05-31,monthly_walk_forward,東京,芝,1600,8200000.0,4,grade:unknown|condition:13,120.0,,1300～1600m,夏,8.0-10.9M
2026-06-14,2026-0614-05-03-04-09,2023101566,フジガイフウ,3,0,18.0,1.7999999523162842,1,0.8187369646944399,0.2939867983877488,1,0.0,2026-05-31,monthly_walk_forward,東京,芝,1600,15800000.0,4,grade:E|condition:13,110.0,芦ノ湖特別,1300～1600m,夏,11.0-15.9M
2026-06-14,2026-0614-05-03-04-10,2022105456,オストラヴァ,2,0,36.0,3.5999999046325684,2,1.0794375631632331,0.1895948673946039,1,0.0,2026-05-31,monthly_walk_forward,東京,芝,2400,18700000.0,12,grade:E|condition:13,180.0,江の島ステークス,2100～2400m,夏,16.0-24.9M
2026-06-14,2026-0614-05-03-04-11,2022103146,カンシン,5,0,45.0,4.5,2,0.8082593370864111,0.2247480349952594,1,0.0,2026-05-31,monthly_walk_forward,東京,芝,1400,27000000.0,8,grade:L|condition:13,0.0,ウッドバイン競馬場賞パラダイスステークス,1300～1600m,夏,25.0-49.9M
2026-06-14,2026-0614-05-03-04-12,2021101106,スマートスピア,2,0,47.0,4.699999809265137,2,0.7494088138012739,0.2661333220010787,1,0.0,2026-05-31,monthly_walk_forward,東京,芝,1600,11900000.0,5,grade:unknown|condition:13,150.0,,1300～1600m,夏,11.0-15.9M
2026-06-14,2026-0614-09-03-04-06,2023106637,アームズレジェンド,8,0,23.0,2.299999952316284,1,-0.0436427609146345,0.1510643210171461,1,0.0,2026-05-31,monthly_walk_forward,阪神,芝,1200,8200000.0,11,grade:unknown|condition:13,0.0,,～1200m,夏,8.0-10.9M
2026-06-14,2026-0614-09-03-04-07,2023105288,ピカキウイ,3,0,29.0,2.9000000953674316,2,0.6870521882709388,0.2706327824790012,1,0.0,2026-05-31,monthly_walk_forward,阪神,芝,2000,8200000.0,2,grade:unknown|condition:13,140.0,,1700～2000m,夏,8.0-10.9M
2026-06-14,2026-0614-09-03-04-08,2023102243,メイショウコマチ,1,1,16.0,1.600000023841858,1,0.7759181056863833,0.4482493577834351,1,160.0,2026-05-31,monthly_walk_forward,阪神,芝,1800,15800000.0,5,grade:E|condition:13,110.0,逆瀬川特別,1700～2000m,夏,11.0-15.9M
2026-06-14,2026-0614-09-03-04-09,2023101632,マーゴットミスト,8,0,36.0,3.5999999046325684,2,-0.2669363110978466,0.1610924248839827,1,0.0,2026-05-31,monthly_walk_forward,阪神,芝,1200,15800000.0,14,grade:E|condition:13,0.0,武庫川特別,～1200m,夏,11.0-15.9M
2026-06-14,2026-0614-09-03-04-10,2020105305,アウフヘーベン,2,0,25.0,2.5,1,0.7090182484322031,0.1541946529640606,1,0.0,2026-05-31,monthly_walk_forward,阪神,芝,1600,18700000.0,10,grade:E|condition:13,140.0,花のみちステークス,1300～1600m,夏,16.0-24.9M
2026-06-14,2026-0614-09-03-04-11,2022105102,クロワデュノール,2,0,25.0,2.5,1,1.544603017054154,0.1925182009237034,1,0.0,2026-05-31,monthly_walk_forward,阪神,芝,2200,300000000.0,5,grade:A|condition:13,120.0,宝塚記念,2100～2400m,夏,50M+
2026-06-14,2026-0614-09-03-04-12,2022106920,ニューオーリンズ,3,0,35.0,3.5,2,0.9495940753579448,0.2716613965645429,1,0.0,2026-05-31,monthly_walk_forward,阪神,芝,1200,18700000.0,1,grade:E|condition:13,170.0,リボン賞,～1200m,夏,16.0-24.9M
2026-06-20,2026-0620-02-01-03-08,2023101106,クイーンレグナント,4,0,112.0,11.199999809265137,5,-0.7955876794242657,0.1542971823780369,1,0.0,2026-05-31,monthly_walk_forward,函館,芝,1000,8200000.0,7,grade:unknown|condition:13,0.0,,～1200m,夏,8.0-10.9M
2026-06-20,2026-0620-02-01-03-09,2023107520,プリンセスモコ,6,0,36.0,3.5999999046325684,2,0.8320139908296792,0.3217459706255371,1,0.0,2026-05-31,monthly_walk_forward,函館,芝,1200,11400000.0,6,grade:E|condition:13,0.0,下北半島特別,～1200m,夏,11.0-15.9M
2026-06-20,2026-0620-02-01-03-10,2022106828,マイネルゼウス,4,0,37.0,3.700000047683716,2,-0.0049847276934314,0.273227503544327,1,0.0,2026-05-31,monthly_walk_forward,函館,芝,2600,11400000.0,8,grade:E|condition:13,0.0,駒ケ岳特別,2500m～,夏,11.0-15.9M
2026-06-20,2026-0620-02-01-03-11,2023102577,アンジュプロミス,1,1,73.0,7.300000190734863,4,0.3293579269904054,0.1822295961330808,1,730.0,2026-05-31,monthly_walk_forward,函館,芝,1200,15800000.0,10,grade:E|condition:13,270.0,ＳＴＶ杯,～1200m,夏,11.0-15.9M
2026-06-20,2026-0620-02-01-03-12,2023103061,ゴールドブレイズ,3,0,32.0,3.200000047683716,2,0.1236527412914512,0.3202125091769366,1,0.0,2026-05-31,monthly_walk_forward,函館,芝,1700,8200000.0,7,grade:unknown|condition:13,130.0,,1700～2000m,夏,8.0-10.9M
2026-06-20,2026-0620-05-03-05-08,2023107179,ダーリングハースト,7,0,80.0,8.0,4,0.4720554469188153,0.1710320628850735,1,0.0,2026-05-31,monthly_walk_forward,東京,芝,1800,8200000.0,11,grade:unknown|condition:13,0.0,,1700～2000m,夏,8.0-10.9M
2026-06-20,2026-0620-05-03-05-09,2022104799,ピックデムッシュ,5,0,20.0,2.0,1,0.8174902412045368,0.3972992185760114,1,0.0,2026-05-31,monthly_walk_forward,東京,芝,2400,15800000.0,3,grade:E|condition:13,0.0,町田特別,2100～2400m,夏,11.0-15.9M
2026-06-20,2026-0620-05-03-05-10,2023106925,クレパスキュラー,5,0,17.0,1.7000000476837158,1,1.3488213681187493,0.3479437894549387,1,0.0,2026-05-31,monthly_walk_forward,東京,芝,1400,15800000.0,7,grade:E|condition:13,0.0,相模湖特別,1300～1600m,夏,11.0-15.9M
2026-06-20,2026-0620-05-03-05-11,2022106553,タガノバビロン,4,0,37.0,3.700000047683716,1,0.7148314381877616,0.170210925660436,1,0.0,2026-05-31,monthly_walk_forward,東京,芝,2100,22000000.0,6,grade:E|condition:13,0.0,スレイプニルステークス,2100～2400m,夏,16.0-24.9M
2026-06-20,2026-0620-05-03-05-12,2023104103,パラダイスフェイス,13,0,21.0,2.0999999046325684,1,0.1530988089123585,0.2646332577764575,1,0.0,2026-05-31,monthly_walk_forward,東京,芝,1600,8200000.0,9,grade:unknown|condition:13,0.0,,1300～1600m,夏,8.0-10.9M
2026-06-20,2026-0620-09-03-05-01,2020103193,シャンデルナゴル,6,0,87.0,8.699999809265137,4,0.3257004776864273,0.3939877614581298,1,0.0,2026-05-31,monthly_walk_forward,阪神,芝,3110,14300000.0,6,grade:unknown|condition:18,0.0,,2500m～,夏,11.0-15.9M
2026-06-20,2026-0620-09-03-05-07,2023105286,サガルマータ,1,1,23.0,2.299999952316284,1,0.4567442103916077,0.1608521410312983,1,230.0,2026-05-31,monthly_walk_forward,阪神,芝,2400,8200000.0,5,grade:unknown|condition:13,120.0,,2100～2400m,夏,8.0-10.9M
2026-06-20,2026-0620-09-03-05-08,2023105821,ロードヴェリタス,6,0,170.0,17.0,8,0.3632643728919256,0.1564463070517233,1,0.0,2026-05-31,monthly_walk_forward,阪神,芝,1800,8200000.0,3,grade:unknown|condition:13,0.0,,1700～2000m,夏,8.0-10.9M
2026-06-20,2026-0620-09-03-05-09,2023105847,アヴィオン,1,1,13.0,1.2999999523162842,1,0.9110894021152012,0.3828056633728409,1,130.0,2026-05-31,monthly_walk_forward,阪神,芝,1600,15800000.0,6,grade:E|condition:13,110.0,舞子特別,1300～1600m,夏,11.0-15.9M
2026-06-20,2026-0620-09-03-05-10,2021105160,カエルム,14,0,48.0,4.800000190734863,1,0.1616123418235344,0.1022517152991365,1,0.0,2026-05-31,monthly_walk_forward,阪神,芝,2200,18700000.0,12,grade:E|condition:13,0.0,ストークステークス,2100～2400m,夏,16.0-24.9M
2026-06-20,2026-0620-09-03-05-11,2022106658,ベルジュロネット,1,1,25.0,2.5,1,1.3095491860096329,0.3089878957554628,1,250.0,2026-05-31,monthly_walk_forward,阪神,芝,1400,22000000.0,3,grade:E|condition:13,130.0,天保山ステークス,1300～1600m,夏,16.0-24.9M
2026-06-20,2026-0620-09-03-05-12,2022104738,パスコード,5,0,85.0,8.5,5,0.6861341748349842,0.1691684151073023,1,0.0,2026-05-31,monthly_walk_forward,阪神,芝,1600,8200000.0,11,grade:unknown|condition:13,0.0,,1300～1600m,夏,8.0-10.9M
2026-06-21,2026-0621-02-01-04-07,2023100617,マナボニート,1,1,29.0,2.9000000953674316,1,0.7073528129783656,0.2995540331682738,1,290.0,2026-05-31,monthly_walk_forward,函館,芝,1200,8200000.0,7,grade:unknown|condition:13,150.0,,～1200m,夏,8.0-10.9M
2026-06-21,2026-0621-02-01-04-08,2022102300,アスクガンバーレ,5,0,42.0,4.199999809265137,2,-0.0743816533274333,0.2751936660293731,1,0.0,2026-05-31,monthly_walk_forward,函館,芝,1700,8200000.0,5,grade:unknown|condition:13,0.0,,1700～2000m,夏,8.0-10.9M
2026-06-21,2026-0621-02-01-04-09,2023100503,ソングオブザバード,11,0,44.0,4.400000095367432,2,0.6908993488770215,0.2297500824161801,1,0.0,2026-05-31,monthly_walk_forward,函館,芝,2000,11400000.0,10,grade:E|condition:13,0.0,遊楽部特別,1700～2000m,夏,11.0-15.9M
2026-06-21,2026-0621-02-01-04-10,2023105351,チャーリー,1,1,13.0,1.2999999523162842,1,0.7411614583598398,0.4003393574353125,1,130.0,2026-05-31,monthly_walk_forward,函館,芝,1700,15800000.0,6,grade:E|condition:13,110.0,檜山特別,1700～2000m,夏,11.0-15.9M
2026-06-21,2026-0621-02-01-04-11,2021104401,ヴェサリウス,8,0,70.0,7.0,2,0.1724022978946103,0.2144231629825926,1,0.0,2026-05-31,monthly_walk_forward,函館,芝,1200,18700000.0,11,grade:E|condition:13,0.0,ＵＨＢ杯,～1200m,夏,16.0-24.9M
2026-06-21,2026-0621-02-01-04-12,2023106718,コッツォリーノ,1,1,18.0,1.7999999523162842,1,0.94994952560596,0.4850581410393541,1,180.0,2026-05-31,monthly_walk_forward,函館,芝,1800,8200000.0,2,grade:unknown|condition:13,110.0,,1700～2000m,夏,8.0-10.9M
2026-06-21,2026-0621-05-03-06-01,2020106953,ダスク,3,0,40.0,4.0,2,-0.3704630194328726,0.187341628335898,1,0.0,2026-05-31,monthly_walk_forward,東京,芝,3000,8400000.0,9,grade:unknown|condition:18,130.0,,2500m～,夏,8.0-10.9M
2026-06-21,2026-0621-05-03-06-07,2023107280,ヴンダーバール,2,0,18.0,1.7999999523162842,1,0.2493187253210265,0.1658047027232367,1,0.0,2026-05-31,monthly_walk_forward,東京,芝,1600,8200000.0,5,grade:unknown|condition:13,110.0,,1300～1600m,夏,8.0-10.9M
2026-06-21,2026-0621-05-03-06-08,2023107277,モートンアイランド,6,0,34.0,3.4000000953674316,2,0.9391469439090514,0.2342733421490384,1,0.0,2026-05-31,monthly_walk_forward,東京,芝,1600,8200000.0,12,grade:unknown|condition:13,0.0,,1300～1600m,夏,8.0-10.9M
2026-06-21,2026-0621-05-03-06-09,2023110103,タカスタカスタカス,5,0,23.0,2.299999952316284,1,1.027488079291663,0.2834465442616316,1,0.0,2026-05-31,monthly_walk_forward,東京,芝,1400,15800000.0,8,grade:E|condition:13,0.0,甲州街道特別,1300～1600m,夏,11.0-15.9M
2026-06-21,2026-0621-05-03-06-10,2022105991,レッドキングリー,2,0,29.0,2.9000000953674316,1,0.7250039092227315,0.1574280264719549,1,0.0,2026-05-31,monthly_walk_forward,東京,芝,1400,18700000.0,9,grade:E|condition:13,150.0,多摩川ステークス,1300～1600m,夏,16.0-24.9M
2026-06-21,2026-0621-05-03-06-11,2022104764,ヴァルキリーバース,14,0,33.0,3.299999952316284,1,1.354515027952207,0.2032824997173405,1,0.0,2026-05-31,monthly_walk_forward,東京,芝,1800,38000000.0,6,grade:C|condition:13,0.0,府中牝馬ステークス,1700～2000m,夏,25.0-49.9M
2026-06-21,2026-0621-05-03-06-12,2023105841,スタームーンナイト,3,0,27.0,2.700000047683716,1,0.5268364356452425,0.2804640676442479,1,0.0,2026-05-31,monthly_walk_forward,東京,芝,1400,8200000.0,10,grade:unknown|condition:13,130.0,,1300～1600m,夏,8.0-10.9M
2026-06-21,2026-0621-09-03-06-07,2022102624,エイシンマールス,2,0,99.0,9.899999618530272,4,0.4044281500342502,0.2044301562106801,1,0.0,2026-05-31,monthly_walk_forward,阪神,芝,1400,8200000.0,12,grade:unknown|condition:13,240.0,,1300～1600m,夏,8.0-10.9M
2026-06-21,2026-0621-09-03-06-08,2023107071,アーリーハーベスト,1,1,38.0,3.799999952316284,3,0.6999203019538182,0.4551770402120304,1,380.0,2026-05-31,monthly_walk_forward,阪神,芝,2000,8200000.0,3,grade:unknown|condition:13,180.0,,1700～2000m,夏,8.0-10.9M
2026-06-21,2026-0621-09-03-06-09,2021105585,カリーニョ,3,0,26.0,2.5999999046325684,1,0.3993532065324499,0.3278511731128875,1,0.0,2026-05-31,monthly_walk_forward,阪神,芝,2000,15800000.0,5,grade:E|condition:13,0.0,高砂特別,1700～2000m,夏,11.0-15.9M
2026-06-21,2026-0621-09-03-06-10,2022105180,アカデミア,6,0,32.0,3.200000047683716,1,1.3899511755724334,0.3482168084265543,1,0.0,2026-05-31,monthly_walk_forward,阪神,芝,1800,18700000.0,9,grade:E|condition:13,0.0,姫路ステークス,1700～2000m,夏,16.0-24.9M
2026-06-21,2026-0621-09-03-06-11,2021104893,ファーヴェント,9,0,63.0,6.300000190734863,2,0.9706799175257388,0.132481921354662,1,0.0,2026-05-31,monthly_walk_forward,阪神,芝,1600,41000000.0,5,grade:C|condition:13,0.0,しらさぎステークス,1300～1600m,夏,25.0-49.9M
2026-06-21,2026-0621-09-03-06-12,2023104733,タガノアバンドーネ,1,1,15.0,1.5,1,0.7609700196278433,0.4657713623852257,1,150.0,2026-05-31,monthly_walk_forward,阪神,芝,1800,11900000.0,12,grade:unknown|condition:13,110.0,,1700～2000m,夏,11.0-15.9M
2026-06-27,2026-0627-02-01-05-07,2021105050,ドウアドバンテージ,1,1,27.0,2.700000047683716,2,0.6270252936883113,0.3121941506245094,1,270.0,2026-05-31,monthly_walk_forward,函館,芝,2000,8200000.0,11,grade:unknown|condition:13,130.0,,1700～2000m,夏,8.0-10.9M
2026-06-27,2026-0627-02-01-05-08,2023105591,マメタンク,1,1,24.0,2.4000000953674316,1,0.4594228804074342,0.4244568002139229,1,240.0,2026-05-31,monthly_walk_forward,函館,芝,1000,8200000.0,1,grade:unknown|condition:13,140.0,,～1200m,夏,8.0-10.9M
2026-06-27,2026-0627-02-01-05-09,2023105277,ファニーバニー,8,0,75.0,7.5,4,0.1201480867660862,0.3102343338851847,1,0.0,2026-05-31,monthly_walk_forward,函館,芝,1200,11400000.0,6,grade:E|condition:13,0.0,長万部特別,～1200m,夏,11.0-15.9M
2026-06-27,2026-0627-02-01-05-10,2022105549,ハートメテオ,8,0,31.0,3.0999999046325684,1,0.1917448398823935,0.2964855128133404,1,0.0,2026-05-31,monthly_walk_forward,函館,芝,2000,15800000.0,1,grade:E|condition:13,0.0,洞爺湖特別,1700～2000m,夏,11.0-15.9M
2026-06-27,2026-0627-02-01-05-11,2022110105,アメリカンステージ,3,0,51.0,5.099999904632568,2,0.5417788287358695,0.1530863471721039,1,0.0,2026-05-31,monthly_walk_forward,函館,芝,1200,23000000.0,12,grade:E|condition:13,190.0,青函ステークス,～1200m,夏,16.0-24.9M
2026-06-27,2026-0627-02-01-05-12,2023106397,ストロングボーイ,4,0,45.0,4.5,2,-0.0014332027663404,0.2354027400244603,1,0.0,2026-05-31,monthly_walk_forward,函館,芝,1700,8200000.0,4,grade:unknown|condition:13,0.0,,1700～2000m,夏,8.0-10.9M
2026-06-27,2026-0627-03-02-01-01,2019106698,バラジ,5,0,35.0,3.5,1,-0.1981838576080813,0.2858376383805835,1,0.0,2026-05-31,monthly_walk_forward,福島,芝,2750,8400000.0,4,grade:unknown|condition:18,0.0,,2500m～,夏,8.0-10.9M
2026-06-27,2026-0627-03-02-01-03,2023103806,ジェネラスキング,7,0,63.0,6.300000190734863,3,0.2411780067520217,0.3116386605484132,1,0.0,2026-05-31,monthly_walk_forward,福島,芝,1700,8200000.0,3,grade:unknown|condition:13,0.0,,1700～2000m,夏,8.0-10.9M
2026-06-27,2026-0627-03-02-01-04,2019104767,ヴェールランス,2,0,103.0,10.300000190734863,4,-0.0389383640588534,0.2258444729867882,1,0.0,2026-05-31,monthly_walk_forward,福島,芝,2750,14300000.0,8,grade:unknown|condition:18,190.0,,2500m～,夏,11.0-15.9M
2026-06-27,2026-0627-03-02-01-09,2023110104,エコロシード,2,0,18.0,1.7999999523162842,1,0.3647729710945785,0.2029800337553075,1,0.0,2026-05-31,monthly_walk_forward,福島,芝,1150,15800000.0,6,grade:E|condition:13,130.0,さくらんぼ特別,～1200m,夏,11.0-15.9M
2026-06-27,2026-0627-03-02-01-10,2022103232,ドゥマーヴェリック,3,0,23.0,2.299999952316284,1,0.461226976519247,0.4058983022657573,1,0.0,2026-05-31,monthly_walk_forward,福島,芝,1700,15800000.0,9,grade:E|condition:13,110.0,いわき特別,1700～2000m,夏,11.0-15.9M
2026-06-27,2026-0627-03-02-01-11,2022105064,マリアイリダータ,1,1,17.0,1.7000000476837158,1,1.086253246470883,0.4366378534610612,1,170.0,2026-05-31,monthly_walk_forward,福島,芝,2000,18700000.0,4,grade:E|condition:13,110.0,バーデンバーデンカップ,1700～2000m,夏,16.0-24.9M
2026-06-27,2026-0627-03-02-01-12,2023101169,ファインサマーデイ,12,0,23.0,2.299999952316284,1,0.3795014221459767,0.3081440718256151,1,0.0,2026-05-31,monthly_walk_forward,福島,芝,1200,8200000.0,15,grade:unknown|condition:13,0.0,,～1200m,夏,8.0-10.9M
2026-06-27,2026-0627-10-02-01-07,2023105272,ショコラプリン,3,0,23.0,2.299999952316284,1,-0.0066787461249785,0.1971128640102827,1,0.0,2026-05-31,monthly_walk_forward,小倉,芝,1700,8200000.0,12,grade:unknown|condition:13,110.0,,1700～2000m,夏,8.0-10.9M
2026-06-27,2026-0627-10-02-01-08,2023104079,メローネ,1,1,27.0,2.700000047683716,1,-0.1176450211759784,0.3424527765938368,1,270.0,2026-05-31,monthly_walk_forward,小倉,芝,1200,8200000.0,3,grade:unknown|condition:13,130.0,,～1200m,夏,8.0-10.9M
2026-06-27,2026-0627-10-02-01-09,2023105645,サヴォアフェール,1,1,13.0,1.2999999523162842,1,0.7542115904122663,0.3826775379359448,1,130.0,2026-05-31,monthly_walk_forward,小倉,芝,2000,11400000.0,4,grade:E|condition:13,110.0,八代特別,1700～2000m,夏,11.0-15.9M
2026-06-27,2026-0627-10-02-01-10,2022110063,サディーク,6,0,30.0,3.0,1,0.2526563334735076,0.2036665103404978,1,0.0,2026-05-31,monthly_walk_forward,小倉,芝,1200,15800000.0,11,grade:E|condition:13,0.0,宗像特別,～1200m,夏,11.0-15.9M
2026-06-27,2026-0627-10-02-01-11,2021100752,アレナパラシオ,4,0,93.0,9.300000190734863,6,0.3735232521849827,0.1810219190419458,1,0.0,2026-05-31,monthly_walk_forward,小倉,芝,1700,18700000.0,12,grade:E|condition:13,0.0,薩摩ステークス,1700～2000m,夏,16.0-24.9M
2026-06-27,2026-0627-10-02-01-12,2022103624,ピアストイヤーズ,2,0,29.0,2.9000000953674316,2,-0.0401667881003488,0.4102827155994967,1,0.0,2026-05-31,monthly_walk_forward,小倉,芝,1200,8200000.0,2,grade:unknown|condition:13,110.0,,～1200m,夏,8.0-10.9M
2026-06-28,2026-0628-02-01-06-07,2021105238,アリストクラシア,5,0,34.0,3.4000000953674316,1,-0.1856814615346218,0.1926459895384128,1,0.0,2026-05-31,monthly_walk_forward,函館,芝,1700,8200000.0,5,grade:unknown|condition:13,0.0,,1700～2000m,夏,8.0-10.9M
2026-06-28,2026-0628-02-01-06-08,2023102475,コスモレッド,11,0,70.0,7.0,5,0.4906458052356479,0.3107075685619234,1,0.0,2026-05-31,monthly_walk_forward,函館,芝,1200,8200000.0,13,grade:unknown|condition:13,0.0,,～1200m,夏,8.0-10.9M
2026-06-28,2026-0628-02-01-06-09,2023104386,カムアップローゼス,1,1,18.0,1.7999999523162842,1,0.5303847438253699,0.2749736912963491,1,180.0,2026-05-31,monthly_walk_forward,函館,芝,1800,11400000.0,1,grade:E|condition:13,110.0,臥牛山特別,1700～2000m,夏,11.0-15.9M
2026-06-28,2026-0628-02-01-06-10,2022106209,ウインシャーガス,2,0,33.0,3.299999952316284,2,0.2347470217794946,0.3560599467025612,1,0.0,2026-05-31,monthly_walk_forward,函館,芝,1700,15800000.0,10,grade:E|condition:13,130.0,渡島特別,1700～2000m,夏,11.0-15.9M
2026-06-28,2026-0628-02-01-06-11,2019104878,デビットバローズ,11,0,105.0,10.5,8,0.8034618474152502,0.1535488793903465,1,0.0,2026-05-31,monthly_walk_forward,函館,芝,2000,43000000.0,15,grade:C|condition:13,0.0,農林水産省賞典　函館記念,1700～2000m,夏,25.0-49.9M
2026-06-28,2026-0628-02-01-06-12,2023103355,クリエープキー,1,1,160.0,16.0,8,0.1305271580056261,0.1710741825551846,1,1600.0,2026-05-31,monthly_walk_forward,函館,芝,1200,15800000.0,12,grade:E|condition:13,470.0,湯の川温泉特別,～1200m,夏,11.0-15.9M
2026-06-28,2026-0628-03-02-02-01,2021105335,トーアマリシテン,3,0,51.0,5.099999904632568,3,-0.2560466049517749,0.2618914002011729,1,0.0,2026-05-31,monthly_walk_forward,福島,芝,2750,8400000.0,9,grade:unknown|condition:18,160.0,,2500m～,夏,8.0-10.9M
2026-06-28,2026-0628-03-02-02-08,2023102994,ニホンピロロジャー,5,0,32.0,3.200000047683716,2,0.5018221553190069,0.3346909595620729,1,0.0,2026-05-31,monthly_walk_forward,福島,芝,2600,8200000.0,5,grade:unknown|condition:13,0.0,,2500m～,夏,8.0-10.9M
2026-06-28,2026-0628-03-02-02-09,2022105002,ボウウィンドウ,11,0,18.0,1.7999999523162842,1,1.1209070048343326,0.2943169192186241,1,0.0,2026-05-31,monthly_walk_forward,福島,芝,2000,15800000.0,6,grade:E|condition:13,0.0,松島特別,1700～2000m,夏,11.0-15.9M
2026-06-28,2026-0628-03-02-02-10,2021106623,エクリプスルバン,1,1,17.0,1.7000000476837158,1,1.15250920597225,0.503858335793293,1,170.0,2026-05-31,monthly_walk_forward,福島,芝,1700,18700000.0,4,grade:E|condition:13,110.0,鶴ヶ城ステークス,1700～2000m,夏,16.0-24.9M
2026-06-28,2026-0628-03-02-02-11,2023103907,スカイスプレンダー,16,0,138.0,13.800000190734863,7,0.8617878031477878,0.1660255844518425,1,0.0,2026-05-31,monthly_walk_forward,福島,芝,1800,41000000.0,14,grade:C|condition:12,0.0,ラジオＮＩＫＫＥＩ賞,1700～2000m,夏,25.0-49.9M
2026-06-28,2026-0628-03-02-02-12,2023107095,クアロアランチ,4,0,130.0,13.0,7,0.2909281808158407,0.2412015604019617,1,0.0,2026-05-31,monthly_walk_forward,福島,芝,1150,8200000.0,5,grade:unknown|condition:13,0.0,,～1200m,夏,8.0-10.9M
2026-06-28,2026-0628-10-02-02-07,2021104671,ミライハーモニー,7,0,30.0,3.0,1,0.1719447720708905,0.3887518045586142,1,0.0,2026-05-31,monthly_walk_forward,小倉,芝,1000,8200000.0,9,grade:unknown|condition:13,0.0,,～1200m,夏,8.0-10.9M
2026-06-28,2026-0628-10-02-02-08,2023104373,グランドオーパス,4,0,23.0,2.299999952316284,2,0.536580646169882,0.4498944768509141,1,0.0,2026-05-31,monthly_walk_forward,小倉,芝,1800,8200000.0,1,grade:unknown|condition:13,0.0,,1700～2000m,夏,8.0-10.9M
2026-06-28,2026-0628-10-02-02-09,2023105046,ナリタエスペランサ,1,1,23.0,2.299999952316284,1,0.8315072758677003,0.4157983971046443,1,230.0,2026-05-31,monthly_walk_forward,小倉,芝,2600,15800000.0,7,grade:E|condition:13,130.0,帆柱山特別,2500m～,夏,11.0-15.9M
2026-06-28,2026-0628-10-02-02-10,2022110152,レーティッシュ,4,0,31.0,3.0999999046325684,1,0.7303017676931893,0.3892617368953165,1,0.0,2026-05-31,monthly_walk_forward,小倉,芝,1700,15800000.0,3,grade:E|condition:13,0.0,西部日刊スポーツ杯,1700～2000m,夏,11.0-15.9M
2026-06-28,2026-0628-10-02-02-11,2021101412,スカイハイ,3,0,28.0,2.799999952316284,2,0.6956987016974419,0.3540454287763883,1,0.0,2026-05-31,monthly_walk_forward,小倉,芝,1200,18700000.0,8,grade:E|condition:13,260.0,紫川ステークス,～1200m,夏,16.0-24.9M
2026-06-28,2026-0628-10-02-02-12,2023106788,アンティーム,6,0,43.0,4.300000190734863,2,0.49773271749578,0.3447066947028207,1,0.0,2026-05-31,monthly_walk_forward,小倉,芝,1700,8200000.0,3,grade:unknown|condition:13,0.0,,1700～2000m,夏,8.0-10.9M
2026-07-04,2026-0704-02-01-07-07,2023100997,デルマリシリ,2,0,19.0,1.899999976158142,1,1.014665933240943,0.5152978076457259,1,0.0,2026-06-30,monthly_walk_forward,函館,芝,1200,8200000.0,3,grade:unknown|condition:13,110.0,,～1200m,夏,8.0-10.9M
2026-07-04,2026-0704-02-01-07-08,2022104973,バズアップビート,7,0,24.0,2.4000000953674316,2,0.2438135570570625,0.4142793152828288,1,0.0,2026-06-30,monthly_walk_forward,函館,芝,2600,8200000.0,6,grade:unknown|condition:13,0.0,,2500m～,夏,8.0-10.9M
2026-07-04,2026-0704-02-01-07-09,2023103351,グレーヌドジョワ,2,0,36.0,3.5999999046325684,1,-0.0313614659961,0.2398146596907743,1,0.0,2026-06-30,monthly_walk_forward,函館,芝,1800,11400000.0,7,grade:E|condition:13,140.0,恵山特別,1700～2000m,夏,11.0-15.9M
2026-07-04,2026-0704-02-01-07-10,2023102769,ケイアイアギト,1,1,19.0,1.899999976158142,1,0.9340566565783536,0.2548227066465232,1,190.0,2026-06-30,monthly_walk_forward,函館,芝,1700,15800000.0,2,grade:E|condition:13,120.0,竜飛崎特別,1700～2000m,夏,11.0-15.9M
2026-07-04,2026-0704-02-01-07-11,2023102577,アンジュプロミス,8,0,55.0,5.5,2,0.6134925529730701,0.2024796606137421,1,0.0,2026-06-30,monthly_walk_forward,函館,芝,1200,18700000.0,7,grade:E|condition:13,0.0,ＴＶｈ杯,～1200m,夏,16.0-24.9M
2026-07-04,2026-0704-02-01-07-12,2023104414,シーズザスローン,1,1,19.0,1.899999976158142,1,0.2571523628154566,0.3867772824870071,1,190.0,2026-06-30,monthly_walk_forward,函館,芝,1700,8200000.0,6,grade:unknown|condition:13,130.0,,1700～2000m,夏,8.0-10.9M
2026-07-04,2026-0704-03-02-03-08,2022105863,ルシャルムール,4,0,30.0,3.0,1,-0.0138046992108021,0.1620261831331375,1,0.0,2026-06-30,monthly_walk_forward,福島,芝,1700,8200000.0,6,grade:unknown|condition:13,0.0,,1700～2000m,夏,8.0-10.9M
2026-07-04,2026-0704-03-02-03-09,2023107256,アローメタル,6,0,15.0,1.5,1,0.5901120464193067,0.4104377579138493,1,0.0,2026-06-30,monthly_walk_forward,福島,芝,2000,11400000.0,9,grade:E|condition:13,0.0,伊達特別,1700～2000m,夏,11.0-15.9M
2026-07-04,2026-0704-03-02-03-10,2022105030,エリーナストーム,10,0,40.0,4.0,2,0.1051636381532162,0.3515307279190914,1,0.0,2026-06-30,monthly_walk_forward,福島,芝,1700,15800000.0,6,grade:E|condition:13,0.0,横手特別,1700～2000m,夏,11.0-15.9M
2026-07-04,2026-0704-03-02-03-11,2022103684,ゲイルライダー,1,1,16.0,1.600000023841858,1,0.9997688105882,0.5420149085001226,1,160.0,2026-06-30,monthly_walk_forward,福島,芝,1150,18700000.0,9,grade:E|condition:13,110.0,ＴＵＦ杯,～1200m,夏,16.0-24.9M
2026-07-04,2026-0704-03-02-03-12,2023102694,トワニ,4,0,33.0,3.299999952316284,1,0.3141468941579921,0.2510793212894569,1,0.0,2026-06-30,monthly_walk_forward,福島,芝,1200,8200000.0,14,grade:unknown|condition:13,0.0,,～1200m,夏,8.0-10.9M
2026-07-04,2026-0704-10-02-03-01,2022101139,アバットゥータ,5,0,14.0,1.399999976158142,1,-0.1383658914803456,0.3886151102721764,1,0.0,2026-06-30,monthly_walk_forward,小倉,芝,2860,8400000.0,4,grade:unknown|condition:18,0.0,,2500m～,夏,8.0-10.9M
2026-07-04,2026-0704-10-02-03-08,2023110106,ブルーマッキンジー,1,1,16.0,1.600000023841858,1,0.6437532956104561,0.3933105338518062,1,160.0,2026-06-30,monthly_walk_forward,小倉,芝,1000,8200000.0,8,grade:unknown|condition:13,110.0,,～1200m,夏,8.0-10.9M
2026-07-04,2026-0704-10-02-03-09,2023110055,グッドピース,1,1,23.0,2.299999952316284,1,0.1612488241659583,0.298075023810788,1,230.0,2026-06-30,monthly_walk_forward,小倉,芝,1200,11400000.0,7,grade:E|condition:13,130.0,小郡特別,～1200m,夏,11.0-15.9M
2026-07-04,2026-0704-10-02-03-10,2023105367,ゴールデンバランス,4,0,27.0,2.700000047683716,1,0.2185565894620121,0.3209606589399445,1,0.0,2026-06-30,monthly_walk_forward,小倉,芝,1000,15800000.0,12,grade:E|condition:13,0.0,雲仙特別,～1200m,夏,11.0-15.9M
2026-07-04,2026-0704-10-02-03-11,2022105140,ネブラディスク,1,1,24.0,2.4000000953674316,2,1.2814843848236568,0.3558321466367747,1,240.0,2026-06-30,monthly_walk_forward,小倉,芝,1800,18700000.0,3,grade:E|condition:13,120.0,博多ステークス,1700～2000m,夏,16.0-24.9M
2026-07-04,2026-0704-10-02-03-12,2023107269,ムーンリットアイル,2,0,26.0,2.5999999046325684,1,0.3552856470964312,0.2976237159054468,1,0.0,2026-06-30,monthly_walk_forward,小倉,芝,1200,8200000.0,1,grade:unknown|condition:13,140.0,,～1200m,夏,8.0-10.9M
2026-07-05,2026-0705-02-01-08-07,2023104849,ムーンブランシュ,5,0,26.0,2.5999999046325684,1,-0.5595627818806885,0.3351434929411701,1,0.0,2026-06-30,monthly_walk_forward,函館,芝,1000,8200000.0,3,grade:unknown|condition:13,0.0,,～1200m,夏,8.0-10.9M
2026-07-05,2026-0705-02-01-08-08,2022104847,ナクライト,5,0,36.0,3.5999999046325684,2,0.2035001134378144,0.3020926329565613,1,0.0,2026-06-30,monthly_walk_forward,函館,芝,1700,8200000.0,8,grade:unknown|condition:13,0.0,,1700～2000m,夏,8.0-10.9M
2026-07-05,2026-0705-02-01-08-09,2023100617,マナボニート,3,0,29.0,2.9000000953674316,1,0.6330620419642914,0.2073251818212385,1,0.0,2026-06-30,monthly_walk_forward,函館,芝,1200,15800000.0,6,grade:E|condition:13,170.0,立待岬特別,～1200m,夏,11.0-15.9M
2026-07-05,2026-0705-02-01-08-10,2022102199,アルマデオロ,1,1,18.0,1.7999999523162842,1,0.4312432042189544,0.2187751761915516,1,180.0,2026-06-30,monthly_walk_forward,函館,芝,2600,15800000.0,1,grade:E|condition:13,110.0,横津岳特別,2500m～,夏,11.0-15.9M
2026-07-05,2026-0705-02-01-08-11,2022105028,プロミストジーン,5,0,42.0,4.199999809265137,1,1.2346402087619244,0.3528151975120138,1,0.0,2026-06-30,monthly_walk_forward,函館,芝,1700,24000000.0,4,grade:L|condition:13,0.0,大沼ステークス,1700～2000m,夏,16.0-24.9M
2026-07-05,2026-0705-02-01-08-12,2022101405,ララバニュルス,1,1,23.0,2.299999952316284,1,0.1372563979716202,0.3546982359503653,1,230.0,2026-06-30,monthly_walk_forward,函館,芝,1200,8200000.0,4,grade:unknown|condition:13,110.0,,～1200m,夏,8.0-10.9M
2026-07-05,2026-0705-03-02-04-07,2023107280,ヴンダーバール,1,1,27.0,2.700000047683716,1,0.2008035782807458,0.1899860932642454,1,270.0,2026-06-30,monthly_walk_forward,福島,芝,1700,8200000.0,6,grade:unknown|condition:13,150.0,,1700～2000m,夏,8.0-10.9M
2026-07-05,2026-0705-03-02-04-08,2023105257,ミエノストロング,3,0,20.0,2.0,1,0.1611110459163455,0.3052650029095708,1,0.0,2026-06-30,monthly_walk_forward,福島,芝,1800,8200000.0,1,grade:unknown|condition:13,110.0,,1700～2000m,夏,8.0-10.9M
2026-07-05,2026-0705-03-02-04-09,2023107178,フェルミアーク,3,0,33.0,3.299999952316284,1,0.3669679189149775,0.2182068449398319,1,0.0,2026-06-30,monthly_walk_forward,福島,芝,1200,15800000.0,9,grade:E|condition:13,180.0,郡山特別,～1200m,夏,11.0-15.9M
2026-07-05,2026-0705-03-02-04-10,2021105670,ベストミーエヴァー,1,1,13.0,1.2999999523162842,1,0.5923558813898621,0.4832592354015789,1,130.0,2026-06-30,monthly_walk_forward,福島,芝,1800,15800000.0,5,grade:E|condition:13,110.0,白河特別,1700～2000m,夏,11.0-15.9M
2026-07-05,2026-0705-03-02-04-11,2022100394,メリークリスマス,3,0,40.0,4.0,2,0.8958640070611438,0.2663927640691969,1,0.0,2026-06-30,monthly_walk_forward,福島,芝,1700,22000000.0,1,grade:E|condition:13,170.0,ジュライステークス,1700～2000m,夏,16.0-24.9M
2026-07-05,2026-0705-03-02-04-12,2022107272,ピコレッド,9,0,45.0,4.5,2,0.3539331297436819,0.3715268294241323,1,0.0,2026-06-30,monthly_walk_forward,福島,芝,1150,8200000.0,1,grade:unknown|condition:13,0.0,,～1200m,夏,8.0-10.9M
2026-07-05,2026-0705-10-02-04-01,2021102845,モズナイスバディー,7,0,31.0,3.0999999046325684,1,-0.2859562478667616,0.2199522651137475,1,0.0,2026-06-30,monthly_walk_forward,小倉,芝,2860,8400000.0,4,grade:unknown|condition:18,0.0,,2500m～,夏,8.0-10.9M
2026-07-05,2026-0705-10-02-04-08,2021105382,シンドリームシン,6,0,53.0,5.300000190734863,3,0.1014993501200496,0.2053606650054468,1,0.0,2026-06-30,monthly_walk_forward,小倉,芝,2000,8200000.0,1,grade:unknown|condition:13,0.0,,1700～2000m,夏,8.0-10.9M
2026-07-05,2026-0705-10-02-04-09,2023100933,ダークマルス,2,0,26.0,2.5999999046325684,2,0.7630409584068644,0.4262988959711132,1,0.0,2026-06-30,monthly_walk_forward,小倉,芝,1800,11400000.0,2,grade:E|condition:13,110.0,青島特別,1700～2000m,夏,11.0-15.9M
2026-07-05,2026-0705-10-02-04-10,2022104674,フィドルファドル,12,0,45.0,4.5,2,0.2763483034822349,0.1974339063219309,1,0.0,2026-06-30,monthly_walk_forward,小倉,芝,1700,15800000.0,7,grade:E|condition:13,0.0,九州スポーツ杯,1700～2000m,夏,11.0-15.9M
2026-07-05,2026-0705-10-02-04-11,2022102020,フリッカージャブ,1,1,30.0,3.0,1,1.0317384331350574,0.2000893178508246,1,300.0,2026-06-30,monthly_walk_forward,小倉,芝,1200,41000000.0,12,grade:C|condition:13,160.0,テレビ西日本賞北九州記念,～1200m,夏,25.0-49.9M
2026-07-05,2026-0705-10-02-04-12,2023102120,システマソラー,1,1,17.0,1.7000000476837158,1,0.842305315487673,0.4856670724832745,1,170.0,2026-06-30,monthly_walk_forward,小倉,芝,1700,8200000.0,10,grade:unknown|condition:13,110.0,,1700～2000m,夏,8.0-10.9M
2026-07-11,2026-0711-02-01-09-07,2023103820,ターンザテーブルス,7,0,25.0,2.5,1,0.5957671653452111,0.2378240905845252,1,0.0,2026-06-30,monthly_walk_forward,函館,芝,1800,8200000.0,5,grade:unknown|condition:13,0.0,,1700～2000m,夏,8.0-10.9M
2026-07-11,2026-0711-02-01-09-08,2022101445,マテンロウカナロア,4,0,33.0,3.299999952316284,1,-0.6957810474703832,0.147606624000338,1,0.0,2026-06-30,monthly_walk_forward,函館,芝,1700,8200000.0,9,grade:unknown|condition:13,0.0,,1700～2000m,夏,8.0-10.9M
2026-07-11,2026-0711-02-01-09-09,2023102091,クリスレジーナ,9,0,20.0,2.0,1,0.82803972737559,0.4646343284763297,1,0.0,2026-06-30,monthly_walk_forward,函館,芝,2000,11400000.0,1,grade:E|condition:13,0.0,北斗特別,1700～2000m,夏,11.0-15.9M
2026-07-11,2026-0711-02-01-09-10,2023110100,アスクケンタッキー,1,1,32.0,3.200000047683716,2,-0.1121704473773879,0.1368705680019896,1,320.0,2026-06-30,monthly_walk_forward,函館,芝,1200,15800000.0,7,grade:E|condition:13,190.0,ＨＴＢ杯,～1200m,夏,11.0-15.9M
2026-07-11,2026-0711-02-01-09-11,2022101230,インパクトシー,7,0,35.0,3.5,1,0.9757020051112048,0.2362629960099573,1,0.0,2026-06-30,monthly_walk_forward,函館,芝,1800,18700000.0,7,grade:E|condition:13,0.0,五稜郭ステークス,1700～2000m,夏,16.0-24.9M
2026-07-11,2026-0711-02-01-09-12,2023100095,ビップムーラン,1,1,15.0,1.5,1,0.0574059883100834,0.5682381588565717,1,150.0,2026-06-30,monthly_walk_forward,函館,芝,1000,8200000.0,1,grade:unknown|condition:13,110.0,,～1200m,夏,8.0-10.9M
2026-07-11,2026-0711-03-02-05-01,2018102917,ネイチャーシップ,8,0,34.0,3.4000000953674316,2,0.5508728555254154,0.500834901474105,1,0.0,2026-06-30,monthly_walk_forward,福島,芝,3380,14300000.0,7,grade:unknown|condition:18,0.0,,2500m～,夏,11.0-15.9M
2026-07-11,2026-0711-03-02-05-07,2023107032,イモータリス,3,0,41.0,4.099999904632568,3,0.6707012568011186,0.2953341248831244,1,0.0,2026-06-30,monthly_walk_forward,福島,芝,2000,8200000.0,4,grade:unknown|condition:13,140.0,,1700～2000m,夏,8.0-10.9M
2026-07-11,2026-0711-03-02-05-08,2023106312,ジェイエルキャリア,5,0,81.0,8.100000381469727,4,-0.0244212995199403,0.1526164339254063,1,0.0,2026-06-30,monthly_walk_forward,福島,芝,1150,8200000.0,14,grade:unknown|condition:13,0.0,,～1200m,夏,8.0-10.9M
2026-07-11,2026-0711-03-02-05-09,2022105118,ノクターン,4,0,27.0,2.700000047683716,1,0.9633864896047448,0.2844142153707551,1,0.0,2026-06-30,monthly_walk_forward,福島,芝,2600,15800000.0,10,grade:E|condition:13,0.0,信夫山特別,2500m～,夏,11.0-15.9M
2026-07-11,2026-0711-03-02-05-10,2022107138,アタリダイキチ,5,0,68.0,6.800000190734863,3,-0.3216231823827082,0.2036991269528825,1,0.0,2026-06-30,monthly_walk_forward,福島,芝,1200,18700000.0,2,grade:E|condition:13,0.0,会津ステークス,～1200m,夏,16.0-24.9M
2026-07-11,2026-0711-03-02-05-11,2023103355,クリエープキー,7,0,47.0,4.699999809265137,3,0.4723356490680139,0.282517765380779,1,0.0,2026-06-30,monthly_walk_forward,福島,芝,1200,23000000.0,6,grade:E|condition:13,0.0,安達太良ステークス,～1200m,夏,16.0-24.9M
2026-07-11,2026-0711-03-02-05-12,2023110007,アンティミスト,1,1,105.0,10.5,5,-0.3352712325302429,0.1587518169309831,1,1050.0,2026-06-30,monthly_walk_forward,福島,芝,1700,8200000.0,6,grade:unknown|condition:13,280.0,,1700～2000m,夏,8.0-10.9M
2026-07-11,2026-0711-10-02-05-07,2023103371,カラペルソナ,6,0,21.0,2.0999999046325684,1,0.4987318760185272,0.2886485187818736,1,0.0,2026-06-30,monthly_walk_forward,小倉,芝,1800,8200000.0,4,grade:unknown|condition:13,0.0,,1700～2000m,夏,8.0-10.9M
2026-07-11,2026-0711-10-02-05-08,2023107211,ジョアン,5,0,30.0,3.0,1,0.0633615696238053,0.2581509443754679,1,0.0,2026-06-30,monthly_walk_forward,小倉,芝,1700,8200000.0,3,grade:unknown|condition:13,0.0,,1700～2000m,夏,8.0-10.9M
2026-07-11,2026-0711-10-02-05-09,2023104315,タガノアルトゥーラ,8,0,30.0,3.0,2,0.2336618466895143,0.2845129910731177,1,0.0,2026-06-30,monthly_walk_forward,小倉,芝,2600,11400000.0,11,grade:E|condition:13,0.0,英彦山特別,2500m～,夏,11.0-15.9M
2026-07-11,2026-0711-10-02-05-10,2023104079,メローネ,12,0,128.0,12.800000190734863,5,0.3205613315507364,0.145446989343977,1,0.0,2026-06-30,monthly_walk_forward,小倉,芝,1200,15800000.0,5,grade:E|condition:13,0.0,耶馬渓特別,～1200m,夏,11.0-15.9M
2026-07-11,2026-0711-10-02-05-11,2022100194,ハヤテノツバサ,6,0,27.0,2.700000047683716,1,0.1208315492519159,0.2084866559767283,1,0.0,2026-06-30,monthly_walk_forward,小倉,芝,1000,18700000.0,11,grade:E|condition:13,0.0,釜山ステークス,～1200m,夏,16.0-24.9M
2026-07-11,2026-0711-10-02-05-12,2023107269,ムーンリットアイル,4,0,24.0,2.4000000953674316,1,0.4029853194916488,0.2710851959550006,1,0.0,2026-06-30,monthly_walk_forward,小倉,芝,1200,8200000.0,6,grade:unknown|condition:13,0.0,,～1200m,夏,8.0-10.9M
2026-07-12,2026-0712-02-01-10-07,2023100652,コイタマチャン,9,0,49.0,4.900000095367432,3,-0.1053773311937222,0.2593856887942589,1,0.0,2026-06-30,monthly_walk_forward,函館,芝,1700,8200000.0,8,grade:unknown|condition:13,0.0,,1700～2000m,夏,8.0-10.9M
2026-07-12,2026-0712-02-01-10-08,2022106566,ダイシンレアレア,2,0,37.0,3.700000047683716,2,-0.441807015663101,0.1857847074465699,1,0.0,2026-06-30,monthly_walk_forward,函館,芝,2400,8200000.0,9,grade:unknown|condition:13,140.0,,2100～2400m,夏,8.0-10.9M
2026-07-12,2026-0712-02-01-10-09,2023106718,コッツォリーノ,14,0,34.0,3.4000000953674316,1,0.7634214518822391,0.2868829901663533,1,0.0,2026-06-30,monthly_walk_forward,函館,芝,1800,15800000.0,10,grade:E|condition:13,0.0,北海ハンデキャップ,1700～2000m,夏,11.0-15.9M
2026-07-12,2026-0712-02-01-10-10,2023103625,エコロレバン,12,0,38.0,3.799999952316284,2,0.5366032987020031,0.2244336816626114,1,0.0,2026-06-30,monthly_walk_forward,函館,芝,1000,15800000.0,4,grade:E|condition:13,0.0,噴火湾特別,～1200m,夏,11.0-15.9M
2026-07-12,2026-0712-02-01-10-11,2019106335,タシット,7,0,244.0,24.399999618530273,10,0.628548599577105,0.1610726935677821,1,0.0,2026-06-30,monthly_walk_forward,函館,芝,1800,24000000.0,3,grade:E|condition:13,0.0,巴賞,1700～2000m,夏,16.0-24.9M
2026-07-12,2026-0712-02-01-10-12,2023103137,ハッピーラッキー,6,0,18.0,1.7999999523162842,1,-0.0703535860132106,0.4474545847091333,1,0.0,2026-06-30,monthly_walk_forward,函館,芝,1200,8200000.0,7,grade:unknown|condition:13,0.0,,～1200m,夏,8.0-10.9M
2026-07-12,2026-0712-03-02-06-01,2021105335,トーアマリシテン,1,1,33.0,3.299999952316284,2,-0.202501098655996,0.2125269937147477,1,330.0,2026-06-30,monthly_walk_forward,福島,芝,2770,8400000.0,3,grade:unknown|condition:18,150.0,,2500m～,夏,8.0-10.9M
2026-07-12,2026-0712-03-02-06-08,2023106190,デンプシー,1,1,29.0,2.9000000953674316,1,0.5370253166171491,0.2669908828210227,1,290.0,2026-06-30,monthly_walk_forward,福島,芝,1200,8200000.0,12,grade:unknown|condition:13,130.0,,～1200m,夏,8.0-10.9M
2026-07-12,2026-0712-03-02-06-09,2023103543,ルージュリリック,9,0,32.0,3.200000047683716,1,0.2854254612674027,0.2704547247714707,1,0.0,2026-06-30,monthly_walk_forward,福島,芝,1800,11400000.0,12,grade:E|condition:13,0.0,織姫賞,1700～2000m,夏,11.0-15.9M
2026-07-12,2026-0712-03-02-06-10,2023105748,リフレックス,2,0,30.0,3.0,1,0.5618096739688094,0.2868830889122226,1,0.0,2026-06-30,monthly_walk_forward,福島,芝,1700,18700000.0,3,grade:E|condition:13,130.0,天の川ステークス,1700～2000m,夏,16.0-24.9M
2026-07-12,2026-0712-03-02-06-11,2022104896,カラマティアノス,7,0,47.0,4.699999809265137,1,1.1871907486933553,0.2674495697502029,1,0.0,2026-06-30,monthly_walk_forward,福島,芝,2000,43000000.0,4,grade:C|condition:13,0.0,七夕賞,1700～2000m,夏,25.0-49.9M
2026-07-12,2026-0712-03-02-06-12,2022102716,サンマルノヴェル,4,0,30.0,3.0,1,0.595220228606381,0.3357045578655899,1,0.0,2026-06-30,monthly_walk_forward,福島,芝,1150,15800000.0,8,grade:E|condition:13,0.0,彦星賞,～1200m,夏,11.0-15.9M
2026-07-12,2026-0712-10-02-06-07,2023104411,コルヴァス,3,0,49.0,4.900000095367432,3,0.2033612716054109,0.3462576651035856,1,0.0,2026-06-30,monthly_walk_forward,小倉,芝,1700,8200000.0,12,grade:unknown|condition:13,180.0,,1700～2000m,夏,8.0-10.9M
2026-07-12,2026-0712-10-02-06-08,2023102997,ペイシャシス,2,0,27.0,2.700000047683716,1,0.4964530647546289,0.3676527435983852,1,0.0,2026-06-30,monthly_walk_forward,小倉,芝,1800,8200000.0,2,grade:unknown|condition:13,130.0,,1700～2000m,夏,8.0-10.9M
2026-07-12,2026-0712-10-02-06-09,2023107036,ショウナンバンライ,1,1,15.0,1.5,1,0.7056556578116376,0.3743069610715574,1,150.0,2026-06-30,monthly_walk_forward,小倉,芝,1700,15800000.0,8,grade:E|condition:13,110.0,八女特別,1700～2000m,夏,11.0-15.9M
2026-07-12,2026-0712-10-02-06-10,2023103343,フォーチュンライド,8,0,25.0,2.5,1,-0.26942930968673,0.2299398878607162,1,0.0,2026-06-30,monthly_walk_forward,小倉,芝,2000,15800000.0,5,grade:E|condition:13,0.0,西部スポニチ賞,1700～2000m,夏,11.0-15.9M
2026-07-12,2026-0712-10-02-06-11,2020100061,モックモック,8,0,20.0,2.0,1,1.113748986519137,0.362721178901097,1,0.0,2026-06-30,monthly_walk_forward,小倉,芝,1700,22000000.0,11,grade:E|condition:13,0.0,阿蘇ステークス,1700～2000m,夏,16.0-24.9M
2026-07-12,2026-0712-10-02-06-12,2021101414,ベルファスト,2,0,74.0,7.400000095367432,3,0.1859993453033017,0.2030447313624066,1,0.0,2026-06-30,monthly_walk_forward,小倉,芝,1200,8200000.0,15,grade:unknown|condition:13,240.0,,～1200m,夏,8.0-10.9M
2026-07-18,2026-0718-02-01-11-07,2022106045,ウィズマスタング,12,0,96.0,9.600000381469728,6,-0.2124579739819559,0.2194947860948884,1,0.0,2026-06-30,monthly_walk_forward,函館,芝,1700,8200000.0,5,grade:unknown|condition:13,0.0,,1700～2000m,夏,8.0-10.9M
2026-07-18,2026-0718-02-01-11-08,2023105223,アーレムアレス,4,0,14.0,1.399999976158142,1,0.7155268086165454,0.3018059702351479,1,0.0,2026-06-30,monthly_walk_forward,函館,芝,2600,8200000.0,5,grade:unknown|condition:13,0.0,,2500m～,夏,8.0-10.9M
2026-07-18,2026-0718-02-01-11-09,2023101382,ドッグウッド,1,1,22.0,2.200000047683716,1,0.4278953658260822,0.229034645210105,1,220.0,2026-06-30,monthly_walk_forward,函館,芝,1800,11400000.0,5,grade:E|condition:13,120.0,湯浜特別,1700～2000m,夏,11.0-15.9M
2026-07-18,2026-0718-02-01-11-10,2023100617,マナボニート,2,0,16.0,1.600000023841858,1,0.8195290598922733,0.4605035980319239,1,0.0,2026-06-30,monthly_walk_forward,函館,芝,1200,15800000.0,4,grade:E|condition:13,110.0,潮騒特別,～1200m,夏,11.0-15.9M
2026-07-18,2026-0718-02-01-11-11,2020110024,ウェイワードアクト,1,1,37.0,3.700000047683716,1,1.3417431819354173,0.3400927323413579,1,370.0,2026-06-30,monthly_walk_forward,函館,芝,1700,22000000.0,10,grade:E|condition:13,150.0,デルマーサラブレッドクラブ賞マリーンステークス,1700～2000m,夏,16.0-24.9M
2026-07-18,2026-0718-02-01-11-12,2022104440,ハーモニーソング,2,0,61.0,6.099999904632568,2,0.1426740367494913,0.1793155733208452,1,0.0,2026-06-30,monthly_walk_forward,函館,芝,1200,8200000.0,3,grade:unknown|condition:13,190.0,,～1200m,夏,8.0-10.9M
2026-07-18,2026-0718-03-02-07-08,2023104650,ブルズアイプリンス,10,0,172.0,17.200000762939453,8,-0.0158353733613663,0.1821271583695562,1,0.0,2026-06-30,monthly_walk_forward,福島,芝,1200,8200000.0,2,grade:unknown|condition:13,0.0,,～1200m,夏,8.0-10.9M
2026-07-18,2026-0718-03-02-07-09,2023105571,ドリームプレミア,3,0,20.0,2.0,1,0.0478903181334803,0.3486895973618162,1,0.0,2026-06-30,monthly_walk_forward,福島,芝,2600,11400000.0,5,grade:E|condition:13,110.0,開成山特別,2500m～,夏,11.0-15.9M
2026-07-18,2026-0718-03-02-07-10,2022104608,グロスビーク,11,0,27.0,2.700000047683716,1,-0.0472036215762565,0.2167516752333017,1,0.0,2026-06-30,monthly_walk_forward,福島,芝,1700,15800000.0,3,grade:E|condition:13,0.0,米沢特別,1700～2000m,夏,11.0-15.9M
2026-07-18,2026-0718-03-02-07-11,2021105859,フォルラニーニ,15,0,40.0,4.0,1,0.7943559896467832,0.2580464089549862,1,0.0,2026-06-30,monthly_walk_forward,福島,芝,1800,18700000.0,16,grade:E|condition:13,0.0,阿武隈ステークス,1700～2000m,夏,16.0-24.9M
2026-07-18,2026-0718-03-02-07-12,2023105083,ベルゼビュート,4,0,40.0,4.0,3,0.4726048275463306,0.30069784366661,1,0.0,2026-06-30,monthly_walk_forward,福島,芝,1150,8200000.0,13,grade:unknown|condition:13,0.0,,～1200m,夏,8.0-10.9M
2026-07-18,2026-0718-10-02-07-01,2019100628,トゥデイイズザデイ,8,0,92.0,9.199999809265137,6,-0.162117772014605,0.3008212878444993,1,0.0,2026-06-30,monthly_walk_forward,小倉,芝,2860,8400000.0,5,grade:unknown|condition:18,0.0,,2500m～,夏,8.0-10.9M
2026-07-18,2026-0718-10-02-07-04,2021104924,コンテナワールド,4,0,65.0,6.5,2,-0.0160921449372377,0.2420950925240997,1,0.0,2026-06-30,monthly_walk_forward,小倉,芝,3390,17500000.0,2,grade:E|condition:18,0.0,ソレイユジャンプステークス,2500m～,夏,16.0-24.9M
2026-07-18,2026-0718-10-02-07-08,2021105113,ダノンアトラス,5,0,76.0,7.599999904632568,4,0.5294040123276601,0.2528272895609103,1,0.0,2026-06-30,monthly_walk_forward,小倉,芝,2000,8200000.0,1,grade:unknown|condition:13,0.0,,1700～2000m,夏,8.0-10.9M
2026-07-18,2026-0718-10-02-07-09,2024109104,カエリールークス,1,1,19.0,1.899999976158142,1,0.0367441267890849,0.2446478512732406,1,190.0,2026-06-30,monthly_walk_forward,小倉,芝,1200,14000000.0,16,grade:E|condition:11,120.0,ひまわり賞,～1200m,夏,11.0-15.9M
2026-07-18,2026-0718-10-02-07-10,2022104120,コスモストーム,2,0,29.0,2.9000000953674316,1,0.0156436722571306,0.2957158648028509,1,0.0,2026-06-30,monthly_walk_forward,小倉,芝,1700,15800000.0,1,grade:E|condition:13,140.0,熊本城特別,1700～2000m,夏,11.0-15.9M
2026-07-18,2026-0718-10-02-07-11,2022110026,コウセキ,1,1,18.0,1.7999999523162842,1,0.2809848296441954,0.2546180852142203,1,180.0,2026-06-30,monthly_walk_forward,小倉,芝,1200,18700000.0,5,grade:E|condition:13,110.0,テレＱ杯,～1200m,夏,16.0-24.9M
2026-07-18,2026-0718-10-02-07-12,2023107362,バートラガッツ,1,1,16.0,1.600000023841858,1,0.1438752966527702,0.2027478082192114,1,160.0,2026-06-30,monthly_walk_forward,小倉,芝,1700,8200000.0,5,grade:unknown|condition:13,110.0,,1700～2000m,夏,8.0-10.9M
2026-07-19,2026-0719-02-01-12-07,2023104046,プリンセスアツコ,1,1,33.0,3.299999952316284,1,0.0087062066254134,0.1613184773090474,1,330.0,2026-06-30,monthly_walk_forward,函館,芝,1700,8200000.0,4,grade:unknown|condition:13,130.0,,1700～2000m,夏,8.0-10.9M
2026-07-19,2026-0719-02-01-12-08,2023102427,イングラム,5,0,24.0,2.4000000953674316,1,-0.0174349743534744,0.2158699081050702,1,0.0,2026-06-30,monthly_walk_forward,函館,芝,1000,8200000.0,3,grade:unknown|condition:13,0.0,,～1200m,夏,8.0-10.9M
2026-07-19,2026-0719-02-01-12-09,2023106859,モンローウォーク,1,1,15.0,1.5,1,1.0671545188121363,0.3546955686021619,1,150.0,2026-06-30,monthly_walk_forward,函館,芝,1800,15800000.0,9,grade:E|condition:13,110.0,かもめ島特別,1700～2000m,夏,11.0-15.9M
2026-07-19,2026-0719-02-01-12-10,2023104324,タガノエルー,2,0,19.0,1.899999976158142,1,0.667815293451641,0.2338645640110305,1,0.0,2026-06-30,monthly_walk_forward,函館,芝,1700,15800000.0,12,grade:E|condition:13,120.0,駒場特別,1700～2000m,夏,11.0-15.9M
2026-07-19,2026-0719-02-01-12-11,2024108226,シグレ,5,0,36.0,3.5999999046325684,1,0.4554445040617417,0.1493973932374961,1,0.0,2026-06-30,monthly_walk_forward,函館,芝,1200,34000000.0,11,grade:C|condition:11,0.0,函館２歳ステークス,～1200m,夏,25.0-49.9M
2026-07-19,2026-0719-02-01-12-12,2022101920,マグネシアブリック,3,0,51.0,5.099999904632568,3,-0.2329507438003167,0.1844211675175634,1,0.0,2026-06-30,monthly_walk_forward,函館,芝,1200,8200000.0,3,grade:unknown|condition:13,180.0,,～1200m,夏,8.0-10.9M
2026-07-19,2026-0719-03-02-08-08,2023103814,アメテュストス,11,0,33.0,3.299999952316284,1,0.7674395743064135,0.1819410499803579,1,0.0,2026-06-30,monthly_walk_forward,福島,芝,1800,8200000.0,8,grade:unknown|condition:13,0.0,,1700～2000m,夏,8.0-10.9M
2026-07-19,2026-0719-03-02-08-09,2023107279,ガラベイヤ,3,0,51.0,5.099999904632568,3,0.7873965958540845,0.252263764429197,1,0.0,2026-06-30,monthly_walk_forward,福島,芝,1200,15800000.0,1,grade:E|condition:13,190.0,南相馬特別,～1200m,夏,11.0-15.9M
2026-07-19,2026-0719-03-02-08-10,2022104635,アロンズロッド,2,0,28.0,2.799999952316284,1,0.6258871569538244,0.2814141143742851,1,0.0,2026-06-30,monthly_walk_forward,福島,芝,2000,15800000.0,4,grade:E|condition:13,120.0,猪苗代特別,1700～2000m,夏,11.0-15.9M
2026-07-19,2026-0719-03-02-08-11,2022110107,エコロアゼル,9,0,48.0,4.800000190734863,1,0.8649737720724445,0.1992393829208402,1,0.0,2026-06-30,monthly_walk_forward,福島,芝,1150,22000000.0,5,grade:E|condition:13,0.0,福島テレビ賞,～1200m,夏,16.0-24.9M
2026-07-19,2026-0719-03-02-08-12,2023100964,エアトベーレ,1,1,36.0,3.5999999046325684,1,0.3127187999380731,0.3182736376954784,1,360.0,2026-06-30,monthly_walk_forward,福島,芝,1700,8200000.0,11,grade:unknown|condition:13,150.0,,1700～2000m,夏,8.0-10.9M
2026-07-19,2026-0719-10-02-08-01,2022103255,メイショウソウセキ,3,0,30.0,3.0,2,-0.070064195911437,0.372438117888439,1,0.0,2026-06-30,monthly_walk_forward,小倉,芝,2860,8400000.0,8,grade:unknown|condition:18,190.0,,2500m～,夏,8.0-10.9M
2026-07-19,2026-0719-10-02-08-07,2022102638,ダイアナクイーン,2,0,62.0,6.199999809265137,3,0.0529667953776528,0.1565650580268913,1,0.0,2026-06-30,monthly_walk_forward,小倉,芝,1200,8200000.0,10,grade:unknown|condition:13,200.0,,～1200m,夏,8.0-10.9M
2026-07-19,2026-0719-10-02-08-08,2023100974,スマッシング,13,0,37.0,3.700000047683716,1,-0.023454893783502,0.2066002990082351,1,0.0,2026-06-30,monthly_walk_forward,小倉,芝,1000,8200000.0,3,grade:unknown|condition:13,0.0,,～1200m,夏,8.0-10.9M
2026-07-19,2026-0719-10-02-08-09,2019100915,ゼンノインヴォーク,3,0,53.0,5.300000190734863,2,0.0896965026907555,0.2996957895225415,1,0.0,2026-06-30,monthly_walk_forward,小倉,芝,1800,15800000.0,6,grade:E|condition:13,130.0,不知火特別,1700～2000m,夏,11.0-15.9M
2026-07-19,2026-0719-10-02-08-10,2021100752,アレナパラシオ,8,0,58.0,5.800000190734863,3,0.4630306337138566,0.2091454247442409,1,0.0,2026-06-30,monthly_walk_forward,小倉,芝,1700,18700000.0,16,grade:E|condition:13,0.0,宮崎ステークス,1700～2000m,夏,16.0-24.9M
2026-07-19,2026-0719-10-02-08-11,2022103995,ジョバンニ,2,0,26.0,2.5999999046325684,1,0.9110973957999942,0.2082846566489341,1,0.0,2026-06-30,monthly_walk_forward,小倉,芝,2000,43000000.0,17,grade:C|condition:13,150.0,農林水産省賞典　小倉記念,1700～2000m,夏,25.0-49.9M
2026-07-19,2026-0719-10-02-08-12,2023105274,ミッキージャンプ,1,1,22.0,2.200000047683716,1,0.477614229772723,0.42298084952169,1,220.0,2026-06-30,monthly_walk_forward,小倉,芝,1800,11400000.0,7,grade:E|condition:13,110.0,筑紫特別,1700～2000m,夏,11.0-15.9M
2026-07-25,2026-0725-01-01-01-07,2023104998,カイショー,7,0,40.0,4.0,2,0.4577806275405059,0.1980774196585927,1,0.0,2026-06-30,monthly_walk_forward,札幌,芝,1200,8200000.0,9,grade:unknown|condition:13,0.0,,～1200m,夏,8.0-10.9M
2026-07-25,2026-0725-01-01-01-08,2023100715,ピエナオルカ,5,0,25.0,2.5,2,0.0504029493742176,0.2337119835810699,1,0.0,2026-06-30,monthly_walk_forward,札幌,芝,1700,8200000.0,12,grade:unknown|condition:13,0.0,,1700～2000m,夏,8.0-10.9M
2026-07-25,2026-0725-01-01-01-09,2023107024,シニャンガ,5,0,29.0,2.9000000953674316,1,0.5010829787763006,0.2359251180914648,1,0.0,2026-06-30,monthly_walk_forward,札幌,芝,1800,8200000.0,5,grade:unknown|condition:13,0.0,,1700～2000m,夏,8.0-10.9M
2026-07-25,2026-0725-01-01-01-10,2022104692,バースライト,7,0,46.0,4.599999904632568,3,0.6947566626213236,0.3464585197055311,1,0.0,2026-06-30,monthly_walk_forward,札幌,芝,2600,15800000.0,9,grade:E|condition:13,0.0,ライラック賞,2500m～,夏,11.0-15.9M
2026-07-25,2026-0725-01-01-01-11,2023104015,ロジケープ,1,1,21.0,2.0999999046325684,1,0.6800104488236375,0.189086992327228,1,210.0,2026-06-30,monthly_walk_forward,札幌,芝,1200,18700000.0,7,grade:E|condition:13,120.0,ＴＶｈ賞,～1200m,夏,16.0-24.9M
2026-07-25,2026-0725-01-01-01-12,2022104903,セボンサデッセ,1,1,36.0,3.5999999046325684,2,0.898409102165848,0.3590809479161055,1,360.0,2026-06-30,monthly_walk_forward,札幌,芝,1700,15800000.0,5,grade:E|condition:13,120.0,桑園特別,1700～2000m,夏,11.0-15.9M
2026-07-25,2026-0725-04-02-01-05,2023106960,キシダンチョウ,3,0,38.0,3.799999952316284,3,0.8083877844592042,0.3753514348968581,1,0.0,2026-06-30,monthly_walk_forward,新潟,芝,1800,8200000.0,11,grade:unknown|condition:13,140.0,,1700～2000m,夏,8.0-10.9M
2026-07-25,2026-0725-04-02-01-06,2022105038,シャンソンドール,3,0,23.0,2.299999952316284,1,0.7537062052313505,0.2332671090251354,1,0.0,2026-06-30,monthly_walk_forward,新潟,芝,1600,15800000.0,14,grade:E|condition:13,130.0,豊栄特別,1300～1600m,夏,11.0-15.9M
2026-07-25,2026-0725-04-02-01-07,2022105326,コートアリシアン,4,0,18.0,1.7999999523162842,1,0.7629189888307664,0.2200091735043418,1,0.0,2026-06-30,monthly_walk_forward,新潟,芝,1400,18700000.0,2,grade:E|condition:13,0.0,新潟日報賞,1300～1600m,夏,16.0-24.9M
2026-07-25,2026-0725-04-02-01-08,2023103714,インナーパッション,4,0,30.0,3.0,1,-0.3665967242455543,0.1796581316470607,1,0.0,2026-06-30,monthly_walk_forward,新潟,芝,1800,11400000.0,11,grade:E|condition:13,0.0,清津峡特別,1700～2000m,夏,11.0-15.9M
2026-07-25,2026-0725-04-02-01-09,2022103181,モンツァフレイバー,1,1,90.0,9.0,4,-0.0832614767387352,0.3480445582352314,1,900.0,2026-06-30,monthly_walk_forward,新潟,芝,2850,14300000.0,8,grade:unknown|condition:18,240.0,,2500m～,夏,11.0-15.9M
2026-07-25,2026-0725-04-02-01-12,2023100914,タイセイフレッサ,11,0,44.0,4.400000095367432,2,0.4403096836954822,0.1875473364376543,1,0.0,2026-06-30,monthly_walk_forward,新潟,芝,1400,8200000.0,15,grade:unknown|condition:13,0.0,,1300～1600m,夏,8.0-10.9M
2026-07-25,2026-0725-07-02-01-06,2023103365,ヘリテージブルーム,2,0,79.0,7.900000095367432,4,0.8147956361929906,0.2047369427950695,1,0.0,2026-06-30,monthly_walk_forward,中京,芝,1400,15800000.0,13,grade:E|condition:13,220.0,四日市特別,1300～1600m,夏,11.0-15.9M
2026-07-25,2026-0725-07-02-01-07,2022103207,ミュージシャン,4,0,25.0,2.5,1,0.7777360879160199,0.2857059975993194,1,0.0,2026-06-30,monthly_walk_forward,中京,芝,2200,18700000.0,9,grade:E|condition:13,0.0,関ケ原ステークス,2100～2400m,夏,16.0-24.9M
2026-07-25,2026-0725-07-02-01-08,2023103246,ブラックシャリマー,7,0,54.0,5.400000095367432,3,0.8427961799791821,0.2755888351088539,1,0.0,2026-06-30,monthly_walk_forward,中京,芝,2000,11400000.0,5,grade:E|condition:13,0.0,香嵐渓特別,1700～2000m,夏,11.0-15.9M
2026-07-25,2026-0725-07-02-01-09,2023106127,ダンシングドール,3,0,52.0,5.199999809265137,2,0.057530207479406,0.2274544745890853,1,0.0,2026-06-30,monthly_walk_forward,中京,芝,1400,8200000.0,12,grade:unknown|condition:13,190.0,,1300～1600m,夏,8.0-10.9M
2026-07-25,2026-0725-07-02-01-10,2023102919,サイモンゼスト,2,0,65.0,6.5,3,0.1474896532543537,0.3134401310024644,1,0.0,2026-06-30,monthly_walk_forward,中京,芝,1800,8200000.0,13,grade:unknown|condition:13,180.0,,1700～2000m,夏,8.0-10.9M
2026-07-25,2026-0725-07-02-01-11,2023105415,ルージュスプリヤ,1,1,15.0,1.5,1,-0.0737124109437984,0.3352087427124687,1,150.0,2026-06-30,monthly_walk_forward,中京,芝,1200,8200000.0,3,grade:unknown|condition:13,110.0,,～1200m,夏,8.0-10.9M
2026-07-26,2026-0726-01-01-02-07,2023105630,ビタミンドロップ,4,0,30.0,3.0,1,-0.4247232877955592,0.2452661043375454,1,0.0,2026-06-30,monthly_walk_forward,札幌,芝,1000,8200000.0,5,grade:unknown|condition:13,0.0,,～1200m,夏,8.0-10.9M
2026-07-26,2026-0726-01-01-02-08,2023107204,デイトナチャンプ,1,1,16.0,1.600000023841858,1,-0.0185094645379279,0.2525212650653187,1,160.0,2026-06-30,monthly_walk_forward,札幌,芝,1500,8200000.0,1,grade:unknown|condition:13,110.0,,1300～1600m,夏,8.0-10.9M
2026-07-26,2026-0726-01-01-02-09,2023103696,マーゴットサンズ,1,1,16.0,1.600000023841858,1,-0.251581921616137,0.2666192384833287,1,160.0,2026-06-30,monthly_walk_forward,札幌,芝,1700,8200000.0,5,grade:unknown|condition:13,110.0,,1700～2000m,夏,8.0-10.9M
2026-07-26,2026-0726-01-01-02-10,2023105714,ヒズマスターピース,5,0,37.0,3.700000047683716,2,0.7424840628009706,0.290570036033217,1,0.0,2026-06-30,monthly_walk_forward,札幌,芝,1500,15800000.0,10,grade:E|condition:13,0.0,羊ヶ丘特別,1300～1600m,夏,11.0-15.9M
2026-07-26,2026-0726-01-01-02-11,2022107282,レクスノヴァス,7,0,35.0,3.5,2,1.192957874370773,0.2225823075611385,1,0.0,2026-06-30,monthly_walk_forward,札幌,芝,2600,28000000.0,3,grade:L|condition:13,0.0,札幌日経賞,2500m～,夏,25.0-49.9M
2026-07-26,2026-0726-01-01-02-12,2023102091,クリスレジーナ,3,0,22.0,2.200000047683716,1,-0.2042188223864269,0.3253548540850073,1,0.0,2026-06-30,monthly_walk_forward,札幌,芝,2000,11400000.0,1,grade:E|condition:13,140.0,厚岸特別,1700～2000m,夏,11.0-15.9M
2026-07-26,2026-0726-04-02-02-05,2022105459,エテオクロス,5,0,180.0,18.0,6,-0.2719687557989146,0.1512007714922396,1,0.0,2026-06-30,monthly_walk_forward,新潟,芝,1200,8200000.0,3,grade:unknown|condition:13,0.0,,～1200m,夏,8.0-10.9M
2026-07-26,2026-0726-04-02-02-06,2021104399,ラヴオントップ,8,0,44.0,4.400000095367432,2,-0.210590870086808,0.2120730980329428,1,0.0,2026-06-30,monthly_walk_forward,新潟,芝,1200,15800000.0,8,grade:E|condition:13,0.0,出雲崎特別,～1200m,夏,11.0-15.9M
2026-07-26,2026-0726-04-02-02-07,2021110030,アンパドゥ,1,1,48.0,4.800000190734863,1,0.990475122025738,0.1782341642620652,1,480.0,2026-06-30,monthly_walk_forward,新潟,芝,1600,41000000.0,3,grade:C|condition:13,210.0,関屋記念,1300～1600m,夏,25.0-49.9M
2026-07-26,2026-0726-04-02-02-08,2022105787,コンアフェット,10,0,73.0,7.300000190734863,4,0.1815474840368009,0.1602521501403894,1,0.0,2026-06-30,monthly_walk_forward,新潟,芝,1800,15800000.0,1,grade:E|condition:13,0.0,麒麟山特別,1700～2000m,夏,11.0-15.9M
2026-07-26,2026-0726-04-02-02-09,2021105885,キャネル,1,1,37.0,3.700000047683716,2,0.2815006225114135,0.2715230481594376,1,370.0,2026-06-30,monthly_walk_forward,新潟,芝,2850,8400000.0,5,grade:unknown|condition:18,160.0,,2500m～,夏,8.0-10.9M
2026-07-26,2026-0726-04-02-02-11,2021104137,ミエノブラボー,2,0,83.0,8.300000190734863,5,-0.5357269011288175,0.1658004443088514,1,0.0,2026-06-30,monthly_walk_forward,新潟,芝,1000,8200000.0,10,grade:unknown|condition:13,260.0,,～1200m,夏,8.0-10.9M
2026-07-26,2026-0726-07-02-02-06,2023105645,サヴォアフェール,1,1,22.0,2.200000047683716,1,0.996414225412664,0.343728361264726,1,220.0,2026-06-30,monthly_walk_forward,中京,芝,2000,15800000.0,1,grade:E|condition:13,120.0,木曽川特別,1700～2000m,夏,11.0-15.9M
2026-07-26,2026-0726-07-02-02-07,2022106942,ドンインザムード,3,0,18.0,1.7999999523162842,1,1.5447624649192946,0.2285284087474131,1,0.0,2026-06-30,monthly_walk_forward,中京,芝,1400,38000000.0,5,grade:C|condition:13,110.0,東海ステークス,1300～1600m,夏,25.0-49.9M
2026-07-26,2026-0726-07-02-02-08,2022100439,ハギノコラソン,7,0,51.0,5.099999904632568,3,0.1535871520277711,0.2343045544908686,1,0.0,2026-06-30,monthly_walk_forward,中京,芝,1800,15800000.0,7,grade:E|condition:13,0.0,遠州灘特別,1700～2000m,夏,11.0-15.9M
2026-07-26,2026-0726-07-02-02-09,2023103247,フルールジェンヌ,5,0,80.0,8.0,6,0.513568004836393,0.2134276691072365,1,0.0,2026-06-30,monthly_walk_forward,中京,芝,1400,8200000.0,3,grade:unknown|condition:13,0.0,,1300～1600m,夏,8.0-10.9M
2026-07-26,2026-0726-07-02-02-10,2023105593,ポッドリプル,1,1,27.0,2.700000047683716,1,0.5190267922584615,0.2941581542849518,1,270.0,2026-06-30,monthly_walk_forward,中京,芝,1400,8200000.0,10,grade:unknown|condition:13,120.0,,1300～1600m,夏,8.0-10.9M
2026-07-26,2026-0726-07-02-02-11,2023102997,ペイシャシス,9,0,73.0,7.300000190734863,5,0.720774907857701,0.2195027084516614,1,0.0,2026-06-30,monthly_walk_forward,中京,芝,1600,8200000.0,1,grade:unknown|condition:13,0.0,,1300～1600m,夏,8.0-10.9M
2026-08-01,2026-0801-01-01-03-04,2023104487,アイドクレース,2,0,20.0,2.0,1,0.3263286489825042,0.338267319960578,1,0.0,2026-07-31,monthly_walk_forward,札幌,芝,1800,8200000.0,1,grade:unknown|condition:13,110.0,,1700～2000m,夏,8.0-10.9M
2026-08-01,2026-0801-01-01-03-06,2022106835,セガンティーニ,3,0,87.0,8.699999809265137,4,-0.5279569655705011,0.2847696883985288,1,0.0,2026-07-31,monthly_walk_forward,札幌,芝,1000,8200000.0,4,grade:unknown|condition:13,150.0,,～1200m,夏,8.0-10.9M
2026-08-01,2026-0801-01-01-03-08,2023101793,エスシービクトリア,1,1,14.0,1.399999976158142,1,0.5130545045459062,0.3973335831398444,1,140.0,2026-07-31,monthly_walk_forward,札幌,芝,1700,8200000.0,4,grade:unknown|condition:13,110.0,,1700～2000m,夏,8.0-10.9M
2026-08-01,2026-0801-01-01-03-09,2022105438,ジョイエッロ,4,0,23.0,2.299999952316284,1,0.6978478162727193,0.3635839759408471,1,0.0,2026-07-31,monthly_walk_forward,札幌,芝,1800,15800000.0,6,grade:E|condition:13,0.0,釧路湿原特別,1700～2000m,夏,11.0-15.9M
2026-08-01,2026-0801-01-01-03-10,2023103086,イヌボウノウタゴエ,1,1,30.0,3.0,1,0.951694947427522,0.295088572718888,1,300.0,2026-07-31,monthly_walk_forward,札幌,芝,1500,8200000.0,1,grade:unknown|condition:13,140.0,,1300～1600m,夏,8.0-10.9M
2026-08-01,2026-0801-01-01-03-11,2022102199,アルマデオロ,2,0,41.0,4.099999904632568,1,0.606993498540453,0.1340204119653011,1,0.0,2026-07-31,monthly_walk_forward,札幌,芝,2000,18700000.0,12,grade:E|condition:13,180.0,ＳＴＶ賞,1700～2000m,夏,16.0-24.9M
2026-08-01,2026-0801-01-01-03-12,2022102308,エアニゲラ,2,0,28.0,2.799999952316284,1,0.2964875966447629,0.3685284260757645,1,0.0,2026-07-31,monthly_walk_forward,札幌,芝,1700,15800000.0,3,grade:E|condition:13,130.0,大倉山特別,1700～2000m,夏,11.0-15.9M
2026-08-01,2026-0801-04-02-03-06,2022105421,コンフォルツァ,2,0,30.0,3.0,1,0.7859887777744272,0.3713604318816592,1,0.0,2026-07-31,monthly_walk_forward,新潟,芝,1800,15800000.0,10,grade:E|condition:13,120.0,月岡温泉特別,1700～2000m,夏,11.0-15.9M
2026-08-01,2026-0801-04-02-03-07,2022104432,レイバックスピン,1,1,44.0,4.400000095367432,2,0.8079053381588082,0.3370212681814582,1,440.0,2026-07-31,monthly_walk_forward,新潟,芝,1800,18700000.0,11,grade:E|condition:13,180.0,柳都ステークス,1700～2000m,夏,16.0-24.9M
2026-08-01,2026-0801-04-02-03-08,2023104830,リアライズルミナス,3,0,14.0,1.399999976158142,1,1.0147369927972805,0.3994351406282868,1,0.0,2026-07-31,monthly_walk_forward,新潟,芝,2200,11400000.0,11,grade:E|condition:13,110.0,燕特別,2100～2400m,夏,11.0-15.9M
2026-08-01,2026-0801-04-02-03-09,2020106771,トモジャシーマ,3,0,85.0,8.5,5,-0.1171776384856544,0.2016488993332461,1,0.0,2026-07-31,monthly_walk_forward,新潟,芝,1200,8200000.0,3,grade:unknown|condition:13,230.0,,～1200m,夏,8.0-10.9M
2026-08-01,2026-0801-04-02-03-12,2023104357,ヤマニンアレシス,6,0,55.0,5.5,2,-0.1710657526482631,0.1711070814408175,1,0.0,2026-07-31,monthly_walk_forward,新潟,芝,1200,8200000.0,14,grade:unknown|condition:13,0.0,,～1200m,夏,8.0-10.9M
2026-08-01,2026-0801-07-02-03-06,2022110007,スナッピードレッサ,1,1,19.0,1.899999976158142,1,1.4669721090252898,0.3520672620650796,1,190.0,2026-07-31,monthly_walk_forward,中京,芝,1400,18700000.0,3,grade:E|condition:13,110.0,桶狭間ステークス,1300～1600m,夏,16.0-24.9M
2026-08-01,2026-0801-07-02-03-07,2022105550,ノクナレア,4,0,64.0,6.400000095367432,2,0.5346350960870266,0.1884789426543914,1,0.0,2026-07-31,monthly_walk_forward,中京,芝,1600,18700000.0,9,grade:E|condition:13,0.0,豊橋ステークス,1300～1600m,夏,16.0-24.9M
2026-08-01,2026-0801-07-02-03-08,2023100547,ビービークローサー,1,1,12.0,1.2000000476837158,1,1.348485156354475,0.6246973197144506,1,120.0,2026-07-31,monthly_walk_forward,中京,芝,1800,15800000.0,10,grade:E|condition:13,100.0,日進特別,1700～2000m,夏,11.0-15.9M
2026-08-01,2026-0801-07-02-03-09,2022101139,アバットゥータ,9,0,30.0,3.0,1,-0.7154375222053525,0.2132109542243865,1,0.0,2026-07-31,monthly_walk_forward,中京,芝,3000,8400000.0,3,grade:unknown|condition:18,0.0,,2500m～,夏,8.0-10.9M
2026-08-01,2026-0801-07-02-03-10,2023102213,プルメリアリノ,1,1,19.0,1.899999976158142,1,0.6017079938903935,0.3425611135456131,1,190.0,2026-07-31,monthly_walk_forward,中京,芝,1200,8200000.0,14,grade:unknown|condition:13,120.0,,～1200m,夏,8.0-10.9M
2026-08-01,2026-0801-07-02-03-11,2023105288,ピカキウイ,3,0,21.0,2.0999999046325684,1,0.737587236879227,0.2837138656653947,1,0.0,2026-07-31,monthly_walk_forward,中京,芝,2000,8200000.0,7,grade:unknown|condition:13,110.0,,1700～2000m,夏,8.0-10.9M
2026-08-01,2026-0801-07-02-03-12,2023102845,ララファキュルテ,3,0,47.0,4.699999809265137,3,0.4693580586264645,0.2047900572497681,1,0.0,2026-07-31,monthly_walk_forward,中京,芝,1600,8200000.0,3,grade:unknown|condition:13,170.0,,1300～1600m,夏,8.0-10.9M
2026-08-02,2026-0802-01-01-04-04,2023101050,クオンタムスター,2,0,17.0,1.7000000476837158,1,0.3544716804586185,0.3142743046041196,1,0.0,2026-07-31,monthly_walk_forward,札幌,芝,2600,8200000.0,5,grade:unknown|condition:13,110.0,,2500m～,夏,8.0-10.9M
2026-08-02,2026-0802-01-01-04-06,2022100912,ココデイック,7,0,119.0,11.899999618530272,8,-0.1487211256946975,0.175261895722451,1,0.0,2026-07-31,monthly_walk_forward,札幌,芝,1700,8200000.0,5,grade:unknown|condition:13,0.0,,1700～2000m,夏,8.0-10.9M
2026-08-02,2026-0802-01-01-04-08,2022103991,ジーティーエスピ,3,0,43.0,4.300000190734863,1,0.3257554461157877,0.266928738085307,1,0.0,2026-07-31,monthly_walk_forward,札幌,芝,1200,8200000.0,14,grade:unknown|condition:13,150.0,,～1200m,夏,8.0-10.9M
2026-08-02,2026-0802-01-01-04-09,2022104394,ヒットミー,8,0,57.0,5.699999809265137,4,0.3941679141176472,0.2542274720269739,1,0.0,2026-07-31,monthly_walk_forward,札幌,芝,1000,11900000.0,1,grade:unknown|condition:13,0.0,,～1200m,夏,11.0-15.9M
2026-08-02,2026-0802-01-01-04-10,2022104865,ヘニーガイスト,1,1,17.0,1.7000000476837158,1,1.5427599616718304,0.4136447814008509,1,170.0,2026-07-31,monthly_walk_forward,札幌,芝,1700,18700000.0,8,grade:E|condition:13,110.0,ポプラステークス,1700～2000m,夏,16.0-24.9M
2026-08-02,2026-0802-01-01-04-11,2022102296,ケリフレッドアスク,8,0,131.0,13.100000381469728,5,0.8069814215313067,0.1206845641863767,1,0.0,2026-07-31,monthly_walk_forward,札幌,芝,1800,38000000.0,2,grade:C|condition:13,0.0,北海道新聞杯クイーンステークス,1700～2000m,夏,25.0-49.9M
2026-08-02,2026-0802-01-01-04-12,2023106190,デンプシー,2,0,29.0,2.9000000953674316,1,0.3664705534953503,0.2253475827256233,1,0.0,2026-07-31,monthly_walk_forward,札幌,芝,1200,15800000.0,2,grade:E|condition:13,160.0,苫小牧特別,～1200m,夏,11.0-15.9M
2026-08-02,2026-0802-04-02-04-06,2022105198,ヘリオトロープ,5,0,46.0,4.599999904632568,2,0.5447967764912778,0.2198841674281132,1,0.0,2026-07-31,monthly_walk_forward,新潟,芝,1800,15800000.0,6,grade:E|condition:13,0.0,苗場特別,1700～2000m,夏,11.0-15.9M
2026-08-02,2026-0802-04-02-04-07,2021107058,ピューロマジック,1,1,27.0,2.700000047683716,1,1.0436967527378989,0.3226492840280185,1,270.0,2026-07-31,monthly_walk_forward,新潟,芝,1000,41000000.0,6,grade:C|condition:13,160.0,アイビスサマーダッシュ,～1200m,夏,25.0-49.9M
2026-08-02,2026-0802-04-02-04-08,2023107330,ガーヴィ,4,0,28.0,2.799999952316284,1,0.7658486080263293,0.2816238091154026,1,0.0,2026-07-31,monthly_walk_forward,新潟,芝,1800,11400000.0,2,grade:E|condition:13,0.0,五頭連峰特別,1700～2000m,夏,11.0-15.9M
2026-08-02,2026-0802-04-02-04-09,2023103157,サトノフェンサー,13,0,136.0,13.600000381469728,6,-0.0881687640085751,0.190516777633418,1,0.0,2026-07-31,monthly_walk_forward,新潟,芝,1800,8200000.0,10,grade:unknown|condition:13,0.0,,1700～2000m,夏,8.0-10.9M
2026-08-02,2026-0802-04-02-04-10,2023105429,チームユートピア,11,0,26.0,2.5999999046325684,1,0.8377919702133498,0.5399434863953305,1,0.0,2026-07-31,monthly_walk_forward,新潟,芝,1200,8200000.0,1,grade:unknown|condition:13,0.0,,～1200m,夏,8.0-10.9M
2026-08-02,2026-0802-07-02-04-05,2023100989,アンティスマ,1,1,21.0,2.0999999046325684,1,-0.3108026505857676,0.2712520452801217,1,210.0,2026-07-31,monthly_walk_forward,中京,芝,1800,8200000.0,3,grade:unknown|condition:13,130.0,,1700～2000m,夏,8.0-10.9M
2026-08-02,2026-0802-07-02-04-06,2023101159,アイニードユー,2,0,34.0,3.4000000953674316,2,1.0887304234580488,0.2972243866773828,1,0.0,2026-07-31,monthly_walk_forward,中京,芝,1400,15800000.0,4,grade:E|condition:13,110.0,中京スポニチ賞,1300～1600m,夏,11.0-15.9M
2026-08-02,2026-0802-07-02-04-07,2020102750,タイトニット,6,0,41.0,4.099999904632568,2,0.5236807929698083,0.2441830863984694,1,0.0,2026-07-31,monthly_walk_forward,中京,芝,1800,24000000.0,3,grade:L|condition:13,0.0,名鉄杯,1700～2000m,夏,16.0-24.9M
2026-08-02,2026-0802-07-02-04-08,2022100654,セルヴァンス,8,0,54.0,5.400000095367432,3,0.1002546990928569,0.2162301720812726,1,0.0,2026-07-31,monthly_walk_forward,中京,芝,1200,15800000.0,1,grade:E|condition:13,0.0,浜松特別,～1200m,夏,11.0-15.9M
2026-08-02,2026-0802-07-02-04-09,2021103555,ゴールデンステップ,2,0,28.0,2.799999952316284,1,-0.4079301695497404,0.3218640687543884,1,0.0,2026-07-31,monthly_walk_forward,中京,芝,3000,8400000.0,8,grade:unknown|condition:18,120.0,,2500m～,夏,8.0-10.9M
2026-08-02,2026-0802-07-02-04-10,2023110081,アメリカンイズム,9,0,34.0,3.4000000953674316,2,-0.1007884620390148,0.1927316573442438,1,0.0,2026-07-31,monthly_walk_forward,中京,芝,1900,8200000.0,9,grade:unknown|condition:13,0.0,,1700～2000m,夏,8.0-10.9M
2026-08-02,2026-0802-07-02-04-11,2022105290,レッドヴァリアート,4,0,25.0,2.5,2,-0.1506896124489596,0.4030066144669585,1,0.0,2026-07-31,monthly_walk_forward,中京,芝,2200,8200000.0,4,grade:unknown|condition:13,0.0,,2100～2400m,夏,8.0-10.9M
2026-08-08,2026-0808-01-01-05-04,2023106844,モルニケ,2,0,55.0,5.5,2,0.6479396317048626,0.2589312021431161,1,0.0,2026-07-31,monthly_walk_forward,札幌,芝,1500,8200000.0,13,grade:unknown|condition:13,180.0,,1300～1600m,夏,8.0-10.9M
2026-08-08,2026-0808-01-01-05-07,2023105059,グレイトソン,4,0,32.0,3.200000047683716,1,0.0788661799132197,0.220025406884625,1,0.0,2026-07-31,monthly_walk_forward,札幌,芝,1000,8200000.0,10,grade:unknown|condition:13,0.0,,～1200m,夏,8.0-10.9M
2026-08-08,2026-0808-01-01-05-09,2023105830,ビーチイン,10,0,17.0,1.7000000476837158,1,0.4076960528900146,0.3349676638240597,1,0.0,2026-07-31,monthly_walk_forward,札幌,芝,1700,8200000.0,4,grade:unknown|condition:13,0.0,,1700～2000m,夏,8.0-10.9M
2026-08-08,2026-0808-01-01-05-10,2022102573,メイショウアイル,4,0,45.0,4.5,2,-0.1232073802871899,0.223893120424544,1,0.0,2026-07-31,monthly_walk_forward,札幌,芝,2000,15800000.0,4,grade:E|condition:13,0.0,藻岩山特別,1700～2000m,夏,11.0-15.9M
2026-08-08,2026-0808-01-01-05-11,2021102236,テーオーパスワード,3,0,43.0,4.300000190734863,2,1.24091075426089,0.2340080395717754,1,0.0,2026-07-31,monthly_walk_forward,札幌,芝,1700,38000000.0,5,grade:C|condition:13,170.0,エルムステークス,1700～2000m,夏,25.0-49.9M
2026-08-08,2026-0808-01-01-05-12,2023104885,ジーネキング,2,0,33.0,3.299999952316284,1,0.8358669717532108,0.1934184501424307,1,0.0,2026-07-31,monthly_walk_forward,札幌,芝,1500,15800000.0,11,grade:E|condition:13,140.0,摩周湖特別,1300～1600m,夏,11.0-15.9M
2026-08-08,2026-0808-04-02-05-06,2023103818,ラベルセーヌ,1,1,15.0,1.5,1,0.9708670348007642,0.4294602928699695,1,150.0,2026-07-31,monthly_walk_forward,新潟,芝,1800,15800000.0,8,grade:E|condition:13,110.0,三面川特別,1700～2000m,夏,11.0-15.9M
2026-08-08,2026-0808-04-02-05-07,2022104750,レイニング,4,0,40.0,4.0,2,1.0485291321120966,0.2398046835739991,1,0.0,2026-07-31,monthly_walk_forward,新潟,芝,1800,24000000.0,1,grade:E|condition:13,0.0,関越ステークス,1700～2000m,夏,16.0-24.9M
2026-08-08,2026-0808-04-02-05-08,2024106482,アンムート,2,0,28.0,2.799999952316284,2,0.4599325602833868,0.3101066484545262,1,0.0,2026-07-31,monthly_walk_forward,新潟,芝,1400,17000000.0,7,grade:E|condition:11,110.0,ダリア賞,1300～1600m,夏,16.0-24.9M
2026-08-08,2026-0808-04-02-05-09,2023105097,サイモンセレーノ,4,0,35.0,3.5,1,0.2585090912529868,0.2920886640400077,1,0.0,2026-07-31,monthly_walk_forward,新潟,芝,1800,8200000.0,14,grade:unknown|condition:13,0.0,,1700～2000m,夏,8.0-10.9M
2026-08-08,2026-0808-04-02-05-10,2023107014,サレジオ,3,0,24.0,2.4000000953674316,1,0.9273181268966048,0.4119486704717766,1,0.0,2026-07-31,monthly_walk_forward,新潟,芝,1600,8200000.0,1,grade:unknown|condition:13,110.0,,1300～1600m,夏,8.0-10.9M
2026-08-08,2026-0808-04-02-05-11,2023104998,カイショー,15,0,51.0,5.099999904632568,3,0.1018553808576357,0.2027416840003143,1,0.0,2026-07-31,monthly_walk_forward,新潟,芝,1000,8200000.0,5,grade:unknown|condition:13,0.0,,～1200m,夏,8.0-10.9M
2026-08-08,2026-0808-07-02-05-05,2023103906,レイクラシック,1,1,11.0,1.100000023841858,1,1.0585267042416209,0.5896851472688365,1,110.0,2026-07-31,monthly_walk_forward,中京,芝,2000,8200000.0,3,grade:unknown|condition:13,100.0,,1700～2000m,夏,8.0-10.9M
2026-08-08,2026-0808-07-02-05-06,2022100382,ビップディラン,2,0,57.0,5.699999809265137,4,0.2632220998893845,0.2139585465179931,1,0.0,2026-07-31,monthly_walk_forward,中京,芝,1600,15800000.0,8,grade:E|condition:13,190.0,納屋橋特別,1300～1600m,夏,11.0-15.9M
2026-08-08,2026-0808-07-02-05-07,2022101821,ロードヴォイジャー,8,0,25.0,2.5,1,0.6732169026330809,0.4098474467194119,1,0.0,2026-07-31,monthly_walk_forward,中京,芝,1800,18700000.0,7,grade:E|condition:13,0.0,三河ステークス,1700～2000m,夏,16.0-24.9M
2026-08-08,2026-0808-07-02-05-08,2023103893,リアンドゥクール,1,1,17.0,1.7000000476837158,1,0.2758116065038849,0.4063349656203464,1,170.0,2026-07-31,monthly_walk_forward,中京,芝,1800,11400000.0,9,grade:E|condition:13,110.0,恵那特別,1700～2000m,夏,11.0-15.9M
2026-08-08,2026-0808-07-02-05-09,2021105335,トーアマリシテン,5,0,137.0,13.699999809265137,4,-0.2219295130540379,0.4191508964564616,1,0.0,2026-07-31,monthly_walk_forward,中京,芝,3000,14300000.0,1,grade:unknown|condition:18,0.0,,2500m～,夏,11.0-15.9M
2026-08-08,2026-0808-07-02-05-11,2023107241,バルセシート,1,1,15.0,1.5,1,0.839360820678112,0.3277216606168051,1,150.0,2026-07-31,monthly_walk_forward,中京,芝,1600,8200000.0,4,grade:unknown|condition:13,110.0,,1300～1600m,夏,8.0-10.9M
2026-08-09,2026-0809-01-01-06-03,2021103520,デルシエロ,4,0,51.0,5.099999904632568,3,0.059032624545697,0.253523351297566,1,0.0,2026-07-31,monthly_walk_forward,札幌,芝,2000,8200000.0,5,grade:unknown|condition:13,0.0,,1700～2000m,夏,8.0-10.9M
2026-08-09,2026-0809-01-01-06-08,2022104419,ローズマイスター,1,1,44.0,4.400000095367432,2,0.3104258606409461,0.2835711326331334,1,440.0,2026-07-31,monthly_walk_forward,札幌,芝,1700,8200000.0,12,grade:unknown|condition:13,150.0,,1700～2000m,夏,8.0-10.9M
2026-08-09,2026-0809-01-01-06-09,2023105141,ニシノサリーナ,16,0,34.0,3.4000000953674316,1,0.5918460955460141,0.2421975898638772,1,0.0,2026-07-31,monthly_walk_forward,札幌,芝,1200,8200000.0,2,grade:unknown|condition:13,0.0,,～1200m,夏,8.0-10.9M
2026-08-09,2026-0809-01-01-06-10,2022110130,ベラジオワールド,3,0,37.0,3.700000047683716,2,1.1407968685159715,0.3531593342635928,1,0.0,2026-07-31,monthly_walk_forward,札幌,芝,1700,15800000.0,8,grade:E|condition:13,110.0,富良野特別,1700～2000m,夏,11.0-15.9M
2026-08-09,2026-0809-01-01-06-11,2023107008,ブラックチャリス,6,0,45.0,4.5,2,0.9740315394000876,0.1781308664099547,1,0.0,2026-07-31,monthly_walk_forward,札幌,芝,1200,23000000.0,3,grade:E|condition:13,0.0,ＵＨＢ賞,～1200m,夏,16.0-24.9M
2026-08-09,2026-0809-01-01-06-12,2022106645,グランセゾン,2,0,115.0,11.5,6,0.2837321275680767,0.2151342817003146,1,0.0,2026-07-31,monthly_walk_forward,札幌,芝,1800,11400000.0,5,grade:E|condition:13,250.0,石狩特別,1700～2000m,夏,11.0-15.9M
2026-08-09,2026-0809-04-02-06-05,2023100359,シュヴァルツシルト,6,0,34.0,3.4000000953674316,2,0.3613084893210517,0.2214687149210341,1,0.0,2026-07-31,monthly_walk_forward,新潟,芝,1200,8200000.0,12,grade:unknown|condition:13,0.0,,～1200m,夏,8.0-10.9M
2026-08-09,2026-0809-04-02-06-06,2023103687,ライヒスアドラー,1,1,12.0,1.2000000476837158,1,1.193473573584423,0.2654619016183,1,120.0,2026-07-31,monthly_walk_forward,新潟,芝,1800,18700000.0,1,grade:E|condition:13,110.0,佐渡ステークス,1700～2000m,夏,16.0-24.9M
2026-08-09,2026-0809-04-02-06-07,2023105303,メルカントゥール,3,0,27.0,2.700000047683716,1,1.3477057235096193,0.2753157278182236,1,0.0,2026-07-31,monthly_walk_forward,新潟,芝,1800,37000000.0,12,grade:C|condition:12,130.0,レパードステークス,1700～2000m,夏,25.0-49.9M
2026-08-09,2026-0809-04-02-06-08,2022101604,ハニーローリエ,2,0,25.0,2.5,1,0.4748810201004703,0.3524553261142183,1,0.0,2026-07-31,monthly_walk_forward,新潟,芝,1000,15800000.0,11,grade:E|condition:13,130.0,驀進特別,～1200m,夏,11.0-15.9M
2026-08-09,2026-0809-04-02-06-09,2022110132,ピコテンダー,6,0,24.0,2.4000000953674316,1,0.427880933238902,0.3093951396047742,1,0.0,2026-07-31,monthly_walk_forward,新潟,芝,1200,11900000.0,14,grade:unknown|condition:13,0.0,,～1200m,夏,11.0-15.9M
2026-08-09,2026-0809-04-02-06-10,2023107228,ウップヘリーア,2,0,17.0,1.7000000476837158,1,0.7605372680580553,0.3872976796267773,1,0.0,2026-07-31,monthly_walk_forward,新潟,芝,2000,8200000.0,7,grade:unknown|condition:13,110.0,,1700～2000m,夏,8.0-10.9M
2026-08-09,2026-0809-07-02-06-05,2023104876,ペプチドレオン,3,0,26.0,2.5999999046325684,1,0.374417059748351,0.3122030410958205,1,0.0,2026-07-31,monthly_walk_forward,中京,芝,1400,8200000.0,14,grade:unknown|condition:13,130.0,,1300～1600m,夏,8.0-10.9M
2026-08-09,2026-0809-07-02-06-06,2021105585,カリーニョ,1,1,34.0,3.4000000953674316,2,0.4275941532674073,0.2593218700246212,1,340.0,2026-07-31,monthly_walk_forward,中京,芝,2000,15800000.0,5,grade:E|condition:13,180.0,浜名湖特別,1700～2000m,夏,11.0-15.9M
2026-08-09,2026-0809-07-02-06-07,2022103066,レイピア,2,0,49.0,4.900000095367432,2,1.033096010083554,0.1670737063786511,1,0.0,2026-07-31,monthly_walk_forward,中京,芝,1200,41000000.0,3,grade:C|condition:13,190.0,ＣＢＣ賞,～1200m,夏,25.0-49.9M
2026-08-09,2026-0809-07-02-06-08,2023107082,リベッチオ,1,1,16.0,1.600000023841858,1,0.1101141549128643,0.3721086449764348,1,160.0,2026-07-31,monthly_walk_forward,中京,芝,1800,15800000.0,11,grade:E|condition:13,110.0,揖斐川特別,1700～2000m,夏,11.0-15.9M
2026-08-09,2026-0809-07-02-06-09,2022103255,メイショウソウセキ,1,1,23.0,2.299999952316284,1,0.1183079943386964,0.3906821227541481,1,230.0,2026-07-31,monthly_walk_forward,中京,芝,3000,8400000.0,5,grade:unknown|condition:18,110.0,,2500m～,夏,8.0-10.9M
2026-08-09,2026-0809-07-02-06-10,2023102131,ラヴネヴァーダイズ,3,0,25.0,2.5,1,0.0398015411673868,0.2328796711874981,1,0.0,2026-07-31,monthly_walk_forward,中京,芝,1200,8200000.0,2,grade:unknown|condition:13,150.0,,～1200m,夏,8.0-10.9M
2026-08-09,2026-0809-07-02-06-11,2023103836,フロムレイブン,2,0,32.0,3.200000047683716,1,0.0170398577653015,0.1332346129849032,1,0.0,2026-07-31,monthly_walk_forward,中京,芝,1200,8200000.0,1,grade:unknown|condition:13,180.0,,～1200m,夏,8.0-10.9M
