race_id,date,racecourse,race_number,pred_rank1_horse,pred_rank2_horse,pred_rank3_horse,p1,p2,p3,p4,gap_1_2,gap_2_3,gap_3_4,ratio_1_2,ratio_2_3,ratio_3_4,top1_share,top2_share,top3_share,prediction_entropy,normalized_entropy,prediction_std,prediction_range,actual_winner,actual_second,actual_third,top1_hit,top2_box_hit,top2_exact_hit,top3_box_hit,top2_order_hit,top1_odds,top1_fair_odds,top1_market_implied_probability,top1_edge,top1_expected_return,recommendation
2026-0704-02-01-07-01,2026-07-04,函館,1,アルテクィーン,ヌーンベルク,ショウナンカノア,0.30064167315455387,0.22932182373461593,0.09934254702719844,0.09087275280962291,0.07131984941993794,0.1299792767074175,0.00846979421757553,1.3110033238810854,2.3083948478976604,1.0932049922083864,0.30064167315455387,0.5299634968891698,0.6293060439163682,1.9267004738951574,0.8768791746499445,0.09130222690091555,0.2900998565411801,ショウナンカノア,アルテクィーン,トーセンルルド,0,0,0,0,0,18.0,3.178702102897569,0.05555555555555555,0.25903825274388925,5.6626885493900065,TWO_HORSE_UNORDERED
2026-0704-02-01-07-02,2026-07-04,函館,2,トリニタリオ,ニシノマルガリート,ユマハム,0.22400168388366598,0.12236676228000688,0.11862731176343153,0.0991622774426868,0.1016349216036591,0.003739450516575357,0.01946503432074473,1.8305762096662495,1.031522677712133,1.1962947485952509,0.22400168388366598,0.34636844616367285,0.46499575792710435,2.4580886571145126,0.8865680789211298,0.06835210634129872,0.26723102598315046,ニシノマルガリート,トリニタリオ,コワンニシタガウ,0,1,0,0,0,21.0,3.5339398827408828,0.047619047619047616,0.2353512442310819,5.94237612885272,UNSET
2026-0704-02-01-07-03,2026-07-04,函館,3,ギンケイ,ペガサスウィンド,ラショナルポイント,0.23551922154670818,0.22354034419876703,0.22329217724792144,0.084528696645264,0.011978877347941147,0.0002481669508455908,0.13876348060265745,1.0535870935999356,1.001111400112195,2.641613867359117,0.23551922154670818,0.45905956574547524,0.6823517429933967,1.9754193249199348,0.8238138451370306,0.11337816930517802,0.2909724857500067,ギンケイ,ルージュリヴィエラ,ウォータースパウト,1,0,0,0,0,25.0,3.2309116559160556,0.04,0.26951016508573383,7.737754127143345,THREE_HORSE
2026-0704-02-01-07-04,2026-07-04,函館,4,スッサンエア,フルムーン,ブラックジャック,0.19969012885304394,0.19771415786944457,0.10275893901736073,0.07001504190057495,0.001975970983599362,0.09495521885208384,0.03274389711678578,1.0099940793562399,1.92405799203553,1.4676694639886647,0.19969012885304394,0.3974042867224885,0.5001632257398493,2.4660387541692232,0.889435470319984,0.05231095279047687,0.1744659276685212,ロードクラシコ,ルージュフィーリア,ホウオウザロイヤル,0,0,0,0,0,58.0,5.305429035295103,0.017241379310344827,0.17124479086502858,10.932197870171658,UNSET
2026-0704-02-01-07-05,2026-07-04,函館,5,リキサンステラ,リアルクウカイ,ダマスク,0.2,0.2,0.2,0.2,0.0,0.0,0.0,1.0,1.0,1.0,0.2,0.4,0.6000000000000001,1.6094379124341005,1.0000000000000002,0.0,0.0,ダマスク,リアルクウカイ,ヴァイタリズム,0,0,0,0,0,46.0,7.7709149829350395,0.021739130434782608,0.10694584452582422,5.919508848187914,CHAOTIC_SKIP
2026-0704-02-01-07-06,2026-07-04,函館,6,レッドフロイデ,ブレイズランナー,メイショウセンドウ,0.2766751026145602,0.1515541065566679,0.1043438507495604,0.08309912069697438,0.1251209960578923,0.0472102558071075,0.021244730052586022,1.8255863130380308,1.4524488550879593,1.2556552930331975,0.2766751026145602,0.4282292091712281,0.5325730599207885,2.2276240075862845,0.8684865457893117,0.0714471892134114,0.27269538110871683,レッドフロイデ,ストリートクイーン,ブレイズランナー,1,0,0,0,0,21.0,3.503126262830732,0.047619047619047616,0.23784026071657066,5.994645475047983,UNSET
2026-0704-02-01-07-07,2026-07-04,函館,7,デルマリシリ,メイショウハッケイ,ツルノマイハシ,0.3290600951489152,0.19779994696385372,0.181907427760581,0.07143544672587226,0.1312601481850615,0.015892519203272726,0.11047198103470873,1.663600522648513,1.0873659717963238,2.5464588813819,0.3290600951489152,0.5268600421127689,0.7087674698733499,1.8703114181770268,0.812265928354928,0.12407206450833282,0.40037951682928546,ストレイトアスク,デルマリシリ,ライトニングロッド,0,0,0,0,0,19.0,2.4097227744256124,0.05263157894736842,0.36235391673412654,7.884724417948404,ONE_HORSE
2026-0704-02-01-07-08,2026-07-04,函館,8,バズアップビート,ダノンヒストリー,グランアルト,0.2816558946923579,0.275790966819797,0.11733268864291388,0.10560462055954557,0.005864927872560932,0.1584582781768831,0.011728068083368307,1.0212658447090948,2.3505041093802035,1.1110563914838876,0.2816558946923579,0.5574468615121548,0.6747795501550687,1.7578912444466837,0.903377396587449,0.072125919087249,0.19929882634030488,ダノンヒストリー,アスクファイアモア,サイモンイロハニー,0,0,0,0,0,24.0,4.3937435116585295,0.041666666666666664,0.18592968649927513,5.462312475982603,UNSET
2026-0704-02-01-07-09,2026-07-04,函館,9,グレーヌドジョワ,タイキルッジェーロ,ゴーゴータカシ,0.18665244496589573,0.17476180041991243,0.15726175338069184,0.14949815275780895,0.011890644545983292,0.01750004703922059,0.0077636006228828935,1.068039151104033,1.1112797400704117,1.0519310806164952,0.18665244496589573,0.36141424538580813,0.5186759987665,2.0121716278440003,0.9157787731845936,0.04600546980166037,0.13035514162163447,ウインベラーノ,グレーヌドジョワ,グランセゾン,0,0,0,0,0,36.0,7.086982058342224,0.027777777777777776,0.11332600825803991,5.079736297289437,UNSET
2026-0704-02-01-07-10,2026-07-04,函館,10,ディアウス,ケイアイアギト,セボンサデッセ,0.19382365604671342,0.17611608804847756,0.14135998146026396,0.09754734677769755,0.017707567998235862,0.0347561065882136,0.04381263468256641,1.100544863302674,1.2458694902841614,1.4491422486601488,0.19382365604671342,0.369939744095191,0.511299725555455,2.321855885902979,0.8798050197118972,0.09487896379991077,0.3024730826384649,ケイアイアギト,セボンサデッセ,オセアバトルプラン,0,0,0,0,0,52.0,3.1576688577262986,0.019230769230769232,0.29745854971195773,16.4678445850218,UNSET
2026-0704-02-01-07-11,2026-07-04,函館,11,サウスバンク,マーブルパレス,アンジュプロミス,0.2337926074382374,0.156476840379267,0.1533782813409881,0.054913510964552506,0.07731576705897039,0.0030985590382789086,0.0984647703764356,1.4941035802587348,1.0202020717091635,2.793088233604223,0.2337926074382374,0.3902694478175044,0.5436477291584925,2.415713142976444,0.8712843428956017,0.06616638802651316,0.24093729993474136,マーブルパレス,メルトユアハート,ルーフ,0,0,0,0,0,28.0,3.8984800221712295,0.03571428571428571,0.22079594245486045,7.182286388736092,THREE_HORSE
2026-0704-02-01-07-12,2026-07-04,函館,12,シーズザスローン,ゴールドブレイズ,アチーヴァー,0.34435684654949517,0.30522634754081124,0.10259632990345162,0.07248614421962452,0.03913049900868393,0.2026300176373596,0.030110185683827104,1.1282015767116955,2.9750220873207143,1.415392293354669,0.34435684654949517,0.6495831940903064,0.752179523993758,1.6504125814120034,0.8481442898138098,0.11243272920541901,0.2798564046822893,シーズザスローン,アチーヴァー,ゴールドブレイズ,1,0,0,1,0,19.0,3.008788371472921,0.05263157894736842,0.2797281208843816,6.31483429680325,TWO_HORSE_UNORDERED
2026-0704-03-02-03-01,2026-07-04,福島,1,ウィンターブリーズ,コスモハナミズキ,レゾルーティオ,0.28507444017912753,0.20306638861198884,0.13357177050109134,0.1114665913906659,0.0820080515671387,0.0694946181108975,0.022105179110425435,1.4038484759968644,1.5202792315336546,1.1983121474752165,0.28507444017912753,0.48814082879111637,0.6217125992922077,1.8998916667169305,0.9136547619329277,0.08259757924887608,0.26193113782953675,コスモハナミズキ,ウィンターブリーズ,レゾルーティオ,0,1,0,1,0,11.0,3.285416058865533,0.09090909090909091,0.21346636172241049,3.3481299789465155,UNSET
2026-0704-03-02-03-02,2026-07-04,福島,2,ベルトラッキ,ファランギーナ,ドナディクオーレ,0.18494105640674743,0.16864572870409975,0.13817713430665773,0.1246820830545754,0.01629532770264769,0.03046859439744201,0.013495051252082335,1.0966246096350234,1.2205038811256774,1.10823568969549,0.18494105640674743,0.3535867851108472,0.4917639194175049,2.3809632288529947,0.8587509607012974,0.06616536931144713,0.20674531895831824,ボンボンベイビー,クイーンズレイン,ファランギーナ,0,0,0,0,0,39.0,4.661692365556096,0.02564102564102564,0.18887334415924525,8.366060422210564,UNSET
2026-0704-03-02-03-03,2026-07-04,福島,3,ワンダーブリッツ,イントゥザウインド,キタノドンカルロ,0.304160708192963,0.2533907672840451,0.17519616779619784,0.08420554621589385,0.0507699409089179,0.07819459948784724,0.09099062158030399,1.2003622367661329,1.4463259697484332,2.0805775352019444,0.304160708192963,0.5575514754770081,0.732747643273206,1.9382668864456147,0.7157425979978939,0.1004151323966896,0.3192711056675419,オリジナルアポジー,ワンダーブリッツ,イントゥザウインド,0,0,0,0,0,21.0,3.0746177796027934,0.047619047619047616,0.27762463198043386,6.830117271589111,THREE_HORSE
2026-0704-03-02-03-04,2026-07-04,福島,4,グレイシエーション,リーデレクオーレ,アーリマックス,0.23475544723158262,0.16637197548400107,0.08955090803580494,0.08603920084792471,0.06838347174758155,0.07682106744819613,0.003511707187880228,1.4110275877210916,1.8578480010217309,1.0408151999701534,0.23475544723158262,0.40112742271558366,0.4906783307513886,2.3823114894301645,0.8592372429134246,0.046619882261184235,0.17641025744161204,グレイシエーション,リーデレクオーレ,ラウンドヒル,1,1,1,0,1,16.0,5.480248925060459,0.0625,0.11997346309893539,2.9195754095829662,UNSET
2026-0704-03-02-03-05,2026-07-04,福島,5,スタースポット,コスモバルムンク,サノノファイター,0.07142857142857145,0.07142857142857145,0.07142857142857145,0.07142857142857145,0.0,0.0,0.0,1.0,1.0,1.0,0.07142857142857145,0.1428571428571429,0.21428571428571436,2.6390573296152597,1.0000000000000004,0.0,0.0,スタースポット,グルドロッティン,フェリスセンダ,1,0,0,0,0,41.0,15.156339246223077,0.024390243902439025,0.04158874902945894,2.7051387102078164,CHAOTIC_SKIP
2026-0704-03-02-03-06,2026-07-04,福島,6,キタノバトゥーキ,ミュークゼウス,メイクアマーク,0.06666666666666664,0.06666666666666664,0.06666666666666664,0.06666666666666664,0.0,0.0,0.0,1.0,1.0,1.0,0.06666666666666664,0.13333333333333328,0.1999999999999999,2.7080502011022096,0.9999999999999999,0.0,0.0,コンテミュール,クロダテ,ユイノリュウギ,0,0,0,0,0,1106.0,17.035584938066233,0.0009041591320072332,0.05779649621006366,64.92292480833041,CHAOTIC_SKIP
2026-0704-03-02-03-07,2026-07-04,福島,7,アールグレイ,ピースフルマインド,フレキシブル,0.21059358641341877,0.14270815196839132,0.1294438547230855,0.0825899200903154,0.06788543444502745,0.013264297245305812,0.0468539346327701,1.4756941597846738,1.102471432681618,1.5673081482768532,0.21059358641341877,0.3533017383818101,0.4827455931048956,2.443621043203955,0.8813499902105653,0.05201170558074384,0.1963530166600338,フレキシブル,アルティマローネ,ピースフルマインド,0,0,0,0,0,33.0,4.91158936993607,0.030303030303030304,0.17329705200861784,6.718802716284388,UNSET
2026-0704-03-02-03-08,2026-07-04,福島,8,ルシャルムール,ベルチュガダン,ゴーゴーパンチ,0.18056766942373587,0.1517121482257333,0.13079061931788458,0.09315966529387444,0.028855521198002554,0.020921528907848735,0.037630954024010135,1.1901991471050049,1.1599619989335725,1.4039404167597895,0.18056766942373587,0.3322798176494692,0.4630704369673537,2.422459625052974,0.8945401470279255,0.06196190253477828,0.20991316068176183,シューティングガイ,エアトベーレ,ヤングアメリカンズ,0,0,0,0,0,30.0,4.5601522988145895,0.03333333333333333,0.1859575882132891,6.578727646398672,UNSET
2026-0704-03-02-03-09,2026-07-04,福島,9,アローメタル,コスモアチーブ,トレベルオール,0.2796127579583503,0.14501359407140108,0.14326000114697798,0.13583825641269937,0.1345991638869492,0.001753592924423092,0.007421744734278618,1.9281830765512642,1.0122406317910329,1.0546366313163658,0.2796127579583503,0.42462635202975135,0.5678863531767293,2.048534286149506,0.8896671364643475,0.061285440575177715,0.20959927675791606,ムーンストラック,ミッドセンチュリー,トレベルオール,0,0,0,0,0,15.0,4.349873948536116,0.06666666666666667,0.16322505245694952,3.4483757868542426,ONE_HORSE
2026-0704-03-02-03-10,2026-07-04,福島,10,ディーズゴールド,エリーナストーム,レッドベルダンス,0.2919268414116492,0.15790618701466036,0.15112296445792328,0.10718906042054904,0.13402065439698885,0.0067832225567370785,0.04393390403737424,1.8487359294195742,1.044885451930277,1.4098730212299886,0.2919268414116492,0.44983302842630957,0.6009559928842328,2.0316069066325277,0.8823156689470416,0.042360319468322576,0.14234992650375985,ディーズゴールド,ユイノマチブセ,レッドベルダンス,1,0,0,0,0,27.0,6.350039224291144,0.037037037037037035,0.12044230516523577,4.251942239461366,ONE_HORSE
2026-0704-03-02-03-11,2026-07-04,福島,11,ゲイルライダー,テセラリアン,イリフィ,0.3558978676652939,0.12446729159079474,0.12306112121517326,0.10593620671304929,0.23143057607449918,0.0014061703756214766,0.017124914502123972,2.8593686189891767,1.0114266013647217,1.1616530838083567,0.3558978676652939,0.48036515925608864,0.6034262804712619,1.981958894026975,0.860753811034987,0.0714298486654845,0.26062283107108297,ゲイルライダー,イリフィ,ラストシャリナ,1,0,0,0,0,16.0,3.615752595974668,0.0625,0.2140675951151294,4.4250815218420705,ONE_HORSE
2026-0704-03-02-03-12,2026-07-04,福島,12,トワニ,ブラックティンカー,リラベガ,0.21578977595423726,0.1633437407836161,0.09030803746500912,0.08058486248979588,0.05244603517062116,0.07303570331860698,0.009723174975213245,1.3210777157362719,1.8087397907069511,1.1206575859882426,0.21578977595423726,0.37913351673785334,0.4694415542028625,2.4508160372630656,0.8839450357726415,0.052254349811581675,0.19911917229804563,ルージュブリッツ,プリュノワール,ロンドンアームズ,0,0,0,0,0,33.0,4.833998087672361,0.030303030303030304,0.1765650697382575,6.826647301362498,UNSET
2026-0704-10-02-03-01,2026-07-04,小倉,1,アバットゥータ,テイエムリステット,ゴーツウキリシマ,0.376135248038845,0.12075456681285714,0.11586572307817329,0.08453677426091721,0.2553806812259879,0.004888843734683845,0.03132894881725608,3.114873896419764,1.0421940467361983,1.3705955081815795,0.376135248038845,0.49688981485170214,0.6127555379298755,2.033116280511451,0.8181861804285108,0.06745871997168293,0.2591663698134883,アクロスザリバー,ゴールデンルーキー,メイショウソウセキ,0,0,0,0,0,14.0,3.7321184609125817,0.07142857142857142,0.19651576379906197,3.7512206931868675,ONE_HORSE
2026-0704-10-02-03-02,2026-07-04,小倉,2,ランスオブラヴ,アイルトン,マルモリキャスター,0.22545162515256592,0.12616479621224364,0.09327987253285552,0.08264319303926433,0.09928682894032229,0.03288492367938811,0.010636679493591192,1.7869614339430686,1.3525404011224953,1.128706056753369,0.22545162515256592,0.35161642136480953,0.44489629389766505,2.5811507959461184,0.893016889227038,0.025384646322463653,0.10733127051096823,ニシノトリビュート,ナデシコザクラ,シャンデリュイーズ,0,0,0,0,0,64.0,8.79293086335722,0.015625,0.0981027223647123,7.2785742313415875,UNSET
2026-0704-10-02-03-03,2026-07-04,小倉,3,シャンドラファール,ドリームプレミア,シャリキモン,0.2671556787332403,0.23374588043898606,0.14616700024434467,0.05857434395111377,0.03340979829425425,0.08757888019464138,0.0875926562932309,1.1429321373771766,1.5991699908203452,2.4954099420445215,0.2671556787332403,0.5009015591722263,0.647068559416571,2.1874390152528824,0.7889518548880928,0.06589987271615419,0.21796478851983728,ドリームプレミア,シャンドラファール,テイエムプレミラン,0,1,0,0,0,34.0,4.440408491679152,0.029411764705882353,0.1957927411124207,7.656953197822304,THREE_HORSE
2026-0704-10-02-03-04,2026-07-04,小倉,4,マーゴットガイア,アキノビューティー,アンティスマ,0.25702481364975005,0.20204071563543607,0.15421519362441238,0.10250474969071532,0.054984098014313976,0.04782552201102369,0.05171044393369706,1.2721436510526312,1.3101219853051682,1.504468759640129,0.25702481364975005,0.4590655292851861,0.6132807229095985,2.21229249379118,0.7979158524471034,0.08709443338536561,0.2932816795083981,アンティスマ,マーゴットガイア,エンジェルグラース,0,0,0,0,0,20.0,3.305092159475814,0.05,0.25256342387699093,6.051268477539819,FLAT_VALUE
2026-0704-10-02-03-05,2026-07-04,小倉,5,ココモフィーバー,プリンキピッサ,ブルーチップ,0.07692307692307691,0.07692307692307691,0.07692307692307691,0.07692307692307691,0.0,0.0,0.0,1.0,1.0,1.0,0.07692307692307691,0.15384615384615383,0.23076923076923073,2.5649493574615363,0.9999999999999998,0.0,0.0,ブルーチップ,プリンキピッサ,シャローフォレスト,0,0,0,0,0,85.0,13.717932319297248,0.011764705882352941,0.06113257752188744,6.196269089360433,CHAOTIC_SKIP
2026-0704-10-02-03-06,2026-07-04,小倉,6,ピコオーバル,キングズテイル,キープシャイニング,0.15938548544359807,0.12458539694327,0.12297750075752703,0.1162310467898424,0.034800088500328064,0.001607896185742974,0.006746453967684626,1.2793271872479106,1.0130747183496047,1.0580434759387731,0.15938548544359807,0.2839708823868681,0.4069483831443951,2.412758578727032,0.8702187090979481,0.06754687822391861,0.20566629480986692,ピエナオルカ,ベルアズーロ,キングズテイル,0,0,0,0,0,47.0,4.74254893673486,0.02127659574468085,0.1895804799207266,9.91028255627415,UNSET
2026-0704-10-02-03-07,2026-07-04,小倉,7,ホワイトフレイムス,ララディアーブル,ホウオウモチーヴ,0.2149393146796693,0.16886167018956855,0.1482740040210306,0.13166060802634355,0.046077644490100766,0.020587666168537938,0.016613395994687058,1.2728721351528312,1.1388487908212006,1.1261834974312357,0.2149393146796693,0.38380098486923786,0.5320749888902685,2.2621949571706077,0.8159143615585142,0.08244258550050285,0.26569962170475264,ベンティガオルサ,シュプリームレルム,ララディアーブル,0,0,0,0,0,57.0,3.676082195344274,0.017543859649122806,0.2544848782464801,15.505638060049364,FLAT_VALUE
2026-0704-10-02-03-08,2026-07-04,小倉,8,ブルーマッキンジー,エルル,カネコメファミリー,0.25952202858760065,0.13435120950368987,0.12491219560398754,0.09849942686596988,0.12517081908391078,0.009439013899702323,0.026412768738017664,1.9316687177309932,1.0755651908451525,1.2681514966981284,0.25952202858760065,0.3938732380912905,0.5187854336952781,2.2510368992233136,0.8776145590067735,0.07759950109231768,0.2914627230347923,ブルーマッキンジー,カネコメファミリー,プルミエールパス,1,0,0,0,0,16.0,3.25289254581738,0.0625,0.24491870071478866,4.918699211436619,ONE_HORSE
2026-0704-10-02-03-09,2026-07-04,小倉,9,グッドピース,フィオラーノ,キョラムン,0.25734444541098334,0.1234830688283005,0.09984972667240999,0.09890806893938305,0.13386137658268282,0.02363334215589051,0.0009416577330269432,2.084046402902515,1.236689102148747,1.0095205350091714,0.25734444541098334,0.38082751423928385,0.48067724091169384,2.222639947218269,0.8944561146423322,0.03858033109073827,0.14962632867821535,グッドピース,ミライハーモニー,ケイアイクビラ,1,0,0,0,0,23.0,6.37366807659048,0.043478260869565216,0.11341726427910842,3.6085970784194936,ONE_HORSE
2026-0704-10-02-03-10,2026-07-04,小倉,10,ゴールデンバランス,パールフロント,ローズカリス,0.16777418568377436,0.13772074287274705,0.13216802257088126,0.11089865695528607,0.030053442811027314,0.005552720301865793,0.021269365615595184,1.2182201619315725,1.0420125851462134,1.1917910117177606,0.16777418568377436,0.3054949285565214,0.4376629511274026,2.350823586139988,0.9460410057418248,0.02821428362670432,0.09221422102117066,ローズカリス,パールフロント,ザウリ,0,0,0,0,0,27.0,9.175714653243377,0.037037037037037035,0.07194629971554234,2.9425500923196433,CHAOTIC_SKIP
2026-0704-10-02-03-11,2026-07-04,小倉,11,ネブラディスク,サウンドムーブ,ヴィスマール,0.2456715730228146,0.20329893919847478,0.09304005587708171,0.07672062995532526,0.04237263382433981,0.11025888332139307,0.016319425921756447,1.2084252578562285,2.1850689714445113,1.2127123556109918,0.2456715730228146,0.44897051222128936,0.5420105680983711,2.272110575092916,0.8609553682655925,0.07832634771601973,0.2667266793165669,ネブラディスク,サウンドムーブ,ハギノアルデバラン,1,1,1,0,1,24.0,3.505741477620413,0.041666666666666664,0.24357969459062964,6.845912670175111,TWO_HORSE_UNORDERED
2026-0704-10-02-03-12,2026-07-04,小倉,12,ムーンリットアイル,ジャンヌローサ,エピッククイーン,0.23625906155187976,0.18712505561308565,0.11673759371389703,0.11294347763490684,0.049134005938794106,0.07038746189918862,0.0037941160789901895,1.262573099993554,1.6029545381215902,1.033593051661246,0.23625906155187976,0.4233841171649654,0.5401217108788624,2.1681870367165215,0.8725426514116739,0.06770328938515732,0.2227388203762738,ユメシバイ,ムーンリットアイル,アカウフリューゲル,0,0,0,0,0,26.0,4.246399751809053,0.038461538461538464,0.19703206987667315,6.122833816793502,UNSET
2026-0705-02-01-08-01,2026-07-05,函館,1,コックニー,チカバリエンテ,キチロクタワー,0.21919625617839,0.20409458877327782,0.1507503853739136,0.10653211782058916,0.015101667405112179,0.053344203399364215,0.04421826755332445,1.0739934728102376,1.353857824423148,1.4150698254942464,0.21919625617839,0.4232908449516678,0.5740412303255814,2.031376883024413,0.9245194614958885,0.0770129705733807,0.23081772866309974,ライーリーアース,チカバリエンテ,キチロクタワー,0,0,0,0,0,18.0,3.772752964088589,0.05555555555555555,0.20950288042438334,4.7710518476389,UNSET
2026-0705-02-01-08-02,2026-07-05,函館,2,グレイトソン,カッサンドラ,マーマレードスカイ,0.33317659232745767,0.16290488878882717,0.12235607990773967,0.09185396758026254,0.1702717035386305,0.0405488088810875,0.030502112327477127,2.0452215694972353,1.3314000326887112,1.3320717997382552,0.33317659232745767,0.4960814811162848,0.6184375610240245,2.0681410586934206,0.8322811880558426,0.06639674352788442,0.24250295574120748,グレイトソン,カッサンドラ,マーマレードスカイ,1,1,1,1,1,18.0,3.92264896515824,0.05555555555555555,0.1993742148323129,4.588735866981632,FLAT_VALUE
2026-0705-02-01-08-03,2026-07-05,函館,3,ゴンフィンガー,ジャストグレース,ニシノモリミチ,0.24052549877016643,0.19421631656321273,0.12192918470863205,0.08023785112768086,0.04630918220695371,0.07228713185458067,0.04169133358095119,1.238441254712403,1.592861602636986,1.5195968360943342,0.24052549877016643,0.4347418153333792,0.5566710000420112,2.248405399721734,0.851972927791426,0.04799101897553517,0.16233916065748366,クッカユフラ,ニシノモリミチ,ゴンフィンガー,0,0,0,0,0,23.0,5.864063026106069,0.043478260869565216,0.12705196630366367,3.9221952249842644,UNSET
2026-0705-02-01-08-04,2026-07-05,函館,4,ハルヒメ,ブルーエ,バレンタインビスタ,0.16426159381057578,0.1512422009631305,0.11897957861724658,0.11333506585777323,0.013019392847445271,0.03226262234588394,0.00564451275947335,1.0860830691733923,1.2711610069629826,1.049803762999148,0.16426159381057578,0.31550379477370627,0.43448337339095283,2.418545524569449,0.8723059086151352,0.08524112102567592,0.2603176713358323,バレンタインビスタ,マメーアップル,ルージュフローラ,0,0,0,0,0,71.0,3.714709219273643,0.014084507042253521,0.25511556784154465,19.11320531674967,UNSET
2026-0705-02-01-08-05,2026-07-05,函館,5,ショウナンガレオン,ダノンキューブ,スーパーユタカ,0.2,0.2,0.2,0.2,0.0,0.0,0.0,1.0,1.0,1.0,0.2,0.4,0.6000000000000001,1.6094379124341005,1.0000000000000002,0.0,0.0,ショウナンガレオン,ダノンキューブ,スーパーユタカ,1,1,1,1,1,13.0,7.7832228310701135,0.07692307692307693,0.051558404553730564,1.6702592591984975,CHAOTIC_SKIP
2026-0705-02-01-08-06,2026-07-05,函館,6,ショウナンマルチ,ギオンバヤシ,ルナティックブルー,0.23406851903215234,0.18972826521768604,0.0970037015113656,0.09075134100214205,0.044340253814466296,0.09272456370632044,0.006252360509223551,1.2337039964160965,1.9558868606210478,1.068895516475905,0.23406851903215234,0.42379678424983835,0.520800485761204,2.292532800314861,0.8268564255223846,0.08628672198487025,0.29481085096100634,エイシンインアウト,ギオンバヤシ,ショウナンマルチ,0,0,0,0,0,23.0,3.2498511623729223,0.043478260869565216,0.26422813860438377,7.077247187900827,TWO_HORSE_UNORDERED
2026-0705-02-01-08-07,2026-07-05,函館,7,ムーンブランシュ,キャンドルマス,クイーンレグナント,0.3427151165248789,0.1760277363402473,0.1722390105862302,0.13386322106787407,0.1666873801846316,0.0037887257540170916,0.03837578951835613,1.9469381567370636,1.0219969084885117,1.2866791132935465,0.3427151165248789,0.5187428528651262,0.6909818634513565,1.7936028899083907,0.816303853692937,0.07218833398287837,0.23225085085706665,キャリーグレイス,キャンドルマス,アルヘンティニータ,0,0,0,0,0,26.0,4.134652126167317,0.038461538461538464,0.20339677742221313,6.288316212977541,ONE_HORSE
2026-0705-02-01-08-08,2026-07-05,函館,8,ナクライト,アオハルブルース,ポンピエ,0.2874570629975506,0.1761664651672798,0.1659034267955234,0.15238826998622843,0.11129059783027079,0.010263038371756406,0.013515156809294965,1.6317354311707066,1.0618615213078488,1.0886889575589798,0.2874570629975506,0.4636235281648304,0.6295269549603537,1.858029874201743,0.8935234951114664,0.07611007252710769,0.2434832306296076,アオハルブルース,ポンピエ,ファンタイムギフト,0,0,0,0,0,36.0,3.7539956150833587,0.027777777777777776,0.2386050586810748,9.589782112518693,UNSET
2026-0705-02-01-08-09,2026-07-05,函館,9,マナボニート,サンタアニタ,セイプリーズ,0.1779568165746286,0.1773853141026681,0.07800714625399958,0.0759433699405563,0.0005715024719605,0.09937816784866853,0.0020637763134432885,1.0032218139074902,2.273962356283136,1.0271752006140717,0.1779568165746286,0.3553421306772967,0.43334927693129627,2.5040720633717166,0.9031530869637424,0.049385468579161464,0.1710590375756008,サンタアニタ,マジカルフェアリー,マナボニート,0,0,0,0,0,29.0,5.5434060138140335,0.034482758620689655,0.14591174928799033,5.23144072935172,UNSET
2026-0705-02-01-08-10,2026-07-05,函館,10,ラーシャローム,アルマデオロ,ゴールデンパゴーダ,0.16892231372159913,0.14881042020088225,0.13917014138218026,0.1379426555529677,0.020111893520716878,0.009640278818701997,0.0012274858292125601,1.135151110342726,1.0692697350376936,1.0088985225367162,0.16892231372159913,0.31773273392248136,0.4569028753046616,2.2611540245618738,0.9429744702415972,0.0577562507143354,0.17605015300759924,アルマデオロ,アスクデッドヒート,バースライト,0,0,0,0,0,84.0,4.812033790950096,0.011904761904761904,0.1959075776263282,17.45623652061157,CHAOTIC_SKIP
2026-0705-02-01-08-11,2026-07-05,函館,11,カナルビーグル,プロミストジーン,ラタフォレスト,0.24315597830736996,0.22655188759207912,0.13031002088626273,0.0967162106044488,0.016604090715290842,0.09624186670581639,0.033593810281813935,1.0732904540843533,1.738560749597441,1.3473441532899415,0.24315597830736996,0.4697078658994491,0.6000178867857118,2.1095364476900715,0.8797450295768,0.0827013209948496,0.2453823176720974,ワイドブリザード,レヴォントゥレット,ヒルノハンブルク,0,0,0,0,0,108.0,3.680214612912369,0.009259259259259259,0.2624640246197321,29.346114658931068,UNSET
2026-0705-02-01-08-12,2026-07-05,函館,12,ララバニュルス,グランフィエルテ,ハーモニーソング,0.3706235655251211,0.14525102751415922,0.12972116008172446,0.11253127476218039,0.22537253801096188,0.015529867432434757,0.017189885319544074,2.551607185628978,1.1197173030417777,1.1527565146300223,0.3706235655251211,0.5158745930392803,0.6455957531210048,1.8767277478267268,0.8150525049158649,0.08881619248038687,0.3131721866043907,ララバニュルス,ハーモニーソング,コモンスナイプ,1,0,0,0,0,23.0,3.0781916571025367,0.043478260869565216,0.2813878005703152,7.471919413117249,ONE_HORSE
2026-0705-03-02-04-01,2026-07-05,福島,1,バーヴァンシー,ペールデュクラン,ナックレジーナ,0.20852511643320412,0.1075221846253225,0.10484468822321193,0.10484468822321193,0.10100293180788163,0.0026774964021105685,0.0,1.9393683002241984,1.025537740132435,1.0,0.20852511643320412,0.31604730105852663,0.42089198928173854,2.4437412465042456,0.9023987980391251,0.02387649621877381,0.09112684546371495,オウケンハニー,デルマザオウ,ペールデュクラン,0,0,0,0,0,40.0,10.172613589248664,0.025,0.07330315397577769,3.9321261590311076,UNSET
2026-0705-03-02-04-02,2026-07-05,福島,2,シルバーアックス,ブロークンハート,ゴールドパレード,0.23953834936621127,0.23747442655951284,0.12153181597050772,0.08226075514020886,0.002063922806698426,0.11594261058900512,0.039271060830298854,1.0086911371325333,1.9540103524589896,1.4773972809192368,0.23953834936621127,0.4770127759257241,0.5985445918962318,2.221396582738163,0.8202937234450185,0.05579662593905525,0.17376480151229257,ゴールドパレード,ダイユウルミナス,シルバーアックス,0,0,0,0,0,33.0,5.512803320022224,0.030303030303030304,0.15109288425246462,5.986065180331332,FLAT_VALUE
2026-0705-03-02-04-03,2026-07-05,福島,3,マーゴットドライ,ワインダークシー,ヤマメホープ,0.25343686755058964,0.1606013401363525,0.15217677443125877,0.06298330034170585,0.09283552741423715,0.008424565705093728,0.08919347408955292,1.5780495189854495,1.0553603908124578,2.416144813079784,0.25343686755058964,0.4140382076869421,0.5662149821182009,2.363808942926085,0.8525638598921114,0.0800470509196286,0.2965415898459084,マーゴットドライ,ヤマメホープ,ベルランコントル,1,0,0,0,0,43.0,3.2066357759638295,0.023255813953488372,0.28859750206567397,13.40969258882398,THREE_HORSE
2026-0705-03-02-04-04,2026-07-05,福島,4,コウソクルリアン,フェイスリフト,エリースノー,0.2085160147378477,0.17044973010916573,0.14994556813928916,0.09810578654292168,0.03806628462868197,0.02050416196987656,0.051839781596367485,1.2233285121912612,1.1367440346808357,1.5284069719341924,0.2085160147378477,0.3789657448470134,0.5289113129863026,2.339248306969591,0.8437054829682332,0.0744637041799634,0.24866566743971436,コウソクルリアン,スピニンググローブ,シェリアドレ,1,0,0,0,0,29.0,3.925771881511048,0.034482758620689655,0.22024421741926692,7.387082305158741,FLAT_VALUE
2026-0705-03-02-04-05,2026-07-05,福島,5,ノシェリー,ランドジャイアンツ,ブライトシーン,0.06666666666666664,0.06666666666666664,0.06666666666666664,0.06666666666666664,0.0,0.0,0.0,1.0,1.0,1.0,0.06666666666666664,0.13333333333333328,0.1999999999999999,2.7080502011022096,0.9999999999999999,0.0,0.0,エスクアドラ,プリンキパトゥス,ビートル,0,0,0,0,0,248.0,17.035584938066233,0.004032258064516129,0.054668397277554764,14.557762524833581,CHAOTIC_SKIP
2026-0705-03-02-04-06,2026-07-05,福島,6,スターバーナー,ヴェットビルズ,エレスレイプニル,0.07692307692307694,0.07692307692307694,0.07692307692307694,0.07692307692307694,0.0,0.0,0.0,1.0,1.0,1.0,0.07692307692307694,0.15384615384615388,0.23076923076923084,2.5649493574615376,1.0000000000000004,0.0,0.0,ピクニックマーチ,シュネーバレン,エストレアボニータ,0,0,0,0,0,39.0,14.126217885196477,0.02564102564102564,0.04514933085262201,2.760823903252258,CHAOTIC_SKIP
2026-0705-03-02-04-07,2026-07-05,福島,7,ヴンダーバール,ケープウィッカム,マタミカンサン,0.21819457826378777,0.13452579704396678,0.13448405951151607,0.09327208408719308,0.08366878121982099,4.173753245070855e-05,0.04121197542432299,1.621953432414719,1.000310353008396,1.441846837964905,0.21819457826378777,0.3527203753077546,0.48720443481927067,2.3385996475237563,0.8635732257001429,0.08118242477117714,0.2945200310105271,ヴンダーバール,リポジノ,ケープウィッカム,1,0,0,0,0,27.0,3.3210333709906337,0.037037037037037035,0.264074059507503,8.129999606702581,UNSET
2026-0705-03-02-04-08,2026-07-05,福島,8,ミエノストロング,カリーン,サンブライト,0.2141514113875666,0.18707636267926386,0.13225121979428067,0.11413229392073024,0.02707504870830274,0.05482514288498319,0.018118925873550434,1.14472725640236,1.4145530224240257,1.1587537168589181,0.2141514113875666,0.40122777406683047,0.5334789938611111,2.217650837133928,0.8924483490448732,0.04582179006742184,0.15061075719850375,オックスアイ,ジャグアール,ミエノストロング,0,0,0,0,0,20.0,6.35207292068189,0.05,0.1074289232014438,3.1485784640288763,UNSET
2026-0705-03-02-04-09,2026-07-05,福島,9,フェルミアーク,イゾラフェリーチェ,マキシマムドライブ,0.2108427808977635,0.11690500501956477,0.09990047702792401,0.08092946082692362,0.09393777587819874,0.01700452799164076,0.01897101620100039,1.8035393853537551,1.1702146826274682,1.2344142171115158,0.2108427808977635,0.3277477859173283,0.42764826294525227,2.5391361167309907,0.9157997709374651,0.03706511405939808,0.15293070964661012,カーヌスティ,イゾラフェリーチェ,フェルミアーク,0,0,0,0,0,33.0,6.048987135037266,0.030303030303030304,0.13501390254474294,5.455458783976517,UNSET
2026-0705-03-02-04-10,2026-07-05,福島,10,ベストミーエヴァー,グランカンタンテ,ヨシヒロ,0.35890408698827075,0.11570479630627482,0.09645959513540155,0.08120147823892117,0.24319929068199592,0.019245201170873277,0.015258116896480378,3.101894635709297,1.199515674349022,1.1879044227690785,0.35890408698827075,0.4746088832945456,0.5710684784299471,2.113788557324869,0.8506510928711172,0.05292192134819627,0.20309141020759824,ベストミーエヴァー,ワザモノ,ペッレグリーニ,1,0,0,0,0,13.0,4.610640383794161,0.07692307692307693,0.13996653422831065,2.8195649449680387,ONE_HORSE
2026-0705-03-02-04-11,2026-07-05,福島,11,メリークリスマス,ロジアデレード,ポッドロゴ,0.24689885103176035,0.10806142246604447,0.07424214823060594,0.07367473985522469,0.13883742856571588,0.033819274235438526,0.0005674083753812592,2.2848010455289165,1.4555266117891872,1.0077015321193703,0.24689885103176035,0.3549602734978048,0.4292024217284107,2.461724606665158,0.9090395021714167,0.05224972581471426,0.22352428291083143,ストレングス,ミッキーヌチバナ,メリークリスマス,0,0,0,0,0,40.0,4.172898042259462,0.025,0.21464160875077096,9.585664350030838,UNSET
2026-0705-03-02-04-12,2026-07-05,福島,12,ピコレッド,トモジャオーリー,カンレイスター,0.26770833903463476,0.10072121569754025,0.08435064382416678,0.07820548991756196,0.1669871233370945,0.01637057187337347,0.006145153906604819,2.657914096654143,1.1940776161412445,1.0785770143896873,0.26770833903463476,0.368429554732175,0.4527801985563418,2.424697495291323,0.8953665239678501,0.051530807422383064,0.2201631655303731,モーゲンセン,トモジャオーリー,ゼファーテソーロ,0,0,0,0,0,45.0,4.275421937012726,0.022222222222222223,0.21167282129217502,10.525276958147876,ONE_HORSE
2026-0705-10-02-04-01,2026-07-05,小倉,1,モズナイスバディー,ガストン,タガノバルコス,0.18126248949814158,0.1593070000310113,0.15869445956166742,0.15610235188602423,0.021955489467130274,0.0006125404693438918,0.0025921076756431904,1.1378187365455148,1.0038598730606967,1.0166051801547218,0.18126248949814158,0.3405694895291529,0.4992639490908203,2.1742790791059154,0.906744803983248,0.06816310464010747,0.1979770668021827,ドラギニャン,ガストン,ボールドハーテッド,0,0,0,0,0,31.0,4.759503453225058,0.03225806451612903,0.1778478866251389,6.513284485379306,UNSET
2026-0705-10-02-04-02,2026-07-05,小倉,2,ユイノジカンカセギ,リエーヴェ,グレートキリシマ,0.18080831919144522,0.18080831919144522,0.12831077806138919,0.12514093483364888,0.0,0.05249754113005603,0.0031698432277403044,1.0,1.4091436582586931,1.0253301865768705,0.18080831919144522,0.36161663838289043,0.4899274164442796,2.423418839754801,0.8740635855277843,0.06262541772642055,0.18999208506211265,リエーヴェ,スイトーヨ,ニシノキヅイタラ,0,0,0,0,0,84.0,4.936497940870911,0.011904761904761904,0.19066799553947134,17.01611162531559,UNSET
2026-0705-10-02-04-03,2026-07-05,小倉,3,ティタノマキア,メイショウコハル,ウィスカーパッド,0.2521261387382436,0.17351100812191264,0.1667072919050559,0.05876617523255858,0.07861513061633094,0.006803716216856742,0.10794111667249731,1.453084397740887,1.0408123492326395,2.83678989223539,0.2521261387382436,0.4256371468601562,0.5923444387652121,2.342758897496799,0.8268910996101515,0.06324324560831021,0.22699427044499187,アオイハルカ,ベルトナリテ,タイセイアビオン,0,0,0,0,0,41.0,4.230690098408147,0.024390243902439025,0.2119778134923258,9.691090353185357,THREE_HORSE
2026-0705-10-02-04-04,2026-07-05,小倉,4,サトノロザリー,ファイアプレイス,メイワキラリ,0.2244111931331545,0.18150208143803603,0.10732814286008545,0.0997198269692814,0.04290911169511846,0.07417393857795058,0.007608315890804046,1.236411127382952,1.6910949598247016,1.0762969223076146,0.2244111931331545,0.40591327457119053,0.5132414174312759,2.2676284742626107,0.8592569963583181,0.07506643478945291,0.2573504002907731,リトセア,メイワキラリ,モズタイシソウシ,0,0,0,0,0,19.0,3.749584586391788,0.05263157894736842,0.21406463151532085,5.067227998791096,UNSET
2026-0705-10-02-04-05,2026-07-05,小倉,5,ポルトブルー,ヤマニンイハナ,アシャカブラーヴ,0.08333333333333333,0.08333333333333333,0.08333333333333333,0.08333333333333333,0.0,0.0,0.0,1.0,1.0,1.0,0.08333333333333333,0.16666666666666666,0.25,2.4849066497880012,1.0000000000000004,0.0,0.0,ポルトブルー,アーデルボーデン,シャローチャンプ,1,0,0,0,0,141.0,12.41179804701014,0.0070921985815602835,0.07347630537028162,11.360159057209707,CHAOTIC_SKIP
2026-0705-10-02-04-06,2026-07-05,小倉,6,タケルレジェンド,ヴェルヴィエ,エボニーウイング,0.09090909090909088,0.09090909090909088,0.09090909090909088,0.09090909090909088,0.0,0.0,0.0,1.0,1.0,1.0,0.09090909090909088,0.18181818181818177,0.27272727272727265,2.3978952727983707,1.0,0.0,0.0,タケルレジェンド,ファラオクィーン,ジョウショーツヨシ,1,0,0,0,0,27.0,11.222350104890129,0.037037037037037035,0.05207085842634286,2.405913177511257,CHAOTIC_SKIP
2026-0705-10-02-04-07,2026-07-05,小倉,7,パトローナス,トウカイジーク,ドラムメジャー,0.23605425292192542,0.12757800279333142,0.09762293027723232,0.0809256856186315,0.10847625012859399,0.029955072516099107,0.016697244658600813,1.8502739324452264,1.3068446361017012,1.2063281210527874,0.23605425292192542,0.3636322557152568,0.46125518599248916,2.487283007423042,0.8970977150241524,0.02975036602167463,0.11957568403382102,ドラムメジャー,ホッコームジカ,トウカイジーク,0,0,0,0,0,22.0,7.683836177841222,0.045454545454545456,0.08468878098489856,2.8631531816677684,UNSET
2026-0705-10-02-04-08,2026-07-05,小倉,8,シンドリームシン,サトノアイボリー,ヨカオウ,0.1862576840062268,0.18250436771497627,0.14887491644754333,0.13385497255218265,0.0037533162912505302,0.03362945126743294,0.015019943895360682,1.0205656244737782,1.225890647463654,1.112210578426627,0.1862576840062268,0.3687620517212031,0.5176369681687464,2.0986215660320324,0.9114197657308725,0.06209606167223145,0.18370040684435124,サトノアイボリー,ビヨンドザドリーム,ワンダフルボンド,0,0,0,0,0,53.0,5.128880717163998,0.018867924528301886,0.17610638958539182,10.333638648025767,UNSET
2026-0705-10-02-04-09,2026-07-05,小倉,9,ダークマルス,アクロフェイズ,ムスクレスト,0.3878386932795559,0.2977584120756515,0.1876397058879644,0.04884505205760998,0.09008028120390438,0.11011870618768713,0.13879465383035441,1.302528081661779,1.586862496221544,3.8415294484005043,0.3878386932795559,0.6855971053552075,0.8732368112431719,1.4650562894780528,0.752889998641149,0.13146697729599677,0.3526233960508905,アクロフェイズ,ダークマルス,ムスクレスト,0,1,0,1,0,26.0,2.7369109604774797,0.038461538461538464,0.3269138845758046,9.499760998970919,TWO_HORSE_ORDERED
2026-0705-10-02-04-10,2026-07-05,小倉,10,フィドルファドル,マジックローズ,ホウショウマリス,0.15797311937215217,0.13735419700208376,0.1267725080897663,0.09131604355159224,0.020618922370068404,0.01058168891231745,0.03545646453817407,1.1501149787927893,1.0834699026765697,1.3882829693354124,0.15797311937215217,0.2953273163742359,0.42209982446400224,2.532866411002737,0.913538452596969,0.029783808339014724,0.10078119591985854,マジックローズ,タマモナポリ,ワイノナオミ,0,0,0,0,0,45.0,9.316665474158597,0.022222222222222223,0.08511231745548489,4.8300542854968205,UNSET
2026-0705-10-02-04-11,2026-07-05,小倉,11,デアヴェローチェ,サウンドモリアーナ,フリッカージャブ,0.23509710119849947,0.1268283978827829,0.12015603169726928,0.07988361151322801,0.10826870331571656,0.006672366185513631,0.04027242018404127,1.853662942393867,1.0555308467770017,1.504138701557985,0.23509710119849947,0.36192549908128235,0.48208153077855165,2.3352601719270005,0.910450791214898,0.06648028192675973,0.262666701862618,フリッカージャブ,ジェニファー,ヨシノイースター,0,0,0,0,0,42.0,3.582869302191881,0.023809523809523808,0.25529638702798096,11.7224482551752,UNSET
2026-0705-10-02-04-12,2026-07-05,小倉,12,システマソラー,タイセイジェイド,ビズロード,0.37379639618917226,0.1638349185736739,0.09202453866059968,0.08957161262052721,0.20996147761549835,0.07181037991307423,0.0024529260400724673,2.2815429057700056,1.7803394720393189,1.0273850829331874,0.37379639618917226,0.5376313147628462,0.6296558534234459,2.1099590460669986,0.7610068630599167,0.08519652911059515,0.3486948077074196,システマソラー,サイモンゼスト,ゲタリア,1,0,0,0,0,17.0,2.8213343531239823,0.058823529411764705,0.2956186865179881,6.025517670805798,FLAT_VALUE
2026-0711-02-01-09-01,2026-07-11,函館,1,クラウスーラ,ラピッドテソーロ,ウメヒナタ,0.24702933212611142,0.22468220682845705,0.17280115604554466,0.1452869705971572,0.02234712529765437,0.051881050782912386,0.027514185448387463,1.0994610370491698,1.300235553801725,1.1893782032573115,0.24702933212611142,0.47171153895456847,0.6445126950001131,1.9502394693600233,0.846978239932984,0.07549596525807285,0.20467507922629516,ラピッドテソーロ,クラウスーラ,ワイドウィンザー,0,1,0,0,0,19.0,4.525951836270104,0.05263157894736842,0.1683164196561945,4.198011973467696,UNSET
2026-0711-02-01-09-02,2026-07-11,函館,2,サラサチャチャチャ,ジーティービキニ,ブエノスオプティマ,0.19079403628370273,0.14133340716771858,0.11599655460625773,0.09901007334835968,0.049460629115984145,0.025336852561460857,0.016986481257898048,1.349957098658846,1.2184276304366544,1.1715631620444553,0.19079403628370273,0.3321274434514213,0.44812399805767905,2.345055594744063,0.914269744906349,0.0629243247388966,0.22569026598469066,サラサチャチャチャ,タガノシルフィー,フレンチブラッサム,1,0,0,0,0,60.0,4.188726804978092,0.016666666666666666,0.22206936138165342,14.324161682899206,UNSET
2026-0711-02-01-09-03,2026-07-11,函館,3,アルサック,クリオロゴールド,テンユウ,0.1932747528594455,0.14757699348268008,0.12317041780673672,0.11057411339820343,0.04569775937676543,0.024406575675943357,0.012596304408533293,1.3096536817720752,1.1981529015695882,1.1139172996411106,0.1932747528594455,0.34085174634212556,0.46402216414886227,2.4348333735188787,0.878180508341658,0.06393351892040157,0.21512959306538634,アルサック,スノーガーネット,ロンドンプライド,1,0,0,0,0,29.0,4.351306039922698,0.034482758620689655,0.19533329909281588,6.66466567369166,UNSET
2026-0711-02-01-09-04,2026-07-11,函館,4,アーデルブリックス,ウインアプローチ,マンサニージャ,0.19546661136475946,0.1856720894294217,0.11640466125310288,0.10501563744844852,0.009794521935337752,0.06926742817631883,0.011389023804654355,1.0527517192564415,1.5950571689368018,1.1084507420168273,0.19546661136475946,0.38113870079418116,0.49754336204728405,2.2897480439367293,0.8676386140768476,0.08694869340298952,0.2766013063465506,ウインアプローチ,エグジスタンス,インフィオラータ,0,0,0,0,0,85.0,3.516754458756474,0.011764705882352941,0.272588384936959,24.17001271964152,UNSET
2026-0711-02-01-09-05,2026-07-11,函館,5,レゾルートハート,ジーティーマドンナ,リーゼントエース,0.09090909090909091,0.09090909090909091,0.09090909090909091,0.09090909090909091,0.0,0.0,0.0,1.0,1.0,1.0,0.09090909090909091,0.18181818181818182,0.2727272727272727,2.3978952727983707,1.0,0.0,0.0,フレイコン,ライフイズアート,サノノベリー,0,0,0,0,0,371.0,11.414879304260053,0.0026954177897574125,0.08490953828076347,32.50143870216325,CHAOTIC_SKIP
2026-0711-02-01-09-06,2026-07-11,函館,6,チリンドリ,モロノカガヤキ,ライトアファイア,0.26962249282302353,0.24657140199069086,0.11807695941377853,0.09331634221756561,0.02305109083233267,0.12849444257691234,0.02476061719621292,1.0934864734767697,2.0882262146218356,1.2653406317457656,0.26962249282302353,0.5161938948137144,0.6342708542274929,1.9480817551335026,0.8460411565508819,0.06869707573881195,0.20465552556612793,チリンドリ,ヤマメイッカ,シンエンドーツダ,1,0,0,0,0,20.0,4.645501051627037,0.05,0.16526203285429475,4.3052406570858945,UNSET
2026-0711-02-01-09-07,2026-07-11,函館,7,ターンザテーブルス,アイドクレース,ミッキーマドンナ,0.19319757177363306,0.1591410075382188,0.12115645283517838,0.09414946463252412,0.034056564235414255,0.03798455470304042,0.027006988202654264,1.2140024419993403,1.3135165632053847,1.2868522758792686,0.19319757177363306,0.35233857931185186,0.47349503214703026,2.3278941530258477,0.8820930591019883,0.07525352026300434,0.254707041678002,ナイスプレーアスク,アイドクレース,ナムラヒナギク,0,0,0,0,0,25.0,3.823886969607604,0.04,0.22151400602267726,6.537850150566932,UNSET
2026-0711-02-01-09-08,2026-07-11,函館,8,ナムラハリス,アイファーシャドー,マテンロウカナロア,0.1433482511755063,0.13045191280557147,0.11885370705841827,0.10854405844800133,0.01289633836993484,0.0115982057471532,0.010309648610416944,1.098858944208475,1.0975838788221601,1.0949812339599947,0.1433482511755063,0.27380016398107776,0.392653871039496,2.3551002915106007,0.9477620785921781,0.02493131883446661,0.08242379537415728,アイファーシャドー,テイクオンミー,パラダイスフェイス,0,0,0,0,0,187.0,11.028968085471046,0.0053475935828877,0.08532272047100324,16.955348728077606,CHAOTIC_SKIP
2026-0711-02-01-09-09,2026-07-11,函館,9,クリスレジーナ,エトワールブーケ,サイン,0.3807980128475038,0.1272201685058697,0.11896377445680806,0.10328487396458304,0.2535778443416341,0.008256394049061644,0.01567890049222502,2.9932204721921467,1.0694025898788146,1.151802484627143,0.3807980128475038,0.5080181813533735,0.6269819558101816,1.911278134728558,0.8300575472949525,0.10447615492059216,0.37892412969534756,ハルフロンティア,デルシエロ,エトワールブーケ,0,0,0,0,0,20.0,2.5379851093346204,0.05,0.34401334401925177,7.880266880385035,ONE_HORSE
2026-0711-02-01-09-10,2026-07-11,函館,10,アスクケンタッキー,ピコアーガイル,ヴィヴァクラウン,0.12481712691599624,0.12189824078259397,0.11888249262546048,0.10586757409701285,0.002918886133402271,0.0030157481571334854,0.013014918528447633,1.0239452687312207,1.0253674707733005,1.1229358341253883,0.12481712691599624,0.2467153676985902,0.36559786032405067,2.5280848052394123,0.9579499379833387,0.02548283252275164,0.07541040275675842,アスクケンタッキー,ピコアーガイル,キープサインオン,1,1,1,0,1,32.0,10.53268988136504,0.03125,0.06369250863392929,3.0381602762857374,CHAOTIC_SKIP
2026-0711-02-01-09-11,2026-07-11,函館,11,インパクトシー,ダンツファイター,インヴォーグ,0.20773496350640697,0.17330199320168407,0.10788181410924803,0.10008940255961567,0.03443297030472289,0.06542017909243604,0.0077924115496323665,1.1986876761691412,1.606405997457434,1.0778545115702036,0.20773496350640697,0.381036956708091,0.48891877081733903,2.3337649217048257,0.9098678361488165,0.05135189028463419,0.1789431678038309,カテリーナ,ダンツファイター,アイスグリーン,0,0,0,0,0,35.0,5.180289411334677,0.02857142857142857,0.16446797919060896,6.756379271671314,UNSET
2026-0711-02-01-09-12,2026-07-11,函館,12,ビップムーラン,タイセイブルーム,ワイドデコラシオン,0.437713588348478,0.14015634247901582,0.12435406146263969,0.09719296465368385,0.2975572458694622,0.015802281016376124,0.027161096808955842,3.123038034572088,1.1270749087766923,1.2794553793655308,0.437713588348478,0.5778699308274938,0.7022239922901335,1.7102981212641517,0.8224795393298343,0.08615100911524433,0.2812675657235525,ビップムーラン,ワイドデコラシオン,レネネト,1,0,0,0,0,15.0,3.2829417634915745,0.06666666666666667,0.23793818838152325,4.569072825722849,ONE_HORSE
2026-0711-03-02-05-01,2026-07-11,福島,1,トゥラッタッタ,ネイチャーシップ,シャンデルナゴル,0.28485285025865786,0.1902713198110466,0.12796762826314947,0.08183947027763494,0.09458153044761125,0.06230369154789714,0.046128157985514534,1.4970876879475985,1.4868707218655124,1.5636419423174153,0.28485285025865786,0.4751241700697045,0.603091798332854,2.103084941871484,0.8770545426769869,0.0562920653324886,0.18904254382523863,シャンデルナゴル,トゥラッタッタ,クラウンセト,0,0,0,0,0,20.0,4.798012173017774,0.05,0.1584196462909423,4.168392925818846,UNSET
2026-0711-03-02-05-02,2026-07-11,福島,2,サイモンセレーノ,タマモチョコチップ,ワイルドミュール,0.2611270052977649,0.19770820957866797,0.08782900775492004,0.07373242178470887,0.06341879571909692,0.10987920182374793,0.01409658597021117,1.3207696627987653,2.2510582167836533,1.1911857176124196,0.2611270052977649,0.45883521487643286,0.546664222631353,2.2827728783542263,0.8429581096484509,0.047384258221079965,0.17118542951800717,サイモンセレーノ,ビレッジルイーザ,タマモチョコチップ,1,0,0,0,0,28.0,5.609368123474146,0.03571428571428571,0.1425589133320006,4.991649573296017,TWO_HORSE_UNORDERED
2026-0711-03-02-05-03,2026-07-11,福島,3,キャピタルストーン,レオンティウス,ペアスターロード,0.16633048661491134,0.15999034412649377,0.15433125032336856,0.13363277899435927,0.006340142488417577,0.005659093803125209,0.020698471329009288,1.0396282820881042,1.036668489312876,1.154890674913548,0.16633048661491134,0.3263208307414051,0.48065208106477364,2.352873678432979,0.8915583803463635,0.07365573870225,0.20899124021698468,レオンティウス,キャピタルストーン,トーセンマスラオ,0,1,0,0,0,59.0,4.473667885948714,0.01694915254237288,0.20658107488932517,13.188283418470185,UNSET
2026-0711-03-02-05-04,2026-07-11,福島,4,ゴールドプレイヤー,ウェスケンジントン,スティールヴォーグ,0.22133297586252648,0.18903017888578103,0.1852702772295389,0.09858194186204551,0.03230279697674546,0.003759901656242126,0.08668833536749339,1.1708869830582131,1.0202941438446915,1.8793530917539045,0.22133297586252648,0.41036315474830753,0.5956334319778465,2.20628246341028,0.8147125420763232,0.07312469667523443,0.22074833649476477,ウェスケンジントン,ゴールドプレイヤー,スティールヴォーグ,0,1,0,1,0,36.0,4.371012701886927,0.027777777777777776,0.20100215680541594,8.236077644994975,THREE_HORSE
2026-0711-03-02-05-05,2026-07-11,福島,5,ニシノイサリビ,スリーフラワー,アップルザビート,0.09090909090909091,0.09090909090909091,0.09090909090909091,0.09090909090909091,0.0,0.0,0.0,1.0,1.0,1.0,0.09090909090909091,0.18181818181818182,0.2727272727272727,2.3978952727983707,1.0,0.0,0.0,ニシノイサリビ,セイリュウ,リーディンアクター,1,0,0,0,0,15.0,11.667370972194618,0.06666666666666667,0.019042444870386074,1.285636673055791,CHAOTIC_SKIP
2026-0711-03-02-05-06,2026-07-11,福島,6,ウインテラジーナ,フクオトコ,ムーングレイル,0.2521871594905073,0.2252623460319515,0.11973623775283204,0.1069208747645286,0.026924813458555796,0.10552610827911946,0.012815362988303436,1.1195264718353628,1.881321396593017,1.1198583814108016,0.2521871594905073,0.4774495055224588,0.5971857432752908,2.1984195422147335,0.7929122428366453,0.06713256975956752,0.21934436137218,ルンベーラ,セーヌデローヴ,ポポラヴィスタ,0,0,0,0,0,22.0,4.410830946440226,0.045454545454545456,0.18126010585328867,4.987722328772351,FLAT_VALUE
2026-0711-03-02-05-07,2026-07-11,福島,7,ドナルンバ,イモータリス,ヴァンデスペランス,0.2795210771888115,0.24469034160026318,0.13872021265509601,0.12074090095958405,0.034830735588548295,0.10597012894516716,0.017979311695511965,1.1423461807309474,1.7639126765804756,1.1489082121519885,0.2795210771888115,0.5242114187890746,0.6629316314441707,1.9329222642917563,0.8060911943147602,0.10237377662863878,0.3077983293582482,ドナルンバ,マイネルモメンタム,イモータリス,1,0,0,0,0,22.0,3.1709253545853766,0.045454545454545456,0.2699108095053028,6.938037809116661,FLAT_VALUE
2026-0711-03-02-05-08,2026-07-11,福島,8,アイムインディ,ライヴレッドアイ,ジェイエルキャリア,0.16113327676633815,0.13470690830298807,0.1273687164662684,0.11874321688658059,0.026426368463350086,0.00733819183671966,0.00862549957968782,1.196176787042806,1.0576137692230185,1.0726399351966909,0.16113327676633815,0.2958401850693262,0.4232089015355946,2.457374089091638,0.886310352985385,0.06946445919740923,0.22066746374569488,ライヴレッドアイ,グラティアム,ゼファーテソーロ,0,0,0,0,0,34.0,4.410788670430193,0.029411764705882353,0.19730505958995675,7.70837202605853,UNSET
2026-0711-03-02-05-09,2026-07-11,福島,9,アメティスタ,ノクターン,サトノソティラス,0.20308290058664458,0.17199417750317708,0.14906675104283476,0.07455052343778262,0.031088723083467495,0.02292742646034232,0.07451622760505214,1.1807545088722158,1.1538064410738653,1.9995399652323151,0.20308290058664458,0.37507707808982166,0.5241438291326564,2.409402196574384,0.8897184385997451,0.0655052568210084,0.2113033976064097,サトノソティラス,キンググローリー,オルトパラティウム,0,0,0,0,0,65.0,4.267303601746054,0.015384615384615385,0.21895540194877278,15.23210112667023,THREE_HORSE
2026-0711-03-02-05-10,2026-07-11,福島,10,アタリダイキチ,メイショウヨゾラ,フォルテム,0.2594748105479575,0.2025310587134414,0.18847015068174433,0.10084971252134227,0.05694375183451611,0.014060908031697072,0.08762043816040206,1.281160589374517,1.0746054904759996,1.8688218931894272,0.2594748105479575,0.4620058692613989,0.6504760199431432,1.955050085564571,0.8897816389505135,0.03738125506170567,0.10888853228453085,メイショウヨゾラ,モーデン,スマイルアップ,0,0,0,0,0,68.0,8.155978694888447,0.014705882352941176,0.10790356004625547,8.337442083145373,THREE_HORSE
2026-0711-03-02-05-11,2026-07-11,福島,11,クリエープキー,レッドアヴァンティ,マサノカナリア,0.2810378489802708,0.1905077970185761,0.12644849230530578,0.11911557171735196,0.0905300519616947,0.06405930471327032,0.007332920587953817,1.4752039201464666,1.5066039424068514,1.061561393546043,0.2810378489802708,0.47154564599884685,0.5979941383041526,1.9752308685920936,0.8989663091183617,0.048395259094172895,0.1590821963464838,マサノカナリア,クムシラコ,カウンターセブン,0,0,0,0,0,47.0,5.6398066466167815,0.02127659574468085,0.15603444746278122,8.333619030750718,UNSET
2026-0711-03-02-05-12,2026-07-11,福島,12,アトミックブレス,コパノエイダン,アンティミスト,0.17223498594529826,0.13344995464752935,0.11218886297608256,0.07794614388894332,0.03878503129776892,0.021261091671446783,0.034242719087139245,1.2906335292522857,1.1895116066554612,1.4393125481092155,0.17223498594529826,0.3056849405928276,0.41787380356891013,2.51878769587828,0.9301111533505184,0.042505130940527755,0.16317039429520988,アンティミスト,エコロガノン,アトミックブレス,0,0,0,0,0,37.0,5.760408897126351,0.02702702702702703,0.14657176046510084,6.423155137208731,UNSET
2026-0711-10-02-05-01,2026-07-11,小倉,1,ミエルモーサ,カレンハウ,キムケンシーサー,0.2437188207341403,0.15194359664367912,0.15194359664367912,0.1374799295589576,0.09177522409046118,0.0,0.014463667084721521,1.6040085012972414,1.0,1.1052056626092381,0.2437188207341403,0.39566241737781943,0.5476060140214986,2.145378709006934,0.8633639051148931,0.07748353146884451,0.2610036434592118,カレンハウ,バクソウシャチョウ,ラホーヤアイズ,0,0,0,0,0,28.0,3.6895910553765767,0.03571428571428571,0.23531846154445768,7.588916923244815,UNSET
2026-0711-10-02-05-02,2026-07-11,小倉,2,ダイメイクマモト,タガノラヴズワン,ルパピヨンブラン,0.2151338622485523,0.16064453267010376,0.16056427871628023,0.11209811472890846,0.05448932957844854,8.025395382352252e-05,0.048466163987371774,1.3391919331008089,1.0004998244594947,1.4323548536438773,0.2151338622485523,0.37577839491865606,0.5363426736349363,2.294223761082719,0.8274663107009163,0.08307534467252131,0.2747748893512172,ダイメイクマモト,マカロンブルー,アスクハッピーマン,1,0,0,0,0,44.0,3.5615946867408943,0.022727272727272728,0.2580458325681727,12.354016632999599,FLAT_VALUE
2026-0711-10-02-05-03,2026-07-11,小倉,3,トラカイキャッスル,ベルトナリテ,クランズクラウン,0.1738679659496535,0.10451308619201626,0.10062029872858996,0.09605213154081517,0.06935487975763725,0.003892787463426292,0.004568167187774794,1.6635999594368047,1.038687894118925,1.0475592484465965,0.1738679659496535,0.27838105214166975,0.3790013508702597,2.6395632509104123,0.91322621171461,0.03255803121470641,0.13085286388585854,フィニステーレ,タイセイアビオン,ハナコトバ,0,0,0,0,0,58.0,7.267449618931024,0.017241379310344827,0.12035847379288053,7.980791479987071,UNSET
2026-0711-10-02-05-04,2026-07-11,小倉,4,ジョーカー,ゴールデンドラゴン,ワルトシュタイン,0.2678989197396642,0.20197473507300043,0.08787427570145409,0.06550667104184515,0.06592418466666375,0.11410045937154634,0.022367604659608936,1.3263981737262165,2.2984512072588075,1.3414553709395596,0.2678989197396642,0.46987365481266463,0.5577479305141188,2.317174050037166,0.8357438777163035,0.07062851409086786,0.26278908923928596,ワルトシュタイン,ベラジオヴァレル,ジョーカー,0,0,0,0,0,21.0,3.6724791199317894,0.047619047619047616,0.22467657812669478,5.7182081406605905,TWO_HORSE_UNORDERED
2026-0711-10-02-05-05,2026-07-11,小倉,5,フランソワーズ,ジーティーマローネ,ヴォルテックス,0.08333333333333333,0.08333333333333333,0.08333333333333333,0.08333333333333333,0.0,0.0,0.0,1.0,1.0,1.0,0.08333333333333333,0.16666666666666666,0.25,2.4849066497880012,1.0000000000000004,0.0,0.0,フランソワーズ,イテルム,アイオリスパルス,1,0,0,0,0,20.0,12.41179804701014,0.05,0.030568503951841894,1.611370079036838,CHAOTIC_SKIP
2026-0711-10-02-05-06,2026-07-11,小倉,6,チュウワメロディー,ヒッグスボソン,ヒャクギマル,0.31524486063915275,0.14263345953389112,0.09316270486064072,0.06020670074009387,0.17261140110526163,0.04947075467325039,0.032956004120546854,2.2101746789942194,1.5310145808588556,1.5473810010419693,0.31524486063915275,0.45787832017304386,0.5510410250336846,2.350084354820964,0.8130733869789596,0.06792560227790606,0.29426958968702815,リヴァイ,チュウワメロディー,ヒッグスボソン,0,0,0,0,0,19.0,3.3261906186719705,0.05263157894736842,0.24801264582627502,5.712240270699225,FLAT_VALUE
2026-0711-10-02-05-07,2026-07-11,小倉,7,カラペルソナ,ルートサーティーン,カレントゥルーシー,0.19659441880074063,0.18099959942801774,0.1596589499015837,0.08681327500170229,0.01559481937272289,0.021340649526434052,0.0728456748998814,1.0861594137335362,1.1336639727343112,1.8391075546735567,0.19659441880074063,0.3775940182287584,0.5372529681303421,2.255740532203758,0.90777676996285,0.0654160358242834,0.19657251676854773,カレントゥルーシー,エイシンビーコン,ハレアカラフラ,0,0,0,0,0,21.0,4.559658316631113,0.047619047619047616,0.17169563136743538,4.605608258716143,THREE_HORSE
2026-0711-10-02-05-08,2026-07-11,小倉,8,ジョアン,オヤツノジカン,シエーナカラー,0.28272587309212455,0.1467145817738339,0.14530828837054754,0.10678259283870556,0.13601129131829065,0.0014062934032863517,0.038525695531841986,1.9270468529703286,1.0096779985440347,1.3607862902339787,0.28272587309212455,0.42944045486595844,0.5747487432365059,2.0431717496856154,0.8520688008618538,0.06263495406644214,0.21760821701920355,マヴィ,アンリーベイビー,オヤツノジカン,0,0,0,0,0,30.0,4.3979279729988665,0.03333333333333333,0.19404647055147617,6.821394116544285,ONE_HORSE
2026-0711-10-02-05-09,2026-07-11,小倉,9,タガノアルトゥーラ,ダノンテムズ,バリオス,0.23571883074834402,0.20243723595170474,0.11600363673849699,0.10787348530481665,0.03328159479663928,0.08643359921320774,0.008130151433680344,1.1644045110583274,1.7450938750140397,1.0753674678324066,0.23571883074834402,0.43815606670004875,0.5541597034385457,2.146390420725681,0.895114330085325,0.05726432805413699,0.18286720719183386,カレンラップスター,ウインリュクス,レッドヴァリアート,0,0,0,0,0,30.0,4.995416998010523,0.03333333333333333,0.16685015493166247,6.0055046479498735,UNSET
2026-0711-10-02-05-10,2026-07-11,小倉,10,メローネ,ホーリーブラッサム,サディーク,0.11768452320222303,0.10697931345601787,0.09363105696007332,0.09117241145992354,0.01070520974620516,0.013348256495944552,0.002458645500149778,1.1000680355890147,1.1425622750540623,1.0269669899126286,0.11768452320222303,0.2246638366582409,0.3182948936183142,2.727753477810464,0.9437379362563151,0.032081946161812716,0.10692603948343914,インブロリオ,ミキノバカラ,サディーク,0,0,0,0,0,128.0,8.366159723743667,0.0078125,0.11171665471622416,15.299731803676693,CHAOTIC_SKIP
2026-0711-10-02-05-11,2026-07-11,小倉,11,アメリカンビキニ,ベルギューン,ハヤテノツバサ,0.14037279103223788,0.1370322052630485,0.1262061458276542,0.10578849484349928,0.003340585769189386,0.010826059435394303,0.020417650984154906,1.0243781070499214,1.0857807626118166,1.193004456811303,0.14037279103223788,0.27740499629528637,0.4036111421229406,2.2841450705233384,0.9525624811202515,0.030769009803586732,0.10282968744006779,ベルギューン,スノーサイレンス,ヴェロクオーレ,0,0,0,0,0,29.0,8.959602177163108,0.034482758620689655,0.07712933979913456,3.236750854174902,CHAOTIC_SKIP
2026-0711-10-02-05-12,2026-07-11,小倉,12,ムーンリットアイル,ダノンプリマ,タイガーロード,0.23020430675847584,0.17411685262146748,0.09464256007666136,0.0909175879278811,0.05608745413700836,0.07947429254480612,0.003724972148780259,1.3221253617473967,1.8397310098166322,1.0409708642043498,0.23020430675847584,0.4043211593799433,0.49896371945660467,2.379616173210677,0.858265113077554,0.07057624455736128,0.25909630824680213,ダノンプリマ,ダイアナクイーン,セクシーマージュ,0,0,0,0,0,24.0,3.7249775121769253,0.041666666666666664,0.22679132985304576,6.4429919164730975,UNSET
2026-0712-02-01-10-01,2026-07-12,函館,1,スイーヴル,ビタミンドロップ,マーゴットオネイロ,0.23577441795530388,0.22202100277587847,0.16829772782423855,0.10265619629678173,0.01375341517942541,0.05372327495163992,0.06564153152745682,1.0619464600531912,1.3192156878537644,1.6394307786125784,0.23577441795530388,0.45779542073118235,0.6260931485554209,2.1077830529288457,0.8482343001129121,0.0883369455089881,0.2538670560241887,ビタミンドロップ,スイーヴル,サンライズロイ,0,1,0,0,0,20.0,3.6885840497073503,0.05,0.22110674083171272,5.422134816634254,UNSET
2026-0712-02-01-10-02,2026-07-12,函館,2,ベネディクション,エアヴァイブス,ボーントゥラブユー,0.1940793868137281,0.16981240516586338,0.14454614795639345,0.12745279667122764,0.024266981647864727,0.025266257209469928,0.017093351285165814,1.142904646007234,1.1747971673177497,1.134115152680872,0.1940793868137281,0.3638917919795915,0.508437939935985,2.2665118472134314,0.8836477962498795,0.04132201530070513,0.12375316704323747,ベネディクション,サウンドファミリエ,プリュイドール,1,0,0,0,0,39.0,7.472556931576014,0.02564102564102564,0.10818197619846562,5.219097071740158,UNSET
2026-0712-02-01-10-03,2026-07-12,函館,3,ビンバラ,ホウオウロレンシア,ハイテイラオユエ,0.31724963165775655,0.1896741112863375,0.06958846201418922,0.06439796796989662,0.12757552037141906,0.12008564927214826,0.005190494044292601,1.6726037597130343,2.7256545955515237,1.0806002768087177,0.31724963165775655,0.506923742944094,0.5765122049582833,2.2077907295383192,0.8365830877422384,0.06097274375795155,0.2322542171854069,ビンバラ,ハイテイラオユエ,セラサイト,1,0,0,0,0,15.0,4.123569811734578,0.06666666666666667,0.17584165637766913,3.6376248456650373,TWO_HORSE_ORDERED
2026-0712-02-01-10-04,2026-07-12,函館,4,ヴィラジョヴィス,タケルフォーカス,ハルノアメ,0.2546012726622195,0.18482522226004494,0.15025151500826198,0.07289524810983322,0.06977605040217455,0.034573707251782965,0.07735626689842875,1.3775245042259503,1.2301055483525862,2.0611976624576953,0.2546012726622195,0.43942649492226443,0.5896780099305264,2.306235413428259,0.8317985985188645,0.05591014727426337,0.1979714195123964,タケルフォーカス,ラッキーシグネチャ,ブリックアブラック,0,0,0,0,0,24.0,4.840767846941941,0.041666666666666664,0.16491213066849789,4.9578911360439495,THREE_HORSE
2026-0712-02-01-10-05,2026-07-12,函館,5,ジオ,トルネードサンダー,リラカリス,0.09999999999999998,0.09999999999999998,0.09999999999999998,0.09999999999999998,0.0,0.0,0.0,1.0,1.0,1.0,0.09999999999999998,0.19999999999999996,0.29999999999999993,2.3025850929940455,0.9999999999999998,0.0,0.0,デアグランツ,イッペイ,アオイノリプー,0,0,0,0,0,132.0,10.145143149425289,0.007575757575757576,0.09099357607200362,13.011152041504477,CHAOTIC_SKIP
2026-0712-02-01-10-06,2026-07-12,函館,6,ルージュフィーリア,サトノフレイ,ミルトメロディー,0.2142238208965788,0.1555634661781757,0.10704745702245869,0.09694208151239844,0.058660354718403085,0.04851600915571702,0.010105375510060244,1.3770831041474483,1.4532196327236275,1.1042413712642205,0.2142238208965788,0.3697872870747545,0.47683474409721316,2.3984543372541127,0.8650595445387834,0.05557792874428925,0.20253258998635285,ミルトメロディー,サトノフレイ,ミレニアルピンク,0,0,0,0,0,19.0,4.769824231515905,0.05263157894736842,0.15701975230979795,3.983375293886161,UNSET
2026-0712-02-01-10-07,2026-07-12,函館,7,コイタマチャン,マリブサーフ,アリストクラシア,0.24236183890732974,0.16843667347086377,0.14560174764085693,0.12363962532703353,0.07392516543646596,0.022834925830006847,0.0219621223138234,1.4388899632908836,1.1568313993478414,1.1776301267148974,0.24236183890732974,0.41079851237819354,0.5564002600190505,2.0402233896519824,0.9285456801714025,0.060262167871640016,0.18877171078206878,ヒミノエトワール,デルマサクラサク,リピース,0,0,0,0,0,49.0,4.333051585014493,0.02040816326530612,0.21037607282789406,11.308427568566808,UNSET
2026-0712-02-01-10-08,2026-07-12,函館,8,ダイシンレアレア,ハイドパーク,シーリュウシー,0.1815516274578526,0.14961976175614528,0.1194774187010856,0.11638971368509868,0.031931865701707335,0.03014234305505968,0.0030877050159869163,1.213420107924987,1.2522848533451434,1.0265290197752435,0.1815516274578526,0.3311713892139979,0.4506488079150835,2.250763744136264,0.9386413867481366,0.02961250331690348,0.09971229393861625,シャローファースト,ダイシンレアレア,ミスターエメラルド,0,0,0,0,0,37.0,8.85955598478585,0.02702702702702703,0.0858454466857932,4.176281527374349,CHAOTIC_SKIP
2026-0712-02-01-10-09,2026-07-12,函館,9,コッツォリーノ,ラブリーリディア,テルヒコウ,0.19775819841610656,0.14916024838080033,0.10598721416711625,0.08743816401838159,0.04859795003530623,0.04317303421368408,0.01854905014873466,1.3258103319272945,1.4073419096157262,1.2121390625818174,0.19775819841610656,0.34691844679690687,0.4529056609640231,2.410780207498584,0.9135005065805242,0.05323791891996306,0.19647805698243018,マイネルフーガ,テルヒコウ,ジャズ,0,0,0,0,0,34.0,4.761480648350725,0.029411764705882353,0.18060694036779648,7.1406359725050805,UNSET
2026-0712-02-01-10-10,2026-07-12,函館,10,マメタンク,エコロレバン,デアプリームス,0.19940812000058256,0.17805489304232017,0.14687104213180258,0.11600539428638988,0.02135322695826239,0.03118385091051759,0.030865647845412694,1.1199249657979753,1.2123213021293409,1.2660707981321344,0.19940812000058256,0.37746301304290275,0.5243340551747053,2.169845539507808,0.8732100820338373,0.09063569790953792,0.2689346740416644,クロナ,ヒットミー,ビーマックス,0,0,0,0,0,28.0,3.541446657161953,0.03571428571428571,0.24665619640992642,7.906373499477939,UNSET
2026-0712-02-01-10-11,2026-07-12,函館,11,レディネス,ストレイトトーカー,タシット,0.16856342700776433,0.11777496900124539,0.0940348666384522,0.08466971271089792,0.05078845800651895,0.023740102362793183,0.009365153927554284,1.431233040748938,1.2524606373300848,1.1106080749267606,0.16856342700776433,0.28633839600900973,0.38037326264746196,2.4923914541811656,0.9444248998351715,0.0328117798064603,0.12727311364793742,ヴーレヴー,レディーヴァリュー,シルトホルン,0,0,0,0,0,75.0,7.013220957497018,0.013333333333333334,0.12925450270668426,10.694087703001319,CHAOTIC_SKIP
2026-0712-02-01-10-12,2026-07-12,函館,12,ハッピーラッキー,シャルトル,ダブルチャレンジ,0.35908529451914784,0.25262984133308963,0.15408921159693673,0.08069858212048105,0.1064554531860582,0.09854062973615291,0.07339062947645568,1.4213890671993015,1.6395037570437663,1.9094413749040253,0.35908529451914784,0.6117151358522375,0.7658043474491742,1.700600128728796,0.8178157907507223,0.07118527722346446,0.21098961769334695,サンポーニャ,ココソラーレ,ダブルチャレンジ,0,0,0,0,0,18.0,4.468047246277165,0.05555555555555555,0.16825586470935167,4.02860556476833,TWO_HORSE_ORDERED
2026-0712-03-02-06-01,2026-07-12,福島,1,トーアマリシテン,モスクロッサー,ゲレル,0.209767352010583,0.1358087284297529,0.13519102054197196,0.09979451175151834,0.07395862358083011,0.0006177078877809272,0.035396508790453626,1.5445793097097233,1.0045691487889106,1.3546939422739857,0.209767352010583,0.3455760804403359,0.48076710098230785,2.328225019473045,0.8822184320688748,0.058524079539940876,0.2042097934843077,トーアマリシテン,ノブダブルホワイト,モスクロッサー,1,0,0,0,0,33.0,4.62951893232468,0.030303030303030304,0.1857021345139234,7.128170438959472,UNSET
2026-0712-03-02-06-02,2026-07-12,福島,2,クリムゾンリーフ,アーティキュレート,ヒロイックヴァース,0.22068659106641703,0.13033747096428747,0.1090327385600672,0.09884219370166379,0.09034912010212956,0.02130473240422026,0.010190544858403414,1.693193748763817,1.1953975721932664,1.103099136884412,0.22068659106641703,0.35102406203070446,0.4600568005907717,2.432849273170648,0.8983767258747449,0.045650571003398054,0.18092579395421443,ヒロイックヴァース,クリムゾンリーフ,フィーユレアル,0,0,0,0,0,17.0,5.2805747371759075,0.058823529411764705,0.13054979636655917,3.2193465382315054,UNSET
2026-0712-03-02-06-03,2026-07-12,福島,3,ヴァルカンテソーロ,ブライスフェアリー,ミナヅキ,0.3318531844789787,0.08821897259378621,0.07558673370944449,0.07101005240222193,0.24363421188519252,0.012632238884341715,0.004576681307222566,3.761698586165048,1.167122433586032,1.0644511749026586,0.3318531844789787,0.4200721570727649,0.49565889078220937,2.3620302322578017,0.8519223256270343,0.0723715378070227,0.32108829414286333,ヴァルカンテソーロ,ブライスフェアリー,ミナヅキ,1,1,1,1,1,15.0,3.0244254082980175,0.06666666666666667,0.2639746502778123,4.959619754167185,ONE_HORSE
2026-0712-03-02-06-04,2026-07-12,福島,4,ジェントルアイズ,エコロテラ,ウカテンセイ,0.09999999999999998,0.09999999999999998,0.09999999999999998,0.09999999999999998,0.0,0.0,0.0,1.0,1.0,1.0,0.09999999999999998,0.19999999999999996,0.29999999999999993,2.3025850929940455,0.9999999999999998,0.0,0.0,ラヴィサンエール,サンヴァンガード,ワレモコウ,0,0,0,0,0,183.0,10.39734679079567,0.00546448087431694,0.09071390194977598,17.600644056809006,CHAOTIC_SKIP
2026-0712-03-02-06-05,2026-07-12,福島,5,ブルーリボン,イキフン,タクミオジュウ,0.062499999999999986,0.062499999999999986,0.062499999999999986,0.062499999999999986,0.0,0.0,0.0,1.0,1.0,1.0,0.062499999999999986,0.12499999999999997,0.18749999999999994,2.772588722239781,1.0,0.0,0.0,リサナウト,ウィクフォード,エクスマキナ,0,0,0,0,0,1082.0,18.44260964087939,0.0009242144177449168,0.05329804693638726,58.66848678517101,CHAOTIC_SKIP
2026-0712-03-02-06-06,2026-07-12,福島,6,ツクバヴァンガード,ミスタートントン,イイクニパッション,0.20057036855849913,0.18774321921300738,0.14737993918795697,0.1241005912507147,0.012827149345491756,0.04036328002505041,0.023279347937242276,1.068322836900642,1.2738722803622153,1.1875845046556794,0.20057036855849913,0.3883135877715065,0.5356935269594635,2.2994416371626225,0.8293482616870287,0.11305232743346974,0.3428607051140813,ミラビリオン,ミスタートントン,ジェムシリカ,0,0,0,0,0,24.0,2.813176516859697,0.041666666666666664,0.31380338436172867,8.53128122468149,FLAT_VALUE
2026-0712-03-02-06-07,2026-07-12,福島,7,キッショウダラニ,ノーブルクロンヌ,ラルルジェンヌ,0.26811805732639815,0.09980067330145181,0.09404152758530693,0.08678208313370689,0.16831738402494634,0.005759145716144887,0.007259444451600039,2.686535555892866,1.0612404526385502,1.0836514196186702,0.26811805732639815,0.36791873062784997,0.4619602582131569,2.4331441276476244,0.8775712416813327,0.05825988295051339,0.2532463389419013,シャインフォーミー,ラルルジェンヌ,ノーブルクロンヌ,0,0,0,0,0,26.0,3.822617628263789,0.038461538461538464,0.22313930610271218,6.801621958670517,ONE_HORSE
2026-0712-03-02-06-08,2026-07-12,福島,8,デンプシー,ミスターマーボー,アイアンパイク,0.21493465898613842,0.14660184057101708,0.14618666118573354,0.10119934520613498,0.06833281841512134,0.0004151793852835428,0.044987315979598555,1.4661115996154186,1.0028400633950867,1.4445415717657362,0.21493465898613842,0.3615364995571555,0.507723160742889,2.2425142050969677,0.9024541043778396,0.07390503670706845,0.2607878691048861,デンプシー,アイアンパイク,ホウオウショコラ,1,0,0,0,0,29.0,3.662383238622805,0.034482758620689655,0.23856348882119138,7.91834117581455,UNSET
2026-0712-03-02-06-09,2026-07-12,福島,9,ルージュリリック,サルワールカミーズ,ユメシルベ,0.18710966613959878,0.13185924433863952,0.10982847385845859,0.10102978410132799,0.055250421800959265,0.022030770480180928,0.008798689757130607,1.4190106054230502,1.2005925212852642,1.0870900580001828,0.18710966613959878,0.3189689104782383,0.4287973843366969,2.43981474901055,0.9245023674291474,0.04092167043657893,0.15063200901254994,ブルスカメンテ,ジェルブロア,ニシノコマチムスメ,0,0,0,0,0,32.0,6.04935196377049,0.03125,0.13405696279353396,5.289822809393087,UNSET
2026-0712-03-02-06-10,2026-07-12,福島,10,リフレックス,ドバイブルース,サトミノエンジェル,0.22267413607252662,0.2077614591250719,0.10232308316226237,0.09708879037526084,0.014912676947454712,0.10543837596280954,0.005234292787001521,1.0717778793538282,2.030445650231307,1.0539124317727133,0.22267413607252662,0.43043559519759855,0.5327586783598609,2.1786991039031287,0.9085880974945842,0.05116140023500621,0.1688024840131203,ドバイブルース,リフレックス,オンザライン,0,1,0,0,0,30.0,5.550507495695047,0.03333333333333333,0.14683037255763182,5.404911176728954,UNSET
2026-0712-03-02-06-11,2026-07-12,福島,11,カラマティアノス,バトルボーン,ヤマニンブークリエ,0.16815701480836426,0.14310707791521246,0.1110240861446662,0.08853683334309301,0.025049936893151797,0.03208299177054626,0.022487252801573196,1.175043312029565,1.288973256926804,1.2539875434039056,0.16815701480836426,0.3112640927235767,0.4222881788682429,2.555216495189955,0.9215995415020565,0.03978815034221721,0.14747255866787284,アスクナイスショー,マイネルモーント,オニャンコポン,0,0,0,0,0,47.0,6.424319653467223,0.02127659574468085,0.13438191036036595,7.3159497869372,UNSET
2026-0712-03-02-06-12,2026-07-12,福島,12,サンマルノヴェル,ピコテンダー,クリノオリーブ,0.22782697550814185,0.16643591031893984,0.07788794741005656,0.0676347721771849,0.06139106518920201,0.08854796290888328,0.010253175232871656,1.3688570878217254,2.1368634795664208,1.1515962115760676,0.22782697550814185,0.3942628858270817,0.47215083323713825,2.4435071628231624,0.9023123581049659,0.04501623831014794,0.16882519870171675,クリノオリーブ,ピコテンダー,レイワサンサン,0,0,0,0,0,30.0,5.3757408762928645,0.03333333333333333,0.15268753765210089,5.580626129563027,TWO_HORSE_UNORDERED
2026-0712-10-02-06-01,2026-07-12,小倉,1,ホーリーステップ,シャンデリュイーズ,ティグリス,0.19500725058252696,0.14757645507364392,0.1129099660169877,0.09789547172761748,0.047430795508883045,0.034666489056656216,0.015014494289370225,1.3213981219782927,1.3070277166803905,1.1533727150439224,0.19500725058252696,0.3425837056561709,0.45549367167315863,2.456799193064085,0.8671423202979724,0.0415246039391132,0.1472001898877567,ホーリーステップ,コースタルロード,ハクサンテドリガワ,1,0,0,0,0,33.0,6.493133818577317,0.030303030303030304,0.1237058085628697,5.0822916825747,UNSET
2026-0712-10-02-06-02,2026-07-12,小倉,2,タガノプディング,クロカミジョウ,キャッチアシーフ,0.25783026254486957,0.18560340273033415,0.14585038761056823,0.13862585390904428,0.07222685981453542,0.03975301511976592,0.007224533701523955,1.3891462050373875,1.2725602294997633,1.052115341386926,0.25783026254486957,0.4434336652752037,0.5892840528857719,2.1110264602767095,0.7999168629597262,0.08850434598277383,0.2879892869065556,キャッチアシーフ,クロカミジョウ,ナブッコ,0,0,0,0,0,21.0,3.374793337381387,0.047619047619047616,0.24869539300857696,6.222603253180116,FLAT_VALUE
2026-0712-10-02-06-03,2026-07-12,小倉,3,チェファルー,ラルヴァンダード,ブルーザー,0.21366489970444996,0.19470213238357267,0.12493890158552912,0.11903577857574471,0.01896276732087729,0.06976323079804356,0.005903123009784406,1.0973937321010934,1.5583787748468871,1.0495911656177235,0.21366489970444996,0.4083670320880226,0.5333059336735517,2.3180046581147074,0.8559681268727037,0.06499605221898316,0.21155508500646505,ラルヴァンダード,チェファルー,ブルーザー,0,1,0,1,0,25.0,4.56389260652162,0.04,0.17911120313634024,5.4777800784085064,UNSET
2026-0712-10-02-06-04,2026-07-12,小倉,4,ブランチアウト,セルヴァジオ,ラミエルノムスコ,0.1858090793393025,0.15063171638531397,0.1461858944143606,0.14007051332082732,0.03517736295398852,0.004445821970953362,0.006115381093533295,1.2335322453871884,1.0304121132121802,1.0436593037931274,0.1858090793393025,0.3364407957246165,0.4826266901389771,2.1880552736533727,0.8530598342178708,0.08922520294387332,0.24856747889992908,レッドパラジウム,セルヴァジオ,ブランチアウト,0,0,0,0,0,41.0,3.8470967871598005,0.024390243902439025,0.23554602890921303,10.657387185277734,UNSET
2026-0712-10-02-06-05,2026-07-12,小倉,5,サイモンレガシー,シュガーハウス,シュプレヒコール,0.125,0.125,0.125,0.125,0.0,0.0,0.0,1.0,1.0,1.0,0.125,0.25,0.375,2.0794415416798357,1.0,0.0,0.0,エルドボルグ,シックパラソル,サイモンレガシー,0,0,0,0,0,85.0,8.423101872290305,0.011764705882352941,0.10695640365209609,10.091294310428168,CHAOTIC_SKIP
2026-0712-10-02-06-06,2026-07-12,小倉,6,アンドヴェローナ,アトランタ,ジョン,0.11111111111111108,0.11111111111111108,0.11111111111111108,0.11111111111111108,0.0,0.0,0.0,1.0,1.0,1.0,0.11111111111111108,0.22222222222222215,0.33333333333333326,2.1972245773362196,1.0,0.0,0.0,マルモリムソウ,アームズラムレイ,ビバームス,0,0,0,0,0,419.0,9.051993160643173,0.002386634844868735,0.10808627230975254,46.28814809778631,CHAOTIC_SKIP
2026-0712-10-02-06-07,2026-07-12,小倉,7,コルヴァス,エアフォースワン,オオツカ,0.19199678707886755,0.12434687269448849,0.09546122915323772,0.09476770107014836,0.06764991438437906,0.02888564354125077,0.0006935280830893675,1.5440419442681934,1.302590316482124,1.0073181904304718,0.19199678707886755,0.31634365977335605,0.4118048889265938,2.4655697347081285,0.934261528554053,0.03723381534669301,0.143574922886996,オオツカ,ラブインアクション,コルヴァス,0,0,0,0,0,49.0,6.212282126008577,0.02040816326530612,0.1405632768135921,7.8876005638660125,CHAOTIC_SKIP
2026-0712-10-02-06-08,2026-07-12,小倉,8,ペイシャシス,ミッキーマーメイド,メイショウピリカ,0.28261366387742576,0.18123124105175342,0.17764279300004726,0.1701719623800282,0.10138242282567234,0.003588448051706161,0.007470830620019048,1.559409195883181,1.0202003582082004,1.0439016540417814,0.28261366387742576,0.4638449049291792,0.6414876979292264,1.8465508726812292,0.8404015191382368,0.08932990351280432,0.26642134852364846,ミリタリータトゥー,ペイシャシス,コンバットペスカ,0,0,0,0,0,27.0,3.569694820134481,0.037037037037037035,0.24309895508184304,7.563671787209762,FLAT_VALUE
2026-0712-10-02-06-09,2026-07-12,小倉,9,ホウショウルクス,ショウナンバンライ,タガノアニマシオン,0.24149765750272253,0.1503117336894739,0.14157036120832944,0.09525567563791898,0.09118592381324864,0.008741372481144455,0.04631468557041046,1.6066454133356474,1.0617457807307633,1.4862144461234992,0.24149765750272253,0.39180939119219643,0.5333797524005259,2.143370427025452,0.9308539491317702,0.06488415012826436,0.23009522102425825,ショウナンバンライ,サンライズケヴィン,ホウショウルクス,0,0,0,0,0,133.0,3.7812005869633496,0.007518796992481203,0.25694746894637277,35.17401336986758,UNSET
2026-0712-10-02-06-10,2026-07-12,小倉,10,ダノンカゼルタ,ジャスティンガルフ,レイピカケ,0.20183414267313318,0.17082074734885386,0.11675867192085833,0.10248355432350101,0.031013395324279325,0.05406207542799553,0.01427511759735732,1.1815552021965054,1.463024069549541,1.139291788732232,0.20183414267313318,0.37265489002198704,0.48941356194284535,2.236596005025176,0.9327329806255648,0.02345277573586495,0.07423874666089739,ジャスティンガルフ,ダノンカゼルタ,オデット,0,1,0,0,0,64.0,11.161480524141684,0.015625,0.07396884893760766,5.73400633200689,CHAOTIC_SKIP
2026-0712-10-02-06-11,2026-07-12,小倉,11,モックモック,モンブランミノル,ジンセイ,0.21339469469860595,0.1844773835569721,0.12300809199358745,0.09903686961003297,0.028917311141633845,0.061469291563384654,0.02397122238355448,1.156752608824286,1.499717462218576,1.2420434175468533,0.21339469469860595,0.397872078255578,0.5208801702491654,2.198846525602624,0.9169902249469576,0.06245055351782689,0.19754217593695295,レイナデアルシーラ,スナークラファエロ,シュラザック,0,0,0,0,0,20.0,4.420976224119263,0.05,0.17619438542653953,4.523887708530791,UNSET
2026-0712-10-02-06-12,2026-07-12,小倉,12,ベルファスト,ドルチェミスト,ノボリリア,0.18552730293787464,0.12805742330399725,0.12051616458545227,0.10063171647773123,0.057469879633877397,0.0075412587185449825,0.01988444810772104,1.448782102209326,1.062574665767743,1.1975962331132577,0.18552730293787464,0.3135847262418719,0.43410089082732417,2.5267565587402343,0.8918342009228157,0.05203116095605305,0.1933232431558222,ノボリリア,ベルファスト,モルティフレーバー,0,0,0,0,0,74.0,5.011061594831133,0.013513513513513514,0.18604499940348823,14.767329955858129,UNSET
2026-0718-02-01-11-01,2026-07-18,函館,1,イッペイ,ロジクラウン,ガーシュウィン,0.2560849276441909,0.24686928260784696,0.10617788222133748,0.0915401572377022,0.009215645036343922,0.14069140038650949,0.014637724983635275,1.0373300596128965,2.3250537441802184,1.1599049578386185,0.2560849276441909,0.5029542102520379,0.6091320924733754,1.92429151488986,0.9253886085854374,0.09007439306318983,0.23879459572416678,ロジクラウン,イッペイ,アートオブブライト,0,1,0,0,0,32.0,3.2151988353116008,0.03125,0.27977275511464134,9.952728163668523,UNSET
2026-0718-02-01-11-02,2026-07-18,函館,2,マーマレードスカイ,ドリームガッサン,チュラヴェール,0.22853017066646197,0.22543849429967028,0.09115295471683679,0.07624609656402857,0.0030916763667916958,0.13428553958283349,0.01490685815280822,1.01371405702649,2.4731891028654687,1.1955097877081486,0.22853017066646197,0.45396866496613225,0.545121619682969,2.201181188229645,0.8858204747520148,0.05025349986452864,0.1510712778233428,メモリーデイズ,ドリームガッサン,ペイシャクロス,0,0,0,0,0,35.0,5.925437101955848,0.02857142857142857,0.14019249260325126,5.906737241113794,UNSET
2026-0718-02-01-11-03,2026-07-18,函館,3,リバーソニック,ウインガネーシャ,ポップアップ,0.21746332719455924,0.1933001612582481,0.18743419859919974,0.10242237771131475,0.024163165936311154,0.005865962659048346,0.08501182088788499,1.1250033408095779,1.031296117266155,1.8300121788570196,0.21746332719455924,0.4107634884528073,0.598197687052007,2.100208489290271,0.8451860714644753,0.07811475372439242,0.219089813478611,リバーソニック,ウインガネーシャ,ポップアップ,1,1,1,1,1,47.0,4.31956040593824,0.02127659574468085,0.2102284431998533,10.880736830393104,THREE_HORSE
2026-0718-02-01-11-04,2026-07-18,函館,4,ニシノオールワン,ホウオウザロイヤル,スッサンエア,0.20997983473805626,0.1480687513394041,0.14376305934641337,0.11744276823125921,0.06191108339865217,0.004305691992990718,0.02632029111515416,1.418123897436936,1.0299499190721566,1.224111637621878,0.20997983473805626,0.3580485860774604,0.5018116454238737,2.3269324482517852,0.8392634758941163,0.06772885188069791,0.22464082580892816,ホウオウザロイヤル,レッドアイスピア,スッサンエア,0,0,0,0,0,37.0,4.28043489810004,0.02702702702702703,0.20659409414546662,8.643981483382264,FLAT_VALUE
2026-0718-02-01-11-05,2026-07-18,函館,5,モンロワイヤル,イトシサ,メイショウセンドウ,0.20972452972939906,0.12378388859011925,0.11569772655590979,0.10127148575580257,0.08594064113927981,0.008086162034209463,0.014426240800107223,1.694279700840969,1.069890414227819,1.142451161770189,0.20972452972939906,0.33350841831951833,0.4492061448754281,2.3899299230129745,0.9055998504440964,0.06000150645033438,0.22812026889907996,ホウオウライセンス,バンダムソレール,イトシサ,0,0,0,0,0,44.0,4.136256437865745,0.022727272727272728,0.2190372346290427,10.63763832367788,UNSET
2026-0718-02-01-11-06,2026-07-18,函館,6,トリニタリオ,ショウナンマルチ,ジュラトリー,0.2238926518464948,0.21148327397567174,0.13289923041292162,0.088193337188115,0.012409377870823052,0.07858404356275012,0.044705893224806614,1.0586778218321444,1.5913054824966804,1.5069078305705752,0.2238926518464948,0.43537592582216655,0.5682751562350882,2.1709172836982797,0.8736413836244076,0.09487772657830863,0.2983421040151449,ショウナンマルチ,トリニタリオ,コスモクラシック,0,1,0,0,0,20.0,3.212742271271102,0.05,0.2612605729199548,6.225211458399096,UNSET
2026-0718-02-01-11-07,2026-07-18,函館,7,パラダイスフェイス,ストロングボーイ,ウィズマスタング,0.17592650481298214,0.15218220038221902,0.11743956223956539,0.08963680613516885,0.023744304430763113,0.03474263814265363,0.027802756104396545,1.1560255034499909,1.2958341931808466,1.3101712042536529,0.17592650481298214,0.3281087051952012,0.4455482674347666,2.4223608658184355,0.9178886864771465,0.03860133928602264,0.1372590221374851,パラダイスフェイス,ストロングボーイ,タイセイデクスター,1,1,1,0,1,31.0,6.969964797122066,0.03225806451612903,0.11121468306688675,4.447655175073489,UNSET
2026-0718-02-01-11-08,2026-07-18,函館,8,メイショウテンク,アーレムアレス,マテンロウオリジン,0.1668682869495419,0.16570665159215808,0.15513183711581768,0.10456984594961397,0.0011616353573838112,0.0105748144763404,0.05056199116620372,1.0070101914812861,1.0681666295774317,1.4835236267878462,0.1668682869495419,0.33257493854169995,0.48770677565751763,2.25136974464849,0.9060178356561465,0.08345648601975114,0.25204665145158855,マイネルゼウス,ワンダフルデイズ,バルドル,0,0,0,0,0,74.0,3.858314248605171,0.013513513513513514,0.24566703414703864,19.17936052688086,UNSET
2026-0718-02-01-11-09,2026-07-18,函館,9,ドッグウッド,グランセゾン,マイネルシンベリン,0.26076369063012866,0.09871305977828711,0.09822887387760568,0.0818157399736907,0.16205063085184157,0.0004841859006814303,0.01641313390391498,2.641633145764226,1.0049291606588582,1.2006109571238115,0.26076369063012866,0.35947675040841576,0.45770562428602146,2.3571800175010207,0.9189967087045571,0.06462702967034964,0.2663806299621262,ドッグウッド,マイネルシンベリン,グランセゾン,1,0,0,1,0,22.0,3.412195543379791,0.045454545454545456,0.2476118944041435,6.447461676891157,ONE_HORSE
2026-0718-02-01-11-10,2026-07-18,函館,10,マナボニート,アパッシメント,マジカルフェアリー,0.31793258006490954,0.1611387403150657,0.1327136724887244,0.08527741876921921,0.15679383974984384,0.0284250678263413,0.04743625371950519,1.9730362757166495,1.2141834167746082,1.5562580857176138,0.31793258006490954,0.47907132037997524,0.6117849928686996,2.00694242785771,0.8716040219161185,0.07438854352801241,0.2681656591879359,アパッシメント,マナボニート,フードマン,0,1,0,0,0,16.0,3.547386076671877,0.0625,0.2193977067582647,4.510363308132235,UNSET
2026-0718-02-01-11-11,2026-07-18,函館,11,イガッチ,ウェイワードアクト,ヒルノハンブルク,0.15897562934653192,0.15556049785161075,0.1376746621264932,0.09036111478730625,0.0034151314949211753,0.017885835725117538,0.047313547339186954,1.0219537192416217,1.1299137796952379,1.5236051751968145,0.15897562934653192,0.31453612719814267,0.4522107893246359,2.3929354612969056,0.9329367281017709,0.048694706459965945,0.1389121676726051,ウェイワードアクト,レヴォントゥレット,ヒルノハンブルク,0,0,0,0,0,84.0,5.921422014734932,0.011904761904761904,0.15697359155688784,14.185781690778578,CHAOTIC_SKIP
2026-0718-02-01-11-12,2026-07-18,函館,12,ハーモニーソング,ランプローグ,ルージュベルベット,0.17339815691102664,0.15357301936240986,0.11964616476839889,0.11386087079311868,0.019825137548616784,0.03392685459401097,0.005785293975280201,1.1290925816977808,1.2835599006427307,1.0508102031451338,0.17339815691102664,0.3269711762734365,0.4466173410418354,2.296047662289076,0.9239975523768522,0.0628632543372406,0.19010361124457262,ラミアメンテ,ルージュベルベット,ハーモニーソング,0,0,0,0,0,61.0,4.5820657226686015,0.01639344262295082,0.20184873471046347,13.31277281733827,UNSET
2026-0718-03-02-07-01,2026-07-18,福島,1,シュネーバレン,エーアイクワイ,サリードゥ,0.26907358247595015,0.19699189231080588,0.17631242214109857,0.15427065500825662,0.07208169016514426,0.02067947016970731,0.02204176713284195,1.3659119637848682,1.1172887872481159,1.1428772512287724,0.26907358247595015,0.46606547478675603,0.6423778969278546,1.9945619353216613,0.8026707705465825,0.08249956777184875,0.24825889273233048,ショウナンハーヴェ,エーアイクワイ,シュネーバレン,0,0,0,0,0,55.0,3.8758431800073083,0.01818181818181818,0.23982655665601887,14.190460616081038,FLAT_VALUE
2026-0718-03-02-07-02,2026-07-18,福島,2,ビップヴィーナス,サノノキセキ,ウィナーズチェック,0.3108690665138707,0.23123932654540624,0.11963058006946378,0.09493858182719733,0.07962973996846445,0.11160874647594246,0.02469199824226645,1.3443607156191415,1.932944957812096,1.2600839170655576,0.3108690665138707,0.5421083930592769,0.6617389731287407,1.8644818131895595,0.848562241848734,0.09539596111871188,0.30456748596459654,ビップヴィーナス,ウィナーズチェック,サノノキセキ,1,0,0,1,0,20.0,3.154985155276326,0.05,0.2669587021123135,6.3391740422462695,TWO_HORSE_ORDERED
2026-0718-03-02-07-03,2026-07-18,福島,3,ハングローズ,ニンジャトットリ,ゲンテン,0.30018666300600577,0.2648719493846968,0.08683655916420395,0.0826833048678989,0.035314713621308946,0.17803539022049286,0.004153254296305045,1.1333274954307007,3.050235430031677,1.0502308694958504,0.30018666300600577,0.5650586123907027,0.6518951715549066,2.1142451205794672,0.7625527376709215,0.06570896663856941,0.22158840111561404,ゲンテン,ニンジャトットリ,ハングローズ,0,0,0,1,0,31.0,4.3791589581466015,0.03225806451612903,0.19609628606977242,7.078984868162945,FLAT_VALUE
2026-0718-03-02-07-04,2026-07-18,福島,4,リーデレクオーレ,ウインドオブヘヴン,ハイティー,0.15556325416940361,0.1407071936414438,0.1285881205816518,0.11862072054907048,0.014856060527959819,0.012119073059791985,0.009967400032581328,1.105581386022215,1.0942472213216348,1.084027478390321,0.15556325416940361,0.29627044781084744,0.42485856839249925,2.39264654749136,0.8629648271664712,0.07453346546308696,0.21375280964244342,リーデレクオーレ,オンナキュヌヴィ,エンジェルサン,1,0,0,0,0,39.0,4.534705692180877,0.02564102564102564,0.19488045202053123,8.600337628800718,UNSET
2026-0718-03-02-07-05,2026-07-18,福島,5,サウンズオーサム,シルクドマルス,フェリシタル,0.06666666666666664,0.06666666666666664,0.06666666666666664,0.06666666666666664,0.0,0.0,0.0,1.0,1.0,1.0,0.06666666666666664,0.13333333333333328,0.1999999999999999,2.7080502011022096,0.9999999999999999,0.0,0.0,シルクドマルス,ドナリー,サウンズオーサム,0,0,0,0,0,54.0,17.035584938066233,0.018518518518518517,0.04018213682355237,3.169835388471828,CHAOTIC_SKIP
2026-0718-03-02-07-06,2026-07-18,福島,6,テンオンスゴールド,アデルフィー,カシマライフウ,0.20440570731013102,0.18409629427070992,0.15080738148844622,0.12510097445527946,0.020309413039421104,0.0332889127822637,0.02570640703316676,1.1103195103403685,1.2207379536313616,1.2054852661627842,0.20440570731013102,0.3885020015808409,0.5393093830692871,2.27710738086399,0.8408660149421082,0.08491326985479307,0.25914485024389633,スクイーズアウト,アラビアンドリーム,サンタピア,0,0,0,0,0,30.0,3.715586567795451,0.03333333333333333,0.23580317627390335,8.0740952882171,FLAT_VALUE
2026-0718-03-02-07-07,2026-07-18,福島,7,ベアダイヤモンド,ベルトラッキ,アッシズオブローズ,0.20422759517973277,0.133687393354363,0.10854658830813779,0.08292417653764199,0.07054020182536977,0.025140805046225206,0.025622411770495804,1.5276503644467807,1.2316130376650483,1.3089860260338546,0.20422759517973277,0.33791498853409574,0.44646157684223353,2.4806721989639,0.8947133698790846,0.06741893071416169,0.2699210167856743,アッシズオブローズ,マイネルリーヒム,ブライトエアリー,0,0,0,0,0,33.0,3.6156990808648684,0.030303030303030304,0.24626865822388158,9.126865721388093,UNSET
2026-0718-03-02-07-08,2026-07-18,福島,8,サムハラ,ブルズアイプリンス,ルシェロアズーリ,0.17469726601977587,0.1554024044180067,0.10907165189871657,0.09277399872400027,0.01929486160176916,0.04633075251929014,0.016297653174716292,1.1241606375012654,1.4247735475970664,1.175670483097331,0.17469726601977587,0.33009967043778254,0.43917132233649914,2.4340693147421613,0.8988272498609755,0.04543820523209111,0.1484795066264233,コックオーヴァン,ブライティアブーケ,ココボロ,0,0,0,0,0,62.0,6.2501670549000465,0.016129032258064516,0.1438666912507997,9.919734857549582,UNSET
2026-0718-03-02-07-09,2026-07-18,福島,9,オブラプリーマ,ノリマル,ドリームプレミア,0.15763988025817818,0.14976637764454773,0.13945836073478388,0.09947318947884294,0.007873502613630456,0.01030801690976385,0.039985171255940935,1.0525718972272753,1.0739146570736422,1.4019693292778697,0.15763988025817818,0.3074062579027259,0.4468646186375098,2.3317277017137403,0.9383562565268484,0.030881599344522125,0.09716363826555137,リュクスパトロール,ノリマル,ドリームプレミア,0,0,0,0,0,47.0,9.226681314552259,0.02127659574468085,0.08710473508364273,5.093922548931209,CHAOTIC_SKIP
2026-0718-03-02-07-10,2026-07-18,福島,10,ピコシー,グロスビーク,レッドベルダンス,0.11808536722911397,0.0999369552581928,0.0993643720249141,0.09490908720092459,0.01814841197092118,0.0005725832332786895,0.004455284823989519,1.1815986080828031,1.0057624601414994,1.0469426580255439,0.11808536722911397,0.21802232248730677,0.3173866945122209,2.590855519467305,0.9567235933856746,0.021123386817207795,0.06927908868243716,モリノアミーゴ,オーケーマヒナ,レッドベルダンス,0,0,0,0,0,89.0,12.258579856731249,0.011235955056179775,0.0703395628004743,7.260221089242213,CHAOTIC_SKIP
2026-0718-03-02-07-11,2026-07-18,福島,11,フォルラニーニ,コスモアンソロジー,ヴォンフレ,0.20048250624822245,0.14766872686274532,0.11109982686947507,0.09549528007817457,0.05281377938547713,0.036568899993270246,0.015604546791300508,1.3576504010532056,1.3291535281709572,1.1634064718018133,0.20048250624822245,0.34815123311096774,0.4592510599804428,2.5189375387824775,0.9085146738776329,0.035785749836144895,0.13103381568470313,ミラビリスマジック,ホウオウスーペリア,ワイドアラジン,0,0,0,0,0,40.0,6.891150695390584,0.025,0.1201136456308943,5.804545825235772,UNSET
2026-0718-03-02-07-12,2026-07-18,福島,12,ベルゼビュート,ソニックブレイカー,ロイヤルスパイア,0.22968031669292888,0.16737641863510028,0.1604879731503865,0.07355083078527508,0.0623038980578286,0.00688844548471379,0.08693714236511141,1.3722382075437891,1.0429218797489512,2.182000820886938,0.22968031669292888,0.39705673532802915,0.5575447084784156,2.3297347474981445,0.8402741917005686,0.07682574013611619,0.2696200191675308,ロイヤルスパイア,ソニックブレイカー,アンプイットアップ,0,0,0,0,0,40.0,3.6260331186916597,0.025,0.2507834711561649,11.031338846246596,THREE_HORSE
2026-0718-10-02-07-01,2026-07-18,小倉,1,タイセイレスポンス,セイウンパシュート,メイショウトム,0.2149587735299411,0.1314300956049176,0.12215488712814321,0.10980789945763736,0.0835286779250235,0.009275208476774405,0.012346987670505849,1.6355369182421728,1.0759299009219705,1.1124417071220745,0.2149587735299411,0.3463888691348587,0.46854375626300193,2.2517887449501375,0.9061864537817743,0.04863344140995713,0.17381748600087119,セイウンパシュート,メイショウトム,セイフウサツキ,0,0,0,0,0,38.0,5.382046359510823,0.02631578947368421,0.15948714368627664,7.060511460078512,UNSET
2026-0718-10-02-07-02,2026-07-18,小倉,2,ニシノフランケン,ブレイクガール,アシャカブラーヴ,0.3029793749204894,0.14733022652488606,0.11821085273719986,0.08661223389933179,0.15564914839560332,0.029119373787686198,0.031598618837868075,2.056464461278162,1.2463341826356913,1.3648285861624896,0.3029793749204894,0.45030960144537546,0.5685204541825754,2.104556560790475,0.877668255434039,0.060715674460245284,0.22933439695473923,ニシノフランケン,ブレイクガール,プリメラエストレラ,1,1,1,0,1,46.0,4.173435944507695,0.021739130434782608,0.21787159159295455,11.02209321327591,UNSET
2026-0718-10-02-07-03,2026-07-18,小倉,3,アルムアポジェ,メイワキラリ,サトノロザリー,0.23477639794471342,0.1933084651288319,0.17674842089846193,0.11493581583373386,0.041467932815881514,0.01656004423036997,0.06181260506472808,1.2145169006863972,1.0936927421823097,1.5378010728539673,0.23477639794471342,0.4280848630735453,0.6048332839720072,2.163066208064928,0.8196359297659805,0.07046859647963376,0.2140464244187099,サトノロザリー,モズオサキニ,メイワキラリ,0,0,0,0,0,29.0,4.466708540070842,0.034482758620689655,0.1893957396133008,6.492476448785723,FLAT_VALUE
2026-0718-10-02-07-04,2026-07-18,小倉,4,スマイルスルー,オールザワールド,コンテナワールド,0.267298177388689,0.1606649055979661,0.13663346272474108,0.11940958185565068,0.1066332717907229,0.024031442873225006,0.017223880869090408,1.6636998378323686,1.1758825575667233,1.1442420331888579,0.267298177388689,0.4279630829866551,0.5645965457113962,1.9567424071377726,0.9409941890249326,0.08065599410984417,0.2872173634301417,ヴァレッタカズマ,アトラクティーボ,スマイルスルー,0,0,0,0,0,12.0,2.9633370425937566,0.08333333333333333,0.25412406203763593,4.049488744451631,CHAOTIC_SKIP
2026-0718-10-02-07-05,2026-07-18,小倉,5,ウインガラハッド,タナコクシテンホウ,ハマナスノサクコロ,0.14285714285714288,0.14285714285714288,0.14285714285714288,0.14285714285714288,0.0,0.0,0.0,1.0,1.0,1.0,0.14285714285714288,0.28571428571428575,0.4285714285714286,1.945910149055314,1.0000000000000004,0.0,0.0,ウインガラハッド,ハマナスノサクコロ,ナムラメアリー,1,0,0,0,0,12.0,7.930414152075794,0.08333333333333333,0.04276348592777034,1.513161831133244,CHAOTIC_SKIP
2026-0718-10-02-07-06,2026-07-18,小倉,6,キープシャイニング,キングズテイル,ムソウテンセイ,0.21886650450023482,0.18485343220457742,0.12614731226413184,0.12443883474220575,0.03401307229565739,0.058706119940445584,0.0017084775219260856,1.1840002205531954,1.4653774930814583,1.013729456125698,0.21886650450023482,0.4037199367048122,0.529867248968944,2.1933139035313145,0.8826544464833063,0.05474452546155321,0.17296823146775517,キープシャイニング,キングズテイル,リテラシー,1,1,1,0,1,34.0,5.4047604257057005,0.029411764705882353,0.15561031235860284,6.2907506201924965,UNSET
2026-0718-10-02-07-07,2026-07-18,小倉,7,ジリアート,シュプリームレルム,ゴールデンテティス,0.17179274667033603,0.16096712143274747,0.15110233239024026,0.11914556913719963,0.010825625237588565,0.009864789042507205,0.03195676325304063,1.0672536424906593,1.065285484919122,1.268216128257707,0.17179274667033603,0.3327598681030835,0.48386220049332374,2.3171231360489153,0.8780116710790526,0.0477056505544845,0.13701238940565807,シュプリームレルム,ゴールデンテティス,ネッカーズルム,0,0,0,0,0,63.0,6.911292766835168,0.015873015873015872,0.12881771475246764,9.11551602940546,UNSET
2026-0718-10-02-07-08,2026-07-18,小倉,8,ノンブルドール,フウセン,ワンダフルボンド,0.21266727368640695,0.19293966652324077,0.1570618861794603,0.13441680572177347,0.019727607163166183,0.035877780343780474,0.022645080457686817,1.1022475446270654,1.2284308511537052,1.1684691161651275,0.21266727368640695,0.4056069402096477,0.562668826389108,2.0580331235949987,0.8937924291514209,0.10449016465922788,0.3147247201628932,フウセン,ノンブルドール,ゴールドアクセス,0,1,0,0,0,42.0,3.0215558185333387,0.023809523809523808,0.3071458051856557,13.900123817797539,UNSET
2026-0718-10-02-07-09,2026-07-18,小倉,9,カエリールークス,リエーヴェ,トシミチ,0.14209737299020256,0.11969933647269078,0.11278323796127822,0.0718450440537812,0.02239803651751178,0.006916098511412561,0.04093819390749702,1.1871191368101013,1.0613220424987893,1.5698123572288691,0.14209737299020256,0.26179670946289335,0.37457994742417156,2.683652732954165,0.9284801256526026,0.02672792508626019,0.09863244637684372,カエリールークス,タカヨシ,タカモリ,1,0,0,0,0,19.0,9.592389119949646,0.05263157894736842,0.05161773657719293,1.9807369949666656,UNSET
2026-0718-10-02-07-10,2026-07-18,小倉,10,コスモストーム,ワイドクリーガー,ホウショウマリス,0.20684271492721382,0.16092178901099197,0.14005979730110665,0.09425360375277975,0.04592092591622185,0.020861991709885314,0.04580619354832691,1.2853617661004575,1.148950606183124,1.4859887762856598,0.20684271492721382,0.3677645039382058,0.5078243012393124,2.2846402271099424,0.9194068627507018,0.03323324718033751,0.11107141079850755,ワイドクリーガー,コスモストーム,ワンダーカモン,0,1,0,0,0,29.0,8.010510244054863,0.034482758620689655,0.09035323428527624,3.620243794273011,UNSET
2026-0718-10-02-07-11,2026-07-18,小倉,11,コウセキ,ジュンヴァンケット,ベイビーキッス,0.1244053255969861,0.12101400796728187,0.11116416423858874,0.09936327530835373,0.003391317629704224,0.00984984372869313,0.01180088893023501,1.0280241741156209,1.0886062859929633,1.1187650959935986,0.1244053255969861,0.24541933356426798,0.3565834978028567,2.4126502395464056,0.9709218814124227,0.02001318126566046,0.06917504600064421,コウセキ,アイルシャイン,ベイビーキッス,1,0,0,0,0,18.0,11.875244784477024,0.05555555555555555,0.02865323492825586,1.5157582287086053,CHAOTIC_SKIP
2026-0718-10-02-07-12,2026-07-18,小倉,12,バートラガッツ,ブラックレジェンド,スマートクラビ,0.16703330866272392,0.14475814985399735,0.09024287773765055,0.08143097394489446,0.022275158808726575,0.0545152721163468,0.008811903792756093,1.1538784436744545,1.6040950098558557,1.108213169582366,0.16703330866272392,0.3117914585167213,0.40203433625437185,2.498456121528241,0.9467229428822164,0.051494237906208336,0.18996537756258516,バートラガッツ,ブラックレジェンド,モズプリヴェール,1,1,1,0,1,16.0,4.605055194211299,0.0625,0.1546526632855632,3.4744426125690113,CHAOTIC_SKIP
2026-0719-02-01-12-01,2026-07-19,函館,1,ステラトップガン,タイフーンナイン,キチロクタワー,0.2339305752628223,0.20869586107471383,0.19210818096849727,0.15614383126565498,0.025234714188108465,0.016587680106216557,0.03596434970284229,1.1209162177829408,1.0863455164823859,1.2303283415766482,0.2339305752628223,0.4426264363375361,0.6347346173060334,1.8781179435924469,0.9031838144751337,0.11094436176608123,0.2948892357062503,ステラトップガン,タイフーンナイン,リアルジャパン,1,1,1,0,1,17.0,2.948972119836856,0.058823529411764705,0.28027767580930135,5.764720488758123,UNSET
2026-0719-02-01-12-02,2026-07-19,函館,2,エコロセレナ,ジャーナーリア,トルークマクト,0.2782014460743313,0.2709437813902079,0.0983018357174783,0.06557738430576575,0.007257664684123366,0.1726419456727296,0.032724451411712555,1.026786607342986,2.7562433540804516,1.4990203826845123,0.2782014460743313,0.5491452274645392,0.6474470631820175,1.9786538968816074,0.8593184690120479,0.060607918449242744,0.1682582331657695,ミスチヴマリアンヌ,ジャーナーリア,デルマハルナ,0,0,0,0,0,27.0,5.286300556059288,0.037037037037037035,0.15213117036913765,5.107541599966717,UNSET
2026-0719-02-01-12-03,2026-07-19,函館,3,ブレイズランナー,ルージュリヴィエラ,ニシノモリミチ,0.18654269658626935,0.16954627139340658,0.1652350923778881,0.12986257775290458,0.016996425192862763,0.004311179015518474,0.03537251462498353,1.100246528886649,1.0260911828926687,1.272384202108543,0.18654269658626935,0.35608896797967593,0.5213240603575641,2.2499360295167956,0.8525529189033602,0.07287692251436241,0.20648748174367776,ブレイズランナー,ルージュリヴィエラ,ホウオウファラオ,1,1,1,0,1,50.0,4.646838254713192,0.02,0.19520008771248296,10.760004385624148,UNSET
2026-0719-02-01-12-04,2026-07-19,函館,4,ギオンバヤシ,フローレンスフーガ,マコトアディントン,0.24554443658087127,0.17913852884096337,0.09127160008596777,0.07579386819218949,0.0664059077399079,0.0878669287549956,0.015477731893778282,1.370695841757538,1.962697363388334,1.2042082329738286,0.24554443658087127,0.42468296542183465,0.5159545655078024,2.2873964555218786,0.891790104497679,0.07887915603749876,0.2857209807003403,レイヌドプランタン,ウインカトリーヌ,マコトアディントン,0,0,0,0,0,28.0,3.2537429126344155,0.03571428571428571,0.27162407101849717,8.60547398851792,TWO_HORSE_UNORDERED
2026-0719-02-01-12-05,2026-07-19,函館,5,ランフォーザエイジ,シャムスクッカ,フィオリアーモ,0.0714285714285714,0.0714285714285714,0.0714285714285714,0.0714285714285714,0.0,0.0,0.0,1.0,1.0,1.0,0.0714285714285714,0.1428571428571428,0.2142857142857142,2.639057329615257,0.9999999999999994,0.0,0.0,テンカタイヘイ,ランフォーザエイジ,ルージュロマーナ,0,0,0,0,0,93.0,14.821265335561932,0.010752688172043012,0.056717934434018444,6.274767902363716,CHAOTIC_SKIP
2026-0719-02-01-12-06,2026-07-19,函館,6,マメーアップル,ソワンドヴィクター,コスモファーブロス,0.24875235114187608,0.14208494651056103,0.10508824915953031,0.10010976763744937,0.10666740463131505,0.03699669735103071,0.004978481522080941,1.7507298081249345,1.3520536087233455,1.0497302275249571,0.24875235114187608,0.39083729765243713,0.49592554681196743,2.408525449487465,0.8686919304576068,0.05457319647062636,0.21570670089277552,コスモファーブロス,リネアベルタ,マメーアップル,0,0,0,0,0,28.0,4.433772876852036,0.03571428571428571,0.1898272627084645,6.315163355837006,UNSET
2026-0719-02-01-12-07,2026-07-19,函館,7,プリンセスアツコ,リピース,ヴァレンティーニ,0.1484107457803141,0.1346192009904984,0.11480661432227669,0.11072222312208749,0.013791544789815702,0.019812586668221707,0.004084391200189205,1.1024485711424563,1.1725735645561786,1.0368886307104361,0.1484107457803141,0.2830299467708125,0.3978365610930892,2.4033736234349865,0.9106939801816918,0.05846325413058603,0.1721232451352072,プリンセスアツコ,ビーチイン,ゴールドドレッサ,1,0,0,0,0,33.0,5.369026981672458,0.030303030303030304,0.15595045723085035,6.146365088618062,UNSET
2026-0719-02-01-12-08,2026-07-19,函館,8,ワイドデコラシオン,キャンドルマス,フレンズプラス,0.1572913023318948,0.1536463333860579,0.1462534413520872,0.1414345436361258,0.0036449689458369072,0.007392892033970699,0.004818897715961418,1.0237231105065059,1.0505484996840055,1.0340715753879701,0.1572913023318948,0.31093763571795274,0.4571910770700399,2.1319459914126826,0.9258923797862855,0.06699524531926239,0.18574091970068773,フレンズプラス,ワイドデコラシオン,グレイトソン,0,0,0,0,0,54.0,5.023370174565967,0.018518518518518517,0.18055102349197102,10.749755268566435,UNSET
2026-0719-02-01-12-09,2026-07-19,函館,9,モンローウォーク,アストリル,レーヴドロペラ,0.22752937740953233,0.18016456517192408,0.1442999592750143,0.07557514821656555,0.047364812237608245,0.03586460589690979,0.06872481105844874,1.2628974914818007,1.2485420375521878,1.9093572778913153,0.22752937740953233,0.4076939425814564,0.5519939018564707,2.260778250202138,0.8814124316433175,0.07373177564994979,0.2497951857585195,モンローウォーク,アストリル,ロートホルン,1,1,1,0,1,15.0,3.7950989496671372,0.06666666666666667,0.19683107430467445,3.9524661145701163,UNSET
2026-0719-02-01-12-10,2026-07-19,函館,10,シーズザスローン,ウインシャーガス,タガノエルー,0.2042634402927162,0.16150337642409876,0.14020831336735484,0.1064688931112666,0.04276006386861744,0.021295063056743918,0.03373942025608824,1.2647626620283896,1.1518816006362582,1.316894627812355,0.2042634402927162,0.365766816716815,0.5059751300841698,2.3297468473461667,0.8827950879285426,0.06703662334231017,0.22843945826694023,シーズザスローン,タガノエルー,プライベートアイズ,1,0,0,0,0,41.0,4.2176518838005865,0.024390243902439025,0.21270850856711893,9.721048851251876,UNSET
2026-0719-02-01-12-11,2026-07-19,函館,11,イモージェン,ダイメイビッグボス,ロンドンガーズ,0.09506686829961254,0.09506686829961254,0.09268580312716197,0.09124036293601039,0.0,0.0023810651724505694,0.0014454401911515868,1.0,1.02568964277284,1.0158421135628901,0.09506686829961254,0.19013373659922508,0.28281953972638707,2.5477478846044574,0.9932936403570544,0.015254561239318487,0.0450910633133019,フェリチタ,イモージェン,ダイシンドラゴン,0,0,0,0,0,39.0,9.707471742218727,0.02564102564102564,0.07737240839771628,4.017523927510935,CHAOTIC_SKIP
2026-0719-02-01-12-12,2026-07-19,函館,12,コモンスナイプ,マグネシアブリック,ロードクラシコ,0.20440217835549343,0.1986393191537812,0.10821775535186326,0.08948006060546457,0.005762859201712239,0.09042156380191793,0.018737694746398692,1.0290116741552602,1.8355520173923205,1.2094063707557925,0.20440217835549343,0.40304149750927465,0.5112592528611379,2.3284121793321275,0.882289351278163,0.046188691160318686,0.14309956207576224,ホウオウヘッセン,ザカリナン,マグネシアブリック,0,0,0,0,0,74.0,6.372134433632639,0.013513513513513514,0.14341977319210264,11.613063216215595,UNSET
2026-0719-03-02-08-01,2026-07-19,福島,1,ムーンベリル,トムキャット,スウィット,0.3764724526784359,0.1411944662728108,0.13488659584352874,0.12785813117590117,0.23527798640562508,0.0063078704292820476,0.007028464667627576,2.6663399962929817,1.046764249552263,1.0549708071202617,0.3764724526784359,0.5176669189512466,0.6525535147947754,1.8526795969622167,0.8046085256954313,0.07125384698566696,0.24640065646257267,ムーンベリル,ドナビッグベン,ユイノキャッツアイ,1,0,0,0,0,11.0,3.8882293265511256,0.09090909090909091,0.16627738550869894,2.8290512405956885,ONE_HORSE
2026-0719-03-02-08-02,2026-07-19,福島,2,クリスタルドレス,ピースフルマインド,サトノスターライト,0.22059685446221092,0.14179935798103463,0.13185470089963422,0.12378010150905637,0.07879749648117629,0.00994465708140041,0.00807459939057785,1.5556971315181505,1.0754213313105168,1.0652334203328075,0.22059685446221092,0.36239621244324555,0.49425091334287974,2.3117631695573473,0.8337923151075343,0.07696261318845943,0.2644159220599394,クレアノア,クリスタルドレス,アマンヘセル,0,0,0,0,0,60.0,3.671542476199645,0.016666666666666666,0.2556984241588885,16.34190544953331,FLAT_VALUE
2026-0719-03-02-08-03,2026-07-19,福島,3,ペプチドドリーム,シャルムグリーン,グランマエストロ,0.21059166842203444,0.13784420916692233,0.13371980206963463,0.1155596565825652,0.07274745925511211,0.004124407097287702,0.01816014548706943,1.5277512903499533,1.0308436524243427,1.1571495279937454,0.21059166842203444,0.3484358775889568,0.4821556796585914,2.33136630378302,0.8408626512408489,0.07723569953900188,0.26454888284179817,ペプチドドリーム,ベルランコントル,ラクシオンデクラ,1,0,0,0,0,19.0,3.6776270088014673,0.05263157894736842,0.21928289133652762,5.166374935394025,FLAT_VALUE
2026-0719-03-02-08-04,2026-07-19,福島,4,フェスティヴハート,デルマザオウ,ユニバーサルラヴ,0.2797501724495696,0.19186044472830419,0.13627767354766582,0.07673507147905263,0.08788972772126544,0.05558277118063837,0.059542602068613185,1.4580919628625229,1.4078641037352109,1.7759503043516067,0.2797501724495696,0.4716106171778738,0.6078882907255396,2.2080190445202597,0.8153538082940887,0.06291004816871122,0.2277376274356938,アーティラリー,デルマザオウ,ユニバーサルラヴ,0,0,0,0,0,32.0,4.275708233052342,0.03125,0.20262938219678758,7.484140230297203,FLAT_VALUE
2026-0719-03-02-08-05,2026-07-19,福島,5,マイホームパパ,サンタンヌ,ムーチョピカンテ,0.07692307692307693,0.07692307692307693,0.07692307692307693,0.07692307692307693,0.0,0.0,0.0,1.0,1.0,1.0,0.07692307692307693,0.15384615384615385,0.23076923076923078,2.5649493574615376,1.0000000000000004,0.0,0.0,グランオギュール,エンルートフライト,ヴェルバーニア,0,0,0,0,0,739.0,14.041688130934368,0.0013531799729364006,0.06986332837529863,52.62899966934568,CHAOTIC_SKIP
2026-0719-03-02-08-06,2026-07-19,福島,6,エリンヘラクレス,トランサルピナ,セイウンリリーナ,0.06249999999999999,0.06249999999999999,0.06249999999999999,0.06249999999999999,0.0,0.0,0.0,1.0,1.0,1.0,0.06249999999999999,0.12499999999999999,0.18749999999999997,2.772588722239781,1.0,0.0,0.0,チャランダマルツ,グルーヴェンス,セイウンイーリス,0,0,0,0,0,1468.0,18.617093508827647,0.0006811989100817438,0.053032878398808124,78.85226548945033,CHAOTIC_SKIP
2026-0719-03-02-08-07,2026-07-19,福島,7,イントゥザウインド,キタノドンカルロ,チェイサー,0.2669724143893353,0.19191302590952533,0.11713473942320683,0.08142660683117602,0.07505938847980995,0.0747782864863185,0.03570813259203082,1.3911114846117618,1.6383954653806432,1.4385315068582614,0.2669724143893353,0.4588854402988606,0.5760201797220674,2.179756848459896,0.8259604003288846,0.07197168696542056,0.25449704409956936,チェイサー,ユイノサダハル,ファイアリービート,0,0,0,0,0,28.0,3.8237504981553063,0.03571428571428571,0.22580905386616823,7.32265350825271,FLAT_VALUE
2026-0719-03-02-08-08,2026-07-19,福島,8,アメテュストス,ミエノストロング,リスレジャンデール,0.11894783354645899,0.10752131119586537,0.09784400022581778,0.08574267941594085,0.011426522350593618,0.009677310970047592,0.012101320809876928,1.1062721633832997,1.0989055123228095,1.1411353236487163,0.11894783354645899,0.22646914474232438,0.3243131449681422,2.5939244920656663,0.9355605002858901,0.06278469480547488,0.22022028967303123,ピエナフェーヴル,スイートオレンジ,ミッドセンチュリー,0,0,0,0,0,33.0,4.4348404536405965,0.030303030303030304,0.19518422463961185,7.441079413107191,CHAOTIC_SKIP
2026-0719-03-02-08-09,2026-07-19,福島,9,ガラベイヤ,ヴァンヴィーヴ,ロードトレゾール,0.20221164258067006,0.14634128262473226,0.1144042265334738,0.0956931268672966,0.05587035995593781,0.03193705609125845,0.018711099666177206,1.3817812646839238,1.279159757108396,1.195532325870436,0.20221164258067006,0.3485529252054023,0.46295715173887614,2.4734315834549805,0.8921018698571592,0.05819987618250098,0.2133350840960525,ハッピーエンジェル,セイウンデセオ,ガラベイヤ,0,0,0,0,0,51.0,4.424216967609118,0.0196078431372549,0.20642085466876792,11.527463588107164,UNSET
2026-0719-03-02-08-10,2026-07-19,福島,10,アロンズロッド,ルールーリマ,コスモイシュタル,0.2853573175242421,0.1851362286336631,0.17495962979765334,0.1089740546162529,0.10022108889057899,0.01017659883600977,0.06598557518140044,1.5413369907674348,1.058165411345345,1.605516381066719,0.2853573175242421,0.4704935461579052,0.6454531759555585,2.036849499283407,0.81968853818198,0.08155848079293374,0.26370271348372254,ルールーリマ,アロンズロッド,コスモイシュタル,0,1,0,1,0,28.0,3.6089893400138653,0.03571428571428571,0.2413715978356386,7.75840473939788,FLAT_VALUE
2026-0719-03-02-08-11,2026-07-19,福島,11,エコロアゼル,ガビーズシスター,ユキマル,0.139772878313166,0.13269517879842416,0.11366008386342448,0.10026431481754594,0.007077699514741853,0.019035094934999677,0.013395769045878539,1.053338030656664,1.1674738772661166,1.1336045538261068,0.139772878313166,0.27246805711159017,0.38612814097501463,2.5606454970146277,0.9235576400044146,0.05561908469870389,0.1733244272881291,ジョーローリット,ガビーズシスター,ファムエレガンテ,0,0,0,0,0,48.0,5.220130109996993,0.020833333333333332,0.17073277305258125,9.1951731065239,UNSET
2026-0719-03-02-08-12,2026-07-19,福島,12,エアトベーレ,サムシングニュー,ヘルヴェティオス,0.21328280972174257,0.1796160108175024,0.12688547272781492,0.08535687383402729,0.03366679890424018,0.05273053808968747,0.04152859889378763,1.1874376273641167,1.4155758492763078,1.4865290518317034,0.21328280972174257,0.39289882053924496,0.5197842932670599,2.341883486170614,0.8647858467385274,0.05981708843302624,0.200826548767609,エアトベーレ,ジーティーブラック,サムシングニュー,1,0,0,0,0,36.0,4.724572170130028,0.027777777777777776,0.18388159877323773,7.619737555836558,UNSET
2026-0719-10-02-08-01,2026-07-19,小倉,1,メイショウソウセキ,アウスヴァール,ニシノクードクール,0.3246742941332172,0.2986703619011318,0.08545192489360869,0.07162827720254814,0.026003932232085414,0.21321843700752308,0.01382364769106055,1.0870656601698345,3.495185886953269,1.1929914864763602,0.3246742941332172,0.623344656034349,0.7087965809279576,1.868559014230622,0.7792496342219286,0.07104016396115119,0.20641894045658887,バニーラビット,ブランフォルテ,メイショウソウセキ,0,0,0,0,0,30.0,4.605552813053877,0.03333333333333333,0.18379586713216176,6.513876013964852,FLAT_VALUE
2026-0719-10-02-08-02,2026-07-19,小倉,2,カルロット,ヒッグスボソン,ナデシコザクラ,0.20518614768322435,0.140934338501703,0.09607450316406047,0.09388893034818908,0.06425180918152135,0.04485983533764254,0.002185572815871381,1.455898894936417,1.4669275807863214,1.0232782800673748,0.20518614768322435,0.34612048618492736,0.4421949893489878,2.5311383122509374,0.8757137573518553,0.07080403376441129,0.2822269626596,ハクサンテドリガワ,グレンセロース,ルナフィオーレ,0,0,0,0,0,18.0,3.4771054380121633,0.05555555555555555,0.2320399798193202,5.176719636747763,UNSET
2026-0719-10-02-08-03,2026-07-19,小倉,3,エレーデサンライズ,メイショウメゴヒメ,ヤマニンエルファバ,0.14107495609385856,0.11942347361788826,0.11468000885343098,0.11031487431527719,0.021651482475970305,0.004743464764457278,0.004365134538153792,1.1813000561786302,1.0413626124717148,1.039569773026966,0.14107495609385856,0.2604984297117468,0.3751784385651778,2.5619476164267616,0.9240272803090473,0.032704489129873705,0.10679998566397345,テクノピーチ,エレーデサンライズ,メイショウメゴヒメ,0,0,0,0,0,69.0,8.707649347549822,0.014492753623188406,0.1003488023567136,7.924067362613238,UNSET
2026-0719-10-02-08-04,2026-07-19,小倉,4,アラムシャピラス,ダンツウルス,ブルーザー,0.3186511071196782,0.20323441129204667,0.17057367965553188,0.09930231698644168,0.11541669582763153,0.032660731636514784,0.0712713626690902,1.567899378328104,1.1914757992116491,1.7177210445031337,0.3186511071196782,0.5218855184117248,0.6924591980672568,1.9561283762941428,0.762638205937162,0.10328982218263259,0.3421116385073164,ダンツウルス,ホウオウモチーヴ,アラムシャピラス,0,0,0,0,0,18.0,2.8301742240676413,0.05555555555555555,0.2977795824356171,6.360032483841108,THREE_HORSE
2026-0719-10-02-08-05,2026-07-19,小倉,5,カローナ,ツーハーツ,メイショウジェード,0.125,0.125,0.125,0.125,0.0,0.0,0.0,1.0,1.0,1.0,0.125,0.25,0.375,2.0794415416798357,1.0,0.0,0.0,ユーダブルワン,メイショウジェード,レイクイーン,0,0,0,0,0,489.0,8.423101872290305,0.002044989775051125,0.1166761197593979,58.05462256234558,CHAOTIC_SKIP
2026-0719-10-02-08-06,2026-07-19,小倉,6,ウルトラハート,フレアオブセンス,サトノライトニング,0.2869880109757199,0.2665762359704122,0.08117410014826186,0.07502645165023519,0.02041177500530772,0.18540213582215032,0.006147648498026667,1.0765701223554422,3.2840060497562567,1.081939747419834,0.2869880109757199,0.5535642469461322,0.634738347094394,2.0936429518302875,0.7933298486302738,0.061289234362030987,0.19258274246483156,コズミックフレア,リリーサンダー,レッドフレーザー,0,0,0,0,0,32.0,4.936325590524778,0.03125,0.17132983021206885,6.482554566786203,FLAT_VALUE
2026-0719-10-02-08-07,2026-07-19,小倉,7,ピアストイヤーズ,ダイアナクイーン,ミライハーモニー,0.18348647574754753,0.1597506614402498,0.1399400056212017,0.0938955127889402,0.023735814307297737,0.01981065581904809,0.0460444928322615,1.1485803820360108,1.1415653496018343,1.490380120035779,0.18348647574754753,0.34323713718779736,0.48317714280899904,2.4448894522619358,0.8818074720750072,0.0655510863928054,0.21845363208580304,ピアストイヤーズ,ダイアナクイーン,マウンテンバローズ,1,1,1,0,1,45.0,4.391148354820153,0.022222222222222223,0.20550863977480013,10.247888789866007,UNSET
2026-0719-10-02-08-08,2026-07-19,小倉,8,アイカンアズーラ,スマッシング,プルミエールパス,0.1659405262281857,0.13022507710779907,0.12676163596381282,0.12075733311893352,0.03571544912038663,0.003463441143986251,0.0060043028448792946,1.2742593816306342,1.0273224711692344,1.049722055711231,0.1659405262281857,0.29616560333598474,0.4229272392997976,2.4625659541693263,0.9331233264751917,0.049782021559244785,0.1674416148314212,ジャンシ,ミヤラティーニ,ペルセポネ,0,0,0,0,0,46.0,5.305368379551605,0.021739130434782608,0.1667491946840317,8.670462955465458,CHAOTIC_SKIP
2026-0719-10-02-08-09,2026-07-19,小倉,9,タンテドヴィーヴル,ゼンノインヴォーク,モアニ,0.24489814665630497,0.1882837846518095,0.12143428757400841,0.1084058370196624,0.05661436200449546,0.06684949707780109,0.01302845055434601,1.3006863395548989,1.5504993557693456,1.1201821867948212,0.24489814665630497,0.43318193130811444,0.5546162188821229,1.9805891960049815,0.9524620703715487,0.03226463761190267,0.10435374247050706,クスクス,タンテドヴィーヴル,ゼンノインヴォーク,0,0,0,0,0,16.0,7.322261478872052,0.0625,0.07406982926455716,2.1851172682329145,CHAOTIC_SKIP
2026-0719-10-02-08-10,2026-07-19,小倉,10,アレナパラシオ,ジューンエオス,サイモンシュバリエ,0.17268298632530407,0.11480282530951413,0.10653059304026825,0.10361940832087864,0.05788016101578994,0.00827223226924588,0.0029111847193896145,1.5041701792594575,1.0776512364492237,1.0280949753194357,0.17268298632530407,0.28748581163481823,0.3940164046750865,2.564977203387377,0.9251199728300528,0.03231875874243926,0.11687426208450488,グランキングオー,ジューンエオス,プロミシングスター,0,0,0,0,0,58.0,7.575762807905761,0.017241379310344827,0.11475852952476814,7.655994712436553,UNSET
2026-0719-10-02-08-11,2026-07-19,小倉,11,ジョバンニ,ジーティーアダマン,ウエストナウ,0.2192532776303454,0.11982705604035888,0.10409164142054785,0.09492223821123691,0.09942622158998653,0.01573541461981104,0.009169403209310936,1.8297476786586397,1.1511688585660524,1.0965991045102164,0.2192532776303454,0.3390803336707043,0.4431719750912521,2.4916032936341868,0.8794266407297949,0.04176646727335101,0.16777457060891862,ゼンダンハヤブサ,ジョバンニ,レーゼドラマ,0,0,0,0,0,26.0,5.752984060318791,0.038461538461538464,0.1353612966993479,4.519393714183046,UNSET
2026-0719-10-02-08-12,2026-07-19,小倉,12,ミッキージャンプ,ロングトールサリー,グラスベルグ,0.2946719512432394,0.24685432107964342,0.14286555021762734,0.128054607881216,0.047817630163596,0.10398877086201608,0.014810942336411337,1.193707891984473,1.7278785592720554,1.1156611431753398,0.2946719512432394,0.5415262723228829,0.6843918225405102,1.851630258376331,0.8427132471916613,0.07808311505974086,0.22206075192356825,ミッキージャンプ,ヴィーナスバブル,ロングトールサリー,1,0,0,0,0,22.0,4.131714293347544,0.045454545454545456,0.19657574246010917,5.324666334122402,TWO_HORSE_UNORDERED
2026-0725-01-01-01-01,2026-07-25,札幌,1,カッサンドラ,カレンココナ,カプリースカラー,0.39781296208706224,0.12563693279216062,0.11898862832045823,0.1062695855193709,0.2721760292949016,0.006648304471702393,0.012719042801087335,3.1663695797569216,1.0558734440891049,1.1196865757867185,0.39781296208706224,0.5234498948792229,0.6424385231996811,1.7898583234466319,0.8607399090434301,0.06894136459840444,0.24172774809031253,カレンココナ,アイビーミャーオ,カッサンドラ,0,0,0,0,0,23.0,3.925874463771923,0.043478260869565216,0.21124205920893638,5.8585673618055365,ONE_HORSE
2026-0725-01-01-01-02,2026-07-25,札幌,2,ヌーンベルク,トーセンルルド,ライフイズアート,0.198029645731761,0.1694372765099173,0.16679708175194008,0.13186631349357536,0.02859236922184369,0.002640194757977221,0.03493076825836472,1.1687489896603134,1.015828782675609,1.2648953120242235,0.198029645731761,0.3674669222416783,0.5342640039936184,1.9942748701428696,0.9590434884415332,0.05980296788307308,0.18817098077321387,ヌーンベルク,トーセンルルド,シガレス,1,1,1,0,1,36.0,4.1783573769297,0.027777777777777776,0.21155072138827735,8.615825969977985,CHAOTIC_SKIP
2026-0725-01-01-01-03,2026-07-25,札幌,3,アオイミズホ,ヤマメイッカ,ブルーフレア,0.24695441101710058,0.20354055044657715,0.20181680287274886,0.08768345526915315,0.04341386057052343,0.0017237475738282881,0.11413334760359571,1.2132934222456973,1.0085411499404,2.3016520306282633,0.24695441101710058,0.45049496146367773,0.6523117643364266,1.9839498229189023,0.8616184604666128,0.05603276439119293,0.163774154467381,ヤマメイッカ,ブルーフレア,アオイミズホ,0,0,0,1,0,33.0,5.828747013468219,0.030303030303030304,0.14126042882280682,5.661594151152625,THREE_HORSE
2026-0725-01-01-01-04,2026-07-25,札幌,4,フレッチャアズーラ,ペカリーナ,アロハ,0.16251806348960035,0.1622667799733946,0.12893577907972173,0.0909461060248809,0.0002512835162057636,0.03333100089367286,0.03798967305484083,1.0015485826257657,1.25850854690275,1.4177163236043078,0.16251806348960035,0.32478484346299497,0.4537206225427167,2.381909729739535,0.9025608132911563,0.04394458744247542,0.13779947727911585,フレッチャアズーラ,ペカリーナ,エアヴァイブス,1,1,1,0,1,29.0,6.99012369049084,0.034482758620689655,0.10857622635269083,4.148710564228034,UNSET
2026-0725-01-01-01-05,2026-07-25,札幌,5,レガメデルヴェント,アンバーバレット,ホウオウシュウ,0.16666666666666666,0.16666666666666666,0.16666666666666666,0.16666666666666666,0.0,0.0,0.0,1.0,1.0,1.0,0.16666666666666666,0.3333333333333333,0.5,1.7917594692280547,0.9999999999999999,0.0,0.0,レガメデルヴェント,ホウオウシュウ,アンバーバレット,1,0,0,1,0,28.0,7.7832228310701135,0.03571428571428571,0.09276719576252178,3.5974814813506097,CHAOTIC_SKIP
2026-0725-01-01-01-06,2026-07-25,札幌,6,インフィオラータ,コワンニシタガウ,ルナティックブルー,0.14835594902274976,0.136709769773726,0.13185447047594193,0.12261630565531924,0.011646179249023753,0.0048552992977840825,0.009238164820622688,1.0851890780615008,1.0368231678475397,1.0753420580668256,0.14835594902274976,0.2850657187964758,0.4169201892724177,2.4168637573726457,0.9158057046547732,0.04332745387852699,0.12157505262047903,テンレディーゴー,コワンニシタガウ,ケナゲ,0,0,0,0,0,34.0,7.303351557209641,0.029411764705882353,0.10751167272783,4.65539687274622,UNSET
2026-0725-01-01-01-07,2026-07-25,札幌,7,カイショー,ジーティーエスピ,ニシノサリーナ,0.1772914375373442,0.17111460573604173,0.12478662437991912,0.06605059608519444,0.0061768318013024626,0.04632798135612261,0.058736028294724685,1.0360976304432523,1.3712575893957573,1.8892581108422526,0.1772914375373442,0.3484060432733859,0.47319266765330503,2.470989348745261,0.912460687670981,0.07574801055796963,0.25653742751662245,グランテレーズ,ニシノサリーナ,ハッピーラッキー,0,0,0,0,0,40.0,3.6577774138666674,0.025,0.24839006365149255,10.935602546059702,UNSET
2026-0725-01-01-01-08,2026-07-25,札幌,8,オンザムービー,ピエナオルカ,ジェネラスキング,0.17822874715808124,0.14278945552878922,0.1325707463462906,0.11843216598395341,0.03543929162929202,0.01021870918249862,0.014138580362337186,1.2481926378810706,1.0770811771384776,1.1193812529296547,0.17822874715808124,0.3210182026868704,0.45358894903316105,2.309397917146064,0.9293700901573466,0.04099343799711983,0.12927171934084117,オンザムービー,ザハント,ジェネラスキング,1,0,0,0,0,20.0,6.748020299612326,0.05,0.09819161110962425,2.963832222192485,UNSET
2026-0725-01-01-01-09,2026-07-25,札幌,9,ジェルブロア,シニャンガ,ルーチェフィオーレ,0.18347126823920087,0.16865360594069953,0.16356091674377804,0.13456264329008702,0.014817662298501344,0.0050926891969214905,0.02899827345369102,1.0878585560969944,1.0311363453953937,1.2155001770526848,0.18347126823920087,0.3521248741799004,0.5156857909236785,2.1171608967770603,0.9194712947716174,0.07644740633722605,0.21409960471906891,ガーネットフレア,ディヒターリーベ,ナムラヒナギク,0,0,0,0,0,45.0,4.181242632815309,0.022222222222222223,0.21694112891932138,10.762350801369463,UNSET
2026-0725-01-01-01-10,2026-07-25,札幌,10,ジュンツバメガエシ,ウェイクフィールド,アスクデッドヒート,0.19341060799774495,0.1871725820773073,0.172413659431057,0.16309558187197545,0.006238025920437651,0.014758922646250311,0.009318077559081539,1.033327669315697,1.08560181771533,1.0571326178927147,0.19341060799774495,0.38058319007505226,0.5529968495061093,2.1293399769647086,0.888003742748842,0.0617029618751444,0.15286401386754997,ボンドロア,ジュンツバメガエシ,ライフセービング,0,0,0,0,0,43.0,5.663793947370553,0.023255813953488372,0.1533042815041254,7.592084104677393,UNSET
2026-0725-01-01-01-11,2026-07-25,札幌,11,ロジケープ,アスクケンタッキー,アンジュプロミス,0.21650527598635294,0.14324871336827646,0.11461972300935873,0.09455394911288904,0.07325656261807648,0.028628990358917736,0.020065773896469685,1.5113942100809103,1.2497736829863058,1.2122150802238087,0.21650527598635294,0.35975398935462943,0.4743737123639882,2.297539026648397,0.9245977215459628,0.06323152570020237,0.2398476960019251,ロジケープ,メルトユアハート,サウスバンク,1,0,0,0,0,21.0,3.85743547925784,0.047619047619047616,0.21162054443043427,5.44403143303912,UNSET
2026-0725-01-01-01-12,2026-07-25,札幌,12,セボンサデッセ,ベラジオワールド,ハイクオリティ,0.31276240609798717,0.2668484042402645,0.11543422535178774,0.07127515473317336,0.04591400185772265,0.15141417888847677,0.04415907061861438,1.1720602451734456,2.311692250951046,1.6195576955803024,0.31276240609798717,0.5796108103382517,0.6950450356900394,1.9249974654720041,0.8027862965114029,0.09141596734373891,0.28240318083771754,セボンサデッセ,ライフゲート,ベラジオワールド,1,0,0,0,0,36.0,3.4281522010198677,0.027777777777777776,0.2639245567050676,10.501284041382434,TWO_HORSE_UNORDERED
2026-0725-04-02-01-01,2026-07-25,新潟,1,レゾルーティオ,ノシェリー,フルーツバスケット,0.2584621726885796,0.14997550946924454,0.13856915000945227,0.11300483096036147,0.10848666321933503,0.011406359459792265,0.025564319049090803,1.7233625250100075,1.0823152877751954,1.226223240474188,0.2584621726885796,0.4084376821578241,0.5470068321672764,2.0742727665183707,0.9008452164611206,0.05638445928602351,0.20169617728992573,レゾルーティオ,フルーツバスケット,ノシェリー,1,0,0,1,0,22.0,4.669684304160045,0.045454545454545456,0.16869269338751886,4.711239254525415,UNSET
2026-0725-04-02-01-02,2026-07-25,新潟,2,エレクトス,リコルディオーロ,モミスケ,0.07142857142857145,0.07142857142857145,0.07142857142857145,0.07142857142857145,0.0,0.0,0.0,1.0,1.0,1.0,0.07142857142857145,0.1428571428571429,0.21428571428571436,2.6390573296152597,1.0000000000000004,0.0,0.0,ミカミッチー,イニシャルポイント,アレックスケー,0,0,0,0,0,769.0,14.98248698060519,0.0013003901170351106,0.06544420317341784,51.32659224035832,CHAOTIC_SKIP
2026-0725-04-02-01-03,2026-07-25,新潟,3,トルタパスカリーナ,リーベラーリア,スターマイン,0.12499999999999999,0.12499999999999999,0.12499999999999999,0.12499999999999999,0.0,0.0,0.0,1.0,1.0,1.0,0.12499999999999999,0.24999999999999997,0.37499999999999994,2.0794415416798357,1.0,0.0,0.0,セプタードアイル,トルタパスカリーナ,マリアンデール,0,0,0,0,0,14.0,8.443455625703532,0.07142857142857142,0.047006349571759795,1.658088894004637,CHAOTIC_SKIP
2026-0725-04-02-01-04,2026-07-25,新潟,4,プリプリプリン,マナイアカラニ,オレンジキャンパス,0.2574847475832833,0.1900504793421339,0.17789827191180538,0.0979959804691316,0.06743426824114943,0.012152207430328521,0.07990229144267377,1.354822931647294,1.0683098677673109,1.815362947134783,0.2574847475832833,0.44753522692541725,0.6254334988372227,2.1498061463914326,0.7938575678975356,0.07940454601074895,0.2615312043851829,プリプリプリン,オレンジキャンパス,スノーランス,1,0,0,0,0,33.0,3.7414424365906647,0.030303030303030304,0.23697356607599498,8.820127680507834,THREE_HORSE
2026-0725-04-02-01-05,2026-07-25,新潟,5,キシダンチョウ,フィールドノート,ヴァリスマリネリス,0.2448564162767299,0.16636877541602085,0.14691913334766585,0.12435338207197791,0.07848764086070906,0.019449642068355005,0.02256575127568794,1.4717690604167957,1.132383316081302,1.1814647169196129,0.2448564162767299,0.41122519169275074,0.5581443250404166,2.1324656556311097,0.8893072519979149,0.07562928357647408,0.25220829319422056,フィールドノート,オルグジェシダ,キシダンチョウ,0,0,0,0,0,38.0,3.6845918753978113,0.02631578947368421,0.2450846895527843,10.313218203005803,UNSET
2026-0725-04-02-01-06,2026-07-25,新潟,6,シャンソンドール,コルドンブルー,ジーネキング,0.2447599155315728,0.1411593226553993,0.10843070005568593,0.08147848297346375,0.10360059287617351,0.03272862259971336,0.026952217082222188,1.7339266789277898,1.3018390786272263,1.3307893826521058,0.2447599155315728,0.3859192381869721,0.49434993824265805,2.393379239884604,0.8838016514282007,0.0656666864880564,0.25435219037122037,ガリレア,ジーネキング,シャンソンドール,0,0,0,0,0,23.0,3.6681998088423677,0.043478260869565216,0.22913502415091078,6.2701055554709475,UNSET
2026-0725-04-02-01-07,2026-07-25,新潟,7,コートアリシアン,ボンヌソワレ,スマイルアップ,0.22947739597310124,0.10679527159543109,0.07540728696113974,0.07140187011318672,0.12268212437767015,0.03138798463429135,0.004005416847953025,2.148759889318159,1.4162460406574073,1.0560968058904285,0.22947739597310124,0.33627266756853236,0.4116799545296721,2.578282481356359,0.9100205908479588,0.044073406837517405,0.1939201615120557,ピコローズ,ポッドロワール,エマヌエーレ,0,0,0,0,0,18.0,4.809466084157371,0.05555555555555555,0.15236773208214116,3.7426191774785407,UNSET
2026-0725-04-02-01-08,2026-07-25,新潟,8,インナーパッション,パイオニアスクエア,ロケットパンチ,0.16293696521738008,0.1567061713817045,0.1432922437507559,0.11613612652858699,0.006230793835675569,0.013413927630948619,0.027156117222168902,1.0397609984389102,1.093612377612573,1.2338300581730217,0.16293696521738008,0.3196431365990846,0.4629353803498405,2.3388483918612786,0.9118497349889105,0.03401711674025414,0.09883451951624408,ロケットパンチ,パイオニアスクエア,ライヴスプーン,0,0,0,0,0,30.0,9.22574798641488,0.03333333333333333,0.07505896195508363,3.2517688586525093,UNSET
2026-0725-04-02-01-09,2026-07-25,新潟,9,スコラーリ,パープルアドミラル,モンツァフレイバー,0.24378804725108064,0.157757146163561,0.15487663185074074,0.12180989594342848,0.08603090108751962,0.0028805143128202704,0.03306673590731227,1.545337584887113,1.018598766504661,1.271461818854761,0.24378804725108064,0.4015451934146417,0.5564218252653824,1.9867718065379008,0.9554352775567455,0.04983591284008695,0.1596310148783079,モンツァフレイバー,サングラデーション,アメリカンピース,0,0,0,0,0,37.0,4.585957054548967,0.02702702702702703,0.19102996480809406,8.068108697899481,CHAOTIC_SKIP
2026-0725-04-02-01-10,2026-07-25,新潟,10,カーボフリオ,ゴールドビリーヴ,バーヴァンシー,0.180193096635695,0.17881541528082592,0.1769615466715162,0.08438397447580201,0.0013776813548690703,0.0018538686093097223,0.09257757219571419,1.0077044887472675,1.0104761098904214,2.0970989784590177,0.180193096635695,0.35900851191652094,0.5359700585880371,2.3749993872856576,0.8770145347818897,0.027537367849662542,0.07598764776696165,ゴールドビリーヴ,メジロピオラ,カーボフリオ,0,0,0,0,0,35.0,11.830170066298692,0.02857142857142857,0.055958210004838346,2.958537350169342,THREE_HORSE
2026-0725-04-02-01-11,2026-07-25,新潟,11,シルバーアックス,ジョイアミーア,ノーブルラホーヤ,0.21516739043300503,0.1857303161395491,0.17152900450854006,0.05972741308725642,0.029437074293455934,0.014201311631009045,0.11180159142128364,1.158493642315982,1.08279247974241,2.871863950610945,0.21516739043300503,0.40089770657255414,0.5724267110810942,2.412017705606341,0.8345008558213957,0.04396019145090065,0.14400196667195342,リオクリスハーレー,ソレム,ルディドゥゲンジ,0,0,0,0,0,24.0,6.595905463455054,0.041666666666666664,0.10994254082433672,3.638620979784081,THREE_HORSE
2026-0725-04-02-01-12,2026-07-25,新潟,12,タイセイフレッサ,クリールスル,ワディアルリヤハ,0.15851987626794656,0.12649141980452797,0.10125044412497139,0.09721470840246124,0.03202845646341859,0.025240975679556577,0.0040357357225101476,1.253206553558442,1.2492924934571363,1.0415136329556482,0.15851987626794656,0.28501129607247455,0.38626174019744597,2.6173543248648636,0.9238112372849712,0.054147773005600065,0.19997627477805036,ロジャリーマイン,ジョワイユノエル,ワディアルリヤハ,0,0,0,0,0,44.0,4.623612116898084,0.022727272727272728,0.1935538457396643,9.51636921254523,UNSET
2026-0725-07-02-01-01,2026-07-25,中京,1,エルダークローネ,エコロメジャー,レッドネビュラ,0.32480144535015704,0.21306888956337164,0.14149466093292692,0.09991821017237056,0.1117325557867854,0.07157422863044471,0.04157645076055637,1.5243963866135115,1.5058440237852737,1.4161048390361692,0.32480144535015704,0.5378703349135286,0.6793649958464556,1.8678058488731648,0.8500750756836964,0.08006322928334093,0.2549849467826569,レッドネビュラ,エコロメジャー,アースグリッパー,0,0,0,0,0,19.0,3.65870005887982,0.05263157894736842,0.22068954164379828,5.193101291232168,UNSET
2026-0725-07-02-01-02,2026-07-25,中京,2,エアロクリスタ,タガノレクシア,コスモルミナ,0.0769230769230769,0.0769230769230769,0.0769230769230769,0.0769230769230769,0.0,0.0,0.0,1.0,1.0,1.0,0.0769230769230769,0.1538461538461538,0.2307692307692307,2.5649493574615363,0.9999999999999998,0.0,0.0,ブレイクアウェイ,ラインエレガント,エアロクリスタ,0,0,0,0,0,64.0,13.727422626254635,0.015625,0.05722188664625445,4.662200745360285,CHAOTIC_SKIP
2026-0725-07-02-01-03,2026-07-25,中京,3,コスモフィレンツェ,プレスバーン,レッドブライトン,0.3201757946234384,0.2716647049156399,0.14425843229239518,0.05556649965067681,0.04851108970779855,0.1274062726232447,0.08869193264171837,1.1785697178544512,1.8831807652325439,2.5961403579366564,0.3201757946234384,0.5918404995390782,0.7360989318314735,1.8957525138281408,0.7629069341457462,0.11063047962665219,0.3371330494005626,プレスバーン,コスモフィレンツェ,フィンガーレイクス,0,1,0,0,0,33.0,2.863781410370412,0.030303030303030304,0.318885632064415,11.523225858125695,TWO_HORSE_UNORDERED
2026-0725-07-02-01-04,2026-07-25,中京,4,タロ,アスクハッピーマン,ナウオアネヴァー,0.2003647312563772,0.17543157567904044,0.16032869234364963,0.1340088607938395,0.024933155577336746,0.01510288333539081,0.02631983154981013,1.1421246744255038,1.0941995042473072,1.1964036661001156,0.2003647312563772,0.37579630693541766,0.5361249992790673,2.333430631022075,0.8416071999084881,0.06161194495518075,0.18688183458963514,ナウオアネヴァー,タロ,マーゴットショット,0,0,0,0,0,50.0,5.104390896840897,0.02,0.17590976087252627,9.795488043626314,FLAT_VALUE
2026-0725-07-02-01-05,2026-07-25,中京,5,セルヴァジオ,セコンドトゥベスト,ペガサスジルシ,0.2263317485083339,0.1267503853605675,0.12525401608168696,0.09883164316628588,0.09958136314776639,0.001496369278880555,0.026422372915401074,1.785649391632907,1.0119466770463046,1.2673472995986215,0.2263317485083339,0.3530821338689014,0.4783361499505884,2.457918994362036,0.8865068860182244,0.06689266924068939,0.2656477403834741,ファルカータ,イルミナジーティー,ペガサスジルシ,0,0,0,0,0,44.0,3.623011473835017,0.022727272727272728,0.25328620590007583,12.144593059603336,UNSET
2026-0725-07-02-01-06,2026-07-25,中京,6,ゼロヴィジビリティ,エブリーポッシブル,ヘリテージブルーム,0.158860417508757,0.12862735481714543,0.11274388687903933,0.09474796445583285,0.03023306269161158,0.015883467938106105,0.01799592242320648,1.2350438033541964,1.140880968164129,1.1899346600907226,0.158860417508757,0.28748777232590245,0.40023165920494175,2.5103605134126132,0.9054211658859623,0.06305940727786478,0.21019502185207173,エブリーポッシブル,ヘリテージブルーム,ザックザク,0,0,0,0,0,24.0,4.463372650369362,0.041666666666666664,0.18237915660046433,5.377099758411144,UNSET
2026-0725-07-02-01-07,2026-07-25,中京,7,ミュージシャン,ハーツコンチェルト,ウインデイジー,0.35487697745599345,0.14671887881519724,0.10535581401482587,0.10481462622806416,0.2081580986407962,0.04136306480037137,0.0005411877867617099,2.418754698248383,1.3926035329626012,1.0051632849940633,0.35487697745599345,0.5015958562711906,0.6069516702860165,2.0133103627019766,0.839615635236822,0.07739245071377457,0.2843979702400822,ミッキーゴールド,サダムオプシス,ハーツコンチェルト,0,0,0,0,0,25.0,3.346543203204751,0.04,0.25881580463158815,7.470395115789703,FLAT_VALUE
2026-0725-07-02-01-08,2026-07-25,中京,8,ブラックシャリマー,スノースケープ,ロードフィレール,0.24452741125406793,0.1802360465598281,0.16736623599648842,0.10812986746374935,0.06429136469423982,0.01286981056333969,0.05923636853273907,1.356706474211854,1.0768960984676128,1.5478261457464388,0.24452741125406793,0.424763457813896,0.5921296938103844,1.9359425865342588,0.9309915896795761,0.09514526025010706,0.3290193866511416,ロードフィレール,スノースケープ,サラコスティ,0,0,0,0,0,54.0,2.777630825643472,0.018518518518518517,0.34150052748567383,19.44102848422639,CHAOTIC_SKIP
2026-0725-07-02-01-09,2026-07-25,中京,9,ワイズギャング,イーブンベター,ルビドゥソレイユ,0.19747290827213723,0.12711535566391582,0.11673215128821327,0.10679100122693631,0.07035755260822141,0.01038320437570256,0.009941150061276952,1.5534937320573754,1.0889489678817474,1.0930897729870657,0.19747290827213723,0.32458826393605306,0.44132041522426635,2.4557700328981555,0.8857318120064739,0.04378103969095375,0.15846299358121066,ルビドゥソレイユ,リンゲルブルーメ,ダンシングドール,0,0,0,0,0,64.0,5.995930892115885,0.015625,0.15115477414898343,10.67390554553494,UNSET
2026-0725-07-02-01-10,2026-07-25,中京,10,アスクチャンスマン,ガウラディスコ,サイモンゼスト,0.1833664261755944,0.16766610964244297,0.1514561171577745,0.1348384304502038,0.01570031653315143,0.01620999248466848,0.01661768670757069,1.0936403699390007,1.107027651235653,1.1232414724206363,0.1833664261755944,0.3510325358180374,0.5024886529758119,2.150190416301148,0.8653002785777049,0.06359019651660704,0.17352852992130993,リヒトミューレ,サイモンゼスト,アスクチャンスマン,0,0,0,0,0,25.0,5.498061909141788,0.04,0.14188227352210617,4.547056838052654,UNSET
2026-0725-07-02-01-11,2026-07-25,中京,11,ケールハイム,ルージュスプリヤ,ニシノトリビュート,0.34593061792272595,0.23565259522340773,0.10977795712527784,0.09253310061314839,0.11027802269931822,0.12587463809812988,0.017244856512129453,1.467968632362272,2.1466294454221138,1.1863641918174204,0.34593061792272595,0.5815832131461337,0.6913611702714115,1.7829415043547872,0.85741362217592,0.08282270747441696,0.2545892181246783,ルージュスプリヤ,ケールハイム,ベランジェール,0,1,0,0,0,28.0,3.5881702683130716,0.03571428571428571,0.2429792893456671,7.803420101678678,TWO_HORSE_ORDERED
2026-0725-07-02-01-12,2026-07-25,中京,12,ビッグヒーロー,ララディアーブル,ミッキーラヴィータ,0.17631584429952943,0.14580345471461656,0.14474478196465224,0.11344915350857164,0.03051238958491287,0.0010586727499643234,0.031295628456080596,1.209270690085055,1.0073140650432764,1.2758559891212944,0.17631584429952943,0.322119299014146,0.4668640809787982,2.3384220858248517,0.8434074866811849,0.08209997312994873,0.24468237387069483,ムーンライトダイヤ,ビッグヒーロー,ララディアーブル,0,0,0,0,0,34.0,3.9510156540409986,0.029411764705882353,0.22368771339343252,8.605382255376705,FLAT_VALUE
2026-0726-01-01-02-01,2026-07-26,札幌,1,クラウスーラ,リアルクウカイ,ワイドウィンザー,0.26613238217394436,0.22105833166708533,0.19850531316155123,0.0717473942695062,0.04507405050685903,0.022553018505534095,0.12675791889204502,1.2039011611412174,1.1136141806299138,2.766725052284152,0.26613238217394436,0.4871907138410297,0.6856960270025809,2.0270261923838837,0.8157353486726833,0.092337171020267,0.2705296940463086,クラウスーラ,イリスロッソ,シンゼンノト,1,0,0,0,0,18.0,3.5107176384231287,0.05555555555555555,0.22928649185249497,5.12715685334491,THREE_HORSE
2026-0726-01-01-02-02,2026-07-26,札幌,2,プルーフリーディン,ルパピヨンブラン,ビレッジルイーザ,0.29060641133337867,0.20683408419384036,0.18374028518090313,0.08531332870177138,0.0837723271395383,0.023093799012937233,0.09842695647913174,1.4050218679675093,1.1256871838976412,2.1537113599587876,0.29060641133337867,0.49744049552721903,0.6811807807081222,1.9365120572253673,0.8410165005920912,0.07272932466904247,0.22842046697437998,スリーケイ,ルージュボニート,プルーフリーディン,0,0,0,0,0,20.0,4.214749597559125,0.05,0.18726201921441,4.7452403842882,THREE_HORSE
2026-0726-01-01-02-03,2026-07-26,札幌,3,ハルヒメ,アンジュラフィーユ,ロジスカヤ,0.21001933040322288,0.10624340634422988,0.10408847827870996,0.09571289950453513,0.103775924058993,0.0021549280655199232,0.00837557877417483,1.976775196032004,1.0207028491640529,1.087507314244283,0.21001933040322288,0.31626273674745276,0.4203512150261627,2.4979774919419357,0.9009549349692203,0.04640636071377492,0.18517535277764965,ハルヒメ,モノノケ,メイショウテンジン,1,0,0,0,0,34.0,5.0912738323671665,0.029411764705882353,0.16700273447949227,6.678092972302737,UNSET
2026-0726-01-01-02-04,2026-07-26,札幌,4,アンミックス,シンエンドーツダ,メイショウタイザン,0.20295553283557133,0.159695509617248,0.15189818321203913,0.138288193466868,0.04326002321832334,0.00779732640520886,0.013609989745171136,1.2708906676337193,1.0513325850271977,1.098417582904009,0.20295553283557133,0.3626510424528193,0.5145492256648585,2.1052564391621593,0.8779601273850887,0.04554961390952274,0.1348499157952892,タイセイルビー,クルビデンス,シンエンドーツダ,0,0,0,0,0,49.0,7.08162112935951,0.02040816326530612,0.12080244116171213,6.919319616923894,UNSET
2026-0726-01-01-02-05,2026-07-26,札幌,5,ジャストワナフライ,サトノフルーク,コスモトップ,0.09999999999999998,0.09999999999999998,0.09999999999999998,0.09999999999999998,0.0,0.0,0.0,1.0,1.0,1.0,0.09999999999999998,0.19999999999999996,0.29999999999999993,2.3025850929940455,0.9999999999999998,0.0,0.0,ノヴァヴェローチェ,サトノフルーク,レゾンフォルテ,0,0,0,0,0,785.0,10.145143149425289,0.0012738853503184713,0.09729544829744272,77.37692691349253,CHAOTIC_SKIP
2026-0726-01-01-02-06,2026-07-26,札幌,6,ヘイジュード,ロッサコメータ,ミッキーテネシー,0.20096701095781255,0.15492599344709249,0.15126943541512777,0.11759571454699501,0.04604101751072007,0.003656558031964713,0.033673720868132764,1.2971807150389076,1.024172484163308,1.2863515987623484,0.20096701095781255,0.355893004404905,0.5071624398200327,2.2171235337895956,0.8922361465686244,0.044506502150659884,0.14191802371926882,ミッキーテネシー,ゴコウコイコイ,ヘイジュード,0,0,0,0,0,24.0,6.685115884157905,0.041666666666666664,0.10791937153048056,3.5900649167315333,UNSET
2026-0726-01-01-02-07,2026-07-26,札幌,7,ビタミンドロップ,ナムラモモ,レネネト,0.29983815656004187,0.1824222957541973,0.17833143010492455,0.17102414527386153,0.11741586080584457,0.004090865649272746,0.007307284831063021,1.6436486303409708,1.022939678366656,1.0427266268126167,0.29983815656004187,0.4822604523142392,0.6605918824191638,1.7648520134440298,0.9069545242368039,0.05295144782676858,0.15659441589563777,ナムラモモ,ランドスター,ロードヴァルカン,0,0,0,0,0,30.0,5.373585708767029,0.03333333333333333,0.15276214447183045,5.582864334154913,UNSET
2026-0726-01-01-02-08,2026-07-26,札幌,8,デイトナチャンプ,ナハトナナレオン,コスモレッド,0.216697097165814,0.19172905002617593,0.12603330011755554,0.09188427425907025,0.024968047139638072,0.0656957499086204,0.03414902585848528,1.130225686385184,1.5212570792587652,1.3716525611575399,0.216697097165814,0.40842614719198994,0.5344594473095454,2.2374620954791204,0.9004209859030355,0.04144762979385963,0.1362651492353496,デイトナチャンプ,ナハトナナレオン,ダノンフィオーレ,1,1,1,0,1,16.0,6.835822293965971,0.0625,0.08378817967996435,2.3406108748794296,UNSET
2026-0726-01-01-02-09,2026-07-26,札幌,9,カルミアクラウン,ルージュビバーチェ,マーゴットサンズ,0.20831191002465924,0.1944205077128182,0.17230123283164575,0.1232869223280563,0.013891402311841022,0.022119274881172463,0.04901431050358945,1.0714502933628804,1.1283756042696749,1.3975629335053594,0.20831191002465924,0.4027324177374775,0.5750336505691233,1.9491795360064972,0.9373572167996082,0.0439520886580755,0.13691794921088793,マーゴットサンズ,ルージュビバーチェ,カルミアクラウン,0,0,0,1,0,55.0,6.526022540636251,0.01818181818181818,0.13505087351870812,8.427798043528947,CHAOTIC_SKIP
2026-0726-01-01-02-10,2026-07-26,札幌,10,ヒズマスターピース,ショウナンカリス,マーゴットブロー,0.23474022130125613,0.19666327100829586,0.17457098111878772,0.14207094379645285,0.038076950292960265,0.02209228988950815,0.03250003732233486,1.1936149546264492,1.126551903116563,1.2287592132061722,0.23474022130125613,0.431403492309552,0.6059744734283397,1.9670353877269653,0.895236385036107,0.07680222945101915,0.22085518994343248,ワタシマツワ,レイユール,アルデトップガン,0,0,0,0,0,37.0,4.094126826316842,0.02702702702702703,0.2172252989077853,9.037336059588057,UNSET
2026-0726-01-01-02-11,2026-07-26,札幌,11,レクスノヴァス,ミラージュナイト,コーチェラバレー,0.22562628152599457,0.1883919891746047,0.11813102990954444,0.09509246126211124,0.037234292351389864,0.07026095926506026,0.0230385686474332,1.1976426519754007,1.5947714103471429,1.242275447934091,0.22562628152599457,0.41401827070059927,0.5321493006101436,2.2342795282086025,0.8991402266154425,0.09076875132157214,0.2965694574206049,ミラージュナイト,ホールネス,ギャンブルルーム,0,0,0,0,0,35.0,3.049679553585733,0.02857142857142857,0.29933187485080354,11.476615619778125,UNSET
2026-0726-01-01-02-12,2026-07-26,札幌,12,クリスレジーナ,デルシエロ,カイシンパジェント,0.21184448310917778,0.20234039748947202,0.1432478052364609,0.13305751277105854,0.009504085619705754,0.05909259225301111,0.010190292465402373,1.0469707766596645,1.4125200533122741,1.0765856226618034,0.21184448310917778,0.4141848805986498,0.5574326858351106,2.011536791462999,0.915489846696355,0.036485119819928,0.10236705099435248,デルマジュテーム,カージオイド,クリスレジーナ,0,0,0,0,0,22.0,8.46158607832998,0.045454545454545456,0.07272660767004285,2.599985368740943,UNSET
2026-0726-04-02-02-01,2026-07-26,新潟,1,リリカルフレア,ブラックミューズ,ドルチェテソーロ,0.23592498277003904,0.1841669237009348,0.13502836073376742,0.13247548114646865,0.051758059069104245,0.04913856296716737,0.002552879587298773,1.281038842529363,1.3639129046678782,1.0192705817348664,0.23592498277003904,0.42009190647097383,0.5551202672047413,2.1106948008437847,0.8802281003626068,0.09766558042285678,0.31373004437254104,リリカルフレア,ワレモコウ,ブラックミューズ,1,0,0,0,0,20.0,3.0082419119200186,0.05,0.282420074342275,6.6484014868455,UNSET
2026-0726-04-02-02-02,2026-07-26,新潟,2,ミクニルミナス,アウアリイ,ダノンダックス,0.1111111111111111,0.1111111111111111,0.1111111111111111,0.1111111111111111,0.0,0.0,0.0,1.0,1.0,1.0,0.1111111111111111,0.2222222222222222,0.3333333333333333,2.1972245773362196,1.0,0.0,0.0,トウシンマジック,ダノンダックス,アウアリイ,0,0,0,0,0,245.0,9.11486171743197,0.004081632653061225,0.10562930219167946,26.879179036961467,CHAOTIC_SKIP
2026-0726-04-02-02-03,2026-07-26,新潟,3,ミスタートントン,ミエスタ,スピニンググローブ,0.20982387459490767,0.17462396155722407,0.13124915955286012,0.10438638911982355,0.035199913037683606,0.043374802004363944,0.026862770433036573,1.2015755038643343,1.3304767981153807,1.2573397802102457,0.20982387459490767,0.38444783615213174,0.5156969957049918,2.2813160242132713,0.8424201380331677,0.09919848005508765,0.3234102975903508,スピニンググローブ,ハンナパール,ローズオブジャパン,0,0,0,0,0,32.0,2.992543965465326,0.03125,0.3029138457246542,10.693243063188934,FLAT_VALUE
2026-0726-04-02-02-04,2026-07-26,新潟,4,ココナッツコースト,ルモンテ,アースヴィンチ,0.2418519485787712,0.17357073769714132,0.08855823389324365,0.08184020315071393,0.06828121088162989,0.08501250380389767,0.006718030742529718,1.3933912581553456,1.9599615988997665,1.0820871709000774,0.2418519485787712,0.4154226862759125,0.5039809201691562,2.443493104181018,0.8453905963845914,0.0535979418770808,0.21051924558726778,アドマイヤウルトラ,バトルモクオ,ルシアージュ,0,0,0,0,0,21.0,4.639638005233032,0.047619047619047616,0.16791500888969366,4.526215186683567,UNSET
2026-0726-04-02-02-05,2026-07-26,新潟,5,ムーンブランシュ,エテオクロス,ショウナンタハティ,0.14796835134577851,0.14696109091927761,0.13832451679975602,0.1088353758315883,0.0010072604265009,0.008636574119521595,0.029489140968167724,1.006853925894264,1.0624370452855023,1.2709517998430875,0.14796835134577851,0.29492944226505613,0.4332539590648121,2.403807048255794,0.8876523216879121,0.048642641458306504,0.13531562384841528,ショコラキュイ,アンバサダネージュ,ショウナンタハティ,0,0,0,0,0,58.0,7.04336304795584,0.017241379310344827,0.12473625171496844,8.23470259946817,UNSET
2026-0726-04-02-02-06,2026-07-26,新潟,6,モリノセピア,ラヴオントップ,サマースイートピー,0.1728210952651425,0.14591432760767425,0.11750398241009032,0.10681963084410498,0.026906767657468245,0.02841034519758394,0.010684351565985337,1.1844011352319943,1.2417819772136018,1.1000223599497205,0.1728210952651425,0.31873542287281675,0.43623940528290706,2.278419004779954,0.9501745262298356,0.02791811805606714,0.09456273463325843,ソウルオンファイア,リッキースタイル,オカメノコイ,0,0,0,0,0,66.0,8.926277517267316,0.015151515151515152,0.09687726706655544,7.39389962639266,CHAOTIC_SKIP
2026-0726-04-02-02-07,2026-07-26,新潟,7,アンパドゥ,サンダーストラック,ダノンセンチュリー,0.15377890320342658,0.11799567278045692,0.11554769708218265,0.09819391611480263,0.03578323042296966,0.002447975698274263,0.017353780967380023,1.303258836360449,1.0211858458462668,1.1767296962379115,0.15377890320342658,0.2717745759838835,0.38732227306606615,2.5014915242928035,0.947873127355475,0.03366446618372013,0.11889680628505342,アンパドゥ,クランフォード,ファーヴェント,1,0,0,0,0,48.0,7.272435291578467,0.020833333333333332,0.11667218715689466,6.600264983530943,CHAOTIC_SKIP
2026-0726-04-02-02-08,2026-07-26,新潟,8,ステアハート,ヴァンアグレアブル,コンアフェット,0.148570499547298,0.14053138053221484,0.12898816160359491,0.08794499283643666,0.008039119015083168,0.011543218928619925,0.04104316876715826,1.0572051522203634,1.0894905298681163,1.4666913651751823,0.148570499547298,0.2891018800795129,0.4180900416831078,2.5211664951605877,0.9309895710701528,0.04430783007285876,0.14163672387484277,モモンウールー,パースウェイド,ヴァズレーヌ,0,0,0,0,0,41.0,6.349860851186886,0.024390243902439025,0.13309352203127978,6.45683440328247,UNSET
2026-0726-04-02-02-09,2026-07-26,新潟,9,キャネル,ノーブルクライ,オーサムストローク,0.2210212998700144,0.21981479323404546,0.11015750167973432,0.1041018172278358,0.0012065066359689403,0.10965729155431114,0.00605568445189851,1.005488741764001,1.995459136982995,1.0581707852288988,0.2210212998700144,0.44083609310405986,0.5509935947837942,2.220144933816226,0.8412643821344705,0.09690673556847629,0.3034051905017624,キャネル,ノブダブルホワイト,セイウンビッグバン,1,0,0,0,0,37.0,3.213634928478155,0.02702702702702703,0.2841470864786283,11.513442199709248,FLAT_VALUE
2026-0726-04-02-02-10,2026-07-26,新潟,10,パーシヴァル,トップデュオ,ゴットタレント,0.20482345782561995,0.1426485183848825,0.12947442351834298,0.09939089104578197,0.06217493944073746,0.013174094866539504,0.030083532472561014,1.4358610951218025,1.1017505582071434,1.3026789694309489,0.20482345782561995,0.3474719762105024,0.4769463997288454,2.341141337234697,0.8871127242908384,0.03186425411634016,0.10957361382136087,トップデュオ,ロジキセキ,マーゴットライズ,0,0,0,0,0,59.0,8.529967069952713,0.01694915254237288,0.10028459429383192,6.916791063336083,UNSET
2026-0726-04-02-02-11,2026-07-26,新潟,11,ルブリアン,シャンクス,コウジハラ,0.18099362507760872,0.1407296604669255,0.10705088708971706,0.08802577513084155,0.04026396461068321,0.03367877337720844,0.019025111958875518,1.2861085891708388,1.3146052713134733,1.2161311494343172,0.18099362507760872,0.3217232855445342,0.42877417263425127,2.459024574962417,0.9080424631572795,0.03203429329930263,0.11556943653186433,パレスドフィーヌ,ミエノブラボー,シャンクス,0,0,0,0,0,44.0,8.178722442522211,0.022727272727272728,0.09954121199362617,5.3798133277195515,UNSET
2026-0726-04-02-02-12,2026-07-26,新潟,12,ファランギーナ,ミナヅキ,ハナコトバ,0.24618982241504248,0.15484464597774786,0.10721902056752414,0.07812731265531381,0.09134517643729462,0.04762562541022372,0.02909170791221033,1.5899149813059825,1.4441900808096841,1.3723628385960063,0.24618982241504248,0.40103446839279033,0.5082534889603145,2.3837043981203876,0.880229028675388,0.05554814442789285,0.21520465598886732,ミサダメキメル,ミナヅキ,シルバープレミア,0,0,0,0,0,32.0,4.402890112139765,0.03125,0.19587354261187975,7.267953363580152,UNSET
2026-0726-07-02-02-01,2026-07-26,中京,1,メアグローリア,ルースソラール,ヴェルヴィエ,0.24686519367190718,0.20135902993159782,0.11410146421798131,0.11321663159330085,0.04550616374030936,0.08725756571361651,0.0008848326246804622,1.2259951478499271,1.7647365992334525,1.0078153943659,0.24686519367190718,0.448224223603505,0.5623256878214863,1.9849575107592736,0.9033930947403267,0.08373298925142869,0.2739959419413925,サンタンジェロ,ルースソラール,メアグローリア,0,0,0,0,0,15.0,3.398804497778797,0.06666666666666667,0.2275544339154718,4.413316508732077,TWO_HORSE_UNORDERED
2026-0726-07-02-02-02,2026-07-26,中京,2,レッドタイラント,ダノンチャンピオン,ルナパッショーネ,0.16666666666666666,0.16666666666666666,0.16666666666666666,0.16666666666666666,0.0,0.0,0.0,1.0,1.0,1.0,0.16666666666666666,0.3333333333333333,0.5,1.7917594692280547,0.9999999999999999,0.0,0.0,ルナパッショーネ,テーオーカメリア,レッドタイラント,0,0,0,0,0,88.0,7.7832228310701135,0.011363636363636364,0.11711784511317112,11.306370369959058,CHAOTIC_SKIP
2026-0726-07-02-02-03,2026-07-26,中京,3,ダノンミッドナイト,ナムラヴンダー,オープンザパンドラ,0.30036759621384834,0.1748374005953652,0.1674367512170866,0.1378122629553044,0.12553019561848314,0.007400649378278612,0.029624488261782184,1.7179825094117238,1.044199671365359,1.2149626428483369,0.30036759621384834,0.4752049968092136,0.6426417480263001,1.9275087221445553,0.8371064018477685,0.0780941081241103,0.25163472584862734,ダノンミッドナイト,ナムラヴンダー,ダノンオブアイデア,1,1,1,0,1,19.0,3.7781206237675335,0.05263157894736842,0.21205028263988873,5.0289553701578855,ONE_HORSE
2026-0726-07-02-02-04,2026-07-26,中京,4,アイランド,タイセイゼスティ,マーチンゲール,0.27121298909746006,0.11294733025535404,0.10973627089552687,0.09489276352927091,0.15826565884210603,0.0032110593598271703,0.014843507366255962,2.401234172461582,1.0292616045143745,1.1564240181673842,0.27121298909746006,0.3841603193528141,0.493896590248341,2.301135194436054,0.8497387505960795,0.07191333362837786,0.2909553325927941,エアアルチーナ,マーチンゲール,アイランド,0,0,0,0,0,30.0,3.373086140061141,0.03333333333333333,0.2631310789220483,8.89393236766145,ONE_HORSE
2026-0726-07-02-02-05,2026-07-26,中京,5,セッシュウ,ジョーカー,ペプチドレオン,0.2673828347199013,0.18808177024029343,0.1874797459364448,0.06153798565833297,0.07930106447960789,0.0006020243038486195,0.12594176027811185,1.4216307852605428,1.0032111431602468,3.0465694307473297,0.2673828347199013,0.45546460496019475,0.6429443508966396,2.194548327938972,0.7915159974271805,0.09754017746647227,0.3348655667242048,ペプチドレオン,ペプチドアロン,セッシュウ,0,0,0,0,0,26.0,2.9245415796303265,0.038461538461538464,0.30347239298436146,8.890282217593398,THREE_HORSE
2026-0726-07-02-02-06,2026-07-26,中京,6,サヴォアフェール,マディソンガール,ホウオウタイタン,0.2775108153165185,0.1625401799996019,0.15385404920296247,0.13113258046224677,0.11497063531691659,0.008686130796639435,0.022721468740715706,1.707336704790152,1.056456952817542,1.1732709648557342,0.2775108153165185,0.4400509953161204,0.5939050445190829,2.0049240458772672,0.8707274497596392,0.11525016855310924,0.3909065354007665,サヴォアフェール,レッドラージャ,コリカンチャ,1,0,0,0,0,22.0,2.4530125682320456,0.045454545454545456,0.3622074506357264,8.968563913985982,UNSET
2026-0726-07-02-02-07,2026-07-26,中京,7,ダノンフィーゴ,ドラゴンテイラー,ドンインザムード,0.15772550517255926,0.15767799405208996,0.1397432855296961,0.13050771415887075,4.751112046930128e-05,0.017934708522393872,0.00923557137082534,1.00030131738265,1.1283403954215938,1.0707664786740698,0.15772550517255926,0.3154034992246492,0.45514678475434533,2.3545958339557105,0.8922109449964019,0.06533321626785124,0.18046212273185142,マテンロウコマンド,メイショウハチロー,ドンインザムード,0,0,0,0,0,51.0,5.1842546849720135,0.0196078431372549,0.17328391484268668,9.837479656977022,UNSET
2026-0726-07-02-02-08,2026-07-26,中京,8,ハギノコラソン,ダンツシタン,ジェシーテソーロ,0.196222840953308,0.17946179591592465,0.12272141656445226,0.11615471876810701,0.01676104503738335,0.056740379351472386,0.00656669779634525,1.093396173552368,1.4623510788899086,1.0565340596231403,0.196222840953308,0.37568463686923265,0.49840605343368494,2.256583909360313,0.9081161698983071,0.0357652173731942,0.11386566040590546,ダンツシタン,マハートマーベル,ノボリクレバー,0,0,0,0,0,51.0,8.103492052262968,0.0196078431372549,0.1037957455317488,6.293583022119189,UNSET
2026-0726-07-02-02-09,2026-07-26,中京,9,スウィッチインラヴ,ルージュバロン,メイクワンズデイ,0.18235896096259108,0.15043928164272122,0.1346181521305678,0.11666711953824815,0.03191967931986986,0.01582112951215342,0.017951032592319643,1.2121764938739605,1.1175259744823143,1.153865396380465,0.18235896096259108,0.3327982426053123,0.46741639473588015,2.3112676259681,0.8757928825688125,0.07368619356829395,0.22187123218465252,ナルキッソス,ルージュバロン,メイクワンズデイ,0,0,0,0,0,54.0,4.258090556613309,0.018518518518518517,0.21632853010680575,12.68174062576751,UNSET
2026-0726-07-02-02-10,2026-07-26,中京,10,ポッドリプル,ラブインアクション,アーガイルショア,0.18042935260022364,0.16247962500062257,0.11328823504439263,0.10487565263568127,0.017949727599601062,0.049191389956229944,0.008412582408711358,1.1104737138550898,1.4342144613423806,1.0802148277249355,0.18042935260022364,0.3429089776008462,0.4561972126452388,2.481631948012109,0.8950595261771719,0.056569037639913174,0.1819042847176625,ポッドリプル,ザングウィル,ラブインアクション,1,0,0,0,0,27.0,4.96878755798712,0.037037037037037035,0.164219303333672,5.433921190009143,UNSET
2026-0726-07-02-02-11,2026-07-26,中京,11,ペイシャシス,バースデイフライト,エイズルブルーム,0.2007171237433917,0.11096553629824644,0.10962411194719955,0.09274216371835756,0.08975158744514526,0.0013414243510468937,0.016881948228841995,1.8088239866107292,1.0122365812339988,1.1820309938002918,0.2007171237433917,0.31168266004163814,0.4213067719888377,2.4955399873736224,0.9000757910310079,0.07564452911933109,0.30227917736555443,ロケベンドラ,シャンパンライフ,バースデイフライト,0,0,0,0,0,73.0,3.188330957849377,0.0136986301369863,0.2999450954424088,22.895991967295846,UNSET
2026-0726-07-02-02-12,2026-07-26,中京,12,チュウワメロディー,コースタルロード,ベルセクレト,0.32438599025972453,0.2787365411746759,0.06160568416883686,0.059967122395019334,0.04564944908504864,0.21713085700583903,0.0016385617738175276,1.1637727471707469,4.524526347451463,1.0273243355421307,0.32438599025972453,0.6031225314344004,0.6647282156032372,2.025990598091093,0.7481362780004925,0.09302028739248558,0.3142362361017868,ベルセクレト,ダノンステート,チュウワメロディー,0,0,0,0,0,18.0,3.1223987761476844,0.05555555555555555,0.26471103167189913,5.764798570094184,TWO_HORSE_UNORDERED
2026-0801-01-01-03-01,2026-08-01,札幌,1,ジャーナーリア,ドリームガッサン,ナブッコ,0.17351087681849228,0.15728355827665963,0.14231946831834125,0.1372524570251093,0.016227318541832653,0.014964089958318383,0.005067011293231949,1.1031723768182369,1.105144363839574,1.036917454179381,0.17351087681849228,0.33079443509515194,0.4731139034134932,2.25557753827078,0.9077111763788851,0.06915663921183851,0.21154279330086523,ドリームガッサン,フェアリーキャット,ナブッコ,0,0,0,0,0,39.0,4.506447465264104,0.02564102564102564,0.19626325876660236,8.654267091897491,UNSET
2026-0801-01-01-03-02,2026-08-01,札幌,2,ニーナラルゴ,マイネルリコルディ,ブラッグス,0.20976810255826076,0.17462521231827674,0.15291868371720443,0.14386205723845152,0.035142890239984015,0.021706528601072306,0.00905662647875291,1.2012475161715572,1.1419481784267422,1.0629535448929495,0.20976810255826076,0.3843933148765375,0.5373119985937419,2.0599445124787,0.9375211499664047,0.033981105814350564,0.10163403390631956,ジオ,ニーナラルゴ,マイネルリコルディ,0,0,0,0,0,36.0,8.066730586339796,0.027777777777777776,0.09618818207383799,4.462774554658168,CHAOTIC_SKIP
2026-0801-01-01-03-03,2026-08-01,札幌,3,リテラシー,ハイテイラオユエ,バンダムソレール,0.2261773968455952,0.1912306961143967,0.19016392520261438,0.12131429601217446,0.034946700731198516,0.001066770911782311,0.06884962919043992,1.1827462925214316,1.005609743859913,1.5675310450099842,0.2261773968455952,0.4174080929599919,0.6075720181626063,2.0800995448758393,0.8674688876000576,0.05436890113375263,0.15888044552745675,リテラシー,バンダムソレール,アルジェンタム,1,0,0,0,0,64.0,5.999553424490476,0.015625,0.15105407246528552,10.667460637778273,THREE_HORSE
2026-0801-01-01-03-04,2026-08-01,札幌,4,アイドクレース,ブルースカイブルー,マイネルマスター,0.3145870900115364,0.18689602563649377,0.10278999870157465,0.10152517296382009,0.12769106437504263,0.08410602693491911,0.001264825737754563,1.6832197952855203,1.8182316178357019,1.0124582475540849,0.3145870900115364,0.5014831156480302,0.6042731143496048,2.063782503793636,0.8606641529365787,0.071114264909288,0.2503281916435335,ミリオンクラウン,アイドクレース,アドミラルシップ,0,0,0,0,0,20.0,3.743404789171287,0.05,0.21713648571822752,5.34272971436455,UNSET
2026-0801-01-01-03-05,2026-08-01,札幌,5,イントゥーザブルー,ハイランドウインド,ギャルズマインド,0.08333333333333333,0.08333333333333333,0.08333333333333333,0.08333333333333333,0.0,0.0,0.0,1.0,1.0,1.0,0.08333333333333333,0.16666666666666666,0.25,2.4849066497880012,1.0000000000000004,0.0,0.0,ブルージェイ,ティアラード,ギャルズマインド,0,0,0,0,0,56.0,12.48372016522105,0.017857142857142856,0.06224718395930922,4.485842301721316,CHAOTIC_SKIP
2026-0801-01-01-03-06,2026-08-01,札幌,6,ウーマンズパワー,グッバイウェーブ,メモリーデイズ,0.27282950137620954,0.1709184901869475,0.14124735146816494,0.12128168052161428,0.10191101118926205,0.029671138718782547,0.019965670946550662,1.5962550399186985,1.210065097931907,1.1646223144392567,0.27282950137620954,0.44374799156315703,0.584995343031322,1.9802183302078,0.9012362007203175,0.03942533152259964,0.13616439645133652,ウーマンズパワー,テーオーナタリー,セガンティーニ,1,0,0,0,0,16.0,6.876703524916939,0.0625,0.08291851286399302,2.3266962058238883,UNSET
2026-0801-01-01-03-07,2026-08-01,札幌,7,コスモクラシック,モンロワイヤル,マンサニージャ,0.16287417002003507,0.1440057092880123,0.14106369756684706,0.12460405448099184,0.01886846073202278,0.002942011721165233,0.01645964308585522,1.1310257824173189,1.0208559095778067,1.1320955658659255,0.16287417002003507,0.3068798793080474,0.44794357687489444,2.2901440619934057,0.921621768845437,0.05288892783662664,0.15022489564222372,ライフイズカラフル,コスモクラシック,サウンドファミリエ,0,0,0,0,0,110.0,5.885791931964885,0.00909090909090909,0.16080976214572512,18.689073836029763,UNSET
2026-0801-01-01-03-08,2026-08-01,札幌,8,エスシービクトリア,エタンセル,メイショウコシュウ,0.3190321417765555,0.17722643338769134,0.15289596302346412,0.0633710085523028,0.14180570838886414,0.024330470364227225,0.08952495447116132,1.8001385892512847,1.1591308879783395,2.412711530340764,0.3190321417765555,0.4962585751642468,0.649154538187711,2.042579699176606,0.8518218966222376,0.10219831552491383,0.34527310135652983,エスシービクトリア,タイキインドラ,サマーナイト,1,0,0,0,0,14.0,2.6502170232356996,0.07142857142857142,0.30589901768301053,5.282586247562148,ONE_HORSE
2026-0801-01-01-03-09,2026-08-01,札幌,9,ジョイエッロ,テルヒコウ,サタデーサンライズ,0.3373983655734679,0.23027761295902222,0.14764182537172696,0.11159858855920526,0.1071207526144457,0.08263578758729526,0.036043236812521695,1.4651809233123665,1.559704456235474,1.3229721565286647,0.3373983655734679,0.5676759785324901,0.7153178039042171,1.7134131248204238,0.8805201646397905,0.11174110842799145,0.3428264355108888,サタデーサンライズ,ウインベラーノ,ウィルサヴァイブ,0,0,0,0,0,23.0,2.644845471963162,0.043478260869565216,0.3346156620459919,8.696160227057813,UNSET
2026-0801-01-01-03-10,2026-08-01,札幌,10,イヌボウノウタゴエ,ハヤブササキチャン,ルールザウェイヴ,0.2490733683883199,0.15737082397155502,0.14171468608902127,0.12045166271956669,0.09170254441676487,0.015656137882533755,0.021263023369454584,1.582716300915729,1.110476467292169,1.1765274375577426,0.2490733683883199,0.40644419235987495,0.5481588784488962,2.195176216770938,0.8558360851784795,0.10407319283364153,0.36244563113450373,イヌボウノウタゴエ,ルールザウェイヴ,ハヤブササキチャン,1,0,0,1,0,30.0,2.653462103628013,0.03333333333333333,0.34353279889170385,11.305983966751116,UNSET
2026-0801-01-01-03-11,2026-08-01,札幌,11,アルマデオロ,ハニーコム,エルフストラック,0.11768240122501122,0.11186039738217003,0.09728930078820794,0.09173457548363025,0.005822003842841192,0.014571096593962093,0.005554725304577693,1.0520470513165654,1.1497708018858348,1.0605521448733244,0.11768240122501122,0.22954279860718124,0.32683209939538915,2.650688954243935,0.9560339523067194,0.032046659625384055,0.10338069737601985,ヨヒーン,アルマデオロ,ショウナンサムデイ,0,0,0,0,0,41.0,8.04720799235249,0.024390243902439025,0.09987645840603004,5.094934794647232,CHAOTIC_SKIP
2026-0801-01-01-03-12,2026-08-01,札幌,12,エアニゲラ,ユージュアーナ,キャットテイル,0.2823161788275585,0.21953068868146033,0.13852020883574698,0.13244662111823563,0.06278549014609816,0.08101047984571336,0.006073587717511347,1.2859986935002061,1.5848278783767435,1.0458568717437453,0.2823161788275585,0.5018468675090189,0.6403670763447659,1.8767224744753044,0.902512735683462,0.05621846290889712,0.16368930239553772,キャットテイル,エアニゲラ,カスバートテソーロ,0,0,0,0,0,28.0,5.142024894995028,0.03571428571428571,0.15876162998447851,5.445325639565398,UNSET
2026-0801-04-02-03-01,2026-08-01,新潟,1,セイリュウ,エストレアボニータ,スペシャルサンクス,0.30170799091784,0.26572799632933086,0.13871582592510776,0.07642676037857422,0.035979994588509145,0.1270121704042231,0.06228906554653353,1.1354015951857674,1.9156285489212788,1.8150164319145456,0.30170799091784,0.5674359872471708,0.7061518131722786,1.9220160114516143,0.8015429336113583,0.08738393658927023,0.25534965729844866,エストレアボニータ,フォーエバーブルー,ドリームユー,0,0,0,0,0,59.0,3.682069436893531,0.01694915254237288,0.2546372520974252,16.023597873748088,FLAT_VALUE
2026-0801-04-02-03-02,2026-08-01,新潟,2,アニエーネ,シェーンリヒト,ホウオウモノポリー,0.12499999999999999,0.12499999999999999,0.12499999999999999,0.12499999999999999,0.0,0.0,0.0,1.0,1.0,1.0,0.12499999999999999,0.24999999999999997,0.37499999999999994,2.0794415416798357,1.0,0.0,0.0,ホウオウモノポリー,コスモイェーガー,シェーンリヒト,0,0,0,0,0,213.0,8.443455625703532,0.004694835680751174,0.11374008531958005,25.22663817307055,CHAOTIC_SKIP
2026-0801-04-02-03-03,2026-08-01,新潟,3,ラスティレッド,ニシノアトール,ボーデコール,0.055555555555555546,0.055555555555555546,0.055555555555555546,0.055555555555555546,0.0,0.0,0.0,1.0,1.0,1.0,0.055555555555555546,0.11111111111111109,0.16666666666666663,2.890371757896165,1.0000000000000002,0.0,0.0,ボーデコール,ノーセット,ラフエルガ,0,0,0,0,0,279.0,19.429544465370082,0.0035842293906810036,0.0478837811837477,14.359574950265607,CHAOTIC_SKIP
2026-0801-04-02-03-04,2026-08-01,新潟,4,ユニバーサルラヴ,メジロピオラ,タマモチョコチップ,0.21037644450839396,0.1562792683812144,0.15221228288613553,0.07645396474235339,0.05409717612717957,0.004066985495078862,0.07575831814378214,1.3461570858856307,1.0267191675859775,1.9909011049863072,0.21037644450839396,0.36665571288960835,0.5188679957757438,2.359983907297906,0.8942526108904053,0.05487973117038773,0.19094362428421557,タマモチョコチップ,プロミスライン,ブルージンジャー,0,0,0,0,0,42.0,4.94325563768816,0.023809523809523808,0.17848630575992885,8.496424841917012,THREE_HORSE
2026-0801-04-02-03-05,2026-08-01,新潟,5,サクラドール,レイズレガシー,イイクニパッション,0.19292232949899454,0.14357072782109545,0.11536279521441971,0.11074972976023563,0.04935160167789909,0.028207932606675742,0.004613065454184079,1.3437441770121588,1.2445149890330494,1.0416530628487402,0.19292232949899454,0.33649305732009,0.4518558525345097,2.3772835896084166,0.8778580207415774,0.09059263085101488,0.31970983671933384,シェリアドレ,ジーティーニッツァ,レイズレガシー,0,0,0,0,0,21.0,3.060015921773218,0.047619047619047616,0.27917663762056383,6.86270939003184,UNSET
2026-0801-04-02-03-06,2026-08-01,新潟,6,コンフォルツァ,リカントロポ,エリカアンディーヴ,0.2807284920924327,0.10869563232958727,0.10750635319886459,0.0870415223478202,0.17203285976284544,0.001189279130722684,0.02046483085104439,2.582702598768705,1.0110624078980965,1.235115727517568,0.2807284920924327,0.38942412442202,0.4969304776208846,2.2286266633630833,0.8968653464520361,0.06141181456779066,0.25071672924809185,タイセイプランセス,コンフォルツァ,リカントロポ,0,0,0,0,0,30.0,3.840452181575055,0.03333333333333333,0.22705267141829405,7.811580142548821,ONE_HORSE
2026-0801-04-02-03-07,2026-08-01,新潟,7,ブルータス,レイバックスピン,ペンナヴェローチェ,0.20602351025851912,0.1915466938762131,0.10998421380850705,0.08142818554125701,0.014476816382306024,0.08156248006770604,0.02855602826725004,1.0755785239063518,1.7415835167919103,1.3506897283469694,0.20602351025851912,0.3975702041347322,0.5075544179432393,2.395076127470132,0.884428260043077,0.04028948807015456,0.13611568973427446,レイバックスピン,アラレタバシル,クロニクル,0,0,0,0,0,67.0,6.939706076437019,0.014925373134328358,0.12917294875215415,9.654587566394328,UNSET
2026-0801-04-02-03-08,2026-08-01,新潟,8,リアライズルミナス,ウィロークリーク,ディアアズール,0.28889793914991047,0.12669380339096936,0.10635029472361544,0.09394776821149939,0.1622041357589411,0.02034350866735392,0.012402526512116055,2.2802846817881774,1.1912877507318893,1.1320151265775142,0.28889793914991047,0.4155917425408798,0.5219420372644953,2.206959125070946,0.8881456875892028,0.09729516005454086,0.37395247583832436,スイートオレンジ,ディアアズール,リアライズルミナス,0,0,0,0,0,14.0,2.484125291125712,0.07142857142857142,0.3311276134677378,5.635786588548329,ONE_HORSE
2026-0801-04-02-03-09,2026-08-01,新潟,9,エアサロメ,フィールマイプラン,クラシオン,0.22746902683428916,0.126238526308863,0.10380934878761537,0.0994611065348221,0.10123050052542615,0.022429177521247637,0.004348242252793275,1.8018986238618575,1.2160612486562816,1.0437180160595834,0.22746902683428916,0.35370755314315216,0.45751690193076755,2.3582954745157205,0.8936128245685101,0.05038427332171181,0.1938156385854049,フィールマイプラン,ガルディーノ,トモジャシーマ,0,0,0,0,0,22.0,4.889659848406538,0.045454545454545456,0.1590586581225672,4.499290478696478,UNSET
2026-0801-04-02-03-10,2026-08-01,新潟,10,ゴールドプレイヤー,ロードプレリュード,ゼンノスタニング,0.4353305446085907,0.11987746898096385,0.06028028085473645,0.04754591644797232,0.31545307562762687,0.059597188126227406,0.012734364406764127,3.631462595174743,1.9886680566377062,1.2678329782684672,0.4353305446085907,0.5552080135895545,0.615488294444291,2.064163747602636,0.7821594947706442,0.06892329722008733,0.27565145825128157,ブライトラン,タマモブレイキン,ゴールドプレイヤー,0,0,0,0,0,16.0,3.4531202600714086,0.0625,0.2270931576907549,4.633490523052078,FLAT_VALUE
2026-0801-04-02-03-11,2026-08-01,新潟,11,クリスタルドレス,ジワタネホ,ブライトエアリー,0.20761067951495446,0.19152772388631012,0.13188458996720007,0.09355924083328383,0.01608295562864434,0.05964313391911005,0.038325349133916234,1.0839719456917427,1.4522373230560401,1.409637239385144,0.20761067951495446,0.3991384034012646,0.5310229933684647,2.3968554939013904,0.8292550905790772,0.07366231354711247,0.24461113281759161,ジワタネホ,クリスタルドレス,ブライスフェアリー,0,1,0,0,0,29.0,3.9515884037851667,0.034482758620689655,0.21858003482260396,7.338821009855515,FLAT_VALUE
2026-0801-04-02-03-12,2026-08-01,新潟,12,ヤマニンアレシス,ホウオウショコラ,カシオペア,0.11829555561126252,0.10924355970779394,0.10839822536109872,0.08583588292445615,0.009051995903468585,0.0008453343466952173,0.02256234243664257,1.0828606823842155,1.0077984150006074,1.262854434158959,0.11829555561126252,0.22753911531905646,0.3359373406801552,2.676562319622102,0.944709061616291,0.02392878436117161,0.07760303129206506,カガラプンツェル,ホウオウショコラ,カシオペア,0,0,0,0,0,55.0,11.468308142064862,0.01818181818181818,0.06901500175120034,4.795825096316019,CHAOTIC_SKIP
2026-0801-07-02-03-01,2026-08-01,中京,1,オスカーレイア,アーデルボーデン,サイモンレガシー,0.1985910160067583,0.18026488796594914,0.16760540155348272,0.09479939430168685,0.01832612804080916,0.01265948641246642,0.07280600725179587,1.1016622163505898,1.0755314941829413,1.768000764014379,0.1985910160067583,0.3788559039727074,0.5464613055261901,2.13022087057942,0.9251431693277833,0.07967516049892182,0.22863463761962435,アーデルボーデン,サイモンレガシー,クラリスバローズ,0,0,0,0,0,23.0,3.6991587073773426,0.043478260869565216,0.22685347645375378,6.217629958436337,THREE_HORSE
2026-0801-07-02-03-02,2026-08-01,中京,2,ミール,ナムラサフラン,ジョリープリュム,0.0769230769230769,0.0769230769230769,0.0769230769230769,0.0769230769230769,0.0,0.0,0.0,1.0,1.0,1.0,0.0769230769230769,0.1538461538461538,0.2307692307692307,2.5649493574615363,0.9999999999999998,0.0,0.0,ラムラベイ,バティック,ベニバナ,0,0,0,0,0,1013.0,13.727422626254635,0.0009871668311944718,0.07185971981505998,73.79389617265576,CHAOTIC_SKIP
2026-0801-07-02-03-03,2026-08-01,中京,3,チェファルー,ソルアモール,シャリキモン,0.2887223391116898,0.13307193534352343,0.11841575780272298,0.08937271694055107,0.15565040376816638,0.014656177540800452,0.02904304086217191,2.1696711509181625,1.1237688109484314,1.3249654017063255,0.2887223391116898,0.4217942744552132,0.5402100322579362,2.3233847764577957,0.8379839237681437,0.06788543166745609,0.27988067623809554,チェファルー,ウェイヴムーン,パンキー,1,0,0,0,0,14.0,3.514539865073903,0.07142857142857142,0.2131036969168816,3.9834517568363426,ONE_HORSE
2026-0801-07-02-03-04,2026-08-01,中京,4,ウンナターシャ,クラテロス,ラミアスペランツァ,0.18061256626096017,0.12183346564117715,0.11904242475599128,0.10750946764742628,0.05877910061978302,0.0027910408851858776,0.011532957108565,1.4824544743141324,1.0234457664224066,1.1072738742078694,0.18061256626096017,0.3024460319021373,0.4214884566581286,2.4552551751882463,0.8855461163402616,0.05964331998923188,0.2071756471549518,ウンナターシャ,キミガスキダ,タガノアルテミス,1,0,0,0,0,33.0,4.631120561600979,0.030303030303030304,0.1856274311691927,7.125705228583359,UNSET
2026-0801-07-02-03-05,2026-08-01,中京,5,メイショウナナシロ,ゴールデンドラゴン,ベラジオヴァレル,0.16264520604492502,0.16209190446219507,0.1580874617969413,0.14297977483307417,0.0005533015827299537,0.004004442665253766,0.015107686963867134,1.0034135053478812,1.025330551959885,1.1056631050196088,0.16264520604492502,0.32473711050712006,0.4828245723040614,2.3907984450182296,0.8622982650982113,0.06087115187668261,0.16101716734804888,サトノグロリア,メイショウナナシロ,ゴールデンドラゴン,0,0,0,0,0,20.0,5.761565481127011,0.05,0.12356393905018874,3.471278781003775,UNSET
2026-0801-07-02-03-06,2026-08-01,中京,6,スナッピードレッサ,ニューオーリンズ,リサシテーション,0.18697777161033768,0.14398466408151356,0.1316833442113997,0.09948654261236904,0.042993107528824126,0.012301319870113847,0.03219680159903067,1.298595046931419,1.093415913331953,1.323629716679165,0.18697777161033768,0.33096243569185124,0.46264577990325095,2.42774685598799,0.8756245874169113,0.06487193510138255,0.21631556186480402,スナッピードレッサ,ピエマンソン,ニューオーリンズ,1,0,0,0,0,19.0,4.370056250931851,0.05263157894736842,0.17619842748258646,4.347770122169143,UNSET
2026-0801-07-02-03-07,2026-08-01,中京,7,アンドゥーリル,アイルシャイン,ノクナレア,0.19470070711393156,0.1683571520670416,0.14562311890704702,0.0839569508155239,0.026343555046889955,0.022734033159994588,0.061666168091523116,1.1564742259146774,1.156115549032472,1.7344974715318133,0.19470070711393156,0.36305785918097316,0.5086809780880202,2.243877101990186,0.9357694339050747,0.04408223183178686,0.13806913170075294,ハワイアンティアレ,テラメリタ,ケーブパール,0,0,0,0,0,18.0,6.05258294834923,0.05555555555555555,0.10966316321850736,2.973936937933132,CHAOTIC_SKIP
2026-0801-07-02-03-08,2026-08-01,中京,8,ビービークローサー,ボクマダネムイヨ,メイショウクーガー,0.3886438828642335,0.1531765658356825,0.06608913939701762,0.0641726164260373,0.235467317028551,0.08708742643866489,0.0019165229709803139,2.537228072348511,2.317726743504771,1.0298651212575884,0.3886438828642335,0.5418204486999161,0.6079095880969337,2.0454364384605555,0.79745685134496,0.09336436514648998,0.36490588231469023,ビービークローサー,ソウルアンドジャズ,ボクマダネムイヨ,1,0,0,0,0,12.0,2.6662039165693487,0.08333333333333333,0.29173175219347725,4.500781026321727,TWO_HORSE_ORDERED
2026-0801-07-02-03-09,2026-08-01,中京,9,アバットゥータ,ソレルビュレット,マルディランダ,0.2656104285050006,0.2278167431365103,0.21116180930676584,0.13453331021171447,0.037793685368490315,0.01665493382974445,0.07662849909505137,1.1658951174885506,1.0788728505614809,1.5695875540002804,0.2656104285050006,0.4934271716415109,0.7045889809482767,1.8020292616835216,0.8201388607568697,0.08522659509786926,0.22429459239162308,ソレルビュレット,マルディランダ,サマーアゲイン,0,0,0,0,0,30.0,4.220765077425279,0.03333333333333333,0.2035905374948467,7.107716124845401,THREE_HORSE
2026-0801-07-02-03-10,2026-08-01,中京,10,プルメリアリノ,ハウリングウィンド,エコログロウ,0.23479108016076372,0.1176314298952682,0.0808667520615171,0.07201995990673389,0.11715965026549552,0.036764677833751105,0.008846792154783206,1.9959893403472801,1.4546327989750771,1.1228380599800365,0.23479108016076372,0.3524225100560319,0.43328926211754903,2.516720544138708,0.907715062083072,0.05936474501659826,0.2555515638756193,プルメリアリノ,ヴェルジーネ,カフェノワール,1,0,0,0,0,19.0,3.6801433049045693,0.05263157894736842,0.21909696995649858,5.162842429173473,UNSET
2026-0801-07-02-03-11,2026-08-01,中京,11,ピカキウイ,サムシングスイート,エクリュ,0.19611856767024094,0.17344050436417438,0.15778554115149704,0.15222122362692708,0.02267806330606656,0.015654963212677342,0.005564317524569956,1.1307541360606819,1.0992167159197832,1.0365541505447842,0.19611856767024094,0.3695590720344153,0.5273446131859123,2.0077325449241616,0.9137584594826504,0.10072889206905865,0.2895915587978953,サムシングスイート,ヴィスコンテッサ,ピカキウイ,0,0,0,0,0,21.0,3.197482927178187,0.047619047619047616,0.2651269537747771,6.567666029270319,UNSET
2026-0801-07-02-03-12,2026-08-01,中京,12,サーディンラン,ララファキュルテ,パスコード,0.16481819595665118,0.1620800693189588,0.1270739098285182,0.11922694057997059,0.0027381266376923785,0.035006159490440586,0.007846969248547622,1.0168936665019805,1.2754787315325402,1.0658154038875494,0.16481819595665118,0.32689826527560994,0.45397217510412813,2.2562188853971037,0.9409163573537017,0.07346332418874128,0.2244930754224767,サーディンラン,ヴォーカライズ,ララファキュルテ,1,0,0,0,0,44.0,3.8734078098442137,0.022727272727272728,0.2354433225450643,11.35950619198283,CHAOTIC_SKIP
2026-0802-01-01-04-01,2026-08-02,札幌,1,タガノシルフィー,ストリートクイーン,フレンチブラッサム,0.19469602572465647,0.1816901219525698,0.1619045208725054,0.09994853786412997,0.013005903772086658,0.019785601080064413,0.06195598300837543,1.071582888669544,1.1222053650722017,1.6198788329710074,0.19469602572465647,0.3763861476772263,0.5382906685497317,2.292070164996508,0.8685185195770881,0.05262912050858602,0.15623587821655557,ローゾフィア,タガノシルフィー,ストリートクイーン,0,0,0,0,0,25.0,6.032447175941595,0.04,0.12577020416990417,4.144255104247605,UNSET
2026-0802-01-01-04-02,2026-08-02,札幌,2,エグジスタンス,ペカリーナ,ブルーエ,0.20773888851049718,0.19451754017036518,0.13660712670753597,0.10367529827751032,0.013221348340132,0.05791041346282921,0.03293182843002565,1.0679699544244303,1.4239194166407614,1.3176439226813332,0.20773888851049718,0.40225642868086237,0.5388635553883984,2.290162809264586,0.8677957782745338,0.07406206872311952,0.23687148081838819,エグジスタンス,ショウナンバーボン,グローリーバローズ,1,0,0,0,0,39.0,4.084884025841666,0.02564102564102564,0.21916396604878272,9.547394675902526,UNSET
2026-0802-01-01-04-03,2026-08-02,札幌,3,ワンダーブリッツ,ゴンフィンガー,ハイランダー,0.38947055574247047,0.2614179962763362,0.09796383311951923,0.06638116855768192,0.12805255946613425,0.163454163156817,0.03158266456183731,1.4898383481249478,2.668515389321254,1.4757774719556729,0.38947055574247047,0.6508885520188067,0.748852385138326,1.7518519392125005,0.7305790036309925,0.10539846911107721,0.3446806313583769,ワンダーブリッツ,ゴンフィンガー,イーサンミラー,1,1,1,0,1,15.0,2.849403237850294,0.06666666666666667,0.284284011958392,5.26426017937588,TWO_HORSE_ORDERED
2026-0802-01-01-04-04,2026-08-02,札幌,4,ワンダフルデイズ,クオンタムスター,タケルフォーカス,0.2558631593361105,0.18739638952537388,0.10793288858163186,0.08400804990903867,0.0684667698107366,0.07946350094374202,0.023924838672593193,1.3653579985406605,1.7362306521023214,1.284792215728115,0.2558631593361105,0.44325954886148433,0.5511924374431162,2.228209761730264,0.868714914486836,0.0672694334941808,0.23663353763421596,レイデラティエラ,クオンタムスター,タケルフォーカス,0,0,0,0,0,32.0,3.9927536777916335,0.03125,0.21920371708306674,8.014518946658136,UNSET
2026-0802-01-01-04-05,2026-08-02,札幌,5,ジューンガレン,ホウオウプレマ,オンザボー,0.09999999999999998,0.09999999999999998,0.09999999999999998,0.09999999999999998,0.0,0.0,0.0,1.0,1.0,1.0,0.09999999999999998,0.19999999999999996,0.29999999999999993,2.3025850929940455,0.9999999999999998,0.0,0.0,ホウオウプレマ,ロゼプレミア,オンザボー,0,0,0,0,0,99.0,10.145143149425289,0.010101010101010102,0.08846832354675109,9.758364031128357,CHAOTIC_SKIP
2026-0802-01-01-04-06,2026-08-02,札幌,6,ロードアマルフィ,ココデイック,タイセイジェイド,0.15501474894078549,0.14402265581352355,0.11205393248611067,0.10605131735016815,0.010992093127261932,0.03196872332741288,0.006002615135942524,1.0763219721589787,1.2852976474643178,1.0566010426454453,0.15501474894078549,0.29903740475430907,0.41109133724041974,2.2547618354370673,0.9792306231363662,0.03741219082128291,0.12570162614908578,セイントホース,ステイアンビシャス,アスクガンバーレ,0,0,0,0,0,49.0,5.309280749936006,0.02040816326530612,0.16794126617710062,9.22912204267793,CHAOTIC_SKIP
2026-0802-01-01-04-07,2026-08-02,札幌,7,アールグレイ,メイショウローゼ,スリールーディカ,0.2531125910028739,0.15748528106172158,0.10070786442269374,0.09435578990264272,0.09562730994115234,0.05677741663902784,0.006352074520051015,1.6072142697810223,1.5637833446722706,1.067320453006701,0.2531125910028739,0.4105978720645955,0.5113057364872893,2.2151974710885405,0.8914610419178242,0.03479975704768805,0.12730284107484288,ウインベルチェーロ,メイショウローゼ,ヤクジョ,0,0,0,0,0,18.0,7.345163209372413,0.05555555555555555,0.08058845806200465,2.4505922451160838,UNSET
2026-0802-01-01-04-08,2026-08-02,札幌,8,ジーティーエスピ,ダブルチャレンジ,ディーズメンフィス,0.21347646887103552,0.14236746841096973,0.1216297366957601,0.10412482000499831,0.0711090004600658,0.020737731715209623,0.01750491669076179,1.4994750644493915,1.170498862190931,1.1681147366201594,0.21347646887103552,0.35584393728200525,0.47747367397776536,2.3959388339772607,0.9078767661051754,0.05889303208763683,0.2165933291728407,サトノワーグナー,エコロハート,ジーティーエスピ,0,0,0,0,0,43.0,4.256673607033118,0.023255813953488372,0.21166940989917987,10.101784625664735,UNSET
2026-0802-01-01-04-09,2026-08-02,札幌,9,ヒットミー,デアプリームス,パールフロント,0.19314457487215467,0.18924461492577394,0.11862869466320265,0.10196597535175617,0.003899959946380732,0.07061592026257128,0.016662719311446486,1.0206080365769477,1.5952684589766086,1.1634145042399135,0.19314457487215467,0.3823891897979286,0.5010178844611313,2.2487031926037955,0.9049447361717364,0.07045755311939625,0.21253460435634663,アイアムイチバン,パールフロント,クインズシフォン,0,0,0,0,0,57.0,4.257052890373176,0.017543859649122806,0.21736043347379852,13.389544708006516,UNSET
2026-0802-01-01-04-10,2026-08-02,札幌,10,ヘニーガイスト,チャーリー,サムシャイン,0.263633208641956,0.17713711902725693,0.1713263673549625,0.1633736957281483,0.08649608961469907,0.0058107516722944175,0.007952671626814206,1.4883001941642142,1.0339162719784714,1.0486777971898693,0.263633208641956,0.4407703276692129,0.6120966950241754,1.9585391741683018,0.8505827559326452,0.1111146207060063,0.3476380241366764,ヘニーガイスト,サムシャイン,アイウィル,1,0,0,0,0,17.0,2.8078380106858676,0.058823529411764705,0.29732237223721647,6.05448032803268,UNSET
2026-0802-01-01-04-11,2026-08-02,札幌,11,コガネノソラ,ココナッツブラウン,フェスティバルヒル,0.13663325797162115,0.13615939698409069,0.11000555865608859,0.10154096718124823,0.0004738609875304667,0.026153838328002096,0.008464591474840355,1.0034801930533361,1.237750152333366,1.0833613437986194,0.13663325797162115,0.2727926549557118,0.3827982136118004,2.5142670901581434,0.9527140854210591,0.044083848934897814,0.13491184968030168,ココナッツブラウン,コガネノソラ,ヴーレヴー,0,1,0,0,0,88.0,5.989548872546066,0.011363636363636364,0.15559384595755144,14.692258444264525,CHAOTIC_SKIP
2026-0802-01-01-04-12,2026-08-02,札幌,12,デンプシー,ミキノバカラ,ホウオウヘッセン,0.21225167008358803,0.11275116224303622,0.1057609994237026,0.09862614969158705,0.09950050784055181,0.006990162819333623,0.007134849732115547,1.8824787777005572,1.066093955781653,1.072342373239013,0.21225167008358803,0.32500283232662425,0.43076383175032684,2.4322150962427864,0.9216226828226475,0.04769141743493378,0.19212571331312533,マテンロウサン,デンプシー,バシレウスシチー,0,0,0,0,0,29.0,4.844103947444172,0.034482758620689655,0.17195376934184847,5.9866593109136055,UNSET
2026-0802-04-02-04-01,2026-08-02,新潟,1,サノノキセキ,シュネーバレン,デザートスピリット,0.2277001022493756,0.21072019064357234,0.20071788488916287,0.096711386850387,0.016979911605803255,0.010002305754409468,0.10400649803877587,1.08058037321409,1.0498326582104667,2.075431771024796,0.2277001022493756,0.4384202928929479,0.6391381777821108,2.0565800431558423,0.8276286931468027,0.09530284515081093,0.25870401077996424,ノドゥス,ヴェントリナ,サノノキセキ,0,0,0,0,0,30.0,3.6535439075320717,0.03333333333333333,0.24037351823574743,8.211205547072423,THREE_HORSE
2026-0802-04-02-04-02,2026-08-02,新潟,2,ライングラウス,ステラガーネット,ゼノスフィア,0.08333333333333336,0.08333333333333336,0.08333333333333336,0.08333333333333336,0.0,0.0,0.0,1.0,1.0,1.0,0.08333333333333336,0.1666666666666667,0.25000000000000006,2.4849066497880012,1.0000000000000004,0.0,0.0,リーチツモドライチ,テンユメノオーロラ,ラインホルト,0,0,0,0,0,478.0,12.499369252946128,0.0020920502092050207,0.07791198677564506,38.241929678758346,CHAOTIC_SKIP
2026-0802-04-02-04-03,2026-08-02,新潟,3,ベールダウン,レーゲンシャウアー,クラオルグジェシダ,0.0769230769230769,0.0769230769230769,0.0769230769230769,0.0769230769230769,0.0,0.0,0.0,1.0,1.0,1.0,0.0769230769230769,0.1538461538461538,0.2307692307692307,2.5649493574615363,0.9999999999999998,0.0,0.0,ニシノトラノスケ,ファーストアライヴ,ヴァルフォース,0,0,0,0,0,227.0,13.715669600339327,0.004405286343612335,0.06850402316434342,16.55041325830596,CHAOTIC_SKIP
2026-0802-04-02-04-04,2026-08-02,新潟,4,ウォーレーションズ,ツインドライヴ,サトノクラシカル,0.22140946405601528,0.14570066780931173,0.11819996570892445,0.1026402154680962,0.07570879624670354,0.027500702100387284,0.015559750240828257,1.5196187319181593,1.2326625218158662,1.1515950660261884,0.22140946405601528,0.36711013186532704,0.4853100975742515,2.3572146282264472,0.8704471679539144,0.04033329021835476,0.1438940297968331,サトノクラシカル,サングラント,ネイティヴプライド,0,0,0,0,0,44.0,6.522004829310198,0.022727272727272728,0.13059981398476905,6.746391815329838,UNSET
2026-0802-04-02-04-05,2026-08-02,新潟,5,レッドレガリア,セーヌデローヴ,チルチャンプ,0.2890137922141827,0.09863323231205177,0.09086159016565978,0.07979287062371586,0.19038055990213093,0.007771642146391991,0.011068719541943925,2.9301867680845413,1.0855327551743554,1.138718151827641,0.2890137922141827,0.3876470245262345,0.4785086146918943,2.4587852486151665,0.8506813152661235,0.05459435524256607,0.24591587493460565,セーヌデローヴ,ジーナグレイス,レッドレガリア,0,0,0,0,0,24.0,3.982771249335991,0.041666666666666664,0.20941478827923823,6.025954918701718,ONE_HORSE
2026-0802-04-02-04-06,2026-08-02,新潟,6,ブレトワルダ,マッドゲイル,ヘリオトロープ,0.14143968239783325,0.14008694365288035,0.1304508250490982,0.11687822227445098,0.0013527387449528971,0.009636118603782162,0.01357260277464721,1.0096564227163443,1.0738678241410538,1.1161260199763845,0.14143968239783325,0.2815266260507136,0.41197745109981176,2.4269853334929334,0.8962113525462416,0.047736833499403254,0.13521451973161894,ブレトワルダ,フィールオーサム,ナイトスラッガー,1,0,0,0,0,52.0,7.111124966380916,0.019230769230769232,0.12139395677639202,7.312485752372385,UNSET
2026-0802-04-02-04-07,2026-08-02,新潟,7,ピューロマジック,アメリカンステージ,ビッグシーザー,0.20489908423580155,0.1178129300816538,0.08430548374979704,0.07245091274761511,0.08708615415414775,0.03350744633185676,0.01185457100218193,1.73919012194833,1.3974527497084366,1.1636221070599577,0.20489908423580155,0.32271201431745533,0.4070174980672524,2.607237795012678,0.9202405461213815,0.03588418523761298,0.15057999480480982,ピューロマジック,ロードトレイル,カウスリップ,1,0,0,0,0,27.0,6.0448815198302945,0.037037037037037035,0.12839217720305848,4.466588784482579,UNSET
2026-0802-04-02-04-08,2026-08-02,新潟,8,ガーヴィ,キアラメンテ,リポサンテ,0.1838679791440081,0.13619435636029614,0.11384274213597827,0.10106156003389996,0.047673622783711955,0.022351614224317876,0.012781182102078306,1.350041103447734,1.1963376303569728,1.1264692737554318,0.1838679791440081,0.32006233550430424,0.4339050776402825,2.439811125236066,0.9245009942969902,0.06353025534014028,0.22087482321182833,ファストフォワード,キアラメンテ,リポサンテ,0,0,0,0,0,28.0,4.001636547081154,0.03571428571428571,0.2141834719242517,6.997137213879047,UNSET
2026-0802-04-02-04-09,2026-08-02,新潟,9,エコロガノン,メディチパワー,サトノシャムロック,0.21906035355124556,0.1555620806987602,0.11562041222717774,0.11431020058186445,0.06349827285248535,0.03994166847158247,0.0013102116453132945,1.4081860602999212,1.3454551640336894,1.01146189612689,0.21906035355124556,0.37462243425000574,0.49024284647718347,2.3253519082735767,0.8586812413326494,0.05451652107100436,0.18983412210702713,ブレゲアン,エコロガノン,ウリズンベー,0,0,0,0,0,40.0,5.083526469965411,0.025,0.17171383751185704,7.868553500474281,UNSET
2026-0802-04-02-04-10,2026-08-02,新潟,10,チームユートピア,トモジャオーリー,レゲンデ,0.3502281629664799,0.2392321212226998,0.08965068342552819,0.05179778227577744,0.11099604174378011,0.1495814377971716,0.03785290114975075,1.463967970423397,2.668491885189333,1.7307822745811294,0.3502281629664799,0.5894602841891797,0.6791109676147079,2.0375681561788155,0.7720818086494041,0.10469368650384142,0.3693336613783708,レディサン,カンレイスター,マオノクラッシュ,0,0,0,0,0,26.0,2.599856310016864,0.038461538461538464,0.34617510324329226,10.0005526843256,TWO_HORSE_ORDERED
2026-0802-04-02-04-11,2026-08-02,新潟,11,ヤマメホープ,クイーンズレイン,マイネルオラクル,0.2761624626161782,0.15344565094946624,0.08915444227431019,0.08810721366158243,0.12271681166671197,0.06429120867515606,0.0010472286127277547,1.7997412172152465,1.7211217639312353,1.0118858441801386,0.2761624626161782,0.42960811356564443,0.5187625558399547,2.2128030053684764,0.8627082631987829,0.0712958256487378,0.27493114527145457,クイーンズレイン,ヤマメホープ,サヴマ,0,1,0,0,0,30.0,3.5464031775354323,0.03333333333333333,0.2486425024471175,8.459275073413524,UNSET
2026-0802-04-02-04-12,2026-08-02,新潟,12,シャインアルプス,ウインテラジーナ,ノーブルクロンヌ,0.32672387666560865,0.17130087951261558,0.09308555379838135,0.058111866108848984,0.15542299715299307,0.07821532571423423,0.034973687689532365,1.9073099775973237,1.8402520318420699,1.6018338427477679,0.32672387666560865,0.4980247561782242,0.5911103099766055,2.2860335543655323,0.8068695423736411,0.06907023548795457,0.28626140870290934,ノーブルクロンヌ,シャインアルプス,ウインテラジーナ,0,0,0,1,0,24.0,3.409268527742262,0.041666666666666664,0.25165138436471846,7.039633224753244,FLAT_VALUE
2026-0802-07-02-04-01,2026-08-02,中京,1,ビクスバイト,ゴールデンテティス,タイセイアビオン,0.25083100586954404,0.16241578236771653,0.15166640046912355,0.08948349297450889,0.08841522350182751,0.01074938189859298,0.062182907494614664,1.5443758125774472,1.070875169881686,1.6949092556358822,0.25083100586954404,0.4132467882372606,0.5649131887063841,2.3326854777489614,0.8070537886264395,0.07480037380202123,0.27928482860391496,タイセイアビオン,ビクスバイト,ルーチェブリラーレ,0,0,0,0,0,33.0,3.5108882151809095,0.030303030303030304,0.2545251780335521,9.39933087510722,FLAT_VALUE
2026-0802-07-02-04-02,2026-08-02,中京,2,サンライズエイト,アントラヴァースト,ラッキーハナコ,0.12499999999999999,0.12499999999999999,0.12499999999999999,0.12499999999999999,0.0,0.0,0.0,1.0,1.0,1.0,0.12499999999999999,0.24999999999999997,0.37499999999999994,2.0794415416798357,1.0,0.0,0.0,ファンビッチャン,オーリエイト,サンライズエイト,0,0,0,0,0,59.0,8.443455625703532,0.01694915254237288,0.10148576845795834,6.987660339019542,CHAOTIC_SKIP
2026-0802-07-02-04-03,2026-08-02,中京,3,ムーンパッセ,トゥーレジット,アレオクール,0.09999999999999998,0.09999999999999998,0.09999999999999998,0.09999999999999998,0.0,0.0,0.0,1.0,1.0,1.0,0.09999999999999998,0.19999999999999996,0.29999999999999993,2.3025850929940455,0.9999999999999998,0.0,0.0,スーサンコルティナ,トゥーレジット,ベルコート,0,0,0,0,0,158.0,10.145143149425289,0.006329113924050633,0.09224021972371055,15.573954716346268,CHAOTIC_SKIP
2026-0802-07-02-04-04,2026-08-02,中京,4,クロカミジョウ,ナムラロダン,モズタイシソウシ,0.21833639451549341,0.1194536165906204,0.10719991868740382,0.0979841850129373,0.09888277792487302,0.012253697903216579,0.009215733674466514,1.8277922489676832,1.1143069701288533,1.0940532767941042,0.21833639451549341,0.33779001110611384,0.44498992979351765,2.4593574821712254,0.8870257108253986,0.0706651317998053,0.287592919408212,ビービーシナジー,ナムラロダン,チョウスター,0,0,0,0,0,51.0,3.390129684175255,0.0196078431372549,0.2753661233950249,15.04367229314627,UNSET
2026-0802-07-02-04-05,2026-08-02,中京,5,アンティスマ,シエーナカラー,シャンドラテ,0.220193126978248,0.1632134554488728,0.14289705118019366,0.11538039522930905,0.05697967152937519,0.020316404268679145,0.027516655950884608,1.3491113607800815,1.142175112088633,1.2384864074715425,0.220193126978248,0.3834065824271208,0.5263036336073145,2.0604941468322115,0.9377712993408386,0.038317049761005265,0.13915338797510007,アンティスマ,ブラックドレス,デールエルバハリ,1,0,0,0,0,21.0,6.61944639599428,0.047619047619047616,0.10345098757379634,3.172470739049723,CHAOTIC_SKIP
2026-0802-07-02-04-06,2026-08-02,中京,6,アイニードユー,トミーバローズ,トライアンフパス,0.26188479881334564,0.17917833140471062,0.17316160522253488,0.12545468608737542,0.08270646740863502,0.006016726182175747,0.047706919135159453,1.4615874406254274,1.0347463063445472,1.3802721175511372,0.26188479881334564,0.44106313021805627,0.6142247354405912,1.9741277146627625,0.8984642421286193,0.11380021416517028,0.3696096601048806,トミーバローズ,アイニードユー,ロンドボス,0,1,0,0,0,34.0,2.5116119986676875,0.029411764705882353,0.3687389052743778,13.537122779328845,UNSET
2026-0802-07-02-04-07,2026-08-02,中京,7,タイトニット,ソーニーイシュー,ブレイクフォース,0.22324448689378115,0.20102897867548108,0.17184778826367267,0.1276633046312179,0.022215508218300067,0.029181190411808416,0.04418448363245478,1.1105089841507991,1.169808356026291,1.346101675497833,0.22324448689378115,0.42427346556926226,0.5961212538329349,1.9863447646598842,0.90402446119914,0.05871213503894616,0.17224527978386844,クールミラボー,ゼットリアン,サイモンザナドゥ,0,0,0,0,0,41.0,5.341553225411669,0.024390243902439025,0.16282122021676965,7.675670028887556,UNSET
2026-0802-07-02-04-08,2026-08-02,中京,8,サンマルノヴェル,セルヴァンス,ルクスレイモンド,0.21719234521032327,0.17866577770753964,0.13065719555618505,0.11154187916308601,0.03852656750278363,0.04800858215135459,0.019115316393099033,1.215634846231427,1.3674392516002687,1.1713734476819277,0.21719234521032327,0.39585812291786293,0.526515318474048,2.1747536155726745,0.9069427010607986,0.052274635114038605,0.1663936903119139,サンマルノヴェル,シルフズミスチーフ,ルクスレイモンド,1,0,0,0,0,27.0,5.416712848010463,0.037037037037037035,0.14757677360040444,4.98457288721092,UNSET
2026-0802-07-02-04-09,2026-08-02,中京,9,ゴールデンステップ,セイフウサツキ,ボールドハーテッド,0.32352859213008095,0.20220304523751878,0.19889168199876175,0.08697302626578042,0.12132554689256217,0.0033113632387570258,0.11191865573298133,1.6000183961129097,1.016649078561152,2.2868202997900715,0.32352859213008095,0.5257316373675998,0.7246233193663615,1.8208964701342787,0.8287256973712819,0.0806098284299644,0.24381173634778974,ボールドハーテッド,ゴールデンステップ,セイフウサツキ,0,0,0,1,0,28.0,3.837728249571205,0.03571428571428571,0.22485653508620518,7.2959829824137445,THREE_HORSE
2026-0802-07-02-04-10,2026-08-02,中京,10,スターシップ,ブームバップビート,アメリカンイズム,0.15806737528000045,0.1548094874990564,0.1329959911596746,0.11824418373226582,0.0032578877809440465,0.021813496339381816,0.014751807427408767,1.0210444969076196,1.164016194391849,1.124757150514993,0.15806737528000045,0.31287686277905685,0.44587285393873144,2.4247379909577824,0.918789434298223,0.049108436709455625,0.13931325992869698,スターシップ,カイラーサ,ブームバップビート,1,0,0,0,0,34.0,6.1687248420835274,0.029411764705882353,0.13269629256681703,5.511673947271779,UNSET
2026-0802-07-02-04-11,2026-08-02,中京,11,レッドヴァリアート,ビップヴォルフ,メイショウナルカミ,0.2707895624568425,0.2638070574031408,0.19748232524717538,0.1074927936358692,0.006982505053701682,0.06632473215596543,0.08998953161130618,1.0264682269020242,1.3358514847997218,1.8371680423168166,0.2707895624568425,0.5345966198599833,0.7320789451071587,1.6662847174377338,0.9299712076619416,0.04538787933401369,0.11526366200554941,メイショウナルカミ,メイショウアゴナス,ビップヴォルフ,0,0,0,0,0,25.0,6.667460251289546,0.04,0.10998214647122809,3.7495536617807024,THREE_HORSE
2026-0802-07-02-04-12,2026-08-02,中京,12,アラビアンジョイ,モンシーク,ミッキーラヴィータ,0.22979317890379394,0.21821872028070302,0.1686307101467804,0.08217777231460792,0.011574458623090922,0.04958801013392261,0.08645293783217249,1.0530406310155347,1.2940627486580585,2.0520233804975585,0.22979317890379394,0.44801189918449696,0.6166426093312773,2.269879099789826,0.8011677287034504,0.05973804070393247,0.187443952994123,アラビアンジョイ,モンシーク,ミッキーラヴィータ,1,1,1,1,1,59.0,5.168526122881721,0.01694915254237288,0.1765296025659496,11.415246551391027,THREE_HORSE
2026-0808-01-01-05-01,2026-08-08,札幌,1,ルージュボニート,ジーティービキニ,ジェイストリーク,0.15196833984584307,0.1483899061812103,0.1124876682568486,0.10730566076548204,0.0035784336646327575,0.035902237924361716,0.005182007491366561,1.0241150746484255,1.319165989309907,1.0482920234999709,0.15196833984584307,0.3003582460270534,0.412845914283902,2.4256637481619525,0.9191402251634996,0.05364699132953878,0.1707342527625805,ルージュボニート,マーゴットクリュグ,ジェイストリーク,1,0,0,0,0,28.0,5.513477141647857,0.03571428571428571,0.14565945980216383,5.078464874460587,UNSET
2026-0808-01-01-05-02,2026-08-08,札幌,2,チカバリエンテ,ショパンコンクール,リアルジャパン,0.23166826041671937,0.14183922409140726,0.14103331865813065,0.1195376613496463,0.08982903632531211,0.0008059054332766047,0.02149565730848435,1.6333159032752635,1.0057142910692625,1.1798233047709525,0.23166826041671937,0.37350748450812665,0.5145408031662573,2.2770262886792647,0.8877470746372856,0.07023516200072986,0.24912555694763974,チカバリエンテ,ジャストワナフライ,ルギッドドランジュ,1,0,0,0,0,30.0,3.7848461257486017,0.03333333333333333,0.23087820044525875,7.926346013357763,UNSET
2026-0808-01-01-05-03,2026-08-08,札幌,3,イトシサ,シンエンドーツダ,デルマバンダイサン,0.1937142833591717,0.1494595675515368,0.13219697863208021,0.0972894417162698,0.0442547158076349,0.01726258891945659,0.034907536915810417,1.2960982460515613,1.130582325693694,1.3588008760253045,0.1937142833591717,0.3431738509107085,0.47537082954278875,2.3716621047662243,0.8986777506315041,0.050676793080598526,0.16951803983517189,インタノン,リン,ビレッジルイーザ,0,0,0,0,0,44.0,5.418145536941567,0.022727272727272728,0.16183772154648385,8.120859748045289,UNSET
2026-0808-01-01-05-04,2026-08-08,札幌,4,モルニケ,アセンブリールーム,グロリアスマーチ,0.1743083549964051,0.15159487328764482,0.12943655216075856,0.09932773554118851,0.02271348170876028,0.02215832112688626,0.030108816619570045,1.1498301440950607,1.1711906007768649,1.30312597438693,0.1743083549964051,0.32590322828404994,0.4553397804448085,2.384785602172231,0.903650548023488,0.07884614967448735,0.2606576844585111,ダノンフィオーレ,モルニケ,アセンブリールーム,0,0,0,0,0,55.0,3.667172386619296,0.01818181818181818,0.25450784419914313,14.997931430952873,UNSET
2026-0808-01-01-05-05,2026-08-08,札幌,5,レイテスツドリーム,ジーフォーリア,イドム,0.08333333333333336,0.08333333333333336,0.08333333333333336,0.08333333333333336,0.0,0.0,0.0,1.0,1.0,1.0,0.08333333333333336,0.1666666666666667,0.25000000000000006,2.4849066497880012,1.0000000000000004,0.0,0.0,シルバーウィル,シネファイル,ロマノヴェリテ,0,0,0,0,0,1998.0,12.499369252946128,0.0005005005005005005,0.07950353648434959,159.84806589573049,CHAOTIC_SKIP
2026-0808-01-01-05-06,2026-08-08,札幌,6,ウィスカーパッド,ゴコウコイコイ,ウインカトリーヌ,0.15046803254625157,0.14752920049193136,0.11337046802873418,0.0910401493805552,0.0029388320543202173,0.03415873246319717,0.022330318648178984,1.0199203414952482,1.3013018562694785,1.2452798990348362,0.15046803254625157,0.29799723303818293,0.4113677010669171,2.4736440723481135,0.9134409957914774,0.05248089439545533,0.17162263554347076,ウインカトリーヌ,ゴコウコイコイ,ウィスカーパッド,0,0,0,1,0,39.0,5.591206810229376,0.02564102564102564,0.1532112389846457,6.975238320401182,UNSET
2026-0808-01-01-05-07,2026-08-08,札幌,7,ワイドデコラシオン,グレイトソン,ランドスター,0.21829887789042585,0.19255110343173898,0.12990282593388996,0.122519198151619,0.025747774458686867,0.06264827749784901,0.00738362778227096,1.133719173766328,1.482270320506591,1.0602650677907117,0.21829887789042585,0.4108499813221648,0.5407528072560548,2.105638330452004,0.8781193884229566,0.08134352087347405,0.25298119864486873,ランドスター,ヨドノゴールド,ロードヴァルカン,0,0,0,0,0,38.0,3.7926375432020945,0.02631578947368421,0.23735296046852825,10.019412497804073,UNSET
2026-0808-01-01-05-08,2026-08-08,札幌,8,マメーアップル,サトノフレイ,スッサンエア,0.1300989498703737,0.12311505701338579,0.11025861513436123,0.09652420254278928,0.006983892856987917,0.012856441879024558,0.01373441259157196,1.0567265534079116,1.1166026061850831,1.1422898322882644,0.1300989498703737,0.2532140068837595,0.36347262201812075,2.5852098302286515,0.9324173504320686,0.06244764977222981,0.20755919741702578,ミレニアルピンク,レッドアイスピア,アンジュラフィーユ,0,0,0,0,0,73.0,4.536736470889094,0.0136986301369863,0.20672413552654878,16.09086189343806,CHAOTIC_SKIP
2026-0808-01-01-05-09,2026-08-08,札幌,9,ビーチイン,デルマサクラサク,カルミアクラウン,0.1909372092614886,0.1425674529225937,0.12299554780919222,0.09998786580265123,0.0483697563388949,0.019571905113401483,0.02300768200654099,1.339276288853649,1.1591269396495891,1.2301047414288437,0.1909372092614886,0.3335046621840823,0.45650020999327456,2.367095676395233,0.9228625389851306,0.05691601036357028,0.19754807338861075,カルミアクラウン,ランスノーブル,スリーケイ,0,0,0,0,0,17.0,4.548685274799965,0.058823529411764705,0.16102021434867309,3.737343643927442,UNSET
2026-0808-01-01-05-10,2026-08-08,札幌,10,スカイサーベイ,レーヴドロペラ,ビーオンザカバー,0.21577935076892785,0.21044078918828232,0.17527524001200287,0.12919437431458541,0.005338561580645523,0.035165549176279454,0.046080865697417456,1.0253684734848105,1.200630443717386,1.3566785778551904,0.21577935076892785,0.4262201399572102,0.6014953799692131,1.9150046702793369,0.9209225803637346,0.05715600786612446,0.1709908825809651,ビーオンザカバー,バルティカ,エボルヴィング,0,0,0,0,0,47.0,5.424015869097339,0.02127659574468085,0.1630886465654268,8.66516638857506,UNSET
2026-0808-01-01-05-11,2026-08-08,札幌,11,ナチュラルライズ,テーオーパスワード,ウェイワードアクト,0.18267082745780835,0.15116381010349686,0.11603542196112622,0.09661890333819839,0.031507017354311495,0.03512838814237064,0.019416518622927828,1.208429632282619,1.3027384875123669,1.2009598324146107,0.18267082745780835,0.3338346375613052,0.4498700595224314,2.270606259074201,0.9469163582045759,0.057015293576591325,0.20728484663259522,ルクソールカフェ,ペリエール,テーオーパスワード,0,0,0,0,0,94.0,4.322211148950155,0.010638297872340425,0.22072476273215955,21.748127696822998,CHAOTIC_SKIP
2026-0808-01-01-05-12,2026-08-08,札幌,12,ジーネキング,ブラックジェダイト,ヒズマスターピース,0.17199263983578755,0.13251017821267239,0.1320810632519496,0.11110812503453188,0.03948246162311517,0.0004291149607227873,0.02097293821741772,1.2979579542919921,1.003248875729477,1.1887615168638606,0.17199263983578755,0.3045028180484599,0.4365838813004095,2.3530022943729496,0.917367934586301,0.07732247989009058,0.2617648678997296,ブラックジェダイト,ジーネキング,レッドスティンガー,0,1,0,0,0,33.0,3.6448256871191864,0.030303030303030304,0.24405851283852512,9.053930923671329,UNSET
2026-0808-04-02-05-01,2026-08-08,新潟,1,グルーヴェンス,リーディンアクター,セイウンイーリス,0.2166573776749966,0.177490119327472,0.15445860298716546,0.08007037763397643,0.0391672583475246,0.023031516340306535,0.07438822535318904,1.2206728943331229,1.1491112563164922,1.9290355253879024,0.2166573776749966,0.3941474970024686,0.548606099989634,2.244301185209325,0.8749884977964832,0.06453994174094922,0.21435945980048687,グルーヴェンス,セイウンイーリス,トランサルピナ,1,0,0,0,0,19.0,4.530284451801827,0.05263157894736842,0.1681051122337495,4.193997132441241,THREE_HORSE
2026-0808-04-02-05-02,2026-08-08,新潟,2,リングスター,アイビーカイロス,ジャスパートレノ,0.09999999999999999,0.09999999999999999,0.09999999999999999,0.09999999999999999,0.0,0.0,0.0,1.0,1.0,1.0,0.09999999999999999,0.19999999999999998,0.3,2.3025850929940455,0.9999999999999998,0.0,0.0,ジャスパートレノ,スマートブライド,サザンヴィターレ,0,0,0,0,0,609.0,10.174915999595822,0.0016420361247947454,0.09663887352003407,59.853073973700745,CHAOTIC_SKIP
2026-0808-04-02-05-03,2026-08-08,新潟,3,ソヴリンゲート,オペレッタテソーロ,スヴェンガーリ,0.08333333333333336,0.08333333333333336,0.08333333333333336,0.08333333333333336,0.0,0.0,0.0,1.0,1.0,1.0,0.08333333333333336,0.1666666666666667,0.25000000000000006,2.4849066497880012,1.0000000000000004,0.0,0.0,コラリオン,コスモプルー,エピックジャーニー,0,0,0,0,0,1208.0,12.499369252946128,0.0008278145695364238,0.07917622241531366,96.6448766776989,CHAOTIC_SKIP
2026-0808-04-02-05-04,2026-08-08,新潟,4,スティールヴォーグ,トラスティア,スノーランス,0.3153467695220425,0.1652490458217408,0.16200261514098008,0.0711355734992877,0.1500977237003017,0.00324643068076072,0.09086704164169238,1.9083121960184672,1.020039372067763,2.277378351952167,0.3153467695220425,0.48059581534378326,0.6425984304847634,2.1038183935781114,0.7971855593924599,0.06874563986380346,0.24889227738956707,トラスティア,ユイハホンキダゼ,サリーアン,0,0,0,0,0,18.0,3.86618621975988,0.05555555555555555,0.2030972726214865,4.655750907186757,ONE_HORSE
2026-0808-04-02-05-05,2026-08-08,新潟,5,アラビアンドリーム,キタノドンカルロ,ユイノサダハル,0.28914489063412924,0.13233841527150544,0.12598129832515537,0.08636662574854291,0.1568064753626238,0.006357116946350078,0.039614672576612456,2.184890079278339,1.0504607987920753,1.4586803320526944,0.28914489063412924,0.42148330590563465,0.54746460423079,2.283319221755843,0.8431598575338463,0.07234179457836228,0.29093009532346753,アラビアンドリーム,オウケンサクラコ,クライングナウ,1,0,0,0,0,19.0,3.3604280479235413,0.05263157894736842,0.2449495582586238,5.654041606913852,ONE_HORSE
2026-0808-04-02-05-06,2026-08-08,新潟,6,ラベルセーヌ,クライスレリアーナ,キスアンドクライ,0.31592718467689984,0.23599793087504323,0.2020970280883733,0.08390405097525433,0.07992925380185661,0.033900902786669934,0.11819297711311896,1.3386862482458703,1.167745676951992,2.408668303130887,0.31592718467689984,0.5519251155519431,0.7540221436403164,1.8127921625377648,0.7872856330276139,0.10839518107043877,0.31345079313329216,ラベルセーヌ,クライスレリアーナ,メランジェ,1,1,1,0,1,15.0,3.0377413565150975,0.06666666666666667,0.2625252830874763,4.937879246312145,THREE_HORSE
2026-0808-04-02-05-07,2026-08-08,新潟,7,レガーロデルシエロ,レイニング,エストゥペンダ,0.190907233094784,0.14127279727845604,0.12100284380095874,0.07648914694241307,0.049634435816327954,0.0202699534774973,0.04451369685854567,1.3513375311631715,1.1675163396228931,1.5819609531278864,0.190907233094784,0.33218003037324006,0.4531828741741988,2.514252927215819,0.9068250574087056,0.04391883204398891,0.16051133729979297,エストゥペンダ,ゴンバデカーブース,ミアネーロ,0,0,0,0,0,52.0,5.735721102204934,0.019230769230769232,0.1551152253148126,9.065991716370256,UNSET
2026-0808-04-02-05-08,2026-08-08,新潟,8,アンムート,ルークウォーム,ラヴィサンエール,0.1823412453869902,0.15697851274561975,0.1568311925878929,0.14390219025239645,0.025362732641370456,0.00014732015772683793,0.012929002335496459,1.1615681802417774,1.0009393549541765,1.0898457647713333,0.1823412453869902,0.33931975813260995,0.49615095072050286,2.0453598957439283,0.9308834048377509,0.052564306653242285,0.15682919787874203,ルークウォーム,アンムート,カレンハウ,0,1,0,0,0,28.0,5.788579807242834,0.03571428571428571,0.13703965969193843,4.8371104713742765,UNSET
2026-0808-04-02-05-09,2026-08-08,新潟,9,リバースザトレンド,ディペンダブル,ラヴアンドライク,0.13853245546896978,0.1356011632525026,0.10724920158965362,0.10378331506958899,0.0029312922164671795,0.02835196166284898,0.0034658865200646316,1.021617013793671,1.2643559228657615,1.0333954115624528,0.13853245546896978,0.27413361872147235,0.38138282031112597,2.51415903211677,0.9284019295851591,0.0419334556001965,0.13288985692944588,リバースザトレンド,ラヴアンドライク,キタノエピックアン,1,0,0,0,0,50.0,6.97366477507788,0.02,0.12339662605718414,7.169831302859207,UNSET
2026-0808-04-02-05-10,2026-08-08,新潟,10,サレジオ,マツリダイコ,クリールスル,0.3105910744175026,0.21406027190834698,0.11247340194311466,0.06976097615468875,0.09653080250915563,0.10158686996523232,0.042712425788425906,1.4509515084166889,1.9032079425908324,1.612268178325299,0.3105910744175026,0.5246513463258495,0.6371247482689641,2.0864378969015887,0.8134421410044842,0.096635124865817,0.3364438234661373,エラルディーク,マツリダイコ,サレジオ,0,0,0,0,0,24.0,2.8509156609122392,0.041666666666666664,0.30909783110876693,8.418347946610407,TWO_HORSE_ORDERED
2026-0808-04-02-05-11,2026-08-08,新潟,11,カイショー,シャンクス,ファンシーフリル,0.16534260548464655,0.13126158978194158,0.10883324622677601,0.10037570631711927,0.03408101570270497,0.02242834355516557,0.008457539909656739,1.2596419543548276,1.20607989132688,1.0842588333369894,0.16534260548464655,0.2966041952665881,0.40543744149336414,2.5870835635374907,0.8950694859475687,0.04493636755443528,0.15612703364175798,メテオロイド,リオクリスハーレー,ブライティアブーケ,0,0,0,0,0,51.0,6.011971687580905,0.0196078431372549,0.14672693885543603,8.483073881627236,UNSET
2026-0808-04-02-05-12,2026-08-08,新潟,12,ブラッキッシュ,ポポラヴィスタ,マイネルリーヒム,0.2448501811253596,0.19057628132387355,0.1239662017926233,0.09381181641185632,0.05427389980148606,0.06661007953125025,0.03015438538076698,1.2847883242576796,1.5373245172315502,1.321434831283748,0.2448501811253596,0.43542646244923316,0.5593926642418565,2.278567074908642,0.8414050352468492,0.06464126131228466,0.22263033380445102,マイネルリーヒム,ブラッキッシュ,ディエスルージュ,0,0,0,0,0,19.0,4.300388367943734,0.05263157894736842,0.17990555826895194,4.418205607110087,FLAT_VALUE
2026-0808-07-02-05-01,2026-08-08,中京,1,ジーティーキャリー,メイショウジェード,プリメラエストレラ,0.2857636285106689,0.22374014790705815,0.1406324019636968,0.11768848424114359,0.06202348060361074,0.08310774594336134,0.02294391772255322,1.277212119433189,1.590957309858186,1.1949546539790685,0.2857636285106689,0.509503776417727,0.6501361783814239,1.904975738812233,0.8669918216196675,0.10813720330281282,0.3418746679757893,ジーティーキャリー,メイショウジェード,シュプレヒコール,1,1,1,0,1,14.0,2.798326247818978,0.07142857142857142,0.2859279022061244,5.002990630885742,UNSET
2026-0808-07-02-05-02,2026-08-08,中京,2,ダイメイアゲイン,スターオブザイヤー,コンテスタード,0.14285714285714288,0.14285714285714288,0.14285714285714288,0.14285714285714288,0.0,0.0,0.0,1.0,1.0,1.0,0.14285714285714288,0.28571428571428575,0.4285714285714286,1.945910149055314,1.0000000000000004,0.0,0.0,コンテスタード,スターオブザイヤー,ブレイズカルナバル,0,0,0,0,0,878.0,7.95544333456761,0.0011389521640091116,0.1245611449826638,110.36468529477881,CHAOTIC_SKIP
2026-0808-07-02-05-03,2026-08-08,中京,3,タガノプディング,ピョイットハレルヤ,キャスケード,0.2031457947144701,0.11552973959044999,0.10956833979591853,0.10924834999853832,0.08761605512402013,0.005961399794531461,0.00031998979738021016,1.7583852905288009,1.0544080507711913,1.002929012633916,0.2031457947144701,0.3186755343049201,0.42824387410083864,2.4554468272631174,0.8856152402147597,0.053048952616828626,0.20073220704403072,ピョイットハレルヤ,タガノプディング,キャスケード,0,1,0,1,0,18.0,4.8312587523739925,0.05555555555555555,0.15142983919454311,3.725737105501776,UNSET
2026-0808-07-02-05-04,2026-08-08,中京,4,タニセンゴールド,インドミタビリティ,マイカラー,0.20462676056042334,0.14980746990596047,0.13697268983932906,0.09022252219125197,0.054819290654462866,0.012834780066631413,0.04675016764807709,1.3659316233621388,1.0937032052278948,1.5181651600137822,0.20462676056042334,0.3544342304663838,0.49140692030571287,2.4049247658266264,0.8673932583422814,0.04840148558842606,0.1710465079655588,タニセンゴールド,キタノハイテイル,レディトゥフライト,1,0,0,0,0,32.0,5.6703949614511,0.03125,0.14510455850928802,5.643345872297217,UNSET
2026-0808-07-02-05-05,2026-08-08,中京,5,レイクラシック,ゼンノインヴォーク,エイシンビーコン,0.4094200032398475,0.22334048536229287,0.21429728226871478,0.053795274139542125,0.18607951787755464,0.00904320309357809,0.16050200812917265,1.8331651898029362,1.042199336351072,3.983570781939671,0.4094200032398475,0.6327604886021404,0.8470577708708552,1.544816017099369,0.7428994689850333,0.11417662777329353,0.3359236673621357,レイクラシック,ワンダーデリエール,ゼンノインヴォーク,1,0,0,0,0,11.0,2.8728733005102853,0.09090909090909091,0.257174480970803,3.828919290678833,ONE_HORSE
2026-0808-07-02-05-06,2026-08-08,中京,6,テイエムアイラン,オリバナム,ビップディラン,0.23055223755601115,0.183011699630238,0.1770724059397081,0.09340405450881151,0.047540537925773146,0.005939293690529895,0.0836683514308966,1.259767752672782,1.0335416106140907,1.8957678750765956,0.23055223755601115,0.4135639371862492,0.5906363431259573,2.1436071448792817,0.8939536139031077,0.06567649204402229,0.193539221620199,テイエムアイラン,ビップディラン,クイックバイオ,1,0,0,0,0,36.0,4.506622670378779,0.027777777777777776,0.19411787960060012,7.988243665621604,THREE_HORSE
2026-0808-07-02-05-07,2026-08-08,中京,7,ロードヴォイジャー,タガノマカシヤ,シンビリーブ,0.2739238383134949,0.2323912307305197,0.21341262295884675,0.11030908024383844,0.04153260758297522,0.018978607771672956,0.10310354271500831,1.178718480264586,1.0889291716138678,1.9346786546229715,0.2739238383134949,0.5063150690440146,0.7197276920028614,1.789996195919894,0.8608062116879136,0.07951795184520745,0.21595387181602343,シンビリーブ,ユウトザユウト,メイショウシナノ,0,0,0,0,0,25.0,4.296788256311501,0.04,0.19273197103234302,5.818299275808576,THREE_HORSE
2026-0808-07-02-05-08,2026-08-08,中京,8,リアンドゥクール,ゴンタ,テーオーカイザー,0.2622897338084063,0.18672547463613437,0.13133925241226585,0.1053892387044254,0.07556425917227194,0.05538622222386852,0.025950013707840447,1.4046810394753124,1.4217034984333135,1.2462302036417574,0.2622897338084063,0.4490152084445407,0.5803544608568065,2.1460962438162965,0.863652662364355,0.046036995154116835,0.1543847576815554,リアンドゥクール,サンライズオスカー,テーオーカイザー,1,0,0,0,0,17.0,6.053609596227322,0.058823529411764705,0.10636716947691342,2.808241881107528,UNSET
2026-0808-07-02-05-09,2026-08-08,中京,9,トーアマリシテン,クラウンセト,ポワンキュルミナン,0.2749827548610444,0.2157939463650095,0.13276427933201054,0.12623176866982763,0.05918880849603489,0.08302966703299897,0.006532510662182911,1.2742839152490342,1.6253916147532603,1.0517501317696765,0.2749827548610444,0.4907767012260539,0.6235409805580644,1.8330312678020588,0.9419917300354006,0.04510007925003881,0.13434797370454699,クラウンセト,ヒットアンドロール,ベイビーベリッシモ,0,0,0,0,0,137.0,5.651562551037536,0.0072992700729927005,0.1696429456362568,24.24108355216718,CHAOTIC_SKIP
2026-0808-07-02-05-10,2026-08-08,中京,10,エバイダンス,モズオサキニ,マイベスティー,0.20580222005646454,0.16931115391197388,0.14093666915666814,0.07927402773382448,0.03649106614449066,0.02837448475530574,0.06166264142284365,1.215526651973931,1.2013279079539199,1.7778416612044246,0.20580222005646454,0.3751133739684384,0.5160500431251065,2.4452805766681336,0.8819485403853052,0.04209593258594295,0.1411029853112685,モズオサキニ,エバイダンス,ガルディエンヌ,0,1,0,0,0,30.0,6.482813288226576,0.03333333333333333,0.12092068502874073,4.627620550862222,UNSET
2026-0808-07-02-05-11,2026-08-08,中京,11,テイエムスティール,バルセシート,オーバースタンド,0.23280877024355282,0.22344777112947858,0.11901293846821769,0.11325950530898346,0.009360999114074231,0.1044348326612609,0.005753433159234225,1.041893454863105,1.8775082273021109,1.0507986781642589,0.23280877024355282,0.4562565413730314,0.5752694798412491,2.129089587289893,0.8568086803065766,0.08509835059339281,0.24923581018075247,バルセシート,シャーリーゴールド,オーバースタンド,0,0,0,0,0,40.0,3.714249173887885,0.025,0.24423341789513045,10.769336715805217,UNSET
2026-0808-07-02-05-12,2026-08-08,中京,12,ゴッドアイ,ルナフィオーレ,エコロディアン,0.1488065808412229,0.1475994230894105,0.1414340248180833,0.10602831236373686,0.0012071577518124044,0.006165398271327199,0.03540571245434643,1.008178607521258,1.0435920442712234,1.333926964081866,0.1488065808412229,0.2964060039306334,0.43784002874871664,2.5732567847412673,0.8902857487834998,0.04718227112282872,0.14573703406478153,ゴッドアイ,エコロディアン,バルフルール,1,0,0,0,0,35.0,6.576010753375156,0.02857142857142857,0.12349644928092245,5.322375724832286,UNSET
2026-0809-01-01-06-01,2026-08-09,札幌,1,シンゼンノト,ヴァイタリズム,サルトヴェローチェ,0.20860584631457432,0.20273729519569225,0.13386655873904432,0.09326918265235956,0.0058685511188820705,0.06887073645664793,0.04059737608668476,1.0289465789371286,1.5144730476780432,1.4352710609462782,0.20860584631457432,0.4113431415102666,0.5452097002493109,2.213134502326492,0.8906308422150608,0.04019005687400273,0.12044332333108589,テムファイア,サルトヴェローチェ,エコロヴァルド,0,0,0,0,0,143.0,7.584372063013962,0.006993006993006993,0.1248570646664006,18.854560247295286,UNSET
2026-0809-01-01-06-02,2026-08-09,札幌,2,スイーヴル,マーゴットオネイロ,カッサンドラ,0.2766484115551034,0.17780450714821203,0.1722691342157966,0.13761520988941908,0.09884390440689136,0.005535372932415433,0.03465392432637751,1.5559133792064017,1.0321321225512252,1.25181754512618,0.2766484115551034,0.4544529187033154,0.626722052919112,1.9975494127378095,0.8330428085821475,0.08538162688088394,0.2740048852829303,スイーヴル,マーゴットオネイロ,メイショウマドンナ,1,1,1,0,1,21.0,3.525615472052109,0.047619047619047616,0.23601937180788524,5.95640680796559,FLAT_VALUE
2026-0809-01-01-06-03,2026-08-09,札幌,3,サウンドサンライズ,メイショウテンク,デルシエロ,0.1716443801199011,0.14078363394123056,0.13850674336104887,0.11296326909498428,0.030860746178670545,0.002276890580181684,0.025543474266064597,1.2192069157097707,1.0164388427951587,1.2261219462813755,0.1716443801199011,0.31242801406113163,0.4509347574221805,2.2136833343914666,0.9613904568074049,0.039589524790149606,0.14090240138833565,レジェンドシップ,メイショウテンク,エイカイコバチ,0,0,0,0,0,86.0,5.985424390603819,0.011627906976744186,0.15544462368120612,14.368237636583727,CHAOTIC_SKIP
2026-0809-01-01-06-04,2026-08-09,札幌,4,バンダムソレール,ホウオウファラオ,サクセスゴールド,0.2466938880159729,0.20187872228172013,0.0919819472462339,0.09109519588272831,0.04481516573425276,0.10989677503548623,0.0008867513635055918,1.2219905358411847,2.194764606812407,1.0097343373041006,0.2466938880159729,0.448572610297693,0.5405545575439269,2.213876047742008,0.8388889558775761,0.060491384151118766,0.20561735319972008,バンダムソレール,メイショウセンドウ,サクセスブルー,1,0,0,0,0,34.0,4.702136242600063,0.029411764705882353,0.18325753035627995,7.2307560321135185,TWO_HORSE_UNORDERED
2026-0809-01-01-06-05,2026-08-09,札幌,5,ガザニア,アブリコース,アスコットペスカ,0.0769230769230769,0.0769230769230769,0.0769230769230769,0.0769230769230769,0.0,0.0,0.0,1.0,1.0,1.0,0.0769230769230769,0.1538461538461538,0.2307692307692307,2.5649493574615363,0.9999999999999998,0.0,0.0,ウィエダンド,フォルトゥナロッサ,アヴレディール,0,0,0,0,0,195.0,13.715669600339327,0.005128205128205128,0.06778110437975064,14.217315354051374,CHAOTIC_SKIP
2026-0809-01-01-06-06,2026-08-09,札幌,6,ドンテスタマスター,シャンドラファール,ヘイジュード,0.1642489266176055,0.13853963850354148,0.12819434604159446,0.11041163464677244,0.025709288114064033,0.010345292461947014,0.01778271139482203,1.1855735181047613,1.0807000681495762,1.1610583110349944,0.1642489266176055,0.302788565121147,0.43098291116274146,2.394332084411458,0.9072679314475225,0.09295594503968241,0.2987925797428549,ドンテスタマスター,シャンドラファール,タビニュ,1,1,1,0,1,44.0,3.1740942462959136,0.022727272727272728,0.29232323378083563,13.862222286356767,UNSET
2026-0809-01-01-06-07,2026-08-09,札幌,7,トリニタリオ,メイショウローゼ,デルマフジ,0.23854130575712928,0.13483565730437633,0.12003263035863163,0.07188955268700441,0.10370564845275296,0.014803026945744702,0.04814307767162722,1.7691262869631668,1.123325023383362,1.6696811410308041,0.23854130575712928,0.3733769630615056,0.49340959342013724,2.4408916568637244,0.8803655721761352,0.0702217372278221,0.28140333582064286,トリニタリオ,デルマフジ,メイショウローゼ,1,0,0,1,0,18.0,3.397222586915915,0.05555555555555555,0.23880254857674546,5.298445874381418,UNSET
2026-0809-01-01-06-08,2026-08-09,札幌,8,サンデーパーティー,ローズマイスター,テイクオンミー,0.1612325940684773,0.15119157536649072,0.14197909518081303,0.13809206341797517,0.010041018701986565,0.00921248018567769,0.0038870317628378614,1.0664125542554006,1.0648861733760553,1.0281481184843524,0.1612325940684773,0.312424169434968,0.454403264615781,2.3673622723901784,0.8970484444668393,0.059541367678048476,0.1670083089689146,ローズマイスター,メイショウコシュウ,テイクオンミー,0,0,0,0,0,86.0,5.537944950662788,0.011627906976744186,0.16894449107143772,15.529226232143643,UNSET
2026-0809-01-01-06-09,2026-08-09,札幌,9,ニシノサリーナ,ウィングブルー,ハーモニーソング,0.1997979915067799,0.15905480318496265,0.14546973654179396,0.1176872993558621,0.04074318832181725,0.013585066643168692,0.02778243718593186,1.2561581763389915,1.0933875798920256,1.2360699696398292,0.1997979915067799,0.3588527946917426,0.5043225312335365,2.415981758409934,0.8713812254340524,0.08520565895452765,0.27902174690955944,ルージュベルベット,ウィングブルー,コスモファーブロス,0,0,0,0,0,34.0,3.3551959732678203,0.029411764705882353,0.2686334189338804,10.133536243751934,UNSET
2026-0809-01-01-06-10,2026-08-09,札幌,10,ベラジオワールド,タガノエルー,プライベートアイズ,0.20420630351143146,0.189348359438103,0.14339531581082723,0.09118831918211838,0.014857944073328466,0.04595304362727576,0.052206996628708854,1.0784688291856337,1.3204640498013116,1.5725184661474318,0.20420630351143146,0.39355466294953445,0.5369499787603617,2.3115457306053218,0.8758982628627914,0.07096413137017518,0.230139295130129,プライベートアイズ,タガノエルー,ベラジオワールド,0,0,0,1,0,37.0,4.214906287297222,0.02702702702702703,0.21022617193822038,8.778368361714154,UNSET
2026-0809-01-01-06-11,2026-08-09,札幌,11,ブラックチャリス,マーブルパレス,ナムラクララ,0.22041774758019483,0.169988341207791,0.08676410631191638,0.0727778445038419,0.05042940637240384,0.08322423489587462,0.013986261808074482,1.296663912443029,1.95920120005252,1.1921774669671092,0.22041774758019483,0.3904060887879858,0.4771701950999022,2.4767564539755997,0.893301063410083,0.06146837349935303,0.22889029780257208,ナムラクララ,ルシード,アスティスプマンテ,0,0,0,0,0,45.0,4.027296757359824,0.022222222222222223,0.22608329392145776,11.1737482264656,UNSET
2026-0809-01-01-06-12,2026-08-09,札幌,12,グレーヌドジョワ,ロングミックス,グランセゾン,0.18316577955854046,0.17037197983042163,0.1677342973978684,0.16225296901976938,0.012793799728118838,0.0026376824325532178,0.005481328378099032,1.0750933324884353,1.0157253613212842,1.0337826075615983,0.18316577955854046,0.3535377593889621,0.5212720567868305,1.9562037787155213,0.9407351635070447,0.06999484490655608,0.1940209047387589,グレーヌドジョワ,グランセゾン,マイネルシンベリン,1,0,0,0,0,78.0,4.372230035430361,0.01282051282051282,0.21589572395031148,17.839866468124296,CHAOTIC_SKIP
2026-0809-04-02-06-01,2026-08-09,新潟,1,アオイノリプー,スーパーユタカ,エクスマキナ,0.20116212257758523,0.14241773271391267,0.14163135752378614,0.061982529716873305,0.05874438986367256,0.0007863751901265315,0.07964882780691283,1.412479462664089,1.0055522675477742,2.28502060452738,0.20116212257758523,0.3435798552914979,0.48521121281528407,2.5027619308968374,0.9026805565576385,0.045954826797284146,0.1713570975738481,ラガリーガ,シアルナーレ,マハロハ,0,0,0,0,0,57.0,5.499417616750742,0.017543859649122806,0.16429357654668236,10.364733863160895,THREE_HORSE
2026-0809-04-02-06-02,2026-08-09,新潟,2,クリガーレ,アーバンアート,ルブラッシュノモー,0.09090909090909091,0.09090909090909091,0.09090909090909091,0.09090909090909091,0.0,0.0,0.0,1.0,1.0,1.0,0.09090909090909091,0.18181818181818182,0.2727272727272727,2.3978952727983707,1.0,0.0,0.0,イスクメル,メジェグレイス,エスシークザン,0,0,0,0,0,190.0,11.414879304260053,0.005263157894736842,0.08234179817578405,16.64494165339897,CHAOTIC_SKIP
2026-0809-04-02-06-03,2026-08-09,新潟,3,ハングローズ,エコロセレナ,ローズオブジャパン,0.2622324015103298,0.1453700956676842,0.13459783962599106,0.07301183307009386,0.11686230584264559,0.010772256041693129,0.0615860065558972,1.8038950879539395,1.0800329044777104,1.8435071955633895,0.2622324015103298,0.407602497178014,0.542200336804005,2.33362196507298,0.861735120022209,0.062123703193835256,0.2410154537015064,ヨルヴィック,ローズオブジャパン,ロジザボード,0,0,0,0,0,21.0,3.9901663168266293,0.047619047619047616,0.20299707226121289,5.262938517485471,UNSET
2026-0809-04-02-06-04,2026-08-09,新潟,4,クリムゾンリーフ,モンスターラッシュ,カシマライフウ,0.26632641618856756,0.2383615901846199,0.1733241584756836,0.0990565963726046,0.027964826003947674,0.06503743170893628,0.07426756210307901,1.1173210246763663,1.3752358141006678,1.7497487782006882,0.26632641618856756,0.5046880063731874,0.6780121648488711,2.065686117522737,0.7627946175746583,0.08022455963052037,0.24470718406074587,モンスターラッシュ,クリムゾンリーフ,カシマライフウ,0,1,0,1,0,20.0,3.949855252379565,0.05,0.20317383450888649,5.06347669017773,THREE_HORSE
2026-0809-04-02-06-05,2026-08-09,新潟,5,シュヴァルツシルト,ベルゼビュート,ゼファーテソーロ,0.18614055023431014,0.1807836764991083,0.14068957097842263,0.13856705429201802,0.005356873735201856,0.04009410552068565,0.0021225166864046185,1.0296314016781725,1.2849827833140157,1.0153176142572216,0.18614055023431014,0.3669242267334184,0.507613797711841,2.337856095447734,0.8632986546911862,0.09201823193590877,0.2765856364809465,ゼファーテソーロ,サトノエスケープ,スリーコーズ,0,0,0,0,0,34.0,3.496547514897333,0.029411764705882353,0.2565846348109028,9.723877583570696,UNSET
2026-0809-04-02-06-06,2026-08-09,新潟,6,ライヒスアドラー,カニキュル,テンミラクルスター,0.22337581318413782,0.1572997154957188,0.13553096413898028,0.10980869929993674,0.06607609768841902,0.02176875135673853,0.025722264839043538,1.4200649535835772,1.160618287452126,1.234246148101477,0.22337581318413782,0.38067552867985666,0.5162064928188369,2.267804339364377,0.8841517017742462,0.0819891573273979,0.27712058444052706,ライヒスアドラー,カニキュル,サトノヴィレ,1,1,1,0,1,12.0,3.3499486315463773,0.08333333333333333,0.21517870669707984,3.582144480364958,UNSET
2026-0809-04-02-06-07,2026-08-09,新潟,7,メルカントゥール,マクリール,ドンエレクトス,0.19946417523767201,0.16036974870129458,0.10762952500081063,0.0899889109017701,0.03909442653637743,0.05274022370048395,0.01764061409904054,1.2437768148480104,1.4900163194075857,1.1960309767310846,0.19946417523767201,0.3598339239389666,0.46746344893977726,2.336469158362759,0.9402643590503067,0.06270522059543779,0.20681514278785953,チェリヴェント,パイロマンサー,メルカントゥール,0,0,0,0,0,27.0,3.874682410211811,0.037037037037037035,0.22104863144626313,6.9683130490491045,CHAOTIC_SKIP
2026-0809-04-02-06-08,2026-08-09,新潟,8,ハニーローリエ,カレンデュラ,ロードトレゾール,0.2829920080709971,0.1733247722492097,0.10331328298993062,0.053143078694219484,0.10966723582178742,0.07001148925927908,0.05017020429571113,1.6327268422087164,1.6776620317650996,1.944059048298387,0.2829920080709971,0.45631678032020684,0.5596300633101374,2.3827047423637047,0.8409902301788775,0.06363668162181807,0.2546562301936263,クールベイビー,ハニーローリエ,カレンデュラ,0,0,0,0,0,25.0,3.7630309682453533,0.04,0.2257432289126989,6.643580722817473,FLAT_VALUE
2026-0809-04-02-06-09,2026-08-09,新潟,9,ピコテンダー,キョウエイカンフ,フィーチャリング,0.2902927831855753,0.10706386224757454,0.08893245535247228,0.08068391909686866,0.18322892093800075,0.01813140689510226,0.008248536255603622,2.7113983849592693,1.2038784021338529,1.1022327168527903,0.2902927831855753,0.3973566454331498,0.4862891007856221,2.3638918288078354,0.8729128536264587,0.05394398876234893,0.23268185471260458,マーゴットゲイン,アスタールフナ,ダノンモンテローザ,0,0,0,0,0,24.0,4.178531373390556,0.041666666666666664,0.19765186672239274,5.7436448013374255,ONE_HORSE
2026-0809-04-02-06-10,2026-08-09,新潟,10,ウップヘリーア,モートンアイランド,ミッドセンチュリー,0.3690875960024407,0.25642934155481767,0.14790460482435996,0.08621025818412188,0.11265825444762301,0.1085247367304577,0.06169434664023808,1.4393344917728135,1.73374819438065,1.7156265152167343,0.3690875960024407,0.6255169375572583,0.7734215423816183,1.6249656409592634,0.835067149296765,0.14860591869893394,0.44428407727472013,モートンアイランド,ウップヘリーア,オプレントジュエル,0,1,0,0,0,17.0,2.1382078352910074,0.058823529411764705,0.4088578547338982,7.950583530476269,TWO_HORSE_ORDERED
2026-0809-04-02-06-11,2026-08-09,新潟,11,バンオンタイム,ベルランコントル,ワイズファミリア,0.1974768753373727,0.1645542581739527,0.1138187540708345,0.0766939400765556,0.032922617163420015,0.050735504103118195,0.0371248139942789,1.200071499387254,1.4457569801857366,1.484064503104431,0.1974768753373727,0.36203113351132543,0.47584988758215996,2.5355457554476324,0.8772386280487318,0.06465423667492771,0.23163326724190986,ガミーヌ,セルリア,バンオンタイム,0,0,0,0,0,23.0,4.042112232529613,0.043478260869565216,0.20391714590620988,5.690094355842827,UNSET
2026-0809-04-02-06-12,2026-08-09,新潟,12,オンナキュヌヴィ,ラルルジェンヌ,ルージュフィーリア,0.14037175654894243,0.11899503750842685,0.10636513205238238,0.10490585766105798,0.02137671904051558,0.012629905456044477,0.0014592743913244,1.179643785893187,1.11874103112874,1.0139103232542,0.14037175654894243,0.2593667940573693,0.3657319261097517,2.625779036989686,0.9084572009868137,0.06923065266887528,0.23277245560567775,ジェムシリカ,セリエンクーニゲン,ルージュフィーリア,0,0,0,0,0,54.0,4.115099405249797,0.018518518518518517,0.2244889769320798,13.12240475433231,UNSET
2026-0809-07-02-06-01,2026-08-09,中京,1,ティタノマキア,クロスボーダー,フィンガーレイクス,0.17885450021068605,0.1648679766367996,0.1622372592840084,0.07854535534743115,0.013986523573886439,0.0026307173527912175,0.08369190393657724,1.0848346893023284,1.0162152477451925,2.0655232708080735,0.17885450021068605,0.3437224768474857,0.505959736131494,2.4317938337278497,0.8770842260958823,0.043091646772415046,0.1294745304196115,フィンガーレイクス,ティタノマキア,マイコンプリート,0,0,0,0,0,34.0,7.14094478558778,0.029411764705882353,0.11062572753439531,4.761274736169441,THREE_HORSE
2026-0809-07-02-06-02,2026-08-09,中京,2,ガリアルダ,レニュアージュ,リアンフィニ,0.1111111111111111,0.1111111111111111,0.1111111111111111,0.1111111111111111,0.0,0.0,0.0,1.0,1.0,1.0,0.1111111111111111,0.2222222222222222,0.3333333333333333,2.1972245773362196,1.0,0.0,0.0,レニュアージュ,リアンフィニ,ガリアルダ,0,0,0,1,0,30.0,9.11486171743197,0.03333333333333333,0.07637760151140735,3.2913280453422207,CHAOTIC_SKIP
2026-0809-07-02-06-03,2026-08-09,中京,3,コパノマハロ,ショウナンバトレニ,ドリームオブコージ,0.12499999999999999,0.12499999999999999,0.12499999999999999,0.12499999999999999,0.0,0.0,0.0,1.0,1.0,1.0,0.12499999999999999,0.24999999999999997,0.37499999999999994,2.0794415416798357,1.0,0.0,0.0,ドラゴンバルド,ショウナンバトレニ,ソウカイファンキー,0,0,0,0,0,584.0,8.443455625703532,0.0017123287671232876,0.11672259223320794,69.16599386419344,CHAOTIC_SKIP
2026-0809-07-02-06-04,2026-08-09,中京,4,エイシンリブウェル,アラムシャピラス,スパルタンエックス,0.22149528607074512,0.18993172561468435,0.18363660563467554,0.08879562597133628,0.03156356045606076,0.006295119980008812,0.09484097966333926,1.1661837186700128,1.0342803111517551,2.06808166084616,0.22149528607074512,0.4114270116854295,0.595063617320105,2.2733114818497606,0.8199238003151477,0.09632433261918104,0.3027142142959549,エイシンリブウェル,アラムシャピラス,レッドフレーザー,1,1,1,0,1,21.0,3.2134465446368816,0.047619047619047616,0.2635733080368949,6.535039468774793,THREE_HORSE
2026-0809-07-02-06-05,2026-08-09,中京,5,バトルアックス,ペプチドレオン,カレンパンピナップ,0.1593137469969816,0.1521893678583686,0.10331824731384923,0.09194682187707698,0.007124379138612996,0.048871120544519364,0.011371425436772248,1.0468125943281605,1.4730153851338945,1.1236739367889694,0.1593137469969816,0.3115031148553502,0.4148213621691994,2.556295958857179,0.9219888757219374,0.03926034019846601,0.13416522258875976,ジャスティンルマン,リアライズブライト,ペプチドレオン,0,0,0,0,0,28.0,6.856243550755082,0.03571428571428571,0.11013817600141128,4.083868928039516,UNSET
2026-0809-07-02-06-06,2026-08-09,中京,6,マイバレンタイン,カリーニョ,カレントゥルーシー,0.25503567133600274,0.230043104615735,0.18444333005914093,0.1767349461940242,0.024992566720267756,0.04559977455659406,0.007708383865116741,1.1086429726377387,1.2472291871003016,1.043615504636272,0.25503567133600274,0.48507877595173776,0.6695221060108787,1.7322900051922845,0.8902209621720019,0.08240748560299926,0.23463523523092056,カリーニョ,サトノアイボリー,マイバレンタイン,0,0,0,0,0,24.0,4.050022628129417,0.041666666666666664,0.20524553403426368,5.925892816822328,UNSET
2026-0809-07-02-06-07,2026-08-09,中京,7,タマモイカロス,サンアントワーヌ,レイピア,0.1398096758304789,0.13666329963704707,0.12393791268505037,0.09271448623739721,0.0031463761934318324,0.012725386951996695,0.031223426447653163,1.0230228320389456,1.1026754983709812,1.336769664750177,0.1398096758304789,0.27647297546752597,0.40041088815257636,2.6524837124249525,0.9176963846185775,0.05122538386058872,0.16686117718827595,フロムダスク,レイピア,レッドエヴァンス,0,0,0,0,0,142.0,5.579082170903055,0.007042253521126761,0.17219869855076855,25.452215194209135,UNSET
2026-0809-07-02-06-08,2026-08-09,中京,8,リベッチオ,クロノスバレット,ブルックリンダンス,0.20972014343988546,0.16430549395051194,0.11462611225988104,0.1096786152590796,0.045414649489373515,0.04967938169063091,0.004947497000801437,1.2764037184481014,1.4334037045415753,1.0451090396164704,0.20972014343988546,0.3740256373903974,0.48865174965027847,2.2216346461146226,0.9264936093401402,0.03436254328595095,0.1244769359315107,リベッチオ,ケイツーリーブル,ブルックリンダンス,1,0,0,0,0,16.0,7.529362610997695,0.0625,0.07031336703579119,2.125013872572659,UNSET
2026-0809-07-02-06-09,2026-08-09,中京,9,メイショウソウセキ,アレナリア,アップストローク,0.3016360347013432,0.13552738563460434,0.13183619058615093,0.1139208333949286,0.16610864906673886,0.003691195048453416,0.017915357191222323,2.225646376110174,1.0279983442485874,1.157261465329307,0.3016360347013432,0.4371634203359476,0.5689996109220985,2.172328895419902,0.846928571552695,0.05577806873314352,0.21229212377020856,メイショウソウセキ,アップストローク,ナヴァラトゥナ,1,0,0,0,0,23.0,4.556923146243529,0.043478260869565216,0.17596805584620906,5.047265284462808,ONE_HORSE
2026-0809-07-02-06-10,2026-08-09,中京,10,ラヴネヴァーダイズ,ヴォンドゥ,グランデスフィーダ,0.1838541771648538,0.14522077849076662,0.09080065034720636,0.08836882386306492,0.03863339867408719,0.05442012814356026,0.0024318264841414333,1.2660321689195708,1.5993363256261588,1.0275190545469945,0.1838541771648538,0.3290749556556204,0.41987560600282675,2.5453047596393388,0.9180246385706873,0.03761628983661506,0.1372519953378831,リードプリンシパル,アメリカンビヨンド,ラヴネヴァーダイズ,0,0,0,0,0,25.0,6.544696884362567,0.04,0.11279546443003782,3.8198866107509457,UNSET
2026-0809-07-02-06-11,2026-08-09,中京,11,フロムレイブン,ウェルカムソング,マーゴットミスト,0.1578279019264099,0.11937146287708353,0.10412868599484787,0.08103658874949854,0.038456439049326385,0.015242776882235659,0.02309209724534933,1.3221577261637891,1.146384031802628,1.2849589006853677,0.1578279019264099,0.27719936480349344,0.3813280507983413,2.6160054459192805,0.9233351422007753,0.04703393992086967,0.17658611568971463,パリコレジェンヌ,フロムレイブン,モルティフレーバー,0,0,0,0,0,32.0,5.309160842975095,0.03125,0.1571036832987772,6.02731786556087,UNSET
2026-0809-07-02-06-12,2026-08-09,中京,12,ビッグヒーロー,ブランチアウト,レインボーステート,0.2464850921782363,0.1686961999651571,0.10680008388336701,0.09088531176589643,0.07778889221307919,0.061896116081790103,0.015914772117470583,1.461118224531115,1.5795511935120286,1.1751082964699957,0.2464850921782363,0.4151812921433934,0.5219813760267604,2.3357539594202463,0.8625224002382103,0.08246226032040795,0.3070839612547214,レインボーステート,ビッグヒーロー,ローズラフィネ,0,0,0,0,0,24.0,3.1266057767577906,0.041666666666666664,0.27816898624285175,7.676055669828442,UNSET
